t,x,y,theta0,phi1,theta1,phi2,theta2,phi3,theta3,phi4,theta4,phi5,theta5,phi6,theta6,phi7,theta7,phi8,theta8,phi9,theta9,phi10,theta10,x1,Y1,x2,y2,x3,y3,Trix[1],Triy[1],Trix[2],Triy[2],Trix[3],Triy[3],varphi1,varphi2,varphi3,z21,z22,z31,z32,z41,z42,z51,z52,z61,z62,z71,z72,z81,z82,z91,z92,z101,z102,z111,z112,z121,z122,al21,al22,al31,al32,al33,al41,al42,al43,al44,al51,al52,al53,al54,al55,al61,al62,al63,al66,al71,al72,al73,al76,al77,al81,al82,al83,al88,al91,al92,al93,al99,al101,al102,al103,al1010,al111,al112,aL113,al1110,al1111,al121,al122,al123,al1210,,al1211,al1212u1,u2,u3,u4,u5,u6,u7,u8,u9,u10,u11,u12,v1,v2,v3,PSx,PSy,d,d0d,Q,nh1,nh2,nh3,nh4,nh5,nh6,nh7,nh8,nh9,nh10,thetap1d,thetap2d,dthetap2d,thetap3d,dthetap3d,thetap4d,thetap5d,dthetap5d,thetap6d,dthetap6d,thetap7d,thetap8d,dthetap8d,thetap9d,dthetap9d,thetap10d,deltap1d,delta2d,delta3d,thetap0,thetap1,thetap2,thetap3,thetap4,thetap5,thetap6,thetap7,thetap8,thetap9,thetap10,thetaT,K81,K82,K83,K84,K91,K92,K93,K94,sr.Cs, sr.Cs1, 1 - sr.d*sr.Cs,b4,b5,b6,b7,b8,b9,b10,b11,b12
0,-6.50006,-2.00127,0,0,-2.1207e-05,0.523599,-0.523603,-0.523598,0.523595,-3.93463e-05,3.14159,-2.61799,2.22592,-3.27311,3.27311,0.392545,-0.392078,-3.66519,4.18969,-3.14249,3.14249,-0.523685,0.524501,0,0,0,0,0,0,0,0,0,0,0,0,0,0,0,0,0,0,0,0,0,0,0,0,0,0,0,0,0,0,0,0,0,0,0,0,0,0,0,0,0,0,0,0,0,0,0,0,0,0,0,0,0,0,0,0,0,0,0,0,0,0,0,0,0,0,0,0,0,0,0,0,0,0,0,0,0,0,0,0,0,0,0,0,0,0,0,0,0,0,0,0,0,0,0,0,0,0,0,0,0,0,0,0,0,0,0,0,0,0,0,0,0,0,0,0,0,0,3.14159,0,0,0,0,-0.392699,0,0,0,0,0.523599,0,0,0,0,0,0,0,0,0,0,0,0,0,0,0,0,0,0,0,0,0,0,0,0,0,1,0,0,0,0,0,0,0,0,0
0.02,-6.50006,-2.00127,0.0129025,0.0282879,-2.1207e-05,0.568525,-0.523603,-0.473955,0.523594,0.0358969,3.14161,-2.17188,2.22592,-3.19133,3.28143,0.440518,-0.392065,-4.39849,4.18969,1.92451,3.15004,9.81779,0.524571,-5.45006,-2.0013,-7.8083,-0.405453,-7.77616,-3.66233,-4.90006,-2.00131,-7.30003,-0.615614,-7.30009,-3.3869,0.0496177,0.482172,4.54998,0,-0.00127136,-0.0474339,-2.1207e-05,-0.0470645,-0.523603,-0.0475755,0.523595,-0.0473625,3.14159,-3.44443,2.22592,2.04019,3.27311,-0.0475362,-0.392078,4.40388,4.18969,-2.26968,3.14249,-0.0474058,0.524501,-0.0474103,1.00006,-0.0118323,-1.25008,1.25008,-0.00827971,8.88942,-17.7788,8.88962,-0.0158301,-4.44471,8.88941,-8.88961,4.44501,-0.0120359,2.59517e-05,-5.19054e-05,-1.1112,-27.9191,-22.3128,14.0979,0,6.25383,10.3419,5.94723,-4.78144,0.889528,0.568509,0.00172463,-0.000750723,-0.275577,34.2374,-23.0996,15.4051,5.12434,0.0758163,3.83323,-3.8412,-2.55819,-0.0058385,0.00464013,-0.00363231,0.0018176,0.00120793,-0.00194626,0.00194534,0.200012,0.645123,1.4144,2.2463,2.48214,1.79681,22.3055,4.08941,2.39866,-36.6649,253.35,517.074,0,0,-0,-6.5,-2,-0.00127136,0,0,-0,-0,-0,0,-0,0,0,0,0,0,0,-0.523603,-0.00950669,0.523595,-0.00947249,3.14159,2.22592,0.40804,3.27311,-0.00950725,-0.392699,4.18969,-0.453927,3.1425,-0.00948116,0.523599,0,0,0,0,-2.1207e-05,-0.523603,0.523595,3.14159,2.22592,3.27311,-0.392078,4.18969,3.14249,0.524501,0,-0.511628,-0.00116768,7.57661e-09,0.0953056,0.000241586,-0.000389252,0.000389069,0.000231108,0.0474074,0.0117992,1.00006,26.6709,-9.69729,0.761604,221.586,-82.5386,0.447982,-280.198,91.8481,0.468511
0.04,-6.50008,-2.00152,0.0231117,0.0476912,-2.79279e-05,0.596243,-0.523603,-0.457144,0.522783,0.0515284,3.14161,-2.21402,2.22607,-3.26803,3.27146,0.388396,-0.391907,-4.27892,4.1899,-3.15803,3.1532,-0.531275,0.524718,-5.45008,-2.00156,-7.80834,-0.405775,-7.77612,-3.66267,-4.90008,-2.00156,-7.30004,-0.615855,-7.30012,-3.38714,0.0656168,0.395341,-0.529554,0.0129041,-0.00151836,-0.0282006,-2.79279e-05,-0.0353593,-0.523603,-0.253409,0.523594,-0.0473634,3.14159,0.703736,2.22607,-0.499583,3.27327,-0.0482183,-0.39192,-5.28801,4.1899,2.57735,3.1427,-0.0502563,0.52471,-0.0474264,1.00024,0.0121967,-1.2503,1.25109,-0.252591,9.12792,-18.2674,9.15202,-0.858721,-4.68241,9.37077,-9.15202,4.57066,-0.234994,2.60378e-05,-5.21111e-05,-1.0832,10.1681,-25.9121,12.3249,0,14.3246,-8.62478,8.16132,-3.69031,4.44022,-0.634117,0.00275372,-0.000660242,-1.37561,-131.023,-39.8501,15.4633,41.1976,111.532,12.1869,-3.86427,-20.5594,8.4902,7.39376,-0.00934555,0.00225605,0.0119718,2.83024,-2.82859,0.200031,0.510461,0.970165,1.38589,3.32275,2.57844,-2.10681,0.262109,-0.205696,5.97844,-0.766781,-0.378564,0.20566,0.228701,0.441122,-6.5,-2,-0.00151836,0,0,-2.60209e-18,1.73472e-18,3.004e-18,-2.58379e-17,-1.73472e-17,-2.08167e-17,-2.24701e-17,0,-5.55112e-17,-5.09575e-17,0,-0.523603,-0.0403817,0.523594,-0.00947245,3.14159,2.22607,-0.0999167,3.27327,-0.00964366,-0.392699,4.1899,0.51546,3.1427,-0.0100513,0.523599,0,0,0,0.0129025,-2.79279e-05,-0.523603,0.523594,3.14159,2.22607,3.27327,-0.39192,4.1899,3.1427,0.52471,0,-4.11179,1.69802,-1.10161e-05,5.91224,0.00239435,0.566048,-0.565718,0.295234,0.0474074,0.0117992,1.00007,11.3988,1.67506,0.806337,-49.8944,19.0668,0.648311,375.718,-128.395,-1.0278
0.06,-6.50008,-2.00159,0.0299165,0.0599629,-2.99628e-05,0.612991,-0.523603,-0.447666,0.522314,0.0602838,3.14162,-2.22327,2.22612,-3.26886,3.27293,0.388074,-0.391864,-4.21186,4.18995,-3.14504,3.14611,-0.526998,0.524773,-5.45008,-2.00163,-7.80835,-0.405864,-7.77611,-3.66276,-4.90008,-2.00163,-7.30004,-0.615922,-7.30012,-3.3872,0.0746242,0.395928,-0.523701,0.0231175,-0.00158661,-0.0166781,-2.99628e-05,-0.0428749,-0.523603,-0.373226,0.523594,-0.0473641,3.14159,0.120056,2.22612,-0.144667,3.27332,-0.0481509,-0.391877,-1.7185,4.18995,0.792103,3.14276,-0.0493332,0.524768,-0.0474612,1.00061,0.026591,-1.25076,1.25294,-0.54148,9.28438,-18.6011,9.33133,-1.20395,-4.83722,9.6913,-9.33133,4.63551,-0.358795,2.61293e-05,-5.23523e-05,-1.06482,2.4491,-25.4135,12.5938,0,12.5115,-1.79712,7.85289,-3.85032,3.86442,-0.127699,0.00281613,-0.000739125,-1.19722,-31.3698,-33.7115,15.472,22.6469,22.7539,9.11886,-3.86216,-11.3006,5.46039,1.51091,-0.00794721,0.00237056,0.00691718,1.82025,-1.81913,0.200068,0.340242,0.613585,0.83743,3.79664,3.01623,-0.46244,0.222627,-0.221223,3.35296,-0.114299,-0.164392,0.208559,0.199025,0.283677,-6.5,-2,-0.00158661,0,0,1.73472e-18,8.67362e-18,8.83646e-18,1.43149e-17,-1.73472e-18,-3.46945e-18,-2.60209e-18,-8.32667e-17,-8.32667e-17,-7.68157e-17,0,-0.523603,-0.0583543,0.523594,-0.00947243,3.14159,2.22612,-0.0289334,3.27331,-0.00963019,-0.392699,4.18995,0.158417,3.14276,-0.00986664,0.523599,0,0,0,0.0231117,-2.99628e-05,-0.523603,0.523594,3.14159,2.22612,3.27332,-0.391877,4.18995,3.14276,0.524768,0,-2.26008,1.09206,-7.08456e-06,1.15481,0.00138344,0.364049,-0.363826,0.0601867,0.0474074,0.0117992,1.00008,1.54685,8.91728,0.831126,-10.2029,3.88477,0.532323,114.448,-38.6289,0.114192
0.08,-6.49985,-2.00167,0.0347901,0.0682967,-4.60512e-05,0.624448,-0.523828,-0.439543,0.521853,0.0655441,3.1414,-2.22381,2.22622,-3.2682,3.27333,0.389035,-0.391764,-4.19212,4.19011,-3.14023,3.14364,-0.52736,0.524916,-5.44985,-2.00161,-7.80811,-0.40598,-7.77587,-3.66288,-4.89985,-2.00174,-7.29978,-0.615988,-7.29991,-3.38727,0.082503,0.396891,-0.521504,0.0299171,-0.00166551,-0.00982798,-5.6718e-05,-0.0535153,-0.523838,-0.433693,0.523359,-0.0455899,3.14135,-0.0102267,2.22621,-0.0697455,3.27341,-0.0478864,-0.391787,-0.412255,4.1901,0.135135,3.1429,-0.045257,0.524888,-0.0474981,1.00097,0.0351598,-1.25122,1.2546,-0.777296,9.38328,-18.8173,9.44611,-1.2952,-4.91873,9.86411,-9.42534,4.6591,-0.421798,0.00112017,-0.00224661,-1.05491,0.93479,-25.3165,12.6594,0,12.0682,-0.523994,7.79266,-3.88671,3.7135,-0.0370106,0.00186614,-0.000498931,-1.15021,-5.61776,-31.5026,15.4913,17.5409,3.83452,8.00946,-3.86444,-8.7504,4.3657,0.253599,0.0101688,-0.00331901,-0.00749174,1.45757,-1.45883,0.200105,0.243677,0.416687,0.572866,4.10746,3.26808,-0.0272115,0.260809,-0.157787,0.987278,0.134082,-0.0492201,0.209851,0.19125,0.226807,-6.49978,-2,-0.00166551,0,1,-3.46945e-18,-1.04083e-17,-8.18573e-18,8.29753e-18,1.09504e-17,1.10589e-17,2.45301e-18,2.08167e-17,2.08167e-17,2.11419e-17,0,-0.523838,-0.0675522,0.523358,-0.00909881,3.14159,2.22621,-0.0139491,3.2734,-0.00957728,-0.392699,4.1901,0.0270296,3.14288,-0.0090514,0.523599,0,0,0,0.0299059,-5.6718e-05,-0.523838,0.523359,3.14135,2.22621,3.27341,-0.391787,4.1901,3.1429,0.524888,1.06668e-05,-1.75021,0.873183,2.08905e-05,0.226197,-0.00149835,0.291514,-0.291765,0.010363,0.0474101,0.0118001,1.00008,-3.54349,12.8034,0.891604,-1.49882,0.688945,0.481474,25.3721,-8.31356,0.259841
0.1,-6.49911,-2.00176,0.0386765,0.0745798,-5.67886e-05,0.63312,-0.524097,-0.432652,0.521434,0.0691382,3.14114,-2.22265,2.22631,-3.26701,3.27345,0.390029,-0.39167,-4.1877,4.19017,-3.13806,3.14305,-0.526695,0.52498,-5.44911,-2.00158,-7.80737,-0.406114,-7.77513,-3.663,-4.89911,-2.00185,-7.29903,-0.616075,-7.29918,-3.38736,0.0892316,0.398117,-0.51999,0.0347643,-0.00176069,-0.00548706,-9.94579e-05,-0.0587259,-0.524139,-0.472455,0.523058,-0.0435226,3.14105,-0.0336424,2.22627,-0.0608023,3.27347,-0.0471165,-0.391727,-0.0988273,4.19013,-0.0266202,3.14293,-0.0438562,0.524916,-0.0475359,1.00129,0.0406028,-1.25162,1.25595,-0.915982,9.45309,-18.9716,9.53043,-1.36601,-4.96951,9.9735,-9.4865,4.67275,-0.463164,0.00244153,-0.00490074,-1.04902,0.713682,-25.3163,12.6738,0,11.9527,-0.334494,7.79208,-3.89239,3.67025,-0.0273257,-0.00119501,0.000319939,-1.13611,-0.243023,-30.9599,15.508,16.4759,0.343902,7.73462,-3.86779,-8.21829,4.11747,0.0123146,0.0174286,-0.00582831,-0.0123431,1.37563,-1.37771,0.200138,0.194323,0.314156,0.433558,4.34725,3.44244,0.0583571,0.325038,-0.0694907,0.220631,0.245349,0.0426503,0.210724,0.189024,0.213916,-6.4991,-2,-0.00176069,0,4,-3.46945e-18,-3.46945e-18,-1.51788e-18,2.46995e-17,1.89735e-18,1.84314e-18,-3.40168e-18,-8.85793e-17,-8.84709e-17,-9.34582e-17,0,-0.524139,-0.0735334,0.523057,-0.00865927,3.14159,2.22627,-0.0121605,3.27346,-0.0094233,-0.392699,4.19013,-0.00532383,3.14291,-0.00877124,0.523599,0,0,0,0.0347474,-9.94579e-05,-0.524139,0.523058,3.14105,2.22627,3.27347,-0.391727,4.19013,3.14293,0.524916,4.26693e-05,-1.64376,0.82353,1.76068e-05,0.0713876,-0.00246862,0.275126,-0.275542,0.000803742,0.047418,0.0118027,1.00008,-6.48181,15.1924,0.963464,-0.0665283,0.315746,0.448308,4.43817,-1.07902,0.276026
0.12,-6.49802,-2.00186,0.0420058,0.0800098,-8.71759e-05,0.640721,-0.524369,-0.426143,0.521054,0.0724316,3.14088,-2.2214,2.22634,-3.26591,3.27347,0.390883,-0.391637,-4.18601,4.19008,-3.13658,3.14285,-0.52606,0.524899,-5.44802,-2.00157,-7.80626,-0.406204,-7.77411,-3.66303,-4.89802,-2.002,-7.2979,-0.616148,-7.29815,-3.38743,0.0956228,0.399199,-0.518629,0.0386031,-0.00185853,-0.00250863,-0.000183189,-0.0605726,-0.524465,-0.500254,0.522732,-0.0417448,3.14072,-0.0385482,2.22625,-0.063635,3.27344,-0.0470319,-0.391748,-0.0509091,4.18999,-0.0563023,3.14279,-0.0437342,0.524781,-0.047576,1.00158,0.04435,-1.25199,1.25708,-0.996735,9.50722,-19.0919,9.59808,-1.43477,-5.00408,10.0491,-9.53013,4.68186,-0.493275,0.00362308,-0.00727777,-1.04526,0.697414,-25.3352,12.6774,0,11.9121,-0.321302,7.80232,-3.89163,3.65063,-0.0305379,-0.00159292,0.000425664,-1.12994,0.583866,-30.8486,15.5202,16.331,-0.18254,7.67894,-3.87129,-8.14717,4.09193,-0.0291921,0.0181138,-0.00609124,-0.0127783,1.36712,-1.36928,0.200167,0.166462,0.271501,0.380046,4.56514,3.58585,0.0625161,0.381312,-0.0207537,0.0845594,0.3153,0.0760803,0.211398,0.188016,0.212592,-6.49798,-2,-0.00185853,0,9,-1.73472e-18,-1.38778e-17,-1.10589e-17,3.42964e-17,-1.76725e-17,-1.76725e-17,-3.18484e-18,-1.27936e-17,-1.30646e-17,-5.96311e-18,0,-0.524465,-0.077891,0.52273,-0.00827861,3.14159,2.22625,-0.012727,3.27344,-0.00940638,-0.392699,4.18999,-0.0112606,3.14278,-0.00874685,0.523599,0,0,0,0.0385805,-0.000183189,-0.524465,0.522732,3.14072,2.22625,3.27344,-0.391748,4.18999,3.14279,0.524781,9.60132e-05,-1.62953,0.818417,1.52243e-05,0.0381606,-0.00255566,0.273424,-0.273856,-0.000895388,0.0474313,0.0118072,1.00009,-7.98283,16.6588,1.04596,-0.189395,0.479665,0.454425,0.779655,0.275469,0.325798
0.14,-6.49653,-2.00194,0.0448489,0.0847721,-0.000106597,0.647102,-0.524447,-0.421898,0.520843,0.0755979,3.1408,-2.22038,2.22635,-3.26499,3.27346,0.391379,-0.391633,-4.18493,4.18998,-3.13535,3.14271,-0.525726,0.524795,-5.44653,-2.00164,-7.80474,-0.406272,-7.77268,-3.66305,-4.89653,-2.00211,-7.29639,-0.616215,-7.29668,-3.3875,0.0997346,0.400103,-0.517435,0.041874,-0.00194073,0.000111211,-0.000266634,-0.0600025,-0.524607,-0.534517,0.52259,-0.0417827,3.14058,-0.0394229,2.22619,-0.0678908,3.27338,-0.0469969,-0.391808,-0.0437109,4.18982,-0.0646317,3.14262,-0.0435932,0.524611,-0.047617,1.00185,0.0476534,-1.25233,1.25814,-1.04753,9.55527,-19.1993,9.6608,-1.55943,-5.05031,10.1478,-9.59211,4.70178,-0.526897,0.00362807,-0.00729288,-1.0405,0.724622,-25.3554,12.6805,0,11.8841,-0.341519,7.81288,-3.89048,3.63633,-0.0352942,-0.00180527,0.000481463,-1.12547,0.737669,-30.8096,15.5307,16.327,-0.284505,7.66014,-3.87462,-8.14675,4.09975,-0.04095,0.0188125,-0.00634074,-0.0132923,1.36973,-1.37198,0.200194,0.142157,0.238114,0.319051,4.77606,3.74296,0.0506703,0.427578,0.00654941,0.0543353,0.371413,0.0929271,0.212302,0.187281,0.213,-6.49663,-2,-0.00194073,0,15,0,-3.46945e-18,-5.85469e-18,-1.77538e-17,2.80808e-17,2.81893e-17,2.74032e-17,-5.14996e-17,-5.13912e-17,-5.65954e-17,0,-0.524607,-0.0830702,0.522587,-0.00828081,3.14159,2.22619,-0.0135782,3.27338,-0.00939937,-0.392699,4.18982,-0.0129265,3.14261,-0.00871863,0.523599,0,0,0,0.0418457,-0.000266634,-0.524607,0.52259,3.14058,2.22619,3.27338,-0.391808,4.18982,3.14262,0.524611,0.000160037,-1.62942,0.819973,1.21462e-05,0.02195,-0.00265847,0.273947,-0.274397,-0.0014051,0.0474472,0.0118125,1.00009,-9.5679,18.2432,1.09884,-0.582343,0.71054,0.473974,-0.192941,0.699523,0.38052
0.16,-6.49462,-2.00201,0.0473049,0.0892294,-0.00011802,0.653181,-0.524463,-0.417665,0.520723,0.0789714,3.14079,-2.22004,2.22649,-3.26499,3.27359,0.391687,-0.391489,-4.18439,4.18992,-3.13466,3.14263,-0.525798,0.524742,-5.44462,-2.00172,-7.80284,-0.406408,-7.77079,-3.66309,-4.89462,-2.0022,-7.29445,-0.616276,-7.29478,-3.38756,0.10386,0.40009,-0.516773,0.0446267,-0.00201209,0.00250587,-0.000374114,-0.062577,-0.524719,-0.561702,0.522478,-0.0418247,3.14047,-0.0375767,2.22624,-0.072619,3.27343,-0.0471511,-0.39176,-0.0406452,4.18966,-0.0697106,3.14247,-0.0435199,0.52446,-0.0476637,1.00209,0.050684,-1.25265,1.25913,-1.12427,9.59616,-19.2918,9.71299,-1.62423,-5.08952,10.2322,-9.64362,4.71583,-0.553115,0.00363289,-0.00730771,-1.03629,0.7812,-25.3695,12.6814,0,11.8598,-0.382461,7.82278,-3.88954,3.6255,-0.0403725,-0.0012878,0.000342743,-1.12214,0.821114,-30.7872,15.5416,16.3425,-0.338924,7.64849,-3.8777,-8.15528,4.10996,-0.0481664,0.0192182,-0.0064884,-0.0136067,1.37316,-1.37546,0.200218,0.122801,0.222868,0.303979,4.98631,3.91053,0.0170339,0.435063,0.0234263,0.026684,0.402885,0.0898006,0.212943,0.186723,0.213534,-6.4946,-2,-0.00201209,0,24,6.93889e-18,6.93889e-18,3.25261e-18,4.40559e-17,3.10082e-17,3.1225e-17,2.77962e-17,4.55365e-17,4.55365e-17,5.0307e-17,0,-0.524719,-0.0871803,0.522476,-0.00828493,3.14159,2.22624,-0.0145238,3.27343,-0.00943021,-0.392699,4.18966,-0.0139423,3.14245,-0.00870397,0.523599,0,0,0,0.0445928,-0.000374114,-0.524719,0.522478,3.14047,2.22624,3.27343,-0.39176,4.18966,3.14247,0.52446,0.000256094,-1.63112,0.822014,1.08552e-05,0.0015438,-0.00272134,0.274631,-0.275092,-0.00174386,0.0474712,0.0118205,1.0001,-10.3906,19.3835,1.14021,-1.25105,0.991101,0.461967,-1.00218,1.00888,0.429344
0.18,-6.49235,-2.00208,0.0495392,0.0935165,-0.000119586,0.659169,-0.524497,-0.413414,0.520592,0.0821957,3.14076,-2.21992,2.22656,-3.26486,3.27365,0.391596,-0.391419,-4.18412,4.18985,-3.13409,3.14255,-0.526099,0.524673,-5.44235,-2.00178,-7.80058,-0.406513,-7.76854,-3.66312,-4.89235,-2.00227,-7.29218,-0.616346,-7.29252,-3.38763,0.108012,0.400218,-0.516215,0.0469812,-0.00208408,0.00501489,-0.000482442,-0.0662724,-0.52486,-0.58698,0.522338,-0.0418859,3.14033,-0.0385394,2.2262,-0.0737533,3.2734,-0.0472286,-0.391796,-0.0394453,4.18948,-0.0720137,3.14229,-0.0434261,0.524283,-0.0477109,1.00231,0.0538621,-1.25294,1.2601,-1.21478,9.63543,-19.3814,9.76311,-1.66757,-5.12722,10.3138,-9.69309,4.72813,-0.57716,0.00362672,-0.00730053,-1.03219,0.806523,-25.3774,12.6877,0,11.8192,-0.390344,7.8274,-3.89116,3.61129,-0.0414545,-0.00108763,0.000289343,-1.11773,0.87556,-30.7781,15.5517,16.3791,-0.367298,7.64415,-3.88071,-8.17458,4.12242,-0.0516261,0.0197333,-0.006669,-0.0140099,1.37732,-1.3797,0.20024,0.111713,0.214353,0.299414,5.19757,4.06988,0.00607226,0.445186,0.0201959,0.0138402,0.427838,0.0751396,0.213504,0.185991,0.214183,-6.49235,-2,-0.00208408,0,34,-3.46945e-18,-3.46945e-18,-2.1684e-18,2.57735e-17,3.05745e-17,3.03577e-17,3.30682e-17,4.51028e-17,4.53197e-17,1.07336e-17,0,-0.52486,-0.0910027,0.522336,-0.00829344,3.14159,2.2262,-0.0147507,3.2734,-0.00944571,-0.392699,4.18948,-0.0144029,3.14228,-0.00868523,0.523599,0,0,0,0.0469421,-0.000482442,-0.52486,0.522338,3.14033,2.2262,3.2734,-0.391796,4.18948,3.14229,0.524283,0.000362856,-1.63497,0.824502,9.61994e-06,-0.0101579,-0.00280198,0.275464,-0.27594,-0.00191006,0.0474977,0.0118294,1.0001,-11.0372,20.4155,1.19081,-1.49178,1.08848,0.475064,-1.42394,1.16518,0.485406
0.2,-6.4898,-2.00216,0.0516592,0.0978312,-0.000124338,0.665343,-0.524559,-0.408934,0.520434,0.085383,3.1407,-2.22005,2.22663,-3.26489,3.27372,0.39124,-0.391354,-4.18406,4.18976,-3.13365,3.14246,-0.526646,0.524591,-5.4398,-2.00182,-7.79804,-0.406615,-7.76602,-3.66315,-4.8898,-2.00235,-7.28963,-0.616415,-7.28997,-3.3877,0.112394,0.400183,-0.515783,0.0491033,-0.00215754,0.00758409,-0.000604669,-0.0699188,-0.52504,-0.611907,0.522158,-0.0419326,3.14015,-0.0387414,2.22615,-0.0743043,3.27334,-0.0473013,-0.391849,-0.0384745,4.18928,-0.0731585,3.14208,-0.0433147,0.524081,-0.0477598,1.00251,0.05712,-1.25321,1.26109,-1.30689,9.67443,-19.4709,9.81359,-1.70826,-5.16469,10.3952,-9.74293,4.74023,-0.600693,0.00363152,-0.00731569,-1.02814,0.842063,-25.3826,12.6954,0,11.775,-0.402041,7.83037,-3.89356,3.59725,-0.0418843,-0.000915588,0.000243581,-1.11339,0.926993,-30.7753,15.5617,16.4246,-0.389316,7.64333,-3.88379,-8.19848,4.13539,-0.0535365,0.0203461,-0.00688099,-0.0144887,1.38166,-1.38412,0.200261,0.106003,0.215733,0.308688,5.42032,4.2282,-0.0063989,0.446795,0.00368615,0.00283576,0.445516,0.048182,0.214054,0.185268,0.214859,-6.48988,-2,-0.00215754,0,45,0,-1.73472e-17,-3.25261e-18,2.99511e-18,1.19262e-17,1.19262e-17,1.95766e-17,1.77809e-17,1.79978e-17,7.80626e-18,0,-0.52504,-0.0947726,0.522156,-0.00829883,3.14159,2.22615,-0.0148609,3.27334,-0.00946027,-0.392699,4.18928,-0.0146319,3.14207,-0.00866294,0.523599,0,0,0,0.0490588,-0.000604669,-0.52504,0.522158,3.14015,2.22615,3.27334,-0.391849,4.18928,3.14208,0.524081,0.000480331,-1.63975,0.827097,9.06924e-06,-0.0209789,-0.00289775,0.276333,-0.276825,-0.002007,0.047527,0.0118392,1.0001,-11.4779,21.3577,1.25407,-1.72894,1.16021,0.493376,-1.7726,1.27031,0.548822
0.22,-6.48701,-2.00223,0.0537477,0.102408,-0.000133881,0.672072,-0.524657,-0.403927,0.520238,0.0887123,3.1406,-2.22053,2.2267,-3.26521,3.27379,0.390544,-0.391278,-4.1843,4.18968,-3.13343,3.14238,-0.527495,0.52451,-5.43701,-2.00186,-7.79526,-0.40672,-7.76327,-3.66318,-4.88701,-2.00244,-7.28683,-0.616482,-7.2872,-3.38776,0.117301,0.399862,-0.515567,0.0510898,-0.00223385,0.0103235,-0.000753098,-0.0736398,-0.525277,-0.637661,0.521921,-0.0419602,3.13991,-0.0385358,2.22608,-0.0741282,3.27328,-0.0473919,-0.391912,-0.0371865,4.18906,-0.0734882,3.14186,-0.043208,0.523858,-0.0478136,1.00272,0.0605989,-1.25349,1.26213,-1.40433,9.71497,-19.5645,9.86685,-1.74876,-5.20367,10.4803,-9.79551,4.75273,-0.624833,0.00365282,-0.00736475,-1.02396,0.885267,-25.3847,12.7047,0,11.7243,-0.414951,7.83166,-3.8969,3.58251,-0.0414808,-0.000691269,0.000183992,-1.10882,0.985955,-30.7783,15.5725,16.4794,-0.411231,7.6454,-3.88706,-8.22702,4.14902,-0.0543369,0.0209593,-0.00709207,-0.0149751,1.38622,-1.38876,0.200282,0.104423,0.228847,0.336427,5.66938,4.39479,-0.0241443,0.434526,-0.0298159,-0.0119441,0.452336,0.00610576,0.214623,0.184507,0.215567,-6.48696,-2,-0.00223385,0,58,0,1.04083e-17,7.58942e-18,1.6507e-17,2.51535e-17,2.49366e-17,2.39067e-17,-4.94396e-17,-4.98733e-17,-5.7029e-17,0,-0.525277,-0.098668,0.521918,-0.00829988,3.14159,2.22608,-0.0148257,3.27328,-0.00947838,-0.392699,4.18906,-0.0146978,3.14185,-0.00864161,0.523599,0,0,0,0.05104,-0.000753098,-0.525277,0.521921,3.13991,2.22608,3.27328,-0.391912,4.18906,3.14186,0.523858,0.000619217,-1.64546,0.829821,8.69137e-06,-0.0345615,-0.00299503,0.277245,-0.277753,-0.00206035,0.0475616,0.0118508,1.00011,-11.67,22.2298,1.33546,-2.01394,1.21598,0.514882,-2.17189,1.35628,0.618739
0.24,-6.48403,-2.00231,0.0558261,0.107156,-0.000144336,0.679186,-0.524807,-0.398553,0.519985,0.0919633,3.14046,-2.22125,2.22679,-3.26573,3.27389,0.389734,-0.391188,-4.18472,4.18959,-3.13335,3.1423,-0.528467,0.524429,-5.43403,-2.00187,-7.79228,-0.406833,-7.76033,-3.66321,-4.88403,-2.00254,-7.28383,-0.616549,-7.28423,-3.38783,0.122566,0.399349,-0.515488,0.053045,-0.00231107,0.0134367,-0.000902494,-0.0778074,-0.525565,-0.664961,0.521633,-0.0418003,3.13962,-0.0381522,2.22603,-0.07278,3.27323,-0.0474966,-0.391962,-0.0356752,4.18884,-0.0726576,3.14164,-0.0430998,0.523636,-0.0478678,1.00292,0.06455,-1.25377,1.26328,-1.51536,9.75954,-19.6679,9.9262,-1.78571,-5.24525,10.5717,-9.85236,4.7654,-0.650496,0.00380197,-0.00767252,-1.01953,0.936314,-25.3825,12.7168,0,11.6618,-0.426693,7.83066,-3.90179,3.56575,-0.0397562,-0.000407639,0.00010863,-1.10364,1.05348,-30.7893,15.5849,16.55,-0.43151,7.65139,-3.89071,-8.26346,4.16444,-0.0535542,0.0215744,-0.00730225,-0.0154753,1.39138,-1.39401,0.200303,0.103918,0.237376,0.355702,5.92898,4.55895,-0.0359761,0.413087,-0.068993,-0.0210087,0.452099,-0.0420557,0.215217,0.183641,0.216368,-6.48404,-1.99999,-0.00231107,0,71,-3.46945e-18,-6.93889e-18,-1.73472e-18,-2.22261e-17,-1.0842e-17,-1.06252e-17,-1.4325e-17,9.21572e-17,9.2374e-17,1.24466e-16,0,-0.525565,-0.102814,0.52163,-0.00825988,3.14159,2.22603,-0.014556,3.27323,-0.00949932,-0.392699,4.18884,-0.0145317,3.14163,-0.00861996,0.523599,0,0,0,0.0529895,-0.000902494,-0.525565,0.521633,3.13962,2.22603,3.27323,-0.391962,4.18884,3.14164,0.523636,0.000758158,-1.65274,0.832907,8.93483e-06,-0.0428295,-0.00309506,0.278277,-0.278801,-0.00204045,0.0475962,0.0118624,1.00011,-12.0235,23.2238,1.43027,-2.15067,1.19908,0.532042,-2.40408,1.36835,0.687994
0.26,-6.48087,-2.00238,0.0578918,0.112066,-0.000152953,0.686688,-0.524998,-0.392705,0.51969,0.0952207,3.14027,-2.22221,2.2269,-3.26646,3.274,0.388752,-0.391081,-4.18531,4.18951,-3.1334,3.14222,-0.529596,0.524349,-5.43087,-2.00185,-7.78913,-0.406954,-7.7572,-3.66323,-4.88087,-2.00262,-7.28066,-0.616616,-7.28108,-3.3879,0.128303,0.398622,-0.515527,0.0549797,-0.00238721,0.0167826,-0.0010608,-0.0820439,-0.525906,-0.692345,0.521292,-0.0414278,3.13928,-0.0377772,2.22599,-0.070662,3.27319,-0.047622,-0.392005,-0.0341779,4.1886,-0.0710618,3.14141,-0.0429915,0.523403,-0.0479253,1.00314,0.0687996,-1.25406,1.26453,-1.63365,9.8072,-19.7792,9.99067,-1.81796,-5.28682,10.6639,-9.91028,4.7771,-0.676422,0.00410317,-0.00828862,-1.01519,0.99111,-25.3776,12.7308,0,11.5916,-0.43684,7.82823,-3.90776,3.54761,-0.0371723,-4.73039e-05,1.26268e-05,-1.09803,1.12377,-30.8053,15.5984,16.6308,-0.449318,7.65983,-3.89465,-8.30501,4.18113,-0.0517114,0.0221967,-0.00751394,-0.0159906,1.39696,-1.39967,0.200325,0.103287,0.245541,0.375121,6.19484,4.71673,-0.0481861,0.381676,-0.116723,-0.0296378,0.445756,-0.0981491,0.215809,0.182704,0.217234,-6.4809,-1.99999,-0.00238721,0,85,-3.46945e-18,-3.46945e-18,4.98733e-18,-5.32479e-17,-8.67362e-19,-8.67362e-19,-5.04069e-18,5.85469e-18,5.63785e-18,1.06252e-17,0,-0.525906,-0.107012,0.521289,-0.00817318,3.14159,2.22599,-0.0141324,3.27319,-0.00952441,-0.392699,4.1886,-0.0142125,3.1414,-0.00859829,0.523599,0,0,0,0.0549182,-0.0010608,-0.525906,0.521292,3.13928,2.22599,3.27319,-0.392005,4.1886,3.14141,0.523403,0.000907849,-1.66106,0.836244,9.00351e-06,-0.0508923,-0.00319811,0.279393,-0.279934,-0.00197893,0.0476335,0.0118749,1.00011,-12.3849,24.2299,1.53876,-2.25634,1.15053,0.547257,-2.60285,1.34935,0.760556
0.28,-6.47754,-2.00245,0.0599378,0.11713,-0.000159622,0.694565,-0.525231,-0.386399,0.519352,0.0984933,3.14005,-2.22344,2.22703,-3.26746,3.27415,0.387609,-0.390949,-4.18608,4.18943,-3.13357,3.14215,-0.530889,0.524268,-5.42754,-2.00181,-7.78582,-0.407087,-7.75391,-3.66326,-4.87754,-2.00271,-7.27732,-0.616681,-7.27776,-3.38796,0.134497,0.39764,-0.515691,0.0568914,-0.00246171,0.0203562,-0.00122793,-0.0861914,-0.526299,-0.719895,0.520898,-0.0408788,3.13889,-0.0373774,2.22596,-0.0678005,3.27316,-0.0477762,-0.392033,-0.032618,4.18836,-0.0687453,3.14116,-0.0428826,0.523158,-0.0479861,1.00335,0.0733421,-1.25436,1.26589,-1.75778,9.85807,-19.8985,10.0607,-1.84738,-5.32842,10.7572,-9.96962,4.78795,-0.702681,0.00453772,-0.00917635,-1.01096,1.05004,-25.3696,12.7468,0,11.5138,-0.445779,7.8244,-3.91484,3.52817,-0.0337674,0.000424053,-0.000113433,-1.09203,1.198,-30.826,15.6131,16.7214,-0.465412,7.67059,-3.89891,-8.35149,4.19898,-0.0488571,0.0228284,-0.00772789,-0.0165228,1.40293,-1.40573,0.200347,0.102298,0.253153,0.393855,6.46615,4.86678,-0.0614735,0.338591,-0.172482,-0.0382947,0.43309,-0.162391,0.216407,0.181699,0.218161,-6.47753,-1.99999,-0.00246171,0,100,0,1.38778e-17,-2.1684e-19,2.42455e-17,1.27936e-17,1.30104e-17,4.84842e-18,-7.86047e-17,-7.87131e-17,-7.43763e-17,0,-0.526299,-0.111282,0.520896,-0.00804713,3.14159,2.22596,-0.0135601,3.27316,-0.00955524,-0.392699,4.18836,-0.0137492,3.14115,-0.00857652,0.523599,0,0,0,0.0568235,-0.00122793,-0.526299,0.520898,3.13889,2.22596,3.27316,-0.392033,4.18836,3.14116,0.523158,0.0010683,-1.67035,0.839814,9.09923e-06,-0.0589924,-0.00330456,0.280587,-0.281146,-0.00187849,0.0476736,0.0118883,1.00012,-12.7664,25.2519,1.66139,-2.33808,1.07217,0.558115,-2.77874,1.30185,0.836507
0.3,-6.47404,-2.00253,0.0620451,0.122469,-0.000169984,0.702932,-0.525474,-0.379566,0.519004,0.101892,3.13982,-2.22489,2.22719,-3.26864,3.27432,0.386382,-0.390791,-4.18705,4.1894,-3.13402,3.14213,-0.532208,0.524244,-5.42404,-2.00177,-7.78234,-0.407237,-7.75043,-3.66331,-4.87404,-2.0028,-7.27381,-0.616751,-7.27428,-3.38803,0.141214,0.396472,-0.516138,0.0587729,-0.00254314,0.0241463,-0.00140952,-0.089786,-0.526714,-0.747904,0.520484,-0.039855,3.13848,-0.0371876,2.22595,-0.0640595,3.27314,-0.0479605,-0.392047,-0.0301085,4.18816,-0.0661547,3.14096,-0.0428567,0.52296,-0.0480499,1.00358,0.0781642,-1.25468,1.26735,-1.88307,9.91213,-20.0261,10.1369,-1.88009,-5.37014,10.8517,-10.0311,4.79847,-0.730122,0.0053125,-0.0107557,-1.00688,1.11031,-25.3583,12.7648,0,11.428,-0.451398,7.81899,-3.92308,3.50726,-0.0294102,0.00101422,-0.000272005,-1.08558,1.29104,-30.8531,15.6307,16.8203,-0.489009,7.68297,-3.90351,-8.40124,4.21717,-0.045484,0.0230797,-0.00781333,-0.0167858,1.40902,-1.41185,0.200369,0.105365,0.26699,0.418361,6.74738,5.03063,-0.0725184,0.287353,-0.232519,-0.0486847,0.408966,-0.227995,0.21703,0.180618,0.219106,-6.47394,-1.99998,-0.00254314,0,116,3.46945e-18,-6.93889e-18,-1.95156e-18,-4.6702e-17,4.11997e-18,3.68629e-18,1.17568e-17,2.11419e-17,2.10335e-17,2.28767e-17,0,-0.526714,-0.115668,0.520482,-0.00781568,3.14159,2.22595,-0.0128119,3.27314,-0.0095921,-0.392699,4.18816,-0.0132311,3.14095,-0.00857133,0.523599,0,0,0,0.0586982,-0.00140952,-0.526714,0.520484,3.13848,2.22595,3.27314,-0.392047,4.18816,3.14096,0.52296,0.00123954,-1.6803,0.843453,9.25365e-06,-0.066024,-0.00335717,0.281804,-0.282371,-0.00175022,0.0477163,0.0119026,1.00012,-13.0672,26.2671,1.78327,-2.3468,0.953669,0.564395,-2.95262,1.23474,0.898954
0.32,-6.47038,-2.00261,0.064272,0.128082,-0.000183842,0.711839,-0.525838,-0.372018,0.518535,0.105259,3.13946,-2.22645,2.22737,-3.26997,3.27452,0.385152,-0.39061,-4.18813,4.18943,-3.13468,3.14217,-0.533424,0.524274,-5.42038,-2.00167,-7.77869,-0.407403,-7.74678,-3.6634,-4.87038,-2.00291,-7.27012,-0.616824,-7.27063,-3.38811,0.148646,0.39516,-0.516782,0.0607163,-0.0026329,0.028213,-0.00159469,-0.0944564,-0.527248,-0.775731,0.519949,-0.0388924,3.13794,-0.0370854,2.22596,-0.0596482,3.27315,-0.0481663,-0.392037,-0.0278335,4.18802,-0.0628308,3.14082,-0.0429073,0.522817,-0.0481152,1.00381,0.0833409,-1.25501,1.26897,-2.02782,9.97057,-20.1648,10.2195,-1.89522,-5.41256,10.949,-10.0943,4.80713,-0.757142,0.0060785,-0.0123222,-1.00282,1.17432,-25.3444,12.7849,0,11.3344,-0.455667,7.81239,-3.93246,3.48472,-0.024357,0.00170088,-0.000457537,-1.07863,1.38379,-30.8879,15.6518,16.9317,-0.508502,7.69755,-3.90861,-8.45649,4.23704,-0.04093,0.0229661,-0.0077753,-0.0167904,1.41566,-1.41849,0.200393,0.111345,0.280639,0.445348,7.04511,5.17096,-0.0779179,0.229888,-0.292568,-0.0540171,0.377581,-0.28845,0.217616,0.179451,0.220137,-6.47035,-1.99998,-0.0026329,0,132,3.46945e-18,-1.38778e-17,-1.82146e-17,6.50521e-17,3.35561e-17,3.37187e-17,3.44641e-17,-4.43439e-17,-4.45607e-17,-2.62377e-17,0,-0.527248,-0.120087,0.519947,-0.00759614,3.14159,2.22596,-0.0119296,3.27315,-0.00963327,-0.392699,4.18802,-0.0125663,3.14081,-0.00858146,0.523599,0,0,0,0.0606342,-0.00159469,-0.527248,0.519949,3.13794,2.22596,3.27315,-0.392037,4.18802,3.14082,0.522817,0.00141085,-1.69135,0.847427,9.15621e-06,-0.0682527,-0.00335809,0.283132,-0.283699,-0.00156218,0.047759,0.0119169,1.00013,-13.3615,27.2813,1.94506,-2.22812,0.781371,0.563603,-2.97126,1.11202,0.944598
0.34,-6.46678,-2.00269,0.0664914,0.133738,-0.000193059,0.720984,-0.526312,-0.364073,0.517952,0.108291,3.139,-2.22816,2.22757,-3.2715,3.27474,0.383889,-0.390404,-4.18927,4.18946,-3.1354,3.14222,-0.534687,0.524304,-5.41678,-2.0015,-7.77512,-0.407577,-7.74318,-3.66348,-4.86678,-2.003,-7.26651,-0.616893,-7.26705,-3.38817,0.15647,0.393647,-0.517486,0.0627801,-0.00271474,0.0324904,-0.00177531,-0.0991056,-0.527894,-0.804463,0.519303,-0.0379143,3.13729,-0.0371117,2.22599,-0.0549705,3.27319,-0.0483968,-0.392002,-0.0267872,4.18787,-0.0587098,3.14068,-0.0429554,0.522674,-0.0481827,1.00407,0.0887908,-1.25537,1.27075,-2.18016,10.034,-20.316,10.3104,-1.90924,-5.45666,11.051,-10.1614,4.81532,-0.784972,0.00689153,-0.0139892,-0.998775,1.24075,-25.3294,12.8067,0,11.2357,-0.459513,7.80553,-3.94268,3.46091,-0.0190606,0.00249906,-0.000674421,-1.0713,1.45815,-30.9262,15.6749,17.0533,-0.514852,7.71375,-3.91418,-8.5168,4.25909,-0.035192,0.0228573,-0.00773868,-0.0168051,1.42304,-1.42586,0.20042,0.110971,0.282795,0.457234,7.34623,5.27932,-0.0852529,0.163555,-0.354273,-0.0571723,0.343078,-0.351281,0.21822,0.178218,0.22128,-6.46676,-1.99997,-0.00271474,0,148,0,-6.93889e-18,8.67362e-19,-2.43048e-17,3.67545e-17,3.68087e-17,2.61428e-17,4.99275e-17,4.98733e-17,4.38018e-17,0,-0.527894,-0.1247,0.519301,-0.0073714,3.14159,2.22599,-0.0109941,3.27319,-0.00967936,-0.392699,4.18787,-0.0117421,3.14067,-0.00859107,0.523599,0,0,0,0.0626897,-0.00177531,-0.527894,0.519303,3.13729,2.22599,3.27319,-0.392002,4.18787,3.14068,0.522674,0.00158225,-1.70342,0.851838,9.52813e-06,-0.0707434,-0.00336102,0.284607,-0.285173,-0.00133807,0.0478018,0.0119313,1.00013,-13.9226,28.4225,2.14211,-2.11399,0.601253,0.554867,-2.92313,0.958073,0.990052
0.36,-6.46268,-2.00278,0.0688413,0.139793,-0.000211162,0.730647,-0.526669,-0.355729,0.517486,0.111942,3.13866,-2.23011,2.22783,-3.27332,3.27502,0.382527,-0.390151,-4.19052,4.18948,-3.13616,3.14226,-0.5361,0.524331,-5.41267,-2.00142,-7.77105,-0.407779,-7.7391,-3.66357,-4.86268,-2.00311,-7.26238,-0.616967,-7.26297,-3.38825,0.164689,0.391849,-0.518233,0.0648154,-0.00280928,0.0368247,-0.00198634,-0.100764,-0.528444,-0.833687,0.518754,-0.0361729,3.13675,-0.0373586,2.22605,-0.0499494,3.27325,-0.0486816,-0.391941,-0.0261998,4.18771,-0.0541443,3.14051,-0.0430035,0.522505,-0.0482562,1.00433,0.0943252,-1.25575,1.27263,-2.3057,10.0999,-20.4739,10.4092,-1.95447,-5.49868,11.1499,-10.2304,4.82434,-0.815015,0.00829068,-0.0168537,-0.995359,1.30639,-25.312,12.8291,0,11.1339,-0.461438,7.7981,-3.95353,3.43655,-0.0134263,0.00351329,-0.000951307,-1.06381,1.52505,-30.9667,15.6993,17.1793,-0.51537,7.73103,-3.92012,-8.57939,4.28186,-0.0287535,0.0227728,-0.00771031,-0.0168394,1.43065,-1.43348,0.200446,0.117495,0.302769,0.483144,7.6435,5.43353,-0.097534,0.0852825,-0.421011,-0.0624323,0.306166,-0.421593,0.218921,0.176957,0.222462,-6.46273,-1.99997,-0.00280928,0,166,-3.46945e-18,-1.38778e-17,1.60462e-17,-4.1159e-17,-3.71068e-17,-3.70797e-17,-3.36645e-17,-4.38424e-17,-4.38018e-17,-3.89229e-17,0,-0.528444,-0.12947,0.518752,-0.00697545,3.14159,2.22605,-0.00998987,3.27325,-0.00973632,-0.392699,4.18771,-0.0108289,3.1405,-0.0086007,0.523599,0,0,0,0.0647162,-0.00198634,-0.528444,0.518754,3.13675,2.22605,3.27325,-0.391941,4.18771,3.14051,0.522505,0.00177518,-1.71593,0.856391,9.26085e-06,-0.0763071,-0.00336787,0.28613,-0.286695,-0.00108189,0.0478499,0.0119474,1.00013,-14.2218,29.4619,2.29693,-2.04821,0.423467,0.538813,-2.91916,0.803182,1.04341
0.38,-6.45865,-2.00287,0.0712989,0.14619,-0.000238802,0.740895,-0.527037,-0.346491,0.517018,0.116088,3.13831,-2.23222,2.22806,-3.27522,3.27528,0.380954,-0.389918,-4.19187,4.1895,-3.13701,3.1423,-0.537617,0.524352,-5.40865,-2.00135,-7.76704,-0.407966,-7.73511,-3.66365,-4.85865,-2.00325,-7.25832,-0.617035,-7.25898,-3.38832,0.173811,0.389979,-0.519067,0.0669822,-0.00290681,0.0415021,-0.00220701,-0.103688,-0.529005,-0.860111,0.518193,-0.0337359,3.13618,-0.0385109,2.22609,-0.0438203,3.27329,-0.0489409,-0.3919,-0.0254931,4.18753,-0.0490825,3.14034,-0.0430415,0.522331,-0.0483322,1.00463,0.100303,-1.25617,1.27474,-2.45536,10.1709,-20.6455,10.5164,-1.96788,-5.53675,11.2426,-10.2961,4.82859,-0.844004,0.0102913,-0.0209539,-0.992593,1.36829,-25.2929,12.8555,0,11.022,-0.455609,7.78909,-3.96592,3.40946,-0.00673178,0.00443403,-0.00120542,-1.05547,1.59773,-31.0113,15.7266,17.3162,-0.515577,7.75014,-3.92682,-8.64745,4.30635,-0.0215531,0.0227314,-0.00769687,-0.0169126,1.43884,-1.44167,0.200476,0.122882,0.319843,0.512419,7.93862,5.6008,-0.105784,0.00218887,-0.498296,-0.0674126,0.264464,-0.497133,0.219518,0.175554,0.223732,-6.4587,-1.99996,-0.00290681,0,184,3.46945e-18,6.93889e-18,1.0842e-17,1.44741e-17,-4.13081e-17,-4.13081e-17,-3.04932e-17,-3.38271e-17,-3.38813e-17,-4.27176e-17,0,-0.529005,-0.133964,0.51819,-0.00642343,3.14159,2.22609,-0.00876406,3.27329,-0.00978818,-0.392699,4.18753,-0.00981655,3.14032,-0.0086083,0.523599,0,0,0,0.0668731,-0.00220701,-0.529005,0.518193,3.13618,2.22609,3.27329,-0.3919,4.18753,3.14034,0.522331,0.00196821,-1.72955,0.861291,1.04546e-05,-0.081344,-0.00338251,0.287767,-0.288334,-0.000795827,0.0478981,0.0119636,1.00014,-14.4609,30.4363,2.44477,-1.89216,0.197654,0.52856,-2.88917,0.623459,1.09836
0.4,-6.45453,-2.00296,0.0738568,0.152942,-0.000270848,0.75167,-0.527414,-0.336984,0.516529,0.120413,3.13795,-2.23453,2.22828,-3.27719,3.27552,0.379125,-0.389702,-4.19334,4.18952,-3.13793,3.14234,-0.539241,0.524371,-5.40453,-2.00129,-7.76292,-0.408143,-7.73103,-3.66372,-4.85453,-2.00339,-7.25416,-0.617101,-7.25491,-3.38838,0.183188,0.388034,-0.519963,0.0692471,-0.00300753,0.0464839,-0.00244293,-0.106272,-0.529586,-0.889786,0.517612,-0.0313851,3.1356,-0.039644,2.22611,-0.0371798,3.2733,-0.049183,-0.391887,-0.0247279,4.18734,-0.0435238,3.14015,-0.0430777,0.522143,-0.0484133,1.00494,0.10668,-1.25662,1.27706,-2.61237,10.2476,-20.8323,10.6348,-1.99211,-5.58047,11.3488,-10.3727,4.83511,-0.875893,0.012319,-0.0251262,-0.989497,1.4365,-25.2731,12.8852,0,10.903,-0.450474,7.77909,-3.97962,3.38064,0.000364278,0.00528426,-0.00144303,-1.04659,1.67458,-31.0594,15.7567,17.4632,-0.514748,7.77097,-3.93426,-8.72062,4.33241,-0.0135556,0.022707,-0.00768942,-0.0170051,1.44755,-1.45039,0.200508,0.127897,0.337583,0.538727,8.25052,5.77711,-0.115395,-0.0855591,-0.588475,-0.0733172,0.219518,-0.578,0.220208,0.174063,0.225083,-6.45444,-1.99995,-0.00300753,0,203,3.46945e-18,1.38778e-17,1.9082e-17,3.98444e-18,-1.60462e-17,-1.59378e-17,-2.88127e-17,5.42101e-19,5.14996e-19,1.23599e-17,0,-0.529586,-0.138977,0.517609,-0.0058857,3.14159,2.22611,-0.00743596,3.2733,-0.00983659,-0.392699,4.18734,-0.00870477,3.14014,-0.00861553,0.523599,0,0,0,0.0691268,-0.00244293,-0.529586,0.517612,3.1356,2.22611,3.2733,-0.391887,4.18734,3.14015,0.522143,0.00217208,-1.74418,0.866502,9.83512e-06,-0.0874447,-0.00340102,0.28951,-0.290078,-0.000480559,0.0479491,0.0119806,1.00014,-14.7732,31.5241,2.60103,-1.74475,-0.0401869,0.52678,-2.87078,0.433078,1.15734
0.42,-6.45031,-2.00305,0.0765135,0.15996,-0.00031604,0.762879,-0.52793,-0.327264,0.51589,0.124789,3.13745,-2.23698,2.2285,-3.27931,3.27577,0.377245,-0.38948,-4.19485,4.18953,-3.13891,3.14237,-0.540898,0.524383,-5.40031,-2.00118,-7.75868,-0.408315,-7.72687,-3.66378,-4.85031,-2.00356,-7.24988,-0.61716,-7.25075,-3.38844,0.192771,0.385941,-0.520918,0.0716242,-0.00311259,0.0517936,-0.00268137,-0.110664,-0.530295,-0.922455,0.516902,-0.0303833,3.13489,-0.0404578,2.22614,-0.0301242,3.27333,-0.0494215,-0.391858,-0.0239394,4.18716,-0.0373529,3.13996,-0.043099,0.521959,-0.0484942,1.00528,0.113483,-1.25711,1.27964,-2.80088,10.3303,-21.035,10.7626,-2.00137,-5.63218,11.4735,-10.4616,4.84299,-0.907651,0.0133983,-0.0273792,-0.985675,1.5146,-25.2517,12.9182,0,10.7769,-0.448558,7.7681,-3.99466,3.35026,0.00774959,0.00614497,-0.00168636,-1.03722,1.755,-31.1122,15.7902,17.6215,-0.51202,7.79388,-3.94256,-8.79952,4.36019,-0.00458902,0.0227351,-0.0077001,-0.0171444,1.45683,-1.45969,0.200542,0.132835,0.350915,0.560438,8.58875,5.90464,-0.122386,-0.180503,-0.68106,-0.0757068,0.171111,-0.66054,0.220921,0.172492,0.226523,-6.45041,-1.99994,-0.00311259,0,221,-3.46945e-18,0,1.73472e-18,-2.5804e-17,-8.0231e-18,-8.13152e-18,-9.48677e-18,1.16769e-16,1.16552e-16,1.22515e-16,0,-0.530295,-0.144435,0.5169,-0.00564517,3.14159,2.22614,-0.00602484,3.27333,-0.0098843,-0.392699,4.18716,-0.00747053,3.13995,-0.0086198,0.523599,0,0,0,0.0714915,-0.00268137,-0.530295,0.516902,3.13489,2.22614,3.27333,-0.391858,4.18716,3.13996,0.521959,0.00236533,-1.75997,0.87206,1.14613e-05,-0.0901199,-0.00342888,0.291367,-0.291938,-0.000119973,0.0479974,0.0119968,1.00015,-15.2044,32.7126,2.8191,-1.5278,-0.310905,0.519755,-2.74634,0.197495,1.21476
0.44,-6.44601,-2.00316,0.0793947,0.167651,-0.000384199,0.775163,-0.528479,-0.316291,0.515223,0.130019,3.13691,-2.2397,2.2287,-3.28154,3.276,0.374958,-0.38928,-4.19652,4.18953,-3.13996,3.1424,-0.54276,0.524386,-5.396,-2.00109,-7.75432,-0.408472,-7.72265,-3.66384,-4.84601,-2.00378,-7.24547,-0.617216,-7.24654,-3.3885,0.203611,0.383738,-0.52195,0.0740799,-0.00323345,0.0573029,-0.00296438,-0.11467,-0.531059,-0.953874,0.516138,-0.0292334,3.13413,-0.0418486,2.22612,-0.0224885,3.27332,-0.0496371,-0.391873,-0.0235072,4.18695,-0.0307507,3.13975,-0.0431101,0.521744,-0.048583,1.00564,0.12056,-1.25765,1.28245,-2.99538,10.4183,-21.2524,10.9014,-2.0036,-5.68167,11.5958,-10.5514,4.84853,-0.938956,0.0146896,-0.0300805,-0.982515,1.59131,-25.2298,12.9542,0,10.6455,-0.4429,7.75618,-4.01082,3.31821,0.0155564,0.00689897,-0.00190337,-1.02733,1.83077,-31.1677,15.8268,17.7872,-0.504369,7.8181,-3.95174,-8.88227,4.38934,0.00511744,0.0228306,-0.00773459,-0.0173401,1.46658,-1.46946,0.200579,0.14406,0.38452,0.614237,8.9529,6.04565,-0.135925,-0.282211,-0.79397,-0.0834786,0.118302,-0.75331,0.221614,0.170835,0.228035,-6.44594,-1.99993,-0.00323345,0,241,6.93889e-18,2.08167e-17,8.67362e-18,-2.09251e-17,-2.86229e-17,-2.79724e-17,-3.52366e-17,-9.32414e-18,-9.75782e-18,3.68629e-18,0,-0.531059,-0.149843,0.516135,-0.00537106,3.14159,2.22612,-0.0044977,3.27332,-0.00992743,-0.392699,4.18695,-0.00615004,3.13974,-0.00862203,0.523599,0,0,0,0.0739334,-0.00296438,-0.531059,0.516138,3.13413,2.22612,3.27332,-0.391873,4.18695,3.13975,0.521744,0.00258018,-1.77652,0.87789,1.13227e-05,-0.0988066,-0.00346802,0.293316,-0.293893,0.000267672,0.0480511,0.0120148,1.00016,-15.1048,33.6517,3.05324,-1.40337,-0.570099,0.526479,-2.7456,-0.0211627,1.28191
0.46,-6.4416,-2.00328,0.0825,0.175882,-0.000470425,0.788325,-0.529194,-0.304601,0.514379,0.135907,3.13621,-2.24252,2.22884,-3.28369,3.27618,0.37241,-0.389138,-4.19824,4.18951,-3.14103,3.14241,-0.544617,0.524377,-5.39159,-2.00096,-7.74982,-0.408593,-7.71837,-3.66388,-4.8416,-2.00404,-7.24095,-0.617266,-7.24225,-3.38855,0.215159,0.381629,-0.52299,0.076773,-0.00336379,0.0633921,-0.00325483,-0.120104,-0.531978,-0.988418,0.515219,-0.0300488,3.13321,-0.043278,2.22606,-0.0139276,3.27326,-0.0497846,-0.391936,-0.0228143,4.18673,-0.0233543,3.13953,-0.0430983,0.521528,-0.0486738,1.00605,0.128392,-1.25825,1.28568,-3.22701,10.5175,-21.4993,11.0592,-1.98996,-5.73888,11.7376,-10.6557,4.85432,-0.9691,0.0144935,-0.0297484,-0.978988,1.67891,-25.2073,12.9969,0,10.5014,-0.43809,7.74244,-4.02929,3.28285,0.0240498,0.00738521,-0.00205024,-1.0164,1.91686,-31.2295,15.8688,17.9708,-0.496583,7.8453,-3.96237,-8.97416,4.42134,0.0161023,0.02301,-0.00779833,-0.0176135,1.47728,-1.4802,0.200621,0.15526,0.411589,0.658096,9.34122,6.10833,-0.141058,-0.382281,-0.91988,-0.0859117,0.0643847,-0.845886,0.222342,0.169007,0.229691,-6.44169,-1.99992,-0.00336379,0,260,0,0,-1.04083e-17,3.44776e-17,2.51535e-17,2.53703e-17,1.2631e-17,-4.66207e-17,-4.68375e-17,-4.8247e-17,0,-0.531978,-0.155807,0.515218,-0.00553827,3.14159,2.22606,-0.00278548,3.27326,-0.00995693,-0.392699,4.18673,-0.00467073,3.13952,-0.00861967,0.523599,0,0,0,0.0766103,-0.00325483,-0.531978,0.515219,3.13321,2.22606,3.27326,-0.391936,4.18673,3.13953,0.521528,0.00278441,-1.79489,0.884287,9.73921e-06,-0.102373,-0.0035227,0.295455,-0.296039,0.000716656,0.0481022,0.0120319,1.00016,-15.2104,34.6938,3.3664,-1.14051,-0.888057,0.547263,-2.59955,-0.293051,1.3487
0.48,-6.43708,-2.00341,0.0858795,0.184964,-0.000585219,0.803053,-0.529964,-0.290309,0.513517,0.144762,3.13545,-2.24582,2.22902,-3.28631,3.27639,0.369486,-0.388963,-4.20021,4.1895,-3.14236,3.14243,-0.54684,0.524363,-5.38707,-2.00085,-7.74518,-0.40872,-7.71402,-3.66391,-4.83708,-2.00435,-7.23627,-0.617305,-7.23789,-3.38859,0.229355,0.379043,-0.524295,0.079671,-0.00350742,0.069879,-0.00359549,-0.124845,-0.532974,-1.01302,0.514223,-0.0322578,3.13222,-0.0436833,2.22601,-0.00565933,3.27321,-0.0499964,-0.391988,-0.0219178,4.18649,-0.0156737,3.13929,-0.0430799,0.521284,-0.0487747,1.00652,0.136761,-1.25894,1.28932,-3.46967,10.6268,-21.7732,11.237,-1.93465,-5.77688,11.8437,-10.7407,4.84772,-0.989355,0.0132945,-0.0273578,-0.978648,1.78574,-25.1841,13.043,0,10.3514,-0.444231,7.72866,-4.04912,3.24617,0.0320796,0.00814379,-0.00227535,-1.00509,2.01024,-31.2954,15.9167,18.1655,-0.489797,7.87396,-3.97447,-9.07156,4.45528,0.0276682,0.023237,-0.00788043,-0.0179332,1.48862,-1.49159,0.200667,0.168979,0.454081,0.73637,9.71004,6.09557,-0.164927,-0.50453,-1.06608,-0.0982867,-0.00312477,-0.956692,0.222851,0.167111,0.231449,-6.437,-1.99991,-0.00350742,0,281,-6.93889e-18,-1.38778e-17,4.33681e-18,-3.9465e-17,6.93889e-18,6.93889e-18,6.72205e-18,4.03323e-17,3.92481e-17,5.49691e-17,0,-0.532974,-0.16074,0.514222,-0.00603197,3.14159,2.22601,-0.0011318,3.2732,-0.00999928,-0.392699,4.18649,-0.00313447,3.13928,-0.00861598,0.523599,0,0,0,0.0794897,-0.00359549,-0.532974,0.514223,3.13222,2.22601,3.27321,-0.391988,4.18649,3.13929,0.521284,0.00301027,-1.8144,0.891084,1.45678e-05,-0.114332,-0.00358664,0.297724,-0.298317,0.00117637,0.0481587,0.0120509,1.00017,-14.6689,35.0999,3.72481,-1.12329,-1.14944,0.565517,-2.66309,-0.546406,1.4241
0.5,-6.43244,-2.00356,0.0896439,0.195015,-0.000742916,0.819859,-0.530713,-0.270881,0.512769,0.158483,3.13471,-2.24953,2.22922,-3.28933,3.27663,0.366379,-0.388758,-4.2023,4.18948,-3.14375,3.14245,-0.549016,0.524352,-5.38243,-2.00084,-7.74037,-0.40885,-7.7096,-3.66393,-4.83245,-2.00475,-7.23142,-0.61733,-7.23347,-3.38861,0.248772,0.376055,-0.525649,0.0828574,-0.00367376,0.077096,-0.00396843,-0.125961,-0.533938,-1.0123,0.513259,-0.031991,3.13125,-0.0442204,2.226,0.00383684,3.2732,-0.0501658,-0.391998,-0.0213539,4.18626,-0.00661305,3.13906,-0.0430539,0.521055,-0.0488793,1.00704,0.146091,-1.25973,1.29355,-3.70097,10.7524,-22.0903,11.45,-1.80994,-5.76175,11.8455,-10.767,4.81329,-0.997214,0.0145056,-0.0299353,-0.986215,1.90538,-25.1564,13.0961,0,10.184,-0.450822,7.71251,-4.07212,3.20529,0.0410225,0.00874815,-0.00246225,-0.992434,2.1044,-31.372,15.9731,18.3858,-0.474928,7.90718,-3.98874,-9.18189,4.49336,0.0415232,0.0234735,-0.00796741,-0.0182801,1.50136,-1.50437,0.200721,0.188216,0.502547,0.840331,9.97606,6.08613,-0.185619,-0.645581,-1.21817,-0.104938,-0.0731756,-1.06498,0.222882,0.164996,0.23342,-6.43253,-1.99989,-0.00367376,0,301,-6.93889e-18,-6.93889e-18,-1.73472e-17,-6.07153e-18,-1.30104e-17,-1.38778e-17,-1.47994e-17,3.03577e-18,3.03577e-18,-3.46945e-18,0,-0.533938,-0.162849,0.513259,-0.00598821,3.14159,2.226,0.000767465,3.27319,-0.0100332,-0.392699,4.18626,-0.00132234,3.13905,-0.00861078,0.523599,0,0,0,0.082654,-0.00396843,-0.533938,0.513259,3.13125,2.226,3.2732,-0.391998,4.18626,3.13906,0.521055,0.00322551,-1.83645,0.898695,1.13588e-05,-0.122072,-0.00365602,0.300271,-0.300873,0.00174374,0.0482125,0.0120689,1.00018,-13.5711,34.5847,4.03244,-0.988291,-1.47165,0.569617,-2.56408,-0.859453,1.49418
0.52,-6.42767,-2.00377,0.0941443,0.206931,-0.000980955,0.840728,-0.531393,-0.241151,0.512278,0.180065,3.13407,-2.25387,2.22943,-3.29276,3.27688,0.362619,-0.388553,-4.2048,4.18953,-3.14575,3.14253,-0.551632,0.524388,-5.37765,-2.00105,-7.73531,-0.408965,-7.70515,-3.66395,-4.82767,-2.00534,-7.22631,-0.617341,-7.22903,-3.38862,0.278651,0.372673,-0.527609,0.0864116,-0.00389028,0.0850152,-0.00444339,-0.117091,-0.534855,-0.961049,0.512342,-0.0227366,3.13033,-0.0459952,2.22596,0.0147022,3.27316,-0.0502168,-0.392031,-0.0198842,4.18606,0.00274128,3.13887,-0.0431015,0.52085,-0.0489976,1.00765,0.15637,-1.26066,1.2985,-3.84794,10.9001,-22.4646,11.7161,-1.6009,-5.63641,11.6251,-10.6651,4.73184,-0.986739,0.0254165,-0.0526193,-1.00862,2.02721,-25.1257,13.157,0,9.9993,-0.451018,7.69417,-4.0983,3.15937,0.0508662,0.00881722,-0.00250215,-0.978123,2.22203,-31.46,16.0425,18.626,-0.467938,7.94308,-4.00586,-9.30113,4.53438,0.0562061,0.0233956,-0.00795298,-0.0183931,1.51507,-1.51809,0.200783,0.225023,0.595817,1.04342,10.0648,6.20938,-0.216934,-0.806611,-1.39701,-0.124849,-0.17127,-1.19535,0.222129,0.162621,0.23554,-6.42762,-1.99988,-0.00389028,0,323,6.93889e-18,0,0,-2.60209e-17,2.08167e-17,2.0383e-17,3.33934e-17,7.069e-17,7.02563e-17,7.68699e-17,0,-0.534855,-0.158746,0.512341,-0.00399391,3.14159,2.22596,0.00294049,3.27316,-0.0100434,-0.392699,4.18606,0.000548953,3.13884,-0.00862029,0.523599,0,0,0,0.0861814,-0.00444339,-0.534855,0.512342,3.13033,2.22596,3.27316,-0.392031,4.18606,3.13887,0.52085,0.00346243,-1.86037,0.906922,2.30602e-05,-0.138314,-0.00367862,0.303014,-0.303617,0.00235345,0.0482719,0.0120888,1.00019,-10.4726,32.0794,4.18934,-0.960622,-1.78765,0.579091,-2.70998,-1.17282,1.55745
0.54,-6.42273,-2.00395,0.0989882,0.219836,-0.00122015,0.866794,-0.532639,-0.191659,0.511638,0.208547,3.13295,-2.25884,2.22961,-3.2966,3.2771,0.358098,-0.388373,-4.20744,4.18949,-3.14754,3.14255,-0.554273,0.524365,-5.37271,-2.00093,-7.73008,-0.409053,-7.70055,-3.66394,-4.82273,-2.00591,-7.22104,-0.617339,-7.22442,-3.38862,0.328623,0.368877,-0.529357,0.0907102,-0.00409714,0.0944838,-0.00491966,-0.0994709,-0.536338,-0.799354,0.510859,0.0111794,3.12885,-0.0465992,2.22591,0.0267368,3.2731,-0.0500826,-0.39209,-0.0206355,4.18579,0.0151397,3.1386,-0.0430295,0.520586,-0.0491315,1.00842,0.168703,-1.26182,1.30475,-3.94938,11.0928,-22.9529,12.0737,-1.07076,-5.28378,10.941,-10.2775,4.56296,-0.925456,0.0699562,-0.145365,-1.0547,2.19157,-25.0938,13.2351,0,9.7843,-0.465909,7.67325,-4.13081,3.10583,0.0611933,0.00805622,-0.00230965,-0.961321,2.31194,-31.563,16.1259,18.9196,-0.428606,7.9873,-4.02706,-9.44828,4.58555,0.0758327,0.0238181,-0.00811008,-0.018944,1.53218,-1.53528,0.200861,0.242196,0.645238,1.30331,9.68177,6.31734,-0.248744,-0.989854,-1.60579,-0.131912,-0.262294,-1.32637,0.219631,0.159849,0.23818,-6.42271,-1.99986,-0.00409714,0,345,6.93889e-18,6.93889e-18,1.04083e-17,-3.46945e-18,9.1073e-18,8.67362e-18,1.23057e-17,6.59195e-17,6.54858e-17,6.19079e-17,0,-0.536338,-0.138655,0.510859,0.00306636,3.14159,2.22591,0.00534747,3.2731,-0.0100165,-0.392699,4.18579,0.00302857,3.13858,-0.00860589,0.523599,0,0,0,0.0904448,-0.00491966,-0.536338,0.510859,3.12885,2.22591,3.2731,-0.39209,4.18579,3.1386,0.520586,0.00369951,-1.88976,0.917144,1.70017e-05,-0.149468,-0.0037888,0.306437,-0.307056,0.00314045,0.0483312,0.0121087,1.0002,-5.63411,26.7375,4.15981,-0.863075,-2.16449,0.593797,-2.53921,-1.59339,1.63697
0.56,-6.41758,-2.00414,0.104056,0.233335,-0.00145237,0.89466,-0.533867,-0.137373,0.511094,0.232314,3.13191,-2.26429,2.22975,-3.30059,3.2773,0.352889,-0.388225,-4.21023,4.18948,-3.14957,3.14259,-0.557093,0.524355,-5.36755,-2.00082,-7.72463,-0.40913,-7.69572,-3.66393,-4.81758,-2.00647,-7.21557,-0.617342,-7.21959,-3.38862,0.383402,0.364938,-0.531337,0.0953477,-0.00430559,0.104892,-0.00539991,-0.0336738,-0.537814,-0.618986,0.509383,0.0658031,3.12738,-0.0469916,2.2258,0.0401787,3.273,-0.049686,-0.392193,-0.0186159,4.18553,0.0277306,3.13833,-0.0429901,0.520322,-0.0492782,1.0093,0.182323,-1.26313,1.31199,-3.49433,11.3446,-23.5828,12.5985,-0.990311,-4.84308,10.074,-9.82561,4.43721,-0.863001,0.156704,-0.327041,-1.10588,2.37905,-25.0595,13.3276,0,9.54902,-0.485909,7.64931,-4.16879,3.04715,0.0721363,0.00604428,-0.00175386,-0.942734,2.46077,-31.6748,16.2221,19.2367,-0.414606,8.0345,-4.05132,-9.60687,4.63931,0.0962468,0.0240975,-0.00822284,-0.019403,1.55016,-1.55331,0.200949,0.253386,0.674958,1.39332,8.76182,6.1539,-0.272104,-1.18209,-1.83644,-0.139718,-0.364334,-1.46688,0.219294,0.156817,0.24096,-6.41759,-1.99984,-0.00430559,0,368,6.93889e-18,1.38778e-17,1.38778e-17,-3.81639e-17,-2.51535e-17,-2.34188e-17,-1.95156e-17,1.09288e-16,1.09288e-16,1.00072e-16,0,-0.537814,-0.113004,0.509382,0.0139122,3.14159,2.2258,0.00803597,3.273,-0.0099372,-0.392699,4.18553,0.00554703,3.13832,-0.00859801,0.523599,0,0,0,0.0950407,-0.00539991,-0.537814,0.509383,3.12738,2.2258,3.273,-0.392193,4.18553,3.13833,0.520322,0.00394753,-1.9215,0.927902,1.99177e-05,-0.15563,-0.0038806,0.310031,-0.310662,0.00396105,0.0483934,0.0121296,1.00021,-2.32586,21.7732,3.85004,-0.60192,-2.61464,0.618269,-2.33956,-2.06447,1.71646
0.58,-6.41213,-2.00441,0.110018,0.248448,-0.001746,0.922767,-0.534362,-0.0864672,0.511247,0.250257,3.13164,-2.26994,2.22995,-3.30468,3.27756,0.347635,-0.38802,-4.21293,4.1895,-3.15155,3.14266,-0.559707,0.524379,-5.3621,-2.00128,-7.71882,-0.409261,-7.69067,-3.66397,-4.81213,-2.0072,-7.20971,-0.617371,-7.21455,-3.38865,0.43473,0.360903,-0.533269,0.100205,-0.00459064,0.115809,-0.00595253,0.0620367,-0.538568,-0.450596,0.508629,0.132661,3.12663,-0.047358,2.22575,0.0542129,3.27294,-0.0490472,-0.392251,-0.0171847,4.1853,0.0413868,3.1381,-0.0430026,0.520084,-0.0494364,1.01026,0.196698,-1.26459,1.32009,-2.62638,11.6285,-24.2979,13.2448,-1.21688,-4.40163,9.20184,-9.40206,4.38728,-0.793354,0.27975,-0.586788,-1.14854,2.58034,-25.0216,13.4289,0,9.30319,-0.510264,7.62382,-4.21065,2.98561,0.0829303,0.00280188,-0.000823565,-0.923038,2.60054,-31.7981,16.332,19.575,-0.388954,8.08529,-4.07883,-9.77541,4.69625,0.118979,0.0241517,-0.00826389,-0.019694,1.56919,-1.57238,0.201046,0.298105,0.75564,1.40535,7.56414,5.88233,-0.282639,-1.37642,-2.05236,-0.134773,-0.462437,-1.59697,0.22145,0.153639,0.243906,-6.41224,-1.99982,-0.00459064,0,392,6.93889e-18,2.77556e-17,2.77556e-17,-3.46945e-17,-4.33681e-17,-4.25007e-17,-3.78793e-17,-1.99493e-17,-1.99493e-17,-7.37257e-18,0,-0.538568,-0.0856567,0.508633,0.0267262,3.14159,2.22575,0.0108428,3.27294,-0.00980944,-0.392699,4.1853,0.00827856,3.13808,-0.00860052,0.523599,0,0,0,0.0998494,-0.00595253,-0.538568,0.508629,3.12663,2.22575,3.27294,-0.392251,4.1853,3.1381,0.520084,0.00420653,-1.95522,0.939295,2.2404e-05,-0.148954,-0.0039388,0.313839,-0.314476,0.00495021,0.0484583,0.0121514,1.00022,1.14145,17.4152,3.18528,-0.145265,-3.10874,0.624594,-1.78372,-2.6423,1.78804
0.6,-6.40628,-2.00476,0.117449,0.266875,-0.0022017,0.952115,-0.533865,-0.0417805,0.512232,0.266825,3.13235,-2.2768,2.23026,-3.31002,3.27792,0.341483,-0.387712,-4.21591,4.1895,-3.15382,3.14272,-0.562833,0.524383,-5.35626,-2.00264,-7.7124,-0.409406,-7.68546,-3.66395,-4.80629,-2.00828,-7.20323,-0.617361,-7.20933,-3.38864,0.479693,0.355615,-0.535476,0.105939,-0.00496924,0.127627,-0.00669983,0.159593,-0.538363,-0.325924,0.508835,0.199219,3.12683,-0.048963,2.22576,0.0680939,3.27296,-0.0483456,-0.392238,-0.018121,4.18501,0.0557054,3.13781,-0.0428348,0.51979,-0.0496258,1.01146,0.212406,-1.26645,1.32979,-1.67446,11.9326,-25.0855,13.9771,-1.56861,-4.04926,8.51559,-9.10861,4.40708,-0.731583,0.415278,-0.876454,-1.17704,2.79216,-24.9838,13.5421,0,9.04179,-0.537223,7.59957,-4.25726,2.91811,0.0928636,-0.00090192,0.000268598,-0.901396,2.69929,-31.9324,16.4663,19.9373,-0.336041,8.13885,-4.11265,-9.95634,4.75995,0.143235,0.0250089,-0.00859294,-0.0206642,1.59057,-1.5939,0.201167,0.371568,0.921353,1.46739,6.58029,5.89455,-0.342926,-1.62823,-2.30257,-0.149124,-0.57549,-1.74815,0.225429,0.150141,0.247185,-6.40622,-1.99979,-0.00496924,0,419,6.93889e-18,1.38778e-17,4.16334e-17,-1.38778e-17,-3.72966e-17,-3.90313e-17,-4.05763e-17,7.71952e-17,7.80626e-17,5.78964e-17,0,-0.538363,-0.0635339,0.508834,0.039299,3.14159,2.22576,0.0136191,3.27295,-0.00966912,-0.392699,4.18501,0.0111428,3.13778,-0.00856695,0.523599,0,0,0,0.10552,-0.00669983,-0.538363,0.508835,3.12683,2.22576,3.27296,-0.392238,4.18501,3.13781,0.51979,0.00449812,-1.99144,0.952045,2.72545e-05,-0.165124,-0.00413283,0.318115,-0.31878,0.00600445,0.0485315,0.0121759,1.00024,5.96153,14.027,2.33681,-0.266674,-3.44153,0.607591,-1.7183,-3.12867,1.8741
0.62,-6.39999,-2.00522,0.126845,0.289227,-0.00278131,0.983552,-0.532754,-0.0041677,0.513496,0.286715,3.13363,-2.28468,2.23058,-3.31598,3.27831,0.334501,-0.387385,-4.21899,4.18951,-3.1562,3.14279,-0.565971,0.524385,-5.34997,-2.00463,-7.70537,-0.409568,-7.67997,-3.66394,-4.8,-2.00967,-7.19613,-0.617359,-7.20384,-3.38863,0.517293,0.349713,-0.537793,0.113158,-0.0054581,0.142003,-0.00758209,0.231692,-0.537555,-0.286651,0.509642,0.252383,3.12763,-0.051038,2.22578,0.0841892,3.27298,-0.047483,-0.392218,-0.0179596,4.18471,0.0718199,3.13751,-0.0427877,0.519484,-0.0498572,1.01307,0.231695,-1.26892,1.3426,-1.05605,12.275,-26.0101,14.8094,-1.99109,-3.88404,8.23249,-9.08411,4.47181,-0.741399,0.532443,-1.13292,-1.19439,3.05665,-24.9436,13.6904,0,8.7292,-0.576525,7.57155,-4.31728,2.83598,0.103586,-0.0055933,0.00169329,-0.875104,2.83823,-32.0941,16.6432,20.3692,-0.286289,8.20181,-4.15723,-10.172,4.8362,0.171671,0.0253002,-0.00874536,-0.0212277,1.61607,-1.61947,0.201329,0.4698,1.11759,1.57185,6.30171,6.55743,-0.394382,-1.91025,-2.58156,-0.153841,-0.694466,-1.90422,0.23021,0.14588,0.251094,-6.39999,-1.99976,-0.0054581,0,447,1.38778e-17,2.77556e-17,1.38778e-17,2.42861e-17,2.60209e-17,2.86229e-17,3.11437e-17,-2.94903e-17,-2.86229e-17,-2.81893e-18,0,-0.537555,-0.0565287,0.509639,0.0494467,3.14159,2.22578,0.0168383,3.27297,-0.0094966,-0.392699,4.18471,0.0143664,3.13748,-0.00855754,0.523599,0,0,0,0.112649,-0.00758209,-0.537555,0.509642,3.12763,2.22578,3.27298,-0.392218,4.18471,3.13751,0.519484,0.00480077,-2.03461,0.967309,3.40914e-05,-0.168223,-0.00424555,0.323214,-0.323893,0.00728929,0.0486074,0.0122014,1.00027,9.99755,13.176,1.59314,-0.155023,-3.87324,0.585688,-1.3395,-3.7585,1.96478
0.64,-6.3932,-2.00576,0.138269,0.315286,-0.00344028,1.01715,-0.53122,0.0269922,0.514822,0.313384,3.13526,-2.29369,2.23098,-3.32294,3.27878,0.327121,-0.386985,-4.22201,4.18952,-3.15854,3.14288,-0.56897,0.524404,-5.34319,-2.00707,-7.69775,-0.409788,-7.67409,-3.66396,-4.79321,-2.01127,-7.18843,-0.617377,-7.19796,-3.38864,0.548143,0.342818,-0.540065,0.122361,-0.00603396,0.159325,-0.00856561,0.276412,-0.536346,-0.338674,0.510852,0.286094,3.12885,-0.0519754,2.22585,0.100722,3.27305,-0.0470474,-0.392144,-0.0166072,4.1844,0.0889275,3.1372,-0.0427624,0.519173,-0.0501517,1.01526,0.255251,-1.27227,1.35961,-0.853139,12.6767,-27.1386,15.7899,-2.55027,-3.91791,8.3911,-9.37256,4.55888,-0.855622,0.614889,-1.32232,-1.20991,3.40049,-24.9078,13.8843,0,8.36532,-0.64688,7.54334,-4.39407,2.73863,0.113508,-0.0084233,0.00260132,-0.844431,3.02076,-32.2833,16.8759,20.8736,-0.243835,8.27258,-4.21578,-10.4235,4.92697,0.203222,0.0254673,-0.00887868,-0.0217445,1.64641,-1.64987,0.20155,0.571155,1.30296,1.68014,6.73153,7.82828,-0.450227,-2.23834,-2.89779,-0.151165,-0.810578,-2.0536,0.235257,0.140824,0.255732,-6.39332,-1.99973,-0.00603396,0,477,0,0,-1.38778e-17,3.46945e-17,-4.94396e-17,-4.94396e-17,-4.8247e-17,-1.82146e-17,-1.9082e-17,1.76725e-17,0,-0.536346,-0.0670654,0.510852,0.0560409,3.14159,2.22585,0.0201448,3.27305,-0.00940948,-0.392699,4.1844,0.0177886,3.13717,-0.00855247,0.523599,0,0,0,0.12172,-0.00856561,-0.536346,0.510852,3.12885,2.22585,3.27305,-0.392144,4.1844,3.1372,0.519173,0.00512532,-2.08495,0.985471,3.87444e-05,-0.160982,-0.00434889,0.329282,-0.329974,0.00872434,0.0486889,0.0122287,1.00029,12.1776,15.0021,1.04424,0.0323082,-4.35242,0.553891,-0.736816,-4.47493,2.05691
0.66,-6.38588,-2.00634,0.151315,0.344126,-0.00413,1.05217,-0.529466,0.0526069,0.516074,0.347014,3.13704,-2.30428,2.23155,-3.33174,3.27941,0.319401,-0.386421,-4.22498,4.18953,-3.1608,3.14296,-0.571949,0.524416,-5.33588,-2.00972,-7.68958,-0.410108,-7.66772,-3.66399,-4.78589,-2.01295,-7.18015,-0.617408,-7.19159,-3.38867,0.573237,0.334092,-0.542255,0.133615,-0.00665259,0.179488,-0.00961268,0.296279,-0.534949,-0.464666,0.512249,0.299314,3.13024,-0.0518118,2.22606,0.117098,3.27326,-0.0472369,-0.391936,-0.0146118,4.18405,0.106673,3.13685,-0.0426972,0.518821,-0.0505247,1.01817,0.28316,-1.27665,1.38159,-1.09257,13.1542,-28.5283,16.9662,-3.20768,-4.12256,8.94737,-9.96144,4.65436,-1.07173,0.659453,-1.43722,-1.22747,3.82606,-24.8783,14.1311,0,7.95379,-0.750814,7.51684,-4.49083,2.62665,0.121871,-0.00821659,0.00259832,-0.809682,3.23173,-32.4979,17.1719,21.4445,-0.203026,8.35005,-4.2903,-10.7085,5.03216,0.237529,0.0257848,-0.00909239,-0.022444,1.68158,-1.68513,0.201842,0.652336,1.44199,1.75065,7.6442,9.43037,-0.529472,-2.64975,-3.25746,-0.148248,-0.923053,-2.20147,0.240285,0.135008,0.261101,-6.38599,-1.99969,-0.00665259,0,510,-6.93889e-18,-1.38778e-17,0,0,8.67362e-18,1.21431e-17,1.53415e-17,-8.67362e-17,-8.84709e-17,-9.7795e-17,0,-0.534949,-0.092102,0.512244,0.058752,3.14159,2.22606,0.0234202,3.27326,-0.00944737,-0.392699,4.18405,0.0213385,3.13681,-0.00853945,0.523599,0,0,0,0.132786,-0.00961268,-0.534949,0.512249,3.13024,2.22606,3.27326,-0.391936,4.18405,3.13685,0.518821,0.00548268,-2.14197,1.00652,4.37161e-05,-0.152956,-0.00448879,0.336317,-0.337027,0.010243,0.0487787,0.0122589,1.00032,12.3769,18.8757,0.701002,0.139734,-4.83973,0.48878,-0.121,-5.21835,2.16091
0.68,-6.37798,-2.00694,0.165546,0.374828,-0.00483492,1.08925,-0.527801,0.0847122,0.517411,0.380763,3.13877,-2.31664,2.23214,-3.34198,3.28007,0.310575,-0.385834,-4.228,4.18959,-3.16319,3.14309,-0.574895,0.524478,-5.328,-2.01236,-7.68083,-0.410446,-7.66079,-3.66404,-4.778,-2.01467,-7.17127,-0.617446,-7.18467,-3.38869,0.604941,0.323926,-0.544579,0.146529,-0.00729469,0.201997,-0.0107078,0.292615,-0.533674,-0.546765,0.513524,0.327326,3.13152,-0.0537394,2.22626,0.135273,3.27346,-0.047838,-0.391736,-0.0107169,4.18372,0.124427,3.13652,-0.0426568,0.518487,-0.0509792,1.02182,0.315003,-1.2821,1.40876,-1.8356,13.7166,-30.2163,18.3666,-3.4118,-4.2665,9.40812,-10.5028,4.73223,-1.28272,0.745899,-1.65177,-1.24104,4.30419,-24.8553,14.4396,0,7.49826,-0.86653,7.48878,-4.6106,2.49984,0.129695,-0.00579325,0.00188531,-0.770692,3.49249,-32.7401,17.5356,22.0691,-0.178935,8.43357,-4.38152,-11.0193,5.14804,0.27372,0.0259992,-0.00930036,-0.0230923,1.72036,-1.72399,0.202206,0.711551,1.53509,1.85412,8.374,11.0653,-0.618249,-3.13241,-3.69705,-0.151387,-1.03968,-2.34601,0.24461,0.128433,0.267018,-6.378,-1.99964,-0.00729469,0,546,-2.77556e-17,-2.77556e-17,-1.38778e-17,-4.85723e-17,-1.9082e-17,-1.73472e-17,-1.5992e-17,-1.56125e-17,-1.73472e-17,-7.15573e-18,0,-0.533674,-0.108673,0.513523,0.0642198,3.14159,2.22626,0.0270553,3.27346,-0.0095676,-0.392699,4.18372,0.02489,3.13648,-0.00853135,0.523599,0,0,0,0.145442,-0.0107078,-0.533674,0.513524,3.13152,2.22626,3.27346,-0.391736,4.18372,3.13652,0.518487,0.00587293,-2.20416,1.0297,4.78071e-05,-0.148333,-0.00461846,0.344072,-0.344798,0.0117934,0.0488768,0.0122918,1.00036,14.7244,21.714,0.248501,0.320429,-5.38871,0.432597,0.344013,-5.94353,2.25936
0.7,-6.36949,-2.00746,0.179798,0.405684,-0.00552389,1.12562,-0.526073,0.114023,0.518663,0.414845,3.14056,-2.33201,2.23271,-3.35478,3.28072,0.299158,-0.385265,-4.23151,4.1897,-3.16582,3.14327,-0.578662,0.524599,-5.31951,-2.01494,-7.6715,-0.410714,-7.65321,-3.66406,-4.76951,-2.0163,-7.16182,-0.617422,-7.17713,-3.38866,0.633723,0.311213,-0.547151,0.160683,-0.00786899,0.226419,-0.0118092,0.301163,-0.532359,-0.665497,0.514839,0.3523,3.13283,-0.0561064,2.22642,0.154569,3.27362,-0.048639,-0.391576,-0.00642774,4.18341,0.143229,3.13621,-0.0404374,0.518181,-0.0515121,1.02619,0.350433,-1.28861,1.4412,-2.51159,14.3958,-32.294,20.1408,-3.90232,-4.49638,10.1005,-11.2772,4.83464,-1.55523,0.832319,-1.87751,-1.26117,4.84532,-24.839,14.8135,0,7.01045,-1.00343,7.45831,-4.75498,2.36193,0.136047,-0.00200752,0.000675877,-0.728468,3.76532,-33.0126,17.9675,22.7463,-0.148434,8.52485,-4.48952,-11.3553,5.27357,0.309647,0.0351888,-0.0128022,-0.031912,1.76367,-1.76868,0.202642,0.712605,1.5428,1.81867,9.15499,12.7069,-0.768535,-3.74353,-4.28323,-0.175046,-1.16607,-2.46759,0.250078,0.121296,0.273434,-6.36957,-1.99959,-0.00786899,0,584,-1.38778e-17,1.38778e-17,-1.38778e-17,-1.38778e-17,-1.73472e-17,-1.56125e-17,-1.11063e-17,-7.45931e-17,-7.28584e-17,-4.4886e-17,0,-0.532359,-0.132514,0.514836,0.0691073,3.14159,2.22642,0.0309146,3.27362,-0.00972781,-0.392699,4.18341,0.0286507,3.13617,-0.00808748,0.523599,0,0,0,0.159261,-0.0118092,-0.532359,0.514839,3.13283,2.22642,3.27362,-0.391576,4.18341,3.13621,0.518181,0.00628532,-2.27136,1.05481,4.71178e-05,-0.171604,-0.0063824,0.352734,-0.353736,0.0134508,0.0489805,0.0123266,1.00039,13.7681,26.2234,-0.218157,0.110914,-5.89071,0.392127,0.180847,-6.47504,2.3134
0.72,-6.36041,-2.00794,0.193676,0.435954,-0.00618263,1.16144,-0.524487,0.148878,0.520028,0.445436,3.14227,-2.35097,2.23323,-3.37021,3.28134,0.28467,-0.384746,-4.23565,4.18997,-3.16924,3.14363,-0.582643,0.524897,-5.31044,-2.01734,-7.66161,-0.410936,-7.64496,-3.66414,-4.76044,-2.01783,-7.15183,-0.617378,-7.16896,-3.38861,0.668232,0.295876,-0.550506,0.174889,-0.00840512,0.252017,-0.0129134,0.303637,-0.531217,-0.719511,0.51598,0.397808,3.13398,-0.0584862,2.2265,0.177044,3.2737,-0.0496122,-0.391499,0.00158233,4.18324,0.163663,3.13605,-0.0381418,0.518021,-0.0520966,1.03099,0.388519,-1.29577,1.47774,-3.45747,15.1658,-34.7094,22.2218,-4.02149,-4.61115,10.5706,-11.9217,4.93128,-1.79874,0.980607,-2.25723,-1.2796,5.4377,-24.8131,15.2494,0,6.49917,-1.15345,7.41704,-4.92489,2.21698,0.142093,0.00323777,-0.00113497,-0.684248,4.1204,-33.3225,18.4576,23.4729,-0.145231,8.62627,-4.61094,-11.7124,5.40197,0.349941,0.0445072,-0.0164957,-0.0412094,1.80818,-1.81462,0.203117,0.693872,1.5135,1.79102,9.54918,14.1501,-0.947633,-4.48899,-5.0429,-0.207344,-1.32299,-2.59176,0.255411,0.113822,0.280037,-6.36048,-1.99953,-0.00840512,0,625,1.38778e-17,1.38778e-17,1.38778e-17,2.77556e-17,-4.85723e-17,-5.0307e-17,-4.88027e-17,1.23165e-16,1.21431e-16,1.09071e-16,0,-0.531217,-0.143664,0.515982,0.0777283,3.14159,2.2265,0.0354095,3.27369,-0.00992245,-0.392699,4.18324,0.032737,3.13601,-0.00762836,0.523599,0,0,0,0.173068,-0.0129134,-0.531217,0.51598,3.13398,2.2265,3.2737,-0.391499,4.18324,3.13605,0.518021,0.0067308,-2.34273,1.08047,3.99408e-05,-0.198812,-0.00824189,0.361636,-0.362924,0.0151808,0.0490927,0.0123642,1.00041,14.6462,29.2755,-0.831809,-0.0314389,-6.50819,0.380907,-0.147946,-7.03766,2.3194
0.74,-6.35077,-2.00827,0.205983,0.464336,-0.00680189,1.19449,-0.522913,0.178485,0.521208,0.473819,3.14394,-2.37595,2.23372,-3.39062,3.28193,0.264491,-0.38426,-4.24097,4.19034,-3.17379,3.14409,-0.587681,0.525283,-5.30081,-2.01952,-7.65122,-0.411026,-7.63608,-3.66415,-4.75081,-2.01915,-7.14133,-0.617219,-7.16018,-3.38844,0.697348,0.27557,-0.554977,0.18874,-0.00880321,0.278328,-0.0140114,0.326626,-0.530123,-0.816401,0.517075,0.438671,3.13506,-0.0602741,2.22651,0.20249,3.2737,-0.0504631,-0.391491,0.00721543,4.18313,0.18887,3.13593,-0.0352757,0.517912,-0.0527187,1.03604,0.428698,-1.30338,1.51775,-4.09923,16.0469,-37.5225,24.7369,-4.59389,-4.83043,11.3172,-12.8434,5.05597,-2.09893,1.12642,-2.64961,-1.30523,6.07344,-24.771,15.7441,0,5.97582,-1.31567,7.36236,-5.12059,2.06799,0.147318,0.00829803,-0.00304792,-0.638716,4.41069,-33.6686,18.9955,24.2614,-0.0789147,8.74097,-4.74383,-12.0982,5.53604,0.400159,0.0559359,-0.0211359,-0.0528979,1.85502,-1.86326,0.203616,0.615368,1.41915,1.65227,10.0325,15.5491,-1.24905,-5.48522,-6.08742,-0.266012,-1.53234,-2.7523,0.262007,0.106154,0.286955,-6.35074,-1.99947,-0.00880321,0,669,1.38778e-17,2.77556e-17,1.38778e-17,-6.245e-17,1.04083e-17,1.38778e-17,1.38236e-17,7.11237e-17,7.28584e-17,6.54858e-17,0,-0.530123,-0.16321,0.517069,0.0854913,3.14159,2.22651,0.0404986,3.2737,-0.0100926,-0.392699,4.18313,0.037778,3.13591,-0.00705513,0.523599,0,0,0,0.186466,-0.0140114,-0.530123,0.517075,3.13506,2.22651,3.2737,-0.391491,4.18313,3.13593,0.517912,0.00720951,-2.41985,1.10728,3.37895e-05,-0.266876,-0.0105796,0.371005,-0.372652,0.0168916,0.0492133,0.0124047,1.00043,11.7236,34.1544,-1.44243,-0.759077,-7.09536,0.390445,-1.18828,-7.56465,2.29979
0.76,-6.34057,-2.00826,0.214186,0.486031,-0.00700824,1.21983,-0.521668,0.195073,0.521752,0.499616,3.1452,-2.40683,2.23436,-3.41735,3.28269,0.239421,-0.383619,-4.24723,4.19081,-3.17951,3.14469,-0.592507,0.525755,-5.29061,-2.02054,-7.64086,-0.411184,-7.62604,-3.6642,-4.74061,-2.01947,-7.13084,-0.617049,-7.15027,-3.38826,0.713215,0.248965,-0.560571,0.201,-0.00887202,0.305462,-0.0147189,0.323192,-0.529379,-0.99087,0.517819,0.450344,3.13582,-0.0529201,2.22665,0.231512,3.27385,-0.0512688,-0.391348,0.0157689,4.1831,0.220644,3.1359,-0.0357265,0.517879,-0.0533241,1.04082,0.470809,-1.31048,1.55947,-5.55459,17.002,-40.6473,27.5069,-5.10157,-5.2896,12.6764,-14.2457,5.16301,-2.54602,1.20885,-2.90741,-1.33082,6.79274,-24.6848,16.2967,0,5.44557,-1.51339,7.28311,-5.34637,1.92151,0.152015,0.0136637,-0.0053066,-0.593889,4.74876,-34.0389,19.5471,25.1377,0.00376505,8.86975,-4.87924,-12.5249,5.67219,0.471694,0.0540078,-0.0207715,-0.0522476,1.90077,-1.90883,0.204086,0.410146,1.08473,1.26725,10.7867,16.8293,-1.54424,-6.78943,-7.37346,-0.312935,-1.79477,-2.98782,0.267603,0.0986406,0.294057,-6.34058,-1.99939,-0.00887202,0,715,0,0,0,3.46945e-17,-1.04083e-17,-1.38778e-17,-1.24141e-17,1.02349e-16,9.88792e-17,9.19403e-17,0,-0.529379,-0.19809,0.517822,0.0878055,3.14159,2.22665,0.0463031,3.27384,-0.0102538,-0.392699,4.1831,0.0441342,3.13587,-0.0071453,0.523599,0,0,0,0.198273,-0.0147189,-0.529379,0.517819,3.13582,2.22665,3.27385,-0.391348,4.1831,3.1359,0.517879,0.00771065,-2.50524,1.13452,4.10723e-05,-0.321733,-0.0104495,0.380155,-0.381766,0.0187917,0.0493397,0.0124472,1.00044,-2.34457,43.5394,-2.18979,-0.593878,-8.17309,0.357798,-1.60476,-8.56894,2.30814
0.78,-6.32979,-2.00814,0.218944,0.50222,-0.00706292,1.24031,-0.521441,0.211649,0.521504,0.519627,3.14544,-2.44136,2.23473,-3.44641,3.28323,0.208552,-0.383248,-4.25395,4.19136,-3.1855,3.1454,-0.597468,0.52631,-5.27982,-2.02063,-7.63008,-0.411207,-7.61517,-3.66429,-4.72983,-2.01944,-7.11998,-0.616882,-7.13955,-3.38809,0.729303,0.220061,-0.566419,0.208994,-0.00883456,0.328646,-0.0153082,0.290275,-0.529686,-1.10838,0.517511,0.461398,3.13551,-0.0555997,2.22648,0.27135,3.27368,-0.051908,-0.391512,0.0175477,4.18311,0.259547,3.13591,-0.0364256,0.517895,-0.0537932,1.0441,0.507026,-1.31552,1.59427,-7.85697,17.852,-43.4829,29.9647,-4.82623,-5.6676,13.842,-15.4253,5.22302,-2.96969,1.29455,-3.17218,-1.34457,7.35198,-24.5339,16.8178,0,4.97023,-1.62149,7.16901,-5.56927,1.78698,0.161047,0.0183097,-0.00754607,-0.552716,4.86523,-34.3946,20.0122,26.0044,0.230935,9.00197,-4.99258,-12.9444,5.79338,0.559442,0.0513255,-0.0199923,-0.0507254,1.94151,-1.94924,0.204407,0.237908,0.809466,1.02362,11.4359,17.8261,-1.72634,-8.22433,-8.95625,-0.335792,-2.06725,-3.23036,0.27093,0.0917968,0.30056,-6.32976,-1.9993,-0.00883456,0,764,1.38778e-17,5.55112e-17,2.77556e-17,-6.93889e-18,3.46945e-18,-3.46945e-18,-4.60786e-18,1.17961e-16,1.21431e-16,1.18829e-16,0,-0.529686,-0.221613,0.517512,0.0899321,3.14159,2.22648,0.0542704,3.27368,-0.0103816,-0.392699,4.18311,0.0519148,3.13589,-0.00728512,0.523599,0,0,0,0.205941,-0.0153082,-0.529686,0.517511,3.13551,2.22648,3.27368,-0.391512,4.18311,3.13591,0.517895,0.00824525,-2.58911,1.15875,3.54026e-05,-0.358594,-0.0101451,0.388302,-0.389848,0.0215832,0.0494746,0.0124925,1.00044,-12.8417,50.6405,-2.58079,0.776573,-9.77703,0.42021,-1.10143,-9.92992,2.30019
0.8,-6.3184,-2.00803,0.221928,0.515667,-0.0071301,1.25773,-0.521147,0.227336,0.521451,0.534138,3.14579,-2.47908,2.23505,-3.47818,3.28373,0.173569,-0.382932,-4.26077,4.19187,-3.19158,3.14608,-0.602842,0.526811,-5.26844,-2.02079,-7.61866,-0.411206,-7.60374,-3.66436,-4.71844,-2.01944,-7.1085,-0.616722,-7.12826,-3.38793,0.744591,0.188484,-0.572317,0.213384,-0.00882525,0.348131,-0.0159326,0.301983,-0.52995,-1.19378,0.517248,0.481395,3.13524,-0.0602989,2.22625,0.314977,3.27344,-0.0523559,-0.391755,0.0154887,4.18306,0.302663,3.13587,-0.0371202,0.517834,-0.0541298,1.04595,0.537342,-1.31871,1.62199,-8.83766,18.6105,-46.0274,32.3439,-5.13512,-5.9401,14.7337,-16.4315,5.30304,-3.27295,1.39455,-3.46985,-1.36356,7.79763,-24.3366,17.2811,0,4.56691,-1.68484,7.03623,-5.77769,1.67029,0.170784,0.0217446,-0.00949638,-0.516915,4.83158,-34.7255,20.3897,26.84,0.55203,9.13391,-5.08458,-13.3485,5.8983,0.657037,0.0488491,-0.0191908,-0.0492416,1.97678,-1.98419,0.204588,0.149167,0.672306,0.871251,11.8301,18.5294,-1.88623,-9.79649,-10.7348,-0.341123,-2.34578,-3.49426,0.275298,0.0858574,0.306211,-6.31851,-1.99921,-0.00882525,0,815,1.38778e-17,-2.77556e-17,-2.77556e-17,1.38778e-17,-2.42861e-17,-1.73472e-17,-1.75099e-17,2.42861e-17,2.42861e-17,3.42608e-17,0,-0.52995,-0.238735,0.517249,0.093671,3.14159,2.22625,0.0629971,3.27344,-0.0104712,-0.392699,4.18306,0.0605416,3.13583,-0.00742404,0.523599,0,0,0,0.210142,-0.0159326,-0.52995,0.517248,3.13524,2.22625,3.27344,-0.391755,4.18306,3.13587,0.517834,0.00880252,-2.67005,1.17976,5.19531e-05,-0.373154,-0.00984832,0.395356,-0.396838,0.0251584,0.0496154,0.0125398,1.00044,-19.9846,55.7863,-2.89116,2.38557,-11.5043,0.504712,0.128451,-11.5956,2.31297
0.82,-6.30635,-2.00792,0.223904,0.527948,-0.00722072,1.2736,-0.520824,0.240472,0.521395,0.548716,3.14614,-2.52156,2.23531,-3.51363,3.28417,0.13288,-0.38267,-4.2679,4.1924,-3.19784,3.14678,-0.608748,0.527346,-5.25639,-2.021,-7.60654,-0.411151,-7.59168,-3.66442,-4.70639,-2.01947,-7.09632,-0.616536,-7.11633,-3.38774,0.757322,0.153217,-0.578407,0.215876,-0.00881967,0.365832,-0.0166252,0.322125,-0.530228,-1.28724,0.516969,0.494567,3.13496,-0.0635333,2.2259,0.35937,3.2731,-0.052609,-0.392099,0.0156411,4.18299,0.346338,3.13579,-0.0370634,0.517759,-0.054402,1.04702,0.564777,-1.32093,1.64618,-9.48124,19.3188,-48.4336,34.6709,-5.63796,-6.23677,15.6849,-17.4959,5.38219,-3.55231,1.47197,-3.71291,-1.38342,8.19526,-24.1148,17.7191,0,4.21249,-1.73516,6.89303,-5.98077,1.5642,0.179291,0.0236965,-0.0109585,-0.484238,4.82286,-35.0442,20.727,27.6597,0.86367,9.26463,-5.16657,-13.7434,5.99179,0.755804,0.0494565,-0.0195616,-0.0507894,2.00873,-2.01628,0.204693,0.0987998,0.614058,0.793524,12.2908,19.2137,-2.12367,-11.5561,-12.7848,-0.356417,-2.6323,-3.76302,0.27952,0.0804313,0.311181,-6.30639,-1.9991,-0.00881967,0,870,0,2.77556e-17,2.77556e-17,-1.38778e-17,-4.51028e-17,-4.51028e-17,-4.34765e-17,5.89806e-17,4.85723e-17,4.81386e-17,0,-0.530228,-0.257442,0.516969,0.0961266,3.14159,2.2259,0.0718758,3.27309,-0.0105218,-0.392699,4.18299,0.0692787,3.13575,-0.00741268,0.523599,0,0,0,0.212523,-0.0166252,-0.530228,0.516969,3.13496,2.2259,3.2731,-0.392099,4.18299,3.13579,0.517759,0.00940446,-2.74909,1.19847,5.87396e-05,-0.396592,-0.0101579,0.401746,-0.403256,0.028807,0.0497676,0.0125909,1.00044,-24.5921,60.0563,-2.94647,3.55842,-13.1222,0.618125,1.01733,-13.1916,2.31783
0.84,-6.29362,-2.0078,0.225394,0.539815,-0.00731485,1.28876,-0.520479,0.252213,0.521331,0.564471,3.14649,-2.57013,2.23568,-3.55529,3.28474,0.0866082,-0.382288,-4.2753,4.19303,-3.20428,3.14759,-0.615103,0.527988,-5.24366,-2.02122,-7.59376,-0.411154,-7.5789,-3.66453,-4.69367,-2.0195,-7.08347,-0.616343,-7.10374,-3.38755,0.768648,0.111743,-0.584678,0.21728,-0.00882493,0.383227,-0.0173552,0.337046,-0.530519,-1.38834,0.516679,0.50181,3.13467,-0.062946,2.22564,0.404538,3.27284,-0.0529037,-0.392354,0.0193798,4.18299,0.391379,3.13579,-0.0354547,0.517752,-0.0546386,1.04763,0.591647,-1.32259,1.66927,-10.3111,20.0249,-50.8692,37.0511,-6.06621,-6.57397,16.756,-18.6661,5.45422,-3.84953,1.5339,-3.92075,-1.4021,8.58662,-23.8671,18.1601,0,3.88595,-1.78796,6.73949,-6.19119,1.46258,0.185644,0.0260714,-0.0127869,-0.452946,4.88771,-35.3716,21.0573,28.5096,1.15024,9.39984,-5.24636,-14.1502,6.08047,0.856398,0.0561852,-0.0223602,-0.0587729,2.04012,-2.04875,0.204753,0.0744991,0.593344,0.758109,12.8297,19.9481,-2.42883,-13.6204,-15.1146,-0.370019,-2.92279,-4.01084,0.283324,0.0752189,0.315855,-6.29364,-1.99897,-0.00882493,0,928,0,2.77556e-17,0,6.93889e-18,-2.42861e-17,-2.42861e-17,-2.43945e-17,-7.28584e-17,-7.63278e-17,-8.50015e-17,0,-0.530519,-0.277664,0.516678,0.0974823,3.14159,2.22564,0.0809086,3.27284,-0.0105807,-0.392699,4.18299,0.0782881,3.13575,-0.00709093,0.523599,0,0,0,0.213863,-0.0173552,-0.530519,0.516679,3.13467,2.22564,3.27284,-0.392354,4.18299,3.13579,0.517752,0.0100403,-2.83045,1.21621,5.93797e-05,-0.411331,-0.0117546,0.408023,-0.409751,0.0324396,0.0499285,0.012645,1.00044,-27.5848,63.8879,-2.8322,4.60103,-14.7438,0.7046,1.98918,-14.8122,2.27613
0.86,-6.28021,-2.0077,0.226902,0.551746,-0.00739695,1.30366,-0.520081,0.2633,0.521305,0.581324,3.14688,-2.62525,2.23622,-3.60491,3.28548,0.033333,-0.381759,-4.28262,4.1937,-3.21035,3.14846,-0.622026,0.528682,-5.23025,-2.02147,-7.58034,-0.411255,-7.56542,-3.66467,-4.68026,-2.01953,-7.06994,-0.616175,-7.09044,-3.38738,0.779316,0.0623311,-0.590573,0.21814,-0.00886119,0.400852,-0.0181072,0.348559,-0.530791,-1.49296,0.516406,0.505286,3.1344,-0.0609872,2.22551,0.451584,3.2727,-0.0531532,-0.392495,0.0229041,4.18299,0.43922,3.13579,-0.0304718,0.51775,-0.0548618,1.04801,0.618898,-1.32401,1.69253,-11.3452,20.7655,-53.4569,39.6001,-6.4135,-6.94554,17.9442,-19.955,5.52324,-4.16574,1.58838,-4.11472,-1.42066,8.97057,-23.595,18.6221,0,3.57877,-1.83791,6.57519,-6.41677,1.36041,0.18978,0.0282238,-0.0147241,-0.421415,4.9223,-35.7132,21.3941,29.4125,1.47486,9.54209,-5.32774,-14.5812,6.1705,0.959471,0.0760028,-0.0304266,-0.0810206,2.07398,-2.08579,0.20479,0.0754078,0.596552,0.744557,13.3909,20.6848,-2.75572,-16.0748,-17.7861,-0.366226,-3.1925,-4.20516,0.286941,0.0699664,0.320566,-6.28024,-1.99883,-0.00886119,0,989,-1.38778e-17,-2.77556e-17,-2.77556e-17,-6.93889e-17,2.08167e-17,1.73472e-17,2.0383e-17,-2.42861e-17,-2.77556e-17,-9.97466e-18,0,-0.530791,-0.298585,0.516407,0.0980929,3.14159,2.22551,0.0903191,3.2727,-0.0106306,-0.392699,4.18299,0.0878593,3.13574,-0.00609436,0.523599,0,0,0,0.214683,-0.0181072,-0.530791,0.516406,3.1344,2.22551,3.2727,-0.392495,4.18299,3.13579,0.51775,0.0107103,-2.91671,1.23423,6.82193e-05,-0.402251,-0.0162041,0.414797,-0.417158,0.0358949,0.0500983,0.012702,1.00044,-29.4429,67.3596,-2.61512,5.85609,-16.4717,0.753847,3.59036,-16.5388,2.17957
0.88,-6.26612,-2.00761,0.228793,0.564452,-0.00753145,1.31872,-0.519465,0.273179,0.521476,0.600263,3.14746,-2.68893,2.23683,-3.66481,3.28632,-0.0300747,-0.381143,-4.29046,4.19479,-3.21783,3.14972,-0.628471,0.529785,-5.21616,-2.02194,-7.56619,-0.411383,-7.55121,-3.665,-4.66617,-2.01966,-7.05566,-0.615987,-7.07653,-3.38719,0.788788,0.00264877,-0.597893,0.218984,-0.00893509,0.418753,-0.018946,0.368837,-0.530879,-1.60272,0.516318,0.501368,3.13431,-0.0610625,2.22542,0.500554,3.27261,-0.0533781,-0.392582,0.0391436,4.18337,0.481756,3.13617,-0.0279786,0.518136,-0.0550944,1.04838,0.646831,-1.32552,1.71688,-12.1366,21.5661,-56.2855,42.4504,-6.95165,-7.34881,19.2531,-21.3988,5.60128,-4.46198,1.62297,-4.26286,-1.44438,9.33589,-23.3065,19.1155,0,3.29085,-1.87865,6.40214,-6.66088,1.25459,0.190963,0.0304157,-0.016929,-0.388735,5.33289,-36.0806,21.7686,30.3217,1.58509,9.68321,-5.41575,-15.0034,6.25062,1.05662,0.0863741,-0.0348468,-0.0936807,2.10364,-2.11715,0.204827,0.0945761,0.635343,0.753019,13.8951,21.2461,-3.18415,-19.0392,-20.9623,-0.391829,-3.51188,-4.4161,0.290995,0.0645187,0.324727,-6.26621,-1.99868,-0.00893509,0,1053,-1.38778e-17,-2.77556e-17,0,-4.85723e-17,-3.81639e-17,-4.16334e-17,-4.18502e-17,6.245e-17,5.89806e-17,8.2833e-17,0,-0.530879,-0.320537,0.516318,0.0970566,3.14159,2.22542,0.100112,3.27261,-0.0106756,-0.392699,4.18337,0.0963665,3.13613,-0.00559572,0.523599,0,0,0,0.215487,-0.018946,-0.530879,0.516318,3.13431,2.22542,3.27261,-0.392582,4.18337,3.13617,0.518136,0.0114145,-3.00114,1.25025,6.39497e-05,-0.405669,-0.0187361,0.420728,-0.423429,0.0394705,0.050277,0.0127621,1.00045,-29.5454,70.0294,-2.24476,6.86748,-18.132,0.7862,4.19449,-18.0712,1.99849
0.9,-6.25136,-2.00755,0.231266,0.579116,-0.0078532,1.33484,-0.518404,0.281486,0.522043,0.624,3.14843,-2.76778,2.2372,-3.7407,3.28694,-0.115719,-0.380768,-4.29948,4.19629,-3.2277,3.1514,-0.634611,0.531278,-5.20141,-2.02297,-7.55106,-0.411255,-7.53648,-3.66539,-4.65141,-2.02011,-7.04046,-0.615668,-7.06222,-3.38686,0.796688,-0.0729963,-0.60758,0.220194,-0.00904445,0.437508,-0.0200065,0.40456,-0.530557,-1.72476,0.516641,0.482783,3.13464,-0.0644547,2.22505,0.552135,3.27225,-0.053458,-0.392947,0.0530063,4.18413,0.527182,3.13693,-0.0309436,0.518898,-0.0553535,1.04892,0.676581,-1.3275,1.74386,-12.3833,22.4583,-59.4908,45.7817,-7.90458,-7.80231,20.7524,-23.0948,5.69743,-4.71264,1.61323,-4.30128,-1.479,9.69246,-23.0018,19.6677,0,3.01684,-1.91033,6.21327,-6.93193,1.14079,0.188645,0.0315522,-0.0188321,-0.353541,5.68018,-36.5134,22.2107,31.3255,1.75705,9.83935,-5.51843,-15.4594,6.33667,1.17452,0.0757458,-0.0308633,-0.0835784,2.13267,-2.14452,0.20488,0.123627,0.733179,0.80635,14.3315,21.518,-3.9422,-22.815,-25.2505,-0.451202,-3.93073,-4.72038,0.295966,0.0586583,0.329168,-6.25155,-1.99851,-0.00904445,0,1120,-1.38778e-17,-2.77556e-17,-2.77556e-17,1.11022e-16,-2.08167e-17,-4.51028e-17,-4.94396e-17,1.73472e-16,1.66533e-16,1.56992e-16,0,-0.530557,-0.34494,0.516643,0.0927631,3.14159,2.22505,0.110428,3.27224,-0.0106916,-0.392699,4.18413,0.105453,3.13689,-0.00618872,0.523599,0,0,0,0.21664,-0.0200065,-0.530557,0.516641,3.13464,2.22505,3.27225,-0.392947,4.18413,3.13693,0.518898,0.0121532,-3.09234,1.26746,6.30996e-05,-0.452544,-0.0167157,0.426534,-0.428904,0.0443279,0.0504646,0.0128251,1.00046,-25.865,71.125,-1.60206,6.70683,-19.5064,0.906828,3.80118,-19.7101,1.77772
0.92,-6.23596,-2.0076,0.235368,0.597598,-0.00844728,1.35323,-0.516485,0.288464,0.523376,0.655577,3.15018,-2.87144,2.23737,-3.84385,3.28739,-0.237053,-0.380595,-4.30905,4.19766,-3.23779,3.15303,-0.641319,0.532657,-5.186,-2.02503,-7.53486,-0.410922,-7.52151,-3.66561,-4.63601,-2.02111,-7.02422,-0.615249,-7.04763,-3.38643,0.803257,-0.175869,-0.617417,0.221969,-0.00928659,0.458897,-0.021385,0.460913,-0.529423,-1.86937,0.517775,0.443105,3.13577,-0.0659315,2.22444,0.607412,3.27163,-0.0533613,-0.393561,0.0447071,4.18472,0.590244,3.13753,-0.0341656,0.519497,-0.0556515,1.04972,0.711136,-1.33019,1.77645,-11.8525,23.5153,-63.3868,49.9772,-9.50977,-8.34336,22.5895,-25.2382,5.82329,-4.91859,1.53715,-4.17144,-1.53262,10.0864,-22.6569,20.3352,0,2.74615,-1.94708,5.99405,-7.25744,1.01319,0.181471,0.0311579,-0.0201613,-0.314,5.28383,-37.0343,22.7419,32.5768,2.43247,10.0365,-5.6461,-16.0381,6.4553,1.34242,0.0639867,-0.0263699,-0.072111,2.17237,-2.18241,0.20496,0.205123,0.924121,0.919544,14.7116,21.4561,-5.18323,-27.9642,-31.3148,-0.478109,-4.36632,-5.06453,0.302465,0.0520896,0.335284,-6.23604,-1.99831,-0.00928659,0,1191,-1.38778e-17,0,0,1.04083e-16,-6.93889e-18,-6.93889e-18,-6.93889e-18,1.52656e-16,1.52656e-16,1.52222e-16,0,-0.529423,-0.373861,0.517776,0.0838121,3.14159,2.22444,0.121484,3.27163,-0.0106723,-0.392699,4.18472,0.118065,3.13749,-0.00683312,0.523599,0,0,0,0.218328,-0.021385,-0.529423,0.517775,3.13577,2.22444,3.27163,-0.393561,4.18472,3.13753,0.519497,0.0129377,-3.20802,1.29117,5.54565e-05,-0.480534,-0.0144222,0.434475,-0.436482,0.0514482,0.0506641,0.0128922,1.00047,-16.195,69.9802,-0.702943,5.20785,-20.5472,1.10568,4.94551,-22.12,1.60207
0.94,-6.2199,-2.00792,0.243246,0.621945,-0.00934622,1.37495,-0.513363,0.295588,0.525778,0.697934,3.15301,-3.00953,2.23739,-3.99337,3.28776,-0.417331,-0.380575,-4.31794,4.19867,-3.24669,3.15435,-0.648095,0.533669,-5.16994,-2.0285,-7.51756,-0.410545,-7.50641,-3.66569,-4.61997,-2.02287,-7.00692,-0.614863,-7.03282,-3.38602,0.809948,-0.32504,-0.626014,0.225436,-0.00982268,0.485074,-0.0230922,0.535694,-0.527109,-2.04768,0.520089,0.376002,3.13808,-0.0619645,2.22364,0.666247,3.27084,-0.053027,-0.394353,0.0297567,4.18493,0.665911,3.13773,-0.0368935,0.5197,-0.0560346,1.0513,0.754717,-1.33442,1.81995,-10.6089,24.8887,-68.6003,55.7074,-11.8751,-9.04584,25.0528,-28.1663,5.98711,-5.12269,1.37496,-3.81629,-1.61593,10.5559,-22.251,21.2144,0,2.47447,-1.99587,5.72825,-7.68251,0.862859,0.166672,0.0282994,-0.0202294,-0.267293,4.56384,-37.6338,23.422,34.0744,3.38195,10.273,-5.81573,-16.7455,6.60447,1.54964,0.0540521,-0.0226183,-0.0624536,2.22219,-2.2307,0.205117,0.39391,1.21732,1.08558,15.1034,21.0904,-6.90456,-35.4392,-40.3017,-0.444928,-4.7608,-5.41801,0.310855,0.0443439,0.342899,-6.22012,-1.9981,-0.00982268,0,1264,2.77556e-17,0,-2.77556e-17,6.93889e-17,-1.38778e-17,-2.08167e-17,-2.23346e-17,1.94289e-16,1.8735e-16,1.68268e-16,0,-0.527109,-0.409519,0.520089,0.0690264,3.14159,2.22364,0.133251,3.27084,-0.0106054,-0.392699,4.18493,0.1332,3.13769,-0.00737871,0.523599,0,0,0,0.221622,-0.0230922,-0.527109,0.520089,3.13808,2.22364,3.27084,-0.394353,4.18493,3.13773,0.5197,0.013746,-3.34953,1.32101,5.75353e-05,-0.402931,-0.0124907,0.444439,-0.446141,0.0607371,0.0508699,0.0129614,1.0005,1.01945,66.4046,0.235588,2.82132,-21.2639,1.35777,8.83464,-25.5264,1.53436
0.96,-6.20326,-2.00857,0.25674,0.653502,-0.0105607,1.40022,-0.5086,0.303958,0.529592,0.752124,3.15732,-3.19738,2.23723,-4.23485,3.28808,-0.731401,-0.380713,-4.32576,4.19957,-3.25452,3.15554,-0.654316,0.534584,-5.15329,-2.03372,-7.49919,-0.410168,-7.49118,-3.66579,-4.60335,-2.02547,-6.98858,-0.614563,-7.01785,-3.38569,0.817818,-0.566052,-0.633563,0.232843,-0.0107136,0.517504,-0.0251612,0.647596,-0.523201,-2.28181,0.523997,0.269881,3.14199,-0.0512445,2.22263,0.723239,3.26983,-0.0501875,-0.395362,0.0293737,4.18497,0.739875,3.13777,-0.0394104,0.519757,-0.0566197,1.05473,0.811685,-1.34178,1.88169,-7.30037,26.8303,-76.1665,64.1881,-15.9786,-10.0354,28.6379,-32.5013,6.21596,-5.34591,1.08012,-3.08844,-1.7544,11.1105,-21.7799,22.4339,0,2.21594,-2.05102,5.40407,-8.26473,0.68341,0.155891,-0.0143049,0.0115968,-0.209622,4.24652,-38.3113,24.3594,35.7247,4.16141,10.5312,-6.05212,-17.5287,6.7732,1.76433,0.0449973,-0.0192877,-0.0533457,2.27863,-2.28575,0.205457,0.674664,1.57784,1.26386,15.5642,20.291,-9.3925,-47.5208,-55.3937,-0.390618,-5.10739,-5.74173,0.322447,0.0350912,0.351343,-6.20335,-1.99786,-0.0107136,0,1341,0,2.77556e-17,2.77556e-17,1.38778e-17,-3.46945e-18,-2.08167e-17,-1.99764e-17,3.19189e-16,3.1225e-16,2.80592e-16,0,-0.523201,-0.456334,0.523999,0.0467306,3.14159,2.22263,0.144648,3.26983,-0.0100375,-0.392699,4.18497,0.147988,3.13775,-0.00788209,0.523599,0,0,0,0.228646,-0.0251612,-0.523201,0.523997,3.14199,2.22263,3.26983,-0.395362,4.18497,3.13777,0.519757,0.0146005,-3.50603,1.35471,3.70313e-05,-0.238265,-0.0106691,0.455726,-0.457149,0.0705584,0.0510878,0.0130346,1.00055,25.9676,60.7889,0.767213,-1.33594,-21.0927,1.61535,13.794,-29.2534,1.50713
0.98,-6.18612,-2.00966,0.277796,0.692421,-0.0120177,1.42873,-0.502339,0.317661,0.534664,0.817157,3.16292,-3.4477,2.23684,-4.70475,3.28871,-1.44246,-0.381026,-4.33137,4.20047,-3.26031,3.15672,-0.658583,0.5355,-5.13611,-2.04058,-7.47994,-0.409916,-7.47579,-3.66613,-4.58624,-2.02889,-6.96941,-0.614509,-7.00271,-3.38559,0.830999,-1.03501,-0.639087,0.246217,-0.0120595,0.557596,-0.0274859,0.779438,-0.517807,-2.57445,0.52939,0.110737,3.14739,-0.029999,2.22137,0.772498,3.26857,-0.0414037,-0.396621,0.0400493,4.185,0.810681,3.1378,-0.0417838,0.519802,-0.0575193,1.0612,0.887252,-1.35392,1.97002,-1.96543,29.7285,-87.742,77.1531,-21.9293,-11.4967,34.1224,-39.1052,6.50458,-5.71999,0.582067,-1.73056,-1.97755,11.7202,-21.2053,24.1839,0,2.00933,-2.07282,4.98674,-9.09541,0.471053,0.208595,-0.21613,0.206649,-0.137857,4.25963,-39.0922,25.6695,37.5347,4.81095,10.8106,-6.38285,-18.3878,6.97175,1.98799,0.0365114,-0.0162207,-0.0444189,2.34522,-2.35104,0.206093,1.05283,1.94599,1.42545,16.2787,19.0116,-12.5161,-71.0359,-87.675,-0.280902,-5.35206,-5.96257,0.336934,0.0241539,0.361119,-6.18641,-1.99761,-0.0120595,0,1419,0,2.77556e-17,2.77556e-17,-2.77556e-17,1.38778e-17,-4.16334e-17,-3.83808e-17,6.245e-17,6.93889e-17,8.1532e-17,0,-0.517807,-0.514855,0.529392,0.0164263,3.14159,2.22137,0.154496,3.26857,-0.00828074,-0.392699,4.185,0.162139,3.1378,-0.00835676,0.523599,0,0,0,0.241272,-0.0274859,-0.517807,0.52939,3.14739,2.22137,3.26857,-0.396621,4.185,3.1378,0.519802,0.0154682,-3.67761,1.39437,8.07648e-06,0.0852914,-0.00888379,0.469045,-0.470207,0.0808948,0.0513093,0.0131091,1.00062,60.488,53.1529,0.273091,-7.38563,-19.4648,1.70109,21.6052,-33.627,1.4789
1,-6.1689,-2.01132,0.308603,0.737722,-0.0135153,1.45923,-0.494938,0.33906,0.540567,0.885109,3.1694,-3.75686,2.23579,-6.18832,3.16185,-3.92555,-0.382938,-4.33255,4.20105,-3.261,3.15758,-0.658867,0.536123,-5.11882,-2.04871,-7.46042,-0.409875,-7.46045,-3.66687,-4.56905,-2.03294,-6.9501,-0.614993,-6.98756,-3.38602,0.851815,-2.64353,-0.639546,0.267753,-0.0139893,0.605317,-0.0298756,0.939785,-0.511298,-2.94164,0.535899,-0.115593,3.1539,0.000603792,2.21943,0.806451,3.26663,-0.0340612,-0.398549,0.0455723,4.18469,0.877303,3.13749,-0.0430652,0.51953,-0.0589094,1.07236,0.986163,-1.37306,2.09362,8.04795,34.2994,-106.338,97.9523,-31.3783,-13.7999,43.0326,-49.721,6.86556,-6.49072,-0.254149,0.793604,-2.33501,12.2393,-20.4417,26.7353,0,1.93895,-1.9452,4.40205,-10.3049,0.226544,0.429536,-0.73201,0.87572,-0.0608143,4.04392,-39.955,27.4372,39.422,5.61724,11.0991,-6.82976,-19.2923,7.21443,2.22301,0.0321507,-0.014993,-0.0400985,2.42693,-2.4321,0.207184,1.54036,2.26505,1.52513,17.392,17.1204,-15.4577,-145.266,-201.807,-0.0588178,-5.35724,-5.97432,0.354853,0.0115927,0.372871,-6.16906,-1.99733,-0.0139893,0,1499,2.77556e-17,2.77556e-17,2.77556e-17,-8.32667e-17,-3.46945e-18,-5.55112e-17,-4.94396e-17,6.93889e-18,6.93889e-18,1.77809e-17,0,-0.511298,-0.588273,0.535904,-0.0197366,3.14159,2.21943,0.161283,3.26664,-0.00681225,-0.392699,4.18469,0.175442,3.13752,-0.00861304,0.523599,0,0,0,0.261436,-0.0298756,-0.511298,0.535899,3.1539,2.21943,3.26663,-0.398549,4.18469,3.13749,0.51953,0.0163602,-3.85807,1.44279,-4.99215e-05,0.667367,-0.0080197,0.485386,-0.486421,0.092033,0.0515374,0.0131858,1.00072,106.702,43.8628,-2.19618,-15.7438,-15.7036,1.47504,35.192,-39.0456,1.53088
1.02,-6.15201,-2.01344,0.349048,0.7864,-0.0149222,1.48964,-0.487202,0.366429,0.546515,0.9428,3.17601,-4.1089,2.23631,11.2949,3.28849,18.5937,-0.381734,-4.3287,4.20143,-3.25688,3.1581,-0.655085,0.536495,-5.10183,-2.05733,-7.44167,-0.411158,-7.44539,-3.66801,-4.55219,-2.03731,-6.93125,-0.616016,-6.9726,-3.38699,0.878525,14.9652,-0.635273,0.300174,-0.0163934,0.658582,-0.032143,1.12147,-0.504423,-3.37726,0.542775,-0.405093,3.16077,0.0328988,2.21909,0.813641,3.26629,-0.0607576,-0.398894,0.0627572,4.1842,0.914351,3.13701,-0.0437564,0.519039,-0.0610557,1.09088,1.11258,-1.40272,2.26141,27.0929,41.9641,-137.911,132.966,-46.6624,-17.6431,58.3113,-67.5575,7.2908,-8.32259,-1.63682,5.41498,-2.86463,12.3283,-19.312,30.5864,0,2.1649,-1.4583,3.55495,-12.2264,-0.0451599,0.884874,-1.65502,2.74293,0.0134447,4.42899,-40.8631,29.7651,41.0094,5.98584,11.3551,-7.41376,-20.0559,7.47572,2.39911,0.0299841,-0.0148936,-0.0380184,2.51491,-2.5198,0.208979,2.02222,2.43387,1.52008,18.788,14.6636,-17.602,728.922,946.523,0.192425,-5.13245,-5.78216,0.375572,-0.00230304,0.385084,-6.1524,-1.99705,-0.0163934,0,1576,0,-2.77556e-17,-2.77556e-17,-2.77556e-17,-8.67362e-17,-2.08167e-17,-7.24247e-17,-8.32667e-17,-1.04083e-16,-9.84456e-17,0,-0.504423,-0.67539,0.542776,-0.0553612,3.14159,2.21909,0.162725,3.2663,-0.0121515,-0.392699,4.1842,0.182853,3.13703,-0.00875127,0.523599,0,0,0,0.291383,-0.032143,-0.504423,0.542775,3.16077,2.21909,3.26629,-0.398894,4.1842,3.13701,0.519039,0.0172208,-4.01082,1.49505,-4.6047e-05,1.35021,-0.00760368,0.502983,-0.503961,0.100841,0.0517577,0.0132599,1.00085,169.002,32.2936,-7.86009,-28.9571,-8.5981,-0.551497,50.1153,-43.883,1.65492
1.04,-6.1348,-2.0155,0.394006,0.834619,-0.0163908,1.51581,-0.478641,0.381692,0.552536,0.982135,3.18308,-4.47254,2.24143,-1.09091,3.29414,-0.185632,-0.377297,-4.32243,4.20135,-3.25026,3.15805,-0.650287,0.536424,-5.08445,-2.06645,-7.42344,-0.414684,-7.43021,-3.66882,-4.53501,-2.04173,-6.91198,-0.616936,-6.9574,-3.38785,0.892736,2.58052,-0.628631,0.3439,-0.0187602,0.713346,-0.0345078,1.59992,-0.496758,-3.99958,0.550439,-0.808999,3.16844,0.00787882,2.22331,0.816321,3.27051,-0.261059,-0.394684,0.0653292,4.18323,0.920658,3.13604,-0.0433303,0.518064,-0.0642371,1.11913,1.26776,-1.44644,2.47625,116.348,55.5733,-194.52,199.107,-101.618,-24.4802,86.1263,-101.256,8.00986,-17.7185,-4.29318,15.1131,-3.77063,10.7321,-17.0833,37.2922,0,3.23381,0.129491,2.00491,-15.941,-0.376077,1.28289,-3.35453,10.2402,0.387822,4.56529,-41.8562,32.6736,42.1189,6.32745,11.5856,-8.14048,-20.6013,7.75681,2.50622,0.0319723,-0.0170963,-0.0407165,2.60956,-2.61485,0.211681,2.24791,2.41095,1.30874,19.5784,11.2801,-18.1822,109.886,42.6468,0.313588,-4.80519,-5.53942,0.410871,-0.0190839,0.397879,-6.13513,-1.99675,-0.0187602,0,1656,5.55112e-17,5.55112e-17,0,-5.55112e-17,-5.20417e-18,-2.08167e-17,-1.64799e-17,1.31839e-16,1.11022e-16,1.37477e-16,0,-0.496758,-0.799825,0.550445,-0.0908599,3.14159,2.22331,0.163265,3.27051,-0.0522118,-0.392699,4.18323,0.184117,3.13606,-0.00866605,0.523599,0,0,0,0.330931,-0.0345078,-0.496758,0.550439,3.16844,2.22331,3.27051,-0.394684,4.18323,3.13604,0.518064,0.018117,-4.11994,1.55128,-4.02234e-05,1.66516,-0.0081433,0.521913,-0.522971,0.106379,0.0519875,0.0133371,1.00098,237.807,21.7664,-18.8895,-54.4126,8.20719,-12.5924,56.9377,-45.6658,1.93256
1.06,-6.12009,-2.01688,0.434425,0.874301,-0.0173429,1.54432,-0.473541,0.443492,0.557572,1.01418,3.1875,235.439,2.24383,-1618.1,3.28798,-0.752062,-0.101612,-4.31612,4.20099,-3.2431,3.15764,-0.645405,0.536077,-5.06964,-2.07216,-7.40789,-0.416562,-7.41691,-3.66925,-4.52033,-2.04463,-6.89594,-0.617577,-6.944,-3.38844,0.955158,-1614.71,-0.621537,0.394191,-0.0204118,0.770485,-0.0362235,0.744463,-0.492422,-3.99469,0.554776,-1.04766,3.17278,-0.471227,2.22495,1.08872,3.27215,412.9,-0.393035,0.0650291,4.18211,0.909677,3.13491,-0.0420193,0.516941,-0.0683313,1.15629,1.45531,-1.50218,2.73404,-73.2402,80.3996,-299.757,295.404,-2.93712,-36.9802,138.441,-150.303,7.58803,1.29293,-8.76068,32.8066,-4.13558,-5.14761,-7.33777,56.0661,0,10.6142,10.193,-4.4107,-27.0869,-1.11704,71765.8,-1093.75,-12392.2,574873,4.85562,-43.008,36.0798,43.0138,6.52279,11.8356,-8.98788,-21.0526,8.0534,2.57096,0.0370414,-0.0213571,-0.0470213,2.70946,-2.71567,0.215176,2.02094,1.98413,1.42568,22.6829,9.26024,11995.6,-80740.5,40.9726,0.315273,-4.46564,-5.29161,0.387861,-0.0564637,0.411639,-6.12047,-1.99647,-0.0204118,0,1724,-2.77556e-17,-5.55112e-17,0,2.77556e-17,9.36751e-17,-4.85723e-17,0,2.42861e-16,2.498e-16,2.32887e-16,0,-0.492422,-0.79884,0.554782,-0.101804,3.14159,2.22495,0.219693,3.27216,82.58,-0.392699,4.18211,0.181917,3.13494,-0.00840386,0.523599,0,0,0,0.375126,-0.0362235,-0.492422,0.554776,3.17278,2.22495,3.27215,-0.393035,4.18211,3.13491,0.516941,0.0188805,-4.21012,1.61058,-5.14103e-05,1.60341,-0.00940426,0.541891,-0.543134,0.109335,0.0521835,0.013403,1.00107,465.13,-38.2068,-40.8626,117397,4088.08,5838.72,56.1577,-44.8568,2.25599
1.08,-6.10554,-2.0179,0.468792,0.905237,-0.0177998,1.55719,-0.470572,0.401603,0.555538,1.01079,3.18913,20761.7,2.24801,2566.48,3.297,-0.522829,-0.0197924,-4.30971,4.20057,-3.23576,3.15716,-0.64044,0.535663,-5.05502,-2.07553,-7.39354,-0.41936,-7.40311,-3.66969,-4.5058,-2.04638,-6.88076,-0.61824,-6.93008,-3.38908,0.9096,2569.79,-0.614261,0.440839,-0.0217095,0.82077,-0.0374341,2.41877,-0.490206,-5.24036,0.556992,-1.37135,3.17499,2.33588,2.22837,-0.723647,3.27557,521.722,-0.38962,0.0541969,4.18093,0.89443,3.13373,-0.0405839,0.515762,-0.0726428,1.19526,1.64423,-1.55988,2.98841,842.629,162.98,-641.22,709.168,-493.187,-78.8347,310.876,-360.797,9.32035,-113.751,-19.5535,77.1129,-5.29239,22.555,-23.8246,37.413,0,0.196342,-10.2418,5.74259,-14.7001,1.09222,109566,-5381.59,7399.4,-936767,4.89164,-44.1833,39.393,43.7196,6.80432,12.0902,-9.80996,-21.4139,8.32403,2.61335,0.0425858,-0.026152,-0.0536499,2.80056,-2.80777,0.21878,1.71834,1.54675,0.64303,20.5859,8.15196,1.02631e+06,128489,52.3705,0.320866,-4.11948,-5.04162,0.476298,0.0551613,0.425375,-6.10606,-1.9962,-0.0217095,0,1791,0,0,-5.55112e-17,3.33067e-16,1.37043e-16,-1.04083e-16,0,-4.16334e-17,-4.85723e-17,-7.39426e-17,0,-0.490206,-1.04795,0.556997,-0.126626,3.14159,2.22837,-0.143915,3.27557,104.344,-0.392699,4.18093,0.178872,3.13376,-0.00811677,0.523599,0,0,0,0.414791,-0.0374341,-0.490206,0.556992,3.17499,2.22837,3.27557,-0.38962,4.18093,3.13373,0.515762,0.0196343,-4.28246,1.66472,-4.30947e-05,1.51351,-0.01073,0.560113,-0.561553,0.111079,0.0523772,0.0134682,1.00114,498.308,-34.9971,-51.6706,188944,45023.5,-32459.3,55.1864,-43.7632,2.6016
1.1,-6.09187,-2.01798,0.491744,0.925045,-0.017609,1.66973,-0.470507,13.9112,0.576419,7.66953,3.19449,20764.4,2.24967,-2.49995,3.29231,-1.55138,-0.35371,-4.30562,4.20041,-3.23118,3.15688,-0.637515,0.535505,-5.04134,-2.07534,-7.38046,-0.420438,-7.38922,-3.66985,-4.49212,-2.04615,-6.86735,-0.618468,-6.91614,-3.38932,14.4348,1.14607,-0.6098,0.481685,-0.022063,0.862103,-0.0379648,-8.31082,-0.490863,-0.106136,0.556335,-0.0787565,3.17433,2.98426,2.22931,-1.17488,3.27651,2.10266,-0.388683,0.0561518,4.18005,0.864079,3.13286,-0.0399821,0.514874,-0.0768432,1.23291,1.81976,-1.61454,3.21971,-11775.4,320.091,-1310.45,644.756,4853.85,-130.045,533.068,-269.844,0.255798,1106.72,-29.658,121.574,-0.141924,28.1285,-17.3671,52.4737,0,-0.750993,-16.3875,1.35779,-23.623,1.4423,16.1343,-7.75302,41.0625,-10.8813,5.65166,-45.2572,42.3605,44.1301,6.55492,12.3056,-10.5383,-21.6209,8.53795,2.5928,0.0452287,-0.0291948,-0.0563216,2.87254,-2.88022,0.222202,1.1476,0.990406,5.62746,690.871,341.15,133.71,39.8458,-8.47528,0.204537,-3.89828,-4.89532,0.0130294,0.072902,0.436783,-6.09231,-1.99592,-0.022063,0,1855,0,-1.38778e-17,-8.67362e-19,6.07153e-18,2.19456e-14,1.68338e-14,-2.19824e-14,3.26128e-16,3.05311e-16,2.9577e-16,0,-0.490863,-0.0211331,0.556336,-0.0127689,3.14159,2.22931,-0.234976,3.27651,0.420531,-0.392699,4.18005,0.172809,3.13287,-0.00799642,0.523599,0,0,0,0.448436,-0.0379648,-0.490863,0.556335,3.17433,2.22931,3.27651,-0.388683,4.18005,3.13286,0.514874,0.0203558,-4.32403,1.70755,-2.09208e-05,1.11237,-0.0112643,0.574508,-0.576044,0.10831,0.0525628,0.0135306,1.00116,4951.47,-1218.19,-316.933,-221.704,191.215,-69.9258,46.7304,-40.5957,2.89011
1.12,-6.07901,-2.01698,0.499592,0.932376,-0.0166854,1.63849,-0.472503,-0.471985,0.58367,0.472126,3.19421,20764.4,2.24963,0.368326,5.59669,-0.526662,-0.0992633,-4.30585,4.20107,-3.23164,3.15741,-0.637409,0.536154,-5.02851,-2.07177,-7.36888,-0.420145,-7.37491,-3.66991,-4.47923,-2.04368,-6.85578,-0.618186,-6.90201,-3.38908,0.0590676,6.06427,-0.610381,0.509432,-0.0213305,0.891428,-0.0377188,-15.6855,-0.493536,2.20196,0.553661,0.368594,3.17166,120.618,2.2286,-75.9518,3.2758,90.0945,-0.389387,0.079591,4.18003,0.832048,3.13284,-0.0418638,0.514849,-0.0799913,1.26035,1.95049,-1.65317,3.38661,2959.07,-34.2542,147.527,-19.4685,-1273.45,15.4683,-65.6389,6.65721,-6.18749,-184.604,2.37566,-10.0963,3.44475,108325,1269.53,2245.23,0,-36358,-87421.6,-816.734,-1416.66,105.652,72081.8,969.991,1682.59,-251.795,7.20945,-46.0512,44.4987,44.4227,5.77231,12.4483,-11.0474,-21.739,8.67197,2.54359,0.0390929,-0.026065,-0.0482449,2.91763,-2.92427,0.224657,0.392401,0.366547,-1.56225,-32.6251,-18.6457,0.180112,183.258,35.1726,-0.0118747,-3.88846,-4.88997,-0.31283,5.36456,0.44565,-6.07944,-1.99566,-0.0213305,0,1915,-2.77556e-17,-3.1225e-17,5.55112e-17,-1.66533e-16,-8.47988e-13,-1.28075e-12,1.05838e-12,1.94289e-16,2.01228e-16,2.51969e-16,0,-0.493536,0.425856,0.553662,0.024393,3.14159,2.2286,-15.1894,3.2758,18.0189,-0.392699,4.18003,0.166405,3.13284,-0.00837277,0.523599,0,0,0,0.47071,-0.0377188,-0.493536,0.553661,3.17166,2.2286,3.2758,-0.389387,4.18003,3.13284,0.514849,0.0210334,-4.3477,1.73436,-1.43787e-05,0.503772,-0.00964898,0.583526,-0.584855,0.102901,0.0527373,0.0135893,1.00112,-180.864,173.299,24.1717,-30070.7,40379.7,-16856.3,32.934,-36.4176,2.95512
1.14,-6.06662,-2.01565,0.496101,0.929225,-0.0149732,1.67862,-0.476768,-0.0287633,0.570609,0.803323,3.1888,20764.4,2.24844,-0.959333,2.99897,-0.871323,-0.188549,-4.30697,4.20167,-3.23193,3.15805,-0.637076,0.536755,-5.0162,-2.06535,-7.35866,-0.419527,-7.36001,-3.67028,-4.4668,-2.0396,-6.84579,-0.618183,-6.88728,-3.38915,0.494639,2.22818,-0.61063,0.518502,-0.0202603,0.90662,-0.0366628,-11.8444,-0.498458,-0.00489179,0.54874,0.102019,3.16674,68.9819,2.22675,-43.0454,3.27395,50.2902,-0.391238,0.0644665,4.17998,0.841848,3.13278,-0.044183,0.5148,-0.0812368,1.26963,2.0079,-1.66436,3.45435,3395.9,-56.0352,241.524,-88.5926,-482.647,8.13848,-34.7418,8.26448,-3.19579,-189.147,3.37856,-14.4498,1.97687,30360.2,602.038,1088.31,0,-9638.95,-25289.9,-391.973,-680.019,59.7335,19483.6,458.865,796.269,-138.781,6.45397,-46.3384,45.2819,44.9059,6.32418,12.5088,-11.2238,-21.9522,8.76841,2.60689,0.0312014,-0.0209909,-0.038697,2.9498,-2.95513,0.225476,-0.174538,-0.157547,2.00629,-23.3912,-12.4982,0.1362,116.815,17.7148,-0.0555591,-3.87287,-4.88148,-0.149762,3.05595,0.453927,-6.06702,-1.99539,-0.0202603,0,1973,-2.77556e-17,-2.08167e-17,-2.77556e-17,9.71445e-17,3.12694e-12,4.87832e-12,-4.04493e-12,-1.73472e-16,-1.73472e-16,-1.56125e-16,0,-0.498458,-0.00271361,0.548742,-0.00305064,3.14159,2.22675,-8.60889,3.27395,10.058,-0.392699,4.17998,0.168361,3.13279,-0.00883659,0.523599,0,0,0,0.477902,-0.0366628,-0.498458,0.54874,3.16674,2.22675,3.27395,-0.391238,4.17998,3.13278,0.5148,0.0216896,-4.39022,1.75362,-2.98426e-05,0.27874,-0.00773939,0.589959,-0.591026,0.103848,0.0529065,0.0136461,1.00107,-253.437,83.7183,26.4645,-9123.46,12307,-4496.3,30.2426,-35.7427,3.00339
1.16,-6.05489,-2.01371,0.480962,0.914676,-0.0123617,1.61069,-0.479897,0.084733,0.568049,0.857122,3.18588,20764.4,2.23783,-2.41257,3.18333,-0.673978,-0.321604,-4.30822,4.20192,-3.23147,3.15836,-0.637145,0.537016,-5.00449,-2.05752,-7.34844,-0.414199,-7.34461,-3.6706,-4.45502,-2.03349,-6.8377,-0.618284,-6.87196,-3.38935,0.60849,1.09236,-0.610127,0.513246,-0.0185796,0.906635,-0.0346746,-13.3882,-0.502209,0.143704,0.544988,0.177201,3.16298,40.8546,2.21552,-24.7844,3.26272,12.9355,-0.402468,0.0478095,4.17961,0.854933,3.13241,-0.0452899,0.514437,-0.0809197,1.26415,1.99254,-1.65257,3.42941,2372.29,-31.8341,138.171,-41.0253,-450.862,6.20461,-26.4737,4.19185,-4.835,-128.298,1.96412,-8.4124,2.99486,12697,457.054,727.037,0,-3948.84,-10023.3,-295.642,-444.017,34.6841,3485.91,155.175,233.171,-18.6242,5.26937,-46.0303,44.7343,45.1019,6.95041,12.4291,-11.0723,-22.038,8.79007,2.65521,0.027555,-0.0183413,-0.0345654,2.95697,-2.96173,0.22498,-0.756951,-0.727417,-3.3962,-17.2941,-9.27082,0.506342,43.6231,5.86631,-0.0626191,-3.83735,-4.88826,-0.228803,1.78767,0.457715,-6.05526,-1.99513,-0.0185796,0,2028,-2.77556e-17,-6.93889e-18,-1.38778e-17,-8.32667e-17,7.55951e-13,1.247e-12,-4.31544e-13,1.38778e-17,2.77556e-17,1.75641e-17,0,-0.502209,0.0218834,0.544989,0.000875457,3.14159,2.21552,-4.95678,3.26272,2.5871,-0.392699,4.17961,0.170975,3.13243,-0.00905799,0.523599,0,0,0,0.473788,-0.0346746,-0.502209,0.544988,3.16298,2.21552,3.26272,-0.402468,4.17961,3.13241,0.514437,0.0223129,-4.40731,1.75794,-3.89235e-05,0.119498,-0.00691307,0.591394,-0.592345,0.104705,0.0530673,0.0137002,1.00099,79.4572,65.0837,11.3468,-4762.27,3376.81,-613.953,29.524,-35.4835,3.13292
1.18,-6.04246,-2.01058,0.44913,0.885121,-0.00882413,1.61631,-0.479343,-12.159,0.56768,-14.2016,3.18554,20764.4,2.22057,-3.13578,3.24921,-0.353346,-0.392778,-4.3124,4.20217,-3.23408,3.1586,-0.640578,0.537209,-4.99199,-2.04905,-7.33733,-0.405054,-7.32727,-3.67043,-4.44252,-2.0247,-6.8302,-0.617939,-6.85466,-3.38911,-11.6353,0.506207,-0.612689,0.493362,-0.0157391,0.88925,-0.0317954,-8.95902,-0.502314,-0.0961891,0.544883,-0.0573307,3.16289,9.03593,2.1976,-4.71865,3.2448,0.830187,-0.420404,0.0571089,4.1792,0.852373,3.132,-0.0476225,0.513971,-0.0790701,1.24404,1.90025,-1.61847,3.30723,4384.65,-101.521,426.336,-212.766,-2231.82,54.0037,-225.984,104.321,-0.269321,58.0987,-1.40472,5.87904,0.0854365,1039.5,232.238,318.764,0,-307.532,-717.701,-151.404,-184.293,6.63239,103.217,28.5357,34.8112,-1.76389,5.05332,-45.1141,42.8392,44.804,6.78678,12.1866,-10.5833,-21.8827,8.70076,2.6245,0.0196893,-0.01271,-0.0250442,2.92604,-2.92947,0.223167,-1.59161,-1.47778,0.280781,-608.511,-734.484,-1.04527,6.59972,-13.4445,-0.209188,-3.95535,-5.08584,-0.0141071,0.344667,0.455737,-6.04288,-1.99485,-0.0157391,0,2086,2.77556e-17,0,-1.21431e-17,1.47451e-17,-2.12996e-13,-2.36755e-13,-1.2948e-13,3.81639e-16,3.88578e-16,3.97252e-16,0,-0.502314,-0.0192364,0.544894,-0.0112873,3.14159,2.1976,-0.94378,3.24479,0.166037,-0.392699,4.1792,0.170499,3.13196,-0.0095245,0.523599,0,0,0,0.457991,-0.0317954,-0.502314,0.544883,3.16289,2.1976,3.2448,-0.420404,4.1792,3.132,0.513971,0.0229713,-4.37713,1.74031,8.05278e-05,-0.367689,-0.00500884,0.585207,-0.585894,0.102469,0.0532374,0.0137574,1.00084,-252.3,203.979,-11.0647,473.735,-224.07,71.8003,20.469,-33.1675,3.33056
1.2,-6.03192,-2.0082,0.411762,0.847234,-0.0054657,-72.7358,-0.478067,-0.766812,0.599889,-1.55819,3.17832,20764.4,2.20548,-1.66277,2.60892,1.90756,-1.07439,-4.31591,4.20227,-3.23499,3.15875,-0.642457,0.537374,-4.98138,-2.04199,-7.3282,-0.397717,-7.31203,-3.67088,-4.43195,-2.01695,-6.82434,-0.618211,-6.83948,-3.38945,-0.203648,2.02054,-0.613619,0.453623,-0.0136039,0.851858,-0.0290055,-16.7499,-0.501607,7.01516,0.545591,-0.27586,3.16359,219.915,2.18194,-130.357,3.22914,-31.8023,-0.436043,0.0699009,4.17873,0.864097,3.13153,-0.0505553,0.513574,-0.0752923,1.20635,1.72688,-1.56076,3.07763,6522.98,-85.1234,345.135,0.0668459,-5759.3,77.2863,-312.204,-0.0565882,-8.38899,137.342,-2.19347,8.86381,0.743993,-493743,-4444.83,-3591,0,178797,232285,2642.34,2151.85,191.725,70844.9,643.818,524.313,-107.832,4.75485,-43.7166,39.5983,44.2762,6.62617,11.8538,-9.76979,-21.6212,8.5031,2.60275,0.00984362,-0.00601024,-0.0127596,2.85831,-2.86003,0.219748,-1.86841,-1.89432,-3717.6,-19.3085,-69.8283,0.452045,79.4955,54.4726,-0.175503,-3.99596,-5.21769,-0.411002,10.055,0.448667,-6.03222,-1.9946,-0.0136039,0,2136,0,-5.1337e-17,9.71445e-17,-1.8735e-16,-7.98561e-12,-1.28635e-11,-1.55556e-11,4.23273e-16,4.09395e-16,3.77248e-16,0,-0.501607,1.20789,0.545595,-0.098895,3.14159,2.18194,-26.0709,3.22915,-6.36046,-0.392699,4.17873,0.172797,3.13157,-0.0101111,0.523599,0,0,0,0.42559,-0.0290055,-0.501607,0.545591,3.16359,2.18194,3.22914,-0.436043,4.17873,3.13153,0.513574,0.0235398,-4.32371,1.70048,-6.98256e-05,-0.347089,-0.00255191,0.571661,-0.572007,0.102709,0.0533843,0.0138067,1.00073,-475.307,440.518,-17.4009,113803,-21528.7,-11450.1,22.4087,-33.6868,3.50332
1.22,-6.02029,-2.00626,0.374307,0.803515,-0.0019324,-56.3745,-0.477099,-1.15302,0.629096,-0.684062,3.18567,20764.5,2.18882,-18.8329,-1.06299,1.96664,-0.485278,-4.31663,4.20213,-3.23296,3.15861,-0.643098,0.53723,-4.9697,-2.03492,-7.31774,-0.390209,-7.29556,-3.67171,-4.4203,-2.00935,-6.81761,-0.619075,-6.82297,-3.39035,-0.568,-19.4106,-0.611587,0.408508,-0.011937,0.803694,-0.0260985,-16.1166,-0.501265,12.46,0.545933,0.405545,3.16393,-85.6189,2.16465,50.7172,3.21185,376.405,-0.45334,0.079853,4.17796,0.864875,3.13076,-0.0508172,0.512801,-0.0713732,1.16741,1.53627,-1.50187,2.82224,121.882,6.41471,-22.6479,0.525473,-292.068,-2.69978,8.85442,-0.804284,-16.7806,1.98636,0.0189347,-0.126498,-2.99534,-26810.7,700.843,461.917,0,11236.1,6023.73,-417.045,-260.144,-75.6264,210066,-3092.27,-1929.72,7539.44,4.59314,-42.221,36.0246,43.3753,6.28763,11.49,-8.87614,-21.1867,8.25127,2.52755,0.00945384,-0.00538592,-0.0124268,2.77341,-2.77507,0.216163,-1.87272,-2.18596,818.067,-14.0538,-8.47243,8.33486,-779.845,22.3534,-0.0357522,-3.90175,-5.25734,-0.570256,-3.97704,0.43582,-6.02051,-1.99432,-0.011937,0,2191,0,-9.28944e-16,-7.21645e-16,3.88578e-16,-2.30482e-12,-3.81961e-12,-4.14957e-12,1.66533e-16,1.59595e-16,2.21719e-16,0,-0.501265,1.02511,0.545934,-0.0208179,3.14159,2.16465,10.1434,3.21185,75.281,-0.392699,4.17796,0.172954,3.13079,-0.0101634,0.523599,0,0,0,0.387595,-0.0260985,-0.501265,0.545933,3.16393,2.16465,3.21185,-0.45334,4.17796,3.13076,0.512801,0.0241661,-4.23685,1.65013,-6.2812e-05,-0.0552195,-0.00248536,0.554681,-0.555014,0.0999157,0.0535464,0.0138612,1.00064,777.816,-431.873,-14.2743,89181.4,62495.6,-58025.6,29.8822,-35.2057,3.76879
1.24,-6.00861,-2.00459,0.338975,0.75796,0.000967885,-43.0911,-0.476671,-1.56973,0.140678,-1.24643,3.19123,21878.3,2.17259,-5492.24,3.251,4.9293,0.68574,-4.31602,4.20162,-3.23,3.15801,-0.644377,0.536749,-4.95801,-2.02885,-7.3063,-0.382778,-7.27999,-3.67213,-4.40861,-2.00304,-6.80995,-0.619723,-6.80727,-3.391,-1.47869,-5489.67,-0.608743,0.364684,-0.0105535,0.746008,-0.0238256,-14.8113,-0.501464,-58.1523,0.545733,1.18102,3.16373,-4.39617,2.14779,3.38304,3.19499,1689.89,-0.470192,0.0801905,4.17683,0.840557,3.12963,-0.0499554,0.511684,-0.0679637,1.13349,1.34875,-1.45146,2.57217,-65.3531,8.93337,-30.6984,0.903827,899.24,52.0614,-181.637,7.51478,-638.453,2020.68,-1.17505,4.10714,31.9947,-69.0442,11.0702,45.4482,0,36.1182,17.4045,-15.1516,-17.8501,-4.30878,1.39682e+06,-7056.82,-9893.41,2.55367e+06,4.53028,-40.7966,32.5783,41.9064,5.73896,11.1209,-8.01948,-20.4874,7.95511,2.36914,0.0130207,-0.0068854,-0.0171267,2.67376,-2.67604,0.212991,-1.76662,-2.27777,664.168,4.95019,-6.85454,55689,-274451,167.959,0.0304407,-3.77872,-5.32479,3.29217,-0.22653,0.419481,-6.00881,-1.99404,-0.0105535,0,2246,0,3.11383e-16,-1.77636e-15,3.33067e-15,-2.21614e-13,-2.54241e-13,-3.2685e-13,-5.55112e-17,-6.245e-17,-8.40257e-17,0,-0.501464,-0.121835,0.54574,-0.0149812,3.14159,2.14779,0.687679,3.195,337.977,-0.392699,4.17683,0.168083,3.12968,-0.00999107,0.523599,0,0,0,0.349514,-0.0238256,-0.501464,0.545733,3.16373,2.14779,3.19499,-0.470192,4.17683,3.12963,0.511684,0.0247935,-4.09683,1.59085,-8.5867e-05,0.0634586,-0.00342535,0.534751,-0.535208,0.0933018,0.0537089,0.0139158,1.00057,526.819,1821.6,-422.838,1.97102e+06,381756,-341380,31.9539,-34.8293,4.14547
1.26,-5.99785,-2.00236,0.29961,0.706819,0.00380835,-39.6658,-0.479117,-1.66169,0.532036,-4.2302,3.17511,21877.4,2.16092,-4.56839,3.20826,1.40207,-0.466544,-4.31797,4.20147,-3.23086,3.15768,-0.648797,0.536551,-4.94732,-2.02071,-7.29666,-0.37705,-7.26536,-3.67205,-4.39786,-1.99627,-6.80312,-0.619779,-6.79257,-3.39104,-1.16317,-0.893585,-0.609728,0.32445,-0.00859815,0.688914,-0.0215678,-12.4731,-0.504493,-5.97805,0.542704,0.0382023,3.16068,1.6162,2.13554,-0.0270211,3.18274,-2.63381,-0.482451,0.100284,4.1761,0.796771,3.1289,-0.0501139,0.510896,-0.0651801,1.10568,1.1864,-1.41,2.35397,-257.277,12.8187,-42.3413,3.25716,-575.577,15.4958,-51.9219,4.30677,-23.6996,72.1937,-1.36346,4.60341,0.307716,18.8079,-23.5074,28.4541,0,1.54007,-6.08145,4.4662,-8.55646,1.25373,-15.6178,25.6418,-24.0961,-23.4805,5.49066,-39.5653,29.6071,40.2602,4.59556,10.7799,-7.27725,-19.6878,7.64337,2.16267,0.0131021,-0.00644625,-0.0170907,2.56875,-2.57103,0.210352,-1.96821,-2.55701,171.265,17.638,-142.987,-46.5581,-68.0134,-2.54888,-0.0978522,-3.82913,-5.55334,0.535229,0.0658173,0.402112,-5.99798,-1.99377,-0.00859815,0,2297,0,-1.22125e-15,2.1233e-15,-1.71391e-15,1.59213e-14,1.22108e-13,1.80911e-13,6.93889e-18,6.93889e-18,7.48099e-18,0,-0.504493,-0.229087,0.54269,-0.0174251,3.14159,2.13554,-0.00540418,3.18274,-0.526761,-0.392699,4.1761,0.159361,3.12889,-0.0100228,0.523599,0,0,0,0.313599,-0.0215678,-0.504493,0.542704,3.16068,2.13554,3.18274,-0.482451,4.1761,3.1289,0.510896,0.0253761,-3.93771,1.52871,1.97277e-05,-0.238622,-0.00341814,0.51375,-0.514206,0.084646,0.0538599,0.0139665,1.00046,417.931,248.51,-12.0719,-26.4204,-108.122,62.8393,23.4026,-31.7843,4.4434
1.28,-5.98728,-1.99968,0.253063,0.645874,0.00691302,-38.9601,-0.484991,-1.1293,0.605053,-0.824211,3.17644,21878.1,2.15642,-3.79259,3.20919,3.52459,-0.462136,-4.32333,4.20158,-3.23459,3.15769,-0.655051,0.536632,-4.93691,-2.00985,-7.28928,-0.374649,-7.25046,-3.67185,-4.38732,-1.98861,-6.79684,-0.619598,-6.77768,-3.39081,-0.5591,-0.121263,-0.61353,0.280799,-0.00618275,0.633231,-0.0190352,-9.18889,-0.510939,-4.8115,0.536258,0.253375,3.15426,-0.698913,2.13048,1.26609,3.17767,0.0230322,-0.487523,0.118591,4.17563,0.772109,3.12843,-0.0520606,0.510403,-0.0625161,1.07916,1.03973,-1.37063,2.15045,-337.654,16.9918,-53.2783,11.1784,-1106.99,41.2183,-130.381,30.4471,-27.0066,131.908,-4.48795,14.21,0.720784,7.94855,-16.4089,27.6065,0,2.92191,0.582866,0.647675,-8.57442,-0.449745,-0.308194,1.12277,-2.07924,0.272525,6.24784,-38.5197,26.86,38.9108,3.73561,10.5105,-6.58978,-19.0245,7.34024,2.01863,0.00690529,-0.00313996,-0.0089431,2.46603,-2.46721,0.2078,-2.32738,-3.04729,35.2836,35.1969,12.5772,35.6822,-29.4483,133.232,-0.267691,-4.01031,-5.89549,0.368544,-0.023611,0.386062,-5.98738,-1.99349,-0.00618275,0,2347,5.55112e-17,-1.04777e-15,-5.27356e-16,3.19189e-16,7.1736e-14,-4.77812e-14,-1.92346e-14,2.77556e-17,2.08167e-17,3.5616e-17,0,-0.510939,-0.0748445,0.536269,-0.0261347,3.14159,2.13048,0.253222,3.17767,0.00460645,-0.392699,4.17563,0.154441,3.1284,-0.0104121,0.523599,0,0,0,0.273662,-0.0190352,-0.510939,0.536258,3.15426,2.13048,3.17767,-0.487523,4.17563,3.12843,0.510403,0.0259482,-3.80534,1.46816,5.69464e-05,-0.632742,-0.00178862,0.493205,-0.493442,0.0794445,0.0540083,0.0140164,1.00033,302.176,107.991,-1.63351,148.755,-70.8076,26.3138,13.9312,-29.0022,4.65827
1.3,-5.97692,-1.99728,0.204324,0.576512,0.0101532,-38.4187,-0.492054,-1.41348,0.818561,0.224574,3.21147,21878.5,2.15528,-2.88487,3.20561,-2.2248,-0.461286,-4.32934,4.20187,-3.23788,3.15796,-0.660393,0.536967,-4.92673,-1.99839,-7.28312,-0.374337,-7.23548,-3.67219,-4.377,-1.98104,-6.79095,-0.619837,-6.76281,-3.39098,-0.664792,0.782029,-0.616883,0.230561,-0.00406382,0.575904,-0.0163565,-18.6877,-0.518563,61.1395,0.528634,-8.84993,3.14663,0.315908,2.12877,0.728036,3.17597,-0.00791432,-0.489215,0.140893,4.17536,0.767305,3.12816,-0.0540942,0.510181,-0.0599091,1.05337,0.901466,-1.33276,1.95288,692.614,-4.78401,15.0875,22.2962,-1223.88,39.0568,-118.529,-111.891,-292.196,1634.9,-5.79671,17.5771,-14.7148,12.6616,-20.9413,23.9712,0,2.18139,-1.50683,3.33215,-7.12098,0.746953,0.534868,-0.664177,0.624622,-0.205489,7.0893,-37.6762,24.2248,37.8181,2.99165,10.3262,-5.93024,-18.4807,7.02449,1.92391,0.000217313,-9.02547e-05,-0.000279352,2.35937,-2.3594,0.20529,-2.43696,-3.4681,27.0728,-1.6026,32.0362,22.0137,15.8803,-123.899,-0.300512,-4.16026,-6.18384,-2.89297,0.0392145,0.369434,-5.977,-1.99322,-0.00406382,0,2396,1.38778e-17,-1.97758e-15,-1.33227e-15,-7.77156e-16,3.58706e-14,4.59355e-15,-5.27529e-15,1.73472e-16,1.52656e-16,1.76412e-16,0,-0.518563,0.422831,0.528638,-0.125883,3.14159,2.12877,0.145603,3.17598,-0.00158286,-0.392699,4.17536,0.153453,3.12817,-0.0108188,0.523599,0,0,0,0.226553,-0.0163565,-0.518563,0.528634,3.14663,2.12877,3.17597,-0.489215,4.17536,3.12816,0.510181,0.0265097,-3.69597,1.40485,-2.22094e-05,-0.706377,-5.58703e-05,0.471873,-0.471881,0.076913,0.0541541,0.0140654,1.00022,730.624,-2532.13,-140.16,62.7025,-46.1358,31.4523,12.3039,-28.4447,4.77468
1.32,-5.9665,-1.99486,0.153722,0.498306,0.0134259,-36.5878,-0.500923,-0.834868,0.586729,-0.0276518,3.16808,21878.6,2.15656,-3.03994,3.20535,-0.854248,-0.460027,-4.33563,4.2018,-3.24061,3.15791,-0.666919,0.536908,-4.91651,-1.98586,-7.27751,-0.375205,-7.22052,-3.6723,-4.36665,-1.97338,-6.78503,-0.620085,-6.74783,-3.39112,-0.274629,0.625436,-0.619606,0.17915,-0.00191943,0.515489,-0.0136461,-13.4275,-0.527995,9.3772,0.519203,-0.654695,3.13721,1.04111,2.12949,0.34252,3.17669,0.0650271,-0.488505,0.138397,4.17473,0.771643,3.12753,-0.054335,0.509553,-0.0577861,1.0322,0.774595,-1.30157,1.77411,98.4726,3.69006,-9.60411,4.42483,-230.32,0.811875,-2.59231,-5.00499,-9.36208,66.1939,-0.391665,1.09762,-1.25508,14.7957,-23.3418,21.2682,0,3.27362,-4.30617,4.84154,-6.18044,1.70572,0.721851,-0.909209,0.611121,-0.462538,7.06646,-37.0207,21.8288,36.7259,2.75395,10.2069,-5.33267,-17.9492,6.71319,1.8482,-0.000130031,4.89793e-05,0.000165022,2.25467,-2.25465,0.203205,-2.53009,-3.91026,91.5406,-10.2554,-23.9101,3.59472,8.19122,-53.8289,-0.314779,-4.3003,-6.51547,-0.397183,0.0893681,0.352377,-5.96663,-1.99294,-0.00191943,0,2445,-2.77556e-17,1.97758e-16,-3.46945e-16,3.60822e-16,-9.61314e-14,4.46379e-14,6.78797e-14,9.02056e-17,9.02056e-17,7.72647e-17,0,-0.527995,1.2211,0.519216,0.0443808,3.14159,2.12949,0.0685047,3.17669,0.0130054,-0.392699,4.17473,0.154319,3.12755,-0.010867,0.523599,0,0,0,0.177252,-0.0136461,-0.527995,0.519203,3.13721,2.12949,3.17669,-0.488505,4.17473,3.12753,0.509553,0.027072,-3.58962,1.34258,-2.72983e-05,-0.789701,3.30043e-05,0.450933,-0.450929,0.0739555,0.0543002,0.0141144,1.0001,733.646,-325.999,1.94,4.31442,-22.1089,29.5625,11.6565,-28.213,4.99428
1.34,-5.95697,-1.99247,0.101929,0.414043,0.0162667,-36.5047,-0.510941,0.302014,0.538765,0.959758,3.15183,21878.7,2.1605,-3.04645,3.20944,-0.778907,-0.455685,-4.34425,4.20182,-3.24642,3.15791,-0.676896,0.536903,-4.90713,-1.9734,-7.27284,-0.377083,-7.20702,-3.6721,-4.35718,-1.96644,-6.7794,-0.620021,-6.73432,-3.39094,0.830546,0.618676,-0.625413,0.126793,0.000213455,0.452018,-0.0113339,-4.23115,-0.538542,0.575295,0.508656,-1.11726,3.12665,0.977346,2.1329,0.381869,3.1801,0.18179,-0.485095,0.151043,4.17422,0.766494,3.12702,-0.0545536,0.50901,-0.0561877,1.01606,0.658533,-1.27783,1.61761,-117.927,14.7821,-37.4748,15.0943,54.8639,-5.38793,13.6854,-9.25489,1.55808,62.2699,-5.90618,15.0532,-3.89752,13.7578,-23.4978,19.2849,0,4.1017,-4.19464,5.12439,-5.61632,1.9917,1.05874,-1.57204,0.933527,-0.515273,7.69065,-36.5935,19.7606,35.4921,2.13623,10.1506,-4.81697,-17.3456,6.3707,1.74259,-0.000451582,0.000154188,0.000559552,2.13957,-2.1395,0.201599,-2.58965,-4.21318,4.15722,21.5959,-13.1098,3.04768,8.06244,-40.6132,-0.430904,-4.5899,-7.01699,0.0809172,0.104088,0.33364,-5.95692,-1.99268,0.000213455,0,2491,1.38778e-17,-2.22045e-16,2.01228e-16,-9.71445e-17,-7.12416e-14,5.72598e-14,7.16927e-14,-6.93889e-17,-7.63278e-17,-1.02047e-16,0,-0.538542,0.112946,0.508654,-0.0345362,3.14159,2.1329,0.0763745,3.1801,0.036358,-0.392699,4.17422,0.153307,3.127,-0.0109107,0.523599,0,0,0,0.126121,-0.0113339,-0.538542,0.508656,3.12665,2.1329,3.1801,-0.485095,4.17422,3.12702,0.50901,0.0276006,-3.46931,1.27418,2.24979e-05,-1.01954,0.00011191,0.427915,-0.4279,0.0698074,0.0544376,0.0141606,0.999988,64.0021,-1.68921,58.3311,3.4101,-17.2175,26.3084,6.47426,-26.9588,5.1922
1.36,-5.94791,-1.98976,0.0462133,0.319498,0.0192977,-36.6028,-0.521824,-0.072401,0.521474,1.27403,3.1279,21878.7,2.16653,-3.14659,3.21545,-0.439116,-0.450188,-4.35582,4.20178,-3.25398,3.15791,-0.688922,0.53686,-4.89821,-1.95984,-7.26939,-0.379856,-7.19374,-3.67172,-4.34821,-1.95889,-6.7745,-0.619815,-6.72102,-3.39058,0.462766,0.519046,-0.632924,0.0739571,0.00266505,0.390845,-0.00879764,-0.564159,-0.54992,-1.0302,0.497278,-4.28898,3.11525,1.00758,2.13844,0.374999,3.18564,0.059214,-0.479562,0.15214,4.17368,0.777242,3.12648,-0.0545972,0.50846,-0.0551583,1.00533,0.558729,-1.26147,1.49015,-33.0199,16.7356,-39.6521,25.4528,10.9836,-6.16334,14.6274,-14.8118,4.44593,37.3433,-11.4471,27.2181,-21.3256,13.2228,-23.7065,17.6434,0,5.04953,-4.49723,5.43492,-5.17253,2.34462,0.596561,-0.655455,0.346396,-0.661217,7.86701,-36.4752,18.0532,34.5299,1.85085,10.205,-4.38891,-16.8766,6.04984,1.67594,-0.000126401,3.90679e-05,0.000152551,2.0318,-2.03178,0.200517,-2.78577,-4.72723,-4.90454,1.09637,-3.3112,0.731018,3.35713,-36.4163,-0.57848,-4.96982,-7.61907,0.231231,0.122169,0.316028,-5.94784,-1.99242,0.00266505,0,2534,1.38778e-17,-2.91434e-16,-1.11022e-16,-2.498e-16,-1.05013e-13,1.29594e-13,1.29619e-13,-4.16334e-17,-4.16334e-17,-2.80029e-17,0,-0.54992,-0.204318,0.49726,-0.0560923,3.14159,2.13844,0.075001,3.18563,0.0118428,-0.392699,4.17368,0.155465,3.12645,-0.0109194,0.523599,0,0,0,0.0738334,-0.00879764,-0.54992,0.497278,3.11525,2.13844,3.18564,-0.479562,4.17368,3.12648,0.50846,0.0280953,-3.37566,1.21005,4.17205e-05,-1.36649,3.05103e-05,0.406359,-0.406355,0.0670712,0.0545664,0.0142038,0.999855,-201.47,74.6864,166.361,-2.10285,-20.7463,26.5409,0.331643,-25.6864,5.3825
1.38,-5.93945,-1.98702,-0.0123134,0.213415,0.0225894,-36.7251,-0.53711,-0.271817,0.503274,1.29055,3.1064,21878.7,2.16896,-3.22514,3.21827,-0.119488,-0.448504,-4.36898,4.20119,-3.26051,3.15744,-0.702319,0.536305,-4.88981,-1.94344,-7.26602,-0.381045,-7.18082,-3.67124,-4.33986,-1.95088,-6.77054,-0.619799,-6.70795,-3.39037,0.266649,0.441637,-0.639371,0.0176425,0.00516902,0.32916,-0.00597829,-0.679895,-0.565677,-1.79266,0.48152,-4.80643,3.09951,0.87433,2.14039,0.473724,3.18759,-0.134485,-0.477603,0.144569,4.17263,0.805513,3.12543,-0.0536423,0.507413,-0.0547093,1.00003,0.468352,-1.25249,1.38625,-25.7278,14.4869,-32.1189,18.7516,11.7177,-8.34264,18.5242,-16.1993,4.71523,27.7804,-8.17093,18.1834,-28.3498,11.8805,-23.6969,16.4048,0,5.80247,-3.74688,5.50553,-4.81691,2.55989,0.279509,0.422342,-0.206938,-0.904508,7.72958,-36.6891,16.6064,33.8126,1.80507,10.3975,-4.02403,-16.5431,5.73376,1.63936,0.00456467,-0.00126846,-0.00534818,1.92562,-1.92626,0.199975,-2.92634,-5.30417,-6.11628,6.2982,-5.26258,0.778121,-0.449035,-33.0711,-0.658036,-5.32563,-8.28972,0.226494,0.133006,0.29872,-5.9392,-1.99218,0.00516902,0,2575,-1.38778e-17,-1.52656e-16,-2.56739e-16,2.77556e-16,-2.70131e-14,1.24623e-14,9.81507e-15,1.80411e-16,1.8735e-16,1.7228e-16,0,-0.565677,-0.306377,0.481517,-0.0462086,3.14159,2.14039,0.0947453,3.18759,-0.0268969,-0.392699,4.17263,0.161115,3.12541,-0.0107285,0.523599,0,0,0,0.0176456,-0.00597829,-0.565677,0.48152,3.09951,2.14039,3.18759,-0.477603,4.17263,3.12543,0.507413,0.0285677,-3.30886,1.14681,2.87192e-05,-1.64215,-0.00106964,0.385125,-0.385252,0.0642483,0.0546894,0.0142451,0.999717,-216.326,130.549,157.35,8.21425,-33.1024,29.4033,-2.59805,-25.3665,5.71652
1.4,-5.93277,-1.98456,-0.0698014,0.0988063,0.0260203,-36.8936,-0.553278,-0.615044,0.480915,1.62013,3.73829,21878.7,2.16866,-3.24285,3.21838,0.00806028,-0.449072,-4.38198,4.20047,-3.26533,3.15681,-0.715403,0.535639,-4.88307,-1.92662,-7.26396,-0.381314,-7.16951,-3.67111,-4.33331,-1.94294,-6.76855,-0.620206,-6.69645,-3.39055,-0.730827,0.424603,-0.644164,-0.0412568,0.00742851,0.263956,-0.00291648,-0.752902,-0.582215,-3.60948,0.464983,19.851,3.08298,0.734059,2.13973,0.575707,3.18692,-0.216461,-0.478259,0.155031,4.17154,0.826819,3.12434,-0.0525285,0.50636,-0.0549454,1.0013,0.382131,-1.25241,1.30833,-19.4237,12.6613,-26.4687,14.0974,10.1988,-13.0419,27.2905,-20.4971,8.07553,-995.106,-679.578,1420.78,-8794.01,10.4244,-23.8882,15.5107,0,6.6167,-2.8197,5.58028,-4.53436,2.78949,0.384578,0.795833,-0.365339,-1.08359,8.19512,-37.2537,15.4666,33.0426,1.37242,10.7157,-3.73087,-16.187,5.38248,1.57301,0.0106786,-0.00266722,-0.0120012,1.80767,-1.80904,0.200089,-2.8744,-5.73042,-8.4246,10.9318,2.35353,1.72433,-1.34968,-30.3252,-0.649783,-5.60291,-8.94291,0.281887,0.144464,0.279503,-5.93246,-1.99199,0.00742851,0,2607,-6.93889e-18,4.85723e-16,-1.249e-16,-5.28466e-14,-7.15331e-14,4.2466e-14,3.20369e-14,9.71445e-17,9.02056e-17,9.42172e-17,0,-0.582215,-0.332148,0.464989,-0.0106091,3.14159,2.13973,0.115136,3.18693,-0.0432923,-0.392699,4.17154,0.165355,3.12435,-0.0105057,0.523599,0,0,0,-0.0412502,-0.00291648,-0.582215,0.464983,3.08298,2.13973,3.18692,-0.478259,4.17154,3.12434,0.50636,0.0289368,-3.23723,1.07646,-1.89155e-05,-1.72223,-0.00240024,0.361535,-0.361808,0.0598383,0.0547855,0.0142774,0.999593,-197.985,259.147,6088.44,21.6128,-41.1644,30.9596,-1.83237,-25.6972,6.05767
1.42,-5.92749,-1.98239,-0.123803,-0.0201324,0.0295578,-37.0716,-0.566605,-0.816439,0.466464,1.5737,6.18959,21878.8,2.16828,-3.23518,3.21811,0.0748611,-0.449532,-4.39304,4.19931,-3.26578,3.15569,-0.727817,0.534532,-4.87768,-1.91146,-7.26341,-0.381916,-7.15956,-3.67111,-4.32819,-1.93511,-6.76809,-0.621,-6.68619,-3.39107,-3.39797,0.43246,-0.644616,-0.0993003,0.00944508,0.193523,0.000332437,-0.983638,-0.59583,-4.03164,0.451367,285.524,3.06936,0.685551,2.13905,0.603678,3.18625,-0.242942,-0.478935,0.149797,4.17008,0.839699,3.12288,-0.0490464,0.504939,-0.0559014,1.00935,0.295614,-1.26164,1.26159,-16.3242,10.9713,-21.9408,10.5844,8.46911,-14.5692,29.1324,-20.0588,11.3515,-42794,3686.73,-7372.45,415525,9.53378,-24.4419,14.967,0,7.68621,-2.43091,5.80055,-4.34989,3.12706,0.550104,0.852684,-0.366957,-1.22484,8.01527,-38.0878,14.6733,32.0601,1.14937,11.129,-3.51867,-15.7381,5.01584,1.47694,0.0302709,-0.00684724,-0.0321885,1.68559,-1.68911,0.200881,-2.70007,-5.94694,-8.90073,9.9409,0.17972,2.07679,-0.985391,-27.2827,-0.553144,-5.68345,-9.51016,0.309857,0.161405,0.259589,-5.9272,-1.99183,0.00944508,0,2632,-3.46945e-18,1.38778e-17,5.55112e-17,1.77636e-13,2.32876e-13,-2.01852e-13,-1.80453e-13,7.63278e-17,8.32667e-17,8.41341e-17,0,-0.59583,-0.232201,0.451369,-0.0110634,3.14159,2.13905,0.120731,3.18626,-0.0485884,-0.392699,4.17008,0.167909,3.12293,-0.00980928,0.523599,0,0,0,-0.0990268,0.000332437,-0.59583,0.451367,3.06936,2.13905,3.18625,-0.478935,4.17008,3.12288,0.504939,0.0292253,-3.14708,1.00305,-5.74697e-05,-1.66902,-0.0064377,0.337117,-0.337823,0.0508748,0.0548608,0.0143026,0.999482,-139.829,291.268,-29875.6,28.0473,-43.5785,31.4926,2.06354,-26.3035,6.5016
1.44,-5.92354,-1.98002,-0.177586,-0.142121,0.0330247,-37.2298,-0.578456,-0.817694,0.459015,1.56122,1.7829,21878.8,2.16798,-3.22777,3.21774,0.133704,-0.449902,-4.40437,4.19702,-3.26018,3.15341,-0.749631,0.532375,-4.87359,-1.89704,-7.2641,-0.382318,-7.15136,-3.67028,-4.32442,-1.92719,-6.76886,-0.62155,-6.67736,-3.39132,1.00002,0.439876,-0.639149,-0.154359,0.0117008,0.117363,0.0035799,-1.02215,-0.6079,-2.75367,0.439297,-103.383,3.05729,0.660764,2.13854,0.585541,3.18573,-0.268563,-0.479452,0.118204,4.16758,0.840277,3.12038,-0.022645,0.502444,-0.0574755,1.0232,0.20435,-1.27908,1.249,-12.5235,9.73078,-19.0014,8.81328,6.21067,-11.7796,22.9744,-16.2212,9.6406,-5144.33,1081.02,-2110.9,-59463.6,8.85584,-25.2543,14.8226,0,8.95896,-2.28133,6.11922,-4.28279,3.51578,0.679123,0.89943,-0.368107,-1.38057,6.73298,-39.0221,14.2256,30.6746,1.32814,11.5849,-3.38739,-15.1186,4.64036,1.30597,0.186356,-0.038707,-0.184768,1.57295,-1.59311,0.202242,-2.68918,-6.09944,-7.90654,8.9762,-0.392062,1.80003,-0.629422,-24.4328,-0.566674,-5.51802,-9.86154,0.270002,0.180965,0.239489,-5.9232,-1.99172,0.0117008,0,2651,-5.20417e-18,5.20417e-18,-4.02456e-16,-8.88178e-16,1.64591e-14,-3.17385e-14,-3.39451e-14,-9.02056e-17,-9.02056e-17,-9.36751e-17,0,-0.6079,-0.169918,0.439299,-0.0112483,3.14159,2.13854,0.117105,3.18574,-0.0537125,-0.392699,4.16758,0.16802,3.12044,-0.004529,0.523599,0,0,0,-0.153248,0.0035799,-0.6079,0.439297,3.05729,2.13854,3.18573,-0.479452,4.16758,3.12038,0.502444,0.0294448,-3.02311,0.927944,-6.61039e-05,-1.94184,-0.0369536,0.31459,-0.318622,-0.000772102,0.054918,0.0143218,0.999357,-110.846,215.099,-7258.27,27.4312,-43.4011,32.0954,-0.349257,-24.1739,7.13564
1.46,-5.92154,-1.97784,-0.229273,-0.257476,0.03597,-37.3714,-0.587972,-0.862811,0.451581,1.54681,2.70879,21878.8,2.1669,-3.21885,3.2166,0.176892,-0.451028,-4.41828,4.19451,-3.25215,3.15078,-0.786479,0.530068,-4.87144,-1.88492,-7.26585,-0.382106,-7.14591,-3.66912,-4.32258,-1.9203,-6.77086,-0.621869,-6.6712,-3.39136,0.0215706,0.448783,-0.631437,-0.210002,0.0138173,0.0370775,0.00640967,-0.791266,-0.617533,-2.12436,0.429665,-47.9196,3.04766,0.60775,2.13734,0.569739,3.18454,-0.289135,-0.480641,0.133449,4.16495,0.811603,3.11775,0.0298342,0.499805,-0.059715,1.04338,0.106125,-1.30539,1.27288,-7.96213,8.90566,-17.3692,8.22884,0.693139,-10.1765,19.8097,-15.1286,9.3356,-1006.73,176.57,-344.809,-5535.74,7.93458,-26.2291,15.126,0,10.3217,-1.93264,6.46115,-4.34248,3.90139,0.819919,0.931599,-0.372446,-1.52924,6.53693,-40.2798,14.1801,28.9167,0.734856,12.1595,-3.34697,-14.3152,4.20039,1.0077,0.559271,-0.108518,-0.505487,1.45392,-1.51088,0.204214,-2.58434,-5.76773,-7.0814,6.68553,-0.768824,1.48141,-0.237207,-22.2261,-0.695307,-5.24199,-9.94431,0.26097,0.200237,0.216147,-5.9211,-1.99165,0.0138173,0,2661,0,-6.2797e-16,-6.80012e-16,-1.19904e-14,-7.96585e-14,8.28643e-14,7.9263e-14,6.93889e-18,2.08167e-17,1.56125e-17,0,-0.617533,-0.133125,0.429664,-0.0124712,3.14159,2.13734,0.113943,3.18455,-0.057827,-0.392699,4.16495,0.162295,3.1178,0.00596684,0.523599,0,0,0,-0.207147,0.00640967,-0.617533,0.429665,3.04766,2.13734,3.18454,-0.480641,4.16495,3.11775,0.499805,0.0295603,-2.86257,0.839986,-5.02385e-05,-2.30956,-0.101097,0.290785,-0.302176,-0.123581,0.0549481,0.0143319,0.999241,-95.6838,170.245,-534.331,24.822,-42.3956,32.863,-8.04433,-19.8196,7.75467
1.48,-5.92054,-1.97616,-0.274711,-0.359831,0.0387972,-37.4945,-0.595028,-0.914546,0.44649,1.55157,2.67504,21878.9,2.16497,-3.20455,3.2146,0.213793,-0.453,-4.43283,4.19254,-3.24052,3.14863,-0.828315,0.528345,-4.87035,-1.87486,-7.26821,-0.381877,-7.14145,-3.66863,-4.32175,-1.9141,-6.77369,-0.622594,-6.6662,-3.39179,-0.0014994,0.463045,-0.620241,-0.26461,0.0154686,-0.0408087,0.00917907,-0.550035,-0.624646,-1.54794,0.422551,-69.8898,3.04055,0.559102,2.13535,0.553413,3.18255,-0.307456,-0.482631,0.196056,4.16292,0.765122,3.11572,0.088822,0.497794,-0.0625611,1.06923,0.00498182,-1.33971,1.33223,-4.39248,8.3052,-16.5257,8.17403,-2.42979,-8.95256,17.7741,-15.0272,9.13549,-2283.21,136.114,-272.048,-7656.17,7.03516,-27.345,15.8777,0,11.6959,-1.56485,6.81241,-4.52524,4.27703,0.952124,0.963539,-0.386741,-1.67315,7.22622,-42.0548,14.5005,27.1998,-0.41415,12.9321,-3.37961,-13.5116,3.73042,0.624228,1.1189,-0.204795,-0.907944,1.32943,-1.43593,0.206719,-2.27188,-5.11776,-6.15577,4.09727,-0.507525,1.47917,0.380602,-20.3395,-0.727543,-4.75901,-9.66049,0.254753,0.219001,0.191488,-5.92005,-1.99162,0.0154686,0,2666,1.38778e-17,-3.81639e-16,2.22045e-16,0,1.15713e-13,-1.22853e-13,-1.1878e-13,-3.46945e-17,-2.77556e-17,-3.46945e-17,0,-0.624646,-0.0991125,0.422558,-0.0127317,3.14159,2.13535,0.110675,3.18256,-0.0614912,-0.392699,4.16292,0.152995,3.11579,0.0177644,0.523599,0,0,0,-0.258891,0.00917907,-0.624646,0.422551,3.04055,2.13535,3.18255,-0.482631,4.16292,3.11572,0.497794,0.0296181,-2.70177,0.74598,-6.24601e-05,-2.36958,-0.181589,0.265885,-0.287186,-0.273815,0.0549632,0.014337,0.99915,-83.0832,130.442,524.167,25.3798,-41.7983,33.717,-11.8697,-16.1285,8.20559
1.5,-5.92017,-1.9749,-0.31245,-0.445883,0.0413516,-37.6009,-0.596418,-0.973581,0.447139,1.56078,2.35431,21878.9,2.16246,-3.18744,3.21193,0.247419,-0.455541,-4.44646,4.1909,-3.22498,3.14677,-0.870339,0.52691,-4.87008,-1.86874,-7.27069,-0.381555,-7.1379,-3.66849,-4.32154,-1.90875,-6.77677,-0.623512,-6.6622,-3.39242,0.260836,0.480025,-0.605122,-0.313823,0.0167228,-0.116164,0.0117103,-0.318137,-0.626059,-0.978415,0.421138,-167.349,3.03913,0.529253,2.13282,0.512141,3.18002,-0.324238,-0.485162,0.252461,4.16126,0.710509,3.11406,0.140821,0.496138,-0.0656806,1.09766,-0.101941,-1.37802,1.42026,-1.26426,7.85884,-16.2158,8.44528,-3.87359,-7.96393,16.401,-15.522,8.93353,-13882.6,196.707,-410.162,-32789.5,6.34765,-28.5958,16.9896,0,13.1417,-1.42547,7.19942,-4.80431,4.65499,1.02768,0.996203,-0.408226,-1.81694,7.08669,-44.141,15.0892,25.4758,-1.19294,13.8309,-3.46059,-12.6913,3.27752,0.248106,1.82802,-0.318235,-1.31798,1.20708,-1.36794,0.209442,-1.88694,-4.30257,-5.3204,1.1378,-0.246241,1.44682,1.11087,-18.6166,-0.681373,-4.06381,-9.19061,0.248958,0.238183,0.16809,-5.91963,-1.99161,0.0167228,0,2668,6.93889e-18,-6.93889e-17,-9.57567e-16,-1.95399e-14,-3.7307e-13,3.46514e-13,3.25032e-13,-4.16334e-17,-4.85723e-17,-2.42861e-17,0,-0.626059,-0.0655258,0.421138,-0.0120636,3.14159,2.13282,0.102422,3.18003,-0.0648476,-0.392699,4.16126,0.142075,3.11413,0.0281643,0.523599,0,0,0,-0.304352,0.0117103,-0.626059,0.421138,3.03913,2.13282,3.18002,-0.485162,4.16126,3.11406,0.496138,0.0296413,-2.53773,0.655407,-6.35354e-05,-2.24406,-0.263595,0.241416,-0.273589,-0.406102,0.0549692,0.014339,0.999081,-71.3588,93.0082,4093.32,24.4704,-40.152,34.6937,-12.6899,-13.2366,8.56494
1.52,-5.92013,-1.97404,-0.341891,-0.51465,0.043533,-37.6905,-0.595783,-1.04149,0.450245,1.56489,1.83497,21878.9,2.15979,-3.16884,3.20899,0.27503,-0.458223,-4.45729,4.18923,-3.2044,3.14486,-0.908909,0.525378,-4.87022,-1.86474,-7.27295,-0.381255,-7.13523,-3.66846,-4.32165,-1.90441,-6.77968,-0.624532,-6.65907,-3.39319,0.715381,0.498378,-0.584918,-0.355747,0.0175733,-0.186877,0.0138917,-0.165625,-0.625424,-0.338671,0.421773,-407.791,3.03976,0.515937,2.13015,0.447258,3.17735,-0.333288,-0.487835,0.293271,4.15959,0.650582,3.11239,0.176956,0.494468,-0.0687532,1.12571,-0.212493,-1.41635,1.52637,1.15467,7.49978,-16.1922,8.89297,-2.56015,-7.12553,15.371,-16.3448,8.56754,-84274.4,303.783,-669.568,-154364,5.91859,-29.893,18.332,0,14.6263,-1.5677,7.60576,-5.14505,5.02196,1.02748,1.00662,-0.424923,-1.94723,5.90605,-46.296,15.8091,23.7082,-1.45776,14.771,-3.55728,-11.845,2.86169,-0.03123,2.61226,-0.434041,-1.664,1.08813,-1.2975,0.212097,-1.47206,-3.43836,-4.48117,-2.25759,-0.1635,1.37375,1.90742,-17.043,-0.541548,-3.11821,-8.74106,0.238876,0.257132,0.146836,-5.91963,-1.99161,0.0175733,0,2668,0,-5.96745e-16,-1.20737e-15,0,-1.44267e-13,1.6068e-13,1.58588e-13,-9.02056e-17,-8.32667e-17,-9.71445e-17,0,-0.625424,-0.0277474,0.421771,-0.0115936,3.14159,2.13015,0.0894462,3.17736,-0.0666577,-0.392699,4.15959,0.130093,3.11246,0.0353912,0.523599,0,0,0,-0.342091,0.0138917,-0.625424,0.421773,3.03976,2.13015,3.17735,-0.487835,4.15959,3.11239,0.494468,0.0296413,-2.36851,0.57225,-6.37189e-05,-1.9294,-0.332801,0.217627,-0.259501,-0.47185,0.0549692,0.014339,0.999034,-56.3506,54.0827,21557.1,21.6985,-37.1984,35.5914,-10.3332,-11.3583,8.84966
1.54,-5.92035,-1.9732,-0.36646,-0.572429,0.0456678,-37.7746,-0.593956,-1.13565,0.455058,1.56536,1.75807,21878.9,2.15691,-3.14925,3.20578,0.293936,-0.46107,-4.46705,4.18737,-3.18001,3.14272,-0.945766,0.523588,-4.87066,-1.86149,-7.27534,-0.380824,-7.13293,-3.6683,-4.32202,-1.90015,-6.78277,-0.625523,-6.65626,-3.39391,0.702938,0.517603,-0.56088,-0.389219,0.0184264,-0.250109,0.0160381,-0.104064,-0.623586,0.35685,0.423612,-587.589,3.0416,0.519069,2.12728,0.364104,3.17447,-0.329596,-0.490708,0.329807,4.15774,0.582964,3.11054,0.195733,0.492614,-0.0714783,1.15063,-0.320662,-1.45115,1.63753,2.76121,7.19697,-16.2854,9.42781,1.51465,-6.39998,14.4975,-17.3277,8.02848,-175970,284.115,-667.53,-265150,5.82683,-31.1579,19.7612,0,16.0948,-2.03022,8.00593,-5.50546,5.36256,0.942727,0.978097,-0.426552,-2.05254,4.14562,-48.1658,16.5059,21.8271,-1.40135,15.605,-3.635,-10.9405,2.48865,-0.189983,3.38819,-0.53727,-1.90421,0.973548,-1.21842,0.214426,-1.22844,-2.88898,-4.20492,-6.9657,-0.161219,1.28553,2.74295,-15.6804,-0.487958,-1.9922,-8.56998,0.224222,0.275081,0.127909,-5.91984,-1.99162,0.0184264,0,2667,-1.38778e-17,-5.96745e-16,-2.77556e-16,-3.90799e-14,-2.22398e-13,2.42327e-13,2.39309e-13,-5.55112e-17,-4.85723e-17,-5.55112e-17,0,-0.623586,0.0133261,0.42361,-0.0115295,3.14159,2.12728,0.0728163,3.17448,-0.0659193,-0.392699,4.15774,0.116574,3.11061,0.0391465,0.523599,0,0,0,-0.371521,0.0160381,-0.623586,0.423612,3.0416,2.12728,3.17447,-0.490708,4.15774,3.11054,0.492614,0.0296297,-2.18766,0.497658,-5.80913e-05,-1.76867,-0.380842,0.19471,-0.243684,-0.529606,0.0549662,0.014338,0.998987,-42.0273,17.1234,43047.9,17.4468,-33.1745,36.417,-11.0335,-9.0509,9.4315
1.56,-5.92025,-1.97244,-0.3872,-0.61882,0.0472648,-37.8647,-0.592349,-1.30343,0.461286,1.56514,1.91944,21879,2.1559,-3.14115,3.20433,0.317512,-0.462146,-4.48002,4.18675,-3.16866,3.14177,-0.982191,0.522891,-4.87073,-1.85907,-7.27713,-0.380929,-7.13075,-3.66837,-4.32203,-1.89685,-6.78482,-0.626148,-6.65389,-3.39433,0.38001,0.525324,-0.549783,-0.417764,0.0191768,-0.309438,0.0176235,-0.163337,-0.62199,1.20742,0.425207,-701.793,3.04321,0.557985,2.12626,0.253598,3.17345,-0.343032,-0.491753,0.384772,4.15711,0.499139,3.10991,0.189382,0.491934,-0.0740037,1.17366,-0.430554,-1.4835,1.7539,3.18991,6.89046,-16.3567,10.0515,9.90744,-5.67519,13.5299,-18.4727,7.19319,-251928,207.459,-527.047,-317104,6.46113,-32.3533,21.2138,0,17.6191,-3.12583,8.43199,-5.89065,5.71237,0.772367,1.00725,-0.452616,-2.18204,2.25772,-50.0789,17.3243,19.7771,-1.27503,16.4233,-3.74009,-9.92342,2.11899,-0.246915,4.04744,-0.622054,-1.97505,0.846422,-1.09892,0.216557,-1.03703,-2.31951,-4.5028,-15.3571,-0.172422,0.892267,3.09723,-14.4456,-0.648311,-1.45544,-8.97068,0.201117,0.293348,0.109023,-5.91963,-1.99161,0.0191768,0,2668,-1.38778e-17,-4.996e-16,-1.31839e-15,3.4639e-14,2.38445e-13,-2.19831e-13,-2.10047e-13,-2.08167e-17,-2.08167e-17,-2.77556e-17,0,-0.62199,0.063563,0.425217,-0.0115591,3.14159,2.12626,0.0507263,3.17344,-0.0686063,-0.392699,4.15711,0.099825,3.10993,0.0378763,0.523599,0,0,0,-0.396101,0.0176235,-0.62199,0.425207,3.04321,2.12626,3.17345,-0.491753,4.15711,3.10991,0.491934,0.0296413,-1.98461,0.423788,-9.76903e-06,-1.70891,-0.395011,0.169284,-0.219784,-0.56077,0.0549692,0.014339,0.998946,-19.5147,-27.0847,60638.4,6.7289,-28.0324,37.0261,-16.1714,-6.5572,9.90659
1.58,-5.91913,-1.97139,-0.40789,-0.656518,0.0482623,-38.1761,-0.591038,-2.39761,0.42147,1.56627,1.41195,21879,2.15662,-3.14401,3.2047,0.334546,-0.461486,-4.50479,4.18668,-3.18426,3.14146,-1.02177,0.522631,-4.86974,-1.85714,-7.27754,-0.381101,-7.12827,-3.66796,-4.32099,-1.8942,-6.78505,-0.625954,-6.65135,-3.39401,-0.246493,0.522176,-0.565435,-0.442367,0.0202001,-0.360653,0.0185632,-0.487564,-0.620737,2.45083,0.42646,-2384.62,3.04446,0.577862,2.12692,0.164531,3.17412,-0.361098,-0.491078,0.408705,4.15698,0.438605,3.10978,0.154783,0.491735,-0.0763384,1.1948,-0.53299,-1.51298,1.86602,0.537572,6.50918,-16.1531,10.7746,28.1858,-4.80699,12.0502,-19.7569,5.64632,-2.90196e+06,329.639,-949.111,-3.03502e+06,6.88284,-33.3325,22.5628,0,18.9063,-4.01912,8.80676,-6.26754,6.00181,0.625271,1.05392,-0.486855,-2.29604,-0.380839,-52.5199,18.064,18.3198,-0.643185,17.4952,-3.80598,-9.19342,1.81982,-0.0875971,4.26999,-0.624189,-1.82879,0.726796,-0.943456,0.218492,-1.0345,-1.88491,-15.57,-70.1369,-0.187025,0.346384,2.99064,-13.6362,-1.23878,-2.23894,-10.9597,0.15837,0.308503,0.0937227,-5.91858,-1.99158,0.0202001,0,2673,4.16334e-17,8.32667e-17,1.11022e-16,-3.55271e-15,4.21073e-13,-4.39499e-13,-4.32543e-13,0,-3.46945e-18,3.46945e-18,0,-0.620737,0.137649,0.426462,-0.0112061,3.14159,2.12692,0.0329086,3.17411,-0.0722195,-0.392699,4.15698,0.0877314,3.10973,0.0309566,0.523599,0,0,0,-0.416899,0.0185632,-0.620737,0.42646,3.04446,2.12692,3.17412,-0.491078,4.15698,3.10978,0.491735,0.0296991,-1.83895,0.364004,3.47651e-05,-2.19982,-0.365758,0.145359,-0.188691,-0.651657,0.0549843,0.014344,0.998889,19.0094,-88.1717,617130,-7.77213,-22.9849,37.3064,-30.0077,-3.66403,10.9782
1.6,-5.91717,-1.9703,-0.428426,-0.686852,0.0489094,-37.8884,-0.587495,-0.864318,0.493342,1.56343,4.11563,21879,2.15761,-3.15083,3.20556,0.341669,-0.460557,-4.5401,4.18568,-3.20504,3.14041,-1.07144,0.521553,-4.86796,-1.85695,-7.27669,-0.381051,-7.12567,-3.66685,-4.31909,-1.89207,-6.78396,-0.625424,-6.64847,-3.39339,-1.34501,0.515289,-0.586185,-0.467433,0.0212325,-0.400269,0.0190947,-3.77405,-0.61731,9.0298,0.429887,-4145,3.04788,0.563573,2.12779,0.134735,3.17499,-0.373375,-0.490213,0.399819,4.15586,0.42828,3.10866,0.130185,0.4906,-0.0788763,1.21758,-0.620914,-1.54409,1.9717,-39.2377,4.61497,-12.0725,13.7855,163.364,-1.1608,3.52803,-25.2583,-4.46048,-8.77122e+06,-648.457,1414.85,-5.21186e+06,6.5674,-34.1333,23.8232,0,19.7369,-4.1298,9.08211,-6.62622,6.19911,0.603851,1.08803,-0.517166,-2.37266,-3.09165,-57.0324,18.2567,18.4841,0.216485,19.6394,-3.62767,-9.29193,1.61363,0.124064,4.67883,-0.573122,-1.83725,0.643606,-0.834037,0.220559,-1.02676,-1.51669,14.3865,6.50313,-0.328442,-0.0187063,2.69869,-13.282,-1.76558,-3.32833,-13.5303,-0.125138,0.318459,0.0830603,-5.91647,-1.99152,0.0212325,0,2683,1.38778e-17,-2.77556e-16,-6.8695e-16,1.77636e-15,3.44176e-13,-3.63518e-13,-3.59011e-13,-4.51028e-17,-5.89806e-17,-5.20417e-17,0,-0.61731,0.528721,0.42989,-0.0112151,3.14159,2.12779,0.0269507,3.17498,-0.0746751,-0.392699,4.15586,0.0856701,3.10859,0.0260369,0.523599,0,0,0,-0.437705,0.0190947,-0.61731,0.429887,3.04788,2.12779,3.17499,-0.490213,4.15586,3.10866,0.4906,0.0298147,-1.85874,0.322772,3.9676e-05,-2.9121,-0.367451,0.128721,-0.166807,-0.781995,0.0550145,0.0143542,0.998832,260.889,-391.948,1.82207e+06,-17.3028,-20.4562,37.3905,-43.6698,-1.35152,12.3865
1.62,-5.91448,-1.96933,-0.447519,-0.711377,0.0494744,-37.9349,-0.584012,-1.28099,0.463826,1.5653,0.977156,21879,2.15838,-3.15808,3.20638,0.343882,-0.45982,-4.5809,4.18416,-3.22863,3.13897,-1.12885,0.520013,-4.86544,-1.85699,-7.27495,-0.380951,-7.1226,-3.66556,-4.31644,-1.8902,-6.78203,-0.624944,-6.64498,-3.39283,1.34727,0.508111,-0.609675,-0.492845,0.0221215,-0.428531,0.0195093,0.179985,-0.613977,0.091752,0.433221,-1315.37,3.05121,0.547552,2.12841,0.145121,3.17561,-0.382104,-0.489592,0.403056,4.1542,0.444896,3.107,0.112759,0.488928,-0.0816071,1.24197,-0.692346,-1.57701,2.06757,9.62987,6.69305,-17.6374,11.6038,-14.6519,-9.02997,23.8256,-32.1881,15.5655,-1.40295e+06,1339.86,-3618.79,-1.32701e+06,6.05811,-34.8286,24.975,0,20.1969,-3.86889,9.28206,-6.9551,6.33369,0.666078,1.11576,-0.544966,-2.42511,-4.86945,-65.0266,17.5148,20.6021,0.7682,23.5616,-3.0142,-10.3836,1.45976,0.262486,5.45932,-0.438358,-2.05113,0.581883,-0.753902,0.222752,-0.954684,-1.22625,-2.32901,-3.70428,-0.22552,-0.184861,2.37456,-13.1734,-2.04006,-4.58317,-16.441,0.285031,0.325202,0.0751041,-5.91374,-1.99143,0.0221215,0,2696,1.38778e-17,1.11022e-16,1.83187e-15,9.9476e-14,-3.08309e-13,3.29556e-13,3.26288e-13,-1.11022e-16,-1.04083e-16,-1.14492e-16,0,-0.613977,-0.00729139,0.433217,-0.0112627,3.14159,2.12841,0.0290284,3.1756,-0.0764209,-0.392699,4.1542,0.0889972,3.10692,0.0225518,0.523599,0,0,0,-0.458391,0.0195093,-0.613977,0.433221,3.05121,2.12841,3.17561,-0.489592,4.1542,3.107,0.488928,0.0299651,-2.07718,0.292,4.08196e-05,-3.71427,-0.410226,0.116377,-0.15078,-0.924377,0.0550537,0.0143673,0.998782,-28.856,17.5915,298506,-20.8465,-20.2694,37.3832,-56.5225,0.580379,13.9125
1.64,-5.91096,-1.96863,-0.463273,-0.729943,0.0499157,-37.9627,-0.584363,-1.43036,0.418629,1.57872,6.43314,21879,2.15902,-3.16456,3.20713,0.344433,-0.459207,-4.61857,4.18215,-3.24428,3.13712,-1.18306,0.518026,-4.86194,-1.8554,-7.27218,-0.380952,-7.119,-3.66423,-4.31296,-1.8888,-6.7791,-0.624629,-6.64083,-3.39246,-4.30328,0.501775,-0.625185,-0.517004,0.0227131,-0.449137,0.0197655,-0.0787823,-0.614513,-13.9694,0.432684,495.823,3.05068,0.537479,2.12887,0.173066,3.17606,-0.388762,-0.489138,0.392749,4.152,0.484629,3.10481,0.102469,0.486738,-0.0843577,1.26638,-0.751356,-1.60963,2.15323,7.03749,6.53181,-17.5861,12.1138,-991.112,-42.4604,113.36,-129.626,232.14,-299446,2488.81,-6666.38,182799,5.58025,-35.4475,26.0067,0,20.448,-3.50332,9.43821,-7.25077,6.43247,0.762068,1.13937,-0.569965,-2.46374,-6.55414,-78.9417,15.1436,25.6547,1.38329,30.5304,-1.6097,-12.9748,1.36024,0.409889,6.87372,-0.147635,-2.57381,0.542279,-0.703536,0.224926,-0.787687,-0.928322,-1.3887,2.78695,0.531317,-0.228152,2.08279,-13.1478,-1.88324,-5.46601,-19.1436,1.01054,0.33032,0.0699955,-5.91038,-1.99133,0.0227131,0,2712,0,-2.77556e-17,-1.66533e-16,-9.59233e-14,1.09867e-13,-9.72521e-14,-9.22457e-14,-7.28584e-17,-6.93889e-17,-7.28584e-17,0,-0.614513,-0.0309351,0.432685,-0.0115371,3.14159,2.12887,0.034617,3.17605,-0.0777523,-0.392699,4.152,0.0969453,3.10473,0.0204938,0.523599,0,0,0,-0.477669,0.0197655,-0.614513,0.432684,3.05068,2.12887,3.17606,-0.489138,4.152,3.10481,0.486738,0.0301502,-2.59549,0.27209,3.59333e-05,-4.43612,-0.514762,0.108456,-0.140707,-1.03906,0.055102,0.0143835,0.998748,-16.203,826.477,47757,-20.6561,-21.3051,37.2966,-65.3139,1.64833,15.3512
1.66,-5.90608,-1.96864,-0.471169,-0.737679,0.0497997,-37.9404,-0.587779,-1.69225,0.543658,1.53366,4.09669,21879,2.15947,-3.16917,3.20772,0.345183,-0.458771,-4.63779,4.18009,-3.24302,3.13527,-1.21482,0.516002,-4.85694,-1.85372,-7.26725,-0.381088,-7.11484,-3.66317,-4.30807,-1.88899,-6.77407,-0.624538,-6.63612,-3.39238,-2.10369,0.497318,-0.623752,-0.537482,0.0225557,-0.464538,0.0193716,-0.235987,-0.618207,27.4296,0.42899,-1283.92,3.04699,0.522808,2.12904,0.207679,3.17624,-0.394237,-0.488958,0.354866,4.14966,0.537336,3.10247,0.100321,0.484403,-0.0868492,1.288,-0.799142,-1.63761,2.22421,5.41962,6.43814,-17.6122,12.5143,-2297.58,54.5656,-147.267,152.489,317.886,-3.32234e+06,-2155.07,5802.63,-385907,5.01392,-35.9437,26.8483,0,20.5827,-3.0206,9.55209,-7.49287,6.50055,0.874275,1.16005,-0.591149,-2.49149,-9.39136,-102.016,10.3269,35.0249,2.65681,42.2196,1.00878,-17.7763,1.31396,0.695864,9.36639,0.390462,-3.58986,0.525099,-0.684955,0.226839,-0.394811,-0.386789,1.11742,-2.66453,-1.69136,-0.20143,1.87485,-13.1274,-0.960885,-5.5061,-20.5693,-1.11558,0.334221,0.0676968,-5.90535,-1.99118,0.0225557,0,2736,0,3.88578e-16,-1.60982e-15,-6.57252e-14,-5.37258e-13,5.28419e-13,5.13499e-13,-6.93889e-18,3.46945e-18,-1.04083e-17,0,-0.618207,0.0144664,0.428995,-0.0115223,3.14159,2.12904,0.0415393,3.17623,-0.0788475,-0.392699,4.14966,0.107488,3.1024,0.0200642,0.523599,0,0,0,-0.493701,0.0193716,-0.618207,0.42899,3.04699,2.12904,3.17624,-0.488958,4.14966,3.10247,0.484403,0.0304281,-3.55594,0.262829,3.28078e-05,-3.27966,-0.717972,0.10502,-0.136991,-0.741962,0.0551746,0.0144079,0.998755,7.16979,-675.386,686434,-18.6399,-22.6706,37.1652,-43.5,-4.80106,14.6473
1.68,-5.90094,-1.96944,-0.468381,-0.731353,0.0489388,-37.9226,-0.589764,-1.70851,0.544237,1.53453,4.63849,21879,2.15985,-3.1718,3.20821,0.34589,-0.458408,-4.62833,4.17902,-3.22711,3.13436,-1.20645,0.514963,-4.85166,-1.85481,-7.26105,-0.381324,-7.11122,-3.66282,-4.30286,-1.89116,-6.76777,-0.624589,-6.6322,-3.39255,-2.66117,0.494823,-0.607706,-0.548085,0.0216013,-0.470649,0.0182326,0.121727,-0.62047,27.8889,0.426728,-2479.76,3.04473,0.509296,2.12914,0.236336,3.17634,-0.39692,-0.488859,0.31339,4.14832,0.578719,3.10112,0.111691,0.48305,-0.0882421,1.29956,-0.820049,-1.6511,2.25658,10.2065,6.63627,-18.2381,12.4708,-1902.99,48.9653,-132.813,129.552,280.547,-1.28724e+07,-3702.03,10017.2,-1.4705e+06,4.58906,-36.1311,27.1987,0,20.575,-2.614,9.58563,-7.59831,6.52191,0.961086,1.16949,-0.60014,-2.50098,-12.4828,-122.8,5.92824,44.0918,4.18288,52.7913,3.33745,-22.4188,1.32079,1.07016,12.2684,0.921243,-4.82672,0.533609,-0.710112,0.227861,0.139405,0.316278,0.889421,-2.91737,-1.72938,-0.162927,1.76251,-13.105,0.47307,-4.764,-19.4312,-1.15062,0.336646,0.0683192,-5.90031,-1.99103,0.0216013,0,2760,-2.77556e-17,-3.33067e-16,-3.33067e-16,-1.38556e-13,3.37261e-13,-3.28159e-13,-3.17947e-13,-5.55112e-17,-4.85723e-17,-5.89806e-17,0,-0.62047,0.0240828,0.426733,-0.0112843,3.14159,2.12914,0.0472716,3.17633,-0.0793839,-0.392699,4.14832,0.115769,3.10104,0.0223382,0.523599,0,0,0,-0.501875,0.0182326,-0.62047,0.426728,3.04473,2.12914,3.17634,-0.488859,4.14832,3.10112,0.48305,0.0307062,-4.4847,0.2642,3.78234e-05,1.88092,-0.965344,0.106722,-0.142022,0.443137,0.0552472,0.0144322,0.998807,2.626,-702.029,2.61154e+06,-16.7127,-23.5952,36.9565,37.7633,-25.8707,8.97281
1.7,-5.895,-1.97092,-0.453662,-0.708977,0.0473833,-37.7438,-0.590165,-2.13188,0.494047,1.54917,3.80797,21879,2.15996,-3.17179,3.20841,0.345586,-0.458297,-4.58834,4.17808,-3.18752,3.1335,-1.16034,0.514093,-4.84558,-1.85856,-7.25304,-0.381521,-7.10774,-3.66272,-4.2968,-1.89514,-6.75973,-0.624731,-6.62847,-3.3929,-2.30421,0.494916,-0.568112,-0.544938,0.0199297,-0.464149,0.0163524,0.269744,-0.621196,15.1893,0.426001,-1436.22,3.044,0.4906,2.12893,0.258464,3.17613,-0.395854,-0.489073,0.279505,4.14705,0.597218,3.09986,0.142508,0.481791,-0.0880126,1.29618,-0.802208,-1.64379,2.23367,11.9092,6.73608,-18.3857,12.2954,-366.563,20.7581,-55.8247,47.2778,50.0748,-6.0995e+06,-1495.94,4003.27,-1.09794e+06,4.24695,-35.8865,26.8671,0,20.3664,-2.23863,9.50358,-7.5108,6.47351,1.01832,1.16482,-0.593356,-2.48413,-12.5585,-111.599,8.51,40.3815,4.35237,47.2066,1.97239,-20.5651,1.38934,1.20738,12.4462,0.700996,-4.98044,0.573767,-0.795051,0.227574,0.735971,1.11883,8.93629,-18.2176,-1.01596,-0.122886,1.76826,-13.1431,1.99949,-2.83149,-15.7167,-0.509229,0.336073,0.072279,-5.89444,-1.99085,0.0199297,0,2788,0,-6.93889e-16,4.16334e-16,-5.15143e-14,4.0537e-14,-3.6169e-14,-3.4299e-14,-1.04083e-16,-9.02056e-17,-1.04083e-16,0,-0.621196,0.10542,0.426004,-0.0111916,3.14159,2.12893,0.0516967,3.17612,-0.0791707,-0.392699,4.14705,0.119466,3.09978,0.0285016,0.523599,0,0,0,-0.499412,0.0163524,-0.621196,0.426001,3.044,2.12893,3.17613,-0.489073,4.14705,3.09986,0.481791,0.0310309,-4.1138,0.277909,3.96117e-05,7.59403,-0.996088,0.114753,-0.15901,2.03716,0.055332,0.0144607,0.998897,22.1137,-489.313,1.23953e+06,-15.3425,-23.9359,36.7764,125.808,-45.9663,0.912638
1.72,-5.88825,-1.97304,-0.42627,-0.668444,0.0451737,-37.2216,-0.588587,-2.72517,0.491523,1.56035,3.48024,21879,2.16013,-3.17007,3.20862,0.344374,-0.458115,-4.52504,4.17707,-3.13567,3.13231,-1.10068,0.513155,-4.83872,-1.86507,-7.24335,-0.381814,-7.1044,-3.66273,-4.28988,-1.90079,-6.75,-0.624939,-6.62486,-3.39339,-2.57229,0.49667,-0.516521,-0.52655,0.0176042,-0.443373,0.0137714,2.11324,-0.619989,13.2257,0.427209,-454.526,3.04521,0.475822,2.12873,0.268186,3.17593,-0.391489,-0.489273,0.330914,4.14567,0.552592,3.09847,0.186156,0.480406,-0.0860066,1.27655,-0.742676,-1.61438,2.15162,33.1273,7.75325,-20.6522,11.4668,-58.2522,12.3726,-32.4906,18.5222,24.9257,-1.54952e+06,-310.659,810.054,-344509,4.18683,-35.1757,25.8017,0,19.941,-2.05351,9.30529,-7.2197,6.35406,1.02366,1.1465,-0.570267,-2.44048,-7.41974,-82.5485,14.3739,28.5662,1.99897,32.6231,-1.23208,-14.573,1.46104,0.645762,10.3191,-0.101658,-4.0912,0.622259,-0.913862,0.225859,1.36957,2.02663,26.1139,-38.2888,-0.456787,-0.110015,1.86309,-13.2334,3.16484,-0.289935,-10.8504,-0.494453,0.331956,0.0764894,-5.88774,-1.99064,0.0176042,0,2820,2.77556e-17,6.66134e-16,3.19189e-16,4.44089e-16,-2.99e-13,3.18637e-13,3.14609e-13,-6.245e-17,-6.93889e-17,-6.245e-17,0,-0.619989,0.370225,0.427212,-0.011115,3.14159,2.12873,0.0536413,3.17592,-0.0782978,-0.392699,4.14567,0.110537,3.0984,0.0372312,0.523599,0,0,0,-0.485064,0.0137714,-0.619989,0.427209,3.04521,2.12873,3.17593,-0.489273,4.14567,3.09847,0.480406,0.0314022,-2.91513,0.292251,4.68624e-05,8.53658,-0.81824,0.124452,-0.182772,2.81118,0.0554291,0.0144932,0.999024,10.4032,-470.697,315991,-15.2532,-23.4879,36.5481,136.963,-43.3321,-3.21268
1.74,-5.88078,-1.97579,-0.385041,-0.606486,0.0423619,-37.2572,-0.584816,-2.42931,0.51586,1.24391,3.09728,21879,2.16062,-3.16662,3.20911,0.342386,-0.457612,-4.45062,4.1758,-3.07444,3.1307,-1.0323,0.51197,-4.83118,-1.87438,-7.2322,-0.382383,-7.10126,-3.66278,-4.28221,-1.90803,-6.73874,-0.625269,-6.62138,-3.39406,-1.86914,0.500097,-0.45571,-0.492658,0.0146219,-0.407734,0.0105531,7.8026,-0.616625,16.2251,0.430572,-0.630576,3.04857,0.461294,2.12881,0.26761,3.17601,-0.383688,-0.489193,0.422396,4.14399,0.469188,3.09679,0.239398,0.47872,-0.0823658,1.2421,-0.646261,-1.56547,2.01727,86.8435,10.8057,-27.6635,13.9637,81.0268,11.8795,-30.1519,13.9121,34.3698,-40740,-0.301353,0.759354,1977.63,4.29238,-34.0361,24.0879,0,19.2694,-1.98901,9.00299,-6.75119,6.15663,0.984637,1.11619,-0.533039,-2.36725,-2.54485,-61.279,17.5572,20.2982,-0.0816688,22.0873,-3.22527,-10.3775,1.57779,-0.0623107,8.27333,-0.770093,-3.28652,0.691002,-1.07126,0.222808,2.06148,3.09791,-1.78256,-16.6921,-16.2788,-0.0946852,2.0597,-13.3646,3.72116,2.70801,-5.81758,-0.906853,0.323577,0.0830999,-5.88041,-1.9904,0.0146219,0,2855,0,-4.85723e-16,-2.08167e-16,1.249e-16,-2.41401e-13,2.24765e-13,2.1514e-13,-9.71445e-17,-8.67362e-17,-7.63278e-17,0,-0.616625,0.805928,0.430576,-0.011107,3.14159,2.12881,0.0535266,3.176,-0.0767377,-0.392699,4.14399,0.0938503,3.09671,0.0478795,0.523599,0,0,0,-0.458079,0.0105531,-0.616625,0.430572,3.04857,2.12881,3.17601,-0.489193,4.14399,3.09679,0.47872,0.0318089,-2.07589,0.315607,5.87676e-05,7.11336,-0.657304,0.1382,-0.214252,2.93143,0.0555355,0.0145289,0.999188,-110.35,-598.508,8186.12,-15.5216,-22.4726,36.1705,109.885,-30.2173,-4.12628
1.76,-5.87273,-1.97921,-0.328096,-0.517812,0.0389697,-37.1557,-0.578819,-2.47836,0.515391,2.10008,3.10508,21879,2.16116,-3.15951,3.20962,0.339109,-0.45704,-4.37681,4.1742,-3.01471,3.12872,-0.963487,0.510491,-4.82311,-1.88652,-7.2197,-0.383167,-7.09845,-3.66292,-4.27395,-1.91687,-6.72611,-0.625786,-6.61814,-3.39496,-1.92646,0.507148,-0.39648,-0.443058,0.0109467,-0.357445,0.00671893,6.27928,-0.61107,14.6137,0.436128,-4.82696,3.05412,0.435376,2.12891,0.260838,3.1761,-0.370916,-0.489097,0.500581,4.14195,0.373816,3.09475,0.294202,0.47668,-0.0774085,1.19581,-0.522992,-1.5017,1.84484,68.8645,10.1077,-24.7493,12.7412,65.9489,11.0641,-26.9377,12.7751,29.9941,-44678.7,-2.49425,6.04366,-1338.3,4.29372,-32.573,21.9167,0,18.3399,-1.8742,8.61847,-6.15419,5.87167,0.918243,1.07411,-0.484702,-2.25989,1.07991,-48.6628,18.1496,16.1971,-1.42399,16.0367,-4.01062,-8.30322,1.78395,-0.662228,6.60696,-1.09628,-2.75146,0.789964,-1.25226,0.21864,2.84723,4.43368,5.0778,-19.2364,26.53,-0.0271117,2.44218,-13.5553,3.69023,5.6145,-1.76202,-0.793073,0.310225,0.0944541,-5.87247,-1.99015,0.0109467,0,2893,0,7.00828e-16,2.77556e-16,8.32667e-16,-3.89456e-13,3.85473e-13,3.74208e-13,-1.04083e-16,-9.36751e-17,-1.17961e-16,0,-0.61107,0.720388,0.436129,-0.0111299,3.14159,2.12891,0.0521712,3.17609,-0.0741833,-0.392699,4.14195,0.0747674,3.09467,0.0588404,0.523599,0,0,0,-0.417291,0.00671893,-0.61107,0.436128,3.05412,2.12891,3.1761,-0.489097,4.14195,3.09475,0.47668,0.0322508,-1.66094,0.356843,6.66241e-05,5.52031,-0.550291,0.157993,-0.250451,2.76371,0.0556511,0.0145677,0.999391,-51.7775,-512.032,9021.27,-15.1137,-21.0719,35.689,80.4003,-17.1131,-3.51176
1.78,-5.86385,-1.98327,-0.253427,-0.395331,0.0350271,-37.1827,-0.571008,-2.16665,0.530981,-16.1286,3.11182,21879,2.16208,-3.1487,3.21045,0.335891,-0.456076,-4.31044,4.17243,-2.96306,3.12657,-0.901362,0.5089,-4.81421,-1.90117,-7.2057,-0.384338,-7.09562,-3.66319,-4.26483,-1.92724,-6.71188,-0.6265,-6.61483,-3.39608,-1.60589,0.517828,-0.345392,-0.377219,0.00659226,-0.292596,0.0022873,6.19,-0.603748,14.3463,0.44345,-2.84978,3.06144,0.410249,2.12934,0.237314,3.17654,-0.355196,-0.488661,0.542727,4.13969,0.277231,3.09249,0.358307,0.474424,-0.0716022,1.14198,-0.38421,-1.42933,1.6536,64.1217,10.2758,-23.7486,13.1649,77.7268,11.0337,-25.4537,13.1846,30.6007,-211.865,-1.46091,3.36483,-0.0191624,4.38956,-30.9304,19.5176,0,17.1885,-1.8952,8.20164,-5.49472,5.50947,0.800696,1.03023,-0.432506,-2.12391,3.97092,-40.9363,17.3404,14.5666,-2.37769,12.5225,-4.13553,-7.48978,2.09764,-1.16275,5.40977,-1.1745,-2.49096,0.929501,-1.47679,0.213687,3.73347,6.12406,-1.34986,-3.63418,-872.182,0.0626632,3.02905,-13.7597,3.31834,8.10853,1.38144,-0.812846,0.292244,0.111508,-5.8637,-1.98987,0.00659226,0,2935,1.38778e-17,-4.4062e-16,-3.19189e-16,-1.18937e-16,-3.92204e-13,3.90009e-13,3.78794e-13,-6.59195e-17,-6.245e-17,-8.32667e-17,0,-0.603748,0.707895,0.443442,-0.0007459,3.14159,2.12934,0.0474653,3.17653,-0.0710392,-0.392699,4.13969,0.0554423,3.09242,0.0716613,0.523599,0,0,0,-0.360836,0.0022873,-0.603748,0.44345,3.06144,2.12934,3.17654,-0.488661,4.13969,3.09249,0.474424,0.0327398,-1.4982,0.419584,7.16516e-05,4.19146,-0.498191,0.1859,-0.295359,2.55439,0.0557792,0.0146106,0.999632,-30.8627,-475.435,98.4677,-15.0092,-18.9463,35.033,56.1833,-5.07584,-2.76906
1.8,-5.85503,-1.98679,-0.170377,-0.249023,0.0315764,-37.0476,-0.562431,-2.19202,0.53,-12.4213,3.11686,21879,2.16302,-3.13401,3.21123,0.327601,-0.455081,-4.26265,4.17079,-2.92836,3.12449,-0.860358,0.507516,-4.80541,-1.91492,-7.19242,-0.385392,-7.09211,-3.66331,-4.25583,-1.93627,-6.69838,-0.627094,-6.61088,-3.39699,-1.63728,0.532304,-0.311381,-0.294729,0.00279128,-0.211361,-0.00165302,4.03991,-0.59566,12.0347,0.451537,-2.58126,3.06953,0.390989,2.12979,0.196545,3.17699,-0.334525,-0.488214,0.583571,4.13756,0.168143,3.09036,0.439209,0.47229,-0.065601,1.08672,-0.237916,-1.35746,1.46816,40.9108,9.57937,-20.7327,11.5263,54.0558,10.1744,-22.0505,11.5589,24.4515,-49.3061,-1.3549,2.93998,-0.00315737,4.63153,-29.3285,17.2237,0,15.789,-2.06435,7.80291,-4.86018,5.06292,0.633215,0.98758,-0.382831,-1.95511,7.01629,-35.8151,15.9527,14.2808,-3.47851,10.3349,-3.95307,-7.36307,2.49666,-1.77235,4.63495,-1.1448,-2.45343,1.10658,-1.76053,0.208476,4.1525,7.31541,6.75232,-4.92202,-652.618,0.122111,3.81073,-14.2213,2.38982,9.76169,3.44497,-0.65023,0.269019,0.132952,-5.85493,-1.98958,0.00279128,0,2977,1.38778e-17,-1.02349e-16,2.04697e-16,-6.21248e-17,2.31086e-13,-2.4245e-13,-2.38309e-13,-7.63278e-17,-7.80626e-17,-8.32667e-17,0,-0.59566,0.591644,0.451536,0.0540709,3.14159,2.12979,0.0393136,3.17698,-0.066905,-0.392699,4.13756,0.0336139,3.09028,0.0878417,0.523599,0,0,0,-0.286656,-0.00165302,-0.59566,0.451537,3.06953,2.12979,3.17699,-0.488214,4.13756,3.09036,0.47229,0.0332295,-1.47288,0.499408,9.59851e-05,2.67062,-0.490685,0.221316,-0.352105,2.1035,0.0559075,0.0146536,0.999844,36.887,-370.36,58.3404,-16.2859,-16.2754,34.49,27.3512,7.90135,-1.12611
1.82,-5.84614,-1.98983,-0.0854905,-0.0904604,0.0285667,-36.8794,-0.555142,-2.20144,0.534746,14.3871,3.12405,21879,2.16415,-3.1171,3.21213,0.316418,-0.453894,-4.22885,4.16962,-2.90856,3.12294,-0.835758,0.506658,-4.79652,-1.92678,-7.17971,-0.386462,-7.08777,-3.6635,-4.24679,-1.94413,-6.68539,-0.627605,-6.60624,-3.39776,-1.64916,0.548925,-0.292276,-0.206985,-0.000548297,-0.121971,-0.005153,3.56878,-0.588862,11.4235,0.458336,-2.29587,3.07633,0.405775,2.13043,0.139698,3.17762,-0.313284,-0.487576,0.610313,4.1359,0.0733743,3.0887,0.531233,0.470626,-0.0608407,1.04287,-0.102965,-1.30186,1.33228,35.7235,10.0427,-20.5888,12.2318,63.4794,10.5053,-21.6217,12.267,24.2978,-14.0677,-1.27178,2.62688,-0.00207149,5.38907,-28.089,15.537,0,14.3033,-2.56522,7.50688,-4.39444,4.59992,0.425714,0.959783,-0.347698,-1.78043,9.79413,-32.7498,14.7685,14.9297,-4.58682,9.09688,-3.73107,-7.71283,2.94892,-2.4225,4.18825,-1.09505,-2.57582,1.30758,-2.0833,0.204245,4.24431,7.92812,8.40871,-5.39389,735.26,0.118552,4.71244,-14.8459,1.69009,10.6931,4.69789,-0.643424,0.243376,0.156376,-5.84618,-1.98928,-0.000548297,0,3019,0,-3.71231e-16,2.5327e-16,-3.70635e-16,4.08954e-13,-4.24742e-13,-4.16306e-13,-9.02056e-17,-9.19403e-17,-8.32667e-17,0,-0.588862,0.561126,0.458331,0.102582,3.14159,2.13043,0.0279425,3.17762,-0.0626569,-0.392699,4.1359,0.0146501,3.08862,0.106247,0.523599,0,0,0,-0.204096,-0.005153,-0.588862,0.458336,3.07633,2.13043,3.17762,-0.487576,4.1359,3.0887,0.470626,0.0337197,-1.54284,0.589874,0.000112581,1.65148,-0.515165,0.261516,-0.41666,1.722,0.056036,0.0146966,1.00003,56.2428,-336.007,45.0047,-19.0303,-13.2446,33.9711,6.72991,18.6561,-0.158459
1.84,-5.83768,-1.99256,-0.00274479,0.0687995,0.0257658,-36.3925,-0.54987,-3.25489,0.525766,-62.3293,3.12806,21879,2.16547,-3.09863,3.2132,0.301251,-0.452487,-4.20671,4.16935,-2.90245,3.12228,-0.814218,0.506764,-4.78802,-1.93689,-7.16776,-0.387519,-7.08326,-3.66408,-4.23821,-1.95134,-6.67311,-0.627987,-6.60172,-3.39835,-2.7156,0.567059,-0.286933,-0.120276,-0.00356156,-0.0298656,-0.00842139,3.43628,-0.584057,11.1788,0.463141,-2.00494,3.08114,0.447071,2.13128,0.0778858,3.17848,-0.290923,-0.486698,0.673115,4.13517,-0.0245867,3.08797,0.601694,0.470024,-0.0578007,1.01466,0.0188573,-1.26732,1.26177,37.055,11.0654,-22.0972,14.5087,82.5082,11.4274,-22.9498,14.5443,25.4042,134.819,-1.21203,2.44699,-0.0562276,6.50199,-27.2904,14.6262,0,12.7908,-3.21212,7.32929,-4.14731,4.14303,0.21302,0.943202,-0.32851,-1.60611,12.9727,-30.977,14.1878,15.9167,-6.06534,8.37849,-3.62146,-8.22627,3.3825,-3.1339,3.83072,-1.04846,-2.68186,1.4908,-2.3473,0.201481,4.13729,7.96299,24.3489,-58.0603,-3045.8,0.0372892,5.70182,-15.6401,1.10688,10.9852,5.43797,-0.668255,0.217681,0.178138,-5.83785,-1.989,-0.00356156,0,3059,0,-4.996e-16,5.96745e-16,-4.53468e-16,1.83832e-13,-1.92296e-13,-1.88606e-13,7.63278e-17,7.50268e-17,5.55112e-17,0,-0.584057,0.549139,0.463141,-0.00705358,3.14159,2.13128,0.0155735,3.17849,-0.0581845,-0.392699,4.13517,-0.00489621,3.08802,0.120339,0.523599,0,0,0,-0.119678,-0.00842139,-0.584057,0.463141,3.08114,2.13128,3.17848,-0.486698,4.13517,3.08797,0.470024,0.0341872,-1.64507,0.676437,-7.9183e-05,0.977114,-0.536373,0.298159,-0.46946,1.37463,0.0561586,0.0147377,1.0002,68.3446,-330.111,9.99071,-22.8785,-10.0507,33.4056,-10.4293,27.4082,0.643593
1.86,-5.82991,-1.99544,0.0793582,0.225165,0.0227302,-36.4713,-0.546058,-2.23218,0.588633,-1.58551,3.13259,21879,2.16665,-3.07659,3.21417,0.279485,-0.451268,-4.19073,4.16902,-2.90114,3.12163,-0.802003,0.506568,-4.78018,-1.94672,-7.15611,-0.388423,-7.07991,-3.66436,-4.23032,-1.95907,-6.66119,-0.628337,-6.59821,-3.3989,-1.63454,0.588849,-0.286075,-0.0373963,-0.00670642,0.0618022,-0.0118899,16.2281,-0.580678,23.9209,0.46652,5.97193,3.08451,0.491043,2.13203,0.0251493,3.17923,-0.266061,-0.485984,0.729253,4.1344,-0.102674,3.0872,0.682854,0.469119,-0.0564546,1.00178,0.133177,-1.25316,1.25688,402.776,21.6527,-43.8721,85.2823,659.162,21.9611,-44.6752,85.5049,71.4328,183539,4.24958,-8.67806,-46456.9,7.69089,-26.8925,14.4817,0,11.2544,-3.75015,7.24817,-4.11655,3.68857,0.0303342,0.930679,-0.323306,-1.42965,15.9455,-30.1148,14.2787,17.1664,-7.5549,8.01236,-3.66637,-8.87719,3.8184,-3.89336,3.68489,-1.06582,-2.87882,1.68037,-2.63916,0.200215,4.10515,7.81828,-3.94123,-6.9268,-0.743878,-0.045795,6.8628,-16.7048,0.798681,11.034,5.96768,-1.86518,0.192372,0.199626,-5.83015,-1.98874,-0.00670642,0,3096,3.46945e-18,1.44329e-15,3.55271e-15,-3.55271e-15,-2.95009e-13,2.97869e-13,2.89289e-13,-4.68375e-17,-4.77049e-17,-6.93889e-17,0,-0.580678,1.1845,0.466515,-0.0112545,3.14159,2.13203,0.00503343,3.17921,-0.0532123,-0.392699,4.1344,-0.0205812,3.08711,0.136571,0.523599,0,0,0,-0.0373648,-0.0118899,-0.580678,0.46652,3.08451,2.13203,3.17923,-0.485984,4.1344,3.0872,0.469119,0.03462,-1.77579,0.763807,0.000155848,0.628587,-0.575765,0.336075,-0.527832,1.20309,0.0562723,0.0147757,1.00038,-272.418,-831.801,-36734.7,-26.1189,-7.2053,32.8092,-21.342,34.5499,0.492336
1.88,-5.82151,-1.99785,0.155812,0.365941,0.0198683,-36.4656,-0.543471,-2.17361,0.558856,4.28835,3.1455,21879,2.16782,-3.05162,3.21515,0.248356,-0.450017,-4.18088,4.16843,-2.90049,3.12076,-0.795331,0.506294,-4.77171,-1.95513,-7.14408,-0.389055,-7.07567,-3.6643,-4.22182,-1.96607,-6.64888,-0.62838,-6.59382,-3.39911,-1.61866,0.613545,-0.286028,0.0443221,-0.0094146,0.155411,-0.0152202,6.87586,-0.57856,14.5161,0.468638,-1.47674,3.08663,0.540699,2.13273,-0.0230665,3.17993,-0.241738,-0.485271,0.797555,4.13334,-0.174331,3.08614,0.769866,0.468075,-0.0566406,1.00249,0.252454,-1.25734,1.31524,155.084,17.9742,-37.9225,43.054,296.32,18.2632,-38.7733,43.3197,40.7432,37.6348,-1.19393,2.54973,-0.0471363,9.10544,-26.8537,15.0694,0,9.66399,-4.25194,7.25602,-4.2949,3.22629,-0.136415,0.935954,-0.33668,-1.25184,19.175,-29.8513,15.0529,18.5459,-9.27173,7.85669,-3.88137,-9.60003,4.25284,-4.7682,3.65058,-1.13983,-3.12174,1.8727,-2.94555,0.200302,3.82267,7.03882,0.282416,-4.04929,281.224,-0.313817,8.16977,-18.2826,0.492514,11.037,6.33499,-1.05482,0.167118,0.220842,-5.82184,-1.98845,-0.0094146,0,3136,-6.93889e-18,-6.38378e-16,1.8284e-15,-1.52287e-15,1.00239e-13,-1.23645e-13,-1.25344e-13,5.89806e-17,5.81132e-17,4.16334e-17,0,-0.57856,0.712879,0.468633,0.0125036,3.14159,2.13273,-0.00461177,3.17992,-0.0483475,-0.392699,4.13334,-0.0349147,3.08607,0.153973,0.523599,0,0,0,0.0442697,-0.0152202,-0.57856,0.468638,3.08663,2.13273,3.17993,-0.485271,4.13334,3.08614,0.468075,0.0350886,-1.92034,0.85069,0.00015114,0.295152,-0.624349,0.37454,-0.589111,0.995652,0.0563953,0.0148169,1.00053,-0.88142,-436.256,20.307,-31.1002,-4.24236,32.31,-33.0871,41.7391,0.471422
1.9,-5.8128,-2.00019,0.22714,0.488721,0.0170755,-36.3756,-0.542982,-2.15779,0.545093,3.26261,3.13913,21878.9,2.1692,-3.02082,3.2164,0.205249,-0.448563,-4.17543,4.1684,-2.90313,3.12048,-0.790479,0.506556,-4.76293,-1.96222,-7.13187,-0.38977,-7.07087,-3.66446,-4.21303,-1.97287,-6.63634,-0.628408,-6.58902,-3.39929,-1.61024,0.644151,-0.289201,0.120895,-0.0120542,0.24741,-0.0185056,3.04833,-0.578563,10.6494,0.468635,-1.2289,3.08664,0.584412,2.13362,-0.0562137,3.18082,-0.216876,-0.484379,0.881595,4.13282,-0.236073,3.08563,0.852486,0.467566,-0.0581928,1.01529,0.380598,-1.27789,1.43108,70.7107,18.4459,-41.6315,36.0794,165.739,18.7794,-42.7037,36.4999,29.1839,-27.4196,-1.24213,2.84422,-0.00621572,10.6646,-27.0684,16.3154,0,8.0407,-4.633,7.3128,-4.6677,2.76514,-0.272852,0.948076,-0.364799,-1.07378,22.86,-30.1287,16.4911,20.0004,-11.2487,7.87144,-4.26025,-10.3533,4.66396,-5.72847,3.68821,-1.26536,-3.37725,2.05536,-3.23783,0.201592,3.5664,6.13898,4.5014,-3.33719,195.771,-0.621696,9.77936,-20.4467,0.272783,10.9039,6.6215,-0.749001,0.142363,0.240747,-5.81312,-1.98814,-0.0120542,0,3178,1.38778e-17,6.10623e-16,-6.8695e-16,-2.88398e-16,1.31671e-13,-1.20175e-13,-1.12622e-13,-4.11997e-17,-3.98986e-17,-2.77556e-17,0,-0.578563,0.517792,0.468643,0.178312,3.14159,2.13362,-0.0112418,3.18081,-0.0433752,-0.392699,4.13282,-0.0472646,3.08556,0.170497,0.523599,0,0,0,0.12023,-0.0185056,-0.578563,0.468635,3.08664,2.13362,3.18082,-0.484379,4.13282,3.08563,0.467566,0.0355811,-2.07099,0.932913,0.000148627,0.0979258,-0.675449,0.411072,-0.647566,0.847984,0.0565248,0.0148602,1.00068,115.046,-249.091,29.7017,-34.864,-1.85512,31.7203,-42.5866,47.9804,0.0509357
1.92,-5.8043,-2.00211,0.290355,0.588775,0.0146684,-36.2943,-0.544748,-2.15928,0.54075,23.6214,3.13684,21878.9,2.17053,-2.97924,3.21764,0.141977,-0.447171,-4.17307,4.16884,-2.90856,3.12073,-0.788511,0.50726,-4.75435,-1.96701,-7.12039,-0.390372,-7.06563,-3.66472,-4.20448,-1.97864,-6.62454,-0.628356,-6.58389,-3.39934,-1.61378,0.685568,-0.295091,0.193606,-0.0142829,0.33697,-0.0213824,2.44332,-0.580799,9.98901,0.466399,-0.97659,3.08439,0.616823,2.13448,-0.0776856,3.18167,-0.191744,-0.483527,0.953648,4.13279,-0.281638,3.08559,0.932891,0.467523,-0.0608962,1.03826,0.523067,-1.31229,1.59774,77.1959,23.6228,-58.0459,50.9084,177.002,24.0392,-59.4788,51.6116,28.7004,-37.0389,-1.31079,3.26354,-0.00366306,12.4045,-27.4826,18.157,0,6.4198,-4.92478,7.39645,-5.21908,2.30568,-0.389568,0.966895,-0.407644,-0.896325,26.4987,-30.8243,18.5229,21.5331,-13.1978,8.01194,-4.78641,-11.1387,5.07143,-6.6604,3.77442,-1.43565,-3.64009,2.23609,-3.52533,0.203873,3.16079,5.00271,4.06702,-3.44226,1184.23,-1.03866,11.9241,-23.6294,0.117683,10.6538,6.74903,-0.732251,0.118123,0.260519,-5.80483,-1.98784,-0.0142829,0,3218,-2.77556e-17,5.55112e-17,1.24206e-15,1.14953e-15,1.97932e-15,-2.37308e-14,-2.85987e-14,7.41594e-17,7.28584e-17,5.55112e-17,0,-0.580799,0.484082,0.466394,0.306702,3.14159,2.13448,-0.0155364,3.18166,-0.0383487,-0.392699,4.13279,-0.0563868,3.08552,0.186578,0.523599,0,0,0,0.191089,-0.0213824,-0.580799,0.466399,3.08439,2.13448,3.18167,-0.483527,4.13279,3.08559,0.467523,0.0360507,-2.22811,1.01442,0.000171552,-0.0478577,-0.728018,0.447219,-0.705066,0.683186,0.0566483,0.0149016,1.00081,149.843,-191.735,29.1554,-37.9356,0.0738278,31.1938,-50.1979,53.1171,-0.398084
1.94,-5.79565,-2.00351,0.343133,0.666877,0.0126296,-36.233,-0.547882,-2.13299,0.537201,-68.7724,3.13419,21878.9,2.17211,-2.92689,3.21918,0.0485508,-0.445526,-4.17348,4.16954,-2.91577,3.12133,-0.789411,0.50823,-4.74561,-1.96995,-7.1093,-0.390886,-7.05964,-3.66486,-4.19577,-1.98331,-6.61308,-0.628087,-6.57808,-3.39915,-1.58838,0.737811,-0.302672,0.259641,-0.015997,0.418911,-0.0239149,2.24958,-0.584426,9.69988,0.462771,-0.728077,3.08077,0.630786,2.13556,-0.0886265,3.18276,-0.167421,-0.482441,0.997047,4.13299,-0.308072,3.08579,1.01068,0.467727,-0.064416,1.06826,0.675016,-1.35627,1.79732,107.363,33.2229,-89.0128,80.9388,216.564,33.6972,-90.7932,81.878,29.3819,-39.3047,-1.37563,3.72524,-0.00223559,14.2228,-27.9714,20.395,0,4.90328,-5.13213,7.47043,-5.90083,1.87018,-0.486982,0.985954,-0.460522,-0.72756,29.5561,-31.8068,20.9469,23.0459,-14.8207,8.23881,-5.40895,-11.9073,5.46257,-7.45965,3.90057,-1.6388,-3.90156,2.41041,-3.80441,0.206807,2.63889,3.90506,3.06279,-2.09605,-3439.82,-1.88143,14.6206,-28.3043,-0.0200308,10.3285,6.74675,-0.748189,0.0955094,0.279764,-5.79613,-1.98752,-0.015997,0,3260,0,-4.71845e-16,5.48173e-16,3.75673e-16,1.27084e-13,-1.32711e-13,-1.27186e-13,7.80626e-17,7.80626e-17,2.77556e-17,0,-0.584426,0.47086,0.462773,0.342985,3.14159,2.13556,-0.0177247,3.18275,-0.0334842,-0.392699,4.13299,-0.0616806,3.08572,0.202135,0.523599,0,0,0,0.253811,-0.0239149,-0.584426,0.462771,3.08077,2.13556,3.18276,-0.482441,4.13299,3.08579,0.467727,0.0365444,-2.38186,1.09267,0.000190808,-0.228201,-0.780312,0.482081,-0.760882,0.480324,0.0567782,0.014945,1.00091,183.503,-147.591,28.0573,-41.8031,1.88773,30.6901,-57.1345,57.3519,-0.693441
1.96,-5.78688,-2.00452,0.385816,0.72711,0.0109168,-36.1807,-0.55261,-2.1467,0.529449,-5.75051,3.12896,21878.8,2.17446,-2.86456,3.22153,-0.0822742,-0.443124,-4.17614,4.17061,-2.92442,3.12236,-0.791364,0.509551,-4.73674,-1.9711,-7.09873,-0.391663,-7.05297,-3.66505,-4.18697,-1.98705,-6.60195,-0.627694,-6.5717,-3.39881,-1.60462,0.800097,-0.311614,0.316338,-0.0173241,0.491605,-0.026122,1.64041,-0.589648,9.00928,0.457549,-0.511205,3.07554,0.63706,2.13742,-0.0895557,3.18462,-0.145798,-0.48058,1.02709,4.13357,-0.318403,3.08637,1.07967,0.468312,-0.0682608,1.10096,0.830632,-1.40402,2.00915,105.511,50.6337,-146.715,131.982,212.512,51.4195,-149.608,133.777,28.525,-37.9082,-1.52881,4.46364,-0.00187498,16.0091,-28.302,22.8208,0,3.5389,-5.27674,7.45047,-6.67275,1.47693,-0.569719,1.00302,-0.523716,-0.575564,32.2903,-32.9453,23.5316,24.4908,-16.2031,8.51422,-6.0662,-12.6311,5.81619,-8.13741,4.04387,-1.85472,-4.14607,2.56802,-4.05563,0.209956,2.13414,3.01166,2.61412,-2.81022,-299.439,-3.50585,17.8552,-34.8734,-0.133445,9.94945,6.68293,-0.72505,0.0753503,0.297636,-5.78744,-1.9872,-0.0173241,0,3302,2.77556e-17,-5.82867e-16,6.66134e-16,4.9895e-16,5.97265e-14,-6.57304e-14,-6.30728e-14,4.47775e-17,4.51028e-17,1.11022e-16,0,-0.589648,0.435819,0.457548,0.332242,3.14159,2.13742,-0.0179108,3.18461,-0.0291595,-0.392699,4.13357,-0.0637415,3.08631,0.215933,0.523599,0,0,0,0.306094,-0.026122,-0.589648,0.457549,3.07554,2.13742,3.18462,-0.48058,4.13357,3.08637,0.468312,0.0370388,-2.5266,1.16338,0.000176859,-0.397164,-0.829214,0.513604,-0.811126,0.283385,0.0569084,0.0149885,1.00099,256.576,-61.8794,26.717,-45.8434,3.43116,30.0053,-62.8348,60.5532,-0.999807
1.98,-5.77834,-2.00496,0.417396,0.771118,0.00969669,-36.1459,-0.556256,-2.14665,0.525999,8.28685,3.12624,21878.7,2.17705,-2.78903,3.22415,-0.278479,-0.440499,-4.18125,4.17208,-2.93524,3.12384,-0.79447,0.51123,-4.72813,-1.97149,-7.08913,-0.392401,-7.04574,-3.66524,-4.17842,-1.98945,-6.59174,-0.627145,-6.56487,-3.3983,-1.6053,0.875614,-0.322622,0.363471,-0.0180861,0.555616,-0.0278252,1.71931,-0.593778,9.07646,0.45342,-0.343327,3.07142,0.647635,2.13953,-0.0831242,3.18673,-0.126387,-0.478473,1.05221,4.13456,-0.315515,3.08736,1.13739,0.469303,-0.0720503,1.13301,0.98486,-1.45077,2.21831,229.845,97.4741,-302.323,282.425,352.199,99.6944,-309.931,288.601,30.0936,-40.4257,-2.05211,6.38933,-0.00182163,17.5783,-28.254,25.3605,0,2.36058,-5.31077,7.22377,-7.531,1.13386,-0.631859,0.999465,-0.59523,-0.442467,34.865,-34.1252,26.0992,25.8668,-17.4121,8.80543,-6.71078,-13.3078,6.1287,-8.70528,4.18436,-2.06551,-4.36704,2.70641,-4.27205,0.212995,1.57897,2.20043,1.74355,-2.92505,421.091,-6.87015,21.761,-44.6955,-0.255178,9.48237,6.536,-0.762351,0.0578785,0.313869,-5.77897,-1.98689,-0.0180861,0,3343,-2.77556e-17,4.996e-16,1.35655e-15,6.44883e-16,-5.23852e-14,7.05768e-14,7.01973e-14,2.2096e-16,2.22045e-16,1.94289e-16,0,-0.593778,0.435425,0.453422,0.381995,3.14159,2.13953,-0.0166245,3.18672,-0.0252774,-0.392699,4.13456,-0.0631674,3.0873,0.227479,0.523599,0,0,0,0.348294,-0.0278252,-0.593778,0.45342,3.07142,2.13953,3.18673,-0.478473,4.13456,3.08736,0.469303,0.0375219,-2.66195,1.22589,0.000189131,-0.576707,-0.873408,0.541282,-0.854411,0.0641851,0.0570356,0.0150311,1.00103,367.898,60.0532,25.216,-50.1641,4.61862,29.3278,-68.1249,62.655,-1.14459
2,-5.76861,-2.0052,0.441186,0.805132,0.00861724,-36.1261,-0.55508,-2.13944,0.531346,1.60838,3.1299,21878.4,2.18027,-2.7032,3.22743,-0.568113,-0.43726,-4.18807,4.17375,-2.94685,3.12561,-0.798,0.513073,-4.7184,-1.9741,-7.07866,-0.393362,-7.03707,-3.66543,-4.16867,-1.99141,-6.58052,-0.626504,-6.55664,-3.39768,-1.5964,0.961491,-0.334313,0.399049,-0.0186895,0.608658,-0.0294592,2.72949,-0.593157,10.1202,0.454041,-0.221738,3.07203,0.657052,2.1422,-0.0668004,3.18939,-0.109537,-0.475808,1.05971,4.13567,-0.292071,3.08847,1.18613,0.47042,-0.0753225,1.16014,1.12428,-1.49106,2.40357,1479.36,282.862,-926.549,944.883,1667.18,290.018,-950.817,968.624,34.6808,-59.1266,-3.70991,12.1667,-0.00309759,18.5015,-27.5059,27.8791,0,1.43859,-5.07033,6.64818,-8.47907,0.848094,-0.652601,0.95304,-0.671162,-0.330727,36.8041,-35.2337,28.4038,27.1712,-18.1813,9.09014,-7.28078,-13.9396,6.39897,-9.08048,4.31782,-2.25591,-4.57308,2.82626,-4.45873,0.215535,1.1895,1.7007,0.985645,-2.6103,125.539,-14.4114,26.2135,-59.1092,-0.341117,8.98519,6.36921,-0.87935,0.0433886,0.328546,-5.76926,-1.98652,-0.0186895,0,3390,2.77556e-17,-7.77156e-16,3.43475e-16,-9.54098e-17,2.01748e-15,-4.12099e-14,-5.01179e-14,3.25261e-17,3.29597e-17,2.77556e-17,0,-0.593157,0.484857,0.45404,0.170383,3.14159,2.1422,-0.0133598,3.18938,-0.0219075,-0.392699,4.13567,-0.0584767,3.08841,0.237226,0.523599,0,0,0,0.379319,-0.0294592,-0.593157,0.454041,3.07203,2.1422,3.18939,-0.475808,4.13567,3.08847,0.47042,0.0380764,-2.78831,1.27995,0.000188821,-0.738517,-0.914615,0.565252,-0.891745,-0.103336,0.0571818,0.0150799,1.00107,697.796,480.259,21.353,-54.8755,5.6575,28.4857,-71.533,63.6951,-1.4441
2.02,-5.75901,-2.00512,0.457748,0.83033,0.00789395,-36.1523,-0.55174,-2.15035,0.626262,0.924282,3.17912,21877.8,2.18358,-2.60059,3.2308,-1.05503,-0.433921,-4.19557,4.17517,-2.95795,3.1272,-0.802582,0.514668,-4.70885,-1.97701,-7.06884,-0.394344,-7.02809,-3.66547,-4.15906,-1.99249,-6.56993,-0.625836,-6.54805,-3.39703,-1.56162,1.06414,-0.345417,0.426284,-0.018976,0.655735,-0.030726,25.6838,-0.59036,34.268,0.456837,-0.450375,3.07483,0.691682,2.14496,-0.0507979,3.19216,-0.0926928,-0.473043,1.05778,4.13656,-0.250744,3.08936,1.23092,0.471305,-0.0780767,1.18261,1.25405,-1.52481,2.57021,-165239,-2252.07,7721.85,-18535,-171595,-2349.9,8056.33,-19339.8,119.153,2009.87,27.1704,-93.1509,-0.619863,18.5798,-25.7823,30.6621,0,0.803096,-4.43493,5.54289,-9.65136,0.616023,-0.579672,0.787715,-0.708872,-0.235866,38.3349,-36.2386,30.4722,28.4795,-18.6428,9.36645,-7.78894,-14.5756,6.64712,-9.32407,4.44177,-2.42589,-4.78089,2.93636,-4.63032,0.217614,0.828111,1.25986,-1.30943,-3.4111,120.021,-31.3686,31.5095,-82.7505,-0.374939,8.50137,6.1494,-3.00073,0.0315776,0.342062,-5.75978,-1.98616,-0.018976,0,3436,-2.77556e-17,1.83187e-15,-6.72379e-15,7.70911e-15,1.00076e-14,2.35713e-14,3.01209e-14,1.44849e-16,1.42247e-16,2.22045e-16,0,-0.59036,1.6324,0.456837,0.00127519,3.14159,2.14496,-0.0101594,3.19215,-0.0185386,-0.392699,4.13656,-0.0502084,3.0893,0.246184,0.523599,0,0,0,0.402566,-0.030726,-0.59036,0.456837,3.07483,2.14496,3.19216,-0.473043,4.13656,3.08936,0.471305,0.0386199,-2.91551,1.32957,0.00018641,-0.852906,-0.956178,0.587272,-0.926065,-0.248562,0.0573252,0.0151278,1.00109,18203.8,24694.9,-278.547,-59.1496,6.4075,27.5499,-72.6655,63.6927,-1.71809
2.04,-5.74909,-2.00466,0.467174,0.847868,0.00747297,-36.3365,-0.546401,-2.0867,0.40637,-2.41648,3.07048,21876.8,2.18736,-2.41924,3.23477,-2.28064,-0.429977,-4.20349,4.17607,-2.96736,3.12832,-0.809114,0.515747,-4.69899,-1.98016,-7.0592,-0.395433,-7.01851,-3.66511,-4.14914,-1.99271,-6.55942,-0.62504,-6.53871,-3.39624,-1.60922,1.24551,-0.354794,0.44533,-0.0189084,0.695643,-0.0317149,-29.6886,-0.585589,-23.8254,0.461608,0.467873,3.0796,0.692272,2.14817,-0.00554411,3.19537,-0.0728247,-0.469836,1.04636,4.13688,-0.196314,3.08968,1.27822,0.471635,-0.080182,1.19919,1.36635,-1.55024,2.70929,-19136.8,214.217,-758.976,-609.14,-20920.5,226.919,-805.026,-645.727,-81.7245,604.719,-5.44275,19.315,0.0616948,16.9254,-22.2147,34.1106,0,0.591519,-2.84549,3.4127,-11.3225,0.392458,-0.320479,0.40813,-0.569346,-0.14054,39.3168,-37.0621,32.1775,29.7253,-18.7649,9.61488,-8.20832,-15.1901,6.86686,-9.4802,4.57074,-2.578,-5.00811,3.03776,-4.80114,0.219134,0.471299,0.876902,-9.20918,-0.45674,-62.1258,-46.6581,40.7658,-141.388,-0.39582,8.07552,5.90161,2.04677,0.0201638,0.354309,-5.74989,-1.98577,-0.0189084,0,3484,-2.77556e-17,6.10623e-16,1.81452e-15,-1.19002e-15,1.25533e-14,-3.30942e-14,-3.35816e-14,3.18322e-16,3.19189e-16,3.33067e-16,0,-0.585589,-1.1313,0.461604,-0.167796,3.14159,2.14817,-0.00110834,3.19536,-0.0145649,-0.392699,4.13688,-0.0393197,3.08963,0.255643,0.523599,0,0,0,0.41856,-0.0317149,-0.585589,0.461608,3.0796,2.14817,3.19537,-0.469836,4.13688,3.08968,0.471635,0.0391878,-3.03841,1.37352,0.000185314,-0.982689,-1.00162,0.607552,-0.960227,-0.4005,0.0574751,0.0151779,1.00109,4209.25,5548.58,-122.964,-59.6261,5.80669,26.22,-73.2441,63.2867,-1.82064
2.06,-5.73882,-2.00416,0.472219,0.860995,0.00710169,-38.2233,-0.539728,-2.11384,0.465768,-2.94931,3.10489,21876.8,2.19163,-3.88098,3.24095,3.92892,-0.426886,-4.21174,4.17661,-2.97608,3.12909,-0.81511,0.516427,-4.68879,-1.98393,-7.04939,-0.396768,-7.00862,-3.66457,-4.13886,-1.9928,-6.54864,-0.624238,-6.52896,-3.39545,-1.61137,-0.213141,-0.363412,0.455964,-0.0188125,0.728316,-0.0326785,-17.886,-0.579508,-10.6328,0.46769,0.0955594,3.08568,0.0281805,2.15185,0.43773,3.19904,-0.0578401,-0.466157,1.04467,4.13683,-0.136973,3.08963,1.31635,0.471574,-0.0815012,1.20876,1.45596,-1.5661,2.81491,-1380.35,32.0479,-114.949,-11.88,-1759.66,32.0331,-115.961,-11.9033,-35.6184,129.06,-1.44313,5.2717,0.000180808,3.06676,-7.43482,43.2506,0,3.74175,6.01994,-5.23017,-16.463,-0.374153,-0.0761655,0.00145176,0.0122189,0.11788,40.3203,-37.675,33.466,30.8605,-18.8563,9.82251,-8.52459,-15.7558,7.04085,-9.59289,4.67282,-2.69441,-5.21621,3.11821,-4.9376,0.220007,0.252246,0.656389,-94.3402,-1.00032,-107.207,-1.59955,-32.1077,175.216,-0.412702,7.66665,5.6635,0.92082,-0.019273,0.364375,-5.73961,-1.98537,-0.0188125,0,3534,-2.77556e-17,1.31145e-15,-2.3731e-15,1.01996e-15,1.41189e-14,7.78544e-15,7.76523e-15,-6.245e-17,-6.07153e-17,-8.32667e-17,0,-0.579508,-0.539251,0.467689,-0.250678,3.14159,2.15185,0.0875493,3.19903,-0.011568,-0.392699,4.13683,-0.0274582,3.08957,0.263271,0.523599,0,0,0,0.427394,-0.0326785,-0.579508,0.46769,3.08568,2.15185,3.19904,-0.466157,4.13683,3.08963,0.471574,0.0397802,-3.15163,1.40834,0.000216032,-1.08523,-1.04324,0.623642,-0.98752,-0.501692,0.0576316,0.0152301,1.00108,840.839,759.253,-12.5459,-21.4962,-8.92746,24.4388,-73.232,62.3873,-1.90517
2.08,-5.72767,-2.00435,0.480677,0.876294,0.00639872,-53.9849,-0.5353,-2.11607,0.480063,-3.85073,3.11447,21876.6,2.19832,-4.24675,3.24685,12.5383,-0.419672,-4.21808,4.17699,-2.98213,3.12973,-0.818539,0.516936,-4.67766,-1.98768,-7.03878,-0.399741,-6.99833,-3.66439,-4.1277,-1.99411,-6.53651,-0.623852,-6.51878,-3.39508,-1.60888,-0.580227,-0.36934,0.461317,-0.0194429,0.756153,-0.0340223,-15.4535,-0.575721,-8.14489,0.471477,0.133361,3.08948,0.492385,2.1579,0.22487,3.2051,-0.0685677,-0.460102,1.0492,4.13657,-0.0739461,3.08937,1.34825,0.471325,-0.082303,1.2137,1.52993,-1.57631,2.89874,148.268,5.95192,-19.9486,-0.851337,-168.392,5.82471,-20.6221,-0.853673,-26.7385,108.194,-1.42354,5.32133,0.000303233,3.83163,-6.22122,46.3249,0,3.57743,5.91762,-5.95456,-18.2734,-0.1312,-0.364821,0.31095,1.97958,0.0350112,41.3661,-38.1762,34.51,31.9338,-18.9296,10.0099,-8.78028,-16.2932,7.18368,-9.67874,4.76153,-2.7928,-5.41373,3.18458,-5.0512,0.22046,0.422891,0.76495,-788.077,-1.12311,-153.047,-9.30826,-50.0614,620.295,-0.316905,7.38306,5.5459,0.692308,-0.00676662,0.372482,-5.72851,-1.98492,-0.0194429,0,3588,2.77556e-17,-7.1991e-16,-1.17094e-15,4.71465e-16,7.05807e-14,4.55695e-14,2.90655e-14,7.80626e-17,7.67615e-17,8.32667e-17,0,-0.575721,-0.414803,0.471482,-0.192946,3.14159,2.1579,0.0449757,3.20509,-0.0137135,-0.392699,4.13657,-0.0148444,3.08932,0.26965,0.523599,0,0,0,0.431798,-0.0340223,-0.575721,0.471477,3.08948,2.1579,3.2051,-0.460102,4.13657,3.08937,0.471325,0.040421,-3.25906,1.43689,0.000195917,-0.973678,-1.08275,0.636917,-1.01024,-0.411699,0.057801,0.0152866,1.00112,503.558,341.168,-10.5639,-59.5256,5.13251,21.0933,-68.3327,60.9867,-2.78584
2.1,-5.7165,-2.00555,0.499499,0.897674,0.00549479,-65.6885,-0.532003,-2.12261,0.482786,-4.27239,3.1176,21876.5,2.21022,-3.12238,3.25928,2.2805,-0.407502,-4.21932,4.17749,-2.98324,3.13041,-0.817457,0.517569,-4.6665,-1.99214,-7.02901,-0.406223,-6.98827,-3.66516,-4.11652,-1.99676,-6.5241,-0.624325,-6.50887,-3.39556,-1.61584,0.544404,-0.370395,0.470884,-0.0210998,0.785768,-0.035568,-15.6815,-0.573066,-8.32853,0.474132,0.183022,3.09213,0.258239,2.16916,0.410097,3.21636,-0.185943,-0.448825,1.06882,4.13643,-0.0281834,3.08923,1.37519,0.471229,-0.083566,1.22268,1.6175,-1.59264,3.00243,176.557,5.72084,-19.4212,-1.15435,-150.718,5.53544,-19.9599,-1.15752,-27.0301,110.863,-1.42867,5.47467,0.000219423,-24.6818,19.7268,69.0329,0,12.9058,23.5353,-21.569,-32.0764,-0.513335,-7.47295,6.67499,10.8271,0.170976,43.0003,-38.7753,35.8228,32.9322,-19.3557,10.2071,-9.10443,-16.7884,7.32161,-9.86819,4.84702,-2.90864,-5.58337,3.24687,-5.15165,0.221285,0.941121,1.06898,-585.182,-1.45045,-194.617,-6.50804,6.75191,137.807,-0.0619715,7.35271,5.61817,0.698682,-0.0263961,0.378998,-5.71744,-1.98447,-0.0210998,0,3642,0,-9.36751e-16,3.27082e-15,7.79596e-16,-3.71508e-14,-3.88509e-14,6.76542e-17,1.63064e-16,1.54174e-16,1.94289e-16,0,-0.573066,-0.423985,0.474139,-0.326697,3.14159,2.16916,0.0820156,3.21637,-0.0371885,-0.392699,4.13643,-0.00564335,3.08922,0.275039,0.523599,0,0,0,0.439614,-0.035568,-0.573066,0.474132,3.09213,2.16916,3.21636,-0.448825,4.13643,3.08923,0.471229,0.0410627,-3.35773,1.46434,2.4471e-05,-0.526616,-1.11667,0.649375,-1.03033,-0.104257,0.0579708,0.0153433,1.00122,507.228,328.193,-13.7816,-130.983,42.4189,4.574,-56.9164,59.5976,-4.72352
2.12,-5.70496,-2.00697,0.526078,0.921486,0.00495391,-79.3096,-0.529349,-2.12257,0.48002,4.19975,3.11788,21876.5,2.22921,-2.87639,3.29495,-1.21903,-0.409657,-4.21511,4.17801,-2.979,3.13096,-0.815583,0.518199,-4.65497,-1.99587,-7.02077,-0.416827,-6.97735,-3.66639,-4.10498,-1.99905,-6.51182,-0.625314,-6.49809,-3.39656,-1.61883,0.828222,-0.366231,0.493333,-0.0230022,0.819878,-0.0367754,-17.0419,-0.571078,-9.72623,0.476119,0.282267,3.0941,-6.51549,2.18748,4.604,3.23468,-4.58759,-0.430514,1.09219,4.13629,-0.0215979,3.08909,1.41409,0.471064,-0.0863162,1.24439,1.74223,-1.62616,3.15992,-83.7593,10.6492,-39.3012,-1.16705,-455.901,10.4827,-39.9954,-1.17851,-31.3426,123.755,-1.4779,5.8286,0.00106391,4516.83,-1143.07,-1040.36,0,-1861.6,-2840.8,695.884,652.291,-6.69266,2661.81,-675.607,-633.365,9.93849,44.9582,-39.6086,37.7761,33.7163,-20.1502,10.4236,-9.59359,-17.1728,7.47858,-10.2858,4.98118,-3.09327,-5.74884,3.32219,-5.28749,0.223254,1.32894,1.19062,-681.057,-1.54954,194.37,-1.11491,20.0012,-4.20566,0.210578,7.59107,5.80661,0.803178,-0.341567,0.38515,-5.70596,-1.98399,-0.0230022,0,3698,0,-2.22912e-16,-1.4177e-15,-1.17603e-15,3.54536e-13,5.00489e-13,-3.6135e-13,1.07553e-16,1.0842e-16,1.66533e-16,0,-0.571078,-0.490323,0.476107,-0.388845,3.14159,2.18748,0.920828,3.23468,-0.917519,-0.392699,4.13629,-0.0043489,3.08906,0.282818,0.523599,0,0,0,0.45777,-0.0367754,-0.571078,0.476119,3.0941,2.18748,3.23468,-0.430514,4.13629,3.08909,0.471064,0.0417293,-3.4348,1.4958,0.000108014,-0.0343964,-1.14977,0.664438,-1.0575,0.175922,0.0581473,0.0154021,1.00134,597.047,436.793,-19.0454,3490.98,-2620.5,1205.08,-46.0604,59.8482,-6.694
2.14,-5.69427,-2.00771,0.550989,0.941022,0.00498318,-84.2099,-0.527058,-2.12396,0.486701,6.03913,3.12268,21876.4,2.24833,-2.98127,3.32465,-1.26615,-0.403416,-4.20871,4.17835,-2.97297,3.13116,-0.81391,0.518663,-4.64429,-1.99784,-7.01401,-0.427349,-6.96654,-3.6673,-4.09429,-1.99974,-6.50117,-0.626073,-6.48736,-3.39732,-1.61835,0.746791,-0.360472,0.5261,-0.0241862,0.85322,-0.0373661,-15.9568,-0.569408,-8.61292,0.47779,0.370706,3.09579,-10.6228,2.20598,7.29583,3.25317,-7.03252,-0.412024,1.10843,4.136,-0.055996,3.0888,1.45178,0.470774,-0.0904311,1.2778,1.89213,-1.67474,3.3544,293.499,4.4891,-15.2888,-2.68891,-51.5039,4.22512,-15.673,-2.71575,-26.8622,108.162,-1.50555,6.10921,0.0067868,1248.88,-206.285,-186.421,0,-484.45,-938.981,120.625,128.802,-10.5657,650.887,-113.902,-122.127,15.1346,46.7378,-40.5944,40.1368,34.144,-21.1131,10.6375,-10.1911,-17.3807,7.63683,-10.7783,5.11917,-3.30498,-5.84766,3.39696,-5.41943,0.226239,1.24556,0.976799,-245.014,-1.62158,245.298,-1.22573,15.7124,-7.04349,0.319857,7.90904,5.96244,0.685268,-0.53536,0.391563,-5.69533,-1.98355,-0.0241862,0,3750,-2.77556e-17,5.58581e-16,1.36409e-15,1.6482e-15,-2.89546e-13,-4.70013e-13,3.46306e-13,1.02349e-16,1.06618e-16,1.66533e-16,0,-0.569408,-0.43514,0.477799,-0.0736669,3.14159,2.20598,1.45923,3.25317,-1.4065,-0.392699,4.136,-0.0112375,3.08877,0.290356,0.523599,0,0,0,0.483728,-0.0373661,-0.569408,0.47779,3.09579,2.20598,3.25317,-0.412024,4.136,3.0888,0.470774,0.0423493,-3.47643,1.52747,0.000137731,0.129508,-1.16953,0.679391,-1.08389,0.198457,0.0583116,0.0154568,1.00141,495.305,354.663,-17.0001,1136.53,-792.398,249.693,-43.9274,62.1575,-7.31679
2.16,-5.68444,-2.00822,0.572767,0.955066,0.00561841,-91.4039,-0.526474,-1.93213,0.467669,1.66795,3.12361,21876.4,2.26428,-2.9391,3.3387,-1.28869,-0.38809,-4.20004,4.17882,-2.96454,3.1314,-0.811349,0.519259,-4.63447,-1.99765,-7.00817,-0.436606,-6.95568,-3.66857,-4.08447,-1.99924,-6.49222,-0.627101,-6.47665,-3.39834,-1.44648,0.787694,-0.352402,0.557641,-0.0251195,0.879157,-0.037304,-18.9642,-0.569396,-11.7266,0.477802,-0.203544,3.09579,-9.73088,2.22136,6.8289,3.26856,-7.15325,-0.396617,1.12937,4.13589,-0.113416,3.0887,1.48122,0.470693,-0.0946392,1.31198,2.02862,-1.72276,3.53143,-235.431,13.5221,-53.0076,-2.51199,-678.998,13.4032,-54.0294,-2.55232,-37.0622,1682.24,0.426211,-1.76564,189.358,658.164,-115.673,-95.1258,0,-239.934,-549.081,64.4675,72.8347,-9.97165,343.758,-65.6293,-75.2503,16.6978,48.5373,-41.4856,42.2599,34.2612,-22.2439,10.8025,-10.7265,-17.4266,7.75291,-11.3312,5.24162,-3.49493,-5.89309,3.45341,-5.52281,0.229251,1.08891,0.702187,-359.698,7.88341,4.67613,-1.7313,18.6191,-6.42929,0.43322,8.3539,6.16598,0.942677,-0.503973,0.39754,-5.68552,-1.98313,-0.0251195,0,3798,0,-3.03577e-16,-4.29496e-15,-4.29951e-15,6.8473e-14,1.39611e-13,-1.25039e-13,-1.19696e-16,-1.2013e-16,-1.94289e-16,0,-0.569396,-0.585846,0.477796,-0.011691,3.14159,2.22136,1.36562,3.26857,-1.43065,-0.392699,4.13589,-0.022692,3.08869,0.296244,0.523599,0,0,0,0.508067,-0.037304,-0.569396,0.477802,3.09579,2.22136,3.26856,-0.396617,4.13589,3.0887,0.470693,0.0429224,-3.48538,1.55061,3.05044e-05,0.3088,-1.17862,0.690682,-1.10456,0.197462,0.0584635,0.0155074,1.00147,670.334,625.851,-317.758,870.439,-626.333,171.258,-42.3767,64.9746,-7.75708
2.18,-5.67471,-2.009,0.594534,0.963078,0.00755963,-98.9491,-0.523034,-1.87691,0.473508,1.56904,2.70936,21876.3,2.27512,-3.10686,3.34321,-0.888188,-0.355632,-4.18244,4.17796,-2.94621,3.13032,-0.806122,0.518511,-4.62475,-1.99722,-7.00315,-0.444541,-6.94348,-3.67047,-4.07475,-1.9969,-6.48516,-0.629447,-6.46421,-3.40065,-0.971164,0.59198,-0.334398,0.585856,-0.0263145,0.895807,-0.0359247,-17.5691,-0.566518,-10.7072,0.480679,37.9824,3.09867,-7.22449,2.23164,5.22432,3.27884,-2.81264,-0.386355,1.10013,4.13448,-0.16894,3.08728,1.5043,0.469276,-0.0986366,1.34424,2.13633,-1.76452,3.67185,120.291,8.34344,-31.9859,-2.03927,-277.236,8.35939,-33.4998,-2.1672,-33.201,-96534.3,-87.8546,367.636,108363,335.13,-79.0175,-45.7216,0,-115.43,-284.879,41.1624,41.7396,-7.85283,73.3681,-20.845,-22.0473,4.01301,48.1141,-42.0825,43.7394,34.1438,-22.4194,10.9041,-11.1212,-17.3921,7.86768,-11.4745,5.29554,-3.59433,-5.87463,3.50307,-5.60035,0.232062,1.08834,0.400571,-377.261,9.99659,-0.0705984,-2.61186,10.7729,-6.30729,0.880231,9.22777,6.40469,0.826096,-0.396538,0.403842,-5.67593,-1.98271,-0.0263145,0,3845,2.77556e-17,1.97412e-15,-9.21312e-15,-2.83801e-14,-1.82646e-13,-3.25795e-13,1.2923e-13,1.26635e-16,1.22298e-16,1.11022e-16,0,-0.566518,-0.5121,0.480681,-0.0117249,3.14159,2.23164,1.04486,3.27884,-0.562527,-0.392699,4.13448,-0.0338016,3.08727,0.300859,0.523599,0,0,0,0.529283,-0.0359247,-0.566518,0.480679,3.09867,2.23164,3.27884,-0.386355,4.13448,3.08728,0.469276,0.0434843,-3.47851,1.57357,4.52753e-05,0.973716,-1.17493,0.700614,-1.12007,0.405736,0.0586126,0.0155571,1.00154,564.957,485.711,18661.2,584.532,-342.864,59.8165,-27.2403,66.0061,-8.71404
2.2,-5.66488,-2.01053,0.621572,0.968257,0.0102589,-99.0058,-0.518688,-2.13017,1.19866,1.55332,16.9111,21876.3,2.27685,-3.20457,3.33799,-0.348893,-0.345484,-4.1511,4.17501,-2.91208,3.12693,-0.795795,0.515638,-4.61496,-1.99682,-6.99736,-0.449158,-6.93069,-3.6727,-4.06496,-1.99411,-6.47905,-0.633168,-6.45062,-3.4043,-14.701,0.478912,-0.300786,0.614779,-0.0282713,0.892702,-0.0338,154.586,-0.562747,174.634,0.484451,-824.618,3.10245,-4.69438,2.23279,3.45517,3.27999,-1.01278,-0.385203,1.0412,4.13095,-0.278092,3.08376,1.51631,0.465747,-0.102939,1.37899,2.19063,-1.8065,3.75845,-252497,-491.631,2066.85,-15593.6,-263470,-530.128,2227.08,-16796.6,610.11,-3.74353e+07,2518.16,-10579.9,-8.6487e+06,163.943,-61.2013,-11.3593,0,-52.6416,-129.962,29.231,19.4716,-5.55387,13.7824,-7.42892,-5.60735,1.60823,46.0006,-42.3036,44.3797,33.1539,-22.2699,10.8895,-11.3515,-16.9725,7.90451,-11.5075,5.29415,-3.61064,-5.72235,3.51635,-5.62102,0.235056,1.35191,0.258957,-2.83346,-2.86096,-0.869031,-4.3273,5.97401,-3.4673,1.56702,10.7867,6.87279,-15.0645,-0.280183,0.40546,-5.66615,-1.98229,-0.0282713,0,3893,5.55112e-17,-2.17604e-14,4.13003e-14,-1.46727e-12,5.30964e-14,1.14353e-14,3.92741e-14,1.2013e-16,1.21431e-16,1.94289e-16,0,-0.562747,8.08211,0.48446,-0.0117365,3.14159,2.23279,0.691027,3.27999,-0.202556,-0.392699,4.13095,-0.0556383,3.08374,0.303262,0.523599,0,0,0,0.550475,-0.0338,-0.562747,0.484451,3.10245,2.23279,3.27999,-0.385203,4.13095,3.08376,0.465747,0.044059,-3.39463,1.58095,6.23335e-05,1.91185,-1.14447,0.70327,-1.1242,0.784138,0.0587652,0.0156078,1.00166,33141.2,45846.4,7.4996e+06,411.269,-206.02,22.5444,-6.71857,68.3367,-9.66918
2.22,-5.65511,-2.01325,0.659407,0.973377,0.0138128,-99.1619,-0.517166,-1.8993,0.15971,1.61814,-2.41181,21876.1,2.27014,-3.32733,3.32574,0.0353245,-0.349036,-4.09995,4.1698,-2.85655,3.12088,-0.777087,0.510446,-4.60525,-1.99468,-6.99123,-0.451307,-6.91735,-3.6757,-4.05526,-1.99115,-6.47417,-0.638793,-6.43589,-3.40981,3.81381,0.347448,-0.246113,0.652022,-0.031425,0.871067,-0.0308097,-60.9795,-0.561788,-87.2545,0.48541,3093.45,3.10339,-2.87589,2.22552,2.03942,3.27272,-0.330692,-0.392477,0.989625,4.12518,-0.484741,3.07798,1.51029,0.459966,-0.108705,1.4262,2.20774,-1.86174,3.81896,-24763.1,136.829,-562.746,-937.794,-39156.5,222.347,-916.678,-1541.41,-323.211,-6.84871e+07,-7937.74,32728.9,5.81771e+06,85.2701,-51.2237,13.2714,0,-22.7595,-57.0766,21.9585,3.55125,-3.76006,1.66969,-2.45446,-0.783161,1.01323,43.8073,-42.3414,44.5583,31.1559,-22.8086,10.7863,-11.5332,-16.0904,7.83471,-11.7952,5.25104,-3.57568,-5.40611,3.47966,-5.56047,0.239068,1.89176,0.255996,-7.80653,2.77216,2.39391,-8.23254,-0.499406,-2.82559,2.5574,13.3026,7.71958,6.18534,-0.18914,0.400198,-5.65658,-1.98186,-0.031425,0,3940,0,-1.22125e-15,-3.66374e-15,-3.55271e-15,-1.03709e-13,-1.46994e-13,-1.15505e-13,1.19696e-16,1.17961e-16,1.66533e-16,0,-0.561788,-2.45881,0.485396,-0.0119549,3.14159,2.22552,0.407887,3.27271,-0.0661385,-0.392699,4.12518,-0.096973,3.07796,0.302059,0.523599,0,0,0,0.57695,-0.0308097,-0.561788,0.48541,3.10339,2.22552,3.27272,-0.392477,4.12518,3.07798,0.459966,0.0446224,-3.21822,1.567,6.90416e-05,3.1298,-1.08122,0.695932,-1.11209,1.33186,0.0589149,0.0156576,1.00185,5590.28,11133,1.36546e+07,307.99,-130.351,9.72986,16.6008,73.5341,-10.4615
2.24,-5.64609,-2.01596,0.701583,0.978525,0.0172298,-99.8308,-0.516662,-2.04407,0.448718,1.57041,4.29785,21875.7,2.25988,-3.56383,3.31172,0.280749,-0.357832,-4.0335,4.16285,-2.78685,3.11252,-0.749631,0.503369,-4.59632,-1.99222,-6.98495,-0.451523,-6.9054,-3.6777,-4.04633,-1.9884,-6.46985,-0.644312,-6.4221,-3.41518,-2.75161,0.105731,-0.177706,0.706712,-0.0345391,0.826987,-0.0279209,-27.574,-0.561812,-19.6507,0.485385,-16.2438,3.10338,-1.94507,2.21473,1.07348,3.26193,-0.0184963,-0.403274,0.949605,4.1177,-0.831097,3.0705,1.46467,0.452471,-0.117663,1.50047,2.19405,-1.95181,3.87904,-2511.2,40.6536,-160.023,-47.9259,-3147.87,39.4195,-156.392,-46.5768,-64.0376,-15826.4,60.555,-242.649,-88841.5,51.3114,-44.5624,30.062,0,-9.23531,-27.0981,16.6031,-6.90977,-2.62582,-1.39048,0.424166,-0.0604738,0.83101,41.9299,-42.6304,44.7978,28.1386,-24.3527,10.6701,-11.8156,-14.7016,7.6244,-12.3806,5.16946,-3.52203,-4.87333,3.37116,-5.3602,0.245237,2.10879,0.257434,-33.4481,2.92832,-0.00999309,-17.0562,-12.8373,-6.35961,3.32252,16.4399,8.84706,1.645,-0.131193,0.38608,-5.64763,-1.98146,-0.0345391,0,3984,2.77556e-17,2.10942e-15,-5.7866e-15,-5.77316e-15,1.45699e-13,1.96294e-13,2.00258e-13,2.98372e-16,3.05311e-16,3.88578e-16,0,-0.561812,-1.01948,0.48539,-0.0118097,3.14159,2.21473,0.214703,3.26192,-0.00369927,-0.392699,4.1177,-0.166275,3.07046,0.292934,0.523599,0,0,0,0.614257,-0.0279209,-0.561812,0.485385,3.10338,2.21473,3.26193,-0.403274,4.1177,3.0705,0.452471,0.0451506,-2.94056,1.52498,0.000130449,3.64837,-0.974666,0.674232,-1.07204,1.5037,0.0590553,0.0157043,1.00204,1200.46,1370.38,3372.17,225.356,-70.9135,3.07911,16.9829,84.6902,-8.1923
2.26,-5.63645,-2.01983,0.75206,0.988733,0.0202366,-105.436,-0.517764,-1.95016,0.474724,1.48683,3.12071,21875,2.25154,-4.04916,3.30047,0.565826,-0.364936,-3.94968,4.15456,-2.69551,3.1024,-0.714663,0.494933,-4.58676,-1.99067,-6.9778,-0.453587,-6.89371,-3.67987,-4.03677,-1.98746,-6.46432,-0.650663,-6.40824,-3.42138,-1.45455,-0.383754,-0.0880421,0.771293,-0.0388416,0.770041,-0.025467,-19.5563,-0.563467,-12.2582,0.48373,1.1304,3.10173,-1.45674,2.20584,0.325623,3.25304,0.247697,-0.412165,0.946538,4.10886,-1.27077,3.06166,1.41355,0.443613,-0.129144,1.59583,2.15458,-2.06963,3.94019,-293.251,16.9815,-62.6261,-3.21792,-751.065,16.8918,-63.4478,-3.22599,-38.4947,-11603.3,-4.06369,15.5432,1026.49,36.6459,-39.6939,40.685,0,-3.58535,-14.6323,12.4043,-13.2135,-1.82056,-3.45091,3.78244,-2.20513,0.985923,41.0103,-43.2419,45.1842,24.9143,-26.7588,10.6119,-12.2202,-13.1959,7.30112,-13.4336,5.16786,-3.53154,-4.35741,3.22114,-5.12158,0.252942,2.52383,0.510404,-280.266,7.17566,-4.1672,-39.7493,-37.5209,-11.4023,4.19088,20.5927,10.4744,0.968439,-0.0905868,0.367604,-5.63829,-1.98103,-0.0388416,0,4030,2.77556e-17,6.31439e-16,-4.56319e-15,-4.13818e-15,2.34261e-14,2.52506e-14,1.81868e-14,1.17961e-16,1.31839e-16,1.11022e-16,0,-0.563467,-0.620247,0.483739,-0.0118409,3.14159,2.20584,0.0651251,3.25303,0.0495393,-0.392699,4.10886,-0.254256,3.06161,0.28271,0.523599,0,0,0,0.65588,-0.025467,-0.563467,0.48373,3.10173,2.20584,3.25304,-0.412165,4.10886,3.06166,0.443613,0.0457036,-2.63953,1.46038,0.000196314,4.0377,-0.871481,0.644228,-1.02432,1.71071,0.0592024,0.0157532,1.0023,669.55,627.941,2317.64,165.021,-17.0406,-5.46449,9.34655,100.622,-5.57484
2.28,-5.62691,-2.02417,0.807015,1.00363,0.0229996,-106.082,-0.518429,-2.03275,0.444085,1.544,3.10618,21873.9,2.24306,-5.51143,3.28444,0.801056,-0.372914,-3.8516,4.14582,-2.58614,3.09133,-0.665803,0.48595,-4.57732,-1.99021,-6.97035,-0.45587,-6.88254,-3.68209,-4.02733,-1.98737,-6.45856,-0.657294,-6.39483,-3.42784,-1.55325,-1.85407,0.0192375,0.854462,-0.0436136,0.709723,-0.0232576,-27.5035,-0.564686,-20.282,0.482512,0.57601,3.1005,-0.860012,2.1968,-0.568262,3.244,0.365867,-0.421201,0.993261,4.09956,-1.81653,3.05237,1.3261,0.434329,-0.145356,1.73081,2.13326,-2.23938,4.06341,-2572.44,48.6678,-175,-51.2558,-3262.54,48.731,-176.322,-51.3925,-66.2893,-1767.14,-2.36415,8.60625,12.9638,29.9261,-35.5026,49.3703,0,-1.99963,-8.42404,8.37886,-17.9364,-0.904464,-6.36573,8.34058,-9.46311,1.36469,41.4534,-44.6883,46.4869,21.8814,-30.1094,10.7221,-12.953,-11.7555,6.90061,-14.76,5.17657,-3.58231,-3.81165,3.02632,-4.77674,0.263461,2.74775,0.744591,-32.3096,3.04401,-1.05081,-53.858,-111.059,-16.8366,4.90408,25.6241,12.5839,1.65129,-0.0446233,0.343933,-5.62896,-1.98061,-0.0436136,0,4076,5.55112e-17,-3.09475e-15,1.60653e-14,1.60354e-14,-4.9856e-14,2.7936e-14,8.15389e-14,1.80411e-16,1.66533e-16,1.11022e-16,0,-0.564686,-1.02032,0.482509,-0.011904,3.14159,2.1968,-0.113658,3.24399,0.0731734,-0.392699,4.09956,-0.363399,3.05232,0.265221,0.523599,0,0,0,0.705802,-0.0232576,-0.564686,0.482512,3.1005,2.1968,3.244,-0.421201,4.09956,3.05237,0.434329,0.0462572,-2.35133,1.38024,0.000142539,4.12797,-0.762329,0.605264,-0.955349,1.72092,0.0593498,0.0158021,1.00259,1239.09,1458.81,357.448,75.0628,43.964,-11.3319,-11.8825,120.428,-1.25599
2.3,-5.61686,-2.02902,0.863945,1.02087,0.0262489,-111.16,-0.521421,-1.95678,0.470109,1.49422,3.11644,21874,2.23299,-2.38853,3.26758,1.33895,-0.387719,-3.73708,4.13658,-2.44781,3.07928,-0.609427,0.476514,-4.56741,-1.98823,-6.96269,-0.458285,-6.87025,-3.6849,-4.01741,-1.98702,-6.45295,-0.664849,-6.38021,-3.43518,-1.46152,1.26677,0.15495,0.95356,-0.0489211,0.652138,-0.0205868,-19.6873,-0.568257,-12.545,0.478941,1.21561,3.09694,2.3246,2.18616,-3.11144,3.23335,-0.52957,-0.431844,1.08331,4.08974,-2.44107,3.04254,1.25071,0.424501,-0.166837,1.90955,2.13886,-2.46357,4.2574,-310.545,20.6012,-69.2912,-3.62658,-767.635,20.7206,-70.7075,-3.63678,-39.2365,-11420.4,-4.95398,17.1442,990.272,9.24605,-24.2482,61.9415,0,-9.57251,-5.80119,-0.364369,-24.6199,2.27115,0.758316,1.3545,-6.24775,-1.44877,42.8911,-47.0422,48.7433,19.3921,-33.9722,11.0502,-14.0518,-10.5737,6.46174,-16.5752,5.35129,-3.77138,-3.41454,2.827,-4.4606,0.276775,2.84651,0.862321,-253.879,6.84012,-3.79427,7.81404,44.583,23.4269,5.72616,32.0783,15.2667,0.968993,0.111259,0.319175,-5.61924,-1.98015,-0.0489211,0,4124,-2.77556e-17,-3.01842e-16,-9.54965e-16,-9.56917e-16,-8.50361e-14,-3.80529e-14,6.46705e-15,1.94289e-16,2.35922e-16,2.77556e-16,0,-0.568257,-0.634403,0.47895,-0.0119013,3.14159,2.18616,-0.622299,3.23335,-0.105914,-0.392699,4.08974,-0.488335,3.0425,0.250142,0.523599,0,0,0,0.760179,-0.0205868,-0.568257,0.478941,3.09694,2.18616,3.23335,-0.431844,4.08974,3.04254,0.424501,0.0468357,-2.11498,1.29247,0.000145126,4.39769,-0.682908,0.565399,-0.89212,1.73306,0.0595039,0.0158532,1.00291,683.559,654.954,2278.24,-222.493,125.311,22.38,-35.7157,143.7,3.03457
2.32,-5.60758,-2.0341,0.919249,1.03861,0.0297252,-111.706,-0.526702,-1.406,-0.0929508,1.13456,3.10191,21874,2.22062,-0.74633,3.24523,2.00285,-0.399494,-3.61116,4.12728,-2.28409,3.06653,-0.517258,0.46679,-4.55829,-1.98484,-6.95555,-0.459995,-6.85837,-3.68809,-4.00829,-1.98654,-6.44841,-0.672844,-6.36605,-3.4429,-1.45926,2.8984,0.315656,1.06782,-0.0544327,0.590659,-0.0176536,-12.203,-0.574081,-15.8449,0.473117,9.46387,3.09111,0.691032,2.17324,-2.71868,3.22044,-0.102933,-0.444754,1.20685,4.0799,-3.15482,3.03271,1.08646,0.414701,-0.194508,2.13979,2.14143,-2.75135,4.50437,623.191,-8.37266,29.2055,-17.1968,1972.97,-45.0373,150.817,-65.1102,-84.6138,-1363.29,20.343,-68.4265,25.6959,19.6908,-30.7036,61.6315,0,-7.7249,-4.9568,1.45744,-22.8942,1.1972,-0.983561,0.386459,-1.03329,-0.414083,44.7229,-50.3941,51.8241,17.3994,-37.896,11.5951,-15.5014,-9.62768,5.95398,-17.8172,5.28716,-3.80535,-2.91156,2.5579,-3.91352,0.293035,2.7652,0.886729,-27.3195,18.2082,-10.4475,-2.27867,126.074,74.7467,6.29568,39.8,18.8302,0.822436,0.0582888,0.291658,-5.61013,-1.97972,-0.0544327,0,4169,-2.77556e-17,1.73125e-15,-9.4369e-16,-9.4369e-16,8.11642e-14,2.91989e-14,2.13362e-14,-9.71445e-17,-5.55112e-17,-5.55112e-17,0,-0.574081,-0.13576,0.473116,-0.0206903,3.14159,2.17324,-0.543733,3.22044,-0.0205867,-0.392699,4.0799,-0.630996,3.0327,0.217291,0.523599,0,0,0,0.816566,-0.0176536,-0.574081,0.473117,3.09111,2.17324,3.22044,-0.444754,4.0799,3.03271,0.414701,0.0473788,-1.92559,1.19082,2.94033e-05,4.64031,-0.582312,0.511579,-0.782704,1.53647,0.0596486,0.0159013,1.00325,348.877,229.594,141.814,-122.597,121.851,18.3488,-66.8205,166.574,9.78152
2.34,-5.59829,-2.03941,0.971343,1.05481,0.0339037,-112.182,-0.528319,-1.3061,0.813889,1.32234,3.25661,21873.9,2.20625,-0.880574,3.22766,1.84302,-0.412829,-3.47517,4.11804,-2.08171,3.05303,-0.379375,0.45691,-4.54921,-1.98258,-6.94884,-0.461574,-6.84544,-3.69199,-3.99921,-1.98518,-6.4448,-0.681685,-6.35087,-3.45137,-0.607233,2.75992,0.514405,1.19283,-0.0601843,0.526453,-0.0140068,-31.1401,-0.576229,67.8503,0.470969,-24.6154,3.08897,0.783864,2.15834,-3.44249,3.20554,-0.0127814,-0.459649,1.34536,4.07013,-3.9291,3.02293,0.865442,0.404911,-0.228398,2.42133,2.12616,-3.09836,4.79069,-3124.01,72.7057,-222.982,-74.2405,10729.1,-199.062,612.346,226.021,-189.829,-2626.94,71.3797,-219.553,-24.0492,16.6576,-31.8627,64.8778,0,-10.7238,-5.31083,-0.495229,-23.0429,1.64172,-1.94934,-0.283603,0.857224,-0.477975,46.5117,-54.6689,55.5553,16.0138,-41.4289,12.36,-17.2756,-8.98974,5.40035,-18.2622,4.96084,-3.64364,-2.38797,2.24507,-3.24186,0.311772,2.60471,0.810277,-23.7678,-3.16843,32.3314,-2.33202,118.644,76.3136,6.79993,49.4565,23.7453,-2.9872,0.0796786,0.263087,-5.60124,-1.9793,-0.0601843,0,4213,2.77556e-17,4.27436e-15,-3.10862e-15,-1.77636e-14,1.46654e-13,-6.50591e-14,-5.01274e-14,1.38778e-16,1.38778e-16,1.66533e-16,0,-0.576229,1.39808,0.470972,-0.150511,3.14159,2.15834,-0.688494,3.20554,-0.00255628,-0.392699,4.07013,-0.785904,3.0229,0.173088,0.523599,0,0,0,0.871338,-0.0140068,-0.576229,0.470969,3.08897,2.15834,3.20554,-0.459649,4.07013,3.02293,0.404911,0.0479105,-1.79806,1.08013,5.70903e-05,5.16782,-0.477594,0.449014,-0.648372,1.26335,0.0597904,0.0159483,1.0036,2391.06,-4844.8,928.05,-154.834,157.781,22.0624,-97.0772,188.137,17.8162
2.36,-5.58915,-2.04475,1.01881,1.06913,0.038354,-114.462,-0.531788,-0.648645,0.566552,-2.72586,3.08971,21873.9,2.19086,-1.23241,3.21188,1.68787,-0.428665,-3.33403,4.10937,-1.81823,3.03862,-0.178233,0.447582,-4.5403,-1.9789,-6.94228,-0.462962,-6.83206,-3.69639,-3.99032,-1.9834,-6.44169,-0.690809,-6.33543,-3.46005,-0.0302108,2.40814,0.772805,1.32642,-0.0659621,0.452222,-0.0100888,-21.4511,-0.580231,12.4892,0.466967,-0.0749093,3.08496,1.14776,2.14241,-4.38774,3.18961,-0.0781482,-0.47558,1.46446,4.06093,-4.75466,3.01373,0.620325,0.395723,-0.268834,2.75641,2.04592,-3.50662,5.08616,-488.426,33.8132,-96.7429,-6.83955,163.937,-23.1265,66.3374,7.32806,-16.2602,41.0657,-0.206305,0.602157,-0.0737912,8.05512,-32.3145,67.825,0,-14.8466,-5.28967,-3.34186,-22.8282,2.35409,-3.07676,0.0638768,-0.240155,-0.7603,47.3199,-59.8456,59.6605,15.1736,-43.924,13.3129,-19.2866,-8.63269,4.78951,-17.7028,4.3785,-3.27153,-1.87822,1.90422,-2.54563,0.332705,2.37341,0.716049,-113.994,-3.26973,-143.623,-1.2207,100.282,61.8248,7.05696,62.1968,30.9141,-0.660852,0.114093,0.232477,-5.59236,-1.97887,-0.0659621,0,4257,-2.77556e-17,-2.49106e-15,-8.04912e-16,1.54043e-15,9.93927e-14,2.8505e-14,2.64875e-14,1.66533e-16,1.94289e-16,1.38778e-16,0,-0.580231,1.73655,0.466971,0.0659251,3.14159,2.14241,-0.877546,3.18961,-0.0156296,-0.392699,4.06093,-0.950971,3.01372,0.124065,0.523599,0,0,0,0.9229,-0.0100888,-0.580231,0.466967,3.08496,2.14241,3.18961,-0.47558,4.06093,3.01373,0.395723,0.0484428,-1.72659,0.957922,1.84678e-05,5.80381,-0.375643,0.380844,-0.509126,0.901766,0.0599324,0.0159953,1.00395,1362.33,-506.728,11.1648,-207.369,197.085,28.4079,-129.899,210.485,26.4861
2.38,-5.58038,-2.0494,1.0591,1.08178,0.0421817,-114.479,-0.536878,1.75636,0.492017,1.93342,3.12587,21873.9,2.18127,-1.48049,3.20043,1.60581,-0.441079,-3.20018,4.10203,-1.45647,3.02197,0.07864,0.439791,-4.53175,-1.97462,-6.93647,-0.466097,-6.81957,-3.70027,-3.9818,-1.98193,-6.43809,-0.698729,-6.32123,-3.46755,2.2641,2.16102,1.12571,1.46499,-0.0710312,0.366401,-0.00676991,-5.39596,-0.585829,-3.42205,0.461368,-0.0327234,3.07936,1.31332,2.13232,-5.28026,3.17952,-0.513795,-0.485671,1.56021,4.05308,-5.61466,3.00588,0.429754,0.387919,-0.315402,3.14133,1.87025,-3.97504,5.37473,528.246,-43.2265,117.473,-63.4264,-369.187,38.7135,-104.736,39.4633,2.58603,4.00363,-0.551668,1.49369,-0.484329,-0.942846,-33.7889,70.6636,0,-18.9496,-5.88037,-5.85189,-22.8508,2.9572,0.401081,1.09416,-4.91927,-1.62926,46.9263,-65.8642,63.9914,14.8688,-45.0078,14.3934,-21.4317,-8.55444,4.11919,-16.9901,3.93056,-2.97886,-1.54279,1.57876,-1.98841,0.355232,2.0144,0.63257,-0.859131,94.8265,80.2661,-0.220669,87.3989,39.6697,6.69245,79.9182,41.209,0.124619,0.143374,0.199712,-5.58389,-1.97846,-0.0710312,0,4299,5.55112e-17,-1.76248e-15,9.99201e-16,-9.29812e-16,1.64896e-13,-5.60108e-14,-1.10745e-13,8.32667e-17,1.66533e-16,1.94289e-16,0,-0.585829,-0.671302,0.461362,-0.00569271,3.14159,2.13232,-1.05605,3.17952,-0.102759,-0.392699,4.05308,-1.1228,3.00591,0.0859508,0.523599,0,0,0,0.96986,-0.00676991,-0.585829,0.461368,3.07936,2.13232,3.17952,-0.485671,4.05308,3.00588,0.387919,0.0489516,-1.71073,0.82378,-4.49252e-05,6.34859,-0.308559,0.315752,-0.397682,0.527072,0.0600682,0.0160403,1.00427,-64.5002,198.456,19.8052,-251.868,217.251,38.7993,-172.412,238.042,33.9062
2.4,-5.57157,-2.05186,1.08806,1.08983,0.0453778,-114.497,-0.538803,1.32157,0.488924,0.284536,3.12756,21873.9,2.17493,-1.55179,3.19111,1.56356,-0.449497,-3.08701,4.09623,-0.940565,2.99299,0.349404,0.433788,-4.52315,-1.97091,-6.9305,-0.468145,-6.80758,-3.70217,-3.97322,-1.97928,-6.4336,-0.703931,-6.30789,-3.47236,1.82453,2.08882,1.61863,1.59796,-0.073915,0.281367,-0.00409532,-3.93387,-0.588277,-4.19174,0.458921,-0.393273,3.07691,1.19493,2.12546,-5.99332,3.17266,-0.871455,-0.492532,1.71046,4.04676,-6.47713,2.99956,0.349062,0.381584,-0.364701,3.54663,1.63044,-4.46737,5.65269,425.806,-56.0935,142.254,-76.5891,-285.704,46.0096,-116.412,45.0536,3.81476,-37.0667,5.15516,-13.0482,-1.37741,-5.58276,-36.4688,73.3646,0,-22.1547,-7.62066,-7.76591,-22.9939,3.30609,4.6288,1.6953,-8.09958,-2.58863,46.9627,-72.1773,68.4002,15.0805,-45.103,15.4826,-23.6096,-8.75253,3.40121,-17.9111,4.25804,-3.2747,-1.58506,1.30229,-1.64111,0.377487,1.44811,0.4023,-0.932822,71.1564,-21.7627,-0.263098,83.5167,30.342,5.65838,105.423,54.6764,0.185573,0.161137,0.165601,-5.57523,-1.97803,-0.073915,0,4342,-2.77556e-17,-2.20657e-15,1.22125e-15,-1.58207e-15,-2.37324e-13,8.40439e-14,1.84519e-13,-5.55112e-17,0,1.38778e-17,0,-0.588277,-0.82988,0.458912,-0.0550402,3.14159,2.12546,-1.19865,3.17266,-0.174291,-0.392699,4.04676,-1.29534,2.99958,0.0698123,0.523599,0,0,0,1.00963,-0.00409532,-0.588277,0.458921,3.07691,2.12546,3.17266,-0.492532,4.04676,2.99956,0.381584,0.0494732,-1.75042,0.680216,-2.07257e-05,7.23636,-0.317013,0.260458,-0.328221,0.253292,0.0602076,0.0160864,1.00445,-96.3186,190.73,32.1896,-266.96,227.024,45.7677,-223.694,270.449,38.5933
2.42,-5.56313,-2.05187,1.1048,1.09075,0.0482694,-114.492,-0.538689,0.932732,0.484015,-4.13166,3.10625,21873.9,2.17178,-1.62511,3.18586,1.53044,-0.454029,-3.00278,4.09185,-0.215853,2.63812,0.747521,0.428992,-4.51493,-1.96637,-6.9252,-0.469087,-6.79602,-3.70213,-3.96499,-1.97467,-6.42905,-0.706443,-6.29534,-3.4745,1.45209,2.01478,1.99327,1.70375,-0.0743476,0.206942,-0.0017138,-2.48794,-0.588673,-6.25653,0.458525,-0.211414,3.07652,1.07384,2.1218,-6.57303,3.169,-1.15548,-0.496198,1.95568,4.04187,-7.25582,2.99467,0.252564,0.3767,-0.407343,3.89428,1.35603,-4.88383,5.84939,306.178,-71.5363,171.46,-92.6691,-279.793,73.5415,-176.127,74.6925,5.62236,-10.6123,3.07119,-7.35701,-0.469061,-9.45914,-38.6048,75.2965,0,-24.8968,-9.5428,-9.44697,-23.1503,3.59936,8.51865,2.00431,-10.2542,-3.47958,48.2539,-77.3407,71.8571,15.6037,-44.2936,16.3137,-25.4171,-9.11592,2.67333,-18.057,4.35231,-3.39759,-1.59665,1.01643,-1.26828,0.395563,0.837113,0.0461554,0.28398,63.6195,-235.051,-0.542148,79.6935,25.2217,4.21163,141.44,74.0751,0.262868,0.177948,0.13194,-5.56677,-1.97761,-0.0743476,0,4384,-2.77556e-17,-2.498e-16,-1.79023e-15,2.7478e-15,-2.53575e-13,1.86517e-14,1.36724e-13,-2.22045e-16,-1.11022e-16,-1.17961e-16,0,-0.588673,-1.11376,0.458523,-0.0712408,3.14159,2.1218,-1.31461,3.16899,-0.231096,-0.392699,4.04187,-1.45104,2.99469,0.0505128,0.523599,0,0,0,1.03808,-0.0017138,-0.588673,0.458525,3.07652,2.1218,3.169,-0.496198,4.04187,2.99467,0.3767,0.0499832,-1.82306,0.53464,-2.02471e-05,8.53557,-0.31933,0.203286,-0.253656,-0.0249673,0.0603439,0.0161315,1.00449,-115.501,238.019,24.0981,-265.694,230.491,48.699,-273.983,296.632,43.0914
2.44,-5.55573,-2.0513,1.11389,1.0884,0.0501228,-114.473,-0.535772,-0.227449,0.487462,1.40847,3.12476,21873.9,2.17052,-1.66474,3.18309,1.51663,-0.455583,-2.94336,4.08746,0.6902,3.10166,1.31261,0.42383,-4.5077,-1.96445,-6.92,-0.469506,-6.78698,-3.70071,-3.95774,-1.97114,-6.42415,-0.707482,-6.2853,-3.47528,0.27685,1.97393,3.36803,1.76905,-0.0741512,0.138123,-0.000298009,-4.00786,-0.586193,-7.20189,0.461004,0.419017,3.07901,0.924335,2.1201,-6.96781,3.1673,-1.2317,-0.497889,2.09095,4.03704,-7.79643,2.98985,0.147605,0.371875,-0.435361,4.12005,1.03453,-5.15301,5.88416,434.629,-71.991,164.43,-79.3733,-608.866,120.092,-274.255,108.886,7.28346,46.301,-6.89481,15.7456,1.40033,-12.2686,-39.304,75.4692,0,-27.2626,-11.5589,-10.9099,-22.9946,3.84042,9.11943,1.76218,-10.281,-3.72689,47.1903,-80.4494,73.1721,16.141,-42.0181,16.8439,-26.4203,-9.49175,2.08999,-15.9585,3.79318,-2.9785,-1.406,0.772687,-0.924093,0.406867,0.454295,-0.117839,0.946598,28.0641,66.7959,-0.701698,77.6491,24.4653,2.97072,186.523,100.25,0.259308,0.193448,0.10504,-5.55954,-1.97725,-0.0741512,0,4420,0,1.3739e-15,-2.22045e-16,1.21951e-15,-5.53474e-13,1.9712e-13,4.46504e-13,2.77556e-17,5.55112e-17,6.245e-17,0,-0.586193,-0.721447,0.461015,-0.0133595,3.14159,2.1201,-1.39355,3.1673,-0.246341,-0.392699,4.03704,-1.55916,2.98987,0.029521,0.523599,0,0,0,1.05438,-0.000298009,-0.586193,0.461004,3.07901,2.1201,3.1673,-0.497889,4.03704,2.98985,0.371875,0.0504208,-1.89822,0.417977,-1.4456e-05,9.21573,-0.2812,0.154537,-0.184819,-0.2235,0.0604609,0.0161702,1.00448,-27.435,319.784,9.04993,-268.244,237.844,49.5322,-313.659,314.327,47.3073
2.46,-5.54972,-2.05082,1.11888,1.08651,0.0507318,-114.468,-0.531217,-0.140266,0.504402,0.755021,3.13331,21873.9,2.172,-1.72192,3.184,1.50246,-0.454322,-2.90556,4.08268,1.69336,3.06426,2.06467,0.41775,-4.50177,-1.96549,-6.91516,-0.470278,-6.78118,-3.69827,-3.95178,-1.96968,-6.41896,-0.707525,-6.27843,-3.47524,0.372421,1.9164,4.33987,1.80554,-0.0739702,0.0799364,-5.40912e-05,-6.59196,-0.582003,-4.86215,0.465194,0.0644681,3.08319,0.787507,2.12121,-7.22859,3.16841,-1.29801,-0.496782,2.11541,4.03189,-8.13015,2.9847,0.040129,0.366725,-0.451751,4.2499,0.735297,-5.31292,5.83375,606.511,-63.5606,139.587,-56.5934,-1418.5,181.117,-397.744,134.13,7.38854,40.4336,-4.0174,8.82244,1.81615,-14.2078,-39.3233,75.0199,0,-29.3104,-13.4158,-11.9054,-22.9851,4.04933,9.31257,1.49154,-10.2637,-3.93149,44.4677,-82.1644,73.2256,16.5817,-39.3997,17.246,-26.9122,-9.82033,1.6749,-10.9807,2.31379,-1.8165,-0.87306,0.581351,-0.638359,0.413228,0.249673,-0.0941132,0.222183,49.8418,65.1279,-0.502839,74.8639,23.7588,1.89037,236.442,132.841,0.158849,0.206547,0.0852089,-5.55351,-1.97694,-0.0739702,0,4450,-2.77556e-17,1.6237e-15,3.747e-16,-2.498e-16,-5.96495e-13,2.73614e-13,5.37292e-13,-1.66533e-16,-1.11022e-16,-5.20417e-17,0,-0.582003,-0.18169,0.4652,-0.00804236,3.14159,2.12121,-1.44573,3.16841,-0.259602,-0.392699,4.03189,-1.62591,2.98472,0.00802581,0.523599,0,0,0,1.0631,-5.40912e-05,-0.582003,0.465194,3.08319,2.12121,3.16841,-0.496782,4.03189,2.9847,0.366725,0.0507859,-1.96393,0.334964,-9.69765e-06,9.04031,-0.174612,0.11627,-0.127672,-0.289499,0.0605585,0.0162025,1.00448,99.6461,394.197,11.4028,-280.05,243.913,50.8739,-346.084,326.449,51.0051
2.48,-5.5448,-2.0506,1.12203,1.08681,0.0505424,-114.462,-0.527911,1.77009,0.515549,-0.694207,3.13921,21873.9,2.17496,-1.76059,3.1868,1.49582,-0.451523,-2.88499,4.07692,2.59681,3.05222,2.81513,0.409233,-4.49684,-1.96739,-6.91068,-0.471363,-6.77781,-3.69501,-3.94685,-1.96976,-6.41379,-0.707143,-6.27378,-3.47489,2.28802,1.87773,5.2398,1.82565,-0.0740036,0.0410278,-0.000547926,-7.70732,-0.579001,-2.12753,0.468196,-2.04101,3.08619,0.652412,2.12387,-7.36454,3.17107,-1.33892,-0.49413,2.08922,4.02583,-8.31826,2.97863,-0.0796131,0.360654,-0.461148,4.32259,0.530175,-5.40886,5.7869,673.489,-62.0323,132.78,-48.3087,-1965.98,220.964,-472.825,143.718,2.58452,-1326.19,150.494,-322.03,10.4496,-14.0184,-39.5487,74.8638,0,-30.6453,-15.0938,-12.2803,-23.248,4.16479,9.06938,1.36722,-10.3334,-4.04875,41.923,-83.2366,73.1102,16.8977,-37.603,17.7242,-27.3288,-10.0929,1.41652,-2.16976,-0.518453,0.406579,0.198482,0.433,-0.427813,0.416749,0.157557,0.0146297,0.331421,150.215,31.0591,-0.238602,73.0783,23.4251,1.02848,281.326,159.165,0.04398,0.213885,0.0725266,-5.5485,-1.97669,-0.0740036,0,4475,0,2.48412e-15,4.51028e-16,-2.23432e-15,-2.31593e-13,1.04527e-13,2.06335e-13,-1.94289e-16,-5.55112e-17,-5.81132e-17,0,-0.579001,-0.0572199,0.468198,-0.0212284,3.14159,2.12387,-1.47293,3.17106,-0.267784,-0.392699,4.02583,-1.66355,2.97865,-0.0159226,0.523599,0,0,0,1.06779,-0.000547926,-0.579001,0.468196,3.08619,2.12387,3.17107,-0.49413,4.02583,2.97863,0.360654,0.0510903,-2.01845,0.283292,-5.1837e-06,8.3787,0.0396964,0.0866001,-0.0855626,-0.101938,0.06064,0.0162294,1.00449,130.021,444.745,296.622,-292.881,248.186,52.0026,-370.725,334.199,53.9257
2.5,-5.5413,-2.05176,1.12704,1.09204,0.0498005,-114.584,-0.527846,-13.1611,0.518728,-1.77071,3.14058,21873.9,2.17831,-1.77027,3.19003,1.501,-0.448382,-2.87273,4.0672,3.08591,3.04201,2.38373,0.399235,-4.49328,-1.96978,-6.90697,-0.473545,-6.7775,-3.69068,-3.94329,-1.97211,-6.40929,-0.707658,-6.27133,-3.4755,-12.6414,1.86814,5.72869,1.8386,-0.0753406,0.0213238,-0.00149694,-8.26525,-0.579143,-0.313343,0.468054,-7.95956,3.08606,0.54348,2.12701,-7.42318,3.17421,-1.35686,-0.490985,1.98277,4.0159,-8.38625,2.9687,-0.233634,0.350688,-0.467219,4.36963,0.427209,-5.47758,5.78371,690.375,-59.6526,126.098,-43.4701,-2015.52,214.427,-452.863,129.292,-2.13828,-14061.6,1503,-3174.2,254.997,-12.5571,-40.261,75.3516,0,-31.293,-16.3802,-12.1571,-23.7739,4.2023,8.67013,1.41225,-10.5054,-4.09122,39.226,-84.3058,73.3811,17.0915,-37.0139,18.6469,-28.0835,-10.3544,1.31531,11.216,-5.13162,4.01906,1.97519,0.314887,-0.348723,0.419028,0.250392,0.26186,-6.12969,-596.349,-11.5895,0.144,72.7618,23.6816,0.612584,305.296,115.52,-0.036506,0.216406,0.067472,-5.54509,-1.97651,-0.0753406,0,4492,2.77556e-17,-1.40166e-15,-3.22659e-16,1.4988e-15,1.94955e-13,-8.97615e-14,-1.7536e-13,2.77556e-17,1.11022e-16,1.66533e-16,0,-0.579143,-0.0176536,0.468061,-0.01342,3.14159,2.12701,-1.48466,3.17421,-0.271372,-0.392699,4.0159,-1.67738,2.96868,-0.0467267,0.523599,0,0,0,1.07074,-0.00149694,-0.579143,0.468054,3.08606,2.12701,3.17421,-0.490985,4.0159,2.9687,0.350688,0.0512975,-2.07108,0.263078,5.56131e-06,7.19306,0.395038,0.0629774,-0.0697445,0.402144,0.0606955,0.0162478,1.00457,119.829,477.549,3412.3,-312.86,254.524,53.8247,-384.773,338.157,57.0589
2.52,-5.53896,-2.054,1.13534,1.10239,0.0488656,-114.575,-0.527573,-1.57532,-5.92885,-1.29044,6.27306,21873.9,2.18152,-1.75193,3.19277,1.51739,-0.445491,-2.87327,4.05875,3.33115,3.03412,0.226717,0.39302,-4.49087,-1.97367,-6.90412,-0.476574,-6.77828,-3.68796,-3.94087,-1.97585,-6.40569,-0.709091,-6.27032,-3.47706,-10.6356,1.88633,5.97225,1.86036,-0.0777011,0.0188256,-0.002566,5.4769,-0.579005,-669.946,0.468193,-1088.8,3.08619,0.481248,2.13008,-7.48413,3.17728,-1.3585,-0.487914,1.94656,4.00732,-8.4783,2.96012,-0.554933,0.342113,-0.477078,4.44939,0.422328,-5.58921,5.8898,-1102.47,-194.495,409.844,-270.661,345148,10089.4,-21251.3,13398.3,37471.5,-374868,16388.9,-34520,15766.6,-10.7932,-42.1058,77.2049,0,-31.3809,-17.178,-11.6472,-24.7188,4.18791,8.48837,1.68867,-10.8595,-4.08285,38.9953,-86.1288,74.9426,17.315,-37.6789,19.7029,-29.2382,-10.6186,1.25519,40.984,-15.6591,12.3197,6.005,0.119195,-0.714684,0.422866,0.414703,0.517125,0.458541,-1.10972,10.0167,0.500325,73.8393,24.4986,-0.0269162,317.135,-29.7212,34.0935,0.214817,0.0640841,-5.54288,-1.9764,-0.0777011,0,4503,0,-9.71445e-16,-3.55271e-15,1.06581e-14,-6.1165e-13,2.68396e-13,5.39152e-13,0,5.55112e-17,1.73472e-17,0,-0.579005,-0.0539794,0.4682,-0.0278441,3.14159,2.13008,-1.49685,3.17728,-0.2717,-0.392699,4.00732,-1.69572,2.96011,-0.110987,0.523599,0,0,0,1.07561,-0.002566,-0.579005,0.468193,3.08619,2.13008,3.17728,-0.487914,4.00732,2.96012,0.342113,0.0514316,-2.12385,0.251048,5.52181e-06,5.80241,1.201,0.0238391,-0.142937,1.61475,0.0607313,0.0162596,1.00472,-139.311,-35431.6,103467,-333.975,262.847,55.4226,-398.831,339.471,58.8806
2.54,-5.53744,-2.0566,1.14598,1.11523,0.048169,-114.572,-0.530207,-1.91009,0.680326,-1.4532,3.04523,21873.9,2.18463,-1.71583,3.19496,1.5406,-0.4428,-2.89623,4.05614,2.73653,3.03165,0.405916,0.389652,-4.48929,-1.97592,-6.90239,-0.480121,-6.77831,-3.6887,-3.9393,-1.97956,-6.40323,-0.711086,-6.26979,-3.47915,-1.1334,1.92193,5.37854,1.89781,-0.0803746,0.0297356,-0.00333577,5.85394,-0.581712,51.9763,0.465486,11.3044,3.08348,0.47574,2.13312,-7.59299,3.18032,-1.35323,-0.484875,1.90521,4.00463,-8.57413,2.95743,-1.23255,0.339401,-0.494063,4.58906,0.501031,-5.77412,6.12385,-1082.98,-178.733,379.017,-252.09,-1481.17,-705.794,1495.75,-960.802,312.216,2794.68,-156.018,330.645,-138.516,-9.44262,-45.2173,80.6278,0,-31.1311,-17.4522,-10.8806,-26.141,4.15217,8.75137,2.18414,-11.4236,-4.05333,39.8583,-89.0625,77.9261,17.5646,-39.1445,20.6066,-30.5531,-10.8121,1.30994,98.8373,-36.7877,29.1047,13.8495,-0.233867,-3.40179,0.429487,0.532412,0.642113,0.174759,-7.05304,-2.37547,0.669917,75.8,25.6572,-1.1481,287.274,-42.001,-3.14571,0.211563,0.0664285,-5.54168,-1.97634,-0.0803746,0,4509,-2.77556e-17,1.91513e-15,4.21885e-15,-5.66214e-15,-4.84307e-13,2.19547e-13,4.36956e-13,0,0,3.1225e-17,0,-0.581712,0.3915,0.465481,-0.0280033,3.14159,2.13312,-1.51862,3.18032,-0.270645,-0.392699,4.00463,-1.71502,2.95739,-0.246509,0.523599,0,0,0,1.08383,-0.00333577,-0.581712,0.465486,3.08348,2.13312,3.18032,-0.484875,4.00463,2.95743,0.339401,0.0515047,-2.16309,0.26203,9.25328e-05,4.17375,2.7699,-0.0467734,-0.680358,3.77396,0.0607509,0.0162661,1.00488,-93.866,-2373.08,-850.455,-347.657,271.227,55.57,-408.936,328.931,59.7944
2.56,-5.5363,-2.0592,1.15766,1.12914,0.0474025,-114.567,-0.534374,-1.88881,0.714317,-0.098511,3.19387,21873.9,2.18772,-1.66922,3.19676,1.56791,-0.440227,-2.9433,4.05487,0.839549,3.06143,0.871335,0.386629,-4.48806,-1.97747,-6.90093,-0.48361,-6.7785,-3.69015,-3.9381,-1.98339,-6.40106,-0.713028,-6.26974,-3.4812,-1.22676,1.96777,3.51435,1.9477,-0.0830353,0.0428867,-0.00416323,8.41367,-0.58594,62.3006,0.461258,-8.38086,3.07926,0.468171,2.13616,-7.74134,3.18336,-1.34441,-0.48184,1.47259,4.0033,-8.46669,2.9561,-2.42774,0.338125,-0.517189,4.77955,0.604807,-6.02516,6.4376,-1545.84,-179.794,383.974,-274.428,-2210.84,-714.606,1524.91,-1051.57,375.374,1438.51,96.3351,-205.575,-10.0551,-7.68327,-49.2629,85.0738,0,-30.8457,-17.8567,-9.96984,-27.9121,4.10487,9.10629,2.82103,-12.135,-4.01309,34.3488,-93.3103,81.5712,17.6912,-39.813,21.8418,-31.9657,-10.9098,1.72357,143.093,-59.373,46.5566,21.4222,-0.757939,-10.8717,0.438346,0.583788,0.695319,0.249605,-6.03456,36.9361,0.745059,78.2851,27.0177,-2.35344,192.361,-24.6585,-3.74649,0.208075,0.0869638,-5.54067,-1.97628,-0.0830353,0,4514,-2.77556e-17,-9.99201e-16,-1.11022e-15,2.22045e-16,6.29302e-13,-2.60902e-13,-5.48589e-13,1.66533e-16,1.11022e-16,2.91434e-16,0,-0.58594,0.467173,0.461264,0.178284,3.14159,2.13616,-1.54828,3.18335,-0.268883,-0.392699,4.0033,-1.69327,2.95612,-0.485548,0.523599,0,0,0,1.09442,-0.00416323,-0.58594,0.461258,3.07926,2.13616,3.18336,-0.48184,4.0033,2.9561,0.338125,0.0515657,-2.1816,0.344687,-0.000121633,1.56575,4.28443,-0.151588,-2.17434,5.26581,0.0607673,0.0162715,1.00505,-116.043,-2663.74,-46.9608,-357.69,279.699,55.0053,-398.843,285.357,71.8665
2.58,-5.53517,-2.06167,1.16936,1.14279,0.0467173,-114.562,-0.539489,-1.89299,0.736771,-0.453429,3.18537,21873.9,2.19051,-1.62194,3.19801,1.59561,-0.438045,-3.01699,4.05415,-0.982783,2.93693,1.11764,0.380497,-4.48685,-1.97822,-6.89951,-0.486881,-6.7785,-3.69175,-3.93692,-1.98695,-6.39901,-0.714905,-6.26959,-3.48316,-1.2,2.01411,1.57365,2.00481,-0.0855591,0.058524,-0.00490943,10.9398,-0.591115,70.6344,0.456082,-7.34769,3.07408,0.487435,2.13889,-7.92469,3.18608,-1.33768,-0.479112,0.61382,4.00252,-8.11497,2.95533,-4.37351,0.337347,-0.544404,5.00366,0.737308,-6.31944,6.80973,-1972.34,-179.218,385.839,-291.261,-2667.76,-697.791,1500.8,-1092.17,419.497,2243.46,72.627,-156.209,-16.8739,-6.35505,-53.8291,90.2302,0,-30.603,-18.077,-9.02244,-29.9024,4.06695,9.72592,3.52929,-12.9392,-3.98083,21.5005,-98.6132,85.5382,17.7002,-38.0773,23.4391,-33.3783,-10.9265,2.5265,147.276,-78.5272,60.0994,26.6463,-1.5707,-25.0584,0.448539,0.585083,0.682982,0.232871,-6.05807,27.0463,0.743662,80.7885,28.3993,-3.68443,101.209,-14.4528,-4.2536,0.205569,0.127136,-5.53967,-1.97623,-0.0855591,0,4519,0,1.4988e-15,1.55431e-15,-8.88178e-16,-3.23103e-13,8.14349e-14,2.32592e-13,0,-5.55112e-17,-2.22045e-16,0,-0.591115,0.55157,0.45609,0.102387,3.14159,2.13889,-1.58496,3.18608,-0.267537,-0.392699,4.00252,-1.62296,2.95534,-0.874701,0.523599,0,0,0,1.10603,-0.00490943,-0.591115,0.456082,3.07408,2.13889,3.18608,-0.479112,4.00252,2.95533,0.337347,0.0516267,-2.18495,0.505261,-0.000239523,-1.39973,5.32927,-0.31414,-5.01168,4.91141,0.0607836,0.0162769,1.0052,-123.951,-2894.17,-245.331,-364.606,287.96,53.8822,-361.168,190.942,105.02
2.6,-5.53427,-2.06447,1.18144,1.15708,0.0457339,-114.556,-0.544025,-1.91406,0.733228,-0.10963,3.19386,21873.9,2.19323,-1.56545,3.19894,1.62727,-0.436089,3017.53,4.05495,8469.96,3.13942,5.51702,-0.939782,-4.48583,-1.9801,-6.89791,-0.490194,-6.77883,-3.69424,-3.93595,-1.99133,-6.39679,-0.716856,-6.27009,-3.48524,-1.23309,2.06958,8474.04,2.06486,-0.0884023,0.0717658,-0.00594158,13.1912,-0.5957,69.2664,0.451497,-8.7338,3.0695,0.478618,2.14155,-8.11141,3.18875,-1.32746,-0.476446,-0.752361,4.00327,-7.46591,2.95608,-1987.47,0.338099,-0.573828,5.24624,0.867519,-6.64309,7.20593,-2343.08,-179.894,389.613,-304.838,-3049.25,-613.233,1326.49,-1001.96,377.996,1771.68,77.5786,-167.817,-10.9888,-4.25913,-58.7828,95.7388,0,-30.4273,-18.6238,-7.98761,-32.0508,4.01862,10.1997,4.29385,-13.8005,-3.93823,-0.772734,-104.795,89.3123,17.6677,-30.0155,25.2856,-34.4782,-10.894,3.77192,-1.58547e+06,-26026.8,19081.5,8208.02,-1082.84,-3.95538e+06,0.459323,0.603758,0.714388,0.286438,-5.92178,39.1523,0.801136,83.7486,29.9791,151027,423648,197.336,-4.27596,0.202916,0.189682,-5.53887,-1.97619,-0.0884023,0,4523,-2.77556e-17,-5.05151e-15,4.44089e-16,-8.88178e-16,2.68618e-13,-1.06914e-13,-2.34035e-13,2.77556e-17,1.66533e-16,-1.42109e-14,0,-0.5957,0.676955,0.451503,0.211655,3.14159,2.14155,-1.62229,3.18875,-0.265492,-0.392699,4.00327,-1.51697,2.95609,-397.495,0.523599,0,0,0,1.11769,-0.00594158,-0.5957,0.451497,3.0695,2.14155,3.18875,-0.476446,4.00327,2.95608,0.338099,0.0516755,-2.08003,0.741326,-47.5322,543175,1641.6,-216.569,-791075,-63835.5,0.0607967,0.0162812,1.00537,-140.247,-2708.48,-118.477,-375.215,297.571,53.265,2.7156e+06,-398362,351036
2.62,-5.53325,-2.06757,1.19397,1.1719,0.0446664,-114.548,-0.549325,-1.90461,0.75138,0.756391,3.21432,21874,2.19608,-1.5014,3.19968,1.66286,-0.434221,3019.41,4.05601,34.0489,4.41,6.7278,-0.771246,-4.48467,-1.98198,-6.89609,-0.493794,-6.77911,-3.69707,-3.93485,-1.99612,-6.39433,-0.719029,-6.27059,-3.48755,-1.22595,2.1325,39.2302,2.12996,-0.0915439,0.0879405,-0.00705794,15.362,-0.601049,74.5849,0.446148,-12.0995,3.06415,0.479177,2.14435,-8.31388,3.19155,-1.31575,-0.473648,-577.863,4.00428,347.64,2.95709,-1246.02,0.339093,-0.606692,5.5172,1.0348,-7.00719,7.66106,-2672.75,-179.714,391.969,-314.102,-3174.24,-597.797,1301.83,-1006.4,401.047,1260.72,97.4882,-212.313,-6.38128,-1.93771,-64.3636,102.047,0,-30.2512,-19.1234,-6.79259,-34.5178,3.96533,10.7881,5.16103,-14.7858,-3.89079,45365.1,-662.026,-444.621,18567.5,400968,366.133,295.676,-11431.5,512.537,186176,-1308.53,-1062.57,39787.1,-521.155,-10580.8,0.47108,0.626852,0.740779,0.393077,-5.20664,66.3319,0.852216,87.0937,31.7549,93.957,1852.89,263.523,-4.62589,0.199865,25.739,-5.53807,-1.97615,-0.0915439,0,4527,-2.77556e-17,-1.77636e-15,-1.11022e-14,3.21965e-15,2.56156e-13,-6.10623e-14,-1.84991e-13,-1.15818e-12,-1.89715e-12,1.84741e-12,0,-0.601049,0.761628,0.446153,0.575339,3.14159,2.14435,-1.6628,3.19154,-0.263151,-0.392699,4.00428,69.5286,2.95709,-249.205,0.523599,0,0,0,1.12971,-0.00705794,-0.601049,0.446148,3.06415,2.14435,3.19155,-0.473648,4.00428,2.95709,0.339093,0.0517243,-2286.31,102.508,0.00390673,368049,7957.42,-104.231,-2116.15,7125.57,0.0608097,0.0162855,1.00557,-167.057,-2855.46,62.3974,-386.309,308.008,52.5158,1.86894e+06,-108761,-15632.5
2.64,-5.53174,-2.0711,1.20725,1.18695,0.0437888,-114.539,-0.555396,-1.91099,0.754235,1.01694,3.21785,21874,2.19864,-1.43318,3.19969,1.70078,-0.432945,3019.38,4.05414,24.9141,2.1892,-1.94992,0.389236,-4.483,-1.98358,-6.89397,-0.497856,-6.77924,-3.69898,-3.93327,-2.00106,-6.39163,-0.721805,-6.27032,-3.49043,-1.23301,2.19945,26.7141,2.20101,-0.0951484,0.108256,-0.00802094,17.1587,-0.607206,76.3545,0.439992,-12.7918,3.05799,0.522781,2.14683,-8.55091,3.19403,-1.30803,-0.471171,3.2623,4.00233,-10.3671,2.95513,-0.240824,0.33712,-0.643801,5.82236,1.25551,-7.41621,8.1874,-2886.97,-177.035,389.511,-314.329,-3067.41,-559.963,1229.73,-956.913,398.911,1007.98,94.4235,-207.38,-5.4334,-0.181176,-70.4968,109.225,0,-30.123,-19.3025,-5.54607,-37.2632,3.92627,11.749,6.10696,-15.8904,-3.85703,80.5012,-112.837,105.559,20.5411,-53.0139,25.7967,-41.6763,-12.6805,0.341822,93.5546,-27.126,23.5776,9.53902,0.00753001,-0.316209,0.483986,0.663916,0.752552,0.475575,-5.02735,74.0029,0.870232,90.6327,33.6464,-1.27596,1396.05,-147.815,-4.78881,0.197497,0.0171315,-5.53667,-1.97608,-0.0951484,0,4534,-5.55112e-17,5.55112e-17,-3.33067e-15,-9.99201e-16,-7.69745e-13,2.4386e-13,6.21947e-13,-2.43416e-14,9.21485e-15,-3.0892e-14,0,-0.607206,0.848874,0.440001,0.762986,3.14159,2.14683,-1.7102,3.19402,-0.261606,-0.392699,4.00233,-2.07355,2.95511,-0.0481647,0.523599,0,0,0,1.14216,-0.00802094,-0.607206,0.439992,3.05799,2.14683,3.19403,-0.471171,4.00233,2.95513,0.33712,0.0518097,-2.53637,0.0683686,3.93138e-06,9.24149,1.9078,0.001506,-0.0632418,3.68898,0.0608326,0.016293,1.00579,-188.032,-2885.14,123.199,-397.55,319.737,51.5934,-519.619,448.3,45.0813
2.66,-5.53028,-2.07483,1.22086,1.2018,0.0429673,-114.528,-0.562545,-1.91181,0.761986,1.35341,3.22636,21874,2.20051,-1.36022,3.19842,1.74006,-0.432731,3019.39,4.04661,7.68412,2.94449,2.10073,0.377435,-4.48134,-1.98468,-6.89182,-0.501822,-6.78051,-3.69826,-3.93176,-2.0061,-6.38906,-0.72483,-6.27002,-3.49355,-1.23459,2.27093,10.2512,2.28072,-0.0989495,0.127708,-0.00891563,18.583,-0.614428,80.7797,0.432769,-14.3654,3.05076,0.580487,2.14863,-8.83209,3.19582,-1.30344,-0.469371,2.59413,3.99473,-10.234,2.94753,-0.29314,0.329515,-0.686839,6.17656,1.50047,-7.89082,8.78517,-3001.39,-173.699,384.967,-308.026,-2690.38,-550.604,1217.59,-937.645,423.075,698.042,98.6401,-218.152,-5.00109,1.40117,-77.2913,117.246,0,-30.1437,-19.5124,-4.33078,-40.235,3.90122,12.9515,7.12342,-17.0952,-3.83572,72.1844,-120.979,112.82,20.7213,-57.0009,28.8064,-45.1271,-12.9293,0.921189,39.9198,-13.9852,12.01,4.61778,0.157215,-0.318153,0.498548,0.680449,0.742718,0.558361,-5.06741,82.3943,0.845048,94.3743,35.6069,0.184256,534.177,79.9059,-5.06597,0.195685,0.0459994,-5.53547,-1.97601,-0.0989495,0,4540,2.77556e-17,2.77556e-16,-8.21565e-15,-1.44329e-15,-1.85185e-13,9.08718e-14,1.82937e-13,-4.22995e-14,-6.77236e-15,-3.91007e-14,0,-0.614428,0.89886,0.432764,1.00088,3.14159,2.14863,-1.76644,3.19582,-0.260687,-0.392699,3.99473,-2.04698,2.94751,-0.058628,0.523599,0,0,0,1.15537,-0.00891563,-0.614428,0.432769,3.05076,2.14863,3.19582,-0.469371,3.99473,2.94753,0.329515,0.0518829,-2.58618,0.184251,5.68312e-06,8.63112,0.923556,0.0314431,-0.0636305,1.47755,0.0608522,0.0162995,1.00602,-210.604,-3078.26,214.211,-408.738,332.611,50.6496,-485.916,430.286,59.4094
2.68,-5.52914,-2.07829,1.23382,1.21508,0.0425309,-114.517,-0.571719,-1.93755,0.756437,2.29104,3.29681,21874,2.20227,-1.29574,3.1967,1.77535,-0.432906,3019.41,4.03595,7.15413,2.91191,2.31566,0.364603,-4.47995,-1.98381,-6.89048,-0.505792,-6.78214,-3.69595,-3.93059,-2.01026,-6.38734,-0.72792,-6.26951,-3.4967,-1.33633,2.33386,9.70144,2.36756,-0.102469,0.148391,-0.00941301,19.8493,-0.623663,84.6508,0.423535,-17.4523,3.04153,0.674816,2.15032,-9.15837,3.19752,-1.30713,-0.46768,2.44399,3.98401,-10.4554,2.93681,-0.302733,0.318789,-0.735466,6.57684,1.78926,-8.4208,9.45429,-3061.98,-170.097,379.728,-298.321,-2166.39,-540.26,1203.05,-908.121,444.742,-294.757,112.353,-250.219,-4.99814,2.39674,-84.6458,126.148,0,-30.3165,-19.5408,-3.14472,-43.4929,3.90296,14.5584,8.1999,-18.4244,-3.84049,74.7247,-129.647,121.66,21.3368,-61.9368,32.2612,-49.8006,-13.5148,1.01306,38.7126,-14.1855,12.2805,4.51629,0.178833,-0.33922,0.514504,0.64797,0.66367,0.530739,-6.35486,103.839,0.69369,97.686,37.3682,0.946989,507.144,92.2385,-5.31544,0.195372,0.0504132,-5.53446,-1.97596,-0.102469,0,4545,-2.77556e-17,-4.44089e-15,-1.53211e-14,-1.08247e-14,-8.23341e-13,2.6068e-13,6.78513e-13,-2.03448e-14,-1.4988e-14,-2.11879e-14,0,-0.623663,0.942457,0.423535,1.29793,3.14159,2.15032,-1.83172,3.19751,-0.261425,-0.392699,3.98401,-2.09125,2.93678,-0.0605467,0.523599,0,0,0,1.16892,-0.00941301,-0.623663,0.423535,3.04153,2.15032,3.19752,-0.46768,3.98401,2.93681,0.318789,0.051944,-2.70329,0.202628,6.03564e-06,9.37712,0.903257,0.0357667,-0.067844,1.34019,0.0608686,0.0163049,1.00624,-220.19,-3215.77,463.47,-414.792,344.841,48.9108,-480.804,437.289,63.6821
2.7,-5.52805,-2.08174,1.24609,1.22641,0.0426378,-114.507,-0.579757,-1.9537,0.752614,1.78413,3.34006,21874,2.20419,-1.24821,3.19522,1.80334,-0.433026,3019.44,4.02642,10.3873,2.92991,5.18749,0.361439,-4.47864,-1.98268,-6.88996,-0.510304,-6.78279,-3.69455,-3.9295,-2.01354,-6.38639,-0.731462,-6.26826,-3.50022,-1.39955,2.38003,12.9557,2.45558,-0.105971,0.166689,-0.00936721,20.8454,-0.631762,87.6737,0.415436,-23.0603,3.03343,0.797453,2.15219,-9.51411,3.19939,-1.32398,-0.465814,2.61106,3.97442,-10.8875,2.92722,-0.188889,0.309163,-0.786608,6.99765,2.08353,-8.96722,10.135,-3096.01,-167.815,376.825,-289.218,-1654.43,-533.683,1195.17,-880.175,461.98,-2563.88,141.799,-317.603,-12.6355,2.45733,-91.9591,135.203,0,-30.7014,-19.4227,-2.10624,-46.8234,3.94601,16.5113,9.23768,-19.7836,-3.88499,84.0988,-138.302,131.104,22.1861,-67.7476,35.6263,-54.8908,-14.2404,0.81272,27.478,-9.96217,8.77613,3.10738,0.178173,-0.22644,0.530765,0.613283,0.566691,0.502451,-7.15958,44.3315,0.473295,100.159,38.7693,1.46708,668.324,248.869,-5.52479,0.197562,0.0403979,-5.53346,-1.97591,-0.105971,0,4550,2.77556e-17,-2.88658e-15,-6.88338e-15,-9.10383e-15,-2.21712e-13,2.88103e-14,1.43524e-13,2.43416e-14,3.04201e-14,3.14193e-14,0,-0.631762,0.976941,0.41544,0.707758,3.14159,2.15219,-1.90287,3.19938,-0.264795,-0.392699,3.97442,-2.17796,2.92716,-0.0377778,0.523599,0,0,0,1.18182,-0.00936721,-0.631762,0.415436,3.03343,2.15219,3.19939,-0.465814,3.97442,2.92722,0.309163,0.052005,-2.84883,0.162571,9.70329e-06,11.3027,0.621476,0.0356346,-0.045288,0.871865,0.0608849,0.0163103,1.00645,-223.677,-3426.38,1009.37,-418.421,357.056,46.8239,-489.817,454.986,67.2822
2.72,-5.52756,-2.08447,1.25666,1.23557,0.0427938,-114.497,-0.585,-1.94468,0.752759,1.32919,3.35106,21874,2.20681,-1.2158,3.19472,1.8241,-0.432347,3019.46,4.0189,23.7711,2.89746,5.68558,0.353788,-4.47799,-1.98227,-6.89026,-0.514486,-6.78352,-3.69354,-3.92903,-2.01602,-6.38611,-0.734323,-6.26755,-3.50307,-1.40139,2.41127,26.3147,2.54439,-0.10872,0.173297,-0.00922344,21.0454,-0.637017,88.3283,0.41018,-37.3037,3.02817,0.854495,2.15479,-9.87425,3.20199,-1.34738,-0.463209,2.92386,3.96688,-11.4473,2.91969,-0.165285,0.301656,-0.839996,7.43798,2.28387,-9.53616,10.781,-3018.47,-165.977,372.597,-276.68,-1171.86,-528.818,1183.78,-841.937,466.918,-9668.88,226.052,-506.113,-89.32,2.93172,-99.3523,143.986,0,-31.3539,-19.8831,-1.09544,-50.217,4.00554,18.2535,10.2573,-21.1515,-3.94685,96.0155,-147.032,140.531,23.2281,-72.9778,38.7936,-59.9878,-15.0648,0.424373,50.8768,-16.4913,14.8129,5.09424,0.0722568,-0.147842,0.547256,0.528619,0.457927,0.491963,-6.70749,-0.234518,0.242023,101.91,39.8078,1.39478,1337.14,259.042,-5.58719,0.200588,0.0210787,-5.53326,-1.9759,-0.10872,0,4551,-2.77556e-17,-2.10942e-15,5.9952e-15,8.43769e-15,-4.41536e-13,1.30007e-13,3.5999e-13,-5.96745e-15,-1.53211e-14,-8.72219e-15,0,-0.637017,0.984485,0.410178,0.156409,3.14159,2.15479,-1.97487,3.20198,-0.269476,-0.392699,3.96688,-2.28974,2.91965,-0.033057,0.523599,0,0,0,1.19407,-0.00922344,-0.637017,0.41018,3.02817,2.15479,3.20199,-0.463209,3.96688,2.91969,0.301656,0.0520172,-3.01346,0.0848834,3.67029e-06,13.3278,1.01885,0.0144514,-0.0295685,1.6482,0.0608882,0.0163114,1.00662,-209.688,-3538.93,2679.2,-420.333,368.007,44.734,-514.095,481.008,65.4254
2.74,-5.52787,-2.08669,1.26543,1.24339,0.0425674,-114.487,-0.589334,-1.94615,0.743149,1.40436,3.48252,21874,2.21059,-1.19577,3.19603,1.84047,-0.430373,3019.49,4.01095,141.288,2.99482,-7.91961,0.345782,-4.47813,-1.98248,-6.8911,-0.518417,-6.78563,-3.69151,-3.92932,-2.0186,-6.38611,-0.736344,-6.26818,-3.50511,-1.54393,2.43064,143.937,2.62573,-0.110916,0.168591,-0.00942537,20.5841,-0.641327,86.8527,0.405871,-65.6382,3.02387,0.821603,2.15859,-10.1922,3.20579,-1.37167,-0.459401,3.10289,3.95896,-11.93,2.91176,-0.108806,0.293762,-0.890436,7.85497,2.36255,-10.0839,11.3411,-2845.02,-163.716,365.379,-261.106,-745.543,-522.319,1162.13,-793.827,460.483,-27952.7,400.356,-890.945,-507.007,4.40055,-106.538,151.996,0,-32.146,-21.0106,0.102568,-53.6436,4.0617,19.4438,11.2546,-22.4865,-4.0066,103.8,-155.527,148.991,24.2267,-76.7131,42.1017,-64.8539,-15.8845,0.0820635,133.938,-41.3166,37.6023,12.6486,-0.00109508,-0.0949582,0.562424,0.438481,0.390943,0.527466,-6.77212,-3.44812,0.128261,103.101,40.6279,1.3548,7212.59,-449.452,-5.53221,0.203976,0.0040837,-5.53366,-1.97592,-0.110916,0,4549,2.77556e-17,2.66454e-15,-7.10543e-15,-6.21725e-15,6.15855e-13,-1.06803e-13,-4.31238e-13,4.2133e-14,3.58602e-14,3.38625e-14,0,-0.641327,0.969256,0.405878,0.040064,3.14159,2.15859,-2.03843,3.20579,-0.274333,-0.392699,3.95896,-2.38602,2.91176,-0.0217613,0.523599,0,0,0,1.20467,-0.00942537,-0.641327,0.405871,3.02387,2.15859,3.20579,-0.459401,3.95896,2.91176,0.293762,0.0519928,-3.17692,0.0164128,9.06236e-08,14.916,2.52973,-0.000219016,-0.0189916,4.67428,0.0608816,0.0163092,1.00675,-209.714,-3544.67,6851.19,-425.365,377.984,43.2586,-537.551,518.453,51.9171
2.76,-5.52843,-2.08862,1.27275,1.24989,0.0424478,-114.475,-0.593518,-1.95029,0.730282,1.52312,3.3051,21874,2.21506,-1.20215,3.19913,1.84781,-0.427165,3019.03,4.00679,29.6489,3.00842,1.54888,0.352821,-4.47853,-1.98231,-6.89246,-0.522505,-6.78714,-3.69118,-3.92987,-2.02073,-6.38651,-0.738177,-6.26891,-3.50696,-1.38352,2.42414,32.3045,2.69684,-0.11282,0.167457,-0.00950838,19.8596,-0.645474,84.6432,0.401724,-24.6605,3.01973,0.835626,2.1631,-10.4884,3.2103,-1.40628,-0.454898,3.45934,3.95483,-12.4652,2.90764,-32.9118,0.289611,-0.935758,8.2302,2.46394,-10.5753,11.8592,-2638.02,-159.765,355.37,-244.685,-339.356,-510.96,1132.78,-743.882,450.54,-3981.86,151.001,-334.843,-20.8067,4.82347,-113.155,159.641,0,-32.9113,-21.6682,1.40944,-57.1294,4.14642,20.8765,12.1975,-23.819,-4.09467,116.113,-162.897,156.951,25.2467,-80.5543,44.5978,-69.123,-16.6472,-0.353023,-23870.2,6878.34,-6362.56,-2103.51,-17.8307,11451.1,0.575733,0.36599,0.325227,0.608506,-6.97896,22.2236,0.0487889,103.005,40.9991,-22.91,1630.42,-1.23939,-5.4343,0.208943,-0.0176236,-5.53426,-1.97595,-0.11282,0,4546,-5.55112e-17,2.33147e-15,4.44089e-15,6.43929e-15,3.59712e-14,-5.32907e-14,-7.1998e-14,-1.41831e-14,2.22045e-15,-1.62093e-14,0,-0.645474,0.944359,0.401732,0.461245,3.14159,2.1631,-2.09772,3.21029,-0.281256,-0.392699,3.95483,-2.49261,2.9076,-6.58235,0.523599,0,0,0,1.21347,-0.00950838,-0.645474,0.401724,3.01973,2.1631,3.2103,-0.454898,3.95483,2.90764,0.289611,0.0519562,-3.28528,-0.0702348,-0.24232,53.5749,-420.702,-3.56614,2290.22,-865.182,0.0608718,0.016306,1.00687,-218.678,-3431.96,1283.57,-429.689,386.564,41.5111,-383.669,-5121.56,4927.37
2.78,-5.52889,-2.09091,1.2796,1.25535,0.0428083,-114.458,-0.599391,-1.92304,0.712559,1.19299,3.18311,21874,2.21899,-1.23021,3.20242,1.8463,-0.423893,3019.19,4.00552,-2.63108,2.93469,1.25089,0.304256,-4.47877,-1.9808,-6.89424,-0.527085,-6.78732,-3.69306,-3.93035,-2.02244,-6.38745,-0.740773,-6.26885,-3.50952,-1.252,2.3961,-0.000650376,2.75898,-0.11508,0.171357,-0.00911123,19.0197,-0.65131,76.193,0.395887,-12.2502,3.01389,0.943895,2.16707,-10.7894,3.21426,-1.45575,-0.450939,-7.06219,3.9536,-5.75391,2.90641,-10.5036,0.288366,-0.976261,8.56601,2.60897,-11.0006,12.3354,-2412.85,-153.958,342.454,-227.531,-343.868,-458.855,1017.18,-645.582,392.44,166.649,75.0072,-166.324,-4.33535,2.79889,-118.745,166.642,0,-33.6776,-21.4083,2.43141,-60.3131,4.28025,22.9595,12.9756,-25.0384,-4.22913,-113.822,-178.069,146.791,21.417,66.6254,52.2656,-61.2265,-14.1463,9.02504,-61.5882,-97.853,65.2227,22.1985,-2.91537,-40.4825,0.587401,0.34251,0.272693,0.822773,-4.91755,78.0829,-0.0281641,101.799,40.933,7.70149,16.3621,-3.65886,-5.02021,0.216301,0.451943,-5.53486,-1.97598,-0.11508,0,4543,2.77556e-17,2.77556e-16,-2.44249e-15,-9.99201e-16,-9.44328e-13,2.27374e-13,7.33552e-13,-2.50355e-14,-5.7343e-14,2.25098e-14,0,-0.65131,0.950001,0.395899,1.05881,3.14159,2.16707,-2.15795,3.21425,-0.29115,-0.392699,3.9536,-1.15063,2.90636,-2.10072,0.523599,0,0,0,1.22083,-0.00911123,-0.65131,0.395887,3.01389,2.16707,3.21426,-0.450939,3.9536,2.90641,0.288366,0.0519195,-2.83042,1.80539,0.00129448,6.03419,4.43971,-0.583074,-8.0965,-5.60951,0.060862,0.0163028,1.007,-214.295,-2944.31,223.202,-434.214,395.426,39.7202,126.259,-232.659,271.38
2.8,-5.52929,-2.09339,1.28631,1.26065,0.0430111,-114.439,-0.607635,-1.94256,0.666051,0.53331,3.14831,21874,2.22265,-1.24428,3.20509,1.84839,-0.42114,3019.41,4.00358,-1.34851,2.90423,0.855132,0.334125,-4.47883,-1.97843,-6.8957,-0.531606,-6.7878,-3.69468,-3.93077,-2.02459,-6.38813,-0.743431,-6.26897,-3.51215,-1.28324,2.38195,1.2216,2.81952,-0.117539,0.16543,-0.00887182,17.3726,-0.659518,64.5464,0.38768,-8.4618,3.00568,0.96863,2.17077,-11.0666,3.21797,-1.49883,-0.447231,-4.15247,3.9517,-7.92655,2.9045,-2.05575,0.286455,-1.01657,8.90039,2.63622,-11.4275,12.7543,-2061.13,-145.093,321.263,-203.752,-351.463,-393.117,867.309,-527.399,320.004,385.604,52.7997,-116.538,-4.55008,1.68074,-124.223,172.94,0,-34.5254,-21.7721,3.40267,-63.2745,4.39496,24.5374,13.7194,-26.1614,-4.34433,-57.0239,-182.253,157.182,21.9953,0.649322,52.7913,-67.1511,-14.5665,6.30971,-2.277,-26.9868,19.9561,6.23385,0.822198,-2.85049,0.5988,0.335708,0.265402,0.952191,-4.91899,61.0444,-0.046619,101.278,41.0475,11.2435,80.3935,8.13654,-4.40399,0.222181,0.31612,-5.53547,-1.97601,-0.117539,0,4540,-2.77556e-17,3.88578e-16,6.10623e-15,-2.44249e-15,-6.2339e-13,7.38298e-14,4.10533e-13,-8.34888e-14,-3.2141e-14,-8.43214e-14,0,-0.659518,0.929768,0.387683,0.626351,3.14159,2.17077,-2.21336,3.21796,-0.299765,-0.392699,3.9517,-1.58551,2.90445,-0.411151,0.523599,0,0,0,1.22772,-0.00887182,-0.659518,0.38768,3.00568,2.17077,3.21797,-0.447231,3.9517,2.9045,0.286455,0.0518829,-2.91402,1.26213,9.78087e-05,4.78321,1.24677,0.16444,-0.570098,-0.843736,0.0608522,0.0162995,1.00715,-207.897,-2516.37,114.965,-442.532,405.269,38.8615,-96.2156,230.484,112.997
2.82,-5.5299,-2.09561,1.29255,1.26595,0.0429043,-114.418,-0.613789,-1.94012,0.640765,0.612863,3.13692,21874,2.22662,-1.25137,3.20796,1.85279,-0.418244,3019.52,4.00232,3.78305,2.98807,3.61579,0.344308,-4.47914,-1.97744,-6.89701,-0.535752,-6.78878,-3.69619,-3.93138,-2.02698,-6.3886,-0.745554,-6.26974,-3.51428,-1.29468,2.37483,6.42681,2.88114,-0.119719,0.154742,-0.008942,15.1344,-0.665636,59.0946,0.381562,-7.82403,2.99956,0.931142,2.17478,-11.3271,3.22198,-1.53588,-0.443217,0.644298,3.95047,-11.3783,2.90327,-0.231296,0.285256,-1.0585,9.24821,2.60368,-11.8824,13.1717,-1668.12,-134.68,296.202,-178.727,51.0345,-369.351,809.044,-466.522,297.317,178.918,50.4443,-110.555,-3.7848,1.78663,-130.195,179.384,0,-35.3948,-22.6727,4.61398,-66.4372,4.48765,25.7183,14.5542,-27.3503,-4.43945,52.1071,-185.185,171.093,24.7822,-68.2781,52.2403,-75.3312,-16.4402,1.87392,9.65079,-7.7186,6.64475,2.02169,0.471381,-0.501715,0.610429,0.311717,0.265018,1.06224,-4.88789,62.2465,-0.0328265,101.123,41.2725,5.365,336.909,181.324,-4.06508,0.226746,0.093861,-5.53607,-1.97605,-0.119719,0,4537,1.11022e-16,2.05391e-15,1.16573e-14,-4.44089e-15,-4.92911e-13,8.37108e-14,3.51219e-13,1.91513e-15,4.44089e-16,1.04777e-15,0,-0.665636,0.8391,0.381562,0.660098,3.14159,2.17478,-2.26544,3.22197,-0.307176,-0.392699,3.95047,-2.27586,2.90325,-0.0462591,0.523599,0,0,0,1.23447,-0.008942,-0.665636,0.381562,2.99956,2.17478,3.22198,-0.443217,3.95047,2.90327,0.285256,0.0518463,-3.28836,0.374808,8.63565e-06,13.7523,0.404338,0.0942761,-0.100343,0.257024,0.0608424,0.0162963,1.00728,-199.065,-2368.73,148.427,-451.93,414.781,38.3078,-410.221,464.452,78.6853
2.84,-5.53093,-2.09784,1.29841,1.27184,0.0422159,-114.396,-0.615785,-1.949,0.611058,0.331117,3.1216,21874,2.23137,-1.24256,3.21135,1.86423,-0.415221,3019.56,4.00045,-33.781,2.99321,-18.898,0.335164,-4.48002,-1.97968,-6.89809,-0.539802,-6.79112,-3.69693,-3.93235,-2.03031,-6.38869,-0.747194,-6.27173,-3.51601,-1.31795,2.384,-31.1229,2.94092,-0.121895,0.141449,-0.0095572,12.3352,-0.667558,51.7322,0.379639,-6.24993,2.99763,0.809481,2.17959,-11.5396,3.22679,-1.55884,-0.438406,3.03911,3.94868,-13.2476,2.90148,-0.0430312,0.283453,-1.09985,9.59279,2.53072,-12.3547,13.588,-1258.15,-122.721,267.802,-153.929,346.625,-338.571,735.2,-401.57,263.897,159.431,42.6589,-92.7024,-3.83369,4.426,-136.849,186.109,0,-36.1675,-24.4278,6.36305,-69.9843,4.53203,26.1159,15.5536,-28.654,-4.48857,114.427,-190.277,181.348,27.4516,-84.855,53.1468,-81.1659,-18.257,-0.432853,12.7803,-3.5424,3.27732,1.01267,-0.12039,0.120314,0.621737,0.293199,0.29427,1.08651,-5.32621,53.6371,0.0465682,101.8,41.8466,1.98677,-1541.38,-935.274,-3.61288,0.229043,-0.0216921,-5.53727,-1.97611,-0.121895,0,4531,-5.55112e-17,-2.66454e-15,-9.4369e-15,4.77396e-15,-7.88036e-13,1.66755e-13,5.96634e-13,1.29063e-14,1.18794e-14,1.29315e-14,0,-0.667558,0.733802,0.379639,0.473971,3.14159,2.17959,-2.30796,3.22679,-0.311768,-0.392699,3.94868,-2.64983,2.90145,-0.00860625,0.523599,0,0,0,1.24077,-0.0095572,-0.667558,0.379639,2.99763,2.17959,3.22679,-0.438406,3.94868,2.90148,0.283453,0.0517731,-3.65187,-0.086578,-2.86501e-06,19.109,0.202535,-0.0240781,0.0240628,0.496371,0.0608228,0.0162898,1.00741,-177.23,-2176.11,128.952,-464.095,424.188,38.2163,-576.447,555.867,75.0532
2.86,-5.53201,-2.10014,1.30405,1.27808,0.0413719,-114.378,-0.614832,-1.97928,0.583482,-0.622065,3.09816,21874,2.23638,-1.23666,3.21515,1.87602,-0.41212,3019.58,3.99592,-13.6598,2.83427,-6.25197,0.330134,-4.48109,-1.98386,-6.89907,-0.543941,-6.79421,-3.69628,-3.93338,-2.03396,-6.38863,-0.748769,-6.27401,-3.51768,-1.35236,2.39062,-11.1557,2.99928,-0.124133,0.137951,-0.010328,9.72362,-0.666532,45.0805,0.380666,-3.69362,2.99866,0.741998,2.18468,-11.7481,3.23188,-1.58172,-0.433309,3.84709,3.94422,-14.0481,2.89703,0.0451503,0.279024,-1.14098,9.93585,2.58084,-12.8353,14.0719,-923.224,-111.068,241.676,-133.919,575.004,-309.503,669.33,-349.563,233.903,428.135,26.7439,-57.898,-7.40195,7.17234,-144.025,193.842,0,-36.7834,-25.8195,8.51194,-74.05,4.57387,26.7789,16.6951,-30.1483,-4.53594,139.7,-197.183,189.967,28.9349,-90.2769,55.6777,-86.1643,-19.3611,-1.29126,30.9742,-7.30425,6.93898,2.13456,-0.329736,0.346494,0.632798,0.282117,0.312174,0.901986,-6.84608,22.0921,0.118397,102.346,42.4366,1.0868,-535.556,-310.743,-3.20316,0.231161,-0.0647007,-5.53847,-1.97617,-0.124133,0,4525,-5.55112e-17,7.77156e-16,4.996e-15,-3.66374e-15,-7.79932e-14,-1.79856e-14,2.49523e-14,9.65061e-14,5.18474e-14,7.34517e-14,0,-0.666532,0.637426,0.380671,0.123894,3.14159,2.18468,-2.34961,3.23188,-0.316345,-0.392699,3.94422,-2.80971,2.89702,0.00903005,0.523599,0,0,0,1.24671,-0.010328,-0.666532,0.380666,2.99866,2.18468,3.23188,-0.433309,3.94422,2.89703,0.279024,0.0516999,-3.87237,-0.258258,-2.18524e-06,21.6735,0.426913,-0.0659472,0.0692989,1.26007,0.0608032,0.0162833,1.00755,-142.608,-2019.13,29.7371,-475.19,433.187,37.6485,-639.073,599.259,71.2411
2.88,-5.53286,-2.10273,1.30979,1.28453,0.0405954,-114.363,-0.611924,-1.98616,0.569985,-0.704778,3.09507,21874,2.24137,-1.23129,3.21891,1.88814,-0.409345,3019.61,3.98685,-11.3899,3.00433,-1.81759,0.319137,-4.48204,-1.98928,-6.89989,-0.548408,-6.79777,-3.69354,-3.93418,-2.03779,-6.38844,-0.750694,-6.27597,-3.51969,-1.36965,2.39697,-8.7047,3.05739,-0.126676,0.143173,-0.0110435,7.8185,-0.663563,40.5612,0.383634,-3.08104,3.00163,0.733266,2.18973,-11.9633,3.23693,-1.60598,-0.428267,4.17556,3.93521,-14.5349,2.88801,0.365994,0.269989,-1.18274,10.2839,2.75292,-13.3252,14.6208,-704.021,-102.428,223.157,-121.095,742.27,-289.84,626.765,-317.491,214.227,318.034,23.5809,-51.0656,-6.88531,9.67163,-151.572,202.452,0,-37.2822,-26.7445,10.8987,-78.51,4.6197,27.8201,17.9362,-31.7921,-4.5872,154.217,-205.311,199.015,29.9702,-96.3086,59.8042,-92.1077,-20.2989,-1.72918,90.6554,-22.8953,22.0756,6.67448,-0.285882,0.623644,0.643835,0.28701,0.322167,0.749738,-7.238,18.8542,0.156594,102.864,43.0422,1.35732,-422.512,-117.408,-2.92461,0.233388,-0.0865161,-5.53947,-1.97622,-0.126676,0,4520,5.55112e-17,-1.22125e-15,-2.83107e-15,3.55271e-15,3.35454e-13,-1.52101e-14,-2.01367e-13,-9.8227e-14,-4.19664e-14,-9.5042e-14,0,-0.663563,0.56838,0.383639,0.102718,3.14159,2.18973,-2.39272,3.23692,-0.321195,-0.392699,3.93521,-2.9073,2.88798,0.0731989,0.523599,0,0,0,1.25241,-0.0110435,-0.663563,0.383634,3.00163,2.18973,3.23693,-0.428267,3.93521,2.88801,0.269989,0.0516389,-4.06034,-0.345867,-1.3063e-05,24.416,1.3349,-0.0571764,0.124729,3.73439,0.0607869,0.0162779,1.0077,-114.454,-1871.74,40.1606,-484.72,442.262,36.6078,-662.436,646.42,56.6273
2.9,-5.53374,-2.10596,1.3161,1.29137,0.0399054,-114.35,-0.608681,-1.98801,0.559787,-0.375521,3.1016,21874,2.24599,-1.22081,3.22197,1.9019,-0.407539,3019.68,3.97682,-10.1656,2.97058,1.40031,0.319765,-4.48303,-1.9954,-6.90076,-0.553408,-6.80136,-3.69099,-3.93502,-2.04213,-6.38839,-0.753335,-6.27783,-3.52241,-1.38824,2.4087,-7.51478,3.11871,-0.129858,0.15162,-0.0116725,6.44422,-0.660258,36.2659,0.386939,-3.08106,3.00494,0.754478,2.19441,-12.1989,3.24161,-1.63212,-0.423593,4.70479,3.92524,-15.1765,2.87805,2.04726,0.259994,-1.22761,10.6581,2.98548,-13.85,15.2287,-557.336,-96.2551,210.255,-112.762,791.371,-268.349,581.036,-288.937,192.615,85.4021,25.0902,-54.4321,-4.07845,11.9362,-159.599,211.81,0,-37.7752,-27.4698,13.3827,-83.2514,4.67262,29.1645,19.2583,-33.5508,-4.64527,176.374,-214.145,209.506,31.2942,-104.261,64.5024,-99.1853,-21.4794,-2.35292,344.929,-86.8081,85.3921,25.4053,0.434949,6.37045,0.655506,0.315182,0.342256,0.641817,-7.08081,30.5654,0.177518,103.619,43.729,3.55619,-361.799,7.49779,-2.67508,0.235739,-0.117397,-5.54047,-1.97627,-0.129858,0,4515,8.32667e-17,-3.9968e-15,-9.54792e-15,6.66134e-15,-6.2933e-13,1.05804e-13,4.58827e-13,1.03889e-13,1.42109e-14,1.10566e-13,0,-0.660258,0.525847,0.386948,0.171075,3.14159,2.19441,-2.43987,3.2416,-0.326424,-0.392699,3.92524,-3.03599,2.87799,0.409452,0.523599,0,0,0,1.25822,-0.0116725,-0.660258,0.386939,3.00494,2.19441,3.24161,-0.423593,3.92524,2.87805,0.259994,0.0515779,-4.29777,-0.470697,-0.000257078,34.2205,5.08105,0.0869898,1.27409,14.1702,0.0607705,0.0162725,1.00789,-92.357,-1691.4,86.6665,-495.138,452.831,35.5802,-663.772,794.154,-19.2537
2.92,-5.53468,-2.11024,1.32353,1.29936,0.0390358,-114.338,-0.608553,-1.99765,0.550025,-0.402872,3.09888,21874,2.25003,-1.19197,3.22352,1.92226,-0.408076,4009.53,3.96834,-5310.6,3.01577,4.72205,-0.772615,-4.48391,-2.00114,-6.90133,-0.559028,-6.80493,-3.69019,-3.9359,-2.0478,-6.38814,-0.75688,-6.27999,-3.52605,-1.40492,2.43962,-5306.81,3.18885,-0.134091,0.156166,-0.0124689,5.66052,-0.660058,33.3172,0.387139,-2.58794,3.00514,0.743155,2.19852,-12.4604,3.24572,-1.65476,-0.419478,6.72912,3.91684,-16.902,2.86964,-1610.46,0.251598,-1.27989,11.0947,3.18846,-14.47,15.9121,-475.63,-92.8839,202.919,-107.766,801.011,-253.233,547.628,-268.776,177.471,37.0488,22.2211,-48.1804,-3.60139,14.89,-168.783,222.166,0,-38.3641,-28.6571,16.0415,-88.3603,4.7179,30.4429,20.7359,-35.4535,-4.69502,247.984,-223.473,224.46,34.7719,-113.507,68.8608,-109.01,-24.134,-4.35822,-993548,37270.1,-38726,-11685.9,-865.795,2.21438e+06,0.668883,0.37175,0.399548,0.605895,-7.26465,30.2592,0.234192,105.263,44.7463,49492.4,-265384,157.526,-2.51106,0.237343,-0.21656,-5.54168,-1.97634,-0.134091,0,4509,5.55112e-17,-1.97065e-15,1.22125e-15,-1.88738e-15,-8.19705e-13,1.14242e-13,5.7801e-13,-6.75848e-15,4.05231e-14,-1.42109e-14,0,-0.660058,0.503228,0.387147,0.155329,3.14159,2.19852,-2.49214,3.24571,-0.330951,-0.392699,3.91684,-3.32559,2.86959,-322.093,0.523599,0,0,0,1.26459,-0.0124689,-0.660058,0.387139,3.00514,2.19852,3.24572,-0.419478,3.91684,2.86964,0.251598,0.0515047,-4.42567,-0.842012,-76.1676,351965,-2337.19,-173.159,442875,-40065.5,0.0607509,0.0162661,1.00815,-82.6314,-1587.86,88.6515,-511.327,466.918,35.4136,1.75883e+06,-264029,226182
2.94,-5.53545,-2.11496,1.33179,1.30831,0.0379614,-114.325,-0.611766,-1.99734,0.544398,-0.371762,3.09558,21874,2.25447,-1.14725,3.22445,1.94905,-0.411064,9653.18,3.95902,-15751.1,2.74499,-7.93542,3.4116,-4.48447,-2.00582,-6.90152,-0.565123,-6.80872,-3.68923,-3.9366,-2.05424,-6.38746,-0.760683,-6.28228,-3.52997,-1.40694,2.48826,-15751.7,3.27495,-0.138764,0.159611,-0.0134824,5.37125,-0.66321,32.5809,0.383988,-2.4552,3.00199,0.69204,2.20303,-12.7642,3.25022,-1.67322,-0.414964,17.0802,3.90757,-24.5863,2.86037,4697.14,0.242349,-1.34583,11.6441,3.41721,-15.2589,16.7663,-443.369,-91.774,200.207,-105.141,862.948,-251.471,542.221,-262.194,175.477,7.15345,21.7389,-47.0266,-3.34357,19.6749,-180.449,235.033,0,-39.0516,-30.5866,19.429,-94.6849,4.74869,31.6528,22.6177,-37.8038,-4.73043,656.66,-231.588,261.868,55.1443,-22.9061,71.6924,-134.483,-38.7426,-14.0287,-6.25977e+06,-34329.8,44811.5,16865,2515.71,5.84287e+06,0.685339,0.412698,0.447586,0.643192,-7.24767,31.5941,0.259797,107.721,46.0856,282182,-787407,-475.271,-2.47295,0.237746,-0.692753,-5.54268,-1.97639,-0.138764,0,4504,-2.77556e-17,-3.88578e-16,-8.04912e-15,7.16094e-15,2.56808e-13,-4.78506e-14,-1.94678e-13,-6.17423e-14,-5.81757e-14,1.13687e-13,0,-0.66321,0.491972,0.383993,0.160327,3.14159,2.20303,-2.55282,3.25023,-0.334644,-0.392699,3.90757,-5.02004,2.86034,939.429,0.523599,0,0,0,1.27209,-0.0134824,-0.66321,0.383988,3.00199,2.20303,3.25022,-0.414964,3.90757,2.86037,0.242349,0.0514438,-8.11649,-2.86082,-127.187,3.08977e+06,3373,503.143,1.16857e+06,-249213,0.0607346,0.0162607,1.00843,-82.7001,-1583.42,94.6032,-528.163,482.872,35.1519,1.5447e+07,-1.05716e+06,1.171e+06
2.96,-5.53584,-2.11919,1.33989,1.31727,0.036765,-114.311,-0.618301,-1.98934,0.538597,-0.183379,3.09182,21874,2.25989,-1.10534,3.22608,1.97524,-0.415778,3.80352e+08,3.95274,4.4873e+08,2.85772,2764.35,-920.553,-4.48446,-2.00837,-6.90135,-0.571118,-6.81179,-3.68927,-3.93692,-2.06038,-6.38623,-0.763887,-6.28437,-3.5333,-1.40097,2.53652,4.48731e+08,3.37501,-0.142961,0.164858,-0.0146422,5.40693,-0.669708,32.5182,0.37749,-2.51419,2.99549,0.630888,2.20848,-13.1132,3.25568,-1.6947,-0.409506,-44.0098,3.90134,18.1886,2.85414,-1.38126e+06,0.236137,-1.42496,12.3013,3.72023,-16.213,17.8074,-441.018,-91.9692,200.295,-103.764,919.753,-252.738,543.165,-258.823,177.003,-48.7773,22.7475,-49.0852,-2.76635,25.974,-194.752,250.814,0,-39.8388,-33.0475,23.8028,-102.593,4.78245,33.0225,24.9722,-40.7332,-4.77039,-373.172,-276.547,130.541,69.5096,2402.43,99.2024,-39.6948,-49.234,41.7291,-5.64197e+11,-4.52927e+06,238707,2.10783e+06,-740715,-1.69871e+11,0.704503,0.405185,0.447697,0.71851,-6.85009,38.4792,0.220013,110.087,47.3926,1.90171e+10,2.24365e+10,138139,-2.48583,0.23844,2.05083,-5.54328,-1.97642,-0.142961,0,4501,0,4.91274e-15,2.77556e-15,-3.16414e-15,5.5761e-13,-1.04583e-13,-4.26825e-13,-4.61631e-13,-8.03357e-13,0,0,-0.669708,0.49082,0.377492,0.207326,3.14159,2.20848,-2.62261,3.25569,-0.33894,-0.392699,3.90134,11.632,2.85413,-276251,0.523599,0,0,0,1.28038,-0.0146422,-0.669708,0.37749,2.99549,2.20848,3.25568,-0.409506,3.90134,2.85414,0.236137,0.0514072,-22.0464,12.633,983140,2.64382e+11,421567,-148143,-3.39741e+10,-2.25682e+10,0.0607248,0.0162575,1.00868,-85.7334,-1584.46,109.495,-540.895,498.131,34.0066,1.32191e+12,-1.12896e+11,1.12863e+11
2.98,-5.53556,-2.12229,1.34692,1.32503,0.0357465,-114.295,-0.627825,-1.96579,0.532683,0.376035,3.08919,21874,2.26643,-1.09333,3.23005,1.99023,-0.417738,3.8037e+08,3.95012,63925.5,3.01103,-10.2321,4.2244,-4.4836,-2.00789,-6.90093,-0.576727,-6.81335,-3.69026,-3.93658,-2.06511,-6.38457,-0.766128,-6.28553,-3.53564,-1.3807,2.55446,63924.3,3.47797,-0.146078,0.176152,-0.0156729,5.60997,-0.679244,32.7167,0.367953,-2.84294,2.98595,0.630667,2.21501,-13.4967,3.26221,-1.7315,-0.402982,-4.47028,3.8987,-10.1875,2.8515,5884.41,0.233533,-1.50933,12.9988,4.15984,-17.2293,18.9602,-451.832,-92.4045,201.301,-102.784,977.709,-253.975,545.177,-256.473,180.116,-173.1,26.1435,-56.3979,-1.69553,31.9639,-210.352,268.554,0,-40.6877,-35.1867,28.9675,-111.8,4.856,35.0217,27.6134,-44.1147,-4.84964,-66.8802,-273.877,242.4,26.7461,-0.0320302,92.0376,-115.948,-19.0087,5.42769,-1.0218e+07,137853,-111121,-26598.7,3157.02,-2.37038e+07,0.724268,0.351762,0.388246,0.807913,-5.67683,56.6424,0.10458,111.015,48.1433,905240,3.19642e+06,-590.158,-2.52859,0.241816,0.266558,-5.54308,-1.97641,-0.146078,0,4502,-5.55112e-17,-4.2466e-15,4.94049e-15,-2.38698e-15,-3.72938e-13,7.86038e-14,2.9704e-13,8.39774e-09,1.9001e-09,-1.15376e-08,0,-0.679244,0.493594,0.367957,0.409018,3.14159,2.21501,-2.69933,3.26221,-0.346301,-0.392699,3.8987,-1.94514,2.85153,1176.88,0.523599,0,0,0,1.28847,-0.0156729,-0.679244,0.367953,2.98595,2.21501,3.26221,-0.402982,3.8987,2.8515,0.233533,0.0514194,-4.21824,1.13492,-371.438,4.81399e+06,-5319.74,631.404,-4.74076e+06,-407652,0.0607281,0.0162585,1.00887,-87.4742,-1545.33,142.612,-546.111,510.452,31.4044,2.40697e+07,-1.80246e+06,1.9442e+06
3,-5.53475,-2.12518,1.35315,1.33212,0.0346156,-114.276,-0.641114,-1.95519,0.519554,0.588666,3.07832,21874,2.27482,-1.07884,3.23633,2.00716,-0.421186,3.80422e+08,3.94653,88454.7,3.08003,21.0595,-6.18146,-4.48192,-2.00533,-6.90016,-0.582988,-6.8147,-3.69036,-3.93571,-2.06981,-6.38223,-0.768061,-6.28632,-3.53768,-1.37237,2.57868,88463.9,3.57183,-0.149008,0.181906,-0.0168404,5.80419,-0.69257,32.2566,0.354628,-2.76163,2.97262,0.528213,2.22337,-13.8031,3.27057,-1.76105,-0.394639,-10.1527,3.89507,-6.48049,2.84787,-9751.45,0.229851,-1.5886,13.6526,4.50671,-18.209,20.0353,-458.849,-92.6177,201.336,-101.023,990.664,-250.898,536.622,-249.806,179.443,-229.916,26.1079,-56.194,-1.29602,41.0144,-226.288,286.002,0,-41.4912,-38.788,35.1693,-121.75,4.89866,35.7643,30.4783,-47.7002,-4.89928,-203.6,-291.642,242.098,25.4183,162.446,99.9179,-113.159,-18.1489,10.5324,-2.7524e+07,-126347,88427.9,21625.1,-5224.52,-3.35281e+07,0.742325,0.311036,0.35439,0.921985,-5.04615,62.2021,0.0361951,112.159,48.9912,2.57962e+06,4.42288e+06,974.451,-2.54447,0.244319,0.518374,-5.54248,-1.97638,-0.149008,0,4505,0,3.91354e-15,1.31006e-14,-6.82787e-15,7.72368e-13,-8.92619e-14,-5.47229e-13,2.26721e-09,2.15856e-09,4.25189e-10,0,-0.69257,0.493482,0.354631,0.536151,3.14159,2.22337,-2.76073,3.27055,-0.352211,-0.392699,3.89507,-1.10282,2.84785,-1950.29,0.523599,0,0,0,1.29547,-0.0168404,-0.69257,0.354628,2.97262,2.22337,3.27057,-0.394639,3.89507,2.84787,0.229851,0.051456,-4.05906,2.21032,665.003,1.31607e+07,4325.03,-1044.9,-6.70562e+06,-1.10255e+06,0.0607379,0.0162618,1.00905,-91.8754,-1493.99,156.033,-551.944,521.349,29.0693,6.58039e+07,-5.90258e+06,5.66887e+06
3.02,-5.53369,-2.1275,1.35845,1.33809,0.0337283,-114.257,-0.656016,-1.94524,0.504355,0.810866,3.06598,21874,2.28323,-1.10236,3.24446,2.00897,-0.416064,3.80422e+08,3.9444,-8.32063,3.06413,0.90213,0.416923,-4.47979,-2.00093,-6.89944,-0.588932,-6.81521,-3.69094,-3.9346,-2.07355,-6.37997,-0.769628,-6.28651,-3.53933,-1.36527,2.55816,-5.67342,3.65834,-0.151378,0.194154,-0.0177886,5.90305,-0.707533,31.7967,0.339664,-2.67738,2.95766,0.539345,2.23172,-14.1352,3.27891,-1.8138,-0.386275,47.5922,3.89288,-48.1164,2.84569,80.1498,0.227719,-1.66376,14.2707,4.98647,-19.1396,21.1113,-454.741,-91.8357,199.77,-98.6902,1028.53,-247.222,528.373,-244.05,179.845,-286.608,26.0686,-56.1572,-0.996455,47.5208,-241.714,303.72,0,-42.3275,-41.2473,41.5437,-132.118,5.00705,37.5422,33.3342,-51.4395,-5.01459,2667.67,-283.092,416.05,165.092,1267.31,88.9914,-234.831,-118.2,-42.6324,9123.06,-229.446,468.028,285.725,30.5785,526.918,0.758997,0.265221,0.298548,0.975895,-4.54895,66.7728,-0.0461763,111.403,49.0821,66.1986,-271.171,-26.0264,-2.55623,0.249936,-2.10221,-5.54148,-1.97633,-0.151378,0,4510,0,1.63758e-15,-7.77156e-16,-8.32667e-16,-8.03427e-13,1.16795e-13,6.00464e-13,-1.52626e-08,-3.38969e-09,-1.90311e-08,0,-0.707533,0.48624,0.339663,0.698675,3.14159,2.23172,-2.82701,3.27892,-0.362759,-0.392699,3.89288,-9.62097,2.84571,16.03,0.523599,0,0,0,1.30163,-0.0177886,-0.707533,0.339664,2.95766,2.23172,3.27891,-0.386275,3.89288,2.84569,0.227719,0.0515169,-23.6327,-8.52517,0.00945967,2320.8,57.1451,6.1157,105.384,380.697,0.0607542,0.0162672,1.0092,-91.5119,-1431.59,168.871,-554.542,530.53,25.9727,7193.44,6827.23,-3091.2
3.04,-5.53268,-2.12889,1.36256,1.34264,0.0330671,-114.237,-0.672333,-1.93849,0.486143,1.14006,3.05292,21874,2.29321,-1.13654,3.25512,2.00637,-0.405869,3.80422e+08,3.94131,-2.83542,2.93135,1.42567,0.149913,-4.47748,-1.99449,-6.8993,-0.594939,-6.81561,-3.69012,-3.93356,-2.07599,-6.37805,-0.770452,-6.28643,-3.54022,-1.36368,2.52444,-0.0539794,3.73495,-0.152811,0.205758,-0.0185108,5.93236,-0.723911,31.0052,0.323287,-2.52298,2.94128,0.507902,2.24163,-14.4092,3.28883,-1.86693,-0.376367,-32.7045,3.88974,9.18691,2.84254,-23.7498,0.224504,-1.73201,14.8307,5.45345,-19.9831,22.094,-443.607,-90.5665,197.165,-95.9759,1049.58,-241.33,515.593,-237.208,178.711,-339.128,25.6385,-55.3191,-0.751105,55.8946,-256.723,320.825,0,-43.0924,-44.5816,48.6736,-143.056,5.10599,38.5675,36.3256,-55.3605,-5.12321,-473.354,-327.465,203.862,41.4669,1418.18,116.788,-80.4242,-29.8067,31.2134,164.232,-118.95,35.9166,28.9943,-3.61681,-62.4215,0.773782,0.205426,0.227461,0.983614,-4.20553,74.5831,-0.167376,110.193,48.9458,41.0238,2.93494,11.5299,-2.54859,0.255119,1.54243,-5.54047,-1.97627,-0.152811,0,4515,-8.32667e-17,-1.77636e-15,-9.71445e-16,1.66533e-16,1.02889e-12,-1.12799e-13,-7.41157e-13,-1.3883e-09,2.88297e-09,-1.84259e-09,0,-0.723911,0.474262,0.323286,0.895668,3.14159,2.24163,-2.88188,3.28882,-0.373387,-0.392699,3.88974,1.8383,2.8425,-4.74995,0.523599,0,0,0,1.30687,-0.0185108,-0.723911,0.323287,2.94128,2.24163,3.28883,-0.376367,3.88974,2.84254,0.224504,0.0515779,-5.96298,6.24364,0.00174349,208.224,5.79886,-0.723362,-12.4843,3.3161,0.0607705,0.0162725,1.00929,-87.4885,-1342.26,179.609,-550.577,535.719,22.0613,2832.53,-1590.3,459.126
3.06,-5.5317,-2.13036,1.36602,1.34612,0.0327765,-114.221,-0.681278,-1.93852,0.469653,1.73814,3.04818,21874,2.29922,-1.22508,3.26336,1.97908,-0.385974,3.80422e+08,3.93226,-3.03765,2.85272,1.43631,0.18389,-4.47574,-1.99156,-6.89898,-0.599311,-6.81638,-3.68659,-3.93256,-2.07793,-6.37668,-0.77168,-6.28587,-3.54147,-1.37546,2.42425,-0.368813,3.79643,-0.154333,0.218396,-0.0188502,5.27063,-0.732904,28.8989,0.314293,-2.13986,2.93228,0.72112,2.24759,-14.7743,3.29479,-1.96608,-0.370399,-8.66493,3.88063,-8.26028,2.83344,-22.5883,0.215411,-1.78775,15.2883,5.91728,-20.6583,22.9107,-377.968,-86.2858,188.536,-91.7962,1065.83,-229.298,490.895,-226.856,171.029,-369.161,24.0321,-52.1038,-0.548098,53.4999,-267.746,334.813,0,-44.0808,-43.6739,53.399,-151.537,5.35392,42.6695,38.4049,-58.4655,-5.37731,-167.328,-329.726,284.076,27.1649,109.178,117.016,-137.816,-19.7534,8.9714,-208.329,-386.353,291.941,63.138,-9.47492,-200.3,0.785664,0.172859,0.173682,0.801545,-4.20607,95.6103,-0.179855,106.067,47.5783,3.18098,-7.62918,-1.22143,-2.44914,0.268263,0.444093,-5.53967,-1.97623,-0.154333,0,4519,-5.55112e-17,-2.35922e-15,9.71445e-16,5.55112e-17,-1.22949e-12,1.02474e-13,8.60839e-13,1.78093e-08,-5.99655e-09,-1.63811e-08,0,-0.732904,0.441335,0.314286,1.03184,3.14159,2.24759,-2.95484,3.29479,-0.393215,-0.392699,3.88063,-1.65173,2.8334,-4.51766,0.523599,0,0,0,1.31093,-0.0188502,-0.732904,0.314293,2.93228,2.24759,3.29479,-0.370399,3.88063,2.83344,0.215411,0.0516267,-3.95254,1.79469,0.00449805,32.078,12.6276,-1.89498,-40.06,-11.5491,0.0607836,0.0162769,1.00938,-68.4527,-1212.97,179.945,-554.548,543.179,19.3032,217.763,-649.058,517.779
3.08,-5.53056,-2.13207,1.36923,1.34884,0.0328761,-114.21,-0.683097,-1.94736,0.454974,3.21271,2.63319,21874,2.3015,-1.31747,3.26717,1.94614,-0.372861,3.80424e+08,3.92093,5519.83,2.89781,5.69974,-1.13064,-4.47444,-1.99213,-6.89836,-0.602302,-6.81671,-3.68235,-3.93143,-2.07948,-6.37568,-0.773479,-6.28458,-3.54326,-0.983987,2.32256,5523.86,3.84944,-0.156104,0.228912,-0.0188116,4.34023,-0.734785,25.2551,0.312413,-1.32607,2.9304,1.05675,2.24981,-15.1849,3.29701,-2.07987,-0.368178,-7.35834,3.86924,-9.35766,2.82204,-2080.37,0.204009,-1.83664,15.6884,6.31817,-21.2211,23.5935,-297.486,-81.3228,178.514,-87.9514,974.504,-207.517,445.618,-209.709,152.89,-351.426,19.3785,-42.3859,-0.300552,44.2661,-275.628,345.851,0,-45.1599,-40.182,55.8125,-157.438,5.66311,48.5806,39.6694,-60.6784,-5.68724,-132.248,-339.146,297.816,28.0414,67.4598,123.785,-148.69,-20.6858,7.62864,-1.12817e+06,-43189.2,34077.6,7121.16,-1112.6,-2.10523e+06,0.795922,0.160959,0.136246,0.543894,-4.24413,161.751,-0.162696,101.561,45.9368,104226,276135,206.496,-2.25509,0.284264,0.377334,-5.53867,-1.97618,-0.156104,0,4524,2.77556e-17,4.44089e-15,-9.52016e-15,-1.26288e-15,5.244e-13,-4.21885e-15,-3.28515e-13,1.55836e-08,-1.18719e-08,-6.39636e-09,0,-0.734785,0.406521,0.312408,1.08946,3.14159,2.24981,-3.03696,3.29701,-0.415973,-0.392699,3.86924,-1.81796,2.822,-416.073,0.523599,0,0,0,1.31433,-0.0188116,-0.734785,0.312413,2.9304,2.24981,3.29701,-0.368178,3.86924,2.82204,0.204009,0.0516877,-4.32192,1.55471,54.4608,594435,1424.23,-222.52,-421045,-45588.6,0.0607999,0.0162823,1.00949,-43.9256,-1019.32,161.739,-562.79,552.545,17.5969,2.97215e+06,-310797,261331
3.1,-5.52996,-2.13399,1.37239,1.35103,0.0332899,-114.2,-0.687552,-1.90298,0.45127,-3.58439,3.36429,21874,2.30364,-1.37991,3.26976,1.92286,-0.365678,3.80424e+08,3.90724,26.9248,2.67942,2.90532,0.0173438,-4.47347,-1.99096,-6.89868,-0.605687,-6.81737,-3.67728,-3.93084,-2.08074,-6.37563,-0.775745,-6.2834,-3.54549,-1.6744,2.25554,29.5869,3.90045,-0.15805,0.234198,-0.0184344,4.03656,-0.739276,24.0606,0.307921,-1.08784,2.92591,1.30318,2.25192,-15.5444,3.29911,-2.17646,-0.366075,-98.7701,3.85551,59.0932,2.80832,-497.734,0.190282,-1.88409,16.0783,6.59439,-21.7361,24.183,-270.557,-79.6131,175.02,-86.3635,961.903,-200.766,431.619,-204.554,148.254,-386.233,19.1698,-42.1139,-0.256415,36.7076,-282.763,355.412,0,-46.1642,-37.6023,57.8737,-162.596,5.92163,53.6201,40.8188,-62.6453,-5.94876,1838.26,-342.212,-9.33673,294.865,10178.5,126.871,80.0119,-221.292,93.2194,-4688.84,-839.834,-889.679,1477.35,-240.166,-9649.7,0.805799,0.157613,0.109388,0.500819,-1.94879,-198.572,-0.200962,98.5466,44.7718,700.854,1489.24,69.2773,-2.19919,0.297296,4.59606,-5.53807,-1.97615,-0.15805,0,4527,5.55112e-17,-1.66533e-16,-8.35443e-15,-3.84415e-15,7.80653e-13,-3.9968e-15,-4.89053e-13,-1.27549e-08,7.4026e-09,-3.3168e-08,0,-0.739276,0.390813,0.307915,1.03117,3.14159,2.25192,-3.10887,3.29912,-0.435292,-0.392699,3.85551,11.8341,2.80828,-99.5468,0.523599,0,0,0,1.31751,-0.0184344,-0.739276,0.307921,2.92591,2.25192,3.29911,-0.366075,3.85551,2.80832,0.190282,0.0517243,-44.3056,18.6531,0.268125,43384.7,295.471,-48.0333,-1929.94,-233.491,0.0608097,0.0162855,1.00961,-36.5613,-970.878,165.256,-567.931,561.213,15.9988,222928,-25505.1,9237.86
3.12,-5.52971,-2.13529,1.37508,1.35235,0.0340121,-114.192,-0.69113,-1.91003,0.443672,-1.57255,3.01809,21874,2.30489,-1.44484,3.27128,1.89684,-0.359958,3.80424e+08,3.89809,-1.85294,2.81012,1.19923,0.206556,-4.47294,-1.98917,-6.89963,-0.608244,-6.81728,-3.67427,-3.93064,-2.08088,-6.37637,-0.77765,-6.28213,-3.54733,-1.34285,2.1864,0.750632,3.95187,-0.159355,0.2351,-0.0177244,3.71209,-0.742866,23.2464,0.304331,-0.915981,2.92233,1.56361,2.25315,-15.9263,3.30035,-2.27993,-0.364839,-9.72222,3.84636,-7.89783,2.79916,-8.12971,0.181165,-1.93248,16.4771,6.76368,-22.2273,24.7102,-243.443,-78.0123,171.556,-84.8569,977.352,-197.194,424.089,-201.944,146.02,-413.774,19.366,-42.644,-0.266737,26.367,-288.964,363.843,0,-47.2944,-34.2637,59.1172,-166.902,6.20622,59.3054,41.6896,-64.3074,-6.23279,-195.166,-357.054,306.65,27.734,149.883,137.737,-158.079,-21.0526,9.48593,-76.0353,-142.476,107.865,22.259,-1.63172,-24.3742,0.815763,0.134519,0.066071,0.417165,-2.35556,-110.662,-0.262188,95.3624,43.4774,13.348,49.898,-2.10081,-2.15835,0.311515,0.466455,-5.53787,-1.97614,-0.159355,0,4528,5.55112e-17,-6.10623e-15,-6.27276e-15,-3.83027e-15,6.17464e-13,-8.04912e-14,-4.67071e-13,2.2687e-08,-2.57144e-09,-2.70674e-08,0,-0.742866,0.374437,0.304337,0.825708,3.14159,2.25315,-3.18525,3.30035,-0.455985,-0.392699,3.84636,-1.57957,2.79916,-1.62594,0.523599,0,0,0,1.32065,-0.0177244,-0.742866,0.304331,2.92233,2.25315,3.30035,-0.364839,3.84636,2.79916,0.181165,0.0517365,-4.21053,1.89719,4.38682e-06,7.61955,4.45181,-0.326344,-4.87483,-5.44919,0.060813,0.0162866,1.00969,-30.1799,-968.519,167.787,-570.946,569.003,14.3434,177.877,-74.5824,266.9
3.14,-5.52969,-2.13491,1.37649,1.353,0.034261,-114.188,-0.689094,-1.91058,0.440203,-1.29888,3.02066,21874,2.30704,-1.47897,3.27352,1.88226,-0.355884,3.80424e+08,3.89191,4.92067,2.92135,1.57014,0.218859,-4.47312,-1.98949,-6.90031,-0.609191,-6.81769,-3.67072,-3.93063,-2.0801,-6.37669,-0.777485,-6.28176,-3.54714,-1.34945,2.15043,7.62316,3.99658,-0.15898,0.213395,-0.0174755,2.91645,-0.74083,21.8982,0.306367,-0.713541,2.92436,1.50026,2.2553,-16.1405,3.3025,-2.34168,-0.362705,-2.38832,3.84017,-13.7256,2.79297,-1.03032,0.174934,-1.97524,16.8294,6.37167,-22.6895,25.0101,-183.934,-75.1477,164.234,-82.1018,1006.3,-194.426,415.043,-198.076,141.086,-423.311,19.7022,-43.1473,-0.246641,22.1468,-295.255,369.551,0,-48.3233,-33.9763,60.9797,-170.46,6.34602,61.4969,42.8208,-65.8696,-6.39861,10.0022,-367.149,339.97,33.1715,-65.1832,144.513,-184.347,-25.3741,2.26466,73.001,-74.2893,67.0622,13.4492,0.121368,-1.73736,0.824429,0.0705263,0.032668,0.205291,-2.53851,-103.563,-0.215585,93.763,42.6921,9.24775,388.269,31.6525,-2.06745,0.318934,0.111344,-5.53787,-1.97614,-0.15898,0,4528,-2.77556e-17,-4.60743e-15,-1.48215e-14,-1.15463e-14,-3.59573e-13,6.17284e-14,2.87381e-13,-1.93715e-08,4.72843e-09,1.95567e-08,0,-0.74083,0.344579,0.306364,0.668404,3.14159,2.2553,-3.22821,3.30249,-0.468335,-0.392699,3.84017,-2.74552,2.79293,-0.206063,0.523599,0,0,0,1.32334,-0.0174755,-0.74083,0.306367,2.92436,2.2553,3.3025,-0.362705,3.84017,2.79297,0.174934,0.0517365,-5.07606,0.453,5.53567e-05,20.5636,2.68984,0.0242736,-0.347473,2.31033,0.060813,0.0162866,1.00967,-14.9089,-947.843,165.614,-577.468,573.164,14.7013,-337.966,528.137,116.506
3.16,-5.52964,-2.13338,1.37647,1.35269,0.0343573,-114.19,-0.685135,-1.91424,0.441021,-2.19494,3.01479,21874,2.30809,-1.54352,3.27577,1.8423,-0.351858,3.80424e+08,3.88331,-8.64729,2.89286,0.494723,0.222697,-4.47342,-1.98995,-6.90056,-0.608293,-6.81855,-3.66463,-3.93058,-2.07842,-6.37676,-0.776036,-6.28157,-3.54568,-1.34642,2.0841,-5.97712,4.02008,-0.157455,0.199877,-0.0173792,2.29834,-0.736872,21.3163,0.310326,-0.645179,2.92831,1.51834,2.25635,-16.2953,3.30355,-2.5243,-0.361654,3.85647,3.83157,-18.7116,2.78437,1.95988,0.166308,-1.99815,17.0174,6.10866,-22.9389,25.1549,-138.735,-72.8426,158.698,-80.3057,1064.93,-195.492,415.483,-198.046,139.849,-388.416,18.7952,-40.965,-0.161712,16.5377,-298.432,372.585,0,-49.0526,-32.7465,61.8311,-172.383,6.4777,69.0534,45.7588,-70.4211,-6.98373,240.907,-375.401,368.56,41.4278,-185.502,152.025,-208.599,-32.028,-3.94052,298.459,-92.0763,94.0843,20.2276,-0.0262193,4.07081,0.828982,-0.00104582,-0.0157378,-0.0941693,-2.96874,-134.059,-0.0482375,90.5881,39.7089,6.28457,-290.559,-27.0394,-2.02545,0.327129,-0.194203,-5.53787,-1.97614,-0.157455,0,4528,5.55112e-17,-4.05231e-15,6.05072e-15,3.55271e-15,3.08073e-13,6.61693e-14,-1.28841e-13,1.50572e-08,-3.481e-09,-1.53541e-08,0,-0.736872,0.323655,0.310318,0.912201,3.14159,2.25635,-3.25914,3.30354,-0.504861,-0.392699,3.83157,-3.74334,2.7843,0.391976,0.523599,0,0,0,1.32475,-0.0173792,-0.736872,0.310326,2.92831,2.25635,3.30355,-0.361654,3.83157,2.78437,0.166308,0.0517365,-6.40817,-0.788296,-0.000199683,52.432,4.04552,-0.00524386,0.814162,11.6615,0.060813,0.0162866,1.00958,4.57545,-882.354,155.631,-582.827,569.591,15.5835,-683.541,919.003,24.6677
3.18,-5.52905,-2.13076,1.37497,1.35123,0.0344048,-114.196,-0.679131,-1.95101,0.443252,6.26614,3.03022,21874,2.3087,-1.65044,3.2794,1.75817,-0.349532,3.80424e+08,3.87298,-5.64184,2.65328,-0.0433159,0.221286,-4.47336,-1.99053,-6.90014,-0.60605,-6.81909,-3.65655,-3.93,-2.07573,-6.37624,-0.77346,-6.28091,-3.5431,-1.39638,1.97849,-3.20984,4.01828,-0.154872,0.193487,-0.0173805,1.95247,-0.730917,21.3647,0.316281,-0.703613,2.93428,1.44174,2.25692,-16.2597,3.30412,-3.09445,-0.361075,9.09674,3.82119,-22.9175,2.774,2.88798,0.155988,-1.99729,17.0053,5.94756,-22.9203,25.0801,-114.156,-71.7334,156.145,-79.7482,1121.32,-198.854,421.907,-200.207,140.78,-353.969,18.1692,-39.4578,-0.157927,17.697,-298.345,371.791,0,-49.0764,-33.4149,62.0228,-172.278,6.45533,91.9777,56.5473,-86.9036,-9.15623,476.37,-380.936,391.482,50.8352,-248.589,159.715,-230.163,-39.8025,-9.20883,361.607,-59.3063,66.2364,15.6024,-0.997264,4.85593,0.828625,-0.074937,-0.0727816,-0.334443,-5.00519,310.378,0.424055,85.273,31.8835,3.72026,-140.803,-40.9766,-2.02319,0.327897,-0.455036,-5.53707,-1.9761,-0.154872,0,4532,2.77556e-17,2.72005e-15,-2.33147e-15,-1.06165e-15,-1.34835e-12,1.31117e-13,1.0536e-12,1.7729e-08,-6.62497e-09,-1.7518e-08,0,-0.730917,0.315354,0.316286,1.02624,3.14159,2.25692,-3.25194,3.30412,-0.618891,-0.392699,3.82119,-4.58376,2.77398,0.577596,0.523599,0,0,0,1.32468,-0.0173805,-0.730917,0.316281,2.93428,2.25692,3.30412,-0.361075,3.82119,2.774,0.155988,0.0517853,-7.96105,-1.84185,-4.83614e-05,83.2917,3.12048,-0.199453,0.971185,14.389,0.0608261,0.0162909,1.00942,18.4203,-863.282,146.881,-585.605,545.885,18.9085,-959.49,1149.07,-0.517006
3.2,-5.52807,-2.12643,1.37152,1.3484,0.0342026,-114.204,-0.671144,-1.95933,0.451612,0.292537,3.0331,21874.1,2.30907,-1.72185,3.2837,1.6871,-0.352335,3.80424e+08,3.86082,-7.59318,2.96829,1.21614,0.260078,-4.47303,-1.99086,-6.89895,-0.601737,-6.81973,-3.6455,-3.929,-2.07172,-6.37498,-0.768957,-6.28022,-3.53862,-1.39922,1.91418,-4.88497,3.9907,-0.150597,0.186416,-0.0176559,1.72671,-0.723002,21.8307,0.324195,-0.672187,2.94219,0.851905,2.25722,-15.7706,3.30441,-3.95823,-0.360783,12.5326,3.80896,-25.7283,2.76176,22.7731,0.143741,-1.97212,16.7902,5.70629,-22.6449,24.7307,-98.9049,-71.2861,155.006,-79.7264,1180.15,-204.571,433.219,-203.91,143.183,-229.277,13.9934,-30.2472,-0.522827,42.6858,-296.061,365.64,0,-47.6205,-42.677,62.3284,-169.352,5.94932,120.171,78.6385,-118.877,-13.751,650.114,-383.23,404.602,58.4488,-276.366,167.122,-245.9,-46.4478,-12.8213,2268.7,-338.374,397.574,100.585,8.72164,146.218,0.823263,-0.172221,-0.141447,-0.363682,-5.62649,57.8958,1.05898,81.7209,23.2121,28.366,-238.978,-10.0364,-2.04072,0.304006,-0.63481,-5.53587,-1.97604,-0.150597,0,4538,-5.55112e-17,3.16414e-15,1.2379e-14,-9.60343e-15,-7.56395e-13,8.9817e-14,6.49092e-13,-1.56719e-08,1.2065e-09,1.72588e-08,0,-0.723002,0.312984,0.324191,0.28492,3.14159,2.25722,-3.15417,3.30441,-0.791645,-0.392699,3.80896,-5.14655,2.76173,4.55461,0.523599,0,0,0,1.32311,-0.0176559,-0.723002,0.324195,2.94219,2.25722,3.30441,-0.360783,3.80896,2.76176,0.143741,0.0518585,-9.29225,-2.56465,-0.00266517,316.137,20.117,1.74433,29.2437,91.156,0.0608457,0.0162974,1.00916,18.7287,-1028.45,118.552,-571.358,495.108,25.8124,-88.7238,2445.06,-698.595
3.22,-5.5273,-2.12058,1.3658,1.34401,0.0337031,-114.214,-0.663458,-1.96962,0.458883,0.10418,3.03898,21874.1,2.30844,-1.37243,3.27857,1.74395,-0.359495,3.80429e+08,3.85479,-28574.4,3.21959,-35.8966,11.3669,-4.47284,-1.98999,-6.8974,-0.595126,-6.82031,-3.63602,-3.92821,-2.06666,-6.37354,-0.762679,-6.28016,-3.53239,-1.40813,2.26564,-28582.6,3.93128,-0.144789,0.18255,-0.0182165,1.44991,-0.715378,22.1299,0.33182,-0.789624,2.94981,-0.270459,2.25652,-14.7755,3.30372,-3.35004,-0.361478,137.431,3.80287,-125.586,2.75568,18420.1,0.137654,-1.917,16.3287,5.46735,-22.0517,24.0766,-78.8578,-70.0742,152.505,-79.2503,1230.26,-208.179,440.756,-206.618,144.591,-209.947,14.4301,-31.1143,-0.767685,90.8968,-290.647,353.231,0,-44.4938,-61.7024,62.3044,-162.858,4.90254,82.018,79.8747,-116.833,-11.7693,17075.8,-474.542,912.428,943.019,10811.7,245.801,-656.558,-754.894,-134.1,-5.95093e+07,-38960.2,99067.3,125687,9888.9,9.4398e+06,0.81173,-0.28629,-0.219879,-0.549564,-6.35024,51.144,0.288987,99.1605,25.7137,253185,-1.42858e+06,-1873.27,-2.04585,0.252467,-6.67652,-5.53486,-1.97598,-0.144789,0,4543,-2.77556e-17,1.58207e-15,5.85643e-15,-4.10783e-15,-1.35801e-12,1.58651e-13,1.16473e-12,4.71951e-08,6.44232e-08,-8.32265e-08,0,-0.715378,0.307751,0.331817,0.226022,3.14159,2.25652,-2.95512,3.30371,-0.670008,-0.392699,3.80287,-25.4801,2.75565,3684.01,0.523599,0,0,0,1.3196,-0.0182165,-0.715378,0.33182,2.94981,2.25652,3.30372,-0.361478,3.80287,2.75568,0.137654,0.0519195,-153.453,-27.0161,-184.724,4.76656e+07,25137.4,1977.78,1.88796e+06,-2.3825e+06,0.060862,0.0163028,1.00881,28.6678,-1050.94,113.283,-507.852,470.604,24.3846,2.38314e+08,-1.11729e+07,1.16179e+07
3.24,-5.52666,-2.11479,1.3584,1.33936,0.0322929,-114.226,-0.656261,-1.95036,0.465025,0.885937,3.05141,21874.1,2.30719,-1.1999,3.27472,1.77659,-0.366873,3.80429e+08,3.85236,-303.193,2.65333,0.390626,0.565368,-4.47266,-1.99038,-6.89463,-0.587488,-6.82191,-3.62782,-3.92749,-2.06313,-6.37098,-0.755702,-6.2815,-3.52554,-1.39516,2.44169,-301.105,3.83755,-0.139045,0.170743,-0.0196877,1.28867,-0.708242,21.0858,0.338956,-0.88117,2.95695,-0.81468,2.25521,-14.0703,3.3024,-3.0096,-0.362797,12.6421,3.80037,-25.3874,2.75318,530.154,0.135121,-1.8308,15.6116,4.98575,-21.1755,23.0607,-68.3558,-69.4575,150.857,-78.7968,1121.7,-200.236,422.469,-199.119,135.361,-275.564,17.3601,-37.357,-0.321684,107.308,-279.66,337.684,0,-42.6386,-69.408,60.3616,-155.356,4.39656,61.1905,77.0542,-111.409,-10.5591,629.603,-361.502,381.095,57.7557,-266.398,161.492,-234.992,-46.3707,-13.0113,-1929.43,-7384.59,8676.78,2287.55,282.202,80503.3,0.793568,-0.369936,-0.23248,-0.567773,-5.04539,70.6969,0.255139,107.724,27.3409,3914.11,-15019.4,-58.6796,-1.97896,0.22841,-0.65279,-5.53386,-1.97593,-0.139045,0,4548,0,-5.16254e-15,3.63598e-15,-1.16573e-15,3.21243e-13,-9.32587e-14,-3.27016e-13,-1.13363e-09,1.85479e-10,1.15686e-09,0,-0.708242,0.307818,0.338957,0.591256,3.14159,2.25521,-2.81413,3.30239,-0.60192,-0.392699,3.80037,-5.10144,2.75312,106.031,0.523599,0,0,0,1.31382,-0.0196877,-0.708242,0.338956,2.95695,2.25521,3.3024,-0.362797,3.80037,2.75318,0.135121,0.0519806,-9.37483,-2.615,-3.4731,42766.6,457.509,56.4404,16100.7,65.7521,0.0608784,0.0163082,1.00846,31.4249,-928.183,126.034,-491.983,452.139,28.9515,212136,22608.7,-8686.91
3.26,-5.52581,-2.11035,1.35053,1.33481,0.0308768,-114.237,-0.651367,-1.95036,0.471547,1.2928,3.05969,21874.1,2.30417,-1.1425,3.27222,1.79018,-0.373164,3.80429e+08,3.85003,-159.253,2.8549,1.28957,0.26969,-4.47208,-1.99087,-6.89135,-0.580306,-6.82328,-3.6211,-3.92657,-2.06096,-6.3682,-0.750071,-6.28265,-3.52003,-1.39691,2.50289,-156.668,3.72332,-0.13466,0.187854,-0.0211649,1.41043,-0.703408,21.5308,0.343789,-1.10803,2.96178,-0.859431,2.25213,-13.5286,3.29932,-2.83824,-0.365847,1.42515,3.79799,-15.8772,2.75079,110.356,0.132778,-1.72793,14.7586,5.10089,-20.1008,22.0749,-75.4941,-68.9462,150.977,-79.4381,1108,-198.955,422.807,-200.237,135.672,-294.175,19.0637,-41.2705,-0.327502,109.295,-265.202,322.272,0,-40.8416,-68.3685,56.8634,-147.377,4.12919,53.1512,73.2925,-106.271,-9.98431,127.014,-334.348,319.416,35.8805,-137.337,146.966,-188.993,-28.8888,-1.84849,18951.2,-9776.31,9554.29,2086.56,59.0357,24603.6,0.771481,-0.393236,-0.227146,-0.543129,-5.01781,82.4235,0.39332,110.443,27.9573,381.078,-7822.53,-13.837,-1.99851,0.215864,-0.0931853,-5.53286,-1.97588,-0.13466,0,4553,2.77556e-17,-2.63678e-15,-9.29812e-15,2.33147e-15,6.10623e-13,-1.26565e-13,-5.73264e-13,-1.14493e-09,-1.3355e-09,-1.85003e-10,0,-0.703408,0.315811,0.343786,0.730869,3.14159,2.25213,-2.70556,3.29934,-0.567648,-0.392699,3.79799,-3.17698,2.75077,22.0713,0.523599,0,0,0,1.30636,-0.0211649,-0.703408,0.343789,2.96178,2.25213,3.29932,-0.365847,3.79799,2.75079,0.132778,0.0520416,-5.8037,-0.370445,-0.301681,2199.67,417.312,11.8071,4920.72,1092.88,0.0608947,0.0163136,1.0082,29.1909,-921.655,132.226,-483.066,436.164,30.8712,10221.6,10556.1,-7105.06
3.28,-5.52499,-2.10798,1.34365,1.33074,0.0301165,-114.245,-0.649123,-1.95099,0.477895,1.54297,3.06569,21874.1,2.30405,-1.07321,3.27215,1.80652,-0.379764,3.8048e+08,3.85033,106340,2.67993,56.0027,-17.8853,-4.47139,-1.99095,-6.88947,-0.577216,-6.8235,-3.61836,-3.92572,-2.0598,-6.36636,-0.747061,-6.28291,-3.51709,-1.39719,2.57871,106360,3.60917,-0.132335,0.227485,-0.0219862,1.84614,-0.701226,22.7151,0.345971,-1.40246,2.96397,-0.795567,2.25194,-12.9934,3.29914,-2.68074,-0.366045,-79.1192,3.79823,49.5391,2.75103,-27089.7,0.133064,-1.62785,13.93,5.6359,-19.0003,21.2322,-103.99,-68.923,153.4,-81.3622,1113.59,-198.289,428.518,-205.007,140.151,-308.978,20.3101,-44.6261,-0.387992,112.636,-251.571,309.295,0,-38.8092,-66.5815,54.492,-141.344,3.87103,46.5462,70.2472,-102.409,-9.45259,1046.64,-252.908,-7.57943,198.187,6447.6,88.0258,71.7641,-159.51,77.0105,-1.35053e+08,-32816,-53669.8,67856.3,-14588.5,-3.55941e+07,0.749462,-0.344306,-0.203578,-0.428265,-5.04493,90.843,0.34876,113.902,28.6877,2.57117e+06,5.31712e+06,2721.63,-2.06661,0.202521,3.88546,-5.53186,-1.97583,-0.132335,0,4558,5.55112e-17,-1.80411e-15,4.05231e-15,0,-7.62432e-13,6.57252e-14,6.3155e-13,-1.36289e-09,4.13362e-09,-2.467e-10,0,-0.701226,0.334012,0.345972,0.796284,3.14159,2.25194,-2.59865,3.29915,-0.536149,-0.392699,3.79823,9.42102,2.75106,-5417.95,0.523599,0,0,0,1.29843,-0.0219862,-0.701226,0.345971,2.96397,2.25194,3.29914,-0.366045,3.79823,2.75103,0.133064,0.0521027,-30.6819,15.139,-638.45,1.02044e+08,13571.3,-2917.71,-7.11882e+06,-5.39766e+06,0.0609111,0.0163189,1.00806,21.0083,-957.123,138.983,-463.709,421.788,28.3917,5.10225e+08,-2.80751e+07,2.74218e+07
3.3,-5.52414,-2.10606,1.33773,1.32724,0.0295295,-114.252,-0.64755,-1.95791,0.481905,2.69292,3.09665,21874.1,2.30957,-0.941567,3.27501,1.83133,-0.394145,3.80482e+08,3.85372,-7861.23,2.98419,-2.409,1.48694,-4.47062,-1.99082,-6.88875,-0.577695,-6.82313,-3.61782,-3.92484,-2.05882,-6.3647,-0.744647,-6.28288,-3.51472,-1.43107,2.72758,-7859.73,3.51436,-0.130462,0.258576,-0.0226342,2.18253,-0.699714,23.5945,0.347483,-1.6931,2.96547,-0.978385,2.25741,-12.4047,3.3046,-2.50434,-0.360583,6.29795,3.80155,-18.6879,2.75436,1950.42,0.13639,-1.54711,13.2612,5.98914,-18.105,20.5243,-126.333,-68.6672,154.925,-82.8497,1112.45,-196.875,431.484,-208.571,143.341,-338.699,21.9336,-48.8109,-0.415957,123.673,-242.394,299.67,0,-36.8909,-69.8581,54.9418,-138.586,3.53366,35.3923,69.8736,-101.629,-8.89033,309.227,-302.531,308.298,39.5596,-210.508,132.532,-183.648,-31.7091,-5.69582,-512921,-50925.6,54596,13154.4,1049.78,2.49349e+06,0.731209,-0.295964,-0.17502,-0.357102,-5.38103,138.195,0.199387,120.76,29.6732,69074.1,-392921,-198.951,-2.10601,0.183858,-0.286481,-5.53086,-1.97577,-0.130462,0,4563,0,-5.60663e-15,-8.27116e-15,-5.41234e-16,-8.8124e-16,-1.80966e-14,-1.65978e-14,-7.5891e-10,-3.23986e-09,3.38571e-09,0,-0.699714,0.347857,0.34748,0.908,3.14159,2.25741,-2.48092,3.30461,-0.500867,-0.392699,3.80155,-3.70023,2.75438,390.085,0.523599,0,0,0,1.29148,-0.0226342,-0.699714,0.347483,2.96547,2.25741,3.3046,-0.360583,3.80155,2.75436,0.13639,0.0521637,-6.09167,-1.11914,47.3024,537181,2630.87,209.955,498697,-19413.5,0.0609274,0.0163243,1.00795,15.115,-972.801,149.136,-439.143,406.188,25.6066,2.68481e+06,-18253.8,65984.6
3.32,-5.52267,-2.10443,1.33269,1.32461,0.0287772,-114.26,-0.647299,-2.07478,0.475054,13.8202,3.07261,21874.1,2.31542,-0.841892,3.27866,1.84583,-0.420988,3.80482e+08,3.85818,-2.81589,2.80816,1.41589,0.096986,-4.46913,-1.99053,-6.88723,-0.5785,-6.82225,-3.61804,-3.92334,-2.05839,-6.36221,-0.742378,-6.28247,-3.51251,-1.53074,2.85775,-0.104717,3.43604,-0.128903,0.278494,-0.0234721,2.50302,-0.699549,24.3773,0.347649,-2.01773,2.96564,-1.16665,2.26317,-11.9129,3.31037,-2.40434,-0.354813,-15.643,3.80593,-0.766643,2.75873,-21.9481,0.140779,-1.48224,12.7222,6.14261,-17.4004,19.9237,-148.88,-68.7052,156.429,-84.0687,1104.16,-196.387,434.433,-211.613,146.24,-380.673,24.0366,-53.9401,-0.483827,131.995,-235.389,291.933,0,-35.4235,-73.1059,55.7497,-136.788,3.26844,26.4919,71.0225,-103.032,-8.67651,-270.457,-275.564,217.239,24.3861,397.054,114.186,-111.587,-19.4413,15.8888,-223.286,-176.513,103.299,32.5186,-7.36964,-108.377,0.716161,-0.252127,-0.131505,-0.389185,-11.2233,680.487,0.221863,126.036,29.9457,22.3695,-0.245502,2.23133,-2.14053,0.169183,0.797303,-5.52946,-1.9757,-0.128903,0,4570,-5.55112e-17,1.44329e-15,1.03806e-14,3.81639e-15,-1.86608e-13,6.19504e-14,2.01422e-13,4.42257e-09,-1.72223e-08,1.52099e-08,0,-0.699549,0.359844,0.347647,0.939041,3.14159,2.26317,-2.38252,3.31038,-0.480867,-0.392699,3.80593,-0.153983,2.75877,-4.38962,0.523599,0,0,0,1.28548,-0.0234721,-0.699549,0.347649,2.96564,2.26317,3.31037,-0.354813,3.80593,2.75873,0.140779,0.0522492,-3.88666,3.17705,-0.0033466,75.2096,6.50372,-1.47393,-21.6753,-2.74756,0.0609503,0.0163319,1.00786,5.90863,-1006.15,163.69,-425.245,391.996,25.4049,984.154,-926.203,487.41
3.34,-5.5214,-2.10315,1.32849,1.32245,0.0282988,-114.256,-0.649883,-1.81096,0.508183,-7.38159,3.06037,21874.1,2.31925,-0.778436,3.28095,1.86446,-0.478205,3.80482e+08,3.86423,-0.149493,3.16149,0.895811,0.195342,-4.46766,-1.98861,-6.88592,-0.578829,-6.82101,-3.61964,-3.92204,-2.05788,-6.36028,-0.740704,-6.28187,-3.51088,-1.22156,2.98072,2.81665,3.37169,-0.1277,0.30403,-0.024036,3.22687,-0.702217,26.0497,0.34498,-2.54272,2.96297,-1.17424,2.26691,-11.5775,3.31411,-2.2906,-0.351079,-3.91464,3.81189,-9.77187,2.76469,-2.41402,0.146716,-1.43008,12.2882,6.42239,-16.825,19.4987,-203.186,-70.2954,161.621,-86.8145,1100.66,-199.296,445.725,-218.525,153.674,-448.467,27.0492,-61.2856,-0.706918,135.152,-229.235,286.158,0,-34.2479,-73.2742,55.8432,-135.176,3.11103,21.4109,69.5965,-101.139,-8.23087,-18.8207,-272.619,251.384,26.0918,-29.1214,113.951,-138.723,-20.6487,4.87914,25.7067,-62.587,53.348,12.1311,0.0954658,-4.64366,0.703816,-0.209742,-0.108299,0.229743,1.96791,-394.123,0.166059,129.401,30.9079,8.8379,133.377,-5.76914,-2.2417,0.160349,0.244506,-5.52806,-1.97563,-0.1277,0,4577,-2.77556e-17,9.4369e-16,5.71765e-15,3.60822e-15,-6.52721e-13,1.11355e-13,6.07764e-13,9.90783e-09,-6.22925e-09,-8.98541e-09,0,-0.702217,0.385298,0.344978,0.835232,3.14159,2.26691,-2.31549,3.31411,-0.458121,-0.392699,3.81189,-1.95429,2.76471,-0.482805,0.523599,0,0,0,1.28035,-0.024036,-0.702217,0.34498,2.96297,2.26691,3.31411,-0.351079,3.81189,2.76469,0.146716,0.0523347,-4.12937,0.975776,-5.11936e-05,4.56103,2.42621,0.0190932,-0.928733,2.49819,0.0609733,0.0163395,1.00779,-11.8803,-1095.7,186.572,-412.224,383.846,22.6931,-237.659,321.538,146.736
3.36,-5.52053,-2.10279,1.32556,1.32089,0.0281339,-114.251,-0.652152,-1.80567,0.502069,-4.85383,3.08184,21874.1,2.3217,-0.768073,3.28448,1.87275,-0.529039,3.80482e+08,3.8754,-60.0411,2.86311,3.38375,0.209945,-4.46663,-1.98728,-6.88523,-0.57962,-6.81912,-3.62518,-3.92116,-2.05778,-6.35919,-0.740203,-6.28123,-3.51039,-1.24385,3.04544,-57.388,3.32021,-0.127383,0.328712,-0.0242497,2.92805,-0.704535,24.8628,0.342662,-2.54926,2.96066,-1.0794,2.26932,-11.364,3.31652,-2.23737,-0.348672,1.86914,3.82301,-13.9972,2.77582,0.158284,0.157848,-1.38884,11.9466,6.70238,-16.3567,19.1774,-174.481,-66.9124,155.873,-84.9971,1074.86,-187.615,424.838,-211.925,147.55,-515.526,28.0481,-64.4261,-1.13738,134.871,-223.852,281.641,0,-33.3892,-71.6878,55.4418,-133.699,3.04155,19.867,68.1334,-99.4816,-8.01258,150.383,-266.231,263.803,30.1821,-148.479,109.22,-146.914,-23.5618,-0.287182,240.006,-97.0689,94.7578,22.0534,0.0372085,0.610436,0.693957,-0.146399,-0.0779631,0.219717,2.33761,-286.071,0.140338,130.041,31.3603,4.52074,-2860.65,108.818,-2.16107,0.156166,-0.0143973,-5.52726,-1.97559,-0.127383,0,4581,8.32667e-17,2.38698e-15,8.52096e-15,7.77156e-15,5.23241e-13,-3.10862e-15,-4.07202e-13,1.94114e-08,-6.32939e-09,-1.96326e-08,0,-0.704535,0.372829,0.342671,0.504272,3.14159,2.26932,-2.27279,3.31652,-0.447474,-0.392699,3.82301,-2.79919,2.77584,0.0316568,0.523599,0,0,0,1.27611,-0.0242497,-0.704535,0.342662,2.96066,2.26932,3.31652,-0.348672,3.82301,2.77582,0.157848,0.0523836,-4.71157,-0.0574307,1.05791e-05,20.9167,4.41067,0.0074417,0.122087,10.9649,0.0609864,0.0163438,1.00777,-10.6552,-1106.57,200.874,-403.492,378.854,19.9545,-578.507,655.325,59.6834
3.38,-5.52035,-2.10255,1.32352,1.31953,0.0282383,-114.257,-0.650671,-2.0773,0.470247,3.64484,3.05863,21874.1,2.32134,-0.795282,3.28663,1.87009,-0.506684,3.80482e+08,3.8863,-8.32959,2.89643,0.763291,0.226172,-4.46655,-1.98766,-6.88513,-0.579267,-6.81752,-3.63085,-3.92099,-2.05737,-6.35916,-0.740048,-6.28091,-3.51022,-1.52409,2.99803,-5.65933,3.28538,-0.12715,0.348187,-0.0241576,2.41244,-0.703067,23.9694,0.34413,-3.38186,2.96212,-0.921127,2.26895,-11.272,3.31614,-2.23519,-0.349054,5.44592,3.83391,-16.4894,2.78671,1.49918,0.16872,-1.36116,11.7184,6.92669,-16.0299,18.967,-131.409,-63.4033,149.418,-82.9283,1107.64,-180.799,413.727,-208.779,144.118,-812.521,38.5949,-89.6335,-5.57019,131.838,-219.419,278.181,0,-32.8651,-68.7722,54.2469,-131.875,3.03677,21.3321,66.8426,-98.2004,-8.0094,264.695,-260.374,269.68,33.5516,-185.908,104.212,-149.558,-25.8434,-3.35019,243.83,-57.7118,60.7682,14.8492,-0.108662,2.9472,0.687293,-0.102161,-0.0676579,-0.312092,-11.3511,118.102,0.126557,128.663,31.2169,2.8197,-274.524,-11.0874,-2.08581,0.15524,-0.167789,-5.52706,-1.97558,-0.12715,0,4582,-2.77556e-17,-6.38378e-16,-1.06304e-14,-1.22125e-14,-5.92609e-13,3.60822e-14,4.94021e-13,3.47883e-09,-7.11951e-09,-2.31487e-09,0,-0.703067,0.353539,0.344121,0.126394,3.14159,2.26895,-2.25443,3.31614,-0.447037,-0.392699,3.83391,-3.29781,2.78671,0.299835,0.523599,0,0,0,1.27317,-0.0241576,-0.703067,0.34413,2.96212,2.26895,3.31614,-0.349054,3.83391,2.78671,0.16872,0.0523958,-5.16851,-0.670026,1.16742e-05,37.295,2.96985,-0.0217323,0.58944,10.1101,0.0609896,0.0163449,1.00775,0.743105,-1146.01,271.925,-397.798,375.917,17.7147,-752.217,807.815,39.0239
3.4,-5.52087,-2.10176,1.32153,1.31768,0.0286078,-114.258,-0.644998,-1.8222,0.506177,-6.03893,3.07092,21874.1,2.31911,-0.838055,3.28719,1.8561,-0.452669,3.80482e+08,3.89,-5.94698,2.64663,-1.94812,0.220075,-4.46748,-1.98939,-6.8858,-0.577614,-6.81707,-3.63232,-3.92153,-2.05599,-6.36018,-0.739567,-6.28091,-3.50971,-1.24535,2.9018,-3.52042,3.26171,-0.126332,0.361536,-0.0237636,2.47424,-0.69737,24.996,0.349828,-2.49943,2.96782,-0.76707,2.26673,-11.2367,3.31393,-2.2792,-0.35126,7.77543,3.83763,-18.1069,2.79043,-0.107272,0.172442,-1.34242,11.5651,7.06737,-15.7905,18.8042,-136.342,-63.5572,150.782,-84.2298,1170.35,-185.619,427.836,-215.761,149.713,-464.329,26.3257,-61.4699,-0.75751,127.941,-215.561,275.037,0,-32.537,-65.6736,52.524,-129.649,3.05033,24.2484,66.5506,-98.3591,-8.26317,342.223,-256.436,273.309,36.1991,-196.069,101.772,-151.998,-27.7554,-5.37684,22.0765,1.04992,-1.1604,-0.29549,-1.54653,1.54434,0.682766,-0.0995804,-0.0928896,-0.0392621,1.21337,-330.998,0.0981991,126.412,30.2925,-1.25275,-155.209,-84.6554,-2.13148,0.155539,-0.268781,-5.52746,-1.9756,-0.126332,0,4580,-2.77556e-17,2.47025e-15,1.10467e-14,8.04912e-15,2.31537e-13,-3.33067e-15,-1.83548e-13,1.68263e-08,-1.2944e-08,-1.2558e-08,0,-0.69737,0.359082,0.349829,0.746683,3.14159,2.26673,-2.24735,3.31393,-0.45584,-0.392699,3.83763,-3.62138,2.79044,-0.0214545,0.523599,0,0,0,1.27115,-0.0237636,-0.69737,0.349828,2.96782,2.26673,3.31393,-0.35126,3.83763,2.79043,0.172442,0.0523714,-5.55107,-1.07537,4.99764e-07,37.8471,-0.059098,-0.309305,0.308867,0.883707,0.0609831,0.0163427,1.0077,5.14283,-1069.39,185.374,-391.025,371.982,15.8475,-914.651,759.635,109.668
3.42,-5.52192,-2.1012,1.31973,1.31533,0.0293679,-114.268,-0.637411,-1.9579,0.49301,2.17781,3.08705,21874.1,2.31511,-0.892386,3.28611,1.83414,-0.413243,3.80482e+08,3.89121,-6.02722,2.62935,-1.99737,0.186744,-4.46905,-1.99176,-6.88723,-0.575596,-6.8169,-3.63299,-3.92261,-2.05422,-6.36226,-0.739651,-6.28089,-3.50974,-1.41035,2.80697,-3.58462,3.2394,-0.125724,0.371029,-0.0229424,1.90615,-0.689721,24.056,0.357476,-1.96497,2.97547,-0.595292,2.2628,-11.2267,3.30999,-2.36515,-0.3552,7.11591,3.8389,-17.4715,2.7917,-1.51337,0.173702,-1.32463,11.4215,7.12808,-15.5393,18.5982,-92.0626,-61.0879,146.043,-82.9581,1194.79,-180.804,419.855,-213.25,145.044,-339.612,21.3076,-50.1151,-0.510429,122.332,-210.934,270.918,0,-32.3015,-61.8942,49.9493,-126.449,3.08358,28.7287,66.5896,-99.1677,-8.7544,317.878,-252.098,267.515,34.8564,-193.015,99.6049,-147.981,-26.686,-4.63534,-158.147,37.5029,-40.9126,-10.3481,-2.09208,3.67258,0.678501,-0.0899356,-0.117394,-0.492474,-5.61045,115.707,0.0676279,123.496,28.8074,-2.50761,-159.161,-52.4277,-2.0587,0.157323,-0.231721,-5.52846,-1.97565,-0.125724,0,4575,5.55112e-17,2.22045e-16,-4.66294e-15,8.04912e-16,-1.01902e-12,6.29496e-14,8.56759e-13,-3.26927e-09,7.29962e-09,5.7147e-09,0,-0.689721,0.343211,0.357472,0.844506,3.14159,2.2628,-2.24537,3.30999,-0.473031,-0.392699,3.8389,-3.49438,2.7917,-0.302674,0.523599,0,0,0,1.26922,-0.0229424,-0.689721,0.357476,2.97547,2.2628,3.30999,-0.3552,3.8389,2.7917,0.173702,0.0523103,-5.33728,-0.92708,-1.74506e-05,29.2504,-2.06961,-0.418416,0.734516,-6.03989,0.0609667,0.0163373,1.00766,22.3827,-1004.83,148.555,-384.515,367.882,14.4442,-892.103,638.301,166.38
3.44,-5.52334,-2.10075,1.31811,1.31216,0.0307578,-114.276,-0.63495,-1.98965,0.498264,-0.196824,3.06778,21874.1,2.30867,-1.03685,3.28601,1.77557,-0.379601,3.80482e+08,3.89182,-7.36062,2.96921,-2.09358,0.274996,-4.47069,-1.99043,-6.88947,-0.572938,-6.81628,-3.63391,-3.92409,-2.05155,-6.36557,-0.740367,-6.28035,-3.51034,-1.41757,2.62876,-4.66641,3.21983,-0.125198,0.378835,-0.021467,2.51315,-0.687175,25.8036,0.360022,-1.55625,2.97802,-0.351463,2.25644,-11.275,3.30364,-2.70212,-0.361551,5.6123,3.83959,-16.2155,2.7924,-1.81926,0.174395,-1.30895,11.2964,7.15014,-15.2778,18.3669,-140.372,-63.6214,152.506,-86.1857,1206.59,-187.258,437.424,-222.003,152.937,-144.281,15.1369,-35.7318,-1.77944,113.734,-205.335,265.923,0,-32.2071,-56.7237,46.2419,-122.142,3.16536,40.0979,71.7592,-108.071,-10.8277,266.888,-247.666,259.043,32.5794,-184.884,97.5088,-142.208,-24.9239,-3.11968,-259.058,66.1532,-69.8941,-17.3916,-1.82727,5.379,0.674762,-0.0809508,-0.158143,-0.418188,-7.21996,37.9003,0.222215,115.951,24.4423,-1.39013,-225.8,-46.4411,-2.16567,0.161606,-0.155867,-5.52986,-1.97572,-0.125198,0,4568,-2.77556e-17,-5.55112e-15,1.83187e-15,-2.27596e-15,4.40654e-13,-2.18714e-14,-3.71148e-13,1.84742e-08,-8.8794e-09,8.0936e-09,0,-0.687175,0.367763,0.360022,0.185827,3.14159,2.25644,-2.25499,3.30364,-0.540425,-0.392699,3.83959,-3.24318,2.79239,-0.363853,0.523599,0,0,0,1.26751,-0.021467,-0.687175,0.360022,2.97802,2.25644,3.30364,-0.361551,3.83959,2.7924,0.174395,0.0522248,-4.98483,-0.623942,-2.61283e-05,24.2427,-3.47832,-0.365454,1.0758,-9.22268,0.0609438,0.0163297,1.00763,12.8953,-1185.22,101.675,-379.11,357.987,13.9653,-784.374,552.104,186.967
3.46,-5.52499,-2.10015,1.31646,1.30822,0.0324609,-114.287,-0.630791,-2.01797,0.502901,-1.6317,2.81033,21874.1,2.30057,-1.11863,3.28117,1.71976,-0.379056,3.80482e+08,3.89131,-9.31647,2.88397,-2.53859,0.2323,-4.47268,-1.98937,-6.89207,-0.569536,-6.8156,-3.63432,-3.92584,-2.04822,-6.36954,-0.741203,-6.2796,-3.51102,-1.18381,2.5416,-6.6648,3.20258,-0.124511,0.374093,-0.0196662,2.78518,-0.682918,26.7853,0.364279,2.0501,2.98227,-0.335964,2.24844,-11.2117,3.29564,-3.21991,-0.369554,4.6974,3.83918,-15.4688,2.79198,-1.18442,0.173978,-1.29512,11.1869,6.95157,-15.0203,18.0473,-164.626,-65.2245,156.198,-88.1083,1210,-191.731,448.74,-227.637,157.076,799.21,-20.3431,48.0277,-34.0871,109.382,-199.538,259.064,0,-31.924,-54.0593,42.0969,-116.519,3.09864,53.3064,84.3823,-127.632,-14.9942,234.522,-243.695,251.947,31.3833,-176.164,95.9436,-138.04,-24.0241,-2.26523,-203.927,57.257,-59.2117,-14.747,-1.24441,3.23013,0.671468,-0.0828018,-0.197273,-0.52471,-8.66909,-10.0152,0.447545,111.457,19.3366,0.62214,-323.618,-70.8532,-2.2177,0.158373,-0.113087,-5.53146,-1.97581,-0.124511,0,4560,5.55112e-17,-4.52416e-15,-7.21645e-16,1.66533e-16,4.00145e-13,-3.55271e-14,-3.57936e-13,-4.8088e-09,-4.29037e-10,-4.96374e-09,0,-0.682918,0.380368,0.364272,-0.0268791,3.14159,2.24844,-2.24233,3.29564,-0.643982,-0.392699,3.83918,-3.09388,2.79197,-0.236883,0.523599,0,0,0,1.26598,-0.0196662,-0.682918,0.364279,2.98227,2.24844,3.29564,-0.369554,3.83918,2.79198,0.173978,0.0521271,-4.8049,-0.453055,-2.86852e-05,25.0859,-2.9494,-0.248882,0.646025,-6.76912,0.0609176,0.0163211,1.00758,15.8838,-1246.19,-133.869,-369.383,339.836,15.2595,-698.623,553.449,164.675
3.48,-5.52625,-2.09996,1.31517,1.30442,0.0340167,-114.296,-0.628622,-2.01472,0.509911,-1.58266,-12.643,21874.1,2.29304,-1.08098,3.27342,1.68077,-0.395919,3.80482e+08,3.89303,-8.89107,2.88964,-3.19153,0.232537,-4.47414,-1.98789,-6.89413,-0.566738,-6.81444,-3.63624,-3.92717,-2.04554,-6.37291,-0.74233,-6.27866,-3.51201,14.2798,2.58836,-6.23396,3.18491,-0.124258,0.353774,-0.0180371,3.27507,-0.680675,28.2392,0.366522,6234.38,2.98452,-0.702465,2.24098,-10.9433,3.28818,-3.91557,-0.377004,4.91103,3.84098,-15.6121,2.79378,-0.550835,0.175788,-1.28113,11.075,6.49331,-14.7705,17.624,-209.086,-68.2134,162.066,-90.6331,1194.22,-199.864,465.499,-235.206,163.361,-1.50245e+08,-56915.4,133482,-5.17791e+07,113.745,-194.464,250.63,0,-31.2647,-56.1408,38.6092,-110.422,2.78917,62.0199,110.756,-165.996,-23.2938,234.767,-239.761,247.205,31.6489,-172.057,93.9282,-135.478,-24.1758,-2.54886,-72.8631,21.8153,-22.5993,-5.7576,-0.9854,1.2998,0.668096,-0.064408,-0.189878,-0.437658,-8.55498,-0.598981,0.778997,112.963,14.5072,1.36962,-302.262,-121.682,-2.29879,0.142797,-0.127331,-5.53266,-1.97587,-0.124258,0,4554,-5.55112e-17,-1.11022e-15,-2.22045e-15,1.13687e-13,1.01295e-12,-5.78426e-14,-8.9595e-13,1.08838e-08,1.21398e-09,7.9794e-09,0,-0.680675,0.398758,0.366526,-0.0122085,3.14159,2.24098,-2.18864,3.28819,-0.783114,-0.392699,3.84098,-3.12239,2.79378,-0.110167,0.523599,0,0,0,1.2644,-0.0180371,-0.680675,0.366522,2.98452,2.24098,3.28818,-0.377004,3.84098,2.79378,0.175788,0.0520538,-4.83511,-0.509767,3.5053e-06,28.4842,-1.15152,-0.19708,0.259961,-2.33732,0.060898,0.0163146,1.00757,8.01457,-1295.33,2.99709e+07,-355.845,310.658,20.8374,-693.954,605.51,131.799
3.5,-5.52732,-2.10051,1.31479,1.30203,0.0349004,-114.301,-0.6295,-2.01067,0.513601,-1.58329,2.92044,21874.1,2.28867,-0.118176,3.11089,1.73554,-0.711305,3.80482e+08,3.89731,-7.80475,2.928,-2.89434,0.397575,-4.47521,-1.98654,-6.89562,-0.565758,-6.81372,-3.63977,-3.92829,-2.04468,-6.37518,-0.74363,-6.27848,-3.51322,-1.27592,3.70402,-5.27432,3.17159,-0.124753,0.320784,-0.0170802,3.75889,-0.681481,29.6106,0.365717,2.04892,2.98371,-1.5336,2.23669,-10.4342,3.28388,-3.1666,-0.381306,5.48922,3.84533,-16.0641,2.79814,-0.107626,0.180168,-1.27045,10.9908,5.86759,-14.5964,17.1965,-254.177,-71.4912,167.543,-92.5498,1167.29,-209.349,481.996,-241.944,169.587,869.133,-18.5954,43.0586,-35.1947,130.648,-191.982,242.545,0,-30.1364,-65.5573,37.0997,-105.405,2.17977,27.355,112.874,-164.414,-19.2852,244.756,-236.628,243.596,32.5168,-167.269,91.6291,-133.182,-24.7071,-3.22722,7.94805,1.6189,-1.69119,-0.44463,-0.941997,0.94154,0.665559,-0.0190964,-0.119765,-0.264037,-8.43182,-8.40815,-0.582358,160.884,16.9843,1.22635,-247.732,-130.593,-2.36992,0.111557,-0.16123,-5.53386,-1.97593,-0.124753,0,4548,-8.32667e-17,4.96825e-15,-5.4956e-15,6.38378e-15,-2.07737e-13,1.10578e-13,2.67286e-13,2.0116e-08,-3.96339e-09,-2.88226e-09,0,-0.681481,0.413805,0.365715,-0.0267368,3.14159,2.23669,-2.08683,3.28389,-0.633321,-0.392699,3.84533,-3.21253,2.79816,-0.0215251,0.523599,0,0,0,1.26319,-0.0170802,-0.681481,0.365717,2.98371,2.23669,3.28388,-0.381306,3.84533,2.79814,0.180168,0.0519806,-4.94098,-0.645403,1.70155e-05,31.4247,-0.0889259,-0.188399,0.188308,0.352248,0.0608784,0.0163082,1.00759,-6.66492,-1369.59,-151.285,-321.373,314.912,24.0134,-729.248,659.326,109.859
3.52,-5.52794,-2.10112,1.31506,1.30055,0.0356782,-114.303,-0.630715,-1.99436,0.516632,-0.653376,3.06974,21874.1,2.28624,-0.43235,3.21458,1.71283,-0.455776,3.80482e+08,3.8994,-6.93192,3.1355,-2.56885,0.109941,-4.4758,-1.98524,-6.89687,-0.565771,-6.81298,-3.64208,-3.92896,-2.04405,-6.37686,-0.744902,-6.278,-3.51442,-1.40587,3.238,-3.90636,3.16791,-0.125331,0.297747,-0.0162657,4.10505,-0.682659,30.3798,0.364538,-1.93156,2.98253,-1.43618,2.23429,-10.5577,3.28149,-3.41471,-0.383694,6.04312,3.84746,-16.5218,2.80026,-0.40533,0.182285,-1.26737,10.9673,5.45745,-14.5168,16.9463,-286.604,-73.8595,171.416,-93.8792,1133.75,-214.865,490.647,-245.392,172.704,0.797278,16.2374,-37.2663,-3.72511,122.627,-189.227,239.225,0,-30.788,-63.2465,35.1792,-103.445,2.37493,35.7916,109.259,-160.876,-20.6998,257.653,-235.25,242.302,33.4464,-164.992,90.5719,-132.583,-25.3475,-3.8626,-25.8363,9.8985,-10.4392,-2.8121,-1.28343,1.3772,0.664859,0.0136932,-0.0738648,-0.0858886,-7.61523,20.2999,-0.120514,145.054,15.9134,0.219074,-203.986,-102.54,-2.40707,0.121269,-0.192564,-5.53446,-1.97596,-0.125331,0,4545,-2.77556e-17,-1.72085e-15,-6.21725e-15,4.82947e-15,4.83738e-13,-1.25011e-13,-5.05485e-13,-8.97522e-09,1.20929e-09,-1.59774e-09,0,-0.682659,0.424928,0.364533,0.110511,3.14159,2.23429,-2.11151,3.2815,-0.682943,-0.392699,3.84746,-3.30417,2.80028,-0.081066,0.523599,0,0,0,1.26284,-0.0162657,-0.682659,0.364538,2.98253,2.23429,3.28149,-0.383694,3.84746,2.80026,0.182285,0.051944,-5.06925,-0.772491,1.59966e-05,31.5947,-0.562419,-0.256685,0.275441,-0.852126,0.0608686,0.0163049,1.00763,-18.7094,-1383.36,78.6716,-338.297,310.799,31.2162,-774.997,662.396,119.966
3.54,-5.52864,-2.10124,1.31528,1.29959,0.0360708,-114.301,-0.63327,-1.95981,0.518963,0.414924,3.08073,21874.1,2.28374,-0.318712,3.18751,1.71881,-0.474055,3.80482e+08,3.90227,-6.70277,3.63484,-2.25248,1.72908,-4.47637,-1.98334,-6.89765,-0.564918,-6.81275,-3.64406,-3.92968,-2.04353,-6.37809,-0.745346,-6.27815,-3.51482,-1.37999,3.34285,-4.79701,3.17132,-0.125406,0.275031,-0.0158366,4.27082,-0.685177,30.6382,0.36202,-2.83579,2.98002,-1.59921,2.23183,-10.5349,3.27903,-3.32455,-0.386154,5.94244,3.85036,-16.5019,2.80317,-1.10669,0.185232,-1.26977,10.9888,5.08772,-14.5194,16.7891,-302.319,-75.3504,173.165,-94.0434,1105.17,-218.232,493.863,-245.894,173.694,-199.878,24.1108,-54.8234,-1.53467,123.197,-188.304,236.651,0,-30.9754,-64.9429,34.0604,-101.71,2.33633,31.3771,107.062,-157.222,-19.9908,250.339,-234.928,240.309,33.5814,-159.455,89.7065,-130.978,-25.3592,-3.87589,-113.078,29.8519,-31.3201,-8.52853,-1.66506,2.65814,0.665511,0.0110602,-0.0481072,0.0981121,-5.89107,55.3375,-0.224324,150.611,16.2935,-0.822254,-192.385,-67.9349,-2.41539,0.119113,-0.192997,-5.53506,-1.97599,-0.125406,0,4542,-2.77556e-17,1.9984e-15,1.15463e-14,-6.60583e-15,8.09366e-13,-1.39555e-13,-7.81097e-13,1.50363e-08,-1.31859e-08,-4.33028e-09,0,-0.685177,0.428431,0.362023,0.429792,3.14159,2.23183,-2.10693,3.27904,-0.664909,-0.392699,3.85036,-3.29974,2.80323,-0.221339,0.523599,0,0,0,1.26315,-0.0158366,-0.685177,0.36202,2.98002,2.23183,3.27903,-0.386154,3.85036,2.80317,0.185232,0.0519073,-5.07113,-0.775084,0.000111322,27.9118,-1.70571,-0.333011,0.531629,-4.15576,0.0608588,0.0163017,1.00763,-27.4204,-1341.05,134.148,-340.291,311.174,36.0752,-793.996,619.75,146.763
3.56,-5.52967,-2.10202,1.31605,1.30014,0.0357372,-114.296,-0.638139,-1.95137,0.512619,0.876673,3.07922,21874.1,2.28215,-0.268511,3.17078,1.72307,-0.490001,3.80482e+08,3.90625,-7.29588,2.99103,-2.21742,0.282077,-4.47708,-1.982,-6.89794,-0.564588,-6.81374,-3.64669,-3.93069,-2.04486,-6.37866,-0.745851,-6.27965,-3.51536,-1.37638,3.39227,-4.58692,3.1747,-0.12614,0.250644,-0.0160969,4.24864,-0.689973,29.7469,0.357224,-2.93275,2.97522,-1.7483,2.23031,-10.5292,3.27751,-3.2871,-0.387682,5.15958,3.85441,-15.9634,2.80721,-1.43691,0.189245,-1.27185,11.0096,4.70481,-14.5569,16.6584,-299.895,-75.8007,172.343,-92.7568,1033.63,-215.102,481.58,-239.05,168.112,-258.476,25.6604,-57.7409,-1.07404,123.527,-188.057,234.874,0,-31.2657,-66.8585,33.4746,-100.672,2.33099,27.6479,105.532,-154.617,-19.6296,220.623,-234.849,236.633,32.802,-149.465,88.6476,-127.737,-24.648,-3.2415,-172.716,46.8186,-48.0988,-13.0757,-1.66321,3.77195,0.666156,0.0384428,0.0276758,0.248021,-5.31196,67.9298,-0.0574791,153.042,16.5775,-0.893038,-221.842,-57.4207,-2.36422,0.118878,-0.161598,-5.53627,-1.97606,-0.12614,0,4536,2.77556e-17,-3.33067e-16,-8.88178e-16,-3.33067e-16,6.79456e-13,-6.10623e-15,-5.56555e-13,-1.39365e-08,2.57895e-09,-9.12494e-09,0,-0.689973,0.425371,0.35723,0.629539,3.14159,2.23031,-2.10584,3.27751,-0.657421,-0.392699,3.85441,-3.19243,2.80724,-0.287382,0.523599,0,0,0,1.26345,-0.0160969,-0.689973,0.357224,2.97522,2.23031,3.27751,-0.387682,3.85441,2.80721,0.189245,0.0518341,-4.9294,-0.648274,6.40904e-05,23.2316,-2.61515,-0.332642,0.754389,-6.81492,0.0608391,0.0162952,1.00767,-35.7027,-1282.13,152.469,-353.747,309.864,45.6807,-770.356,577.053,164.058
3.58,-5.53019,-2.10381,1.31808,1.30221,0.0354032,-114.29,-0.640988,-1.95013,0.507114,1.05677,3.07692,21874.1,2.28221,-0.234761,3.15856,1.72665,-0.51451,3.80482e+08,3.90933,-7.82281,2.93598,-1.99366,0.27797,-4.47741,-1.98277,-6.89802,-0.566129,-6.81433,-3.64987,-3.93119,-2.04718,-6.37874,-0.747358,-6.28064,-3.5169,-1.37834,3.43831,-5.1648,3.18392,-0.1279,0.243526,-0.0163943,4.00501,-0.692786,28.9247,0.354412,-2.8553,2.97241,-1.80174,2.23041,-10.554,3.27761,-3.29072,-0.387581,4.54721,3.85754,-15.5368,2.81034,-2.3583,0.19237,-1.27849,11.0669,4.61853,-14.6491,16.7075,-277.677,-74.7151,169.335,-90.8982,1026.1,-211.711,472.229,-233.936,164.392,-275.346,25.6482,-57.5211,-0.94536,124.532,-189.246,235.712,0,-31.4264,-67.9265,33.7696,-101.107,2.33176,26.5628,106.27,-155.358,-19.6636,200.309,-235.811,235.514,32.1318,-143.549,88.2314,-126.079,-24.0513,-2.67837,-339.318,94.8,-95.9086,-25.8352,-1.99759,9.23017,0.667921,0.10172,0.103661,0.294935,-5.23445,73.1545,0.0662048,154.732,16.75,-1.63782,-248.034,-35.3074,-2.3105,0.118717,-0.13342,-5.53687,-1.97609,-0.1279,0,4533,-2.77556e-17,-7.49401e-16,-7.54952e-15,1.94289e-15,-3.93505e-14,7.10543e-15,3.80251e-14,-2.09865e-09,3.23454e-09,1.16654e-09,0,-0.692786,0.414217,0.354414,0.689405,3.14159,2.23041,-2.11078,3.27761,-0.658143,-0.392699,3.85754,-3.10713,2.81036,-0.471661,0.523599,0,0,0,1.26425,-0.0163943,-0.692786,0.354412,2.97241,2.23041,3.27761,-0.387581,3.85754,2.81034,0.19237,0.0517975,-4.81028,-0.535663,0.000155534,17.5002,-5.16705,-0.399517,1.84603,-13.6325,0.0608293,0.016292,1.00778,-37.6573,-1255.86,158.247,-364.259,311.185,50.9958,-756.303,491.83,211.888
3.6,-5.53021,-2.10642,1.32162,1.30524,0.0354808,-114.285,-0.64223,-1.95038,0.503741,1.51225,3.07943,21874.1,2.28259,-0.239957,3.1592,1.72876,-0.526748,3.80482e+08,3.91039,-10.4597,2.90439,-2.04196,0.253068,-4.47735,-1.98458,-6.89822,-0.569004,-6.8141,-3.65312,-3.93122,-2.04967,-6.37886,-0.750035,-6.28056,-3.51957,-1.38448,3.44599,-7.8084,3.20722,-0.130507,0.249709,-0.0163045,3.7837,-0.694015,28.3156,0.353182,-2.84662,2.97118,-1.73489,2.2308,-10.6692,3.278,-3.32933,-0.387189,3.56682,3.8586,-14.8704,2.8114,-2.46883,0.193445,-1.29603,11.2132,4.78086,-14.8449,16.9613,-257.494,-73.4714,166.879,-89.6439,1042.4,-208.401,465.682,-230.592,162.074,-311.122,26.1472,-58.7669,-0.807278,124.814,-191.985,239.259,0,-31.6407,-67.5481,34.4186,-102.692,2.37308,30.1371,107.318,-156.791,-19.8031,172.483,-238.817,236.151,31.0923,-137.57,89.1055,-125.584,-23.2425,-1.73453,-496.001,155.291,-153.694,-40.4357,-1.7872,14.1172,0.672375,0.176624,0.151257,0.261798,-5.24152,88.182,0.0689819,154.491,16.9034,-0.569452,-379.827,-32.7035,-2.26972,0.120329,-0.0860843,-5.53707,-1.9761,-0.130507,0,4532,5.55112e-17,1.27676e-15,4.05231e-15,-4.44089e-16,-4.42951e-13,3.75255e-14,3.91798e-13,1.4692e-08,-2.41165e-09,1.32739e-08,0,-0.694015,0.405586,0.353184,0.805313,3.14159,2.2308,-2.13381,3.278,-0.665867,-0.392699,3.8586,-2.97379,2.81144,-0.493766,0.523599,0,0,0,1.2663,-0.0163045,-0.694015,0.353182,2.97118,2.2308,3.278,-0.387189,3.8586,2.8114,0.193445,0.0517853,-4.64891,-0.346907,0.000336628,15.1516,-8.08715,-0.35744,2.82344,-19.0039,0.0608261,0.0162909,1.00794,-34.1752,-1216.96,166.574,-370.249,317.831,50.2396,-689.709,431.885,240.17
3.62,-5.52987,-2.11001,1.32684,1.30882,0.0362022,-114.281,-0.645254,-1.9773,0.498546,3.9873,3.04958,21874.1,2.2831,-0.298709,3.17615,1.72667,-0.504945,3.80482e+08,3.90984,-13.2016,2.58715,-2.50233,0.246405,-4.47685,-1.98535,-6.89894,-0.57347,-6.81281,-3.65694,-3.93092,-2.0521,-6.3795,-0.754231,-6.27919,-3.5237,-1.38674,3.38239,-10.8609,3.24785,-0.134103,0.260253,-0.0155953,3.92247,-0.697051,28.57,0.350146,-3.08736,2.96814,-1.58906,2.2313,-10.8893,3.2785,-3.42987,-0.386684,3.22776,3.85804,-14.7528,2.81084,-1.41079,0.192872,-1.32722,11.4713,5.05816,-15.1596,17.3745,-266.998,-73.706,167.908,-89.9377,1065.9,-208.534,467.592,-231.282,164.176,-387.007,28.3636,-63.9723,-0.757523,124.208,-196.17,244.957,0,-32.0741,-66.361,35.168,-105.147,2.47093,37.9494,108.617,-158.877,-20.2398,166.972,-244.052,240.967,31.0111,-138.44,91.2152,-128.13,-23.1978,-1.41003,-331.52,109.477,-107.739,-27.8218,-1.12703,5.87763,0.680144,0.261287,0.179187,0.206423,-6.58446,194.599,-0.0126903,151.579,16.8844,1.72262,-516.948,-59.4249,-2.28856,0.124673,-0.0696304,-5.53687,-1.97609,-0.134103,0,4533,-1.11022e-16,9.85323e-15,9.32587e-15,2.47372e-15,5.27585e-13,-9.38138e-14,-5.10147e-13,1.77047e-08,-9.34497e-09,8.58637e-09,0,-0.697051,0.409507,0.350143,0.953146,3.14159,2.2313,-2.17783,3.27851,-0.685974,-0.392699,3.85804,-2.95031,2.81087,-0.282159,0.523599,0,0,0,1.26982,-0.0155953,-0.697051,0.350146,2.96814,2.2313,3.2785,-0.386684,3.85804,2.81084,0.192872,0.0517975,-4.63964,-0.282,0.000104863,19.2989,-5.56436,-0.225405,1.17553,-11.4009,0.0608293,0.016292,1.00816,-33.9189,-1199.92,186.357,-373.855,328.819,45.4518,-635.484,503.539,185.41
3.64,-5.52992,-2.11337,1.33272,1.31221,0.0372701,-114.278,-0.649044,-2.0413,0.490227,8.35537,3.09267,21874.1,2.28324,-0.379811,3.19308,1.71943,-0.474507,3.80482e+08,3.90813,-9.18091,2.90229,-2.25363,0.253387,-4.4767,-1.98494,-6.90046,-0.577809,-6.81157,-3.6602,-3.93103,-2.05375,-6.38099,-0.758501,-6.27773,-3.52786,-1.50215,3.28778,-6.532,3.30963,-0.137458,0.260617,-0.0145152,4.25244,-0.70083,29.1045,0.346368,-3.19917,2.96436,-1.49209,2.23145,-11.1928,3.27865,-3.59777,-0.386537,4.10708,3.85634,-15.6712,2.80914,-1.68761,0.191186,-1.37547,11.8712,5.2228,-15.6407,17.8946,-294.105,-75.4869,171.591,-91.027,1072.85,-211.41,473.519,-232.969,167.275,-425.278,29.3808,-66.1846,-0.792026,124.19,-202.183,252.129,0,-32.8496,-66.1914,35.9355,-108.116,2.59296,47.0798,111.866,-163.568,-21.2544,199.8,-252.207,251.514,32.7086,-150.54,94.7255,-134.944,-24.5201,-2.33993,-274.019,82.2382,-82.7841,-21.33,-1.54088,5.67593,0.691967,0.293838,0.169163,0.125805,-9.73249,405.84,-0.0992617,147.531,16.5193,0.877718,-315.999,-51.124,-2.32698,0.130078,-0.114832,-5.53707,-1.9761,-0.137458,0,4532,-5.55112e-17,4.08007e-15,-3.88578e-16,-1.52656e-16,5.66908e-15,9.02611e-14,7.27751e-14,-1.04309e-08,6.2355e-09,-3.58655e-09,0,-0.70083,0.420578,0.34637,0.969461,3.14159,2.23145,-2.23852,3.27865,-0.719555,-0.392699,3.85634,-3.1339,2.80918,-0.337522,0.523599,0,0,0,1.27506,-0.0145152,-0.70083,0.346368,2.96436,2.23145,3.27865,-0.386537,3.85634,2.80914,0.191186,0.0517853,-4.90393,-0.467965,0.000140882,22.0692,-4.26599,-0.308175,1.13519,-8.92862,0.0608261,0.0162909,1.00836,-37.2782,-1210.92,195.518,-377.105,339.397,40.9755,-689.116,539.875,178.017
3.66,-5.52985,-2.11674,1.33886,1.31569,0.0382683,-114.282,-0.653451,-2.26647,0.472319,22.2831,3.03229,21874.1,2.28284,-0.409047,3.19512,1.71488,-0.464309,3.80482e+08,3.90735,-8.43818,2.9133,-2.15667,0.261772,-4.47639,-1.98431,-6.90168,-0.581822,-6.81019,-3.66391,-3.93102,-2.05552,-6.38228,-0.762717,-6.27625,-3.53197,-1.68486,3.25038,-5.78665,3.38146,-0.140824,0.245415,-0.013517,4.68754,-0.705237,30.0335,0.341961,-3.39479,2.95996,-1.52087,2.23106,-11.5034,3.27826,-3.74399,-0.386929,4.26404,3.85556,-16.1296,2.80836,-1.8592,0.190421,-1.43284,12.3457,5.14095,-16.2193,18.4038,-332.245,-78.5801,177.039,-92.4191,1081.07,-218.846,486.398,-236.615,172.499,-461.742,31.1029,-69.5,-0.869979,125.546,-209.129,259.17,0,-33.8338,-67.8501,36.62,-110.919,2.69304,53.5302,115.711,-168.558,-22.185,207.843,-261.825,260.518,33.8546,-153.374,98.5657,-140.451,-25.404,-2.69528,-275.183,81.9794,-82.8738,-21.1977,-1.73416,6.11551,0.705732,0.307308,0.174223,-0.219949,-20.9948,1097.3,-0.143664,146.05,16.2684,0.770753,-278.902,-46.877,-2.3931,0.134776,-0.131917,-5.53707,-1.9761,-0.140824,0,4532,0,3.85803e-15,2.33147e-15,5.55112e-17,2.82725e-13,-5.11813e-14,-2.74392e-13,1.84111e-08,-2.85978e-09,1.46747e-08,0,-0.705237,0.434125,0.341967,0.965462,3.14159,2.23106,-2.30065,3.27826,-0.748797,-0.392699,3.85556,-3.2254,2.80842,-0.371839,0.523599,0,0,0,1.28093,-0.013517,-0.705237,0.341961,2.95996,2.23106,3.27826,-0.386929,3.85556,2.80836,0.190421,0.0517853,-5.08064,-0.539022,0.000220843,23.2386,-4.23953,-0.346833,1.2231,-8.85643,0.0608261,0.0162909,1.00857,-46.0431,-1251.5,207.338,-385.218,348.926,41.1592,-705.946,551.493,180.646
3.68,-5.52984,-2.12095,1.34569,1.31981,0.0392474,-114.3,-0.658366,-2.68648,0.4571,23.2207,3.0616,21874.1,2.28187,-0.45545,3.19891,1.70985,-0.456583,3.80482e+08,3.90787,1.69406,2.91297,-1.56223,0.0198509,-4.47609,-1.98426,-6.90282,-0.586361,-6.80873,-3.66911,-3.93107,-2.05817,-6.3836,-0.767764,-6.27486,-3.53691,-2.14938,3.20004,4.58717,3.45997,-0.14503,0.226102,-0.0125257,5.82157,-0.710139,32.7222,0.337058,-4.81528,2.95505,-1.54086,2.2301,-11.8593,3.27729,-3.92822,-0.387894,4.34029,3.8561,-16.5562,2.8089,-41.6122,0.190933,-1.49679,12.8755,4.98633,-16.8661,18.9504,-434.437,-85.4523,190.357,-97.1041,1087.73,-235.868,519.202,-248.708,185.802,-761.022,42.4015,-93.7645,-2.65789,125.831,-216.636,266.675,0,-34.9831,-69.3134,37.1222,-113.765,2.82118,62.1276,119.681,-173.785,-23.3508,212.762,-272.341,269.893,35.0127,-154.497,102.378,-145.832,-26.2558,-2.99005,-6637.2,1775.46,-1797.95,-456.454,-23.1317,2166.14,0.720808,0.341315,0.205975,-0.870926,-41.9993,1113.28,-0.0929831,143.681,15.9949,-18.1675,227.736,-0.535819,-2.57316,0.141012,-0.146155,-5.53727,-1.97611,-0.14503,0,4531,2.77556e-17,-3.19189e-15,-8.54872e-15,-8.32667e-15,-7.30839e-13,8.87068e-14,6.7063e-13,5.84531e-10,-3.7945e-09,-2.46771e-09,0,-0.710139,0.473689,0.337052,0.470175,3.14159,2.2301,-2.37183,3.2773,-0.785644,-0.392699,3.8561,-3.31174,2.80893,-8.32244,0.523599,0,0,0,1.28709,-0.0125257,-0.710139,0.337058,2.95505,2.2301,3.27729,-0.387894,3.8561,2.8089,0.190933,0.0517731,-5.25985,-0.598417,0.0437143,81.7578,-91.2909,-4.62634,433.228,-218.356,0.0608228,0.0162898,1.00882,-74.657,-1464.42,293.785,-399.931,359.354,43.8349,-432.36,-2067.97,1864.03
3.7,-5.53003,-2.12544,1.35293,1.32445,0.0401576,-114.281,-0.66297,-1.99472,0.515335,1.81155,2.34458,21874.1,2.28006,-0.533117,3.20543,1.69876,-0.452416,3.80489e+08,3.90701,18719.7,2.82524,-8.79974,2.62372,-4.47599,-1.9848,-6.90391,-0.590698,-6.80774,-3.67384,-3.93132,-2.06121,-6.38502,-0.773038,-6.27376,-3.54209,-0.682374,3.12473,18719.9,3.55125,-0.14951,0.20444,-0.0115911,8.40598,-0.714718,39.6676,0.332479,-10.8367,2.95047,-1.56996,2.22831,-12.2662,3.27551,-4.27635,-0.389676,-7.03005,3.85526,-8.4586,2.80807,3602.11,0.190116,-1.57293,13.5068,4.79906,-17.6457,19.6138,-685.211,-100.303,220.472,-109.252,1140.31,-276.916,602.782,-282.999,219.959,-2337.12,86.9411,-189.863,-30.351,126.196,-225.608,275.566,0,-36.2607,-70.936,37.5919,-116.933,2.94961,75.8898,129.388,-187.006,-26.3582,-127.474,-284.931,246.157,26.0269,68.1992,107.26,-126.338,-19.5383,7.40355,-3.2011e+06,65002.8,-50009.1,-11885.7,1933.5,-6.51178e+06,0.738367,0.362153,0.232168,0.953282,-7.53472,22.16,0.112374,139.707,15.0953,350276,936128,-361.475,-3.01077,0.14705,0.36074,-5.53767,-1.97613,-0.14951,0,4529,2.77556e-17,4.55191e-15,1.66533e-16,-4.44089e-16,4.16923e-13,-8.08242e-14,-4.08396e-13,1.94716e-08,-9.21756e-09,1.40974e-08,0,-0.714718,0.566393,0.33248,0.0949938,3.14159,2.22831,-2.4532,3.27552,-0.855271,-0.392699,3.85526,-1.58265,2.80811,720.421,0.523599,0,0,0,1.29394,-0.0115911,-0.714718,0.332479,2.95047,2.22831,3.27551,-0.389676,3.85526,2.80807,0.190116,0.0517487,-4.26612,1.53889,-196.711,1.80592e+06,-2377.14,386.7,-1.30236e+06,-125658,0.0608163,0.0162876,1.00909,-119.384,-1836.72,714.564,-418.848,365.946,48.8352,9.02964e+06,-483890,570762
3.72,-5.52991,-2.12978,1.36014,1.32955,0.0407734,-114.263,-0.665723,-2.00032,0.495099,1.55773,7.75478,21874.1,2.27743,-0.513891,3.19567,1.68965,-0.471838,3.80494e+08,3.90917,7174.2,2.83157,-7.57845,2.34177,-4.47569,-1.98666,-6.90414,-0.594199,-6.80647,-3.67977,-3.93124,-2.06457,-6.38573,-0.777906,-6.27276,-3.54688,-6.1184,3.15362,7174.69,3.65277,-0.153852,0.177962,-0.0109631,7.04901,-0.717459,33.9594,0.329738,-1049.06,2.94773,-1.76021,2.22569,-12.6223,3.27289,-4.70617,-0.392299,-13.7514,3.85743,-3.91783,2.81023,3002.8,0.19227,-1.66009,14.2284,4.51716,-18.5599,20.3736,-554.526,-95.8697,208.396,-101.901,984.929,-250.953,540.051,-251.613,189.749,-4.76924e+06,9660.35,-20881.4,-1.30822e+06,131.592,-236.445,285.349,0,-37.3836,-75.2167,38.3288,-120.166,2.95349,88.7289,148.86,-212.555,-31.4902,-283.246,-299.609,237.028,25.2474,311.062,112.197,-116.85,-18.9022,13.4184,-2.22287e+06,31419.5,-19956.9,-5296.53,1613.72,-2.49738e+06,0.757932,0.360448,0.254667,0.880232,-7.28607,-0.613412,0.347822,140.537,13.8966,250922,358853,-300.443,-2.68948,0.147009,0.652859,-5.53787,-1.97614,-0.153852,0,4528,-5.55112e-17,-5.55112e-16,2.16493e-15,-1.42109e-14,-1.0134e-12,2.48135e-13,1.03856e-12,-5.85972e-09,9.02609e-09,3.11698e-09,0,-0.717459,0.521294,0.329736,-0.0119375,3.14159,2.22569,-2.52444,3.27289,-0.941234,-0.392699,3.85743,-0.717186,2.81026,600.56,0.523599,0,0,0,1.3012,-0.0109631,-0.717459,0.329738,2.94773,2.22569,3.27289,-0.392299,3.85743,2.81023,0.19227,0.0517365,-3.89695,2.71901,-55.1349,1.25247e+06,-1059.31,322.743,-499477,-87666.5,0.060813,0.0162866,1.00936,-97.1979,-1604.83,972530,-436.655,365.76,57.8994,6.26284e+06,-318136,390393
3.74,-5.53006,-2.13456,1.36745,1.33529,0.0410926,-114.245,-0.667231,-2.03797,0.466657,1.98217,3.01791,21874.1,2.27349,-0.343012,3.14856,1.68948,-0.548382,3.80494e+08,3.91675,-5.14171,2.4492,-1.19972,-0.176885,-4.47575,-1.99011,-6.90399,-0.597214,-6.80514,-3.68885,-3.93141,-2.06883,-6.38631,-0.782956,-6.27246,-3.5519,-1.44763,3.35393,-2.51562,3.75953,-0.158615,0.152953,-0.0106195,5.85707,-0.718943,25.4924,0.328255,-4.18258,2.94625,-2.04757,2.22178,-12.9301,3.26898,-5.04399,-0.396205,81.3012,3.86503,-74.975,2.81784,-278.133,0.199895,-1.75424,15.0087,4.24078,-19.5696,21.2343,-447.894,-92.175,198.277,-96.1359,604.543,-202.219,430.5,-204.571,141.957,-1488.15,60.7841,-130.674,-36.5151,141.108,-248.586,295.9,0,-38.2618,-81.1631,39.0942,-123.222,2.84285,98.0796,174.29,-244.557,-37.104,6401.68,-307.654,546.802,378.66,4175.43,110.203,-342.507,-280.809,-75.548,-70402.7,516.526,-1371.29,-1300.95,-170.74,3965.23,0.778549,0.365288,0.287157,0.909263,-7.442,24.6408,0.452516,148.884,13.1151,46.054,-113.608,14.969,-2.24757,0.141507,-3.68109,-5.53827,-1.97616,-0.158615,0,4526,-8.32667e-17,1.47105e-15,9.74221e-15,7.54952e-15,1.08116e-12,-3.06422e-14,-9.15434e-13,-9.97388e-09,1.56069e-08,1.90096e-08,0,-0.718943,0.488488,0.328255,0.0146198,3.14159,2.22178,-2.58598,3.26899,-1.0088,-0.392699,3.86503,-15.0022,2.81789,-55.6266,0.523599,0,0,0,1.30843,-0.0106195,-0.718943,0.328255,2.94625,2.22178,3.26898,-0.396205,3.86503,2.81784,0.199895,0.0517121,-56.1981,-15.113,0.141368,5872.32,-260.19,-34.1481,793.047,-2857.13,0.0608065,0.0162844,1.00964,-78.7589,-1187.42,442.382,-451.929,365.855,68.7703,21784.1,-23188.8,18839.3
3.76,-5.53051,-2.1391,1.37447,1.34132,0.0411167,-114.226,-0.671191,-1.91139,0.467385,-1.53458,3.04177,21874.1,2.26802,-0.201651,3.07373,1.68635,-0.844638,3.80494e+08,3.92773,-2.31966,2.97239,-1.26967,0.387365,-4.47588,-1.99245,-6.90345,-0.598944,-6.80402,-3.69925,-3.93186,-2.07333,-6.38679,-0.787517,-6.27288,-3.55646,-1.34419,3.71672,0.265371,3.87388,-0.163125,0.131301,-0.0105588,4.93311,-0.722866,23.4479,0.324331,-1.00837,2.94233,-2.29921,2.21635,-13.2806,3.26354,-5.56236,-0.401641,-49.0283,3.87606,20.6996,2.82886,23.9469,0.210914,-1.85804,15.8695,4.01425,-20.7086,22.246,-368.016,-89.2681,190.24,-91.5811,639.502,-196.401,413.892,-195.57,134.93,-402.761,19.9619,-42.604,-0.497385,150.309,-262.077,308.008,0,-39.1361,-86.4459,39.6212,-126.351,2.72116,116.615,211.797,-291.937,-46.4829,-313.911,-341.911,155.872,70.9326,2838.77,125.674,-48.2046,-51.8774,45.7181,-680.862,86.0182,-0.750584,-34.5604,26.0701,-72.9178,0.800671,0.351163,0.301689,0.936806,-1.15547,-126.162,0.724013,155.678,12.0464,39.1801,28.0439,-6.11751,-2.12828,0.135422,2.23168,-5.53887,-1.97619,-0.163125,0,4523,-5.55112e-17,2.22045e-16,2.498e-15,2.88658e-15,-3.84304e-13,-6.40599e-14,2.65954e-13,-2.44313e-08,4.35848e-08,7.40685e-08,0,-0.722866,0.446054,0.324332,0.433292,3.14159,2.21635,-2.65609,3.26355,-1.11247,-0.392699,3.87606,4.14003,2.82891,4.78939,0.523599,0,0,0,1.31577,-0.0105588,-0.722866,0.324331,2.94233,2.21635,3.26354,-0.401641,3.87606,2.82886,0.210914,0.0516755,-10.3749,9.14296,-0.00244879,120.906,-6.91209,5.21401,-14.5836,-21.2385,0.0607967,0.0162812,1.00992,-68.8589,-1036.59,166.295,-470.424,359.863,82.2349,3529.49,-573.547,-176.899
3.78,-5.53117,-2.14383,1.38128,1.3475,0.0409962,-114.211,-0.677916,-1.94569,0.447868,-1.69955,3.02717,21874.1,2.2604,0.193705,6.51148,1.69409,-0.0268099,3.80494e+08,3.93423,-0.294477,2.58769,-1.42464,0.400292,-4.47598,-1.99371,-6.9025,-0.599625,-6.80392,-3.7073,-3.93252,-2.07825,-6.38729,-0.792137,-6.27371,-3.56109,-1.3834,6.732,1.89292,3.99056,-0.167808,0.116734,-0.0106183,4.27684,-0.72953,20.785,0.317667,-0.0675931,2.93566,-2.58238,2.20878,-13.5974,3.25598,-5.83332,-0.409209,-18.933,3.88261,-1.90493,2.83542,26.6512,0.217445,-1.96687,16.774,3.91444,-21.9194,23.3806,-312.066,-86.9888,184.147,-88.1234,592.352,-183.196,383.204,-182.619,123.765,-279.585,11.7196,-25.0364,-0.00151782,162.312,-276.317,320.808,0,-39.7141,-91.928,39.6398,-128.835,2.49276,132.71,255.98,-345.51,-55.1944,-419.527,-354.654,264.506,27.5756,552.131,125.89,-122.811,-20.0019,17.6028,-35.2532,253.056,-143.892,-38.6931,19.4176,-170.341,0.823287,0.340535,0.308636,0.766262,-2.50698,-106.325,0.680695,175.065,11.6634,79.1603,129.628,-1.07274,-1.9956,0.124238,0.860874,-5.53987,-1.97624,-0.167808,0,4518,-2.77556e-17,3.71925e-15,7.06379e-15,3.96905e-15,-7.52065e-13,-4.08562e-14,5.93747e-13,4.01027e-09,-1.55093e-08,-1.67025e-08,0,-0.72953,0.412302,0.31767,0.998049,3.14159,2.20878,-2.71947,3.25598,-1.16666,-0.392699,3.88261,-0.380515,2.83544,5.33023,0.523599,0,0,0,1.32286,-0.0106183,-0.72953,0.317667,2.93566,2.20878,3.25598,-0.409209,3.88261,2.83542,0.217445,0.0516145,-4.00069,3.52059,-0.00280282,136.055,-7.73862,3.88353,-34.0682,6.94267,0.0607803,0.0162758,1.0102,-53.2999,-807.575,126.632,-480.865,362.293,91.5412,1484.54,1061.61,-363.163
3.8,-5.53206,-2.1486,1.38785,1.354,0.0405032,-114.197,-0.683436,-1.94339,0.435809,3.28026,2.75523,21874.2,2.25037,0.289602,3.97578,1.6866,-0.224108,3.80494e+08,3.93797,-35.414,3.36245,-0.0815804,-0.462877,-4.47636,-1.99628,-6.90076,-0.598828,-6.80495,-3.71371,-3.93337,-2.08381,-6.38751,-0.796491,-6.2753,-3.5655,-1.12121,4.48949,-31.5887,4.1102,-0.172532,0.0996972,-0.0110503,3.82623,-0.734989,18.8547,0.312208,0.47341,2.9302,-2.76781,2.19882,-13.9999,3.24602,-6.85564,-0.419169,218.259,3.88642,-173.706,2.83922,-1048.54,0.221264,-2.08174,17.7289,3.73841,-23.2382,24.5975,-276.517,-86.1051,180.866,-85.9738,553.135,-174.771,362.367,-173.897,116.107,-231.936,7.09898,-15.2794,0.106961,169.676,-290.853,334.134,0,-40.4801,-94.94,38.5961,-130.585,2.3218,185.883,340.131,-450.825,-80.6681,35812.8,-287.426,1025.7,2009.1,36605.3,68.5154,-667.802,-1450.35,-201.521,-732323,495.282,-4107.64,-9646.84,-620.513,20901.6,0.846518,0.328521,0.325269,0.703659,-2.09504,168.363,1.40926,179.359,10.1718,243.356,-1626.16,71.9119,-1.90516,0.115909,-9.86532,-5.54088,-1.97629,-0.172532,0,4513,8.32667e-17,-2.10942e-15,-4.80171e-15,-5.41234e-16,1.21549e-12,-1.78746e-14,-1.03501e-12,2.20014e-08,4.65682e-08,4.26132e-08,0,-0.734989,0.386688,0.312208,1.08283,3.14159,2.19882,-2.79996,3.24602,-1.37113,-0.392699,3.88642,-34.7652,2.83926,-209.708,0.523599,0,0,0,1.32973,-0.0110503,-0.734989,0.312208,2.9302,2.19882,3.24602,-0.419169,3.88642,2.83922,0.221264,0.0515535,-290.295,-40.3157,0.573165,107447,-1929.37,-124.103,4180.32,-29527.6,0.060764,0.0162704,1.01048,-46.2906,-705.231,109.096,-509.768,336.844,115.884,514148,-189758,164511
3.82,-5.53271,-2.15378,1.39437,1.36024,0.0402709,-114.184,-0.688539,-1.94407,0.426493,1.91803,3.02613,21874.2,2.23767,2.14975,3.33079,1.72935,-0.344844,3.80494e+08,3.94088,1.30615,2.91446,-1.50919,0.461218,-4.47654,-1.99906,-6.89855,-0.597292,-6.80551,-3.7202,-3.93401,-2.08936,-6.38785,-0.801468,-6.27628,-3.5705,-1.40212,5.82539,3.75939,4.23232,-0.177668,0.101566,-0.0112216,3.58953,-0.740031,17.6824,0.307166,0.865002,2.92516,-3.18078,2.18617,-14.2105,3.23337,-5.93801,-0.431823,-15.6887,3.88939,-5.33011,2.84219,33.9413,0.224178,-2.20236,18.7321,4.00592,-24.6065,26.0231,-257.494,-85.6671,179.772,-85.1501,538.755,-169.452,350.729,-169.789,112.524,-219.759,4.32477,-9.58859,0.190811,190.853,-306.911,348.434,0,-40.3352,-101.527,37.2203,-131.208,1.78915,182.112,405.264,-521.303,-78.0219,-397.117,-395.861,310.674,28.4676,404.235,137.785,-146.611,-20.474,14.2786,-32.0289,441.41,-286.865,-62.4696,22.3773,-324.076,0.87027,0.325861,0.311706,0.656775,-1.9529,105.295,0.0526755,271.731,11.8313,95.4806,209.992,-2.37696,-1.86563,0.0895032,0.699626,-5.54188,-1.97635,-0.177668,0,4508,-5.55112e-17,1.83187e-15,6.36297e-15,-1.38778e-15,8.00297e-13,-1.01474e-13,-7.54785e-13,2.20679e-09,8.95776e-09,1.39225e-08,0,-0.740031,0.3697,0.307168,1.05037,3.14159,2.18617,-2.84212,3.23337,-1.1876,-0.392699,3.88939,-1.06656,2.84217,6.78826,0.523599,0,0,0,1.33636,-0.0112216,-0.740031,0.307166,2.92516,2.18617,3.23337,-0.431823,3.88939,2.84219,0.224178,0.0514925,-4.09423,2.85561,0.0044422,229.731,-12.4939,4.47547,-64.8152,9.60298,0.0607477,0.016265,1.01079,-41.756,-655.22,100.949,-489.625,385.956,101.539,1674.47,1538.79,-495.261
3.84,-5.53289,-2.15949,1.40101,1.36597,0.0405205,-114.172,-0.694173,-1.93944,0.419388,1.95512,3.02096,21874.2,2.2235,0.255902,4.05065,1.68515,-0.30859,3.80494e+08,3.94198,41.1347,2.76451,-2.55356,0.617264,-4.47622,-2.00131,-6.89612,-0.596012,-6.80516,-3.72672,-3.9342,-2.09467,-6.38836,-0.807393,-6.2761,-3.5764,-1.39942,4.61514,43.282,4.3598,-0.183363,0.110174,-0.0109476,3.52191,-0.745641,17.2094,0.301557,1.12849,2.91955,-2.33313,2.17203,-15.2027,3.21923,-8.56209,-0.445954,-91.2026,3.89051,48.4123,2.84331,615.548,0.225342,-2.33224,19.8096,4.46939,-26.0289,27.5655,-251.751,-85.9185,180.54,-85.1235,548.578,-168.372,348.906,-169.787,112.745,-220.651,2.74244,-6.38517,0.244053,162.267,-318.275,365.12,0,-42.319,-84.6049,31.7125,-132.085,2.29729,402.815,467.939,-610.558,-126.829,1391.39,-452.015,81.7235,216.401,8637.54,169.323,22.6253,-155.418,83.7415,-165538,1666.83,736.988,-1465.16,354.369,-17180.8,0.895103,0.331806,0.28682,0.593256,-1.72494,106.734,2.2716,176.33,9.17964,1114.49,2201.48,-50.9502,-1.86801,0.115093,4.10241,-5.54228,-1.97637,-0.183363,0,4506,0,-3.08087e-15,-4.11476e-15,4.57967e-16,-9.32032e-13,2.22045e-13,9.60454e-13,-1.13971e-08,-1.01056e-08,-3.03024e-08,0,-0.745641,0.359354,0.301555,1.08252,3.14159,2.17203,-3.04052,3.21924,-1.71242,-0.392699,3.89051,9.69201,2.84334,123.11,0.523599,0,0,0,1.3429,-0.0109476,-0.745641,0.301557,2.91955,2.17203,3.21923,-0.445954,3.89051,2.84331,0.225342,0.0514682,-31.1058,16.7529,-0.289513,44920,-293.031,70.8737,-3436.15,-6468.65,0.0607411,0.0162628,1.01114,-37.2061,-623.3,98.0496,-560.08,370.629,93.327,230035,-11447.9,22589.9
3.86,-5.53246,-2.16543,1.40768,1.37147,0.0409679,-114.16,-0.702755,-1.90257,0.413286,6.05029,3.00392,21874.2,2.20581,6.97406,3.06804,1.81122,-0.404775,3.80502e+08,3.94696,9309.24,2.99441,-15.2057,4.74926,-4.475,-2.00189,-6.89248,-0.593392,-6.80334,-3.73563,-3.9338,-2.0999,-6.38854,-0.813721,-6.27504,-3.58268,-1.35161,10.4469,9307.49,4.49674,-0.189321,0.107321,-0.0105002,3.73457,-0.754223,17.101,0.292974,1.3856,2.91096,-3.33164,2.15434,-15.1456,3.20154,-4.96149,-0.463643,-55.4321,3.89549,21.9382,2.8483,6882.68,0.23033,-2.47628,21.0023,4.65393,-27.5783,29.1345,-269.79,-88.0933,184.551,-85.6843,537.919,-169.97,351.318,-170.901,114.558,-224.678,1.39066,-3.64223,0.280345,207.154,-337.129,378.611,0,-41.2915,-99.5194,28.5557,-129.391,1.17453,312.206,567.901,-703.732,-82.4458,-352.448,-463.91,219.365,76.7867,3545.23,166.715,-70.774,-54.7958,50.5821,-1.39774e+07,30811.2,-2270.73,-9599.11,3705,-3.48271e+06,0.92182,0.333696,0.275151,0.578013,0.118979,304.778,-1.83218,511.353,15.083,426816,465607,-681.842,-1.89568,0.058894,2.47789,-5.54228,-1.97637,-0.189321,0,4506,-2.77556e-17,5.96745e-15,7.06032e-15,1.80411e-16,-5.39471e-13,-1.4122e-13,3.46001e-13,3.50004e-08,-6.40421e-08,-4.99473e-08,0,-0.754223,0.357025,0.292969,1.18596,3.14159,2.15434,-3.02906,3.20155,-0.992298,-0.392699,3.89549,4.52146,2.84832,1376.54,0.523599,0,0,0,1.34954,-0.0105002,-0.754223,0.292974,2.91096,2.15434,3.20154,-0.463643,3.89549,2.8483,0.23033,0.0514682,-11.1453,10.1877,-67.928,6.52133e+06,-1919.82,741,-696542,-557163,0.0607411,0.0162628,1.0115,-39.0933,-593.57,97.1056,-479.774,511.671,43.7707,3.26099e+07,-2.51213e+06,2.67579e+06
3.88,-5.5323,-2.17073,1.41392,1.37714,0.0410095,-114.145,-0.711251,-1.97511,0.398225,-2.84643,2.96448,21874.4,2.18708,-3.44893,3.16495,1.62115,-0.0707077,3.80502e+08,3.95496,302.532,2.90115,-3.21337,0.826284,-4.47399,-2.00252,-6.88817,-0.589321,-6.80188,-3.74518,-3.93365,-2.10513,-6.38844,-0.819048,-6.27482,-3.588,-1.39977,-0.213274,304.607,4.64267,-0.194614,0.083359,-0.0104587,3.85011,-0.762719,16.7906,0.284479,1.6694,2.90247,-0.996461,2.13561,-17.1648,3.18281,-21.7497,-0.482373,-27.5296,3.90349,1.21207,2.85629,837.145,0.238335,-2.63482,22.3144,4.22641,-29.3356,30.7101,-282.949,-90.7278,188.198,-85.7218,516.332,-172.388,352.801,-170.989,115.278,-224.818,-0.147403,-0.569732,0.328987,100.045,-341.409,394.956,0,-46.3722,-59.6474,14.9579,-127.637,3.05288,1678.91,940.275,-1243.91,-610.919,-637.833,-477.839,335.061,33.2438,1067.71,163.128,-146.423,-23.4794,24.6817,-207333,7690.37,-3830.62,-1031.96,456.299,-106033,0.95033,0.311793,0.283043,0.757937,-3.50919,-148.249,10.0104,-10.7328,4.32452,15206,15272,-82.5244,-1.90547,0.153213,1.21017,-5.54228,-1.97637,-0.194614,0,4506,1.38778e-16,1.66533e-15,6.36774e-15,2.06432e-15,1.04772e-12,-1.39222e-13,-9.92761e-13,-9.12895e-09,-4.02569e-09,9.85472e-09,0,-0.762719,0.350311,0.284475,1.2394,3.14159,2.13561,-3.43299,3.18282,-4.34994,-0.392699,3.90349,0.263355,2.85633,167.429,0.523599,0,0,0,1.35621,-0.0104587,-0.762719,0.284479,2.90247,2.13561,3.18281,-0.482373,3.90349,2.85629,0.238335,0.0514682,-4.72113,4.94716,-2.65615,96851.6,-206.392,91.2598,-21206.5,-8030.61,0.0607411,0.0162628,1.01182,-44.1665,-571.8,94.9798,-700.908,136.886,99.819,485594,-6938.65,26850
3.9,-5.53268,-2.17574,1.41964,1.38305,0.0405373,-114.128,-0.719148,-1.95211,0.386958,-0.180634,2.98991,21872.6,2.16747,-21.6658,3.25086,1.64239,-0.556176,3.80502e+08,3.964,-1.96559,3.02591,-1.43125,0.570192,-4.47351,-2.00403,-6.8833,-0.584172,-6.80148,-3.75461,-3.93399,-2.1109,-6.38818,-0.823656,-6.27587,-3.59266,-1.41347,-17.8587,0.49013,4.78821,-0.1996,0.0586829,-0.0108942,3.58846,-0.770579,15.4333,0.276618,2.3203,2.89461,-8.53924,2.11604,-13.5452,3.16323,40.0252,-0.501949,-58.6941,3.91257,22.1312,2.86537,48.5727,0.247416,-2.79753,23.6645,3.71132,-31.222,32.3958,-265.281,-91.1373,187.286,-84.5562,475.071,-167.668,339.657,-166.799,111.193,-212.33,-3.79811,6.56151,0.558954,404.217,-396.441,406.267,0,-36.6264,-200.904,29.0624,-121.93,-3.71737,-46.771,1862.53,-1907.04,1707.79,-376.553,-533.946,256.007,79.8132,3928.74,187.778,-83.6376,-55.7114,52.8359,-2364.66,243.763,-27.9133,-66.9489,41.6613,-211.975,0.978802,0.286249,0.295658,0.84813,-2.22103,-36.9189,-88.4016,-922.556,4.76764,53.108,47.5606,-6.11727,-1.8543,-0.187041,2.59851,-5.54288,-1.9764,-0.1996,0,4503,1.11022e-16,6.38378e-16,-8.39953e-15,-5.10703e-15,1.46728e-12,-5.42566e-13,-1.69154e-12,1.89989e-08,-3.46161e-08,-1.95114e-08,0,-0.770579,0.326454,0.27662,0.998233,3.14159,2.11604,-2.70872,3.16324,8.00504,-0.392699,3.91257,4.427,2.86541,9.71453,0.523599,0,0,0,1.36248,-0.0108942,-0.770579,0.276618,2.89461,2.11604,3.16323,-0.501949,3.91257,2.86537,0.247416,0.0514316,-11.1426,10.5669,-0.00610775,259.775,-13.3898,8.33227,-42.3949,-82.2814,0.0607313,0.0162596,1.01212,-50.7451,-563.16,83.5216,1632.6,2170.71,-565.405,4684.5,-168.435,-277.377
3.92,-5.53263,-2.18033,1.42483,1.38889,0.0397526,-114.112,-0.726972,-1.95391,0.371952,-0.0801265,2.98009,21828.8,2.15231,-42.3363,3.26785,2.31353,-0.232108,3.80502e+08,3.97665,-0.827524,2.8223,-0.896593,0.341947,-4.47256,-2.00567,-6.8785,-0.580618,-6.80045,-3.76525,-3.93389,-2.11675,-6.38706,-0.827582,-6.27693,-3.59667,-1.42045,-38.8364,1.65283,4.92912,-0.204194,0.0457683,-0.0116668,3.21153,-0.778391,13.4642,0.268807,2.93806,2.88681,-57.5725,2.10089,12.7544,3.14809,449.727,-0.517097,-14.476,3.92523,-9.43871,2.87804,6.47165,0.260076,-2.9601,25.011,3.51005,-33.1815,34.2606,-236.87,-90.2599,184.506,-83.2408,410.174,-156.77,315.511,-160.087,104.279,-180.338,-9.07536,16.8651,0.64036,119.13,-687.201,413.157,0,-66.4095,-3397.78,172.498,-114.462,-46.5164,121838,4033.22,-1680.33,17356.9,-467.754,-526.238,427.008,33.6236,364.403,165.691,-192.75,-23.0833,12.489,22.9568,127.966,-91.1546,-15.9371,7.21284,-20.6287,1.0064,0.25963,0.291893,0.79204,-1.99353,-28.5329,-2190.34,-1956.84,38.4502,32.7045,105.097,12.9556,-1.77355,-2.34683,0.617003,-5.54308,-1.97641,-0.204194,0,4502,0,5.38458e-15,5.8703e-15,2.10942e-15,1.37801e-12,-2.85261e-12,-1.89004e-12,-1.51172e-08,6.08981e-09,-6.13084e-09,0,-0.778391,0.294248,0.268814,1.07216,3.14159,2.10089,2.55152,3.14809,89.9454,-0.392699,3.92523,-1.88737,2.87807,1.29433,0.523599,0,0,0,1.36822,-0.0116668,-0.778391,0.268807,2.88681,2.10089,3.14809,-0.517097,3.92523,2.87804,0.260076,0.0514194,-4.6165,2.49768,-0.000478913,46.9961,-3.18742,1.44257,-4.12574,2.24154,0.0607281,0.0162585,1.0124,-45.1167,-453.429,68.0231,134468,43071.3,-32080,542.082,588.053,-30.4266
3.94,-5.53267,-2.18411,1.42933,1.395,0.0382809,-114.1,-0.731267,-1.96045,0.360384,-0.537928,2.97091,21805.4,2.1421,-29.7963,3.30222,2.21266,-0.302801,3.80502e+08,3.98766,-3.59844,2.81998,-1.46323,0.254669,-4.47203,-2.00948,-6.87401,-0.578138,-6.80069,-3.77371,-3.93384,-2.12288,-6.38512,-0.830101,-6.27905,-3.59935,-1.42938,-26.1913,-1.03313,5.06383,-0.207962,0.0225445,-0.0131263,2.57174,-0.782674,11.6029,0.264523,3.2431,2.88252,-74.7489,2.09069,20.9573,3.13789,433.003,-0.527289,15.6074,3.93625,-30.4871,2.88905,-12.7835,0.271121,-3.12,26.3352,2.90463,-35.2652,36.1343,-189.983,-88.1829,178.896,-81.4448,380.845,-148.163,295.15,-154.818,97.9594,-158.116,-12.7693,23.7146,0.59093,-782.867,-819.379,438.099,0,-112.005,-5522.83,226.382,-118.469,-61.4427,127486,3679.68,-1311.48,12375.2,913.958,-518.714,547.017,73.0831,-149.767,144.241,-264.155,-49.4463,-14.7621,-1403.54,193.384,-233.512,-56.8162,-11.2485,53.7801,1.03282,0.22505,0.305769,0.624533,-2.17351,-35.0214,-1171.86,-1330.35,33.877,-11.8554,-32.8991,-8.36234,-1.68296,-3.10747,-0.732374,-5.54328,-1.97642,-0.207962,0,4501,0,3.27516e-15,1.25663e-14,1.64799e-15,6.36657e-13,-1.25411e-12,-1.30029e-12,-9.33896e-10,-1.56419e-08,-1.41907e-08,0,-0.782674,0.256424,0.264523,1.25636,3.14159,2.09069,4.19468,3.1379,86.6007,-0.392699,3.93625,-6.09663,2.88911,-2.5567,0.523599,0,0,0,1.37343,-0.0131263,-0.782674,0.264523,2.88252,2.09069,3.13789,-0.527289,3.93625,2.88905,0.271121,0.0514072,-9.88958,-2.95226,0.00239135,27.7511,-11.3632,-2.24971,10.756,-61.7175,0.0607248,0.0162575,1.01263,-31.4028,-334.291,58.2602,120569,43495.9,-32809.2,-1938.18,477.946,593.917
3.96,-5.53279,-2.18743,1.43322,1.4014,0.0360946,-114.094,-0.731946,-1.8963,0.357406,2.09786,2.97696,21804.6,2.13331,-8.54824,3.22129,1.43944,-0.417713,3.80502e+08,3.99699,-13.3404,2.69096,-4.74073,0.33061,-4.47194,-2.01593,-6.86892,-0.575294,-6.80227,-3.78019,-3.93383,-2.12969,-6.38227,-0.831561,-6.28227,-3.60104,-1.37426,-4.90923,-10.98,5.18678,-0.211272,0.00582811,-0.0152882,1.91649,-0.783329,10.2239,0.263869,3.37374,2.88187,-11.7664,2.08193,-13.7484,3.12913,16.8209,-0.536072,1.63088,3.94561,-21.5094,2.89841,-0.689437,0.280408,-3.26951,27.5748,2.45617,-37.431,38.1465,-142.092,-85.7955,173.19,-80.1566,384.867,-143.25,282.735,-152.334,93.7374,-146.596,-15.1679,27.7765,0.652667,534.174,-483.024,470.431,0,-37.1593,-279.434,29.2453,-126.259,-6.85407,-122.864,541.887,-502.294,182.922,115.998,-563.802,528.715,49.7244,-98.0787,158.746,-241.175,-33.2245,-2.17553,-143.277,72.634,-69.922,-12.9142,-0.990768,1.76345,1.05695,0.194228,0.319863,0.313148,1.0369,113.226,-37.7883,-268.386,-1.67026,4.29457,-519.53,-189.122,-1.61522,-0.347753,-0.108437,-5.54368,-1.97644,-0.211272,0,4499,-2.77556e-17,-1.77636e-15,-1.25108e-14,2.98372e-15,5.6169e-13,5.8975e-13,6.06182e-14,1.50212e-08,-2.98375e-09,6.11949e-09,0,-0.783329,0.224772,0.263875,1.17438,3.14159,2.08193,-2.74989,3.12912,3.36418,-0.392699,3.94561,-4.30197,2.8984,-0.137887,0.523599,0,0,0,1.37795,-0.0152882,-0.783329,0.263869,2.88187,2.08193,3.12913,-0.536072,3.94561,2.89841,0.280408,0.0513828,-6.64498,-0.43511,-7.4889e-06,46.8803,-2.58284,-0.198154,0.35269,-7.38265,0.0607183,0.0162553,1.01283,-24.0003,-295.842,52.5122,314.057,1233.36,-143.266,-774.039,861.8,125.765
3.98,-5.53329,-2.18947,1.43626,1.40844,0.0327847,-114.083,-0.73195,-1.91897,0.353671,0.436867,2.96814,21804.8,2.131,-2.77535,2.9883,1.51997,-0.669763,3.80502e+08,4.00348,-6.87889,3.33907,-3.55735,0.357661,-4.47225,-2.02326,-6.86434,-0.573419,-6.80625,-3.78317,-3.93415,-2.13703,-6.37828,-0.830801,-6.28744,-3.60059,-1.39185,0.882714,-3.89749,5.29775,-0.213287,-0.0221314,-0.0185615,1.61624,-0.783296,9.56365,0.263901,3.33821,2.8819,49.7991,2.07965,-47.0244,3.12685,-25.8301,-0.538338,6.02045,3.95213,-24.8971,2.90494,0.0244372,0.286986,-3.40752,28.7204,1.50215,-39.7901,40.2174,-123.963,-86.1475,172.266,-79.831,380.505,-144.212,280.339,-151.547,91.9078,-141.524,-16.7445,29.8602,0.82647,-4721.99,-140.706,499.869,0,-213.649,-1688.08,-165.156,-134.898,46.6339,3520.53,-49.3546,-120.59,-98.3692,338.169,-587.421,569.501,57.5224,-138.359,159.243,-258.434,-38.0998,-6.2424,58.6047,-3.5172,3.62859,0.703363,-1.83169,1.82204,1.07874,0.15196,0.351824,0.518801,-0.0827877,44.6097,6.85308,20.1425,15.2122,1.51315,-196.131,-163.254,-1.58918,2.37262,-0.31237,-5.54428,-1.97647,-0.213287,0,4496,5.55112e-17,7.29972e-15,6.93889e-16,1.11022e-16,2.17171e-12,-3.87601e-12,-4.55591e-12,2.15956e-08,-1.37245e-09,-2.39649e-09,0,-0.783296,0.209894,0.263904,0.914795,3.14159,2.07965,-9.40483,3.12685,-5.16603,-0.392699,3.95213,-4.97864,2.90498,0.00488744,0.523599,0,0,0,1.38187,-0.0185615,-0.783296,0.263901,2.8819,2.07965,3.12685,-0.538338,3.95213,2.90494,0.286986,0.0513462,-7.61875,-1.24834,5.69989e-05,67.1638,0.140673,-0.366339,0.364407,2.49262,0.0607085,0.0162521,1.01295,-31.9812,-332.69,50.0348,-3181.97,1912.13,-194.294,-1079.46,1103.81,62.8619
4,-5.53413,-2.19106,1.43862,1.41474,0.0291844,-114.076,-0.733255,-1.91278,0.348873,0.405549,2.96575,21804.8,2.1341,-2.01993,3.01782,1.46841,-0.501434,3.80502e+08,4.0099,-6.22699,2.20032,-2.3294,0.340316,-4.47277,-2.02991,-6.86109,-0.57349,-6.811,-3.78533,-3.93481,-2.14437,-6.37423,-0.829356,-6.29336,-3.59946,-1.38806,1.49932,-4.36698,5.38838,-0.214831,-0.00296658,-0.022113,1.21816,-0.784553,8.62622,0.262645,3.56243,2.88064,28.3279,2.08281,-35.974,3.13,-1.05837,-0.535178,8.3809,3.9586,-26.6837,2.9114,1.30516,0.29343,-3.5221,29.674,2.39423,-42.0904,42.7499,-90.4906,-83.7347,168.356,-79.6292,388.775,-140.017,271.74,-151.161,89.7926,-132.209,-19.7633,34.7774,0.941328,-2176.01,-302.2,535.901,0,-125.178,-451.364,-88.8646,-148.048,27.9782,-209.763,1.3287,-8.38351,-10.3049,489.318,-612.905,607.888,61.6779,-155.991,161.525,-272.187,-40.4977,-8.16699,247.889,-44.6139,47.6974,9.2252,-1.72759,2.33853,1.09656,0.118281,0.315063,0.351846,0.22709,45.6031,-0.269824,58.0684,44.0707,1.54952,-163.214,-129.491,-1.55891,1.42905,-0.410814,-5.54509,-1.97651,-0.214831,0,4492,1.11022e-16,-1.85962e-15,-3.39312e-15,2.05391e-15,6.50813e-13,4.44311e-13,3.76477e-13,-2.83348e-08,-3.43185e-09,1.50455e-08,0,-0.784553,0.188279,0.262648,0.861759,3.14159,2.08281,-7.19457,3.13001,-0.211674,-0.392699,3.9586,-5.33633,2.91142,0.261031,0.523599,0,0,0,1.38496,-0.022113,-0.784553,0.262645,2.88064,2.08281,3.13,-0.535178,3.9586,2.9114,0.29343,0.0512975,-8.09881,-1.6333,3.4452e-05,88.9683,1.84504,-0.345519,0.467707,11.8657,0.0606955,0.0162478,1.01304,-22.9775,-300.532,44.3275,-1572.77,1499.63,106.964,-1174.55,1276.77,-6.55713
4.02,-5.53533,-2.1926,1.44054,1.42008,0.0258546,-114.074,-0.734427,-1.91168,0.345796,0.704097,2.96602,21804.6,2.13366,-1.47585,2.97695,-0.0945448,-0.439371,3.80502e+08,4.01388,-5.68349,2.70017,-1.86908,0.350427,-4.47369,-2.03615,-6.85762,-0.572005,-6.81615,-3.78638,-3.93587,-2.15124,-6.37089,-0.828108,-6.29925,-3.59846,-1.39031,1.94047,-3.33375,5.46253,-0.216308,0.0272329,-0.0253576,1.05041,-0.785639,8.14193,0.261559,3.95255,2.87956,29.9947,2.08245,-37.0416,3.12965,10.7829,-0.53556,10.9923,3.96267,-28.542,2.91547,1.81341,0.297475,-3.61647,30.4658,3.85425,-44.2069,45.2396,-73.3275,-82.5525,167.247,-80.203,397.223,-138.28,268.659,-152.264,89.4699,-127.29,-23.6051,41.1281,0.834001,-2313.98,-321.059,569.972,0,-129.529,-530.509,-88.028,-158.773,29.2494,-1595.5,-15.5471,93.0053,-13.8707,669.77,-636.149,646.824,66.1897,-167.335,164.51,-287.322,-43.2243,-10.2837,332.861,-50.0739,55.6184,10.7724,-2.09807,3.02628,1.11114,0.0959118,0.267277,0.125761,0.281015,50.2723,-7.95698,85.2502,32.6257,1.03903,-135.84,-108.875,-1.55814,1.49874,-0.5193,-5.54649,-1.97658,-0.216308,0,4485,5.55112e-17,6.66134e-16,-2.21351e-15,9.85323e-16,1.02918e-12,-1.95044e-12,5.43898e-13,-4.6885e-09,-5.52299e-09,-6.51861e-11,0,-0.785639,0.177089,0.261562,1.0974,3.14159,2.08245,-7.4088,3.12963,2.15657,-0.392699,3.96267,-5.70849,2.91547,0.362682,0.523599,0,0,0,1.38741,-0.0253576,-0.785639,0.261559,2.87956,2.08245,3.12965,-0.53556,3.96267,2.91547,0.297475,0.0512122,-8.64505,-2.05677,-1.02125e-05,108.786,2.15448,-0.419614,0.605256,15.327,0.0606726,0.0162402,1.01312,-9.30789,-222.446,37.3403,-912.549,1774.2,168.922,-1283.28,1385.32,-33.2901
4.04,-5.53595,-2.19338,1.44197,1.42369,0.0233858,-113.951,-0.733892,-3.45926,0.329694,-55.3369,2.96529,21804.4,2.12882,-1.5261,2.88888,0.224566,-0.418979,3.80502e+08,4.01708,-5.70026,2.68229,-0.168309,0.370211,-4.47427,-2.04116,-6.85363,-0.568373,-6.81964,-3.78689,-3.93639,-2.15596,-6.36813,-0.826823,-6.30333,-3.59735,-2.95326,1.78176,-3.38818,5.52295,-0.21705,0.0761161,-0.0277898,1.13097,-0.785068,8.48917,0.26213,4.15112,2.88013,60.6159,2.07765,-53.2125,3.12484,17.484,-0.540356,13.2851,3.9659,-30.0772,2.91871,4.91696,0.300687,-3.69495,31.1197,6.28786,-46.002,47.6482,-73.1048,-82.9167,169.792,-81.9006,435.779,-142.975,279.197,-157.242,92.9063,-134.813,-25.5182,44.2155,0.799941,-6033.46,-156.996,603.608,0,-257.137,-2742.41,-183.949,-167.096,55.4221,-3734.53,34.5227,84.6269,-21.2436,845.945,-656.084,683.353,69.7851,-173.986,167.266,-301.469,-45.3732,-12.0068,757.112,-116.819,134.112,25.8081,-0.947281,7.71159,1.12302,0.0711924,0.180199,6.12494,-77.2393,-2760.1,-10.1665,82.4961,42.1224,3.73714,-136.519,-51.9196,-1.60942,2.84765,-0.608211,-5.54709,-1.97661,-0.21705,0,4482,-1.11022e-16,-7.21645e-16,-6.89032e-15,1.90126e-15,1.33538e-12,-2.72538e-12,1.32339e-13,-2.43642e-08,3.56728e-09,2.46019e-08,0,-0.785068,0.182021,0.262134,1.25288,3.14159,2.07765,-10.6429,3.12484,3.49681,-0.392699,3.9659,-6.01606,2.91868,0.983392,0.523599,0,0,0,1.38937,-0.0277898,-0.785068,0.26213,2.88013,2.07765,3.12484,-0.540356,3.9659,2.91871,0.300687,0.0511756,-9.0759,-2.40155,-0.000135998,154.26,5.16163,-0.189456,1.54232,33.4545,0.0606628,0.016237,1.01317,3.52653,-199.546,38.0627,-572.929,2690.33,496.705,-1208.94,1644.2,-174.612
4.06,-5.5364,-2.19377,1.44297,1.42628,0.021639,-114.036,-0.733745,-1.88891,0.281272,0.753352,2.94324,21804.1,2.12539,-0.603132,1.87436,1.2408,-0.37016,3.80502e+08,4.0212,-9.4647,3.06362,1.17533,0.438683,-4.47468,-2.04443,-6.8508,-0.565655,-6.82177,-3.78804,-3.93678,-2.15915,-6.3662,-0.825768,-6.30623,-3.5964,-1.40929,1.64139,-6.83976,5.56849,-0.217422,0.101483,-0.0295123,-7.36087,-0.784896,-7.86457,0.262301,6.90484,2.8803,176.944,2.07424,-114.413,3.12144,41.0246,-0.543761,19.5752,3.97005,-34.1797,2.92285,47.0934,0.304796,-3.75477,31.6177,7.70208,-47.3752,49.3605,514.103,-8.94064,35.4923,-60.5499,458.179,-1.64324,21.387,-116.255,28.9723,19.2641,-49.9376,88.4323,1.26378,-33059,543.644,642.024,0,-1247.12,-26629,-559.399,-180.525,156.038,-19501.3,190.387,76.7848,-49.545,1291.8,-661.182,722.741,82.1724,-99.9236,161.827,-318.925,-53.1256,-17.39,5510.19,-754.732,944.874,198.486,20.2278,449.477,1.13198,0.0503406,0.129511,-4.26136,1.27735,36.9033,-13.7888,128.473,85.1801,56.9066,-324.535,-14.6847,-0.503228,8.03993,-0.883899,-5.54749,-1.97663,-0.217422,0,4480,2.77556e-17,-7.25114e-15,-1.30364e-14,1.63411e-15,7.95985e-12,-1.16396e-11,5.44897e-13,-9.29095e-09,4.21714e-09,7.50393e-09,0,-0.784896,-0.1893,0.262307,0.962214,3.14159,2.07424,-22.8835,3.12143,8.20492,-0.392699,3.97005,-6.83925,2.92279,9.41868,0.523599,0,0,0,1.39082,-0.0295123,-0.784896,0.262301,2.8803,2.07424,3.12144,-0.543761,3.97005,2.92285,0.304796,0.0511513,-10.6353,-3.47954,-0.018281,904.86,39.6973,4.04557,89.8954,237.283,0.0606563,0.0162348,1.01319,191.257,449.342,-39.6561,6209.29,7714.09,3272.68,2054.77,4490.37,-1869.89
4.08,-5.53687,-2.19447,1.44381,1.42772,0.0206641,-114.057,-0.735475,-1.93618,0.322507,0.332701,2.95844,21803.6,2.12509,-6.81315,1.42167,-2.95136,0.306291,3.80567e+08,4.02362,105735,2.77081,69.9984,-22.5301,-4.47491,-2.04575,-6.84987,-0.565415,-6.82312,-3.78929,-3.93721,-2.16141,-6.36533,-0.825657,-6.30807,-3.59635,-1.43053,-5.69777,105760,5.60189,-0.218095,0.135405,-0.0304506,-1.34403,-0.78659,2.66613,0.260608,5.48668,2.8786,-332.406,2.07398,153.833,3.12118,-124.217,-0.544005,-109.907,3.9725,49.2774,2.9253,-34080.7,0.307316,-3.7985,31.9847,9.53995,-48.3264,50.7574,127.103,-60.7275,131.298,-76.4846,387.307,-89.9525,183.191,-140.298,70.7442,-60.7045,-38.9479,68.6628,0.942874,-63954.7,-2606.15,568.533,0,-2805.09,-103473,1095.21,-137.458,-285.681,-65331,-870.139,95.7466,172.468,1457.72,-921.114,340.934,248.036,12982.4,323.455,-66.9396,-159.824,98.1031,-4.31546e+08,-175129,119.341,76696.1,-18418.1,-4.43752e+07,1.13856,0.0417237,0.0723395,-1.00887,-0.506568,16.6629,-27.3727,-182.043,-104.334,3.25033e+06,5.28689e+06,3421.42,-1.27123,-14.7518,4.99918,-5.54809,-1.97667,-0.218095,0,4477,-1.38778e-16,8.54872e-15,1.2268e-14,-7.84095e-16,-1.46128e-11,2.44773e-11,-1.02505e-11,5.35338e-08,8.19516e-08,-1.14694e-07,0,-0.78659,0.0538479,0.260607,1.24283,3.14159,2.07398,30.7649,3.12119,-24.8434,-0.392699,3.9725,9.73984,2.92531,-6816.14,0.523599,0,0,0,1.39186,-0.0304506,-0.78659,0.260608,2.8786,2.07398,3.12118,-0.544005,3.9725,2.9253,0.307316,0.0511147,-31.7045,19.5579,-150.349,1.61403e+08,15339.2,-3683.63,-8.87505e+06,-1.72633e+07,0.0606465,0.0162316,1.01323,63.4731,70.231,5.16944,65209.8,-3558.69,15131.5,8.07021e+08,-8.76843e+07,8.68618e+07
4.1,-5.53763,-2.19537,1.44458,1.42921,0.01995,-114.063,-0.737494,-1.88944,0.334063,0.428208,2.95927,-133453,2.1254,-129493,3.13138,62.3239,20.7405,3.80617e+08,4.02301,43093,2.97322,26.3013,-7.98888,-4.47542,-2.0467,-6.84972,-0.565853,-6.825,-3.78931,-3.93795,-2.16345,-6.36512,-0.825962,-6.30983,-3.59669,-1.37306,-129511,43104,5.63055,-0.218951,0.133264,-0.0311159,0.459319,-0.78856,5.77273,0.258637,4.36726,2.87663,-69.7172,2.07433,15.403,3.12153,32027.1,-0.543668,-35.0319,3.97195,0.930132,2.92475,-12351.7,0.30675,-3.83586,32.301,9.57848,-49.0764,51.4998,-11.2727,-76.7535,160.539,-81.557,357.705,-117.852,233.764,-149.284,83.2751,-83.4859,-30.9915,54.1512,1.45938,263.311,-997.638,625.201,0,-91.5596,-5108.89,245.006,-165.287,-57.9562,5.52255e+08,333588,-146604,6.96503e+07,-914.315,-788.212,580.415,42.7764,1620.96,234.533,-219.112,-27.5863,31.4142,-5.70291e+07,-149842,82224.7,14973.5,-6675.46,-1.82015e+07,1.1442,0.0388048,0.0745131,-0.30727,1.85771,55.7976,-7.7628e+06,-6.47451e+06,3194.76,2.46455e+06,2.1548e+06,1236.56,-1.49987,-2.9952,1.60201,-5.5489,-1.97671,-0.218951,0,4473,5.55112e-17,4.80171e-15,2.91434e-15,-2.27596e-15,-1.17903e-12,2.30238e-12,4.54747e-13,-2.8442e-08,-4.08795e-08,1.2367e-08,0,-0.78856,0.129437,0.258636,0.676567,3.14159,2.07433,2.95303,3.12152,6405.42,-0.392699,3.97195,0.240262,2.92474,-2470.34,0.523599,0,0,0,1.39274,-0.0311159,-0.78856,0.258637,2.87663,2.07433,3.12153,-0.543668,3.97195,2.92475,0.30675,0.051066,-5.58313,6.31228,79.9161,2.1144e+07,2994.71,-1335.09,-3.6403e+06,-2.2811e+06,0.0606335,0.0162273,1.01328,7.80095,-173.364,28.7769,7.09988e+08,1.11734e+08,-1.10965e+08,1.05722e+08,-1.18999e+07,1.16032e+07
4.12,-5.53736,-2.19604,1.4453,1.43211,0.018364,-114.07,-0.742271,-1.77787,0.338567,2.10896,2.9601,-136683,2.1213,11138.2,3.26075,6.60653,2.20047,3.80617e+08,4.02486,-2.79189,3.05879,1.71836,-0.446868,-4.47453,-2.04735,-6.8462,-0.563232,-6.82658,-3.78972,-3.93763,-2.16666,-6.36267,-0.825321,-6.31178,-3.59613,-1.25781,11139.3,0.713764,5.65517,-0.219634,0.0917434,-0.0327263,1.27246,-0.793361,6.87283,0.253836,4.10249,2.87183,9.62848,2.07021,-26.5923,3.11741,4025.98,-0.547784,-64.9262,3.97376,19.8894,2.92657,-58.9603,0.308584,-3.86922,32.5739,7.63642,-50.0426,51.9621,-82.4087,-85.0759,173.795,-82.8876,309.447,-129.961,252.34,-151.057,87.3314,-95.995,-30.068,51.5122,1.64906,-502.23,-515.267,645.614,0,-71.0476,-49.7335,-14.638,-172.733,10.9551,8.37978e+06,-66590.3,103207,-5.82766e+06,-725.148,-859.149,496.826,87.1069,4886.79,274.548,-162.596,-56.0322,57.7641,1360.86,-447.189,134.84,79.0246,-14.3151,-198.569,1.14905,0.035598,0.145011,-0.386195,7.49262,144.277,-161512,557071,408.832,64.9961,9.28819,21.4886,-1.57882,0.566637,2.94877,-5.5485,-1.97669,-0.219634,0,4475,0,-8.32667e-16,-4.45477e-15,3.27516e-15,7.6768e-12,-2.96141e-12,8.69704e-12,-2.89898e-08,-5.63904e-08,3.56988e-08,0,-0.793361,0.157159,0.25384,0.568613,3.14159,2.07021,-5.33122,3.11741,805.197,-0.392699,3.97376,3.97728,2.92658,-11.7921,0.523599,0,0,0,1.39349,-0.0327263,-0.793361,0.253836,2.87183,2.07021,3.11741,-0.547784,3.97376,2.92657,0.308584,0.0510903,-11.2054,11.5523,-0.00149137,1054.15,15.8049,-2.86303,-39.7138,55.1612,0.06064,0.0162294,1.01332,-20.9871,-247.299,33.4826,1.13772e+07,1.85069e+06,-1.75292e+06,8766.81,-3841.71,736.364
4.14,-5.53604,-2.19598,1.44578,1.43375,0.0168645,-114.063,-0.744841,-1.93311,0.337319,-0.00240728,2.95696,-136684,2.1149,10.495,2.234,1.03841,-0.233516,3.80617e+08,4.02675,4.33315,3.04997,2.08316,0.291493,-4.47286,-2.0483,-6.84115,-0.558861,-6.827,-3.78948,-3.93627,-2.169,-6.35929,-0.824032,-6.31256,-3.59492,-1.41116,12.9625,7.09163,5.67608,-0.219649,0.131356,-0.0342989,2.32899,-0.796005,8.75319,0.251193,4.4254,2.86918,355.362,2.06374,-205.5,3.11094,462.021,-0.55425,-3.03899,3.97559,-19.8787,2.92839,-1.53948,0.310403,-3.89875,32.8076,9.86494,-51.0608,53.512,-163.403,-94.0227,191.173,-86.5065,309.269,-147.63,285.505,-158.935,96.18,-116.186,-32.4181,55.3039,0.943718,-110359,1659.16,685.361,0,-4196.35,-113768,-1147.02,-185.256,310.138,-196103,2542.73,458.41,-2316.36,-9.66065,-752.45,704.952,46.8081,-64.9026,200.325,-290.214,-30.0306,2.95864,168.339,-168.821,154.132,20.803,0.100145,-2.55646,1.15316,0.0243438,0.0820275,0.358001,-0.373359,18.4971,-78.0692,682.855,121.208,7.44052,365.636,55.0563,-1.73022,16.0543,0.15118,-5.54729,-1.97662,-0.219649,0,4481,0,3.4972e-15,5.19029e-15,-2.47025e-15,-1.1716e-11,2.332e-11,-1.79661e-11,6.40186e-09,1.98743e-10,6.66251e-09,0,-0.796005,0.200651,0.251188,1.1473,3.14159,2.06374,-41.0986,3.11094,92.4042,-0.392699,3.97559,-3.97569,2.9284,-0.307895,0.523599,0,0,0,1.39413,-0.0342989,-0.796005,0.251193,2.86918,2.06374,3.11094,-0.55425,3.97559,2.92839,0.310403,0.0511634,-6.00598,0.59172,-6.57715e-06,40.2203,4.16061,0.0200291,-0.511291,8.44022,0.0606596,0.0162359,1.01332,-21.9079,-195.198,35.8551,285449,10376.4,31780.5,-510.054,807.687,50.653
4.16,-5.53487,-2.19611,1.44618,1.43308,0.0170164,-114.063,-0.747797,-1.94246,0.338498,0.0279141,2.95848,-136685,2.10777,-3.71481,3.12552,-1.13199,-0.555845,3.80617e+08,4.02274,-10.8714,3.06143,1.16468,0.369299,-4.47134,-2.04661,-6.83828,-0.555679,-6.82639,-3.78766,-3.9351,-2.16889,-6.35833,-0.824283,-6.31118,-3.59516,-1.42084,-0.0334411,-8.17924,5.68978,-0.219834,0.203115,-0.0342201,2.24826,-0.799034,10.1143,0.248164,4.65734,2.86616,-27.6999,2.05653,-7.15773,3.10373,-11.5002,-0.56146,5.26951,3.9715,-25.079,2.92431,5.64852,0.306322,-3.91852,32.9607,13.7543,-51.3984,54.7924,-145.614,-91.1877,188.969,-87.2003,467.26,-161.787,317.281,-172.052,106.308,-150.709,-31.4359,53.5359,0.900502,1093.02,-774.403,675.112,0,-35.4376,-997.92,106.537,-171.694,-22.2757,220.247,-206.434,150.523,17.8869,465.12,-744.829,747.077,55.8039,-223.442,196.331,-315.965,-36.0012,-4.10965,1323.19,-456.087,469.791,69.0232,1.84085,26.7219,1.15586,0.0197427,-0.0334996,0.0143371,-1.74114,-10.0949,-20.2713,-27.9922,-7.78402,10.6651,-394.791,-10.1091,-1.82141,-1.15467,-0.210115,-5.54609,-1.97656,-0.219834,0,4487,2.77556e-17,-8.6875e-15,-2.08167e-15,3.31549e-16,-7.41623e-12,-1.35479e-11,1.71255e-11,-2.29519e-08,-9.56664e-11,-2.423e-08,0,-0.799034,0.210165,0.248167,1.42187,3.14159,2.05653,-1.43156,3.10373,-2.30004,-0.392699,3.9715,-5.0156,2.92432,1.1297,0.523599,0,0,0,1.39455,-0.0342201,-0.799034,0.248164,2.86616,2.05653,3.10373,-0.56146,3.9715,2.92431,0.306322,0.0512366,-7.1996,-0.821893,0.000165208,124.779,13.8046,0.368169,5.34437,47.9793,0.0606791,0.0162424,1.01334,8.18521,-208.454,46.1767,462.324,52.9675,203.075,-643.297,1499.24,-260.744
4.18,-5.5343,-2.19671,1.44663,1.43278,0.0178006,-114.054,-0.749506,-1.94708,0.33797,0.714637,2.96629,-136685,2.10572,-4.44733,3.08159,-1.20085,-0.539554,3.80627e+08,4.01937,-32366.9,3.07955,-13.8708,5.44775,-4.47058,-2.04504,-6.83823,-0.555933,-6.82537,-3.78711,-3.93455,-2.16823,-6.35883,-0.825528,-6.30951,-3.59637,-1.43381,-0.82619,-32369.3,5.70223,-0.220462,0.187587,-0.0334604,2.35085,-0.800767,10.5154,0.24643,5.84021,2.86443,-13.2428,2.05445,-14.6728,3.10165,-8.8715,-0.563545,19.0254,3.9681,-34.12,2.92091,7645.66,0.302903,-3.93569,33.0996,12.9079,-51.3387,54.5272,-156.322,-92.3667,190.548,-87.1415,480.9,-166.383,325.29,-174.031,108.486,-172.88,-38.462,65.2418,3.46369,734.432,-678.545,670.217,0,-38.699,-323.191,55.7424,-168.618,-9.71543,228.915,-290.194,263.673,25.066,1326.7,-720.623,791.223,80.2594,-156.161,182.579,-347.767,-52.0198,-16.5549,-2.0569e+07,-141534,175043,33040.3,4129.93,1.32253e+07,1.15832,0.022509,-0.0149914,0.453114,-2.12241,-16.9375,-7.05982,-64.7211,2.61772,511424,-1.6182e+06,-772.05,-1.84316,-0.503727,-0.846106,-5.54569,-1.97654,-0.220462,0,4489,0,-1.4988e-15,-4.85723e-15,-3.60822e-15,-1.15778e-11,-7.34413e-13,1.19607e-11,1.3779e-08,-1.177e-08,2.16897e-08,0,-0.800767,0.214963,0.246432,0.461996,3.14159,2.05445,-2.93457,3.10165,-1.7743,-0.392699,3.9681,-6.87802,2.9209,1529.13,0.523599,0,0,0,1.39492,-0.0334604,-0.800767,0.24643,2.86443,2.05445,3.10165,-0.563545,3.9681,2.92091,0.302903,0.0512609,-10.6368,-3.34016,-93.0336,8.17284e+06,6608.06,825.986,2.64505e+06,-823921,0.0606857,0.0162445,1.01338,-20.1964,-418.667,31.6699,-216.308,328.194,161.316,4.08618e+07,-3.81239e+06,3.99734e+06
4.2,-5.53412,-2.19686,1.44697,1.43318,0.0180067,-114.044,-0.751654,-1.97796,0.329017,1.59563,2.24552,-136699,2.10457,-45.2527,3.23797,-1.98577,-0.65244,3.80631e+08,4.01859,11470.9,2.90446,8.72972,-2.02462,-4.47013,-2.0437,-6.83802,-0.555711,-6.82505,-3.78703,-3.93438,-2.16805,-6.35894,-0.825849,-6.30904,-3.59668,-0.752873,-41.3623,11475.8,5.71683,-0.220621,0.158969,-0.0332665,1.69253,-0.802927,9.02339,0.24427,-197.904,2.86226,-7.7865,2.0533,-17.6085,3.1005,-244.629,-0.564694,-10.8316,3.96731,-14.9075,2.92011,-3606.39,0.302128,-3.95575,33.2637,11.4217,-51.5134,54.3341,-105.938,-87.0708,179.734,-84.6647,455.428,-153.946,300.704,-168.851,102.21,-212913,1325.92,-2248.68,46103.4,511.159,-642.443,666.697,0,-43.4232,-171.332,35.464,-166.72,-4.8642,33024.4,-14489.2,14527.9,48630.4,-320.445,-777.442,692.451,41.1313,163.801,218.798,-284.854,-26.6877,9.85973,-4.78291e+06,-130140,106837,13413.6,-1947.15,-4.9391e+06,1.16119,0.0170601,0.019692,0.510283,-3.64963,1.02196,-693.125,-2105.05,-20.9997,215169,573692,357.983,-1.73763,-0.252113,0.503674,-5.54549,-1.97653,-0.220621,0,4490,5.55112e-17,5.05151e-15,6.63358e-15,3.55271e-15,1.03125e-11,2.43594e-12,-1.07825e-11,2.39364e-08,-6.53886e-09,3.15346e-08,0,-0.802927,0.183309,0.24427,-0.0133014,3.14159,2.0533,-3.52178,3.1005,-48.9258,-0.392699,3.96731,-3.00004,2.92012,-721.278,0.523599,0,0,0,1.39535,-0.0332665,-0.802927,0.24427,2.86226,2.0533,3.1005,-0.564694,3.96731,2.92011,0.302128,0.0512731,-5.26815,1.96184,-25.5009,1.78723e+06,2682.72,-389.43,-987820,-191340,0.0606889,0.0162456,1.01339,-14.3498,-457.987,45860.1,35172.5,-2400.11,-2674.66,8.93607e+06,-1.10039e+06,1.01447e+06
4.22,-5.53444,-2.19804,1.44752,1.43317,0.0182606,-114.038,-0.752751,-1.97341,0.322605,1.42638,3.0041,-136780,2.10204,-251.706,4.85687,-7.45286,-3.1733,3.80732e+08,4.01695,89340.5,3.0158,36.7832,-11.3571,-4.47033,-2.0439,-6.83802,-0.555894,-6.82533,-3.78755,-3.93471,-2.16883,-6.35961,-0.827242,-6.30901,-3.59806,-1.51331,-243.676,89354.9,5.7294,-0.221787,0.176325,-0.0329881,1.01102,-0.804,7.54338,0.243197,13.409,2.86119,-229.522,2.05079,94.7179,3.09799,-2589.46,-0.567199,-34.5296,3.9657,0.516115,2.9185,-17592.9,0.300499,-3.97216,33.4036,12.3871,-51.6756,54.7268,-48.3155,-80.4358,168.368,-83.0348,452.336,-139.666,275.982,-165.525,96.8221,-581.735,-91.7892,157.234,78.0329,-23846.8,-2112.4,715.377,0,-1220.79,-51868.6,777.652,-188.603,-197.051,3.03228e+06,-20515.2,4329.64,132644,-899.855,-823.138,618.245,42.7142,1581.46,248.603,-236.45,-27.7771,31.0636,-1.13583e+08,-223858,126574,21581.2,-9500.66,-3.73032e+07,1.16367,0.0277668,-0.000219839,0.292733,-3.41624,-1.70674,-4049.37,-12427.9,-295.069,5.01091e+06,4.46717e+06,1760.64,-1.64714,-10.217,1.58695,-5.54589,-1.97655,-0.221787,0,4488,-5.55112e-17,4.05231e-15,-7.34135e-15,-8.54872e-15,6.90106e-11,1.21267e-10,-1.19883e-10,-9.48023e-09,-2.70889e-08,2.4163e-08,0,-0.804,0.151573,0.243198,0.0339683,3.14159,2.05079,18.9368,3.09799,-517.891,-0.392699,3.9657,0.210289,2.91849,-3518.58,0.523599,0,0,0,1.39572,-0.0329881,-0.804,0.243197,2.86119,2.05079,3.09799,-0.567199,3.9657,2.9185,0.300499,0.0512487,-5.68693,6.27072,227.012,4.28917e+07,4316.25,-1900.13,-7.46064e+06,-4.54458e+06,0.0606824,0.0162434,1.01346,0.412296,-381.407,-5.88529,4.99898e+06,508871,-564399,2.1446e+08,-2.34269e+07,2.30044e+07
4.24,-5.53476,-2.20043,1.44857,1.43436,0.0183173,-114.033,-0.755817,-1.95692,0.316026,1.07105,2.95946,-136781,2.1002,1.05991,3.3884,-1.07084,-0.372257,3.80803e+08,4.00998,-185986,2.73298,-62.0176,21.5936,-4.47026,-2.04455,-6.8379,-0.557432,-6.8269,-3.78633,-3.93503,-2.17112,-6.36,-0.829675,-6.30924,-3.60049,-1.45876,4.82056,-186004,5.74964,-0.224153,0.150378,-0.032907,0.742119,-0.807041,6.4462,0.240156,7.89221,2.85815,37.172,2.04897,-40.4952,3.09617,59.9474,-0.569033,55.0647,3.95875,-58.2752,2.91155,31645.7,0.293499,-3.99871,33.6284,11.0664,-51.9985,54.7196,-30.7362,-78.5284,163.9,-81.7185,397.444,-129.627,255.824,-160.452,91.8154,-177.332,-56.0327,95.975,9.0495,-2815.59,-346.625,659.276,0,-143.179,-1090.01,-119.383,-159.138,34.0206,-6202.09,-54.2648,496.094,-364.924,4715.63,-676.993,928.131,194.347,1568.32,155.587,-443.584,-127.595,-49.3165,-3.5419e+08,-167960,321120,111531,17067.7,7.593e+07,1.16766,0.0521293,0.0591158,0.264911,-2.40348,-8.32958,-52.6655,210.365,17.3218,3.58823e+06,-9.29913e+06,-3179.4,-1.57685,1.76169,-2.51308,-5.54629,-1.97657,-0.224153,0,4486,0,-3.88578e-16,9.85323e-15,9.15934e-15,-1.40994e-11,-1.37548e-11,1.98215e-11,2.98954e-08,-6.0915e-08,6.23904e-08,0,-0.807041,0.131006,0.240157,0.215435,3.14159,2.04897,-8.09988,3.09616,11.9895,-0.392699,3.95875,-12.9946,2.91149,6329.15,0.523599,0,0,0,1.3963,-0.032907,-0.807041,0.240156,2.85815,2.04897,3.09617,-0.569033,3.95875,2.91155,0.293499,0.0512244,-30.2366,-10.5865,-3208.1,1.39324e+08,22306.1,3413.53,1.5186e+07,-1.41655e+07,0.0606759,0.0162413,1.0136,-2.48682,-301.856,-2.86045,4191.87,3037.39,311.189,6.96614e+08,-6.95599e+07,7.03215e+07
4.26,-5.53532,-2.20369,1.45015,1.4361,0.0180544,-114.028,-0.76357,-1.93189,0.307472,0.716712,2.94318,-136782,2.09886,-3.84582,3.23723,-1.51864,-0.824899,3.82114e+08,3.99851,1.40553e+06,3.11606,201.519,-66.4004,-4.46982,-2.04409,-6.83775,-0.559866,-6.8299,-3.78349,-3.93558,-2.17481,-6.3602,-0.832719,-6.31017,-3.60355,-1.426,0.216306,1.4056e+06,5.78726,-0.227382,0.146906,-0.0331334,1.00284,-0.814758,6.03508,0.23244,6.57474,2.85044,-86.1687,2.04767,21.5394,3.09487,-50.8444,-0.570302,-73.4435,3.94732,26.6435,2.90013,-99892,0.282127,-4.04883,34.0504,11.0485,-52.8097,55.5065,-51.5855,-80.7386,167.558,-81.8866,326.856,-125.081,246.674,-158.462,90.7115,-110.784,-48.2924,82.812,2.61311,-344.574,-1182.59,699.431,0,-140.389,-7750.96,297.306,-176.186,-72.814,-2808.38,-523.693,217.635,107.487,-427.862,-890.507,480.72,105.481,6093.14,300.103,-151.96,-70.3349,65.5747,-3.44963e+09,-680387,144290,144317,-53806.1,-5.68011e+08,1.17508,0.0793983,0.087174,0.231896,-0.970066,-9.602,-42.8437,-34.9881,-18.6277,6.55547e+07,7.02769e+07,9997.41,-1.56942,-3.75961,3.32475,-5.54689,-1.9766,-0.227382,0,4483,0,3.33067e-16,-3.8719e-15,-2.58127e-15,-1.308e-11,-2.64633e-11,1.43537e-11,-2.2953e-08,-4.37594e-08,6.49779e-08,0,-0.814758,0.124753,0.232442,0.641687,3.14159,2.04767,4.30688,3.09489,-10.1689,-0.392699,3.94732,5.76489,2.90012,-19978.4,0.523599,0,0,0,1.39738,-0.0331334,-0.814758,0.23244,2.85044,2.04767,3.09487,-0.570302,3.94732,2.90013,0.282127,0.0511878,-14.6973,13.3501,2479.62,1.38343e+09,28863.4,-10761.2,-1.13602e+08,-1.37993e+08,0.0606661,0.0162381,1.01379,-8.71758,-188.457,6.74659,6497.68,-1937.65,1454.63,6.91718e+09,-6.93965e+08,6.91566e+08
4.28,-5.53677,-2.20901,1.45261,1.43734,0.0184598,-114.024,-0.773743,-1.92533,0.297092,0.596747,2.93157,-136784,2.09561,-3.62292,3.11718,-1.71093,-0.0328725,3.82122e+08,3.98615,14322.9,2.89079,10.7781,-2.75319,-4.46992,-2.04333,-6.83885,-0.56395,-6.83298,-3.78266,-3.93704,-2.17948,-6.36221,-0.838376,-6.31105,-3.60918,-1.41822,-0.472867,14328.6,5.84742,-0.232623,0.182712,-0.0326184,1.68215,-0.824821,5.89192,0.222376,6.40008,2.84037,-31.2997,2.04453,-6.3118,3.09173,-101.722,-0.573467,-15.722,3.93507,-11.8533,2.88788,-4621.28,0.269838,-4.12867,34.7308,13.2574,-53.8381,57.037,-99.9776,-85.8907,178.013,-83.7676,226.574,-120.74,239.961,-157.992,91.567,-77.1432,-48.2542,83.9218,1.58467,1184.61,-831.194,704.654,0,-37.6945,-1220.02,111.916,-171.854,-25.5619,6469.76,-1758.91,1229.41,1507.59,-489.292,-825.721,715.326,39.6591,385.203,259.687,-311.408,-26.8861,13.6768,-7.1357e+06,-128549,100075,12094.9,-2481.51,-5.81604e+06,1.18694,0.122758,0.0618596,0.215322,-0.318691,-2.46951,-132.566,-24.0057,-10.2654,368481,716293,460.405,-1.60706,-1.31496,0.689166,-5.5487,-1.9767,-0.232623,0,4474,5.55112e-17,7.13318e-15,-3.05311e-16,2.77556e-16,-1.83714e-12,1.66987e-11,-2.03348e-11,-3.1196e-08,9.68112e-09,-4.50531e-08,0,-0.824821,0.126446,0.222376,1.04145,3.14159,2.04453,-1.26206,3.09172,-20.3444,-0.392699,3.93507,-2.2279,2.88783,-924.256,0.523599,0,0,0,1.39908,-0.0326184,-0.824821,0.222376,2.84037,2.04453,3.09173,-0.573467,3.93507,2.88788,0.269838,0.0510782,-5.75264,2.81263,180.124,2.94479e+06,2418.98,-496.303,-1.16321e+06,-287346,0.0606367,0.0162284,1.01411,-11.8972,-76.0734,10.1509,6887.17,-2421.45,531.319,1.47243e+07,-1.6212e+06,1.51075e+06
4.3,-5.53937,-2.21779,1.45646,1.43896,0.0198373,-114.016,-0.783978,-1.92068,0.287954,0.620397,2.92285,-184539,2.09009,-31505.2,3.16642,-30.6731,-10.1776,3.82166e+08,3.97477,38625.3,2.94354,25.3696,-7.67639,-4.47115,-2.04446,-6.84183,-0.571241,-6.83559,-3.78657,-3.93969,-2.18605,-6.3667,-0.848287,-6.31173,-3.61902,-1.41397,-31491.8,38635.9,5.94345,-0.241252,0.19796,-0.0310582,2.42078,-0.834874,6.11474,0.212324,6.62764,2.83032,-54.2035,2.03919,4.58655,3.08639,-14503,-0.578799,-39.0178,3.92387,3.95409,2.87667,-11877.2,0.258664,-4.25738,35.8303,14.4454,-55.1255,58.5658,-157.432,-92.3726,190.401,-85.7665,141.4,-121.594,242.291,-159.918,94.4501,-62.7347,-50.4815,88.7616,1.57661,1181.98,-1012.77,735.031,0,-60.9232,-3281.02,189.327,-178.274,-45.6123,1.22293e+08,-189150,104500,1.84749e+07,-950.613,-870.673,636.162,44.453,1999.31,290.573,-259.657,-30.594,34.6041,-4.50716e+07,-141111,73791.9,13837.7,-6370.09,-1.51651e+07,1.20589,0.192319,0.0811405,0.394947,0.0598779,-0.294845,-2.38774e+06,-1.5751e+06,-1455.15,2.19391e+06,1.93141e+06,1189.98,-1.66131,-2.33283,1.72945,-5.55171,-1.97685,-0.241252,0,4459,1.11022e-16,-8.90954e-15,-8.57647e-15,-4.57967e-15,9.40986e-12,-1.96456e-11,1.36424e-11,-9.37396e-09,1.73264e-08,-4.72057e-08,0,-0.834874,0.13398,0.212331,1.10975,3.14159,2.03919,0.872019,3.08639,-2900.6,-0.392699,3.92387,0.928187,2.87666,-2375.45,0.523599,0,0,0,1.40171,-0.0310582,-0.834874,0.212324,2.83032,2.03919,3.08639,-0.578799,3.92387,2.87667,0.258664,0.0508955,-6.27914,6.99487,175.338,1.9562e+07,2767.54,-1274.02,-3.03302e+06,-1.8071e+06,0.0605879,0.0162122,1.01462,-26.8333,-54.18,8.61702,1.45817e+08,2.38511e+07,-2.41987e+07,9.78118e+07,-9.51116e+06,9.2256e+06
4.32,-5.54216,-2.22815,1.46143,1.44207,0.0213513,-114.004,-0.794063,-1.91101,0.277378,0.632513,2.91345,-249417,2.08581,-101222,7.77782,-86.2008,-28.4868,3.82354e+08,3.96084,196790,2.59966,74.8446,-24.1485,-4.47253,-2.04704,-6.84549,-0.580826,-6.83854,-3.79076,-3.94252,-2.19399,-6.37156,-0.859909,-6.31239,-3.63056,-1.40548,-101186,196816,6.09539,-0.251465,0.16599,-0.0293494,2.82172,-0.844764,5.92221,0.202434,6.91177,2.82043,-139.666,2.03511,45.7977,3.08231,-42119,-0.582888,-73.7979,3.91014,28.0551,2.86294,-36542.5,0.244897,-4.46782,37.6119,13.1304,-57.3989,60.4672,-196.072,-97.7759,199.024,-86.6273,62.4594,-121.813,241.263,-161.242,95.8269,-52.4288,-53.9801,94.829,1.64557,-4854.76,-1671.19,810.886,0,-379.41,-20013.8,495.338,-206.374,-119.587,1.03839e+09,-406884,135775,5.95881e+07,-374.309,-926.448,494.468,98.463,6066.24,326.242,-162.55,-69.013,65.8688,-4.04667e+08,-246853,40784.8,49852.4,-19585.7,-7.53385e+07,1.23587,0.248487,0.155294,0.595402,0.565574,0.166776,-3.2439e+06,-5.06095e+06,-4231.53,9.40408e+06,9.83963e+06,3663.71,-1.67291,-6.06293,3.25321,-5.55492,-1.97701,-0.251465,0,4443,0,8.32667e-16,6.99441e-15,3.17801e-15,-2.23191e-11,-3.5759e-11,4.54747e-11,-3.26342e-08,6.13618e-08,-7.54317e-08,0,-0.844764,0.129751,0.202432,1.13472,3.14159,2.03511,9.28714,3.0823,-8423.79,-0.392699,3.91014,6.90782,2.86289,-7308.5,0.523599,0,0,0,1.40576,-0.0293494,-0.844764,0.202434,2.82043,2.03511,3.08231,-0.582888,3.91014,2.86294,0.244897,0.0507007,-15.5728,13.8706,2671.54,1.85369e+08,9970.49,-3917.14,-1.50677e+07,-1.61977e+07,0.0605357,0.016195,1.01522,-44.4338,-33.699,1.35764,1.23177e+09,2.05915e+08,-2.06924e+08,9.26848e+08,-8.24525e+07,8.15732e+07
4.34,-5.54451,-2.23818,1.46681,1.4467,0.0221674,-113.988,-0.805894,-1.89724,0.263338,0.643047,2.90169,-249419,2.0818,-3.40985,3.11041,-1.65164,-3.17934,3.82383e+08,3.94672,30872,2.89238,20.032,-6.00888,-4.47313,-2.04951,-6.84784,-0.589631,-6.84197,-3.79394,-3.9449,-2.20272,-6.37503,-0.870614,-6.3136,-3.64121,-1.394,2.87991,30880.9,6.29852,-0.26136,0.113909,-0.0283629,3.06915,-0.856424,5.2898,0.190774,7.30841,2.80877,-39.3967,2.03127,-4.67544,3.07847,-84.0588,-0.586731,-31.9806,3.89619,-1.88568,2.84899,-9219.06,0.230917,-4.75998,40.0697,10.6877,-61.0401,63.4688,-226.405,-103.229,206.636,-87.0493,-33.5478,-119.693,234.712,-162.008,95.9662,-39.0137,-59.9917,104.352,1.73886,1396.53,-986.497,790.069,0,-44.079,-1830.02,133.304,-183.512,-32.6095,4017.81,-1404.71,908.702,783.075,-1020.18,-951.974,733.776,39.8813,1485.97,334.774,-330.269,-28.4686,26.9832,-2.46492e+07,-151016,93403.9,12519.6,-4933.84,-1.16937e+07,1.27598,0.269116,0.231499,0.780285,1.25526,0.694567,-85.9801,-14.0424,-9.13366,1.47098e+06,1.54375e+06,923.098,-1.66316,-1.64104,1.31842,-5.55773,-1.97716,-0.26136,0,4429,8.32667e-17,-4.82947e-15,-2.22045e-14,-1.11161e-14,-6.55775e-12,6.47749e-12,1.36069e-12,2.39092e-08,-6.89665e-09,-2.60194e-08,0,-0.856424,0.114784,0.190772,1.16173,3.14159,2.03127,-0.934712,3.07846,-16.8118,-0.392699,3.89619,0.135058,2.84891,-1843.81,0.523599,0,0,0,1.4109,-0.0283629,-0.856424,0.190774,2.80877,2.03127,3.07847,-0.586731,3.89619,2.84899,0.230917,0.0505303,-6.39101,5.67231,649.812,1.17771e+07,2503.93,-986.767,-2.33873e+06,-989773,0.0604902,0.0161799,1.01581,-62.8752,6.80284,-10.6398,5185.68,-2166.84,771.135,5.88873e+07,-5.31786e+06,5.09646e+06
4.36,-5.54664,-2.24961,1.47259,1.45089,0.022856,-113.972,-0.82052,-1.88645,0.245729,0.699833,2.88796,-249419,2.07523,0.764964,4.19323,0.544985,-0.264836,3.8244e+08,3.9342,-2.44012e+06,-4.21516,-1389.49,459.976,-4.47299,-2.05212,-6.84906,-0.598547,-6.84499,-3.79931,-3.94705,-2.21304,-6.37809,-0.882612,-6.31476,-3.65317,-1.38709,5.22303,-2.44058e+06,6.53275,-0.272665,0.12273,-0.0275162,3.4827,-0.870892,4.50572,0.176306,7.94593,2.7943,223.767,2.02486,-132.988,3.07206,105.264,-0.59312,2136.67,3.88383,-1575.58,2.83663,691405,0.218598,-5.1089,43.0013,12.072,-65.5865,68.2323,-262.278,-109.107,217.447,-88.8115,-159.08,-114.179,225.019,-165.271,97.4627,-12.6614,-68.2703,118.954,1.88898,-45524.5,1041.47,627.292,0,-1549.65,-48076.6,-878.719,-84.8325,195.116,-45194.4,664.988,101.787,-168.756,3.48064e+06,-887.309,13158.5,116271,3.30667e+06,272.456,-9336.35,-84339.5,-1978.69,-1.29056e+11,-122001,4.09952e+06,3.75676e+07,369941,8.96653e+08,1.32227,0.289126,0.209635,0.791086,1.79611,3.53459,-26.8686,194.37,77.59,2.86219e+06,-1.22006e+08,-69553,-1.68299,9.78179,-96.0186,-5.56034,-1.97729,-0.272665,0,4416,5.55112e-17,-7.18869e-15,2.91434e-15,1.34615e-15,-4.45866e-11,-6.01714e-11,4.81213e-11,5.57281e-07,7.99534e-07,-9.65709e-07,0,-0.870892,0.0962141,0.176305,1.21427,3.14159,2.02486,-26.5955,3.07207,21.0529,-0.392699,3.88383,-333.482,2.83659,138281,0.523599,0,0,0,1.41644,-0.0275162,-0.870892,0.176306,2.7943,2.02486,3.07206,-0.59312,3.88383,2.83663,0.218598,0.0503722,-17865.8,-405.596,-23764.2,6.65555e+10,7.51352e+06,73988.3,1.79331e+08,-5.16206e+09,0.0604479,0.0161659,1.01648,-70.2095,77.2151,-18.6667,23840.2,10592,7205.19,3.32777e+11,-2.57832e+10,2.57992e+10
4.38,-5.54858,-2.26159,1.47853,1.4561,0.0236553,-113.954,-0.835934,-1.86835,0.226691,0.716838,2.87275,-249420,2.06209,-4.12438,3.28669,-1.0861,-0.656017,3.82609e+08,3.92039,149238,3.39497,59.9044,-19.0708,-4.47242,-2.05474,-6.84832,-0.605023,-6.84778,-3.80458,-3.94903,-2.22375,-6.38113,-0.895264,-6.31558,-3.66577,-1.37281,-0.181673,149260,6.80306,-0.284539,0.0799822,-0.0265588,3.84353,-0.886148,3.55566,0.161049,8.56006,2.77904,-140.118,2.01187,40.1365,3.05907,-21.3173,-0.606119,-66.4753,3.87017,22.0693,2.82298,-29094.2,0.204956,-5.52757,46.5168,9.96214,-70.9412,73.0453,-303.77,-116.59,228.889,-89.8739,-307.905,-108.304,212.654,-167.23,97.8422,10.9564,-77.8649,134.516,2.03352,-3522.52,-1978.63,1027,0,-331.307,-20481.1,527.579,-250.563,-120.399,-4296.8,-240.852,90.6712,29.7974,-818.854,-1093.02,646.542,69.6087,5017.94,404.189,-253.619,-51.3844,57.9494,-2.19629e+08,-251265,65930.1,32555.2,-15574.7,-5.42203e+07,1.37574,0.296941,0.260658,0.930622,2.70279,4.38583,-26.5682,-50.7549,-49.3642,8.42901e+06,7.46203e+06,2916.71,-1.68292,-6.00985,2.79049,-5.56295,-1.97742,-0.284539,0,4403,8.32667e-17,2.60902e-15,4.996e-15,1.30451e-15,-8.52596e-12,-1.23519e-11,1.95577e-12,1.16955e-08,-3.55537e-08,7.52057e-08,0,-0.886148,0.0736997,0.161049,1.25724,3.14159,2.01187,8.02729,3.05907,-4.26347,-0.392699,3.87017,4.96236,2.82295,-5818.85,0.523599,0,0,0,1.42238,-0.0265588,-0.886148,0.161049,2.77904,2.01187,3.05907,-0.606119,3.87017,2.82298,0.204956,0.0502141,-10.8911,11.8844,1021.42,1.17487e+08,6511.04,-3114.95,-1.08441e+07,-8.79664e+06,0.0604056,0.016152,1.01719,-90.226,148.483,-35.0776,6846.15,639.465,1316.62,5.87437e+08,-4.51489e+07,4.44488e+07
4.4,-5.55059,-2.27449,1.48455,1.4601,0.0244996,-113.937,-0.852779,-1.85618,0.204921,0.783603,2.85683,-249420,2.04788,-3.66059,3.10548,-0.984214,-0.639514,3.82864e+08,3.90689,1.27685e+06,2.31118,383.626,-126.896,-4.47154,-2.05749,-6.8473,-0.612002,-6.85042,-3.81091,-3.95107,-2.23529,-6.38429,-0.908859,-6.3164,-3.67931,-1.3665,0.0844082,1.27698e+06,7.10342,-0.297313,0.102013,-0.0255687,4.32163,-0.902848,2.36349,0.14435,9.43349,2.76234,-64.3507,1.99781,2.48209,3.04501,-16.2479,-0.620189,-320.359,3.85682,212.289,2.80962,-190431,0.191591,-6.01258,50.5868,12.575,-77.246,79.7887,-346.678,-124.142,243.244,-92.2919,-500.022,-97.7185,194.757,-171.713,99.2523,52.4109,-89.9924,156.076,2.23928,1795.44,-1442.4,1035.14,0,-75.1156,-4578.46,220.232,-219.53,-55.3619,-333.679,-256.067,143.416,17.7045,60542.3,-987.802,-1063.9,1973.32,78407.7,302.148,1043.64,-1481.59,296.068,-8.84011e+09,-228296,-976840,1.19139e+06,-102004,-4.54866e+08,1.4352,0.300818,0.199697,0.819815,3.31233,7.72375,-31.525,-28.2754,-23.559,1.27608e+07,6.38425e+07,19102.8,-1.70273,-2.75453,14.1647,-5.56537,-1.97754,-0.297313,0,4391,1.38778e-16,-4.08007e-15,1.13243e-14,5.45397e-15,-6.95888e-12,-4.07997e-11,1.58591e-11,6.53429e-08,6.30261e-08,-1.15901e-07,0,-0.902848,0.045434,0.14435,1.32454,3.14159,1.99781,0.496513,3.045,-3.24958,-0.392699,3.85682,47.6648,2.80959,-38086.3,0.523599,0,0,0,1.42846,-0.0255687,-0.902848,0.14435,2.76234,1.99781,3.04501,-0.620189,3.85682,2.80962,0.191591,0.0500682,-328.899,62.0077,12423.8,5.03719e+09,238278,-20400.7,-9.09731e+07,-3.53657e+08,0.0603666,0.0161391,1.01795,-92.7707,252.797,-44.1548,1891.18,28.9431,447.889,2.5186e+10,-1.77593e+09,1.77133e+09
4.42,-5.55252,-2.28881,1.49066,1.46563,0.025683,-113.917,-0.871402,-1.83066,0.182356,0.772635,2.83867,-249421,2.03514,-3.63593,3.0224,-1.17265,-0.654768,3.82882e+08,3.89557,-55849.6,2.57021,-29.2627,10.2932,-4.47012,-2.06026,-6.84703,-0.621441,-6.85215,-3.8201,-3.95305,-2.24772,-6.38784,-0.92417,-6.31667,-3.69454,-1.34538,0.0412409,-55857.3,7.43599,-0.311522,0.0443633,-0.0242273,4.96257,-0.921312,1.40378,0.125885,10.1547,2.74388,-30.7872,1.98523,-14.7701,3.03243,-19.6866,-0.632769,41.0729,3.84566,-61.1247,2.79847,15272,0.180438,-6.57288,55.2928,8.78257,-84.1587,85.8646,-420.78,-136.301,262.274,-93.9435,-722.745,-90.672,180.606,-174.766,100.55,83.7645,-102.48,176.162,2.40898,1613.63,-1221.56,1057.02,0,-49.1937,-1139.68,64.0292,-197.651,-26.4523,530.157,-488.315,358.54,43.7777,4690.51,-1398.07,1603.2,185.17,-707.337,583.987,-956.982,-141.001,-44.6583,-5.1801e+07,-235718,324888,59839,8179.69,1.9404e+07,1.50109,0.305787,0.276919,1.03615,4.58962,7.17567,-12.4136,-27.6796,0.348089,881775,-2.79234e+06,-1541.64,-1.72068,-1.31186,-2.12395,-5.56798,-1.97767,-0.311522,0,4378,-1.38778e-16,-4.52416e-15,2.33147e-15,2.90046e-15,2.95863e-12,1.20001e-11,-5.14311e-12,2.41091e-09,-3.25296e-08,1.62495e-08,0,-0.921312,0.0226843,0.125887,1.38112,3.14159,1.98523,-2.954,3.03242,-3.93732,-0.392699,3.84566,-12.5961,2.79843,3054.4,0.523599,0,0,0,1.43464,-0.0242273,-0.921312,0.125885,2.74388,1.98523,3.03243,-0.632769,3.84566,2.79847,0.180438,0.0499103,-29.6524,-9.13076,-469.757,3.25831e+07,11967.8,1635.94,3.88081e+06,-2.06846e+06,0.0603244,0.0161251,1.01879,-126.263,341.777,-69.4064,152.442,122.417,335.811,1.62911e+08,-9.72876e+06,1.00981e+07
4.44,-5.55495,-2.30431,1.4968,1.46611,0.0274825,-113.907,-0.890895,-1.83718,0.156426,0.935917,2.822,-249425,2.02323,-5.85182,2.75886,-1.80845,-0.586689,3.83286e+08,3.88511,347116,2.88451,78.5703,-25.3554,-4.46887,-2.06284,-6.84827,-0.632994,-6.85333,-3.83135,-3.95555,-2.26034,-6.39272,-0.941172,-6.31657,-3.71141,-1.36116,-2.50627,347145,7.8087,-0.326879,0.169939,-0.0222335,5.88677,-0.940611,-0.0326183,0.106587,11.4847,2.72458,-16.8389,1.97352,-22.2528,3.02071,-169.404,-0.644486,-54.0157,3.83539,10.6052,2.7882,-38450.3,0.170165,-7.22945,60.8174,21.3613,-92.015,95.9589,-491.32,-146.804,287.516,-99.0949,-1065.7,-74.2886,155.475,-184.283,104.731,173.637,-118.079,208.623,2.72384,1246.72,-1194.58,1151.11,0,-54.353,-394.429,-8.30885,-194.279,-15.4891,20062.5,-6618.57,5677.8,7539.25,-1471.38,-1408.18,986.972,50.6484,3743.68,558.575,-466.549,-39.0697,45.4642,-3.29996e+08,-540829,255133,40738.8,-20629.9,-1.20944e+08,1.575,0.306685,0.0239006,0.4736,4.26855,15.3017,-216.741,-139.069,-12.9897,2.02203e+07,1.7356e+07,3849.99,-1.787,-0.765128,2.14851,-5.5712,-1.97783,-0.326879,0,4362,2.77556e-17,-7.21645e-16,1.74305e-14,9.4369e-15,1.69675e-11,-8.31779e-12,2.16716e-11,2.29412e-08,-2.2173e-08,-1.17509e-08,0,-0.940611,-0.0113976,0.106587,1.49685,3.14159,1.97352,-4.44976,3.02071,-33.8808,-0.392699,3.83539,3.10287,2.78816,-7690.06,0.523599,0,0,0,1.44095,-0.0222335,-0.940611,0.106587,2.72458,1.97352,3.02071,-0.644486,3.83539,2.7882,0.170165,0.049716,-8.85491,9.62064,3087.44,2.05011e+08,8147.76,-4125.98,-2.41887e+07,-1.32318e+07,0.0602724,0.0161079,1.0197,-89.563,492.509,-53.8122,14789.6,-3681.6,672.647,1.02506e+09,-6.76984e+07,6.67743e+07
4.46,-5.5578,-2.32081,1.50286,1.47813,0.0297114,-113.868,-0.91085,-1.74937,0.135477,0.612125,2.79994,-306932,2.01008,191864,4.92671,183.684,60.8121,3.83308e+08,3.87368,34723.3,2.84442,19.0883,-5.64166,-4.46778,-2.06557,-6.85007,-0.645411,-6.85437,-3.84344,-3.9585,-2.27327,-6.39861,-0.959543,-6.31628,-3.7296,-1.27224,191808,34731.8,8.22256,-0.343217,-0.156544,-0.019786,6.64203,-0.960348,-0.232532,0.08685,11.5749,2.70485,300.76,1.96059,-160.684,3.00778,92069.9,-0.657405,-34.2851,3.82418,-7.03324,2.77699,-8763.41,0.158991,-7.99431,67.2622,-9.4711,-99.8934,98.2005,-643.525,-169.963,313.254,-97.5668,-1261.02,-79.3776,156.356,-181.379,104.409,134.413,-129.126,218.059,2.74766,-75588.2,2284.77,378.128,0,-2050.4,-94279.9,-1559.09,157.549,262.528,5.85064e+09,861281,-55970.8,-1.36624e+08,-2024.1,-1581.34,1237.35,48.3003,2228.87,658.38,-666.441,-37.7853,23.719,-1.65929e+07,-274573,194738,17096.6,-4703.94,-1.20542e+07,1.65713,0.303367,0.601046,1.97411,8.66323,-0.945889,-2.87533e+06,9.59334e+06,9262.69,1.0955e+06,1.73631e+06,875.911,-1.777,12.9192,1.11371,-5.57482,-1.97801,-0.343217,0,4344,4.16334e-17,-8.13238e-15,-8.77076e-15,-6.245e-16,9.19078e-11,1.76072e-10,-1.66438e-10,-1.80386e-08,-4.93529e-11,2.17041e-08,0,-0.960348,-0.0161089,0.0868551,1.49822,3.14159,1.96059,-31.9186,3.00779,18414,-0.392699,3.82418,-1.40391,2.77699,-1752.68,0.523599,0,0,0,1.4473,-0.019786,-0.960348,0.08685,2.70485,1.96059,3.00778,-0.657405,3.82418,2.77699,0.158991,0.0494974,-7.56241,4.74528,3.76487,1.06244e+07,3419.32,-940.788,-2.41083e+06,-656967,0.060214,0.0160886,1.02067,-258.473,536.141,-164.214,5.89334e+09,1.17406e+09,-1.17183e+09,5.3123e+07,-3.63534e+06,3.42517e+06
4.48,-5.56028,-2.3367,1.50862,1.45458,0.0319684,-113.913,-0.930545,-1.9698,0.0974881,1.76003,2.79786,-306933,1.99907,0.294455,4.25986,-0.49126,-0.416913,3.8331e+08,3.86683,-16621,2.9546,-5.54851,2.53582,-4.46618,-2.06786,-6.85214,-0.658248,-6.85444,-3.85735,-3.9611,-2.28555,-6.40416,-0.977333,-6.31558,-3.7472,-1.52858,4.97123,-16620.6,8.67399,-0.358965,0.793903,-0.0173349,8.12231,-0.979848,-5.10465,0.0673497,15.7323,2.68534,102.504,1.94977,-73.7554,2.99697,74.3795,-0.668224,4.82186,3.81753,-36.6502,2.77033,3481.75,0.152332,-8.87408,74.6693,99.8823,-110.732,127.175,-600.405,-163.7,352.122,-115.906,-2384.73,-16.1705,54.9901,-215.559,115.429,596.3,-157.928,312.437,3.74555,-9912.63,-46.4174,1126.55,0,-324.459,-11858.9,-630.307,-55.0351,84.4839,-14656.4,409.808,313.485,-203.989,1915.68,-1820.28,1913.51,86.0734,-1298.65,794.019,-1119.78,-67.9011,-8.32535,-1.42581e+06,-371801,411398,34643.3,1870.8,5.42602e+06,1.74679,0.287986,-1.17787,-2.28965,-2.36328,56.2973,-50.2345,167.036,38.1462,100642,-830908,-355.933,-1.96036,4.14569,-0.389307,-5.57804,-1.97817,-0.358965,0,4328,-1.249e-16,2.19269e-14,3.81362e-14,1.48909e-14,2.05902e-12,-8.95684e-12,3.40972e-12,-2.75244e-08,3.04841e-09,2.74932e-08,0,-0.979848,-0.131779,0.0673509,1.84072,3.14159,1.94977,-14.751,2.99697,14.8759,-0.392699,3.81753,-7.34388,2.77033,696.349,0.523599,0,0,0,1.45356,-0.0173349,-0.979848,0.0673497,2.68534,1.94977,2.99697,-0.668224,3.81753,2.77033,0.152332,0.0493033,-13.7169,-1.67247,-21.3569,1.71561e+06,6928.66,374.161,1.0852e+06,-175361,0.0601622,0.0160714,1.0216,246.894,833.476,188.513,8987.11,5231.36,2080.6,8.5788e+06,-737359,821218
4.5,-5.56116,-2.3511,1.51392,1.56205,0.0338765,-113.505,-0.948806,-0.96927,0.0917272,-2.5641,2.73737,-306933,1.99806,-4.03572,3.15083,-1.434,-1.03838,3.83666e+08,3.86118,218298,2.94553,68.4205,-22.0271,-4.4631,-2.07002,-6.85529,-0.673806,-6.85325,-3.8701,-3.96208,-2.29691,-6.40764,-0.993348,-6.31377,-3.76304,-0.473325,0.153494,218323,9.14084,-0.373306,-2.05988,-0.0153419,5.4119,-0.998024,0.719202,0.0491734,8.41687,2.66716,-160.481,1.94884,24.6807,2.99604,-81.3047,-0.669154,-82.8114,3.81196,22.2341,2.76476,-33347.6,0.146726,-9.83711,82.7427,-196.111,-117.007,82.0006,-1110.45,-251.478,333.247,-73.2539,-1125.29,-150.659,204.564,-136.242,80.9242,-347.021,-140.775,175.89,2.01622,-6612.16,-2882.23,1206.48,0,-226.285,-24675.1,497.345,-233.865,-131.579,-10332.9,-1227.94,401.351,144.967,-4037.98,-1820.93,862.606,43.3487,8471.25,752.469,-434.308,-34.433,56.0247,-2.1955e+08,-497091,165110,24926.5,-17937,-7.40266e+07,1.83957,0.265066,5.37366,20.3992,47.6625,-160.019,-35.0979,-49.5232,-17.1012,1.77827e+07,1.0915e+07,3342.51,-1.37561,-6.46212,2.61728,-5.57945,-1.97824,-0.373306,0,4321,-1.38778e-17,1.63758e-15,1.20459e-14,5.18335e-15,-8.99125e-11,1.93086e-10,-1.4005e-10,1.37938e-08,4.30442e-08,-4.16494e-08,0,-0.998024,0.00643636,0.0491641,1.11512,3.14159,1.94884,4.93642,2.99604,-16.2609,-0.392699,3.81196,5.42743,2.76472,-6669.52,0.523599,0,0,0,1.4594,-0.0153419,-0.998024,0.0491734,2.66716,1.94884,2.99604,-0.669154,3.81196,2.76476,0.146726,0.0492184,-7.6201,11.7337,2175.36,1.54333e+08,4985.3,-3587.41,-1.48053e+07,-8.63091e+06,0.0601395,0.0160639,1.02245,-1598.19,66.0623,-821.304,4732.29,1585.13,1624.68,7.71664e+08,-4.44889e+07,4.36882e+07
4.52,-5.56169,-2.36636,1.51894,1.137,0.036108,-127.064,-0.967475,39.6517,0.634158,-95.8154,2.0854,-306129,2.00208,56.9072,-0.867566,6.43871,1.01681,3.85329e+08,3.854,-1.40543e+06,-1.75309,-689.166,224.218,-4.45944,-2.0724,-6.86013,-0.692767,-6.85138,-3.88319,-3.96274,-2.3086,-6.41119,-1.0105,-6.31115,-3.77998,41.342,55.0228,-1.40565e+06,9.61758,-0.388522,116.222,-0.0130255,-267.467,-1.01661,-1150.85,0.0305891,512.118,2.64858,1421.82,1.95295,-252.492,3.00014,1254.44,-0.665043,1767.64,3.80486,-1100.68,2.75767,342717,0.139655,-10.8704,91.41,160014,-284.387,14670,272035,492.94,-31183.6,-1503.61,-2.4663e+06,2136.13,-137525,-2796.71,-1645.53,539921,-951.846,61461.2,122.731,1.62073e+06,-4076.84,186354,0,128.914,-2.1027e+06,424.798,-30063.9,666.527,188498,-4153.73,170042,-8522.38,1.59689e+06,-4531.51,224194,985.236,1.90063e+06,2390.36,-134836,-789.451,-934.161,-2.12518e+10,-847892,4.3128e+07,350914,184449,4.69367e+08,1.93437,0.250921,-21.2524,-677.904,2078.71,-4822.88,40212.1,2997.82,393.681,8.31459e+07,-7.02712e+07,-34536.8,28.0123,32.7961,-43.5985,-5.58086,-1.97831,-0.388522,0,4314,4.44089e-16,-5.86198e-14,-1.49214e-13,-8.4821e-14,1.18579e-10,-7.36474e-10,6.39361e-10,8.59133e-07,-1.97832e-06,2.17077e-06,0,-1.01661,-27.3272,0.0305862,21.1493,3.14159,1.95295,-50.4927,3.00015,250.888,-0.392699,3.80486,-224.117,2.75765,68543.4,0.523599,0,0,0,1.46479,-0.0130255,-1.01661,0.0305891,2.64858,1.95295,3.00014,-0.665043,3.80486,2.75767,0.139655,0.0491335,-161.962,-188.978,-5433.52,1.63819e+10,70182.8,36889.8,9.38735e+07,-1.03343e+09,0.0601168,0.0160564,1.02336,-347045,-2.60866e+06,1.19041e+06,5.36204e+06,-3.73534e+06,3.55714e+06,8.19136e+10,-5.15663e+09,5.16166e+09
4.54,-5.56276,-2.38192,1.52371,3.60048,0.0390871,-127.435,-0.98382,-2.10947,-1.47855,21.2421,0.150158,-850689,2.00012,-186527,3.07182,-123.308,-41.1831,3.92152e+08,3.84567,1.94339e+06,2.49075,230.028,-75.8765,-4.45675,-2.07512,-6.8646,-0.709986,-6.84906,-3.89649,-3.96398,-2.3194,-6.41629,-1.0286,-6.308,-3.79777,-0.596582,-186483,1.94347e+06,10.1179,-0.404014,-10.2273,-0.00994934,-236.67,-1.03286,-493.487,0.0143412,88.6504,2.63234,-186.38,1.95109,5.0275,2.99829,-60755.3,-0.666906,-161.55,3.79664,58.1685,2.74944,-114077,0.131441,-12.0091,100.97,-277.611,-128.917,6.53465,-46419.5,-3555.97,356.045,1522.05,79877.5,-7550.98,755.134,3386.95,-2201.58,-68775.7,1354.23,-135.451,24.7692,3768.23,-2143.81,83.0013,0,-93.8852,-34194.3,81.0519,-13.1404,-114.45,2.61444e+09,-687392,21431.5,1.37589e+08,-51600,-2287.6,124.734,26.4475,61459.7,1046.68,-81.0539,-21.4062,75.128,-2.42138e+09,-1.79201e+06,116743,39217.2,-61547.9,-6.4767e+08,2.03392,0.238437,123.174,-18.5965,-11.5494,1032.23,-2.7228e+07,-9.32621e+06,-6086.88,3.41159e+08,9.71698e+07,11422.9,32.95,-5.63082,3.49629,-5.58248,-1.97839,-0.404014,0,4306,0,2.39808e-14,-2.84217e-14,-2.33147e-14,6.69087e-12,-1.68777e-10,1.90994e-10,1.17326e-07,1.00388e-07,-1.40929e-07,0,-1.03286,-9.06352,0.0143419,-8.71702,3.14159,1.95109,1.00622,2.99829,-12151.1,-0.392699,3.79664,11.9967,2.74943,-22815.5,0.523599,0,0,0,1.46991,-0.00994934,-1.03286,0.0143412,2.63234,1.95109,2.99829,-0.666906,3.79664,2.74944,0.131441,0.0490365,-4.40605,15.2216,2060.02,1.80511e+09,7843.45,-12309.6,-1.29534e+08,-9.40646e+07,0.0600909,0.0160478,1.02428,-21570.4,-81344.4,28860.8,2.55776e+09,5.22942e+08,-5.24391e+08,9.02555e+09,-4.74891e+08,4.72148e+08
4.56,-5.56366,-2.39649,1.52815,9.84971,0.0429991,-127.349,-0.997606,-2.05489,1.71391,-2.79011,3.31406,-2.42811e+06,1.99528,-619832,2.94086,-284.651,-93.8385,3.85274e+08,3.84071,215617,2.5794,89.0739,-29.1551,-4.45449,-2.07665,-6.86926,-0.725743,-6.84491,-3.9113,-3.96514,-2.32771,-6.42249,-1.04652,-6.30336,-3.81524,-0.513445,-619735,215649,10.6429,-0.41852,-12.7771,-0.00594037,365.836,-1.04655,402.585,0.000652302,-17.5401,2.61863,-279.881,1.94634,32.1967,2.99354,-141313,-0.671643,-205.238,3.79177,84.7566,2.74457,-43547.3,0.126604,-13.2656,111.519,-83.163,-139.806,1.49587,-29301.6,4085.03,-87.3377,1710.2,-31139.1,4434.74,-94.8898,1679.74,1258.63,644.931,-190.11,4.07081,0.132684,-22033.5,-2973.23,20.6259,0,-175.444,-68024.7,335.304,-3.56755,-184.687,1.42865e+10,-1.51535e+06,8204.24,4.63177e+08,-149.116,-2272.94,16.9133,-3.83166,33627.3,971.211,-9.24088,3.11989,99.4264,-3.23042e+08,-470382,2733.97,-1644.72,-23497.8,-7.13675e+07,2.13844,0.222106,312.461,4.30214,2.23489,-109.398,-7.88711e+07,-3.09915e+07,-14154,-3.43912e+08,1.0781e+07,4375.19,-31.3812,-9.08276,4.61916,-5.58409,-1.97847,-0.41852,0,4298,2.77556e-16,1.14131e-13,1.65201e-13,2.35784e-14,-6.45353e-11,-1.96174e-10,1.12777e-10,-5.86647e-09,-1.53171e-07,2.02004e-07,0,-1.04655,20.4837,0.000637114,11.2941,3.14159,1.94634,5.56873,2.99355,-28262.6,-0.392699,3.79177,16.2239,2.7446,-8709.45,0.523599,0,0,0,1.47477,-0.00594037,-1.04655,0.000652302,2.61863,1.94634,2.99354,-0.671643,3.79177,2.74457,0.126604,0.0489395,0.596504,19.4919,-1189.88,2.63759e+08,-328.944,-4699.56,-1.42735e+07,-1.27717e+07,0.060065,0.0160392,1.02514,5585.9,17411.1,-910.743,1.38409e+10,2.85389e+09,-2.85727e+09,1.3188e+09,-6.56079e+07,6.45555e+07
4.58,-5.56394,-2.40857,1.53215,16.3194,0.0470674,-127.064,-1.01311,-2.88556,6.96585,4.41689,46.4558,-2.42812e+06,1.99092,-8.12992,2.7431,-2.66136,-0.0898985,3.84868e+08,3.84038,160390,2.09071,84.8396,-27.4063,-4.45112,-2.07468,-6.87361,-0.739378,-6.83944,-3.92618,-3.96571,-2.33329,-6.42825,-1.06211,-6.29786,-3.83032,-39.2339,-5.29692,160419,11.176,-0.430575,-13.4637,-0.00182359,661.94,-1.062,6144.93,-0.0148068,2371.26,2.60318,-411.484,1.94203,80.4319,2.98923,-334.981,-0.675964,-232.888,3.79149,103.391,2.7443,-41375.5,0.126299,-14.6097,122.782,-84.1583,-153.603,1.51419,-132869,7611.7,-150.059,5531.08,1.94617e+07,70172.3,-1383.58,50604.3,72292.1,4.34944e+07,27077.7,-533.888,-22211.6,-125449,-4605.16,24.1836,0,-532.624,-127855,900.128,-4.85259,-297.617,-171788,-3777.43,15.5363,1241.18,-156024,-2999.07,40.1365,-58.7458,171568,1479.08,-28.1428,47.852,120.848,-3.41526e+08,-572100,9886.55,-19716.5,-22318.8,-5.30059e+07,2.2446,0.20003,323.483,14.2537,-61.2626,290.451,-274.599,-254.59,-66.4463,-2.02746e+07,8.01962e+06,4163.48,-319.913,-14.6544,5.62301,-5.5849,-1.97851,-0.430575,0,4294,-6.52256e-16,-4.35207e-14,-1.20792e-13,2.55795e-13,-1.24856e-09,2.15642e-09,-1.99919e-09,-1.63048e-07,-2.13337e-07,2.86678e-07,0,-1.062,9.80914,-0.0148104,-0.898629,3.14159,1.94203,16.0869,2.98923,-66.9961,-0.392699,3.79149,20.7561,2.74429,-8275.1,0.523599,0,0,0,1.47926,-0.00182359,-1.062,-0.0148068,2.60318,1.94203,2.98923,-0.675964,3.79149,2.7443,0.126299,0.048891,9.60748,24.2117,99.4672,2.38408e+08,-3943.3,-4463.77,-1.06012e+07,-1.30443e+07,0.0600521,0.016035,1.02586,41428.8,-3.70532e+06,-8.56935e+06,130463,-19743.2,35537.8,1.19207e+09,-6.69062e+07,6.58837e+07
4.6,-5.56331,-2.41973,1.5358,22.8433,0.050165,-126.936,-1.02079,-1.51384,4.90228,-1.95807,5.69918,-2.42812e+06,1.99001,-0.03105,14.8404,1.00165,-0.439115,3.84868e+08,3.84364,8.31431,3.18436,2.89353,0.118548,-4.44873,-2.07716,-6.87686,-0.752817,-6.83409,-3.94136,-3.96532,-2.33949,-6.43179,-1.07594,-6.29282,-3.84374,0.830855,15.2484,11.3801,11.6973,-0.441746,-13.7674,0.00127399,-394.231,-1.06968,750.001,-0.022485,1444.7,2.5955,97.6772,1.94112,-131.542,2.98832,74.9096,-0.676865,-227.729,3.79475,95.7697,2.74756,-284.311,0.129555,-15.9896,134.317,-139.677,-167.746,1.94149,-99281.2,-4782.84,110.7,2546.21,186064,9212.19,-213.254,-4640.09,-1120.77,-1.35632e+06,17755.6,-411.031,-14302.9,-76007.5,1230.14,13.1591,0,-973.116,1498.54,-1586.46,1.13979,149.029,-44697.4,910.795,1.06046,-106.344,-64582,-2942.19,33.864,-10.615,94023.9,1337.94,-21.6831,8.61272,112.71,-74823,-3773.49,49.7511,-26.1812,-122.356,-2610.11,2.34845,0.182242,326.195,6.40824,-26.1433,-24.7473,-39.2503,150.308,98.2606,-9882.89,555.538,71.5195,-30.4958,7.3611,5.2675,-5.5849,-1.97851,-0.441746,0,4294,-1.02696e-15,-1.48326e-13,-2.13163e-14,2.84217e-14,2.12654e-10,-4.46557e-10,1.94692e-10,7.8569e-10,3.44681e-08,-4.45965e-08,0,-1.06968,45.0173,-0.0224893,0.0579041,3.14159,1.94112,-26.3075,2.98833,14.9819,-0.392699,3.79475,19.1556,2.74755,-56.8622,0.523599,0,0,0,1.48326,0.00127399,-1.06968,-0.022485,2.5955,1.94112,2.98832,-0.676865,3.79475,2.74756,0.129555,0.048891,1.7227,22.543,0.0117252,22413,-5.23624,-24.4712,-522.021,115.253,0.0600521,0.016035,1.02653,34422.1,-657.356,379164,31427.1,-551.897,7319.96,127412,-26602.7,4098.81
4.62,-5.56242,-2.43008,1.53915,28.5574,0.0530793,-127.108,-1.02562,-1.09815,1.91724,-0.265236,2.21263,-2.42812e+06,1.98909,-6.92913,2.02244,-2.26261,1.15028,3.84868e+08,3.84469,-1.92921,3.28278,3.07388,0.367934,-4.44681,-2.08053,-6.87958,-0.765288,-6.82895,-3.95441,-3.96468,-2.34519,-6.43481,-1.08883,-6.28778,-3.85621,1.74805,-6.05697,0.985635,12.212,-0.452129,-13.779,0.00416404,-199.666,-1.07453,482.244,-0.0273359,77.2301,2.59066,-440.819,1.94018,86.2492,2.98737,-229.131,-0.677821,-230.117,3.79578,95.6016,2.74858,-67.3582,0.130586,-17.4152,146.217,-238.333,-181.899,3.10859,-33945.4,-2680.14,91.6563,810.649,143419,6637.92,-227.249,-1851.65,-878.602,88134.7,1065.43,-36.4774,-325.103,-141476,-5546.38,50.4097,0,-596.793,-149146,1086.08,-10.0944,-323.001,-147216,-2882.88,20.6487,481.18,-123595,-3388.68,70.3139,-12.3981,142405,1609.4,-47.759,10.0467,114.053,-45860.5,-1070.58,27.9,-7.14909,-4.82755,-155.588,2.45102,0.167632,285.708,-8.57199,1.03737,33.3154,-160.792,-194.642,-54.881,-2525.42,43.4142,98.0859,-19.1014,-15.9922,5.34551,-5.58449,-1.97849,-0.452129,0,4296,4.7462e-15,3.10862e-14,1.68754e-14,-3.73035e-14,8.98236e-10,-1.02204e-09,1.35795e-09,-5.51023e-08,2.16822e-08,-1.75298e-08,0,-1.07453,18.3817,-0.0273385,0.558819,3.14159,1.94018,17.2507,2.98737,-45.8261,-0.392699,3.79578,19.1205,2.74858,-13.4716,0.523599,0,0,0,1.48688,0.00416404,-1.07453,-0.0273359,2.59066,1.94018,2.98737,-0.677821,3.79578,2.74858,0.130586,0.0489153,2.00936,22.8108,0.000155979,6700.87,-1.42982,-0.965511,-31.1177,-276.064,0.0600585,0.0160371,1.02715,-10194.8,15080.7,-8443.06,72286.5,-4110.89,27784.2,51731.1,-23004.4,2583.82
4.64,-5.5612,-2.43849,1.54219,35.4214,0.055519,-126.931,-1.03659,-0.533542,2.25171,-4.12249,2.16411,-3.03961e+06,1.9807,-378065,3.69322,-295.811,-98.6373,3.78292e+08,3.83728,1.1506e+06,5.33343,-230.111,77.9828,-4.44287,-2.07977,-6.87889,-0.77211,-6.82495,-3.96056,-3.96366,-2.3497,-6.43685,-1.09937,-6.28307,-3.86639,2.69565,-377962,1.15053e+06,12.7212,-0.460589,-15.5488,0.00655528,-642.211,-1.08556,-2367.07,-0.0383603,510.174,2.57964,-440.774,1.93174,74.7558,2.97894,-146681,-0.686259,-262.244,3.78832,116.168,2.74112,116119,0.123116,-18.8894,158.5,-70.2114,-197.742,1.50632,-225895,-7934.29,120.563,5396.86,3.37588e+06,-29445.4,447.675,20547.3,-14149,-711311,6345.85,-96.4778,170.887,-119523,-5534.48,23.7305,0,-487.932,-154583,935.861,-4.40871,-316.372,1.58228e+10,-1.85747e+06,6299.94,2.94803e+08,-83117.8,-3515.87,26.8391,-28.3663,123805,1640.36,-17.4859,23.1924,132.592,-2.31665e+09,1.58718e+06,-13939.2,24407.4,62803,-3.8088e+08,2.55253,0.151964,343.197,8.81517,61.7835,-207.176,-3.05743e+07,-1.89031e+07,-14712,-3.28784e+08,5.75302e+07,-11584.1,139.158,-15.6835,6.21118,-5.58369,-1.97845,-0.460589,0,4300,9.85323e-16,1.43885e-13,2.77112e-13,1.45661e-13,-1.68329e-09,-3.07073e-09,3.29601e-09,-3.78419e-08,4.19822e-08,-5.46761e-08,0,-1.08556,-18.4062,-0.0383543,-25.8108,3.14159,1.93174,15.3881,2.97893,-29336.1,-0.392699,3.78832,22.2993,2.74111,23223.8,0.523599,0,0,0,1.49019,0.00655528,-1.08556,-0.0383603,2.57964,1.93174,2.97894,-0.686259,3.78832,2.74112,0.123116,0.0489637,4.44209,26.0137,3067.56,1.86472e+09,4881.47,12560.6,-7.6176e+07,-9.35746e+07,0.0600715,0.0160414,1.02767,17980.4,-719973,166426,1.49217e+10,3.16059e+09,-3.16408e+09,9.32365e+09,-4.63252e+08,4.66015e+08
4.66,-5.56037,-2.44662,1.545,41.8415,0.0572179,-127.4,-1.04525,-2.39484,-0.544311,0.387474,2.21683,-3.27733e+06,1.96745,-79943.8,3.03023,-96.8928,-32.0019,3.63393e+08,3.82788,1.33967e+06,3.18978,231.56,-76.4548,-4.43985,-2.08106,-6.87597,-0.775917,-6.82255,-3.96491,-3.96299,-2.35512,-6.4383,-1.109,-6.27982,-3.87574,-2.01438,-79908.8,1.33975e+06,13.224,-0.468753,-14.9152,0.00822996,-215.57,-1.09424,-163.703,-0.0470405,-22.1586,2.57097,-247.362,1.91847,-5.79399,2.96566,-47536.2,-0.699518,-238.359,3.7789,98.4676,2.7317,-114813,0.113782,-20.4015,171.111,-285.534,-211.821,3.3687,-38798.4,-3127.17,99.6298,857.65,-48073,-2409.95,76.885,857.251,-719.759,3395.8,-334.636,10.7029,0.0037151,16851.6,-3356.86,42.3096,0,-131.577,-62310.7,-77.3371,-5.00265,-152.108,1.71256e+09,-645129,6630.99,6.5122e+07,44340.6,-3217.71,24.153,-12.2719,7189.91,1330.56,-10.0006,10.1473,112.81,-2.07657e+09,-1.4266e+06,333.223,-12357.4,-62158.7,-4.38414e+08,2.65277,0.140366,321.008,-23.4145,-15.0153,36.2595,-1.18862e+07,-3.99704e+06,-4766.14,-7.44945e+08,6.69838e+07,11499.5,17.9974,-7.54392,5.2769,-5.58328,-1.97843,-0.468753,0,4302,3.35842e-15,-3.90799e-14,2.13163e-14,8.29545e-15,2.06074e-10,-3.05949e-09,3.46881e-09,-2.96612e-08,-1.35734e-08,1.52768e-08,0,-1.09424,-8.19813,-0.047025,-11.2302,3.14159,1.91847,-1.51276,2.96567,-9507.23,-0.392699,3.7789,13.4613,2.73178,-22962.5,0.523599,0,0,0,1.4932,0.00822996,-1.09424,-0.0470405,2.57097,1.91847,2.96566,-0.699518,3.7789,2.7317,0.113782,0.048988,1.3587,19.1846,-23777.5,1.82891e+09,-2471.48,-12431.7,-8.76829e+07,-8.30815e+07,0.060078,0.0160435,1.02816,-15635.8,-2755.35,-3530.75,1.56508e+09,3.42662e+08,-3.43788e+08,9.14456e+09,-4.20002e+08,4.17245e+08
4.68,-5.55949,-2.45488,1.54766,47.5331,0.0584125,-126.877,-1.04988,-1.9013,2.43418,-1.38237,3.40023,-3.27734e+06,1.95673,-16.0522,3.44669,-4.20492,-1.41814,3.60088e+08,3.82171,239776,3.19257,104.47,-33.789,-4.43778,-2.08518,-6.87308,-0.780536,-6.82051,-3.97054,-3.96221,-2.36147,-6.43901,-1.11831,-6.27723,-3.88486,0.274232,-11.1874,239813,13.7245,-0.477046,-14.9453,0.0094003,468.165,-1.09889,519.657,-0.0516949,-21.6645,2.56628,-566.892,1.90772,111.014,2.95492,-849.255,-0.710285,-252.994,3.7727,109.839,2.7255,-51156.9,0.107453,-21.9643,184.143,-395.919,-226.793,4.96938,-16185.1,8026.92,-356.023,2723.02,-5138.8,8816.78,-390.662,2729.53,1653.21,5866.61,-363.391,16.0881,-0.0464071,-251922,-8091.78,90.9743,0,-1026.96,-255036,1585.28,-17.5887,-436.079,-301139,-12084.7,110.691,6164.22,-51341.4,-3931.11,75.0862,-11.0126,92727.6,1844.89,-47.8381,9.1734,126.365,-4.13261e+08,-802976,16064.3,-4431.79,-27705.9,-7.77965e+07,2.75261,0.133002,284.579,26.1364,9.62005,-21.1612,-649.358,-652.414,-138.041,-1.65285e+08,1.19889e+07,5145,-41.3445,-21.6309,5.90641,-5.58288,-1.97841,-0.477046,0,4304,-3.27516e-15,4.26326e-14,7.4607e-14,-5.97439e-15,-1.8623e-09,-2.83158e-09,3.09633e-09,-8.96714e-08,-1.31248e-07,1.76399e-07,0,-1.09889,25.913,-0.0517129,7.12639,3.14159,1.90772,22.2104,2.95491,-169.851,-0.392699,3.7727,23.8895,2.72545,-10231.4,0.523599,0,0,0,1.49599,0.0094003,-1.09889,-0.0516949,2.56628,1.90772,2.95492,-0.710285,3.7727,2.7255,0.107453,0.0490122,2.00114,26.3163,2916.06,3.64291e+08,-886.357,-5541.18,-1.55593e+07,-1.56375e+07,0.0600844,0.0160457,1.02866,53736.6,84268.8,-5172.6,635785,-12944,44024.6,1.82146e+09,-8.02433e+07,7.90061e+07
4.7,-5.55948,-2.46344,1.55023,55.9654,0.0596816,-126.983,-1.05494,-2.37417,-0.529207,-20.0465,2.20641,-3.27735e+06,1.95088,-5.60597,3.2926,-1.39423,-1.15419,3.55725e+08,3.81478,898517,3.29092,218.153,-71.6835,-4.43651,-2.08935,-6.8728,-0.7877,-6.81927,-3.97628,-3.96233,-2.36801,-6.44071,-1.12799,-6.27541,-3.89433,-1.9682,-1.15918,898592,14.2443,-0.4856,-17.2102,0.0106936,-218.426,-1.10393,-154.769,-0.0567285,-26.2168,2.56128,-392.906,1.90189,32.8987,2.94909,-132.106,-0.71609,-294.625,3.76579,137.542,2.71859,-107939,0.10058,-23.6424,198.177,-129.27,-246.558,1.75454,-38133.8,-2999.05,42.3987,777.67,-52067.9,-2151.06,30.4661,779.708,-726.493,-199117,-374.486,5.32663,-68.8512,-39961.8,-5512.5,25.4985,0,-285.644,-137817,451.615,-3.54522,-273.481,-54618.2,-1865.78,6.90455,175.518,-77505.7,-4384.19,28.8348,-37.0875,134562,2133.98,-19.0246,31.15,151.199,-1.76278e+09,-1.62418e+06,11707.2,-26461.3,-58589.2,-2.89959e+08,2.85628,0.12839,421.618,-5.30569,-14.0267,-924.639,-103.137,-130.395,-22.8101,-2.1815e+08,4.4926e+07,10829.1,18.1659,-13.5539,7.04793,-5.58328,-1.97843,-0.4856,0,4302,-7.35523e-16,-2.30926e-14,3.4639e-14,-3.42504e-14,-7.86102e-10,-2.02493e-09,1.3069e-09,-1.08098e-07,-1.65837e-07,2.25319e-07,0,-1.10393,-7.72673,-0.056711,-0.0157178,3.14159,1.90189,6.57834,2.9491,-26.4211,-0.392699,3.76579,28.8019,2.71857,-21587.8,0.523599,0,0,0,1.49867,0.0106936,-1.10393,-0.0567285,2.56128,1.90189,2.94909,-0.71609,3.76579,2.71859,0.10058,0.048988,6.54706,30.9427,3470.23,1.61865e+09,-5292.26,-11717.8,-5.79918e+07,-6.95657e+07,0.060078,0.0160435,1.02917,-3757.94,4024.92,38230.9,4843.97,14147.9,10469.3,8.09328e+09,-3.52171e+08,3.49556e+08
4.72,-5.56057,-2.47223,1.55274,53.2402,0.0616053,-126.441,-1.06051,-1.10878,7.40731,-5.87306,1.58738,-3.2777e+06,1.94247,818.313,3.81014,-14.6625,-6.58939,3.48698e+08,3.80565,3.24168e+06,1.21965,-351.76,117.928,-4.43621,-2.0924,-6.87357,-0.794559,-6.81833,-3.98148,-3.9636,-2.37373,-6.44436,-1.13847,-6.27374,-3.9045,7.85274,828.713,3.24157e+06,14.7974,-0.494325,-19.5431,0.0127021,-412.051,-1.10941,-1160.16,-0.0622166,187.724,2.55577,245.376,1.89357,-215.029,2.94076,-7239.15,-0.724424,-274.309,3.75675,113.589,2.70955,176917,0.0915353,-25.4893,213.679,241.349,-269.315,2.18447,-102044,-5193.29,82.6828,1901.38,864558,-14765.7,235.573,5820.99,-6222.6,-43302.3,2387.27,-38.077,77.3008,-283020,3813.96,7.20217,0,-1909.69,-21633.9,-3159.12,4.87143,300.802,4.96595e+07,-107557,91.7036,-794062,87116.9,-3863.03,12.7881,-61.6617,-17731.1,1597.19,-4.39272,52.3545,113.508,-4.64444e+09,2.4418e+06,4232.89,96753.2,96349.5,-1.04018e+09,2.96663,0.125574,-136.264,27.0958,35.0277,-271.981,-17832.9,41065.1,-654.128,-3.5133e+08,1.62084e+08,-17666.6,73.5563,14.8754,5.26694,-5.58469,-1.9785,-0.494325,0,4295,1.6237e-15,1.84741e-13,1.84741e-13,-1.77636e-14,-1.99256e-09,3.03668e-09,-3.10763e-09,1.49255e-07,-1.31147e-07,1.52257e-07,0,-1.10941,-12.9654,-0.0622258,-13.5422,3.14159,1.89357,-43.0285,2.94077,-1447.83,-0.392699,3.75675,20.3975,2.70953,35383.4,0.523599,0,0,0,1.50132,0.0127021,-1.10941,-0.0622166,2.55577,1.89357,2.94076,-0.724424,3.75675,2.70955,0.0915353,0.0489031,9.20187,21.4387,13650.6,4.33188e+09,19350.6,19269.9,-2.08036e+08,-1.85832e+08,0.0600553,0.016036,1.02969,36224.1,-95824.7,356.046,3.42152e+07,9.63033e+06,-9.78997e+06,2.16594e+10,-9.22084e+08,9.26328e+08
4.74,-5.56161,-2.4815,1.55525,55.8437,0.0647206,-126.147,-1.07086,-1.37645,2.90627,2.54063,-1.98679,-3.59458e+06,1.92908,-98756.5,3.02208,-127.372,-40.411,3.48685e+08,3.79333,782090,2.84743,-45.8703,15.9819,-4.43464,-2.09183,-6.87411,-0.800866,-6.81581,-3.98624,-3.96496,-2.37802,-6.44955,-1.1505,-6.27032,-3.91598,6.6582,-98713.1,782077,15.3817,-0.503531,-19.5327,0.0159023,-70.2611,-1.11968,-359.147,-0.0724796,84.5826,2.54552,-311.1,1.88026,-17.0991,2.92746,-62754.6,-0.737732,-171.993,3.74452,26.2145,2.69732,23771.8,0.0793006,-27.515,230.686,66.7149,-289.093,1.63859,-4472.36,-877.678,9.50095,225.148,245155,-4670.8,51.1489,1640.02,-4134.01,-88479,1071.74,-11.6454,39.1895,34459.6,-4521.91,20.5958,0,-172.018,-98507.8,-293.188,-1.64451,-195.934,3.2321e+09,-923905,3449.33,9.134e+07,205425,-2274.52,-19.0352,-596.012,-159565,143.97,21.2428,513.476,8.63471,-6.95726e+08,-609745,85849.8,1.66865e+06,12988.2,-2.47706e+08,3.08324,0.125565,130.176,14.7107,15.2571,101.343,-1.5844e+07,-4.93768e+06,-6290.11,-656426,3.91046e+07,-2372.06,22.8537,-9.66242,0.398389,-5.5861,-1.97857,-0.503531,0,4288,-4.3715e-16,-3.24185e-14,-8.88178e-16,1.28231e-14,4.50202e-10,1.34815e-09,-9.20409e-10,1.38596e-07,1.17057e-07,-1.49504e-07,0,-1.11968,-0.890176,-0.0724715,-5.02559,3.14159,1.88026,-3.34884,2.92746,-12550.9,-0.392699,3.74452,4.84415,2.69729,4754.36,0.523599,0,0,0,1.50392,0.0159023,-1.11968,-0.0724796,2.54552,1.88026,2.92746,-0.737732,3.74452,2.69732,0.0793006,0.0488183,74.683,1.50898,4159.6,7.81359e+07,333730,2597.64,-4.95412e+07,-2.56092e+07,0.0600327,0.0160285,1.03023,2584.09,-41241.8,17914.6,2.72694e+09,6.44264e+08,-6.45749e+08,3.90649e+08,-1.27067e+08,1.27666e+08
4.76,-5.56307,-2.49117,1.5578,50.7929,0.0672938,-126.653,-1.07969,-0.354416,-0.318178,-14.283,2.57663,-3.59458e+06,1.9156,-6.13672,1.31904,-1.69757,0.749426,3.48685e+08,3.78269,8.75006,3.0243,2.93006,0.0563337,-4.43382,-2.09325,-6.87424,-0.807127,-6.8143,-3.99188,-3.96669,-2.38358,-6.45444,-1.16246,-6.26809,-3.92747,-0.107635,-5.56711,11.718,16.0225,-0.513119,-21.4737,0.0185966,-21.0073,-1.12839,69.1751,-0.0811925,-43.9195,2.5368,-171.525,1.8669,-78.6135,2.9141,-228.155,-0.751103,-237.789,3.73399,76.8184,2.6868,-188.315,0.0687379,-29.8207,250.085,368.603,-317.498,2.86294,3371.83,-173.397,2.3625,168.774,-14689.1,1013.88,-18.2142,173.316,-24.8587,-77358.1,-605.33,10.6661,-105.229,65621.8,-2367.91,28.092,0,-270.862,-42810.4,-1270.6,0.332195,-65.9187,158196,-3085.97,41.6894,3278.42,165105,-3577.65,-2.67796,-245.885,-106718,1136.72,10.7929,214.508,60.0084,641533,-2686.34,-74.0767,-791.552,-87.1352,-2214.01,3.21113,0.127425,-252.538,-25.3233,86.6157,-790.048,-41.5926,-158.696,-9.64254,-83.8385,574.278,72.1929,0.611874,-3.23639,2.75044,-5.58812,-1.97866,-0.513119,0,4278,1.29063e-14,5.70655e-14,5.19584e-14,4.95784e-14,-6.50684e-10,2.63554e-11,-4.15184e-10,7.90458e-08,-3.40654e-08,1.87258e-08,0,-1.12839,3.35824,-0.0811917,-0.0253683,3.14159,1.8669,-15.7215,2.91409,-45.631,-0.392699,3.73399,15.3756,2.68673,-37.663,0.523599,0,0,0,1.50655,0.0185966,-1.12839,-0.0811925,2.5368,1.8669,2.9141,-0.751103,3.73399,2.6868,0.0687379,0.0486972,42.947,12.0083,0.0997224,4951.2,-158.31,-17.427,-442.802,29334.3,0.0600003,0.0160178,1.03079,2465.2,-4570.41,19138.6,4673.52,23544,-16952.7,4101.23,159990,-143513
4.78,-5.56451,-2.50102,1.56042,61.4041,0.0695953,-127.07,-1.08431,-2.56244,-0.222078,2.97375,2.32898,-3.59459e+06,1.9037,12.6783,14.4658,6.17479,-0.110473,3.48685e+08,3.78079,-0.685344,6.41252,4.53792,0.260071,-4.43416,-2.09727,-6.8745,-0.814079,-6.81255,-4.0024,-3.96839,-2.38976,-6.45893,-1.17436,-6.26622,-3.93894,-1.9719,27.2546,5.46711,16.725,-0.522883,-19.928,0.0210071,-131.017,-1.1329,-60.8327,-0.0857038,-42.392,2.53229,1237.39,1.85511,-547.249,2.90231,871.31,-0.762867,-331.808,3.7322,161.283,2.68501,-80.5217,0.0670358,-32.4571,272.253,-237.445,-336.077,2.31438,-17568.8,-2085.22,28.1399,366.69,-31494.8,-957.872,12.88,388.107,-432.021,20831.3,-724.791,10.0214,-315.595,-3.12124e+06,20745.6,-32.8559,0,-12679.4,-1.14253e+06,-9148.88,19.0497,1189.65,-2.51419e+06,14574.8,-29.2867,-1915.57,-29247.3,-5673.05,29.8773,-38.3318,109761,2831.06,-19.3131,33.5151,166.464,35584,-1367.34,6.67563,-19.0438,0.281219,-173.476,3.35136,0.131188,530.557,-20.8234,-24.2213,72.1182,-158.093,781.461,368.614,-1114.8,102.413,174.684,10.448,58.1557,7.6075,-5.58994,-1.97875,-0.522883,0,4269,-2.27596e-15,-2.13163e-14,3.55271e-14,3.81917e-14,7.26511e-09,-1.28191e-08,8.97155e-09,-6.54209e-08,2.07301e-07,-1.38612e-07,0,-1.1329,-2.87991,-0.0857077,-0.0318804,3.14159,1.85511,-109.432,2.90232,174.262,-0.392699,3.7322,32.2528,2.68503,-16.1043,0.523599,0,0,0,1.50921,0.0210071,-1.1329,-0.0857038,2.53229,1.85511,2.90231,-0.762867,3.7322,2.68501,0.0670358,0.0485881,6.70218,33.2901,-0.00279184,10516.2,-3.80875,0.0562438,-34.6951,2095.84,0.0599712,0.0160082,1.03136,-6947.86,2033.69,-8514.83,1.74199e+06,-240122,502641,63045.8,-11269.8,-9044.77
4.8,-5.56691,-2.51018,1.56313,57.4499,0.0724911,-124.516,-1.08494,-2.24096,-4.90956,3.06715,1.31766,-4.55847e+06,1.889,3.88842e+06,-0.347172,2600.68,865.062,3.48685e+08,3.77618,3.29128,2.09216,12.4411,0.034177,-4.43671,-2.10151,-6.87538,-0.819754,-6.81107,-4.01104,-3.97111,-2.39429,-6.46517,-1.18612,-6.26445,-3.95012,-5.32658,3.88756e+06,5.34926,17.5268,-0.531917,-34.5472,0.0240604,-1519.25,-1.13337,-1342.25,-0.0861753,-76.9353,2.53182,1969.77,1.84057,-820.4,2.88777,1.29769e+06,-0.777423,-487.363,3.72775,253.483,2.68056,-18.3198,0.0625558,-35.599,298.731,5245.78,-435.697,89.4369,-1.00433e+06,-15854.7,5627.51,10050.7,-1.2176e+06,-14033.2,4989.27,10076.3,-5189.78,352878,-805.741,287.096,-0.344452,-9.56431e+06,30771.8,-1934.64,0,-24240.1,-2.39875e+06,-12545.9,934.133,1920.45,1.49609e+12,1.99014e+07,-1.45142e+06,-4.15783e+09,101642,-6700.22,990.015,-116.924,99902.7,3359.46,-608.189,102.787,218.461,36967,-259.937,30.5768,-10.0854,48.1017,-59.8668,3.51143,0.135326,-197.707,127.668,-7.36483,95.6794,-4.81942e+07,1.94421e+08,130113,-2109.9,301.013,611.871,128.524,93.2389,9.92491,-5.59256,-1.97888,-0.531917,0,4256,-2.12053e-14,-4.1922e-13,-4.76064e-13,-5.44939e-13,5.62847e-09,9.2187e-09,-8.89122e-09,2.57325e-08,2.37438e-07,1.15211e-07,0,-1.13337,-66.9512,-0.0861779,-13.5802,3.14159,1.84057,-165.208,2.88777,259539,-0.392699,3.72775,50.6978,2.68055,-3.66396,0.523599,0,0,0,1.51199,0.0240604,-1.13337,-0.0861753,2.53182,1.84057,2.88777,-0.777423,3.72775,2.68056,0.0625558,0.0484307,20.5578,43.693,0.000276321,38373.3,-2.01708,9.62034,-11.9734,262.592,0.0599292,0.0159943,1.03188,961388,1.24175e+06,-12279.6,1.1682e+12,2.9956e+11,-2.99528e+11,397812,-150238,-872.307
4.82,-5.56967,-2.51873,1.56595,68.0835,0.075607,-122.263,-1.08574,-5.98528,1.1246,505.076,2.69096,-4.67922e+06,1.87183,312561,0.918372,557.553,165.566,3.48685e+08,3.76337,-22.2178,2.65405,-22.6113,-0.00528974,-4.43961,-2.10473,-6.87592,-0.824124,-6.81007,-4.01478,-3.97424,-2.39788,-6.47205,-1.19748,-6.26272,-3.96084,-4.41004,312396,-19.5584,18.4466,-0.540328,-20.6472,0.0273699,271.625,-1.13397,348.505,-0.0867759,-31.6661,2.53122,1063.46,1.82359,-469.595,2.87079,277651,-0.794403,-184.298,3.71513,25.9919,2.66793,-0.930839,0.0499688,-39.3802,330.644,-594.279,-398.861,4.98716,27583.3,5759.5,-149.442,635.247,35260.3,7241.97,-186.437,636.999,992.861,-179410,-648.185,16.6005,-5.05671,-2.20321e+06,19772.2,-57.2185,0,-8877.42,-977134,-8734.52,35.1544,1043.02,7.0494e+10,5.16443e+06,-19718.7,-3.56983e+08,244794,-2510.56,-64.8034,-654.031,-201085,-323.267,72.4351,583.649,4.76317,51413.6,189.982,-19.1358,-124.831,0.778077,-1.6955,3.69509,0.141379,531.678,112.685,-194.584,25178.8,-6.03747e+06,1.56282e+07,27956.1,9.39701,-975.079,-1157.59,-24.4794,50.2329,0.214235,-5.59579,-1.97904,-0.540328,0,4240,5.55112e-16,-1.32117e-14,3.90799e-14,4.11893e-14,-7.26107e-09,-1.28619e-08,1.21363e-08,-7.35139e-08,-2.38007e-08,-1.35257e-08,0,-1.13397,17.3682,-0.0867747,0.0435313,3.14159,1.82359,-93.6508,2.87079,55530.3,-0.392699,3.71513,5.19786,2.66796,-0.186168,0.523599,0,0,0,1.51489,0.0273699,-1.13397,-0.0867759,2.53122,1.82359,2.87079,-0.794403,3.71513,2.66793,0.0499688,0.0482371,116.716,0.952556,-3.29919e-05,-249.64,-24.9663,0.155615,-0.3391,27.097,0.0598775,0.0159771,1.03235,43169.4,77117.7,27849.5,5.35904e+10,1.41004e+10,-1.40935e+10,-6985.95,809.121,30.97
4.84,-5.57257,-2.52674,1.56897,58.0654,0.0774266,-123.856,-1.086,-3.90666,0.516439,-201.665,2.80892,-4.68713e+06,1.85726,-15403.6,3.228,-31.5577,-10.9732,3.48685e+08,3.74736,41.9096,2.51579,60.8669,0.0802775,-4.44265,-2.10971,-6.87572,-0.827923,-6.81114,-4.01521,-3.97736,-2.40298,-6.47735,-1.20713,-6.26299,-3.97011,-3.05754,-15389.4,44.3451,19.5064,-0.54819,-27.7477,0.029371,112.203,-1.13405,236.137,-0.0868565,-51.9071,2.53114,-175.881,1.8092,-125.498,2.8564,-15189.3,-0.808807,-239.424,3.69931,53.0392,2.65211,-3.62558,0.0340709,-43.9807,369.45,1132.77,-484.278,7.61036,17324.4,1929.57,-59.9733,193.117,-8775.72,3858.68,-115.882,192.951,457.381,-221171,-833.251,24.7321,2.81485,93480.6,-2803.87,66.862,0,-396.744,-45873.1,-2381.26,7.82993,-58.7746,2.31222e+08,-228012,7264.3,1.92851e+07,213086,-4438.78,-19.5245,-473.663,-159862,1041.47,40.1203,430.663,6.10729,149209,-137.957,-45.5496,-292.973,-0.378994,-9.01577,3.90675,0.151003,-500.902,-79.6501,-90.6007,-10158.4,-395423,-770034,-1499.38,84.1426,2230.49,2986.46,-11.2441,-2.80771,0.271376,-5.59882,-1.97918,-0.54819,0,4225,-9.82547e-15,-3.59712e-14,6.21725e-15,9.54098e-15,-1.90515e-09,-1.34098e-09,2.04977e-09,-1.98942e-07,-1.42583e-07,7.60471e-08,0,-1.13405,11.8081,-0.0868587,-0.00564366,3.14159,1.8092,-24.9676,2.85638,-3037.86,-0.392699,3.69931,10.6096,2.65206,-0.725115,0.523599,0,0,0,1.5179,0.029371,-1.13405,-0.0868565,2.53114,1.8092,2.8564,-0.808807,3.69931,2.65211,0.0340709,0.0480556,86.1552,1.22166,0.000280501,-9940.52,-58.5947,-0.0757988,-1.80315,10527.4,0.0598291,0.0159611,1.0328,-19705.6,-66300.2,57774.2,1.57226e+08,4.19823e+07,-4.23282e+07,-89730.6,102282,-52422.2
4.86,-5.57572,-2.5344,1.5723,57.3476,0.0788382,-128.771,-1.08723,-4.39533,10.0087,-39.0775,7.42328,-6.22957e+07,1.84417,-1.14726e+08,3.3305,-8219.85,-2745.48,3.49088e+08,3.731,-1.46432e+06,1.90179,-163.035,54.8091,-4.44561,-2.11454,-6.87575,-0.831689,-6.81292,-4.0149,-3.98069,-2.40839,-6.48236,-1.21606,-6.26411,-3.97874,1.33167,-1.14723e+08,-1.46438e+06,20.7839,-0.555683,12.7547,0.0309882,1049.54,-1.13508,10838.4,-0.087884,-4128.38,2.53011,-533.122,1.79632,111.97,2.84352,-4.10848e+06,-0.821665,105.328,3.68315,-149.16,2.63596,81968.9,0.0179537,-49.8646,419.115,6137.73,-223.593,718.243,-633771,1350.54,30160.8,-5195.72,8.99999e+07,14394.7,309455,-55226.9,148962,-6.88621e+07,-5479.7,-117884,-3072.01,640830,-28315.2,26077,0,-4060.04,-504659,5421.9,-4679.69,-568.096,1.64953e+13,-1.85594e+08,1.51568e+08,1.48521e+11,106282,-4977.3,10336.6,232.076,-76410.2,2155.67,-7457.25,-215.062,-59.1878,-3.07275e+08,-3.70417e+06,7.79455e+06,345909,45771.9,4.39318e+08,4.1619,0.166293,-35.8904,-245.783,-137.344,-1997.79,-2.88043e+09,-5.73629e+09,-410914,2.0142e+07,-7.3216e+07,-8230.29,-563.68,-26.8465,-2.58968,-5.60225,-1.97935,-0.555683,0,4208,4.60743e-15,-8.88178e-14,-5.68434e-14,4.26326e-14,3.55707e-09,-7.49189e-09,6.98492e-09,2.10184e-08,8.60707e-08,-4.55757e-08,0,-1.13508,13.0348,-0.0878832,25.109,3.14159,1.79632,4.54805,2.84353,-821695,-0.392699,3.68315,-30.3441,2.63595,16393.8,0.523599,0,0,0,1.52112,0.0309882,-1.13508,-0.087884,2.53011,1.79632,2.84352,-0.821665,3.68315,2.63596,0.0179537,0.04785,-45.1712,-12.1234,-2740.07,9.34486e+08,69181.8,9154.39,8.78636e+07,-6.83642e+07,0.0597743,0.0159429,1.03322,1.08818e+06,-7.43578e+06,9.6087e+06,1.16948e+13,3.29343e+12,-3.29353e+12,4.67277e+09,-3.38789e+08,3.40509e+08
4.88,-5.57846,-2.54067,1.57609,74.3123,0.0806428,-126.738,-1.0881,-1.37297,-2.36839,4.05354,1.53335,-6.24155e+07,1.82921,233095,4.68864,547.395,180.499,3.49088e+08,3.72512,17.3865,1.4673,4.12978,-0.320189,-4.44834,-2.11753,-6.87508,-0.833754,-6.81326,-4.01919,-3.98366,-2.41178,-6.48749,-1.22398,-6.26424,-3.98625,-2.13312,232919,19.174,22.3727,-0.561817,-25.6938,0.0329741,48.3586,-1.13576,-1215,-0.0885671,589.421,2.52943,1170,1.78154,-492.163,2.82874,272403,-0.83645,-418.002,3.67746,217.864,2.63026,-409.638,0.0122626,-57.717,485.321,-725.734,-585.772,4.54968,17932.7,1358.94,-23.6756,137.881,-1.55231e+06,-30790.6,509.064,-2692.03,27765.1,284589,15007.4,-248.743,698.781,-2.56e+06,26089.9,-52.1111,0,-8612.18,-1.33559e+06,-10966,30.2944,1173.02,7.38968e+10,6.07101e+06,-15761.2,-3.2167e+08,7748.97,-9486.11,49.5518,-68.9291,115715,5036.02,-32.8066,64.3131,206.815,334928,-9145.92,36.8868,-147.777,-175.88,-3151.53,4.47931,0.189539,848.237,101.687,7.61673,150.85,-5.99181e+06,1.16549e+07,27448.2,-3453.92,1003.22,134.47,60.9584,54.6534,8.93069,-5.60528,-1.97949,-0.561817,0,4193,-7.60503e-15,4.06342e-14,-7.05547e-14,-7.10543e-15,-7.2522e-08,1.23801e-07,-1.18391e-07,2.01302e-08,4.12614e-07,-5.0954e-07,0,-1.13576,-0.514432,-0.0885687,-1.29605,3.14159,1.78154,-98.4502,2.82874,54480.6,-0.392699,3.67746,43.5736,2.63026,-81.9277,0.523599,0,0,0,1.52463,0.0329741,-1.13576,-0.0885671,2.52943,1.78154,2.82874,-0.83645,3.67746,2.63026,0.0122626,0.0476687,12.8629,41.3634,0.00403511,53815.2,-29.5554,-35.1759,-630.307,19308.2,0.0597259,0.0159269,1.03356,14990.2,-65156.6,141996,5.15958e+10,1.47783e+10,-1.47715e+10,252727,75171,-89823.1
4.9,-5.58117,-2.54631,1.58065,57.4271,0.082376,-122.744,-1.08868,-0.409,2.79524,1.03411,2.88883,-6.26994e+07,1.82012,-1.18261e+06,8.68797,-2671.18,-891.538,3.49088e+08,3.72392,5.4061,-1.40469,10.1476,-0.0734063,-4.45109,-2.12013,-6.8765,-0.837464,-6.81349,-4.02537,-3.98659,-2.41465,-6.49247,-1.23119,-6.26444,-3.99307,2.639,-1.18171e+06,4.07482,24.4819,-0.567319,-35.075,0.0348764,-342.435,-1.13618,1661.35,-0.0889859,-814.124,2.529,-5800.74,1.77262,1261.29,2.81982,-1.32736e+06,-0.845365,-537.667,3.67642,293.717,2.62922,-129.675,0.0112461,-69.046,580.768,2045.62,-773.564,10.8552,-72834.1,-6883.15,175.13,1011.08,2.53648e+06,33778.9,-870.457,-4880.66,-7121.83,-1.08581e+06,-16563.1,427.163,-830.199,-3.9511e+07,-133432,874,0,-86159.7,-3.08654e+07,29064.8,-184.482,-5301.08,1.79059e+12,-3.05961e+07,193023,1.71023e+09,55657,-12230.3,120.603,-122.543,157423,6653.42,-80.7466,114.497,259.412,172703,-2959.88,23.5207,-66.3631,-5.57464,-303.218,4.90074,0.22797,-844.263,199.695,48.2135,8.77953,-1.41939e+07,-5.91305e+07,-133481,-1927.64,404.141,453.274,-66.3774,-242.355,11.0128,-5.60811,-1.97963,-0.567319,0,4179,-3.43614e-14,5.32907e-15,1.77636e-15,1.10134e-13,-3.61402e-07,-7.02071e-07,6.27013e-07,3.86442e-08,-1.73693e-08,8.76921e-08,0,-1.13618,12.7854,-0.088993,-8.66416,3.14159,1.77262,248.346,2.81983,-265472,-0.392699,3.67642,58.7379,2.62924,-25.9349,0.523599,0,0,0,1.52859,0.0348764,-1.13618,-0.0889859,2.529,1.77262,2.81982,-0.845365,3.67642,2.62922,0.0112461,0.0474996,22.8969,51.8789,-0.00397384,45070,-13.2726,-1.11493,-60.6437,2801.63,0.0596808,0.0159119,1.03386,221839,-1.33324e+06,594798,1.22297e+12,3.57902e+11,-3.57928e+11,352082,-104100,-11769.4
4.92,-5.58397,-2.5509,1.58656,82.6828,0.0841446,-132.677,-1.08498,-37.4961,0.133028,-9.99882,2.73037,-6.92423e+07,1.81861,-2.60392e+06,2.95923,1542.51,514.39,3.49088e+08,3.7282,-0.916615,5.28442,3.40932,0.286611,-4.45522,-2.12363,-6.88103,-0.843089,-6.81359,-4.03352,-3.98963,-2.41643,-6.49759,-1.2374,-6.26468,-3.99887,-36.9518,-2.60443e+06,4.08119,27.5807,-0.571774,-31.3771,0.0368141,15.9386,-1.13231,51.1752,-0.0851147,-62.6452,2.53288,-973.147,1.77128,23.1486,2.81848,772846,-0.846709,-427.937,3.68087,187.555,2.63368,-105.209,0.0156921,-87.557,736.648,-1280.03,-879.322,6.28347,18101.3,737.037,-14.2018,174.622,-4035.11,1327.38,-17.5536,-209.625,53.3535,408.062,-1788.84,25.968,-140.89,-331922,-26650.6,117.181,0,-1264.92,-887541,636.83,-6.90816,-810.378,6.1524e+11,2.11624e+07,-79244.2,3.80778e+09,222335,-11554,27.9486,-160.425,-90212.9,5008.23,-7.60567,149.147,161.478,265988,-2607.32,-11.7529,-112.741,-16.9683,-293.875,5.52002,0.295377,1262.79,-496.648,-1840.8,-554.412,-3.27142e+08,-1.30196e+08,77204.2,13.7944,88.2196,111.231,1.9137,-35.9718,6.67305,-5.61094,-1.97976,-0.571774,0,4165,6.82787e-15,3.89688e-14,-3.79696e-14,-1.13243e-14,-2.51367e-08,5.84876e-08,-4.77521e-08,3.44834e-07,3.88387e-07,-3.5398e-07,0,-1.13231,6.1825,-0.0851092,-1.87907,3.14159,1.77128,4.86716,2.81848,154569,-0.392699,3.68087,37.5091,2.63369,-21.0418,0.523599,0,0,0,1.53332,0.0368141,-1.13231,-0.0851147,2.53288,1.77128,2.81848,-0.846709,3.68087,2.63368,0.0156921,0.0473305,29.8278,32.2945,-0.00190698,6642.76,-22.5481,-3.39366,-58.775,7517.2,0.0596357,0.015897,1.0341,1937.5,25195.9,-31148.2,4.1379e+11,1.22985e+11,-1.22967e+11,-18514.2,52043.1,-35740.1
4.94,-5.58717,-2.55527,1.59517,115.62,0.0865925,-140.244,-1.07783,-8.80601,-9.68476,-5.39924,2.67054,-6.94281e+07,1.81275,-52518.5,2.3158,-150.604,-50.3076,3.49088e+08,3.73414,-1.93141,4.01675,3.26233,0.483585,-4.46083,-2.12744,-6.88512,-0.847464,-6.81302,-4.04285,-3.99316,-2.4169,-6.50401,-1.24401,-6.26433,-4.00491,-18.0197,-52465.9,1.60175,32.9679,-0.57599,-36.628,0.0394672,-107.002,-1.12496,190.166,-0.0777596,-45.0771,2.54024,-506.835,1.76562,-140.144,2.81282,-74463.6,-0.852365,-549.514,3.68701,259.879,2.63981,-113.19,0.0218739,-124.988,1051.86,-2317.64,-1232.75,10.0392,-17544.9,-3431.69,52.7408,338.804,31730.7,6545.85,-109.036,-331.7,-94.2435,21830.6,-1591.97,27.2813,-100.064,158167,-16703,118.581,0,-411.721,-254879,-4572.52,7.30358,-362.678,5.7517e+09,-2.44865e+06,14211,7.94098e+07,193586,-18023.5,72.3439,-119.67,23601.9,8563.65,-37.6714,110.494,239.275,240438,-3556.14,0.48954,-60.7076,-0.91301,-253.299,6.59683,0.430822,1646.84,-378.367,-415.038,-319.887,-9.29028e+06,-2.62578e+06,-7451.73,286.344,37.7765,110.433,-3.5857,-15.1478,9.34676,-5.61438,-1.97992,-0.57599,0,4148,1.09357e-14,2.24265e-14,5.17364e-14,-5.37348e-14,2.59501e-08,-7.81865e-08,5.23087e-08,1.00099e-07,-2.81588e-08,1.14367e-07,0,-1.12496,29.1198,-0.0777574,-0.261382,3.14159,1.76562,-28.3711,2.81283,-14892.7,-0.392699,3.68701,51.962,2.63987,-22.6379,0.523599,0,0,0,1.53943,0.0394672,-1.12496,-0.0777596,2.54024,1.76562,2.81282,-0.852365,3.68701,2.63981,0.0218739,0.0471253,22.0924,47.8462,-0.00931512,8557.89,-12.1415,-0.182602,-50.6598,9472.35,0.059581,0.0158788,1.03432,-187365,165703,-47694.6,3.82677e+09,1.16976e+09,-1.1715e+09,-74929,86068.2,-45390.2
4.96,-5.59061,-2.5578,1.61081,43.2135,0.0885168,-145.648,-1.07245,2.81619,-5.60916,1.29261,-5.34518,-6.94281e+07,1.80387,-15.3161,2.56207,-4.70031,-1.38708,3.49028e+08,3.7351,453035,1.96961,-111.105,38.234,-4.46609,-2.12941,-6.88754,-0.848376,-6.81364,-4.04714,-3.99687,-2.41635,-6.50997,-1.2483,-6.26498,-4.00873,5.6938,-11.367,452998,45.8819,-0.578351,-59.9292,0.0415966,895.045,-1.11937,-614.281,-0.072177,-1951.55,2.54581,-1386.31,1.75695,-71.3176,2.80414,-1327.07,-0.861057,-603.833,3.68818,187.434,2.64098,56736.3,0.022972,-241.937,2036.12,2538.4,-2618.38,5.54479,8974.12,38611.2,-159.159,1968.25,-953368,-26410.5,108.167,-1736.07,965.569,7.47101e+06,-83631.4,340.204,-34770.8,-141578,-60619.2,89.1063,0,-1256.14,-1.81e+06,-3228.25,-1.00149,-1118.61,-169145,-58288,72.3883,5930.67,990106,-26473.5,-1.82608,-747.247,-700451,8145.32,17.6966,689.179,90.3286,-1.04426e+09,2.36576e+06,27772.8,503120,31661.1,-1.37688e+08,9.17871,0.781982,-3620.31,-270.171,161.582,-11.0795,-1205.77,-623.254,-165.995,-2.96666e+06,2.26519e+07,-5633.83,32.9919,-40.0241,3.03208,-5.61782,-1.98009,-0.578351,0,4131,1.82354e-14,1.55431e-15,4.35207e-13,-5.68434e-13,-9.02515e-08,2.36801e-07,-1.67523e-07,5.0609e-07,5.04814e-07,-6.76731e-07,0,-1.11937,-102.845,-0.072179,-2.05919,3.14159,1.75695,-14.2563,2.80413,-265.414,-0.392699,3.68818,36.9973,2.64097,11347.3,0.523599,0,0,0,1.54825,0.0415966,-1.11937,-0.072177,2.54581,1.75695,2.80414,-0.861057,3.68818,2.64098,0.022972,0.0469202,133.486,17.7924,1192.08,4.43088e+08,100624,6332.23,-2.75375e+07,-6.15095e+07,0.0595264,0.0158607,1.03443,-981701,623166,-165745,1.18257e+06,-30808.8,362860,2.21529e+09,-3.05088e+08,3.0664e+08
4.98,-5.59288,-2.55878,1.68106,-1117.77,0.0898946,-66.7114,-1.06811,11.5959,12.3456,-2.37547,3.11509,-6.94281e+07,1.79734,71.7729,-7.89084,48.0949,-43.9632,3.49028e+08,3.73742,201.957,-8.0666,45.9339,21.7391,-4.46979,-2.13024,-6.88901,-0.848188,-6.81381,-4.05038,-3.99934,-2.41514,-6.51404,-1.25056,-6.26525,-4.01065,23.9679,107.845,172.151,152.814,-0.57923,-200.056,0.0431071,-2116.83,-1.1149,2686.57,-0.0676989,-1692.49,2.55029,6041.93,1.75055,-2775.54,2.79775,3986.66,-0.86743,-4157.81,3.69063,2595.93,2.64343,-3750.47,0.0254791,-2684.63,22575.2,38519.9,-29369.2,18.4357,-3.0636e+06,-307151,354.707,6733.27,-1.64261e+06,390727,-458.733,-6702.34,-2299.83,3.31968e+07,-246510,292.573,-14977.9,-7.68745e+07,893258,-140.653,0,-37066.4,-3.87245e+07,-409497,101.398,6336.25,-5.54452e+07,588520,-131.74,-7338.69,-1.69601e+07,-612790,383.544,-2339.68,2.9694e+07,382724,-299.765,2152.05,2583.22,-1.35335e+06,-552842,392.024,-3633,-1416.73,-21145.9,30.5635,3.51203,-58049.2,3946.81,605.774,-191.612,-960.598,3730.87,2462.54,-23842.5,10232.4,2227.1,-31.1518,94.546,36.2737,-5.62005,-1.98019,-0.57923,0,4120,-3.64153e-14,-3.49942e-13,6.92779e-14,-6.53699e-13,-2.07231e-07,2.5709e-07,-2.35992e-07,-3.40899e-08,-1.41324e-08,-2.75603e-08,0,-1.1149,404.846,-0.0677076,4.30848,3.14159,1.75055,-555.05,2.79776,797.331,-0.392699,3.69063,519.006,2.64347,-750.095,0.523599,0,0,0,1.56403,0.0431071,-1.1149,-0.0676989,2.55029,1.75055,2.79775,-0.86743,3.69063,2.64343,0.0254791,0.0467875,430.246,516.53,-0.601579,1.05151e+07,-726.6,-283.346,-4229.19,-4.99379e+06,0.059491,0.015849,1.03446,4.6153e+07,-2.74898e+07,1.12373e+07,2.03305e+07,1.39649e+07,1.3111e+06,8.06544e+07,-4.99068e+07,2.50291e+07
5,-5.59463,-2.55948,1.72127,-1139.87,0.0910182,-67.3024,-1.06509,-1.54378,-1.29099,1.34319,2.27141,-6.94281e+07,1.78821,21.5803,1.5951,7.70731,2.38373,3.49028e+08,3.74297,2.26537,1.79799,7.89803,-1.09931,-4.47257,-2.13058,-6.88853,-0.84651,-6.81371,-4.05482,-4.00125,-2.41406,-6.51726,-1.25229,-6.26537,-4.0121,-1.96458,20.7916,5.16267,-16.2517,-0.57985,20.5815,0.0443272,52.1912,-1.11178,-187.644,-0.0645792,136.735,2.55341,2052.87,1.74152,-322.273,2.78872,2503.06,-0.876477,-267.188,3.69628,372.175,2.64908,-122.104,0.0310692,-30.5707,256.35,-263.085,-309.648,0.604767,-3458.25,-903.131,3.19819,-213.743,52467.8,2937.11,-11.1329,563.314,279.279,-24997,-2110.45,8.08265,214.228,-3.6351e+06,-31537.6,30.1946,0,14835.1,-4.13692e+06,4947.7,-4.57842,1898.83,-2.47907e+06,-38423.5,34.6479,-13061.9,-786240,2706.54,-25.6304,5083.43,872825,-4451.88,25.1537,-4645.66,480.956,-121743,1470.42,-8.07975,1372.27,57.8132,-225.893,-3.25693,2.0105,-1104.71,-29.5504,-17.913,15.2581,426.853,1220.78,455.65,59.1501,248.057,358.28,-51.1785,-882.834,-211.598,-5.62167,-1.98027,-0.57985,0,4112,1.28564e-13,3.38396e-12,-3.50653e-12,-1.47082e-12,-1.9825e-06,4.05179e-06,-3.08909e-06,1.88881e-07,6.26271e-07,-5.01363e-07,0,-1.11178,-5.31072,-0.0645821,1.9911,3.14159,1.74152,-64.4594,2.78871,500.612,-0.392699,3.69628,74.4406,2.64906,-24.4207,0.523599,0,0,0,1.63436,0.0443272,-1.11178,-0.0645792,2.55341,1.74152,2.78872,-0.876477,3.69628,2.64908,0.0310692,0.046691,-929.201,96.196,0.00256039,61422.7,274.453,11.5626,-45.1786,-2493.29,0.0594653,0.0158404,1.03448,7033.32,-21656.9,16171.9,5.44692e+06,314052,571446,456181,-170065,14577.7
5.02,-5.59601,-2.56007,1.81806,-1136.89,0.0915419,-67.5597,-1.0659,-1.9215,7.60449,-4.75691,1.543,-6.47118e+07,1.78117,1.0344e+06,2.711,-515.128,-171.811,3.49028e+08,3.74576,-2.96434,2.32866,-0.565704,0.0843184,-4.4738,-2.12995,-6.88773,-0.844979,-6.8142,-4.05735,-4.00271,-2.41381,-6.51932,-1.25336,-6.26599,-4.01304,7.28159,1.03458e+06,-0.719999,-9.92446,-0.580371,12.8245,0.0449353,259.967,-1.11251,-1552.64,-0.0653128,486.101,2.55269,237.689,1.73456,35.7972,2.78176,-256889,-0.883429,192.504,3.69916,-96.6635,2.65196,-0.298981,0.0340048,-11.4688,96.2447,-70.2742,-117,0.989629,-56118.4,-2405.41,40.3578,-1277.8,1.78618e+06,14117.9,-238.686,7497.02,8785.06,-54214,-4418.99,74.7235,345.989,10075.5,-2259.8,14.2147,0,193.91,-53118.2,-329.997,0.576664,193.949,7.321e+10,2.42317e+06,-12671.8,-1.85023e+09,17957.1,-1774.22,8.77376,50.7787,9155.4,872.621,-5.16742,-46.255,-80.7925,1890.7,2.33127,-0.00546353,-0.159735,-21.2728,21.1812,-1.99565,4.83961,148.574,-12.8662,-25.5339,-255.691,2.35813e+08,5.17203e+07,-25677.8,50.6758,-13.2889,-23.6886,118.675,15.6471,-6.18993,-5.62309,-1.98033,-0.580371,0,4105,-6.42819e-14,7.81597e-14,-6.39488e-14,1.5099e-13,-2.69154e-08,-8.61851e-08,7.15736e-08,-5.42705e-08,-4.61297e-08,-4.62422e-08,0,-1.11251,-7.891,-0.0653048,6.81904,3.14159,1.73456,6.90875,2.78176,-51377.7,-0.392699,3.69916,-19.33,2.652,-0.0597962,0.523599,0,0,0,1.67466,0.0449353,-1.11251,-0.0653128,2.55269,1.73456,2.78176,-0.883429,3.69916,2.65196,0.0340048,0.0466066,-9.24974,-16.1569,0.000582706,2343.62,-0.0319469,-4.25456,4.23625,77.7222,0.0594428,0.015833,1.0345,12111.5,-324484,13537.9,4.57329e+10,1.46416e+10,-1.46477e+10,3843.47,-1043.21,-227.157
5.04,-5.5968,-2.55993,2.11665,-1131.42,0.0920526,-67.7567,-1.06839,-9.57027,19.7458,-0.393711,0.577768,-6.47118e+07,1.7764,-0.893132,2.78173,-0.941713,-0.309265,3.49028e+08,3.74674,-3.06154,2.38656,-0.521851,0.0740781,-4.47395,-2.12782,-6.88723,-0.843552,-6.81421,-4.05803,-4.00357,-2.41285,-6.52078,-1.25369,-6.26604,-4.01324,12.7393,2.19786,-0.749061,-5.0849,-0.58019,6.72907,0.0454941,-2477.82,-1.11494,3419.61,-0.0677472,291.78,2.55024,229.514,1.72984,-3.59849,2.77704,154.721,-0.888153,135.626,3.70019,-82.7457,2.65299,-5.61475,0.0349832,-3.07745,26.0289,-5.67582,-31.9414,1.14682,-3.63732e+06,11744,-841.844,-158499,-173865,-16237.2,1163.44,220215,-4407.7,-449220,-1385.68,99.2882,-880.15,-18728.5,-1140.97,24.8367,0,399.383,-50785.4,20.2828,-1.04443,204.65,-21570.9,-760.14,14.5083,-378.516,-9704.14,-595.151,18.7778,52.7873,23268.6,339.765,-13.8172,-48.0298,-77.1125,1133.3,23.9575,-0.811234,-4.03111,-23.2711,22.6348,-1.03781,14.9296,273.497,-9.85007,-438.578,15.7655,65.2107,96.5234,15.4689,83.5233,-18.0997,-8.87046,-307.248,19.4231,-6.96436,-5.6239,-1.98037,-0.58019,0,4101,1.06859e-13,-1.20792e-13,2.84217e-14,8.66862e-13,9.21261e-09,-2.30826e-08,5.76907e-09,1.19809e-09,-2.76253e-09,-6.56935e-09,0,-1.11494,332.867,-0.0677534,-11.5262,3.14159,1.72984,-0.719942,2.77704,30.9441,-0.392699,3.70019,-16.5497,2.65298,-1.12295,0.523599,0,0,0,1.7715,0.0454941,-1.11494,-0.0677472,2.55024,1.72984,2.77704,-0.888153,3.70019,2.65299,0.0349832,0.0465584,-9.60631,-15.4229,-0.000176349,2013.89,-0.806221,-4.65421,4.52695,72.4929,0.05943,0.0158287,1.03448,3.17539e+06,-423438,78897.3,11888.3,4777.92,9377.77,7024.96,-2499.62,-116.272
5.06,-5.59768,-2.55936,3.56857,-1126.47,0.0936024,-69.9109,-1.06935,-2.5255,0.171032,-3.85619,2.62393,-6.47118e+07,1.77052,-6.42428,3.37389,-0.676877,-0.850549,3.49028e+08,3.75057,-6.71734,-14.0612,-2.16076,-0.00199798,-4.47479,-2.12434,-6.88772,-0.84227,-6.81266,-4.06062,-4.00468,-2.40981,-6.52369,-1.25455,-6.26467,-4.0137,-1.8368,-2.19984,-20.7766,-1.89649,-0.579578,1.79817,0.0470922,-30.2185,-1.11586,13.5148,-0.0686598,-8.86592,2.54934,-6.16828,1.72401,15.6993,2.77121,-4.01362,-0.893978,26.8686,3.70406,-11.3368,2.65686,-1.77324,0.0388856,-0.491457,4.51137,4.78157,-5.76148,1.45657,-1536.06,170.229,-83.4498,-98.6952,-114.388,-85.8395,41.907,59.949,-23.3201,-943.826,57.9726,-28.2641,13.4877,-253.732,-16.0333,10.1584,0,43.2658,-130.335,-36.6025,3.35027,-6.31312,-322.473,0.505413,2.4495,7.32691,1128.22,-75.0027,7.36932,18.9049,-561.304,32.4494,-2.54575,-17.1245,-6.04512,-470.859,7.39331,0.894774,-5.66083,-2.53578,3.74494,-0.432052,72.5958,247.715,-107.71,-120.105,-148.01,-16.6795,-180.328,24.3893,131.974,-200.699,-64.7717,-2.88855,-0.747002,-0.683221,-5.62471,-1.98041,-0.579578,0,4097,2.62013e-14,-3.11418e-14,-4.77396e-15,-4.30767e-14,-1.16326e-09,-1.46275e-09,-5.92646e-10,3.55969e-08,-3.57225e-08,-4.85156e-08,0,-1.11586,2.6617,-0.0686502,-0.757355,3.14159,1.72401,3.13982,2.77121,-0.802724,-0.392699,3.70406,-2.26725,2.65688,-0.354647,0.523599,0,0,0,2.07014,0.0470922,-1.11586,-0.0686598,2.54934,1.72401,2.77121,-0.893978,3.70406,2.65686,0.0388856,0.0465102,-3.42477,-1.20898,4.66646e-05,335.223,-1.13217,-0.507156,0.748987,132.84,0.0594172,0.0158245,1.03444,14629.4,-6069.7,3313.01,-2011.09,1643.81,-354.349,3541.67,-566.029,-480.721
5.08,-5.59773,-2.56007,8.26626,-1126.38,0.0954821,-70.0757,-1.07215,1.68137,-0.262556,-1.48668,2.8274,-6.47118e+07,1.76495,-16.8318,2.8854,-1.41917,-0.847679,3.49028e+08,3.7537,-2.28231,3.01892,-1.27539,0.379776,-4.47432,-2.12073,-6.88792,-0.842702,-6.80983,-4.06425,-4.00502,-2.40753,-6.52619,-1.25701,-6.26198,-4.01566,1.73301,-13.0987,0.356833,0.413739,-0.580286,5.69787,0.0489719,29.5469,-1.11866,-31.9304,-0.0714617,148.268,2.54653,9.47904,1.71844,17.8626,2.76564,140.56,-0.899548,-61.9342,3.70719,70.0579,2.65999,54.2394,0.0419665,-0.0774572,1.19995,19.6501,-1.15186,30.6067,-2340.78,-3.31076,206.205,-131.993,-3925.53,2.23232,-166.632,-24.6055,41.093,56008.1,-11.9102,838.721,-2190.62,423.646,11.4046,77.0398,0,107.347,-226.429,-11.5515,99.8849,-10.3727,19707.4,-186.476,653.33,10937.7,-14990.7,-13.768,-211.3,394.753,21350.9,4.09083,276.996,-356.275,111.67,6018.14,1.59098,219.65,-202.142,59.4024,-140.235,-0.22283,234.885,4.45944,-8.24033,50.5578,1.25353,97.6216,-700.982,8.23375,28.577,21.2096,-8.88636,3.24456,-0.988849,10.2025,-5.62471,-1.98041,-0.580286,0,4097,-1.21902e-13,-6.06182e-14,4.81837e-14,6.21725e-14,-2.57649e-09,-8.54739e-12,-1.14317e-09,4.45248e-09,6.57484e-09,1.56026e-08,0,-1.11866,-3.92669,-0.07146,0.0629492,3.14159,1.71844,3.57281,2.76564,28.112,-0.392699,3.70719,14.0119,2.65996,10.8479,0.523599,0,0,0,3.52206,0.0489719,-1.11866,-0.0714617,2.54653,1.71844,2.76564,-0.899548,3.70719,2.65999,0.0419665,0.0465102,-71.2584,22.3352,0.0031118,1328.02,-40.4284,11.8805,-28.047,511.368,0.0594172,0.0158245,1.03448,-1881.59,2295.16,-14326.2,5344.8,-29724.4,34858.6,19094.2,-4542.26,-3270.55
5.1,-5.5968,-2.56151,9.1177,-1126.44,0.0976877,-70.1918,-1.08286,1.076,0.128773,-12.2652,2.805,-6.47118e+07,1.75935,1.93639,2.77981,-0.490957,-0.288089,3.49028e+08,3.75816,66.0146,2.81537,-31.1537,0.0933171,-4.47064,-2.11365,-6.88754,-0.844176,-6.80546,-4.06964,-4.00443,-2.40545,-6.52813,-1.2605,-6.25784,-4.01857,1.54136,5.00428,68.7366,-2.70161,-0.581766,12.6782,0.0511293,117.725,-1.12942,40.1782,-0.0822186,35.5949,2.53578,249.924,1.71279,9.47611,2.75999,409.515,-0.905192,99.6583,3.7116,-42.698,2.6644,0.0500156,0.0464241,-0.924062,8.08935,-345.704,-5.80378,78.3981,-25333.2,-13.4343,910.094,-374.34,-35604.7,-5.22637,319.452,-373.92,385.158,1664.18,-2.84576,259.112,-1.81601,-26969.5,-191.498,1397.19,0,232.135,-58213.5,-16.9551,20.269,200.514,37113,-359.18,2133.7,-3830.81,15197.4,-112.288,458.056,119.038,-10138.9,50.3389,-191.748,-106.877,0.481655,-6084.63,12.9891,23.697,-28.3684,0.18738,-0.242524,-0.578586,42.5721,-2.96014,-5.80132,1.45616,-538.741,553.758,237.147,49.1561,4.45477,3436.28,-1519.35,3.85603,3.78954,0.00875858,-5.6239,-1.98037,-0.581766,0,4101,6.35499e-14,1.70308e-13,-1.68754e-13,-1.77677e-13,-4.29731e-09,-1.12537e-08,7.29342e-09,-4.25695e-08,-5.49412e-08,-7.67729e-08,0,-1.12942,2.00222,-0.0822131,0.0471292,3.14159,1.71279,1.89725,2.76,81.903,-0.392699,3.7116,-8.53912,2.66442,0.0100031,0.523599,0,0,0,8.2197,0.0511293,-1.12942,-0.0822186,2.53578,1.71279,2.75999,-0.905192,3.7116,2.6644,0.0464241,0.0465584,-21.3745,0.0963278,-2.72527e-06,389.746,-5.67368,0.0374759,-0.0485047,-146.819,0.05943,0.0158287,1.03457,1539.23,6670.06,179.661,106509,14241.6,7796.26,-648.687,292.997,885.992
5.12,-5.59569,-2.56138,14.1953,-1126.4,0.0989893,-70.1883,-1.08769,1.33366,-0.1615,-1.37219,2.84175,-6.47118e+07,1.75919,-1.36612,2.95052,-1.97876,-0.700988,3.49028e+08,3.76539,3.72081,2.79125,3.29499,-0.0923178,-4.46831,-2.10919,-6.88805,-0.845198,-6.80208,-4.0743,-4.00352,-2.40325,-6.52871,-1.26158,-6.25484,-4.0193,1.472,2.28538,6.60438,-0.381987,-0.58169,7.48627,0.0523706,107.912,-1.13431,-22.0102,-0.0871089,69.2677,2.53087,48.4342,1.71257,20.3773,2.75977,10.0844,-0.905422,54.4297,3.71877,-26.1648,2.67157,0.043368,0.0535672,-0.0816706,1.17562,-12.7755,-1.04225,39.9702,-15905.8,-5.88524,662.899,-356.342,-22681.4,0.909716,-119.492,-82.3306,156.084,6236.97,-3.37776,404.273,-73.6408,3728.39,-3.48606,310.492,0,61.7708,-2630.92,-8.05862,90.4245,21.8715,1068.46,-0.526445,66.1919,-12.0321,5019.79,-17.7718,269.716,72.4378,-3369.63,7.96371,-128.896,-64.4902,4.20685,-224.464,0.203553,0.36964,-1.84456,1.16942,-1.14302,-0.220569,253.881,2.1486,0.174703,31.6291,-13.018,-32.1451,72.0133,-50.6626,19.0313,321.95,174.323,16.257,2.81523,0.522771,-5.62288,-1.98032,-0.58169,0,4106,1.77885e-13,3.45501e-13,-1.97176e-13,-4.02123e-13,1.59168e-08,-2.55523e-08,1.74018e-08,-7.05915e-08,-6.34948e-08,-6.4306e-08,0,-1.13431,-2.57559,-0.0871208,2.44837,3.14159,1.71257,4.07547,2.75977,2.01687,-0.392699,3.71877,-5.23314,2.67156,0.00867361,0.523599,0,0,0,9.07108,0.0523706,-1.13431,-0.0871089,2.53087,1.71257,2.75977,-0.905422,3.71877,2.67157,0.0535672,0.0466187,-12.8985,0.84139,7.65488e-06,309.38,-0.368911,0.233885,-0.228604,1.51595,0.0594461,0.0158341,1.03458,-3621.16,5731.24,-2171.32,-3954.47,2188.37,-219.536,1251.53,-15.0754,142.136
5.14,-5.59464,-2.56092,14.1578,-1035.04,0.0997938,-422.591,-1.0889,-406.428,1.78353,-3.87056,18.2187,-6.47118e+07,1.75893,-61.2895,-0.668252,-60.163,-1.57523,3.4903e+08,3.77258,-94.6437,-190.576,-162.197,0.448479,-4.46704,-2.1069,-6.88794,-0.845398,-6.79945,-4.07832,-4.00261,-2.40151,-6.52871,-1.26187,-6.25262,-4.01937,-419.721,-60.3825,-285.668,-90.1069,-0.581281,78.2198,0.0531149,408.545,-1.13557,-356.132,-0.0883764,20042.7,2.52962,-2067.88,1.71225,1074.25,2.75945,-996.726,-0.905743,1402.55,3.7259,-642.976,2.6787,63.6059,0.0607088,-934.18,7849.03,-63941.2,-5990.65,-255.105,-1.10206e+06,-23139.2,-4196.11,-1151.33,760853,19072.9,3862.41,636.74,321.66,1.26267e+08,-1.09803e+06,-212801,-5.58292e+06,-7.82096e+06,176499,821.403,0,9494.56,-5.84e+06,-89727.3,-1134,-2169.85,-4.90772e+06,83857.3,831.385,1165.92,-135091,-113991,-2438.22,103.339,1.43605e+06,51050.5,1446.13,-91.2293,-686.401,291221,-5359.43,-59.9356,9.92277,-147.275,191.049,-18.0226,-1.87839,4567.65,-17620.1,-20318.3,-115.167,123.677,-2924.17,-2960.28,108780,-4595.91,-8121.91,0.204171,-1.30296,-0.399238,-5.62187,-1.98028,-0.581281,0,4111,1.1535e-14,-7.11931e-15,-6.49827e-15,3.55271e-15,7.10562e-10,-8.47025e-10,7.19578e-10,9.76072e-10,5.71079e-09,2.72061e-09,0,-1.13557,-70.9607,-0.0883785,0.0436259,3.14159,1.71225,214.849,2.75945,-199.345,-0.392699,3.7259,-128.595,2.6787,12.7212,0.523599,0,0,0,14.1486,0.0531149,-1.13557,-0.0883764,2.52962,1.71225,2.75945,-0.905743,3.7259,2.6787,0.0607088,0.046679,-18.2459,-137.28,-4.19786e-05,1.42852e+06,1.98455,-29.455,38.2098,-41090.7,0.0594621,0.0158394,1.03456,3.70924e+07,-1.77579e+07,9.44363e+08,-4.93815e+06,8.75473e+06,-2.6423e+06,1.80106e+07,-6.97391e+06,204584
5.16,-5.59397,-2.5612,14.1699,-1053.28,0.100615,-424.835,-1.09114,50.2401,-66.4854,1.98507,4719.27,-6.47119e+07,1.76112,-28.9874,3.42897,-11.2865,-0.249836,3.4903e+08,3.77126,47.3322,13.9222,66.874,4.29782,-4.46583,-2.10483,-6.88925,-0.847234,-6.79766,-4.07836,-4.00206,-2.40049,-6.5291,-1.26292,-6.25074,-4.02019,-4732.38,-25.3086,56.9566,39.5773,-0.581594,-84.9417,0.053888,15087,-1.13787,-20801.4,-0.0906718,-4.14246e+06,2.52732,-3220.58,1.7144,160.139,2.76159,-1546.16,-0.903599,-3727.36,3.72453,2894.14,2.67733,-1147.39,0.059283,-179.799,1515.03,37679.9,-2807.73,323.457,-8.01308e+07,465697,-80132.8,315982,-8.53723e+07,-641992,110389,-441888,27264.5,-5.15268e+12,-1.27849e+08,2.19839e+07,5.60939e+09,-6.06729e+06,-111315,8640.97,0,-7403.33,-9.84521e+06,5426.11,-497.858,-2845.5,-5.49068e+06,-53917.5,3855.71,2319.31,-2.83631e+07,-119878,18221.3,-19561.7,3.95192e+07,91856.8,-15216.4,17296.2,3160.21,-2.69326e+06,-36461.5,5990.98,-7360.9,207.55,-2181.91,7.91817,0.609181,-911.942,-112.178,2552.19,177.756,-1522.33,-1308.95,-510.145,-1728.06,2502.81,3298.37,-2237.82,318.02,-341.648,-5.62106,-1.98024,-0.581594,0,4115,8.20677e-13,-1.72236e-11,1.00044e-11,0,-2.23807e-07,-4.0015e-07,2.86028e-07,-4.08532e-06,4.35644e-06,-2.06102e-06,0,-1.13787,-2003.72,-0.0906746,0.149736,3.14159,1.7144,32.0294,2.76159,-309.232,-0.392699,3.72453,578.987,2.67728,-229.478,0.523599,0,0,0,14.111,0.053888,-1.13787,-0.0906718,2.52732,1.7144,2.76159,-0.903599,3.72453,2.67733,0.059283,0.0467272,3460.2,632.157,0.0854245,6.63231e+06,-1472.18,41.51,-436.382,-1.20486e+06,0.059475,0.0158436,1.03459,-3.9781e+07,1.18954e+08,1.05073e+12,9.80199e+06,-3.2037e+06,4.67207e+06,5.57889e+07,-2.80222e+07,6.0428e+06
5.18,-5.59331,-2.56067,14.2006,-1250.5,0.102077,-402.502,-1.09464,7.45018,-1.19003,-1.89985,-82.4431,-6.47119e+07,1.77249,33.9521,0.041342,44.9072,-1.14168,3.4903e+08,3.76342,77.9177,-3.79463,46.7928,3.30378,-4.46438,-2.10035,-6.89519,-0.852194,-6.7953,-4.07457,-4.00164,-2.39763,-6.53034,-1.26376,-6.24795,-4.02062,91.8448,35.1351,70.8192,73.9583,-0.581094,-99.5717,0.0553132,-345.763,-1.1414,775.631,-0.0942068,298461,2.52378,195.701,1.72572,-719.685,2.77292,208.128,-0.892266,-3718.7,3.71666,2730.57,2.66946,-2093.6,0.0514788,-628.403,5288.12,10641.2,-7015.42,14.6739,-68404.1,-23438.6,81.4488,1108.16,394493,53350.8,-199.445,-1720.37,-571.936,-3.34883e+10,2.05865e+07,-78032.8,-3.95112e+08,-676932,15127.9,66.4361,0,-2927.74,-316755,-51299.4,41.7595,475.985,-554436,15058.1,2.32929,-228.059,-3.90477e+07,-264109,817.792,-16200.2,4.84475e+07,193947,-689.153,14456,2991.03,-1.6233e+07,-148696,521.223,-11835.4,-364.472,-5977.36,14.7931,1.53314,-9860.85,1116.66,416.622,-16.4907,-464.873,1838.59,2290.74,-2006.13,4031.69,2279.61,-10.1075,12.5585,75.7759,-5.62045,-1.98021,-0.581094,0,4118,8.87623e-13,1.39089e-12,-1.11466e-12,0,4.09398e-08,1.53717e-08,-3.64497e-08,7.00949e-08,2.23978e-07,-3.58059e-07,0,-1.1414,62.6235,-0.094209,-0.00227724,3.14159,1.72572,-143.934,2.77293,41.6256,-0.392699,3.71666,546.067,2.66947,-418.719,0.523599,0,0,0,14.1232,0.0553132,-1.1414,-0.0942068,2.52378,1.72572,2.77292,-0.892266,3.71666,2.66946,0.0514788,0.0467634,2890.95,598.173,-0.0579271,6.58076e+06,-2367.09,-72.8943,-1195.47,-1.72286e+06,0.0594846,0.0158468,1.03457,1.79212e+06,-2.1583e+06,5.89185e+09,773309,480127,107600,4.94403e+07,-2.55897e+07,8.64793e+06
5.2,-5.59263,-2.56017,14.1792,-1302.52,0.103937,-401.243,-1.09765,0.41704,-0.585328,-1.07374,2.30639,-6.47119e+07,1.78759,-2.36363,5.14939,-11.2338,-0.987069,3.4903e+08,3.75922,5.32726,6.06801,-2.22393,0.00504573,-4.4631,-2.09549,-6.9031,-0.859,-6.79212,-4.073,-4.00127,-2.39417,-6.53208,-1.265,-6.24456,-4.02133,0.666913,3.77283,11.3902,-62.17,-0.580624,78.0626,0.0571376,25.2837,-1.14445,-211.209,-0.0972563,-1527.98,2.52073,79.8524,1.74079,528.773,2.78799,-99.3312,-0.87719,874.127,3.71242,-305.638,2.66522,64.2897,0.0472545,-445.162,3737.09,1205.19,-4702.95,-3.21481,67936.3,-2038.64,-0.367683,-530.542,21941.4,13286.4,15.4515,989.129,-86.4874,-1.31328e+06,94223.7,118.24,24377.7,50689.8,-5401.78,-20.1577,0,1751.16,-144030,-31691.7,-7.6455,-143.206,-147203,5762.86,-4.3403,211.847,1.72127e+06,-52909.8,-3.45216,787.247,-1.07191e+06,18661.4,-5.77726,-705.949,-196.863,782389,-4059.13,6.64686,269.623,-16.3465,120.257,-12.4357,-1.07094,-2600.79,62.9221,71.1131,21.5994,113.948,23.5578,-501.255,-442.518,401.964,-154.092,2.86488,8.43843,11.0628,-5.61985,-1.98018,-0.580624,0,4121,-7.62411e-14,-1.69331e-12,-1.59806e-12,1.45306e-12,-7.57663e-08,4.03932e-08,-7.35412e-08,2.22822e-07,-1.04528e-07,-3.78768e-08,0,-1.14445,-12.1401,-0.097262,-0.732256,3.14159,1.74079,105.75,2.788,-19.8662,-0.392699,3.71242,-61.12,2.66525,12.8579,0.523599,0,0,0,14.1538,0.0571376,-1.14445,-0.0972563,2.52073,1.74079,2.78799,-0.87719,3.71242,2.66522,0.0472545,0.0467995,-141.17,-39.3688,0.00248797,-24901.9,53.9245,-3.26929,24.0513,28707.6,0.0594942,0.01585,1.03454,-35903.1,57283.5,695728,247937,-74466.4,26068.4,-581595,377677,-144414
5.22,-5.59204,-2.56105,14.2796,-406.084,0.106306,623.493,-1.09891,112.078,-8.1522,365.924,3.96536,-6.47122e+07,1.80154,-1125,-2354.03,-255.758,-55.3868,3.49032e+08,3.75275,-244.294,12.5625,-376.108,0.401754,-4.46253,-2.09203,-6.91119,-0.86732,-6.78839,-4.07184,-4.00107,-2.39128,-6.53455,-1.26812,-6.2405,-4.02376,103.102,-3423.64,-232.133,214.826,-0.581538,-216.912,0.0594701,1466,-1.14574,-1860.29,-0.0985453,-213.476,2.51945,-33047.1,1.7547,6209.31,2.8019,-88548.2,-0.863294,-3466.07,3.70591,1623.02,2.65872,-128.647,0.0407141,-5306.66,44607.5,-170613,-45838.8,168.78,4.46171e+06,319960,-3094.58,2445.03,-8.1766e+06,-404557,3811.21,-3672.73,3280.2,-2.39533e+06,-46592.1,451.7,602.419,-9.5833e+08,-6.91718e+06,11102.8,0,-346943,-1.08378e+09,1.29948e+06,-2012.6,-30638.7,3.1341e+09,-1.85301e+07,28337.4,1.17601e+06,5.51395e+06,-726248,1307.83,-581.965,3.19657e+06,340753,-716.911,525.82,1565.22,2.04928e+06,-26695.4,9.33713,-50.3943,339.933,-429.089,42.9656,5.02154,44821.6,51236.8,5646.83,18345.6,-17146.5,-56107.6,-12712.9,92468.4,-12079.4,-18816.6,-32.2566,441.17,-21.3374,-5.61924,-1.98015,-0.581538,0,4124,3.35287e-14,-5.20028e-13,-1.14575e-12,1.25949e-12,-8.92055e-07,-1.70055e-06,1.47802e-06,2.68098e-07,3.84016e-07,2.30837e-07,0,-1.14574,-159.077,-0.0985481,14.233,3.14159,1.7547,1241.98,2.8019,-17709.6,-0.392699,3.70591,324.616,2.65871,-25.7294,0.523599,0,0,0,14.1324,0.0594701,-1.14574,-0.0985453,2.51945,1.7547,2.8019,-0.863294,3.70591,2.65872,0.0407141,0.0468357,105.168,313.051,0.00271181,-5.53154e+06,-10.0789,67.9867,-85.8178,138862,0.0595039,0.0158532,1.0346,2.08204e+08,-1.73392e+08,-1.95293e+07,5.65076e+09,2.10054e+09,-1.80248e+09,-8.35291e+07,3.04069e+07,-692096
5.24,-5.59142,-2.56387,14.3639,-389.679,0.108665,623.011,-1.09749,-2.11273,174.728,6.34971,1.88306,-6.47122e+07,1.80682,0.18574,2.84214,-0.677616,-0.0173849,3.49032e+08,3.74998,-1.04033,5.11309,3.5067,1.1484,-4.46274,-2.09174,-6.91573,-0.874349,-6.78446,-4.07462,-4.00086,-2.39034,-6.53698,-1.27316,-6.23643,-4.02809,173.874,3.04526,2.92436,-10.7921,-0.584375,12.996,0.0618052,-655.072,-1.14435,1188.57,-0.097157,-147.415,2.52083,376.027,1.75996,0.856438,2.80716,288.658,-0.858044,-155.241,3.70312,222.039,2.65592,-23.1248,0.0378759,-13.5546,113.59,211.066,-151.079,0.979538,-152740,8559.78,-103.075,-5546.22,111570,-15619.5,187.468,10326.9,-1986.69,478749,1935.93,-23.2384,-242.584,-28177.3,-4270.59,18.1856,0,478.425,-134507,12.5689,-0.716941,320.131,-42691.8,-3215.12,11.8613,-886.601,-291716,1666.5,-39.583,2961.71,320470,-2407.36,38.5663,-2684.65,290.036,-2923.07,250.123,-3.91183,248.906,63.2824,-79.1928,-2.16832,4.21375,820.227,-24.0615,-55.4152,312.958,121.521,151.988,31.3857,44.316,83.1224,164.485,1097.59,-316.08,-270.336,-5.61883,-1.98013,-0.584375,0,4126,-6.10623e-14,-4.54747e-13,-9.66338e-13,-3.46745e-12,5.23657e-07,-1.21977e-06,8.18391e-07,-2.26327e-06,1.62005e-06,1.11979e-06,0,-1.14435,68.4329,-0.0971614,1.94634,3.14159,1.75996,0.169479,2.80715,57.7315,-0.392699,3.70312,44.4167,2.65587,-4.62495,0.523599,0,0,0,14.2328,0.0618052,-1.14435,-0.097157,2.52083,1.75996,2.80716,-0.858044,3.70312,2.65592,0.0378759,0.0468598,-537.037,58.0155,0.00290572,25450.6,49.7812,12.6565,-15.8386,-547.849,0.0595103,0.0158554,1.03478,232944,-137338,-82289.2,23658.9,26591.4,7887.52,226134,-98129,3264.67
5.26,-5.59029,-2.56594,14.6128,-381.424,0.109647,622.203,-1.10073,-1.22341,0.504046,0.765658,2.66966,-6.47122e+07,1.80676,-2.10315,2.9693,-1.32885,-0.639182,3.49032e+08,3.75037,-3.02344,2.53116,-0.281121,0.0852669,-4.46082,-2.09077,-6.91585,-0.877344,-6.78187,-4.07763,-3.9999,-2.39086,-6.53712,-1.27617,-6.23386,-4.03081,-0.247427,1.50534,-0.577552,-5.69357,-0.586504,7.02136,0.0627265,-76.8006,-1.14765,116.615,-0.100455,-11.5542,2.51754,102.97,1.75984,24.3664,2.80704,29.5015,-0.858149,97.6697,3.70345,-45.2627,2.65626,-1.77595,0.0382956,-3.84189,32.3581,16.8802,-40.6777,0.857565,618.204,431.636,-18.3328,-122.201,-6368.14,-688.733,28.7725,218.042,-215.573,5267.48,66.6551,-2.80145,-19.1961,5850.82,-633.133,10.8985,0,84.583,-10066.9,-129.978,0.602134,80.2559,-51.4202,-175.297,2.50061,-27.1257,9392.01,-558.108,5.57088,40.1281,-2180.12,256.973,-2.70125,-36.3574,-33.2955,-511.063,10.9919,0.0286197,-2.18531,-9.68561,9.36726,-1.15737,12.4444,412.745,-40.4039,-12.2947,32.3383,-12.2134,37.5404,-30.3798,7.06432,-16.0132,-0.249381,-11.7328,7.49185,-2.93473,-5.61782,-1.98009,-0.586504,0,4131,-1.14596e-14,-8.83738e-14,-2.46025e-13,5.21361e-13,1.00379e-08,2.2801e-08,4.31029e-09,-1.14249e-07,1.66662e-07,2.01001e-07,0,-1.14765,7.28204,-0.100455,0.727193,3.14159,1.75984,4.8733,2.80704,5.9003,-0.392699,3.70345,-9.05152,2.65629,-0.35519,0.523599,0,0,0,14.317,0.0627265,-1.14765,-0.100455,2.51754,1.75984,2.80704,-0.858149,3.70345,2.65626,0.0382956,0.0469202,-7.27069,-6.65854,0.000218311,591.339,-0.437063,-1.93712,1.87345,9.27762,0.0595264,0.0158607,1.03491,8192.55,-6222.83,-342.129,-4297.7,2428.14,836.551,7.16717,139.003,137.324
5.28,-5.58931,-2.56498,15.7404,-380.745,0.109541,622.987,-1.10083,1.19985,-0.0181532,1.35472,2.55774,-6.47122e+07,1.80879,-12.1813,2.77545,-9.30096,-0.830922,3.49032e+08,3.75019,-4.95758,2.6814,-1.44229,0.0646541,-4.45979,-2.08993,-6.91554,-0.877054,-6.78105,-4.0765,-3.9989,-2.39007,-6.536,-1.27511,-6.23304,-4.02978,1.76555,-8.57497,-2.34083,-2.26464,-0.585592,-1.03635,0.0625603,9.23105,-1.14781,7.78959,-0.100612,-1.02113,2.51738,-15.2272,1.76181,8.83736,2.80901,-0.637872,-0.856177,12.583,3.70321,-4.77912,2.65601,-4.35147,0.0380435,-0.672112,5.99067,-11.2615,-9.10542,14.6476,358.094,31.2796,-92.2337,31.2987,-98.0613,12.5599,-31.2038,-19.0004,14.0736,36.8154,-2.25204,6.22615,-6.01581,-354.681,-115.095,168.732,0,14.0117,-232.28,-30.3042,14.1669,-3.12226,-98.7677,-14.7228,18.387,0.600577,-153.709,-119.704,112.227,-10.5488,249.529,58.1193,-61.6167,9.5596,-11.4335,-5.75528,16.8751,-3.21181,4.18385,-5.37801,9.91749,-0.497978,56.38,33.9444,39.1817,66.1427,38.8782,116.814,-466.267,-469.024,-238.698,-112.729,-22.5685,1.68677,-0.361789,-1.25009,-5.61681,-1.98004,-0.585592,0,4136,2.89768e-14,-3.69704e-14,2.13163e-14,-1.25332e-14,-2.79809e-09,-3.50575e-09,-3.90105e-09,-6.7232e-09,1.22102e-08,1.35239e-08,0,-1.14781,1.53432,-0.100617,-0.138784,3.14159,1.76181,1.76744,2.80901,-0.127574,-0.392699,3.70321,-0.955817,2.65604,-0.870295,0.523599,0,0,0,14.5658,0.0625603,-1.14781,-0.100612,2.51738,1.76181,2.80901,-0.856177,3.70321,2.65601,0.0380435,0.0469805,1.91183,-2.2866,0.000171503,247.044,0.83677,-1.0756,1.9835,168.249,0.0595424,0.015866,1.03487,916.304,93.0899,124.351,583.132,669.432,384.207,3510.92,-376.729,-616.242
5.3,-5.58877,-2.56365,21.3912,-376.936,0.108607,624.443,-1.09588,1.23377,-0.019151,1.59421,4.33257,-6.47122e+07,1.81653,-8.01393,2.86124,0.444661,-0.787338,3.49032e+08,3.74823,-89.6373,2.69401,-35.1968,0.0832629,-4.46057,-2.09237,-6.91686,-0.877778,-6.78197,-4.07343,-3.9982,-2.39022,-6.53425,-1.27289,-6.23386,-4.02784,0.0236436,-4.36535,-87.0265,-0.015109,-0.584286,-0.867413,0.0615904,14.1228,-1.14289,5.64886,-0.0956956,-175.882,2.5223,-15.0476,1.76952,0.540594,2.81672,4.15936,-0.848486,-1.34417,3.70121,-1.25311,2.65401,-0.127411,0.0359868,-0.0617859,1.03502,-1.12245,-1.34727,1.92671,278.622,14.202,-39.5811,37.6965,-135.616,3.49865,-9.34466,-3.11436,20.988,44529.8,-146.651,403.329,-14156.6,261.654,-3.21378,13.2497,0,-4.03024,-297.695,-8.42358,3.9394,-6.63268,-57.4034,-0.713302,-2.88397,25.2565,-28.3461,-29.4293,44.0621,7.02425,19.439,18.6329,-34.7328,-6.38016,-0.384972,3.46183,3.30198,-5.66581,-1.31063,-0.138506,0.158127,-0.206981,282.539,190.469,72.8259,39.2332,1.80346,201.312,-257.51,-44.9494,19.3194,-4346.81,-1727.33,2.36362,-0.797379,-0.0435316,-5.6162,-1.98001,-0.584286,0,4139,-5.05151e-15,-8.9373e-15,-3.83027e-14,4.9738e-14,-3.46845e-09,-4.95004e-09,-5.12447e-09,4.89586e-09,1.1173e-09,3.43279e-09,0,-1.14289,0.914552,-0.0956902,-0.0185434,3.14159,1.76952,0.108094,2.81671,0.831871,-0.392699,3.70121,-0.250647,2.65398,-0.0254822,0.523599,0,0,0,15.6934,0.0615904,-1.14289,-0.0956956,2.5223,1.76952,2.81672,-0.848486,3.70121,2.65401,0.0359868,0.0470167,-1.27614,-0.0769998,-3.46581e-06,-269.271,-0.262127,-0.0277013,0.0316254,-29.1058,0.0595521,0.0158692,1.0348,2436.31,595.141,-41280.7,-2724.6,1071.6,841.624,-1414.57,1246.54,303.603
5.32,-5.58766,-2.5627,25.1721,-371.573,0.106271,627.974,-1.08658,-3.14931,-0.0583897,1.68881,2.54923,-6.47122e+07,1.82287,0.531796,2.83112,2.9537,-0.780045,3.49032e+08,3.74908,-3.59033,2.27087,-1.31798,0.0610339,-4.4618,-2.09944,-6.91523,-0.877061,-6.78423,-4.07144,-3.99668,-2.39299,-6.53012,-1.26973,-6.23617,-4.02538,-2.61534,4.14296,-1.3805,-0.781849,-0.583388,1.0608,0.0591944,-6.21409,-1.13366,-4.86569,-0.0864638,45.5547,2.53153,7.60227,1.77579,5.10131,2.82299,-0.882421,-0.842201,135.753,3.70201,-117.09,2.65481,-1.65243,0.0367844,-0.139017,1.62551,1.41159,-2.02168,1.23713,105.258,-6.7513,7.14278,-7.25103,20.4683,1.3816,-2.14816,-7.45187,-8.64987,-283149,-130.183,156.324,211701,103.604,-28.0884,14.7914,0,12.7619,-41.7543,-6.82792,0.82897,7.62762,17.9018,2.15734,-0.939462,-5.16338,-29008,-99.0919,97.723,1238.46,46631.3,77.4322,-85.2609,-1123.77,-129.203,4046.16,1.06062,-1.15957,-16.1488,-34.7519,34.212,-0.259384,189.045,268.154,176.516,-210.22,5.91134,91.3882,170.093,97.4499,1.81643,-44.4222,-59.3652,-0.176874,0.304684,-4.84764,-5.61519,-1.97996,-0.583388,0,4144,6.73073e-16,1.93526e-14,2.6229e-14,-2.62013e-14,-6.96575e-10,-8.24727e-11,7.10532e-11,-4.12997e-08,-4.65768e-08,-4.9339e-08,0,-1.13366,-0.245685,-0.0864635,-0.0119136,3.14159,1.77579,1.02026,2.82299,-0.176484,-0.392699,3.70201,-23.4205,2.65478,-0.330486,0.523599,0,0,0,21.3441,0.0591944,-1.13366,-0.0864638,2.53153,1.77579,2.82299,-0.842201,3.70201,2.65481,0.0367844,0.047077,-224.779,-25.8426,-0.00075206,2067.09,-3.22976,-6.95039,6.84239,139.759,0.0595682,0.0158746,1.03475,-535.348,502.999,38787.8,170.831,996.994,-1.5368,-1449.09,4214.78,-516.577
5.34,-5.58651,-2.56354,30.8213,-369.023,0.103304,630.015,-1.07594,-2.36205,0.0206327,1.26435,2.59422,-6.47122e+07,1.82373,-32.3114,2.89483,-26.6525,-0.793697,3.49032e+08,3.75415,-1.76111,2.9454,1.32847,0.0673688,-4.46325,-2.10997,-6.91057,-0.875429,-6.78719,-4.07309,-3.99504,-2.39855,-6.52513,-1.26778,-6.23936,-4.02429,-1.79404,-28.6229,1.11693,-0.00809916,-0.58428,-1.49109,0.0561547,-7.59789,-1.12309,11.0093,-0.0758941,17.6053,2.5421,-11.9433,1.77658,-2.50299,2.82378,-0.130459,-0.84143,-52.0424,3.707,42.6933,2.6598,-3.23166,0.0417415,-0.0617422,1.03488,-2.01688,-1.37672,3.06705,-120.208,-0.0280348,-1.87369,22.3569,-224.406,5.1091,-21.2319,5.05238,-2.37315,491.977,6.0939,-24.1368,307.226,731.774,18.8465,-0.594364,0,-36.6619,-327.875,-14.1853,11.6535,-1.07871,41.5453,1.44086,-0.869738,0.307773,-9642.18,-99.0047,372.758,-726.066,11609.4,81.1069,-327.751,654.951,48.3145,95.5985,-6.0187,24.2554,-50.1809,10.9452,-12.9336,0.206969,282.463,127.495,102.089,-152.985,-11.7271,130.161,-1472.03,-1362.51,19.2976,47.2922,58.3632,0.118432,0.067689,-2.85373,-5.61398,-1.9799,-0.58428,0,4150,-2.16493e-15,3.58047e-14,-1.10814e-14,1.66533e-14,-2.19942e-09,-2.98238e-09,-2.72066e-09,-4.15807e-08,-4.61101e-08,-2.8868e-08,0,-1.12309,1.28821,-0.0758933,-0.00176576,3.14159,1.77658,-0.500623,2.82376,-0.0260917,-0.392699,3.707,8.54072,2.65974,-0.646332,0.523599,0,0,0,25.1249,0.0561547,-1.12309,-0.0758941,2.5421,1.77658,2.82378,-0.84143,3.707,2.6598,0.0417415,0.0471494,131.022,9.66457,0.000579582,-3019.48,-10.0362,2.18903,-2.58673,282.3,0.0595875,0.015881,1.03482,98.8857,865.582,1167.78,-7599.27,2985.89,-158.73,-28938.8,16129.5,-1205.6
5.36,-5.58554,-2.5633,34.6351,-368.864,0.100783,630.139,-1.06822,-1.40807,-0.722512,-2.90784,2.16927,-6.47122e+07,1.82885,-4.95591,3.1484,-0.851433,-0.744569,3.49032e+08,3.75701,-3.42079,2.37342,-1.06924,0.0915082,-4.46409,-2.11736,-6.90835,-0.874818,-6.78975,-4.07284,-3.99366,-2.40232,-6.5209,-1.26518,-6.24207,-4.0224,-1.15826,-1.06294,-1.13889,-0.773376,-0.584083,-9.8281,0.0535854,-900.59,-1.11542,-218.301,-0.0682239,-82.112,2.54977,-326.287,1.78165,52.658,2.82885,7.89901,-0.836336,74.1684,3.70981,-90.9062,2.66261,2.40759,0.0446321,-0.137506,1.6128,-101.145,-2.95391,95.3677,-413473,-167.367,8066.03,7556.43,-947552,-40.6274,1960.81,2446.66,-1463.66,111545,-15.2916,738.741,327.341,-212003,-183.152,3546.75,0,-1243.06,-64794.4,30.9908,-582.19,-257.696,3112.93,4.94446,-89.6163,119.188,-27560.7,-7.28468,-734.171,-551.127,36771.2,-8.49687,925.397,495.488,-144.911,3183.29,0.304297,-25.2451,-9.8514,-36.7897,37.8603,0.258375,190.69,7.96059,6.19594,-108.424,-201.411,-51.3752,-103.993,-85.6426,-29.072,-35.5491,-52.1183,-44.1418,-10.3502,-5.47812,-5.61317,-1.97987,-0.584083,0,4154,-3.09752e-14,-2.14939e-13,-3.09441e-12,3.14415e-12,-8.01568e-10,-1.5297e-09,-1.48133e-09,3.4547e-08,3.83079e-08,3.55348e-08,0,-1.11542,-22.9262,-0.068221,-3.73768,3.14159,1.78165,10.5314,2.82886,1.5798,-0.392699,3.70981,-18.1805,2.66263,0.481517,0.523599,0,0,0,30.7741,0.0535854,-1.11542,-0.0682239,2.54977,1.78165,2.82885,-0.836336,3.70981,2.66261,0.0446321,0.0471977,99.0936,-28.9814,0.000301172,3826.51,-1.97028,-7.35795,7.57205,98.7437,0.0596003,0.0158852,1.03481,-20817.7,191527,-23770.6,53953.6,10745.5,-836.467,25275.4,-8874.39,-378.971
5.38,-5.5839,-2.56244,40.2546,-368.304,0.0998418,630.185,-1.06367,0.227212,-0.0639824,-1.97815,2.28742,-6.49107e+07,1.83868,-28973.7,2.88146,36.0897,10.7188,3.49032e+08,3.757,-1.04862,3.8046,3.3188,0.308237,-4.46359,-2.12015,-6.90931,-0.876911,-6.78949,-4.07134,-3.99187,-2.40296,-6.51804,-1.26344,-6.24181,-4.02092,1.0174,-28981.5,2.44775,0.0313576,-0.583305,-4.64294,0.0525475,-200.892,-1.11097,-13.5953,-0.0637693,-51.7504,2.55422,-67.911,1.79139,1.15149,2.83859,17299.5,-0.826599,-129.098,3.7097,102.834,2.66251,-34.4749,0.0445104,-0.0615323,1.03573,-6.44054,-1.53529,17.7356,-22577.4,-36.0567,698.82,900.69,-53708.7,-2.37201,45.5057,212.354,-286.997,3954.59,-9.45381,184.617,19.9919,-462.992,-25.0958,234.559,0,-20.9261,-4425.73,-2.9556,1.73798,-39.5214,2.97108e+08,7899.78,-62417.3,3.81468e+07,-18993.4,-43.5654,617.859,-349.399,33486.7,30.5027,-506.04,314.129,105.478,2737.05,-10.4572,168.454,-119.692,8.7444,-64.4449,-0.207051,280.973,28.0018,2.28934,-23.8523,-106.544,-9.92659e+06,-1.44854e+06,1725.97,-46.6244,83.0593,123.022,14.1821,2.47931,-6.21163,-5.61155,-1.97979,-0.583305,0,4162,-1.40443e-14,1.08358e-13,5.08926e-13,-3.18856e-13,-3.75799e-10,1.86345e-09,1.61003e-09,-1.35189e-08,-1.57698e-08,1.70976e-09,0,-1.11097,-1.58407,-0.0637732,-10.5507,3.14159,1.79139,0.313722,2.83859,3459.9,-0.392699,3.7097,20.567,2.6625,-6.89499,0.523599,0,0,0,34.5878,0.0525475,-1.11097,-0.0637693,2.55422,1.79139,2.83859,-0.826599,3.7097,2.66251,0.0445104,0.0472943,62.8267,21.0957,0.000127854,2832.03,-23.9383,1.74888,-12.889,465.243,0.0596261,0.0158938,1.03478,-1877.62,10104.4,-2288.28,2.0731e+08,6.05871e+07,-6.01702e+07,22175.8,-4263.9,-1621.31
5.4,-5.58257,-2.56147,44.1011,-364.97,0.098951,629.516,-1.06366,0.349514,-0.0199478,-0.731895,2.56476,-6.49031e+07,1.84567,190387,1.3364,-319.029,-112.298,3.49032e+08,3.75681,-10.9947,2.72589,1.23553,0.106587,-4.46213,-2.12062,-6.9095,-0.877843,-6.78946,-4.06972,-3.9904,-2.40341,-6.51554,-1.26164,-6.24177,-4.01937,0.906398,190501,-8.3754,-0.760016,-0.582402,-0.172755,0.0515722,-37.0436,-1.11104,-1.01992,-0.063838,-7.57568,2.55417,566.159,1.79829,-156.222,2.84548,-161100,-0.819714,9.11905,3.70943,-5.61974,2.66224,5.95531,0.0442727,-0.135118,1.59297,-0.271684,-2.08178,2.26757,101.024,-36.4234,73.0211,118.312,-1678.5,-0.17378,0.206717,24.9493,-46.5107,244.25,-8.47977,17.1979,4.51899,362679,-1717.56,804.118,0,46924.7,-508490,466.951,-216.783,527.435,2.52568e+10,481533,-223503,-2.45843e+08,-5.98994,-35.0453,29.8314,3.33636,69.5088,18.9542,-20.4906,-3.00023,-4.56219,102.327,-23.5037,18.9769,4.6191,2.12477,30.4732,-0.256773,192.324,166.687,-33.4486,-16.8906,-60.9232,382378,9.51951e+06,-16029.9,537.454,-414.254,-6.81292,-1.5063,21.4192,-0.173595,-5.61013,-1.97972,-0.582402,0,4169,4.39926e-15,-2.07612e-14,-7.53841e-14,5.6545e-14,2.84307e-08,5.47171e-08,4.92419e-08,-6.93449e-10,-3.93679e-09,3.58862e-09,0,-1.11104,-0.126736,-0.0638207,-1.20707,3.14159,1.79829,-30.4071,2.84548,-32220,-0.392699,3.70943,-1.12371,2.66227,1.19106,0.523599,0,0,0,40.2072,0.0515722,-1.11104,-0.063838,2.55417,1.79829,2.84548,-0.819714,3.70943,2.66224,0.0442727,0.0473788,-0.599889,-0.912302,0.000623999,67.2773,0.92382,0.424954,6.09464,-267.33,0.0596486,0.0159013,1.03474,-3912.18,1103.36,-975.471,1.79466e+10,5.10032e+09,-5.10413e+09,1515.6,-1117.33,1394.75
5.42,-5.58093,-2.55893,49.6499,-360.867,0.0976125,630.452,-1.06379,1.162,0.082261,0.876209,2.62952,-6.49031e+07,1.85468,-8.33702,2.89825,1.13636,-0.73262,3.49032e+08,3.75736,-1.15918,2.83958,1.64867,-0.147106,-4.46022,-2.12012,-6.90956,-0.877621,-6.78974,-4.06654,-3.98854,-2.403,-6.51216,-1.25785,-6.24208,-4.01594,1.75633,-4.70615,1.82751,0.0738749,-0.579939,-0.873161,0.0501371,27.7395,-1.11126,20.3946,-0.0640638,1.43755,2.55392,-15.8053,1.8072,0.991671,2.8544,11.4363,-0.810795,-18.8713,3.70989,14.0462,2.66269,-22.3477,0.0446782,-0.0617103,1.03988,-1.0572,-1.33772,1.77295,615.468,23.2914,-59.8648,91.9169,-32.8519,14.356,-36.4425,37.3008,59.8911,224.272,1.19368,-3.0581,-4.89279,229.914,-6.95059,14.888,0,-3.25804,-319.409,-7.04761,2.24925,-7.02872,5.34495,3.09217,-10.0138,117.524,592.562,7.5659,-59.6286,101.432,-155.1,-14.9482,58.5536,-91.154,17.7969,1310.06,25.2476,-94.9483,133.323,-7.63342,-107.466,0.207448,277.44,205.168,46.8055,17.7074,-13.7939,17.2175,-271.757,-16.2068,111.462,77.5494,14.3675,-2.66193,0.439135,-1.03975,-5.60852,-1.97965,-0.579939,0,4177,-1.48492e-15,1.95954e-14,5.17364e-14,-5.36238e-14,-1.21166e-09,-2.74665e-09,-2.68117e-09,1.58453e-08,-1.67139e-08,2.29668e-08,0,-1.11126,1.94178,-0.0640788,0.0994848,3.14159,1.8072,0.198309,2.8544,2.28725,-0.392699,3.70989,2.80966,2.66267,-4.46954,0.523599,0,0,0,44.0536,0.0501371,-1.11126,-0.0640638,2.55392,1.8072,2.8544,-0.810795,3.70989,2.66269,0.0446782,0.0474754,-18.2334,3.55967,0.00124886,1750.8,26.6647,-1.52668,-21.4932,-2442.73,0.0596744,0.0159098,1.03461,3323.78,2611.11,416.45,-1982.39,779.927,1146.35,20087,-21504.5,12724.5
5.44,-5.57937,-2.55541,53.3051,-356.612,0.0961441,631.318,-1.0622,2.5619,0.0351909,1.81593,2.61926,-6.49031e+07,1.86193,1.83359,2.88844,3.8853,-0.753051,3.49032e+08,3.75956,-20.6613,2.82909,1.11014,0.260965,-4.4589,-2.11971,-6.90885,-0.875637,-6.79021,-4.06331,-3.98676,-2.40181,-6.50869,-1.25296,-6.24266,-4.01144,3.11942,5.47508,-18.0932,-0.808156,-0.576493,1.56192,0.04856,2.12233,-1.10979,-2.86769,-0.0625878,-11.8456,2.55542,7.76353,1.81434,6.59182,2.86154,-0.419587,-0.803634,40.4562,3.71198,-28.6151,2.66478,126.517,0.0468314,-0.14432,1.6658,1.3954,-2.03507,1.4858,3.76288,-13.8455,19.2298,-32.243,-68.2756,1.08356,-1.79914,-14.071,10.7377,556.234,18.3741,-26.5113,-309.774,138.955,-19.8974,15.331,0,16.0392,-58.3624,-8.19287,0.939356,5.16078,11.9047,0.791903,-0.534152,-2.7941,-535.014,-38.2693,25.2441,27.4094,1835.83,21.5462,-18.4563,-24.5689,-24.3543,4797.33,-111.054,79.907,149.213,63.4975,2499.9,0.262537,182.763,212.714,43.2899,86.8735,14.6814,12.0067,237.136,148.806,728.652,-897.449,-20.509,0.299344,0.206194,-0.90924,-5.6067,-1.97956,-0.576493,0,4186,9.71445e-17,-1.73472e-14,-3.88301e-14,3.9857e-14,6.3251e-10,-5.88243e-10,-5.0585e-10,-9.74745e-09,-9.84943e-09,2.73413e-08,0,-1.10979,-0.270834,-0.0625766,-0.0164796,3.14159,1.81434,1.31829,2.86156,-0.0839173,-0.392699,3.71198,-5.71834,2.66483,25.3034,0.523599,0,0,0,49.6023,0.04856,-1.10979,-0.0625878,2.55542,1.81434,2.86154,-0.803634,3.71198,2.66478,0.0468314,0.0475841,-4.90854,-4.86821,0.0753244,3409.66,29.8425,12.6995,499.979,-467.952,0.0597033,0.0159194,1.03442,-1788.2,304.691,2547.08,-974.367,1062.28,104.723,16017.9,3486.51,468.053
5.46,-5.57805,-2.55182,58.7809,-356.632,0.0947795,631.135,-1.06131,1.78237,-3.80767,37.3837,2.34338,-6.49031e+07,1.8698,-0.49146,3.16411,1.68697,-0.73202,3.49032e+08,3.75923,-8.83096,3.13962,-4.72631,0.26141,-4.45761,-2.1187,-6.9087,-0.873939,-6.7909,-4.05864,-3.98523,-2.4004,-6.5056,-1.24811,-6.24333,-4.00696,-1.22708,3.40467,-5.95275,-0.155909,-0.572978,31.1048,0.0471108,-111.741,-1.10898,-332.192,-0.0617829,100.756,2.5562,346.443,1.82213,9.78828,2.86933,29.6636,-0.79586,268.082,3.71156,-152.281,2.66436,25.1731,0.04641,-0.0659531,1.05773,-151.212,0.180318,746.399,53437.7,-3.18999,-2501.08,-353.776,-16498.3,-9.02479,-7955.35,-356.031,-457.169,-80048.7,2.71102,2446.52,0.848919,46932.9,0.69529,8482.79,0,124.554,-125623,-3.72107,170.217,185.605,-3227.48,-0.207488,722.6,-39.1657,73962.1,-6.86139,6345.78,222.554,-30829.6,2.18768,-3588.13,-199.568,-44.138,85722.8,-3.58454,621.78,133.306,2.30449,62.0814,-0.209181,273.789,-0.973542,-9.14125,36.6671,1814.95,-112.896,121.277,76.8152,22.9592,-305.946,-292.575,14.8598,-11.8003,2.61695,-5.60528,-1.97949,-0.572978,0,4193,6.99441e-14,1.62537e-13,2.9754e-13,-5.20122e-13,-8.87476e-09,-1.60153e-08,-6.21639e-09,2.33657e-07,4.43422e-07,-2.58483e-07,0,-1.10898,-16.5137,-0.0617931,0.747903,3.14159,1.82213,1.95765,2.86933,5.93272,-0.392699,3.71156,-30.4508,2.6644,5.03462,0.523599,0,0,0,53.2575,0.0471108,-1.10898,-0.0617829,2.5562,1.82213,2.86933,-0.79586,3.71156,2.66436,0.04641,0.0476687,-39.9037,-8.82621,0.00186965,3948.17,26.6612,0.460897,12.4163,3111.57,0.0597259,0.0159269,1.03422,-3935.83,11707.5,16224.5,-40820.2,25698.3,1060.18,-3808.57,24729.8,-15807.9
5.48,-5.57637,-2.54675,60.7902,-356.668,0.093283,630.851,-1.06185,1.70849,-1.66975,10.4795,2.51572,-6.49031e+07,1.88152,-0.640163,2.55038,2.67259,5.29551,3.49032e+08,3.75702,-317.876,2.08894,4.60753,-1.17573,-4.45556,-2.11577,-6.90941,-0.872219,-6.7915,-4.05127,-3.98332,-2.39771,-6.50196,-1.24165,-6.24382,-4.00088,0.664624,-3.38529,-314.611,-1.46787,-0.567988,21.6275,0.0455055,-32.3235,-1.10962,-177.025,-0.0624266,66.3508,2.55557,345.915,1.83374,-23.6564,2.88094,15.4613,-0.78426,261.408,3.70924,-167.78,2.66204,-1843.26,0.0440051,-0.323681,3.11784,-642.47,-0.987133,325.701,15482.1,-2.27831,-383.914,-256.878,-13670.7,-8.36772,-2750.56,-256.18,-151.604,-35433.3,2.98487,1056.47,-0.326485,-62543.8,-45.4008,5066.96,0,192.123,-102383,-1.66003,-397.84,224.799,-10810.4,-2.76845,219.273,-62.6003,17689.1,-29.9211,3718.21,136.562,27513.5,10.9099,-2421.53,-122.774,-105.157,-1.92196e+06,303.79,-25802.5,-2513.07,-1046.63,124114,-0.359091,100.465,-1.80177,-14.2331,33.1042,466.102,72.4502,114.428,107.487,13890.8,-15758.3,151.093,-2.29758,6.65088,-2.8909,-5.60346,-1.97941,-0.567988,0,4202,1.14492e-15,-2.24154e-13,-3.73035e-13,2.32069e-13,1.23657e-08,2.82871e-08,2.46965e-08,1.7476e-08,-8.69882e-08,1.46351e-07,0,-1.10962,-8.88412,-0.0624207,0.706705,3.14159,1.83374,-4.73144,2.88093,3.09225,-0.392699,3.70924,-33.5066,2.662,-368.651,0.523599,0,0,0,58.7331,0.0455055,-1.10962,-0.0624266,2.55557,1.83374,2.88094,-0.78426,3.70924,2.66204,0.0440051,0.0477775,-24.4844,-21.0037,-3.65728,391268,-502.615,-209.325,24822.7,-61476.2,0.0597549,0.0159365,1.03394,-1077.55,5716.85,7816.2,-7450.22,18656,2713.2,1.94535e+06,-385362,337027
5.5,-5.57474,-2.54202,61.9567,-356.664,0.0916986,629.601,-1.06625,3.61285,0.363067,2.66262,2.63556,-6.49031e+07,1.89291,-2.28334,2.97111,1.89673,4.36983,3.49298e+08,3.75802,-2.40416e+06,5.1419,-899.267,298.828,-4.45245,-2.11148,-6.90991,-0.870694,-6.79213,-4.04607,-3.98146,-2.3955,-6.49826,-1.23545,-6.2445,-3.99509,4.48195,-3.68205,-2.40445e+06,1.81066,-0.56334,12.0257,0.0438123,28.4092,-1.11413,-81.6952,-0.0669344,-14.6307,2.55106,91.4965,1.84503,6.90468,2.89222,-14.5816,-0.772968,1081.19,3.71013,-944.591,2.66294,448059,0.0449365,-0.425294,4.20537,288.269,-2.88469,148.302,-2589.86,-2.4557,435.285,-216.202,-10674.2,1.87187,-934.384,-21.4376,29.4734,-7133.91,0.453437,-174.019,-155.322,17297.7,8.76992,1091.85,0,80.919,-11696.4,-29.8011,185.259,31.7462,-4337.56,-7.51075,-152.65,-69.1124,-1.29121e+06,-61.3303,11468.6,10496.9,2.47899e+06,29.0962,-9877.86,-9426.03,-1043.61,-1.86135e+10,-14504.7,4.68981e+06,4.72714e+06,247342,7.36466e+08,-0.416989,58.3253,0.175551,-62.4635,150.381,70.0958,-95.54,32.8385,32.1527,1.33078e+07,-1.20208e+08,-45041.9,1.08458,1.3918,-42.4321,-5.60164,-1.97932,-0.56334,0,4211,2.06467e-14,2.37421e-13,-1.12965e-13,1.10245e-13,-3.9724e-09,4.06098e-09,2.92215e-09,2.11893e-07,-2.43289e-07,4.01176e-07,0,-1.11413,-11.0539,-0.0669358,-0.175704,3.14159,1.84503,1.38094,2.89222,-2.91631,-0.392699,3.71013,-190.671,2.66293,89611.8,0.523599,0,0,0,60.7423,0.0438123,-1.11413,-0.0669344,2.55106,1.84503,2.89222,-0.772968,3.71013,2.66294,0.0449365,0.0478863,-1903.7,-209.692,-2875.27,2.7936e+10,945428,49468.4,1.47293e+08,-7.44543e+08,0.0597839,0.0159461,1.03368,-1886.4,5369.49,1853.95,-11271.5,1853.1,1687.37,1.3968e+11,-3.70525e+09,3.71555e+09
5.52,-5.57354,-2.53731,64.1179,-356.666,0.0896723,629.027,-1.06935,-3.47852,-4.5525,1.13319,7.28417,-6.49031e+07,1.90568,-1.25992,2.91161,1.48202,-1.56362,3.49298e+08,3.76275,-0.0736999,2.67713,1.80502,0.944944,-4.45008,-2.10855,-6.91068,-0.869416,-6.79362,-4.04265,-3.97997,-2.39403,-6.49441,-1.22888,-6.24624,-3.98903,-12.1736,3.21532,1.65849,-1.36594,-0.5587,14.7109,0.0417013,-594.576,-1.11732,141.026,-0.0701223,5578.29,2.54788,192.047,1.8577,-5.88572,2.9049,-202.293,-0.760277,50.6093,3.71477,2.24704,2.66758,-153.696,0.0496362,-0.289542,2.83887,-256.872,-1.9671,140.037,-49928.5,8.75978,-6026.41,-1906.41,-386973,-2.13097,1434.03,728.892,-530.292,2.6068e+07,-87.3335,56928.9,250753,-2665.42,-39.1562,1824.47,0,69.9829,-35060.6,-5.10832,-105.135,112.172,77776,52.4152,-1832.08,-2090.24,11047.7,-39.309,368.11,251.443,-10148.3,17.5256,69.4446,-224.549,63.9396,36136.6,-49.0911,-1575.18,631.004,-67.8823,-1397.87,0.342563,108.06,-0.103604,-28.7153,-180.678,-20.7479,275.189,84.6479,0.937208,53.1274,132.092,17.1917,33.2361,-6.96899,-3.68271,-5.60023,-1.97925,-0.5587,0,4218,2.35402e-14,-6.7546e-13,4.8983e-13,0,-2.75959e-09,-2.2734e-08,-2.40453e-08,-6.33492e-08,6.26666e-08,-4.30694e-08,0,-1.11732,27.693,-0.0701133,0.541067,3.14159,1.8577,-1.17876,2.90491,-40.4586,-0.392699,3.71477,0.443666,2.66763,-30.7392,0.523599,0,0,0,61.9087,0.0417013,-1.11732,-0.0701223,2.54788,1.8577,2.9049,-0.760277,3.71477,2.66758,0.0496362,0.0479709,-44.8782,12.7831,-0.051479,3340.17,126.201,-13.5765,-279.574,417.147,0.0598065,0.0159536,1.03341,-25579.9,72376.2,-5.28734e+06,16208.1,21106,-18054.7,16841.5,-4008.83,525.069
5.54,-5.57208,-2.53394,64.5695,-356.713,0.0877782,628.984,-1.07174,-1.39971,0.484566,1.30284,3.42234,-6.49031e+07,1.9122,-1.5291,2.90452,2.07269,-1.15462,3.49298e+08,3.76115,-6.94284,4.92137,-1.03658,0.138145,-4.44765,-2.10705,-6.90908,-0.867017,-6.795,-4.03706,-3.97824,-2.39368,-6.49047,-1.22377,-6.24753,-3.98438,-1.19589,2.53004,-2.15962,2.98926,-0.555401,11.275,0.0397226,-197.498,-1.1198,90.8506,-0.0725996,107.098,2.54538,111.931,1.86414,-9.32459,2.91134,-5.14482,-0.753848,118.396,3.7131,-86.4977,2.6659,24.7569,0.0478934,-1.07101,9.68151,448.076,-7.07662,158.167,10696.6,13.3441,-2309.01,-251.846,-52334.6,-6.26568,1066.72,216.949,-206.279,49162.4,-8.95842,1303.17,395.951,11821.1,-60.7434,1631.4,0,21.4353,-14255.9,-42.604,13.112,50.9518,-347.772,3.15205,-75.2992,-30.0214,13280,-138.885,1826.43,89.5967,-2232.99,63.1381,-1182.22,-80.1625,-41.687,16676.2,-42.8749,436.926,55.787,2.69813,62.726,0.632557,22.5784,-2.33309,-2.14864,-50.2168,1.57385,-77.4218,71.5147,57.619,104.106,-211.444,-108.869,-5.35685,1.41004,-1.06743,-5.59882,-1.97918,-0.555401,0,4225,-1.41449e-14,7.10543e-15,5.06262e-14,-1.9007e-13,4.40077e-09,-1.26939e-08,-1.35029e-08,-1.37678e-08,-1.19181e-08,3.19383e-08,0,-1.1198,15.4737,-0.0726175,2.39545,3.14159,1.86414,-1.86491,2.91134,-1.02896,-0.392699,3.7131,-17.3005,2.66589,4.95138,0.523599,0,0,0,64.0699,0.0397226,-1.1198,-0.0725996,2.54538,1.86414,2.91134,-0.753848,3.7131,2.6659,0.0478934,0.0480556,-16.0337,-8.33778,-0.000537231,2462.65,11.1574,0.539626,12.5452,269.561,0.0598291,0.0159611,1.03323,-4638.89,10021.6,-8112.59,-5868.3,4188.2,20.5911,8858.37,2060.78,-1591.69
5.56,-5.57048,-2.53243,64.6875,-357.704,0.0867085,631.71,-1.07308,-0.00444214,0.290385,1.35525,2.91986,-6.49031e+07,1.91713,0.873482,3.3895,1.1389,-0.425749,3.49298e+08,3.75317,40623.9,2.54507,-1.32378,0.973248,-4.44553,-2.10664,-6.90783,-0.866591,-6.79535,-4.03047,-3.97649,-2.39387,-6.48747,-1.22127,-6.24748,-3.98214,0.507674,4.68874,40625.4,-8.66456,-0.55397,16.9109,0.0385561,-162.301,-1.12124,84.9713,-0.0740387,31.2761,2.54396,483.807,1.86898,-72.4249,2.91618,118.607,-0.749018,142.018,3.70502,-43.0588,2.65782,1328.05,0.0398271,-8.83476,73.6983,-1256.94,-67.2487,43.4733,32462.7,279.34,-599.259,-207.024,-50270.6,-148.234,315.242,195.48,-184.183,9859.89,-60.0439,119.63,67.5271,-190313,-2664.31,829.706,0,725.344,-188671,389.823,-130.247,368.075,-101850,-691.631,176.238,-112.755,47214.6,-1051.67,110.696,207.283,-36090.1,443.94,24.9832,-187.194,0.611242,-1.60253e+08,964068,454316,-474543,735.467,-1.10693e+07,-1.74519,5.90051,-49.5544,136.294,23.4759,21.8292,143.092,191.891,85.4377,6421.4,2.03133e+06,-144.735,3.0865,-6.82365,-0.0104365,-5.5972,-1.9791,-0.55397,0,4233,2.98338e-14,-3.10862e-15,1.07914e-13,-2.91545e-13,-9.51414e-09,1.66301e-08,-3.4063e-09,7.61685e-08,7.26535e-08,-7.56529e-08,0,-1.12124,13.4515,-0.0740355,3.33479,3.14159,1.86898,-14.4852,2.91617,23.7214,-0.392699,3.70502,-8.61024,2.65782,265.61,0.523599,0,0,0,64.5213,0.0385561,-1.12124,-0.0740387,2.54396,1.86898,2.91618,-0.749018,3.70502,2.65782,0.0398271,0.0481524,-37.9641,0.123062,-12.2592,259268,-94908.6,147.093,-2.21385e+06,-9.77508e+06,0.0598549,0.0159696,1.03316,-47506.8,20535.4,4001.31,68953.6,3436.58,31400.6,1.29119e+06,-4.88147e+07,4.88543e+07
5.58,-5.56958,-2.53188,65.071,-353.155,0.0861973,630.62,-1.07346,-1.47495,-0.0411476,-0.284267,2.60222,-6.49031e+07,1.91999,-0.864957,2.87178,-1.12485,-0.329047,3.49298e+08,3.7483,-1.41985,2.93829,1.76667,-2.63506,-4.44445,-2.10672,-6.90727,-0.86677,-6.79543,-4.02684,-3.97552,-2.39413,-6.4859,-1.22025,-6.24732,-3.98124,-0.976721,2.33587,4.1535,-4.28426,-0.55346,5.84914,0.0379844,-30.553,-1.12167,-2.85558,-0.074475,1.20187,2.54352,134.927,1.87178,-9.26381,2.91897,104.55,-0.746221,1.61792,3.70008,33.4547,2.65289,-63.4586,0.0348345,-2.22588,18.7993,-5.53431,-23.0648,1.32497,1253.78,83.8846,-10.3391,-35.7369,-1326.55,20.5678,-2.17031,20.2777,-25.4524,26.3732,-4.23587,0.500422,9.70121,-4205.08,-568.486,20.7626,0,126.819,-16708.3,41.5084,-2.46805,101.722,-7898.87,-432.334,12.9404,-356.16,-839.138,-129.397,-15.536,363.444,1904.25,-28.8967,17.9314,-330.091,56.4533,506.451,87.7785,-29.667,432.018,-20.3704,-277.848,-0.881414,19.1737,227.465,-54.4908,-69.8631,-43.5809,104.228,105.111,9.69369,30.9824,64.0624,21.3942,-2.61072,10.3067,5.25366,-5.59619,-1.97906,-0.55346,0,4238,-2.11497e-14,-1.4333e-13,1.07414e-13,-6.36574e-14,-1.23189e-08,-3.03436e-08,2.1664e-08,-1.08166e-07,8.18077e-08,-5.41041e-08,0,-1.12167,-0.567754,-0.0744771,0.16141,3.14159,1.87178,-1.85294,2.91897,20.91,-0.392699,3.70008,6.69481,2.65283,-12.6917,0.523599,0,0,0,64.6393,0.0379844,-1.12167,-0.074475,2.54352,1.87178,2.91897,-0.746221,3.70008,2.65289,0.0348345,0.0482129,-66.0485,11.2937,0.0110644,2083.27,86.4036,-4.07408,-55.5696,-992.775,0.0598711,0.015975,1.03314,1247.92,535.867,134.269,7118.01,733.994,5366.06,17873.3,-12746.1,6135.62
5.6,-5.5688,-2.5309,67.0653,-352.606,0.0858374,630.901,-1.07599,-0.20063,0.0741114,-0.232195,2.57379,-6.49031e+07,1.91584,-4.42526,3.00158,-1.509,-0.835143,3.49298e+08,3.74532,-6.33051,2.69226,0.534121,0.101338,-4.44289,-2.10513,-6.90454,-0.863714,-6.7953,-4.02403,-3.97469,-2.39373,-6.48465,-1.21895,-6.24706,-3.98002,0.441281,-0.58854,-3.73959,-1.44692,-0.552522,-2.54636,0.0375762,-36.6317,-1.12425,27.482,-0.0770571,-4.96958,2.54094,-34.905,1.86757,8.46728,2.91477,-28.1751,-0.750426,-1.01787,3.69706,-0.427145,2.64986,5.2141,0.0318453,-0.316943,3.05961,-19.8852,-4.33215,16.6467,-1973.77,-19.8714,128.34,93.3307,-2269.72,18.0873,-122.383,-11.1943,-30.4437,-767.195,-3.04203,20.3143,13.8391,-210.049,-51.5278,187.823,0,5.15011,-1265.99,-9.76074,-4.92534,-14.7145,-847.154,-56.144,178.272,205.595,-176.645,-54.2967,93.0556,-24.161,70.6763,23.942,-36.6973,22.02,-10.2318,-7.73095,-9.33955,-13.8524,-13.219,0.252125,12.2889,-0.355575,99.7144,27.4557,14.0228,-30.7088,-44.939,347.169,-73.1115,-3.15578,-134.092,-181.62,-27.6409,-3.59072,-1.86516,-1.19042,-5.59538,-1.97902,-0.552522,0,4242,3.26406e-14,-7.4607e-14,-4.57412e-14,4.29101e-14,-2.36238e-10,-6.77221e-09,4.74357e-09,3.19994e-08,-3.11252e-08,-1.07649e-08,0,-1.12425,4.60683,-0.0770554,-0.484292,3.14159,1.86757,1.69361,2.91477,-5.63501,-0.392699,3.69706,-0.0855181,2.64984,1.04282,0.523599,0,0,0,65.0227,0.0375762,-1.12425,-0.0770571,2.54094,1.86757,2.91477,-0.750426,3.69706,2.64986,0.0318453,0.0482613,4.40455,-2.04653,-0.000194227,283.242,-2.6438,0.050425,2.45777,-262.632,0.059884,0.0159793,1.03309,34.0199,856.722,170.752,1326.7,-977.183,1438.46,4334.4,-2481.5,1387.1
5.62,-5.5679,-2.52904,68.2404,-349.763,0.0850897,630.593,-1.07925,1.80549,0.0783826,-7.85426,2.57049,-6.49031e+07,1.90939,-3.87585,2.96502,-1.28506,-0.814138,3.49298e+08,3.74393,-0.851083,3.02217,1.85051,0.765592,-4.44095,-2.10294,-6.90037,-0.858478,-6.79554,-4.02091,-3.97369,-2.39306,-6.48277,-1.2164,-6.24725,-3.97766,2.45498,-0.0966913,1.4055,1.77399,-0.550707,-3.49945,0.03678,-15.1317,-1.12756,8.93523,-0.0803658,-8.73143,2.53764,-63.7643,1.86108,2.01187,2.90828,-26.344,-0.756908,-42.3619,3.69562,20.8243,2.64842,-21.753,0.0304252,-0.411714,4.07954,2.85395,-5.2697,2.5495,-309.223,-7.37808,5.64979,41.7487,-1243.29,13.5616,-13.1015,41.9899,-28.8133,3.054,-9.04446,8.3495,-0.0507341,-227.569,-95.8714,34.5631,0,-27.9361,-3827.24,-2.43668,-2.54647,-39.3585,-1303.17,-44.1682,13.0794,51.1257,661.318,-79.0431,23.5211,-7.846,651.265,39.5156,-14.0863,7.16232,19.2958,2528.71,-39.4157,6.44252,-9.37518,-7.00964,-95.504,-0.410566,58.7577,142.148,-15.3612,37.8313,-443.285,-120.187,-45.9631,-6.68574,-478.568,92.2825,25.5432,-0.646457,-1.74098,0.78383,-5.59458,-1.97898,-0.550707,0,4246,6.21725e-15,-4.94813e-14,2.15383e-14,-3.57102e-14,-3.60318e-10,2.5069e-09,-2.49276e-09,1.24182e-08,2.86192e-08,-2.86001e-08,0,-1.12756,0.435157,-0.0803546,-0.373228,3.14159,1.86108,0.402328,2.90828,-5.26879,-0.392699,3.69562,4.16495,2.64842,-4.3506,0.523599,0,0,0,67.0169,0.03678,-1.12756,-0.0803658,2.53764,1.86108,2.90828,-0.756908,3.69562,2.64842,0.0304252,0.0483097,1.4325,3.85921,0.000207348,341.151,-1.87504,-1.40193,-19.1008,-178.889,0.0598969,0.0159836,1.03299,84.1761,985.912,-323.077,2683.12,-860.272,1534.69,5401.87,-3047.3,1400.31
5.64,-5.56757,-2.52829,70.3725,-348.16,0.0837707,630.671,-1.07591,-0.869706,0.0163277,1.31913,2.62471,-6.4035e+07,1.90018,1.01675e+06,2.93379,148.23,49.1829,3.49298e+08,3.74821,-8.54118,2.71425,0.956304,0.0957259,-4.44141,-2.10586,-6.895,-0.852695,-6.79693,-4.02169,-3.97318,-2.39442,-6.48071,-1.21445,-6.24883,-3.97601,-0.336493,1.01671e+06,-5.92266,-1.36491,-0.549978,-0.432935,0.0354368,-21.0207,-1.12424,11.7685,-0.0770444,12.3017,2.54095,20.2333,1.85185,-2.93379,2.89905,74871.8,-0.766144,9.51933,3.69988,-4.25329,2.65268,4.03871,0.0347563,-0.289572,2.8365,-1.66481,-3.76031,4.89738,-353.618,-17.7238,41.0056,40.865,-671.128,15.0934,-36.5382,-5.08298,-16.0708,151.333,13.7269,-32.7991,81.85,692.999,-140.423,102.143,0,89.5322,-704.088,21.7085,-16.1299,25.2334,4.89563e+09,-333235,207970,-1.04112e+09,10.0429,-54.1321,40.5724,-1.28872,59.3458,26.2119,-22.6552,1.17056,-5.64179,73.5298,-16.5115,4.41917,-0.991026,0.795559,12.2385,0.342342,106.606,80.1205,3.86705,-63.9471,-1.22292,4.34019e+07,5.08378e+07,7490.05,-1892.14,-292.008,-13.0412,0.918785,-1.5429,0.318004,-5.59417,-1.97896,-0.549978,0,4248,4.16334e-16,-2.05391e-15,7.9825e-14,-7.12763e-14,1.64119e-09,1.9997e-09,-9.34961e-10,1.86472e-09,-6.19751e-09,6.7565e-09,0,-1.12424,1.97913,-0.0770426,0.089026,3.14159,1.85185,-0.488668,2.89905,14974.4,-0.392699,3.69988,-0.850268,2.65275,0.807743,0.523599,0,0,0,68.1921,0.0354368,-1.12424,-0.0770444,2.54095,1.85185,2.89905,-0.766144,3.69988,2.65268,0.0347563,0.0483339,0.234011,-1.12805,0.000576834,207.622,-0.198205,0.159112,2.4477,-278.288,0.0599033,0.0159857,1.03295,-1242.63,954.716,1129.63,3.88408e+09,9.63258e+08,-9.61461e+08,3005.38,-2050.68,1483.25
5.66,-5.56593,-2.5271,70.907,-345.01,0.0830568,630.034,-1.07569,-1.26872,0.0864095,0.949333,2.61827,-6.4038e+07,1.89015,6348.55,2.99506,8.34443,2.53282,3.49298e+08,3.75271,-1.23788,2.86242,1.93218,0.0228963,-4.43972,-2.10589,-6.88876,-0.846704,-6.79612,-4.02235,-3.97145,-2.39436,-6.47813,-1.21261,-6.24822,-3.97433,-0.658995,6349.01,1.60165,2.72964,-0.548866,-2.549,0.0346261,-16.7064,-1.12413,21.8761,-0.0769279,-8.96239,2.54105,5.62692,1.84172,-21.7214,2.88892,4897.81,-0.776284,-41.7401,3.70428,18.5995,2.65708,-5.47003,0.0390299,-0.903317,8.24654,-7.96569,-10.08,1.95359,-93.0377,-34.6649,12.5895,25.3536,164.044,71.8739,-27.4208,-33.7298,-18.3366,355.211,-33.3115,12.8412,-17.2245,-794.006,37.8103,10.7717,0,-114.097,-244.545,-80.642,3.55112,17.4237,2.10898e+07,19809.4,305.198,-6.515e+06,700.858,-145.914,14.1863,3.58441,687.108,67.6616,-7.15821,-3.23876,23.603,613.046,-13.8112,0.0710934,0.866028,3.20416,-10.0083,0.583705,26.7224,157.494,-31.8402,-25.2169,-3.26117,-147975,317575,495.724,1009.79,73.3819,63.1268,-0.403355,0.519957,0.651992,-5.59256,-1.97888,-0.548866,0,4256,7.18869e-15,7.35523e-15,-7.41074e-15,-5.62328e-14,2.47808e-09,-1.66124e-09,2.53129e-09,1.42768e-10,-1.28416e-09,1.68365e-10,0,-1.12413,2.27389,-0.0769432,-0.0683899,3.14159,1.84172,-4.38446,2.88891,979.562,-0.392699,3.70428,3.72088,2.65702,-1.09401,0.523599,0,0,0,70.3241,0.0346261,-1.12413,-0.0769279,2.54105,1.84172,2.88892,-0.776284,3.70428,2.65708,0.0390299,0.0484307,-0.647917,4.72143,0.000404313,243.969,0.173206,0.640832,-2.00166,-47.0527,0.0599292,0.0159943,1.03289,-1055.06,1565.07,-867.716,1.6763e+07,4.99381e+06,-4.87363e+06,5158.37,-2016.29,477.846
5.68,-5.56343,-2.52605,71.1281,-341.347,0.0825876,630.051,-1.07654,-2.09924,1.62171,-2.93756,3.29924,-6.40167e+07,1.88383,-34413,5.08744,-57.6572,-19.4646,3.49298e+08,3.74982,-3.96691,2.32428,-1.5849,0.119119,-4.43693,-2.10521,-6.88332,-0.842643,-6.79443,-4.01944,-3.96888,-2.39406,-6.47501,-1.21113,-6.24639,-3.97296,-0.635178,-34388.4,-1.76175,-5.92614,-0.547939,8.04535,0.0340115,294.617,-1.12511,477.704,-0.0779137,-82.558,2.54009,-80.0267,1.83526,77.3032,2.88246,-27796.7,-0.782742,164.976,3.70125,-101.19,2.65405,18.2868,0.036041,-4.19031,35.0348,-24.2028,-42.8245,1.4554,-68385.3,-1553.9,105.663,-2259.45,31018.1,-2484.38,169.443,-3868.42,1921.48,-149305,430.333,-29.3303,-107.169,-27384.7,414.493,4.73702,0,506.18,-6190.73,-421.908,3.73013,-98.0197,6.88086e+08,149738,-603.037,3.75621e+07,-18284.2,-817.88,25.3981,71.5387,38238.8,468.34,-18.7997,-64.858,-96.1859,3853.72,-88.7878,3.03386,14.4224,-15.0539,35.5524,-1.2031,11.059,183.157,0.877033,-7.76457,-211.414,1.06217e+06,-1.7205e+06,-2804.36,166.852,-63.2142,-107.985,17.6592,2.41651,2.19496,-5.59014,-1.97876,-0.547939,0,4268,1.74166e-15,-9.28146e-14,3.78364e-13,4.6807e-13,3.41268e-09,-5.90002e-10,2.66164e-09,2.14057e-08,2.98568e-08,5.07872e-09,0,-1.12511,12.6866,-0.0779082,1.69053,3.14159,1.83526,15.582,2.88245,-5559.34,-0.392699,3.70125,-20.2393,2.65403,3.65736,0.523599,0,0,0,70.8584,0.0340115,-1.12511,-0.0779137,2.54009,1.83526,2.88246,-0.782742,3.70125,2.65405,0.036041,0.048576,-12.9725,-19.2381,-0.000390209,3854.98,2.88449,-3.01079,7.11048,68.9018,0.059968,0.0160071,1.03286,-2066.72,-28336.9,31987.5,5.38309e+08,1.38053e+08,-1.38718e+08,16678,-4260.3,-481.079
5.7,-5.56097,-2.52509,72.0477,-340.467,0.082338,630.057,-1.08113,-2.22262,2.22853,-2.19316,4.16415,-6.40167e+07,1.87936,-4.12771,3.15184,-2.10928,-0.483516,3.49298e+08,3.74784,-4.32307,2.34917,-1.28095,0.140634,-4.4331,-2.10248,-6.87889,-0.839638,-6.79242,-4.01723,-3.96639,-2.3935,-6.47222,-1.20994,-6.2443,-3.97183,-1.01664,-0.492358,-2.11453,-2.4872,-0.547097,5.34392,0.0336166,221.598,-1.12985,1185.32,-0.0826543,-757.102,2.53533,-80.1343,1.83063,53.8204,2.87783,-109.255,-0.787352,127.802,3.69912,-90.1741,2.65192,20.3945,0.0339248,-0.801905,7.02234,-24.3529,-8.21235,5.46755,-43761.5,-251.945,351.381,-1550.89,872138,-1319.33,1847.05,-8417.91,9228.37,-2.95141e+06,843.058,-1180.16,-2292.89,-21677,177.572,-5.05825,0,536.093,-4919.64,-112.314,21.2014,-89.7809,-22060.6,230.898,-34.8227,472.26,-12976.1,-170.033,114.373,112.736,25663.5,100.774,-88.0311,-102.444,-84.9075,2935.09,-24.7327,19.2579,28.7584,-10.8944,37.7931,-0.538623,45.9762,44.036,0.27949,-25.3375,-177.262,28.964,-60.058,-36.9466,83.2067,-81.1212,-99.0717,-154.836,-10.1803,-8.91206,-5.58772,-1.97865,-0.547097,0,4280,-2.17049e-14,4.40536e-13,-9.62785e-13,-1.33582e-12,-4.07493e-09,-1.82136e-09,-2.45588e-09,1.28058e-07,-1.70061e-07,6.45267e-08,0,-1.12985,4.94252,-0.0826666,1.12317,3.14159,1.83063,10.7632,2.87784,-21.8509,-0.392699,3.69912,-18.035,2.65192,4.0789,0.523599,0,0,0,71.0794,0.0336166,-1.12985,-0.0826543,2.53533,1.83063,2.87783,-0.787352,3.69912,2.65192,0.0339248,0.0487214,-20.4891,-16.9816,-6.39599e-05,2871.91,5.75168,-2.17888,7.55861,59.5891,0.0600068,0.01602,1.03283,-4090.19,-242115,615798,14962,3361.3,-2795.86,11016.6,-1168.7,-467.562
5.72,-5.55929,-2.52435,77.093,-339.505,0.0821076,630.091,-1.08375,-1.2898,1.86981,1.55556,5.19537,-6.40167e+07,1.86977,-5.05039,2.92449,-1.50857,-0.769326,3.49298e+08,3.74729,7.92476,2.73722,6.73913,0.0779,-4.43063,-2.10091,-6.87333,-0.83481,-6.79109,-4.01607,-3.96468,-2.39313,-6.47024,-1.20899,-6.24295,-3.97094,-1.47377,-1.35658,10.5841,-0.272307,-0.546443,-2.73352,0.0332772,-203.308,-1.13258,377.81,-0.0853819,-399.9,2.53262,-33.4788,1.82094,1.29606,2.86814,-5.68406,-0.797048,-17.4012,3.69846,8.87037,2.65126,-0.635445,0.0332955,-0.0729355,1.1046,-5.99074,-1.48978,8.58408,-15308.2,-50.5179,532.351,1275.42,27800,95.7262,-1011.96,-2321.59,-565.155,44962.2,-101.393,1072.05,-1627.39,1166.49,-7.64187,73.0933,0,-10.4185,-1451.57,-7.4053,8.78997,-14.44,203.941,-0.646168,11.3258,5.72341,248.671,-20.8631,66.1923,-13.316,-107.938,9.93786,-35.2046,12.1082,3.12445,113.503,-1.55257,1.00484,-2.59815,0.498911,-1.13089,-0.21362,252.265,48.0623,1.7206,-14.9778,10.6284,43.4475,-106.671,-37.1777,-220.207,531.242,309.001,-40.6122,-1.84434,0.370101,-5.5859,-1.97856,-0.546443,0,4289,-1.0103e-14,6.41265e-13,-1.3145e-13,-2.37321e-12,-1.06821e-08,1.95853e-08,-6.28871e-09,-1.72257e-08,8.59939e-09,1.35701e-08,0,-1.13258,22.7224,-0.085371,-0.0877809,3.14159,1.82094,0.259174,2.86814,-1.13681,-0.392699,3.69846,1.77388,2.65129,-0.127089,0.523599,0,0,0,71.9988,0.0332772,-1.13258,-0.0853819,2.53262,1.82094,2.86814,-0.797048,3.69846,2.65126,0.0332955,0.0488304,2.42135,0.624838,-2.26993e-05,171.17,-0.519631,0.0997823,-0.226178,-64.1328,0.0600359,0.0160296,1.03281,6040.84,4655.07,-28346.4,-2129.7,1878.88,-201.791,3938.61,-1494.21,487.728
5.74,-5.55814,-2.52427,77.146,-325.342,0.0815286,629.986,-1.08357,0.191482,-2.05209,-0.458962,1.95,-6.40167e+07,1.8651,-1.87515,3.12949,0.0164473,-0.583266,3.49298e+08,3.74575,-12.3078,6.81455,-8.49947,-0.0607423,-4.42945,-2.10183,-6.86967,-0.832321,-6.79085,-4.01473,-3.96345,-2.39397,-6.46833,-1.20838,-6.24264,-3.97046,-0.669011,1.83761,-5.43253,-13.7352,-0.546419,16.9838,0.0326375,412.385,-1.13246,-696.765,-0.0852635,221.592,2.53273,244.02,1.81621,42.5733,2.86341,31.2284,-0.801781,676.483,3.69686,-508.408,2.64966,232.607,0.0316821,-22.117,183.695,103.287,-231.119,0.764313,-114929,-5992.4,38.4954,-2326.94,118325,10014.3,-64.6199,3665.09,897.754,239300,-3183.25,20.5481,339.695,33669.8,-3402.53,9.41057,0,172.781,-59871.8,-543.097,-0.0535626,167.899,414.136,-429.346,0.980275,-34.4705,-1.26793e+06,-8520.7,41.7997,2916.83,1.60057e+06,6306.09,-35.8476,-2657.03,-554.338,-276991,-2890.88,16.1941,1298.95,-15.8566,483.127,-2.75479,2.65106,708.15,-5.29526,54.208,-66.5559,-76.2177,51.8578,-0.606254,207.642,-480.464,-474.625,2.26928,0.658817,-2.01797,-5.5849,-1.97851,-0.546419,0,4294,-7.08851e-16,1.21014e-14,-2.88658e-15,-1.63203e-14,6.67623e-10,-3.0165e-11,5.19427e-10,2.08332e-09,1.92441e-09,-1.1339e-09,0,-1.13246,-54.8488,-0.0852649,-0.736697,3.14159,1.81621,8.51465,2.86341,6.24568,-0.392699,3.69686,-101.674,2.64968,46.5214,0.523599,0,0,0,77.0441,0.0326375,-1.13246,-0.0852635,2.53273,1.81621,2.86341,-0.801781,3.69686,2.64966,0.0316821,0.048891,-531.367,-110.862,0.00472272,138366,259.79,-3.17132,96.6254,-10318.8,0.0600521,0.016035,1.03281,37708.6,33890.7,-57322.7,-25798.5,12637.1,-7.53375,891009,-333400,48029.8
5.76,-5.55706,-2.52374,77.2789,-326.154,0.0804583,629.316,-1.08482,-3.58141,-2.09434,13.6906,-8.67756,-6.40167e+07,1.86173,-6.30622,9.39401,-4.96556,-0.524998,3.49298e+08,3.74561,-8.68291,2.90317,-0.980151,0.10859,-4.42788,-2.10243,-6.86592,-0.829474,-6.79133,-4.01345,-3.96224,-2.39515,-6.46584,-1.20688,-6.24311,-3.9692,6.14339,3.61278,-5.88833,-8.02448,-0.545943,15.1445,0.0314946,1113.26,-1.13378,-9361.96,-0.086587,4533.69,2.53141,-402.454,1.81276,204.721,2.85996,-102.098,-0.805218,161.804,3.69664,-69.1556,2.64944,40.5023,0.0315213,-7.6207,63.3803,-777.887,-66.0319,28.0673,-832989,-3048.89,3155.02,-12217.4,5.53937e+07,25493.2,-26453.1,102490,80599,-3.99491e+07,-12345.3,12810.4,4693.21,-423561,2668.76,-194.481,0,3007.75,-132304,-1274.49,158.225,-421.2,-149524,643.693,-72.719,91.1143,33052.5,-993.318,154.142,115.739,-17165.5,442.268,-58.3963,-105.447,-34.8536,72425.4,-482.444,-56.1256,142.933,13.4069,184.178,-1.61813,6.64449,-40.5673,-33.4535,-105.998,638.018,45.9102,-169.865,-236.393,79.7338,-299.225,-116.365,778.042,-36.2562,-2.78535,-5.58369,-1.97845,-0.545943,0,4300,-8.4821e-14,-5.11591e-13,-1.63425e-12,-4.54747e-12,-2.38603e-08,2.82359e-08,8.56364e-10,-1.82387e-07,2.27902e-07,-2.24874e-07,0,-1.13378,-22.3069,-0.086579,16.8391,3.14159,1.81276,40.9417,2.85997,-20.4196,-0.392699,3.69664,-13.8258,2.64952,8.10046,0.523599,0,0,0,77.097,0.0314946,-1.13378,-0.086587,2.53141,1.81276,2.85996,-0.805218,3.69664,2.64944,0.0315213,0.0489637,-21.0774,-6.96836,0.00896829,2041.08,28.5867,2.68137,36.8356,2711.27,0.0600715,0.0160414,1.0328,335996,-1.19256e+07,8.51918e+06,107246,6397.5,24443.3,7210.82,16068.3,-14046.9
5.78,-5.55652,-2.5229,77.7278,-322.518,0.0797849,628.472,-1.08378,-1.71191,-1.48578,3.68129,2.27175,-6.40167e+07,1.8601,-1.80509,3.03114,-1.44695,-0.707446,3.49298e+08,3.7482,-4.18432,2.40527,-0.854315,0.148282,-4.42755,-2.10314,-6.86387,-0.82736,-6.79164,-4.0135,-3.96161,-2.39538,-6.46441,-1.20542,-6.24354,-3.96789,-2.32785,1.9335,-1.92733,-3.86869,-0.545127,5.54812,0.0307969,-73.2798,-1.13277,-331.827,-0.0855724,121.417,2.53243,39.6873,1.81112,23.5205,2.85831,7.65426,-0.806878,121.003,3.69921,-77.4024,2.65201,20.2194,0.0340273,-1.83613,15.5249,-8.63904,-19.0122,1.61455,268.571,207.624,-36.1858,-112.609,32430.4,1008.37,-173.908,-490.325,-2015.98,-56276.9,-370.872,63.9203,84.5824,2937.55,-159.708,15.9314,0,64.4446,-1930.4,-82.8216,1.12776,20.3875,605,-30.6598,2.85687,-7.59309,-10382,-371.048,29.6096,64.8883,21289.1,215.467,-22.1752,-58.9403,-73.0898,2446.12,-59.7412,5.32445,19.0582,-7.90092,37.3996,-0.800834,22.4456,181.761,-42.2305,1.77162,137.033,-15.4447,55.1107,-35.459,114.459,-74.166,-81.5595,37.1746,2.08203,-6.94095,-5.58328,-1.97843,-0.545127,0,4302,-2.73948e-14,-1.39111e-13,5.38236e-13,8.61533e-13,3.22061e-09,-3.82066e-09,2.82407e-09,8.35241e-08,1.18957e-07,-3.78924e-08,0,-1.13277,-2.0588,-0.0855668,-0.786543,3.14159,1.81112,4.70409,2.85831,1.53085,-0.392699,3.69921,-15.48,2.65202,4.04389,0.523599,0,0,0,77.2299,0.0307969,-1.13277,-0.0855724,2.53243,1.81112,2.85831,-0.806878,3.69921,2.65201,0.0340273,0.048988,-11.7876,-14.6176,0.000204449,2333.14,3.81164,-1.58018,7.47991,23.215,0.060078,0.0160435,1.03275,4023.7,15607.4,6213.86,-2410.83,1357.52,57.9786,8752.53,-1042.56,-282.923
5.8,-5.55653,-2.52178,80.1619,-321.549,0.0796986,627.802,-1.07932,-2.18153,-0.192359,-18.6219,2.53692,-6.40167e+07,1.85927,5.83502,2.49324,-3.69102,-0.761354,3.49298e+08,3.7524,-4.11273,2.58118,-1.0059,0.0913115,-4.42884,-2.10424,-6.86346,-0.825842,-6.79158,-4.01467,-3.96161,-2.3944,-6.46431,-1.20423,-6.24367,-3.96672,-1.76922,9.08962,-1.62286,-1.20202,-0.544011,3.73114,0.0306985,-26.7667,-1.12832,-42.5103,-0.0811191,8.80949,2.53687,14.6972,1.81027,13.7959,2.85747,1.33867,-0.807711,53.701,3.7034,-32.7067,2.6562,0.375694,0.0382598,-0.240326,2.4318,-5.30467,-2.8696,5.31247,924.534,8.52196,-35.4559,-31.7676,85.6526,18.788,-74.0175,-31.5486,-85.0002,-484.844,-4.42869,17.1602,-0.0400601,659.761,-10.3183,42.9301,0,48.2896,-363.653,-16.9049,6.52839,2.41215,219.771,0.157312,9.38323,-2.26226,1075.31,-46.9088,58.3161,24.8892,954.123,23.7108,-37.2084,-22.4973,-21.3516,263.898,-0.461829,0.442007,0.535609,-5.36599,5.56523,-0.316941,121.708,48.4897,-33.4977,-4.25708,-973.273,-26.3664,437.075,-130.254,57.8888,-70.3764,-49.8365,5.59931,0.307988,-2.54062,-5.58308,-1.97842,-0.544011,0,4303,-9.99201e-15,-1.55431e-14,-7.06102e-14,4.82106e-14,-4.07655e-09,-2.04421e-09,-2.42766e-09,-2.43241e-08,-7.94583e-08,-7.41415e-08,0,-1.12832,-2.14926,-0.0811244,-0.1629,3.14159,1.81027,2.75907,2.85748,0.267735,-0.392699,3.7034,-6.54008,2.65625,0.0751388,0.523599,0,0,0,77.6788,0.0306985,-1.12832,-0.0811191,2.53687,1.81027,2.85747,-0.807711,3.7034,2.6562,0.0382598,0.0490001,-4.49859,-4.26971,0.000210759,406.039,0.107122,-1.0732,1.11305,3.60084,0.0600812,0.0160446,1.03268,863.851,2962.59,-143.557,-2699.9,1833.46,-406.705,1240.51,69.0104,131.293
5.82,-5.55625,-2.52081,80.3767,14038.8,0.080055,-823.318,-1.07783,946.719,4.9762,-58604.3,3.03272,-6.40167e+07,1.85563,-472.014,-80.5894,-708.982,0.579724,3.49301e+08,3.7543,-391.404,-43.8935,230.779,-27.717,-4.42905,-2.1034,-6.86226,-0.823735,-6.7907,-4.01495,-3.96138,-2.39286,-6.4645,-1.20358,-6.24288,-3.96599,951.804,-553.184,-407.581,-444.715,-0.543053,587.453,0.0310428,566.546,-1.12684,-1772.44,-0.0796467,1022.78,2.53835,-11609.9,1.80662,7230.74,2.85382,-4547.16,-0.811372,13686.9,3.70528,-8747.97,2.65809,-2376.08,0.0401077,-23018.8,191523,672317,-254113,-79.4982,3.36836e+06,-249545,-116.585,-4673.38,-1.25089e+07,768552,463.559,-4683.15,926.624,-8.6751e+06,-444490,-259.652,12.9178,-3.88151e+08,4.99559e+06,126.73,0,71948.1,-1.20999e+08,-3.11681e+06,-322.679,-12682.6,-1.88338e+08,1.95917e+06,165.447,4271.09,-2.76125e+08,-5.91397e+06,-2096.59,13330.9,4.11288e+08,3.78172e+06,1659.29,-12023.1,-9037.41,4.95081e+07,1.027e+06,423.743,-3688.94,-3690.85,5195.64,88.9432,10.7378,718019,-72556,47440.6,-2.93028e+06,409.398,-23455.6,-35415,123896,-19434.8,11580.5,0.0856971,2.28169,1.51788,-5.58288,-1.97841,-0.543053,0,4304,7.02216e-15,1.45699e-14,1.15116e-14,8.39686e-15,-2.30404e-10,1.1464e-09,1.4061e-10,-2.89828e-08,3.34389e-08,5.52757e-08,0,-1.12684,-88.4434,-0.0796395,5.43264,3.14159,1.80662,1446.13,2.85382,-909.432,-0.392699,3.70528,-1749.52,2.6581,-475.216,0.523599,0,0,0,80.1129,0.0310428,-1.12684,-0.0796467,2.53835,1.80662,2.85382,-0.811372,3.70528,2.65809,0.0401077,0.0490122,-2404.53,-1807.42,0.0578824,2.68468e+08,-737.788,-738.171,1039.13,6.5037e+07,0.0600844,0.0160457,1.03263,1.70563e+08,-3.43496e+08,1.92927e+08,-2.59501e+08,3.91049e+08,-1.02091e+08,2.96557e+09,-9.88829e+08,-3.25147e+08
5.84,-5.5564,-2.52039,80.7069,14041,0.0805057,-823,-1.07316,-3.43802,-0.063509,62.1011,2.57976,-6.40167e+07,1.85192,-2.18837,2.9376,0.281505,-0.706007,3.49301e+08,3.75815,-2.36146,2.50917,-0.863025,0.020312,-4.4306,-2.10445,-6.86159,-0.822255,-6.79,-4.01693,-3.96158,-2.39172,-6.46524,-1.20358,-6.24238,-3.96588,-2.93969,1.45524,0.127397,-4.68161,-0.542632,4.31699,0.0315055,-10.4374,-1.12216,-15.3489,-0.0749606,3.90407,2.54303,89.9096,1.80292,8.33938,2.85012,12.5631,-0.815072,87.5879,3.70915,-46.4443,2.66196,-21.0578,0.0439574,-2.65202,22.2581,42.5124,-29.0077,3.17513,302.28,31.8363,-7.83322,-14.0396,-373.106,145.927,-30.9027,-14.0773,-26.2249,-2195.53,-51.0335,10.593,3.10081,2276.37,-576.829,45.8849,0,81.1576,-7800.37,-27.8207,-1.67212,73.2652,-449.932,-74.1961,4.89672,-14.971,-1357.48,-492.086,42.438,16.2982,7220.51,263.366,-28.8771,-14.6332,-44.9422,-1775.12,117.689,-9.73217,-7.98629,-23.444,53.3165,0.958827,16.5104,105.846,15.8844,-67.2197,3028.07,13.1144,35.5377,8.65164,30.3858,17.4747,10.9685,63.1184,342.814,-196.848,-5.58308,-1.97842,-0.542632,0,4303,3.25304e-11,-8.01919e-11,-6.57678e-11,-6.41414e-11,-2.89541e-07,-6.87061e-07,-5.38055e-07,-3.10527e-06,-9.0155e-06,-1.44485e-05,0,-1.12216,-0.774419,-0.0749646,-0.0120075,3.14159,1.80292,1.66787,2.85012,2.51263,-0.392699,3.70915,-9.28895,2.66195,-4.21156,0.523599,0,0,0,80.3277,0.0315055,-1.12216,-0.0749606,2.54303,1.80292,2.85012,-0.815072,3.70915,2.66196,0.0439574,0.0490001,-2.92667,-8.98853,-0.000199937,636.482,-1.59726,-4.68881,10.6633,111.591,0.0600812,0.0160446,1.0326,282.446,1547.86,289.538,-1235.16,1568.64,730.847,1725.25,-1162.45,-67.5457
5.86,-5.55652,-2.51797,82.3024,14041.5,0.0811056,-823.503,-1.06302,-2.02734,-0.341859,3.20608,2.5599,-6.40167e+07,1.85297,-2.50278,2.88847,1.51368,-1.29974,3.49301e+08,3.76456,-3.03024,2.39563,-0.567254,0.0724463,-4.43368,-2.10584,-6.86289,-0.820785,-6.78892,-4.01841,-3.96178,-2.38834,-6.46615,-1.2017,-6.24163,-3.96387,-1.78751,1.68543,-0.707061,-1.69423,-0.540205,5.04187,0.0321055,-31.5139,-1.11202,-102.985,-0.0648248,32.8732,2.55317,96.3995,1.80397,-2.81752,2.85117,-100.867,-0.814032,118.878,3.71556,-84.3557,2.66837,-12.2721,0.0503477,-0.410328,3.81265,-19.2596,-4.39479,8.31412,1634.94,11.6443,-51.4758,-42.3928,464.869,48.9712,-204.345,-111.562,-364.465,-1946.73,-16.3609,67.6688,10.2711,-3115.39,-113.303,136.305,0,84.6362,-8444.11,1.5497,-9.10893,72.5292,22873.1,124.395,-123.98,-914.67,-10075.1,-88.6669,170.018,108.987,21217.3,50.2157,-127.454,-97.1226,-78.3555,1001.18,8.07619,-18.023,-17.7111,-27.4493,30.4213,0.396807,79.774,29.0279,-25.1622,-9.33706,132.123,73.5382,19.8696,3.49254,26.197,-15.6437,2.00614,12.1971,8.8425,-8.96605,-5.58308,-1.97842,-0.540205,0,4303,1.26887e-12,1.84897e-12,1.9873e-12,-9.52988e-14,4.84272e-09,1.21052e-08,1.15484e-08,-4.66147e-08,-6.15556e-08,-1.07253e-07,0,-1.11202,-1.47444,-0.0648261,0.0836383,3.14159,1.80397,-0.562716,2.85116,-20.1733,-0.392699,3.71556,-16.8723,2.66834,-2.45443,0.523599,0,0,0,80.6579,0.0321055,-1.11202,-0.0648248,2.55317,1.80397,2.85117,-0.814032,3.71556,2.66837,0.0503477,0.0490001,-19.4258,-15.6719,-0.00049413,1630.07,-3.54222,-5.48985,6.08426,64.2671,0.0600812,0.0160446,1.03246,1119.27,6154.6,-607.445,6567.33,8806.82,-9150.51,4173.79,-1345.01,26.4593
5.88,-5.55645,-2.51366,85.7915,14041.8,0.0821839,-823.317,-1.05248,-0.719299,0.101455,0.72402,2.60768,-6.40167e+07,1.85504,-5.36823,2.82426,0.218511,-0.735607,3.49301e+08,3.76567,-0.433383,711.104,-2.5956,-32.1479,-4.43671,-2.10481,-6.86504,-0.818295,-6.78722,-4.0155,-3.96185,-2.38232,-6.4675,-1.19837,-6.24,-3.9603,-0.083929,-1.80836,742.818,0.664463,-0.535907,-7.80376,0.0331595,-5.91235,-1.1015,39.6022,-0.0543019,-10.1955,2.5637,-65.773,1.80602,-11.8719,2.85322,5.75898,-0.81197,-1371.24,3.71665,1194.91,2.66945,220.284,0.0514851,-0.10789,1.45994,22.5213,-2.14347,38.0578,217.072,0.0926574,-15.391,101.275,5614.36,4.95392,-133.347,-290.488,24.8055,592.688,-1.46603,42.595,-19.8765,8034.75,-8.1444,294.669,0,-67.3969,-5948.34,-11.1632,52.3106,-23.5006,-1028.7,-0.0285457,-26.1444,27.3533,-3.93423e+06,-266.355,8367.82,-45197.8,5.70461e+06,224.712,-7337.43,40225.4,1373.78,694939,41.4612,-1352.82,7551.26,484.884,-542.83,0.245516,174.453,13.3455,9.31685,25.0465,50.0908,14.837,-123.3,-46.0895,-31.8586,114.255,-98.8003,0.715432,-1.91734,105.197,-5.58268,-1.9784,-0.535907,0,4305,-4.50917e-13,-3.48271e-12,-3.26442e-12,2.68391e-12,1.23265e-08,8.54093e-09,1.074e-08,-1.7483e-06,-2.02482e-06,-3.1192e-06,0,-1.1015,0.923534,-0.0542965,-1.04551,3.14159,1.80602,-2.37434,2.85322,1.1518,-0.392699,3.71665,238.963,2.66948,44.0568,0.523599,0,0,0,82.2534,0.0331595,-1.1015,-0.0543019,2.5637,1.80602,2.85322,-0.81197,3.71665,2.66945,0.0514851,0.0490244,8044.44,274.739,-0.0105713,348024,1510.25,96.9769,-108.566,25633.3,0.0600877,0.0160467,1.0322,548.675,-1777.48,-83.1833,-4186.21,2584.62,601.655,2.5644e+06,-993021,-131540
5.9,-5.55747,-2.50826,87.4873,14042.9,0.0838747,-823.6,-1.04463,-2.32649,0.678504,-1.48402,2.65953,-6.40167e+07,1.85473,-4.77681,2.86419,-0.957854,-0.76132,3.49301e+08,3.76591,-1.66403,2.97487,0.710107,0.108507,-4.44011,-2.10044,-6.86816,-0.814303,-6.78578,-4.01137,-3.96309,-2.37421,-6.47074,-1.19451,-6.23857,-3.95605,-1.16592,-1.1513,1.20233,1.35364,-0.530456,-4.46836,0.0348988,1.63479,-1.09361,14.4772,-0.0464133,21.0244,2.57158,-47.8957,1.80576,-7.77432,2.85296,-0.386338,-0.812235,-69.8044,3.71693,43.4014,2.66974,0.478,0.0517648,-0.264182,2.80762,9.56766,-3.75831,7.00806,292.024,4.83274,-19.5297,45.6292,60.1077,5.13114,-15.906,-56.3822,12.7372,-193.014,10.3048,-35.0191,-70.9397,2707.77,-29.6241,67.0207,0,-32.9951,-2747.31,-16.168,6.032,-22.3885,80.8866,-0.20703,0.455028,8.08782,-3306.61,-72.2409,128.82,-36.7514,6918.87,41.6349,-94.4689,32.6991,41.3978,461.169,0.53937,-1.06923,0.497467,11.2499,-11.0888,-0.340417,84.7923,56.1996,-14.1544,-81.1151,-12.8981,-8.55955,-93.7442,-84.1091,-102.804,52.7339,42.9845,-0.363795,0.815044,-1.41475,-5.58348,-1.97844,-0.530456,0,4301,-2.31426e-13,-7.5287e-13,-6.21975e-13,6.56725e-13,4.18163e-09,8.40455e-09,8.24675e-09,3.23388e-08,4.58477e-08,4.84729e-08,0,-1.09361,1.67679,-0.0464113,0.31073,3.14159,1.80576,-1.55486,2.85296,-0.0772676,-0.392699,3.71693,8.67962,2.66976,0.0955999,0.523599,0,0,0,85.7425,0.0348988,-1.09361,-0.0464133,2.57158,1.80576,2.85296,-0.812235,3.71693,2.66974,0.0517648,0.0489759,6.53934,8.27911,-0.000168996,176.265,0.0994934,2.24998,-2.21777,15.5756,0.0600747,0.0160425,1.03187,654.379,-170.863,978.908,-1734.91,1901.11,116.238,4956.61,-1243.98,65.461
5.92,-5.55876,-2.50355,91.4719,14047.8,0.0856585,-825.847,-1.03903,-4.94633,0.00151717,-1.55133,2.14363,-6.40167e+07,1.85391,-10.6637,2.88161,-4.7008,-0.759007,3.49301e+08,3.77169,-0.957179,2.81219,1.40683,0.0966792,-4.44318,-2.09557,-6.87148,-0.810897,-6.78417,-4.01099,-3.96463,-2.36666,-6.47437,-1.19143,-6.23728,-3.95255,-3.94685,-7.02308,1.75834,-0.599175,-0.525691,0.744888,0.0367433,-8.58492,-1.08795,1.94263,-0.0407508,109.248,2.57725,-4.79611,1.805,6.39482,2.8522,-0.0580792,-0.813001,-3.05595,3.72277,7.194,2.67557,-2.40922,0.0575566,-0.108655,1.3796,1.05717,-1.72287,1.26115,62.1851,-1.12946,1.00305,-1.52619,-109.107,5.89174,-8.28384,0.955719,-3.78403,5497.35,-45.6422,73.1427,14155.4,-55.4466,-9.09869,10.8016,0,15.3822,-28.9503,-9.09547,1.4694,-3.08565,-7.68771,0.00162561,-0.00287457,1.202,-162.34,-17.6263,-3.15639,53.459,230.5,4.85456,6.39193,-47.2439,14.5164,9.49992,-0.439664,-2.03252,8.96313,2.56109,-4.79954,0.238592,199.229,245.589,-112.357,-240.081,1.36043,-30.8898,-388.129,-273.327,85.9856,88.3654,46.7697,0.277606,0.222179,-0.983942,-5.58449,-1.97849,-0.525691,0,4296,1.8836e-13,-3.02514e-13,2.87159e-13,4.26326e-13,-6.43275e-10,-1.70322e-10,-1.71451e-10,-1.76428e-08,1.61132e-08,8.77766e-09,0,-1.08795,0.380182,-0.0407405,-0.0105803,3.14159,1.805,1.27899,2.85219,-0.0116158,-0.392699,3.72277,1.43895,2.67555,-0.481843,0.523599,0,0,0,87.4384,0.0367433,-1.08795,-0.0407508,2.57725,1.805,2.8522,-0.813001,3.72277,2.67557,0.0575566,0.0489153,-9.44963,2.90347,7.3314e-05,529.439,1.79263,0.512217,-0.959908,-116.971,0.0600585,0.0160371,1.03157,-475.701,802.909,-11536.6,-1809.48,1196.95,137.346,7376.53,-3552.08,772.538
5.94,-5.55889,-2.50156,95.9378,14048.2,0.0870864,-825.778,-1.04001,0.810536,0.329475,-3.44275,2.72557,-6.40167e+07,1.8536,-1.93126,2.76494,1.5512,-0.840171,3.49301e+08,3.77584,-1.60248,3.08178,0.848834,0.118454,-4.44324,-2.09084,-6.87337,-0.810102,-6.78197,-4.01234,-3.96496,-2.3624,-6.47638,-1.19075,-6.23534,-3.95153,1.55603,1.67385,1.36085,0.338119,-0.523699,-6.65675,0.0381711,57.4574,-1.08892,85.2571,-0.0417267,-15.2888,2.57627,5.78657,1.80469,-27.2661,2.85188,-8.07547,-0.813301,-88.8967,3.72693,57.6836,2.67973,0.507784,0.0618075,-0.072508,1.14229,3.32783,-1.68678,30.9959,4023.1,9.37587,-306.32,87.5119,886.656,12.8214,-406.663,56.0851,155.831,2361.98,-2.16497,67.1586,8.67201,-3747.14,30,-55.5742,0,-335.84,82.2062,-19.2758,128.68,37.3892,494.4,-7.17578,39.5277,-38.3843,-1085.86,-28.8235,452.033,-43.5249,7048.79,15.7593,-309.426,38.2775,46.8385,639.19,0.182334,-2.89938,0.544699,12.7728,-12.6133,-0.217092,223.298,15.8546,3.45245,-5.54861,-115.112,15.1975,48.4768,22.0214,-125.598,56.3081,50.2433,-5.38059,-2.07361,-2.45,-5.58449,-1.97849,-0.523699,0,4296,-1.32283e-13,2.59925e-12,2.61968e-12,3.53056e-12,-2.13028e-09,-1.5403e-09,-1.84824e-09,-2.55617e-08,-4.63995e-08,-4.97727e-08,0,-1.08892,6.22563,-0.0417192,0.321795,3.14159,1.80469,-5.45314,2.85189,-1.61509,-0.392699,3.72693,11.5339,2.6798,0.101557,0.523599,0,0,0,91.423,0.0381711,-1.08892,-0.0417267,2.57627,1.80469,2.85188,-0.813301,3.72693,2.67973,0.0618075,0.0489153,7.65365,9.36603,-0.000618308,457.402,0.10894,2.55456,-2.52266,24.5169,0.0600585,0.0160371,1.03145,91.4934,5.99288,-628.211,-8382.97,2138.52,1140.56,7636.28,-2187.25,17.0643
5.96,-5.55796,-2.50098,95.9838,14066.1,0.0886945,-828.008,-1.03838,-0.629003,-0.214827,7.2214,2.55655,-6.40167e+07,1.85266,-2.73911,3.45154,1.51846,-0.718269,3.49301e+08,3.77891,-0.91802,-0.404864,0.613018,-0.0849679,-4.44297,-2.08846,-6.87418,-0.81061,-6.77853,-4.01441,-3.96425,-2.35925,-6.47755,-1.19164,-6.23207,-3.95203,-0.258787,1.43069,-1.23792,-14.6513,-0.523161,17.3193,0.0397186,-91.1282,-1.08735,-67.7327,-0.0401534,-7.74514,2.57784,-49.2636,1.80368,135.204,2.85088,-2.76576,-0.814321,404.873,3.72993,-244.528,2.68273,-86.0134,0.064706,-25.1868,209.152,591.798,-279.211,2.24334,2409.3,1562.17,-24.2502,-111.902,-9781.51,1254.63,-18.7207,-18.9095,-129.616,2196.86,119.358,-1.9533,4.7965,-28450.4,376.042,12.7656,0,583.689,-8269.76,-1953.73,4.52113,-98.6076,-6332.17,35.6423,0.0576117,33.4938,-256100,-6281.95,58.0903,350.246,367296,3838.19,-44.5571,-306.914,-255.765,54959.4,1344.26,-14.5806,-121.179,-115.317,197.593,-2.93752,2.29795,897.675,-111.519,-64.3367,402.679,14.7246,8.03701,41.4353,36.5698,90.6845,78.0378,-0.393901,-0.367654,-0.900812,-5.58348,-1.97844,-0.523161,0,4301,1.40839e-13,-9.99617e-14,-9.40081e-14,-1.64653e-13,-1.81168e-09,-1.43082e-09,-1.3162e-09,1.74891e-10,-8.44252e-10,-1.73318e-09,0,-1.08735,-8.48847,-0.0401526,-2.16178,3.14159,1.80368,27.0416,2.85087,-0.553151,-0.392699,3.72993,-48.9093,2.6827,-17.2027,0.523599,0,0,0,95.8889,0.0397186,-1.08735,-0.0401534,2.57784,1.80368,2.85088,-0.814321,3.72993,2.68273,0.064706,0.0489759,-61.3871,-51.1563,-0.00455283,11939.5,-24.2358,-23.0634,39.5187,198.452,0.0600747,0.0160425,1.03143,10148.6,16014.4,1344.1,11849.3,-4566.61,1311.98,47230.2,-34948.5,530.802
5.98,-5.55694,-2.5016,96.0938,14064.7,0.0898607,-828.268,-1.03515,-5.47285,-0.891717,-16.0396,3.40228,-6.40167e+07,1.84827,1.83202,2.69279,9.07999,-0.929835,3.49301e+08,3.77521,1.27645,2.70492,-1.78973,-0.597204,-4.44299,-2.08877,-6.87303,-0.810584,-6.77603,-4.01388,-3.96339,-2.35801,-6.47806,-1.19334,-6.22936,-3.95344,-6.62526,5.45465,4.57857,-8.8373,-0.523829,13.1737,0.0408363,-458.628,-1.08417,385.588,-0.0369765,-49.4023,2.58102,61.8576,1.79925,65.6576,2.84645,2.19173,-0.818731,76.6706,3.72618,6.70408,2.67899,79.5084,0.0610506,-9.23303,76.7461,-350.962,-85.8254,6.32592,-46459.1,2321.67,-382.538,-2133.6,-199453,-1973.31,323.491,2012.25,-502.507,-229297,254.233,-41.5399,110.702,10382.8,-375.934,52.5441,0,203.31,-7170.46,-511.769,8.28415,15.0071,1067.29,-10.6052,3.20232,-3.16701,41195.9,-928.403,-31.9233,386.574,-34219.7,252.294,45.9757,-340.222,40.2689,-97297.9,338.756,156.937,-788.934,54.4258,-626.699,-1.77946,5.50166,-68.9596,-12.9803,-249.995,-749.624,20.2655,236.375,443.039,-6.91249,200.223,-17.4618,-38.3725,1.24849,3.16295,-5.58268,-1.9784,-0.523829,0,4305,3.20491e-12,-3.24007e-12,5.84954e-12,-1.14406e-11,2.50901e-08,1.32535e-08,5.41147e-10,-1.87658e-07,1.51867e-07,1.72262e-07,0,-1.08417,61.1144,-0.0369783,-6.99438,3.14159,1.79925,13.1308,2.84646,0.438345,-0.392699,3.72618,1.34381,2.67904,15.9017,0.523599,0,0,0,95.9348,0.0408363,-1.08417,-0.0369765,2.58102,1.79925,2.84645,-0.818731,3.72618,2.67899,0.0610506,0.0490244,-68.0629,8.05436,-0.0257525,-991.861,-157.787,10.8852,-125.34,-5683.64,0.0600877,0.0160467,1.03148,27026.8,50146.1,42565.9,1736.7,2216.62,166.981,-13090.2,-16879.5,27294.1
6,-5.55573,-2.50362,96.4354,14070.7,0.0906445,-829.159,-1.0383,-1.16541,0.365964,-1.54911,2.24711,-6.40167e+07,1.84701,-1.29457,3.06808,-1.54523,-0.474041,3.49301e+08,3.77474,-1.44965,2.9455,-1.3523,0.359976,-4.44104,-2.08803,-6.87234,-0.812816,-6.77373,-4.01607,-3.9623,-2.35879,-6.47787,-1.19609,-6.22702,-3.95599,0.0950355,2.24754,1.13587,-4.48353,-0.525912,5.40011,0.0415474,-73.5961,-1.0874,72.1024,-0.0402002,7.53577,2.57779,46.802,1.79791,24.3238,2.84511,47.7154,-0.82009,2.35051,3.72564,31.8417,2.67845,54.2284,0.0604017,-2.4412,20.5177,14.2863,-25.8196,1.09087,-1333.57,361.734,-30.3582,-135.543,-3911.13,-372.368,31.0023,166.258,-105.251,-7336.63,-35.6451,3.01606,-22.9598,3483.8,-260.909,11.3928,0,62.5038,-2378.83,-102.486,0.788902,29.2812,3562.01,-252.508,9.53176,-306.908,-751.206,-112.978,-17.1912,419.527,1715.06,-59.5412,18.2169,-369.426,51.0594,-22.2223,-122.315,27.4074,-460.9,43.4011,-245.238,-0.920136,17.077,298.193,-44.5701,-23.3666,-18.8182,2.40754,79.9818,-5.66339,21.2353,63.8944,-0.878081,-8.10242,2.85286,4.69733,-5.58147,-1.97834,-0.525912,0,4311,3.27308e-13,-7.53869e-13,-7.99361e-15,-4.68958e-13,4.07711e-09,-1.02069e-08,4.33034e-09,4.70594e-09,-2.07383e-09,-6.94679e-10,0,-1.0874,8.45811,-0.0402025,-0.656244,3.14159,1.79791,4.86461,2.8451,9.54309,-0.392699,3.72564,6.36757,2.6784,10.8457,0.523599,0,0,0,96.0447,0.0415474,-1.0874,-0.0402002,2.57779,1.79791,2.84511,-0.82009,3.72564,2.67845,0.0604017,0.0490971,-73.8821,10.2121,0.00852588,1021.09,-92.18,8.68022,-49.0476,1215.9,0.0601071,0.0160532,1.03161,10607.2,-5420.24,1236.51,-2149.23,2168.95,130.686,13490.8,2216.45,-6798.91
6.02,-5.55533,-2.50445,98.092,14074.9,0.090584,-866.441,-1.04002,-7.73745,0.00191891,-10.0332,2.62953,-6.39793e+07,1.84419,34291.8,2.94106,-16.6231,-5.78756,3.49301e+08,3.77622,-14.2085,2.69127,-2.23092,0.116694,-4.44017,-2.08814,-6.8708,-0.812485,-6.77332,-4.01776,-3.96189,-2.35971,-6.4774,-1.19686,-6.22671,-3.95677,-7.22347,34300.5,-11.6339,-1.61778,-0.526756,1.35565,0.0414747,-8.99742,-1.08913,1.39602,-0.0419309,-1.31544,2.57607,6.73487,1.79508,9.45038,2.84228,-7513.34,-0.822909,19.1687,3.72711,-6.39343,2.67991,-2.14027,0.0619628,-0.380262,3.56856,3.57225,-4.55792,1.56426,-15.4576,17.1359,-12.1255,-1.11291,-93.6385,7.1653,-4.54786,0.470272,-4.27178,-16.6509,4.28048,-2.93062,1.30606,175.291,-48.2505,16.636,0,20.8398,-33.7646,-17.4095,1.09397,6.23806,5.51806e+07,35434.1,-10462.5,-4.52497e+07,896.545,-56.2891,4.54208,22.5075,-555.092,21.6486,0.419762,-19.7852,-1.91454,-1257.05,18.8575,7.37663,-25.2354,-1.65191,9.57276,-0.383747,82.8312,211.639,-1864.08,-391.331,-479.508,1.87272e+06,1.71473e+06,-752.609,127.252,-573.974,-44.5728,-0.530112,0.753007,-0.218521,-5.58127,-1.97833,-0.526756,0,4312,-2.61902e-13,-1.34344e-13,1.06921e-13,1.70031e-13,-2.71543e-09,9.82241e-10,1.07798e-09,3.40525e-08,-3.58285e-08,-4.75895e-08,0,-1.08913,0.276886,-0.0419263,-0.211059,3.14159,1.79508,1.85873,2.84228,-1502.67,-0.392699,3.72711,-1.27856,2.67996,-0.428054,0.523599,0,0,0,96.3863,0.0414747,-1.08913,-0.0419309,2.57607,1.79508,2.84228,-0.822909,3.72711,2.67991,0.0619628,0.0491092,-3.95721,-0.382901,0.00028828,356.74,-5.04708,-0.330383,1.91455,574.352,0.0601103,0.0160543,1.03166,1184.7,62.3121,471.021,3.92067e+07,1.14572e+07,-1.16365e+07,4283.15,1270.97,-2689.79
6.04,-5.55593,-2.50361,101.112,14077.8,0.0902812,-884.057,-1.03849,2.18193,-0.118273,-27.7445,2.61563,-6.39793e+07,1.83345,-3.91932,2.87765,-1.7678,-0.820151,3.49301e+08,3.77804,-2.66678,3.42644,-1.76092,1.10331,-4.44114,-2.08852,-6.86685,-0.807168,-6.77424,-4.01771,-3.96245,-2.35936,-6.4776,-1.19574,-6.22774,-3.95573,2.58962,-0.221523,-0.343654,0.789999,-0.52589,-0.101621,0.0411962,-10.6143,-1.08757,-3.54533,-0.0403746,-0.73887,2.57762,-10.2831,1.78436,-0.810307,2.83156,-115.43,-0.833621,-200.066,3.72896,171.737,2.68176,76.9178,0.0638043,-0.128262,1.63658,-0.0937633,-1.98745,1.92779,-60.5189,12.7608,-26.0879,-1.91245,-157.696,12.5348,-24.7785,-0.870809,-11.6934,22.7802,-0.255731,0.413184,0.203048,29.9737,-28.894,23.5709,0,-4.5443,-107.994,-6.04458,0.743993,-6.25192,12412.4,-377.55,253.077,10558.2,2613.52,65.6273,-212.192,4073.43,46586.1,-70.0341,191.566,-3573.09,208.388,-10905.1,-31.5828,85.9734,-1550.29,97.7584,-181.088,-0.25987,150.992,146.022,-880.82,67.377,-1409.93,-1716.16,-51.9337,-10.391,9.02836,3.20321,-38.6314,-0.602617,-0.463476,14.6598,-5.58167,-1.97835,-0.52589,0,4310,2.23682e-13,2.42306e-14,7.40519e-14,-5.0588e-14,1.57513e-10,2.52863e-09,-2.58568e-09,-4.65777e-09,-9.27102e-09,-9.65401e-09,0,-1.08757,-0.326445,-0.0403712,-0.2269,3.14159,1.78436,-0.162737,2.83157,-23.0861,-0.392699,3.72896,34.345,2.6818,15.3836,0.523599,0,0,0,98.0429,0.0411962,-1.08757,-0.0403746,2.57762,1.78436,2.83156,-0.833621,3.72896,2.68176,0.0638043,0.049085,-714.566,41.6747,-0.0046125,6588.08,-310.058,19.5517,-36.2176,1120.84,0.0601039,0.0160521,1.03161,1460.25,1609.44,166.016,9569.27,-21329.1,19557.9,68364.8,-24903.9,-6687.76
6.06,-5.55695,-2.50377,104.725,14081.7,0.0900427,-888.023,-1.03762,0.370139,-0.013687,3.16603,2.61024,-6.39793e+07,1.82419,-5.15908,2.87094,-1.37291,-0.840485,3.49301e+08,3.78287,-1.66005,2.90138,-1.17236,0.217533,-4.44236,-2.08948,-6.86394,-0.803518,-6.77531,-4.02031,-3.96344,-2.3599,-6.47831,-1.19568,-6.22911,-3.95573,0.887805,-1.44766,1.02379,0.607,-0.526001,-0.253588,0.0410183,-13.7643,-1.08664,-8.18974,-0.0394457,-0.55469,2.57855,-12.5753,1.77517,-0.139802,2.82237,-20.2272,-0.842824,-36.1184,3.73384,28.0938,2.68664,18.6502,0.0686583,-0.0999422,1.38877,-0.3122,-1.70689,1.51799,330.287,-26.6737,46.4124,19.5096,148.774,-20.4402,35.7951,19.5106,-31.5896,79.4968,-2.751,4.87546,-0.000102955,-11.9604,-29.1785,20.2005,0,-4.44403,-154.374,-4.23068,0.33111,-7.58646,101.428,-58.0477,33.1033,236.836,-48.3429,-10.0783,-21.6466,155.838,1633.74,-1.82728,23.1551,-135.924,38.594,-461.129,-2.37119,16.1344,-77.5145,20.5608,-49.1708,0.239388,180.653,193.013,-198.261,-33.8537,90.623,-408.588,-114.384,5.93773,52.0294,53.7807,-3.67868,0.890921,0.412407,-2.00008,-5.58268,-1.9784,-0.526001,0,4305,-2.11928e-13,1.62523e-13,1.80245e-13,-1.77817e-13,-2.11189e-11,2.09256e-10,-3.25217e-10,2.01101e-08,2.60401e-08,4.05624e-08,0,-1.08664,-0.418472,-0.0394403,-0.0354951,3.14159,1.77517,-0.0279543,2.82237,-4.04545,-0.392699,3.73384,5.61871,2.68665,3.73005,0.523599,0,0,0,101.063,0.0410183,-1.08664,-0.0394457,2.57855,1.77517,2.82237,-0.842824,3.73384,2.68664,0.0686583,0.0490244,-27.1844,7.71868,-0.00030596,905.521,-15.5029,4.11215,-9.83416,518.711,0.0600877,0.0160467,1.03161,-2930.02,-2866.41,-270.902,1420.36,-4149.08,4544.51,13104.5,-2250.05,-2746.38
6.08,-5.55788,-2.50409,106.016,14082.4,0.090172,-889.461,-1.03496,0.193543,-0.0484199,1.03133,2.63414,-6.39793e+07,1.82073,-0.021144,3.64694,-0.895601,-0.472231,3.49301e+08,3.78869,1.02064,2.74782,-0.922002,0.152853,-4.44402,-2.09086,-6.86367,-0.802627,-6.77566,-4.02391,-3.96438,-2.36001,-6.4794,-1.19612,-6.22985,-3.95614,0.652573,4.09803,3.61561,1.61863,-0.526278,0.592468,0.0412083,-41.6233,-1.08393,-17.4817,-0.0367289,2.38618,2.58126,105.528,1.77177,-31.4472,2.81897,141.852,-0.846225,-4.17991,3.73973,-1.62601,2.69253,6.80152,0.0745497,-0.353847,3.57128,3.21563,-4.10893,6.37955,-646.108,46.0388,-156.922,-58.3724,-1689.4,23.7875,-79.4268,-14.0033,-56.3411,417.417,-2.84119,9.63572,34.3785,-5138.99,574.463,-316.775,0,-1519.73,-13232,-176.979,104.883,97.8419,-56.3072,796.622,-468.068,-808.272,-45.9596,-64.7767,57.845,19.0336,41.9923,29.6675,-32.1932,-16.4879,9.96914,5.24243,20.1552,-8.78666,-13.3745,6.42459,-22.2738,-0.383884,64.5794,36.7005,-71.8999,-25.6738,-14.9624,2.83549,142.339,26.0636,136.225,188.107,14.8999,1.38802,-3.05238,-0.297516,-5.58369,-1.97845,-0.526278,0,4300,6.78207e-14,-8.6018e-14,2.98428e-13,-3.13749e-13,-6.39992e-09,1.23452e-08,-1.00273e-08,-2.07517e-09,-2.7301e-09,-1.76925e-09,0,-1.08393,-2.0262,-0.0367356,0.03119,3.14159,1.77177,-6.28955,2.81897,28.3704,-0.392699,3.73973,-0.325114,2.69254,1.3603,0.523599,0,0,0,104.676,0.0412083,-1.08393,-0.0367289,2.58126,1.77177,2.81897,-0.846225,3.73973,2.69253,0.0745497,0.0489637,-3.29755,1.99379,-0.00023279,158.403,-2.67491,1.28492,-4.45476,196.037,0.0600715,0.0160414,1.03161,3220.58,2443,-112.509,-19343.2,51414,-36380.2,2963.68,574.515,-945.312
6.1,-5.55799,-2.50301,108.45,14082.9,0.0903281,-889.088,-1.03111,0.471497,0.11649,-0.820105,2.636,-6.39793e+07,1.82338,2.17086,2.88139,-0.093953,-0.791796,3.49301e+08,3.80016,-6.1902,2.79409,-1.64374,0.114261,-4.44519,-2.09138,-6.86503,-0.802702,-6.77474,-4.02917,-3.96451,-2.35868,-6.47972,-1.19518,-6.22974,-3.95516,1.09358,5.84404,-3.51037,-1.1663,-0.52519,-3.32304,0.0413643,-5.04417,-1.08007,28.1465,-0.0328742,-7.92997,2.58512,-14.071,1.77441,-3.9889,2.82161,2.51804,-0.843584,-8.84241,3.7512,2.96392,2.704,-2.81769,0.0860001,-0.229919,2.35021,-23.642,-3.4074,19.7785,-109.511,0.726854,-15.644,55.944,-720.192,13.453,-136.737,21.5689,2.63862,-565.488,-3.38112,33.3755,5.79327,4301.15,209.54,-439.986,0,-232.917,-1372.34,-76.2724,186.946,6.21947,1674.88,85.6934,-204.589,-2.70169,31.1625,-44.2347,118.159,-30.2301,-133.658,18.5198,-45.7194,25.8346,-8.1389,-103.873,5.34559,7.65681,10.3575,-3.69782,6.47271,0.311407,121.688,23.6511,18.6248,-16.2522,-81.4917,65.0695,252.071,37.1488,-100.274,-171.862,-34.396,-0.118174,-0.383848,0.482462,-5.58369,-1.97845,-0.52519,0,4300,7.358e-13,1.64219e-12,1.02912e-12,-1.84472e-13,-8.92998e-10,-3.99657e-10,-6.37535e-11,9.57885e-09,-4.66932e-09,3.18626e-09,0,-1.08007,2.74583,-0.0328787,-0.368425,3.14159,1.77441,-0.797793,2.82161,0.503608,-0.392699,3.7512,0.592804,2.70399,-0.563539,0.523599,0,0,0,105.968,0.0413643,-1.08007,-0.0328742,2.58512,1.77441,2.82161,-0.843584,3.7512,2.704,0.0860001,0.0489637,5.16696,-1.62779,-2.17574e-05,233.752,2.07149,-0.739565,1.29454,162.163,0.0600715,0.0160414,1.03155,408.207,590.17,40.1253,-20654.6,11318.8,-5820.1,4223.04,-566.058,-625.699
6.12,-5.55792,-2.50008,108.428,13664.7,0.08916,-889.792,-1.02521,-14.1714,-1.18364,3597.22,2.7551,-6.39793e+07,1.82896,-11.5534,1.42267,-28.4704,-2.99887,3.49301e+08,3.82088,12.4476,18.6826,2.72555,0.53882,-4.44652,-2.09315,-6.86562,-0.800864,-6.77471,-4.03674,-3.96428,-2.35761,-6.47812,-1.19118,-6.23136,-3.95145,-14.9686,-7.13182,30.5914,-63.1712,-0.522268,81.0192,0.0401841,-207.382,-1.07418,-501.807,-0.026987,133.909,2.59101,912.565,1.77999,307.546,2.82718,132.325,-0.837999,1364.95,3.77191,-652.926,2.72471,-226.004,0.106723,-465.458,3870.24,7672.1,-5053.33,-4.28584,131933,12720,22.4398,-465.22,-90499.9,31761.3,51.7767,-463.966,-807.946,15712.2,-8548.38,-13.6487,-0.107556,930856,-57343.3,-46.8992,0,840.718,-860329,-18795,-3.32253,591.172,100001,-8271.75,-5.71451,-118.099,-463946,-84324.3,-57.7248,192.23,1.89723e+06,40327.3,36.226,-160.284,-668.281,-201836,13958.1,9.18625,-64.6478,-304.769,540.222,-12.6359,-1.12575,-20909.5,-35.2094,-760.891,179853,-1478.83,-433.86,-1416.87,-5944.75,761.063,184.264,0.518013,-0.730523,0.798511,-5.58348,-1.97844,-0.522268,0,4301,-4.04277e-14,-2.8158e-13,-2.43749e-13,-1.38631e-13,8.43606e-10,1.56587e-09,1.33635e-09,1.42498e-08,-4.09759e-08,-6.25356e-08,0,-1.07418,-25.1668,-0.0269842,1.66362,3.14159,1.77999,61.5079,2.82719,26.4651,-0.392699,3.77191,-130.583,2.72472,-45.2009,0.523599,0,0,0,108.401,0.0401841,-1.07418,-0.026987,2.59101,1.77999,2.82718,-0.837999,3.77191,2.72471,0.106723,0.0489759,-32.0563,-133.654,0.00320837,-59429.1,-12.9296,-60.9538,108.044,-49632.1,0.0600747,0.0160425,1.03138,189107,1.17872e+06,-300120,-1.31572e+06,223226,-150775,-1.587e+06,192336,251910
6.14,-5.55706,-2.49728,108.505,12553.9,0.0877002,-1871.78,-1.01841,2503.75,-7.08591,9525.99,3.05066,-6.39794e+07,1.83823,121.352,-19.993,161.331,33.2956,-2.45858e+08,3.83564,2.5671e+08,-3.04742,14057.3,-4681.01,-4.44724,-2.09597,-6.86644,-0.800322,-6.77466,-4.04092,-3.96321,-2.35714,-6.47535,-1.18704,-6.23262,-3.94767,2496.76,68.0635,2.56714e+08,164.979,-0.519518,-230.228,0.0386637,-603.661,-1.06745,752.586,-0.0202496,-424.506,2.59774,14180.5,1.7892,-5370.63,2.83639,3303.02,-0.828808,-4132.54,3.7866,2071.34,2.7394,-7.02239e+06,0.121367,-3170.84,26395.3,125959,-36295.5,72.2356,152685,-92711.8,301.159,2529.54,-2.3796e+06,117093,-422.32,344.418,-689.99,291447,-65838.1,232.03,178.381,-3.65826e+08,2.26113e+06,-1504.73,0,-135986,-1.8202e+08,-855190,674.982,13903,-1.3702e+08,526094,-403.883,-2879.76,-1.42219e+07,-653781,1286.74,-1149.04,2.62787e+07,326862,-853.945,941.321,2182.35,-8.49026e+12,-1.1099e+09,2.45258e+06,-3.6371e+06,-3.79626e+06,-8.46495e+10,32.9965,3.84867,-55539.4,-49099.4,125156,476312,-239.203,6211.87,8076.78,-2.97579e+10,1.28355e+10,702944,11.0652,-267.622,-40.7456,-5.58248,-1.97839,-0.519518,0,4306,-1.8846e-12,-8.03935e-12,-3.96394e-12,-6.15819e-12,5.07378e-07,9.77791e-07,3.13579e-07,-3.82292e-07,6.25879e-07,8.48886e-07,0,-1.06745,97.7599,-0.0202496,-55.322,3.14159,1.7892,-1074.19,2.83638,660.603,-0.392699,3.7866,612.923,2.73936,-1.40448e+06,0.523599,0,0,0,108.379,0.0386637,-1.06745,-0.0202496,2.59774,1.7892,2.83639,-0.828808,3.7866,2.7394,0.121367,0.0490365,291.15,543.892,2.39392e+06,6.83869e+12,-727420,-759253,-1.69299e+10,-3.67708e+11,0.0600909,0.0160478,1.03122,3.2763e+07,-3.19391e+07,1.30889e+07,-4.49521e+07,7.45827e+07,2.89505e+06,3.41935e+13,-1.83887e+12,1.83865e+12
6.16,-5.55604,-2.49599,108.551,12560.6,0.0868421,-1871.77,-1.02011,0.0502702,-0.166992,0.460541,2.53805,-6.39794e+07,1.84375,-1.76405,3.19957,-0.834681,-0.520047,-2.43418e+08,3.84291,-482250,2.23191,156.394,-53.098,-4.44566,-2.09522,-6.86643,-0.800407,-6.77418,-4.04303,-3.96207,-2.35721,-6.47321,-1.18495,-6.23285,-3.94579,0.486823,1.95557,-482194,-14.5684,-0.518272,18.2656,0.037745,-123.743,-1.0692,-52.1729,-0.0220048,-23.5439,2.59599,240.437,1.79465,57.4079,2.84185,44.2181,-0.823344,308.228,3.79382,-140.348,2.74662,-79322.6,0.128626,-24.9227,206.857,-1.99861,-257.095,0.611361,10299.8,1654.12,-8.0737,-148.384,-12776.1,753.116,-3.52558,6.45481,-138.839,3669.37,317.692,-1.54094,13.93,40475.1,-3486.46,7.24423,0,186.427,-58265.7,-787.573,0.211976,165.253,2201.12,-634.612,1.09074,-37.3745,-16838,-4243.89,7.74163,35.5967,90372.8,1889.21,-4.59398,-28.9075,-146.153,-1.15949e+09,1.099e+06,-1812.04,-18904,-42873,1.61087e+08,-2.92096,2.30935,333.193,0.266796,-21.7419,44.9519,-57.6912,56.3448,-24.36,1.21976e+08,-2.41124e+07,7898.19,72.0935,-93.9696,80.7086,-5.58147,-1.97834,-0.518272,0,4311,8.3239e-14,-4.9134e-12,1.66267e-11,1.01146e-11,-8.27362e-08,2.68795e-07,1.2225e-07,-1.4372e-07,7.07499e-07,1.03841e-06,0,-1.0692,-8.16827,-0.0220011,-5.12267,3.14159,1.79465,11.4816,2.84185,8.84363,-0.392699,3.79382,-28.1216,2.74662,-15864.5,0.523599,0,0,0,108.456,0.037745,-1.0692,-0.0220048,2.59599,1.79465,2.84185,-0.823344,3.79382,2.74662,0.128626,0.0490971,-5.79392,-29.2588,106.042,8.68773e+08,-3780.8,-8574.6,3.22174e+07,-4.59926e+07,0.0601071,0.0160532,1.03115,-1468.41,3617.52,-402.809,-23059.2,12211.8,92.208,4.34386e+09,-2.33151e+08,2.31232e+08
6.18,-5.55564,-2.49545,108.661,12563.7,0.0864158,-1872.07,-1.01902,-0.377769,-0.0141314,-0.714403,2.56777,-6.39794e+07,1.84442,-4.10325,3.30152,-2.98711,-0.65784,-2.43418e+08,3.84594,-1.28632,2.13274,-1.15573,-0.311244,-4.44547,-2.09588,-6.86573,-0.799754,-6.77408,-4.04391,-3.96161,-2.35736,-6.47224,-1.18403,-6.23306,-3.94497,0.181922,-0.143888,1.15767,-8.78603,-0.517755,11.4569,0.0372944,-83.081,-1.06815,-10.8008,-0.0209488,-19.8271,2.59704,-82.8222,1.7953,99.6164,2.8425,-48.7161,-0.822678,192.078,3.79682,-87.9819,2.74962,-207.55,0.131703,-9.13352,75.8953,-49.4024,-92.8139,1.15637,4727.11,591.633,-15.3851,-95.4675,-7201.07,97.4651,-2.33808,30.1535,-74.5766,756.366,147.519,-3.77367,17.5997,-36202.6,642.739,4.25022,0,552.577,-9761.82,-818.338,3.0252,-110.985,-21117.6,393.89,-0.450891,54.9531,-3309.41,-1526,14.1033,25.0329,32265.8,667.966,-8.20991,-20.2548,-89.2902,-62623.5,1679.1,-13.4244,-56.7959,-136.674,1903.39,-1.76927,5.51337,152.655,-14.7838,-29.3643,-14.7808,37.2295,-60.5812,-105.263,171.157,75.6213,15.1409,-6.2577,-9.22499,-7.21403,-5.58107,-1.97832,-0.517755,0,4313,-5.02848e-13,4.32543e-13,-3.63709e-13,1.02141e-14,2.09071e-10,-1.41449e-08,-1.03497e-09,1.48044e-08,7.90113e-08,1.25101e-07,0,-1.06815,-2.06719,-0.020956,-3.4193,3.14159,1.7953,19.922,2.84251,-9.74321,-0.392699,3.79682,-17.6026,2.7497,-41.5099,0.523599,0,0,0,108.502,0.0372944,-1.06815,-0.0209488,2.59704,1.7953,2.8425,-0.822678,3.79682,2.74962,0.131703,0.0491214,-4.05285,-17.8605,0.0989835,3755.99,-11.3592,-27.3348,380.679,-1063.3,0.0601136,0.0160553,1.03112,-128.981,1272.32,102.965,19585.9,-2051.61,3037.73,14498.6,-18981.7,8762.71
6.2,-5.55609,-2.49488,109.001,12568,0.0865062,-1872.91,-1.02055,-0.558468,-0.00906995,-0.473499,2.61067,-6.39793e+07,1.84149,32.047,3.10534,-0.723027,-0.460614,-2.43418e+08,3.84648,-2.26307,2.5598,-0.613297,0.120427,-4.44555,-2.09444,-6.86515,-0.798092,-6.77437,-4.0436,-3.96207,-2.35664,-6.47281,-1.18354,-6.23338,-3.94446,-0.0366196,35.6129,0.176305,-4.46156,-0.517162,6.04811,0.0374091,-35.2056,-1.06964,-9.04625,-0.0224451,-10.9298,2.59556,48.4344,1.7924,26.3213,2.83959,451.673,-0.825614,108.945,3.79739,-53.2956,2.75019,-18.3224,0.132169,-2.41869,20.3365,-5.68702,-24.9739,1.29906,1297.74,107.964,-11.8908,-37.0023,-1351.52,42.9778,-4.35612,11.6152,-29.6423,357.518,36.7376,-3.964,12.0432,3813.06,-230.303,13.1216,0,68.5097,-2646.42,-108.157,1.11027,28.203,215034,-2097.18,105.295,-35413.7,-3843.36,-420.448,17.9613,20.997,12847.7,187.862,-10.9283,-16.9781,-52.6679,-1158.69,70.7879,-2.96623,-7.10577,-24.4149,44.9293,-0.915831,16.9939,215.178,-42.095,-38.5067,18.1954,1966.55,1746.78,41.7584,10.6698,26.811,18.1588,-2.90917,2.74104,-4.98022,-5.58147,-1.97834,-0.517162,0,4311,7.20479e-13,2.80997e-13,6.67688e-13,1.94067e-13,-1.4402e-08,-1.28747e-08,1.91039e-08,4.08484e-08,-1.10038e-07,-1.58785e-07,0,-1.06964,-1.72989,-0.0224317,-1.05909,3.14159,1.7924,5.25919,2.83958,90.3345,-0.392699,3.79739,-10.6598,2.75016,-3.66448,0.523599,0,0,0,108.612,0.0374091,-1.06964,-0.0224451,2.59556,1.7924,2.83959,-0.825614,3.79739,2.75019,0.132169,0.0490971,-3.3958,-10.5341,-0.00083604,851.666,-1.42115,-4.88298,8.98586,66.5914,0.0601071,0.0160532,1.03109,1076.09,537.674,506.752,122671,49167,-37112.8,1817.42,-1678.69,85.4591
6.22,-5.55694,-2.49397,110.626,12568,0.0866794,-1870.46,-1.03176,3.36062,-6.08028,6.21407,2.62664,-6.39793e+07,1.83859,-18.7936,8.3264,-5.44281,-3.02238,-2.43418e+08,3.84783,1.07564,-0.351296,10.9826,0.629765,-4.44345,-2.08784,-6.86513,-0.796221,-6.77482,-4.04361,-3.96294,-2.35546,-6.47389,-1.18279,-6.23398,-3.94367,-2.20471,-7.44481,0.0945825,-1.61905,-0.516213,-78.8847,0.0376308,-88.1295,-1.08081,522.539,-0.0336136,-119.156,2.58438,-1956.48,1.78955,253.715,2.83674,-1077.68,-0.828446,-1200.17,3.79879,757.198,2.75159,-30.3625,0.133645,-0.380542,3.57348,-11008.7,-15.6829,5401.84,-22529.6,-14.5783,5376.11,1182.35,-49722.1,87.9378,-35155.4,-271.162,-41.2062,-122362,-20.0032,7927.23,97.5568,-5.43034e+06,-492.595,136890,0,-3756.49,-2.72724e+06,63.3171,-17734.3,-1468.18,-4.60324e+06,-288.708,76065.8,2428.31,-514547,-249.477,83176.9,-675.808,1.61577e+06,143.455,-52210.1,545.564,632.934,174505,-6.18201,2097.9,-31.5479,158.758,-169.334,-0.383892,81.2489,-0.257888,122.528,152.885,339.475,-650.081,-795.39,-211.296,-919.851,193.814,549.422,-4.87544,-176.076,73.9431,-5.58228,-1.97838,-0.516213,0,4307,5.33262e-12,9.95464e-11,-2.26084e-11,-9.22737e-11,-3.10411e-07,7.16006e-07,-4.40528e-07,-1.94321e-07,4.41765e-07,3.56352e-07,0,-1.08081,95.2063,-0.0336107,-9.3335,3.14159,1.78955,50.7417,2.83675,-215.536,-0.392699,3.79879,151.412,2.75164,-6.07251,0.523599,0,0,0,108.952,0.0376308,-1.08081,-0.0336136,2.58438,1.78955,2.83674,-0.828446,3.79879,2.75159,0.133645,0.0490486,109.093,126.57,-0.00593829,155566,-6.30957,31.7517,-33.8669,6771.55,0.0600941,0.0160489,1.03102,226374,-46285.2,30226.8,1.94217e+06,-481247,981104,1.00075e+06,-345919,-33247.2
6.24,-5.55769,-2.49174,113.733,12568,0.0865354,-1821.91,-1.04367,-189.191,7.35112,-402.489,2.35523,-6.39793e+07,1.84371,-18.2176,3.85923,-1.88544,-12.3277,-2.43418e+08,3.85211,4.66383,-6.48964,23.1205,4.79318,-4.44096,-2.08014,-6.86766,-0.795858,-6.77537,-4.04351,-3.96368,-2.35346,-6.47446,-1.18043,-6.23494,-3.94134,-181.053,-2.03067,-6.61899,0.737921,-0.513948,-135.582,0.0375232,-3337.98,-1.09268,1836.19,-0.0454857,-1182.67,2.57251,-2208.52,1.7947,117.642,2.84189,-800.937,-0.823305,-2990.28,3.80309,2023.94,2.7559,-85.376,0.13787,-0.119512,1.5591,11884.6,-9.39234,13712.6,-1.05577e+07,-207.903,337141,12329.5,-1.41661e+07,114.397,-185834,-3658.32,-2972.95,-5.37781e+06,-73.6714,119623,1037.27,-2.34245e+06,-167.942,222120,0,-1256.92,-4.23245e+06,6.3286,-11853.4,-1455.18,-2.43315e+06,-64.2235,80530.1,1207.32,-7.24764e+06,-202.179,304744,-3867.65,1.44926e+07,130.084,-206874,3106.18,1977.65,1.16912e+06,-5.58264,8711.35,-162.199,502.399,-529.876,-0.253554,155.337,0.522531,2427.72,-9471.07,-20098.7,-821.361,-766.336,-41.3876,-1169.29,373.437,1157.42,-227.699,-110.903,146.85,-5.58288,-1.97841,-0.513948,0,4304,5.59464e-12,-6.58105e-11,-3.00062e-11,-8.79368e-11,3.32946e-08,-1.14837e-07,3.83126e-08,-5.60151e-07,8.2915e-07,6.11539e-07,0,-1.09268,348.055,-0.0454829,-159.002,3.14159,1.7947,23.533,2.84189,-160.187,-0.392699,3.80309,404.836,2.75586,-17.0752,0.523599,0,0,0,110.577,0.0375232,-1.09268,-0.0454857,2.57251,1.7947,2.84189,-0.823305,3.80309,2.7559,0.13787,0.0490122,621.308,395.562,0.0118243,1.17879e+06,-32.4398,100.48,-105.975,47501.7,0.0600844,0.0160457,1.03088,3.92547e+06,1.92281e+06,1.0436e+06,204465,360430,467479,7.41621e+06,-2.65749e+06,-236019
6.26,-5.55872,-2.48928,116.991,12568,0.0866829,-1823.63,-1.05664,0.612223,1.59969,-4.81584,3.0824,-6.39796e+07,1.84726,-45.0232,3.00957,-6.40179,-2.66588,-2.43418e+08,3.85487,-0.975987,6.4332,9.7783,0.939898,-4.43843,-2.07128,-6.87025,-0.794936,-6.77589,-4.04267,-3.96473,-2.35076,-6.47568,-1.1781,-6.23576,-3.93897,2.2711,-39.3477,4.51732,0.684854,-0.511438,-65.9655,0.0377192,489.654,-1.1056,388.656,-0.0584044,58.0814,2.55959,-809.446,1.7983,-15.0198,2.84549,-2168.75,-0.819694,-656.33,3.8059,340.466,2.75871,-19.6459,0.140706,-0.111136,1.48577,2540.75,-5.31045,3212.35,350407,32.8571,-24342.9,773.413,-167286,25.9788,-18961.3,-53.2358,582.589,85896.8,3.90739,-2912.85,-37.11,159402,-68.4326,38995.9,0,-273.492,-656172,-5.95635,715.152,-459.841,3.25584e+06,-198.305,104469,46902.1,328662,-63.5849,31903.2,-343.856,40171.3,30.2022,-16675.9,275.235,187.457,85033.8,-2.38782,930.69,-34.8578,41.5042,-52.179,0.247501,162.912,0.478388,-86.1807,7.51405,-214.737,-11534.9,-2106.44,-243.769,-131.207,91.5841,479.136,-27.7621,23.7347,-9.42762,-5.58369,-1.97845,-0.511438,0,4300,-5.12856e-12,8.24762e-12,-1.9007e-13,-1.34861e-11,-1.2598e-08,3.7488e-08,-4.74832e-08,-1.51071e-08,2.08097e-07,8.95345e-08,0,-1.1056,62.2882,-0.0584018,17.3912,3.14159,1.7983,-3.00826,2.8455,-433.749,-0.392699,3.8059,68.0945,2.7587,-3.92918,0.523599,0,0,0,113.684,0.0377192,-1.1056,-0.0584044,2.55959,1.7983,2.84549,-0.819694,3.8059,2.75871,0.140706,0.0489637,55.0483,37.4921,0.000203922,18964.9,-6.97156,8.30084,-10.4358,3412.6,0.0600715,0.0160414,1.03072,-71506.9,35723.7,-17165.5,3.07416e+06,714551,-634001,64060.9,-2318.46,-16626.1
6.28,-5.5599,-2.48782,119.672,12568,0.0863233,-1821.24,-1.06983,-54.7417,-14.9348,-8.16023,29.6501,-6.40036e+07,1.8458,58010.9,3.61382,110.022,36.0053,-2.4342e+08,3.85491,1555.9,4.25351,-9.35373,4.67559,-4.43582,-2.06415,-6.87039,-0.792566,-6.7776,-4.04094,-3.96586,-2.34987,-6.47639,-1.17631,-6.23746,-3.93727,-96.185,57978.6,1555.48,0.873701,-0.509922,-45.6046,0.0374322,-7727.03,-1.11872,2742.88,-0.0715258,-30187.2,2.54646,8.70068,1.79691,-171.937,2.8441,55258.4,-0.82109,-571.274,3.80602,327.657,2.75882,6153.83,0.140773,-0.143917,1.77129,1535.53,-4.9887,1492.3,-2.94432e+07,-664.911,254166,124011,-6.92417e+07,236.073,-90282.2,-39490.3,-6950.15,6.37554e+08,-2598.04,993539,483482,-93747.3,35.8815,-136.626,0,-1775.52,-357.851,-35.2342,5469.41,206.187,2.94571e+09,14022.5,-1.74718e+06,-7.37755e+07,61355.6,-71.3066,18794.5,-234.195,211696,36.0953,-10923.7,187.448,244.37,-1.54079e+07,808.252,-201307,5722.04,3383.81,-581022,-0.270225,134.054,1.32485,119.502,-2747.42,-332.442,-1.19968e+06,2.90069e+06,5579.58,-101057,77935.3,-546.757,323.733,-9.51118,-10.9878,-5.5849,-1.97851,-0.509922,0,4294,-6.01497e-12,-6.96332e-12,1.61791e-11,-6.59384e-12,3.80672e-08,3.04825e-08,-3.694e-08,5.21443e-08,-6.42462e-09,1.0245e-07,0,-1.11872,525.503,-0.0715383,-19.7914,3.14159,1.79691,-34.4157,2.8441,11051.7,-0.392699,3.80602,65.3084,2.75877,1230.77,0.523599,0,0,0,116.942,0.0374322,-1.11872,-0.0715258,2.54646,1.79691,2.8441,-0.82109,3.80602,2.75882,0.140773,0.048891,37.2778,48.7537,22.2433,4.71148e+06,1144.41,676.762,-116204,-647988,0.0600521,0.016035,1.03062,-1.97835e+06,1.37245e+07,-1.27996e+08,2.12872e+09,5.90921e+08,-5.89591e+08,2.35657e+07,-3.0396e+06,3.1416e+06
6.3,-5.56023,-2.48679,124.232,12568,0.0859934,-1821.91,-1.07963,1.59365,0.148871,-1.6351,7.07179,-6.44354e+07,1.8437,-80090,2.93974,-136.78,-45.7712,-2.43424e+08,3.85263,-32420.1,2.6372,-15.308,5.86013,-4.43329,-2.05908,-6.86948,-0.790414,-6.77863,-4.0385,-3.96614,-2.34937,-6.47628,-1.17498,-6.23826,-3.93602,-2.18768,-80041.3,-32423.3,0.255114,-0.508884,-23.3674,0.0371145,428.473,-1.12851,30.0259,-0.0813139,465.928,2.53668,-348.555,1.79482,10.8563,2.84202,-67380.1,-0.823176,-135.57,3.80375,43.0243,2.75655,8512.65,0.138551,-0.0674485,1.09371,82.1615,-2.26573,409.784,60265.2,29.3712,-7640.47,659.417,-188223,2.01016,-505.033,-179.46,419.084,196226,31.8202,-8236.83,-1950.43,-34331.2,-40.9375,5981.52,0,-145.649,-110457,-1.19702,-172.729,-218.111,4.40607e+09,-9083.73,1.1634e+06,1.03984e+08,44958.8,-25.1077,2294.45,-247.567,-28091.3,9.43413,-708.706,198.7,-24.8386,5.40652e+06,-2415.55,-201354,-82450.8,4582.14,1.08933e+07,0.212333,227.989,2.31319,-33.6774,66.8192,-13.4098,-2.15923e+07,-4.00435e+06,-6760.51,-201571,-1.62086e+06,-843.902,-26.8014,13.9725,1.5506,-5.5851,-1.97852,-0.508884,0,4293,-3.70481e-13,-7.54508e-13,1.18749e-12,1.38911e-12,-2.51704e-08,7.78558e-08,-7.69787e-08,-7.83009e-08,1.05652e-07,-1.157e-07,0,-1.12851,5.6156,-0.0813091,3.88396,3.14159,1.79482,2.25009,2.84202,-13476,-0.392699,3.80375,8.56081,2.75655,1702.53,0.523599,0,0,0,119.623,0.0371145,-1.12851,-0.0813139,2.53668,1.79482,2.84202,-0.823176,3.80375,2.75655,0.138551,0.0488789,40.1698,-4.99167,-56.6497,9.93919e+06,-16490.2,916.428,2.17866e+06,12963.6,0.0600488,0.0160339,1.03056,-53060,37472,-34707.9,3.14649e+09,8.79161e+08,-8.80756e+08,4.96945e+07,408710,-200897
6.32,-5.56069,-2.4862,124.313,12567.6,0.0862299,-1838.86,-1.08103,-320.54,-0.03946,-3857.64,2.58425,-6.41814e+07,1.83469,111362,2.86981,167.167,55.0626,-2.43424e+08,3.85096,33.4749,4.03697,5.51582,-0.158454,-4.43338,-2.05746,-6.86677,-0.786512,-6.77892,-4.03718,-3.96663,-2.34841,-6.47705,-1.17461,-6.23838,-3.93559,-320.023,111309,37.6703,-11.4086,-0.508273,6.91203,0.0373753,-2.65794,-1.12988,2.06138,-0.0826837,-0.192475,2.53532,269.102,1.78583,-2.07926,2.83303,84140.9,-0.832166,-297.816,3.80211,304.961,2.75491,-824.888,0.136912,-15.3189,127.332,982.83,-216.818,71.9158,-6572.85,964.739,-521.39,4.00754,-3214.92,437.449,-222.652,-1.70355,0.188532,-4604.62,657.67,-348.599,0.294345,12289.1,-5555.61,1290.18,0,386.447,-72264.9,201.633,-85.7517,238.224,7.03139e+09,-1.54986e+06,314454,-1.50162e+08,1.87899e+06,-21440.5,14166.1,-16515.2,-1.37018e+06,16124.7,-11193.9,13282,360.413,4.3705e+06,-43846.9,30408.3,-36771.8,-344.889,-6842.01,2.291,4.06343,-21.2411,-847.409,-16031.3,-192823,1.26987e+07,5.56822e+06,8436.84,-53.8242,1813.93,203.202,0.000904565,1.10878,1.63759,-5.5855,-1.97854,-0.508273,0,4291,6.38864e-14,-3.78092e-14,3.52583e-15,4.86117e-14,1.57598e-09,3.84264e-09,-4.04054e-09,7.63422e-09,6.79188e-09,-8.89187e-09,0,-1.12988,0.409111,-0.0826738,-0.011902,3.14159,1.78583,-0.704515,2.83303,16828.2,-0.392699,3.80211,60.997,2.75491,-164.978,0.523599,0,0,0,124.183,0.0373753,-1.12988,-0.0826837,2.53532,1.78583,2.83303,-0.832166,3.80211,2.75491,0.136912,0.0488547,2656.62,72.0857,0.0287939,182742,-7354.36,-68.9777,-1368.4,10005.1,0.0600424,0.0160317,1.03052,-7669.06,-4585.99,-8959.03,4.90533e+09,1.39668e+09,-1.39465e+09,950050,-24425.2,-36703.3
6.34,-5.561,-2.48666,124.527,12568.5,0.0868383,-1839.15,-1.08224,3.01476,40.0708,-0.481273,2.79257,-6.41803e+07,1.83097,4179.89,3.11013,5.34695,1.59243,-2.43424e+08,3.84453,-5.10434,2.33501,-0.155348,0.338458,-4.43341,-2.05636,-6.86644,-0.78608,-6.779,-4.03455,-3.96703,-2.34789,-6.47817,-1.17562,-6.23781,-3.93646,43.4346,4181.41,-3.10779,-5.95432,-0.508713,10.435,0.0380078,85.2428,-1.13107,-74.2987,-0.0838703,128.386,2.53411,47.532,1.78214,49.1406,2.82933,3547.02,-0.83586,174.929,3.7957,-88.7328,2.7485,60.1685,0.130485,-4.23984,35.4337,-217.451,-39.219,10.0158,-12725.5,-256.807,140.966,-279.935,-6846.65,203.62,-115.672,106.041,73.297,-13805.5,-362.442,203.71,-611.755,5908.32,-150.633,80.6033,0,153.894,-4140.29,-244.351,15.145,11.3129,1.34717e+07,-5826.29,10162.2,-5.64524e+06,-11246,-673.419,138.07,40.6657,33567.2,292.559,-84.1876,-32.9596,-84.3546,11770.1,-234.048,46.8591,28.3774,9.21543,162.291,1.20857,10.6838,45.3392,-14.5704,143.786,45.113,55603.4,209139,345.856,322.617,-115.351,-67.2062,7.15009,1.07588,-7.82141,-5.5859,-1.97856,-0.508713,0,4289,-2.66825e-12,-2.82974e-12,-4.66738e-13,-4.11404e-12,-8.7527e-09,2.39903e-09,3.26986e-09,-1.53454e-08,-4.36326e-08,4.56653e-08,0,-1.13107,-14.5754,-0.0838867,0.780038,3.14159,1.78214,9.82201,2.82933,709.404,-0.392699,3.7957,-17.7491,2.74848,12.0337,0.523599,0,0,0,124.264,0.0380078,-1.13107,-0.0838703,2.53411,1.78214,2.82933,-0.83586,3.7957,2.7485,0.130485,0.0488304,-6.59298,-16.8725,-0.00280597,4277.07,5.67548,1.84309,32.4583,395.611,0.0600359,0.0160296,1.03054,-7673.35,7566.5,-4462.46,8.47093e+06,3.23551e+06,-3.14945e+06,14022.3,1911.97,-2814.96
6.36,-5.56057,-2.48589,125.363,12570.4,0.0876571,-1840.3,-1.07895,-1.27834,0.0186032,-1.65793,1.30501,-6.41803e+07,1.83245,-4.81229,2.96992,-1.25564,-0.806926,-2.4313e+08,3.83946,-41964.3,2.70026,-15.192,5.71173,-4.43406,-2.05583,-6.86766,-0.786637,-6.77787,-4.0316,-3.96671,-2.34581,-6.47881,-1.1756,-6.23619,-3.93624,0.576842,-1.03544,-41967.3,-2.54293,-0.507962,1.40727,0.0387903,-23.5161,-1.12782,10.6989,-0.0806175,-43.5789,2.53737,-11.8766,1.78358,18.3944,2.83078,-6.91754,-0.83441,38.2831,3.79059,-17.0684,2.74339,8338.73,0.125393,-0.835559,7.30561,9.29223,-9.66034,3.82204,847.505,-207.624,151.634,73.5488,-1105.21,119.784,-88.1202,-31.2893,-16.7717,2467.05,-460.111,337.981,376.968,-434.485,-34.4036,29.1923,0,50.4754,-249.626,-55.212,6.16712,-9.93463,-559.713,-0.131466,7.51806,14.2107,-808.098,-164.697,57.3676,3.30346,1897.83,77.6778,-36.2035,-2.69387,-18.9753,-1.21429e+07,-36067.8,13057.7,1424.06,4500.37,1.37151e+07,0.54876,41.7895,91.8518,-57.2876,-68.2122,-9.76437,-5.20019,-96.6321,-3.25932,1.47041e+07,-2.09808e+06,-838.108,-1.91225,-1.09812,-2.04034,-5.5853,-1.97853,-0.507962,0,4292,-1.02068e-12,-3.71703e-13,4.89983e-13,-8.80185e-13,-2.81317e-09,-4.76161e-09,4.13554e-09,-4.42566e-09,-2.55797e-09,2.18836e-09,0,-1.12782,2.12397,-0.08062,-0.108373,3.14159,1.78358,3.67888,2.83078,-1.38351,-0.392699,3.79059,-3.45052,2.74339,1667.75,0.523599,0,0,0,124.478,0.0387903,-1.12782,-0.0806175,2.53737,1.78358,2.83078,-0.83441,3.79059,2.74339,0.125393,0.0488668,-0.545064,-3.81498,-60.4621,9.67485e+06,284.812,900.074,2.74303e+06,-547294,0.0600456,0.0160328,1.0305,-7253.84,2992.93,-11419.1,-1292.78,1351.38,-321.083,4.83738e+07,-2.40254e+06,2.60318e+06
6.38,-5.56006,-2.48362,129.823,12572.1,0.0879291,-1842.01,-1.0778,-1.15941,0.0561393,-1.56971,-22.6068,-6.41803e+07,1.83404,-10.0698,2.8597,0.235675,-0.785018,-2.4313e+08,3.8412,-5.4959,2.58308,0.882263,0.267622,-4.43391,-2.05367,-6.86811,-0.785233,-6.77679,-4.03043,-3.96624,-2.34311,-6.47865,-1.17358,-6.23528,-3.93416,24.6451,-6.42506,-3.18045,-0.376145,-0.505719,1.90648,0.039026,-28.4987,-1.1267,17.3162,-0.0795058,-1677.45,2.53849,0.889833,1.78514,8.17551,2.83233,-1.74749,-0.832859,48.1479,3.7923,-32.522,2.7451,26.5994,0.127072,-0.0813327,1.16769,1.41439,-1.39356,2.91786,119.26,9.02126,-40.5545,-26.6062,-903.137,-5.88212,26.2364,28.028,-30.974,-455967,844.297,-3621.5,1.32115e+06,-29.4845,-1.22833,19.6924,0,29.6483,-9.83234,-9.41385,5.37339,-2.9461,-48.2331,1.89545,3.36945,2.68838,-1040.77,-25.0409,52.2231,39.5664,2973.1,11.7505,-34.4315,-32.1977,-28.8112,1240.08,-11.9348,28.6051,35.8684,6.4569,90.777,0.219376,223.006,86.6457,-85.3069,-29.5385,-0.00898338,-43.6756,-359.427,66.1273,63.9138,-135.095,-19.6514,-3.39242,-0.370027,-3.5209,-5.58469,-1.9785,-0.505719,0,4295,-3.93519e-13,-5.69877e-13,-5.79092e-13,9.09495e-13,3.64297e-09,2.40588e-09,-3.52385e-09,-5.92512e-09,4.85418e-09,-2.01305e-08,0,-1.1267,2.45549,-0.0795039,-0.0132371,3.14159,1.78514,1.63512,2.83233,-0.349498,-0.392699,3.7923,-6.5057,2.74507,5.31989,0.523599,0,0,0,125.314,0.039026,-1.1267,-0.0795058,2.53849,1.78514,2.83233,-0.832859,3.7923,2.7451,0.127072,0.0489031,-6.44103,-5.76301,-0.00200304,530.756,7.17368,1.29138,18.1554,12.9999,0.0600553,0.016036,1.03037,3783.51,-1476.65,243730,-2702.53,1943.8,-536.186,694.227,2198.07,-363.702
6.4,-5.55938,-2.48095,131.203,12575.5,0.0877075,-1842.12,-1.07542,-1.53469,-4.16261,-1.27399,45.6067,-6.41803e+07,1.83382,-4.06975,3.00517,-1.81697,-2.67972,-2.4313e+08,3.8353,-1.01945,2.92511,1.96736,0.0666351,-4.4339,-2.05246,-6.86707,-0.782275,-6.777,-4.02441,-3.96553,-2.34079,-6.47768,-1.17071,-6.23493,-3.93134,-48.1624,1.61513,1.83903,1.49833,-0.503085,-2.72992,0.038768,-37.981,-1.12436,-318.701,-0.0771644,-51952.5,2.54083,-172.463,1.78488,30.4025,2.83208,-106.813,-0.833113,-33.1682,3.78636,13.3277,2.73916,-6.23846,0.121133,-0.311925,3.20937,-0.165126,-4.10572,1.88871,-800.691,-31.0005,26.5023,88.1568,107580,-287.176,249.217,924.182,-4439.4,-5.61529e+09,-46467.4,40280.7,7.60851e+07,-40633.8,-313.996,71.9587,0,-849.2,-23439.4,56.7041,-12.4541,-146.425,-33953.6,-202.583,42.8201,238.832,1462.99,-56.0396,7.14484,-2.28077,-351.869,21.3973,-0.620939,1.86922,15.5381,932.099,-8.35536,-2.44153,-0.892337,0.928895,-11.3517,-0.363667,69.005,168.618,-5.8844,5.73966,14.8061,-41.4285,-59.4368,-30.0781,-1727.79,88.4324,52.2815,-10.9381,4.43475,-0.456926,-5.58409,-1.97847,-0.503085,0,4298,6.03476e-14,-2.79776e-13,-2.93765e-13,4.54747e-13,-8.49517e-09,-1.51613e-08,1.07498e-08,5.62676e-09,-7.10268e-09,4.22137e-09,0,-1.12436,-0.405766,-0.0771612,-0.0114819,3.14159,1.78488,6.08055,2.83208,-21.3627,-0.392699,3.78636,2.66597,2.73913,-1.24769,0.523599,0,0,0,129.774,0.038768,-1.12436,-0.0771644,2.54083,1.78488,2.83208,-0.833113,3.78636,2.73916,0.121133,0.0489395,0.373905,3.10793,0.000247104,313.391,-0.178467,0.185779,-2.27033,-160.365,0.060065,0.0160392,1.03022,-614.341,-30976.4,1.1203e+09,35944.8,-16163.4,15399.7,5796.54,-2885.98,1030.43
6.42,-5.55942,-2.4795,133.801,12579.9,0.0872435,-1935.24,-1.07696,-3.23362,-0.0417073,-1.78529,2.58108,-6.41803e+07,1.8305,-1.02421,2.91268,-1.23419,-0.754704,-2.4313e+08,3.82386,52.2186,2.7862,1.91222,0.145664,-4.43342,-2.05104,-6.86521,-0.77913,-6.77873,-4.01652,-3.9655,-2.34009,-6.47711,-1.16884,-6.23564,-3.92958,-2.71482,2.64317,54.8592,-1.04601,-0.501644,0.876171,0.0382919,-8.51374,-1.12591,-4.98815,-0.0787128,-0.401974,2.53928,13.6397,1.78155,3.68588,2.82874,5.87649,-0.83643,12.2125,3.77491,-3.55109,2.72772,-0.347574,0.109753,-0.197651,2.09227,1.69402,-2.6474,1.37905,205.731,-28.4417,28.113,0.537216,126.139,-22.335,22.2171,0.621997,-17.3746,12.1082,5.37223,-5.46911,34.8129,169.357,-51.8493,19.8191,0,19.4226,-172.432,-4.2265,-0.226129,14.1412,23.4154,-16.6341,5.27857,-6.33574,439.325,-35.746,4.94107,19.5967,-269.462,13.7128,-0.262926,-16.282,0.426361,352.826,-8.85265,-3.23933,13.1144,-0.039415,-0.752493,0.29362,129.907,222.435,-4655.99,-59.0713,-11.5022,104.726,92.6743,-19.3775,158.163,2749.76,37.0169,-0.517743,-0.878588,-0.0256327,-5.58389,-1.97846,-0.501644,0,4299,-2.12018e-13,3.52482e-13,3.29931e-13,-3.2796e-13,-2.16979e-10,-1.33408e-09,6.93858e-10,-1.36759e-08,-1.45656e-08,9.21397e-09,0,-1.12591,-0.223315,-0.0787101,-0.0119257,3.14159,1.78155,0.737204,2.82876,1.1753,-0.392699,3.77491,-0.710149,2.72775,-0.0695148,0.523599,0,0,0,131.154,0.0382919,-1.12591,-0.0787128,2.53928,1.78155,2.82874,-0.83643,3.77491,2.72772,0.109753,0.0489516,-3.25576,0.0852621,-1.62723e-05,335.15,2.62289,-0.007883,-0.150499,-359.999,0.0600682,0.0160403,1.03013,-1861.51,-1868.83,715.38,1264.57,-260.571,1030.04,4501.94,-3340.8,1937.98
6.44,-5.55978,-2.47925,134.152,12581,0.0864352,-1935.55,-1.07949,-1.65943,-1.81813,-1.45723,6.88749,-6.41803e+07,1.8276,-1.94541,3.02438,-0.0691604,-0.763024,-2.4313e+08,3.81769,-1502.24,3.63283,-1.08965,0.988924,-4.43295,-2.05089,-6.86337,-0.776987,-6.7808,-4.01227,-3.96576,-2.34112,-6.47642,-1.16784,-6.23718,-3.92878,-7.22346,1.84199,-1499.59,-4.31551,-0.501369,6.99562,0.0375078,-26.2269,-1.12841,-752.987,-0.0812169,-839.408,2.53678,48.6031,1.77867,29.9309,2.82587,5.3677,-0.839332,75.762,3.76876,-26.1889,2.72156,1268.63,0.103514,-2.2673,19.1093,-45.9718,-22.5345,3.49493,2014.88,43.6999,-16.0963,-46.4819,-288966,1629.16,-554.771,-1298.58,-24291.9,-474444,1830.1,-621.885,10322.9,4137.08,-171.288,32.9734,0,80.1259,-2858.22,-113.477,4.10066,25.0175,600.838,-19.2169,3.44845,-4.94773,11819.4,-319.823,13.3076,70.1649,-6357.52,125.817,-1.36055,-58.728,-13.717,1.23582e+06,-11555.6,-1059.8,6471.17,684.871,440906,-0.887351,17.5298,55.9566,-15.1758,-2.90944,0.635502,-11.5346,46.4696,1.3944,16987.4,-74973.3,-132.879,-12.7138,-0.414927,0.219793,-5.58429,-1.97848,-0.501369,0,4297,7.95128e-14,-6.62526e-13,-7.72271e-13,6.96332e-13,-2.05778e-09,-2.01209e-09,1.75401e-10,7.83943e-09,-4.43373e-09,1.80648e-09,0,-1.12841,-0.151541,-0.0812142,-0.0412071,3.14159,1.77867,5.98638,2.82586,1.07354,-0.392699,3.76876,-5.28527,2.72151,253.726,0.523599,0,0,0,133.752,0.0375078,-1.12841,-0.0812169,2.53678,1.77867,2.82587,-0.839332,3.76876,2.72156,0.103514,0.0489274,-11.9851,-2.76903,-16.1737,232547,1294.23,136.974,88181.3,-2941.34,0.0600618,0.0160382,1.03011,754.956,90385.9,111230,-2330.18,1325.13,80.7753,1.16114e+06,36228.1,-5456.97
6.46,-5.55994,-2.47903,135.818,12582.5,0.0861461,-1934.91,-1.0795,-1.6265,-0.0494582,-1.57849,2.77137,-6.41803e+07,1.82671,-5.74582,2.96404,0.720989,-0.773321,-2.4313e+08,3.81799,-6.42923,2.60949,0.602634,0.167932,-4.43305,-2.05112,-6.8628,-0.776161,-6.78134,-4.01206,-3.96587,-2.34136,-6.47619,-1.16736,-6.23775,-3.92836,-1.30574,-2.00846,-3.98767,-1.5555,-0.50114,-0.149695,0.0372309,-6.80128,-1.12842,-3.50505,-0.0812182,1170.33,2.53677,-17.1557,1.77779,10.0991,2.82499,4.46996,-0.840206,13.8552,3.76907,-5.7458,2.72188,3.26841,0.103867,-0.356145,3.37899,-0.447612,-4.49018,4.77911,-99.783,1.4506,-4.95852,16.9629,-712.535,47.5658,-102.467,134.639,-128.081,-3.19898e+06,11407.2,-24022.1,-1.86946e+06,-138.46,-20.1944,38.2899,0,21.8961,-381.921,-24.5896,7.42671,-9.48412,153.85,1.98484,-7.36949,23.9805,78.1183,-66.0552,39.6472,-1.38085,94.8245,28.7621,-19.7953,1.15535,-7.53003,107.394,-12.3723,2.52851,-0.608497,-0.243297,6.55754,-0.373132,83.3229,74.9817,31.9219,2.32908,-0.41599,-9.2271,-143.596,-28.3945,-1615.15,-182.922,-19.1346,1.61603,-1.13022,-0.86725,-5.58449,-1.97849,-0.50114,0,4296,-5.59663e-13,6.54254e-13,4.35402e-13,-1.7053e-13,1.89727e-09,1.6749e-09,2.63258e-09,4.21245e-09,-7.69152e-09,6.44366e-09,0,-1.12842,-0.0191952,-0.0812261,-0.011869,3.14159,1.77779,2.01982,2.82499,0.893992,-0.392699,3.76907,-1.14926,2.72186,0.653682,0.523599,0,0,0,134.103,0.0372309,-1.12842,-0.0812182,2.53677,1.77779,2.82499,-0.840206,3.76907,2.72188,0.103867,0.0489153,0.23109,-1.50609,-7.38091e-05,197.524,-0.121699,-0.0486593,1.31151,-163.965,0.0600585,0.0160371,1.0301,498.157,4000.11,1.472e+06,-1616.95,986.801,428.107,2719.02,-1390.5,901.842
6.48,-5.56022,-2.47974,138.565,12585.9,0.0866663,-1918.61,-1.0805,-2.66451,-0.0404974,45.8125,2.57841,-6.41803e+07,1.82404,-20.039,2.89305,1.69411,-0.817411,-2.4313e+08,3.81537,-2.04688,2.91913,1.62152,0.0733001,-4.43312,-2.05054,-6.86272,-0.77632,-6.78108,-4.01176,-3.96623,-2.34124,-6.47716,-1.16854,-6.23728,-3.92942,-2.14183,-16.3285,0.79895,0.834049,-0.501836,-0.40093,0.0377632,-7.85634,-1.1294,-2.48454,-0.0822045,-0.470804,2.53579,-5.66948,1.77513,-3.37849,2.82233,-24.0556,-0.842859,-42.655,3.76647,31.0844,2.71927,-10.3562,0.101325,-0.136459,1.70542,-0.604129,-2.09067,1.647,-25.0431,8.33031,-14.0091,1.59506,-110.409,16.3365,-26.2308,1.60014,-11.286,21.9254,-3.39849,5.36841,-0.0206159,116.639,-0.500826,10.4782,0,-15.0374,-63.5054,-14.33,3.30767,-0.823041,2934,179.048,82.1495,3538.78,499.405,-16.4628,-23.2337,184.239,1747.2,0.9243,24.1101,-154.634,42.7884,933.916,0.355985,-8.39459,44.2875,6.03916,-17.8374,-0.26509,137.327,167.627,814.897,-28.5518,2362.36,107.816,-858.389,5.8289,47.9696,36.0648,48.7704,0.412068,-0.05801,2.91384,-5.58469,-1.9785,-0.501836,0,4295,2.84162e-13,-7.34655e-14,5.91666e-13,-5.58271e-13,-3.16293e-10,1.69225e-10,-2.93352e-11,1.94119e-08,-2.1284e-08,8.98316e-09,0,-1.1294,-0.13285,-0.0822043,-0.0157407,3.14159,1.77513,-0.67573,2.82233,-4.81112,-0.392699,3.76647,6.21544,2.71932,-2.07123,0.523599,0,0,0,135.769,0.0377632,-1.1294,-0.0822045,2.53579,1.77513,2.82233,-0.842859,3.76647,2.71927,0.101325,0.0489031,-30.9199,8.5564,-0.000618174,1141.27,8.85749,1.20783,-3.56748,-234.298,0.0600553,0.016036,1.03014,954.444,2269.97,-236.183,-2748.97,39544.5,-38416.5,14711.2,-7346.89,1472.32
6.5,-5.5608,-2.48087,142.951,12588.4,0.086854,-1921.84,-1.08623,-2.4222,-0.108,0.826034,2.54606,-6.41771e+07,1.82439,2909.95,2.86599,-3.59747,-2.52173,-2.4313e+08,3.81302,5.81475,3.0422,2.76462,0.157573,-4.43206,-2.0487,-6.86369,-0.77776,-6.78158,-4.01176,-3.96683,-2.34207,-6.47799,-1.16984,-6.23759,-3.93068,-1.93467,2915.34,8.69939,0.302471,-0.502936,0.637899,0.0379872,-20.0468,-1.1351,-21.4646,-0.0879032,2.23907,2.5301,7.53385,1.77553,-0.887857,2.82272,-2593.62,-0.842465,5.48361,3.76415,-4.22971,2.71696,-1.00476,0.0990378,-0.0701564,1.11901,1.05414,-1.35583,2.11154,-175.658,12.4554,-40.4866,-17.452,-450.339,18.7351,-59.8204,-18.9368,-60.9038,182.558,-2.4697,7.82056,0.290978,66.952,-64.9109,54.6229,0,28.234,-75.5031,7.46762,-6.48493,7.79431,6.83472e+06,18717.1,-13979.9,-4.42848e+06,93.1543,-20.9227,18.4042,13.6851,-77.2637,9.18843,-9.57707,-11.5182,3.03093,37.7952,-2.88555,1.06582,4.26898,0.309429,-1.65002,0.214737,219.332,125.689,-161.57,-17.5677,96.9488,163003,145641,-258.384,157.612,429.029,98.3554,-1.87314,-0.481859,-0.180856,-5.5853,-1.97853,-0.502936,0,4292,1.22125e-13,4.80102e-14,1.35447e-13,-1.52194e-13,-7.14928e-10,1.49674e-09,1.43132e-09,-3.619e-09,5.75103e-09,2.99134e-10,0,-1.1351,-0.996097,-0.0878914,-0.123878,3.14159,1.77553,-0.180351,2.82273,-518.724,-0.392699,3.76415,-0.845771,2.71703,-0.200951,0.523599,0,0,0,138.516,0.0379872,-1.1351,-0.0879032,2.5301,1.77553,2.82272,-0.842465,3.76415,2.71696,0.0990378,0.0488668,-2.3028,0.606042,-8.7176e-05,160.598,0.853796,0.0618858,-0.330005,-98.2741,0.0600456,0.0160328,1.0302,2186.85,4258.07,-317.934,4.66512e+06,3.61056e+06,-3.67343e+06,2671.66,-1158.35,643.306
6.52,-5.56175,-2.48258,142.931,12585.8,0.0866357,-1922.59,-1.09261,-2.02807,2.26541,5.36022,2.73575,-6.53893e+07,1.82685,-299905,3.08879,364.638,121.072,-2.4313e+08,3.81169,-2.42682,3.68088,5.71651,0.224851,-4.43109,-2.04779,-6.86531,-0.780211,-6.78297,-4.01249,-3.96775,-2.34413,-6.47865,-1.17135,-6.23885,-3.93224,0.643183,-300023,1.02921,25.6695,-0.504598,-31.9745,0.0378295,258.21,-1.14142,652.661,-0.0942216,-91.2919,2.52377,-545.148,1.77804,-76.2277,2.82524,181752,-0.83996,-485.564,3.76288,213.408,2.71568,-39.3893,0.0976522,-76.6442,640.582,-25.7918,-798.934,2.50455,39542,6579.96,-41.9275,396.093,128846,16302.8,-101.996,765.243,2169.96,191945,-2270.55,14.1575,-126.633,90403.2,-13458,33.1069,0,-378,-287243,-1942.92,0.470895,-401.529,3.349e+10,4.51563e+06,-9157.85,4.20703e+08,116922,-12187.5,21.9732,-63.3611,81170.5,5385.69,-11.5028,53.4133,216.403,65630.3,-972.328,0.763832,-11.5369,37.3308,-74.0259,-5.13804,-1.02234,-131.252,-37.5885,-5.75889,322.965,-6.06111e+07,-1.49951e+07,18153.4,-472.483,16.8834,261.187,1.58085,0.84096,-0.436931,-5.58631,-1.97858,-0.504598,0,4287,-4.2839e-15,-8.77493e-14,-3.07865e-13,3.26801e-13,6.69592e-10,-2.42498e-09,-1.93324e-09,-2.94115e-09,-9.25142e-09,-5.11718e-10,0,-1.14142,14.6789,-0.0942198,0.836753,3.14159,1.77804,-16.1979,2.82523,36350.4,-0.392699,3.76288,42.6877,2.71565,-7.87787,0.523599,0,0,0,142.902,0.0378295,-1.14142,-0.0942216,2.52377,1.77804,2.82524,-0.83996,3.76288,2.71568,0.0976522,0.0488062,10.6843,43.285,0.00181947,11304.3,-2.30738,7.46615,-14.8052,2803.97,0.0600294,0.0160275,1.03029,-12621.1,-48240.3,-37193.7,2.29064e+10,6.70192e+09,-6.6975e+09,51521.4,-8329.94,-13253.3
6.54,-5.56253,-2.48422,142.916,12580.5,0.0863658,-1923.82,-1.09771,-1.26312,-0.585356,-1.66681,5.24805,-6.53893e+07,1.83031,-5.93867,1.85068,0.52008,-0.585713,-2.4313e+08,3.80758,-2.8513,3.29234,-2.77595,-0.473803,-4.43032,-2.0475,-6.86709,-0.782949,-6.78446,-4.01172,-3.96849,-2.3462,-6.47907,-1.17275,-6.24003,-3.9337,-3.95494,-3.50228,0.914838,17.0065,-0.506198,-19.9558,0.0376081,38.0768,-1.14646,-145.028,-0.0992654,-79.7352,2.51873,-190.455,1.78155,-90.0846,2.82875,41.8491,-0.836443,-308.667,3.75882,134.828,2.71162,29.394,0.0935981,-33.6204,281.723,-264.79,-343.662,2.89499,10109.4,823.46,-15.4854,111.337,-54097.7,-2837.99,51.0818,-426.912,746.991,-43949.7,-1661.04,30.7719,537.585,52064.7,-3157.4,29.1334,0,-237.148,-41175.3,-1538.54,2.83522,-110.135,1368.73,698.256,-5.63077,208.824,45830.3,-5262.23,24.8164,-33.5843,33274.2,2325.45,-12.8895,28.45,140.726,-19926.8,483.939,-0.896665,7.06547,54.1205,-69.7781,-3.40753,-0.715571,-265.246,-61.4854,2.67818,-14.208,-66.9606,-153.058,-36.1435,-433.043,-4.54617,-101.275,14.7127,-8.32994,10.2344,-5.58711,-1.97862,-0.506198,0,4283,-1.62315e-12,-1.33227e-15,4.76508e-13,-5.3646e-13,3.33141e-08,1.62197e-08,2.80445e-08,-4.38251e-09,1.19218e-07,1.95298e-07,0,-1.14646,-1.84424,-0.0992682,0.272994,3.14159,1.78155,-18.0171,2.82875,8.36982,-0.392699,3.75882,26.9679,2.71159,5.8788,0.523599,0,0,0,142.882,0.0376081,-1.14646,-0.0992654,2.51873,1.78155,2.82875,-0.836443,3.75882,2.71162,0.0935981,0.0487577,5.69044,28.147,0.00146032,3222.78,1.41309,10.8241,-13.9556,-818.764,0.0600165,0.0160232,1.03038,-8441.87,28262.1,17238.6,3243.52,14431.1,-1795.22,27505.1,-16720.9,3761.11
6.56,-5.56252,-2.48544,142.908,12581.1,0.0860954,-1918.52,-1.10074,-1.87962,-82.1083,-5.73466,1.56232,-6.53893e+07,1.83234,-3.14031,2.27158,-3.38146,2.08553,-2.4313e+08,3.80487,15.2355,3.51875,-6.67756,-0.274768,-4.42936,-2.04777,-6.86751,-0.78472,-6.78505,-4.01129,-3.96844,-2.34786,-6.47871,-1.17373,-6.24041,-3.93474,-82.4086,-2.95426,19.029,13.748,-0.507426,36.841,0.0373498,987.551,-1.14948,-2735.01,-0.102283,-477.233,2.51572,878.206,1.7836,-155.379,2.83079,48.8148,-0.834398,423.797,3.75613,-313.642,2.70893,-159.177,0.0909011,-21.969,184.453,17712.1,10.7412,1515.15,-597077,2699.56,33629,-3351.5,4.59364e+06,-7508.28,-92487.4,8605.55,5509.08,3.266e+06,-1310.43,-16127.9,2124.34,-2.08723e+06,-12299.5,75026.9,0,4397.52,-247494,2597.78,-14553.9,645.266,-229231,-885.922,4788.02,-175.482,294290,-719.033,19746.7,310.322,-70884.2,-123.501,-12517.9,-263.724,-184.635,-303111,392.022,-7802.49,-269.397,-136.548,611.981,-2.75732,-0.443599,31.7376,265.308,-35.2732,-238.01,-448.916,-13.0385,-196.686,-2223.47,899.659,-269.673,136.668,40.021,-10.9932,-5.58731,-1.97863,-0.507426,0,4282,-4.71623e-13,-4.27036e-12,-7.26885e-12,7.25242e-12,-5.8127e-08,-9.53132e-08,-8.62445e-08,7.34569e-10,-1.82801e-07,-2.10415e-07,0,-1.14948,-81.647,-0.102279,-4.08128,3.14159,1.7836,-31.0759,2.83079,9.76296,-0.392699,3.75613,-62.7321,2.70889,-31.8353,0.523599,0,0,0,142.868,0.0373498,-1.14948,-0.102283,2.51572,1.7836,2.83079,-0.834398,3.75613,2.70893,0.0909011,0.0487456,-52.7447,-36.9282,-0.0147547,-78977.8,-53.8794,-27.3096,122.396,-61685.7,0.0600132,0.0160221,1.03045,-1.26967e+06,2.09007e+06,-134083,-2.49421e+06,627233,-107147,-1.11028e+06,109160,311114
6.58,-5.56183,-2.48614,142.903,12585.5,0.0852086,-1917.55,-1.10137,-1.21158,-2.81569,-4.57043,1.50861,-6.53893e+07,1.83513,-0.430189,-3.98147,2.89557,-1.57383,-2.43136e+08,3.80284,1697.48,2.24665,-9.46507,2.83822,-4.42836,-2.04958,-6.86675,-0.785694,-6.78579,-4.01032,-3.96763,-2.34997,-6.47685,-1.17361,-6.241,-3.93484,-2.39428,-2.83783,1696.89,12.28,-0.508152,-18.057,0.0364267,226.421,-1.15016,-754.559,-0.102959,73.7311,2.51504,236.981,1.78635,-178.751,2.83355,61.333,-0.831634,-264.972,3.75406,123.668,2.70686,4233.37,0.0888772,-17.5316,147.365,395.463,-193.909,5.80687,7528.76,2253.51,-129.279,414.895,-9248.64,-7387.2,419.823,-1407.73,2560.99,199611,723.559,-41.1568,179.473,-212292,2989.01,-1.80265,0,-1521.06,-54939,-2100.61,21.6458,285.102,-71404.8,734.874,-5.6869,-56.8896,22103.7,-2997.8,59.3309,-40.5136,35473.1,1395.14,-34.1583,34.5133,119.342,-5.09811e+06,48139.1,-647.642,1450.09,2338.88,-568085,-2.46462,-0.235687,219.032,48.4315,3.41768,-207.407,-49.718,122.607,149.451,-291134,85011.7,-395.087,42.6949,16.0198,6.42732,-5.58671,-1.9786,-0.508152,0,4285,-2.45681e-12,-1.34226e-13,4.18332e-12,-3.9222e-12,-2.33507e-08,4.33158e-08,1.71886e-08,-9.92152e-09,-8.50348e-08,-1.19691e-07,0,-1.15016,-12.4224,-0.102958,-0.212908,3.14159,1.78635,-35.7491,2.83356,12.2666,-0.392699,3.75406,24.7717,2.70687,846.673,0.523599,0,0,0,142.859,0.0364267,-1.15016,-0.102959,2.51504,1.78635,2.83355,-0.831634,3.75406,2.70686,0.0888772,0.048782,6.91578,23.889,-5.26418,2.33998e+06,290.018,467.775,-113617,-234565,0.0600229,0.0160253,1.0305,26398.2,-60465.7,-31716.1,61109.8,-344.82,14858.9,1.16973e+07,-1.00772e+06,1.10523e+06
6.6,-5.56115,-2.48478,142.9,12586.5,0.0842183,-1917.08,-1.10257,-1.29515,1.48284,1.35297,2.76006,-6.53893e+07,1.83718,-4.94448,2.90884,-1.99283,-1.07747,-2.43136e+08,3.80194,-61.984,2.8764,-0.586052,-0.309766,-4.42718,-2.04924,-6.86555,-0.784215,-6.78662,-4.00775,-3.96682,-2.35019,-6.47487,-1.17134,-6.24175,-3.9328,0.569218,-0.958166,-58.7978,11.615,-0.506825,-14.0309,0.0353879,-174.184,-1.15141,293.045,-0.104208,-28.9912,2.51378,-374.459,1.78835,4.672,2.83554,-56.6928,-0.829653,-72.6118,3.75311,-26.1325,2.70591,-535.837,0.0878938,-15.6907,131.956,-61.7219,-163.243,1.93599,-20042.9,-1910.94,44.2008,549.603,27787.3,3308.01,-77.4004,-840.106,-336.351,27995.1,-327.852,7.68358,-63.5174,-36721.8,-4267.24,32.7948,0,-382.74,-130390,43.3363,-1.88627,-297.365,-24311.4,-650.891,4.20853,59.0254,105870,-195.161,-58.5454,-1122.13,-87194,-843.101,55.4037,956.95,-44.7256,-1.36901e+06,-14655.2,874.458,13573.2,-304.045,24392.9,-2.33213,-0.117319,51.5652,23.2601,-21.2083,62.775,-56.2241,-103.005,-101.168,-135.478,-2961.46,48.1353,-11.8962,-15.7922,-2.27455,-5.5859,-1.97856,-0.506825,0,4289,-5.41164e-13,1.9047e-12,3.11662e-12,-1.88294e-12,2.102e-08,-5.09815e-08,-2.33918e-08,-2.42234e-08,2.46009e-08,3.3743e-08,0,-1.15141,24.3062,-0.104211,-0.199401,3.14159,1.78835,0.934645,2.83554,-11.3386,-0.392699,3.75311,-5.21718,2.70589,-107.167,0.523599,0,0,0,142.854,0.0353879,-1.15141,-0.104208,2.51378,1.78835,2.83554,-0.829653,3.75311,2.70591,0.0878938,0.0488304,191.16,-8.94039,-0.445633,33110.9,2714.64,-60.8091,4878.58,-45398.4,0.0600359,0.0160296,1.03043,24056.4,-11476.1,-5368.92,-3253.83,19156.8,5615.82,149238,-232897,235705
6.62,-5.5613,-2.4825,142.899,12585.9,0.083859,-1910.73,-1.09776,0.622695,0.0131127,0.200899,2.57599,-6.53893e+07,1.83826,-5.29017,2.58762,-3.2469,-0.958252,-2.43136e+08,3.80219,-2.11405,3.12423,-2.10498,-1.06591,-4.42873,-2.04976,-6.86566,-0.782035,-6.78727,-4.0054,-3.96693,-2.34848,-6.47455,-1.16873,-6.24243,-3.93028,1.20141,-1.7443,2.07609,11.3119,-0.504539,-7.76026,0.0350285,-17.1869,-1.14659,23.9078,-0.0993925,-12.3567,2.51861,-91.3828,1.78943,-48.2446,2.83663,-5.43917,-0.82856,-172.558,3.75336,78.0444,2.70616,61.3557,0.0881786,-14.8856,125.227,-392.282,-136.796,24.6627,-1229.17,-343.789,126.947,20.3085,4748.55,845.928,-336.744,-34.2547,-25.4721,-2556.9,-504.18,203.369,-20.7606,8185.37,-1474.22,264.586,0,-120.231,-9250.96,-591.967,17.3302,-61.5164,1103.82,-81.6745,12.1899,15.8898,36648.2,-1960.91,54.4361,46.8633,-7475.27,764.766,23.4001,-39.9531,101.725,-36219.7,460.022,73.5644,-28.5633,60.9245,-184.384,-2.27174,-0.0621617,-30.8958,317.653,78.1533,-39.436,-94.6475,-120.236,-187.425,62.6814,32.047,-46.3215,-0.800967,-3.17441,5.02582,-5.5859,-1.97856,-0.504539,0,4289,-2.63817e-13,8.85861e-13,9.5346e-13,1.15519e-13,2.06641e-09,9.50413e-09,8.16029e-09,2.54434e-08,5.62282e-08,8.69184e-08,0,-1.14659,1.65371,-0.0993882,-0.147879,3.14159,1.78943,-9.64888,2.83663,-1.08783,-0.392699,3.75336,15.6088,2.70617,12.2711,0.523599,0,0,0,142.852,0.0350285,-1.14659,-0.0993925,2.51861,1.78943,2.83663,-0.82856,3.75336,2.70616,0.0881786,0.0488304,-7.99055,20.3448,-0.00119655,-414.569,-5.71266,12.1849,-36.8768,-1909.07,0.0600359,0.0160296,1.03029,9140.03,-12909.4,7160.36,7092.06,3910.27,377.278,2181.53,-7947.34,8703.01
6.64,-5.56221,-2.48132,142.899,12585.2,0.0840137,-1910.31,-1.09181,-1.22646,0.31927,-19.2077,2.44043,-6.53893e+07,1.83509,-5.09877,2.97869,-2.21309,-1.09924,-2.43136e+08,3.80268,-2.56039,3.14514,-2.17294,2.16669,-4.43142,-2.05108,-6.86554,-0.779765,-6.78792,-4.00457,-3.96785,-2.34706,-6.47566,-1.1677,-6.24311,-3.92921,-0.206029,-1.02084,-1.58195,11.1633,-0.503322,-12.5199,0.0352318,-33.9786,-1.14059,-72.4083,-0.0933934,6.28812,2.52459,-397.138,1.78631,17.3329,2.83351,-51.0665,-0.831681,-206.119,3.7539,93.7279,2.7067,28.7473,0.0886905,-14.4959,121.996,-146.324,-148.05,2.94489,-923.743,-309.481,11.0435,104.131,10710.5,-624.56,21.6589,510.704,-782.531,-4186.42,0.621659,0.989554,2.70653,-61510.2,-4507.23,54.8012,0,-516.828,-146228,194.393,-4.0989,-324.825,-27541.5,-580.824,6.00408,66.8467,-10013.3,-2467.18,36.5262,-14.5251,41352.9,1177.06,-22.791,12.3762,101.753,-4176.26,339.252,-4.46109,4.14979,43.1663,-66.2286,-2.24216,-0.0336715,-34.0538,20.9201,25.1616,-987.985,-62.0287,-110.824,-120.578,-1043.91,9.75431,-64.6991,6.51856,-16.5294,4.96263,-5.58671,-1.9786,-0.503322,0,4285,1.18702e-12,-2.09749e-12,-1.92291e-12,2.38844e-13,3.11397e-09,6.47475e-09,3.60035e-09,5.99199e-10,6.94509e-09,1.42577e-08,0,-1.14059,-0.374206,-0.0933999,-2.54195,3.14159,1.78631,3.46651,2.83351,-10.2133,-0.392699,3.7539,18.7462,2.70668,5.74946,0.523599,0,0,0,142.85,0.0352318,-1.14059,-0.0933934,2.52459,1.78631,2.83351,-0.831681,3.7539,2.7067,0.0886905,0.048782,2.47531,20.3512,0.000627918,2386.63,0.829959,8.63327,-13.2457,-138.951,0.0600229,0.0160253,1.03021,1834.86,718.355,967.833,4724.14,20683.4,6650.73,27090.6,-12301.1,373.971
6.66,-5.56217,-2.48163,142.898,12587.9,0.0844044,-1910.34,-1.09085,-1.9167,0.252992,10.1456,2.60664,-6.53893e+07,1.83201,-4.21694,2.65953,-1.84001,-0.894903,-2.43136e+08,3.80502,-3.18679,3.45596,-2.4929,-0.913236,-4.43172,-2.05122,-6.86481,-0.779223,-6.78714,-4.00639,-3.96786,-2.34674,-6.47613,-1.16836,-6.2425,-3.92978,-1.12876,-0.662506,1.18241,11.082,-0.50363,-13.8585,0.0356224,3.82441,-1.13963,64.1186,-0.0924302,-23.9385,2.52556,-156.804,1.78323,-52.7211,2.83042,-20.6129,-0.834771,-316.324,3.75623,183.547,2.70904,72.5175,0.091002,-14.2853,120.237,-6.80197,-150.203,1.78032,2758.01,129.54,-3.86016,86.8939,-2508.14,717.253,-17.1715,87.0854,57.0345,429.033,-250.335,5.84756,-0.015289,26561.1,-1618.06,19.0821,0,-145.442,-26299.2,-593.066,1.38225,-96.7701,2877.91,-215.59,2.1539,19.1783,-309497,-3832.09,66.3992,-491.813,352010,2333.43,-51.3915,417.892,203.262,89172.7,914.076,-19.334,176.878,94.4627,-173.135,-2.22595,-0.0134968,136.037,-1.40962,8.85288,505.647,8.91587,-66.8867,-88.1673,-154.305,-21.4483,-75.6943,-1.49094,-4.89157,9.86482,-5.58671,-1.9786,-0.50363,0,4285,-1.53617e-13,4.57356e-12,3.48954e-12,-2.31065e-12,-8.1916e-09,-1.65209e-08,-1.42283e-08,7.85513e-09,-4.89668e-09,-1.13018e-08,0,-1.13963,3.18993,-0.0924343,-1.57585,3.14159,1.78323,-10.5443,2.83042,-4.12259,-0.392699,3.75623,36.7125,2.709,14.5035,0.523599,0,0,0,142.85,0.0356224,-1.13963,-0.0924302,2.52556,1.78323,2.83042,-0.834771,3.75623,2.70904,0.091002,0.048782,83.5853,40.6556,0.00492665,14385.8,35.3756,18.8925,-34.6271,3038.41,0.0600229,0.0160253,1.03023,273.875,241.057,-304.527,-8116.25,7219.62,-400.231,144739,-52628.6,-16213.9
6.68,-5.56094,-2.48256,142.898,12592.2,0.0852435,-1910.43,-1.08873,-1.29685,-1.28895,1.7277,2.68556,-6.53893e+07,1.83006,-3.98899,2.68908,-0.781313,-0.91783,-2.43136e+08,3.81292,-3.44195,3.64142,-2.68555,-0.705637,-4.43123,-2.05179,-6.86393,-0.780172,-6.78407,-4.01221,-3.96675,-2.34634,-6.47601,-1.17006,-6.24006,-3.93128,-2.12977,-0.382081,0.905104,11.0417,-0.504621,-14.6077,0.0363888,2.84567,-1.13759,127.134,-0.0903877,-47.0334,2.5276,-190.269,1.78121,-46.8007,2.8284,-44.8397,-0.836785,-379.068,3.76407,232.25,2.71687,91.4686,0.0988516,-14.1852,119.364,82.1573,-151.538,2.14828,2827,107.9,-3.96385,97.4621,-27122.6,1418.41,-41.3056,449.933,501.13,9393.98,-499.71,14.2896,-16.997,28126.4,-1906.25,24.6284,0,-142.931,-36982.4,-522.042,1.29758,-125.029,2408.43,-458.546,4.93174,40.9852,-527267,-4332.62,100.176,-1024.82,578001,2727.87,-78.2868,862.651,259.942,155121,1070.85,-29.9311,361.173,120.307,-219.148,-2.21793,0.000127224,212.355,-4.45177,22.081,81.2444,29.2142,-55.5867,-4.80662,-112.613,-33.8114,-85.5343,-4.36139,-6.29374,12.6095,-5.5855,-1.97854,-0.504621,0,4291,4.311e-13,1.41664e-12,1.30274e-12,-1.26099e-12,1.17187e-08,-6.61892e-09,1.28388e-08,-1.77007e-09,3.82809e-08,7.00478e-08,0,-1.13759,0.696557,-0.0903928,-2.33488,3.14159,1.78121,-9.36013,2.82841,-8.96794,-0.392699,3.76407,46.4524,2.71685,18.2937,0.523599,0,0,0,142.849,0.0363888,-1.13759,-0.0903877,2.5276,1.78121,2.8284,-0.836785,3.76407,2.71687,0.0988516,0.0488547,172.539,51.9908,0.00366708,22543.1,72.2346,24.0614,-43.8296,4933.67,0.0600424,0.0160317,1.0303,238.014,9350.04,-3964.19,-12234.5,8728.34,-669.364,221350,-79939,-25995.9
6.7,-5.55873,-2.48316,142.898,12591.6,0.0865187,-1910.44,-1.08561,-1.43998,0.03047,3.04343,3.8392,-6.53893e+07,1.82889,-5.80357,2.66047,-2.35684,-0.698645,-2.43136e+08,3.82512,-2.56064,3.10116,-2.06229,0.800439,-4.43012,-2.05182,-6.86294,-0.781484,-6.77898,-4.02034,-3.96471,-2.3449,-6.47547,-1.17183,-6.236,-3.93274,-2.10712,-2.44445,-0.25992,11.0282,-0.505326,-12.3152,0.0375428,-7.71458,-1.13458,377.331,-0.0873866,-92.1872,2.53062,-250.566,1.77992,-22.7493,2.82711,-383.653,-0.838075,-189.744,3.77614,77.5497,2.72895,21.5925,0.110961,-14.1572,119.067,-143.705,-144.172,3.00534,1546.75,16.8299,-2.29306,73.7224,-1.48008e+06,10042.3,-502.093,7175.8,38561.2,366818,-2330.23,115.709,-61.1066,5762.85,-2800.56,42.7264,0,-185.612,-59889.3,-260.783,-0.311925,-191.121,59356,-4307.54,54.2045,3225.9,40220,-2084.09,15.5665,-19.8695,-5867.69,837.074,-4.53149,16.484,86.5654,-14920.5,210.649,1.4253,4.92759,35.3907,-50.9764,-2.21524,0.00620159,-29.9181,-0.718678,6.98315,162.044,-492.101,-146.374,-44.7039,-143.131,10.8638,-61.4563,-17.7573,-9.59459,4.20899,-5.58348,-1.97844,-0.505326,0,4301,1.40651e-12,-5.8703e-13,-8.96172e-13,2.53131e-13,1.18186e-08,4.62341e-08,-4.01354e-08,-5.61683e-08,-9.39094e-08,-1.45181e-07,0,-1.13458,-0.0061477,-0.087378,-1.55689,3.14159,1.77992,-4.55068,2.82712,-76.7306,-0.392699,3.77614,15.5096,2.72895,4.3185,0.523599,0,0,0,142.849,0.0375428,-1.13458,-0.0873866,2.53062,1.77992,2.82711,-0.838075,3.77614,2.72895,0.110961,0.0489759,3.29672,17.3128,-0.000332394,227.285,0.985518,7.07814,-10.1953,-605.089,0.0600747,0.0160425,1.03036,-26.9861,265417,-68216.9,87525,7756.81,-3941.83,4262.74,-4230.94,2812.01
6.72,-5.5568,-2.4822,142.898,12593.8,0.08729,-1910.41,-1.08381,-1.38244,-0.0610321,1.52327,2.85001,-6.53893e+07,1.82505,-6.60412,7.99128,-2.40072,-0.82865,-2.43136e+08,3.83086,-2.6517,3.13426,-0.0357296,0.182785,-4.42882,-2.05046,-6.86051,-0.779744,-6.77543,-4.023,-3.96289,-2.34271,-6.47455,-1.17158,-6.23296,-3.93231,-1.15189,2.21581,0.299772,11.0281,-0.504465,-13.6298,0.0381929,-7.98668,-1.13291,238.452,-0.085714,-85.9954,2.53228,-201.664,1.77595,-41.367,2.82315,-446.648,-0.842048,-205.002,3.78176,85.6205,2.73456,1.28919,0.116563,-14.1653,119.07,-23.314,-148.24,1.82679,1748.41,6.44029,-1.0812,91.4684,-522807,4513.76,-130.168,4024.17,9984.22,163034,-1507.24,42.7845,-44.7434,22250.3,-2116.37,22.2036,0,-142.689,-40332.5,-465.889,0.900854,-140.863,160125,-4759.09,41.1586,6399.71,27982.6,-2234.83,14.2959,-20.6435,9525.72,940.721,-6.70289,17.0088,92.3458,1320.8,14.0551,-0.0194046,0.297765,26.0453,-25.8401,-2.21523,0.00244195,110.695,1.4223,10.3908,58.5443,-731.568,-186.594,-44.7763,-296.222,6.59796,9.13555,-10.0956,-7.05557,4.49434,-5.58147,-1.97834,-0.504465,0,4311,-2.77084e-13,3.11173e-12,2.88736e-12,-8.23563e-13,-3.01919e-09,-2.36377e-08,2.44629e-08,5.54251e-08,-1.09661e-07,-1.16336e-07,0,-1.13291,0.00604707,-0.0857146,-2.37837,3.14159,1.77595,-8.27277,2.82314,-89.3295,-0.392699,3.78176,17.1245,2.73456,0.257837,0.523599,0,0,0,142.849,0.0381929,-1.13291,-0.085714,2.53228,1.77595,2.82315,-0.842048,3.78176,2.73456,0.116563,0.0490971,3.40184,18.4695,0.000114361,1218.57,0.059553,5.20906,-5.16802,52.4094,0.0601071,0.0160532,1.03032,185.079,109295,-35768.2,105340,28326.1,-29279.3,10544.3,-4276.69,-152.423
6.74,-5.55604,-2.48025,142.898,12597.8,0.086984,-1910.44,-1.08375,-1.14028,-0.19024,0.544212,2.73403,-6.53893e+07,1.8204,-6.94804,1.98652,-2.66008,-0.0319632,-2.43136e+08,3.83471,-2.56697,3.21361,3.20736,0.417699,-4.42804,-2.04902,-6.85754,-0.775731,-6.77475,-4.02298,-3.96209,-2.34125,-6.47339,-1.16934,-6.23264,-3.93015,-0.922962,-4.92955,0.228943,11.027,-0.502551,-15.8098,0.0378384,-3.25254,-1.13289,171.582,-0.0856949,-106.349,2.5323,-614.103,1.77126,55.4988,2.81846,-386.008,-0.846724,-233.527,3.78556,102.283,2.73836,-26.561,0.120414,-14.1673,119.059,233.67,-155.02,4.07493,2644.88,40.932,-3.91182,117.186,-109736,1864.97,-102.317,1184.45,1435.45,31516.1,-1093.51,58.6407,-108.877,-239315,-6241.42,95.1192,0,-1258.36,-345544,557.514,-9.46156,-517.958,-242875,-3976.43,53.4455,896.767,17640.7,-2406.85,41.1215,-26.5192,28783.3,1055.57,-22.4114,21.7494,105.161,16865.9,-273.02,3.03702,-6.57846,14.5549,-44.8375,-2.215,-0.00541813,199.762,-1.21484,25.5987,-24.8248,-142.499,-204.022,-71.5351,-323.376,11.0268,127.464,-6.07003,-25.9126,5.12586,-5.58066,-1.9783,-0.502551,0,4315,-1.19027e-12,6.86806e-12,6.66223e-12,2.27951e-12,-4.70426e-08,-9.06781e-08,6.76302e-08,3.19063e-08,-1.08809e-07,1.29246e-08,0,-1.13289,0.215297,-0.0856984,-1.32073,3.14159,1.77126,11.0964,2.81847,-77.2016,-0.392699,3.78556,20.4526,2.73841,-5.3122,0.523599,0,0,0,142.849,0.0378384,-1.13289,-0.0856949,2.5323,1.77126,2.81846,-0.846724,3.78556,2.73836,0.120414,0.0491456,4.34899,21.0293,-0.00140917,2554.62,-1.31569,2.91098,-8.96751,796.27,0.0601201,0.0160575,1.03021,336.553,35862,-16126.8,119653,15464.5,44198.5,14449,-2446.31,-3427.35
6.76,-5.55576,-2.47835,142.898,12600.4,0.086487,-1910.48,-1.08493,-1.26066,-0.223323,0.961117,2.68556,-6.53893e+07,1.81731,-18.6348,10.3245,-11.0787,-2.69202,-2.43136e+08,3.84209,0.295957,1.98141,2.86917,0.32693,-4.42734,-2.04738,-6.85538,-0.772187,-6.77449,-4.02475,-3.96174,-2.34014,-6.47246,-1.16699,-6.23308,-3.92791,-1.02795,-5.61833,1.95044,11.0115,-0.500669,-13.7454,0.0373292,-7.47054,-1.13409,93.2352,-0.0868896,-109.898,2.53111,-2497.17,1.76816,539.057,2.81535,-780.038,-0.849833,-210.426,3.79293,87.7921,2.74573,-119.727,0.127786,-14.1301,118.739,-9.40149,-148.255,1.80068,1812.41,11.2337,-1.15464,92.7728,-42903.8,1384.66,-37.239,861.068,552.396,5291.96,-1453.8,37.858,-344.173,-7.04427e+06,-27174.3,149.766,0,-38019.7,-5.81622e+06,5875.85,-31.391,-2290.56,-3.76332e+06,-8503.44,45.1598,679.048,19123.5,-2299.26,16.4025,-15.1528,19415.6,972.738,-8.34208,12.3176,96.7309,62113.7,-1266.72,4.42097,-18.3534,-37.9543,-537.81,-2.21191,-0.00968015,129.958,-1.81233,19.922,-19.381,-70.3829,-788.516,-522.394,-1948.2,154.542,75.9706,-2.53495,-114.641,4.73382,-5.58046,-1.97829,-0.500669,0,4316,-2.1598e-13,3.2449e-12,3.29214e-12,2.05924e-12,-9.03808e-08,1.78458e-07,-1.75903e-08,4.28648e-08,-8.48601e-08,8.92576e-08,0,-1.13409,0.133092,-0.0868826,-0.355545,3.14159,1.76816,107.808,2.81536,-156.008,-0.392699,3.79293,17.5519,2.74578,-23.9455,0.523599,0,0,0,142.849,0.0373292,-1.13409,-0.0868896,2.53111,1.76816,2.81535,-0.849833,3.79293,2.74573,0.127786,0.0491577,2.46255,19.342,-0.0168295,6524.01,-3.67068,-7.59087,-107.562,2601.91,0.0601233,0.0160585,1.0301,84.9635,9689.29,-4038.71,1.54869e+06,367902,759340,38568.9,1919.27,-10967.2
6.78,-5.55599,-2.47655,142.898,12604.7,0.086375,-1910.6,-1.08174,-0.345121,-0.0248622,0.56135,2.62146,-6.53893e+07,1.81709,-3.87967,2.68528,-0.841563,-1.02995,-2.43193e+08,3.84923,424671,2.10911,225.193,-74.1935,-4.42849,-2.04724,-6.85537,-0.770197,-6.77419,-4.02669,-3.96196,-2.33853,-6.47255,-1.16509,-6.23347,-3.92604,0.150147,-0.164438,424747,10.9874,-0.498865,-14.7915,0.0372173,-10.3358,-1.1309,80.4172,-0.0837031,-94.9577,2.53429,-208.928,1.76793,-45.2675,2.81513,-78.3555,-0.85007,-453.304,3.80007,279.473,2.75287,-111108,0.134871,-14.0702,118.237,110.478,-150.92,2.41627,1798.83,-20.1968,-0.513075,109.329,-48058.4,1117.71,-39.7874,1013.9,315.687,15039,-1136.02,38.6092,-241.085,26999.4,-2074.72,28.8987,0,-147.464,-43295.9,-500.242,1.53716,-144.207,1861.39,-795.729,9.17352,115.96,-1.32721e+06,-5228.16,191.123,-3031.12,1.27386e+06,3314.02,-147.348,2442.84,326.042,-2.67609e+09,-1.31481e+06,57766.6,-1.00618e+06,-59839,-1.41453e+08,-2.20711,-0.011581,214.922,-6.33786,65.7026,-37.3938,28.8438,-50.7693,10.8435,-2.83522e+06,2.12337e+07,11181.1,-1.45095,-7.22264,16.009,-5.58046,-1.97829,-0.498865,0,4316,1.03564e-12,-1.93723e-12,-1.67361e-12,-1.27587e-12,-3.34673e-09,1.57271e-09,2.7025e-09,-9.03724e-10,-2.79235e-08,4.27804e-08,0,-1.1309,0.113363,-0.0837044,-0.513148,3.14159,1.76793,-9.0534,2.81512,-15.6711,-0.392699,3.80007,56.5284,2.75287,-22221.6,0.523599,0,0,0,142.849,0.0372173,-1.1309,-0.0837031,2.53429,1.76793,2.81513,-0.85007,3.80007,2.75287,0.134871,0.0491577,494.306,65.5508,804.865,1.71931e+09,-201235,-11967.8,-2.82905e+07,-1.04558e+08,0.0601233,0.0160585,1.02999,125.301,15015.6,-9605.26,-12653.1,9352.56,-953.038,8.59681e+09,-5.27466e+08,5.24565e+08
6.8,-5.55633,-2.4745,142.898,12604.3,0.086573,-1910.39,-1.07667,-1.37921,0.242847,-7.44748,2.48818,-6.54011e+07,1.81954,-3130.6,2.75453,25.4958,8.39066,-2.43193e+08,3.8522,0.843061,2.4012,2.79404,0.322288,-4.43033,-2.04724,-6.85694,-0.769262,-6.77394,-4.02635,-3.96232,-2.33615,-6.47314,-1.16322,-6.23353,-3.92412,-0.482949,-3136.23,2.92198,10.9601,-0.496793,-12.4009,0.0374274,-20.9593,-1.12581,-54.9368,-0.0786141,4.06568,2.53938,-275.575,1.77039,-18.8141,2.81759,13701,-0.847603,-199.116,3.80305,80.8627,2.75585,-135.102,0.137838,-14.0019,117.671,-128.327,-143.004,2.74077,358.826,-142.6,4.09692,88.0519,19535.1,-154.489,-0.697543,822.745,-1127.69,-8025.43,-135.033,7.69005,2.76217,-960.149,-3046.21,41.2093,0,-222.7,-71859,-215.145,-0.491902,-216.063,1.96654e+08,152284,-1711.34,4.50943e+06,9879.48,-2272.92,26.805,-4.69226,23641.7,951.06,-13.9566,3.76802,94.926,53177.3,-1471.86,10.2515,-6.48871,-46.4775,-692.791,-2.20168,-0.0138884,-20.1466,10.6316,13.967,-413.476,-587135,-156387,1353.48,-7607.36,182.403,70.7985,5.14793,-10.8322,4.66719,-5.58066,-1.9783,-0.496793,0,4315,3.50858e-13,-2.69675e-12,-2.51943e-12,-3.55604e-13,1.52282e-08,-3.52087e-08,2.26787e-08,-3.674e-08,1.30235e-07,-1.48612e-07,0,-1.12581,-0.0963158,-0.0786147,-1.6199,3.14159,1.77039,-3.78414,2.81759,2740.21,-0.392699,3.80305,16.1759,2.75583,-27.0205,0.523599,0,0,0,142.849,0.0374274,-1.12581,-0.0786141,2.53938,1.77039,2.81759,-0.847603,3.80305,2.75585,0.137838,0.0491456,0.753765,18.9874,0.0108715,7462.68,-1.29774,-9.29549,-138.558,2089.87,0.0601201,0.0160575,1.02987,856.083,-2139.28,1885.8,1.3041e+08,3.99263e+07,-3.95822e+07,47045.8,-3185.6,-8164.28
6.82,-5.55595,-2.47263,142.897,12605.8,0.0870742,-1910.46,-1.07221,-1.66207,0.12875,0.280186,2.56218,-6.54689e+07,1.8256,-50146.2,5.29992,-172.045,-55.99,-2.43193e+08,3.85159,-1.25752,4.42662,5.59566,0.337198,-4.4313,-2.04666,-6.8596,-0.770194,-6.77289,-4.02451,-3.96201,-2.33349,-6.47342,-1.16181,-6.23242,-3.92259,-0.953908,-50084.9,2.8319,10.9236,-0.494949,-13.2462,0.0379044,-2.51988,-1.12137,15.3462,-0.0741774,-16.0659,2.54381,-604.111,1.77644,65.8087,2.82363,-84624.6,-0.841559,-361.436,3.80242,209.26,2.75522,-72.7023,0.137219,-13.912,116.906,-47.8086,-144.769,1.8968,2118.99,66.7211,-2.70183,83.9255,-1066.03,16.594,1.117,-268.677,83.5766,627.942,-127.881,2.86435,-14.1798,-245189,-6526.29,47.2088,0,-1464.69,-336615,709.851,-5.39491,-517.205,7.17883e+09,-919633,5885.94,7.06841e+07,-1.24967e+06,-5404.64,183.767,-2574.2,1.1297e+06,3467.6,-142.446,2068.68,247.022,-311173,-1196.65,48.7148,-736.162,29.313,-120.88,-2.1944,-0.0130491,73.3721,-3.35638,-20.0754,-7.43993,-3.39135e+06,-2.50717e+06,-8523.78,-118.211,77.3438,242.869,1.33017,-25.9958,12.153,-5.58026,-1.97828,-0.494949,0,4317,-2.19505e-13,9.58345e-13,7.95253e-13,-1.44024e-13,-2.51214e-08,5.65408e-08,-4.60468e-08,-1.3748e-07,1.73689e-07,-5.62639e-08,0,-1.12137,0.275161,-0.07418,-1.95134,3.14159,1.77644,13.1914,2.82363,-16924.9,-0.392699,3.80242,41.8539,2.75521,-14.5405,0.523599,0,0,0,142.848,0.0379044,-1.12137,-0.0741774,2.54381,1.77644,2.82363,-0.841559,3.80242,2.75522,0.137219,0.0491699,413.755,49.4058,0.00077731,54107.3,-147.232,5.8626,-24.1761,-11728.9,0.0601265,0.0160596,1.02976,-29.5329,-653.376,110.924,4.96924e+09,1.43289e+09,-1.43485e+09,529744,-285367,59931.6
6.84,-5.55541,-2.47128,142.897,12607,0.0877213,-1913.14,-1.06783,-8.70003,-185.735,-7.2806,2.62606,-6.54689e+07,1.8248,-9.67429,2.52887,-3.23031,0.461038,-2.43193e+08,3.85351,-9.6118,2.54828,-6.7469,0.221933,-4.4321,-2.04633,-6.8596,-0.769125,-6.7712,-4.02469,-3.96156,-2.3311,-6.47373,-1.16105,-6.23094,-3.92168,-193.92,-7.60646,-7.28546,10.8881,-0.493622,-28.6195,0.038515,1.59658,-1.11704,112.97,-0.0698376,-21.6,2.54816,-1086.03,1.77559,134.687,2.82279,-555.913,-0.842397,-282.948,3.8043,103.579,2.7571,-0.144298,0.139165,-13.8255,116.163,3193.02,-191.454,126.251,9259.79,37.324,-78.7687,287.164,-8820.65,594.247,-599.529,-362.453,38.1242,10140,-115.772,120.433,-52.9634,-1.04555e+06,-8504.38,3412.31,0,-2833.97,-1.02221e+06,1051.65,-426.594,-901.892,-887432,-4480.96,1632.12,983.457,151069,-2377.12,687.568,-199.933,-58739.4,905.811,-203.638,160.298,64.9878,2100.44,-1.04251,-0.258686,-0.251456,17.9894,-18.0031,-2.18734,-0.0102681,59.6857,-134.168,-398.916,-375.186,-129.152,-340.115,-104.819,262.023,-340.275,-328.16,1.49189,-45.3166,3.19912,-5.57966,-1.97825,-0.493622,0,4320,-1.94461e-12,5.77205e-13,4.71512e-13,-9.40359e-14,-9.55242e-08,1.85091e-07,-1.14338e-07,-3.80042e-08,-5.91403e-08,-5.88344e-08,0,-1.11704,12.7269,-0.0698376,-2.38998,3.14159,1.77559,26.9338,2.82279,-111.183,-0.392699,3.8043,20.7117,2.75716,-0.0288596,0.523599,0,0,0,142.848,0.038515,-1.11704,-0.0698376,2.54816,1.77559,2.82279,-0.842397,3.8043,2.7571,0.139165,0.0492062,32.0533,12.9957,-0.000700786,-3291.04,-0.0502912,3.59788,-3.60062,80.9318,0.0601362,0.0160628,1.02968,-12637.9,37541.2,-8681.82,154688,122265,89064.9,-72271.1,20167.3,-279.331
6.86,-5.55488,-2.4695,142.897,12610.6,0.0874678,-1913.07,-1.0649,0.195614,0.0455263,0.428441,2.60778,-6.54689e+07,1.82447,0.517951,4.1826,1.86563,-0.519115,-2.43193e+08,3.85662,-2.61397,3.30833,2.66438,-1.1716,-4.43237,-2.04634,-6.85861,-0.766982,-6.77073,-4.02442,-3.961,-2.32973,-6.47287,-1.15904,-6.23078,-3.91973,0.774951,5.21966,1.86596,10.8591,-0.49187,-14.0493,0.0382252,33.7517,-1.11414,16.198,-0.0669427,0.707981,2.55105,289.42,1.77522,-170.239,2.82242,145.057,-0.842768,-254.925,3.80738,120.646,2.76018,-18.578,0.142237,-13.7557,115.56,42.0754,-145.796,1.92948,4748.73,413.639,-11.6217,86.6077,-3302.33,129.422,-2.98553,-63.3311,42.2986,228.6,7.86457,-0.206612,-14.3537,-231990,3211.78,-5.87691,0,-1750.38,-84797.4,-1831.75,8.60391,318.843,-132990,1574.46,-6.19894,-169.984,-155664,-2881.09,50.4894,-121.349,180009,1430.06,-35.0178,96.9256,137.808,-9193.28,-215.998,4.79758,-15.8018,28.3299,-40.4158,-2.18155,-0.0108579,182.473,3.61131,22.827,10.9314,-61.9452,169.481,139.334,-372.377,9.77275,118.293,2.12914,16.01,6.78728,-5.57905,-1.97822,-0.49187,0,4323,2.76862e-15,9.9809e-13,-5.60885e-13,6.05183e-13,-1.46187e-08,-4.34876e-08,1.06014e-08,3.54937e-08,3.02641e-08,1.16e-08,0,-1.11414,3.02324,-0.0669455,0.122418,3.14159,1.77522,-34.0473,2.82242,29.0115,-0.392699,3.80738,24.1245,2.76023,-3.71559,0.523599,0,0,0,142.848,0.0382252,-1.11414,-0.0669427,2.55105,1.77522,2.82242,-0.842768,3.80738,2.76018,0.142237,0.0492426,19.3813,27.558,-0.00136589,8603.41,-3.16036,5.66599,-8.08316,-192.176,0.060146,0.0160661,1.02958,-560.047,589.322,169.713,82623.1,235.245,25569.3,79927.5,-36126.2,1380.16
6.88,-5.55374,-2.46673,142.897,12612,0.0861189,-1913.41,-1.06431,-0.544155,0.0262301,-0.0113167,2.59749,-6.54689e+07,1.82981,-4.44571,2.79504,-1.58105,-1.86797,-2.43193e+08,3.85807,-1.85466,3.25846,3.29644,0.327183,-4.4312,-2.046,-6.85778,-0.765049,-6.7714,-4.02146,-3.95967,-2.32911,-6.46996,-1.15504,-6.23159,-3.91605,0.0261791,0.217307,1.07662,10.824,-0.489167,-13.0767,0.0368035,33.7863,-1.11363,10.3445,-0.0664302,-2.27891,2.55156,-271.876,1.7805,-18.8019,2.82769,-169.57,-0.837497,-207.794,3.80876,85.4635,2.76156,-55.9023,0.143544,-13.6742,114.84,-51.7999,-142.099,1.90086,4613.38,455.924,-13.0584,77.1136,-3017.71,77.1357,-1.70071,-56.7742,41.6447,145.859,-24.9284,0.673969,-15.1814,2676.4,-2872.42,27.7196,0,-203.454,-70164.2,-214.345,-0.410672,-207.241,-15601.5,-1810.97,14.483,446.664,-3277.34,-2308.1,22.1866,-7.17472,37433,981.555,-12.4464,5.72061,98.8458,17279.7,-609.295,4.78357,-3.92402,-2.57943,-123.415,-2.17458,-0.0142176,67.5845,-16.9067,-13.8923,-21.1744,-99.5139,-78.4349,-15.8481,-2796.2,47.811,110.366,2.09434,-10.4272,4.87343,-5.57784,-1.97816,-0.489167,0,4329,-6.46982e-14,2.62501e-12,-1.48426e-12,1.05088e-12,8.90228e-09,2.26407e-08,-1.04339e-08,-4.86331e-09,-7.22396e-08,5.53515e-08,0,-1.11363,1.92483,-0.0664362,-0.362224,3.14159,1.7805,-3.76047,2.82769,-33.9139,-0.392699,3.80876,17.0949,2.76154,-11.1805,0.523599,0,0,0,142.848,0.0368035,-1.11363,-0.0664302,2.55156,1.7805,2.82769,-0.837497,3.80876,2.76156,0.143544,0.0493154,1.14427,19.7707,0.00191253,4095.76,-0.784805,-0.515886,-24.6831,757.581,0.0601654,0.0160725,1.02943,-1585.26,284.111,150.198,9364.27,5911.1,4971.18,31332.7,-8498.22,-2771.85
6.9,-5.55153,-2.46432,142.896,12612.7,0.0841638,-1892.77,-1.06506,73.2147,2.43786,79.756,2.77044,-6.55645e+07,1.83768,203389,4.50041,-502.211,-169.702,-2.43193e+08,3.85812,136.247,5.9014,9.36462,-0.913789,-4.42852,-2.04636,-6.85605,-0.763902,-6.77202,-4.01771,-3.95719,-2.32982,-6.46518,-1.15084,-6.23221,-3.91231,76.0238,203563,143.062,10.775,-0.48687,-68.7405,0.0347149,178.033,-1.11451,187.205,-0.0673144,-12.7777,2.55068,966.209,1.78823,-556.258,2.83543,-252518,-0.829781,-1076.42,3.80867,623.857,2.76147,-2186.12,0.14342,-13.5607,113.824,29008.1,-297.845,1743.66,103313,660.579,-5310.11,722.967,-202260,679.485,-5078.77,-685.786,251.725,29972.8,-46.4806,356.112,-116.95,-4.82261e+06,6641.22,-15236.5,0,-9202.54,-222771,-3346.09,10494,1178.59,6.42926e+10,-1.5596e+06,4.61808e+06,-2.73152e+08,10231.5,-4845.13,27043.7,-489.914,1.06401e+06,2575.29,-16731.6,390.602,558.9,2.25221e+06,-9662.89,55728.3,-1855.06,-1021.87,-31209.4,-2.16481,-0.0124875,36.791,1032.01,3684.63,3980.01,-4.77935e+06,1.01696e+07,-25032,-9115.3,6952.88,393.158,11.6668,59.5016,27.5918,-5.57563,-1.97805,-0.48687,0,4340,-1.70508e-12,-2.525e-11,1.20837e-11,-9.67226e-12,1.07496e-07,-1.8487e-07,1.72979e-07,-9.08639e-08,-1.61407e-07,2.98167e-07,0,-1.11451,29.5178,-0.0673093,-1.95408,3.14159,1.78823,-108.679,2.83541,-50503.5,-0.392699,3.80867,124.881,2.76141,-437.223,0.523599,0,0,0,142.847,0.0347149,-1.11451,-0.0673144,2.55068,1.78823,2.83543,-0.829781,3.80867,2.76147,0.14342,0.0494489,78.2082,111.842,1.21888,1.01374e+06,-371.012,-204.374,-6241.88,500172,0.0602011,0.0160843,1.02931,9244.4,233027,-18703.3,4.39879e+10,1.3018e+10,-1.30244e+10,4.13967e+06,2.79126e+06,-2.46576e+06
6.92,-5.54815,-2.46241,142.896,12616.7,0.0818844,-1892.27,-1.06326,-16.0937,-14.2591,-42.454,3.7597,-6.68401e+07,1.84233,-391926,2.8794,-332.743,-111.152,-2.43193e+08,3.85905,-2.21071,3.30336,3.50164,0.340602,-4.42534,-2.04893,-6.85149,-0.76175,-6.77182,-4.01482,-3.95351,-2.33154,-6.4588,-1.14684,-6.23213,-3.90884,-30.9709,-391812,0.752043,10.7225,-0.485124,-15.1952,0.0322292,-2211.39,-1.11292,2008.49,-0.0657213,-66.3704,2.55228,-350.272,1.79267,-0.615905,2.83987,-165348,-0.825307,-242.94,3.8094,107.476,2.7622,-51.5788,0.144233,-13.4427,112.736,202.35,-145.553,3.5628,-1.81163e+06,-18966.8,885.851,50870.3,-4.32159e+06,17259.8,-806.793,-45131.5,-2285.44,-1.80887e+06,-569.674,26.626,150.216,-20713.1,-3404.24,56.6978,0,-296.902,-114142,-31.5307,-2.80732,-267.425,2.67427e+10,-1.64209e+06,22908.3,5.11896e+08,-31531.5,-2450.93,52.5664,-25.7807,74163.7,1088.8,-31.9492,20.5313,118.539,7734.93,-520.033,11.5164,-10.84,5.24697,-96.3072,-2.15436,-0.00753072,202.826,24.9732,-783.663,-2103.1,-6.37785e+07,-1.95962e+07,-16558.7,-843.729,30.0572,127.132,-108.939,-13.522,5.85593,-5.57221,-1.97788,-0.485124,0,4357,-2.00945e-12,-2.62901e-13,2.00373e-12,-3.50298e-12,2.68007e-08,-7.2663e-08,7.30288e-08,-4.4579e-08,-1.09824e-07,7.22422e-08,0,-1.11292,334.773,-0.0657169,-32.1215,3.14159,1.79267,-2.05316,2.83988,-33069.6,-0.392699,3.8094,21.4922,2.76223,-10.3158,0.523599,0,0,0,142.847,0.0322292,-1.11292,-0.0657213,2.55228,1.79267,2.83987,-0.825307,3.8094,2.7622,0.144233,0.0496552,4.10569,23.7058,-0.0017568,5173.76,-2.16799,1.04939,-19.2614,777.347,0.0602562,0.0161025,1.02923,1.89005e+06,640120,357621,1.89402e+10,5.34661e+09,-5.35056e+09,35510.9,-10819.8,-2940.08
6.94,-5.54537,-2.46082,142.896,12619,0.0807018,-1910.66,-1.063,95.2359,-0.29618,252.833,2.68805,-6.70295e+07,1.84013,-289930,3.17733,-104.238,-35.0226,-2.43193e+08,3.86284,-2.86029,3.13959,-0.213663,0.213127,-4.42249,-2.04935,-6.8463,-0.758207,-6.77036,-4.01445,-3.95058,-2.33183,-6.45447,-1.14418,-6.23107,-3.90644,95.3933,-289892,0.0661721,10.6858,-0.483672,-13.1811,0.0308765,-103.677,-1.11282,89.2447,-0.0656254,-28.6471,2.55237,-88.5623,1.7903,-65.8123,2.8375,-51432.6,-0.827693,-203.917,3.81301,81.4184,2.76581,1.21222,0.147833,-13.3621,111.98,-25.5517,-139.423,1.71956,-9032.63,-976.547,23.1212,287.073,-12129.5,896.843,-21.7173,-138.516,-80.7269,-8729.81,-280.599,6.74151,33.11,20085.8,-851.183,15.2562,0,-192.877,-11312.1,-714.83,2.0225,-34.5611,2.61862e+09,-484662,9995.41,3.84438e+08,25394.2,-2163.74,14.2743,-9.0457,13270.3,872.428,-6.52503,7.17075,94.5826,1430.29,12.9362,-0.0276514,0.117439,27.0646,-26.9532,-2.14705,-0.00508555,112.013,-919.676,4760.79,12674.4,-9.47142e+06,-1.44964e+07,-5133.35,-671.471,-2.23244,1.58681,-4.20811,-1.74402,4.67173,-5.56939,-1.97774,-0.483672,0,4371,-7.97279e-15,-1.33316e-12,-6.83599e-13,1.57319e-12,-8.13025e-09,3.31798e-10,4.4347e-09,6.65763e-08,1.31689e-07,1.38571e-07,0,-1.11282,17.8414,-0.0656225,-3.53189,3.14159,1.7903,-13.1051,2.8375,-10286.5,-0.392699,3.81301,16.283,2.76583,0.242444,0.523599,0,0,0,142.846,0.0308765,-1.11282,-0.0656254,2.55237,1.7903,2.8375,-0.827693,3.81301,2.76581,0.147833,0.0498253,1.43409,18.9159,-0.000239756,1275.06,0.0234877,5.41292,-5.39064,56.5792,0.0603016,0.0161176,1.02917,9978.99,-37.615,1636.3,1.82804e+09,5.22793e+08,-5.24022e+08,11099.8,-4844.05,-182.046
6.96,-5.5436,-2.45826,142.896,12623.1,0.0793958,-1908.77,-1.06186,-2.75913,0.162879,-14.1256,2.6003,-6.71078e+07,1.83849,-37929.3,2.66384,-60.7341,-20.5339,-2.43193e+08,3.86979,-3.50259,2.91669,0.142229,0.192187,-4.42087,-2.0494,-6.84218,-0.753825,-6.76971,-4.01475,-3.94864,-2.33136,-6.45098,-1.14043,-6.23118,-3.90298,-2.05497,-37906.1,-0.778083,10.6608,-0.481203,-15.0354,0.0294613,-29.4392,-1.1118,44.7058,-0.0645989,-29.6436,2.5534,-153.516,1.78856,-54.7303,2.83576,-29611.2,-0.829431,-139.57,3.81985,24.4934,2.77266,-1.90302,0.154688,-13.3084,111.476,194.066,-143.424,3.38543,151.541,-182.17,6.99382,137.933,-8777.11,406.276,-18.8159,89.5131,-42.7204,2675.67,-249.29,11.2174,4.29806,31738.4,-1382.41,34.8206,0,-154.441,-26260,-582.759,2.70114,-86.7882,8.69088e+08,-273183,6027.93,5.08026e+07,186814,-1351.03,-65.6834,-589.444,-133622,210.906,61.0649,463.323,20.2017,17397.9,-14.0557,-7.84729,-51.6421,4.66448,-5.51693,-2.14208,-0.0100719,206.838,94.3851,-184.202,-682.882,-3.91418e+06,-1.89632e+06,-2958.19,29.9479,-34,0.533232,-1.33924,-4.37293,0.999069,-5.56758,-1.97765,-0.481203,0,4380,-2.34054e-12,4.79544e-12,-4.38449e-12,-4.47964e-12,-7.82272e-09,1.22775e-08,-1.45455e-08,7.50727e-08,4.98832e-08,3.10715e-08,0,-1.1118,3.23164,-0.0645974,-2.99164,3.14159,1.78856,-11.0168,2.83576,-5922.25,-0.392699,3.81985,4.8982,2.77268,-0.380605,0.523599,0,0,0,142.846,0.0294613,-1.1118,-0.0645989,2.5534,1.78856,2.83576,-0.829431,3.81985,2.77266,0.154688,0.0499346,92.6553,4.04006,-9.93401e-05,-2722.37,-10.3284,0.932896,-1.10339,371.321,0.0603309,0.0161272,1.02903,-820.268,4391.65,-2195.32,6.05216e+08,1.7389e+08,-1.74593e+08,-30839.9,14896.8,-1708.1
6.98,-5.54171,-2.45542,142.896,12624.9,0.0774724,-1908.94,-1.05534,1.03817,1.42869,-1.87457,3.20701,-6.71804e+07,1.84008,-140051,1.51993,-384.108,-128.712,-2.43193e+08,3.8752,-2.52809,3.1599,3.26801,0.379193,-4.42057,-2.05271,-6.83837,-0.749867,-6.76998,-4.01351,-3.94651,-2.33159,-6.44655,-1.13585,-6.23207,-3.89882,2.40145,-139921,0.252615,10.6234,-0.478462,-12.9555,0.0274163,309.505,-1.10539,361.299,-0.0581937,-21.2577,2.55979,-1113.04,1.79002,217.071,2.83722,-189925,-0.827964,-202.366,3.82515,78.7462,2.77795,-30.2502,0.159988,-13.2247,110.718,-40.8981,-137.554,1.72132,-4226.7,3309.68,-82.8849,1174.95,1423.05,3802.7,-94.8147,1172.12,1103.17,-581.018,-220.372,5.47585,0.0228533,-1.25466e+06,-11776.9,69.9002,0,-6896.31,-1.11368e+06,2302.47,-13.02,-982.436,3.51302e+10,-2.0166e+06,11058.5,1.841e+08,41938.3,-2112.46,10.9797,-5.88112,474.206,817.805,-3.76502,4.59221,94.6489,23664.9,-295.467,-0.352124,-1.7954,10.3482,-49.558,-2.13462,-0.0132495,90.7891,-8.4156,-0.416618,-61.3216,-3.63135e+06,-7.00243e+06,-19126.9,-1071.58,14.9957,124.776,28.7959,-49.5794,4.6946,-5.56557,-1.97755,-0.478462,0,4390,2.46192e-13,3.55938e-13,-4.60076e-13,8.55923e-13,2.29808e-08,-3.311e-08,3.63143e-08,1.24394e-08,-1.36671e-08,5.92701e-09,0,-1.10539,18.0997,-0.0582034,8.77784,3.14159,1.79002,42.3061,2.83723,-37985,-0.392699,3.82515,15.747,2.77798,-6.05003,0.523599,0,0,0,142.846,0.0274163,-1.10539,-0.0581937,2.55979,1.79002,2.83722,-0.827964,3.82515,2.77795,0.159988,0.0500561,0.918308,18.928,-0.00104107,1594.45,-0.35908,2.06964,-9.91161,940.987,0.0603634,0.016138,1.02888,-7431.33,-4700,142.436,2.50474e+10,7.01969e+09,-7.02403e+09,9803.81,602.955,-4104.58
7,-5.53955,-2.4522,142.895,12627.9,0.0754575,-1908.4,-1.05299,1.20573,1.70552,-3.75749,3.16379,-6.72497e+07,1.84044,116480,3.41505,212.299,71.7479,-2.43193e+08,3.87926,-2.32521,3.26787,2.98,0.385789,-4.41882,-2.05383,-6.83368,-0.744957,-6.77026,-4.01107,-3.94411,-2.33158,-6.44173,-1.13081,-6.23282,-3.8942,2.88905,116412,0.556876,10.5777,-0.475352,-16.5942,0.0252677,298.958,-1.10318,376.494,-0.0559786,-33.1371,2.56202,333.848,1.79025,-193.488,2.83745,106200,-0.827748,-241.769,3.82907,98.5179,2.78188,-69.2813,0.163904,-13.1218,109.794,444.353,-144.367,8.54254,-7762.34,2276.37,-256.536,683.467,-9209.77,2822.4,-316.118,682.821,1074.57,-2140.57,-245.356,27.3658,0.0102331,-343240,3515.14,-31.2662,0,-2265.57,-94982.5,-1921.39,39.2518,371.155,1.0983e+10,1.06967e+06,-18837.4,-1.524e+08,22794.6,-2266.48,87.0781,-19.988,30773.2,913.396,-43.7241,15.5299,107.863,39796.2,-660.364,16.4877,-12.2449,-6.83723,-165.586,-2.12552,-0.0161068,147.662,26.9071,7.9401,-171.117,-3.46276e+06,5.82414e+06,10693.4,-509.045,25.3428,92.0415,28.051,18.7472,5.36123,-5.56336,-1.97744,-0.475352,0,4401,-2.73226e-12,-9.96536e-13,-5.01998e-12,-5.19181e-12,-5.83568e-08,5.99556e-08,-7.25013e-08,1.11657e-08,-1.54045e-08,8.46275e-09,0,-1.10318,18.8334,-0.0559758,10.8781,3.14159,1.79025,-38.889,2.83744,21240,-0.392699,3.82907,19.701,2.7819,-13.8563,0.523599,0,0,0,142.846,0.0252677,-1.10318,-0.0559786,2.56202,1.79025,2.83745,-0.827748,3.82907,2.78188,0.163904,0.0501898,3.10555,21.5708,-0.00256736,3837.91,-2.44899,-1.36745,-33.1173,2080.9,0.0603991,0.0161498,1.02871,14247.7,29826.8,-2901.07,7.84254e+09,2.19806e+09,-2.19549e+09,15347,4009.02,-9180.88
7.02,-5.53744,-2.44765,142.895,12629.9,0.0732272,-1908.61,-1.05139,-2.31152,-0.791648,-5.00312,3.04072,-6.74438e+07,1.84311,-66426.1,-2.78523,-95.7709,-35.7998,-2.43193e+08,3.87997,8.98952,3.14099,2.55613,0.18129,-4.41689,-2.0536,-6.82965,-0.739452,-6.7713,-4.0053,-3.94173,-2.3306,-6.43668,-1.12426,-6.23392,-3.88811,-3.0023,-66393.1,11.9492,10.5253,-0.470923,-19.0972,0.0229036,-1172.39,-1.10171,-180.82,-0.0545145,-235.814,2.56348,-218.394,1.79278,-49.4378,2.83998,-47079.8,-0.825218,-227.204,3.82965,80.0221,2.78245,-275.912,0.164418,-13.0039,108.745,924.307,-147.498,23.6241,-644315,-7276.56,2134.64,10732.5,-1.6389e+06,-1123.85,329.946,2435.66,-1712.19,124171,-1468.38,431.451,136.948,51538.3,-1635.73,257.81,0,-157.762,-50773.4,-504.444,12.8299,-127.693,2.17279e+09,-369470,49927.9,8.67941e+07,102854,-2098.14,95.5886,-106.994,-38706.9,774.924,-7.72888,83.0575,77.2525,432976,-3031.95,-240.967,-364.54,-126.423,-3567.21,-2.11509,-0.023441,98.2906,-10.1587,-150.492,-274.716,-9.70639e+06,-3.32116e+06,-4710.03,-564.113,591.115,53.0845,-68.4795,-6.45843,3.84313,-5.56115,-1.97733,-0.470923,0,4412,6.21447e-13,3.06599e-12,3.60245e-12,-1.48692e-12,-1.66343e-08,4.74216e-08,-2.90238e-08,-8.59229e-08,-8.57036e-08,9.32952e-08,0,-1.10171,-21.2203,-0.0545181,-40.621,3.14159,1.79278,-9.70588,2.83997,-9415.96,-0.392699,3.82965,16.0141,2.78241,-55.1825,0.523599,0,0,0,142.845,0.0229036,-1.10171,-0.0545145,2.56348,1.79278,2.83998,-0.825218,3.82965,2.78245,0.164418,0.0503235,16.6237,15.4561,0.0972957,15852.4,-72.9081,-25.2845,-713.442,12596.3,0.0604349,0.0161616,1.02846,-218886,312690,-63318.1,1.53241e+09,4.37601e+08,-4.3872e+08,61537.4,57263.2,-58451.9
7.04,-5.53521,-2.44189,142.894,12629.6,0.0703701,-1908.48,-1.04863,4.30019,0.606093,4.93535,3.53737,-8.92996e+07,1.84812,-5.70947e+06,2.7998,964.314,321.27,-2.4319e+08,3.88065,100.522,1.33081,3.82096,-0.350188,-4.41509,-2.05371,-6.82555,-0.733102,-6.77308,-3.99794,-3.93917,-2.32939,-6.43066,-1.11593,-6.2358,-3.88035,4.5105,-5.70979e+06,102.203,10.4556,-0.465279,-11.9097,0.0199007,740.009,-1.0991,-145.974,-0.0519064,147.873,2.5661,-220.761,1.79765,-21.5158,2.84485,483048,-0.820347,-191.874,3.83018,72.7968,2.78298,-907.611,0.164995,-12.8457,107.356,-123.065,-132.108,2.46473,-112479,8624.88,-324.388,8265.14,-636435,-1692.71,63.6131,-2014.77,704.746,-62932.9,1713.86,-64.3927,-151.573,8869.07,-2335.99,33.1994,0,-147.957,-47140.9,-235.566,-0.612954,-159.928,2.26291e+11,5.14115e+06,-59803.7,7.25915e+09,-12566.5,-2171.14,31.3105,3.57873,39652.6,877.082,-17.3107,-2.7758,91.9486,-44373,-10111.5,131.488,33.6893,-461.589,-32963.6,-2.1012,-0.0322655,-14.0389,6.39863,200.626,243.171,-1.09279e+09,-2.85473e+08,48294.3,182973,5167.79,113.877,35.3469,-8.11261,4.58283,-5.55873,-1.97721,-0.465279,0,4424,6.33743e-13,4.81393e-13,-4.31655e-13,1.12266e-12,1.40289e-08,1.93375e-08,-4.46016e-09,2.44631e-08,-8.68741e-08,1.11087e-07,0,-1.0991,-26.844,-0.0518969,27.8155,3.14159,1.79765,-4.54789,2.84484,96609.5,-0.392699,3.83018,14.556,2.78299,-181.522,0.523599,0,0,0,142.844,0.0199007,-1.0991,-0.0519064,2.5661,1.79765,2.84485,-0.820347,3.83018,2.78298,0.164995,0.0504695,-0.555034,18.3878,-0.113547,134813,6.73786,-92.3178,-6592.73,-2078.86,0.0604739,0.0161745,1.02814,-81193.8,122006,9556.06,1.61674e+11,4.52782e+10,-4.52666e+10,687536,-57755.9,25030.8
7.06,-5.5336,-2.43605,142.894,12630.7,0.067156,-1908.3,-1.04919,-6.14276,0.180348,-3.19974,6.73657,-9.00639e+07,1.85172,-203166,2.74112,-171.48,-56.6024,-2.27277e+08,3.88502,264684,3.45662,98.9541,-32.1595,-4.41296,-2.05271,-6.82106,-0.725821,-6.77557,-3.99224,-3.93721,-2.32868,-6.42478,-1.10721,-6.23881,-3.87225,-9.55739,-203106,264720,10.3718,-0.459524,-12.4095,0.016577,-1685.51,-1.09977,-79.0376,-0.052576,-530.183,2.5654,-202.469,1.80114,-27.1677,2.84834,-84881.9,-0.816843,-198.642,3.83444,76.019,2.78725,-48517.9,0.169304,-12.6522,105.692,-66.7061,-131.231,1.7337,-1.09308e+06,-17644.8,465.09,42329.8,-3.31355e+06,-827.864,21.8258,3000.14,-2083.71,283700,-5564.75,146.743,263.842,14916.1,-2057.33,22.02,0,-130.476,-40580.5,-294.686,-0.162806,-139.996,6.92336e+09,-872507,7651.85,2.54744e+08,6897.38,-2117.34,18.1351,2.05427,27054.5,834.386,-9.05907,-1.58482,95.1858,-5.09021e+08,-500320,2884.58,995.92,-26025.6,-9.19721e+07,-2.08452,-0.0382952,55.2729,8.86281,-336.279,-137.429,-3.82156e+07,-1.01581e+07,-8495.48,7.9561e+08,1.32344e+07,4869.19,-91.1226,-7.11775,4.75733,-5.55693,-1.97712,-0.459524,0,4433,8.54344e-13,-3.51008e-12,-3.78719e-12,6.89226e-13,1.16986e-08,-1.70424e-08,2.91438e-08,-1.97026e-09,4.1733e-08,-5.27089e-08,0,-1.09977,-11.0188,-0.0525915,-88.1393,3.14159,1.80114,-6.05645,2.84835,-16976.4,-0.392699,3.83444,13.4473,2.7873,-9703.58,0.523599,0,0,0,142.844,0.016577,-1.09977,-0.052576,2.5654,1.80114,2.84834,-0.816843,3.83444,2.78725,0.169304,0.050579,-0.280908,18.093,-3324.38,3.27109e+08,199.184,-5205.11,-1.83944e+07,-2.03251e+07,0.0605032,0.0161842,1.0278,-107443,605276,-56396.7,4.9883e+09,1.38174e+09,-1.38377e+09,1.63555e+09,-1.03574e+08,1.02402e+08
7.08,-5.53301,-2.42989,142.893,12630.8,0.0646218,-1908.32,-1.04971,3.35667,0.278589,2.90532,2.35185,-9.00639e+07,1.84752,-3.38485,2.72964,-2.60583,-0.787891,-2.27274e+08,3.89101,-19586.8,3.02454,-8.17139,3.40099,-4.41197,-2.05038,-6.81549,-0.715749,-6.77789,-3.98747,-3.93635,-2.32657,-6.42082,-1.09881,-6.24186,-3.8643,4.42499,0.132682,-19587.1,10.2815,-0.45341,3.51868,0.0139819,419.256,-1.10035,-41.6702,-0.0531551,141.104,2.56484,49.5833,1.79688,-42.3995,2.84408,18.308,-0.821109,27.2339,3.84037,-52.299,2.79317,4764.64,0.175203,-12.442,103.914,515.859,-109.519,185.463,-139762,-2018.65,8263.74,-2284.32,-240030,193.014,-796.265,-108.291,508.741,-6025.47,-668.194,2744.94,-69.893,2226.93,-824.267,1799.36,0,-79.5963,-2506.79,-565.65,146.607,21.6746,-2475.46,-341.089,713.621,-50.2959,9492.49,-1852.93,2599.8,96.4161,-5460.21,688.543,-1461.59,-73.8342,-12.7748,-2.00141e+06,-327469,458770,34076.3,2553.44,6.60511e+06,-2.06654,-0.0446261,5.30452,-0.785866,139.649,160.403,111.569,-24.5066,-66.6834,167722,-979195,-487.073,22.5397,1.1016,-0.640107,-5.55592,-1.97706,-0.45341,0,4438,-7.18814e-13,-1.07292e-12,3.77298e-12,-1.32427e-12,1.06721e-08,-3.81295e-09,1.28786e-08,1.58044e-08,1.44577e-09,-2.03046e-08,0,-1.10035,-5.95775,-0.0531499,24.5059,3.14159,1.79688,-8.47981,2.84408,3.6616,-0.392699,3.84037,-10.3832,2.7932,952.928,0.523599,0,0,0,142.843,0.0139819,-1.10035,-0.0531551,2.56484,1.79688,2.84408,-0.821109,3.84037,2.79317,0.175203,0.0506398,-14.2241,-2.51418,104.981,3.21296e+06,6815.27,510.688,1.32102e+06,409577,0.0605195,0.0161896,1.02744,-54277,63635.9,-15458.4,-10851.3,5432.29,-3461.39,1.60459e+07,2.24944e+06,-2.12401e+06
7.1,-5.53315,-2.42432,142.892,12631.4,0.0614807,-1907.69,-1.05226,-38.1538,2.36553,-46.5724,-159.996,-9.00639e+07,1.84328,8.34534,-0.342447,7.39362,1.28861,-2.27274e+08,3.89764,-11.8185,-0.0154706,-1.52458,-0.155095,-4.41109,-2.04862,-6.80981,-0.705713,-6.7817,-3.98321,-3.93617,-2.32601,-6.41677,-1.09045,-6.2465,-3.8565,127.349,6.71428,-11.6789,10.185,-0.447836,-95.7591,0.0108287,-4363.92,-1.10291,661.377,-0.0557125,-1639.88,2.56229,1419.01,1.79262,-770.971,2.83982,1260.02,-0.825378,-1069.83,3.84699,497.063,2.79979,-458.211,0.181816,-12.2155,102.024,71011.7,-208.129,4845.05,-1.07172e+07,-7034.45,235209,24638.3,-2.54932e+07,1067.11,-35725.4,-508.619,-4883.58,287254,-2644.65,88494.1,977.68,-1.15786e+07,6509.45,-50904,0,-15491.8,32290.5,-2944.22,31154.9,1722.46,-8.37561e+06,4974.33,-49966.6,-2820.31,1.37318e+06,-2906,50650.3,-373.859,35680.4,1201.17,-24582.2,283.952,366.473,2.0639e+06,-1528.63,19703,-441.114,-141.616,-2015.74,-2.04733,-0.0469633,30.399,31.1753,-1932.97,-2302.32,-432.168,561.791,430.378,3077.12,-448.402,-143.618,-224.1,87.508,18.4122,-5.55572,-1.97705,-0.447836,0,4439,-8.24407e-12,-1.60014e-11,-6.86384e-12,-1.28466e-11,-2.44472e-07,-3.0384e-07,2.53727e-07,-1.16596e-07,3.31848e-07,-2.90042e-07,0,-1.10291,101.24,-0.0557027,-229.323,3.14159,1.79262,-154.206,2.83981,252.005,-0.392699,3.84699,99.402,2.79981,-91.6422,0.523599,0,0,0,142.842,0.0108287,-1.10291,-0.0557125,2.56229,1.79262,2.83982,-0.825378,3.84699,2.79979,0.181816,0.050652,56.7822,73.2889,-0.0224979,-21583.8,-88.2228,-28.3232,-403.148,202361,0.0605227,0.0161907,1.0271,-7.52891e+06,7.4273e+06,-2.72129e+06,7.58762e+06,-4.06672e+06,3.17427e+06,-1.85974e+06,1.71379e+06,-1.00436e+06
7.12,-5.53308,-2.41796,142.891,12635.3,0.0577163,-1907.78,-1.05488,0.386969,0.018007,-2.38409,2.51463,-9.00644e+07,1.8451,-687.676,3.05954,3.61171,0.977507,-2.27274e+08,3.90749,-4.40431,2.92468,1.66606,0.14166,-4.40993,-2.04701,-6.80542,-0.696756,-6.78575,-3.97943,-3.93575,-2.32566,-6.41168,-1.08077,-6.25182,-3.84744,1.03194,-685.594,-1.62129,10.0851,-0.441485,-14.5591,0.00705211,-50.0136,-1.10555,9.11524,-0.0583479,-25.0657,2.55964,-103.779,1.79443,-61.8748,2.84163,2509.46,-0.823561,-129.745,3.85683,14.9229,2.80963,-10.2493,0.191663,-11.9836,100.089,250.309,-126.33,4.00728,-1876.81,-309.823,19.0216,174.658,-12098.7,104.186,-6.73218,191.609,-157.301,4655.67,-188.401,11.8034,-3.06453,27428.3,-780.982,36.3872,0,-193.27,-14832.6,-619.568,3.81307,-39.7174,5.31971e+06,17861.9,-1000.35,796647,934866,-1601.57,-556.739,-3389.55,-689491,437.306,429.231,2543,16.9294,532440,-323.879,-330.226,-1914.18,-0.626351,-22.5757,-2.02744,-0.052508,196.77,-4.34234,-34.3471,-65.6322,-23969.4,-34239.2,259.283,21.2473,-77.201,28.0637,-3.93449,-2.0196,0.853391,-5.55552,-1.97704,-0.441485,0,4440,-1.14503e-12,2.73337e-13,7.04548e-13,8.03948e-13,2.43489e-08,-2.81419e-08,3.414e-08,3.10127e-08,2.3654e-09,-2.92601e-09,0,-1.10555,0.404929,-0.0583532,-1.05735,3.14159,1.79443,-12.3736,2.84163,501.891,-0.392699,3.85683,2.98412,2.80966,-2.04986,0.523599,0,0,0,142.841,0.00705211,-1.10555,-0.0583479,2.55964,1.79443,2.84163,-0.823561,3.85683,2.80963,0.191663,0.0506642,508.518,3.38555,-0.000416608,-10602.8,-382.836,-0.12527,-4.51515,8305.32,0.060526,0.0161918,1.02672,-2061.2,3653.39,-2676.31,4.56754e+06,971202,-906178,-124735,93981.5,-41256.4
7.14,-5.53282,-2.41154,142.89,12639.6,0.0543328,-1907.7,-1.05862,0.91591,-0.0242024,-11.0415,2.51348,-9.00644e+07,1.84578,-6.11794,2.74033,-2.41085,-0.669355,-2.27274e+08,3.91586,-1.8142,3.30095,2.91147,0.428207,-4.40833,-2.04425,-6.80089,-0.687645,-6.7892,-3.97502,-3.93518,-2.32465,-6.40689,-1.07139,-6.25639,-3.83858,1.51982,-2.70826,1.05855,9.97375,-0.435089,-12.7263,0.00363211,-54.411,-1.10932,-3.54783,-0.0621188,-21.479,2.55589,-265.684,1.79508,-9.3731,2.84228,-386.933,-0.822911,-213.695,3.86516,81.8925,2.81797,-88.0894,0.199979,-11.7283,97.9493,22.1369,-122.504,1.35932,-2869.15,-413.748,9.09289,164.81,-9194.12,8.19648,-0.215261,164.764,-161.492,-25551.8,-194.472,4.30565,10.6731,-2398.23,-2518.77,19.8187,0,-190.304,-66600.7,-108.059,-0.833904,-196.649,37119.9,-3730.52,24.0671,3120.37,82359.7,-2023.08,4.77346,34.6124,-21849.4,756.669,0.387371,-25.6965,107.887,87860.2,-785.027,-3.5867,26.3741,-16.2222,-252.588,-2.00528,-0.0556299,213.553,4.06111,-6.56032,-472.829,-506.277,-161.248,-47.634,258.604,52.7236,84.3345,-4.24264,-10.0134,5.45814,-5.55492,-1.97701,-0.435089,0,4443,2.30857e-13,-3.51708e-12,-2.84683e-12,-2.81346e-12,-5.90098e-09,1.04645e-08,-7.14913e-10,-6.67515e-08,9.23199e-08,-8.59495e-08,0,-1.10932,-0.186511,-0.0621013,-0.0129945,3.14159,1.79508,-1.87562,2.84228,-77.3866,-0.392699,3.86516,16.3777,2.81797,-17.6179,0.523599,0,0,0,142.84,0.00363211,-1.10932,-0.0621188,2.55589,1.79508,2.84228,-0.822911,3.86516,2.81797,0.199979,0.0507007,-5.13906,21.5768,-0.00120218,3137.76,5.27481,-3.24444,-50.5177,3369.95,0.0605357,0.016195,1.02634,256.907,2024.82,4711.14,91628,11161,-6442.52,9908.25,14379.7,-15336.8
7.16,-5.53208,-2.40644,142.888,12638.8,0.0518995,-1907.24,-1.06061,1.55672,0.0435082,-1.63956,2.07238,-9.00644e+07,1.84479,-4.17254,2.74353,-1.35393,-0.940719,-2.27274e+08,3.91977,-2.52367,3.05356,3.00132,0.397723,-4.40681,-2.04207,-6.79651,-0.680033,-6.79139,-3.97024,-3.93424,-2.32344,-6.40289,-1.06417,-6.25912,-3.83172,2.66943,-0.488291,0.132164,9.85724,-0.430033,-10.4576,0.00113792,-31.1146,-1.11137,8.1716,-0.064173,-1220.2,2.55381,-141.823,1.79403,-35.7489,2.84123,-40.9335,-0.82396,-152.394,3.86901,42.784,2.82181,-25.2358,0.20383,-11.4637,95.7252,-191.455,-119.455,4.14879,-1234.01,-290.941,20.1672,94.1856,-2996.27,156.956,-10.9425,80.1105,-72.782,3.17597e+07,-15745.8,1094.85,2.03199e+06,13932.1,-1515.46,48.1039,0,-110.506,-20922.7,-369.761,0.918225,-92.4198,1352.74,-434.403,11.4565,46.6398,-38460.6,-1913.13,69.3044,42.5749,46493.1,684.901,-39.1565,-31.4528,65.6667,-7237.97,-338.434,14.4351,15.21,5.39083,-41.6169,-1.9821,-0.050669,-42.6514,22.935,27.8054,-3.46802,-36.5196,-64.0275,-23.2243,454.466,17.4451,107.03,-2.0653,-4.70788,3.3279,-5.55391,-1.97696,-0.430033,0,4448,9.652e-13,-1.81966e-12,-1.7536e-12,-1.79057e-12,-1.25464e-10,4.6804e-09,-1.75411e-09,-9.11578e-08,1.03094e-07,-5.65746e-08,0,-1.11137,0.467634,-0.0641839,-0.012185,3.14159,1.79403,-7.1498,2.84123,-8.18669,-0.392699,3.86901,8.55632,2.82182,-5.04715,0.523599,0,0,0,142.839,0.00113792,-1.11137,-0.064173,2.55381,1.79403,2.84123,-0.82396,3.86901,2.82181,0.20383,0.0507615,-6.29023,13.1329,-0.00029097,2827.77,3.04199,1.07817,-8.32339,-409.224,0.060552,0.0162004,1.02604,2422.49,-188.845,-6.28632e+06,-754.818,3801.52,989.014,32497,-15700.9,2552.22
7.18,-5.53085,-2.40268,142.888,12641.8,0.0503989,-1907.29,-1.06003,1.1026,0.201553,-1.65063,2.87186,-9.00644e+07,1.85303,-22.2957,3.06594,-33.4198,-0.768598,-2.27274e+08,3.92071,-3.1401,3.11854,-0.286877,0.255214,-4.40563,-2.04099,-6.79641,-0.67822,-6.79217,-3.96587,-3.93288,-2.32208,-6.39964,-1.0591,-6.26003,-3.82687,1.57388,-18.4611,-0.276772,9.75114,-0.426343,-12.0902,-0.000447877,4.61579,-1.11088,49.9374,-0.0636826,-1399.11,2.55432,-55.1392,1.80218,-64.5004,2.84938,-0.883238,-0.815817,-185.393,3.86987,62.6004,2.82267,-0.510104,0.204671,-11.2259,93.7167,-19.9619,-117.152,1.29684,2260.64,126.397,-2.79082,75.2268,-1401.5,503.774,-11.1516,64.4384,35.5161,4.48675e+07,-12960.2,286.991,2.27256e+06,12881.1,-451.194,10.7899,0,-223.494,-6701.65,-645.047,1.37138,-4.17749,1366.66,-0.00340604,0.808039,0.844911,-24545.6,-1890.37,18.4206,13.4589,46614.2,680.306,-9.81781,-9.93113,85.9864,1544.83,-4.59721,0.0457309,0.065533,24.4978,-24.5126,-1.96099,-0.0412454,152.719,-2.66991,4.99832,-4.02202,-3.94235,-969.772,-1670.29,912.634,-13.3293,-2.48072,1.00371,-0.213045,4.35477,-5.55251,-1.97689,-0.426343,0,4455,2.4352e-13,1.04639e-13,-1.34448e-13,-1.13687e-13,1.4284e-08,-5.96173e-09,3.63982e-09,1.82083e-08,3.40023e-08,3.33484e-08,0,-1.11088,2.88311,-0.0636788,-0.0121514,3.14159,1.80218,-12.9002,2.84937,-0.176648,-0.392699,3.86987,12.5203,2.82266,-0.102021,0.523599,0,0,0,142.838,-0.000447877,-1.11088,-0.0636826,2.55432,1.80218,2.84938,-0.815817,3.86987,2.82267,0.204671,0.0508468,-1.98626,17.1975,8.22901e-05,2111.01,0.0131066,4.89957,-4.90252,63.2281,0.0605748,0.0162079,1.02583,24.2516,4.23407,-8.99529e+06,-2917.44,4045.71,-247.205,22492.8,-10003.7,-205.922
7.2,-5.5293,-2.40036,142.887,12645.4,0.0496249,-1907.08,-1.05924,0.673381,0.145415,-1.60956,2.71554,-9.00644e+07,1.86831,5.42426,3.57154,13.1094,-0.758617,-2.27274e+08,3.92234,-3.16637,3.13707,0.0663419,0.236386,-4.40424,-2.04028,-6.7996,-0.681336,-6.7915,-3.96386,-3.93127,-2.32099,-6.39705,-1.05611,-6.25959,-3.82398,1.24485,9.75442,-0.26569,9.66428,-0.424102,-12.0953,-0.00131931,0.810304,-1.11018,46.9042,-0.0629855,-36.48,2.55501,-41.433,1.81737,-67.187,2.86456,2.27749,-0.800627,-191.323,3.87139,66.9987,2.82419,-2.93448,0.206203,-11.0338,92.0837,-7.02244,-115.11,1.26795,1982.34,88.4022,-1.92568,78.5826,-1886.37,462.444,-10.1841,66.9043,23.7717,31934,-328.255,7.23703,339.386,10007.1,-303.665,10.1413,0,-256.612,-5606.49,-666.375,1.295,9.96829,832.178,33.1736,0.824479,-2.14144,-1662.91,-1876.53,14.7439,9.41382,32029.2,679.52,-7.1627,-6.93212,91.6067,2453.81,-27.6691,0.172847,0.274817,24.8385,-25.202,-1.94371,-0.0291143,177.897,10.679,-16.3753,-4.49346,-5.34357,416.989,665.729,927.085,-14.5618,10.5898,0.672391,0.509273,4.63286,-5.5509,-1.97681,-0.424102,0,4463,-1.63692e-13,-2.39847e-12,-1.89104e-12,-2.01833e-12,-4.41958e-08,3.84083e-08,-5.83526e-09,-3.5332e-10,-7.41943e-08,-6.50941e-08,0,-1.11018,2.72237,-0.0629852,-0.0197829,3.14159,1.81737,-13.4374,2.86456,0.455498,-0.392699,3.87139,13.3996,2.8242,-0.586896,0.523599,0,0,0,142.837,-0.00131931,-1.11018,-0.0629855,2.55501,1.81737,2.86456,-0.800627,3.87139,2.82419,0.206203,0.0509442,-1.38641,18.3212,-4.63522e-05,1700.02,0.0549634,4.96771,-5.04039,104.463,0.0606009,0.0162165,1.0257,45.772,324.83,-6912.42,-2372.98,3962.24,-218.045,16488,-7386.83,-373.799
7.22,-5.52828,-2.39778,142.887,12646.6,0.0499058,-1906.79,-1.05801,-0.0938312,0.12241,-2.03492,2.57433,-9.00644e+07,1.8875,0.116758,4.36146,4.26228,-0.635351,-2.27274e+08,3.93027,-3.00048,3.14081,2.11295,-0.000828835,-4.40358,-2.03782,-6.80606,-0.686781,-6.78896,-3.96566,-3.93027,-2.31796,-6.39641,-1.05377,-6.25816,-3.8216,0.595845,5.11357,0.141158,9.60294,-0.421574,-11.4471,-0.00111146,14.213,-1.10903,37.4979,-0.0618344,-20.1019,2.55615,-12.4186,1.83648,-72.9281,2.88368,9.21245,-0.781524,-187.51,3.87925,65.1134,2.83205,-16.362,0.21403,-10.8999,90.9441,-68.2646,-113.742,1.57023,2774.38,230.375,-6.33682,63.9326,-3.78991,377.38,-10.419,3.90044,25.9405,2269.74,-155.301,4.30015,94.0164,969.49,-60.6349,11.6655,0,-320.318,-3626.22,-726.253,1.64894,34.9949,-1567.81,98.4841,0.893818,-8.33656,7613.55,-1868.45,16.4274,14.4945,24240.2,669.998,-7.4129,-10.5667,92.3675,6943.02,-156.193,0.902486,2.37024,17.9754,-28.5429,-1.93151,-0.0255675,60.333,14.4911,-33.4328,-31.4038,-14.416,152.573,230.543,637.822,-5.87057,87.3234,1.13843,1.79085,4.66937,-5.5497,-1.97675,-0.421574,0,4469,6.04364e-13,-3.90687e-13,-3.43059e-13,-3.30402e-13,1.2646e-09,-1.97691e-09,-7.78971e-11,1.5523e-08,-3.54671e-08,-3.6452e-09,0,-1.10903,5.27924,-0.0618391,-0.00455665,3.14159,1.83648,-14.5862,2.88367,1.84249,-0.392699,3.87925,13.0243,2.83202,-3.27239,0.523599,0,0,0,142.836,-0.00111146,-1.10903,-0.0618344,2.55615,1.83648,2.88368,-0.781524,3.87925,2.83205,0.21403,0.0510173,-2.11359,18.475,0.000580509,1796.76,0.474049,3.59508,-5.70858,289.409,0.0606204,0.016223,1.02556,351.565,-859.076,-208.391,747.786,3630.64,239.177,16527.4,-6195.7,-1086.19
7.24,-5.52691,-2.39583,142.886,12647.5,0.0502401,-1903.14,-1.05699,5.77799,-0.132246,-2.92765,2.55731,-9.00644e+07,1.89888,0.463025,4.45818,0.107858,-0.245127,-2.27274e+08,3.93793,-6.04521,4.83851,-0.114316,0.0636513,-4.40253,-2.03584,-6.8093,-0.689817,-6.786,-3.96801,-3.92893,-2.31548,-6.39549,-1.05212,-6.25632,-3.8199,6.23002,5.16633,-1.27035,9.54802,-0.419704,-26.158,-0.000862387,139.626,-1.10809,43.6384,-0.0608911,190.57,2.5571,101.997,1.84777,-160.148,2.89497,257.449,-0.770226,-350.177,3.88683,138.966,2.83963,-45.5848,0.221592,-10.7814,89.9274,3465.34,-111.33,158.987,10963.5,400.687,-1154.21,230.963,-36999.3,110.904,-320.547,-130.543,133.068,-11770.6,526.723,-1518.77,-864.363,-135786,1487.96,465.91,0,-1475.22,11863.7,-1220.58,388.798,206.486,-154916,2198.86,-388.623,-1134.11,66683.6,-1827.04,1789.29,-40.4514,64228,639.48,-830.959,29.2029,148.44,42097.3,-264.927,194.33,-11.4493,18.705,-69.4822,-1.92059,-0.0201837,45.1409,182.477,292.657,-78.1513,-87.5783,170.455,74.0202,1422.25,-157.724,-41.2044,6.9341,10.5848,7.51422,-5.54829,-1.97668,-0.419704,0,4476,1.94156e-12,-3.64153e-12,-7.45848e-13,-4.68603e-12,-1.98436e-08,2.6385e-08,-2.47719e-08,-2.99419e-08,8.18168e-08,-4.52404e-09,0,-1.10809,8.67838,-0.0608905,1.54805,3.14159,1.84777,-32.031,2.89497,51.4898,-0.392699,3.88683,27.7988,2.83959,-9.11696,0.523599,0,0,0,142.835,-0.000862387,-1.10809,-0.0608911,2.5571,1.84777,2.89497,-0.770226,3.88683,2.83963,0.221592,0.0511025,5.84183,29.6919,0.00213566,-216.379,-2.28985,3.741,-13.8964,3439.4,0.0606433,0.0162305,1.02545,25193.6,17486.2,68061.3,136441,-51814.6,44572,-75658.9,34492.5,-16371
7.26,-5.52503,-2.39536,142.886,12652.3,0.0503468,-1902.85,-1.05894,0.219184,-0.149478,-1.44235,3.11612,-9.14093e+07,1.90008,-393461,3.01973,-206.752,-69.1987,-2.27274e+08,3.94344,-2.1534,3.20628,2.60668,0.472015,-4.40011,-2.03427,-6.80799,-0.68994,-6.78314,-3.97053,-3.92706,-2.31484,-6.39375,-1.05174,-6.25428,-3.81951,0.0951776,-393389,0.580864,9.50198,-0.41933,-12.7695,-0.000865424,91.4199,-1.11015,-36.3238,-0.0629573,70.8067,2.55504,-194.561,1.84887,-16.7001,2.89607,-102510,-0.769127,-197.577,3.89223,66.8939,2.84503,-87.9165,0.226987,-10.6833,89.073,96.597,-111.278,1.81359,4802.67,786.888,-25.653,126.33,-12796.3,-312.941,10.2018,-103.865,97.5823,-11737.4,568.927,-18.5589,-262.061,16736.1,-1657.8,22.4355,0,-108.195,-38806.4,-181.814,-1.21366,-121.761,9.16798e+09,-897429,9967.48,4.04364e+08,-2570.99,-1810.3,21.5795,10.0616,35285.4,622.761,-10.2216,-7.21267,93.4094,19794.4,-799.612,7.80465,8.70941,-19.8876,-283.903,-1.91143,-0.00892262,242.319,14.2514,28.7667,-7.14814,-6.72454e+07,-1.96729e+07,-10259.1,1765.64,37.1422,66.9056,4.77509,-6.23753,4.73089,-5.54649,-1.97658,-0.41933,0,4485,-3.13499e-14,1.08036e-12,7.96252e-13,-2.02149e-12,6.6219e-09,1.62984e-08,-2.22535e-08,-4.35425e-09,1.33928e-08,-1.6857e-08,0,-1.11015,-6.38298,-0.0629548,1.20118,3.14159,1.84887,-3.02494,2.89606,-20501.9,-0.392699,3.89223,13.3839,2.84498,-17.5833,0.523599,0,0,0,142.835,-0.000865424,-1.11015,-0.0629573,2.55504,1.84887,2.89607,-0.769127,3.89223,2.84503,0.226987,0.0512122,-1.44306,18.6856,0.0093863,4236.57,1.74188,-3.97752,-56.7806,1171.45,0.0606726,0.0162402,1.02544,1316.59,1296.42,5904.54,7.27805e+09,1.83193e+09,-1.83438e+09,27031.6,-4909.92,-4355.65
7.28,-5.52336,-2.39507,142.886,12651.6,0.0503315,-1904.23,-1.05898,-0.712714,-0.278618,-1.94455,0.0335817,-9.14095e+07,1.89682,2110.95,-6327.35,1.43154,0.19617,-2.27274e+08,3.94862,4.89097,2.74249,2.30191,0.243142,-4.39843,-2.03399,-6.80513,-0.688288,-6.7807,-3.97297,-3.92539,-2.31458,-6.39206,-1.05144,-6.25263,-3.81921,2.11668,-4216.6,7.39032,9.47745,-0.419125,-9.24139,-0.000978129,65.9754,-1.11029,-66.6551,-0.0630886,-3.80191,2.55491,-35.4836,1.84551,-57.156,2.89271,1380.46,-0.772483,-132.578,3.89731,30.0558,2.85011,-216.652,0.232074,-10.6329,88.6191,-229.855,-111.001,6.87152,6830.95,1164.19,-143.821,116.679,-11929.9,-1121.02,138.519,-144.819,107.997,-10004.4,-84.8493,10.4708,13.5673,5159.91,-458.734,60.0324,0,-203.519,-4126.5,-576.075,3.8228,4.88126,2.304e+06,2573.44,6369.48,-1.83418e+06,-26710.8,-1729.76,105.45,47.0114,32451.8,560.246,-55.2317,-33.4763,56.2328,-62896.3,-3000.35,204.745,166.219,-99.6969,-2989.17,-1.90655,-0.00291843,-36.8534,-68.9361,-0.242023,-34.3713,-7211.83,105695,150.079,1097.56,389.62,40.1168,4.27437,0.24934,2.84533,-5.54488,-1.9765,-0.419125,0,4493,6.09734e-13,5.26801e-14,1.0183e-12,-1.11733e-12,-1.17356e-09,7.45841e-09,-5.8067e-09,-5.73229e-08,-5.59031e-08,7.59755e-08,0,-1.11029,-7.69984,-0.0630833,0.594328,3.14159,1.84551,-11.4345,2.89271,276.091,-0.392699,3.89731,6.01862,2.85007,-43.3304,0.523599,0,0,0,142.835,-0.000978129,-1.11029,-0.0630886,2.55491,1.84551,2.89271,-0.772483,3.89731,2.85011,0.232074,0.0513097,-6.7013,11.2513,0.0904925,10141.3,33.2438,-19.9394,-597.835,-4023.21,0.0606987,0.0162488,1.02544,-13806.6,10432.6,2635.09,1.43124e+06,284524,-248021,66436.6,-38508.6,23675.8
7.3,-5.52217,-2.39564,142.886,12653.2,0.0502638,-1904.04,-1.0586,-0.391327,0.119284,-1.34014,2.60938,-9.14095e+07,1.89403,-4.48448,2.74457,-1.18533,-0.815161,-2.27274e+08,3.947,-2.97592,3.09281,2.64829,0.733734,-4.39734,-2.03484,-6.80283,-0.687652,-6.77984,-3.9727,-3.92419,-2.31526,-6.39078,-1.05195,-6.25154,-3.81973,0.260165,-0.924742,-0.616845,9.46624,-0.419756,-11.3745,-0.00111905,-6.16396,-1.10998,35.391,-0.0627849,27.1007,2.55521,-100.994,1.84264,-43.2813,2.88984,-29.8609,-0.775344,-166.826,3.89562,48.5386,2.84842,-25.1195,0.230452,-10.6107,88.4081,-56.6883,-110.561,1.48212,1323.07,26.242,-0.680828,76.0935,502.276,292.065,-7.84491,-90.9433,1.08771,-183.205,252.94,-6.78484,-78.7422,18234.6,-909.331,14.9834,0,-139.169,-13694.5,-429.225,0.199931,-44.6171,6835.8,-268.079,4.4859,58.0656,-30529.2,-1731.69,22.358,28.8768,44614.8,565.987,-11.6686,-20.6057,74.1055,-2836.55,-264.962,3.75888,8.97077,8.18791,-38.5868,-1.90432,0.00392218,81.3233,9.75398,14.2527,-9.30733,9.28019,-77.1628,-1.49664,492.33,-3.80588,93.9965,0.0441278,-2.27465,3.743,-5.54368,-1.97644,-0.419756,0,4499,-3.80196e-13,-7.30721e-13,-2.23273e-13,4.63872e-13,-4.03233e-09,1.2912e-08,-8.44724e-09,-2.86612e-08,6.14275e-08,-2.05709e-08,0,-1.10998,4.29988,-0.062785,0.44136,3.14159,1.84264,-8.65619,2.88985,-5.97219,-0.392699,3.89562,9.70657,2.84845,-5.0239,0.523599,0,0,0,142.835,-0.00111905,-1.10998,-0.0627849,2.55521,1.84264,2.88984,-0.775344,3.89562,2.84842,0.230452,0.0513828,-4.12067,14.8201,-0.000607713,2346.81,1.79415,1.63758,-7.71737,-52.5328,0.0607183,0.0162553,1.02549,778.937,-845.79,341.446,-5152.77,4992.07,-1130.7,24642.8,-11185.2,758.383
7.32,-5.52124,-2.39601,142.886,12656.1,0.0503665,-1904.05,-1.05815,1.23111,0.213892,-8.48442,2.0987,-9.14095e+07,1.89275,-3.64984,2.7985,-0.268749,-0.821182,-2.27274e+08,3.93826,-3.22505,3.18085,2.58968,0.577634,-4.39654,-2.03526,-6.80157,-0.68757,-6.78009,-3.96848,-3.92327,-2.31545,-6.38999,-1.0524,-6.25047,-3.82017,2.48789,-0.0301625,-0.621833,9.46914,-0.420166,-14.5603,-0.00106508,16.8112,-1.10958,46.0552,-0.0623862,7.03121,2.55561,-158.673,1.84132,-35.6794,2.88852,-39.9993,-0.776681,-213.408,3.88683,74.1062,2.83963,-50.6651,0.22162,-10.6191,88.4591,357.684,-110.327,6.85105,3405.27,159.132,-19.7174,103.599,-3086.3,273.673,-34.1045,-43.3529,21.9437,-56.5669,57.8108,-7.17408,-10.788,31832.1,-1132.1,73.9817,0,-127.893,-29598.3,-357.975,-0.511084,-82.2086,6919.14,-293.835,17.1806,51.9424,-98307.7,-1659.03,139.571,15.121,110177,526.565,-80.8684,-10.9117,96.5386,-32361.7,-375.795,44.5262,7.31387,0.915299,-98.1935,-1.9049,0.00533033,142.121,-0.777169,56.862,-374.007,88.7619,-35.4948,34.2414,1192.9,-16.6993,77.9682,1.13486,-4.18386,4.85821,-5.54288,-1.9764,-0.420166,0,4503,-1.4666e-12,2.20601e-13,4.38427e-13,-3.74319e-13,1.79907e-08,-2.18924e-08,2.08925e-08,-2.12476e-08,-4.82258e-08,3.24343e-08,0,-1.10958,9.1299,-0.0623827,0.530176,3.14159,1.84132,-7.13587,2.88851,-7.99986,-0.392699,3.88683,14.8225,2.83961,-10.133,0.523599,0,0,0,142.835,-0.00106508,-1.10958,-0.0623862,2.55561,1.84132,2.88852,-0.776681,3.88683,2.83963,0.22162,0.0514316,-2.18252,19.3087,0.000995137,4266.44,1.46277,0.18306,-19.6387,-29.2437,0.0607313,0.0162596,1.02552,-861.28,3350.72,1105.61,-17936.5,9645.4,-3061.13,32667.4,-15682.2,1053.49
7.34,-5.52109,-2.39607,142.886,12657.2,0.0508171,-1906.92,-1.05791,5.83022,-0.155966,32.3541,2.55893,-9.14095e+07,1.88778,-11.3528,1.79636,-4.49955,0.0800332,-2.27368e+08,3.92756,12723.6,4.67755,-23.1801,9.16139,-4.3965,-2.03471,-6.80021,-0.685988,-6.78086,-3.9632,-3.92316,-2.31479,-6.39044,-1.05285,-6.24968,-3.82055,6.25691,-9.63649,12719.1,9.47755,-0.420234,-20.5876,-0.000626716,31.3635,-1.10935,138.942,-0.0621517,-48.1233,2.55584,-1162.14,1.83633,262.422,2.88353,-453.804,-0.781655,-287.124,3.87612,112.426,2.82892,12647.4,0.210916,-10.6384,88.6141,1652.88,-110.295,60.3784,6558.95,148.351,-162.648,175.087,-23742,528.435,-580.96,182.108,152.602,11983.3,-177.046,194.732,-0.707468,-1.87452e+06,-8233.44,1990.21,0,-6112.86,-973242,1897.02,-427.405,-962.619,-1.1631e+06,-3314.12,718.181,568.634,31977.1,-1803.36,683.715,-23.1144,50191.5,646.446,-324.886,16.9087,125.945,-5.02943e+07,85297,-24593.4,2153.85,6813.98,-4.72232e+06,-1.90658,0.00319129,59.0237,-143.127,238.584,1642.35,-106.1,-420.892,-178.422,-4.72146e+06,636325,-1237.68,3.88313,-48.9123,6.31673,-5.54268,-1.97639,-0.420234,0,4504,1.95555e-12,-8.61622e-12,7.44005e-12,8.34107e-12,-2.22802e-07,-3.77577e-07,1.84341e-07,-1.25495e-08,7.38354e-08,-8.4496e-08,0,-1.10935,6.66674,-0.0621566,-2.07682,3.14159,1.83633,52.4818,2.88354,-90.7608,-0.392699,3.87612,22.396,2.82891,2529.48,0.523599,0,0,0,142.835,-0.000626716,-1.10935,-0.0621517,2.55584,1.83633,2.88353,-0.781655,3.87612,2.82892,0.210916,0.0514438,3.36652,25.1414,33.6338,2.17714e+07,430.77,1362.8,-944463,-2.30204e+06,0.0607346,0.0162607,1.02552,792.412,35867.6,-12932.4,449967,979.481,197626,1.08826e+08,-1.09996e+07,1.13079e+07
7.36,-5.52161,-2.39616,142.886,12661.7,0.0522679,-1907,-1.05297,1.19689,0.348355,-8.59659,2.68472,-9.14095e+07,1.87835,-5.89179,2.29387,-2.9872,-0.657962,-2.2588e+08,3.9144,117833,3.18498,64.958,-20.454,-4.39851,-2.03483,-6.79919,-0.683493,-6.78113,-3.95736,-3.92379,-2.31257,-6.39291,-1.05421,-6.24812,-3.8217,2.00212,-2.93996,117856,9.48646,-0.420302,-12.2401,0.000860746,29.6059,-1.10438,78.4525,-0.0571801,-20.907,2.56081,-79.6999,1.82694,-54.7359,2.87414,-7.78948,-0.791053,-187.329,3.863,65.7501,2.8158,-31526.8,0.197807,-10.6567,88.7787,33.8808,-110.997,1.37255,3577.32,325.108,-8.05141,72.4368,-338.598,700.275,-17.3156,72.2389,127.24,-121.407,-176.028,4.35057,0.0166893,18377.1,-630.857,12.5328,0,-185.037,-10329.9,-534.96,0.82827,-23.1875,3763.27,-54.6584,1.71743,7.11458,-26344.4,-1798.68,20.0019,9.28203,48835.9,660.838,-10.8896,-6.90373,87.0692,-2.53809e+08,-304018,3529.84,3141.26,-16873.1,-4.23747e+07,-1.90835,0.000957056,225.226,-4.431,7.52428,-435.352,9.95495,-148.312,-119.235,7.44177e+07,5.89178e+06,3169.4,3.30724,-1.17576,4.35096,-5.54328,-1.97642,-0.420302,0,4501,-6.47676e-14,2.59459e-12,2.08589e-12,1.66445e-12,-2.14326e-08,2.63736e-08,-1.14963e-08,-4.98231e-08,-1.04826e-07,1.3068e-07,0,-1.10438,3.92425,-0.0571791,-0.254884,3.14159,1.82694,-10.9472,2.87414,-1.5579,-0.392699,3.863,13.1364,2.8158,-6305.37,0.523599,0,0,0,142.835,0.000860746,-1.10438,-0.0571801,2.56081,1.82694,2.87414,-0.791053,3.863,2.8158,0.197807,0.0514072,-1.37939,17.4065,-18.238,1.38301e+08,628.253,-3374.61,-8.47495e+06,-9.99343e+06,0.0607248,0.0162575,1.02552,31.3468,919.574,-435.05,-5851.97,4897.21,-887.305,6.91514e+08,-5.12382e+07,5.04717e+07
7.38,-5.52268,-2.39764,142.886,12661,0.0543542,-1906.6,-1.05159,-0.277533,0.0864324,-538.541,2.6379,-9.14095e+07,1.86802,-5.39906,2.60447,-3.35827,-0.684185,-2.2588e+08,3.9036,64.3238,2.62464,3.50201,-0.241517,-4.40015,-2.03363,-6.79922,-0.682619,-6.78067,-3.95457,-3.92504,-2.31072,-6.39678,-1.05751,-6.24622,-3.8247,0.312589,-2.11041,67.19,9.49431,-0.421726,-9.21347,0.00300801,8.19756,-1.10293,36.7541,-0.0557355,-11.3296,2.56226,-79.0917,1.81667,-45.5679,2.86387,-13.0488,-0.801322,-175.013,3.85226,67.0312,2.80506,-755.746,0.187045,-10.6704,88.9173,-225.275,-110.458,6.89614,2417.5,266.049,-33.6661,39.23,2468.77,638.782,-80.2825,39.1246,49.3345,-615.964,-174.37,21.8755,0.00872139,10606.9,-905.27,68.7582,0,-130.101,-8380.74,-460.032,3.14468,-37.457,2158.17,-148.248,10.9871,12.0819,25579.6,-1794.06,47.7687,37.15,6719.97,675.805,-15.9994,-28.0074,95.3011,228547,-6647.14,-3.29785,277.041,-378.025,-21920.6,-1.90991,0.00671997,-35.7805,20.2518,-66.1977,-26926.1,-31.1974,-124.192,-135.642,12237.8,3359.01,98.2714,1.28242,-1.89511,4.74808,-5.54428,-1.97647,-0.421726,0,4496,7.66831e-13,-9.80882e-14,5.08482e-14,-3.22632e-13,1.67611e-08,-3.70641e-09,1.32986e-08,4.52691e-09,-2.07696e-08,2.26823e-08,0,-1.10293,1.83358,-0.0557387,-0.425853,3.14159,1.81667,-9.1136,2.86387,-2.60976,-0.392699,3.85226,13.417,2.80504,-151.149,0.523599,0,0,0,142.835,0.00300801,-1.10293,-0.0557355,2.56226,1.81667,2.86387,-0.801322,3.85226,2.80506,0.187045,0.0513462,-5.60546,19.0664,0.285926,94195.4,55.4082,-75.605,-4384.13,9156.53,0.0607085,0.0162521,1.0256,-697.921,-4963.14,1273.74,626.754,3130.04,302.025,477266,10950.5,-33583
7.4,-5.52331,-2.39933,142.887,12662.4,0.0563713,-1905.99,-1.05227,-0.50541,0.206236,-105.423,2.69893,-9.14095e+07,1.85964,-1.03953,2.03501,2.5311,-0.823995,-2.2588e+08,3.89679,-2.82228,3.15719,2.17629,-0.0533656,-4.40076,-2.03176,-6.7994,-0.682718,-6.77928,-3.95414,-3.92585,-2.30919,-6.40011,-1.06097,-6.24397,-3.82784,0.143489,1.81947,0.388276,9.51151,-0.423381,-11.3714,0.0050738,44.7669,-1.10357,88.0371,-0.0563743,-18.2132,2.56161,69.6538,1.80834,-97.5274,2.85554,24.0841,-0.809647,-194.427,3.84549,76.5704,2.79829,-15.5602,0.180354,-10.7054,89.2279,-59.8102,-111.292,1.58614,4253.69,523.751,-15.0345,71.1057,2285.67,902.811,-25.7797,70.9092,179.416,6997.26,-177.123,5.04682,0.235583,-34656.8,739.433,7.01254,0,-585.22,-6870.77,-955.404,3.45006,107.433,-12601.7,240.848,-0.149341,-22.4256,71895.7,-1761.19,3.86554,33.4903,-22640.5,658.575,1.65509,-25.4634,99.3658,16744.1,-124.964,-1.06654,4.93285,19.9089,-29.8971,-1.91333,0.0109518,70.4061,30.5858,-77.5904,-5205.05,-24.9495,93.3652,134.26,-37.0083,1.36547,92.2562,4.65947,5.41958,4.93579,-5.54509,-1.97651,-0.423381,0,4492,1.50671e-13,1.03784e-12,1.14664e-12,1.31362e-12,-2.70781e-08,2.67863e-08,2.9497e-10,2.60306e-08,-2.56914e-08,-6.67171e-09,0,-1.10357,4.40508,-0.0563831,0.0355586,3.14159,1.80834,-19.5051,2.85554,4.81682,-0.392699,3.84549,15.3106,2.79835,-3.11203,0.523599,0,0,0,142.835,0.0050738,-1.10357,-0.0563743,2.56161,1.80834,2.85554,-0.809647,3.84549,2.79829,0.180354,0.0512975,-5.09152,19.8701,-0.00114241,295.224,0.98657,3.98179,-5.97943,654.473,0.0606955,0.0162478,1.0257,-804.596,-2166.15,-1275.83,8846.76,3477.97,2276.29,-2316.69,3991.6,-2913.57
7.42,-5.52435,-2.40003,142.887,12664.1,0.0581359,-1902.5,-1.05042,-7.96345,-0.359503,-577.109,2.46027,-9.14095e+07,1.85168,-21.382,0.88502,-13.945,-5.09078,-2.2588e+08,3.88785,-3.65913,3.45846,-0.319761,0.21361,-4.40247,-2.03052,-6.79976,-0.681795,-6.77891,-3.95124,-3.92705,-2.30707,-6.40351,-1.06321,-6.24249,-3.82981,-7.64163,-15.4062,-0.414283,9.53685,-0.424026,-17.5452,0.00689939,242.12,-1.10166,326.624,-0.0544618,-37.7662,2.56352,-2789.65,1.80044,697.639,2.84764,-757.534,-0.817556,-323.794,3.83662,159.62,2.78942,-1.50906,0.171394,-10.7591,89.6958,846.412,-115.277,24.1251,-4382.27,1253.97,-511.363,396.33,-14874.8,1656.07,-673.56,394.905,869.992,88209.8,-188.72,76.6325,1.78384,-1.17937e+07,-22469.4,1971.92,0,-49202.5,-6.1904e+06,5659.56,-479.022,-2493.65,-5.1859e+06,-6150.15,518.025,651.359,-218374,-2037.38,605.287,-244.336,264116,871.658,-395.51,187.841,181.094,7100.71,-8.28614,3.31118,-1.85539,50.4139,-50.5786,-1.91837,0.00709126,81.7409,174.18,-450.48,-28784.3,-76.3853,-924.156,-672.415,-103.265,-40.9236,-6.27993,22.5843,-125.445,8.96341,-5.54609,-1.97656,-0.424026,0,4487,1.76892e-12,-6.58917e-13,1.96465e-12,1.67327e-12,6.2275e-09,-1.30223e-08,-9.26395e-10,1.22284e-08,-7.29317e-08,-7.02952e-08,0,-1.10166,16.3814,-0.054469,0.180716,3.14159,1.80044,139.529,2.84763,-151.507,-0.392699,3.83662,31.9277,2.78939,-0.301812,0.523599,0,0,0,142.835,0.00689939,-1.10166,-0.0544618,2.56352,1.80044,2.84764,-0.817556,3.83662,2.78942,0.171394,0.0512366,37.5724,36.2217,0.00115146,7698.54,-0.371079,10.0828,-10.1157,338.148,0.0606791,0.0162424,1.02573,22494.6,44742.4,-23115.4,2.5271e+06,224108,1.00714e+06,52042.6,-25254.5,-1553.89
7.44,-5.52528,-2.40103,142.887,12665.9,0.0599317,-1902.62,-1.04758,1.15342,1.30651,1.04583,3.11214,-9.14095e+07,1.84307,-3.91065,2.75145,-1.10347,-0.986534,-2.2588e+08,3.87925,-2.81064,3.12162,1.11134,0.15256,-4.40436,-2.03001,-6.79979,-0.680974,-6.77829,-3.94892,-3.92815,-2.30519,-6.40683,-1.06579,-6.24084,-3.8321,2.48938,-0.172665,0.158417,9.55554,-0.424972,-11.5581,0.00875607,256.685,-1.09876,300.703,-0.0515584,-18.5541,2.56644,-157.68,1.79189,-34.7075,2.83909,-63.186,-0.826102,-185.658,3.82807,72.1205,2.78088,-6.72902,0.162875,-10.7976,90.0394,-46.1054,-112.236,1.52338,-3310.15,2539.9,-69.0198,909.842,-398.421,2918.5,-79.1886,907.553,912.355,7624.93,-176.827,4.79225,0.0708006,17075.3,-1458.04,17.8097,0,-113.415,-25620,-345.703,0.391937,-102.499,2471.07,-592.101,5.99085,111.084,32745.1,-1763.11,10.4712,3.30205,2843.26,681.964,-3.73071,-2.56561,89.8122,5893.11,-59.056,-0.0165386,0.234041,21.6888,-24.2147,-1.92209,0.0068975,91.2054,-5.65141,5.34753,108.234,-4.07348,-51.0192,1.1785,1270.71,1.0706,52.6222,23.6876,-5.1487,4.43639,-5.54709,-1.97661,-0.424972,0,4482,-5.04458e-13,1.46105e-13,3.89022e-13,1.03812e-12,1.29763e-08,4.29014e-08,-3.77261e-08,8.42745e-08,1.2376e-07,8.2294e-08,0,-1.09876,15.0637,-0.0515542,2.1537,3.14159,1.79189,-6.9415,2.83909,-12.6372,-0.392699,3.82807,14.4245,2.78087,-1.3458,0.523599,0,0,0,142.836,0.00875607,-1.09876,-0.0515584,2.56644,1.79189,2.83909,-0.826102,3.82807,2.78088,0.162875,0.0511756,-0.513136,17.9628,0.000131072,908.135,0.0468083,4.33777,-4.84294,235.341,0.0606628,0.016237,1.02578,-3685.26,-4665.25,-1479.93,-4639.16,4988.02,113.136,7360.02,-2210.38,-953.61
7.46,-5.52579,-2.4024,142.887,12669.1,0.0606878,-1902.22,-1.04825,1.32398,0.857241,-2.13071,2.72723,-9.14103e+07,1.827,-271.897,3.0492,3.83892,1.27522,-2.2588e+08,3.87475,-2.97312,3.15318,2.66622,0.908983,-4.40477,-2.02986,-6.79509,-0.676753,-6.77824,-3.94846,-3.92874,-2.30535,-6.40836,-1.06783,-6.24028,-3.83401,2.59558,-270.123,-0.728926,9.57091,-0.426314,-14.2514,0.00953659,271.616,-1.0994,157.654,-0.052204,97.9193,2.5658,-176.746,1.77585,-41.9749,2.82304,2735.3,-0.842138,-208.376,3.8236,82.7648,2.7764,-26.7815,0.158447,-10.8301,90.3192,268.18,-114.621,4.98945,-8669.42,1912.35,-163.898,675.766,-55175.5,1087.12,-92.9283,248.865,486.644,12530.2,685.405,-58.6975,-472.686,27465.8,-1374.99,56.3793,0,-127.891,-32297.4,-402.421,2.76028,-110.983,7.6066e+06,22115.9,-757.414,349952,28359.2,-1808.41,44.2506,-15.1753,13540.4,716.409,-20.1451,11.8561,93.4277,17747.9,-235.204,2.50885,-4.15525,11.8623,-43.3148,-1.92515,0.00984379,159.872,19.7358,26.8642,-34.8965,-42239.1,-13451.1,270.88,-223.587,-7.27868,98.0202,17.8289,-5.55306,4.60988,-5.54749,-1.97663,-0.426314,0,4480,-2.44527e-13,-1.04805e-13,6.50147e-13,1.70886e-12,-2.3649e-08,-8.41461e-08,8.89004e-08,-1.11773e-08,-5.34131e-08,1.64205e-08,0,-1.0994,15.718,-0.0521939,0.703019,3.14159,1.77585,-8.3774,2.82305,547.059,-0.392699,3.8236,16.5497,2.77644,-5.3563,0.523599,0,0,0,142.836,0.00953659,-1.0994,-0.052204,2.5658,1.77585,2.82304,-0.842138,3.8236,2.7764,0.158447,0.0511513,2.37076,18.6831,-0.00127344,1561.49,-0.83105,2.37247,-8.66295,789.672,0.0606563,0.0162348,1.02586,8604.69,19255.3,5488.85,5.32855e+06,1.51756e+06,-1.44407e+06,6723.93,72.0969,-3403.01
7.48,-5.52712,-2.40409,142.887,12672.5,0.0611511,-1901.55,-1.04807,-87.8611,16.4434,-33.367,93.1543,-9.14104e+07,1.80098,-8.49568,2.97102,-2.75162,-0.957293,-2.25882e+08,3.87329,1751.06,2.39966,11.3375,-2.84371,-4.40618,-2.03089,-6.78672,-0.668923,-6.77908,-3.94966,-3.93011,-2.30631,-6.4103,-1.06993,-6.24094,-3.83603,-161.43,-4.56736,1756.3,9.5973,-0.42794,-14.0376,0.0100851,-7870.9,-1.09914,4108.47,-0.0519428,-7448.38,2.56605,-211.308,1.74992,-38.0942,2.79711,-593.78,-0.86808,-249.579,3.82222,115.817,2.77502,-4585.41,0.157023,-10.8844,90.8045,234.092,-115.126,4.2362,-2.4834e+07,-55338.1,3995.67,680305,-6.79528e+07,28902,-2087.01,-350908,-6811.26,-5.75562e+07,-52395.8,3783.49,26932.6,21826.5,-1714.29,52.9214,0,-137.418,-43429.3,-364.87,2.42977,-149.221,303790,-4992.91,126.666,11285.8,-167751,-2144.44,114.918,-138.661,185822,978.498,-77.7005,108.527,134.321,-8.4135e+06,-38927.3,2784.53,-4536.09,-2427.2,-581074,-1.9304,0.0111533,172.061,33.539,-4392.14,-1602.44,-1417.86,-282.375,-61.5427,-109812,87694.3,488.73,-352.902,-7.40219,6.61697,-5.5489,-1.97671,-0.42794,0,4473,5.36071e-13,-7.44649e-12,-3.36984e-11,-2.46132e-11,1.47616e-08,-4.26363e-08,5.47437e-08,-2.81048e-08,1.50157e-08,-1.64681e-08,0,-1.09914,821.433,-0.0519467,-94.1094,3.14159,1.74992,-7.61755,2.79711,-118.756,-0.392699,3.82222,23.1783,2.77502,-917.083,0.523599,0,0,0,142.836,0.0100851,-1.09914,-0.0519428,2.56605,1.74992,2.79711,-0.86808,3.82222,2.77502,0.157023,0.051066,21.7201,26.8723,1.84701,3.06732e+06,-907.219,-485.44,-116215,-240805,0.0606335,0.0162273,1.02595,5.33431e+06,1.29391e+07,1.09802e+07,199142,68540.9,-72843.9,1.5365e+07,-1.41588e+06,1.27751e+06
7.5,-5.52803,-2.4064,142.888,12676.8,0.0621781,-1901.51,-1.04637,-1.04508,0.627483,-1.11881,2.49335,-9.14104e+07,1.77817,-3.58881,2.65033,-1.23364,-1.23861,-2.25882e+08,3.86982,1.98277,2.56524,2.78594,0.291691,-4.40767,-2.03237,-6.77977,-0.663662,-6.77891,-3.95083,-3.93113,-2.30698,-6.41259,-1.07315,-6.24039,-3.83907,0.230644,0.300135,4.25633,9.62437,-0.430199,-13.1709,0.011173,-69.9989,-1.09738,142.779,-0.0501805,33.1066,2.56781,-187.194,1.72716,-45.6242,2.77436,-111.797,-0.890824,-215.024,3.81882,91.8715,2.77162,-176.233,0.153623,-10.9411,91.3004,117.947,-115.104,2.26295,-4465.41,-479.934,18.2689,206.651,12147,1066.03,-41.0722,-318.891,-131.198,3389.96,251.242,-9.69946,-96.2736,21294.2,-1591.05,27.2885,0,-134.001,-33819.3,-436.93,2.19496,-134.636,5558.29,-978.068,13.7738,312.391,-65267.2,-2006.42,42.8901,-27.6508,90125.9,875.084,-27.1774,21.7336,107.058,-54287.8,-1658.72,42.6128,-43.703,-64.7701,-1036.99,-1.93578,0.0156884,215.629,1.863,-8.35893,-10.7379,15.8231,-38.1722,2.61819,-2102.17,240.27,69.1191,-4.34251,-6.63048,5.26761,-5.5499,-1.97676,-0.430199,0,4468,-1.47271e-13,2.84928e-12,-2.80842e-12,3.43103e-12,-4.16852e-09,-4.20393e-08,3.65303e-08,-3.21962e-08,-5.75796e-08,6.73521e-08,0,-1.09738,11.6441,-0.0501798,0.474696,3.14159,1.72716,-9.12504,2.77437,-22.3595,-0.392699,3.81882,18.3747,2.77162,-35.2466,0.523599,0,0,0,142.836,0.011173,-1.09738,-0.0501805,2.56781,1.72716,2.77436,-0.890824,3.81882,2.77162,0.153623,0.0510051,4.3468,21.4119,0.00137458,12395.8,-8.74061,-12.954,-207.398,-339.006,0.0606172,0.0162219,1.02608,1353.53,449.158,1063.45,-7718.85,7716.85,-2118.19,78091.6,-24597.9,4633.15
7.52,-5.52861,-2.40778,142.888,12677.5,0.0633205,-1901.1,-1.04442,-0.881666,0.404379,-0.899468,2.56038,-9.14104e+07,1.75831,-3.88261,2.65286,-1.01448,-1.09719,-2.25881e+08,3.86621,-2.33866,3.13424,3.15814,0.363952,-4.40889,-2.03285,-6.77366,-0.658831,-6.77825,-3.95108,-3.93182,-2.30653,-6.41469,-1.07553,-6.23933,-3.84126,0.103923,-0.132563,0.431633,9.65719,-0.431543,-11.3086,0.0123519,-49.3584,-1.09539,100.091,-0.0481891,19.0318,2.5698,-206.792,1.70734,-39.4098,2.75453,-69.3225,-0.91066,-181.659,3.81524,71.5107,2.76804,-32.6533,0.150053,-11.0128,91.9103,-79.7639,-114.08,1.88622,-2611.96,-412.779,13.3376,141.485,8017.46,953.264,-31.2991,-217.983,-88.8332,2378.63,186.012,-6.12381,-57.8148,10645.1,-1994.03,25.7727,0,-156.022,-40159.1,-392.628,1.72514,-165.623,-4703.09,-674.034,7.18402,71.1962,4272.98,-1838.9,19.941,0.41791,23308.4,750.206,-10.3025,-0.32993,87.5678,11703.2,-317.595,2.38474,0.149757,6.93149,-56.4034,-1.94231,0.0134625,35.3122,20.6894,-0.246292,-3.45589,-28.0817,-53.8556,-7.12093,30114.6,24.0175,114.442,-2.94269,-8.09723,4.30095,-5.5505,-1.97679,-0.431543,0,4465,4.43007e-13,8.15126e-13,-9.93206e-13,1.13587e-12,8.78245e-09,-3.84881e-10,-1.423e-08,9.13897e-09,3.59315e-08,-1.85148e-08,0,-1.09539,8.18378,-0.0481956,0.348521,3.14159,1.70734,-7.8819,2.75453,-13.8645,-0.392699,3.81524,14.3017,2.76805,-6.53067,0.523599,0,0,0,142.837,0.0123519,-1.09539,-0.0481891,2.5698,1.70734,2.75453,-0.91066,3.81524,2.76804,0.150053,0.0509685,-0.0659837,17.5132,-0.000264279,2364.97,0.0299515,1.3863,-11.2807,484.114,0.0606074,0.0162187,1.02615,4787.89,-4538.24,-383.519,-3673.3,6083.66,1970.91,20417.5,-6053.95,-1778.58
7.54,-5.52925,-2.40846,142.888,12676.9,0.0646317,-1899.37,-1.04638,3.53274,14.4024,-1.52907,2.54604,-9.14106e+07,1.74214,-86.6986,2.97993,1.26265,0.0421008,-2.25881e+08,3.86125,-2.42626,3.13203,0.918211,0.167597,-4.40913,-2.03051,-6.76927,-0.654931,-6.77755,-3.95002,-3.93259,-2.30512,-6.41708,-1.07738,-6.23809,-3.84288,18.5307,-83.7608,0.538176,9.68682,-0.432192,-8.19956,0.0137119,-9.2676,-1.0973,18.2664,-0.0501047,-509.904,2.56789,-95.8307,1.69122,-52.1813,2.73842,1389.09,-0.926772,-172.333,3.81033,73.7769,2.76313,-3.38442,0.145135,-11.0775,92.4659,-270.91,-111.249,12.2236,732.241,5.53674,-3.72854,32.9905,1255.54,312.574,-69.875,-28.5402,-3.17929,-7214.87,-12448.2,2840.25,-80373,8742.22,-1197.55,130.855,0,-115.088,-8985.25,-566.176,20.7319,-73.0925,2.38513e+06,16674.8,-1487.59,155531,41757.3,-1672.78,33.0297,62.1048,-8118.12,632.66,8.98812,-49.3275,99.7164,4167.88,-23.7199,-1.71123,1.99977,25.9981,-26.8806,-1.9482,0.00842074,-30.2461,86.606,196.586,2.40374,-12848.7,-4195.46,142.124,59.8956,19.3896,49.6173,-0.151765,-3.55401,4.8911,-5.5513,-1.97683,-0.432192,0,4461,-1.53846e-12,1.1311e-12,-1.29487e-13,1.0445e-12,1.21699e-08,1.4945e-08,-2.00964e-08,2.69634e-08,4.95791e-08,4.25772e-08,0,-1.0973,3.10016,-0.0501082,-0.0136415,3.14159,1.69122,-10.4372,2.73842,277.817,-0.392699,3.81033,14.7554,2.76313,-0.676884,0.523599,0,0,0,142.837,0.0137119,-1.0973,-0.0501047,2.56789,1.69122,2.73842,-0.926772,3.81033,2.76313,0.145135,0.0509198,-9.86548,19.9432,-8.97296e-06,446.962,0.399953,5.19961,-5.37612,177.027,0.0605944,0.0162144,1.02619,2907.24,-3102.74,95796.4,1.4407e+06,582240,-544215,4740.85,-311.168,-709.875
7.56,-5.52963,-2.41055,142.888,12677.2,0.0662332,-1899.41,-1.04855,1.29831,-0.582626,-1.5174,64.4633,-9.14477e+07,1.73109,-6009.83,2.60938,-44.9772,-15.6356,-2.25881e+08,3.85559,-2.52018,3.11267,2.25893,-0.0733326,-4.40908,-2.02901,-6.76708,-0.654581,-6.77623,-3.95016,-3.93314,-2.30466,-6.41958,-1.0809,-6.23617,-3.8461,-60.606,-5991.58,0.665823,9.70583,-0.434263,-11.1355,0.0153378,229.06,-1.09945,-130.664,-0.0522479,59445.1,2.56575,-215.561,1.68019,-43.9786,2.72739,-21625.5,-0.9378,-179.853,3.8047,72.1612,2.7575,-12.094,0.139469,-11.1181,92.8145,-98.3007,-114.749,2.19995,1855.06,2530.4,-97.8189,800.938,-64216.3,-1421.35,54.8456,-558.051,215.606,1.06793e+09,642613,-24775.6,-8.40568e+07,9411.47,-2115.77,31.1755,0,-173.96,-43060.3,-440.936,2.73874,-181.466,5.69071e+08,-213709,2612.34,1.50635e+07,-5413.84,-1878.86,26.2776,-0.842534,30253.1,794.826,-14.6842,0.673804,86.9959,4202.03,-122.68,1.44253,-0.113017,17.6853,-25.745,-1.95199,0.0141424,11.2647,-2.14581,76.0849,2.63466,-1.85201e+06,-300353,-2170.39,-15143.8,14.4109,97.295,10.9037,-8.79667,4.26354,-5.55171,-1.97685,-0.434263,0,4459,-1.80328e-13,-4.583e-13,-8.45546e-13,1.81899e-12,6.10882e-09,-1.13703e-08,6.24595e-09,1.37316e-09,-9.70392e-09,-3.12495e-09,0,-1.09945,-24.8508,-0.0522471,-0.00504552,3.14159,1.68019,-8.80381,2.72739,-4325.1,-0.392699,3.8047,14.4343,2.75746,-2.41879,0.523599,0,0,0,142.837,0.0153378,-1.09945,-0.0522479,2.56575,1.68019,2.72739,-0.9378,3.8047,2.7575,0.139469,0.0508955,0.13478,17.4008,0.000620727,2163.24,-0.0226034,3.53706,-5.14901,170.984,0.0605879,0.0162122,1.02631,-14163.2,17469.2,-2.14268e+08,3.22685e+08,1.12986e+08,-1.13494e+08,21710.5,-8411.79,-538.495
7.58,-5.53046,-2.41573,142.889,12676.7,0.0677597,-1899.72,-1.04841,-0.207562,-0.739584,-1.45431,4.71208,-9.14652e+07,1.72345,-7108,3.05131,-28.6656,-9.96992,-2.25881e+08,3.85208,-2.11131,3.14299,3.25448,0.333161,-4.41011,-2.03183,-6.76667,-0.65848,-6.77523,-3.95453,-3.93413,-2.3074,-6.42244,-1.08744,-6.23481,-3.85236,-2.51764,-7094.98,0.698521,9.74072,-0.439396,-10.5526,0.0169251,175.757,-1.09924,-221.178,-0.0520451,-235.699,2.56595,-86.7707,1.67262,-64.9552,2.71981,-13625,-0.94538,-176.353,3.80124,71.5069,2.75405,-34.2715,0.136033,-11.1909,93.4485,-145.821,-114.59,3.34053,6324.93,2192.25,-130.012,537.955,-39737.9,-2695.7,159.436,-738.708,320.055,-242402,-2897.01,171.518,2404.64,12864,-883.136,31.0331,0,-144.96,-7869.28,-663.467,7.24252,-57.4504,2.31401e+08,-138887,4127.15,1.9156e+07,66614.7,-1603.03,0.666597,8.41437,-28569.8,577.736,9.0597,-6.75795,87.5648,35739.6,-241.932,-8.70516,3.19584,5.83744,-61.2691,-1.95893,0.0316912,-23.7785,-15.299,29.0974,0.750084,-876579,-355261,-1354.77,101.268,34.6788,117.53,11.6696,-2.77231,4.27927,-5.55271,-1.9769,-0.439396,0,4454,-1.69861e-12,-9.55125e-13,-3.36708e-12,4.73221e-12,2.5766e-08,-8.1162e-10,-1.36856e-08,-7.84234e-08,-9.16014e-08,5.2452e-08,0,-1.09924,-21.942,-0.0520448,0.361186,3.14159,1.67262,-12.9759,2.71981,-2725,-0.392699,3.80124,14.3029,2.75403,-6.8543,0.523599,0,0,0,142.837,0.0169251,-1.09924,-0.0520451,2.56595,1.67262,2.71981,-0.94538,3.80124,2.75405,0.136033,0.0508346,-1.35173,17.5141,0.000850333,368.163,0.639168,1.16749,-12.2538,1469.45,0.0605716,0.0162068,1.02661,-12018.8,20513.7,56606.1,1.27391e+08,4.5637e+07,-4.59594e+07,-1500.8,9027.16,-6674.89
7.6,-5.53148,-2.42154,142.89,12678,0.068945,-1899.99,-1.04705,-0.749388,-0.626129,-0.659568,2.57663,-9.14652e+07,1.72408,-6.22226,3.09366,-2.78362,-0.525593,-2.27403e+08,3.85343,120323,6.71681,65.7375,-20.884,-4.41163,-2.03638,-6.76953,-0.665558,-6.77441,-3.96191,-3.93528,-2.31131,-6.42503,-1.0943,-6.23412,-3.859,-0.810551,-2.60301,120350,9.8116,-0.445139,-11.7254,0.0181956,112.316,-1.09779,-177.298,-0.0505969,6.69863,2.56739,-640.734,1.67333,21.1623,2.72053,-437.916,-0.944664,-191.502,3.80268,79.881,2.75548,-31881,0.137476,-11.3451,94.768,-58.5925,-117.619,1.7255,5827.07,1207.9,-35.8031,191.18,-22882.7,-1844.73,54.4049,-341.328,334.054,8809.68,71.2679,-2.10615,29.5167,-250910,-6290.7,52.274,0,-1945.06,-406486,205.602,-2.19568,-604.86,-224328,-4317.68,32.6546,1050.44,-41123.1,-2050.99,29.3591,-9.29296,62702.9,921.905,-18.5992,7.45139,94.0985,-1.98189e+08,-349428,5651.85,-3057.88,-17157.9,-4.03247e+07,-1.97304,0.0417159,66.4802,-13.6621,11.4258,-20.9383,-107.081,-172.549,-76.4818,-7.60799e+07,6.01627e+06,3208.37,9.62964,-29.0895,4.5841,-5.55412,-1.97697,-0.445139,0,4447,2.4207e-13,1.39777e-13,-8.61533e-14,1.23457e-13,5.71337e-08,1.10579e-07,-8.28149e-08,-9.2739e-08,1.23172e-07,-1.61382e-07,0,-1.09779,-11.0795,-0.0506001,-0.483376,3.14159,1.67333,4.23245,2.72053,-87.5833,-0.392699,3.80268,16.2494,2.75547,-6376.19,0.523599,0,0,0,142.838,0.0181956,-1.09779,-0.0505969,2.56739,1.67333,2.72053,-0.944664,3.80268,2.75548,0.137476,0.0507494,1.51648,18.9672,344.721,1.41554e+08,-611.576,-3431.58,-8.06495e+06,-7.85531e+06,0.0605488,0.0161993,1.02695,-3382.72,8172.7,-1548.33,138025,20196.7,50058.1,7.07788e+08,-4.05663e+07,3.97868e+07
7.62,-5.53202,-2.42565,142.891,12679.1,0.0700925,-1896.66,-1.04569,1.38164,-0.682962,2.99662,4.75235,-9.14652e+07,1.72414,-13.0012,-9.03855,-3.95927,-0.870621,-2.27403e+08,3.85518,0.442225,1.76186,2.58474,0.412725,-4.41267,-2.03931,-6.77163,-0.670726,-6.7731,-3.96785,-3.93595,-2.3136,-6.4271,-1.09944,-6.23301,-3.86392,-0.912076,-21.1691,1.79136,9.89716,-0.449224,-24.7325,0.0193796,257.97,-1.09641,-195.196,-0.0492091,-10.0616,2.56878,-63.449,1.67343,-121.878,2.72062,16.2691,-0.944562,-309.389,3.80447,136.513,2.75727,-174.116,0.139339,-11.5381,96.3877,2455.41,-139.355,101.277,4314.53,1117.71,-1440.73,341.283,-92204.6,-840.293,1079.64,-395.441,372.445,23353.1,-41.4974,52.2031,-20.7699,35653.1,3.9238,537.765,0,-456.86,-6180.98,-913.094,286.168,22.7766,7693.49,281.488,90.7721,-38.5944,77822.2,-2080.14,959.929,-75.9228,17324.8,874.309,-478.865,60.748,119.201,185323,-1325.32,346.896,-107.54,-60.6948,-915.01,-1.99007,0.0384616,53.0896,166.637,101.594,128.563,42.3623,-511.493,-135.468,-114.629,162.511,60.0922,15.2718,1.09387,5.80233,-5.55472,-1.977,-0.449224,0,4444,-3.90488e-12,1.89893e-12,-3.35287e-12,1.27209e-12,-2.0102e-08,2.28938e-08,-2.31748e-08,-5.79576e-08,7.83499e-08,-5.63473e-08,0,-1.09641,-24.7364,-0.0492112,-4.92953,3.14159,1.67343,-24.3751,2.72063,3.25383,-0.392699,3.80447,27.2898,2.75733,-34.8232,0.523599,0,0,0,142.839,0.0193796,-1.09641,-0.0492091,2.56878,1.67343,2.72062,-0.944562,3.80447,2.75727,0.139339,0.0507129,12.1427,23.8328,-0.0377096,8984.31,-21.5079,-12.139,-183.002,11086,0.060539,0.0161961,1.0272,93749.6,-23204.5,-7096.17,-10874.6,-2026.74,-6452.3,-3691.66,64929.3,-52521.3
7.64,-5.53433,-2.42745,142.891,12683.3,0.0718644,-1896.54,-1.04329,0.255248,-0.263318,1.06027,2.46802,-9.15796e+07,1.7191,-21491,2.49741,67.5945,19.2883,-2.27403e+08,3.85769,-2.38539,3.19581,3.28487,0.359951,-4.41584,-2.03944,-6.77412,-0.672382,-6.7726,-3.97224,-3.93846,-2.31257,-6.43175,-1.10283,-6.23277,-3.86696,0.665502,-21507.8,0.450468,9.98699,-0.450905,-13.1439,0.0212976,122.211,-1.09386,-72.2708,-0.0466614,-19.8465,2.57134,-162.1,1.66853,-64.377,2.71573,34569,-0.949456,-208.885,3.80712,88.5193,2.75992,-35.8935,0.141991,-11.7392,98.1186,61.2295,-123.682,1.80565,5514.56,1139.33,-33.1619,189.685,-21750.7,-662.498,19.2163,-171.363,138.15,6347.86,-174.503,5.01573,-43.2856,23127.8,-1460.54,20.1436,0,-145.434,-24041.8,-632.616,3.50456,-123.737,1.50514e+09,319759,-3603.58,5.7853e+07,-19322.3,-2064.35,25.0443,-12.128,51140.3,896.305,-14.8449,9.67453,100.872,6456.72,-353.902,4.23025,-4.17198,8.75174,-61.5885,-2.00794,0.0218217,209.272,6.11937,34.5589,10.0719,-5.71963e+06,-1.07441e+06,3458.3,-1402.13,21.2549,121.909,6.44923,-5.9288,4.91263,-5.55713,-1.97713,-0.450905,0,4432,1.30396e-13,-2.16271e-13,-6.70575e-14,4.37872e-13,9.48357e-09,6.63845e-09,1.66438e-10,3.33344e-08,-6.12785e-08,2.56725e-08,0,-1.09386,-11.8789,-0.0466547,-2.50275,3.14159,1.66853,-12.8048,2.71574,6913.79,-0.392699,3.80712,17.6987,2.75999,-7.1787,0.523599,0,0,0,142.84,0.0212976,-1.09386,-0.0466614,2.57134,1.66853,2.71573,-0.949456,3.80712,2.75992,0.141991,0.0505668,1.93433,20.1705,-0.00256936,3572.09,-0.834396,1.75035,-12.3177,433.779,0.0604999,0.0161831,1.02728,9.75292,3651.52,-1815.39,8.30997e+08,3.0167e+08,-3.00834e+08,28424,-9948.48,-1472.48
7.66,-5.53869,-2.42877,142.891,12683.2,0.073487,-1897.04,-1.03878,-0.319115,-0.359126,0.878813,2.38702,-9.21043e+07,1.709,358657,3.51172,258.329,85.6093,-2.27403e+08,3.8549,-2.54078,3.12276,1.79228,0.0731472,-4.42162,-2.04032,-6.77627,-0.671727,-6.77491,-3.9732,-3.943,-2.3113,-6.43826,-1.10561,-6.23479,-3.86941,0.0763358,358575,0.508834,10.0557,-0.452003,-11.38,0.0231757,109.567,-1.08909,-99.9239,-0.0418963,-4.77799,2.57611,66.0926,1.65869,-94.1213,2.70589,129676,-0.959294,-185.399,3.80459,75.0585,2.75739,-8.77943,0.139469,-11.8869,99.4554,-114.171,-122.06,2.51525,6518.69,1322.54,-55.6884,197.264,-20420,-1170.62,49.0349,-225.793,158.207,17572,-43.6531,1.73833,-11.2641,-26160.3,712.966,7.33386,0,-444.773,-13167.2,-974.663,8.30799,96.9236,2.15404e+10,1.3603e+06,-3498.03,-1.05504e+09,-30557.2,-2091.98,39.1183,-2.39296,52032.4,923.609,-24.1774,1.91534,90.1036,1399.51,-99.9104,2.00471,-0.224665,20.3242,-24.8239,-2.0216,0.00861861,-5.46461,-25.4334,16.0379,-11.7426,-2.6238e+07,1.7933e+07,12995,-7747.48,13.3459,81.2332,6.5498,4.63534,4.39345,-5.56135,-1.97734,-0.452003,0,4411,3.76921e-13,3.08087e-14,2.62013e-14,1.83853e-12,-1.02536e-08,-7.96361e-09,-1.19144e-09,-4.24609e-08,-7.35197e-08,-3.92201e-08,0,-1.08909,-12.8638,-0.0418881,-1.62797,3.14159,1.65869,-18.17,2.7059,25935.2,-0.392699,3.80459,15.0075,2.75746,-1.75589,0.523599,0,0,0,142.841,0.0231757,-1.08909,-0.0418963,2.57611,1.65869,2.70589,-0.959294,3.80459,2.75739,0.139469,0.0503114,0.382961,18.0172,-0.00124012,3082.37,-0.044933,4.06484,-4.96477,53.6172,0.0604316,0.0161606,1.02732,-8810.75,8308.88,-3247.13,1.16669e+10,4.31331e+09,-4.31019e+09,32172.6,-13631.8,-4.69323
7.68,-5.5431,-2.43015,142.891,12683.4,0.0751049,-1897.67,-1.03582,-0.665993,-0.110079,1.03742,2.50538,-9.21043e+07,1.69727,-4.10568,2.58171,-1.3983,-1.69325,-2.27403e+08,3.84842,-2.24272,3.14548,3.31499,0.338894,-4.42703,-2.04054,-6.7777,-0.670617,-6.77768,-3.97209,-3.94761,-2.31009,-6.44482,-1.10844,-6.23688,-3.87191,-0.139863,0.169291,0.563871,10.1,-0.453154,-11.6714,0.025061,52.7997,-1.08586,-29.7934,-0.0386621,-13.9725,2.57934,-321.338,1.64722,-42.1327,2.69442,-172.691,-0.970772,-186.435,3.79837,75.9985,2.75118,-28.9177,0.13315,-11.9769,100.321,-94.2166,-123.442,2.19764,5029.95,666.267,-24.5645,79.9364,-7408.09,-372.839,13.733,-86.7462,76.8797,2379.16,-146.095,5.18726,-28.936,-12377.9,-3267.1,39.7244,0,-370.432,-97150,-435.912,2.83755,-297.027,-27472,-1765.28,18.4817,299.256,9429.96,-1959.35,21.4363,-4.35849,20040.9,821.812,-11.0672,3.51603,89.1107,12836.3,-289.425,1.86216,-1.37566,9.09448,-48.8949,-2.03042,0.00258821,13.6137,-31.3827,-3.58748,2.45397,-61.1361,-68.0605,-11.9455,-2831.93,27.9251,125.861,3.2956,-14.1711,4.34574,-5.56577,-1.97756,-0.453154,0,4389,1.45528e-12,2.00029e-12,2.24354e-12,1.69642e-12,-2.98712e-08,6.41718e-08,-1.63927e-08,-2.19219e-08,-6.92806e-08,2.78127e-08,0,-1.08586,-4.09457,-0.0386582,-1.31494,3.14159,1.64722,-8.42636,2.69442,-34.5383,-0.392699,3.79837,15.202,2.75114,-5.78353,0.523599,0,0,0,142.841,0.025061,-1.08586,-0.0386621,2.57934,1.64722,2.69442,-0.970772,3.79837,2.75118,0.13315,0.0500439,0.703314,17.8239,0.00107062,2297.44,-0.275131,1.8189,-9.77898,518.372,0.0603601,0.0161369,1.02735,-4287.18,2280.14,-142.589,5528.55,8922.79,8195.41,19812.3,-5464.49,-2004.23
7.7,-5.54637,-2.43231,142.891,12682.8,0.0765596,-1894.38,-1.03314,11.6884,0.0918354,8.65722,2.76801,-9.21043e+07,1.68975,-4.21228,2.45309,-1.6675,-1.07327,-2.27404e+08,3.84503,-0.678149,4.21665,2.79435,0.343103,-4.43118,-2.04165,-6.77959,-0.671606,-6.77917,-3.97347,-3.95106,-2.30994,-6.45001,-1.11192,-6.23804,-3.87508,12.1539,-0.685913,3.1954,10.1257,-0.455154,-10.9377,0.02671,7.73312,-1.08299,17.3072,-0.0357882,-12.0476,2.5822,-86.0334,1.6399,-72.6768,2.6871,-26.8579,-0.978093,-179.044,3.79518,72.6072,2.74798,-89.5478,0.129996,-12.026,100.818,-152.135,-122.365,3.49062,2469.03,206.343,-13.3039,56.0888,-518.522,159.015,-8.60299,-51.4544,16.6243,8.91778,-148.874,8.67465,-27.0979,13234.6,-902.658,31.5277,0,-154.463,-7345.68,-768.067,9.13709,-61.6436,2309.23,-281.908,8.11607,28.9552,10770,-1934.02,32.1294,-1.15777,16635.2,808.919,-16.1548,0.937812,86.9561,35463.6,-901.537,7.47996,-1.16407,-24.2829,-335.878,-2.03554,0.00579256,-29.6705,164.587,606.877,384.347,-17.6892,-73.7666,-35.8847,-19145.1,105.984,74.49,0.776208,-2.93702,4.24333,-5.56899,-1.97772,-0.455154,0,4373,-3.32873e-13,7.40519e-14,1.03584e-13,-3.88578e-15,-2.4401e-08,-4.1329e-08,3.25594e-08,-1.45165e-08,-1.77933e-08,1.89491e-08,0,-1.08299,2.80683,-0.0357965,-0.585529,3.14159,1.6399,-14.5354,2.6871,-5.37157,-0.392699,3.79518,14.5207,2.74799,-17.9096,0.523599,0,0,0,142.841,0.02671,-1.08299,-0.0357882,2.5822,1.6399,2.6871,-0.978093,3.79518,2.74798,0.129996,0.0498495,0.187553,17.3907,-0.00143192,4405.54,-0.232815,-4.85657,-67.1756,1373.11,0.0603081,0.0161197,1.02745,-327.914,-1046.85,628.229,-1462.19,3796.85,397.646,30904.1,-3431.67,-5306.84
7.72,-5.54975,-2.43446,142.891,12684.5,0.0782081,-1894.71,-1.0316,-1.06288,0.0689755,0.301363,2.60675,-9.21043e+07,1.67889,25.8667,3.15395,7.41745,-0.935752,-2.49647e+08,3.84542,1.55036e+06,3.30261,228.549,-75.0947,-4.43518,-2.04192,-6.78035,-0.671695,-6.78013,-3.977,-3.95464,-2.30945,-6.45556,-1.11555,-6.23904,-3.87836,-0.459063,29.9564,1.55044e+06,10.1592,-0.457127,-12.3364,0.028565,23.4434,-1.08124,11.0738,-0.0340409,-9.26743,2.58395,-26.6185,1.62925,-86.6106,2.67645,2.18522,-0.988734,-195.167,3.79578,81.631,2.74858,-113323,0.130635,-12.0931,101.471,-41.6436,-125.948,1.73476,3590.38,322.746,-9.50438,70.1191,-2398.6,70.7293,-1.62127,-64.3249,34.1418,309.89,-93.5657,2.57073,-20.3611,4549.08,-203.348,10.7389,0,-244.222,-4162.29,-882.33,5.34431,3.26818,-2375.21,46.3186,3.02416,-5.21625,877.347,-2033.25,19.3826,-8.00714,29703.3,877.047,-10.805,6.48282,92.9753,-2.30608e+09,-1.15425e+06,8465.28,-9532.42,-61144.8,-5.1647e+08,-2.04221,0.00672791,85.4578,-16.2664,-30.6897,-20.6129,-20.2447,1429.64,433.516,-1.11217e+09,7.75182e+07,11348.9,1.59293,0.154863,4.53426,-5.57241,-1.97789,-0.457127,0,4356,8.22536e-13,-2.06957e-12,9.9365e-13,7.39131e-13,2.14603e-09,-5.0468e-09,6.58711e-10,-2.26362e-10,-2.0887e-09,2.52203e-09,0,-1.08124,1.79504,-0.0340408,-0.938641,3.14159,1.62925,-17.3216,2.67646,0.437044,-0.392699,3.79578,12.6891,2.74863,-22664.7,0.523599,0,0,0,142.842,0.028565,-1.08124,-0.0340409,2.58395,1.62925,2.67645,-0.988734,3.79578,2.74858,0.130635,0.0496431,0.990637,16.6311,-16564,1.78159e+09,-1906.48,-12229,-1.03294e+08,-9.21e+07,0.060253,0.0161015,1.02754,-872.124,100.508,45.6865,855.009,3717.24,372.06,8.90796e+09,-4.65041e+08,4.62313e+08
7.74,-5.55162,-2.43629,142.892,12686.8,0.0791838,-1893.02,-1.03141,15.4283,1.17477,23.7722,2.65286,-9.21052e+07,1.66878,384.067,1.97898,12.834,3.47411,-2.49647e+08,3.84661,15.1201,2.54995,2.91449,0.0467814,-4.43723,-2.04229,-6.77899,-0.671142,-6.78048,-3.9801,-3.95664,-2.30973,-6.45872,-1.11827,-6.23951,-3.88087,17.0918,382.572,17.6233,10.1861,-0.458866,-17.088,0.0296621,7.90927,-1.08093,60.01,-0.0337344,-1.39077,2.58426,138.839,1.61926,-123.463,2.66645,6775.18,-0.998744,-234.489,3.79709,99.8344,2.74989,-348.215,0.131889,-12.1493,101.995,556.085,-137.311,12.991,3896.88,104.263,-22.7039,136.371,-4104.21,389.091,-66.5334,-77.535,16.2775,698.886,-9.96038,1.82749,-9.75238,-83329.1,1466.55,-4.11952,0,-801.927,-39038.5,-1114.4,50.2426,192.882,6.01547e+07,64659.9,-1899.79,-1.53561e+06,35870.3,-2069.67,116.514,-38.1548,14990.7,871.114,-57.6858,30.8471,98.4813,229823,-3192.25,84.9271,-131.636,-160.644,-4501.08,-2.04757,0.00817523,112.899,84.2214,775.363,1158.92,-41335,19339.2,720.018,-3143.07,895.975,71.0134,0.840957,9.10441,4.80794,-5.57442,-1.97799,-0.458866,0,4346,-5.68046e-13,3.54305e-12,-6.64559e-13,1.70058e-13,9.03641e-09,1.86873e-08,-1.66721e-08,-7.96391e-09,-2.41429e-08,3.05359e-08,0,-1.08093,11.9271,-0.0337321,-0.161147,3.14159,1.61926,-24.7238,2.66645,1355.04,-0.392699,3.79709,19.9686,2.74988,-69.6431,0.523599,0,0,0,142.842,0.0296621,-1.08093,-0.0337344,2.58426,1.61926,2.66645,-0.998744,3.79709,2.74989,0.131889,0.0495217,6.17006,19.6973,0.01771,27115.7,-26.3272,-32.1289,-900.216,11105.3,0.0602205,0.0160907,1.02763,-1895.8,6096.05,-145.42,3.29775e+07,1.20951e+07,-1.19252e+07,128640,41112.1,-49829.9
7.76,-5.55273,-2.43766,142.892,12686,0.0803084,-1893.58,-1.03025,0.922139,0.591551,1.95179,4.0357,-9.22597e+07,1.66251,487732,27.3384,2519.18,841.35,-2.49647e+08,3.84343,-2.28778,3.10036,1.99927,0.0462173,-4.43879,-2.04242,-6.77878,-0.671545,-6.78028,-3.98053,-3.95788,-2.30931,-6.46131,-1.12067,-6.23899,-3.88302,0.619585,486918,0.766364,10.2098,-0.460183,-9.83216,0.0308473,205.976,-1.07972,140.367,-0.0325182,9.11613,2.58547,4285.81,1.61305,-513.326,2.66025,1.25529e+06,-1.00494,-169.424,3.79397,68.0401,2.74677,-8.14487,0.128775,-12.2013,102.457,-222.9,-121.077,6.84589,11379.6,3270.92,-388.936,957.042,-15402,2168.83,-256.637,520.05,453.34,12374.2,143.898,-17.0736,-42.0389,-1.65563e+07,47407.3,-1252.59,0,-141397,-2.09127e+07,-5680.67,152.678,4519.55,2.21925e+12,1.38921e+07,-372536,-2.3004e+09,10205.8,-1918.27,59.8469,5.31838,14382.5,798.353,-29.3529,-4.31629,85.0671,4604.69,-82.3857,1.05958,0.494395,19.1136,-23.4401,-2.05227,0.00835384,-40.2022,-27.6962,2.20578,33.8321,-7.72723e+06,2.43867e+07,126037,2088.97,25.4227,91.2832,15.0103,212.79,4.14969,-5.57543,-1.97804,-0.460183,0,4341,-8.76799e-13,-2.14717e-13,9.85878e-13,-1.06137e-12,-4.05759e-07,7.8717e-07,-6.96775e-07,-1.04995e-08,-5.39716e-08,-2.91933e-08,0,-1.07972,11.4442,-0.0325204,0.373032,3.14159,1.61305,-97.0556,2.66025,251058,-0.392699,3.79397,13.6081,2.74677,-1.62897,0.523599,0,0,0,142.842,0.0308473,-1.07972,-0.0325182,2.58547,1.61305,2.66025,-1.00494,3.79397,2.74677,0.128775,0.049461,-0.863264,17.0135,3.19897e-05,1616.9,0.0988791,3.82272,-4.68802,175.53,0.0602043,0.0160854,1.02771,-20734.6,-12444.8,-3130.34,1.09258e+12,4.43919e+11,-4.43885e+11,17963.9,-6232.96,-620.99
7.78,-5.55418,-2.43934,142.892,12687.5,0.0815087,-1893.83,-1.02459,0.952194,0.567326,1.09869,2.90035,-9.23657e+07,1.66236,-70431.7,2.61756,-522.046,-174.999,-2.49647e+08,3.83571,-2.63135,3.15062,0.0599571,0.185202,-4.4419,-2.04491,-6.78173,-0.674254,-6.78074,-3.97879,-3.95949,-2.30907,-6.46434,-1.12343,-6.23871,-3.88551,1.76076,-70254.1,0.334064,10.2377,-0.461785,-12.3786,0.0321447,96.3666,-1.07395,145.13,-0.0267559,-49.4056,2.59124,-1291.17,1.61299,38.8572,2.66019,-258955,-1.00501,-201.294,3.78634,88.0388,2.73915,1.07234,0.121091,-12.2616,103.005,-46.1355,-127.639,1.80487,6123.47,1063.48,-30.6368,146.018,5014.5,1511.21,-42.7977,145.7,362.707,8.98198e+06,-498.36,13.9814,66873.7,-1.1823e+06,-13143.6,101.317,0,-8765.78,-1.76052e+06,394.89,-3.23827,-1326.93,9.43138e+10,-2.64245e+06,19425.8,3.33318e+08,-19249.8,-2157.55,25.1042,-13.033,48234.1,986.943,-15.4961,10.6761,98.7227,2263.3,12.1212,-0.139023,0.147065,27.7463,-27.5725,-2.05784,0.00878635,76.2832,-12.6843,-4.71877,-23.6274,-5.30115e+06,-3.52145e+06,-26023.8,-1181.74,7.85789,13.5915,9.40813,-62.4445,4.80031,-5.57704,-1.97812,-0.461785,0,4333,-3.92741e-15,-5.50004e-13,-1.02096e-12,1.01519e-12,2.40604e-07,4.80027e-07,-4.19888e-07,2.13998e-08,2.55601e-08,2.65744e-08,0,-1.07395,7.2632,-0.0267522,-0.0120342,3.14159,1.61299,9.22488,2.66018,-51790.9,-0.392699,3.78634,17.6114,2.73909,0.214468,0.523599,0,0,0,142.842,0.0321447,-1.07395,-0.0267559,2.59124,1.61299,2.66019,-1.00501,3.78634,2.73915,0.121091,0.0493639,2.13565,19.7475,0.00115187,2743.33,0.029413,5.54925,-5.5145,88.4322,0.0601784,0.0160768,1.02779,-1554.05,-3559.09,-1.79649e+06,4.64741e+10,1.88542e+10,-1.88601e+10,27244.5,-11510,-330.516
7.8,-5.55606,-2.44235,142.892,12689,0.0823846,-1892.12,-1.01518,1.99093,9.23916,3.14259,2.77698,-9.2627e+07,1.66448,-28584.4,2.95954,-186.382,-62.3649,-2.49647e+08,3.83163,-223.243,2.70217,-241.538,0.172098,-4.44636,-2.05107,-6.78573,-0.678741,-6.78173,-3.98021,-3.96149,-2.31068,-6.46738,-1.12724,-6.23932,-3.88912,11.5947,-28519.1,-220.713,10.2688,-0.464698,-21.1199,0.0331298,174.763,-1.06443,281.258,-0.0172327,13.3774,2.60076,-461.592,1.61522,-77.4737,2.66242,-92180.5,-1.00277,-163.822,3.78238,33.2843,2.73518,-0.064043,0.117147,-12.3276,103.609,1292.42,-150.203,41.7519,8564.14,1040.24,-515.948,228.248,-13415.3,1631.59,-793.943,227.722,643.336,-2.46366e+07,77.0232,-37.1413,117909,619.291,-3502.74,722.676,0,-449.675,-195979,-657.325,86.7436,-421.525,1.19167e+10,-726704,130950,1.32461e+08,104520,-1604.9,-34.1745,-352.651,-67166.1,474.348,145.329,290.291,0.677116,640.682,-2.03415,-1.87245,-2.0008,0.183589,-0.184472,-2.06402,0.014757,73.6647,85.6909,47.2198,78.6157,-1.30648e+07,-1.42909e+06,-9240.6,30.9395,-11022.9,-12069.6,16.6835,-19.8503,0.0328638,-5.57885,-1.97821,-0.464698,0,4324,-2.54624e-12,-5.53202e-12,-7.84262e-12,7.83373e-12,-2.70403e-08,-6.19526e-08,4.27917e-08,-7.50346e-08,-8.81421e-08,-8.60496e-08,0,-1.06443,14.0864,-0.0172344,-0.0120302,3.14159,1.61522,-15.5202,2.66242,-18436.1,-0.392699,3.78238,6.65777,2.73514,-0.0128086,0.523599,0,0,0,142.843,0.0331298,-1.06443,-0.0172327,2.60076,1.61522,2.66242,-1.00277,3.78238,2.73518,0.117147,0.0492548,58.0662,0.135437,5.02929e-06,-390.06,-0.40016,0.0367179,-0.0368945,-1.96537,0.0601492,0.0160671,1.02795,18570,49892,4.93001e+06,5.8771e+09,2.38933e+09,-2.3915e+09,-12428.7,1376.74,140.916
7.82,-5.55857,-2.44585,142.893,12691.2,0.083166,-1891.93,-1.00934,1.01417,-0.00654141,-0.524516,2.54881,-9.27546e+07,1.66085,-14869.6,2.42118,-77.5687,-26.2005,-2.49647e+08,3.8318,-2.71681,3.10972,-1.42272,0.294961,-4.45048,-2.05616,-6.78763,-0.681805,-6.78308,-3.98441,-3.9641,-2.31294,-6.47091,-1.13146,-6.2407,-3.89316,1.60041,-14840.9,0.0979468,10.3178,-0.468074,-12.7222,0.0340689,-61.889,-1.05844,-11.4148,-0.0112439,-20.9925,2.60675,-153.653,1.61175,-77.7602,2.65895,-38036.5,-1.00624,-192.532,3.7827,80.3224,2.7355,11.0137,0.11755,-12.4337,104.571,-24.0062,-130.163,1.74334,-3819.89,-523.179,13.0038,178.489,-10003.7,-68.6187,1.40564,178.048,-185.552,-923.608,-206.592,5.45676,2.8685,21839.6,-1496.77,19.1337,0,-156.382,-19759.9,-798.352,4.84995,-131.737,2.0496e+09,-377769,3905.12,7.26915e+07,23463.8,-1974.9,13.9523,-17.1153,9527.45,831.547,-6.59764,14.086,87.6281,-4402.1,108.326,-0.199262,2.1337,30.0271,-33.0062,-2.07377,0.01814,108.979,9.30699,-1.6158,-101.13,-6.37753e+06,-743343,-3799.92,-306.485,3.3895,-42.5998,-4.80404,-6.18275,4.24616,-5.58147,-1.97834,-0.468074,0,4311,-9.75053e-14,-1.19904e-14,1.06581e-13,-1.28376e-13,-1.48849e-08,-5.63476e-08,5.85364e-08,-8.26291e-10,-1.73305e-08,-2.50106e-08,0,-1.05844,-0.581156,-0.0112417,-0.0370793,3.14159,1.61175,-15.6334,2.65895,-7607.29,-0.392699,3.7827,16.0624,2.73554,2.20274,0.523599,0,0,0,142.843,0.0340689,-1.05844,-0.0112439,2.60675,1.61175,2.65895,-1.00624,3.7827,2.7355,0.11755,0.0490971,2.81684,17.5239,-0.000968667,905.724,0.426741,6.00542,-6.60124,-180.034,0.0601071,0.0160532,1.02813,1186.67,2301.6,100.824,9.9824e+08,4.08824e+08,-4.0973e+08,9264.96,-4874,853.886
7.84,-5.56142,-2.44891,142.893,12694.8,0.0837934,-1890.99,-1.0141,-1.6487,0.0886425,37.7864,2.62341,-9.29063e+07,1.65286,-28913.5,2.83219,-238.494,-80.0417,-2.49647e+08,3.83225,-1.00699,3.75491,-1.8253,-0.983679,-4.45218,-2.05591,-6.7877,-0.682922,-6.78498,-3.98811,-3.96703,-2.315,-6.47458,-1.13509,-6.24264,-3.89665,-1.04188,-28830.7,3.7316,10.3766,-0.470992,-14.9783,0.0348782,-42.7283,-1.06301,22.9455,-0.0158149,-28.2563,2.60217,-604.032,1.60394,-47.636,2.65114,-118015,-1.01405,-215.717,3.78334,92.8137,2.73614,192.766,0.118154,-12.5631,105.739,213.983,-137.402,4.04046,-1304.54,-281.603,13.9105,164.174,-11712.4,220.325,-13.1587,163.719,-115.563,2596.2,-229.673,12.793,0.0231782,-144820,-5696.53,106.196,0,-1270.84,-359259,-467.328,6.07971,-602.624,2.00006e+10,-1.12683e+06,19062.6,1.55207e+08,24801.6,-2087.93,36.4071,-28.1458,16117.4,899.202,-18.6417,23.1515,94.6208,-119651,1866.72,-15.6242,56.5642,130.295,-1564.09,-2.08548,0.0166883,180.84,46.6983,-134.755,1879.74,-7.58454e+06,-1.44554e+06,-11846.2,-312.541,88.9031,-19.0941,-2.98968,-28.1513,4.58157,-5.58449,-1.97849,-0.470992,0,4296,-2.14975e-12,-2.12358e-12,1.67644e-12,2.75313e-13,-8.11255e-08,-1.66755e-07,1.59493e-07,4.64931e-09,6.30945e-08,9.99263e-08,0,-1.06301,1.1416,-0.0158226,-4.33898,3.14159,1.60394,-9.54388,2.65114,-23603.1,-0.392699,3.78334,18.5633,2.73615,38.5531,0.523599,0,0,0,142.844,0.0348782,-1.06301,-0.0158149,2.60217,1.60394,2.65114,-1.01405,3.78334,2.73614,0.118154,0.0489153,4.63049,18.9243,-0.0084726,1357.57,11.3128,26.0591,-312.819,-5344.91,0.0600585,0.0160371,1.02829,-840.955,4565.15,-2204.18,9.64152e+09,3.99889e+09,-4.00165e+09,7619.86,-22593.8,23770
7.86,-5.56443,-2.45227,142.893,12698.7,0.0846994,-1891.08,-1.02488,1.24513,0.534063,6.20964,2.75716,-9.29263e+07,1.64239,6474.84,2.94687,55.9907,18.0823,-2.49647e+08,3.83802,-2.91699,3.13403,-1.95522,-1.27342,-4.45251,-2.05262,-6.78716,-0.683856,-6.78615,-3.99522,-3.97017,-2.31691,-6.47879,-1.13928,-6.24434,-3.90062,2.16363,6459.7,1.49046,10.4331,-0.474198,-13.7483,0.0359659,50.6436,-1.07361,108.499,-0.0264139,-24.3003,2.59159,102.321,1.59366,-106.555,2.64086,28440.4,-1.02433,-206.164,3.78929,87.2422,2.74209,85.1222,0.124108,-12.6873,106.866,63.6587,-135.418,2.03434,5254.32,541.605,-16.7328,89.373,654.194,1032.52,-30.5456,89.1503,207.731,442.604,-221.902,6.46114,0.0185141,-45823.5,1136.71,1.73481,0,-563.518,-27137.1,-1076.88,7.82087,140.932,1.1819e+09,297861,-1151.88,-3.93353e+07,18431.9,-2091.88,18.8205,-18.571,18459.6,893.97,-9.70506,15.1702,93.6001,-42923.8,847.105,-3.94126,16.5961,71.798,-345.78,-2.09673,0.0171756,193.076,-4.39874,9.93287,321.63,-1.00314e+06,323876,2878.04,-168.877,-6.30832,-32.8321,5.37474,6.55229,4.54295,-5.58752,-1.97864,-0.474198,0,4281,-2.69659e-13,-6.80345e-13,1.15019e-13,5.89366e-13,1.84709e-08,-2.92391e-08,2.8977e-08,4.96982e-09,1.14892e-08,1.64628e-08,0,-1.07361,5.4294,-0.0264075,0.538252,3.14159,1.59366,-21.3087,2.64086,5688.09,-0.392699,3.78929,17.4484,2.7421,17.0244,0.523599,0,0,0,142.844,0.0359659,-1.07361,-0.0264139,2.59159,1.59366,2.64086,-1.02433,3.78929,2.74209,0.124108,0.0487335,3.03405,18.7199,-0.00237351,367.238,3.31921,14.3596,-69.156,-1866.24,0.06001,0.016021,1.02846,122.626,1518.59,-767.397,5.64597e+08,2.37308e+08,-2.36617e+08,6288.19,-11249.4,8097.07
7.88,-5.56731,-2.45573,142.894,12699.6,0.0862168,-1891.17,-1.03308,0.397694,0.184409,-2.35073,2.72117,-9.30409e+07,1.63076,-152638,6.22915,-1628.71,-556.202,-2.49647e+08,3.84505,-2.8275,3.11126,-2.09869,-1.05614,-4.4534,-2.04971,-6.78671,-0.685152,-6.78614,-4.00354,-3.97325,-2.31796,-6.48365,-1.14413,-6.24502,-3.90512,1.00252,-152075,1.3399,10.4913,-0.477518,-12.4884,0.037665,32.8159,-1.08163,44.9181,-0.0344294,-1.87471,2.58357,-3706.21,1.5822,153.922,2.6294,-809716,-1.03579,-192.863,3.7965,78.6318,2.7493,51.667,0.13134,-12.8159,108.032,-64.3027,-133.149,2.00041,4300.41,441.273,-14.2333,71.9011,40.9759,480.284,-14.4141,7.60799,54.4377,389.22,-7.72516,0.103978,0.849529,-1.08433e+07,-38895.6,306.85,0,-79346.8,-1.52278e+07,1616.47,-12.6697,-3986.77,9.87466e+11,-8.50404e+06,65972.2,1.15349e+09,24842.7,-2031.93,15.531,-12.0626,9171.68,835.817,-7.03777,9.77063,89.1094,-28132,513.634,-0.775967,6.84105,52.5388,-155.721,-2.10832,0.0177039,48.8511,-4.23828,-10.6359,-117.822,-5.7266e+06,-7.63175e+06,-81356.9,-322.692,-1.48243,-46.4902,2.3051,-184.27,4.33542,-5.59054,-1.97878,-0.477518,0,4266,7.95669e-13,-2.26485e-12,1.36846e-12,1.6428e-12,5.8893e-07,-1.1901e-06,1.02336e-06,-5.51209e-08,8.86857e-08,1.32999e-07,0,-1.08163,6.02797,-0.0344281,0.970189,3.14159,1.5822,28.6664,2.62941,-161943,-0.392699,3.7965,15.7257,2.74933,10.3334,0.523599,0,0,0,142.845,0.037665,-1.08163,-0.0344294,2.58357,1.5822,2.6294,-1.03579,3.7965,2.7493,0.13134,0.0485518,1.95406,17.821,-0.00370569,401.628,1.36821,10.5078,-31.1442,-1131.04,0.0599615,0.016005,1.02863,-343.714,-887.015,125.777,4.54407e+11,1.97467e+11,-1.97483e+11,7176.52,-8239.07,4954.06
7.9,-5.57041,-2.45837,142.894,12699.2,0.0875186,-1989.75,-1.03484,16.0081,-0.0343945,16.7335,2.62343,-9.3051e+07,1.61785,4957.34,1.50837,22.1973,6.81392,-2.49647e+08,3.84839,-2.31597,3.07691,-1.52226,0.386165,-4.45621,-2.04943,-6.78557,-0.685112,-6.78702,-4.00888,-3.97653,-2.31852,-6.48846,-1.14796,-6.24623,-3.90863,16.4919,4952.04,0.374773,10.5508,-0.480002,-6.26106,0.0391484,-11.9375,-1.08321,2.78602,-0.0360125,0.051997,2.58198,18.8616,1.56948,-71.5851,2.61668,11721.8,-1.04851,-152.005,3.80002,62.1721,2.75282,18.5987,0.134876,-12.949,109.236,-316.697,-115.888,28.4409,2395.04,263.566,-174.347,0.78547,851.539,183.972,-102.416,-0.330847,-4.96442,-41.479,-4.80605,2.99795,2.09633,-5687.56,-5.65849,155.987,0,-190.324,-5285.73,-933.158,104.842,21.7873,2.08617e+08,79001.8,36605,-4.54768e+07,12443.3,-1889.84,180.579,46.1751,9178.78,759.281,-67.1947,-37.2511,92.1117,-4732.78,174.826,4.09522,-9.11652,35.558,-46.5336,-2.12016,0.0140174,-19.8368,-4928.91,795.869,803.174,-507775,248000,1188.39,196.775,24.261,-38.3246,-0.255463,1.00035,4.48643,-5.59357,-1.97893,-0.480002,0,4251,2.19158e-13,-2.34058e-13,-8.31141e-14,7.06726e-14,2.66879e-08,1.80755e-08,-2.72637e-08,-3.23284e-08,4.65083e-08,7.28352e-08,0,-1.08321,0.552527,-0.0360102,0.00111871,3.14159,1.56948,-14.2626,2.61668,2344.36,-0.392699,3.80002,12.4329,2.75287,3.71974,0.523599,0,0,0,142.845,0.0391484,-1.08321,-0.0360125,2.58198,1.56948,2.61668,-1.04851,3.80002,2.75282,0.134876,0.0483702,-7.44926,18.4204,-0.0015992,898.736,-1.8233,7.1116,-9.30672,-205.068,0.059913,0.0159889,1.02876,-1161.51,-2359.88,246.076,9.63553e+07,4.14733e+07,-4.11857e+07,14180.4,-5947.51,852.154
7.92,-5.57407,-2.46175,142.894,12698.4,0.0882611,-1988.82,-1.03031,-0.346538,0.287238,1.51774,30.2795,-9.31567e+07,1.60181,-3568.61,3.266,-86.8475,-29.3397,-2.49647e+08,3.84777,-2.51797,3.10693,-1.05233,0.273093,-4.46119,-2.0538,-6.78274,-0.684465,-6.78967,-4.01242,-3.9803,-2.32072,-6.49309,-1.15202,-6.24882,-3.91251,-27.1973,-3536,0.315875,10.6085,-0.483199,-10.8736,0.0401208,-93.3874,-1.07845,67.1094,-0.0312512,42855.9,2.58675,-230.58,1.55367,-81.8635,2.60087,-42591.2,-1.06432,-180.908,3.79963,72.6664,2.75243,8.63411,0.134482,-13.0748,110.406,-193.706,-130.632,4.94645,-8125.54,-1132.88,85.9339,269.188,-8264.84,880.488,-68.4446,-118.761,-73.731,1.24096e+09,548758,-42351.2,9.27693e+07,13157.8,-2590.83,75.2497,0,-236.813,-44649.5,-914.977,17.2095,-241.273,2.91487e+09,-477662,11703.4,5.5992e+07,-3939.54,-2140.51,56.2591,0.773857,29078.3,917.733,-31.7889,-0.624766,88.3769,-248.925,98.7566,-2.03749,-0.0742313,29.1406,-30.8577,-2.13165,0.0141173,-43.1944,46.1537,-20.7176,-2.62965,-5.28231e+06,-178298,-4263.87,17647.1,14.1302,-27.3825,-3.80177,-10.9869,4.30442,-5.5974,-1.97911,-0.483199,0,4232,-2.76418e-13,-1.94733e-12,5.16809e-13,2.27374e-12,1.69441e-08,1.40554e-08,-4.38831e-10,-2.29654e-09,6.64833e-08,8.77918e-08,0,-1.07845,13.36,-0.0312473,-0.0102408,3.14159,1.55367,-16.4987,2.60087,-8518.25,-0.392699,3.79963,14.5313,2.75248,1.72682,0.523599,0,0,0,142.846,0.0401208,-1.07845,-0.0312512,2.58675,1.55367,2.60087,-1.06432,3.79963,2.75243,0.134482,0.0481403,-0.124936,17.6735,-0.00096147,2008.12,-0.0148463,5.82812,-6.17155,7.92343,0.0598517,0.0159686,1.02892,16171.4,-4001.65,-2.50716e+08,1.25194e+09,5.80771e+08,-5.8178e+08,23431.4,-9723.29,-53.2455
7.94,-5.5766,-2.46453,142.894,12700.6,0.0894062,-1988.57,-1.02569,0.223962,0.188978,1.54734,-3.64198,-9.31908e+07,1.58495,-715.54,3.05561,-43.1066,-14.9848,-2.49647e+08,3.84575,-2.8702,3.22265,-1.21476,0.309969,-4.46511,-2.05698,-6.77884,-0.683482,-6.79074,-4.01485,-3.98299,-2.32167,-6.49713,-1.15586,-6.24969,-3.91607,7.19651,-697.5,0.0424881,10.6573,-0.485857,-13.2143,0.0414111,9.94758,-1.07369,44.2464,-0.0264889,10023.1,2.5915,-126.509,1.53695,-98.5476,2.58415,-20859.8,-1.08104,-231.113,3.79775,107.037,2.75056,11.6038,0.132575,-13.1846,111.401,-17.7177,-138.81,1.84246,3018.07,189.409,-5.97005,80.1526,-628.174,448.219,-11.6816,-0.973336,22.4422,1.68977e+08,82977.4,-1946.63,2.85882e+07,21717.2,-1251.85,17.8217,0,-174.495,-11116.4,-1033.65,7.1887,-121.671,7.26562e+08,-211544,2365.45,2.76349e+07,-93082.6,-2628.96,40.1418,-60.4184,119890,1291,-27.4186,48.8972,121.158,8452.78,136.991,-2.54702,5.67968,39.7769,-41.939,-2.14138,0.0138985,112.658,12.4975,-14.4528,-1.15526,-1.70849e+06,-35645.4,-2076.83,-497.999,-3.58214,-35.8835,1.0114,-5.49429,5.90181,-5.59983,-1.97923,-0.485857,0,4220,2.90719e-13,2.32192e-12,1.05949e-12,-1.36424e-12,2.15763e-08,-1.4388e-08,2.29759e-08,-1.00683e-07,1.31037e-07,1.71887e-07,0,-1.07369,6.71469,-0.0264901,-0.01194,3.14159,1.53695,-19.7232,2.58415,-4171.95,-0.392699,3.79775,21.4065,2.75057,2.32077,0.523599,0,0,0,142.846,0.0414111,-1.07369,-0.0264889,2.5915,1.53695,2.58415,-1.08104,3.79775,2.75056,0.132575,0.0479951,9.7791,24.2309,-0.000340196,5443.12,1.13594,7.95539,-8.38779,281.103,0.059813,0.0159557,1.02906,709.496,-336.812,-3.37374e+07,2.98617e+08,1.44747e+08,-1.45242e+08,54872.2,-23318.8,-1466.05
7.96,-5.57826,-2.46622,142.895,12704.3,0.0907466,-1988.5,-1.02113,1.5278,0.413338,0.878001,2.61637,-9.33197e+07,1.56817,1026.37,2.20701,-280.933,-94.4407,-2.49647e+08,3.84516,-3.13837,3.2379,-1.37558,0.318946,-4.46817,-2.05874,-6.7743,-0.681746,-6.7905,-4.01718,-3.98484,-2.32122,-6.50054,-1.15878,-6.2494,-3.91865,2.46635,1123.02,-0.219416,10.7015,-0.48746,-15.412,0.0428603,42.7327,-1.06902,61.4207,-0.0218219,7.81485,2.59618,-760.068,1.52028,-113.191,2.56748,-139176,-1.0977,-247.257,3.79727,114.123,2.75008,11.5958,0.132156,-13.286,112.307,215.033,-146.867,4.10398,5527.5,433.316,-24.9009,101.422,-2435.58,527.2,-27.7216,5.89639,65.4347,-3315.45,45.0505,-1.65235,78.4576,-217319,-7418.41,132.893,0,-2079.01,-577263,-1124.78,17.2513,-852.986,3.3569e+10,-1.37083e+06,22813.6,1.82288e+08,-28401.9,-2480.49,59.8692,-33.0862,73460.9,1147.39,-37.2275,26.796,121.663,2245.22,116.968,-2.88271,3.09654,39.9034,-42.03,-2.15017,0.0100948,182.908,3.49957,47.7655,-27.6303,-6.44259e+06,51449.2,-13968.2,-372.63,-17.0204,-44.0116,2.84629,-38.1695,5.92792,-5.60164,-1.97932,-0.48746,0,4211,5.91721e-13,2.95852e-12,1.62204e-12,-2.51621e-12,1.82195e-08,-4.40944e-08,2.21462e-08,2.64053e-08,4.30819e-08,5.4293e-08,0,-1.06902,8.67542,-0.021813,-0.0694238,3.14159,1.52028,-23.4919,2.56749,-27835.3,-0.392699,3.79727,22.8194,2.75015,2.31917,0.523599,0,0,0,142.847,0.0428603,-1.06902,-0.0218219,2.59618,1.52028,2.56748,-1.0977,3.79727,2.75008,0.132156,0.0478863,5.358,24.3285,-0.00213121,3034.51,0.619308,7.98068,-8.406,-15.4089,0.0597839,0.0159461,1.02914,806.448,3112.1,1014.36,1.33977e+10,6.71251e+09,-6.71573e+09,24381.6,-12072.5,16.7727
7.98,-5.58054,-2.46832,142.895,12707.9,0.0916395,-1988.39,-1.02047,0.592464,0.167633,1.27172,2.61874,-9.34882e+07,1.55087,-15907.1,2.81697,361.926,118.729,-2.49647e+08,3.84806,-2.95014,3.1325,-1.41984,0.301428,-4.47075,-2.05973,-6.76944,-0.68,-6.79121,-4.02136,-3.98725,-2.3219,-6.50399,-1.1617,-6.25038,-3.92135,1.28295,-16023,-0.119068,10.7403,-0.489449,-14.0287,0.0438862,40.1388,-1.06822,33.4242,-0.021022,-2.29561,2.59697,541.004,1.50312,-93.939,2.55031,180994,-1.11488,-206.688,3.8003,84.478,2.75311,9.89958,0.135106,-13.3728,113.105,52.1299,-143.274,2.07478,5025.9,465.155,-14.2012,86.9883,-2330.6,307.553,-8.41253,-27.6397,45.4105,313.733,-24.3767,0.725937,-16.6519,-390623,5695.19,-35.281,0,-2696.93,-416903,-970.457,7.79477,659.712,5.92204e+10,1.88865e+06,-13359.5,-4.15755e+08,30996,-2153.48,16.0822,-21.9528,8631.25,884.69,-7.30372,17.7172,91.5026,-4401.77,100.641,-0.147442,2.3294,30.691,-33.0532,-2.15789,0.00939124,179.521,5.75428,19.2518,19.0536,-8.42601e+06,-795223,18174.8,-155.648,-7.46394,-44.2754,2.30075,29.2346,4.46523,-5.60387,-1.97942,-0.489449,0,4200,-4.8761e-13,2.95008e-12,5.21583e-13,-1.05504e-12,2.31403e-08,7.09902e-09,-2.15223e-08,3.86947e-09,1.8238e-08,2.58686e-08,0,-1.06822,6.40084,-0.0210229,-0.228614,3.14159,1.50312,-19.1316,2.55031,36198.9,-0.392699,3.8003,16.896,2.7531,1.97992,0.523599,0,0,0,142.847,0.0438862,-1.06822,-0.021022,2.59697,1.50312,2.55031,-1.11488,3.8003,2.75311,0.135106,0.0477533,3.54351,18.3008,0.000160983,855.396,0.46588,6.1382,-6.61064,-181.176,0.0597485,0.0159344,1.02924,75.5211,683.861,18.1699,2.27198e+10,1.1849e+10,-1.18446e+10,6857.62,-4312.41,871.802
8,-5.58397,-2.46997,142.895,12709.7,0.0928858,-1988.55,-1.02337,0.208521,0.140942,0.385809,2.65723,-9.35407e+07,1.53196,4578.29,2.93733,-54.9406,-19.0436,-2.49647e+08,3.8512,-2.95256,3.12557,-2.17806,-33.6663,-4.4736,-2.058,-6.76534,-0.677874,-6.79251,-4.02556,-3.99086,-2.32157,-6.50904,-1.16451,-6.252,-3.92384,0.833824,4600.27,33.8393,10.7856,-0.490938,-13.2163,0.0453379,43.0947,-1.07091,29.343,-0.0237165,1.27511,2.59429,-96.1082,1.48442,-109.083,2.53161,-26817.5,-1.13358,-201.486,3.80365,81.8867,2.75646,31.0925,0.138462,-13.4723,114.046,-32.1663,-141.548,1.93016,5070.5,539.743,-15.6737,81.1209,-1991.97,293.147,-7.7017,-22.5987,48.9426,454.797,15.7887,-0.44864,-10.9135,17860,-953.876,16.2113,0,-188.192,-5529.76,-1157.85,8.86792,-101.683,1.36037e+09,-274410,3500.84,6.20483e+07,25992.2,-2159.51,15.4095,-14.3612,11234.7,885.819,-7.12935,11.5464,91.9277,-16389.2,318.723,-0.574671,4.734,42.2765,-76.6412,-2.16692,0.00494714,89.4509,-8.27794,-2.08951,-13.8452,-2.62272e+06,229043,-2668.51,-288.991,-7.42767,-60.4837,2.45362,-4.4511,4.48832,-5.6073,-1.97959,-0.490938,0,4183,-2.52992e-14,-2.49223e-12,9.9809e-14,-4.47531e-13,-1.90564e-08,6.11786e-09,3.46517e-09,2.96908e-08,5.76652e-08,8.7079e-08,0,-1.07091,5.50762,-0.0237082,0.190748,3.14159,1.48442,-21.7969,2.53161,-5363.5,-0.392699,3.80365,16.3774,2.75646,6.21849,0.523599,0,0,0,142.847,0.0453379,-1.07091,-0.0237165,2.59429,1.48442,2.53161,-1.13358,3.80365,2.75646,0.138462,0.0475479,2.30928,18.3856,4.91537e-05,680.229,0.946801,8.45529,-15.3282,-665.535,0.0596937,0.0159162,1.02931,-780.603,-18.0272,103.83,4.94212e+08,2.71318e+08,-2.71957e+08,8169.9,-6973.05,2953.44
8.02,-5.58754,-2.47157,142.895,12711.9,0.0942003,-1988.69,-1.02697,2.24142,4.74045,12.233,2.72081,-9.42964e+07,1.51142,46348.2,2.92439,-267.069,-89.2341,-2.49647e+08,3.84497,-3.67854,3.26129,-1.65924,0.339731,-4.47641,-2.05577,-6.76057,-0.675525,-6.79479,-4.02466,-3.99463,-2.32107,-6.51432,-1.16732,-6.25365,-3.92631,7.40265,46440.3,-0.756976,10.821,-0.492363,-18.7517,0.0468578,63.6937,-1.07431,108.383,-0.0271168,-13.1429,2.59088,-325.13,1.46408,-153.095,2.51128,-132742,-1.15392,-267.498,3.79762,121.294,2.75043,10.9984,0.132437,-13.5474,114.783,674.124,-161.677,16.233,8165.31,520.813,-100.399,138.651,-6217.67,809.037,-144.842,52.0348,134.534,-819.056,-92.5662,15.7735,7.24394,46121.7,-2825.81,236.421,0,-322.268,-76112.8,-1420.32,86.168,-374.835,3.51185e+10,-1.19286e+06,85667.3,4.35141e+08,20173.9,-2486.74,176.407,-40.6827,41669.4,1105.42,-98.6959,32.9561,118.122,-2418.8,104.889,-5.61555,3.72112,38.5981,-40.5199,-2.17397,0.0027014,111.967,-6.92747,72.5349,577.517,-3.77843e+07,2.31754e+06,-13274.9,104.78,-44.0383,-58.5225,4.90076,-16.2072,5.75983,-5.61074,-1.97975,-0.492363,0,4166,-5.14144e-13,-1.7204e-12,-5.40457e-13,-6.88283e-13,3.73496e-08,9.4827e-08,-7.41438e-08,5.06631e-09,3.24796e-08,4.10776e-08,0,-1.07431,10.7166,-0.0271094,0.451913,3.14159,1.46408,-30.3757,2.51127,-26548.5,-0.392699,3.79762,24.2584,2.75043,2.19969,0.523599,0,0,0,142.848,0.0468578,-1.07431,-0.0271168,2.59088,1.46408,2.51128,-1.15392,3.79762,2.75043,0.132437,0.0473426,6.59112,23.6242,-0.000135774,1142.84,0.744223,7.71962,-8.10398,-222.447,0.0596389,0.015898,1.02936,2255.98,12941.8,-1215.54,1.21798e+10,7.02798e+09,-7.03116e+09,-2514.04,-2810.19,1061.43
8.04,-5.59045,-2.47422,142.895,12711,0.0943923,-1988.44,-1.02969,0.0883202,0.12471,27.1662,2.66246,-9.43349e+07,1.49968,-9833.05,1.97461,114.564,37.2205,-2.49647e+08,3.83831,-2.23242,3.13013,2.50498,-0.251607,-4.47863,-2.0568,-6.75794,-0.675499,-6.79807,-4.02382,-3.99757,-2.32342,-6.51749,-1.17015,-6.25629,-3.92909,0.692159,-9868.3,1.14932,10.8494,-0.494875,-10.4134,0.0472308,5.57237,-1.07685,40.5206,-0.029649,-13.1411,2.58834,315.846,1.45251,-68.145,2.49971,57600.9,-1.16548,-180.721,3.79115,74.6036,2.74395,-11.1001,0.125939,-13.6054,115.367,-234.124,-132.974,7.01961,2617.36,242.147,-32.3761,45.4182,2329.84,701.616,-81.3127,45.5233,50.1059,-1223.99,-201.098,22.5589,-0.0150872,-129561,3648.38,-70.6915,0,-1195.7,-161925,-795.324,24.1744,399.514,6.78328e+09,668415,-16049.1,-7.92054e+07,59687.3,-1855.52,4.79,9.48901,-22897.6,680.098,15.2429,-7.74868,91.1157,11978.5,-84.9732,-5.34997,1.12882,19.1121,-26.2268,-2.17962,0.00689645,-46.2607,12.4798,-47.9773,1323.02,-1.92817e+06,-491525,5806.69,50.1572,27.9347,111.652,1.29691,17.1505,4.43516,-5.61377,-1.9799,-0.494875,0,4151,1.97109e-12,9.30089e-13,1.46527e-12,-7.51105e-13,-6.01773e-09,9.28926e-09,-9.28276e-09,2.63398e-08,-3.6e-08,-1.39489e-08,0,-1.07685,2.01241,-0.0296497,-0.350972,3.14159,1.45251,-13.6003,2.49971,11520.2,-0.392699,3.79115,14.9219,2.74393,-2.22002,0.523599,0,0,0,142.848,0.0472308,-1.07685,-0.029649,2.58834,1.45251,2.49971,-1.16548,3.79115,2.74395,0.125939,0.0471615,-1.54985,18.2241,0.000347857,-38.2275,0.225764,3.82242,-5.24536,528.523,0.0595907,0.015882,1.02949,-660.074,-5970.55,1677.07,2.30409e+09,1.35974e+09,-1.35832e+09,-1680.99,4494.4,-2337.76
8.06,-5.59402,-2.47734,142.895,12712.9,0.0939204,-1988.53,-1.03509,0.944352,0.364962,-0.566755,2.72838,-9.44646e+07,1.49705,-148628,3.13554,1318.3,440.517,-2.49647e+08,3.83563,-1.95402,3.24029,3.51957,0.296361,-4.48068,-2.05808,-6.7596,-0.677548,-6.80258,-4.02515,-4.00107,-2.32729,-6.52044,-1.17283,-6.26054,-3.9319,1.72253,-149065,0.989906,10.8921,-0.49782,-13.4171,0.0469762,38.6619,-1.08204,94.4492,-0.0348383,-22.626,2.58316,2822.58,1.4501,142.996,2.4973,657268,-1.16789,-209.132,3.78868,89.8667,2.74149,-41.8535,0.123458,-13.6967,116.252,-26.1146,-144.509,1.9422,4938.47,494.799,-14.2944,81.191,1433.65,1032,-27.8654,80.9654,170.552,-2546.96,-235.607,6.22138,0.0299225,-6.039e+06,30270.8,-219.28,0,-46127,-9.64787e+06,1533.75,-11.1649,3585.36,8.90752e+11,7.0407e+06,-52039.8,-1.15821e+09,5957.14,-2296.4,20.5569,-14.393,29679.2,1009.8,-11.5305,11.7912,98.0967,18234.8,-448.664,2.8441,-6.03216,4.36349,-79.2837,-2.18812,0.00945404,97.3521,-4.34862,-5.10212,-62.0718,-6.48612e+06,-7.43125e+06,65993.4,-1135.31,41.7204,128.051,4.42001,153.441,4.76409,-5.61742,-1.98007,-0.49782,0,4133,3.75373e-13,3.9746e-14,6.5592e-13,-4.2863e-13,4.86167e-07,9.82961e-07,-8.46412e-07,-4.50783e-09,3.3146e-08,-2.01441e-08,0,-1.08204,4.72661,-0.0348337,0.114261,3.14159,1.4501,28.8101,2.4973,131454,-0.392699,3.78868,17.9766,2.74145,-8.37069,0.523599,0,0,0,142.848,0.0469762,-1.08204,-0.0348383,2.58316,1.4501,2.4973,-1.16789,3.78868,2.74149,0.123458,0.0469443,2.35868,19.6216,0.00193506,3369.15,-1.20643,0.872697,-15.8567,783.919,0.0595328,0.0158628,1.02964,-464.63,-1271.04,446.67,2.99168e+11,1.78174e+11,-1.78156e+11,25635.4,-6172.16,-3121.89
8.08,-5.59669,-2.47831,142.895,12715.7,0.093498,-1996.62,-1.04287,14.054,0.882912,31924.2,2.75109,-9.45324e+07,1.49563,-26266.1,2.32003,296.012,98.1684,-2.49647e+08,3.83752,9.08466,3.1175,2.66329,0.14339,-4.48119,-2.056,-6.76103,-0.677797,-6.80568,-4.02697,-4.00368,-2.32893,-6.52257,-1.17341,-6.26383,-3.93259,15.3274,-26361.9,12.0588,10.9327,-0.498668,-17.4324,0.0467105,56.2491,-1.08966,140.598,-0.042462,-35.4955,2.57554,806.913,1.44885,-52.7608,2.49604,147829,-1.16914,-218.632,3.79073,86.1187,2.74353,-252.933,0.125605,-13.7889,117.11,452.556,-159.666,9.35891,7124.46,508.219,-58.8928,124.378,-4868.49,1153.49,-124.938,123.894,240.924,137.23,-283.282,30.0771,0.0407656,-779533,8022.76,-233.858,0,-4471.12,-910173,-504.595,19.1167,1046.25,4.51385e+10,1.45335e+06,-46086.3,-2.0142e+08,64100.5,-2175.29,51.6686,-73.7891,-16161.3,861.816,-16.6376,60.3133,79.3714,287637,-2634.09,-45.9339,-230.935,-114.864,-2950.83,-2.19622,0.00338453,141.015,-404.55,650.396,1.5962e+06,-3.38937e+06,-1.31318e+06,14879.1,-844.571,593.749,58.8674,6.24845,44.7415,3.85813,-5.62005,-1.98019,-0.498668,0,4120,-2.63434e-12,-8.9071e-12,-8.2534e-12,-4.73502e-12,-2.24334e-08,-2.49215e-08,2.98533e-08,-8.3038e-08,-9.27433e-08,1.02426e-07,0,-1.08966,7.04828,-0.0424555,-0.0708556,3.14159,1.44885,-9.59292,2.49605,29565.8,-0.392699,3.79073,17.2083,2.7436,-50.5866,0.523599,0,0,0,142.849,0.0467105,-1.08966,-0.042462,2.57554,1.44885,2.49604,-1.16914,3.79073,2.74353,0.125605,0.0467875,12.0494,15.8654,-0.134789,14810.8,-46.1871,-22.9728,-590.166,10208.2,0.059491,0.015849,1.02967,2261.66,13157.7,-3518.75,1.51508e+10,9.02729e+09,-9.02357e+09,66142.1,43054.7,-46866.8
8.1,-5.59911,-2.47993,142.895,12717.1,0.0937074,-1996.02,-1.04544,1.01358,7.24132,54.564,2.09956,-9.46844e+07,1.49017,12250.3,1.43839,-137.704,-46.251,-2.49647e+08,3.84077,3.3132,1.9688,6.05223,-0.35836,-4.48293,-2.05605,-6.761,-0.678307,-6.8075,-4.03039,-4.00613,-2.33022,-6.52526,-1.17522,-6.26595,-3.93435,9.29693,12298,5.64036,10.9584,-0.50017,-26.5167,0.0470646,1707.48,-1.09208,1852.24,-0.0448873,-63.3497,2.57311,-438.955,1.44353,-209.039,2.49073,-68065.9,-1.17447,-537.372,3.79412,320.159,2.74693,-236.812,0.128907,-13.8435,117.648,2378.76,-192.905,87.2778,-948455,10320.1,-7474.71,11859.6,-894578,11176.3,-8075.07,11827.6,5967.04,-103464,-381.318,274.919,0.0503833,91912.4,-3289.31,1274.78,0,-419.531,-132832,-1707.17,502.816,-511.991,9.71415e+09,-533245,180610,8.85797e+07,-311601,-3895.56,1986.04,-480.172,521763,2163.83,-1378.71,390.949,328.597,-31378.5,-1643.31,965.564,-339.045,-37.3226,-644.975,-2.20133,0.0037658,65.8125,29.8183,-1.6417,2721.32,-7.60003e+06,612643,-6806.71,-338.463,305.338,242.966,154.877,-21.8426,16.0135,-5.62248,-1.9803,-0.50017,0,4108,-3.60972e-12,1.15286e-12,-1.12266e-12,8.50898e-12,4.92295e-08,-1.43271e-07,1.17634e-07,1.36204e-07,-1.86077e-07,1.72706e-07,0,-1.09208,92.8535,-0.0448871,78.3879,3.14159,1.44353,-41.7062,2.49072,-13613.2,-0.392699,3.79412,64.042,2.7469,-47.3624,0.523599,0,0,0,142.849,0.0470646,-1.09208,-0.0448873,2.57311,1.44353,2.49073,-1.17447,3.79412,2.74693,0.128907,0.0466428,78.2032,65.7262,0.0118854,45714.9,-67.809,-7.46451,-128.995,11452.9,0.0594525,0.0158362,1.02974,265044,552229,3796.54,3.19007e+09,1.95199e+09,-1.95362e+09,194506,21360.9,-53349
8.12,-5.60157,-2.48317,142.896,12719.9,0.0943927,-1995.89,-1.05045,0.872961,-0.305498,-1.57916,2.35,-9.46875e+07,1.4818,1457.38,4.6501,-15.7212,-5.93078,-2.49647e+08,3.83915,-2.09461,3.28523,3.72032,0.314456,-4.48411,-2.05583,-6.76018,-0.680231,-6.8091,-4.03325,-4.00869,-2.33237,-6.52861,-1.1791,-6.2674,-3.93805,1.35906,1467.96,0.876158,10.9861,-0.503297,-13.92,0.0478946,-145.106,-1.09695,-84.5946,-0.0497546,-24.3703,2.56825,-48.9946,1.4353,-117.678,2.4825,-7266.57,-1.1827,-228.918,3.79265,103.67,2.74546,-38.0568,0.12747,-13.9017,118.22,10.5099,-148.353,1.96507,-15281.5,-1391.89,34.6809,428.333,-27020.6,-818.46,20.5034,427.177,-460.497,4530.05,-247.679,6.39041,0.0195111,9789.71,-441.645,12.1946,0,-226.278,-3843.18,-1250.55,9.8949,-54.7644,1.11212e+08,-70622.7,1292.95,9.66439e+06,-33988.3,-2554.85,29.914,-25.2553,70359,1195.67,-19.0425,20.6025,113.803,4833.79,-426.037,5.23645,-8.27356,10.8051,-65.4775,-2.20686,0.0105501,142.088,6.90155,-8.67285,-72.0417,-155702,72995.4,-707.557,-984.35,34.8671,144.957,-11.9503,-2.32235,5.54171,-5.62491,-1.98042,-0.503297,0,4096,-1.2568e-13,4.84102e-12,5.22959e-12,4.23849e-12,1.78536e-08,5.23638e-10,6.90835e-09,3.60915e-08,-8.46572e-08,4.04731e-08,0,-1.09695,-4.25019,-0.0497471,-8.92662,3.14159,1.4353,-23.5297,2.4825,-1453.31,-0.392699,3.79265,20.7332,2.74546,-7.61137,0.523599,0,0,0,142.849,0.0478946,-1.09695,-0.0497546,2.56825,1.4353,2.4825,-1.1827,3.79265,2.74546,0.12747,0.0464982,4.12033,22.76,-0.000384165,5058.83,-1.65471,2.16101,-13.0955,341.26,0.059414,0.0158234,1.0299,1851.47,5482.6,-1238,3.5402e+07,2.21389e+07,-2.23089e+07,41171.7,-15341.5,-970.628
8.14,-5.60409,-2.48742,142.896,12723.6,0.096071,-1995.5,-1.05135,-0.150458,0.152378,-3.3451,2.8666,-9.47196e+07,1.47276,-10509.3,2.23661,95.037,30.5467,-2.49647e+08,3.83388,-1.40066,3.45215,3.27087,0.311376,-4.48663,-2.05696,-6.76037,-0.683962,-6.80968,-4.03573,-4.01147,-2.33394,-6.53331,-1.18491,-6.26748,-3.94341,0.276915,-10537.6,1.74011,11.0321,-0.507421,-14.614,0.0497295,-106.912,-1.09769,44.69,-0.0504905,-39.3772,2.56749,270.032,1.42642,-83.9791,2.47362,47841.8,-1.19158,-220.721,3.78754,96.0264,2.74035,-67.1724,0.122336,-14.0048,119.179,75.2512,-151.965,2.33414,-9417.43,-960.066,26.8071,289.99,-22419.1,438.777,-12.9879,24.7349,-119.094,-1103.72,-372.556,10.7895,18.8185,-130817,2942.89,-15.6549,0,-993.965,-138839,-877.938,8.38451,362.743,5.01475e+09,512367,-3633.97,-6.49191e+07,12772.5,-2369.74,23.6187,-21.3488,27935.7,1042.93,-13.0336,17.5262,100.959,33585.6,-710.466,4.62532,-13.9784,-8.57946,-172.054,-2.21603,0.0170562,187.121,19.436,-37.2393,-165.404,-1.60217e+06,-525337,4830.35,-883.677,69.3014,105.345,-5.10595,15.2592,4.89871,-5.62754,-1.98054,-0.507421,0,4083,-1.30618e-13,-6.61027e-13,-9.31255e-13,-1.56763e-13,-4.60334e-08,-6.5803e-08,6.71239e-08,6.09997e-09,1.18441e-08,-7.39729e-09,0,-1.09769,6.13239,-0.0505039,-6.54216,3.14159,1.42642,-16.8396,2.47362,9568.36,-0.392699,3.78754,19.2071,2.74033,-13.4345,0.523599,0,0,0,142.849,0.0497295,-1.09769,-0.0504905,2.56749,1.42642,2.47362,-1.19158,3.78754,2.74035,0.122336,0.0463415,3.50559,20.193,0.00186957,4323.97,-2.79567,-1.71589,-34.4108,1514.1,0.0593722,0.0158096,1.03013,715.367,4715.62,-978.087,1.59132e+09,1.00422e+09,-1.00304e+09,27356.5,-2123.58,-6367.33
8.16,-5.60636,-2.49108,142.896,12725,0.0981283,-1995.13,-1.05493,1.27656,0.254446,2.57068,2.59878,-9.47236e+07,1.46384,1768.86,2.08395,-17.3908,-6.50435,-2.50218e+08,3.83404,187549,3.20519,91.7023,-29.5299,-4.48823,-2.05565,-6.76085,-0.687532,-6.80894,-4.04084,-4.01406,-2.33432,-6.53826,-1.19048,-6.26676,-3.94843,2.07382,1777.45,187582,11.0924,-0.510972,-13.4416,0.0519313,-30.726,-1.10113,54.5241,-0.0539335,-11.2496,2.56406,-53.4929,1.41765,-119.58,2.46484,-8095.66,-1.20035,-233.938,3.78784,109.956,2.74064,-44790.3,0.122637,-14.1456,120.451,-46.4235,-148.811,2.08472,-333.414,-238.983,5.154,112.479,-1033.65,569.062,-15.3713,-57.1071,-16.1926,-3457.96,-91.8975,2.0831,25.1341,10157.3,-522.109,13.5245,0,-216.552,-3547.02,-1303.24,11.0454,-67.6178,1.45246e+08,-83596.4,1411.66,1.02353e+07,-72180.3,-2766,40.5046,-48.8951,104290,1373.08,-27.5951,40.133,122.051,-3.52666e+08,-542672,9294.65,-17671.7,-24192.7,-6.15811e+07,-2.22803,0.0176162,68.1414,18.3169,64.2733,187.039,-202636,88568.5,-791.038,-2.85463e+07,9.37761e+06,4506.61,-0.836827,-2.82259,5.91504,-5.62998,-1.98065,-0.510972,0,4071,1.93984e-13,1.02013e-12,-4.12897e-13,1.08244e-12,1.75147e-08,2.83897e-09,-9.24626e-09,-3.84923e-08,2.48274e-08,-2.70074e-08,0,-1.10113,10.904,-0.0539353,-0.363277,3.14159,1.41765,-23.9136,2.46484,-1619.13,-0.392699,3.78784,22.3378,2.74063,-8958.05,0.523599,0,0,0,142.85,0.0519313,-1.10113,-0.0539335,2.56406,1.41765,2.46484,-1.20035,3.78784,2.74064,0.122637,0.046197,8.16331,24.5979,475.344,2.7937e+08,-3534.35,-4838.54,-1.23162e+07,-1.39819e+07,0.0593338,0.0157968,1.03032,4084.38,-1092.43,916.069,4.40703e+07,2.88249e+07,-2.90142e+07,1.39687e+09,-7.17244e+07,7.06262e+07
8.18,-5.60837,-2.49395,142.897,12725.6,0.0999305,-2023,-1.06322,-162.316,-3.1769,-5.89562,10.5569,-9.46299e+07,1.45916,-22743.9,0.494857,189.384,63.3539,-2.47624e+08,3.83568,-3.74379e+06,-0.89513,-812.945,270.347,-4.4882,-2.05174,-6.76284,-0.691046,-6.80818,-4.04576,-4.01635,-2.33433,-6.54262,-1.19503,-6.26614,-3.95249,-172.908,-22806.8,-3.74406e+06,11.1512,-0.513749,152.068,0.0538539,-388.204,-1.1093,-724.689,-0.0620978,17259.3,2.5559,936.194,1.41308,755.638,2.46028,96358.1,-1.20492,1572.29,3.7896,-923.515,2.7424,405081,0.124364,-14.2856,121.704,171826,515.478,13529.1,645616,-1447.13,-31942.2,-1882.73,-1.12384e+06,-2692.66,-62162.4,1143.5,-450.048,1.52087e+08,64205.8,1.46053e+06,1.80773e+06,2.34733e+06,3549.05,79760.9,0,1350.79,315421,2212.7,71478.8,770.571,2.12544e+10,348173,8.39504e+06,-1.29069e+08,3.23486e+06,4776.17,145781,880.971,-491830,-3020.38,-82916.5,-721.676,-499.99,-2.48685e+10,1.05985e+06,3.96987e+07,702084,218878,1.22931e+09,-2.23975,0.0152344,28.2185,-1393.44,-8109.61,-215.762,4.68761e+06,-1.13707e+06,9547.68,1.29671e+08,-1.87189e+08,-40725.8,-23.0861,32.0608,-24.2497,-5.632,-1.98075,-0.513749,0,4061,1.4353e-12,1.46212e-11,-3.51363e-12,1.25056e-11,-7.02124e-08,2.14267e-07,-1.47437e-07,3.03845e-07,-7.89337e-07,6.59544e-07,0,-1.1093,-142.742,-0.0620945,0.260135,3.14159,1.41308,150.799,2.46027,19271.6,-0.392699,3.7896,-197.623,2.74236,81016.3,0.523599,0,0,0,142.85,0.0538539,-1.1093,-0.0620978,2.5559,1.41308,2.46028,-1.20492,3.7896,2.7424,0.124364,0.0460766,-166.701,-106.979,-39121.1,2.2846e+10,140417,43775.6,2.45862e+08,-7.70688e+08,0.0593017,0.0157861,1.03047,-836685,2.01155e+06,-7.19084e+07,6.3317e+09,4.48952e+09,-4.48931e+09,1.14225e+11,-3.83476e+09,3.84696e+09
8.2,-5.61052,-2.49643,142.897,12728.7,0.101726,-2022.41,-1.06897,1.75013,0.316784,-1.5389,20.9406,-9.47089e+07,1.45961,9409.44,1.89559,-79.0127,-27.0248,-2.47624e+08,3.83697,-4.72262,2.9331,1.88158,0.281321,-4.489,-2.04864,-6.76755,-0.695306,-6.80757,-4.05017,-4.01879,-2.33395,-6.5471,-1.19919,-6.26567,-3.95615,-15.7321,9438.36,-2.07084,11.206,-0.516124,-17.329,0.0557822,60.6437,-1.11492,50.3856,-0.0677205,14197.5,2.55027,-237.882,1.41366,-163.886,2.46086,-38806.9,-1.20433,-152.1,3.79102,31.8148,2.74383,-29.5935,0.125844,-14.4155,122.878,376.486,-167.26,7.515,7550.69,583.26,-52.0988,126.268,-5348.5,425.583,-34.0128,-32.7207,71.8712,2.05755e+08,132764,-11611.6,-2.35909e+07,44191.5,-2246.54,91.8622,0,-261.504,-29974.1,-1645.18,46.304,-304.639,3.4224e+09,-378877,12851.1,5.28828e+07,107463,-1623.55,-37.2083,-340.72,-72753.2,375.341,50.6201,278.679,14.2158,242833,-460.432,-184.807,-695.641,-12.0561,-223.468,-2.25066,0.0121882,155.432,29.4737,73.9429,1.56453,-3.95252e+06,470597,-3872.13,22.2349,-96.6425,22.0743,3.58052,-12.6841,0.690067,-5.63423,-1.98085,-0.516124,0,4050,-1.7385e-12,-9.03499e-13,-4.51861e-14,2.27374e-13,8.58194e-09,-4.32297e-08,3.7197e-08,8.64859e-09,1.24438e-08,-1.56795e-08,0,-1.11492,9.35285,-0.0677239,-0.0104972,3.14159,1.41366,-32.9247,2.46087,-7761.38,-0.392699,3.79102,6.36248,2.74384,-5.9187,0.523599,0,0,0,142.851,0.0557822,-1.11492,-0.0677205,2.55027,1.41366,2.46086,-1.20433,3.79102,2.74383,0.125844,0.0459442,55.7282,2.84296,-0.00175273,-812.918,-139.128,-2.41121,-44.6936,3967.21,0.0592665,0.0157744,1.03059,1609.77,4332.82,-3.95748e+07,1.03454e+09,6.84927e+08,-6.85852e+08,-12397.5,24057.8,-19235.3
8.22,-5.61324,-2.49794,142.897,12731.7,0.102858,-2021.64,-1.07366,1.34085,1.28823,-1.68669,-0.327386,-9.4709e+07,1.46237,-17.1937,2.36744,6.16262,1.35412,-2.47624e+08,3.83937,-2.93025,3.13672,2.84128,0.414089,-4.49057,-2.04615,-6.77312,-0.698482,-6.80841,-4.05374,-4.0217,-2.33365,-6.55128,-1.20176,-6.26674,-3.95839,6.09806,-16.1804,-0.20762,11.256,-0.517506,-17.6882,0.05707,161.914,-1.11944,253.166,-0.0722471,1659.6,2.54575,697.116,1.41658,-39.3073,2.46378,3039.95,-1.20142,-222.256,3.79358,87.7042,2.74638,-27.8591,0.128418,-14.5331,123.962,416.929,-170.167,8.48565,9915.06,1444.24,-134.757,247.041,5000.36,2194.21,-199.369,248.978,625.286,-1.05955e+09,14186.1,-1272.06,-3.46641e+07,-582354,7207.53,-179.582,0,-3361.43,-711223,-385.538,13.8869,941.738,1.57666e+07,31065.5,-850.831,-91210.8,64719.9,-2295.92,46.8636,-74.3693,-15440.7,909.62,-15.503,60.6524,80.5607,34618.2,-296.824,-4.51098,-25.1759,7.1643,-48.3141,-2.26063,0.006277,149.525,38.3885,14.5698,-5.79691,-2010.44,-734.208,385.113,31.4319,-6.90377,100.06,16.1106,39.3075,3.91575,-5.63687,-1.98097,-0.517506,0,4037,6.95832e-13,-2.26485e-13,-3.18856e-13,-2.84217e-13,-9.16863e-08,-2.16809e-07,1.74378e-07,1.09443e-07,1.44996e-07,-5.70905e-08,0,-1.11944,12.5505,-0.072244,-0.0118455,3.14159,1.41658,-7.86955,2.46378,607.991,-0.392699,3.79358,17.5385,2.74641,-5.57183,0.523599,0,0,0,142.851,0.05707,-1.11944,-0.0722471,2.54575,1.41658,2.46378,-1.20142,3.79358,2.74638,0.128418,0.0457878,12.1288,16.1107,-0.000954993,770.359,-5.03519,1.43286,-9.66282,1249.46,0.0592248,0.0157606,1.03065,8039.7,18667.8,2.12074e+08,6.54295e+06,3.28963e+06,-3.07467e+06,-3687.12,7025.32,-5675.07
8.24,-5.61457,-2.49804,142.897,12734,0.103292,-2021.48,-1.0736,17.3086,-2.2363,3.41905,1028.44,-9.4709e+07,1.46599,-3.01457,2.02228,5.63427,-1.10905,-2.47624e+08,3.83836,-4.01263,3.27286,-2.30168,-1.36801,-4.49198,-2.04558,-6.77684,-0.699803,-6.80922,-4.05351,-4.0231,-2.33307,-6.55318,-1.20227,-6.26744,-3.95878,-1010.22,0.11676,0.62824,11.282,-0.517552,-19.5043,0.0575883,5369.63,-1.11931,978.807,-0.0721108,1.22388e+06,2.54588,23.8115,1.42029,-137.657,2.46749,13.8774,-1.19771,-271.58,3.79266,123.245,2.74546,40.5272,0.127423,-14.5947,124.53,690.44,-178.638,16.2051,-8.70836e+06,42913.2,-6774.3,193573,-3.09759e+07,7817.68,-1233.17,32126,7426.17,3.62318e+12,9.77509e+06,-1.54205e+06,-2.89034e+09,-13358.5,433.424,42.2374,0,-403.978,-17814.1,-1333.6,77.831,51.6855,-13450.6,172.034,2.31223,-6.63318,30048.5,-2673.34,164.151,-47.4307,34263,1195.15,-90.6802,38.7292,116.295,-24080.2,408.592,-16.8554,16.2506,53.9423,-99.2398,-2.2658,0.00053746,118.838,8.22538,832.655,249.471,-32.6744,-25.069,308.469,185.778,-61.0731,-66.2297,305.192,2.16766,5.66268,-5.63829,-1.98103,-0.517552,0,4030,-7.85649e-13,3.36797e-12,-2.24532e-11,-1.45519e-11,-4.9612e-08,3.10045e-08,-4.15444e-08,-1.40997e-08,-2.47621e-08,-2.98698e-08,0,-1.11931,123.014,-0.0721163,0.037526,3.14159,1.42029,-27.532,2.46748,2.77549,-0.392699,3.79266,24.6516,2.74542,8.10544,0.523599,0,0,0,142.851,0.0575883,-1.11931,-0.0721108,2.54588,1.42029,2.46749,-1.19771,3.79266,2.74546,0.127423,0.0457036,7.74654,23.261,0.00305779,163.797,3.25011,10.7885,-19.848,-1363.77,0.0592024,0.0157532,1.03064,-1.67185e+06,6.30242e+06,-7.24472e+11,12788.6,-2039.61,2450.82,-8903.19,-6204.67,6297.21
8.26,-5.61506,-2.49882,142.897,12733.3,0.103541,-2020.59,-1.07535,-1.34787,0.380962,-1.95494,4.33977,-9.4709e+07,1.46634,-0.099352,2.71405,3.12901,-3.57164,-2.47446e+08,3.83841,22572,2.64401,23.813,-7.59197,-4.49202,-2.04515,-6.77783,-0.700891,-6.80933,-4.05451,-4.02363,-2.33345,-6.55399,-1.20328,-6.26756,-3.95972,-2.16509,6.18634,22582.2,11.2868,-0.518303,-9.0527,0.0578619,-202.71,-1.12103,87.691,-0.073836,-205.794,2.54416,568.467,1.42066,-20.8237,2.46786,168.146,-1.19734,-159.499,3.79273,59.6771,2.74553,-12537,0.127535,-14.6048,124.63,-308.052,-134.026,14.0754,-22697.3,-4585.85,1095.99,1478.62,-44380.8,2053.99,-494.701,-549.2,-171.167,-13069.8,-4792.56,1153.03,704.886,-264461,7138.84,-335.286,0,-2749.97,-447868,-270.912,19.6603,741.564,-146724,2126.82,-109.911,-71.909,-16868.6,-2307.13,188.074,12.2725,33312.6,1015.19,-115.925,-10.0205,79.0409,-2.69999e+07,-177926,13737.5,1910.94,-6753.54,-7.44109e+06,-2.26675,0.00248713,-38.7782,44.5513,-74.7631,-31.8488,-16.7883,120.709,163.481,8.93482e+06,1.12874e+06,1269.27,-8.79398,31.1665,3.85593,-5.6387,-1.98105,-0.518303,0,4028,2.74364e-13,-5.2891e-13,4.44977e-13,-7.74492e-13,-8.16787e-08,1.63926e-07,5.76774e-08,3.87448e-08,7.49709e-08,1.06845e-07,0,-1.12103,17.1593,-0.0738305,-2.41648,3.14159,1.42066,-4.16485,2.46786,33.6292,-0.392699,3.79273,11.9707,2.74553,-2507.4,0.523599,0,0,0,142.851,0.0578619,-1.12103,-0.073836,2.54416,1.42066,2.46786,-1.19734,3.79273,2.74553,0.127535,0.0456795,-2.00947,15.8273,20.8345,2.19895e+07,382.188,-1350.71,-1.48822e+06,-1.18663e+06,0.059196,0.015751,1.03068,75387.2,-17394.7,50822.3,-49295.5,72818.1,22644.5,1.09967e+08,-6.44816e+06,6.13385e+06
8.28,-5.61514,-2.4991,142.897,12733.6,0.103721,-2019.88,-1.07707,0.259004,0.140918,-2.16438,2.53069,-9.4709e+07,1.46673,-9.25223,3.42116,-3.22033,3.65494,-2.47446e+08,3.83782,4.26816,2.47408,-1.98556,-0.137491,-4.49162,-2.04433,-6.77833,-0.701431,-6.80921,-4.05454,-4.02374,-2.33345,-6.5543,-1.20374,-6.26738,-3.96012,1.01083,-9.48601,6.87973,11.2947,-0.518584,-13.1927,0.0580538,-28.429,-1.12274,44.1844,-0.0755437,-18.9748,2.54244,-2247.32,1.42106,-401.013,2.46826,-795.691,-1.19694,-208.47,3.79215,88.6767,2.74496,299.185,0.126899,-14.6241,124.801,-88.2452,-151.928,2.47847,-145.842,-226.451,5.42524,101.865,-2314.25,508.542,-16.5291,-7.54303,-16.2947,-728.834,-200.503,6.18842,12.8547,-2.3822e+06,-25275.8,245.41,0,-23481.1,-5.43685e+06,-4515.36,42.5658,-2968.99,-1.67869e+06,-8957.57,84.997,375.53,5242.76,-2419.83,25.9838,-12.2117,30010.1,1060,-14.6047,9.97786,98.2819,-126366,3372.26,-25.1214,36.5166,188.763,-3543.16,-2.26832,0.00181642,14.0953,35.2625,-9.90495,-77.6603,-27.7672,-336.915,-134.979,-3680.69,352.939,-25.047,-0.759248,-124.783,4.79225,-5.6389,-1.98106,-0.518584,0,4027,8.05078e-13,-3.85803e-13,-8.67639e-13,-4.10227e-13,7.33221e-08,-1.44221e-07,7.02369e-09,-1.2313e-08,-5.38304e-08,-6.96832e-08,0,-1.12274,7.11344,-0.0755503,-1.62615,3.14159,1.42106,-80.2017,2.46825,-159.138,-0.392699,3.79215,17.7259,2.74489,59.837,0.523599,0,0,0,142.851,0.0580538,-1.12274,-0.0755437,2.54244,1.42106,2.46826,-1.19694,3.79215,2.74496,0.126899,0.0456675,1.99438,19.6523,0.158963,7303.39,7.30332,37.7526,-708.632,-5124.22,0.0591928,0.01575,1.0307,3329.15,-1495.43,554.228,-431985,736436,347544,46990.5,-22999,20961.1
8.3,-5.61468,-2.49889,142.897,12732.9,0.1042,-2020.04,-1.07572,0.667185,0.208221,127.372,2.66121,-9.53532e+07,1.46595,91540.8,1.85096,-312.861,-105.026,-2.47446e+08,3.83547,-0.816473,3.10862,2.38049,0.140496,-4.49164,-2.04401,-6.77811,-0.701495,-6.80825,-4.05351,-4.02336,-2.33247,-6.55446,-1.20397,-6.26622,-3.96022,1.35579,91647.7,2.15165,11.2946,-0.518392,-12.3692,0.0584969,23.499,-1.12142,73.6083,-0.0742222,-18.8991,2.54378,-357.354,1.42024,-155.239,2.46744,-155577,-1.19775,-124.293,3.78976,22.3538,2.74256,-0.744139,0.124656,-14.6265,124.801,-149.789,-148.353,3.49441,4154.38,413.928,-22.9213,67.0719,2673.85,987.743,-49.1619,67.0141,124.558,-1573.61,-237.681,11.4768,0.00599964,14211.3,-4091.37,70.1282,0,-519.424,-98757.5,-1785.89,24.6984,-473.743,5.42657e+10,-1.78678e+06,27137.1,5.37363e+08,224351,-280.48,-139.233,-722.034,-174269,-678.159,123.427,591.628,21.2554,7570.74,31.3119,-5.20012,-22.8903,5.47102,-5.68848,-2.26831,0.00100791,-34.7646,-7.93165,-18.9882,6345.92,-3.2212e+07,4.57717e+06,-15564.5,61.298,98.5898,121.587,3.23752,-19.9133,1.03624,-5.63829,-1.98103,-0.518392,0,4030,-8.16403e-13,-2.41918e-13,1.42997e-13,-2.64646e-13,5.92707e-09,-1.86488e-08,1.77624e-08,6.18031e-08,-3.42781e-08,-2.96959e-08,0,-1.12142,3.67461,-0.074214,-0.0809812,3.14159,1.42024,-31.3833,2.46744,-31115.4,-0.392699,3.78976,4.46941,2.74265,-0.148828,0.523599,0,0,0,142.851,0.0584969,-1.12142,-0.0742222,2.54378,1.42024,2.46744,-1.19775,3.78976,2.74256,0.124656,0.0457036,118.289,4.25016,-0.000334484,-7752.77,-4.57807,1.0942,-1.1377,338.992,0.0592024,0.0157532,1.03069,-1019,-5097.13,1207.63,1.67355e+10,1.0846e+10,-1.08497e+10,-82608.6,39916.5,-1555.39
8.32,-5.61495,-2.49841,142.897,12735.1,0.104115,-2019.9,-1.07446,0.563897,0.187195,-1.16102,2.64226,-9.53532e+07,1.4655,-2.92662,2.00707,-1.09463,-1.58394,-2.47446e+08,3.83615,-1.90681,3.26329,3.56448,0.291055,-4.49225,-2.04424,-6.77804,-0.700832,-6.80861,-4.05319,-4.02362,-2.33212,-6.55463,-1.20341,-6.26662,-3.95969,1.25042,0.664393,1.06542,11.2998,-0.517899,-14.1161,0.0584353,21.419,-1.12014,55.1291,-0.0729407,-7.76208,2.54505,-175.492,1.41982,-139.681,2.46701,-139.51,-1.19818,-215.714,3.79047,92.4415,2.74328,-44.5894,0.125213,-14.6388,124.918,-8.61119,-156.017,2.11151,4171.64,319.188,-10.0334,85.1444,-174.893,597.524,-15.9147,14.4723,49.1181,18.0457,-71.6667,1.70136,3.13949,28833.3,-1856.27,23.7845,0,-216.357,-15167.6,-1532.99,12.5351,-228.214,5996.03,-1505.26,15.4917,402.36,13703.8,-2426.1,20.5543,-18.5042,25358.8,1057.49,-11.1846,15.1496,98.982,23447.8,-488.287,2.46522,-8.18582,3.13891,-86.883,-2.26934,-0.00213499,110.457,6.92159,-4.72752,-57.4282,20.6537,-20.6963,12.1061,-847.568,44.1071,128.892,2.01777,-9.58521,4.82458,-5.6387,-1.98105,-0.517899,0,4028,-1.19075e-13,3.89533e-12,1.53666e-12,2.77223e-12,6.87169e-09,3.14814e-08,-3.02699e-08,-1.38251e-08,8.78332e-08,-6.27557e-08,0,-1.12014,6.89335,-0.0729459,0.260938,3.14159,1.41982,-27.9362,2.46701,-27.9021,-0.392699,3.79047,18.4948,2.74321,-8.91787,0.523599,0,0,0,142.852,0.0584353,-1.12014,-0.0729407,2.54505,1.41982,2.46701,-1.19818,3.79047,2.74328,0.125213,0.0456795,3.03104,19.801,0.00413769,3369.57,-1.63716,0.627781,-17.3766,992.581,0.059196,0.015751,1.03066,419.397,-371.633,123.4,-8610.99,4566.06,-423.657,24159.1,-4352.55,-4121.99
8.34,-5.61566,-2.49806,142.897,12738.4,0.103574,-2019.56,-1.07537,0.870835,0.127448,-2.5196,2.06977,-9.53532e+07,1.46604,-3.15812,1.91224,-0.312056,-1.52702,-2.4762e+08,3.83676,-2.39095e+06,7.93879,-456.451,152.076,-4.49262,-2.04434,-6.77832,-0.700102,-6.81003,-4.0529,-4.02423,-2.33264,-6.55463,-1.20256,-6.26811,-3.95899,2.07011,0.28114,-2.39109e+06,11.2987,-0.517523,-17.0101,0.0579306,51.6287,-1.12101,35.5836,-0.0738157,22.749,2.54419,-327.523,1.42039,-172.037,2.46759,-123.49,-1.1976,116.919,3.79112,-187.585,2.74392,228553,0.125939,-14.634,124.896,316.81,-168.429,6.17286,6987.87,524.86,-39.1012,120.502,-5300.23,302.02,-19.2264,-57.3193,59.2719,782.664,214.591,-15.0571,-28.2942,40505,-3227.23,96.3038,0,-365.438,-72490,-1763.19,40.0246,-420.594,-7389.09,-1243.54,32.1121,68.3719,-385875,1081.81,-306.387,-4164.77,357830,-1847.25,267.175,3407.27,-248.141,-9.36704e+09,2.25574e+06,-317016,-3.77033e+06,123491,7.88373e+08,-2.26911,-0.0033482,166.787,17.0484,42.1376,-86.5815,33.238,-32.2445,19.4331,-8.70469e+06,-1.19547e+08,-22901.1,3.07895,-17.6821,-12.1043,-5.63931,-1.98108,-0.517523,0,4025,-3.02181e-12,5.75962e-12,-2.15185e-13,6.69054e-12,-4.60083e-08,9.38758e-08,9.91006e-09,-1.0051e-08,-2.98781e-08,4.65361e-08,0,-1.12101,7.11092,-0.0738047,2.2969,3.14159,1.42039,-34.4072,2.4676,-24.6979,-0.392699,3.79112,-35.4158,2.74393,45710.6,0.523599,0,0,0,142.852,0.0579306,-1.12101,-0.0738157,2.54419,1.42039,2.46759,-1.1976,3.79112,2.74392,0.125939,0.0456434,646.789,-48.4916,7241.77,7.24949e+09,-754066,24698.3,1.57675e+08,-3.85258e+08,0.0591864,0.0157478,1.03063,619.578,2114.66,2182.69,-24138.1,13640.6,-1648.82,3.62475e+10,-1.91726e+09,1.92263e+09
8.36,-5.61604,-2.49603,142.897,12742.2,0.102933,-2019.16,-1.07836,0.619577,-0.0576782,-1.53815,30.5904,-9.53532e+07,1.47171,-5.387,1.37184,-1.59774,-0.220289,-2.4762e+08,3.8342,-1.83855,3.24406,3.06043,0.297589,-4.49202,-2.04192,-6.78071,-0.698739,-6.81159,-4.04905,-4.02451,-2.33163,-6.55418,-1.19992,-6.26943,-3.95654,-26.8869,-3.79487,1.10793,11.2905,-0.515474,-16.0391,0.0573012,86.1838,-1.124,-6.66553,-0.0767985,33557.1,2.5412,-1023.97,1.42607,-249.457,2.47327,134.503,-1.19192,-214.157,3.78857,86.2987,2.74137,-56.4324,0.123378,-14.6141,124.731,197.137,-164.031,3.9357,8170.14,878.657,-41.939,136.622,-12382.8,-85.684,4.72103,-91.5545,91.8806,3.83252e+08,322720,-14745.3,-4.70356e+07,-351580,-10644.8,166.461,0,-3784.94,-1.03687e+06,-2615.95,37.7677,-1332.79,517706,1407.2,-20.8853,1494.91,52737.4,-2278.07,22.9671,-54.1451,-8509.29,918.167,-8.29307,44.4333,84.0749,57085.4,-593.048,-3.27435,-35.7508,-7.40129,-145.494,-2.26748,-0.00969662,187.399,20.1409,40.6777,1.59647,-49.0369,-143.405,-143.536,-121.541,47.4229,94.6595,4.6881,-56.2965,4.09984,-5.63951,-1.98109,-0.515474,0,4024,-9.46965e-13,8.9484e-13,-1.37867e-12,0,-1.28885e-07,2.66427e-07,2.56332e-07,3.20144e-08,3.07429e-08,-2.17195e-08,0,-1.124,-1.28401,-0.0767974,-0.00837256,3.14159,1.42607,-49.8922,2.47327,26.9006,-0.392699,3.78857,17.26,2.74137,-11.2865,0.523599,0,0,0,142.851,0.0573012,-1.124,-0.0767985,2.5412,1.42607,2.47327,-1.19192,3.78857,2.74137,0.123378,0.0456314,8.88679,16.8151,0.000234111,2169.89,-7.15015,-1.48026,-29.0989,2161.84,0.0591832,0.0157468,1.03051,1030.22,1854.51,-7.44207e+07,-28134.2,315243,-101510,7994.16,8364.85,-9778.23
8.38,-5.61563,-2.4937,142.897,12745,0.10209,-2019.19,-1.08031,0.470568,-0.221193,-1.46171,3.70908,-9.53533e+07,1.48008,-0.544115,13.2007,2.89841,-0.918673,-2.4762e+08,3.83464,-1.88555,3.28873,3.59451,0.293586,-4.49091,-2.04002,-6.78341,-0.697541,-6.81237,-4.04647,-4.02397,-2.33064,-6.55268,-1.19681,-6.27025,-3.95366,-0.318116,13.5753,1.10959,11.2619,-0.513167,-14.3492,0.0564348,129.97,-1.12597,-47.5799,-0.0787676,224.778,2.53922,-202.31,1.43442,-138.764,2.48162,652.217,-1.18356,-221.42,3.78899,96.7533,2.74179,-46.1803,0.123859,-14.5441,124.122,18.1983,-156.2,2.12547,8912.96,1441.81,-39.5877,220.126,-24294.8,-524.793,14.3734,-149.987,130.497,-15935.5,2398.37,-64.2619,-1588.01,30813.7,-2122.32,25.9766,0,-229.175,-23295.1,-1508.73,12.261,-254.603,1.21125e+06,6976.71,-69.9989,19853.2,5875.67,-2474.75,22.8849,-18.9849,33957,1101.36,-13.0604,15.5714,103.078,20975.4,-507.326,3.43771,-8.36221,3.36878,-89.8521,-2.26178,-0.0124849,140.193,-1.60272,33.8507,-1.40395,-1953.15,99.158,68.1624,-927.684,45.0947,130.503,6.65355,-10.838,5.03634,-5.6391,-1.98107,-0.513167,0,4026,-2.00761e-13,6.79901e-13,-9.70335e-14,1.79057e-12,3.51677e-09,4.13012e-08,4.14849e-08,4.37366e-09,-6.89273e-08,4.63131e-08,0,-1.12597,-9.11673,-0.0787701,0.904519,3.14159,1.43442,-27.7482,2.48163,130.443,-0.392699,3.78899,19.3446,2.74185,-9.23606,0.523599,0,0,0,142.851,0.0564348,-1.12597,-0.0787676,2.53922,1.43442,2.48162,-1.18356,3.78899,2.74179,0.123859,0.0456555,3.11326,20.6113,-0.00382719,3819.28,-1.67244,0.673755,-17.9704,936.673,0.0591896,0.0157489,1.03037,-4169.46,4682.87,8822.44,423243,266909,-242531,27407.8,-5980.51,-3816.56
8.4,-5.61542,-2.49178,142.896,12748.7,0.100685,-2018.86,-1.08441,0.813232,-0.231348,-0.969999,2.89351,-9.53533e+07,1.48784,-1.26185,1.62865,1.97365,-0.0579971,-2.4762e+08,3.83956,2.23739,2.51839,2.98813,0.229204,-4.48928,-2.03843,-6.78524,-0.696105,-6.81375,-4.04624,-4.02353,-2.33095,-6.55065,-1.19357,-6.27209,-3.95081,0.829969,0.424802,4.52658,11.2268,-0.511256,-15.0838,0.0550058,136.465,-1.13009,-47.5808,-0.0828907,63.2752,2.53511,196.443,1.44216,-98.828,2.48936,-69.5291,-1.17583,-235.937,3.79388,105.72,2.74668,-167.307,0.128699,-14.4572,123.369,98.6159,-158.441,2.62767,8984.74,1418.3,-46.588,223.995,-26402.3,-493.11,16.1852,-152.643,137.092,-9767.84,634.835,-20.3537,-120.795,-90001.4,2204.06,-9.32869,0,-745.823,-86843.2,-1049.23,10.5716,263.611,37478.3,-759.658,5.26037,-622.193,-7627.78,-2579.33,32.625,-23.0441,51038.8,1172.09,-19.5332,18.7894,112.168,47444.8,-1820.48,20.4608,-33.7026,-59.4737,-905.48,-2.2548,-0.012209,188.227,16.5629,50.9887,3.26252,-14.8856,63.6596,30.5697,-2280.18,251.488,80.0133,6.99373,11.2891,5.49355,-5.6387,-1.98105,-0.511256,0,4028,5.09259e-13,5.96856e-13,-1.4897e-12,1.43896e-12,-9.87574e-09,-4.78442e-08,-4.25052e-08,-5.90672e-09,-3.76371e-08,5.54456e-08,0,-1.13009,-9.11635,-0.0828885,3.56715,3.14159,1.44216,-19.7656,2.48936,-13.9058,-0.392699,3.79388,21.1424,2.74669,-33.4614,0.523599,0,0,0,142.851,0.0550058,-1.13009,-0.0828907,2.53511,1.44216,2.48936,-1.17583,3.79388,2.74668,0.128699,0.0456795,3.75758,22.4325,-0.00521876,11632,-6.74053,-11.8947,-181.096,2672.49,0.059196,0.015751,1.03026,408.42,3435.34,4974.09,-6799.1,25033,-7132.02,67179.3,-4075.38,-10559.2
8.42,-5.61538,-2.49067,142.896,12750.3,0.0992928,-2018.71,-1.09186,1.47235,-0.570706,1.52639,2.60845,-9.53533e+07,1.49476,0.106122,2.94445,3.99111,0.0877048,-2.47624e+08,3.84577,34177.3,2.94447,22.9923,-6.86001,-4.48682,-2.03607,-6.78682,-0.695335,-6.81513,-4.04759,-4.02326,-2.33206,-6.5488,-1.19116,-6.27408,-3.94879,1.43479,2.96286,34187.1,11.1961,-0.510153,-13.6817,0.0536133,218.187,-1.13754,-111.717,-0.0903435,25.9516,2.52765,613.739,1.44908,-55.2277,2.49628,162.303,-1.16891,-149.113,3.80009,37.9906,2.75289,-10619.5,0.134918,-14.3793,122.707,-36.7033,-152.019,2.07533,9085.91,2469.96,-67.9719,572.388,-62592,-1247.88,34.1,-390.42,209.994,-13828.9,287.901,-7.82409,-46.8903,-420964,6829.58,-42.9851,0,-3007.72,-538338,-604.64,5.07629,788.6,-194621,1797.5,-12.5637,-81.9454,156241,-1289.52,-33.2052,-351.941,-111427,133.341,32.4599,284.824,36.9903,2.72024e+07,-1507.16,-13432.1,-98661.8,-5721.36,-1.13958e+07,-2.24867,-0.00960708,78.4614,7.36689,83.9795,89.3591,-33.2504,132.404,195.225,-222781,1.70901e+06,1071.12,10.7072,33.9202,1.81503,-5.6387,-1.98105,-0.510153,0,4028,2.47705e-13,5.95191e-13,-2.12985e-12,4.63984e-12,-7.87245e-08,-1.43745e-07,-6.79411e-08,-5.00047e-09,-4.99331e-09,8.37662e-09,0,-1.13754,-21.3976,-0.090341,5.54373,3.14159,1.44908,-11.0446,2.49628,32.4605,-0.392699,3.80009,7.44604,2.75291,-2123.89,0.523599,0,0,0,142.851,0.0536133,-1.13754,-0.0903435,2.52765,1.44908,2.49628,-1.16891,3.80009,2.75289,0.134918,0.0456795,55.5527,7.31589,-162.617,1.57327e+07,-19732.4,-1144.27,-2.27916e+06,877318,0.059196,0.015751,1.0302,-6141.09,12451.7,3163.68,-13606.7,76037.6,37578.8,7.86425e+07,3.98003e+06,-4.21656e+06
8.44,-5.61609,-2.49027,142.896,12751.6,0.0980689,-2016.09,-1.09472,8.88264,5.24126,10.9029,3.62046,-9.53533e+07,1.49519,-5.0263,1.44733,-0.625798,-1.43907,-2.48167e+08,3.85314,388683,1.34915,198.697,-65.1945,-4.48649,-2.03629,-6.78616,-0.693898,-6.81689,-4.05036,-4.02378,-2.33362,-6.54792,-1.18962,-6.27658,-3.94759,13.645,-2.1399,388749,11.1766,-0.509723,-28.6056,0.0524255,1124.05,-1.14036,-640.905,-0.0931638,92.3414,2.52482,-989.35,1.44955,-266.789,2.49675,-289.651,-1.16844,-499.947,3.80749,278.344,2.76029,-97896.6,0.14231,-14.3276,122.288,2858.48,-210.849,108.549,-271283,6982.94,-5611.11,4524.7,-1.37415e+06,-3974.12,3183.72,-3084.25,1042.91,-358752,572.647,-458.238,-210.642,-211517,-7898.19,3011.52,0,-1983.52,-911884,-2207.58,746.907,-1201.27,-211942,-2360.72,840.978,132.035,-151201,-3778.04,1963.95,-246.161,346642,1964.74,-1283.06,197.45,275.374,-1.80867e+09,-719168,412744,-85010.1,-52695.1,-1.29937e+08,-2.2448,-0.00681339,64.1293,130.851,454.47,550.957,59.311,-124.195,-18.8595,-2.7116e+07,1.94343e+07,9856.33,53.1284,-51.6342,13.5336,-5.63931,-1.98108,-0.509723,0,4025,-4.18088e-12,9.77884e-13,-1.90958e-12,1.10134e-13,-8.80883e-08,-1.89547e-07,-7.29058e-08,-1.94637e-08,3.84116e-08,-6.01472e-08,0,-1.14036,-122.783,-0.0931712,21.3857,3.14159,1.44955,-53.3578,2.49675,-57.9302,-0.392699,3.80749,55.0464,2.7603,-19579.3,0.523599,0,0,0,142.851,0.0524255,-1.14036,-0.0931638,2.52482,1.44955,2.49675,-1.16844,3.80749,2.76029,0.14231,0.0456434,38.9498,54.739,-823.624,1.33546e+09,-17002,-10539,-2.59874e+07,-6.70519e+07,0.0591864,0.0157478,1.03017,641665,-1528.75,99860.7,-256074,145108,-6676.31,6.67722e+09,-3.39173e+08,3.36826e+08
8.46,-5.61699,-2.48929,142.896,12754.5,0.0977204,-2016.13,-1.09473,0.619271,-0.107887,0.323147,2.63294,-9.53533e+07,1.49734,-1.02734,1.08538,5.71858,-1.01402,-2.48595e+08,3.85667,123301,-19.9177,64.6152,-19.876,-4.48733,-2.03586,-6.78765,-0.693087,-6.81794,-4.051,-4.02462,-2.33318,-6.54836,-1.18831,-6.27798,-3.94637,1.02004,1.07207,123301,11.1651,-0.508694,-14.2367,0.0521251,112.894,-1.14033,-14.567,-0.0931315,12.5737,2.52487,69.0393,1.45174,-107.513,2.49894,22.8411,-1.16627,-205.57,3.81108,80.3217,2.76388,-31316.1,0.145849,-14.2962,122.047,19.5295,-153.564,2.0599,8523.29,1252.3,-34.0406,183.235,-16792.6,-171.623,4.82715,-93.4367,110.424,-890.476,134.709,-3.58127,-28.0134,-26524.7,833.013,3.01501,0,-401.855,-25182.2,-1159.19,9.19688,98.5446,-14692.9,260.378,-0.600612,-10.5237,53304.1,-2212.28,10.4989,-31.8724,-9495.16,857.244,-2.84164,25.4561,88.27,-1.61488e+08,-318013,-1404.38,-10957.5,-16845.8,-4.1457e+07,-2.2425,-0.0083102,146.216,-1.76785,31.5367,10.8708,-36.5275,75.8597,294.243,-2.14076e+07,6.16519e+06,3152.26,5.74329,4.23897,4.34043,-5.64012,-1.98112,-0.508694,0,4021,2.20594e-13,-2.61235e-12,-9.0572e-13,3.25473e-12,-4.66783e-09,-3.72669e-09,2.21241e-09,9.35848e-08,-1.05159e-07,1.31529e-07,0,-1.14033,-2.91297,-0.0931284,2.49037,3.14159,1.45174,-21.5042,2.49892,4.56821,-0.392699,3.81108,16.8608,2.76384,-6263.22,0.523599,0,0,0,142.85,0.0521251,-1.14033,-0.0931315,2.52487,1.45174,2.49894,-1.16627,3.81108,2.76388,0.145849,0.0455953,5.36982,18.0836,1051.65,1.36614e+08,-2191.49,-3369.15,-8.2914e+06,-6.50005e+06,0.0591736,0.0157436,1.0301,-3960.53,3040.95,699.026,5900.11,5867.64,2910.66,6.83069e+08,-3.37538e+07,3.30015e+07
8.48,-5.61751,-2.48913,142.896,12758.1,0.0975608,-2016.06,-1.09391,0.570585,-0.146537,1.29155,2.46966,-9.53533e+07,1.4998,11.8655,14.8345,9.13265,-5.6798,-2.48667e+08,3.85362,589534,2.95876,86.825,-28.1607,-4.48808,-2.03634,-6.78921,-0.693386,-6.819,-4.04913,-4.02512,-2.33328,-6.54868,-1.188,-6.27874,-3.94611,1.09598,32.3797,589566,11.1491,-0.508513,-14.6865,0.0520016,113.943,-1.13947,-24.6435,-0.0922678,-14.6887,2.52573,4071.94,1.45424,233.372,2.50144,1400.9,-1.16374,-152.917,3.80806,37.4724,2.76086,-42539.1,0.142872,-14.2531,121.701,67.4799,-154.976,2.31037,8526.09,1214.03,-36.3062,180.806,-18339.6,-268.793,8.16078,-109.518,113.338,319.003,-149.502,4.36071,-53.4281,-1.2514e+07,43597.3,-358.075,0,-88258.8,-1.98702e+07,2497.83,-20.666,5151.96,-7.30548e+06,14982.5,-124.846,-698.131,145919,-1472.29,-27.9283,-346.289,-101052,267.08,28.6152,277.602,34.0926,-1.51175e+08,-210578,-53665.3,-419592,-22919.4,-1.98195e+08,-2.23931,-0.0052753,180.932,3.58091,34.6031,26.7958,-38.3321,720.623,481.538,-3.62371e+06,2.94769e+07,4262.72,5.85414,222.076,1.67531,-5.64073,-1.98115,-0.508513,0,4018,-6.72642e-13,-1.43663e-12,-1.46194e-12,2.54685e-13,-4.6034e-07,-9.03879e-07,-9.40544e-10,-3.73012e-08,-1.10159e-08,7.81165e-09,0,-1.13947,-4.85645,-0.0922631,-1.60516,3.14159,1.45424,46.6828,2.50145,280.179,-0.392699,3.80806,7.3631,2.76087,-8507.81,0.523599,0,0,0,142.85,0.0520016,-1.13947,-0.0922678,2.52573,1.45424,2.50144,-1.16374,3.80806,2.76086,0.142872,0.0455593,54.2247,6.74768,-611.58,2.51175e+08,-83918.4,-4583.88,-3.96389e+07,-7.98873e+06,0.059164,0.0157404,1.03009,-2625.68,3259.04,-421.487,-619088,2.54072e+06,1.4616e+06,1.25586e+09,-4.16317e+07,4.06244e+07
8.5,-5.61827,-2.49,142.896,12759.9,0.0971578,-2016.37,-1.08993,0.435992,-0.0706697,1.64228,-28.9295,-9.53533e+07,1.49957,-3.54335,2.06249,-2.22861,-1.57911,-2.52828e+08,3.85039,973301,3.26376,204.092,-66.921,-4.48995,-2.0397,-6.78931,-0.693823,-6.82068,-4.04796,-4.02581,-2.3348,-6.54891,-1.1885,-6.28008,-3.94671,32.4364,0.0982563,973371,11.1426,-0.509353,-13.6843,0.0516466,110.757,-1.13544,-6.86859,-0.088242,-51511,2.52976,-347.931,1.45406,-140.82,2.50126,-83.1768,-1.16394,-231.091,3.80488,103.468,2.75768,-100981,0.139653,-14.2327,121.555,-30.5174,-150.889,2.02868,8421.2,1285.6,-35.4272,183.987,-15184.4,-93.0824,2.76255,-79.3164,108.522,1.82756e+09,-575293,15540.7,-1.02209e+08,16792.4,-3739.1,37.4584,0,-445.473,-96209.2,-1538.14,11.9922,-429.343,-6639.61,-901.513,7.92855,46.7602,-64351.4,-2708.76,37.1752,-34.0251,95834.5,1277.02,-24.4398,27.383,117.003,-1.93011e+09,-1.20758e+06,19156.5,-28581.6,-54421.6,-3.25589e+08,-2.23802,-0.000228223,88.4952,-15.4201,17.8299,3.59957,-17.4998,-49.8291,-121.553,-2.08028e+08,4.86652e+07,10126.1,5.62447,-18.4883,5.73819,-5.64154,-1.98118,-0.509353,0,4014,2.14689e-14,-8.92175e-13,-1.31006e-13,2.72848e-12,8.54514e-09,3.19822e-08,1.4896e-08,-3.26856e-08,1.11472e-08,-8.69795e-09,0,-1.13544,-1.36513,-0.0882365,-0.0144358,3.14159,1.45406,-28.1643,2.50125,-16.6354,-0.392699,3.80488,23.0347,2.75765,-20196.3,0.523599,0,0,0,142.85,0.0516466,-1.13544,-0.088242,2.52976,1.45406,2.50126,-1.16394,3.80488,2.75768,0.139653,0.0455112,6.13919,24.6638,7540.75,1.41613e+09,-5716.31,-10884.3,-6.51177e+07,-7.68653e+07,0.0591512,0.0157362,1.03013,-5994.38,3064.57,-3.66063e+08,-14268.3,19859.9,2203.7,7.08065e+09,-3.88387e+08,3.85942e+08
8.52,-5.61892,-2.49076,142.896,12762,0.0961914,-2014.88,-1.08696,2.20518,0.987799,1.73466,2.47461,-9.53533e+07,1.50443,-3.03817,1.95836,-1.03927,-1.36957,-3.50493e+08,3.84472,2.84605e+07,3.4586,1187.81,-395.217,-4.49132,-2.04337,-6.7911,-0.694854,-6.8233,-4.04502,-4.02631,-2.33709,-6.5483,-1.18836,-6.28214,-3.94683,3.85997,0.289763,2.84609e+07,11.1468,-0.51008,-20.1846,0.0507163,142.182,-1.13244,77.4437,-0.0852395,-930.017,2.53275,-323.615,1.45895,-164.318,2.50615,-57.6367,-1.15905,-299.129,3.79925,141.988,2.75205,-592661,0.134028,-14.2406,121.643,863.408,-176.136,21.7565,11582,1111.81,-248.62,209.879,-19253.5,577.932,-123.13,-15.6511,174.133,1.3104e+06,-7216.81,1602.38,-63992.1,55879.8,-2838.93,300.497,0,-316.456,-71544.5,-1547.7,117.644,-374.662,8788.82,-523.763,47.3859,53.0822,2311.39,-2791.95,271.049,-49.8621,72013.7,1287.89,-160.638,40.4039,138.641,-6.34626e+10,-5.59129e+06,488227,-208294,-319866,-9.47476e+09,-2.23886,0.00182025,106.254,74.4405,87.4283,8.93619,73.9694,-24.3275,-78.2921,-4.88327e+09,1.42302e+09,59312,8.11816,-16.171,6.7792,-5.64215,-1.98121,-0.51008,0,4011,-2.087e-12,-2.75691e-12,1.06271e-12,-3.0127e-12,-4.07861e-08,-5.26848e-08,-6.79292e-08,-1.72742e-09,1.13398e-08,7.42148e-10,0,-1.13244,12.4754,-0.0852408,-0.068884,3.14159,1.45895,-32.864,2.50614,-11.5273,-0.392699,3.79925,40.1104,2.75202,-118532,0.523599,0,0,0,142.85,0.0507163,-1.13244,-0.0852395,2.53275,1.45895,2.50615,-1.15905,3.79925,2.75205,0.134028,0.0454751,12.1971,34.0509,187205,4.87011e+10,-41658.8,-63973.2,-1.89495e+09,-2.52813e+09,0.0591416,0.015733,1.03017,9660.57,13875.3,-417251,-30654.6,12870.6,-5624.32,2.43505e+11,-1.26644e+10,1.26501e+10
8.54,-5.61968,-2.49056,142.896,12761,0.095435,-2014.11,-1.08389,0.324954,0.121453,1.41071,2.97756,-9.53533e+07,1.50985,-0.776245,0.190321,3.27054,-0.362117,-4.34071e+08,3.84396,1.39143e+06,2.59561,216.675,-71.371,-4.49287,-2.04581,-6.79357,-0.695285,-6.82523,-4.04398,-4.02696,-2.3381,-6.54808,-1.18746,-6.284,-3.94613,0.610445,-0.223807,1.3915e+06,11.1554,-0.509844,-11.6103,0.049996,-106.998,-1.12933,40.4369,-0.0821307,169.265,2.53586,294.211,1.46441,-79.7107,2.51161,58.4038,-1.15357,-191.864,3.79852,78.3555,2.75132,-107395,0.133382,-14.2605,121.832,-194.863,-143.228,4.677,-9372.66,-1331.97,87.164,297.819,-15880.2,548.531,-37.1822,-23.1673,-102.494,48572.5,2225.78,-149.058,1959.11,-128287,3419.08,-38.4288,0,-1103.16,-146757,-925.707,17.2335,371.38,-50664.1,679.354,-9.87336,-51.5379,-1283.57,-2332.94,51.3432,-1.91385,30128.7,1005.27,-28.9354,1.55224,93.2,-2.0546e+09,-1.25282e+06,20505.4,-2156.28,-57960.4,-4.62848e+08,-2.24058,-0.00113376,-49.0825,38.5765,-6.43323,-2.86723,-24.3544,89.0401,138.775,-4.17889e+09,6.95715e+07,10755.2,-4.78345,16.0811,4.55424,-5.64276,-1.98124,-0.509844,0,4008,8.88595e-13,1.85763e-12,8.20899e-13,-1.84208e-12,3.6877e-08,4.90838e-08,2.92845e-08,1.67093e-09,-4.3927e-08,5.85196e-08,0,-1.12933,6.53201,-0.0821297,0.29484,3.14159,1.46441,-15.9405,2.51163,11.6808,-0.392699,3.79852,11.784,2.75138,-21479.1,0.523599,0,0,0,142.85,0.049996,-1.12933,-0.0821307,2.53586,1.46441,2.51161,-1.15357,3.79852,2.75132,0.133382,0.045439,0.232404,16.5403,-16740.3,1.60005e+09,-431.256,-11592.1,-9.25697e+07,-8.2385e+07,0.059132,0.0157298,1.03015,11472.9,-124.014,-19542.5,-8161.67,26071.9,8958.01,8.00026e+09,-4.16231e+08,4.13643e+08
8.56,-5.62134,-2.49032,142.896,12763.9,0.0949173,-2014.04,-1.0824,1.13234,0.203689,1.30143,2.57704,-9.53533e+07,1.51331,-11.7864,3.67334,-12.3967,-1.59262,-4.3409e+08,3.84916,-919633,-15.056,-429.194,143.451,-4.49489,-2.04709,-6.79625,-0.695412,-6.82713,-4.0462,-4.02855,-2.33868,-6.54907,-1.18674,-6.28642,-3.94555,1.90058,-6.52041,-919791,11.164,-0.509531,-14.1715,0.0495745,-8.47022,-1.12774,48.6853,-0.0805425,7.68443,2.53746,-2676.83,1.46797,-295.914,2.51516,-291.8,-1.15002,460.642,3.80382,-455.408,2.75662,214305,0.138674,-14.2769,122.022,13.6418,-153.251,2.00632,1823.03,-0.887596,-1.26301,97.4639,-1293.48,496.408,-12.5295,-20.2599,4.99778,-461.906,67.0445,-1.51307,41.0314,-4.14921e+06,-28945.1,220.781,0,-33325.6,-7.9217e+06,-3205.63,23.747,-3304.27,-856142,-3159.29,23.596,851.802,-5.0309e+06,8050.18,-480.912,-32974.2,4.38186e+06,-7401.98,393.054,26576.7,-560.175,-1.03074e+10,3.48051e+06,-184519,-1.22886e+07,115450,3.06308e+08,-2.24229,-0.00432897,143.83,3.07128,40.3503,4.43664,-26.9548,-461.293,-663.089,-969025,-4.59815e+07,-21538.2,0.245881,-143.404,-27.4238,-5.64438,-1.98131,-0.509531,0,4000,-2.11824e-13,1.52806e-12,4.10852e-13,-8.47378e-13,-4.55846e-07,-9.14008e-07,-9.00948e-07,-1.25775e-07,-2.6484e-07,3.68947e-07,0,-1.12774,8.74096,-0.080538,0.0662568,3.14159,1.46797,-59.1828,2.51517,-58.3599,-0.392699,3.80382,-84.2166,2.75667,42861,0.523599,0,0,0,142.85,0.0495745,-1.12774,-0.0805425,2.53746,1.46797,2.51516,-1.15002,3.80382,2.75662,0.138674,0.0453429,4921.66,-108.327,9791.48,6.38945e+09,-2.45772e+06,23090,6.12616e+07,-4.17607e+08,0.0591065,0.0157213,1.03012,1365.49,124.367,380.669,-687681,1.41325e+06,172732,3.19483e+10,-2.08038e+09,2.08461e+09
8.58,-5.62269,-2.49044,142.896,12767.7,0.0946798,-2014.87,-1.08203,2.7778,-1.33919,5.54536,2.59243,-9.53533e+07,1.52099,-3.90128,2.08575,0.837952,-0.517572,-4.34154e+08,3.85187,-6.20344e+06,-2.91448,-1920.84,628.126,-4.4963,-2.04776,-6.80104,-0.697219,-6.82856,-4.04757,-4.02985,-2.33918,-6.5501,-1.18664,-6.28811,-3.9455,1.98778,-1.29797,-6.20407e+06,11.1636,-0.509587,-14.7333,0.049421,-1.7435,-1.12729,54.4217,-0.0800938,-3.95568,2.5379,-421.954,1.47573,-138.729,2.52293,182.558,-1.14227,1579.61,3.80661,-1354.57,2.75941,957711,0.141404,-14.2706,122.014,72.1546,-155.384,2.29966,2504.24,63.6773,-3.24318,100.557,-2077.17,543.343,-15.5237,7.96202,15.525,-1342.61,-35.5001,0.954795,17.8159,2118.17,-4410.98,47.0392,0,-594.473,-152770,-1480.17,12.5597,-501.088,238023,1930.53,-18.331,1580.15,-3.9957e+07,21960.5,-1284.44,-199774,3.54157e+07,-18560.7,1038.09,160488,-1650.77,-1.94018e+11,1.31222e+07,-733713,-1.12688e+08,515881,2.0751e+09,-2.24221,-0.00390984,187.477,-41.0131,109.417,229.925,-140.894,-66.6549,-27.2208,-3.19031e+06,-3.10172e+08,-96120.5,0.670584,-21.8736,-80.9566,-5.64581,-1.98138,-0.509587,0,3993,-5.60718e-13,-2.26352e-12,-1.0546e-12,7.44987e-13,5.37333e-08,1.47723e-07,1.45787e-07,-9.18382e-07,1.21254e-06,-1.61272e-06,0,-1.12729,7.51696,-0.0800932,-0.108812,3.14159,1.47573,-27.7465,2.52292,36.5116,-0.392699,3.80661,-280.464,2.7594,191542,0.523599,0,0,0,142.85,0.049421,-1.12729,-0.0800938,2.5379,1.47573,2.52293,-1.14227,3.80661,2.75941,0.141404,0.0452588,33221.2,-335.306,-20660.3,1.27464e+11,-2.25377e+07,103176,4.1502e+08,-7.78824e+09,0.0590841,0.0157139,1.03011,437.003,1121.92,345.854,45392.5,85205.4,-46841.4,6.37326e+11,-3.89101e+10,3.89259e+10
8.6,-5.62332,-2.49105,142.896,12768.9,0.0947757,-2014.41,-1.08027,-0.264035,0.156277,0.312346,2.54825,-9.53533e+07,1.52585,-5.09614,1.93275,0.0760198,0.0450463,-4.34701e+08,3.84869,278782,3.25038,114.639,-45.1201,-4.49746,-2.04903,-6.80418,-0.699143,-6.82937,-4.04654,-4.0305,-2.33963,-6.55086,-1.18733,-6.2886,-3.94618,0.485586,-3.20844,278831,11.1588,-0.510165,-13.4783,0.0495529,-136.152,-1.12549,51.8633,-0.0782961,-6.23959,2.5397,-756.112,1.48063,-148.352,2.52782,295.445,-1.13736,-240.031,3.80347,111.311,2.75627,-56259.2,0.138277,-14.2555,121.907,-51.6823,-150.484,2.0787,-13261.8,-1403.68,37.0327,387.427,-28525.7,569.187,-15.5384,-20.9325,-135.032,-4808.99,-66.2662,1.78733,71.667,-182856,-8283.08,72.6279,0,-2269.79,-565765,-1635.43,12.679,-908.731,650666,3249.7,-26.6071,2476.56,-125771,-2945.54,50.9269,-80.4148,149734,1469.44,-35.4234,64.85,127.19,-6.22403e+08,-722400,15604.5,-34660.9,-30313.1,-9.29813e+07,-2.24125,-0.000362346,62.0109,22.8661,-36.979,-30.4758,-90.7975,-126.155,-64.53,-2.73603e+07,1.39392e+07,5653.46,-6.24063,-39.8078,6.2331,-5.64642,-1.9814,-0.510165,0,3990,8.56773e-13,4.34808e-12,8.03357e-13,-4.16556e-13,-5.35589e-08,1.11785e-07,1.05971e-07,2.08894e-08,-2.97771e-08,3.97652e-08,0,-1.12549,8.19598,-0.078294,-0.399236,3.14159,1.48063,-29.6697,2.52783,59.089,-0.392699,3.80347,22.1488,2.75627,-11251.8,0.523599,0,0,0,142.85,0.0495529,-1.12549,-0.0782961,2.5397,1.48063,2.52782,-1.13736,3.80347,2.75627,0.138277,0.0452227,12.9001,25.3768,-187.08,4.40304e+08,-6932.18,-6062.63,-1.85963e+07,-2.47025e+07,0.0590745,0.0157107,1.03014,3727.55,4287.69,1143.38,80463.9,258600,-132971,2.20156e+09,-1.25795e+08,1.24413e+08
8.62,-5.6248,-2.49209,142.896,12769,0.0952008,-2016,-1.07931,9.771,-0.847398,22.9382,2.58746,-9.53542e+07,1.52304,-60.8217,2.63303,5.9866,0.27166,-4.34683e+08,3.84372,-77419.1,2.96732,-23.7985,8.69727,-4.49928,-2.04985,-6.80483,-0.69987,-6.83072,-4.04516,-4.03204,-2.34,-6.55289,-1.18877,-6.28946,-3.94751,9.47774,-58.4604,-77424.8,11.1687,-0.511145,4.44552,0.0500622,28.9063,-1.12445,-78.0287,-0.0772492,7.83786,2.54074,74.6155,1.4779,-27.9573,2.5251,2112.86,-1.1401,40.9635,3.79859,-66.9191,2.75139,12540.8,0.133379,-14.2745,122.115,582.269,-81.7016,172.261,-2549.41,-78.0671,659.364,-196.801,-7861,56.5274,-1240.51,43.1533,24.5309,-2500.28,-8.50354,135.306,-17.789,715.845,224.193,886.371,0,-70.4921,-5713.4,-892.446,781.855,46.2773,8.42048e+06,7054.72,24101.1,-859120,12298.5,-1559.43,2512.45,117.896,-7356.31,544.083,-1570.02,-95.6478,-23.2238,-2.12118e+07,-408736,682131,62258,6764.21,2.53266e+07,-2.24322,0.00145491,6.92168,-79.8195,472.877,1122.27,-45637.7,-2912.58,220.668,936549,-3.87081e+06,-1268.44,1.21148,2.02093,-1.13461,-5.64784,-1.98147,-0.511145,0,3983,1.88809e-12,-8.56426e-13,-6.62803e-14,-1.75644e-13,-3.61372e-09,-2.9996e-08,-2.30046e-08,3.79344e-08,-6.25493e-08,2.20444e-09,0,-1.12445,-14.1234,-0.0772569,0.801328,3.14159,1.4779,-5.60374,2.52509,422.573,-0.392699,3.79859,-13.5185,2.75137,2508.16,0.523599,0,0,0,142.85,0.0500622,-1.12445,-0.0772492,2.54074,1.4779,2.5251,-1.1401,3.79859,2.75139,0.133379,0.0451386,-19.7954,-4.71723,-270.444,2.20247e+07,12451.6,1352.84,5.06533e+06,95709.2,0.0590522,0.0157032,1.03018,-13302.8,13643.7,-369.61,3.16924e+06,1.93229e+06,-1.88449e+06,1.10099e+08,995192,-679074
8.64,-5.62552,-2.49265,142.896,12769.8,0.0955947,-2001.76,-1.07954,14.0932,0.972837,4.13276,5.92504,-9.59151e+07,1.52623,30315.4,9.00068,542.616,176.685,-4.36777e+08,3.8409,7.61157e+06,31.4894,2399.77,-798.573,-4.5,-2.04968,-6.80764,-0.701607,-6.83113,-4.04451,-4.03282,-2.33993,-6.55412,-1.1897,-6.28961,-3.94833,12.2826,30147.7,7.6124e+06,11.1784,-0.51167,-78.4055,0.0505041,1352.59,-1.12463,169.856,-0.0774325,303.966,2.54057,-1641.72,1.48114,-470.264,2.52833,271091,-1.13685,-2735,3.79581,1967.41,2.74861,-1.19464e+06,0.130659,-14.2957,122.323,35165.3,-402.537,2088.15,-87973.6,6183.03,-39716,2103.45,-1.879e+06,774.571,-4899.54,-444.964,1370.48,6333.2,1388.87,-8891.33,-237.96,219490,-8988.64,40768.5,0,-1821.76,-2.30235e+06,-2740.07,11009.6,-1777.35,1.42218e+11,1.53026e+06,-6.54695e+06,3.69721e+08,-1.03337e+07,-13097.4,79119.9,-9470.25,1.63627e+07,9067.25,-58730.6,7709.34,2121.32,-2.55001e+11,-5.53829e+06,3.5494e+07,-5.22614e+06,-644791,-2.51743e+09,-2.24515,0.00139733,38.5485,712.32,688.584,216.661,-2.80471e+07,1.5159e+06,27052.3,-1.04725e+08,3.80579e+08,119910,67.5048,-77.7771,103.535,-5.64865,-1.98151,-0.51167,0,3979,6.66933e-12,-1.60876e-11,1.0445e-11,4.04974e-11,4.71733e-08,6.66097e-08,6.60657e-09,4.50194e-08,2.05337e-07,-6.08132e-07,0,-1.12463,30.5783,-0.077424,61.0107,3.14159,1.48114,-92.5186,2.52834,54218.1,-0.392699,3.79581,356.534,2.74865,-238928,0.523599,0,0,0,142.851,0.0505041,-1.12463,-0.0774325,2.54057,1.48114,2.52833,-1.13685,3.79581,2.74861,0.130659,0.0450906,1380.26,404.29,-77731.4,1.98359e+11,-1.04523e+06,-128958,-5.03486e+08,-9.92641e+09,0.0590394,0.015699,1.03021,1.00434e+06,197753,336807,5.10893e+10,2.82022e+10,-2.81956e+10,9.91794e+11,-4.96809e+10,4.96512e+10
8.66,-5.6261,-2.49277,142.896,12773.7,0.0952627,-2000.87,-1.0796,-1.38393,0.166682,-1.6427,-10.9365,-9.61335e+07,1.53117,9184.07,1.92262,122.522,39.1767,-4.36777e+08,3.84594,-0.786228,4.57868,3.42483,0.348098,-4.50051,-2.05029,-6.81019,-0.702668,-6.83171,-4.04712,-4.03335,-2.34058,-6.55427,-1.1895,-6.29067,-3.94822,12.8608,9146.82,3.44436,11.1848,-0.511758,-15.881,0.0501962,-35.8573,-1.12467,57.2296,-0.0774697,-162.927,2.54053,-229.559,1.4861,-128.738,2.5333,60435.6,-1.13189,-257.041,3.80087,119.045,2.75367,-97.0915,0.135713,-14.3104,122.461,201.478,-160.315,3.84862,-394.726,-258.623,9.33607,147.638,-8194.25,533.461,-24.2216,25.9637,-28.9223,75443.9,-1444.34,63.253,1892.59,35860.7,-2262.36,48.0318,0,-232.875,-35648.3,-1340.26,18.5117,-256.21,6.96986e+09,611854,-10760.7,1.25752e+08,-35197.2,-2723.6,57.6367,-36.3284,83091.7,1268.35,-36.1826,29.3944,127.236,12831.1,-1028.93,22.6125,-27.0501,-17.2058,-276.385,-2.24642,0.000295064,193.621,44.2885,-102.331,-7.2515,-1.09189e+07,459333,6047.59,-999.646,100.626,110.628,-1.18409,-11.2503,6.22305,-5.64906,-1.98152,-0.511758,0,3977,2.17582e-12,5.49788e-12,2.75602e-12,4.4178e-12,1.67914e-08,-5.33432e-08,-4.18813e-08,1.31025e-07,2.1802e-07,-1.87789e-07,0,-1.12467,7.10895,-0.0774678,-0.119988,3.14159,1.4861,-25.7373,2.5333,12087.1,-0.392699,3.80087,23.8039,2.75371,-19.4183,0.523599,0,0,0,142.851,0.0501962,-1.12467,-0.0774697,2.54053,1.4861,2.5333,-1.13189,3.80087,2.75367,0.135713,0.0450666,5.87753,25.4437,-0.00658173,8394.42,-5.41001,-3.44116,-55.2769,1388.83,0.059033,0.0156969,1.03021,-1702.02,4057,-24536.3,2.54127e+09,1.39431e+09,-1.39286e+09,52895,-11314.2,-5266.59
8.68,-5.62687,-2.49243,142.896,12776.2,0.0952964,-2000.88,-1.08239,0.576715,0.190393,-1.55535,12.9663,-9.62477e+07,1.53249,11938.6,3.26992,257.604,84.8054,-4.36777e+08,3.84917,-2.56283,3.16462,2.91039,0.908177,-4.50047,-2.04859,-6.81164,-0.702701,-6.83211,-4.04853,-4.03413,-2.34019,-6.55509,-1.1892,-6.29139,-3.9479,-9.05757,11857,-0.306384,11.1911,-0.511386,-14.0413,0.0502778,50.0841,-1.12741,57.2423,-0.0802108,107.646,2.53777,-727.221,1.48747,-143.057,2.53467,128463,-1.13052,-211.808,3.80415,86.8486,2.75695,-17.7203,0.138968,-14.3239,122.601,-2.5953,-153.351,1.99202,5905.13,616.817,-16.9728,94.1202,-511.478,609.695,-15.5738,12.4496,84.5166,436247,7512.87,-284.947,-144726,-162734,-7863.07,65.5582,0,-2007.92,-519938,-1560.33,11.3768,-863.414,3.14627e+10,1.39611e+06,-10826.8,1.68217e+08,26754.9,-2336.15,16.4445,-17.5167,13888.2,966.909,-7.85012,14.118,95.7479,12889.9,-187.855,0.419503,-3.14747,16.9822,-32.1097,-2.24768,-0.00264331,125.224,-0.570795,-2.69595,0.735411,-5.70838e+06,597057,12801.7,-475.497,11.9572,122.208,3.54492,-37.9449,4.68841,-5.64987,-1.98156,-0.511386,0,3973,3.24185e-14,1.49503e-12,9.21485e-13,1.36424e-12,-1.33199e-07,2.79721e-07,2.45651e-07,-1.39831e-07,2.50584e-07,3.12665e-08,0,-1.12741,7.46411,-0.0802236,-0.0112048,3.14159,1.48747,-28.5676,2.53467,25692.5,-0.392699,3.80415,17.3691,2.75696,-3.54406,0.523599,0,0,0,142.851,0.0502778,-1.12741,-0.0802108,2.53777,1.48747,2.53467,-1.13052,3.80415,2.75695,0.138968,0.0450185,2.8235,19.1491,-0.000188581,1873.5,-0.629495,3.39643,-6.42194,526.2,0.0590202,0.0156926,1.03018,-47.5984,-237.955,-53076.6,1.14588e+10,6.29643e+09,-6.29324e+09,13897.2,-3343.81,-2224.39
8.7,-5.62689,-2.4915,142.896,12780.1,0.095724,-2000.73,-1.08512,1.20998,0.386868,-1.59843,7.3589,-9.62718e+07,1.53179,-4602.95,2.18513,-54.7948,-19.5491,-4.36777e+08,3.84686,-3.04331,3.15273,-0.386292,0.199082,-4.49976,-2.04572,-6.81189,-0.701997,-6.83173,-4.04666,-4.03421,-2.33858,-6.55566,-1.18867,-6.29079,-3.94726,-2.62045,-4581.22,-0.0896575,11.184,-0.510461,-15.553,0.0507055,61.3977,-1.13014,84.3682,-0.0829408,-2667.08,2.53505,77.5818,1.48677,-113.012,2.53397,-28506.1,-1.13121,-221.22,3.80184,90.8286,2.75464,1.36343,0.136682,-14.3067,122.454,161.241,-159.083,3.27361,6817.85,651.378,-27.3195,112.571,-1160.45,806.396,-31.6707,37.5193,127.726,2.56177e+07,-22201.7,783.676,3.52955e+06,-33431.2,941.494,4.06248,0,-461.888,-27497.8,-1185.57,14.0224,114.739,1.55625e+09,-318660,1432.47,-6.23665e+07,38582.1,-2347.79,24.9057,-31.8902,7190.59,966.278,-11.2502,25.7746,94.5194,1305.57,14.9092,-0.0251474,0.468277,26.9037,-26.7388,-2.24627,-0.00479087,197.682,7.48787,22.1923,-1.41932,-1.20769e+06,-230019,-2818.26,-59.5399,-12.1822,-7.53788,4.78547,5.04624,4.62995,-5.64987,-1.98156,-0.510461,0,3973,3.45335e-13,-2.73315e-12,-1.11067e-12,-1.7053e-12,-1.85356e-08,-2.71678e-08,-2.775e-08,-9.03264e-08,-7.833e-08,-8.18448e-08,0,-1.13014,8.75599,-0.0829392,-0.0113987,3.14159,1.48677,-22.7937,2.53398,-5701.21,-0.392699,3.80184,18.1637,2.75468,0.272686,0.523599,0,0,0,142.851,0.0507055,-1.13014,-0.0829408,2.53505,1.48677,2.53397,-1.13121,3.80184,2.75464,0.136682,0.0450185,5.15434,18.9023,-0.000609311,950.809,0.0936553,5.38074,-5.34776,51.2144,0.0590202,0.0156926,1.03013,1097.43,3119.5,-5.23571e+06,5.58505e+08,3.10402e+08,-3.11078e+08,4584.52,-2532,-154.074
8.72,-5.62682,-2.49112,142.895,12781.8,0.096272,-2000.89,-1.08661,0.902822,0.397122,1.92316,2.72181,-9.64243e+07,1.52651,10474,0.922873,174.985,56.52,-4.36777e+08,3.84465,-2.67047,3.35928,0.635086,0.166163,-4.49933,-2.04377,-6.80995,-0.700777,-6.83108,-4.04544,-4.03422,-2.33733,-6.5563,-1.1888,-6.28992,-3.94725,1.71973,10418.4,0.522651,11.172,-0.510084,-13.6642,0.0512534,59.6285,-1.13163,120.18,-0.0844355,-20.6921,2.53356,-439.828,1.48149,-132.056,2.52869,86885,-1.1365,-271.853,3.79963,137.489,2.75243,-1.67642,0.134464,-14.2766,122.197,-35.9356,-151.468,2.03933,6387.5,740.472,-21.0463,100.537,4288.65,1351.93,-36.5977,101.259,255.221,193837,-224.096,5.9525,-168.127,-9974.56,-4769.66,44.8887,0,-688.507,-170897,-1450.59,11.0115,-522.049,1.45917e+10,949002,-8004.22,1.29176e+08,-254550,-3430.12,71.3013,-271.242,270710,1869.92,-52.2523,219.811,157.123,4007.86,-21.6356,0.571898,-2.72866,42.5219,-42.8704,-2.24389,-0.00355152,81.6367,-7.5962,-7.32209,173.849,-7.62233e+06,523828,8670.74,-256.05,6.34922,38.853,6.61411,-22.893,7.6938,-5.64987,-1.98156,-0.510084,0,3973,5.66908e-13,7.71605e-13,1.24656e-12,1.25738e-12,3.50421e-08,8.56087e-08,7.69069e-08,2.29094e-08,3.41675e-08,3.26095e-08,0,-1.13163,5.95707,-0.0844298,-0.0114697,3.14159,1.48149,-26.2307,2.52869,17377,-0.392699,3.79963,27.4956,2.75246,-0.335284,0.523599,0,0,0,142.851,0.0512534,-1.13163,-0.0844355,2.53356,1.48149,2.52869,-1.1365,3.79963,2.75243,0.134464,0.0450185,43.9586,31.4228,-0.000672094,12656.4,-0.545731,8.50439,-8.57409,169.667,0.0590202,0.0156926,1.03011,-869.552,-2675.36,-38728.5,5.24593e+09,2.9212e+09,-2.91907e+09,124732,-54588,-696.991
8.74,-5.62765,-2.49155,142.895,12783.4,0.0965361,-2001.81,-1.08933,5.34548,-0.310444,124.547,2.41866,-9.7503e+07,1.5153,64433.5,-37.7494,298.861,97.8508,-4.36777e+08,3.84345,-2.6113,3.2799,2.29216,0.541385,-4.49941,-2.04252,-6.80564,-0.698641,-6.83164,-4.04543,-4.03509,-2.33734,-6.55748,-1.18947,-6.29036,-3.94785,5.75797,64297.9,0.127219,11.1694,-0.510477,-23.8927,0.0515656,129.67,-1.1343,266.865,-0.0871012,-56.9804,2.5309,-290.495,1.47033,-172.751,2.51752,148565,-1.14766,-280.447,3.79848,117.052,2.75128,-86.7139,0.133346,-14.2665,122.138,1624.47,-191.537,51.4374,15160.7,914.252,-425.303,217.625,-13516.2,1822.26,-813.309,216.91,529.643,36759.7,-384.563,169.205,0.260212,78536.5,-2301.24,585.523,0,-284.221,-50242.1,-1532.67,258.759,-314.26,4.37178e+10,1.24134e+06,-264595,6.4486e+08,89751.6,-2563.08,376.986,-101.58,-11661.5,1061.76,-166.508,82.4387,94.6972,123008,-894.19,11.1257,-90.9191,-20.6556,-291.528,-2.24336,-0.00126585,79.633,-46.2763,214.962,6282.18,-5.39384e+07,3.2218e+06,14864.5,98.0033,9.24767,51.0242,13.7864,-13.6702,4.63117,-5.65068,-1.9816,-0.510477,0,3969,1.7375e-14,-2.54863e-12,-2.2764e-12,-2.95775e-12,-1.18111e-08,-1.58725e-08,-2.07019e-08,2.1407e-08,-7.73604e-08,1.27088e-07,0,-1.1343,13.3781,-0.087096,0.401048,3.14159,1.47033,-34.0202,2.51753,29713.1,-0.392699,3.79848,23.4018,2.75134,-17.3428,0.523599,0,0,0,142.85,0.0515656,-1.1343,-0.0871012,2.5309,1.47033,2.51752,-1.14766,3.79848,2.75128,0.133346,0.0449705,16.4805,18.9346,-0.0122555,2634.51,-18.1838,-4.13113,-58.3056,5097.74,0.0590074,0.0156884,1.03012,13634.2,56474.5,-19719.6,1.5327e+10,8.72843e+09,-8.72487e+09,-18903.3,32931.4,-23976.4
8.76,-5.62968,-2.49203,142.895,12784.6,0.0954064,-2001.48,-1.09373,0.866137,0.0306785,-3.76813,2.52374,-1.00016e+08,1.50073,252938,2.87193,659.191,218.657,-4.36988e+08,3.84702,235446,2.4689,-108.617,37.018,-4.49997,-2.04276,-6.79901,-0.694498,-6.83496,-4.04709,-4.03696,-2.33961,-6.55804,-1.1889,-6.29404,-3.94758,1.51467,252722,235411,11.1796,-0.510859,-13.5038,0.0505439,-37.52,-1.13859,21.6217,-0.0913943,-22.8774,2.52661,-404.69,1.45587,-144.268,2.50307,328929,-1.16213,-259.042,3.80216,126.912,2.75496,55428.1,0.137024,-14.2854,122.358,-51.5805,-151.02,2.09225,-983.065,-319.02,7.3521,118.47,-7313.51,286.686,-8.5744,118.151,-82.61,3862.72,-251.977,6.91852,0.121432,3679.3,-4408.75,43.7213,0,-597.207,-137652,-1590.99,12.7121,-500.476,2.22226e+11,3.60896e+06,-31899.2,2.06341e+09,-220837,-3299.33,68.6552,-201.527,236203,1756.83,-49.7995,162.847,145.598,-5.02843e+08,751868,-19993.9,74849,29951.8,-7.89053e+07,-2.24539,-0.00195406,61.5084,16.4205,-9.01412,-129.629,-1.25643e+08,1.2647e+07,32881,-1.05176e+07,1.17724e+07,-5509.45,-2.14722,-21.5363,7.12148,-5.65251,-1.98168,-0.510859,0,3960,-8.94673e-13,1.05993e-12,1.34759e-12,1.21629e-12,-2.99222e-08,-8.13746e-08,-7.56336e-08,1.78798e-07,-1.48237e-07,1.8612e-07,0,-1.13859,1.07509,-0.0913815,-0.52743,3.14159,1.45587,-30.1767,2.50306,65785.8,-0.392699,3.80216,27.4912,2.75502,11085.6,0.523599,0,0,0,142.851,0.0505439,-1.13859,-0.0913943,2.52661,1.45587,2.50307,-1.16213,3.80216,2.75496,0.137024,0.0448625,35.4175,30.2562,-3008.95,4.23643e+08,14969.8,5990.37,-1.57811e+07,-2.036e+07,0.0589787,0.0156788,1.03013,1102.9,1063.52,-635.751,7.50264e+10,4.44565e+10,-4.44485e+10,2.11827e+09,-9.9632e+07,1.00913e+08
8.78,-5.63077,-2.49153,142.895,12784.7,0.0931817,-2018.12,-1.09772,28.4821,0.134583,-1299.79,2.53539,-1.00016e+08,1.49006,224.793,2.22921,4.59175,-0.159689,-4.36882e+08,3.84527,-600886,10.0829,-286.028,95.2384,-4.49953,-2.04395,-6.7919,-0.689392,-6.83947,-4.0441,-4.03771,-2.34265,-6.55623,-1.18634,-6.29837,-3.9456,29.2229,227.182,-600971,11.1817,-0.510313,2.31444,0.0483793,-23.579,-1.14252,-85.0839,-0.0953226,29.9688,2.52267,23.9909,1.44526,-39.8935,2.49246,1440.87,-1.17275,394.778,3.80047,-359.163,2.75327,142907,0.135268,-14.2876,122.409,275.192,-91.4641,136.911,2552.43,-29.6231,-161.107,-111.134,-5337.02,120.845,-1203.95,-110.854,-90.2189,91343.4,-55.5925,460.408,-15.1906,955.958,-776.486,1312.73,0,-67.6396,3.8662,-1044.02,721.318,-10.3939,4.78863e+06,156477,-173613,1.96851e+06,127589,-1158.27,5842.95,2682.16,96176.6,188.443,-4357.85,-2171.95,-383.507,-3.59759e+09,-110772,1.77378e+06,976306,77027,1.99085e+08,-2.24582,-0.00462058,3.99625,-831.656,1371.78,-64912.9,-22880.9,11366.5,151.084,5.3034e+06,-3.00442e+07,-14379.9,-2.34647,-0.444342,-18.7598,-5.65353,-1.98172,-0.510313,0,3955,-1.57946e-12,-1.17006e-12,-9.88987e-13,-1.00825e-12,-1.21447e-08,-2.45519e-10,-5.40631e-09,-1.65004e-07,-1.9698e-07,2.86119e-07,0,-1.14252,-4.27372,-0.0953195,-0.00942005,3.14159,1.44526,-7.99153,2.49244,288.174,-0.392699,3.80047,-72.9698,2.75326,28581.5,0.523599,0,0,0,142.851,0.0483793,-1.14252,-0.0953226,2.52267,1.44526,2.49246,-1.17275,3.80047,2.75327,0.135268,0.0448024,-442.156,-77.3158,-1580.23,2.84424e+09,195261,15405.4,3.98169e+07,-1.42486e+08,0.0589628,0.0156735,1.03009,-755.52,9283.15,-20390.3,1.5141e+06,319546,-286008,1.42211e+10,-7.067e+08,7.10142e+08
8.8,-5.63063,-2.4909,142.895,12785.1,0.0914513,-2014.52,-1.10085,3.296,-1.76475,162.1,2.78866,-9.50285e+07,1.48854,-568044,4.35334,-1083.03,-363.154,-4.36882e+08,3.8398,63.4905,3.69541,40.5132,0.138183,-4.4982,-2.04463,-6.78876,-0.68681,-6.84238,-4.03935,-4.03732,-2.34478,-6.55383,-1.18411,-6.30075,-3.94381,1.88418,-567677,67.0478,11.17,-0.50969,34.3698,0.0466489,1056.44,-1.14566,749.947,-0.0984578,131.43,2.51953,670.962,1.44374,163.374,2.49094,-542560,-1.17426,249.824,3.795,-155.143,2.7478,21.518,0.129798,-14.2584,122.16,11947.5,25.0589,1206.96,-720041,2559.4,31488.9,-3831.35,-1.07815e+06,1820.25,22274.6,-3831.62,3536.3,-1.11905e+08,320.514,3871.96,5228.96,17403.9,-998.545,28995,0,818.214,-386269,-562.909,8115.55,718.582,6.2374e+11,1.34364e+06,-2.52114e+07,-4.04383e+09,187989,-673.877,11587.1,259.972,-90324.2,118.226,-6132.27,-211.912,-20.3224,172388,-669.661,3159.09,270.693,6.05958,83.7396,-2.24349,-0.00445448,21.6192,179.998,112.439,8183.51,2.49393e+08,-2.84021e+07,-54230,-1061.01,3314.16,1960,91.968,30.7248,-0.993359,-5.65353,-1.98172,-0.50969,0,3955,5.3052e-13,-7.48202e-12,8.17835e-12,8.17524e-12,-3.61479e-08,8.95864e-08,7.2374e-08,-2.63954e-07,-4.48741e-07,2.33684e-07,0,-1.14566,37.486,-0.0984589,-0.0117575,3.14159,1.44374,33.1876,2.49093,-108512,-0.392699,3.795,-31.0298,2.74779,4.3036,0.523599,0,0,0,142.851,0.0466489,-1.14566,-0.0984578,2.51953,1.44374,2.49094,-1.17426,3.795,2.7478,0.129798,0.0448024,-42.3854,-4.06464,-0.000518737,-25804.9,54.1387,1.21192,16.7479,20555.5,0.0589628,0.0156735,1.03005,-543593,-295930,2.22954e+07,2.04069e+11,1.24181e+11,-1.24194e+11,-433328,260484,-102996
8.82,-5.63004,-2.49059,142.895,12787.7,0.090242,-2014.4,-1.1035,-1.31318,0.12903,-1.56361,2.3104,-9.50318e+07,1.49109,1563.82,10.8547,18.2656,4.25267,-4.36882e+08,3.83816,-2.52829,3.37957,3.60524,0.376968,-4.49663,-2.04504,-6.78786,-0.685988,-6.8437,-4.03736,-4.03655,-2.3464,-6.55165,-1.18269,-6.30191,-3.94269,-0.352951,1570.42,0.474313,11.1547,-0.509409,-18.5677,0.0454035,-87.3577,-1.14834,57.8151,-0.101142,-99.3126,2.51686,-63.2524,1.44625,-138.203,2.49345,8117.08,-1.17174,-290.211,3.79332,140.098,2.74612,-38.9245,0.128138,-14.2217,121.827,608.434,-168.832,13.129,-6212.81,-633.183,81.9228,258.066,-27437.9,464.164,-65.721,79.6705,-111.105,33849.4,-768.809,105.713,237.873,19017,-417.423,75.627,0,-283.443,-3618.59,-1336.52,63.8695,-56.0553,1.41227e+08,60754.4,-8006.62,1.15478e+07,-21279.3,-2794.33,182.659,-49.7232,87235.4,1318.58,-113.034,40.6112,141.499,16028.6,-374.672,24.1689,-13.41,17.9373,-65.334,-2.24042,-0.00206013,130.357,5.56738,-103.219,-11.6636,-167227,78317.9,834.775,-270.356,13.1336,144.929,-4.22522,-2.4018,6.91457,-5.65292,-1.9817,-0.509409,0,3958,6.11788e-13,-1.68554e-12,-3.85914e-13,-1.18905e-12,-1.03431e-08,5.75436e-09,2.41698e-10,-7.23438e-08,-1.82387e-07,3.58765e-08,0,-1.14834,6.17102,-0.101135,-0.860008,3.14159,1.44625,-27.6361,2.49345,1623.42,-0.392699,3.79332,28.0181,2.74613,-7.7849,0.523599,0,0,0,142.85,0.0454035,-1.14834,-0.101142,2.51686,1.44625,2.49345,-1.17174,3.79332,2.74612,0.128138,0.0448384,8.12182,28.2988,-0.000506472,4982.51,-2.68199,3.58746,-13.0668,1271.41,0.0589723,0.0156767,1.03004,-10885.5,12160.3,-18762.9,4.72064e+07,2.75242e+07,-2.73312e+07,22563.9,-3513.37,-5607.72
8.84,-5.63009,-2.49082,142.895,12787.7,0.0892465,-2014.54,-1.10302,-0.788192,-0.256149,-16.8824,2.56078,-9.50318e+07,1.49432,-3.09645,2.31417,1.45057,-0.69857,-4.36882e+08,3.83951,-4.77497,1.85843,-3.56828,1.63968,-4.49668,-2.04706,-6.7882,-0.686056,-6.84507,-4.03762,-4.03645,-2.34821,-6.5504,-1.18199,-6.3034,-3.94225,-0.463526,-0.0837168,-4.55622,11.1498,-0.509632,-0.614359,0.0444081,11.5139,-1.14786,-46.3476,-0.100663,1.48032,2.51732,-99.2842,1.44948,-63.7919,2.49668,89.7984,-1.16852,192.071,3.79467,-204.075,2.74747,17.3415,0.12946,-14.209,121.72,-54.1793,-104.805,94.9124,-1372.67,-166.376,382.857,-107.294,743.571,263.325,-789.026,60.8786,10.2102,-1659.71,-29.4359,64.4104,-2.52347,7835.77,-2749.01,1694.51,0,-193.316,-4067.19,-1271.44,564.248,-157.629,39921.5,2039.03,-1056.85,958.941,71423.8,-1812.85,3396.78,1288.26,-6048.33,691.061,-2508.03,-1050.48,-206.841,22290.7,-71.1745,224.805,106.306,-47.5661,56.3194,-2.23945,4.08727e-07,-1.38284,-6.9214,-35.526,-795.064,-121.54,-27.7467,0.513108,13.3825,-99.1331,-185.311,0.529168,-6.76263,-10.1032,-5.65292,-1.9817,-0.509632,0,3958,1.57852e-12,1.49547e-13,-1.06234e-13,-3.07188e-13,-1.55961e-09,-8.43727e-09,-8.49624e-09,-1.49678e-07,-1.19797e-07,-5.01962e-08,0,-1.14786,-9.21407,-0.100672,0.197522,3.14159,1.44948,-12.7598,2.49667,17.9597,-0.392699,3.79467,-40.8173,2.74745,3.4683,0.523599,0,0,0,142.85,0.0444081,-1.14786,-0.100663,2.51732,1.44948,2.49668,-1.16852,3.79467,2.74747,0.12946,0.0448384,-210.108,-41.37,-0.000603035,7245.36,21.2612,-9.51323,11.2639,829.454,0.0589723,0.0156767,1.03005,1267.54,507.753,597.093,16946,17183,-10634.3,10792.9,10745.4,-4298.61
8.86,-5.63024,-2.49105,142.895,12787.5,0.0882972,-2015.69,-1.10623,-0.996335,-0.23812,-1.44345,2.64646,-9.50318e+07,1.49359,-11.0309,3.29048,-11.9872,-0.216284,-4.36882e+08,3.84005,0.800802,-0.428591,11.4629,0.413105,-4.49574,-2.04734,-6.78676,-0.685247,-6.84655,-4.03753,-4.03648,-2.34996,-6.54932,-1.18135,-6.30494,-3.94184,-0.739325,-7.52413,-0.0408937,11.1514,-0.509855,-2.89367,0.0434708,12.9479,-1.15105,-38.3781,-0.103857,-21.8385,2.51414,-2556.47,1.44876,-303.45,2.49596,-321.761,-1.16923,-841.687,3.79522,632.13,2.74802,-110.077,0.130042,-14.2121,121.753,-231.092,-113.474,66.2536,-2431.44,-309.372,453.995,-84.8055,3496.41,475.908,-780.272,75.3872,16.0074,-887.677,201.568,-355.299,98.7779,-1.21867e+06,-43464.4,12753.1,0,-59268.8,-7.08242e+06,-5118.34,1476.61,-3278.02,-590620,-5434.4,1572.34,770.875,1.34604e+06,-1640.59,-5160.01,12796.8,-258069,525.202,4387.92,-10428,791.053,424518,-85.7992,-767.676,1745.09,158.494,-236.333,-2.23977,0.000563036,-7.26589,-57.1324,-28.711,-4.77372,-7.27936,-424.505,-641.783,8.28958,179.683,556.582,0.758651,-140.483,38.6245,-5.65312,-1.98171,-0.509855,0,3957,1.34681e-12,1.69592e-12,-5.82479e-13,1.61693e-12,1.27564e-07,-2.55609e-07,-2.55788e-07,4.33103e-07,6.07027e-07,1.98184e-07,0,-1.15105,-6.38914,-0.103851,-0.0256829,3.14159,1.44876,-60.6901,2.49596,-64.3522,-0.392699,3.79522,126.419,2.74804,-22.0155,0.523599,0,0,0,142.85,0.0434708,-1.15105,-0.103857,2.51414,1.44876,2.49596,-1.16923,3.79522,2.74802,0.130042,0.0448264,-2085.48,158.204,-0.00226543,59628,349.019,31.6988,-47.2667,18096.3,0.0589691,0.0156756,1.03007,7989.3,-4884.28,-1853.94,-1.00043e+06,1.29693e+06,134948,50392.4,144289,-88594.1
8.88,-5.63003,-2.49164,142.895,12786.9,0.0871976,-2019.4,-1.11116,-1.86034,-0.130887,-1.5409,-28.8523,-9.50318e+07,1.48754,-5.15608,1.79172,-3.0353,11.8786,-4.36881e+08,3.83773,253.049,2.45029,-1.73165,1.32051,-4.49387,-2.04742,-6.78209,-0.683399,-6.84816,-4.0361,-4.03611,-2.3523,-6.54767,-1.18094,-6.30632,-3.94169,30.0027,-15.2429,254.179,11.1517,-0.510459,-8.1744,0.0423591,42.4618,-1.156,-11.3404,-0.108801,-52811.7,2.50919,-861.181,1.4427,-174.547,2.4899,-257.452,-1.1753,-223.873,3.7929,114.482,2.7457,1909.12,0.127692,-14.2131,121.756,-350.302,-132.288,19.5373,14101.1,2001.33,-694.276,147.666,-5929.48,-509.301,176.088,-63.075,43.9393,1.92552e+09,-2.19308e+06,752803,-2.57697e+08,-218300,-11477,992.465,0,-4280.77,-749571,-2300.62,184.478,-1113.49,-176702,-3405.82,280.187,115.599,148470,-1680.55,-229.767,322.093,-76188.5,507.984,241.916,-263.201,148.726,-3.04853e+06,6739.96,4642.21,-4060.97,1072.81,-92480.7,-2.23983,0.00296689,-32.8559,-185.676,-97.2132,1.50519,-25.599,-131.067,-143.603,6983.07,12792,-166.158,2.27505,-47.5263,7.25651,-5.65292,-1.9817,-0.510459,0,3958,9.5593e-13,4.18804e-13,2.7104e-13,9.09495e-13,-4.25374e-08,8.67756e-08,4.78171e-08,-1.64962e-07,-1.47255e-07,2.172e-07,0,-1.156,-2.25224,-0.108801,-0.012229,3.14159,1.4427,-34.9088,2.48989,-51.4905,-0.392699,3.7929,22.8801,2.74569,381.824,0.523599,0,0,0,142.85,0.0423591,-1.156,-0.108801,2.50919,1.4427,2.4899,-1.1753,3.7929,2.7457,0.127692,0.0448384,-52.6059,29.7369,0.838128,441676,-812.193,214.562,-18496.1,-152442,0.0589723,0.0156767,1.0301,-34622.5,7422.96,-3.59519e+08,-47455.8,108110,48926.1,2.18467e+06,-667241,731791
8.9,-5.6301,-2.49099,142.895,12786.5,0.0864224,-2020.26,-1.11177,-0.229817,-0.0398997,-1.50848,4.16821,-9.50318e+07,1.48375,-3.49904,2.04344,-2.43755,-1.62775,-4.42033e+08,3.84001,297568,3.12553,103.9,-33.6654,-4.49365,-2.04772,-6.77928,-0.681159,-6.84912,-4.03621,-4.03607,-2.35288,-6.54672,-1.17957,-6.30751,-3.94051,-1.29633,0.172152,297605,11.1585,-0.509802,-12.6686,0.041584,66.7211,-1.15661,6.11543,-0.109413,633.428,2.50858,-336.261,1.43892,-142.621,2.48611,-80.173,-1.17907,-204.857,3.79518,86.008,2.74798,-50965.5,0.130026,-14.2311,121.908,-126.925,-147.932,2.73442,6959.95,916.033,-35.86,108.383,-5689.21,51.8813,-1.60861,-46.1141,69.2749,299069,8141.85,-311.678,-24086,14631.7,-3765.11,51.4747,0,-447.571,-88539.2,-1608.7,17.2371,-428.41,-5303.04,-901.048,10.8103,46.0397,-4203.01,-2414.04,31.7462,-7.00344,36688,1058.05,-18.2844,5.70727,98.7285,-4.45021e+08,-586345,6265.13,-3544.97,-27510,-9.84606e+07,-2.24119,-0.00133902,-19.0463,-43.1097,-15.7831,1.82359,-27.9924,-48.4044,-135.212,-2.57596e+08,1.48785e+07,5116.47,3.58421,-18.2269,4.81829,-5.65292,-1.9817,-0.509802,0,3958,-1.31001e-12,-1.76958e-12,2.46483e-13,-2.64322e-12,2.3664e-08,-9.42909e-08,-4.54665e-08,-1.42386e-08,2.13139e-07,-2.85354e-07,0,-1.15661,1.214,-0.109412,0.073484,3.14159,1.43892,-28.5236,2.48613,-16.0346,-0.392699,3.79518,15.715,2.74802,-10193.1,0.523599,0,0,0,142.85,0.041584,-1.15661,-0.109413,2.50858,1.43892,2.48611,-1.17907,3.79518,2.74798,0.130026,0.0448384,1.03806,18.9417,-2867.1,3.61053e+08,-708.993,-5502,-1.96921e+07,-1.78245e+07,0.0589723,0.0156767,1.03006,-5577.02,885.296,-75671.5,-9536.92,19266.6,2799.7,1.80528e+09,-9.11724e+07,8.99383e+07
8.92,-5.63099,-2.49029,142.895,12787.9,0.0859783,-2019,-1.11256,4.15761,-0.37731,-2.20526,2.53033,-9.50318e+07,1.48663,-3.17424,2.07822,-0.46089,-1.21533,-4.42034e+08,3.84125,23.3573,3.30073,3.09984,0.0792126,-4.49424,-2.04737,-6.781,-0.680712,-6.85055,-4.03582,-4.0369,-2.35289,-6.54703,-1.17846,-6.30905,-3.93951,4.39157,0.119311,26.5788,11.1605,-0.509061,-13.5333,0.0411879,1.06875,-1.15735,32.8993,-0.110153,86.4508,2.50785,-186.214,1.44184,-129.484,2.48904,-11.1962,-1.17616,-216.543,3.79645,92.8641,2.74926,-439.255,0.131249,-14.234,121.958,-49.3515,-150.93,1.95185,2484.36,106.534,-3.80203,82.957,-228.439,322.508,-7.82133,-71.885,14.9812,-838.524,980.854,-25.501,-651.601,26931.6,-1988.97,23.4182,0,-212.157,-20136.6,-1423.15,10.7812,-230.63,12711.2,-120.798,1.1551,86.4237,-9313.01,-2479.93,24.1496,-11.693,45071.2,1100.24,-14.233,9.51482,104.158,74298.8,-4972.59,42.6558,-48.3028,-208.509,-6802.79,-2.24159,-0.00481119,71.0707,63.2359,227.899,-38.3307,-47.4404,-32.0206,-74.3186,-16639.6,1307.57,79.6524,0.716751,-9.83612,5.08771,-5.65373,-1.98173,-0.509061,0,3954,-1.05374e-13,1.24994e-12,-8.76021e-13,1.00631e-12,-1.76369e-08,3.20466e-08,3.37108e-08,4.51109e-08,-2.37182e-07,3.01219e-07,0,-1.15735,5.57838,-0.110147,0.190878,3.14159,1.44184,-25.8977,2.48903,-2.23924,-0.392699,3.79645,18.5781,2.74924,-87.8511,0.523599,0,0,0,142.85,0.0411879,-1.15735,-0.110153,2.50785,1.44184,2.48904,-1.17616,3.79645,2.74926,0.131249,0.0447904,1.90353,20.8347,0.0668617,40836.9,-9.66055,-41.7018,-1360.56,3583.05,0.0589596,0.0156725,1.03001,813.47,-698.852,804.386,1648.85,10610.7,-2195.07,216696,-11366.9,-10761.6
8.94,-5.63162,-2.49097,142.895,12788.9,0.0866649,-2012.95,-1.1141,-0.756338,-6.31203,-1.80808,36.3907,-9.50318e+07,1.49656,110.23,1.6683,4.47788,-1.06693,-4.42034e+08,3.83991,-1.24645,5.3743,4.10821,0.468731,-4.49449,-2.04625,-6.78749,-0.68438,-6.85031,-4.03629,-4.03763,-2.35248,-6.54856,-1.17977,-6.30869,-3.94065,-40.3174,112.966,3.65911,11.1536,-0.509713,-41.3019,0.0419104,832.037,-1.15886,-2261.97,-0.111659,-948.329,2.50633,-89.1131,1.4518,-236.253,2.499,87.7151,-1.16617,-598.243,3.79516,327.281,2.74796,-169.631,0.129996,-14.2134,121.803,8347.83,-245.45,402.265,-70364.2,4114.05,-9798.49,1594.14,96572,-11159.1,26449.7,-4534.57,6318.58,937703,-4679.38,11097,4318.69,68187.4,-122.401,1514.8,0,-631.525,7962.36,-1625.65,1853.54,-13.9942,131046,-1371.14,-3974.46,5683.08,57969.6,-3821.59,5488.58,-191.231,265179,1935.67,-3357.81,155.858,285.607,195038,-1091.83,1536.53,-111.338,-12.942,-395.661,-2.2402,-0.000456541,48.49,302.369,23.031,-28.4132,13.4013,5638.71,146.153,453.414,77.313,149.603,113.835,-0.601411,13.9552,-5.65434,-1.98176,-0.509713,0,3951,3.84892e-12,3.99014e-12,-1.60902e-11,1.5774e-11,6.27262e-08,5.85831e-08,6.91858e-08,-5.62823e-08,3.04205e-07,-1.0803e-07,0,-1.15886,-54.3262,-0.111661,0.647389,3.14159,1.4518,-47.2474,2.49902,17.543,-0.392699,3.79516,65.446,2.74799,-33.9261,0.523599,0,0,0,142.85,0.0419104,-1.15886,-0.111659,2.50633,1.4518,2.499,-1.16617,3.79516,2.74796,0.129996,0.0447544,31.1661,57.1153,-0.00804142,12256.6,-22.2675,-2.58839,-79.1322,22702.9,0.05895,0.0156693,1.03005,663033,-1.2225e+06,-710261,71193.3,-245024,165356,-179435,203424,-110674
8.96,-5.63261,-2.49188,142.895,12793.1,0.0869673,-2012.71,-1.11929,-1.51971,-7.0699,-7.26497,4.46355,-9.50318e+07,1.50254,-3.4036,2.13006,-0.717045,-1.13608,-4.42034e+08,3.83244,-2.71984,3.20384,1.45814,0.074574,-4.49393,-2.04431,-6.79181,-0.687002,-6.85156,-4.0333,-4.03866,-2.35291,-6.54994,-1.18096,-6.30923,-3.94177,-9.91157,-0.137461,0.409432,11.1602,-0.510583,-15.0485,0.0422729,126.443,-1.16399,-1443.99,-0.11679,33.8411,2.5012,-63.4904,1.45784,-120.966,2.50504,-2.74401,-1.16016,-232.525,3.78775,103.481,2.74055,-7.9089,0.122524,-14.2258,121.942,113.592,-156.09,2.5282,8786.07,1298.56,-41.7673,204.197,80461.8,-14349.7,453.91,-2154.36,16703.5,1.00645e+06,337.25,-10.6738,635.431,14447.1,-560.121,16.6488,0,-232.626,-3830.85,-1275.1,12.1245,-63.9396,3501.9,-25.4819,0.537263,24.9358,590.391,-2509.14,29.3123,-21.2975,42641.5,1129.36,-17.0799,17.5144,109.516,5951.26,-84.188,0.805144,-1.50524,25.8005,-29.5068,-2.24153,0.00163759,211.498,11.7975,-1.74362,-317.68,-25.7626,-42.6932,-87.0636,-541.08,3.27029,67.9283,74.4683,-2.75564,5.32997,-5.65536,-1.98181,-0.510583,0,3946,-2.72726e-13,-4.52971e-13,1.97198e-12,-1.99485e-12,-1.04284e-09,-1.80469e-08,-1.82787e-08,-1.29816e-08,-1.22246e-07,-7.56493e-08,0,-1.16399,-2.14019,-0.11679,-0.00366663,3.14159,1.45784,-24.1936,2.50504,-0.548801,-0.392699,3.78775,20.6985,2.74052,-1.58178,0.523599,0,0,0,142.85,0.0422729,-1.16399,-0.11679,2.5012,1.45784,2.50504,-1.16016,3.78775,2.74055,0.122524,0.0446944,3.50329,21.905,0.000631454,2703.17,-0.301048,5.1601,-5.90135,272.08,0.0589341,0.015664,1.03009,2380.31,-54278.1,-199369,2770.66,3746.81,-524.478,20643.1,-8013.03,-1105.51
8.98,-5.63324,-2.49282,142.895,12792.9,0.0868442,-2013.23,-1.12775,-1.78156,4.53422,14.9396,2.72997,-9.50318e+07,1.50396,-1.02928,1.24501,2.42767,-0.644476,-4.42034e+08,3.81925,-2.11914,3.02169,2.94288,0.648327,-4.49191,-2.0416,-6.79298,-0.688173,-6.85353,-4.02701,-4.03927,-2.35405,-6.55041,-1.18179,-6.31005,-3.94263,3.16429,0.860207,0.254224,11.1706,-0.511494,-12.7909,0.0421978,136.706,-1.1724,2168.7,-0.125198,-460.305,2.49278,105.226,1.45932,-97.621,2.50651,7.36592,-1.15868,-161.343,3.7746,52.8649,2.7274,-8.48373,0.109393,-14.2483,122.162,-117.573,-148.567,2.59853,10099.7,1744.05,-63.1716,283.625,1.49402e+06,26732.3,-955.934,4018.32,37441.6,802894,-5669.86,202.708,-302.634,-38266,1224.31,0.40921,0,-460.799,-35962.5,-1098.39,11.0758,140.875,-10529,84.9413,-0.41483,-50.0782,119170,-1469.25,-23.8026,-176.175,-81486.8,308.7,27.145,147.184,54.9379,21766.3,-30.0352,-6.45126,-26.9074,10.3945,-17.2066,-2.2436,0.00300963,-11.014,-25.7035,-7.58932,762.43,-24.9644,76.0939,71.69,85.7174,32.6454,127.21,-114.564,6.07517,2.6595,-5.65617,-1.98184,-0.511494,0,3942,-4.51028e-14,7.59948e-13,-4.03233e-12,2.97007e-12,1.6218e-08,2.69353e-08,2.61511e-08,-8.60412e-08,-5.94369e-08,-1.60107e-08,0,-1.1724,1.49505,-0.125214,1.63403,3.14159,1.45932,-19.5246,2.50651,1.47318,-0.392699,3.7746,10.5737,2.72739,-1.69675,0.523599,0,0,0,142.851,0.0421978,-1.1724,-0.125198,2.49278,1.45932,2.50651,-1.15868,3.7746,2.7274,0.109393,0.0446464,29.439,10.9881,0.000212349,-2797.79,-5.38149,2.07889,-3.44131,884.846,0.0589213,0.0156597,1.03014,-7880.7,-395035,-150757,-141.166,9416.29,2228.23,-29512.1,18565.7,-4155.95
9,-5.63307,-2.49294,142.895,12793.7,0.0870408,-2013.58,-1.13095,-2.25078,0.347841,-1.18501,2.68442,-9.50318e+07,1.50821,0.709862,2.72223,3.03851,-1.16948,-4.42034e+08,3.81167,-1.78157,3.3124,3.81509,0.276938,-4.49077,-2.03998,-6.79516,-0.689503,-6.85369,-4.02317,-4.03913,-2.35385,-6.5505,-1.18209,-6.30959,-3.94288,-1.44577,4.60157,1.2539,11.1766,-0.511615,-13.3079,0.0423824,61.2433,-1.17561,119.298,-0.128408,-22.0305,2.4896,873.045,1.46355,-42.4672,2.51075,-417.473,-1.15445,-218.073,3.76701,100.209,2.71981,-37.5766,0.101839,-14.2642,122.29,-72.2625,-150.469,2.1066,6626.45,792.086,-23.3492,103.576,5511.79,1401.22,-39.7925,102.935,259.906,-2679.42,-248.946,6.9635,0.044907,-758468,9761.64,-65.6489,0,-5496.54,-1.01727e+06,-469.369,4.00062,1100.55,1.11763e+06,-4653.47,33.6619,-3755.55,-17279,-2540.11,28.1929,-19.2567,51966.9,1214.16,-17.867,16.2336,108.011,9506.9,-434.832,4.60729,-6.70145,8.90699,-67.3123,-2.24479,0.00209339,39.4321,-17.3988,-7.72982,-76.5855,-37.6595,163.263,82.2858,-1218.14,49.1454,147.774,-6.76992,47.6142,5.21523,-5.65597,-1.98183,-0.511615,0,3943,-1.14221e-12,-7.2431e-13,1.87672e-12,-9.58357e-14,-1.32401e-07,-2.43101e-07,-2.36527e-07,9.26203e-08,-2.46142e-07,1.16669e-07,0,-1.17561,5.99294,-0.128394,1.37114,3.14159,1.46355,-8.49256,2.51075,-83.4946,-0.392699,3.76701,20.04,2.71983,-7.51532,0.523599,0,0,0,142.851,0.0423824,-1.17561,-0.128408,2.4896,1.46355,2.51075,-1.15445,3.76701,2.71981,0.101839,0.0446584,3.24643,21.6008,-0.000876126,4568.54,-1.34029,1.7814,-13.4625,416.429,0.0589245,0.0156608,1.03015,-1646.86,-3883.7,822.945,11771,413141,-217920,37923,-13120.6,-1345.96
9.02,-5.63233,-2.49279,142.895,12792.7,0.0870283,-2012.52,-1.13003,-5.48763,0.0336539,207.547,2.54033,-9.51268e+07,1.51128,8695.46,8.12536,125.386,40.4935,-4.42034e+08,3.80534,-1.6578,3.18526,3.74059,0.255139,-4.49031,-2.04025,-6.79591,-0.690096,-6.85347,-4.01951,-4.03838,-2.35372,-6.54974,-1.18193,-6.30886,-3.94272,-4.85272,8663.09,1.27232,11.1758,-0.511501,-10.0431,0.0423218,9.36559,-1.17473,43.6017,-0.127534,-11.9245,2.49046,-350.937,1.46657,-118.987,2.51377,62032.7,-1.15142,-173.618,3.76063,72.794,2.71343,-28.0374,0.0954053,-14.2654,122.274,-295.774,-139.209,10.0562,3409.43,369.791,-64.7238,40.4229,4656.73,930.229,-149.631,43.4417,73.2789,-1038.96,-227.263,35.7639,-0.249755,-887.037,-4387.83,217.86,0,-564.032,-105438,-1464.77,58.0626,-435.253,7.72768e+09,769204,-33926.2,8.22163e+07,-78232,-2849.29,245.095,4.27614,89270.6,1522.25,-179.941,-3.63205,86.8037,-15948.9,-530.703,56.3725,1.38789,8.23516,-49.5953,-2.24464,0.00174387,-48.126,52.8211,-170.701,10382.5,-4.74768e+06,434901,6190.81,9564.86,55.017,145.956,-1.83504,-18.8803,4.18317,-5.65516,-1.9818,-0.511501,0,3947,9.80604e-13,7.28972e-13,-6.53366e-13,6.01838e-13,-3.89906e-08,-9.51876e-08,-8.43547e-08,7.20941e-08,-9.88306e-08,4.70549e-08,0,-1.17473,2.01605,-0.127536,-0.179569,3.14159,1.46657,-24.0288,2.51377,12406.5,-0.392699,3.76063,14.5611,2.7134,-5.60748,0.523599,0,0,0,142.851,0.0423218,-1.17473,-0.127534,2.49046,1.46657,2.51377,-1.15142,3.76063,2.71343,0.0954053,0.0447064,-0.726525,17.3626,0.00114373,6713.09,0.277578,1.64703,-9.91906,-1180.74,0.0589372,0.015665,1.03015,-1786.87,-9767.81,2328.52,2.67629e+09,1.54968e+09,-1.54816e+09,70869.2,-36453.6,6489.3
9.04,-5.63144,-2.49321,142.895,12794.4,0.0868389,-2012.77,-1.13346,-2.13595,1.20614,-16.1319,3.10706,-9.51688e+07,1.5097,-9190.26,2.21388,-87.6309,-31.0489,-4.42034e+08,3.8004,-1.38032,3.59648,4.01236,0.2755,-4.48832,-2.03943,-6.794,-0.689956,-6.85323,-4.01714,-4.03747,-2.35444,-6.5486,-1.18218,-6.30825,-3.94301,-0.895277,-9157,1.94066,11.1746,-0.511963,-13.6554,0.0420845,254.171,-1.17821,338.918,-0.131012,-31.4701,2.48698,170.345,1.46495,-96.8815,2.51214,-44979.6,-1.15306,-237.472,3.75564,117.89,2.70845,-50.0401,0.0904411,-14.2647,122.243,-39.0022,-151.622,1.92398,9354.91,2874.02,-73.3779,775.46,26971.4,3759.15,-95.1655,842.848,1014.92,-10362.2,-345.026,8.69703,-0.756238,-71660.7,1942.96,-4.68193,0,-663.792,-66936.3,-1063.29,7.80217,224.603,4.08202e+09,-503494,2419.72,-8.40473e+07,-50969.1,-2775.19,33.0687,-45.7687,88774.9,1436.36,-22.8371,39.1028,125.519,1255.69,-591.884,7.81137,-18.4258,6.59443,-95.4247,-2.24439,0.00387681,85.8204,-12.7902,-3.27978,-805.205,-2.10104e+06,-459385,-4460.06,-772.189,68.6442,153.638,-25.2658,9.73305,6.03703,-5.65434,-1.98176,-0.511963,0,3951,-6.09915e-13,2.79998e-13,1.59517e-12,2.94154e-13,-2.18551e-09,-4.43483e-08,-2.67678e-08,8.51273e-10,-2.16332e-08,2.16537e-08,0,-1.17821,15.5459,-0.131011,10.8602,3.14159,1.46495,-19.0974,2.51214,-8995.93,-0.392699,3.75564,23.5793,2.70843,-10.008,0.523599,0,0,0,142.851,0.0420845,-1.17821,-0.131012,2.48698,1.46495,2.51214,-1.15306,3.75564,2.70845,0.0904411,0.0447544,7.82103,25.1047,0.000781621,7068.05,-3.68516,1.31889,-19.0849,183.844,0.05895,0.0156693,1.03018,-7615.56,-8339.96,2040.39,1.39569e+09,8.14826e+08,-8.15889e+08,56921.6,-21598.7,20.0337
9.06,-5.63123,-2.49387,142.895,12796.7,0.0867647,-2011.69,-1.13207,-1.9023,1.72167,10.5282,3.04857,-9.51688e+07,1.51237,-2.49926,1.94817,2.04255,-1.41969,-4.42034e+08,3.79843,-0.976904,5.40377,5.66473,0.284416,-4.48854,-2.04083,-6.79502,-0.69121,-6.85328,-4.01665,-4.03725,-2.35522,-6.5483,-1.18277,-6.30815,-3.94362,-0.0876031,0.8686,4.14245,11.183,-0.512629,-19.8798,0.0419983,274.522,-1.17683,385.589,-0.129636,-44.4076,2.48836,-211.998,1.4676,-150.315,2.5148,250.825,-1.15038,-393.187,3.75367,234.061,2.70647,-65.6229,0.0884397,-14.2864,122.422,857.682,-173.155,20.5063,7351.83,2083.83,-445.366,501.486,5644.78,2882.53,-608.277,502.684,1030.5,-15541,-328.683,68.8583,-0.0336275,52998.2,-1779.35,212.24,0,-239.737,-24212.7,-1419.56,101.485,-229.981,223440,2225.18,-214.406,3653.37,-171298,-3526.46,452.307,-273.041,282130,2023,-329.557,233.818,238.513,3338.45,-575.412,85.3579,-76.0048,28.4791,-114.785,-2.24608,0.00461742,112.347,54.1542,9.57047,510.823,-382.859,3.01541,27.7182,-219.697,88.7166,246.461,-26.721,-9.97512,11.4526,-5.65414,-1.98175,-0.512629,0,3952,2.63739e-12,1.62226e-12,-3.24185e-12,2.96676e-12,5.50254e-10,-1.49696e-08,-1.4035e-08,8.65847e-08,-1.1914e-07,4.14068e-08,0,-1.17683,19.2246,-0.129634,9.43238,3.14159,1.4676,-30.0609,2.51481,50.1649,-0.392699,3.75367,46.8195,2.70643,-13.1246,0.523599,0,0,0,142.851,0.0419983,-1.17683,-0.129636,2.48836,1.4676,2.5148,-1.15038,3.75367,2.70647,0.0884397,0.0447664,46.7711,47.7078,0.00281244,16329.1,-15.201,5.69582,-22.9571,2050.95,0.0589532,0.0156703,1.03022,21102.4,46797.5,-3706.75,86063.9,30103.6,-24381.2,90197.8,-21143.4,-9065.52
9.08,-5.63187,-2.49415,142.896,12795.6,0.0867674,-2010.72,-1.12807,-1.76844,-0.334953,-1.08671,2.38447,-9.51688e+07,1.52086,-0.278082,3.85668,3.05062,-0.320453,-4.42034e+08,3.7999,-1.74366,3.20822,3.78264,0.262688,-4.49044,-2.04292,-6.79982,-0.693602,-6.85381,-4.01775,-4.03789,-2.3555,-6.54894,-1.18305,-6.30879,-3.94391,-1.34628,3.89905,1.20187,11.1989,-0.512883,-11.1761,0.042037,-88.4887,-1.1728,-47.2115,-0.125603,-14.9913,2.49239,471.04,1.47613,-70.2587,2.52333,-8.59708,-1.14187,-186.695,3.75517,81.4582,2.70797,-24.9854,0.0899563,-14.3244,122.765,-239.24,-143.639,6.10122,-7501.96,-1195.58,103.201,227.238,-11574.5,-642.099,55.5608,227.867,-267.236,1370.73,-226.316,20.255,-0.0119014,-254479,5569.47,-97.1159,0,-2136.06,-323379,-834.639,19.868,584.003,-12841.8,-101.182,2.03645,-344.895,3379.09,-2304.63,61.5258,-6.73412,23554.6,1055.55,-35.4168,5.75672,91.9532,10438.9,-289.291,4.98705,-1.84634,11.1955,-43.5586,-2.24924,0.00199482,-54.959,48.7582,16.2577,-56.6505,-13.7512,114.499,96.3695,-2608.78,50.4524,152.808,6.92367,25.4543,4.41506,-5.65475,-1.98178,-0.512883,0,3949,-8.69804e-13,-1.14375e-12,-3.81473e-13,1.41383e-12,9.73165e-08,-1.71235e-07,-1.71655e-07,-3.85518e-08,2.22879e-07,-6.89569e-08,0,-1.1728,-2.36293,-0.125601,-5.3456,3.14159,1.47613,-14.052,2.52332,-1.71942,-0.392699,3.75517,16.2934,2.70795,-4.99708,0.523599,0,0,0,142.851,0.042037,-1.1728,-0.125603,2.49239,1.47613,2.52333,-1.14187,3.75517,2.70797,0.0899563,0.0447304,1.15147,18.392,0.00070946,2902.14,-0.369267,2.23911,-8.71172,362.624,0.0589436,0.0156672,1.03023,8729.69,4051.18,1287.1,-39241.3,65555.3,3057.76,27947.3,-9104.17,-1274.59
9.1,-5.63223,-2.49263,142.895,12798.7,0.0868332,-2011.76,-1.12499,-0.472099,-0.477774,-11.1158,2.57554,-9.53527e+07,1.53331,-592548,8.41011,8847.16,2940.19,-4.42034e+08,3.79469,-2.16624,3.41158,2.08951,-0.071487,-4.49175,-2.04268,-6.80633,-0.695297,-6.85444,-4.01342,-4.03826,-2.35387,-6.54938,-1.18159,-6.30905,-3.94243,-0.383817,-595480,1.31683,11.2057,-0.511344,-14.218,0.0421267,11.7562,-1.1697,77.0176,-0.122503,-25.176,2.49549,16616.8,1.4886,625.324,2.5358,4.40696e+06,-1.1294,-267.366,3.74999,143.058,2.70279,-8.79065,0.0847612,-14.3418,122.925,14.4539,-154.273,1.90189,3443.55,209.644,-6.09284,87.7846,-1893.38,847.99,-21.0016,88.0991,93.0829,3513.08,-262.277,6.33667,-0.0673133,-2.06364e+08,181076,-1216.01,0,-1.4636e+06,-3.22707e+08,6813.55,-45.8947,20092,3.66082e+13,4.80118e+07,-323608,-8.44851e+09,-100415,-3092.74,41.0087,-111.614,145528,1713.02,-29.9072,96.0031,152.061,3432.12,-102.925,1.60384,-6.51032,36.1055,-40.4967,-2.25059,-0.00585816,155.068,-52.2828,81.0632,-510.839,-9.19123e+06,-2.96273e+07,442280,-361.136,29.063,100.134,-2.41258,883.408,7.29124,-5.65516,-1.9818,-0.511344,0,3947,1.35465e-14,1.84308e-12,1.04161e-12,-1.61085e-12,8.74428e-07,-1.75753e-06,-1.51625e-06,1.51051e-07,-1.63177e-07,-1.17628e-07,0,-1.1697,3.82833,-0.122507,-0.465889,3.14159,1.4886,103.972,2.53579,881392,-0.392699,3.74999,28.6152,2.70276,-1.75813,0.523599,0,0,0,142.851,0.0421267,-1.1697,-0.122503,2.49549,1.4886,2.5358,-1.1294,3.74999,2.70279,0.0847612,0.0447064,19.2031,30.415,0.000981851,8087.72,-1.30206,7.2211,-8.09934,187.146,0.0589372,0.015665,1.03014,82.7515,578.933,-1077.2,1.34519e+13,7.32184e+12,-7.32167e+12,70562.1,-29596.2,-654.653
9.12,-5.63297,-2.48952,142.895,12801.9,0.0869881,-2011.7,-1.11864,-2.13012,-0.534793,0.0495489,2.22461,-9.54368e+07,1.54932,2767.2,2.85987,130.418,42.0845,-4.42034e+08,3.78466,-2.06116,3.26143,3.0958,0.69965,-4.49449,-2.04222,-6.81503,-0.696507,-6.85564,-4.00497,-4.03902,-2.35051,-6.55032,-1.17862,-6.30956,-3.93942,-1.74793,2727.98,0.500617,11.1922,-0.508204,-14.278,0.0423056,-171,-1.16332,-121.459,-0.116121,-19.7793,2.50187,-452.105,1.50464,-120.661,2.55184,64623.5,-1.11336,-225.083,3.73998,108.522,2.69278,-15.42,0.0747895,-14.309,122.653,22.5598,-154.201,1.92455,-18305.3,-1684.28,40.0656,508.593,-29362.8,-1209.79,28.9536,559.985,-597.632,2337.44,-205.548,5.03388,-1.43836,-17031.1,-4822.55,41.8707,0,-691.067,-184662,-1309.38,8.99839,-515.374,7.65507e+09,695575,-5398.74,6.84438e+07,-1334.91,-2506.08,22.4747,-28.0539,39887.4,1231.52,-14.1103,24.4172,109.106,8627.5,-169.266,1.26868,-4.04618,20.7535,-33.6856,-2.2479,-0.0155529,162.491,3.05654,-3.17421,47.0745,-4.20483e+06,138490,6442.4,-570.184,33.8151,135.156,14.7922,-22.9264,5.21885,-5.65556,-1.98182,-0.508204,0,3945,-5.64514e-14,4.56524e-13,1.29319e-12,-7.75442e-13,2.15338e-08,4.60855e-08,3.56131e-08,-7.75595e-09,7.26756e-08,1.68858e-08,0,-1.16332,-5.50773,-0.11612,-3.91281,3.14159,1.50464,-24.3845,2.55183,12924.7,-0.392699,3.73998,21.7045,2.69278,-3.08401,0.523599,0,0,0,142.851,0.0423056,-1.16332,-0.116121,2.50187,1.50464,2.55184,-1.11336,3.73998,2.69278,0.0747895,0.0446824,4.88345,21.8212,1.00532e-05,3261.7,-0.809236,4.15069,-6.73711,386.856,0.0589309,0.0156629,1.02995,1060.22,5907.76,-767.464,2.9042e+09,1.53275e+09,-1.53116e+09,26228.8,-8688.95,-1543.94
9.14,-5.63327,-2.48461,142.895,12804.7,0.0868859,-2011.58,-1.11366,-2.14012,-0.360558,0.53653,2.30233,-9.54368e+07,1.56678,8.34614,2.27529,-4.67944,-114.408,-4.42034e+08,3.78127,-0.538405,11.7324,5.28893,0.264792,-4.4963,-2.03974,-6.82358,-0.696204,-6.8563,-3.99817,-4.0393,-2.34577,-6.55049,-1.17362,-6.31001,-3.93445,-1.66141,125.029,10.9292,11.1525,-0.503289,-14.0228,0.0422154,-138.924,-1.15833,-76.0181,-0.111131,-24.4127,2.50686,3083.46,1.52211,-92.6062,2.5693,-6680.93,-1.09589,-316.01,3.7366,189.518,2.6894,-67.28,0.0714362,-14.2118,121.826,0.832318,-152.455,1.87858,-13388.2,-1370.99,32.1498,384.356,-25804.8,-753.942,17.73,385.305,-432.854,1121.28,-255.839,6.19158,-0.167371,-8.35782e+06,33687,-213.476,0,-56411.3,-1.13802e+07,-1008.36,6.68268,3598.81,1.19061e+08,-72896.6,471.811,-125316,-235576,-3757.97,60.2872,-382.889,292916,2341.16,-47.3524,334.589,204.613,-39571.2,-822.815,15.8418,-129.238,17.7384,-122.807,-2.23999,-0.0265948,136.89,6.0595,-2.32159,88.9686,-558.228,548.006,-309.528,-249.717,109.783,222.1,11.2717,162.14,9.79581,-5.65577,-1.98182,-0.503289,0,3944,9.02056e-16,2.52109e-12,2.7347e-12,-3.13143e-12,-1.5029e-07,3.26474e-07,2.7929e-07,-1.44773e-07,1.25146e-07,-4.6525e-08,0,-1.15833,-3.80039,-0.111131,-0.910531,3.14159,1.52211,-18.5352,2.56931,-1336.19,-0.392699,3.7366,37.8981,2.68943,-13.456,0.523599,0,0,0,142.85,0.0422154,-1.15833,-0.111131,2.50686,1.52211,2.5693,-1.09589,3.7366,2.6894,0.0714362,0.0446704,66.9078,40.9186,-0.00265677,19542.7,-25.8475,3.54768,-24.5613,-1144.76,0.0589277,0.0156619,1.02966,1648.74,5665.61,-484.908,2.93719e+07,2.58903e+07,-2.37716e+07,156696,-68034.5,6944.95
9.16,-5.63293,-2.48107,142.894,12808.8,0.0864166,-2011.59,-1.11445,-2.35187,-0.207632,-1.87659,2.41539,-9.54368e+07,1.57876,-3.59722,2.24222,1.14292,-0.880565,-4.42604e+08,3.78116,248282,3.10165,86.2346,-27.8803,-4.49566,-2.03659,-6.82832,-0.695537,-6.85665,-3.99424,-4.0389,-2.34297,-6.54954,-1.16964,-6.31035,-3.93058,-1.8333,-0.474435,248313,11.083,-0.499764,-14.7512,0.0417222,-110,-1.15915,-41.2394,-0.111949,15.8292,2.50605,-132.91,1.53407,-107.612,2.58127,41.8839,-1.08392,-206.313,3.73646,91.8602,2.68927,-42115.5,0.0712888,-14.0402,120.348,89.4363,-153.349,2.30233,-9237.87,-991.653,27.5481,285.24,-22303.1,-361.458,9.87614,286.363,-330.058,-2.16957e+06,154.662,-4.48438,-60359.4,26353.9,-1298.95,21.571,0,-190.398,-11849.3,-1141.89,9.13904,-126.054,15940.7,423.997,-5.5286,314.741,33105.5,-2199.21,16.7155,-43.2717,2047.86,982.449,-8.06989,37.818,86.7298,-1.74505e+08,-436798,174.878,-21590.5,-23069.9,-7.76795e+07,-2.22614,-0.025207,203.879,-0.638713,-12.9307,-15.3253,-64.7335,-48.563,-10.0058,-2.84969e+07,1.24142e+07,4233.22,8.61155,-5.73381,4.16309,-5.65536,-1.98181,-0.499764,0,3946,7.06379e-14,1.43108e-12,7.70939e-13,-7.71827e-13,3.55484e-08,-2.07044e-08,-2.97013e-08,1.51793e-07,-2.43586e-07,3.21778e-07,0,-1.15915,-2.06267,-0.111942,-0.0117846,3.14159,1.53407,-21.5223,2.58127,8.37677,-0.392699,3.73646,17.8634,2.68928,-8423.11,0.523599,0,0,0,142.85,0.0417222,-1.15915,-0.111949,2.50605,1.53407,2.58127,-1.08392,3.73646,2.68927,0.0712888,0.0446944,7.30295,17.0669,-936.135,2.46824e+08,-4318.11,-4613.97,-1.55359e+07,-6.97085e+06,0.0589341,0.015664,1.02945,-738.861,4085.16,434782,6316.48,8507.94,-2499.24,1.23412e+09,-3.65413e+07,3.55282e+07
9.18,-5.63306,-2.47947,142.894,12808.9,0.0857292,-2011.18,-1.12124,-2.06318,-0.221095,-1.66805,2.44164,-9.55279e+07,1.58293,7861.04,2.00849,415.983,133.929,-4.4264e+08,3.78066,128988,3.10809,44.0376,-14.0024,-4.4936,-2.03299,-6.82952,-0.694474,-6.85781,-3.99193,-4.03893,-2.34247,-6.54876,-1.16742,-6.31147,-3.92852,-1.58432,7729.12,129005,11.0216,-0.498161,-12.7981,0.0410347,-90.3828,-1.16594,-36.0059,-0.118739,21.8774,2.49926,909.073,1.53823,-112.997,2.58543,206063,-1.07976,-148.745,3.73596,47.3568,2.68877,-21126.9,0.0708193,-13.8869,119.041,-99.493,-145.466,2.3628,-6911.23,-946.015,29.6059,226.723,-14403.5,-366.033,11.3046,227.347,-268.067,-3.12542e+06,254.372,-8.31486,-111238,-905046,10136.3,-74.5303,0,-6463.39,-1.06089e+06,-1253.85,10.5867,1055.22,7.1136e+10,2.29223e+06,-18200.6,-3.12451e+08,80716.5,-1420.69,-11.9723,-171.09,-56412.9,329.839,17.1915,149.615,41.9593,-2.0371e+06,-80356.2,-14889.3,-88553.5,-11575.7,-4.04113e+07,-2.21392,-0.0176139,5.33846,20.495,1.52089,-4.88196,-4.55725e+06,393184,20720.6,-1.81208e+06,6.44954e+06,2123.36,6.9934,48.078,2.01223,-5.65536,-1.98181,-0.498161,0,3946,4.81559e-13,1.56763e-13,-2.50022e-13,2.51354e-13,-1.06071e-07,2.28572e-07,1.9172e-07,-7.57911e-08,-1.5291e-08,-1.77488e-09,0,-1.16594,-1.80417,-0.118735,-0.0117859,3.14159,1.53823,-22.0918,2.58543,41212.6,-0.392699,3.73596,8.77264,2.68881,-4225.37,0.523599,0,0,0,142.849,0.0410347,-1.16594,-0.118739,2.49926,1.53823,2.58543,-1.07976,3.73596,2.68877,0.0708193,0.0446944,26.996,8.0085,-1333.5,6.21072e+07,-17710.7,-2315.13,-8.08227e+06,-97098.3,0.0589341,0.015664,1.02936,3539.37,4251.76,624988,2.94503e+10,1.42355e+10,-1.42304e+10,3.10528e+08,-1.32126e+06,823666
9.2,-5.63293,-2.47863,142.893,12808.6,0.0856568,-2010.47,-1.12657,-2.69796,-0.0127419,-41.165,2.50594,-9.58107e+07,1.58234,-3797.26,2.19814,153.248,49.2896,-4.4264e+08,3.78107,-26.9462,1.94781,-0.4674,0.610133,-4.49181,-2.02984,-6.82902,-0.693397,-6.85777,-3.99122,-4.0388,-2.34174,-6.54854,-1.16651,-6.31146,-3.92763,-2.07505,-3844.35,-25.6085,10.9779,-0.497326,-12.4777,0.0409504,-29.7902,-1.17128,22.6718,-0.124078,-19.5603,2.49391,-270.101,1.53763,-95.3156,2.58483,75899.7,-1.08037,73.2162,3.73636,-145.609,2.68917,433.668,0.0711697,-13.7787,118.113,-121.247,-143.461,2.67901,-457.186,-249.567,7.93528,95.7692,-4678.41,324.106,-13.0127,96.1835,-58.1787,9221.38,-232.798,8.80552,-2.57828,15700.7,-2973.51,42.3317,0,-283.087,-60964,-1061.6,10.2701,-288.974,9.74689e+09,840396,-10193.2,1.556e+08,-233427,2524.43,-201.67,-4057.35,223880,-3109.33,183.892,3546.35,-183.692,-525654,9155.93,-535.515,-9844.36,188.812,3838.48,-2.20522,-0.0108432,-14.8763,35.8542,-30.2406,-1984.61,-1.41409e+07,-189731,7583.86,-69.9529,-1210.62,-96.2861,1.51422,-13.1413,-8.79708,-5.65516,-1.9818,-0.497326,0,3947,-1.82057e-12,-3.70018e-12,-2.76079e-12,2.9607e-12,1.71925e-08,-7.64199e-08,-7.2806e-08,1.46298e-07,1.25706e-07,-1.55026e-07,0,-1.17128,1.11987,-0.124084,-0.0384455,3.14159,1.53763,-19.22,2.58482,15179.9,-0.392699,3.73636,-29.1227,2.68916,86.7336,0.523599,0,0,0,142.849,0.0409504,-1.17128,-0.124078,2.49391,1.53763,2.58483,-1.08037,3.73636,2.68917,0.0711697,0.0447064,709.292,-36.739,-0.00615078,54912.4,-1968.87,37.7625,767.697,-19452.7,0.0589372,0.015665,1.02931,1543,-168.835,-1195.58,4.00124e+09,1.95257e+09,-1.95074e+09,309521,-116167,90469.6
9.22,-5.63236,-2.47706,142.893,12809.6,0.0856884,-2009.53,-1.12546,-3.76984,0.125573,314.093,2.60702,-9.58851e+07,1.58036,3019.63,2.91477,-195.529,-66.8599,-4.4264e+08,3.77952,-1.33906,3.50266,3.81332,0.244349,-4.49158,-2.02873,-6.82755,-0.69131,-6.85725,-3.98882,-4.03823,-2.34013,-6.54801,-1.16497,-6.31084,-3.92609,-3.1097,3089.41,1.91925,10.9472,-0.49579,-13.1212,0.040946,28.1963,-1.1702,86.0868,-0.123002,-22.0566,2.49499,400.623,1.53561,-105.871,2.58281,-99177.6,-1.08238,-212.632,3.73478,102.822,2.68758,-42.7746,0.0695788,-13.7055,117.468,-61.6009,-144.896,2.01412,4371.46,405.312,-12.3297,77.9086,1614.83,995.971,-28.1555,78.3433,146.257,3719.55,-242.322,6.71722,-0.149168,-245927,4428.2,-22.5279,0,-1829.13,-237819,-1153.79,8.39933,478.517,1.67612e+10,-1.08828e+06,6799.94,-1.61229e+08,-7142.51,-2403.78,24.706,-24.0965,40691.4,1200.08,-15.9006,21.1002,105.466,14621.5,-477.122,4.32974,-10.0423,4.68117,-84.0606,-2.1991,-0.0101248,52.1402,46.8906,-83.8526,15757.7,-3.71644e+06,151113,-9854.95,-930.72,69.6631,142.729,-3.79982,21.7113,5.04154,-5.65455,-1.98177,-0.49579,0,3950,6.2951e-13,2.62435e-12,2.36988e-12,-3.03586e-12,-8.18308e-08,1.39076e-07,1.32087e-07,-4.0938e-08,-2.06441e-07,1.41756e-07,0,-1.1702,4.2716,-0.123005,-0.0357492,3.14159,1.53561,-21.1237,2.58281,-19835.5,-0.392699,3.73478,20.5651,2.68757,-8.55491,0.523599,0,0,0,142.849,0.040946,-1.1702,-0.123002,2.49499,1.53561,2.58281,-1.08238,3.73478,2.68758,0.0695788,0.0447424,4.22016,21.0936,0.000325563,4396.87,-2.00846,0.936234,-16.8121,630.978,0.0589468,0.0156682,1.02923,-455.397,-2267.44,-536.783,6.80018e+09,3.3487e+09,-3.35103e+09,34718.6,-9966.08,-2325.21
9.24,-5.63181,-2.4748,142.893,12809.2,0.085273,-1999.26,-1.12607,0.320045,-0.0294353,82.1963,2.51853,-9.61159e+07,1.5762,-2704.34,2.33167,93.0181,29.4355,-4.4264e+08,3.77892,10.4458,2.92915,2.44744,0.116753,-4.49079,-2.02685,-6.82448,-0.687502,-6.85734,-3.98595,-4.03762,-2.33852,-6.54692,-1.16233,-6.31089,-3.92354,0.913675,-2731.45,13.2582,10.9179,-0.493549,-5.95163,0.0404946,-26.8451,-1.17085,-25.1911,-0.123654,1.75874,2.49435,-61.2334,1.53142,-72.1006,2.57862,45644.4,-1.08658,-119.444,3.73414,41.796,2.68694,-242.934,0.0689474,-13.6366,116.86,-338.525,-121.206,34.0277,8740.14,1269.62,-902.446,-30.0494,10663,1678.55,-1171.09,-30.1322,-74.283,643.897,-161.354,111.292,1.50504,4155.09,-1149.35,339.035,0,-125.563,-3011.62,-1001.55,135.86,-74.8383,3.57137e+09,739472,-164586,2.20125e+08,-14840.4,-2166.11,471.069,24.0416,22969.6,1062.76,-315.811,-21.067,62.0776,-16510.3,-4335.87,923.161,96.837,-116.722,-3573.37,-2.19327,-0.0127762,-18.9622,513.516,120.682,4186.79,-1.15409e+07,-135086,4572.38,2792.38,658.876,47.2148,1.9324,-3.38716,2.96634,-5.65394,-1.98174,-0.493549,0,3953,5.60968e-13,-2.91791e-13,1.15241e-12,-1.16658e-12,2.09985e-08,-2.42407e-08,-3.13689e-08,-5.22365e-08,-5.26292e-08,9.29907e-08,0,-1.17085,-1.26492,-0.123648,-0.0126338,3.14159,1.53142,-14.5007,2.57861,9128.88,-0.392699,3.73414,8.35918,2.68694,-48.5868,0.523599,0,0,0,142.848,0.0404946,-1.17085,-0.123654,2.49435,1.53142,2.57862,-1.08658,3.73414,2.68694,0.0689474,0.0447784,-4.21339,12.4155,-0.00025013,13347.3,19.3674,-23.3445,-714.674,-4150.36,0.0589564,0.0156714,1.0291,-11962.4,-23309.1,2158.48,1.44801e+09,7.19217e+08,-7.18115e+08,85058.9,-42709.8,24784.2
9.26,-5.63124,-2.47232,142.893,12808.2,0.0839805,-1998.47,-1.12909,-1.37961,19.125,-1.99239,0.717382,-9.61921e+07,1.56957,19.1968,1.91722,63.0369,19.4152,-4.48728e+08,3.78138,640844,3.03863,139.212,-45.9623,-4.48911,-2.02508,-6.81907,-0.682015,-6.85849,-3.98394,-4.03688,-2.33811,-6.54466,-1.15867,-6.3122,-3.92018,20.1696,1.69879,640893,10.8825,-0.491102,-11.0212,0.0391661,-128.73,-1.1739,-533.632,-0.126702,-152.763,2.4913,-157.534,1.52476,-93.373,2.57195,30693.3,-1.09324,-181.692,3.73657,81.5783,2.68937,-68617.1,0.071374,-13.5527,116.125,-217.054,-136.978,5.47979,-12315.7,-1725.18,141.166,407.464,218795,-7390.36,610.611,1957.03,-3913.06,378364,-2107.62,173.958,1692.12,17522.6,-1834.29,65.577,0,-172.549,-17970.5,-1075.02,22.3543,-169.541,1.64345e+09,355704,-10265.2,4.46867e+07,6584.98,-2159.82,52.1668,-10.7367,18801.2,1009.77,-29.9372,9.38098,89.0661,-5.23404e+08,-760372,10462.6,-8497.48,-37596.6,-2.00785e+08,-2.18621,-0.0148811,-50.3164,39.4947,17.6535,-29.0995,-3.81014e+06,1090.68,3073.34,-3.04397e+08,3.20423e+07,6882.08,32.8772,-7.64857,4.26293,-5.65333,-1.98172,-0.491102,0,3956,5.76483e-13,-2.65565e-13,-6.91003e-13,6.60805e-13,-2.74246e-08,-1.07198e-09,1.45969e-08,2.38993e-08,-3.72083e-08,4.40955e-08,0,-1.1739,-2.78387,-0.126696,0.180124,3.14159,1.52476,-18.8097,2.57195,6138.67,-0.392699,3.73657,16.5084,2.68937,-13723.4,0.523599,0,0,0,142.848,0.0391661,-1.1739,-0.126702,2.4913,1.52476,2.57195,-1.09324,3.73657,2.68937,0.071374,0.0448144,1.90007,17.919,563.392,6.53969e+08,-1699.5,-7519.31,-4.0157e+07,-2.10392e+07,0.058966,0.0156746,1.02896,12882.7,8273.99,-64299,6.56682e+08,3.30437e+08,-3.29691e+08,3.26986e+09,-1.07949e+08,1.06294e+08
9.28,-5.62976,-2.46896,142.892,12811.1,0.0820314,-1998.35,-1.13035,-2.03885,0.0175354,-1.31006,2.53363,-9.62125e+07,1.56492,153.726,2.8467,34.4166,9.70573,-4.48907e+08,3.78249,121016,2.54593,55.8264,-17.8773,-4.48697,-2.02425,-6.8128,-0.675607,-6.85976,-3.97982,-4.03515,-2.33786,-6.54061,-1.15353,-6.31354,-3.91549,-1.41335,146.867,121037,10.8351,-0.487813,-13.634,0.0371209,-17.2308,-1.17527,36.9673,-0.128068,-5.37412,2.48993,-115.079,1.52001,-104.463,2.5672,16311.7,-1.09799,-184.262,3.73758,76.2348,2.69038,-26934.9,0.0723434,-13.4437,115.144,1.5198,-144.094,1.79208,921.061,-90.4242,1.35416,98.6691,-11610.7,533.987,-14.656,362.264,-61.0654,3347.01,-62.0597,1.59864,-49.6691,21404.3,-1137.35,16.2706,0,-183.328,-8688.18,-1106.05,7.39041,-112.315,4.697e+08,165971,-1839.16,1.92703e+07,45195.8,-1926.12,7.91122,-56.4266,-15365.2,785.911,-1.76885,49.2377,72.7114,-5.89032e+07,-258126,-1834.25,-21452.8,-14741.8,-3.78805e+07,-2.17676,-0.0178783,142.21,5.82428,-13.1677,-7.1776,-1.0206e+06,7816.92,1642.33,-8.94882e+06,6.05096e+06,2712.81,0.647788,-5.05881,3.48568,-5.6517,-1.98164,-0.487813,0,3964,1.99563e-14,2.06943e-12,1.81155e-12,-1.87486e-12,2.64123e-08,5.2937e-09,-8.08313e-09,6.30864e-09,-6.08957e-08,1.10297e-07,0,-1.17527,0.294173,-0.128063,-0.106065,3.14159,1.52001,-20.9641,2.5672,3262.34,-0.392699,3.73758,16.0851,2.69034,-5386.98,0.523599,0,0,0,142.848,0.0371209,-1.17527,-0.128068,2.48993,1.52001,2.5672,-1.09799,3.73758,2.69038,0.0723434,0.0449105,10.5147,15.0019,1175.34,1.0112e+08,-4290.56,-2948.36,-7.57609e+06,-2.40738e+06,0.0589915,0.0156831,1.02878,260.206,2934.43,-603.335,1.86706e+08,9.43327e+07,-9.39362e+07,5.05599e+08,-1.3114e+07,1.2468e+07
9.3,-5.62747,-2.46595,142.892,12815,0.0803505,-1997.93,-1.13602,-2.79465,0.0818805,2.37499,2.54669,-1.21527e+08,1.55908,-1.17673e+06,2.21262,-3111.09,-1039.38,-4.48907e+08,3.78123,71.3858,3.04864,3.34849,-0.212389,-4.48267,-2.02136,-6.80551,-0.669497,-6.85997,-3.97503,-4.03263,-2.33753,-6.5361,-1.14899,-6.31367,-3.91133,-2.11787,-1.17569e+06,74.6468,10.776,-0.48491,-14.1113,0.0352959,-6.05569,-1.18108,60.0772,-0.133881,-25.591,2.48411,313.143,1.51403,-101.313,2.56122,-1.55693e+06,-1.10395,-192.65,3.73618,82.4929,2.68898,-645.431,0.0710052,-13.3088,113.92,60.6415,-144.126,1.99012,1945.84,20.5988,-1.44332,96.961,-4810.26,618.698,-17.1065,97.1651,31.1249,9296.66,-246.034,6.62592,-0.237854,-177526,3348.59,-15.3503,0,-1326.59,-160490,-1049.71,7.88308,389.308,4.31565e+12,-1.63842e+07,99577.3,-5.12018e+10,39449.4,-1996.44,11.6061,-49.5919,-7830.32,852.93,-4.41723,43.3378,77.9775,517583,-6384.26,-21.572,-421.706,-333.06,-20160.6,-2.165,-0.0164916,197.722,21.1387,-35.0433,184.345,-1.2657e+09,-5.88364e+07,-155633,-7041.79,3705.99,90.4803,-0.812185,17.4937,3.74016,-5.64926,-1.98153,-0.48491,0,3976,-5.46535e-13,-3.02269e-12,-2.564e-12,2.99014e-12,-6.69454e-08,-9.03237e-08,-9.49367e-08,1.28342e-07,1.49048e-07,-1.85143e-07,0,-1.18108,2.98871,-0.133883,-0.149796,3.14159,1.51403,-33.388,2.56124,-311387,-0.392699,3.73618,16.4895,2.689,-129.086,0.523599,0,0,0,142.847,0.0352959,-1.18108,-0.133881,2.48411,1.51403,2.56122,-1.10395,3.73618,2.68898,0.0710052,0.0450546,8.66174,15.5904,-0.252808,72925.1,-84.3413,-66.612,-4032.11,19871.3,0.0590298,0.0156958,1.02862,-14.4441,1963.1,-2553.63,1.67914e+12,8.63089e+11,-8.63126e+11,365412,72693.2,-88884.9
9.32,-5.6256,-2.46358,142.892,12815.4,0.0792002,-1998.25,-1.14247,-1.8737,0.27758,-68.093,2.59417,-1.21598e+08,1.55003,-7540.5,-1.08573,-241.768,-81.891,-4.48907e+08,3.77264,-1.38653,3.38416,3.67703,0.229938,-4.47862,-2.01794,-6.79777,-0.663653,-6.86029,-3.96715,-4.03062,-2.33699,-6.53272,-1.14558,-6.31347,-3.90817,-1.0487,-7459.7,1.7677,10.7251,-0.482623,-12.5379,0.0340376,23.1828,-1.18763,77.3564,-0.140434,-20.5062,2.47757,556.68,1.50487,-85.8922,2.55206,-122417,-1.11313,-195.859,3.72748,91.3788,2.68028,-37.789,0.062289,-13.1919,112.868,-90.3081,-138.588,2.18181,3893.49,359.104,-12.3571,71.9247,1670.67,921.164,-29.6427,71.9877,126.55,2823.41,-230.474,7.29204,-0.0189512,-382761,6054.7,-40.3487,0,-2882.22,-433341,-925.982,7.92553,675.154,2.73999e+10,-1.32626e+06,10026.3,-1.86961e+08,9274.49,-2164.67,21.2858,-21.5192,20211.1,1035.21,-12.4744,18.996,93.138,18611.5,-401.009,2.42255,-9.02406,3.98972,-74.8176,-2.15486,-0.0143227,17.029,-16.0648,11.0223,-3352.93,-3.5963e+06,-376895,-12166.9,-761.459,66.946,135.738,-3.30189,30.1523,4.44738,-5.64743,-1.98145,-0.482623,0,3985,-4.1861e-13,-4.12115e-13,-5.26024e-13,4.91484e-13,8.86918e-08,1.74011e-07,1.54294e-07,3.8263e-08,-1.47887e-07,9.31237e-08,0,-1.18763,3.85542,-0.140423,-0.0691788,3.14159,1.50487,-16.9111,2.55206,-24483.5,-0.392699,3.72748,18.2758,2.68028,-7.5578,0.523599,0,0,0,142.847,0.0340376,-1.18763,-0.140434,2.47757,1.50487,2.55206,-1.11313,3.72748,2.68028,0.062289,0.0451627,3.79921,18.6277,4.31168e-05,3074.85,-1.80481,0.797944,-14.9635,753.86,0.0590585,0.0157054,1.0285,-476.391,-2895.6,-151.572,1.03681e+10,5.47536e+09,-5.47821e+09,24615.4,-5212.38,-3017.06
9.34,-5.62404,-2.4607,142.891,12814.6,0.0777005,-1997.37,-1.1436,-3.22041,0.0187892,-128.238,2.54083,-1.216e+08,1.54417,345.794,1.79688,11.7321,2.18385,-4.48907e+08,3.75707,0.255445,1.91501,3.18641,0.232717,-4.47651,-2.01694,-6.79141,-0.657874,-6.86175,-3.95474,-4.02887,-2.33651,-6.52919,-1.14134,-6.31407,-3.90426,-2.60086,345.407,1.93774,10.6805,-0.479818,-11.5684,0.0324417,-1.42911,-1.18886,45.1349,-0.141661,-17.2251,2.47634,-30.8929,1.49891,-96.4503,2.5461,4909.28,-1.11908,-194.275,3.71181,95.4693,2.66461,-85.3895,0.0466408,-13.0906,111.956,-165.508,-135.135,3.58848,1904.3,96.5132,-6.86251,62.2188,141.715,634.093,-35.2721,62.2953,36.8685,20575,-219.193,11.9133,-2.27238,4255.73,-333.675,22.3235,0,-210.315,-4170.78,-1067.76,15.3639,-24.2646,4.64453e+07,53433.7,-2878.21,8.48475e+06,-10059.3,-2284.35,45.1668,-19.7706,37069.6,1184.46,-30.1107,17.7734,99.3652,20648.2,-987.243,17.7168,-17.8243,-21.0136,-291.105,-2.14598,-0.0160112,-39.6248,43.9756,-56.3187,-6335.96,-83109.1,17419.3,508.094,-1633.67,148.266,95.9378,-0.961246,-1.07918,4.70884,-5.64581,-1.98138,-0.479818,0,3993,-1.26432e-12,-4.3866e-12,-3.0842e-12,3.22912e-12,2.80875e-08,-1.98488e-08,-2.79392e-08,-5.17306e-09,2.69742e-08,-3.93881e-08,0,-1.18886,2.24508,-0.141657,-0.0149943,3.14159,1.49891,-19.2732,2.54611,981.856,-0.392699,3.71181,19.0909,2.66463,-17.0779,0.523599,0,0,0,142.846,0.0324417,-1.18886,-0.141661,2.47634,1.49891,2.5461,-1.11908,3.71181,2.66461,0.0466408,0.0452588,3.55411,19.8711,-0.00477084,6249.39,-3.56486,-4.20272,-58.2211,688.684,0.0590841,0.0157139,1.02835,367.16,-3223.86,-3157.96,1.73559e+07,9.60392e+06,-9.48058e+06,46601.2,-12379,-1924.56
9.36,-5.6234,-2.45779,142.891,12817.3,0.0755152,-1997.6,-1.14535,-1.59964,15.8307,-3.57534,-4.34078,-1.22501e+08,1.547,-142589,2.84361,297.508,97.4807,-4.48966e+08,3.74863,89343.8,2.94371,41.2696,-12.965,-4.47503,-2.01672,-6.78923,-0.653717,-6.86467,-3.94563,-4.02796,-2.33708,-6.52566,-1.13645,-6.31658,-3.89983,21.7135,-142684,89359.7,10.6377,-0.476937,-13.2874,0.0302084,83.0982,-1.19066,5204.71,-0.143461,9204.94,2.47453,33.2476,1.50169,-101.043,2.54889,147705,-1.11632,-163.89,3.70332,64.2572,2.65613,-19689.9,0.0380853,-12.9915,111.087,-8.73373,-138.736,1.68661,7083.13,928.325,-22.996,132.852,1.31159e+06,55051.6,-1342.04,7052.49,322280,-7.55043e+07,97327.1,-2372.36,-152352,-13183.9,422.96,5.39629,0,-336.255,-12743.5,-1052.69,7.00994,58.69,3.98974e+10,1.65398e+06,1371.7,-3.14632e+09,49846.8,-1655.9,3.40231,-91.6076,-27801.4,622.064,1.88521,83.1684,54.7548,-6.13192e+06,-167035,-3268.89,-34856.9,-10904.9,-2.72029e+07,-2.13746,-0.0184944,136.018,-11.6939,-0.634375,-103.69,-4.50286e+07,-7.12931e+06,14796.8,-2.94675e+06,4.46732e+06,1984.98,-271.687,2.61439,2.58421,-5.64499,-1.98134,-0.476937,0,3997,-1.76761e-13,4.07452e-13,-5.68434e-13,5.68434e-13,-3.43084e-08,-1.79294e-08,-2.9313e-08,2.00702e-07,2.14694e-07,-2.96902e-07,0,-1.19066,0.260005,-0.143464,-0.0182411,3.14159,1.50169,-22.3939,2.54887,29541.1,-0.392699,3.70332,13.4858,2.65608,-3937.97,0.523599,0,0,0,142.846,0.0302084,-1.19066,-0.143461,2.47453,1.50169,2.54889,-1.11632,3.70332,2.65613,0.0380853,0.0453068,17.7556,11.3029,873.51,5.40832e+07,-6971.37,-2180.98,-5.44057e+06,-333585,0.0590969,0.0157181,1.02819,-1585.32,-286965,1.52783e+07,1.5137e+10,7.98555e+09,-7.982e+09,2.70415e+08,-2.45277e+06,1.98312e+06
9.38,-5.62221,-2.45528,142.891,12821.5,0.073589,-1997.53,-1.14542,-0.174631,-0.194855,-1.40761,2.75097,-1.22528e+08,1.54621,-2686.28,2.81534,-69.6188,-25.0673,-4.49911e+08,3.74369,286446,3.14775,102.536,-33.0156,-4.4736,-2.01726,-6.78513,-0.649272,-6.86648,-3.9391,-4.02654,-2.33764,-6.52192,-1.1322,-6.31817,-3.89598,0.0211376,-2658.4,286482,10.5874,-0.474482,-13.9666,0.0282101,63.8115,-1.1908,-25.7175,-0.143602,25.4847,2.47439,147.739,1.50083,-100.14,2.54803,-35962.7,-1.11717,-222.121,3.69832,116.13,2.65112,-50196.7,0.033111,-12.8754,110.063,72.8567,-139.197,1.96593,6177.51,672.872,-19.2961,108.495,-9846.47,-276.789,7.99063,-105.634,88.3924,-4015.21,239.616,-6.62997,-56.817,-64860.8,1601.77,-2.77728,0,-642.203,-51825.5,-1014.51,7.89684,197.458,2.39127e+09,-376053,1850.7,-5.56839e+07,-3136.11,-2303.13,23.8596,-37.086,39423.7,1221.01,-15.9518,33.8637,111.657,-1.80655e+08,-517529,4721.76,-17724.2,-27863.7,-8.68704e+07,-2.12745,-0.0172577,212.531,3.70409,16.2916,-19.0955,-1.38617e+06,-134184,-3559.45,-4.72607e+07,1.43224e+07,5048.27,4.04868,8.79802,5.26125,-5.64377,-1.98128,-0.474482,0,4003,-6.62803e-13,-1.70308e-12,-1.37113e-12,2.39575e-12,-3.93085e-08,4.68963e-08,5.15647e-08,-2.16127e-08,6.72175e-08,-1.34578e-07,0,-1.1908,-3.96195,-0.143599,1.68113,3.14159,1.50083,-20.0029,2.54802,-7192.54,-0.392699,3.69832,23.6717,2.6511,-10039.3,0.523599,0,0,0,142.846,0.0282101,-1.1908,-0.143602,2.47439,1.50083,2.54803,-1.11717,3.69832,2.65112,0.033111,0.0453789,6.93004,22.5793,769.52,3.50783e+08,-3544.84,-5572.74,-1.73741e+07,-7.0237e+06,0.0591161,0.0157245,1.02805,-53.4728,1068.35,2022,8.91051e+08,4.77229e+08,-4.78079e+08,1.75392e+09,-3.71355e+07,3.59218e+07
9.4,-5.62115,-2.45325,142.89,12821.1,0.0724167,-1998.23,-1.1438,-0.106874,0.00475621,-1.31193,2.77849,-1.22528e+08,1.54884,-3.88636,2.24684,1.82959,-1.63862,-4.49911e+08,3.74239,19.5393,3.35277,3.06668,-0.108052,-4.47291,-2.01782,-6.78379,-0.646889,-6.86715,-3.93559,-4.02534,-2.33748,-6.51931,-1.12912,-6.31879,-3.89314,0.26098,-0.000899238,23.0001,10.5406,-0.472504,-11.8087,0.0269656,49.1627,-1.18925,26.6204,-0.142056,57.6681,2.47593,-147.139,1.50339,-98.9731,2.55059,191.767,-1.11459,-202.61,3.69694,105.065,2.64974,-362.465,0.0317854,-12.7677,109.112,-135.654,-133.23,2.81257,5591.49,694.873,-30.7617,84.4224,-1381.27,311.286,-13.2341,-13.6612,61.0497,7843.12,776.579,-34.058,-366.262,19198.1,-1569.76,31.4761,0,-169.648,-14633.4,-1069.88,12.1825,-159.537,118632,2060.05,-32.9916,2725.08,-18368.3,-2340.43,39.4254,-28.836,47313.7,1278.58,-27.6816,26.3705,107.403,50070.3,-4180.68,69.7678,-103.568,-173.453,-4682.3,-2.11812,-0.0146969,-23.6793,-35.1966,-23.9581,6.13112,-390.004,-64.5161,17.1119,-5394.14,1111.72,78.6567,2.96794,-7.11766,5.05609,-5.64256,-1.98123,-0.472504,0,4009,-1.2034e-12,-2.12097e-12,8.28115e-13,2.8777e-12,1.53491e-08,1.34991e-08,1.93827e-08,-1.20798e-08,-2.3992e-08,3.08079e-08,0,-1.18925,4.61817,-0.142062,0.256329,3.14159,1.50339,-19.7931,2.5506,38.3534,-0.392699,3.69694,21.0006,2.64978,-72.493,0.523599,0,0,0,142.845,0.0269656,-1.18925,-0.142056,2.47593,1.50339,2.55059,-1.11459,3.69694,2.64974,0.0317854,0.0454511,5.27066,21.4731,-0.124038,32301.7,-20.7136,-34.6906,-936.46,1684.69,0.0591352,0.0157308,1.02794,-2552.63,-1013.51,-3073.36,54172.5,39306.3,-27314.5,178386,-20377.1,-2466.62
9.42,-5.62007,-2.45198,142.89,12822.8,0.071667,-1997.77,-1.14325,-0.183246,0.0590264,-1.60101,2.87603,-1.22528e+08,1.55164,0.367283,3.08782,3.56602,-0.338342,-4.49911e+08,3.73954,-0.953138,3.76032,3.38045,0.189824,-4.47192,-2.018,-6.78306,-0.645684,-6.86728,-3.9322,-4.02418,-2.33741,-6.51723,-1.12718,-6.3188,-3.89134,0.141345,3.79345,2.61736,10.5014,-0.471283,-12.7694,0.0261559,3.35098,-1.18876,43.1982,-0.14156,-2279.79,2.47644,658.182,1.50613,-83.9597,2.55333,-28.5056,-1.11186,-182.06,3.69403,83.9587,2.64683,-42.4664,0.0288362,-12.6776,108.317,-44.1113,-134.527,1.71569,2382.51,123.94,-3.74104,77.175,-329.487,451.85,-11.4858,0.665591,19.1434,9.28552e+06,-20121.3,486.788,1.32785e+06,-516462,6924.08,-38.7886,0,-3801.2,-587655,-874.033,6.05141,796.121,8648.53,-297.87,1.85291,-518.725,26359.6,-1898.64,11.5816,-40.589,-1369.97,878.057,-5.50408,37.2419,78.4236,31590.5,-411.756,-0.357148,-23.4262,-3.1554,-102.564,-2.11033,-0.0105374,86.1484,23.1736,-35.7141,-1.5963,-21.5869,148.306,121.886,-276.075,86.9603,113.557,0.860899,35.5536,3.68422,-5.64154,-1.98118,-0.471283,0,4014,-9.66033e-14,-7.20646e-13,2.77056e-13,5.68434e-13,7.26937e-08,1.34311e-07,1.34654e-07,-4.72491e-08,6.18074e-11,3.331e-08,0,-1.18876,6.42078,-0.141559,-0.0120944,3.14159,1.50613,-16.792,2.55333,-5.70111,-0.392699,3.69403,16.792,2.64683,-8.49329,0.523599,0,0,0,142.845,0.0261559,-1.18876,-0.14156,2.47644,1.50613,2.55333,-1.11186,3.69403,2.64683,0.0288362,0.0455112,7.44851,15.6849,0.000221648,2063.25,-4.68524,-0.63108,-20.5128,1258.33,0.0591512,0.0157362,1.02788,936.044,-670.181,-1.86256e+06,-37849.1,121111,-1206.25,14667.4,1992.07,-5453.88
9.44,-5.62,-2.45206,142.89,12825.3,0.071662,-1997.19,-1.14133,2.08673,0.769224,-1.58482,-0.06275,-1.22528e+08,1.55351,-5.56341,1.83873,5.35846,1.10194,-4.49912e+08,3.73618,156.141,1.01751,4.64533,-0.664924,-4.47246,-2.01894,-6.78389,-0.646262,-6.86735,-3.93045,-4.02411,-2.3375,-6.51716,-1.12726,-6.31874,-3.89143,6.0603,-4.82662,157.824,10.4787,-0.47137,-17.1856,0.0261509,72.7842,-1.18684,73.319,-0.139639,1265.43,2.47835,-1089.77,1.508,-138.231,2.5552,2849.62,-1.10999,-258.335,3.69067,141.628,2.64347,-1152.65,0.0254901,-12.6229,107.853,551.685,-143.58,11.7893,7250.35,565.829,-90.3522,136.361,-5856.31,517.581,-79.4109,1.15886,105.96,3.02516e+06,10851,-1795.77,-654094,-608632,-9735.56,496.147,0,-4334.62,-1.23204e+06,-1258.43,57.4939,-1249.62,2.05596e+07,25720.7,-1238.47,65064.6,7694.44,-2326.65,139.777,-58.8736,42538.7,1252.63,-93.4966,54.2303,126.624,495035,-10493.7,545.269,-573.842,-609.499,-40383.5,-2.1058,-0.00436404,126.534,29.0756,77.7902,-0.79751,-1466.33,-148.135,191.784,-19093.2,7941.51,155.152,4.75808,-55.7828,5.92978,-5.64154,-1.98118,-0.47137,0,4014,1.40404e-12,3.34088e-12,-1.00719e-12,-2.95586e-12,2.45822e-08,4.0624e-08,4.66812e-08,-1.64979e-08,-2.17063e-07,2.7872e-07,0,-1.18684,10.9015,-0.139644,-0.00884061,3.14159,1.508,-27.6376,2.5552,569.924,-0.392699,3.69067,28.3124,2.64348,-230.53,0.523599,0,0,0,142.845,0.0261509,-1.18684,-0.139639,2.47835,1.508,2.5552,-1.10999,3.69067,2.64347,0.0254901,0.0455112,10.8397,25.3174,-0.408262,231434,-114.768,-121.9,-8076.69,33609.6,0.0591512,0.0157362,1.02788,2794.92,8284.83,-397792,6.04276e+06,4.31374e+06,-4.00046e+06,1.15393e+06,119605,-149446
9.46,-5.62028,-2.45268,142.89,12824.9,0.0718138,-1924.07,-1.14159,11.7273,-0.0928394,-1.59282,2.36139,-1.22568e+08,1.55632,649.529,2.34299,40.9926,12.1115,-4.49766e+08,3.73469,3.30556e+06,1.77602,681.288,-224.958,-4.47268,-2.01921,-6.78572,-0.647764,-6.86747,-3.93033,-4.02441,-2.33788,-6.51764,-1.12801,-6.3188,-3.89215,12.4147,639.76,3.30579e+06,10.471,-0.471975,-6.16239,0.0263147,-12.8666,-1.18709,0.344293,-0.139892,-887.104,2.4781,-103.211,1.51082,-73.4429,2.55802,19672.1,-1.10718,-476.819,3.68919,376.599,2.64199,-338878,0.0239839,-12.603,107.691,-342.358,-119.461,31.2588,6338.59,918.522,-557.164,-3.22429,1045.29,196.692,-115.283,0.504625,-7.6094,1.61469e+06,93806,-56362.7,593566,6402.04,-1674.57,384.007,0,-135.924,-7407.54,-990.95,132.206,-125.203,6.9713e+08,291301,-53492,2.56533e+07,2.00089e+06,7719.33,-5773.07,10975,-1.60769e+06,-7941,5420.49,-10126.9,445.113,-6.14765e+09,7.18302e+06,-4.89476e+06,8.96029e+06,-188883,-9.96878e+08,-2.10426,0.000450498,-19.523,3655.95,567.485,-1.17578,-1.9909e+06,32606.6,1971.13,7.26529e+06,1.65278e+08,33985.9,-0.367811,-5.59057,20.8,-5.64174,-1.98119,-0.471975,0,4013,1.30906e-12,-4.77222e-13,1.34018e-13,8.66862e-13,-1.89419e-08,1.9162e-08,7.69592e-09,-2.05113e-07,-2.72858e-07,4.12201e-07,0,-1.18709,0.0578903,-0.139891,-0.0122164,3.14159,1.51082,-14.7699,2.55801,3934.42,-0.392699,3.68919,78.7636,2.64198,-67775.6,0.523599,0,0,0,142.845,0.0263147,-1.18709,-0.139892,2.4781,1.51082,2.55802,-1.10718,3.68919,2.64199,0.0239839,0.0454991,-2116.45,90.9444,10119.2,1.5949e+10,1.79206e+06,-37776.5,-1.99376e+08,-2.26793e+08,0.059148,0.0157351,1.02792,-9493.8,-2473.07,-1.40894e+06,2.7013e+08,1.41264e+08,-1.40785e+08,7.97444e+10,-1.14711e+09,1.13939e+09
9.48,-5.62078,-2.45348,142.89,12824,0.0722491,-1923.68,-1.14471,-1.00578,0.0785591,-1.90934,-39.3535,-1.22568e+08,1.5625,-1.26241,1.84389,1.93677,0.132682,-4.49766e+08,3.73498,0.335612,2.1533,2.90944,0.191347,-4.47223,-2.01791,-6.78976,-0.650626,-6.86733,-3.93162,-4.02495,-2.33798,-6.51872,-1.1292,-6.31867,-3.89325,41.5679,0.448804,2.29756,10.4762,-0.472752,-10.8285,0.0267861,-325.571,-1.19017,47.0635,-0.142971,-73158.8,2.47502,229.221,1.51704,-87.9858,2.56423,-161.743,-1.10095,-165.089,3.68951,74.9636,2.64232,-75.7904,0.0243335,-12.613,107.795,-201.359,-129.648,4.8333,-44983.6,-4386.29,334.87,2179.8,-132941,649.749,-49.8256,-116.486,-344.987,8.32324e+09,-1.00055e+06,76606.6,9.78201e+07,-94945.1,2528.34,-25.0026,0,-904.67,-91180.8,-976.481,19.1417,280.435,129161,-1789.49,26.7117,-1472.86,24111.5,-1791.01,27.3581,-29.4596,-3661.84,803.44,-10.7904,27.1741,75.2228,50913.7,-690.431,-7.56813,-31.7962,-22.6691,-303.551,-2.10531,0.00275551,-45.5979,19.4366,-74.0933,-16.9646,-9.71281,67.3644,25.9682,-581.103,151.17,79.7346,-15.9247,12.5524,3.5113,-5.64235,-1.98122,-0.472752,0,4010,-1.44215e-12,1.79501e-12,1.0294e-12,-9.09495e-13,-1.82415e-08,-3.71871e-08,-3.53052e-08,-1.58197e-07,-1.97643e-07,2.27465e-07,0,-1.19017,7.43337,-0.142979,-0.0194887,3.14159,1.51704,-17.5975,2.56424,-32.3487,-0.392699,3.68951,14.9915,2.64233,-15.1581,0.523599,0,0,0,142.845,0.0267861,-1.19017,-0.142971,2.47502,1.51704,2.56423,-1.10095,3.68951,2.64232,0.0243335,0.0454631,5.43434,15.0438,-0.00251054,3101.38,-6.35925,-4.53381,-60.7103,2105.18,0.0591384,0.0157319,1.02796,21119.3,22425.4,-1.65998e+09,-10188.2,40770.6,-21794.7,21538.9,4733.91,-9153.51
9.5,-5.62095,-2.45219,142.89,12826.7,0.0715512,-1923.52,-1.14482,0.926765,-0.289841,-1.42409,2.29187,-1.22568e+08,1.57828,0.243959,3.36236,3.91122,0.193024,-4.49766e+08,3.74408,-2.07241,3.22352,-0.205046,0.147188,-4.47229,-2.01769,-6.79652,-0.653042,-6.86813,-3.93483,-4.02505,-2.33781,-6.51796,-1.12729,-6.31985,-3.89148,1.48665,3.4133,1.00393,10.4814,-0.471456,-13.061,0.0260881,-110.938,-1.19029,-52.1185,-0.14309,-45.3779,2.47491,572.504,1.53281,-103.14,2.58001,138.472,-1.08518,-211.699,3.69861,109.519,2.65142,6.45264,0.0334355,-12.6266,107.908,-12.0419,-134.705,1.62854,-9145.68,-1028.49,24.1006,291.452,-19011.5,-480.422,11.2401,290.799,-336.763,-226308,-454.652,10.8983,34703.4,-436916,5978.64,-29.8754,0,-3145.7,-448126,-1063.2,6.72172,678.475,-181361,1437.16,-8.18424,-87.0826,-6048.49,-2251.21,20.1344,-31.8701,38691,1193.67,-13.5239,29.088,107.635,1124.34,68.6354,-0.549958,2.049,31.7548,-30.6829,-2.10634,-0.004595,136.437,8.0167,-5.98925,7.30267,-35.7874,143.472,190.736,-457.828,31.2237,4.86656,-8.7549,30.6474,5.0464,-5.64235,-1.98122,-0.471456,0,4010,-2.2804e-13,2.41096e-12,-1.5099e-12,-1.51346e-12,-1.31369e-07,-2.34505e-07,-1.14084e-07,-2.00042e-08,9.17848e-08,1.17202e-07,0,-1.19029,-2.62057,-0.143083,-0.0118338,3.14159,1.53281,-20.6283,2.58001,27.6944,-0.392699,3.69861,21.9028,2.65143,1.29053,0.523599,0,0,0,142.845,0.0260881,-1.19029,-0.14309,2.47491,1.53281,2.58001,-1.08518,3.69861,2.65142,0.0334355,0.0454631,5.81737,21.5263,-0.000258667,2649.28,0.4098,6.35096,-6.13658,29.9035,0.0591384,0.0157319,1.02788,1517.24,4348.85,44712,16202.3,60972.3,35401.4,24547.2,-9860.64,-95.9072
9.52,-5.62062,-2.44943,142.89,12831.1,0.0693567,-1923.52,-1.14999,0.89016,-0.160301,2.10257,2.38377,-1.22568e+08,1.59486,-4.31386,2.31583,-1.02155,-1.4782,-4.49766e+08,3.75132,-2.57938,3.20832,-1.93305,-1.35943,-4.47005,-2.01613,-6.8011,-0.653005,-6.87064,-3.93447,-4.02447,-2.33855,-6.51472,-1.12257,-6.32267,-3.88718,1.48768,-0.519828,1.98837,10.4673,-0.468719,-13.7369,0.0238696,-80.1773,-1.19548,-15.9823,-0.14828,-25.1066,2.46972,-476.49,1.54938,-86.6754,2.59657,-150.405,-1.06862,-230.104,3.70584,122.706,2.65864,135.976,0.0406122,-12.5964,107.636,64.7415,-135.77,1.84363,-5240.97,-667.471,17.2452,205.086,-15376.1,-109.824,2.64973,204.529,-227.361,4962.45,-232.44,6.20088,1.07187,-49246.2,-4701.89,42.5514,0,-800.066,-215865,-874.856,6.06135,-507.867,-55474.3,-1499.05,12.1498,91.4555,-20289.5,-2379.9,26.3634,-43.1606,58804.2,1291.97,-18.3599,39.0616,121.625,-24835.1,1407.64,-15.6476,50.9514,107.286,-639.44,-2.10352,-0.0137783,215.4,-0.206862,-7.81263,176.868,-23.8718,-83.5899,-23.9098,-256.96,6.23745,-29.3368,-5.92296,-23.1959,5.73232,-5.64195,-1.9812,-0.468719,0,4012,-1.90459e-13,9.42801e-13,-1.84297e-13,-3.11608e-13,-5.93115e-08,-1.3495e-07,1.00689e-08,5.93584e-08,1.19618e-07,1.76689e-07,0,-1.19548,-0.810136,-0.148274,-0.118631,3.14159,1.54938,-17.3348,2.59657,-30.0809,-0.392699,3.70584,24.5408,2.65861,27.1953,0.523599,0,0,0,142.845,0.0238696,-1.19548,-0.14828,2.46972,1.54938,2.59657,-1.06862,3.70584,2.65864,0.0406122,0.0454871,7.81205,24.3253,0.0150249,1582.45,10.1903,21.4572,-127.888,-1671.38,0.0591448,0.015734,1.02772,-369.231,3141.14,-1714.66,-22830.7,30849.1,11079.9,20371,-15614.5,6335.83
9.54,-5.62001,-2.44767,142.89,12830.4,0.066243,-1922.91,-1.16293,1.29944,-0.182938,-0.859774,2.40616,-1.22568e+08,1.61164,-3.70033,2.37327,-1.94473,-1.26091,-4.49766e+08,3.74818,-2.90586,2.43109,-1.01279,-0.0860207,-4.4649,-2.01359,-6.8042,-0.653329,-6.87465,-3.92878,-4.02352,-2.34175,-6.50998,-1.11802,-6.32654,-3.88322,1.85194,-0.0661452,-0.388743,10.4328,-0.466979,-11.4969,0.0207198,-60.3801,-1.20846,-13.57,-0.161258,-17.5451,2.45674,-235.771,1.56612,-78.9204,2.61332,-47.4251,-1.05188,-10.0414,3.70265,-69.9294,2.65546,-51.9797,0.0374307,-12.5173,106.946,-154.826,-130.85,3.14806,-3848.56,-639.448,30.3191,145.383,-8119.6,-113.63,5.10419,144.99,-167.688,1202.69,-216.551,10.5664,0.0140211,13012.1,-2539.19,47.2789,0,-229.673,-47496.2,-853.255,9.99527,-238.748,-2253.39,-511.199,8.01177,33.1979,11280.3,1108.39,-141.831,-1671.23,-7116.9,-1854.85,138.298,1518.08,-94.1788,-8296.49,-1319.4,95.8341,975.319,-53.4744,143.313,-2.09667,-0.0132021,-33.9157,30.8276,12.651,-35.8282,-35.5217,-52.0744,-103.647,4.49897,-10.244,6.58483,-4.37681,-11.0239,-4.44075,-5.64134,-1.98117,-0.466979,0,4015,1.95333e-12,-4.20974e-12,3.99947e-12,3.57326e-12,-1.88536e-08,-8.24152e-08,-4.34755e-08,1.72258e-08,1.45855e-08,2.38573e-08,0,-1.20846,-0.689258,-0.161253,-4.09935,3.14159,1.56612,-15.7842,2.61331,-9.48502,-0.392699,3.70265,-13.9863,2.65542,-10.3959,0.523599,0,0,0,142.844,0.0207198,-1.20846,-0.161258,2.45674,1.56612,2.61332,-1.05188,3.70265,2.65546,0.0374307,0.0455232,303.627,-18.8366,-0.00303779,-1173.25,195.064,-10.6949,28.6626,-978.433,0.0591544,0.0157372,1.02762,3744.97,978.169,614.843,-3898.34,10371.1,1685.39,-15313.6,1915.15,5879.41
9.56,-5.62036,-2.4479,142.889,12833,0.0630173,-1922.81,-1.17445,1.0585,0.0938621,1.34433,2.51179,-1.22568e+08,1.6261,-3.72457,2.35977,-0.373638,-1.00378,-4.49766e+08,3.74461,-3.79564,2.60337,-1.02617,0.0673224,-4.4611,-2.01391,-6.80695,-0.655013,-6.87978,-3.92478,-4.02354,-2.34714,-6.50604,-1.11539,-6.33151,-3.88117,1.78217,-0.361025,-1.2596,10.4061,-0.4672,-12.8702,0.0175061,-3.23642,-1.21996,54.7382,-0.172767,-22.1442,2.44522,-129,1.58059,-86.0531,2.62779,-0.648425,-1.03739,-63.5169,3.6991,-25.5227,2.6519,-4.08679,0.0338828,-12.4524,106.402,-23.0582,-132.717,1.53163,1867.09,52.4242,-1.55389,81.74,-2625.24,596.957,-13.8964,81.5251,36.6264,-369.302,-223.554,5.13874,0.0205276,21043.5,-1254.71,15.3205,0,-161.531,-13128.2,-887.76,4.90208,-111.755,4465.45,-5.85848,0.0570479,50.8361,56953,-313.967,-29.4969,-721.428,-49521.4,-569.018,31.5482,658.043,-48.1732,-5015.94,-75.6708,3.58656,64.0662,-14.8338,14.5335,-2.09134,-0.00529815,130.401,5.02287,0.603159,44.6157,-25.9444,-52.5632,-67.7063,6.41534,-54.9116,-32.2263,0.955262,-5.19498,-2.26601,-5.64154,-1.98118,-0.4672,0,4014,-3.82264e-13,4.90608e-12,-3.61328e-12,-1.3862e-12,-2.28872e-08,-2.91543e-08,-2.94003e-08,9.04218e-08,8.08514e-08,1.08635e-07,0,-1.21996,2.73537,-0.172775,-1.37079,3.14159,1.58059,-17.2102,2.6278,-0.129685,-0.392699,3.6991,-5.1049,2.65188,-0.817358,0.523599,0,0,0,142.844,0.0175061,-1.21996,-0.172767,2.44522,1.58059,2.62779,-1.03739,3.6991,2.6519,0.0338828,0.0455112,131.619,-9.6352,-0.000246307,-1093.88,12.8132,-2.96677,2.9067,-107.02,0.0591512,0.0157362,1.02764,331.047,59.6991,-20.2733,-1423.59,6298.46,-683.883,-11495.6,6109.64,757.196
9.58,-5.62085,-2.45128,142.89,12837.7,0.0612751,-1923.31,-1.18437,1.87399,0.986556,2.27946,2.51847,-1.22569e+08,1.63608,-743.485,2.2326,6.55487,0.563487,-4.49766e+08,3.74614,14.759,2.65095,20.284,0.0771103,-4.45809,-2.01576,-6.80969,-0.659876,-6.88269,-3.92783,-4.02385,-2.3533,-6.5042,-1.11723,-6.3345,-3.88331,3.48367,-741.816,17.3329,10.4006,-0.470555,-13.7039,0.0158,6.06455,-1.22985,71.1339,-0.182649,-24.9893,2.43535,-39.4922,1.5906,-93.715,2.6378,2313.62,-1.02739,-116.003,3.70067,19.5768,2.65347,-0.879094,0.0355152,-12.4345,106.272,75.0288,-133.761,1.78761,2700.89,130.856,-3.81522,88.501,-3157,688.109,-18.3481,88.2337,73.732,1704.16,-227.852,6.01594,0.0264227,8658.86,-285.021,11.3517,0,-245.637,-4386.47,-942.034,5.95163,-9.58028,8.62496e+06,8879.1,-1287.71,3.89284e+06,68929.7,-1063.01,-12.2729,-313.64,-55315.9,109.078,16.6086,285.573,1.36837,48652.3,69.5875,-15.8772,-199.33,-0.0971058,-2.11475,-2.09026,0.0119905,237.529,-25.3379,41.3833,135.483,-16560.4,-37040.1,249.233,18.4698,872.898,956.792,1.9195,-0.446663,0.0642833,-5.64215,-1.98121,-0.470555,0,4011,2.30926e-13,2.23521e-12,-1.28164e-12,-2.02847e-12,-3.65845e-08,1.98698e-08,3.26969e-08,8.26201e-08,3.51489e-08,-4.11277e-09,0,-1.22985,3.55856,-0.182647,-1.19043,3.14159,1.5906,-18.7336,2.6378,462.725,-0.392699,3.70067,3.91484,2.65351,-0.175819,0.523599,0,0,0,142.844,0.0158,-1.22985,-0.182649,2.43535,1.5906,2.6378,-1.02739,3.70067,2.65347,0.0355152,0.0454751,57.1022,0.273637,-5.39199e-05,-1365.07,-39.866,-0.0194212,-0.42295,1192,0.0591416,0.015733,1.02783,107.101,2251.31,-1141.23,4.00893e+06,1.515e+06,-1.45604e+06,-12260.3,12258.7,-5789.74
9.6,-5.62267,-2.45674,142.89,12836.9,0.0613103,-1891.12,-1.1912,-51.2204,-0.0725091,-104.932,2.46914,-1.22734e+08,1.64143,-27112.8,3.3752,214.51,71.2192,-4.49766e+08,3.75506,-0.563581,6.04571,3.14284,0.217586,-4.4576,-2.0182,-6.81399,-0.667003,-6.88405,-3.93814,-4.02568,-2.35871,-6.50607,-1.12272,-6.33627,-3.8888,-50.6205,-27180.6,5.26455,10.4421,-0.475927,-9.37333,0.0159554,-25.639,-1.23655,19.9873,-0.189353,-13.987,2.42864,-444.935,1.59607,-45.218,2.64327,106791,-1.02193,-159.007,3.70971,70.5294,2.66251,-56.3553,0.0444928,-12.5224,107.082,-304.855,-128.52,10.7417,-1296.71,-337.304,56.081,57.0594,465.452,410.785,-71.2603,1.81521,-19.4684,-1021.24,-250.01,42.9094,8.89957,-64879.8,-5330.46,274.832,0,-958.459,-195297,-525.556,19.0501,-459.96,1.69504e+10,1.2668e+06,-58700,1.70935e+08,29465.3,-1717.3,40.9429,-11.1829,-8628.02,704.676,-4.37907,10.0768,79.3075,38936.9,-436.292,-26.4386,-8.3492,-10.2864,-163.89,-2.09852,0.0265554,-42.5296,1609.63,-2588.56,-5211.37,-8.25349e+06,-1.3555e+06,10647,-1091.88,107.214,96.7645,-0.85865,-21.4054,3.72464,-5.64418,-1.9813,-0.475927,0,4001,1.64618e-13,1.86884e-12,-3.15303e-14,-1.95324e-12,7.63097e-08,1.64229e-07,1.44286e-07,-1.05084e-07,-1.18641e-07,1.2709e-07,0,-1.23655,2.89956,-0.189352,-1.17735,3.14159,1.59607,-9.28997,2.64327,21358.3,-0.392699,3.70971,14.1079,2.66249,-11.2711,0.523599,0,0,0,142.844,0.0159554,-1.23655,-0.189353,2.42864,1.59607,2.64327,-1.02193,3.70971,2.66251,0.0444928,0.0453549,2.01565,15.8629,0.00256475,1926.81,-1.66984,-2.05729,-32.778,1780.04,0.0591097,0.0157223,1.02813,6848.37,-5000.96,2487.74,7.90799e+09,3.39693e+09,-3.39432e+09,14709.7,5345.43,-7845.21
9.62,-5.62605,-2.46169,142.891,12838.3,0.0628582,-1891.23,-1.20071,-0.171862,-0.0396078,-0.615602,2.49778,-1.22734e+08,1.65132,-5.87121,2.0741,1.9854,-1.05608,-4.49766e+08,3.76997,-1.63569,3.19877,3.54312,0.219562,-4.45787,-2.01658,-6.82393,-0.676387,-6.88442,-3.95234,-4.02921,-2.36118,-6.51151,-1.12904,-6.33743,-3.89485,0.432339,-2.74103,1.34351,10.5253,-0.480714,-12.657,0.0177196,22.1352,-1.24585,28.6536,-0.198648,5.86312,2.41934,-154.777,1.60618,-78.8022,2.65338,264.264,-1.01181,-182.619,3.72484,79.3475,2.67764,-28.1214,0.0596106,-12.7062,108.753,-62.1809,-135.073,1.70615,3760.78,328.802,-8.70485,74.6573,-555.887,292.006,-7.30729,-28.1029,32.4089,494.915,74.6286,-1.93414,-5.94431,21396.4,-1571.42,18.9182,0,-156.323,-19970.9,-832.497,4.75189,-134.187,139228,2723.87,-26.4751,4342.1,33440.1,-1899.96,10.0343,-36.7281,-5785.68,819.884,-3.77192,32.5232,79.0759,23162.8,-266.599,-0.768756,-13.5246,5.52691,-53.0385,-2.11509,0.0273609,68.2572,-5.53026,-15.6798,-16.0643,-567.709,-158.634,24.116,-203.127,54.3541,132.394,1.65406,-6.24992,3.72436,-5.64784,-1.98147,-0.480714,0,3983,2.91933e-13,-8.59313e-13,-7.83297e-14,9.37694e-13,1.54117e-09,2.71873e-08,2.56818e-08,-7.07909e-08,7.82317e-08,-3.74104e-08,0,-1.24585,5.61621,-0.198654,1.25649,3.14159,1.60618,-15.761,2.65338,52.8527,-0.392699,3.72484,15.872,2.6776,-5.62428,0.523599,0,0,0,142.845,0.0177196,-1.24585,-0.198648,2.41934,1.60618,2.65338,-1.01181,3.72484,2.67764,0.0596106,0.0451386,6.50571,15.8169,0.0012234,1322.06,-2.70491,1.10538,-10.6077,914.556,0.0590522,0.0157032,1.02839,-193.079,-337.733,168.305,75360.4,43528.2,-30143,9768.51,1666.13,-3974.36
