t,x,y,theta0,phi1,theta1,phi2,theta2,phi3,theta3,phi4,theta4,phi5,theta5,phi6,theta6,phi7,theta7,phi8,theta8,phi9,theta9,phi10,theta10,x1,Y1,x2,y2,x3,y3,Trix[1],Triy[1],Trix[2],Triy[2],Trix[3],Triy[3],varphi1,varphi2,varphi3,z21,z22,z31,z32,z41,z42,z51,z52,z61,z62,z71,z72,z81,z82,z91,z92,z101,z102,z111,z112,z121,z122,al21,al22,al31,al32,al33,al41,al42,al43,al44,al51,al52,al53,al54,al55,al61,al62,al63,al66,al71,al72,al73,al76,al77,al81,al82,al83,al88,al91,al92,al93,al99,al101,al102,al103,al1010,al111,al112,aL113,al1110,al1111,al121,al122,al123,al1210,,al1211,al1212u1,u2,u3,u4,u5,u6,u7,u8,u9,u10,u11,u12,v1,v2,v3,PSx,PSy,d,d0d,Q,nh1,nh2,nh3,nh4,nh5,nh6,nh7,nh8,nh9,nh10,thetap1d,thetap2d,dthetap2d,thetap3d,dthetap3d,thetap4d,thetap5d,dthetap5d,thetap6d,dthetap6d,thetap7d,thetap8d,dthetap8d,thetap9d,dthetap9d,thetap10d,deltap1d,delta2d,delta3d,thetap0,thetap1,thetap2,thetap3,thetap4,thetap5,thetap6,thetap7,thetap8,thetap9,thetap10,thetaT,K81,K82,K83,K84,K91,K92,K93,K94,sr.Cs, sr.Cs1, 1 - sr.d*sr.Cs,b4,b5,b6,b7,b8,b9,b10,b11,b12
0,-6.50009,-2.00168,0,0,-3.26765e-05,0.523599,-0.523603,-0.5236,0.523594,-4.12713e-05,3.14159,-2.61799,2.22618,-3.27337,3.27337,0.392486,-0.391819,-3.66519,4.19003,-3.14283,3.14283,-0.523717,0.524845,0,0,0,0,0,0,0,0,0,0,0,0,0,0,0,0,0,0,0,0,0,0,0,0,0,0,0,0,0,0,0,0,0,0,0,0,0,0,0,0,0,0,0,0,0,0,0,0,0,0,0,0,0,0,0,0,0,0,0,0,0,0,0,0,0,0,0,0,0,0,0,0,0,0,0,0,0,0,0,0,0,0,0,0,0,0,0,0,0,0,0,0,0,0,0,0,0,0,0,0,0,0,0,0,0,0,0,0,0,0,0,0,0,0,0,0,0,0,3.14159,0,0,0,0,-0.392699,0,0,0,0,0.523599,0,0,0,0,0,0,0,0,0,0,0,0,0,0,0,0,0,0,0,0,0,0,0,0,0,1,0,0,0,0,0,0,0,0,0
0.02,-6.50009,-2.00168,0.0169645,0.032446,-3.26765e-05,0.572759,-0.523603,-0.469721,0.523593,0.0401273,3.14161,-2.16744,2.22618,-3.17754,3.28169,0.459991,-0.391811,-4.39395,4.19003,-0.942332,3.12505,4.79717,0.52483,-5.45009,-2.00173,-7.80836,-0.405982,-7.7761,-3.66289,-4.90009,-2.00173,-7.30004,-0.616011,-7.30013,-3.38729,0.0538519,0.495952,1.65789,0,-0.00167761,-0.0474483,-3.26765e-05,-0.0468667,-0.523603,-0.0476815,0.523594,-0.0473621,3.14159,-3.44254,2.22618,2.03976,3.27337,-0.0475916,-0.391819,4.40644,4.19003,-2.26967,3.14283,-0.0474044,0.524845,-0.0474112,1.00008,-0.0118502,-1.2501,1.2501,-0.00626662,8.8896,-17.7792,8.88991,-0.0181872,-4.4448,8.88961,-8.88992,4.44527,-0.0121541,2.61539e-05,-5.23108e-05,-1.11124,-27.9077,-22.3112,14.0953,0,6.25608,10.3572,5.95098,-4.78289,0.891287,0.571678,0.0024607,-0.00107076,-0.276128,34.2502,-23.1016,15.4085,5.12138,0.109291,3.82715,-3.83818,-2.55519,-0.00805412,0.010921,-0.00502249,0.00251401,0.00166873,-0.00268489,0.00268314,0.200016,0.848223,1.6223,2.45803,2.69395,2.00843,22.5277,4.79142,3.37522,-36.4381,110.025,266.044,0,0,-0,-6.5,-2,-0.00167761,0,0,-0,-0,-0,0,-0,0,0,0,0,0,0,-0.523603,-0.0095226,0.523594,-0.00947242,3.14159,2.22618,0.407952,3.27337,-0.00951832,-0.392699,4.19003,-0.453925,3.14284,-0.00948088,0.523599,0,0,0,0,-3.26765e-05,-0.523603,0.523594,3.14159,2.22618,3.27337,-0.391819,4.19003,3.14283,0.524845,0,-0.511027,-0.0016108,1.04492e-08,0.0925749,0.000333745,-0.000536978,0.000536627,0.000400496,0.0474074,0.0117992,1.00008,29.2595,-10.6383,0.76185,223.31,-82.7401,0.365137,-278.832,91.8624,0.357623
0.04,-6.50011,-2.00193,0.0296412,0.0543735,-4.01421e-05,0.602834,-0.523604,-0.451836,0.522709,0.0567219,3.14161,-2.20777,2.22633,-3.26393,3.27163,0.393793,-0.391652,-4.27293,4.19024,-3.15595,3.15328,-0.528333,0.525054,-5.45011,-2.00199,-7.8084,-0.406307,-7.77607,-3.66323,-4.90011,-2.00199,-7.30005,-0.616255,-7.30016,-3.38754,0.0708515,0.399349,-0.527716,0.0169676,-0.00192788,-0.0280917,-4.01421e-05,-0.035266,-0.523604,-0.272347,0.523594,-0.0473629,3.14159,0.716767,2.22633,-0.523209,3.27353,-0.0484984,-0.39166,-5.19171,4.19024,2.51244,3.14305,-0.0511108,0.525057,-0.0474386,1.00038,0.0123303,-1.25048,1.25143,-0.254393,9.15223,-18.3184,9.17899,-0.94216,-4.7061,9.41941,-9.17901,4.58174,-0.254902,2.64417e-05,-5.29275e-05,-1.0805,10.4054,-25.966,12.2932,0,14.4384,-8.89644,8.19911,-3.67257,4.45341,-0.668708,0.00370512,-0.000878223,-1.37973,-126.879,-39.5602,15.4834,40.3238,107.804,12.0291,-3.86854,-20.1112,8.40749,7.13338,-0.0121586,0.00296913,0.0153826,2.80272,-2.80057,0.200047,0.633837,1.09637,1.50373,3.58825,2.83823,-2.01634,0.479967,0.0671089,6.05137,-0.645083,-0.229898,0.206146,0.229359,0.436797,-6.5,-2,-0.00192788,0,0,0,-1.21431e-17,-8.98448e-18,-1.39066e-17,1.04083e-17,6.93889e-18,1.32544e-17,1.38778e-17,0,-2.1684e-18,0,-0.523604,-0.0432224,0.523594,-0.00947231,3.14159,2.22633,-0.104642,3.27353,-0.00969968,-0.392699,4.19024,0.502479,3.14305,-0.0102222,0.523599,0,0,0,0.0169645,-4.01421e-05,-0.523604,0.523594,3.14159,2.22633,3.27353,-0.39166,4.19024,3.14305,0.525057,0,-4.02216,1.68148,-1.0906e-05,5.89927,0.00307653,0.560543,-0.560114,0.284445,0.0474074,0.0117992,1.00009,12.5235,1.80285,0.81051,-49.1527,19.4641,0.575769,371.135,-126.053,-1.07105
0.06,-6.50011,-2.002,0.0379235,0.0681487,-4.21789e-05,0.620933,-0.523604,-0.441794,0.522203,0.0659796,3.14162,-2.21549,2.22638,-3.26318,3.27309,0.395196,-0.391609,-4.20493,4.1903,-3.14131,3.14631,-0.521929,0.525111,-5.45011,-2.00206,-7.80841,-0.406396,-7.77606,-3.66333,-4.90011,-2.00206,-7.30005,-0.616322,-7.30017,-3.3876,0.0803865,0.401516,-0.520111,0.0296527,-0.00199613,-0.0164857,-4.21789e-05,-0.04483,-0.523604,-0.401695,0.523594,-0.0473634,3.14159,0.119524,2.22638,-0.169157,3.27358,-0.0483924,-0.391616,-1.69344,4.1903,0.754542,3.1431,-0.0498968,0.525115,-0.0474946,1.00097,0.0268328,-1.25122,1.25382,-0.565888,9.32501,-18.6888,9.37716,-1.30735,-4.87624,9.77278,-9.37718,4.65091,-0.387563,2.6624e-05,-5.33623e-05,-1.06045,2.46101,-25.4881,12.5609,0,12.6143,-1.89809,7.90159,-3.83019,3.86642,-0.156915,0.00374457,-0.000969823,-1.19787,-30.4973,-33.5114,15.494,22.3001,22.0171,9.00607,-3.8657,-11.1209,5.43982,1.43573,-0.0102328,0.00308315,0.00883802,1.81342,-1.81198,0.200107,0.414114,0.688761,0.904935,4.09036,3.30114,-0.385931,0.519676,0.137846,3.39996,0.0895674,0.090638,0.209228,0.199098,0.282576,-6.5,-2,-0.00199613,0,0,1.73472e-18,-3.46945e-18,-4.31817e-18,2.75489e-17,-2.77556e-17,-2.60209e-17,-1.76725e-17,-1.73472e-17,-2.77556e-17,-4.04407e-17,0,-0.523604,-0.0626245,0.523593,-0.00947226,3.14159,2.22638,-0.0338315,3.27357,-0.00967848,-0.392699,4.1903,0.150905,3.14311,-0.00997937,0.523599,0,0,0,0.0296412,-4.21789e-05,-0.523604,0.523594,3.14159,2.22638,3.27358,-0.391616,4.1903,3.1431,0.525115,0,-2.22414,1.08795,-7.05608e-06,1.18373,0.0017676,0.362684,-0.362396,0.0570064,0.0474074,0.0117992,1.00009,1.83712,9.66082,0.837069,-9.87135,4.54477,0.458332,113.142,-37.3517,0.0282381
0.08,-6.49982,-2.00214,0.0443393,0.0779104,-4.3549e-05,0.63762,-0.523796,-0.407342,0.522631,0.0695668,3.14161,-2.21429,2.22658,-3.26082,3.27357,0.396973,-0.391408,-4.18338,4.19045,-3.13217,3.14385,-0.524346,0.525286,-5.44982,-2.0021,-7.80816,-0.406636,-7.77575,-3.66352,-4.89982,-2.00221,-7.29976,-0.616465,-7.29988,-3.38775,0.115275,0.404157,-0.513602,0.0379348,-0.00214093,-0.00956989,-5.42158e-05,-0.057175,-0.523807,-0.242675,0.523391,0.00401548,3.14138,-0.0110618,2.22657,-0.0995731,3.27377,-0.0457361,-0.391432,-0.410361,4.19043,0.104019,3.14324,-0.0326944,0.525222,-0.0475504,1.00154,0.0354924,-1.25193,1.25595,-0.821582,9.4346,-18.9298,9.50451,-0.422062,-4.56839,9.16614,-8.95754,4.43258,-0.289069,0.0389377,-0.0781311,-1.08677,0.931525,-25.4099,12.6216,0,12.188,-0.631474,7.85337,-3.86308,3.71567,-0.0734331,-0.00658883,0.00173348,-1.14888,-5.50644,-31.3304,15.5165,17.3222,3.64147,7.91012,-3.8684,-8.63627,4.36558,0.205053,0.0689972,-0.0227393,-0.0505675,1.46507,-1.47382,0.200164,0.320793,0.488087,0.834382,3.24936,3.27856,0.0599952,0.647908,0.350394,1.0772,0.553931,0.546515,0.205047,0.191333,0.226777,-6.49978,-2,-0.00214093,0,1,-3.46945e-18,-3.46945e-18,-1.73472e-18,1.96241e-17,4.77049e-18,4.77049e-18,1.68051e-17,1.99493e-17,1.73472e-17,3.90313e-17,0,-0.523807,-0.0404516,0.523389,0.00104532,3.14159,2.22657,-0.0199149,3.27376,-0.00914721,-0.392699,4.19043,0.0208058,3.14322,-0.00653889,0.523599,0,0,0,0.0379128,-5.42158e-05,-0.523807,0.523391,3.14138,2.22657,3.27377,-0.391432,4.19043,3.14324,0.525222,1.06668e-05,-1.72738,0.873158,2.15501e-05,0.278147,-0.0101135,0.293014,-0.294764,0.0104091,0.0474101,0.0118001,1.0001,2.94968,6.8957,0.0861816,-1.22642,1.6152,0.342401,25.5448,-6.83639,-0.0483897
0.1,-6.49893,-2.00285,0.0552632,0.092204,-0.000172119,0.663458,-0.524681,-0.335466,0.523769,0.0666499,3.14112,-2.20628,2.22722,-3.25018,3.2742,0.395248,-0.390692,-4.1684,4.19003,-3.09822,3.14278,-0.565621,0.525329,-5.44893,-2.00253,-7.80722,-0.407563,-7.77516,-3.66391,-4.89893,-2.00312,-7.29869,-0.61707,-7.29916,-3.38835,0.188776,0.414717,-0.480768,0.044321,-0.00284845,-0.00550595,-0.000225456,-0.0283784,-0.524734,0.265416,0.522463,0.126706,3.14046,-0.0303747,2.22716,-0.100059,3.27436,-0.0199346,-0.39084,-0.105425,4.18997,-0.0601748,3.14278,0.108726,0.524743,-0.0476119,1.0021,0.0406038,-1.25265,1.25778,-0.632198,9.53927,-19.1568,9.65518,1.42473,-3.60755,7.24455,-7.70461,3.98867,0.145759,0.19063,-0.382902,-1.12822,0.753053,-25.4206,12.6159,0,12.1102,-0.503308,7.87001,-3.86153,3.67882,-0.0992656,-0.109289,0.0286189,-1.11659,-0.335653,-30.7508,15.5291,16.2412,0.252866,7.62711,-3.87381,-8.10321,4.12332,-0.23865,0.755876,-0.255461,-0.53264,1.4656,-1.57986,0.200223,0.546193,0.714677,1.29191,-0.204028,1.33212,0.400216,1.2118,1.44215,0.749242,2.23058,3.26512,0.195923,0.189418,0.214191,-6.49888,-2,-0.00284845,0,5,1.73472e-18,-6.93889e-18,-6.93889e-18,-1.47451e-17,-2.68882e-17,-2.68882e-17,-3.55618e-17,-2.34188e-17,-2.3744e-17,-3.1225e-17,0,-0.524734,0.0464599,0.522465,0.0243952,3.14159,2.22716,-0.0200122,3.27435,-0.00398692,-0.392699,4.18997,-0.0120394,3.14274,0.0217452,0.523599,0,0,0,0.044286,-0.000225456,-0.524734,0.522463,3.14046,2.22716,3.27436,-0.39084,4.18997,3.14278,0.524743,5.33374e-05,-1.62084,0.824735,4.16695e-05,0.29357,-0.106528,0.29312,-0.315973,0.0365103,0.0474207,0.0118036,1.00014,22.1405,-9.4226,-1.52414,3.37277,1.69082,-0.216954,9.04171,5.41453,-2.28838
0.12,-6.49754,-2.00402,0.0735061,0.116095,-0.000557535,0.699714,-0.525934,-0.254088,0.524914,0.072203,3.1403,-2.19017,2.22782,-3.22418,3.27469,0.378857,-0.389831,-4.14727,4.18888,-3.04503,3.1413,-0.626502,0.524891,-5.44754,-2.00362,-7.80544,-0.40874,-7.77462,-3.66422,-4.89755,-2.00491,-7.29677,-0.617933,-7.29832,-3.38921,0.272118,0.440331,-0.428627,0.0552123,-0.00401956,-0.00169537,-0.000674888,0.0485103,-0.526051,0.858105,0.521146,0.267479,3.13914,-0.029145,2.22771,-0.13161,3.2749,0.0544401,-0.39029,-0.00163008,4.18876,-0.142318,3.14156,0.316939,0.523533,-0.0477322,1.00324,0.0454344,-1.25413,1.26088,0.0384833,9.70933,-19.5239,9.92776,3.11861,-2.45273,4.93077,-6.21712,3.74593,0.624283,0.463658,-0.932762,-1.07534,0.821843,-25.5187,12.578,0,12.1764,-0.643213,7.93704,-3.83758,3.66393,-0.203172,-0.408799,0.105011,-1.06038,1.37882,-30.3821,15.5465,15.7456,-0.923459,7.46191,-3.88586,-7.87163,4.05392,-0.811983,1.76397,-0.60594,-1.22564,1.56171,-1.90315,0.200343,0.912144,1.19456,1.81277,-5.46713,-1.48115,0.805509,2.5418,4.08726,1.05658,4.83217,6.31801,0.192494,0.188579,0.210522,-6.49753,-2,-0.00401956,0,11,0,1.38778e-17,1.38778e-17,2.77556e-17,-4.51028e-17,-4.59702e-17,-4.85723e-17,5.46438e-17,5.29091e-17,2.77556e-17,0,-0.526051,0.167855,0.521142,0.0507931,3.14159,2.22771,-0.0263224,3.2749,0.010888,-0.392699,4.18876,-0.0284745,3.14153,0.0633877,0.523599,0,0,0,0.0551458,-0.000674888,-0.526051,0.521146,3.13914,2.22771,3.2749,-0.39029,4.18876,3.14156,0.523533,0.000117353,-1.57448,0.810843,4.51107e-05,0.425214,-0.245128,0.312343,-0.38063,0.144554,0.0474366,0.011809,1.00019,50.4995,-29.0643,-2.92708,6.53941,4.62256,-1.35381,5.36228,17.0449,-5.77265
0.14,-6.49589,-2.00545,0.0986522,0.148794,-0.00101207,0.746034,-0.526292,-0.180351,0.526456,0.143785,3.14022,-2.16724,2.22845,-3.19019,3.27503,0.357756,-0.388894,-4.12255,4.18836,-2.99172,3.14032,-0.675383,0.524996,-5.44589,-2.00558,-7.80328,-0.410124,-7.77374,-3.66505,-4.89589,-2.00707,-7.29449,-0.618998,-7.29729,-3.39028,0.347478,0.473739,-0.376394,0.0734646,-0.00544817,0.00500758,-0.00120413,0.1274,-0.526484,1.33688,0.520713,0.340536,3.1387,0.00238744,2.22826,-0.201549,3.27546,0.146321,-0.389738,0.132143,4.18817,-0.258999,3.14097,0.502237,0.522947,-0.0479749,1.00565,0.0539831,-1.25724,1.26721,0.711763,9.96641,-20.0924,10.3356,4.45715,-1.48482,2.98996,-4.97485,3.79468,0.882914,0.70264,-1.41744,-0.953417,1.30645,-25.7452,12.518,0,12.3761,-1.16725,8.07422,-3.79062,3.66288,-0.335308,-0.787174,0.194913,-1.0124,3.52005,-29.9435,15.6224,15.1451,-2.40157,7.23398,-3.90815,-7.57817,3.97399,-1.6468,2.65945,-0.936892,-1.81425,1.64158,-2.26243,0.200591,1.2573,1.63494,2.316,-10.0951,-1.98168,1.14648,4.27296,7.50811,1.23571,7.47251,8.54601,0.196888,0.188388,0.20624,-6.49595,-2,-0.00544817,0,18,0,0,0,-6.93889e-18,-3.64292e-17,-3.46945e-17,-3.46945e-17,-2.77556e-17,-2.94903e-17,-1.38778e-17,0,-0.526484,0.267249,0.52071,0.0661251,3.14159,2.22826,-0.0403106,3.27545,0.0292643,-0.392699,4.18817,-0.0518171,3.14094,0.100447,0.523599,0,0,0,0.073314,-0.00120413,-0.526484,0.520713,3.1387,2.22826,3.27546,-0.389738,4.18817,3.14097,0.522947,0.000192053,-1.51576,0.794851,5.1277e-05,0.525409,-0.36285,0.328315,-0.452486,0.296523,0.0474552,0.0118152,1.00026,73.1418,-45.3726,-3.26681,7.28919,9.45029,-2.55063,-1.61974,29.6412,-9.30993
0.16,-6.49378,-2.00755,0.134465,0.194562,-0.0016208,0.807469,-0.52658,-0.107218,0.52736,0.265727,3.14013,-2.13465,2.22924,-3.14899,3.27543,0.340784,-0.387792,-4.09113,4.18723,-2.93637,3.13869,-0.7044,0.524341,-5.44378,-2.0085,-7.80049,-0.412143,-7.77278,-3.66612,-4.89378,-2.01014,-7.29153,-0.62061,-7.29602,-3.39189,0.421606,0.514236,-0.322018,0.0987071,-0.00754623,0.0141428,-0.00191959,0.21391,-0.526879,1.65281,0.520318,0.375239,3.13832,0.0474955,2.22894,-0.299739,3.27613,0.236336,-0.389052,0.239067,4.18693,-0.38193,3.13974,0.644592,0.521715,-0.0484149,1.0101,0.0658095,-1.26298,1.2783,1.4855,10.3319,-20.9173,10.9283,5.38011,-0.77725,1.56683,-4.08411,4.02928,0.959859,0.88246,-1.78816,-0.844058,2.01574,-26.1111,12.4435,0,12.696,-1.92196,8.28623,-3.72264,3.66358,-0.450796,-1.17468,0.275083,-0.983049,5.18805,-29.5079,15.7461,14.6097,-3.63933,7.006,-3.94708,-7.32459,3.93017,-2.51566,3.31261,-1.2008,-2.228,1.70805,-2.59211,0.201043,1.79063,2.28838,3.07176,-12.6008,0.755473,1.62968,6.37239,11.2187,1.57125,10.1833,10.1401,0.20671,0.188213,0.203758,-6.4937,-2,-0.00754623,0,28,-3.46945e-18,-1.38778e-17,-1.38778e-17,-5.55112e-17,3.46945e-17,3.46945e-17,3.46945e-17,5.0307e-17,5.20417e-17,4.16334e-17,0,-0.526879,0.323478,0.520322,0.0754154,3.14159,2.22894,-0.0599461,3.27614,0.0472673,-0.392699,4.18693,-0.0764045,3.13971,0.128918,0.523599,0,0,0,0.0983534,-0.00191959,-0.526879,0.520318,3.13832,2.22894,3.27613,-0.389052,4.18693,3.13974,0.521715,0.000298795,-1.46501,0.786074,4.65547e-05,0.702998,-0.4456,0.341609,-0.518422,0.536123,0.0474818,0.0118241,1.00036,89.4496,-56.4057,-2.6353,10.1209,13.9541,-3.38436,-5.56161,40.9049,-12.3914
0.18,-6.49109,-2.01087,0.18842,0.260267,-0.002335,0.886083,-0.528608,-0.0257936,0.525626,0.355238,3.13836,-2.08368,2.23068,-3.09357,3.27634,0.331138,-0.386029,-4.04571,4.18529,-2.87073,3.13616,-0.713455,0.522751,-5.44108,-2.01185,-7.79711,-0.415631,-7.77161,-3.66794,-4.89109,-2.01461,-7.28785,-0.623366,-7.29432,-3.39464,0.503061,0.568797,-0.257321,0.134916,-0.0108732,0.0267402,-0.00276193,0.299153,-0.529035,1.73927,0.518163,0.422695,3.13616,0.099719,2.23026,-0.434579,3.27745,0.328845,-0.387739,0.3276,4.18486,-0.527578,3.13767,0.754089,0.51964,-0.0492497,1.01871,0.0825719,-1.27408,1.29872,2.3083,10.901,-22.2294,11.8541,5.69107,-0.420986,0.84815,-3.68884,4.32681,0.956929,1.06252,-2.1692,-0.7959,2.91844,-26.719,12.3471,0,13.2048,-2.90862,8.63122,-3.61984,3.65704,-0.548098,-1.60799,0.343934,-0.968794,6.54506,-29.0807,15.97,14.0959,-4.80228,6.76844,-4.01822,-7.09066,3.9204,-3.39908,3.75607,-1.41072,-2.49607,1.76598,-2.8765,0.201914,2.69777,3.28527,3.93068,-12.0229,4.36334,2.54862,9.21528,15.5925,2.27108,13.3682,11.6657,0.21872,0.187451,0.20283,-6.491,-2,-0.0108732,0,40,6.93889e-18,6.93889e-18,1.38778e-17,6.93889e-18,-6.93889e-18,-3.46945e-18,6.93889e-18,1.38778e-17,1.38778e-17,4.16334e-17,0,-0.529035,0.331637,0.518165,0.0875486,3.14159,2.23026,-0.0869158,3.27745,0.065769,-0.392699,4.18486,-0.105544,3.13763,0.150818,0.523599,0,0,0,0.134038,-0.00276193,-0.529035,0.518163,3.13616,2.23026,3.27745,-0.387739,4.18486,3.13767,0.51964,0.000426928,-1.41823,0.784128,6.43875e-05,1.0473,-0.499214,0.353197,-0.575301,0.963724,0.0475137,0.0118348,1.00052,101.154,-58.5435,-0.955856,20.7774,16.4078,-3.53112,-4.29826,51.9224,-15.6171
0.2,-6.4878,-2.01556,0.265339,0.348626,-0.00303797,0.982301,-0.532711,0.0687959,0.520894,0.370581,3.13459,-2.0065,2.23339,-3.01954,3.27825,0.330992,-0.382987,-3.97889,4.1834,-2.77575,3.13339,-0.728578,0.521382,-5.43778,-2.01541,-7.7934,-0.42114,-7.76981,-3.67116,-4.8878,-2.02042,-7.28358,-0.627496,-7.292,-3.39876,0.59669,0.641696,-0.163737,0.190225,-0.0155639,0.0430472,-0.00361445,0.334905,-0.533287,1.57666,0.51391,0.48456,3.13191,0.158173,2.23281,-0.636683,3.28001,0.423732,-0.385181,0.421956,4.18282,-0.738465,3.13562,0.914865,0.517595,-0.0509899,1.0369,0.105631,-1.29736,1.33871,2.66495,11.8344,-24.4326,13.3145,5.24065,-0.45353,0.923648,-3.87057,4.57388,0.911904,1.25832,-2.60164,-0.822456,4.10907,-27.8883,12.178,0,14.2147,-4.28402,9.28052,-3.424,3.64637,-0.636763,-2.13297,0.381496,-0.972959,7.92671,-28.7183,16.4392,13.4886,-6.20907,6.48632,-4.15252,-6.80734,3.92477,-4.7657,4.39397,-1.73797,-2.86458,1.85807,-3.34266,0.203732,3.84595,4.41794,4.8109,-8.41665,5.77131,3.85869,13.0523,20.6877,3.34085,18.0225,13.4327,0.228954,0.18597,0.202115,-6.48786,-2,-0.0155639,0,54,-6.93889e-18,0,-5.55112e-17,0,-3.46945e-17,-4.16334e-17,-5.55112e-17,6.93889e-17,6.93889e-17,1.11022e-16,0,-0.533287,0.297405,0.513911,0.100456,3.14159,2.23281,-0.127336,3.28001,0.0847465,-0.392699,4.18282,-0.147731,3.13559,0.182973,0.523599,0,0,0,0.187844,-0.00361445,-0.533287,0.51391,3.13191,2.23281,3.28001,-0.385181,4.18282,3.13562,0.517595,0.000576477,-1.36156,0.785001,7.69275e-05,1.45049,-0.572916,0.371614,-0.668532,1.65352,0.047551,0.0118472,1.00074,111.778,-52.3076,1.81915,41.3269,16.0634,-2.54014,-2.93595,68.9758,-20.9841
0.22,-6.48392,-2.02167,0.366273,0.45793,-0.00366964,1.09682,-0.539024,0.176291,0.513386,0.377494,3.12861,-1.89777,2.23712,-2.92307,3.28083,0.345257,-0.378937,-3.88488,4.18183,-2.63218,3.13047,-0.769493,0.520726,-5.43386,-2.01905,-7.78941,-0.428647,-7.76723,-3.67601,-4.88393,-2.02754,-7.27883,-0.633098,-7.28899,-3.40436,0.702663,0.736698,-0.0224404,0.271212,-0.0216713,0.0621101,-0.0044278,0.303006,-0.539783,1.26386,0.507415,0.554486,3.12541,0.209159,2.23636,-0.926391,3.28356,0.510404,-0.381629,0.555034,4.18107,-1.05943,3.13387,1.19107,0.515848,-0.0545704,1.07451,0.136184,-1.34529,1.41489,2.17724,13.4517,-28.3098,15.7326,4.30572,-0.741409,1.547,-4.49454,4.78546,0.694658,1.53657,-3.23942,-0.883872,5.64027,-30.2835,11.7799,0,16.3882,-6.12277,10.574,-2.98251,3.62959,-0.728391,-2.81479,0.329641,-0.993695,9.73778,-28.6127,17.3631,12.7373,-8.17345,6.17417,-4.40176,-6.44544,3.9093,-7.35114,5.56386,-2.36907,-3.4953,2.01013,-4.26881,0.207424,5.04668,5.46523,5.72619,-3.31538,7.03019,5.43651,18.0624,26.1257,4.70048,25.1224,15.0646,0.237081,0.183358,0.199513,-6.48404,-1.99999,-0.0216713,0,71,0,-2.77556e-17,-2.77556e-17,-6.93889e-18,-4.85723e-17,-4.16334e-17,1.38778e-17,-2.08167e-17,-1.38778e-17,-5.55112e-17,0,-0.539783,0.237635,0.507417,0.113193,3.14159,2.23636,-0.185278,3.28356,0.102081,-0.392699,4.18107,-0.211932,3.13384,0.238215,0.523599,0,0,0,0.264581,-0.0044278,-0.539783,0.507415,3.12541,2.23636,3.28356,-0.381629,4.18107,3.13387,0.515848,0.000758158,-1.28915,0.781901,8.98775e-05,1.79527,-0.699061,0.402026,-0.853763,2.73225,0.0475962,0.0118624,1.00103,127.261,-42.5719,6.11711,79.1705,9.08326,0.840692,-8.05336,98.1527,-30.2383
0.24,-6.47947,-2.02913,0.486936,0.581011,-0.00417418,1.22147,-0.546821,0.291259,0.504191,0.421642,3.12112,-1.75872,2.24159,-2.80125,3.2837,0.37833,-0.374191,-3.76053,4.18049,-2.41912,3.12701,-0.841033,0.520777,-5.42933,-2.02304,-7.78517,-0.437996,-7.76384,-3.68243,-4.87948,-2.03581,-7.27368,-0.640166,-7.28524,-3.41142,0.815926,0.85665,0.187108,0.382998,-0.0291441,0.0828936,-0.0051462,0.260475,-0.547793,0.902405,0.499404,0.63397,3.1174,0.250006,2.24062,-1.32534,3.28782,0.583586,-0.377377,0.76265,4.17952,-1.53169,3.13232,1.61679,0.514293,-0.0615431,1.14787,0.177706,-1.43846,1.55273,1.32558,16.4933,-35.63,20.2326,3.10957,-1.16274,2.49942,-5.47782,5.0776,0.318453,2.02371,-4.37999,-0.958061,8.10223,-35.5481,10.4028,0,21.6387,-8.82541,13.4268,-1.7387,3.61465,-0.79308,-3.90671,0.0181279,-1.02598,12.4127,-29.1345,19.052,11.9216,-10.9093,5.89695,-4.84709,-6.04652,3.83692,-12.3712,7.59206,-3.55676,-4.479,2.22922,-6.03244,0.214426,6.03316,6.15405,6.2323,1.6235,9.25,6.95283,24.3772,31.7446,6.21744,35.7085,15.9283,0.246725,0.179725,0.192855,-6.47955,-1.99999,-0.0291441,0,91,0,0,-2.77556e-17,-5.55112e-17,0,0,4.16334e-17,1.38778e-17,1.38778e-17,0,0,-0.547793,0.168037,0.499405,0.126384,3.14159,2.24062,-0.26507,3.28781,0.116717,-0.392699,4.17952,-0.306411,3.13229,0.323358,0.523599,0,0,0,0.3653,-0.0051462,-0.547793,0.499404,3.1174,2.24062,3.28782,-0.377377,4.17952,3.13232,0.514293,0.000972022,-1.20934,0.76742,0.000137204,2.08663,-0.8958,0.445845,-1.20649,4.28827,0.0476495,0.0118803,1.00139,151.059,-33.3554,12.2802,156.879,-15.8051,9.37646,-25.3112,143.749,-44.332
0.26,-6.47459,-2.03773,0.616705,0.705412,-0.00442956,1.34091,-0.554514,0.39663,0.494944,0.505656,3.11364,-1.60342,2.24651,-2.65853,3.28642,0.440249,-0.369053,-3.60686,4.17984,-2.10332,3.12294,-0.935899,0.522021,-5.42435,-2.02782,-7.78093,-0.448908,-7.7595,-3.69051,-4.87461,-2.04482,-7.26845,-0.648558,-7.28072,-3.41981,0.919527,0.996943,0.497601,0.528864,-0.0377443,0.10395,-0.00563699,0.241202,-0.555722,0.509249,0.491476,0.711376,3.10947,0.306176,2.24531,-1.86691,3.2925,0.637539,-0.372691,1.09071,4.17863,-2.19549,3.13144,2.21054,0.51341,-0.0741968,1.281,0.236408,-1.60715,1.78679,0.472205,22.6238,-50.3442,29.2553,1.45826,-1.86567,4.14228,-7.12443,5.49922,-0.192453,2.90944,-6.48594,-1.06386,14.9978,-49.9822,3.69503,0,38.5469,-14.7212,21.6707,3.18531,3.63635,-0.389482,-6.42391,-1.36377,-1.06533,16.5547,-30.7951,21.9364,11.2103,-14.4601,5.71865,-5.59399,-5.69203,3.6604,-22.3831,11.1215,-5.82635,-5.98995,2.51095,-9.31212,0.226566,6.48846,6.22,5.97186,5.4354,11.4935,7.76498,31.759,37.4608,7.68331,51.466,15.76,0.259305,0.176761,0.180002,-6.47461,-1.99998,-0.0377443,0,113,1.38778e-17,1.38778e-17,0,-2.08167e-17,-4.16334e-17,-4.16334e-17,-4.16334e-17,-2.77556e-17,-2.77556e-17,-8.32667e-17,0,-0.555722,0.0928679,0.491476,0.135503,3.14159,2.24531,-0.373387,3.2925,0.127508,-0.392699,4.17863,-0.439193,3.1314,0.442107,0.523599,0,0,0,0.485728,-0.00563699,-0.555722,0.491476,3.10947,2.24531,3.2925,-0.372691,4.17863,3.13144,0.51341,0.00120742,-1.1384,0.732104,0.000199233,2.57342,-1.19799,0.502189,-1.86242,6.28903,0.0477082,0.0118999,1.0018,187.992,-26.5719,20.4006,373.227,-107.548,33.6385,-58.5428,208.206,-63.5535
0.28,-6.46933,-2.04725,0.743027,0.820086,-0.00441061,1.44702,-0.561565,0.484211,0.486358,0.618973,3.10664,-1.46308,2.25133,-2.54878,3.28738,0.452596,-0.363761,-3.42618,4.18026,-1.59951,3.11689,-1.04897,0.524891,-5.41895,-2.03343,-7.77665,-0.460917,-7.75409,-3.70025,-4.86934,-2.05431,-7.26321,-0.658095,-7.27543,-3.42935,1.00552,1.10236,0.992489,0.70836,-0.0472725,0.121889,-0.0058643,0.170663,-0.563019,0.129205,0.484178,0.767326,3.10217,0.766831,2.24988,-2.80791,3.29707,0.744033,-0.368118,1.5798,4.1788,-3.07935,3.13161,3.02951,0.513579,-0.0953105,1.5029,0.317374,-1.88798,2.15236,-3.81516,36.1085,-82.3999,48.3218,0.101561,-3.22002,7.34415,-9.92023,5.98553,-1.37532,4.72263,-10.7929,-1.20054,178.303,-191.629,-104.347,0,250.969,-122.771,110.378,73.1318,4.06102,25.8595,-30.8157,-20.5379,-1.21221,22.7981,-34.0907,26.4551,10.8023,-18.4186,5.65441,-6.74472,-5.48098,3.32799,-43.9934,17.9145,-10.546,-8.65095,2.87182,-15.9139,0.245462,6.31608,5.73374,5.30568,7.81036,13.2258,7.01696,37.4873,39.396,9.03418,76.6775,14.5281,0.271769,0.192378,0.159609,-6.46945,-1.99998,-0.0472725,0,136,-2.77556e-17,-2.77556e-17,-5.55112e-17,4.85723e-17,-4.16334e-17,-2.77556e-17,1.38778e-17,1.249e-16,1.38778e-16,1.66533e-16,0,-0.563019,0.0221673,0.484178,0.135299,3.14159,2.24988,-0.561584,3.29707,0.148807,-0.392699,4.1788,-0.616008,3.13157,0.605903,0.523599,0,0,0,0.615251,-0.0058643,-0.563019,0.484178,3.10217,2.24988,3.29707,-0.368118,4.1788,3.13161,0.513579,0.00145369,-1.09612,0.665608,0.000361153,3.8422,-1.73019,0.574365,-3.18278,8.77658,0.0477697,0.0119205,1.00226,262.497,-27.4136,32.6679,2730.66,-1257.06,287.451,-108.109,294.814,-89.1486
0.3,-6.46368,-2.05738,0.855652,0.918629,-0.00414367,1.53823,-0.567934,0.556204,0.478468,0.752155,3.10006,-1.33918,2.25549,-2.37729,3.28815,0.552939,-0.359451,-3.27344,4.1814,-0.888982,3.0988,-1.08399,0.52656,-5.41315,-2.03963,-7.77218,-0.47339,-7.74776,-3.71113,-4.86369,-2.06401,-7.25793,-0.668434,-7.26941,-3.43969,1.07621,1.27031,1.68325,0.918,-0.0574092,0.133648,-0.00586525,-0.0407005,-0.569656,-0.240023,0.477542,0.766503,3.09554,0.751377,2.25377,-3.58429,3.30097,0.784293,-0.364229,2.31827,4.17968,-4.22331,3.13248,3.35989,0.514449,-0.127745,1.84316,0.423192,-2.3184,2.67908,-30.4024,73.3337,-169.629,98.0341,1.61308,-6.98138,16.1535,-16.0577,6.41796,-5.71883,9.25254,-21.4226,-1.39361,-51.4897,21.2214,82.7416,0,-84.5924,21.7598,-27.9652,-44.7179,4.12298,-16.12,6.81024,11.6434,-1.25563,32.5733,-39.3094,32.9661,10.8722,-21.8065,5.62167,-8.38533,-5.50568,2.74798,-79.1918,26.7754,-17.6528,-11.6767,2.87112,-21.612,0.271899,5.63128,4.92712,4.56066,9.29498,14.0725,6.19463,46.2699,45.7293,7.63689,112.261,15.3588,0.280656,0.190902,0.128903,-6.46385,-1.99997,-0.0574092,0,161,0,0,0,9.71445e-17,-5.55112e-17,-1.38778e-16,-6.93889e-17,-5.55112e-17,-8.32667e-17,-5.55112e-17,0,-0.569656,-0.0429694,0.477544,0.118333,3.14159,2.25377,-0.716881,3.30096,0.156859,-0.392699,4.17968,-0.844852,3.13244,0.671978,0.523599,0,0,0,0.741305,-0.00586525,-0.569656,0.477542,3.09554,2.25377,3.30097,-0.364229,4.17968,3.13248,0.514449,0.00172158,-1.10098,0.549593,0.00054323,5.16412,-2.33535,0.574223,-4.32239,9.59275,0.0478366,0.0119429,1.00275,457.694,-49.0787,57.0652,-1050.56,640.681,-114.154,-183.461,365.239,-98.794
0.32,-6.45825,-2.06729,0.947845,0.997703,-0.00367754,1.62087,-0.574398,0.635677,0.471074,0.925244,3.09288,-1.2487,2.2572,-2.1349,3.28578,0.367983,-0.356593,-3.18246,4.18445,-0.157649,2.90103,-1.03267,0.528295,-5.40755,-2.04525,-7.76774,-0.484553,-7.74085,-3.72289,-4.85826,-2.07317,-7.25315,-0.678712,-7.26334,-3.44997,1.15546,1.50747,2.21509,1.1505,-0.0673269,0.138422,-0.00565647,-1.06897,-0.576377,-0.459901,0.47082,0.648628,3.08882,0.637507,2.25522,-4.40575,3.30242,1.03014,-0.362775,2.90259,4.18247,-5.39281,3.13527,3.07991,0.51726,-0.173532,2.32262,0.552472,-2.92473,3.3824,-561.892,313.638,-726.012,385.532,55.5841,-28.4158,65.7926,-42.4835,6.12367,-70.4167,37.2333,-86.213,-1.47661,-18.3425,-13.4033,70.3562,0,-44.782,-1.13689,-9.51962,-34.6988,4.14819,-14.2435,1.78798,11.0532,-1.50065,42.634,-47.1036,41.6567,11.7501,-24.1963,5.72591,-10.5036,-5.91924,2.27229,-114.071,34.5947,-24.818,-14.0074,2.55682,-21.5098,0.305294,4.60963,3.95372,4.13154,10.6366,16.0239,4.52398,58.4748,45.3389,4.54915,148.98,18.7345,0.258418,0.18943,0.105155,-6.45847,-1.99996,-0.0673269,0,185,2.77556e-17,5.55112e-17,8.32667e-17,-2.77556e-17,1.38778e-17,5.55112e-17,9.71445e-17,1.66533e-16,1.66533e-16,5.55112e-17,0,-0.576377,-0.0780958,0.470825,0.082,3.14159,2.25522,-0.881142,3.30242,0.206028,-0.392699,4.18247,-1.07866,3.13525,0.615982,0.523599,0,0,0,0.853673,-0.00565647,-0.576377,0.47082,3.08882,2.25522,3.30242,-0.362775,4.18247,3.13527,0.51726,0.00197894,-1.18375,0.454454,0.000254345,5.95268,-2.80148,0.511363,-4.30196,7.70631,0.0479008,0.0119645,1.00323,1681.35,-224.833,189.823,-575.27,447.832,-75.1527,-258.168,397.379,-85.7816
0.34,-6.45392,-2.07641,1.01947,1.05879,-0.00316238,1.67898,-0.581929,0.676913,0.463678,0.963328,3.08587,-1.22635,2.25768,-1.57732,3.2781,-0.941059,-0.34735,-3.11439,4.18982,0.2321,3.32107,-0.968279,0.532978,-5.40299,-2.0494,-7.76421,-0.494333,-7.73433,-3.73499,-4.85392,-2.08147,-7.24953,-0.688244,-7.25829,-3.45951,1.19631,2.04813,3.0202,1.39069,-0.0764582,0.136597,-0.00535593,-1.13479,-0.584123,-0.43002,0.463075,0.784988,3.08107,0.774226,2.25549,-5.43707,3.30268,3.13492,-0.362505,3.0115,4.18763,-6.36478,3.14043,2.86437,0.522427,-0.231672,2.93061,0.692517,-3.69362,4.23531,425.977,-229.055,525.747,-280.227,-5.63573,6.3131,-14.4755,-1.03846,7.25255,51.061,-30.281,69.4683,-1.68243,-16.9939,-29.3529,77.3435,0,-37.7519,-5.66156,-4.03095,-36.5624,4.43609,-34.3681,-1.69484,31.3541,-7.51966,49.1569,-57.6019,52.174,13.1483,-27.5216,6.03383,-12.9275,-6.56239,2.18923,-133.791,40.2019,-30.1321,-15.1478,2.41256,-19.6072,0.343008,3.5811,3.05426,2.90557,7.50554,12.2885,1.1177,86.3781,11.0996,3.40326,168.736,21.7353,0.289942,0.202433,0.101248,-6.45399,-1.99995,-0.0764582,0,205,0,0,0,-4.16334e-17,4.16334e-17,8.32667e-17,1.38778e-17,5.55112e-17,5.55112e-17,0,0,-0.584123,-0.0666895,0.463073,0.0822401,3.14159,2.25549,-1.08741,3.30269,0.626983,-0.392699,4.18763,-1.27303,3.14042,0.572873,0.523599,0,0,0,0.945651,-0.00535593,-0.584123,0.463075,3.08107,2.25549,3.30268,-0.362505,4.18763,3.14043,0.522427,0.00219355,-1.31241,0.437843,0.000157053,7.12671,-3.02956,0.482513,-3.92143,5.03564,0.0479544,0.0119824,1.00367,-855.134,120.378,-107.138,-452.493,552.94,-142.641,-302.338,417.702,-70.6332
0.36,-6.45111,-2.08537,1.07641,1.10655,-0.00232682,1.71857,-0.592146,0.715741,0.458311,0.878112,3.07914,-308.443,2.25688,1494.15,3.26083,0.427863,0.291645,-3.06961,4.1957,0.495847,3.24351,-0.830645,0.537664,-5.39982,-2.05142,-7.76241,-0.50355,-7.72873,-3.74743,-4.85111,-2.08909,-7.24788,-0.697873,-7.25433,-3.46915,1.23651,1497.12,3.20169,1.62439,-0.0854282,0.132221,-0.0046492,0.309854,-0.594469,0.762764,0.452729,1.36191,3.07072,2.67517,2.25455,-7.58091,3.30175,978.647,-0.363437,3.0798,4.19338,-7.29738,3.14618,2.41319,0.528191,-0.29873,3.63195,0.837638,-4.57745,5.18964,-5.54813,-120.871,274.241,-157.36,4.53633,-20.5454,46.5863,-36.3494,12.0049,-2.72786,-20.6016,46.6907,-1.5945,-88.7802,-38.6457,92.2854,0,-45.3839,16.8263,-3.58225,-43.1159,6.29636,341048,-773.184,7980.23,-570095,55.9806,-69.5707,63.901,14.6822,-30.9032,6.23721,-15.5233,-7.25321,2.14073,-138.056,41.4279,-31.975,-14.6191,2.14317,-14.9682,0.381934,2.84709,2.38796,1.97975,0.734685,4.59796,-15360.8,74872.7,99.8472,2.239,182.218,27.5153,0.428099,0.289954,0.0998963,-6.45131,-1.99994,-0.0854282,0,217,2.77556e-17,5.55112e-17,2.77556e-17,-1.38778e-16,0,1.66533e-16,7.10543e-15,1.66533e-16,5.55112e-17,-1.94289e-16,0,-0.594469,0.08509,0.452727,0.140237,3.14159,2.25455,-1.51357,3.30175,195.729,-0.392699,4.19338,-1.45946,3.14618,0.482638,0.523599,0,0,0,1.01714,-0.0046492,-0.594469,0.452729,3.07072,2.25455,3.30175,-0.363437,4.19338,3.14618,0.528191,0.00232238,-1.45065,0.428147,-2.55006e-05,7.96746,-2.92383,0.428633,-2.99363,2.79646,0.0479866,0.0119932,1.0041,-274.074,-26.9263,-51.407,673245,124624,-100733,-340.962,427.902,-54.0627
0.38,-6.44996,-2.09334,1.12073,1.14275,-0.00118008,1.75066,-0.603823,0.742326,0.457329,1.23299,3.07277,-4159.99,2.25744,-5839.26,3.30769,-4.79637,-1.43855,-3.04512,4.20294,0.415597,3.28558,-0.52083,0.543427,-5.39819,-2.05115,-7.76296,-0.512721,-7.72394,-3.75979,-4.84996,-2.09523,-7.24833,-0.706757,-7.2516,-3.47804,1.26848,-5834.51,3.15775,1.85292,-0.0934003,0.122371,-0.00355615,1.98961,-0.606199,3.66107,0.440998,1.8344,3.05899,-8.84672,2.25506,-1.10161,3.30226,-1612.34,-0.362931,2.97318,4.20056,-8.13762,3.15336,1.73585,0.535424,-0.374276,4.42248,0.960075,-5.56732,6.22182,-211.818,-102.288,228.665,-136.605,-60.2385,-48.2066,107.669,-73.2117,21.2858,-32.1157,-17.9241,40.0156,-0.763579,144.492,-79.5206,83.5699,0,-9.14051,-144.944,16.5005,-34.3147,-3.74333,1.01225e+06,-15061.8,16148.5,2.60421e+06,60.3265,-83.0215,76.5393,16.2751,-34.5211,6.29016,-18.1326,-7.93813,2.23446,-111.731,34.0742,-26.6693,-11.2545,1.7897,-8.62358,0.421535,2.21584,1.81012,1.60425,-6.60858,23.2394,-192578,-291798,-161.31,1.22462,178.567,39.6864,0.642754,-0.173899,0.105188,-6.45019,-1.99994,-0.0934003,0,222,0,0,0,-4.16334e-17,-4.61783e-15,-4.73926e-15,2.84217e-14,0,5.55112e-17,1.11022e-16,0,-0.606199,0.295562,0.440997,0.254713,3.14159,2.25506,-0.220685,3.30226,-322.467,-0.392699,4.20056,-1.62715,3.15342,0.347169,0.523599,0,0,0,1.07403,-0.00355615,-0.606199,0.440998,3.05899,2.25506,3.30226,-0.362931,4.20056,3.15336,0.535424,0.00237607,-1.58775,0.446875,-0.000326387,8.34762,-2.2509,0.357941,-1.72472,0.97642,0.0480001,0.0119977,1.00448,-137.088,-151.087,-29.2107,1.79886e+06,133911,-172518,-369.267,425.718,-36.4397
0.4,-6.44956,-2.10036,1.15525,1.17024,0.000112606,1.76886,-0.617388,1.01083,0.461269,-0.511532,3.06935,-18203.1,2.25981,-21231.5,3.31799,-8.07383,-2.48687,-2.98935,4.21174,0.382783,3.32239,-0.590336,0.55308,-5.39714,-2.04866,-7.76481,-0.521996,-7.71927,-3.77197,-4.84956,-2.10018,-7.24972,-0.714808,-7.24941,-3.48609,1.54435,-21225.7,3.1521,2.06709,-0.100419,0.105197,-0.00228495,3.18177,-0.619786,7.81883,0.427412,1.48948,3.0454,-9.78149,2.25741,-1.37143,3.30461,-3251.14,-0.360578,2.64978,4.20934,-8.83909,3.16214,1.98448,0.544173,-0.454032,5.2572,1.01802,-6.60439,7.25534,-318.515,-96.3667,211.704,-126.212,-120.736,-80.1484,175.937,-111.389,35.5137,-46.4507,-10.4432,22.9108,-0.109277,171.216,-95.4986,96.6747,0,-10.3097,-173.579,20.4191,-39.6596,-4.32268,4.02122e+06,-31951.1,32375,9.16695e+06,59.8132,-97.2233,89.1418,17.7923,-37.9534,6.10114,-20.4567,-8.54246,2.50131,-126.219,40.5392,-31.7266,-12.5271,2.03488,-10.0166,0.459676,1.72642,1.37451,0.910343,-0.0181088,-63.6148,-702157,-1.06141e+06,-325.17,2.78835,177.366,36.4855,0.89832,-0.203165,0.119156,-6.44974,-1.99994,-0.100419,0,224,-5.55112e-17,-2.77556e-17,-4.16334e-17,1.04083e-17,-1.01544e-13,-4.03844e-15,5.68434e-14,0,5.55112e-17,5.55112e-17,0,-0.619786,0.433775,0.427404,0.346606,3.14159,2.25741,-0.287765,3.30461,-650.228,-0.392699,4.20934,-1.76765,3.16217,0.396896,0.523599,0,0,0,1.11833,-0.00228495,-0.619786,0.427412,3.0454,2.25741,3.30461,-0.360578,4.20934,3.16214,0.544173,0.00239755,-1.70855,0.500254,-0.000156223,11.1962,-2.50543,0.406977,-2.00332,0.227103,0.0480054,0.0119995,1.00482,-86.2613,-310.943,2.77906,7.31694e+06,663647,-741575,-370.181,459.299,-39.471
0.42,-6.44988,-2.1062,1.18189,1.19083,0.00146894,1.7876,-0.630562,1.01921,0.458341,-0.258638,3.06172,-18727.7,2.26342,-2828.3,3.28348,-3.17837,-0.892981,-2.96562,4.22285,1.0932,3.23366,-0.348373,0.562685,-5.39674,-2.04513,-7.7677,-0.530774,-7.71452,-3.78407,-4.84988,-2.10385,-7.25191,-0.721735,-7.24784,-3.49301,1.55742,-2824.13,3.76417,2.26334,-0.106258,0.0826279,-0.000907127,5.03224,-0.632938,10.5751,0.414259,1.42155,3.03225,-7.31783,2.26105,-3.77642,3.30824,-810.142,-0.356955,3.05945,4.22047,-9.83443,3.17327,1.57305,0.555272,-0.534659,6.10181,0.996823,-7.6436,8.24624,-502.645,-100.603,217.03,-129.599,-244.596,-94.9427,204.749,-128.905,46.8363,-63.9411,-8.2159,17.7115,-0.00408798,184.928,-103.556,115.978,0,-16.4449,-146.683,19.32,-49.3056,-1.84186,291988,-18859.3,23917.9,1.33456e+06,70.8803,-109.458,101.006,19.4056,-37.6076,4.51,-22.1809,-9.13026,2.13718,-138.938,42.1908,-33.674,-12.7619,1.68247,-7.77144,0.495295,1.33191,1.0293,0.936846,-1.32177,-49.3725,-26228.6,-141250,-80.4089,1.18696,213.442,47.9979,1.13236,-0.087557,0.103005,-6.45019,-1.99994,-0.106258,0,222,0,0,4.16334e-17,-3.94433e-16,-4.11914e-13,7.72438e-14,2.4869e-13,-2.22045e-16,-5.55112e-17,2.22045e-16,0,-0.632938,0.524413,0.414255,0.448847,3.14159,2.26105,-0.750796,3.30824,-162.028,-0.392699,4.22047,-1.96693,3.17327,0.31461,0.523599,0,0,0,1.15288,-0.000907127,-0.632938,0.414259,3.03225,2.26105,3.30824,-0.356955,4.22047,3.17327,0.555272,0.00237607,-1.82604,0.427439,3.34883e-05,13.1628,-2.55239,0.336494,-1.55429,-1.25082,0.0480001,0.0119977,1.0051,-87.6797,-366.597,17.7459,450576,25697.2,-44946.7,-422.304,474.378,-29.0501
0.44,-6.45077,-2.11087,1.20226,1.20597,0.00284939,1.80693,-0.641261,0.994259,0.443975,-0.0602039,3.05119,-24358.8,2.26748,-19237.5,3.3297,-6.69658,-2.06911,-2.95062,4.2322,1.07892,3.2485,0.0526826,0.571108,-5.39698,-2.04175,-7.77127,-0.538648,-7.71075,-3.79419,-4.85078,-2.10631,-7.25472,-0.727511,-7.24682,-3.49878,1.52863,-19232.1,3.75631,2.43713,-0.110923,0.0567046,0.000516278,5.78975,-0.643594,9.60194,0.403604,2.05732,3.0216,-8.93229,2.26515,-3.46373,3.31235,-2567.62,-0.352849,2.97476,4.22986,-10.523,3.18267,1.16798,0.56467,-0.612078,6.9135,0.893938,-8.6307,9.14664,-560.982,-102.383,217.04,-126.244,-277.287,-84.369,178.89,-113.437,45.2838,-71.6047,-12.6651,26.8591,-0.0891865,220.173,-120.392,126.396,0,-15.9616,-187.57,24.2993,-53.6037,-2.98013,2.52139e+06,-44282.4,50267.6,8.28102e+06,71.9164,-121.761,111.753,20.7951,-38.3619,3.19603,-23.621,-9.61536,2.18258,-113.698,34.3979,-27.4513,-10.0522,1.46769,-5.07949,0.527268,1.01855,0.757352,0.966284,-1.10491,-29.6586,-281553,-961711,-256.305,0.749645,213.196,64.7126,1.16367,-0.143288,0.106433,-6.45109,-1.99994,-0.110923,0,218,-2.77556e-17,-5.55112e-17,-2.77556e-17,2.56739e-16,4.98984e-13,-2.6934e-13,6.53699e-13,-5.55112e-17,1.11022e-16,0,0,-0.643594,0.525333,0.403608,0.647598,3.14159,2.26515,-0.684934,3.31234,-513.524,-0.392699,4.22986,-2.10461,3.18266,0.233596,0.523599,0,0,0,1.17956,0.000516278,-0.643594,0.403604,3.0216,2.26515,3.31235,-0.352849,4.22986,3.18267,0.56467,0.00233312,-1.92307,0.436518,7.40225e-06,14.4776,-2.01045,0.293538,-1.0159,-1.69877,0.0479893,0.0119941,1.00532,-87.2855,-255.056,12.3592,4.55546e+06,394732,-456176,-442.524,481.446,-23.3367
0.46,-6.45207,-2.11521,1.21867,1.21806,0.00404039,1.82759,-0.647916,0.921984,0.419889,-0.629678,3.04161,-158942,2.27137,-168165,3.38836,-49.452,-16.2518,-2.9272,4.23848,0.983588,3.2654,0.216795,0.577281,-5.39784,-2.04054,-7.77495,-0.545965,-7.70853,-3.80239,-4.85208,-2.10874,-7.25766,-0.732808,-7.24646,-3.50407,1.44185,-168146,3.67171,2.58633,-0.11526,0.027375,0.0017717,5.50267,-0.650185,5.07519,0.397013,3.49961,3.015,-40.3101,2.2691,16.4348,3.3163,-23885.2,-0.348887,2.73095,4.23621,-11.0629,3.18902,1.06966,0.571023,-0.682951,7.65785,0.702032,-9.5279,9.91899,-512.024,-101.253,210.951,-117.922,-229.763,-50.0375,104.315,-72.8564,33.0702,-86.2292,-24.0363,50.1398,-0.484818,-1107.7,-207.205,75.1149,0,-58.7317,-986.409,75.7409,-17.9476,-30.7141,2.04413e+08,-95674.8,6166.38,6.94809e+07,67.8796,-133.089,120.965,21.9929,-39.157,2.13206,-24.9066,-10.0492,2.32781,-105.122,32.3593,-25.6569,-9.16721,1.46486,-4.45733,0.554985,0.820357,0.604226,1.0331,0.51661,-24.0194,-6.72917e+06,-8.4081e+06,-2394.08,1.17114,208.744,71.1982,0.999846,-1.49257,0.114774,-6.45243,-1.99995,-0.11526,0,212,0,0,5.55112e-17,2.01228e-16,-4.31766e-13,1.7486e-13,-6.82121e-13,-2.77556e-16,1.11022e-16,2.498e-16,0,-0.650185,0.374723,0.39701,0.915426,3.14159,2.2691,3.19071,3.3163,-4777.03,-0.392699,4.23621,-2.21258,3.18902,0.213932,0.523599,0,0,0,1.19999,0.0017717,-0.650185,0.397013,3.015,2.2691,3.3163,-0.348887,4.23621,3.18902,0.571023,0.00226869,-2.00984,0.465562,-3.00964e-06,16.1702,-1.83344,0.292973,-0.891467,-1.99615,0.0479732,0.0119887,1.00553,-97.4392,-7.26315,-8.81698,3.9579e+08,3.98518e+07,-4.04256e+07,-448.389,496.457,-22.3094
0.48,-6.4533,-2.11954,1.2327,1.22816,0.00536304,1.8514,-0.655987,0.84609,0.39589,-0.992785,3.03468,-537291,2.27014,-209529,3.30502,-38.9231,-12.8629,-2.91215,4.24392,1.26925,3.25678,0.790607,0.581719,-5.39851,-2.03837,-7.77778,-0.550731,-7.70629,-3.81029,-4.85332,-2.11096,-7.26072,-0.738213,-7.24586,-3.50945,1.3489,-209513,3.94431,2.71853,-0.119594,0.00186174,0.00314802,5.03679,-0.658202,1.09386,0.388996,5.5037,3.00699,-22.9787,2.26793,4.46514,3.31513,-18656,-0.350064,2.79377,4.2417,-11.6689,3.19451,0.759472,0.576521,-0.749202,8.35399,0.497688,-10.3531,10.6231,-448.76,-98.6928,202.779,-109.343,-178.418,-19.5155,40.1047,-40.9083,24.3655,-91.9958,-39.5035,81.3528,-2.43916,107.871,-177.271,120.684,0,-12.7291,-538.874,50.5619,-45.3713,-14.9849,1.2591e+08,-113202,55392.7,8.69099e+07,69.7384,-142.662,129.264,23.1814,-38.465,0.678956,-25.9985,-10.4828,2.22257,-87.7057,26.1225,-20.7655,-7.31546,1.24823,-3.03597,0.579721,0.701581,0.504917,1.19051,2.8018,-8.73474,-1.89174e+07,-1.04763e+07,-1867.63,0.752479,223.299,96.3815,0.853045,-0.733933,0.110392,-6.45355,-1.99995,-0.119594,0,207,-2.77556e-17,0,5.55112e-17,2.77556e-17,1.18838e-12,-2.28143e-12,6.82121e-12,0,1.11022e-16,-1.38778e-17,0,-0.658202,0.103535,0.389001,0.536409,3.14159,2.26793,0.883863,3.31513,-3731.21,-0.392699,4.2417,-2.33371,3.19451,0.151894,0.523599,0,0,0,1.21646,0.00314802,-0.658202,0.388996,3.00699,2.26793,3.31513,-0.350064,4.2417,3.19451,0.576521,0.00221502,-2.09654,0.444508,-1.72038e-05,17.3336,-1.46309,0.249646,-0.607194,-1.93979,0.0479598,0.0119842,1.00574,-136.666,86.1715,-39.9501,2.4125e+08,2.43843e+07,-2.48321e+07,-470.951,507.796,-19.3877
0.5,-6.4548,-2.12363,1.24487,1.23648,0.00685362,1.85229,-0.667763,0.906279,0.368491,-0.731526,3.01885,-537294,2.26475,-3.21005,3.32559,-1.66494,0.556525,-2.90152,4.24696,1.27534,3.26222,2.12875,0.582997,-5.39913,-2.03365,-7.78032,-0.553241,-7.70479,-3.81697,-4.85484,-2.11266,-7.26428,-0.743501,-7.24528,-3.51472,1.39752,-0.440982,3.95456,2.8416,-0.123675,-0.0220603,0.00471373,4.50364,-0.669903,-2.5346,0.377295,6.13782,2.99529,-22.3251,2.26261,3.38483,3.30981,-57.3723,-0.355375,2.69543,4.24482,-12.1665,3.19762,0.341721,0.579658,-0.813697,9.03304,0.271305,-11.142,11.2876,-382.019,-94.9385,192.726,-100.547,-131.573,8.60763,-17.6491,-14.7169,18.1065,-93.8855,-45.3097,92.3187,-3.19652,178.116,-186.742,132.113,0,-12.5553,-545.544,50.6874,-50.0529,-14.2016,604.134,-381.042,205.128,828.881,67.5622,-152.253,137.179,24.2553,-38.4799,-0.336296,-27.27,-10.9044,2.24372,-49.023,13.2812,-10.5359,-3.66038,1.00755,-1.56759,0.60288,0.608411,0.416356,0.0443863,13.2555,-3.55536,-166.025,5.09485,-8.09134,0.531607,223.755,153.607,0.725025,-0.699317,0.111919,-6.45511,-1.99995,-0.123675,0,200,5.55112e-17,8.32667e-17,5.55112e-17,2.77556e-17,-2.54896e-12,4.15014e-11,-5.97362e-11,2.77556e-16,1.11022e-16,2.08167e-17,0,-0.669903,-0.328984,0.377298,0.696366,3.14159,2.26261,0.676565,3.30982,-11.4745,-0.392699,4.24482,-2.43302,3.19765,0.0683441,0.523599,0,0,0,1.23056,0.00471373,-0.669903,0.377295,2.99529,2.26261,3.30981,-0.355375,4.24482,3.19762,0.579658,0.00213988,-2.18072,0.448714,-3.6479e-05,17.8248,-0.732077,0.201509,-0.313519,-1.22218,0.047941,0.0119779,1.00593,-189.785,259.685,-43.4821,3509.56,-2356.75,931.609,-483.292,513.541,-17.2956
0.52,-6.45637,-2.12722,1.25528,1.24361,0.00810451,1.82007,-0.679328,1.03782,0.343202,0.773224,2.99941,-537295,2.25742,-3.73494,3.31265,-1.39158,-0.401567,-2.88614,4.24503,1.07176,3.27505,3.74431,0.483544,-5.39977,-2.02895,-7.78221,-0.554065,-7.70519,-3.82067,-4.85642,-2.11425,-7.26757,-0.748107,-7.24511,-3.5193,1.5232,-0.020723,3.86327,2.95666,-0.127264,-0.0512839,0.00603974,6.11169,-0.681392,-5.25503,0.365805,5.08985,2.9838,-21.004,2.25535,1.86335,3.30255,-8.01415,-0.362636,2.34889,4.24297,-12.5459,3.19577,0.00542641,0.577816,-0.876518,9.69497,-0.0510258,-11.9078,11.8882,-533.321,-103.891,208.148,-107.489,-129.465,29.8846,-60.2666,2.99203,16.8825,-155.963,-37.6853,75.8346,-3.00139,254.523,-193.547,143.743,0,-12.7502,-528.534,48.8466,-54.7292,-12.8206,-9.04067,-59.4974,35.8602,16.4671,57.8968,-162.236,144.53,25.2305,-39.0991,-0.375129,-29.0698,-11.385,2.39751,-15.4838,1.80478,-1.41965,-0.487746,0.857981,-0.900852,0.624631,0.52049,0.356282,-1.61079,26.9329,42.967,-55.248,-21.5164,-14.6878,0.768725,213.48,219.304,0.743386,-0.634457,0.12005,-6.45668,-1.99996,-0.127264,0,193,0,5.55112e-17,-5.55112e-17,-6.93889e-17,4.72739e-12,-2.63511e-11,1.30563e-11,-2.77556e-17,1.11022e-16,9.54098e-17,0,-0.681392,-0.812361,0.365808,0.88202,3.14159,2.25535,0.372631,3.30255,-1.60283,-0.392699,4.24297,-2.50883,3.19581,0.00108528,0.523599,0,0,0,1.24281,0.00603974,-0.681392,0.365805,2.9838,2.25535,3.30255,-0.362636,4.24297,3.19577,0.577816,0.00206477,-2.2767,0.479459,-2.47981e-05,18.1503,-0.0975491,0.171596,-0.18017,-0.532637,0.0479223,0.0119716,1.0061,-291.529,392.66,-7.15545,881.12,-315.307,138.606,-483.602,517.841,-14.7732
0.54,-6.45828,-2.13113,1.26486,1.25045,0.0092164,1.82776,-0.685934,0.777739,0.327476,0.880321,2.98823,-537295,2.25087,-0.662643,3.17337,-1.1545,-0.33061,-2.86587,4.23811,1.08771,3.26864,4.96202,0.57708,-5.40112,-2.0275,-7.78437,-0.555516,-7.70763,-3.82228,-4.85835,-2.11639,-7.27102,-0.752922,-7.24548,-3.52409,1.25858,2.84134,3.77927,3.06222,-0.131172,-0.0786767,0.00723747,11.4443,-0.687913,-7.80018,0.359285,3.38114,2.97729,2.96494,2.24889,-14.0035,3.29609,9.5833,-0.369094,2.05306,4.23613,-12.9104,3.18894,-0.299298,0.570991,-0.936168,10.3249,-0.388876,-12.6306,12.4463,-1143.09,-135.113,267.975,-143.6,-173.962,48.2968,-96.311,19.0616,20.8327,-239.745,-24.2938,48.3781,-5.68455,-162.359,-133.385,192.146,0,-57.037,8.67756,4.68495,-82.9095,8.63602,-341.574,-42.358,108.719,-35.5885,48.5515,-171.806,151.57,26.1884,-39.3945,0.453439,-31.5485,-11.9747,2.45292,13.1381,-8.72456,6.82939,2.3301,0.691867,-0.623612,0.644665,0.47896,0.341873,0.384396,18.8326,19.0965,-9.11612,131.771,7.96701,1.01371,213.931,259.031,0.965619,0.429483,0.123346,-6.45847,-1.99996,-0.131172,0,185,2.77556e-17,1.11022e-16,0,1.11022e-16,1.70832e-11,2.97129e-12,-1.56074e-11,-3.05311e-16,-1.11022e-16,-1.04083e-16,0,-0.687913,-1.32367,0.359291,0.456058,3.14159,2.24889,-2.8006,3.2961,1.91666,-0.392699,4.23613,-2.58165,3.18899,-0.0598596,0.523599,0,0,0,1.2533,0.00723747,-0.687913,0.359285,2.97729,2.24889,3.29609,-0.369094,4.23613,3.18894,0.570991,0.00197894,-2.39444,0.490522,-2.16436e-05,18.3428,0.466019,0.138373,-0.124722,0.156738,0.0479008,0.0119645,1.00628,-498.883,416.862,41.5258,-286.986,916.412,-109.452,-485.978,523.776,-11.1606
0.56,-6.46089,-2.13572,1.27437,1.25726,0.0105276,1.83891,-0.688297,0.758245,0.321632,1.07618,2.97848,-552844,2.24371,57119.9,3.50777,23.501,7.21038,-2.84616,4.22961,1.37614,3.24503,3.55607,0.570361,-5.40353,-2.0287,-7.78736,-0.557498,-7.71095,-3.82392,-4.86098,-2.11888,-7.27543,-0.758578,-7.24626,-3.52971,1.24299,57116.2,4.05081,3.16619,-0.135756,-0.0991081,0.0086774,11.4763,-0.690148,-8.62814,0.35705,1.22911,2.97505,20.2538,2.24186,-25.3371,3.28906,12466.6,-0.37613,1.95064,4.22776,-13.3354,3.18056,-0.690089,0.562577,-0.996621,10.9665,-0.672346,-13.3491,13.0335,-1142.09,-137.216,270.111,-141.454,-156.119,54.6294,-108.256,22.7974,20.4805,-158.522,-9.16221,18.1271,-8.87171,-1624.02,-86.4456,224.989,0,-139.45,187.798,-30.5227,-100.484,24.0285,5.99323e+07,3997.91,63906.9,-2.43334e+07,44.4058,-181.129,159.082,27.2123,-39.4887,1.52611,-34.4823,-12.6436,2.35065,55.3259,-24.2438,19.0209,6.44936,0.422095,-0.709249,0.664463,0.475681,0.340671,0.557471,19.2651,15.2628,-777415,2.85616e+06,1253.57,0.985578,227.928,155.105,0.961516,1.19788,0.118405,-6.46116,-1.99996,-0.135756,0,173,5.55112e-17,5.55112e-17,0,-5.55112e-17,2.97865e-11,4.25313e-11,-5.0477e-11,-3.05311e-16,-2.22045e-16,-5.89806e-16,0,-0.690148,-1.4978,0.357053,0.1056,3.14159,2.24186,-5.04513,3.28906,2493.32,-0.392699,4.22776,-2.66702,3.18057,-0.138018,0.523599,0,0,0,1.26301,0.0086774,-0.690148,0.35705,2.97505,2.24186,3.28906,-0.37613,4.22776,3.18056,0.562577,0.00185023,-2.52862,0.470119,-3.93347e-06,18.3725,1.28987,0.0844191,-0.14185,1.20254,0.0478687,0.0119537,1.0065,-544.229,395.584,63.5164,1.0811e+08,1.25098e+07,-1.22096e+07,-496.482,530.761,-7.44427
0.58,-6.46401,-2.14089,1.28408,1.26431,0.0119285,1.8467,-0.687383,0.773967,0.319802,1.13282,2.97693,-587672,2.23604,-86633.1,3.6938,-54.4628,-17.8508,-2.87958,4.22272,1.0386,3.2615,0.949913,0.553666,-5.40677,-2.03213,-7.79085,-0.559889,-7.71414,-3.82697,-4.86413,-2.12181,-7.28048,-0.764893,-7.24743,-3.53598,1.25843,-86611.6,3.74644,3.27628,-0.140923,-0.119851,0.0102283,10.7573,-0.689083,-9.20974,0.358114,0.57837,2.97611,-85.0916,2.23434,40.0032,3.28154,-26312.5,-0.383654,1.8847,4.22102,-13.7988,3.17382,-2.8991,0.555826,-1.06264,11.6689,-0.990059,-14.1252,13.6687,-1057.77,-135.926,265.621,-135.136,-128.954,59.8027,-117.843,25.0033,19.5381,-129.002,-4.60144,9.04981,-9.64961,-6697.56,-429.267,76.0535,0,-275.93,-4106.65,177.439,-4.02915,-69.02,2.7383e+08,-110924,-4616.15,3.7805e+07,40.7536,-191.05,167.187,28.3132,-39.2027,2.35258,-37.439,-13.3243,2.2291,307.79,-118.508,93.2673,31.3999,-0.923126,-12.0994,0.685493,0.485412,0.35249,0.389561,21.2568,16.0528,-1.7414e+06,-4.33149e+06,-2644.63,-1.6712,210.706,-20.3439,0.924814,-3.44154,0.112209,-6.4643,-1.99997,-0.140923,0,159,-2.77556e-17,5.55112e-17,5.55112e-17,-2.22045e-16,-8.48072e-11,1.62848e-10,-1.58025e-10,0,0,3.33067e-16,0,-0.689083,-1.62785,0.358118,0.0422099,3.14159,2.23434,7.98297,3.28154,-5262.51,-0.392699,4.22102,-2.75978,3.17382,-0.579819,0.523599,0,0,0,1.27267,0.0102283,-0.689083,0.358114,2.97611,2.23434,3.28154,-0.383654,4.22102,3.17382,0.555826,0.00170014,-2.66493,0.445824,1.73869e-05,12.483,6.27998,-0.184625,-2.41987,7.3817,0.0478312,0.0119411,1.00674,-553.15,405.677,68.5439,4.81137e+08,5.36572e+07,-5.42895e+07,-539.274,492.789,-0.83581
0.6,-6.46714,-2.14652,1.29396,1.2718,0.0132771,1.84801,-0.685171,0.791548,0.316274,1.12119,2.98082,-826369,2.2318,-243675,3.49278,-67.8929,-22.4226,-3.12645,4.21777,-3.08386,3.11643,1.39529,0.516584,-5.41012,-2.03679,-7.79496,-0.564447,-7.71683,-3.83133,-4.86728,-2.12527,-7.28547,-0.771619,-7.24868,-3.54266,1.26859,-243649,-0.484011,3.39602,-0.146541,-0.143101,0.011727,10.4215,-0.686722,-10.464,0.360476,1.24129,2.97847,-50.8137,2.23025,17.9096,3.27745,-33094.6,-0.387751,0.310186,4.21622,-13.5874,3.16902,-15.5085,0.551011,-1.13697,12.4597,-1.38002,-14.9965,14.3739,-1027.85,-137.442,266.509,-132.393,-81.5094,70.5398,-138.132,31.8008,18.6426,-161.732,-9.73714,19.0276,-7.65183,-1257.21,-334.242,137.506,0,-63.5837,-1922.08,111.048,-39.5146,-38.5363,4.42923e+08,-173190,32849.5,1.07266e+08,-7.03643,-206.949,176.273,28.6191,-37.5558,5.17129,-40.4546,-13.5911,3.42222,818.202,-457.996,346.805,112.066,-7.92529,-266.475,0.708435,0.494055,0.374655,0.0654046,25.005,22.6892,-1.19349e+07,-1.21836e+07,-3316.12,-12.3433,4.33586,-5.96561,0.897802,-1.9193,0.171993,-6.46743,-1.99997,-0.146541,0,145,0,5.55112e-17,1.11022e-16,-1.66533e-16,2.39894e-11,-5.97077e-11,4.45652e-11,0,-2.22045e-16,0,0,-0.686722,-1.92082,0.360472,0.129522,3.14159,2.23025,3.70437,3.27744,-6618.91,-0.392699,4.21622,-2.71745,3.16901,-3.1017,0.523599,0,0,0,1.28253,0.011727,-0.686722,0.360476,2.97847,2.23025,3.27745,-0.387751,4.21622,3.16902,0.551011,0.00155011,-2.71976,0.684584,0.00328448,-3.51218,22.4131,-1.58506,-53.2949,13.4595,0.0477938,0.0119286,1.007,-581.613,461.805,62.3682,7.59656e+08,8.71872e+07,-8.79819e+07,-535.849,10.5291,172.067
0.62,-6.47016,-2.15227,1.30372,1.27967,0.0144662,1.84448,-0.681474,0.791324,0.309855,1.13777,2.9852,-826369,2.2294,4.61148,3.32428,-1.39931,-0.334634,-2.9651,4.21474,-2.44297,3.12354,1.1092,0.526507,-5.41348,-2.04265,-7.79911,-0.569967,-7.71904,-3.83661,-4.87032,-2.12912,-7.29012,-0.778344,-7.25003,-3.54934,1.25758,8.27039,0.154059,3.52618,-0.152288,-0.167484,0.0130554,10.8705,-0.682885,-12.8136,0.364313,1.60752,2.98231,-1.03753,2.22799,-13.5202,3.27519,24.7987,-0.389991,-7.28808,4.21332,-10.5321,3.16613,-6.72548,0.548146,-1.22085,13.3515,-1.83525,-15.981,15.1735,-1100.52,-144.232,277.663,-135.766,6.93466,90.2521,-175.613,45.9054,18.2773,-194.964,-12.8624,24.9761,-6.32809,23.3538,-177.452,216.981,0,-49.0347,-66.8167,6.83921,-85.6876,5.57232,-326.817,-255.674,462.993,-399.884,-220.938,-244.612,186.844,27.5681,50.0964,17.4145,-43.6608,-13.1645,9.85146,-28.9171,-87.12,55.2325,16.1941,-0.582991,-13.5473,0.733446,0.48801,0.393249,-0.176232,30.3267,32.7763,-33.6428,394.404,5.53569,8.06749,36.2282,-1.24052,0.901713,0.277127,0.494274,-6.47035,-1.99998,-0.152288,0,132,5.55112e-17,5.55112e-17,1.11022e-16,-1.94289e-16,-5.21636e-12,2.32636e-12,-5.68345e-12,-2.77556e-16,2.22045e-16,-2.498e-16,0,-0.682885,-2.4765,0.364316,0.223398,3.14159,2.22799,-2.70378,3.2752,4.95973,-0.392699,4.21332,-2.10639,3.16614,-1.3451,0.523599,0,0,0,1.29255,0.0130554,-0.682885,0.364313,2.98231,2.22799,3.27519,-0.389991,4.21332,3.16613,0.548146,0.00141085,-2.63263,1.9702,-0.000122542,2.27712,3.23883,-0.116598,-2.70946,-5.31575,0.047759,0.0119169,1.00727,-643.672,555.469,60.698,470.865,1568.43,-389.582,-28.2854,124.365,126.331
0.64,-6.47311,-2.15686,1.31232,1.28703,0.0153519,1.84444,-0.67901,0.740409,0.29974,1.12737,2.98764,-826370,2.22213,-8.5284,2.67397,-3.48054,0.154561,-2.85031,4.21694,-1.51429,3.09909,1.16175,0.541588,-5.41667,-2.04717,-7.80175,-0.571578,-7.72013,-3.84292,-4.8733,-2.1323,-7.29429,-0.783664,-7.25175,-3.55462,1.19411,-6.00899,1.04322,3.66388,-0.156877,-0.191738,0.0140803,12.1868,-0.680282,-16.0513,0.366916,1.51087,2.98491,-359.981,2.22086,205.271,3.26805,-153.38,-0.397139,-3.3582,4.21567,-13.0178,3.16847,-3.33297,0.550477,-1.31307,14.3318,-2.34524,-17.0711,16.0668,-1285.88,-156.259,299,-144.783,145.599,116.855,-226.063,65.4249,19.0262,-219.582,-12.3849,23.9101,-5.61043,-165199,-1501.12,-226.655,0,-6405.97,-61203,807.507,189.737,-310.309,-133073,-601.072,-144.147,254.929,-127.457,-245.042,197.424,29.4217,-9.80513,10.1794,-45.7275,-13.9935,6.36504,37.3038,-63.7052,44.3842,13.1616,0.227121,-5.01265,0.759975,0.429724,0.368016,-0.00206523,34.2452,39.8321,-20.8565,-262.954,-125.634,5.7393,82.7727,9.18287,0.952649,-15.4345,0.319065,-6.47327,-1.99998,-0.156877,0,119,2.77556e-17,5.55112e-17,-3.33067e-16,1.66533e-16,-4.71729e-11,6.29043e-11,-4.30873e-11,0,1.11022e-16,2.56739e-16,0,-0.680282,-3.20038,0.366918,0.257385,3.14159,2.22086,41.0545,3.26805,-30.6761,-0.392699,4.21567,-2.60354,3.16847,-0.666595,0.523599,0,0,0,1.30245,0.0140803,-0.680282,0.366916,2.98491,2.22086,3.26805,-0.397139,4.21567,3.16847,0.550477,0.00127165,-2.79864,1.273,-8.8588e-06,10.1135,2.63232,0.0454242,-1.00253,-0.716169,0.0477243,0.0119053,1.00749,-709.824,662.328,66.403,133673,-29448.3,29381.5,-277.676,398.232,48.3074
0.66,-6.47633,-2.1612,1.31993,1.2934,0.0164228,1.85564,-0.678233,0.63147,0.288468,1.01768,2.98808,-826370,2.21047,-3.90307,3.35376,-0.903372,-0.443877,-2.81063,4.22125,0.0549035,7.63286,1.07673,0.550739,-5.41998,-2.05021,-7.80393,-0.570884,-7.72062,-3.85006,-4.87654,-2.13492,-7.29897,-0.78888,-7.25346,-3.55979,1.07345,-0.105428,7.13702,3.79408,-0.16121,-0.203079,0.015301,13.3382,-0.679355,-19.5647,0.367842,0.914766,2.98584,-62.3251,2.20934,22.1774,3.25654,-7.5137,-0.408659,-0.103889,4.22013,-15.1017,3.17293,-2.86438,0.554891,-1.40327,15.2929,-2.67979,-18.111,16.9931,-1448.9,-165.415,316.522,-151.858,322.295,144.347,-279.443,85.6647,20.243,-196.548,-7.7706,15.0068,-4.8241,-1978.43,-434.709,167.222,0,-91.046,-2960.12,144.253,-46.3251,-48.1798,-980.971,-42.1031,7.76429,12.9957,-35.0799,-246.504,208.268,32.0817,-32.6744,3.22493,-47.421,-15.1388,3.56566,172.713,-94.6069,71.6336,21.9708,-0.447634,-6.79011,0.785123,0.380893,0.318566,0.559913,35.2682,37.7557,-37.7452,-32.2703,-37.385,1.98384,161.448,-6.35811,1.01539,-2.407,0.179248,-6.47641,-1.99999,-0.16121,0,105,8.32667e-17,0,0,-1.249e-16,-1.54566e-11,2.60774e-11,1.03832e-11,0,0,2.77556e-17,0,-0.679355,-3.89165,0.367843,0.184932,3.14159,2.20934,4.43566,3.25653,-1.50274,-0.392699,4.22013,-3.0207,3.17288,-0.572875,0.523599,0,0,0,1.31119,0.015301,-0.679355,0.367842,2.98584,2.20934,3.25654,-0.408659,4.22013,3.17293,0.554891,0.0011218,-3.02887,0.713253,0.000204766,16.671,4.39415,-0.0895269,-1.35802,4.26549,0.0476869,0.0118928,1.00769,-741.414,752.581,72.6943,3947.08,-845.582,335.084,-482.07,531.146,14.4892
0.68,-6.47953,-2.16563,1.32693,1.29855,0.0179672,1.87802,-0.67901,0.539933,0.281217,0.850569,2.98736,-826372,2.19622,-3.92968,3.25972,-0.912457,-0.435882,33.2012,4.22376,273.049,3.1116,0.98699,0.725708,-5.42316,-2.05176,-7.8061,-0.569432,-7.72092,-3.85691,-4.87979,-2.13689,-7.3043,-0.794588,-7.25451,-3.56542,0.975387,-0.234078,275.435,3.91742,-0.165642,-0.205844,0.0170059,13.0002,-0.679971,-21.7333,0.367227,0.345239,2.98522,-33.0491,2.19526,3.70811,3.24246,-2.95106,-0.422732,1.07934,4.2228,-16.1403,3.1756,264.738,0.557606,-1.49132,16.2339,-2.87434,-19.0775,17.9071,-1403.21,-163.764,314.398,-147.882,431.45,161.043,-313.454,95.6931,20.5766,-133.188,-3.2597,6.32241,-3.76236,321.705,-336.702,213.115,0,-22.3407,-1163.56,74.4583,-68.2734,-22.5537,-72.0976,-23.2828,11.0275,5.9201,1.66209,-254.442,219.238,33.8721,-35.2804,0.0494195,-49.5298,-15.9099,2.58162,-75095.5,12502,-9787.73,-3012.35,157.095,-111338,0.809,0.349817,0.257603,1.11918,35.4086,29.8265,-57.7433,-34.3131,-43.4928,1800.59,13811.3,-29.3094,1.02299,-1.13144,0.130106,-6.47977,-1.99999,-0.165642,0,90,-8.32667e-17,-1.11022e-16,-3.05311e-16,4.02456e-16,2.2385e-11,-6.1819e-11,-4.40324e-11,3.60822e-16,2.22045e-16,-7.10543e-15,0,-0.679971,-4.22503,0.367229,0.0846095,3.14159,2.19526,0.741604,3.24246,-0.590213,-0.392699,4.2228,-3.22782,3.1756,52.9476,0.523599,0,0,0,1.31897,0.0170059,-0.679971,0.367227,2.98522,2.19526,3.24246,-0.422732,4.2228,3.1756,0.557606,0.000961326,-3.18453,0.516456,-0.0946198,10927.6,-602.471,31.419,-22267.7,-2633.4,0.0476469,0.0118794,1.00789,-724.239,795.696,70.664,1275.3,-61.8288,76.5511,53981.7,-1912.08,8920.33
0.7,-6.48296,-2.16991,1.33336,1.3025,0.0199024,1.90748,-0.680692,0.525817,0.280398,0.726394,2.98623,-826372,2.18117,3.50393,3.26507,4.08653,-0.426855,2040.35,4.22605,4705.32,2.75632,21.7435,-6.04942,-5.42651,-2.05203,-7.80873,-0.567783,-7.72097,-3.86374,-4.88328,-2.13807,-7.31038,-0.800464,-7.25523,-3.5712,0.961582,7.19585,4714.12,4.03772,-0.169916,-0.211609,0.0191015,11.0829,-0.681493,-21.7573,0.365705,0.107674,2.9837,-4.32608,2.18037,-13.7133,3.22756,0.644848,-0.437622,-152.661,4.22524,55.2897,3.17805,-9937.23,0.560048,-1.57974,17.1804,-3.12234,-20.0023,18.758,-1153.31,-152.376,292.833,-133.959,403.86,162.54,-317.96,91.8957,19.3297,-84.7372,-1.35449,2.63508,-2.87571,166.285,-225.211,246.69,0,-43.8361,-131.447,-0.747842,-81.9647,2.41962,-16.1252,-22.7231,31.7072,-0.881828,2065.55,-864.272,249.405,687.025,27271.1,278.567,-60.8558,-321.336,135.933,-6.06799e+07,-47238.9,8562.44,43555.5,-5825.18,-2.96135e+06,0.832331,0.32122,0.197536,1.47286,36.8688,23.3772,-7.6669,336.615,232.484,100357,235425,1008.8,0.954481,0.121743,6.86055,-6.48314,-1.99999,-0.169916,0,75,2.77556e-17,1.11022e-16,-3.60822e-16,4.85723e-16,-2.13488e-12,-8.66052e-12,-8.22904e-13,1.35447e-14,2.4869e-14,3.41061e-13,0,-0.681493,-4.15995,0.365708,0.0330255,3.14159,2.18037,-2.7426,3.22757,0.12897,-0.392699,4.22524,11.0963,3.17804,-1987.45,0.523599,0,0,0,1.32613,0.0191015,-0.681493,0.365705,2.9837,2.18037,3.22756,-0.437622,4.22524,3.17805,0.560048,0.00080092,-64.4354,27.2095,11.3544,1.38372e+07,8711.1,-1165.04,-592270,-2.42989e+06,0.0476069,0.011866,1.00809,-679.266,785.977,65.6642,-285.016,612.799,8.31851,6.91944e+07,-1.25547e+07,1.23084e+07
0.72,-6.48669,-2.17422,1.33936,1.30563,0.0220652,1.94146,-0.681781,0.57186,0.284551,0.680861,2.98553,-826372,2.16713,1.00269,3.3454,-1.29043,-0.388261,2044.99,4.23155,-26.0723,2.13852,-0.903396,1.30412,-5.43021,-2.05229,-7.81211,-0.56691,-7.72005,-3.87229,-4.88708,-2.13892,-7.31707,-0.80657,-7.25592,-3.57718,1.01247,4.73635,-25.2379,4.15492,-0.174227,-0.224741,0.0214353,8.28608,-0.682411,-20.4371,0.364786,0.0412217,2.98278,4.96209,2.1665,-19.4734,3.21369,20.9346,-0.451496,256.567,4.23092,-135.38,3.18373,733.243,0.565735,-1.66819,18.1298,-3.51466,-20.8902,19.5156,-824.048,-136.42,261.187,-116.695,298.619,155.343,-304.651,81.424,17.0242,-57.718,-0.837309,1.62808,-2.2205,-350.617,-188.311,257.518,0,-67.2644,-2.50489,-30.873,-82.4682,10.3876,-1067.27,-88.3869,235.603,-146.557,29716.3,753.968,198.835,2256.08,75100.3,-480.797,-34.2148,-1044.43,-219.018,-77480.6,2549.46,232.712,6553.55,360.032,9230.03,0.855102,0.30015,0.156426,1.69923,39.8176,21.0651,-22.9002,210.851,7.22136,232.196,-1144.39,-119.906,0.839444,0.523993,-11.0673,-6.48673,-2,-0.174227,0,59,1.11022e-16,1.11022e-16,1.52656e-16,-2.08167e-16,4.9975e-11,1.77716e-11,-5.21432e-11,-2.54463e-13,4.22773e-13,-4.33431e-13,0,-0.682411,-3.8853,0.364789,0.0170877,3.14159,2.1665,-3.89468,3.21369,4.18693,-0.392699,4.23092,-27.0746,3.18373,146.649,0.523599,0,0,0,1.33273,0.0214353,-0.682411,0.364786,2.98278,2.1665,3.21369,-0.451496,4.23092,3.18373,0.565735,0.000629903,-208.875,-43.8026,0.0150233,107520,1310.71,72.0064,1846.01,-2938.9,0.0475643,0.0118517,1.00829,-621.674,746.801,61.6998,217.519,1435.86,-113.011,515723,5180.04,2949.12
0.74,-6.49072,-2.17872,1.3451,1.30829,0.0243679,1.9784,-0.682932,0.663392,0.289793,0.692127,2.98448,-838872,2.15376,61637.8,1.33843,59.4657,19.5343,2045.31,4.23558,-2.9243,3.15113,1.1894,0.520276,-5.43423,-2.05247,-7.81603,-0.566721,-7.71965,-3.88041,-4.89119,-2.13973,-7.32424,-0.81298,-7.25672,-3.58344,1.1103,61619.6,-0.293441,4.27105,-0.178719,-0.243438,0.0239303,5.28169,-0.683369,-18.6839,0.363828,0.0203357,2.98182,124.822,2.15332,-86.0092,3.20052,30250,-0.464676,-16.9055,4.23514,-9.33938,3.18794,-12.5688,0.569941,-1.75794,19.0968,-4.03424,-21.7608,20.2096,-508.846,-119.553,226.977,-100.381,176.281,145.312,-285.209,70.0497,14.405,-40.3035,-0.714616,1.38434,-1.69574,-25147.5,396.594,306.015,0,-1021.29,-8577.4,-362.28,-103.807,114.452,4.48746e+08,123632,41143.9,-3.09988e+07,-563.388,-361.443,249.915,34.0107,340.601,28.2531,-55.1741,-15.6263,18.2474,-173.893,-138.845,75.6955,20.2556,-1.19472,-25.5868,0.8777,0.287035,0.133135,1.84688,44.399,21.6343,-625011,3.08205e+06,3051.77,16.1743,13.2041,2.38481,0.710921,5.78376,0.922739,-6.49078,-2,-0.178719,0,41,0,5.55112e-17,-5.55112e-17,5.55112e-17,4.86715e-11,4.50413e-11,-6.95763e-11,1.94567e-13,1.3789e-13,1.31728e-13,0,-0.683369,-3.55195,0.363826,0.0123367,3.14159,2.15332,-17.2681,3.20052,6049.99,-0.392699,4.23514,-1.86786,3.18793,-2.51375,0.523599,0,0,0,1.33892,0.0239303,-0.683369,0.363828,2.98182,2.15332,3.20052,-0.464676,4.23514,3.18794,0.569941,0.000437608,-3.12545,3.64958,0.000139956,15.2227,4.05111,-0.238945,-5.11735,-12.9109,0.0475164,0.0118357,1.00849,-556.906,699.377,58.8833,6.37587e+08,9.10055e+07,-9.02742e+07,561.912,-262.63,250.825
0.76,-6.49491,-2.18384,1.35089,1.31043,0.0271581,2.01547,-0.683557,0.801604,0.294851,0.753037,2.98368,-885583,2.14201,134480,2.9438,54.0923,17.9477,2045.28,4.23612,-2.97483,3.13087,1.35414,0.512341,-5.43848,-2.05279,-7.8211,-0.568418,-7.71976,-3.88792,-4.8955,-2.14039,-7.33224,-0.820434,-7.25699,-3.59069,1.25437,134465,-0.356302,4.3885,-0.18384,-0.256729,0.0269234,2.40427,-0.683792,-16.9676,0.363406,0.00856664,2.9814,42.9152,2.14177,-40.8883,3.18897,27713.6,-0.476217,-6.62883,4.23588,-14.5524,3.18868,-18.2885,0.570689,-1.8509,20.1011,-4.46467,-22.6,20.9108,-240.717,-103.155,193.932,-86.8055,58.6412,134.442,-265.005,60.0062,11.8837,-27.7589,-0.681808,1.31736,-1.27089,-4537.87,0.275998,272.827,0,-228.79,-786.774,-150.526,-80.2026,43.1117,3.92002e+08,81074.6,79542.9,-6.9482e+07,-284.35,-329.743,256.793,34.2597,37.8654,7.52547,-56.4585,-15.7247,9.291,-22.6642,-334.711,220.748,58.3813,-7.6677,-127.36,0.900589,0.289383,0.106824,1.85318,50.9487,24.5177,-2.33553e+06,6.72418e+06,2783.13,-1.58525,10.7045,-4.16132,0.58764,2.18074,0.469978,-6.49505,-2,-0.18384,0,22,-2.77556e-17,-5.55112e-17,5.55112e-17,-6.245e-17,-6.89083e-11,8.47638e-11,-1.06184e-10,2.43139e-13,8.81517e-14,1.64091e-13,0,-0.683792,-3.23611,0.363406,0.00981415,3.14159,2.14177,-8.13143,3.18897,5542.72,-0.392699,4.23588,-2.91048,3.18868,-3.65769,0.523599,0,0,0,1.34486,0.0269234,-0.683792,0.363406,2.9814,2.14177,3.18897,-0.476217,4.23588,3.18868,0.570689,0.000234746,-3.145,1.85822,0.000112253,2.67808,11.6763,-1.53354,-25.472,-15.5623,0.0474658,0.0118187,1.00873,-481.116,649.965,56.7329,5.3368e+08,7.95427e+07,-7.88757e+07,-178.693,-230.974,355.358
0.78,-6.49916,-2.1892,1.35668,1.31221,0.0302481,2.03894,-0.682466,1.0706,0.300232,1.13179,2.98273,-1.01341e+06,2.13288,-72949.7,3.1962,-35.7445,-11.8323,2045.32,4.23393,-4.19783,3.12169,1.5225,0.36594,-5.44297,-2.0538,-7.82724,-0.571899,-7.72033,-3.89458,-4.89989,-2.14081,-7.3407,-0.828384,-7.25689,-3.5984,1.52969,-72934.7,-1.44208,4.51301,-0.189196,-0.276651,0.0302054,-0.305619,-0.682508,-14.9884,0.364689,0.0162687,2.98268,-40.5109,2.13284,3.40698,3.18004,-17054.3,-0.485173,-8.37741,4.23389,-14.266,3.18669,-46.5945,0.568658,-1.95223,21.1952,-5.06208,-23.4785,21.5927,-17.7533,-88.6814,163.745,-75.8729,-52.8927,120.957,-239.155,49.1589,9.40297,-23.0051,-0.838857,1.61729,-1.26088,413.508,-443.619,264.854,0,-31.4797,-1716.52,78.8572,-71.2668,-29.3091,1.52929e+08,-148738,66237.1,3.88705e+07,-357.104,-348.715,265.511,34.8327,75.7183,10.5081,-59.3295,-16.0537,10.6865,-1064.99,-792.371,505.334,131.662,-23.9899,-778.531,0.924885,0.289852,0.0888011,1.17365,61.988,41.3514,-6.39139e+06,-3.64733e+06,-1708.7,2.16708,-50.5549,0.474283,0.468967,-1.48184,0.540149,-6.4991,-2,-0.189196,0,4,5.55112e-17,5.55112e-17,1.38778e-17,-1.249e-16,-1.87745e-11,7.33401e-11,-7.59428e-11,2.33424e-13,8.88178e-14,1.42553e-13,0,-0.682508,-2.91299,0.364688,0.0089863,3.14159,2.13284,0.90724,3.18002,-3410.86,-0.392699,4.23389,-2.85234,3.18665,-9.3189,0.523599,0,0,0,1.35084,0.0302054,-0.682508,0.364689,2.98268,2.13284,3.18004,-0.485173,4.23389,3.18669,0.568658,4.26693e-05,-3.21467,2.13822,0.0206797,147.442,26.3324,-4.79799,-155.706,-79.5587,0.047418,0.0118027,1.00897,-404.062,591.89,55.2917,2.01606e+08,2.98667e+07,-3.02758e+07,650.757,-1703.93,1128.89
0.8,-6.50307,-2.19466,1.36006,1.31157,0.0332676,1.9956,-0.677039,1.55266,0.302197,2.02102,2.9774,-1.11487e+06,2.12509,-87716,3.24436,-52.8743,-17.5115,2045.51,4.22727,-2.02797,3.11189,1.19,0.539537,-5.44749,-2.05738,-7.83324,-0.576148,-7.72192,-3.89926,-4.90395,-2.14145,-7.34871,-0.836399,-7.25654,-3.60615,2.01905,-87695.3,0.544381,4.63915,-0.189196,-0.307577,0.0332249,-2.17282,-0.677082,-12.9429,0.370116,0.111881,2.98811,-69.3499,2.12505,17.7346,3.17224,-25570.6,-0.492946,-7.80854,4.22722,-15.0501,3.18002,-6.52447,0.562023,-2.06047,22.3394,-5.93612,-24.4019,22.2222,120.677,-80.6773,145.46,-69.8958,-120.47,104.622,-206.954,36.7382,7.71602,-30.5911,-1.88617,3.64539,-2.1216,-1290.79,-618.652,274.797,0,-89.2982,-4372.18,160.288,-72.34,-54.2544,3.49208e+08,-190203,56440,4.73839e+07,-359.196,-357.946,273.491,36.0054,70.9673,10.1717,-63.134,-16.8024,9.91942,-12.5765,-120.025,77.6154,20.3907,-0.448504,-12.55,0.949521,0.168827,-0.0317133,-2.16709,79.1116,79.975,-5.07308e+06,-4.38564e+06,-2565.2,9.29714,57.6049,3.69745,0.390363,-2.7447,0.501683,-6.4991,-2,-0.189196,0,4,5.55112e-17,5.55112e-17,3.33067e-16,-2.63678e-16,-2.9983e-11,-5.3713e-11,7.45786e-11,2.61624e-13,1.14686e-13,2.16285e-13,0,-0.677082,-2.58634,0.370113,0.0184978,3.14159,2.12505,3.50656,3.17225,-5114.12,-0.392699,4.22722,-3.01008,3.18002,-1.30489,0.523599,0,0,0,1.35664,0.0332249,-0.677082,0.370116,2.98811,2.12505,3.17224,-0.492946,4.22722,3.18002,0.562023,4.26693e-05,-3.36069,1.98394,7.22095e-05,13.6551,4.07814,-0.0897008,-2.50999,-5.04805,0.047418,0.0118027,1.00897,-318.586,515.572,53.8775,4.53631e+08,6.87849e+07,-6.93985e+07,-80.4548,297.857,117.336
0.82,-6.50692,-2.20081,1.36209,1.30953,0.0361317,1.9036,-0.670738,1.27367,0.316574,1.80698,2.98408,-1.29344e+06,2.11728,-103778,3.16472,-40.4787,-13.44,2045.66,4.22307,0.72894,3.343,2.75369,0.580884,-5.45202,-2.06238,-7.83894,-0.580954,-7.72294,-3.90563,-4.90796,-2.14302,-7.35645,-0.844977,-7.25634,-3.61445,1.74776,-103762,3.49106,4.71577,-0.189196,-0.338016,0.036089,0.705389,-0.67078,-11.7663,0.376417,0.638172,2.99441,-36.8747,2.11723,-0.0102959,3.16443,-19432.4,-0.500752,-1.48295,4.22303,-18.3729,3.17583,-1.60138,0.557861,-2.12767,23.0498,-6.71708,-24.8733,22.4193,-116.251,-102.068,186.491,-83.3426,-84.8865,87.8617,-174.736,24.7536,10.9064,-81.3787,-6.43678,12.5794,-5.17485,620.363,-443.162,277.159,0,-29.2483,-1495.97,60.2686,-70.7455,-26.0721,2.06395e+08,-186529,90517.3,5.7187e+07,-141.32,-335.752,276.311,39.9615,-8.97287,-2.65584,-65.2425,-18.794,4.19918,84.6916,-59.6528,44.3097,12.8221,0.511588,-1.83808,0.964501,0.101293,-0.101968,-4.60001,52.1719,58.6649,-8.92854e+06,-5.18875e+06,-1945.41,7.38896,195.241,101.38,0.543188,-1.33336,0.214681,-6.4991,-2,-0.189196,0,4,-1.38778e-16,-1.38778e-16,-3.33067e-16,2.77556e-16,-3.1489e-11,-2.88687e-11,-8.6402e-12,2.68952e-14,-8.32667e-15,2.71727e-14,0,-0.67078,-2.23118,0.376418,0.0646466,3.14159,2.11723,-0.117707,3.16444,-3886.48,-0.392699,4.22303,-3.67426,3.17586,-0.320275,0.523599,0,0,0,1.36002,0.036089,-0.67078,0.376417,2.99441,2.11723,3.16443,-0.500752,4.22303,3.17583,0.557861,4.26693e-05,-3.75821,0.839768,-3.4014e-05,39.8882,2.56441,0.102318,-0.367617,1.27555,0.047418,0.0118027,1.00897,-319.741,464.218,55.0974,2.61612e+08,4.04738e+07,-4.09399e+07,-385.646,672.702,8.28024
0.84,-6.51071,-2.20691,1.36332,1.30651,0.0389901,1.91083,-0.664718,0.855991,0.364886,1.10868,3.00982,-1.29345e+06,2.10875,-6.84861,3.03697,-1.99553,-0.388151,2045.74,4.22176,-20.9072,3.24253,-16.5324,0.560704,-5.45646,-2.06718,-7.84433,-0.585382,-7.72305,-3.91329,-4.91193,-2.14454,-7.36411,-0.85351,-7.25609,-3.62268,1.35265,-3.42349,-18.2253,4.76292,-0.189196,-0.366987,0.0389474,9.68442,-0.664761,-4.15772,0.382436,3.25934,3.00042,-58.9963,2.10871,10.7755,3.1559,-184.085,-0.50928,4.36594,4.22172,-21.388,3.17452,0.219852,0.556587,-2.16956,23.4926,-7.39799,-25.067,22.3633,-1102.35,-162.145,305.603,-130.778,-428.873,16.5299,-35.4607,-24.5557,29.6943,-204.685,-26.0167,51.4451,-9.18363,-295.463,-575.752,282.626,0,-59.2559,-3336.54,122.253,-71.361,-45.2354,8701.85,-1487.62,517.707,2780.41,97.5081,-311.678,276.304,45.7746,-4.9877,-15.4923,-66.0646,-21.5797,-1.04845,155.058,-35.4073,30.5222,10.1164,-0.198786,0.301788,0.973722,0.0618218,-0.151172,0.361903,9.24092,7.35455,-412.15,-184.633,-24.4406,4.04402,-886.63,-846.432,1.19684,-2.328,-0.053934,-6.4991,-2,-0.189196,0,4,8.32667e-17,1.11022e-16,0,-1.11022e-16,3.2914e-11,-8.6305e-11,1.36735e-10,-1.70107e-13,7.54952e-15,-1.39808e-13,0,-0.664761,-0.513616,0.38243,0.187548,3.14159,2.10871,2.15398,3.15591,-36.8171,-0.392699,4.22172,-4.27673,3.17458,0.0439704,0.523599,0,0,0,1.36204,0.0389474,-0.664761,0.382436,3.00042,2.10871,3.1559,-0.50928,4.22172,3.17452,0.556587,4.26693e-05,-4.31467,-0.209657,1.20393e-05,66.2829,2.02329,-0.0397571,0.0603576,4.84171,0.047418,0.0118027,1.00897,-247.153,268.727,43.347,28584.9,-5575.31,1412.53,-657.033,880.604,-38.2825
0.86,-6.51369,-2.21292,1.36408,1.30316,0.0416008,1.92667,-0.660558,0.918078,0.422898,1.80563,3.03098,-1.29345e+06,2.09828,-1.30966,2.92788,-0.627742,-0.444492,2045.79,4.22169,-7.83061,3.2677,-4.08395,0.570836,-5.45992,-2.07128,-7.848,-0.5886,-7.72238,-3.92115,-4.91508,-2.14638,-7.37063,-0.861747,-7.25537,-3.63063,1.45158,2.06271,-5.13375,4.79213,-0.189196,-0.403914,0.0415581,8.03923,-0.6606,9.61206,0.386597,4.14891,3.00459,31.5375,2.09824,-35.5672,3.14543,19.5665,-0.519756,7.79223,4.22165,-23.2171,3.17445,1.0509,0.556456,-2.19574,23.7693,-8.2052,-25.1246,22.114,-917.182,-155.823,289.307,-122.857,-483.145,-108.918,208.059,-111.065,61.0005,-70.1404,-28.4475,56.7794,-0.817634,-3040.69,-31.682,249.819,0,-161.492,-522.73,-158.411,-52.8096,33.1667,-2560.66,61.4441,59.7648,-34.8788,251.143,-295.764,273.856,50.4915,35.3651,-23.8491,-65.9577,-23.8065,-4.21725,235.574,-32.4538,30.9305,11.4003,-0.785886,1.23407,0.97944,0.0381182,-0.167612,0.791788,-5.00126,32.318,-12.4213,91.7907,21.6562,2.33687,-232.806,-224.964,1.65431,1.71332,-0.217737,-6.4991,-2,-0.189196,0,4,0,0,0,1.52656e-16,-3.55612e-11,-2.34235e-11,3.70382e-11,1.99438e-13,-8.65974e-15,1.66728e-13,0,-0.6606,0.522961,0.386593,0.19566,3.14159,2.09824,-7.1134,3.14544,3.9133,-0.392699,4.22165,-4.64347,3.17445,0.210179,0.523599,0,0,0,1.36328,0.0415581,-0.6606,0.386597,3.00459,2.09824,3.14543,-0.519756,4.22165,3.17445,0.556456,4.26693e-05,-4.76137,-0.843456,-2.46509e-06,85.0504,2.28006,-0.157177,0.246814,8.1387,0.047418,0.0118027,1.00897,-32.1309,-219.306,2.08875,-28.7233,1787.28,247.401,-808.184,994.188,-68.0222
0.88,-6.51556,-2.21916,1.36456,1.29933,0.0442844,1.93379,-0.660981,0.955584,0.411868,1.09807,3.03245,-1.29345e+06,2.08791,-0.103153,-2.56305,-0.272951,-0.286174,2045.84,4.22473,-6.63841,3.57851,-0.456949,0.566949,-5.46195,-2.073,-7.85064,-0.592214,-7.71956,-3.9308,-4.91713,-2.14833,-7.37612,-0.870294,-7.25343,-3.63886,1.47659,-2.38003,-3.62685,4.81032,-0.189196,-0.434073,0.0442418,5.94143,-0.661024,6.52304,0.386174,4.17351,3.00417,125.38,2.08787,-81.853,3.13507,80.0112,-0.530122,10.0058,4.22469,-24.3869,3.17749,2.8652,0.559503,-2.21211,23.9424,-8.81921,-25.0718,21.8184,-676.731,-144.482,264.04,-111.339,-336.106,-86.3763,162.428,-92.6477,50.3536,-76.7816,-29.8128,59.0509,-1.30844,-24036.2,555.479,194.342,0,-871.496,-11213.3,-449.824,-23.8095,114.39,-23371,427.002,38.8444,-169.417,357.39,-283.486,270.285,53.9479,77.4506,-30.5507,-64.7197,-25.2939,-6.24083,478.608,-53.4873,54.7464,21.8327,-0.4049,4.03573,0.982999,0.0236493,-0.191454,0.356117,-1.93801,-0.991412,-22.871,151.598,43.7655,2.93904,-173.044,-68.2753,1.42094,5.92221,-0.3229,-6.4991,-2,-0.189196,0,4,-5.55112e-17,-5.55112e-17,-5.55112e-17,5.55112e-17,5.92948e-11,7.3185e-11,-7.02631e-11,3.04506e-13,-5.77316e-14,3.1921e-13,0,-0.661024,0.380911,0.386172,0.20635,3.14159,2.08787,-16.3703,3.13507,16.0022,-0.392699,4.22469,-4.87731,3.1775,0.57304,0.523599,0,0,0,1.36404,0.0442418,-0.661024,0.386174,3.00417,2.08787,3.13507,-0.530122,4.22469,3.17749,0.559503,4.26693e-05,-5.05868,-1.24815,9.02086e-06,108.338,4.36654,-0.08098,0.807145,16.7951,0.047418,0.0118027,1.00897,-12.4945,-128.965,4.5674,12445,4051.77,3435.33,-847.03,1146.91,-141.308
0.9,-6.51687,-2.22669,1.36485,1.294,0.0478447,1.93119,-0.661364,0.936852,0.389045,0.826772,3.02373,-1.29348e+06,2.07924,-53.1574,3.30574,-3.70631,-1.14529,2115.07,4.22949,-181.93,2.44778,2.64187,0.166139,-5.46349,-2.07463,-7.85432,-0.598715,-7.7144,-3.94318,-4.9187,-2.15016,-7.38223,-0.880892,-7.24969,-3.649,1.44376,-48.7064,-179.648,4.82167,-0.189196,-0.446643,0.0478021,5.07852,-0.661406,0.727279,0.385791,4.59895,3.00379,-132.305,2.0792,44.4545,3.12639,-897.972,-0.538785,13.3974,4.22944,-25.9968,3.18225,-588.518,0.56429,-2.22236,24.0508,-8.99804,-24.868,21.5259,-583.358,-139.42,253.377,-106.813,-286.097,-32.7617,58.8389,-55.6745,33.9591,-116.577,-36.0779,70.9819,-2.54395,-10177,-1036.65,323.7,0,-391.825,-15223.9,329.295,-85.8954,-108.915,309928,-6362.94,1401.26,28842.2,533.75,-264.774,266.616,59.0769,159.459,-39.7992,-63.14,-27.4551,-9.16202,-293998,6426.5,-7438.59,-3291.56,-351.668,155837,0.985221,0.0147286,-0.266509,-0.129945,3.46995,-1.86737,-1534.43,-2501.55,-108.305,3461.29,-8937.39,53.3645,1.1387,-5.64597,-0.474605,-6.4991,-2,-0.189196,0,4,0,0,5.55112e-17,5.55112e-17,3.89675e-10,6.44817e-10,-6.97923e-10,3.62682e-13,-4.57412e-14,3.55271e-13,0,-0.661406,0.0553299,0.385792,0.39344,3.14159,2.0792,8.88303,3.12641,-179.594,-0.392699,4.22944,-5.21377,3.18228,-117.704,0.523599,0,0,0,1.36452,0.0478021,-0.661406,0.385791,3.00379,2.0792,3.12639,-0.538785,4.22944,3.18225,0.56429,4.26693e-05,-5.57459,-1.84117,3.98935,43845.6,-658.312,-70.3337,31167.4,-11344.5,0.047418,0.0118027,1.00897,-35.7868,101.115,13.2793,621494,26838.4,-47104.1,217618,-79271.3,66125.7
0.92,-6.51806,-2.23417,1.36504,1.28796,0.0515459,1.89293,-0.661512,0.963888,0.365551,0.607522,3.02089,-1.42749e+06,2.07172,310080,3.27582,75.5515,25.1253,2115.74,4.23256,-7.00934,3.42509,1.20713,0.645683,-5.46497,-2.07612,-7.85835,-0.605867,-7.70942,-3.95479,-4.92019,-2.15174,-7.38839,-0.891592,-7.24561,-3.65919,1.45014,310058,-4.22992,4.82876,-0.189196,-0.483097,0.0515032,4.92968,-0.661555,-4.54265,0.385643,5.87708,3.00364,30.2156,2.07168,-34.6353,3.11887,38464.5,-0.546312,20.3082,4.23252,-29.2782,3.18532,31.627,0.567346,-2.22878,24.1186,-9.64395,-24.6451,21.0264,-577.067,-141.137,253.654,-106.124,-219.797,18.239,-39.3914,-20.4815,22.9971,-163.574,-49.8532,96.7487,-2.54489,-2877.12,-10.1832,218.723,0,-153.39,-574.988,-170.545,-34.6109,31.903,8.94944e+08,138149,99384.1,-1.88012e+08,928.161,-229.253,260.956,71.9931,404.021,-56.0712,-61.6424,-33.2658,-15.2995,3109.43,-146.381,235.124,129.326,13.5663,234.486,0.98661,0.00919462,-0.301918,-1.91325,14.4512,22.0871,-6.70047e+06,1.55042e+07,3856.1,33.3051,-191.199,-11.8682,0.931705,1.65497,-0.793105,-6.4991,-2,-0.189196,0,4,5.55112e-17,5.55112e-17,1.11022e-16,5.72459e-17,1.22048e-10,9.74336e-11,-1.56888e-10,1.66311e-13,4.79616e-14,1.39e-13,0,-0.661555,-0.557572,0.385643,1.00582,3.14159,2.07168,-6.80408,3.11888,7692.89,-0.392699,4.23252,-5.85482,3.18534,6.32539,0.523599,0,0,0,1.36481,0.0515032,-0.661555,0.385643,3.00364,2.07168,3.11887,-0.546312,4.23252,3.18532,0.567346,4.26693e-05,-6.65094,-3.0595,0.00320386,533.729,25.8652,2.71326,46.8972,109.91,0.047418,0.0118027,1.00897,-86.831,351.945,12.4959,1.02686e+09,1.805e+08,-1.79576e+08,580.618,2886.9,-1069.58
0.94,-6.51926,-2.24147,1.36515,1.28175,0.0551198,1.81421,-0.662377,1.1038,0.34517,-0.438743,3.0334,-1.4275e+06,2.06568,-4.05704,3.11408,-1.77838,-0.257948,2120.55,4.23519,-25.6513,1.36309,-1.01612,1.30735,-5.4664,-2.07723,-7.8626,-0.613436,-7.70475,-3.96588,-4.92169,-2.15332,-7.39438,-0.902003,-7.2417,-3.66908,1.55717,-0.685012,-25.5956,4.8332,-0.189196,-0.532968,0.0550771,8.77404,-0.66242,-8.18149,0.384777,11.0354,3.00277,-43.2397,2.06564,0.227474,3.11284,-113.699,-0.55236,271.21,4.23515,-144.743,3.18795,749.925,0.569964,-2.23281,24.1611,-10.5274,-24.435,20.4385,-1052.1,-170.053,306.247,-127.968,-212.245,55.0091,-108.487,4.68163,22.1942,-378.128,-95.4363,182.811,-8.81975,593.864,-469.578,259.93,0,-35.037,-1959.11,47.7357,-54.6282,-31.6293,5441.03,-1027.71,437.85,1533.06,44158.9,891.693,268.983,2296.01,79832,-571.106,-66.7804,-1055.68,-233.279,-44170.1,2896.09,397.563,6406.34,365.991,9049.95,0.987479,0.00574837,-0.310353,-3.93607,30.6234,18.807,-228.59,-47.2079,-13.9416,240.814,-1123.17,-125.386,1.01592,-1.64138,-12.0978,-6.4991,-2,-0.189196,0,4,8.32667e-17,1.66533e-16,1.11022e-16,5.55112e-17,7.64555e-12,-1.88026e-10,2.59666e-10,-3.81029e-13,5.32907e-13,-6.60805e-13,0,-0.66242,-1.27419,0.384775,0.886568,3.14159,2.06564,0.046095,3.11283,-22.7398,-0.392699,4.23515,-28.9433,3.18796,149.985,0.523599,0,0,0,1.36499,0.0550771,-0.66242,0.384777,3.00277,2.06564,3.11284,-0.55236,4.23515,3.18795,0.569964,4.26693e-05,-211.091,-46.6522,0.0542233,114103,1281.27,73.1981,1809.99,-1788.15,0.047418,0.0118027,1.00897,-217.596,447.479,0.767026,10321.4,-3236.07,923.863,545123,10862.2,-3072.88
0.96,-6.51988,-2.24836,1.36522,1.27643,0.0579082,1.80555,-0.659301,0.728597,0.345396,-1.36529,3.12116,-1.4275e+06,2.06196,-1.1787,2.91274,-0.557954,-0.51009,71817.2,4.23925,67304.2,3.12008,28.7439,-8.47682,-5.4675,-2.08135,-7.86588,-0.621043,-7.70018,-3.97665,-4.92256,-2.15576,-7.39873,-0.911345,-7.23834,-3.67798,1.09443,2.24414,67315.8,4.83598,-0.189196,-0.599617,0.0578655,20.0069,-0.659344,-9.9714,0.387854,34.9816,3.00585,17.6426,2.06192,-28.888,3.10912,11.7923,-0.556076,-17.7298,4.23921,-12.1462,3.19201,-13605.6,0.574007,-2.23532,24.1878,-11.7212,-24.304,19.8004,-2865.13,-254.555,461.69,-209.957,-488.597,72.7898,-139.627,19.4844,32.8476,-1199.44,-293.873,554.569,-113.595,-1571.36,-72.1602,206.775,0,-109.98,-208.367,-141.352,-30.5632,21.3993,-1276.13,31.4735,43.9771,-19.2849,-780.28,-387.897,243.83,36.6447,408.094,16.4702,-56.4252,-16.7196,17.2162,-1.19776e+08,-166734,83277.2,25143.5,-8105.6,-4.43951e+07,0.988023,0.00359711,-0.266266,-0.433029,14.454,-1.6032,-10.4176,96.5232,23.2137,3.48483e+06,3.36537e+06,1358.67,1.54374,1.11074,0.89295,-6.4991,-2,-0.189196,0,4,8.32667e-17,5.55112e-17,2.22045e-16,1.11022e-16,-6.09151e-11,2.58455e-11,5.562e-11,1.56597e-13,1.31339e-13,-2.27374e-13,0,-0.659344,-1.63493,0.387854,0.335609,3.14159,2.06192,-5.77764,3.10912,2.35846,-0.392699,4.23921,-2.33656,3.192,-2721.11,0.523599,0,0,0,1.36511,0.0578655,-0.659344,0.387854,3.00585,2.06192,3.10912,-0.556076,4.23921,3.19201,0.574007,4.26693e-05,-3.51547,3.49863,302.693,2.56055e+07,5028.7,-1621.12,-8.87902e+06,-4.79561e+06,0.047418,0.0118027,1.00897,-401.46,491.137,-127.658,-379.138,1394.43,130.425,1.28028e+08,-2.45219e+07,2.41957e+07
0.98,-6.52007,-2.25552,1.36527,1.27182,0.0602608,1.8009,-0.649263,0.722798,0.362817,-1.35738,3.12007,-1.4275e+06,2.05923,-0.889586,2.70875,-0.730998,-0.419439,71951.5,4.2425,850.247,3.10314,2.86804,0.121545,-5.46864,-2.09023,-7.86843,-0.629017,-7.69602,-3.98703,-4.92298,-2.15916,-7.40207,-0.920576,-7.23517,-3.68683,1.10713,2.23861,853.229,4.83772,-0.189196,-0.654897,0.0602181,19.1719,-0.649306,-8.30002,0.397892,30.4585,3.01589,53.1517,2.05919,-45.7219,3.10639,40.9182,-0.558786,-1.34069,4.24245,-19.7829,3.19526,-689.017,0.577297,-2.2369,24.2044,-12.6654,-24.1949,19.2785,-2829.4,-263.025,466.667,-211.746,-507.393,62.118,-117.044,11.4675,33.144,-1184.05,-270.25,499.28,-85.8469,-6542.78,163.262,172.188,0,-271.033,-1928.52,-252.066,-15.3609,52.4092,-6516.79,203.06,41.0278,-97.5065,-214.486,-310.172,238.129,43.7643,36.8724,-19.3424,-54.8393,-19.8447,2.75255,-231801,-36169.8,25860.7,9514.12,-410.792,-713074,0.988364,0.00225223,-0.230236,-0.23219,12.3684,-2.45701,-20.1346,110.842,23.4367,6714.11,42672.1,64.9106,1.53069,2.72064,0.142771,-6.4991,-2,-0.189196,0,4,2.77556e-17,5.55112e-17,-1.11022e-16,4.996e-16,-1.21461e-10,-2.52846e-10,1.65249e-10,-1.5627e-12,2.92433e-13,1.06581e-12,0,-0.649306,-1.31418,0.397896,0.359604,3.14159,2.05919,-9.14327,3.10641,8.18363,-0.392699,4.24245,-3.97287,3.19529,-137.803,0.523599,0,0,0,1.36518,0.0602181,-0.649306,0.397892,3.01589,2.05919,3.10639,-0.558786,4.24245,3.19526,0.577297,4.26693e-05,-3.7368,0.540442,-17.3623,62050.7,1902.82,-82.1584,-142615,-10479.2,0.047418,0.0118027,1.00897,-355.854,441.188,-94.7387,2210.47,2536.03,710.804,309611,-79185.1,63402.9
1,-6.52065,-2.26259,1.3653,1.2667,0.063055,1.79867,-0.637505,0.731611,0.384197,-1.52959,3.89886,-1.47285e+06,2.05464,-363748,4.37522,308.939,103.665,71955.8,4.24779,-2.57914,3.17726,1.77037,0.83474,-5.47027,-2.09925,-7.87139,-0.6364,-7.691,-3.99852,-4.92383,-2.16177,-7.40638,-0.93011,-7.23175,-3.69588,0.358538,-363847,-0.236624,4.83881,-0.189196,-0.684853,0.0630123,17.7985,-0.637548,-6.07832,0.409649,570.167,3.02764,-504.32,2.0546,213.906,3.1018,156065,-0.56339,-32.8356,4.24775,-5.73546,3.20055,-130.029,0.582589,-2.23789,24.2149,-13.0887,-24.0244,18.8993,-2684.87,-264.225,462.625,-208.938,-555.306,43.7157,-82.3502,-1.76217,33.7534,526401,-5260.21,9615.61,-62800.3,-237622,-3439.69,605.525,0,-7423.34,-208737,1426.13,-217.425,-431.074,1.55245e+10,1.03805e+06,-155962,2.31881e+08,-1118.02,-447.813,232.386,43.0268,1265.83,41.7643,-52.4882,-19.3125,30.0666,-10820.1,-1149.11,434.781,161.652,-67.5959,-2174.32,0.988578,0.00141068,-0.255885,-0.111654,10.037,1.61325,-2.26744e+06,-1.81872e+07,15525.5,212.867,31.0725,12.8645,1.51216,-22.3767,1.55925,-6.4991,-2,-0.189196,0,4,5.55112e-17,1.11022e-16,0,1.77636e-15,6.13796e-10,1.10937e-09,-1.06229e-09,-4.70901e-12,-3.33683e-12,-2.1334e-12,0,-0.637548,-0.906511,0.409643,-0.00116033,3.14159,2.0546,43.0004,3.1018,31213.1,-0.392699,4.24775,-1.15012,3.20058,-26.0058,0.523599,0,0,0,1.36523,0.0630123,-0.637548,0.409649,3.02764,2.0546,3.1018,-0.56339,4.24775,3.20055,0.582589,4.26693e-05,-3.85807,6.01093,-0.0530607,2193.54,32.3304,-13.5192,-434.865,-455.38,0.047418,0.0118027,1.00897,-281.624,331.975,-111898,1.68282e+10,3.11122e+09,-3.10744e+09,12334.8,-7515.24,4338.49
1.02,-6.52141,-2.26946,1.36531,1.26052,0.0664463,1.79419,-0.625817,0.730923,0.401551,-1.51863,3.4693,-1.4733e+06,2.05142,-5341.22,7.83557,-48.9103,-15.4102,71955.9,4.25206,-5.58549,2.89842,0.587826,0.61314,-5.47207,-2.1071,-7.8757,-0.644767,-7.68564,-4.0097,-4.92494,-2.16323,-7.41165,-0.939996,-7.22765,-3.70516,0.804762,-5317.97,-3.30022,4.8395,-0.189196,-0.710727,0.0664036,15.9738,-0.625859,-4.76839,0.421338,168.963,3.03933,-724.604,2.05138,314.328,3.09857,-22489.5,-0.566639,14.715,4.25201,-27.0902,3.20482,7.74863,0.586785,-2.23851,24.2215,-13.3935,-23.8084,18.5133,-2450.94,-261.495,452.075,-202.099,-523.216,32.5022,-61.5075,-9.14309,32.9788,40568.9,-1628.58,2950.37,-5819.43,-511116,-4881.81,794.952,0,-15830.5,-429320,2084.13,-304.376,-622.26,2.91999e+08,-148946,21599.3,3.3118e+06,604.116,-229.268,228.664,65.5476,248.758,-56.2073,-51.3618,-29.1777,-11.3214,961.947,-53.3959,68.5228,39.2465,0.773298,15.9266,0.988711,0.000883772,-0.309177,-0.223852,8.45152,1.22786,-22735.2,-266906,-2367.31,5.61751,-119.032,-27.8637,1.44996,-32.2994,-0.58702,-6.4991,-2,-0.189196,0,4,2.77556e-17,0,-1.11022e-16,2.22045e-16,2.04002e-09,-3.52886e-09,3.49974e-09,5.88973e-14,-2.83729e-12,7.07018e-13,0,-0.625859,-0.68567,0.421332,0.0143127,3.14159,2.05138,63.2121,3.09855,-4497.9,-0.392699,4.25201,-5.41891,3.20478,1.54973,0.523599,0,0,0,1.36525,0.0664036,-0.625859,0.421338,3.03933,2.05138,3.09857,-0.566639,4.25201,3.20482,0.586785,4.26693e-05,-5.83726,-2.26458,-0.000400592,181.326,7.84931,0.15466,3.18532,34.2313,0.047418,0.0118027,1.00897,-191.811,276.695,-9870.84,3.60372e+08,5.75666e+07,-5.80331e+07,-815.674,1499.05,-315.354
1.04,-6.52205,-2.27647,1.36533,1.25348,0.0701508,1.78429,-0.617492,0.709452,0.406547,-1.49408,3.28699,-1.4733e+06,2.04715,4.63779,3.17483,-1.38199,-0.536642,71956.1,4.25146,-5.35843,2.94054,0.921992,0.644585,-5.47357,-2.11277,-7.88001,-0.653137,-7.68112,-4.01907,-4.92599,-2.16432,-7.41721,-0.950316,-7.22296,-3.71478,0.970602,8.34926,-3.06248,4.83993,-0.189196,-0.748484,0.0701082,14.7109,-0.617534,-5.55936,0.429663,77.4206,3.04767,-1.87811,2.04711,-20.2751,3.0943,14.7399,-0.570876,22.3956,4.25142,-30.61,3.20422,18.0331,0.586226,-2.2389,24.2256,-13.8761,-23.5917,18.0422,-2311.31,-264.012,449.121,-198.853,-383.61,42.825,-79.1003,-0.93901,30.2129,4280.38,-787.981,1407.44,-1070.36,-42.9491,-173.208,194.52,0,-61.4612,-138.298,-95.2114,-27.0623,4.8845,-890.626,-115.185,240.925,-167.187,1098.82,-191.023,224.056,81.8097,546.041,-72.0681,-51.0819,-36.4589,-18.2209,1961.26,-44.7337,97.0306,70.5802,4.5719,57.0409,0.988795,0.00055375,-0.351993,-0.495299,9.08867,0.578376,-22.9814,386.607,5.22562,12.4124,-107.709,-18.4128,1.35625,0.253502,-0.944847,-6.4991,-2,-0.189196,0,4,0,-1.11022e-16,0,-2.22045e-16,4.60079e-11,2.09499e-11,-4.89366e-11,6.56081e-12,1.01119e-12,-7.07812e-12,0,-0.617534,-0.83234,0.429674,0.0504271,3.14159,2.04711,-4.05476,3.09432,2.94798,-0.392699,4.25142,-6.122,3.20422,3.60662,0.523599,0,0,0,1.36527,0.0701082,-0.617534,0.429663,3.04767,2.04711,3.0943,-0.570876,4.25142,3.20422,0.586226,4.26693e-05,-7.29179,-3.64418,-4.93087e-06,353.293,14.116,0.914379,11.4082,71.6146,0.047418,0.0118027,1.00897,-150.408,274.786,-1568.9,172.519,1155.81,84.1706,-494.549,2176.65,-666.643
1.06,-6.52253,-2.2844,1.36533,1.24569,0.074103,1.76148,-0.615438,0.661543,0.389955,-1.47584,3.27304,-1.4733e+06,2.04043,-1.07444,2.72735,-0.586783,-0.443426,415279,4.24807,-602710,2.96913,130.441,-42.4216,-5.47461,-2.11551,-7.88371,-0.661504,-7.67693,-4.02821,-4.92692,-2.16595,-7.42292,-0.961793,-7.21775,-3.72547,0.920054,2.09633,-602664,4.84019,-0.189196,-0.794814,0.0740603,15.1096,-0.61548,-9.90416,0.431717,75.3922,3.04971,59.3106,2.04039,-48.2009,3.08759,38.0695,-0.577603,50.3313,4.24803,-43.3137,3.20083,-64534.5,0.58284,-2.23915,24.2281,-14.467,-23.3788,17.5176,-2457.22,-278.417,466.683,-207.48,-46.1739,93.1211,-165.93,35.2435,26.1563,433.775,-806.995,1417.45,-821.797,-7830,236.749,131.67,0,-306.557,-2559.95,-281.829,1.1222,58.1064,-6779.54,206.888,18.5899,-73.8487,3454.7,-64.1421,221.786,167.767,2653.84,-127.313,-52.5356,-75.2604,-42.8196,-2.75444e+09,-97809.9,-148000,-219741,-38732,4.04354e+08,0.988848,0.000346997,-0.389328,-1.14049,14.867,0.567062,-17.5298,100.659,26.6481,1.71662e+07,-3.01353e+07,6443.52,1.26991,3.01474,-2.22095,-6.4991,-2,-0.189196,0,4,0,0,1.11022e-16,-2.91434e-16,6.6821e-11,-8.50386e-12,-6.92818e-11,1.3799e-12,-3.75033e-12,3.63798e-12,0,-0.61548,-1.7307,0.431718,0.0840128,3.14159,2.04039,-9.64,3.08759,7.61389,-0.392699,4.24803,-8.83096,3.20083,-12906.9,0.523599,0,0,0,1.36528,0.0740603,-0.61548,0.431717,3.04971,2.04039,3.08759,-0.577603,4.24803,3.20083,0.58284,4.26693e-05,-15.625,-8.66484,1054.69,5.76291e+08,-43948.3,-7746.4,8.08709e+07,-1.10166e+08,0.047418,0.0118027,1.00897,-165.35,346.253,-711.497,1960.51,2600.27,813.132,2.88145e+09,-5.53411e+08,5.51863e+08
1.08,-6.52254,-2.29262,1.36534,1.23681,0.0785396,1.72763,-0.613335,0.628692,0.376517,-1.43848,3.25516,-1.4733e+06,2.03415,-21.0955,1.54107,-7.45696,-3.86074,415329,4.24624,153.168,2.90817,6.86936,-1.16578,-5.47526,-2.11779,-7.88769,-0.670845,-7.67108,-4.03869,-4.92748,-2.16708,-7.42879,-0.974016,-7.21136,-3.73675,0.891644,-15.6937,157.242,4.84036,-0.189196,-0.842455,0.078497,18.4032,-0.613377,-13.5861,0.43382,67.1556,3.05181,-1164.62,2.0341,499.958,3.0813,-877.512,-0.583877,-263.915,4.2462,97.9712,3.199,-2368.07,0.581052,-2.2393,24.2298,-15.0228,-23.1477,16.9749,-3234.57,-319.061,530.033,-246.382,252.181,137.315,-239.928,70.1713,27.2129,-2982.34,-737.844,1277.52,-543.381,-1.3693e+06,-7841.9,1255.26,0,-41027.8,-1.12022e+06,3336.98,-502.738,-1005.58,-1.55759e+06,-5854.11,879.852,2372.6,24801.1,-1441.64,179.579,1668.16,74190,494.129,-35.7657,-750.995,229.929,-2.94447e+06,-11665.1,660.324,14927.8,-1339.69,-98208.7,0.988881,0.000217451,-0.4441,-1.69245,19.2571,0.991968,-39.3513,-900.708,-310.553,2494.42,7818.38,266.116,1.37225,-52.1547,11.9274,-6.4991,-2,-0.189196,0,4,-8.32667e-17,-1.11022e-16,1.11022e-16,1.11022e-16,-2.99562e-09,-5.23774e-09,3.96981e-09,-2.92883e-11,5.50999e-11,-4.96243e-11,0,-0.613377,-2.55981,0.433814,0.143053,3.14159,2.0341,99.9803,3.08131,-175.502,-0.392699,4.2462,19.5146,3.19905,-473.615,0.523599,0,0,0,1.36529,0.078497,-0.613377,0.43382,3.05181,2.0341,3.0813,-0.583877,4.2462,3.199,0.581052,4.26693e-05,-149.693,45.9352,-3.1699,845407,2985.55,-267.939,-19641.7,-117838,0.047418,0.0118027,1.00897,-86.7629,392.471,118.213,1.43167e+06,-143189,326012,4.23661e+06,-702685,627060
1.1,-6.52257,-2.30033,1.36534,1.22667,0.0834557,1.68954,-0.609749,0.607034,0.375435,-1.44741,3.31363,-1.47811e+06,2.02679,-2569.8,3.5461,-10.8079,-3.67462,415330,4.24547,-5.71195,2.0641,0.166692,0.845258,-5.4761,-2.11963,-7.89193,-0.679643,-7.66425,-4.04938,-4.92814,-2.16696,-7.43529,-0.9862,-7.20428,-3.74784,0.810432,-2562.58,-4.49311,4.84047,-0.189196,-0.896876,0.083413,25.4118,-0.609791,-14.7546,0.437406,82.8748,3.05539,-63.5863,2.02675,6.33158,3.07395,-4563.59,-0.591256,136.619,4.24542,-82.5587,3.19823,134.571,0.580237,-2.23939,24.2308,-15.6269,-22.9104,16.387,-5156.77,-400.61,660.367,-339.695,282.972,154.167,-264.759,92.246,33.8467,-4886.46,-921.727,1572.09,-685.907,-199.745,-559.117,228.186,0,-59.7315,-3900.15,72.6265,-43.0127,-48.5473,1.37178e+07,-35915.9,11219.2,1.78782e+06,16676.1,317.926,225.011,711.695,19305.7,-296.967,-58.3819,-320.877,-118.403,25314.5,449.498,121.073,703.008,39.8089,499.289,0.988901,0.000136274,-0.507256,-1.90417,17.4562,0.677053,-240460,-128336,-461.982,38.202,-125.684,-58.1343,1.70052,-2.51678,-6.1424,-6.4991,-2,-0.189196,0,4,-5.55112e-17,0,-2.22045e-16,-6.66134e-16,-6.74439e-11,-2.1684e-10,2.82455e-10,5.09317e-11,-6.85336e-11,7.46345e-11,0,-0.609791,-2.75964,0.437399,0.171253,3.14159,2.02675,1.30209,3.07394,-912.718,-0.392699,4.24542,-16.5112,3.19823,26.9141,0.523599,0,0,0,1.36529,0.083413,-0.609791,0.437406,3.05539,2.02675,3.07395,-0.591256,4.24542,3.19823,0.580237,4.26693e-05,-64.1729,-23.6802,0.00127057,7310.64,140.602,7.96177,99.8577,1000.31,0.047418,0.0118027,1.00897,132.02,400.077,476.454,1.44719e+07,2.55582e+06,-2.66478e+06,24565.1,9796.01,-7172.8
1.12,-6.52239,-2.30835,1.36534,1.21501,0.0889215,1.64557,-0.604839,0.635462,0.3832,-1.47129,3.46792,-1.72204e+06,2.01974,-430622,2.92938,-198.278,-65.822,415368,4.24218,25.7138,2.99703,2.89876,0.279542,-5.4769,-2.12163,-7.89676,-0.68947,-7.65715,-4.05958,-4.92872,-2.16627,-7.44229,-0.99923,-7.19618,-3.75956,0.692335,-430553,28.4313,4.84053,-0.189196,-0.958475,0.0888789,37.4267,-0.604881,-14.0483,0.442316,132.759,3.06031,-162.764,2.01969,48.8525,3.06689,-98135.4,-0.598298,-82.4488,4.24214,16.3156,3.19494,-615.24,0.576938,-2.23945,24.2314,-16.2691,-22.668,15.7551,-9477.53,-546.045,890.818,-543.327,-229.624,151.829,-255.636,107.541,47.1054,-5005.59,-1507.95,2525.08,-1457.98,-17362.4,-1212.95,318.232,0,-547.408,-23181.3,353.893,-82.5626,-134.848,6.5399e+09,-694858,146798,3.00101e+08,-227.705,-627.007,182.315,139.501,7310.57,132.214,-41.8021,-63.2942,71.4811,-206140,-3665.37,623.083,1042.71,-342.944,-21138.6,0.988914,8.54031e-05,-0.58262,-2.19874,14.9929,0.804321,-1.21965e+07,-2.15309e+07,-9835.35,1899.76,1445.44,67.8277,2.31108,-6.98728,3.70893,-6.4991,-2,-0.189196,0,4,-5.55112e-17,0,0,1.04083e-16,2.51391e-10,-4.16785e-10,4.45652e-10,-4.60175e-11,9.58319e-11,-9.6243e-11,0,-0.604881,-2.50593,0.442318,0.159104,3.14159,2.01969,9.61701,3.06689,-19627.1,-0.392699,4.24214,3.26638,3.19493,-123.048,0.523599,0,0,0,1.3653,0.0888789,-0.604881,0.442316,3.06031,2.01969,3.06689,-0.598298,4.24214,3.19494,0.576938,4.26693e-05,-12.6645,14.2984,0.109023,55567.6,208.543,-68.5887,-4227.71,-8318.28,0.047418,0.0118027,1.00897,645.253,449.858,374.275,6.67883e+09,1.30397e+09,-1.30632e+09,281941,-68340.1,51418.2
1.14,-6.52191,-2.31657,1.36534,1.20176,0.0948701,1.58965,-0.599196,0.769874,0.41167,-1.45787,3.57999,-1.72205e+06,2.0138,-4.32139,3.03803,-1.81616,-0.477755,484507,4.2372,44104.2,3.20727,37.9772,-11.6339,-5.47753,-2.12347,-7.9022,-0.700489,-7.64952,-4.06946,-4.9291,-2.16501,-7.44957,-1.01295,-7.18705,-3.77176,0.74315,-0.805598,44119,4.84057,-0.189196,-1.03095,0.0948274,65.6056,-0.599239,-8.46328,0.447959,151.197,3.06595,-40.0004,2.01376,-5.08086,3.06096,-136.361,-0.604237,-55.2216,4.23715,4.05065,3.18995,-18178.3,0.571926,-2.23949,24.2318,-16.9918,-22.4356,15.0703,-24663,-896.781,1442.27,-1228.17,-4057.32,94.0112,-154.666,71.4943,83.5947,-12390.8,-1778.5,2907.94,-1350.44,880.737,-385.685,187.796,0,-33.2334,-1735.37,-8.07513,-26.7778,-27.7738,11243,-1164.68,452.483,2646.82,-1066.11,-500.884,177.558,66.1427,3352.52,78.5452,-42.7027,-30.2965,47.2922,-2.12202e+08,-121576,27480.8,22069.5,-10805.4,-2.87971e+07,0.988922,5.3523e-05,-0.662887,-2.79599,14.9076,0.75171,-309.449,-63.0193,-14.7618,3.45696e+06,2.20537e+06,1820.35,3.86929,-1.43847,2.45447,-6.4991,-2,-0.189196,0,4,0,0,2.22045e-16,4.44089e-16,4.60375e-11,-1.52926e-10,2.06075e-10,1.39205e-11,-1.69394e-11,-2.72848e-12,0,-0.599239,-1.34511,0.447955,0.266022,3.14159,2.01376,-1.01576,3.06095,-27.2722,-0.392699,4.23715,1.25595,3.18992,-3635.66,0.523599,0,0,0,1.3653,0.0948274,-0.599239,0.447959,3.06595,2.01376,3.06096,-0.604237,4.23715,3.18995,0.571926,4.26693e-05,-6.60117,9.72453,706.086,4.58185e+07,4413.9,-2161.08,-5.75942e+06,-8.49174e+06,0.047418,0.0118027,1.00897,2502.12,997.896,2010.94,12956.5,-2973.29,300.87,2.29095e+08,-4.31867e+07,4.27495e+07
1.16,-6.52115,-2.32472,1.36534,1.1873,0.100923,1.50752,-0.593808,1.48422,0.682619,-1.58117,4.87203,-1.72205e+06,2.00769,-3.50815,3.03947,-1.33761,-0.713369,952611,4.23113,-2.09818e+06,3.54729,-530.66,177.812,-5.47794,-2.12493,-7.9074,-0.71152,-7.64173,-4.07881,-4.92929,-2.16351,-7.45669,-1.02673,-7.17747,-3.78391,0.436395,0.244688,-2.09835e+06,4.8406,-0.189196,-1.12041,0.100881,290.584,-0.593851,37.2244,0.453347,236.577,3.07134,-44.1812,2.00765,-3.88307,3.05484,-22.8872,-0.610342,247.983,4.23109,-136.323,3.18389,265760,0.565887,-2.23951,24.232,-17.8752,-22.2487,14.3267,-395288,-3712.21,5855.41,-16749.1,-143485,-461.291,730.259,-2261.85,401.441,-186685,-2918.35,4621.87,-847.073,841.835,-403.922,181.702,0,-35.0575,-2061.01,-2.48372,-25.3893,-31.1944,-24.2151,-187.444,66.7767,49.9578,52825.5,771.111,254.417,2093.25,60343.5,-506.869,-81.6492,-969.817,-216.427,-4.47509e+10,967296,174031,2.23002e+06,157488,1.34014e+09,0.988927,3.35437e-05,-0.722718,-4.10649,42.575,-10.3779,-42.8094,-22.663,-8.02593,2.34052e+07,-1.04909e+08,-26611.5,16.8215,-1.61481,-11.2357,-6.4991,-2,-0.189196,0,4,5.55112e-17,0,0,0,-3.3769e-11,-1.73986e-10,1.02639e-10,1.75925e-10,-2.96372e-10,3.09228e-10,0,-0.593851,4.83828,0.453343,1.94997,3.14159,2.00765,-0.776707,3.05485,-4.57743,-0.392699,4.23109,-29.6529,3.18388,53152.1,0.523599,0,0,0,1.3653,0.100881,-0.593851,0.453347,3.07134,2.00765,3.05484,-0.610342,4.23109,3.18389,0.565887,4.26693e-05,-214.002,-44.7019,-12036.8,9.79737e+09,446004,31497.6,2.68028e+08,-1.79006e+09,0.047418,0.0118027,1.00897,53138.4,25449.4,36914.6,1431.24,-419.407,488.95,4.89868e+10,-8.93968e+09,8.94605e+09
1.18,-6.52065,-2.33244,1.36534,1.17184,0.107003,1.35817,-0.591183,0.636442,0.285976,-1.13124,2.86484,-1.72205e+06,2.00181,-7.82827,3.12408,-1.46857,-0.633297,952639,4.22799,-71.3253,3.35234,-0.219058,1.03358,-5.47854,-2.12442,-7.91291,-0.722305,-7.63325,-4.08906,-4.9298,-2.16156,-7.46406,-1.04016,-7.16809,-3.79559,1.19917,-4.07089,-69.0066,4.84062,-0.189196,-1.2199,0.10696,-103.761,-0.591226,-46.3184,0.455972,-24.1542,3.07397,-13.5278,2.00177,-17.3788,3.04897,-4.48777,-0.616224,75.341,4.22795,-56.7509,3.18075,738.375,0.562769,-2.23953,24.2322,-18.8004,-22.1025,13.5714,-36648.6,1174.62,-1823.93,-1259.89,-26355.6,585.356,-896.493,-587.028,-180.863,-7165.96,299.511,-459.702,32.1645,587.098,-189.231,140.772,0,-49.6895,-421.261,-94.8745,-9.57456,-4.1529,210.407,-75.9857,63.9009,15.4132,7697.39,54.3848,198.657,317.958,5340.33,-173.808,-58.7346,-148.178,-67.2651,-209515,1821.45,1066.45,3027.49,413.946,32318.7,0.988931,2.10224e-05,-0.772903,-7.46773,-10.172,6.2476,-12.3055,-238.963,-7.59499,1419.39,-3407.23,-88.366,-6.27357,-0.214866,-3.4925,-6.4991,-2,-0.189196,0,4,-1.11022e-16,-1.11022e-16,0,4.44089e-16,7.77115e-11,7.46003e-12,5.92423e-11,5.79308e-11,-3.95537e-11,7.73781e-11,0,-0.591226,-4.13335,0.455975,-0.778002,3.14159,2.00177,-3.47577,3.04897,-0.897554,-0.392699,4.22795,-11.3451,3.18076,147.675,0.523599,0,0,0,1.3653,0.10696,-0.591226,0.455972,3.07397,2.00177,3.04897,-0.616224,4.22795,3.18075,0.562769,4.26693e-05,-29.6153,-13.4499,0.206816,87821.8,605.498,82.7891,6463.75,-8545.46,0.047418,0.0118027,1.00897,7103.11,6022.75,1485.99,-124.377,585.186,150.642,432440,-12035.7,30900.8
1.2,-6.52059,-2.34038,1.36534,1.15567,0.112938,0.947544,-0.590732,1.00168,0.324866,-2.34939,3.01178,-1.72207e+06,1.99551,98.2132,2.938,-0.814398,-0.389435,952639,4.22581,-4.84508,2.70672,-0.0349302,0.790823,-5.47954,-2.12317,-7.91849,-0.733035,-7.62515,-4.09978,-4.93078,-2.16006,-7.47165,-1.05372,-7.15933,-3.80735,1.45636,101.541,-2.92918,4.84063,-0.189196,-1.32787,0.112895,-42.2909,-0.590775,-33.9522,0.456423,1.05291,3.07442,1.21119,1.99546,-24.0021,3.04266,319.395,-0.622534,126.239,4.22577,-80.9345,3.17857,93.2875,0.560566,-2.23954,24.2323,-19.7398,-22.0029,12.8224,-3474.58,382.623,-593.724,-92.0831,-4781.81,415.483,-617.302,-91.3133,-109.25,476.498,-19.6643,28.0609,-0.0200407,-309.222,-81.2931,116.286,0,-78.9601,-203.08,-141.006,-0.983026,9.05,50260.7,743.809,1502.43,-47858.2,18482,265.074,209.138,693.445,14716,-271.5,-66.3144,-324.479,-112.06,22267.7,290.466,91.6909,500.879,16.9692,239.163,0.988933,1.31752e-05,-0.808615,-20.5311,-2.15462,-57.5566,-1134.07,5062.79,37.4878,21.1711,-83.323,-63.0285,-2.85031,0.467954,-5.8188,-6.4991,-2,-0.189196,0,4,5.55112e-17,1.66533e-16,2.22045e-16,-1.66533e-16,4.06475e-11,-2.0691e-11,4.26468e-11,1.29371e-10,1.93759e-10,-1.71098e-10,0,-0.590775,-1.71895,0.456427,-0.205993,3.14159,1.99546,-4.80133,3.04266,63.879,-0.392699,4.22577,-16.1884,3.17856,18.6575,0.523599,0,0,0,1.3653,0.112895,-0.590775,0.456423,3.07442,1.99546,3.04266,-0.622534,4.22577,3.17857,0.560566,4.26693e-05,-64.903,-22.4131,-0.00211218,4805.51,100.176,3.39384,47.8325,875.882,0.047418,0.0118027,1.00897,1422.03,1765.45,-67.9605,80807.3,22613,-13874,12213,8351.44,-5883.84
1.22,-6.52051,-2.34909,1.36534,1.13902,0.118643,-1.17107,-0.591486,1.02188,0.384433,-3.60686,3.04104,-2.0055e+06,1.98927,5.13699e+06,5.03772,-2021.08,-676.118,952641,4.22264,-1.21114,3.65007,2.75057,0.798088,-5.4805,-2.1224,-7.92373,-0.744422,-7.61763,-4.11062,-4.93176,-2.15971,-7.4789,-1.06788,-7.15088,-3.81968,1.50687,5.13767e+06,1.64084,4.84063,-0.189196,-1.44055,0.1186,-26.6746,-0.591529,-18.165,0.455669,0.827631,3.07367,1277.72,1.98923,-546.077,3.03643,-1.01186e+06,-0.628765,-204.89,4.2226,74.3417,3.1754,-254.362,0.557372,-2.23954,24.2324,-20.6431,-21.9458,12.1011,-302.007,150.555,-248.195,-9.2323,-1046.59,187.061,-274.395,-9.17173,-56.4715,241.65,-20.5921,27.6644,-0.0111954,-1.93334e+06,8404.5,-1109.7,0,-49999.8,-1.35706e+06,-3609.48,498.337,1127.19,7.47108e+11,-6.68768e+06,921924,-3.9136e+09,21349.2,-1072.36,84.8041,928.779,40105,358.128,-10.5373,-437.149,174.343,33899.6,-1182.17,8.73203,1174.65,-90.6434,-1257.38,0.988934,8.25718e-06,-0.832496,-105.931,-1.17083,-121.556,-1.41715e+07,2.56849e+08,-100975,78.3307,98.2153,68.2543,-1.472,58.2469,9.05394,-6.4991,-2,-0.189196,0,4,-2.77556e-17,-1.94289e-16,6.93889e-17,6.98226e-17,-3.73571e-09,-6.87111e-09,6.46105e-09,-5.82283e-11,-8.12483e-11,1.00183e-10,0,-0.591529,-0.921324,0.455672,-0.118207,3.14159,1.98923,-108.167,3.03643,-202373,-0.392699,4.2226,14.8768,3.17537,-50.8724,0.523599,0,0,0,1.3653,0.1186,-0.591529,0.455669,3.07367,1.98923,3.03643,-0.628765,4.2226,3.1754,0.557372,4.26693e-05,-87.4714,34.8755,0.0324232,16580.2,234.929,-18.1287,-251.477,1354.53,0.047418,0.0118027,1.00897,735.264,687.148,-16.805,7.08597e+11,1.49381e+11,-1.49405e+11,89872.8,-14405.4,-2713.65
1.24,-6.52033,-2.3583,1.36534,1.12177,0.124256,-2.60299,-0.591828,6.15188,0.464092,178.111,3.07954,-2.02986e+06,1.98407,56671.3,2.91358,-29.806,-10.109,1.06655e+06,4.21856,124716,3.06815,36.02,-10.9268,-5.48138,-2.1225,-7.92903,-0.756722,-7.61035,-4.12146,-4.93266,-2.16,-7.48589,-1.08249,-7.14243,-3.8324,6.67803,56684.3,124730,4.84064,-0.189196,-1.55228,0.124213,-16.1705,-0.591871,-7.18362,0.455326,0.527619,3.07332,12.5139,1.98403,-29.4958,3.03123,-14194.5,-0.633958,-22.5923,4.21852,-11.6013,3.17132,-17243.3,0.553321,-2.23955,24.2324,-21.4411,-21.9125,11.4268,704.75,-124.223,112.514,-14.3729,316.185,-80.4331,80.2678,-13.8223,-20.3774,111.821,-23.7833,29.7626,-0.14173,-1417.99,10.9109,88.103,0,-113.856,-307.712,-180.185,7.12714,19.6536,1.49467e+08,-71032.9,-18426.3,-4.43668e+07,-1174.35,-330.221,142.687,36.0483,773.223,10.7911,-40.2908,-17.0946,15.5465,-1.84034e+08,-184325,66141.1,34656.7,-10133.1,-7.78863e+07,0.988935,5.17496e-06,-0.862612,-71.5956,255.798,8973.59,-1.21793e+06,2.83372e+06,-1411.75,5.69541e+06,6.23595e+06,1722.47,-0.539724,1.01502,0.80746,-6.4991,-2,-0.189196,0,4,0,1.38778e-16,-1.73472e-16,-7.71952e-17,5.3653e-11,-3.23199e-11,5.91172e-11,-3.3208e-11,-1.91266e-11,-1.15961e-11,0,-0.591871,-0.380316,0.455329,-0.0207034,3.14159,1.98403,-5.93982,3.03123,-2838.9,-0.392699,4.21852,-2.28361,3.17131,-3448.65,0.523599,0,0,0,1.3653,0.124213,-0.591871,0.455326,3.07332,1.98403,3.03123,-0.633958,4.21852,3.17132,0.553321,4.26693e-05,-3.49268,3.13088,165.698,4.11446e+07,6931.34,-2026.63,-1.55773e+07,-7.37277e+06,0.047418,0.0118027,1.00897,525.253,288.788,16.714,1.39009e+08,2.93427e+07,-2.96821e+07,2.05724e+08,-3.75533e+07,3.71397e+07
1.26,-6.51987,-2.36813,1.36534,1.10285,0.130341,-12.2033,-0.589364,1.24329,0.401745,-1.86201,3.05181,-2.07507e+06,1.97961,-19099.1,3.0396,-24.3817,-8.25925,1.09695e+06,4.21347,82906.1,3.35423,20.8907,-5.89227,-5.48225,-2.12403,-7.93486,-0.77048,-7.60238,-4.13266,-4.93344,-2.16018,-7.49318,-1.09822,-7.13299,-3.846,1.73482,-19087.8,82915.4,4.84064,-0.189196,-1.65626,0.130299,-21.1534,-0.589407,-11.967,0.457791,0.440366,3.07578,-52.6253,1.97957,-3.83028,3.02677,-11379.6,-0.638424,-14.0325,4.21343,-15.7892,3.16623,-9688.69,0.548222,-2.23955,24.2324,-22.0444,-21.866,10.8086,105.521,91.5803,-152.548,-1.62183,-428.36,131.589,-178.199,-1.61816,-38.9005,3086.51,-30.7978,36.5802,-104.847,932.699,-410.599,139.417,0,-39.5432,-2849.54,-12.0429,-15.0286,-37.1764,9.57617e+07,-83584,22608.8,1.5108e+07,-964.375,-291.127,139.225,42.497,464.642,-5.57591,-41.1213,-20.3401,7.40214,-5.76992e+07,-172031,78238,48201.3,-5675.39,-5.14782e+07,0.988935,3.24327e-06,-0.945883,-480.015,9.83734,-14.6328,-2.26046e+06,-954803,-1140.58,1.52002e+06,4.14546e+06,966.004,-1.01181,-1.91903,0.384509,-6.4991,-2,-0.189196,0,4,-5.55112e-17,-1.30972e-16,3.747e-16,3.85109e-16,-2.36827e-11,1.6053e-10,-2.12594e-10,7.20576e-11,3.83799e-11,2.75122e-11,0,-0.589407,-0.606822,0.457787,-0.0094852,3.14159,1.97957,-0.761256,3.02677,-2275.92,-0.392699,4.21343,-3.07278,3.16622,-1937.74,0.523599,0,0,0,1.3653,0.130299,-0.589407,0.457791,3.07578,1.97957,3.02677,-0.638424,4.21343,3.16623,0.548222,4.26693e-05,-4.49202,1.5304,452.639,1.29657e+07,9640.26,-1135.08,-1.02956e+07,-2.32277e+06,0.047418,0.0118027,1.00897,578.136,393.888,-568.688,8.96583e+07,1.86765e+07,-1.89488e+07,6.48289e+07,-1.20009e+07,1.17688e+07
1.28,-6.51954,-2.37769,1.36534,1.08246,0.13643,-86.839,-0.589174,1.29246,0.409036,0.0228549,3.05684,-2.0751e+06,1.97253,122.58,2.56304,3.30529,0.590695,1.09698e+06,4.20955,10.4867,3.15287,2.1861,0.439526,-5.48322,-2.12404,-7.93991,-0.782859,-7.59417,-4.14405,-4.9344,-2.16008,-7.50056,-1.11373,-7.12365,-3.85926,1.78625,124.552,13.2,4.84064,-0.189196,-1.77028,0.136388,-19.5328,-0.589217,-9.97069,0.457981,-0.0035135,3.07598,226.314,1.97249,-114.545,3.01969,2003.84,-0.645515,-42.66,4.20951,-2.15008,3.16231,-311.171,0.544267,-2.23955,24.2324,-22.6531,-21.8601,10.1854,170.729,74.8337,-125.479,-0.193101,-302.012,116.64,-150.674,-0.193148,-34.0377,918.32,-19.2042,21.3162,9.27498,-78418.3,1427.58,-113.354,0,-2003.49,-42130.8,-739.506,83.4015,208.23,1.96996e+06,12898.4,-1393.63,-81308.8,-1298.83,-397.832,120.185,37.1188,2090.28,47.6313,-34.2433,-17.8919,31.4463,-55820,-2206.16,460.308,318.181,-171.255,-12101.1,0.988935,2.03263e-06,-1.01966,-3731.79,12.2597,79.6523,-1579.23,6279.97,242.594,1637.74,682.452,32.0318,-0.884217,10.7397,1.63365,-6.4991,-2,-0.189196,0,4,2.77556e-17,-2.00577e-16,-6.8695e-16,-6.86083e-16,-1.45071e-10,3.71841e-10,-2.91749e-10,5.34707e-11,-7.47343e-11,1.76215e-11,0,-0.589217,-0.505522,0.457983,-0.00948376,3.14159,1.97249,-22.9269,3.01968,400.768,-0.392699,4.20951,-0.419355,3.16226,-62.2341,0.523599,0,0,0,1.3653,0.136388,-0.589217,0.457981,3.07598,1.97249,3.01969,-0.645515,4.20951,3.16231,0.544267,4.26693e-05,-3.58998,6.29626,0.41744,13326.4,63.6361,-34.251,-2420.22,-2326.67,0.047418,0.0118027,1.00897,539.408,303.698,-140.875,3.10267e+06,488660,-427393,68637,-24447.3,16605.5
1.3,-6.51902,-2.38738,1.36534,1.0614,0.142093,-84.8523,-0.591352,1.37521,0.425037,-1.79086,3.05905,-2.0751e+06,1.96352,-16.2056,4.75107,-6.87439,-2.54932,1.09698e+06,4.2054,-4.76719,2.96777,0.390135,0.597058,-5.48389,-2.12356,-7.94354,-0.794191,-7.58643,-4.15519,-4.93515,-2.1608,-7.50719,-1.129,-7.11473,-3.87235,1.88279,-8.90521,-2.39648,4.84064,-0.189196,-1.89614,0.14205,-16.4768,-0.591395,-5.68342,0.455803,-1.94352,3.07379,-1186.45,1.96348,432.031,3.01068,-710.305,-0.654516,23.4064,4.20535,-34.3109,3.15816,16.8058,0.540129,-2.23955,24.2324,-23.2894,-21.9134,9.56406,-39.4451,206.35,-252.778,4.94009,-387.939,225.655,-249.951,4.35685,-21.4685,116.436,-48.2138,46.7481,96.1691,-1.52058e+06,-7783.81,1079.02,0,-34792.1,-1.19679e+06,2826.49,-379.823,-1035.71,-1.38452e+06,-4645.49,623.192,1428.74,1844.02,-137.002,142.114,131.685,452.636,-77.0047,-47.0809,-63.9487,-26.6222,1959.49,2.6628,43.5543,72.2149,0.866547,31.8472,0.988936,1.2739e-06,-1.05295,99.3362,18.2106,-11.7117,-35.6357,-659.744,-286.068,7.99748,-80.4497,-35.4205,-0.59237,-53.3571,-1.38314,-6.4991,-2,-0.189196,0,4,-5.55112e-17,1.56125e-15,6.72379e-15,6.50868e-15,-1.2995e-09,2.36226e-09,-1.5357e-09,2.02867e-11,1.02788e-10,-3.44843e-11,0,-0.591395,-0.327338,0.455798,-0.00975652,3.14159,1.96348,86.4083,3.01068,-142.061,-0.392699,4.20535,-6.86335,3.15812,3.36115,0.523599,0,0,0,1.3653,0.14205,-0.591395,0.455803,3.07379,1.96348,3.01068,-0.654516,4.20535,3.15816,0.540129,4.26693e-05,-12.7929,-5.32507,-0.000732855,390.134,14.443,0.173309,6.36944,69.2076,0.047418,0.0118027,1.00897,386.567,39.801,78.7286,1.03513e+06,-84295.6,289010,-577.424,2250.54,-620.22
1.32,-6.51839,-2.39722,1.36534,1.03914,0.147837,-78.2657,-0.590514,1.11719,0.427948,-5.16292,3.05854,-2.0751e+06,1.95547,-3.57065,3.02751,-1.45976,-0.922033,1.09698e+06,4.19971,-4.35819,2.92715,0.107479,0.626846,-5.48461,-2.12476,-7.94741,-0.80622,-7.57886,-4.16574,-4.93585,-2.16154,-7.51377,-1.14453,-7.10556,-3.88558,1.62819,0.378896,-2.05789,4.84064,-0.189196,-2.01801,0.147794,-17.4334,-0.590557,-6.83355,0.456641,-0.699964,3.07463,-86.1938,1.95543,6.15802,3.00263,-48.7653,-0.662566,49.7329,4.19967,-47.5535,3.15247,28.5249,0.534443,-2.23955,24.2325,-23.7926,-21.9747,8.99268,233.226,42.9336,-79.7336,2.04057,-167.907,87.2287,-102.069,1.99766,-27.5896,83.7725,-22.5356,21.3178,0.0248607,-1141.5,-599.762,140.165,0,-83.6341,-6994.3,48.0689,-18.3221,-66.2456,-2738.11,-329.2,62.3949,106.95,5907.64,-34.5023,148.854,253.848,1606.9,-126.018,-52.6942,-124.523,-50.2706,4979.38,53.6847,44.122,124.965,-0.261324,48.4128,0.988936,7.98382e-07,-1.11284,329.327,3.80615,-200.09,-57.8471,-28.3988,-13.5958,6.64402,-60.2839,-46.5304,-0.724403,-3.40906,-2.61198,-6.4991,-2,-0.189196,0,4,5.55112e-17,-2.04697e-16,-4.19109e-15,-2.96508e-15,9.71062e-12,-4.30551e-11,1.00991e-10,-4.62632e-11,-2.12167e-10,5.12172e-11,0,-0.590557,-0.356031,0.456636,-0.084582,3.14159,1.95543,1.23169,3.00263,-9.75306,-0.392699,4.19967,-9.51251,3.15244,5.70497,0.523599,0,0,0,1.3653,0.147794,-0.590557,0.456641,3.07463,1.95543,3.00263,-0.662566,4.19967,3.15247,0.534443,4.26693e-05,-24.9106,-10.0553,-0.00116093,878.131,24.9929,-0.0522648,9.68255,189.355,0.047418,0.0118027,1.00897,508.327,178.726,39.5965,4789.86,-1435.53,1483.66,-517.037,3609.82,-1406.64
1.34,-6.51771,-2.40722,1.36534,1.01474,0.153959,-75.1012,-0.588691,0.752351,0.460472,-2.08611,3.19841,-3.31261e+06,1.94565,-1.11297e+06,3.06797,-127.256,-41.3014,1.09706e+06,4.19334,-245.702,3.83349,-2.17963,1.59847,-5.48547,-2.12608,-7.95104,-0.818102,-7.57083,-4.17631,-4.93664,-2.16186,-7.52074,-1.16065,-7.09576,-3.89916,1.15601,-1.11293e+06,-243.467,4.84064,-0.189196,-2.13702,0.153916,-15.4986,-0.588734,0.432947,0.458464,-3.65587,3.07645,-31.8761,1.94561,-15.2608,2.99281,-62856.1,-0.672388,97.512,4.1933,-71.7236,3.1461,1687.11,0.528091,-2.23955,24.2325,-24.1652,-22.0367,8.4587,198.734,67.2948,-96.5583,3.42214,-188.907,60.5894,-57.341,0.726275,-9.23941,109.855,-0.353409,-7.08029,3.70659,1472.9,-239.706,88.749,0,-44.1928,-1321.47,-91.5931,0.163644,-18.1649,3.1465e+09,-458029,147044,9.73689e+08,17932.3,145.024,167.567,593.212,5952.11,-214.242,-64.3025,-294.267,-92.5015,-1.21017e+06,4587.16,1762.49,9370.38,945.711,121478,0.988936,5.00365e-07,-1.22003,158.227,3.20466,-49.6856,-6.18753e+07,-5.56485e+07,-6284.27,3669.29,-12127.8,-186.832,-0.370803,-0.933454,-4.80647,-6.4991,-2,-0.189196,0,4,-5.55112e-17,8.25728e-16,-3.9968e-15,-2.1233e-15,3.03572e-11,-2.2312e-11,-5.45697e-12,-1.44916e-10,-2.13994e-10,2.3519e-10,0,-0.588734,0.0478289,0.458461,-0.156404,3.14159,1.94561,-2.97739,2.9928,-12571.2,-0.392699,4.1933,-14.3685,3.14608,337.422,0.523599,0,0,0,1.3653,0.153916,-0.588734,0.458464,3.07645,1.94561,2.99281,-0.672388,4.1933,3.1461,0.528091,4.26693e-05,-58.9837,-18.5143,-1.63919,428949,1874.08,189.142,24295.6,-48836.9,0.047418,0.0118027,1.00897,492.097,-72.7052,48.7288,2.73595e+09,6.26608e+08,-6.28115e+08,2.13459e+06,-175100,217189
1.36,-6.51711,-2.41538,1.36534,0.989716,0.159395,-73.1988,-0.59082,0.17852,0.472109,-1.58308,3.06687,-3.33047e+06,1.9353,-95524.2,1.38819,-204.865,-67.402,1.09706e+06,4.18951,-3.33109,3.17735,1.64702,0.183563,-5.48615,-2.12447,-7.95363,-0.827297,-7.56313,-4.18581,-4.93739,-2.16142,-7.5269,-1.17428,-7.08704,-3.91043,0.725354,-95455.4,-0.337309,4.84064,-0.189196,-2.27278,0.159352,-13.9285,-0.590862,3.90973,0.456335,-1.6002,3.07432,-611.846,1.93526,193.212,2.98246,-100771,-0.682728,-64.6037,4.18947,8.67673,3.14227,-39.7322,0.52432,-2.23955,24.2325,-24.5877,-22.1727,7.9155,205.013,70.0496,-91.6654,4.78951,-148.278,27.1349,-16.9165,-1.36694,-4.6017,7.16513,12.3397,-14.3698,1.38267,-372118,-3940.16,517.289,0,-7903.92,-328930,1240.85,-155.608,-533.207,8.14392e+09,-646725,80551.5,8.59531e+07,-332.087,-458.138,83.875,52.4373,4112.63,86.8714,-24.521,-26.1858,47.0015,1340.4,-227.349,22.8823,38.3428,-7.24961,-103.857,0.988936,3.13591e-07,-1.25133,95.1222,-3.21916,-68.8373,-893222,-4.77606e+06,-10164.8,65.3168,-9.43873,20.9599,-0.232092,-27.3564,2.44227,-6.4991,-2,-0.189196,0,4,2.77556e-17,-1.04083e-16,-5.71765e-15,9.08995e-16,3.17848e-09,6.22835e-09,-5.59339e-09,-6.17223e-12,1.18638e-12,2.94411e-11,0,-0.590862,0.736185,0.456329,-0.262551,3.14159,1.93526,38.3562,2.98246,-20154.2,-0.392699,4.18947,1.73404,3.14231,-7.94643,0.523599,0,0,0,1.3653,0.159352,-0.590862,0.456335,3.07432,1.93526,2.98246,-0.682728,4.18947,3.14227,0.52432,4.26693e-05,-5.23541,9.39882,-0.00281275,495.273,7.66856,-1.44992,-20.7713,47.8893,0.047418,0.0118027,1.00897,558.192,-182.006,27.7151,7.06234e+09,1.62471e+09,-1.62707e+09,5578.7,-2550.04,396.037
1.38,-6.51703,-2.42301,1.36534,0.964085,0.16458,-72.1813,-0.592149,0.362215,0.481086,-0.0949674,3.06347,-3.33048e+06,1.92838,-3.43295,2.93959,-1.38022,-0.838908,1.09706e+06,4.18762,-0.0334086,0.0665375,2.51917,0.547806,-5.48736,-2.1232,-7.95757,-0.837234,-7.55583,-4.19545,-4.93865,-2.16087,-7.53324,-1.18716,-7.0792,-3.921,0.921425,0.345553,-0.514677,4.84064,-0.189196,-2.40619,0.164537,-21.8667,-0.592191,6.39734,0.455006,-2.64978,3.07301,-54.0382,1.92834,-9.13282,2.97553,-33.4641,-0.689653,-17.8524,4.18758,-14.8625,3.14038,-3.23101,0.522396,-2.23955,24.2325,-24.914,-22.3265,7.41825,358.025,-71.2895,19.8437,16.1667,-542.301,65.8816,-44.7733,-3.95781,-12.3681,4.62829,-16.7696,9.54328,3.21892,1556.8,-364.679,90.8358,0,-42.5411,-3057.79,-53.6949,-2.81661,-37.4896,324.664,-220.783,44.5907,94.3273,-1391.9,-280.275,101.081,47.9279,809.853,-1.15858,-34.5917,-24.0126,5.67443,-389.995,-63.8614,25.1057,23.2871,0.0533523,-5.3637,0.988936,1.96535e-07,-1.28151,50.8716,3.78292,-14.978,-39.2237,-22.8685,-5.4681,23.7567,155.351,74.437,-0.616458,-1.92123,0.294852,-6.4991,-2,-0.189196,0,4,8.32667e-17,-1.00094e-15,9.4369e-16,-3.40006e-16,-2.28251e-11,2.75676e-10,-2.50097e-10,-6.1777e-11,-2.89073e-11,6.03502e-11,0,-0.592191,1.17645,0.455014,-0.449856,3.14159,1.92834,-1.82662,2.97554,-6.69283,-0.392699,4.18758,-2.97241,3.14039,-0.646202,0.523599,0,0,0,1.3653,0.164537,-0.592191,0.455006,3.07301,1.92834,2.97553,-0.689653,4.18758,3.14038,0.522396,4.26693e-05,-4.80213,1.13484,-4.45727e-05,60.0029,4.65741,0.0106705,-1.07274,-22.0345,0.047418,0.0118027,1.00897,1063.94,-306.476,75.6478,1403.46,-357.508,622.662,827.546,148.813,162.253
1.4,-6.51751,-2.43063,1.36534,0.938969,0.169041,-71.1934,-0.592568,1.59733,0.464889,-2.16798,3.06466,-3.33048e+06,1.9248,-8.67579,3.03978,-2.28174,-0.662571,1.09707e+06,4.1835,-29.3604,2.98426,0.897909,0.764267,-5.48901,-2.12355,-7.96229,-0.847884,-7.55075,-4.2036,-4.94032,-2.16145,-7.53923,-1.19933,-7.07299,-3.93111,2.13915,-4.97344,-27.1404,4.84064,-0.189196,-2.54218,0.168999,-12.541,-0.592611,1.37024,0.454586,-2.35093,3.07258,-17.8274,1.92475,-22.6509,2.97195,-3.03901,-0.693235,18.6259,4.18346,-33.4357,3.13626,238.274,0.518275,-2.23955,24.2325,-25.2005,-22.5183,6.95484,208.186,52.5737,-66.455,6.8736,-88.86,84.8208,-67.1961,4.32748,-9.39479,44.1448,-16.3943,9.22308,0.301065,1104.73,-128.739,59.7537,0,-65.6909,-729.127,-139.195,6.73325,-4.85618,262.791,-23.4589,15.1402,5.24634,1841.06,-143.188,113.843,151.857,180.435,-69.1681,-42.5727,-76.6239,-26.8243,-7738.01,60.3869,518.388,1168.45,128.268,8181.03,0.988936,1.23173e-07,-1.25581,49.3961,34.0311,-104.497,-13.0445,-285.19,-58.8912,368.084,-1311.21,-32.2105,-0.29702,-0.248714,-1.39381,-6.4991,-2,-0.189196,0,4,8.32667e-17,-1.17961e-15,3.92048e-15,-2.14846e-15,2.35085e-10,-4.74722e-11,2.0944e-10,-1.24487e-10,-8.84135e-11,1.47907e-10,0,-0.592611,0.0954798,0.454586,-0.402717,3.14159,1.92475,-4.53012,2.97196,-0.607801,-0.392699,4.18346,-6.68567,3.13627,47.6547,0.523599,0,0,0,1.3653,0.168999,-0.592611,0.454586,3.07258,1.92475,2.97195,-0.693235,4.18346,3.13626,0.518275,4.26693e-05,-15.318,-5.36403,0.0442856,10247.1,233.69,25.6536,1636.21,-439.719,0.047418,0.0118027,1.00897,425.344,-189.428,62.4524,-226.644,972.311,111.251,48928.1,8580.24,-1612.08
1.42,-6.51793,-2.43701,1.36534,0.913616,0.173459,-71.3101,-0.594387,0.88992,0.507754,11.6568,3.09202,-3.33048e+06,1.91733,2.782,3.0458,-1.23702,-0.622174,1.12412e+06,4.18007,19584.7,8.05108,28.4258,-8.37869,-5.49056,-2.12196,-7.9655,-0.855634,-7.54546,-4.21078,-4.94194,-2.16086,-7.54507,-1.21023,-7.06678,-3.93993,1.44725,6.44997,19601.1,4.84064,-0.189196,-2.66606,0.173416,2.26219,-0.594429,15.1801,0.452768,-2.35056,3.07076,4.23236,1.91728,-30.969,2.96448,45.0905,-0.700706,-87.0538,4.18003,19.9481,3.13283,-13370.8,0.514859,-2.23955,24.2325,-25.3585,-22.6953,6.5543,659.885,207.817,-158.894,33.7293,801.022,262.368,-178.524,33.7542,36.8123,-106.949,-25.945,16.2238,-0.000517517,-752.431,14.5049,41.0568,0,-111.869,-455.07,-190.907,12.1579,15.0618,-2371.62,265.401,29.8639,-552.205,2491.46,-526.541,58.5398,91.6056,6447.36,126.026,-15.8653,-46.4945,63.8789,-9.96688e+07,-67714.5,2650.69,16606.8,-7660.75,-1.11246e+07,0.988936,7.71956e-08,-1.26768,-5.83689,-7.87454,595.212,-46.6789,287.326,12.8362,1.35254e+06,979392,1342.81,0.956058,0.770399,3.31912,-6.4991,-2,-0.189196,0,4,2.77556e-17,1.36002e-15,-1.249e-15,2.05876e-15,-2.81879e-10,1.09463e-10,-2.63735e-10,-2.80239e-11,-8.53504e-11,3.81988e-11,0,-0.594429,0.751328,0.45277,0.273276,3.14159,1.91728,-6.19365,2.96449,9.01811,-0.392699,4.18003,3.7872,3.13285,-2674.17,0.523599,0,0,0,1.3653,0.173416,-0.594429,0.452768,3.07076,1.91728,2.96448,-0.700706,4.18003,3.13283,0.514859,4.26693e-05,-9.04716,12.659,-168.162,2.48435e+07,3321.36,-1532.15,-2.22492e+06,-3.98742e+06,0.047418,0.0118027,1.00897,-179.061,-885.033,102.231,2696.02,2636.63,-110.704,1.24221e+08,-2.04741e+07,2.0151e+07
1.44,-6.51843,-2.44284,1.36534,0.887523,0.177855,-71.3822,-0.595609,0.880677,0.505007,-15.9659,3.0903,-2.29976e+07,1.9067,-2.40448e+07,2.77006,-1958.04,-652.484,1.12839e+06,4.17842,12549.3,3.06855,9.13938,-2.01584,-5.49225,-2.1202,-7.9676,-0.86155,-7.5398,-4.21823,-4.94367,-2.15977,-7.55096,-1.22059,-7.06067,-3.94816,1.43698,-2.40442e+07,12554.4,4.84064,-0.189196,-2.78391,0.177812,1.45371,-0.595652,14.8263,0.451546,-2.6552,3.06955,-218.792,1.90666,43.311,2.95386,-977996,-0.711327,-23.254,4.17837,-12.5799,3.13118,-3807.95,0.51321,-2.23955,24.2325,-25.4282,-22.8693,6.19421,562.131,174.997,-128.569,26.5439,656.818,230.74,-147.12,26.4725,33.3848,-117.633,-26.417,15.2714,0.00220752,-32532.9,-1363.45,173.607,0,-673.9,-43500.6,270.015,-33.1915,-184.921,8.23922e+11,-6.07927e+06,692135,2.4074e+10,-1783.46,-291.143,85.6008,46.2796,1183.03,7.17956,-30.6412,-23.5557,7.87406,-8.61135e+06,-57154.9,18432.6,19384.5,-2183.17,-7.31876e+06,0.988936,4.83803e-08,-1.30462,-3.60434,-8.28715,-812.062,-9.83355e+08,-1.20224e+09,-97823.6,213667,627620,378.455,0.86853,-9.44,0.409126,-6.4991,-2,-0.189196,0,4,2.77556e-17,6.38378e-16,-6.80012e-16,1.58651e-15,-2.74378e-10,5.09784e-10,-4.94765e-10,6.34491e-11,-1.02644e-10,1.22839e-10,0,-0.595652,0.736196,0.451552,0.195762,3.14159,1.90666,4.98194,2.95386,-195599,-0.392699,4.17837,-2.59205,3.1312,-761.589,0.523599,0,0,0,1.3653,0.177812,-0.595652,0.451546,3.06955,1.90666,2.95386,-0.711327,4.17837,3.13118,0.51321,4.26693e-05,-4.32215,1.5309,-146.683,1.99571e+06,3876.89,-436.634,-1.46375e+06,-349264,0.047418,0.0118027,1.00897,-109.255,-835.639,108.988,6.62709e+11,1.64744e+11,-1.64768e+11,9.97943e+06,-1.89841e+06,1.80725e+06
1.46,-6.51938,-2.44841,1.36534,0.862496,0.181394,-71.4449,-0.595615,0.892471,0.509454,-9.66914,3.08983,-2.30367e+07,1.89752,-14208.1,2.98731,-24.7048,-8.46817,1.12839e+06,4.17959,-5.94322,1.09841,-0.224349,0.774875,-5.4942,-2.1202,-7.96955,-0.866977,-7.53508,-4.22628,-4.94563,-2.15977,-7.55622,-1.22983,-7.05628,-3.95564,1.45369,-14196.7,-5.61968,4.84064,-0.189196,-2.90716,0.181351,2.08524,-0.595658,15.9556,0.45154,-2.98648,3.06954,-59.4844,1.89748,-11.232,2.94468,-11551.2,-0.720506,153.293,4.17954,-102.483,3.13235,143.474,0.514395,-2.23955,24.2325,-25.4932,-23.0831,5.85033,542.98,161.539,-111.801,24.8359,630.154,218.991,-129.624,24.7762,34.9975,-153.871,-27.1743,14.4898,0.00343933,1902.31,-369.513,71.2564,0,-47.0003,-3645.58,-68.1134,0.487632,-41.9957,1.16835e+08,-71527.8,11258.8,1.49139e+07,53273.4,354.08,163.787,1393.55,7934.54,-320.841,-71.1086,-707.881,-145.742,59279.8,435.154,106.161,1188.56,34.114,448.498,0.988936,3.03211e-08,-1.25139,-3.13366,-7.70157,-517.911,-1.95712e+06,-710259,-1156.74,20.6433,-140.542,-75.267,0.910357,-2.14001,-7.57267,-6.4991,-2,-0.189196,0,4,5.55112e-17,1.90126e-15,-2.19269e-15,4.81207e-15,2.17308e-09,-3.0516e-09,1.03933e-09,-4.06237e-10,6.891e-10,-5.59317e-10,0,-0.595658,0.792589,0.451541,0.116548,3.14159,1.89748,-2.30066,2.94469,-2310.24,-0.392699,4.17954,-20.4892,3.13239,28.6947,0.523599,0,0,0,1.3653,0.181351,-0.595658,0.45154,3.06954,1.89748,2.94468,-0.720506,4.17954,3.13235,0.514395,4.26693e-05,-141.52,-29.1431,0.0133273,8715.98,237.711,6.82279,89.6995,2344.62,0.047418,0.0118027,1.00897,-97.6488,-880.274,119.749,9.22619e+07,2.28921e+07,-2.3168e+07,22900.6,19885.6,-14015.7
1.48,-6.52048,-2.45408,1.36534,0.838536,0.184589,-71.4895,-0.595919,0.851354,0.510723,-12.4611,3.0899,-2.30367e+07,1.88729,-0.525618,1.81126,-0.711353,-0.533501,1.12839e+06,4.17897,-3.47199,3.34843,2.37779,1.55732,-5.49622,-2.12066,-7.97079,-0.871739,-7.53156,-4.23331,-4.94766,-2.16041,-7.56121,-1.23881,-7.05256,-3.96301,1.41377,1.81914,-1.68088,4.84064,-0.189196,-3.02043,0.184546,2.66051,-0.595961,16.6583,0.451236,-3.15136,3.06922,68.1287,1.88724,-52.9374,2.93444,70.6247,-0.730757,-154.042,4.17893,53.5378,3.13173,-58.2892,0.513717,-2.23955,24.2325,-25.4939,-23.2872,5.55312,530.448,151.788,-99.3292,23.8088,593.676,205.903,-113.682,22.9986,35.3286,-130.218,-26.0026,12.7498,0.0364819,-12790.6,415.525,-4.03991,0,-358.641,-4962.26,-322.777,24.0151,73.2692,-12568,431.146,-24.5183,-225.138,22218.8,-760.657,18.8358,415.506,15416.1,245.827,1.79526,-211.286,119.749,17320.8,-253.964,-7.80678,175.03,6.25287,-86.6366,0.988936,1.9003e-08,-1.19798,-2.23181,-9.29248,-642.703,-34.0433,120.443,29.735,21.6833,-17.0107,71.8701,0.933707,3.72582,6.22203,-6.4991,-2,-0.189196,0,4,-5.55112e-17,1.88738e-15,-2.22045e-15,7.26069e-15,3.36418e-10,-3.9038e-09,1.46769e-09,-3.48484e-10,7.11649e-10,-2.64385e-10,0,-0.595961,0.854898,0.451231,0.166444,3.14159,1.88724,-10.588,2.93443,14.1249,-0.392699,4.17893,10.7092,3.13171,-11.6578,0.523599,0,0,0,1.3653,0.184546,-0.595961,0.451236,3.06922,1.88724,2.93444,-0.730757,4.17893,3.13173,0.513717,4.26693e-05,-42.2629,23.9514,0.00125388,2349.18,35.006,1.25057,-17.3273,694.701,0.047418,0.0118027,1.00897,-90.8838,-859.5,114.897,7267.36,3479.46,1462.41,15628.2,-4080.68,-2537.72
1.5,-6.52134,-2.46037,1.36534,0.814062,0.188062,-71.521,-0.597049,0.796297,0.511533,-35.2706,3.08927,-2.30367e+07,1.87756,-4.18631,3.05616,-1.67408,-1.34685,1.12839e+06,4.17361,-3.29418,3.19765,1.81365,-1.0694,-5.49806,-2.12087,-7.97228,-0.877687,-7.52861,-4.23888,-4.94955,-2.16124,-7.56628,-1.24872,-7.04818,-3.97114,1.36015,0.216704,0.97286,4.84064,-0.189196,-3.11962,0.188019,3.31594,-0.597091,17.7252,0.450106,-3.42301,3.0681,-203.313,1.87752,31.0747,2.92472,-87.7447,-0.740472,-83.1411,4.17357,17.7272,3.12637,-54.0246,0.508377,-2.23955,24.2325,-25.4096,-23.4589,5.30238,528.009,145.901,-90.6993,23.5792,586.336,201.737,-104.786,22.7639,37.1391,-115.959,-26.7645,12.3026,0.0346448,-24399.5,-1230.68,140.19,0,-514.947,-38433.7,188.427,-21.5116,-172.92,-21587.9,-531.412,54.159,119.471,2157.22,-499.355,48.3407,68.1295,5741.5,115.384,-14.0523,-34.9603,57.6168,4598.23,-275.412,10.187,55.2874,-11.8612,-159.436,0.988936,1.19096e-08,-1.22371,-1.57454,-12.0372,-1768.51,-40.7237,-63.0774,-34.2117,76.7439,-8.38843,27.4743,0.981825,-8.77477,2.99351,-6.4991,-2,-0.189196,0,4,0,-1.88738e-15,2.19269e-15,-4.7256e-15,-4.68684e-09,8.57512e-09,-5.16267e-09,-3.87345e-11,5.9411e-11,-1.02458e-10,0,-0.597091,0.910605,0.450102,0.195789,3.14159,1.87752,6.21475,2.92472,-17.5489,-0.392699,4.17357,3.54553,3.12637,-10.8049,0.523599,0,0,0,1.3653,0.188019,-0.597091,0.450106,3.0681,1.87752,2.92472,-0.740472,4.17357,3.12637,0.508377,4.26693e-05,-6.99218,11.5235,0.000201145,946.477,11.0575,-2.37225,-31.8871,181.436,0.047418,0.0118027,1.00897,-99.5319,-884.442,116.534,16547.7,-1476.2,5899.05,8394.85,-3128.39,-37.9161
1.52,-6.52219,-2.46704,1.36534,0.788787,0.191533,-71.5799,-0.600713,0.842568,0.51343,-10.1968,3.08555,-2.30367e+07,1.86758,-3.28836,2.87956,-1.61501,-1.53427,4.78973e+06,4.16638,8.31745e+06,3.16402,-215.431,72.8111,-5.49981,-2.12009,-7.97361,-0.883957,-7.52616,-4.24386,-4.95145,-2.16245,-7.57134,-1.25903,-7.04378,-3.97963,1.41204,1.12547,8.31738e+06,4.84064,-0.189196,-3.21674,0.191491,4.12342,-0.600756,18.7985,0.446442,-3.59494,3.06444,-77.5616,1.86754,-9.03885,2.91474,-85.9714,-0.750458,-29.276,4.16633,-9.86658,3.11914,108461,0.501112,-2.23955,24.2325,-25.2829,-23.6316,5.07002,534.393,142.63,-84.0891,23.8929,586.371,198.583,-97.1249,22.7653,39.0457,-154.777,-26.6275,11.4616,0.0643559,1489.87,-462.26,69.1839,0,-60.4615,-5879.92,-54.9185,0.247195,-59.0405,2060.91,-514.581,63.6884,470.304,-2266.37,-304.771,71.4177,44.5496,1704.4,17.5526,-26.9141,-23.1397,10.1923,-6.43124e+09,1.31204e+06,-341881,-410763,61849.7,-4.56004e+09,0.988936,7.46405e-09,-1.26375,-2.94323,-9.5339,-534.543,-83.4202,-18.6788,-10.2811,1.83067e+08,4.15872e+08,-10850.1,1.03885,-2.98926,0.529476,-6.4991,-2,-0.189196,0,4,1.11022e-16,2.1233e-15,-1.38778e-17,3.06005e-15,1.48233e-09,-4.44261e-09,2.9008e-09,7.97787e-11,1.21569e-12,-5.45697e-11,0,-0.600756,0.978705,0.446445,0.159482,3.14159,1.86754,-1.80755,2.91473,-17.1943,-0.392699,4.16633,-4.33037,3.11911,21692.1,0.523599,0,0,0,1.3653,0.191491,-0.600756,0.446442,3.06444,1.86754,2.91474,-0.750458,4.16633,3.11914,0.501112,4.26693e-05,4.29742,0.694698,99089.4,1.63062e+09,-82152.6,12369.9,-9.12008e+08,-2.57163e+08,0.047418,0.0118027,1.00897,-113.211,-936.294,127.648,5454.72,-1569.32,1158.33,8.1531e+09,-1.28148e+09,1.28408e+09
1.54,-6.52326,-2.47333,1.36534,0.763761,0.194571,-71.5335,-0.603607,0.62693,0.50565,-8.67299,3.08436,-2.30384e+07,1.85739,2359.63,2.67386,12.9985,3.93501,4.83948e+06,4.1576,100580,3.44224,84.7765,-26.9019,-5.50169,-2.12002,-7.9745,-0.889371,-7.52492,-4.2475,-4.95345,-2.16398,-7.57607,-1.26852,-7.04025,-3.98751,1.18981,2358.37,100610,4.84064,-0.189196,-3.31686,0.194529,4.28256,-0.60365,19.3458,0.443548,-3.66243,3.06154,84.2343,1.85735,-57.3554,2.90455,7085.59,-0.760644,-162.359,4.15756,60.3442,3.11036,-41437.6,0.492345,-2.23955,24.2325,-25.1404,-23.8242,4.84699,520.997,134.978,-76.0106,23.1616,552.151,192.375,-88.6873,21.9574,39.0612,-412.175,-25.9226,10.4623,0.77919,-17259.2,511.921,-14.5774,0,-432.923,-7924.44,-344.148,24.4456,88.9185,4.59934e+07,42687.4,-2518.41,-2.7642e+06,30058.2,-766.28,3.21509,479.369,13878.7,263.098,7.9554,-252.637,124.739,-9.06573e+08,-173058,-8562.72,138043,-23481.6,-5.40946e+07,0.988936,4.6779e-09,-1.25127,2.32138,-20.243,-498.266,-82044.7,118127,728.338,2.48709e+06,5.02914e+06,4160.32,1.0418,4.49119,6.47848,-6.4991,-2,-0.189196,0,4,0,-9.71445e-17,-9.29812e-16,1.06165e-15,1.05137e-10,-1.04666e-09,4.70209e-10,-1.47739e-09,2.02502e-09,-2.39015e-09,0,-0.60365,1.01239,0.443547,0.00457231,3.14159,1.85735,-11.4698,2.90455,1417.12,-0.392699,4.15756,12.6788,3.11034,-8287.53,0.523599,0,0,0,1.3653,0.194529,-0.60365,0.443548,3.06154,1.85735,2.90455,-0.760644,4.15756,3.11036,0.492345,4.26693e-05,-52.5601,25.2948,795.097,2.38648e+08,27608.6,-4696.32,-1.08189e+07,-3.62608e+07,0.047418,0.0118027,1.00897,-97.2067,-992.103,179.742,3.5345e+07,9.48917e+06,-9.31509e+06,1.19324e+09,-1.82967e+08,1.81967e+08
1.56,-6.52455,-2.4804,1.36534,0.737474,0.19795,-71.5421,-0.603646,0.555509,0.51287,1.59158,3.16547,-2.30385e+07,1.84883,-50.2198,2.85048,-4.11897,-1.44183,4.83948e+06,4.14822,-3.20742,3.14249,1.74767,-1.60399,-5.50404,-2.12176,-7.9766,-0.896606,-7.52352,-4.25175,-4.9558,-2.16574,-7.58143,-1.27915,-7.03643,-3.99631,1.0445,-45.9274,1.53906,4.84064,-0.189196,-3.40863,0.197907,6.88872,-0.603688,22.2695,0.443509,-43.3195,3.0615,-125.197,1.84879,2.0604,2.89599,-1186.17,-0.7692,-66.6632,4.14817,10.3276,3.10098,-54.4155,0.482964,-2.23955,24.2325,-24.9433,-23.9959,4.65136,587.092,145.965,-76.1802,26.6592,654.223,204.395,-88.396,25.2874,47.3831,167363,-298.519,113.616,24992,-3260.8,-734.985,85.2129,0,-146.838,-14865.3,11.1813,-4.60504,-103.512,1.18772e+06,-7006.32,700.693,65299.2,-273.207,-431.162,48.8503,32.4203,4213.74,90.0757,-16.9708,-17.35,41.0179,1942.17,-302.436,19.6714,37.2763,-17.3604,-238.447,0.988936,2.93175e-09,-1.31439,-0.429612,-23.8221,0.960879,-6507.79,-2366.19,-128.302,135.616,-5.32027,19.4029,1.26341,-5.21729,2.1296,-6.4991,-2,-0.189196,0,4,-1.11022e-16,-1.85962e-15,1.85962e-15,-7.54952e-15,2.73115e-09,6.5734e-09,-6.24824e-09,-2.16654e-10,-1.08986e-09,1.25096e-09,0,-0.603688,1.16581,0.443508,-0.00947574,3.14159,1.84879,0.40979,2.89599,-237.233,-0.392699,4.14817,2.06633,3.10096,-10.8831,0.523599,0,0,0,1.3653,0.197907,-0.603688,0.443509,3.0615,1.84879,2.89599,-0.7692,4.14817,3.10098,0.482964,4.26693e-05,-3.47068,8.20432,0.00299316,753.885,7.45526,-3.47209,-47.6894,72.5156,0.047418,0.0118027,1.00897,-179.671,-1139.71,-32604.4,981058,192060,-217523,6968.07,-3092.23,521.072
1.58,-6.52545,-2.48756,1.36534,0.710205,0.201222,-71.584,-0.601438,0.579911,0.52102,1.53695,2.97034,-2.30407e+07,1.84261,-2201.39,2.77921,4.7878,0.977368,4.83948e+06,4.13922,-3.27696,3.17737,1.83734,0.100515,-5.50606,-2.125,-7.97902,-0.904774,-7.52174,-4.25615,-4.95773,-2.16778,-7.58625,-1.28978,-7.03236,-4.00514,1.27219,-2199.59,-0.200098,4.84064,-0.189196,-3.50307,0.201179,8.22498,-0.601481,23.9129,0.445717,79.1652,3.0637,-32.8027,1.84257,-24.7743,2.88976,3147.9,-0.775436,-86.1453,4.13918,21.2951,3.09198,-30.8544,0.473929,-2.23955,24.2325,-24.7171,-24.1809,4.46267,611.633,147.378,-72.4839,27.917,678.208,206.339,-83.9775,26.3459,51.1996,278596,524.404,-187.522,97890.8,2182.26,-181.882,38.8706,0,-62.5262,-1411.04,-147.832,8.03875,-18.4814,9.63113e+06,17685.7,-3319.13,2.69176e+06,3370.22,-493.155,36.2022,63.9201,5493.69,127.142,-10.9386,-34.7062,57.1638,4003.73,-150.758,2.63939,29.9063,1.19205,-51.6355,0.988936,1.8374e-09,-1.36341,-2.09461,-22.5286,-1.6496,-112765,-109925,317.988,62.2832,-9.24659,41.4293,1.36853,-0.930043,2.96667,-6.4991,-2,-0.189196,0,4,5.55112e-17,3.81639e-16,-4.71845e-16,-1.15463e-14,4.98742e-11,-2.28039e-09,1.72332e-09,-2.79107e-10,8.21373e-10,-2.05784e-10,0,-0.601481,1.25858,0.445711,-0.00948813,3.14159,1.84257,-4.97555,2.88976,629.58,-0.392699,4.13918,4.26114,3.09192,-6.17088,0.523599,0,0,0,1.3653,0.201179,-0.601481,0.445717,3.0637,1.84257,2.88976,-0.775436,4.13918,3.09198,0.473929,4.26693e-05,-6.94387,11.435,0.00209353,599.693,5.98127,0.23841,-10.3271,159.429,0.047418,0.0118027,1.00897,-214.891,-1208.56,-57216.6,6.97376e+06,2.05795e+06,-1.98099e+06,6671.82,-2402.6,-287.583
1.6,-6.52618,-2.49457,1.36534,0.681867,0.204478,-71.6176,-0.5974,0.581215,0.528133,1.53435,2.98615,-2.52577e+07,1.83451,-848624,2.79411,-187.001,-62.5969,4.83948e+06,4.1288,-3.07407,3.0844,1.65949,0.193574,-5.50801,-2.12913,-7.98053,-0.912081,-7.5201,-4.25973,-4.95951,-2.16968,-7.59087,-1.30024,-7.02815,-4.01379,1.26479,-848559,-0.183239,4.84064,-0.189196,-3.59798,0.204435,8.6374,-0.597443,24.9757,0.449755,79.9463,3.06775,-53.4906,1.83446,-19.9678,2.88166,-92721,-0.783528,-47.5762,4.12876,0.651316,3.08156,-26.1327,0.463557,-2.23955,24.2325,-24.4576,-24.372,4.28476,608.144,142.771,-66.9106,27.6053,661.184,205.257,-78.9012,26.4426,52.9389,377001,514.373,-173.882,124889,2690.37,-300.166,45.9199,0,-53.6904,-2966.83,-118.898,5.78361,-37.7787,8.56333e+09,-529022,66338.9,1.1512e+09,-2418.33,-364.381,55.9722,27.1307,3126.67,60.5301,-22.6039,-14.9765,22.8664,-1111.9,-188.775,26.2947,26.9,-7.24105,-96.7386,0.988936,1.15154e-09,-1.4169,-1.68148,-22.6781,-1.78845,-1.10847e+08,-4.24311e+07,-9271.52,86.8048,0.376993,16.9048,1.40487,-1.89712,1.18603,-6.4991,-2,-0.189196,0,4,5.55112e-17,-3.747e-15,3.747e-15,-1.5099e-14,3.92575e-10,-8.07839e-10,4.29281e-10,-4.68609e-10,-1.00999e-09,1.07653e-09,0,-0.597443,1.29589,0.449753,-0.00948614,3.14159,1.83446,-4.22345,2.88166,-18544.2,-0.392699,4.12876,0.130502,3.08155,-5.22653,0.523599,0,0,0,1.3653,0.204435,-0.597443,0.449755,3.06775,1.83446,2.88166,-0.783528,4.12876,3.08156,0.463557,4.26693e-05,-2.99567,4.57354,0.000861018,230.89,5.38001,-1.44821,-19.3477,-51.9272,0.047418,0.0118027,1.00897,-220.023,-1244.96,-76902,5.95365e+09,1.70886e+09,-1.71109e+09,3646.57,-1988.38,696.972
1.62,-6.52717,-2.50142,1.36534,0.652215,0.207773,-71.6458,-0.594426,0.529039,0.52959,1.5502,2.53144,-2.52577e+07,1.82658,0.00842712,3.76076,-1.01844,-0.702944,4.85091e+06,4.11965,9089.66,2.97784,19.3772,-5.46812,-5.51021,-2.13245,-7.98236,-0.919364,-7.51833,-4.2637,-4.96159,-2.17137,-7.5958,-1.31061,-7.02414,-4.02229,1.66878,4.47213,9098.1,4.84064,-0.189196,-3.69324,0.20773,9.20723,-0.594469,24.2917,0.452729,367.987,3.07073,16.1042,1.82653,-39.1556,2.87373,32.7019,-0.791464,-98.1919,4.11961,29.2441,3.07241,-8821.2,0.454384,-2.23955,24.2325,-24.1627,-24.5683,4.11753,612.301,139.819,-62.3438,27.6996,590.729,188.917,-68.2996,23.6926,49.0173,2.85236e+06,2161.17,-660.672,729757,-2474.58,110.041,14.0618,0,-152.2,-1112.43,-230.377,13.8729,26.8265,-3528.63,200.141,-2.02167,-148.668,7296.25,-522.457,24.2901,94.6439,5684.22,151.961,-5.70691,-52.9982,66.1247,-3.63457e+07,-40117.5,-476.375,10986.6,-4899.06,-4.5391e+06,0.988936,7.21698e-10,-1.48264,-1.40908,-23.6586,-1.00434,-28.6563,144.11,18.1669,571279,454636,890.417,1.37141,1.34425,3.42773,-6.4991,-2,-0.189196,0,4,5.55112e-17,-2.91434e-15,5.10703e-15,-5.68434e-14,8.13828e-10,9.46138e-10,-1.06103e-09,4.23528e-11,3.49846e-10,-1.93268e-10,0,-0.594469,1.40177,0.452731,-0.00949131,3.14159,1.82653,-7.83128,2.87373,6.54039,-0.392699,4.11961,6.03078,3.07238,-1764.24,0.523599,0,0,0,1.3653,0.20773,-0.594469,0.452729,3.07073,1.82653,2.87373,-0.791464,4.11961,3.07241,0.454384,4.26693e-05,-10.8266,13.327,93.3215,1.08558e+07,2197.31,-979.812,-907820,-1.45369e+06,0.047418,0.0118027,1.00897,-215.673,-1192.97,-577317,1639.73,2414.62,307.103,5.42828e+07,-7.6236e+06,7.4096e+06
1.64,-6.52806,-2.50893,1.36534,0.622389,0.210702,-71.694,-0.594557,0.370554,0.518967,1.56037,2.13551,-2.52577e+07,1.82163,3.31619,3.46427,2.41248,-0.689419,4.88762e+06,4.11059,178737,-0.766902,136.453,-44.2237,-5.51206,-2.1353,-7.98479,-0.928096,-7.51692,-4.26816,-4.96345,-2.17429,-7.60017,-1.32125,-7.02057,-4.03124,1.8956,7.46988,178781,4.84064,-0.189196,-3.79255,0.210659,9.87403,-0.594599,20.1485,0.452598,188.345,3.07059,742.587,1.82158,-226.847,2.86878,353.034,-0.796412,-251.327,4.11054,116.835,3.06335,-67128.8,0.445326,-2.23955,24.2325,-23.8431,-24.7837,3.95587,622.157,137.935,-58.3602,28.0454,413.855,145.207,-48.6462,15.41,36.3033,194389,694.88,-112.445,94536.2,-657755,4325.6,-282.777,0,-11570.8,-559625,-1317.92,89.8329,705.377,-459680,2052.32,-139.201,-467.686,123185,-983.051,-74.8345,1706.24,4303.4,417.557,50.0178,-968.912,198.811,-2.09954e+09,-236316,-30066.5,501993,-37241.3,-8.72075e+07,0.988936,4.52309e-10,-1.49129,-2.41146,-25.516,-0.420583,-29.6434,309.251,170.553,1.83546e+06,8.93703e+06,6744.13,1.20064,35.2974,10.299,-6.4991,-2,-0.189196,0,4,0,7.96238e-16,-2.55351e-15,-4.17444e-14,-3.67988e-09,-7.64959e-09,3.24625e-09,-1.19434e-09,2.35276e-09,-2.31375e-09,0,-0.594599,1.62681,0.452596,-0.00962702,3.14159,1.82158,-45.3701,2.86878,70.6068,-0.392699,4.11054,24.6193,3.06332,-13425.8,0.523599,0,0,0,1.3653,0.210659,-0.594599,0.452598,3.07059,1.82158,2.86878,-0.796412,4.11054,3.06335,0.445326,4.26693e-05,-203.149,40.4595,1624.03,6.26679e+08,100399,-7448.26,-1.74415e+07,-8.39727e+07,0.047418,0.0118027,1.00897,-183.275,-963.192,-42036.2,213264,43525.8,86209.1,3.13339e+09,-4.22554e+08,4.20938e+08
1.66,-6.52895,-2.51687,1.36534,0.593271,0.213263,-71.8459,-0.59774,0.0993415,0.497868,1.46739,2.82676,-2.52577e+07,1.81932,-3.70467,2.88233,-1.65531,-1.69664,4.88762e+06,4.10461,-6.51583,4.85114,0.876388,0.590493,-5.51369,-2.13749,-7.98782,-0.937908,-7.51529,-4.27445,-4.9652,-2.17823,-7.6041,-1.33194,-7.01756,-4.04044,0.91204,0.874302,-2.25519,4.84064,-0.189196,-3.89115,0.21322,9.8556,-0.597783,13.592,0.449415,-22.5331,3.06741,-156.297,1.81927,3.99942,2.86647,-107.112,-0.798705,25.6112,4.10457,-40.7041,3.05737,64.2658,0.439411,-2.23955,24.2325,-23.5049,-25.0055,3.80687,616.349,132.542,-53.7323,27.6326,163.635,86.4391,-25.8691,3.63971,22.4134,-317.506,-506.267,224.837,-2231.27,-7284.25,-881.463,79.5199,0,-225.769,-23295.5,20.8485,-3.9545,-133.973,-9690.1,-610.055,48.6932,274.894,6781.85,-145.881,100.595,369.437,-1846.3,-57.195,-50.4637,-211.716,-43.2931,9984.65,47.2509,96.1556,478.668,21.9004,320.297,0.988936,2.83473e-10,-1.45589,-7.59446,-26.5437,-4.65456,-61.7294,-41.9078,-19.8462,18.86,-172.921,-25.2855,0.940909,-6.69974,-2.24161,-6.4991,-2,-0.189196,0,4,5.55112e-17,-1.04083e-17,1.16573e-15,1.68754e-14,-6.13763e-09,-1.37847e-08,9.21091e-09,-1.29947e-10,2.20609e-10,-4.64624e-11,0,-0.597783,1.77097,0.44942,-0.0118565,3.14159,1.81927,0.798831,2.86649,-21.4225,-0.392699,4.10457,-8.1382,3.0574,12.8532,0.523599,0,0,0,1.3653,0.21322,-0.597783,0.449415,3.06741,1.81927,2.86647,-0.798705,4.10457,3.05737,0.439411,4.26693e-05,-42.3259,-8.657,0.00800491,1467.4,95.7335,4.38008,64.0594,371.387,0.047418,0.0118027,1.00897,-148.24,-616.523,775.106,11883.9,-1800,3852.63,3475.02,6351.6,-2858.25
1.68,-6.53011,-2.52448,1.36534,0.564218,0.215846,-71.9956,-0.598722,-0.254814,0.486191,1.42449,2.94517,-2.52638e+07,1.8151,-2859.5,3.26101,8.6524,2.57571,4.88762e+06,4.10032,-2.92043,3.43846,3.15617,0.624617,-5.51568,-2.14052,-7.99037,-0.946687,-7.51353,-4.28114,-4.96723,-2.1818,-7.60831,-1.34233,-7.01478,-4.04931,0.427798,-2858.82,-0.106587,4.84064,-0.189196,-3.98341,0.215804,7.06535,-0.598765,10.0265,0.448433,-27.1713,3.06642,-48.3915,1.81506,-24.2584,2.86225,5095.16,-0.802927,-211.139,4.10028,95.6367,3.05308,-88.723,0.43508,-2.23955,24.2325,-23.1483,-25.2143,3.67691,539.328,111.609,-45.4232,24.6006,43.1208,54.1797,-13.7835,-3.26999,14.3319,160.532,-344.516,133.76,-868.056,2970.14,-256.112,35.771,0,-59.372,-2491.73,-141.443,6.87326,-33.0727,2.68829e+07,27691.1,-3185.14,4.08298e+06,89630.3,-840.475,-56.2603,1118.36,-462.281,343.939,39.3379,-645.088,162.643,61149.5,-312.157,-38.9185,532.215,2.4881,-154.549,0.988936,1.77656e-10,-1.45266,-7.48752,-32.7861,-5.68101,-307899,-142832,511.222,10.628,6.63472,106.836,0.685655,-1.65191,8.41811,-6.4991,-2,-0.189196,0,4,0,1.84575e-15,-1.05471e-15,-6.21725e-15,-7.45107e-10,3.72411e-09,-3.57801e-09,1.00414e-09,2.01114e-09,-1.01677e-09,0,-0.598765,1.69849,0.448428,-0.0195484,3.14159,1.81506,-4.81442,2.86226,1019.03,-0.392699,4.10028,19.1287,3.05307,-17.7446,0.523599,0,0,0,1.3653,0.215804,-0.598765,0.448433,3.06642,1.81506,2.86225,-0.802927,4.10028,3.05308,0.43508,4.26693e-05,-129.027,32.5297,0.00117007,4679.84,106.443,0.497621,-30.9098,2457.29,0.047418,0.0118027,1.00897,-43.9768,-434.063,620.997,1.81569e+07,5.58649e+06,-5.46259e+06,17662.7,5061.63,-10838.5
1.7,-6.53148,-2.53281,1.36534,0.533452,0.218832,-72.1256,-0.5979,-0.630325,0.484728,1.40865,2.96403,-2.52639e+07,1.81045,-559.087,2.30851,-3.14222,-1.37389,4.88762e+06,4.09183,-1.32156,3.31247,2.18868,0.675616,-5.51812,-2.14465,-7.99342,-0.956466,-7.5123,-4.28668,-4.96964,-2.18547,-7.61321,-1.35389,-7.0116,-4.05908,0.0319644,-555.405,1.31529,4.84064,-0.189196,-4.06999,0.218789,4.4587,-0.597943,8.80787,0.449255,-34.2657,3.06725,-16.606,1.81041,-32.8088,2.85761,-849.498,-0.807583,-116.069,4.09179,41.548,3.04459,-144.337,0.426594,-2.23955,24.2325,-22.765,-25.4079,3.56349,471.563,92.9449,-38.5927,23.0942,-2.51344,39.9407,-8.09811,-7.30247,10.2763,307.846,-378.765,137.825,-919.893,1324.46,-71.9214,22.7527,0,-90.3448,-824.879,-189.577,9.82963,-3.25766,759128,-2087.62,2359.43,1.15449e+06,17146.7,-556.295,4.16192,167.062,3975.32,184.122,4.18471,-97.6036,79.0394,35034.1,-589.011,-32.929,266.618,-54.6766,-900.81,0.988936,1.11341e-10,-1.5383,-6.49589,-41.9726,-6.17853,-4895.47,-27811.5,-78.608,130.048,86.1536,38.4981,0.522338,-0.162495,4.08771,-6.4991,-2,-0.189196,0,4,8.32667e-17,4.44089e-16,1.11022e-16,-1.11022e-15,-1.53474e-10,-8.56252e-10,5.12202e-10,9.75975e-10,1.99559e-09,-1.77483e-09,0,-0.597943,1.6852,0.449261,-0.0225969,3.14159,1.81041,-6.56116,2.85761,-169.9,-0.392699,4.09179,8.30974,3.04459,-28.8674,0.523599,0,0,0,1.3653,0.218789,-0.597943,0.449255,3.06725,1.81041,2.85761,-0.807583,4.09179,3.04459,0.426594,4.26693e-05,-19.521,15.808,0.000681679,4945.57,53.3236,-10.9353,-180.162,1411.49,0.047418,0.0118027,1.00897,66.3557,-369.345,722.487,461042,115709,-134471,27609.6,-1166.55,-4717.04
1.72,-6.53312,-2.54151,1.36534,0.501891,0.221596,-72.4053,-0.598552,-1.39995,0.48833,1.31454,3.00518,-2.52639e+07,1.80445,-0.0505551,4.30054,-0.742007,-0.571834,4.90652e+06,4.08353,-112193,2.59005,-50.9512,17.9181,-5.52069,-2.14866,-7.9959,-0.965874,-7.5116,-4.29249,-4.97224,-2.18985,-7.6181,-1.36558,-7.00901,-4.0691,-0.775204,4.82182,-112209,4.84064,-0.189196,-4.16133,0.221553,2.31703,-0.598595,7.59764,0.448603,-32.6143,3.06659,75.1813,1.80441,-55.5959,2.85161,108.201,-0.813597,30.9055,4.08348,-44.669,3.03629,26146.9,0.418252,-2.23955,24.2325,-22.3487,-25.6193,3.45287,417.968,77.6941,-33.1089,22.8624,-50.8075,23.9658,-1.89188,-13.3145,7.99629,205.359,-266.838,84.2977,-462.145,-15327.5,450.379,-10.5535,0,-369.531,-7597.43,-317.803,17.5976,83.2824,-15463.7,628.329,-28.2996,-544.94,10833.8,-154.412,110.334,503.694,-3727.55,-49.6435,-58.9027,-297.935,-50.3041,-2.97845e+08,16192.7,39259.8,229264,14369.8,5.17847e+07,0.988936,6.97825e-11,-1.57801,-13.9858,-65.2556,-9.1543,-57.8087,140.055,32.877,945011,-5.60952e+06,-2626.07,0.413633,4.14685,-2.59941,-6.4991,-2,-0.189196,0,4,-1.11022e-16,-3.85803e-15,3.55271e-15,3.55271e-15,1.19563e-09,1.80287e-09,-1.71576e-09,2.34393e-10,2.17826e-11,1.01409e-10,0,-0.598595,1.50586,0.448595,-0.0416175,3.14159,1.80441,-11.1203,2.85159,21.6403,-0.392699,4.08348,-9.66525,3.03625,5229.38,0.523599,0,0,0,1.3653,0.221553,-0.598595,0.448603,3.06659,1.80441,2.85161,-0.813597,4.08348,3.03629,0.418252,4.26693e-05,-65.9979,-10.4635,-1446.19,9.5076e+07,45852.8,2873.96,1.03569e+07,-1.19262e+07,0.047418,0.0118027,1.00897,106.897,-306.209,637.781,14859.4,5051.04,1451.55,4.75375e+08,-5.85827e+07,5.92127e+07
1.74,-6.53476,-2.54962,1.36534,0.470308,0.224116,-71.8408,-0.597795,0.855945,0.487331,1.61763,2.94797,-2.52639e+07,1.7981,-3.51242,2.81402,-1.24345,-1.04233,4.90799e+06,4.07738,3454.3,3.40798,15.2533,-3.79029,-5.52327,-2.15325,-7.99798,-0.974342,-7.51072,-4.29878,-4.97478,-2.19403,-7.62271,-1.37643,-7.00681,-4.0784,1.5369,0.343938,3461.5,4.84064,-0.189196,-4.25409,0.224073,-3.44742,-0.597838,10.2995,0.44936,-36.7197,3.06735,-126.473,1.79806,-8.15753,2.84526,-51.2657,-0.819926,-149.611,4.07734,62.7857,3.03014,-6678.5,0.41219,-2.23955,24.2325,-21.9078,-25.8398,3.34938,271.223,43.3099,-23.5617,23.9208,16.4399,27.02,0.0152811,-22.8972,3.65684,309.832,-208.345,50.7615,-368.038,-996.84,-687.416,58.0703,0,-131.464,-15200,-48.6844,0.981933,-107.34,-3948.32,-283.008,20.8233,63.4102,43382.7,-630.474,-26.685,427.265,-1616.16,235.225,22.0512,-255.027,107.189,-1.6176e+07,-23928.7,-2736.2,23343,-3633.96,-1.57723e+06,0.988936,4.37324e-11,-1.57918,28.2245,67.0847,7.37693,-42.1694,-33.3558,-13.6365,73293.3,172867,684.338,0.168035,-5.33453,5.53516,-6.4991,-2,-0.189196,0,4,0,1.22125e-15,-5.9848e-16,-1.55431e-15,2.65612e-09,7.24544e-09,-3.57515e-09,-1.15066e-09,2.22965e-09,-2.27362e-09,0,-0.597838,1.60885,0.449358,-0.0558446,3.14159,1.79806,-1.63175,2.84527,-10.2531,-0.392699,4.07734,12.3709,3.03018,-1335.7,0.523599,0,0,0,1.3653,0.224073,-0.597838,0.44936,3.06735,1.79806,2.84526,-0.819926,4.07734,3.03014,0.41219,4.26693e-05,-50.3533,21.3343,-43.5834,6.29557e+06,4668.6,-726.792,-315445,-646178,0.047418,0.0118027,1.00897,415.549,-427.11,629.468,3269.59,494.687,1779.51,3.14776e+07,-3.50018e+06,3.33778e+06
1.76,-6.53712,-2.55713,1.36534,0.436109,0.227252,-72.2679,-0.59413,-0.972978,0.377268,1.95983,3.21321,-2.52639e+07,1.79326,-3.40958,2.74636,-1.27865,-0.959555,5.17954e+06,4.0732,145589,3.06535,43.3333,-13.4948,-5.52689,-2.15789,-8.00205,-0.983456,-7.50923,-4.30558,-4.97825,-2.19665,-7.62873,-1.38736,-7.00436,-4.08739,-0.667323,0.29634,145606,4.84064,-0.189196,-4.34106,0.227209,11.4796,-0.594173,-19.2546,0.453024,6.91387,3.07102,-60.4872,1.79321,-24.4844,2.84041,-34.9592,-0.824778,-56.3281,4.07316,7.22148,3.02596,-20853.2,0.407929,-2.23955,24.2325,-21.4435,-26.0435,3.26158,657.831,121.529,-40.3531,29.0278,-1332.4,-157.751,47.435,-53.18,52.8725,2820.19,128.292,-48.6655,49.6303,3430.2,-312.414,34.3541,0,-61.3104,-3607.44,-140.071,6.41302,-45.0093,1074.55,-186,16.8326,87.453,-3302.89,-389.6,45.5066,22.1717,4577.07,92.9265,-21.424,-13.3153,24.7667,-1.88826e+08,-144102,16768.9,16385.1,-11426.7,-6.66885e+07,0.988936,2.74044e-11,-1.70992,-21.3563,1.06688,26.096,-19.0417,-28.4561,-1.16969,1.35779e+07,7.27961e+06,2088.14,1.49751,-2.23351,1.27833,-6.4991,-2,-0.189196,0,4,-2.77556e-17,-2.91434e-15,5.88418e-15,-8.88178e-16,-3.53173e-10,-1.64014e-09,7.97995e-10,-2.48016e-10,-1.5244e-10,2.77623e-10,0,-0.594173,-1.15082,0.453022,-0.101263,3.14159,1.79321,-4.89689,2.84041,-6.99185,-0.392699,4.07316,1.94611,3.02592,-4170.65,0.523599,0,0,0,1.3653,0.227209,-0.594173,0.453024,3.07102,1.79321,2.84041,-0.824778,4.07316,3.02596,0.407929,4.26693e-05,-3.05753,5.22881,1604.24,6.03094e+07,3277.03,-2285.35,-1.33377e+07,-7.55879e+06,0.047418,0.0118027,1.00897,-955.394,1097.74,-735.29,156.382,499.592,511.486,3.0155e+08,-3.86293e+07,3.81276e+07
1.78,-6.5397,-2.56557,1.36534,0.397088,0.231072,-72.4093,-0.588963,-1.21489,0.443281,1.12741,3.02407,-2.53067e+07,1.78818,-32982.9,2.92698,28.5073,9.19954,5.4961e+06,4.06758,673494,4.63004,177.565,-55.4675,-5.53105,-2.16321,-8.00704,-0.994182,-7.50718,-4.31297,-4.98223,-2.19913,-7.63578,-1.39997,-7.0011,-4.0976,-0.654085,-32989.1,673554,4.84064,-0.189196,-4.43081,0.23103,1.20032,-0.589006,-3.48884,0.458191,-9.48687,3.07619,-35.8676,1.78814,-30.8805,2.83534,14998,-0.829848,-138.313,4.06754,57.0596,3.02034,-87839.1,0.402327,-2.23955,24.2325,-20.9242,-26.2534,3.18078,395.853,63.9877,-26.4034,25.2359,-598.308,-84.6953,32.8807,-58.5251,36.399,528.454,12.7661,-16.4576,-30.0416,2793.91,-172.024,25.2365,0,-73.3391,-1569.71,-175.07,8.36522,-21.7344,2.456e+08,74522.9,-9331.73,5.57364e+07,38690.9,-584.915,-24.238,338.071,-3084.68,213.232,20.3664,-204.699,96.1493,-3.24078e+09,-311474,-37356.2,271442,-48053,-3.0427e+08,0.988936,1.71762e-11,-1.95105,-7.06885,-4.42062,-8.33206,-2.13861e+06,-1.649e+06,1503.92,1.58278e+07,3.36749e+07,8799.71,0.812981,-1.07682,4.95941,-6.4991,-2,-0.189196,0,4,1.66533e-16,-1.77636e-15,3.88578e-15,9.99201e-16,-4.54828e-10,1.4063e-10,-3.79487e-10,-5.76947e-10,1.28391e-09,-1.28512e-09,0,-0.589006,-0.136654,0.458191,-0.196846,3.14159,1.78814,-6.13752,2.83534,2999.6,-0.392699,4.06754,12.4486,3.02032,-17567.8,0.523599,0,0,0,1.3653,0.23103,-0.589006,0.458191,3.07619,1.78814,2.83534,-0.829848,4.06754,3.02034,0.402327,4.26693e-05,-44.1436,19.7977,3588.62,1.07061e+09,54288.4,-9610.6,-6.08541e+07,-1.29617e+08,0.047418,0.0118027,1.00897,-236.906,282.087,34.92,1.56482e+08,4.97397e+07,-4.9378e+07,5.35306e+09,-6.51598e+08,6.49489e+08
1.8,-6.54244,-2.57332,1.36534,0.353821,0.234974,-71.9565,-0.585018,0.611431,0.487097,1.56255,3.06375,-2.53068e+07,1.78351,-12.7704,4.11573,-2.69862,-1.14255,6.05292e+06,4.06338,349746,3.09911,63.9388,-20.4612,-5.53537,-2.16706,-8.01242,-1.00449,-7.50481,-4.32043,-4.98641,-2.20082,-7.64306,-1.41201,-6.99785,-4.10714,1.17638,-7.51213,349770,4.84064,-0.189196,-4.53338,0.234931,-1.75279,-0.58506,8.39429,0.462137,-8.71162,3.08013,-79.7008,1.78347,-21.9156,2.83066,-565.425,-0.834527,-56.3435,4.06334,7.54202,3.01614,-31166.4,0.398175,-2.23955,24.2325,-20.3196,-26.5016,3.09847,319.303,46.3058,-21.7432,26.9164,-40.5135,4.16773,7.87367,-38.4711,8.78504,68.6191,-34.009,4.62705,-15.061,3411.05,-412.431,37.9156,0,-68.0079,-6018.75,-124.435,5.37944,-63.6652,323689,-3010.45,231.856,25981.4,-4070.96,-391.787,46.3197,24.1532,5047.88,97.8369,-22.7427,-14.7136,23.3823,-4.10948e+08,-225576,28823.2,28323.9,-17033.3,-1.5733e+08,0.988936,1.07618e-11,-2.16338,22.6385,71.6023,30.5106,-2849.94,-496.985,-57.4546,2.78413e+07,1.74875e+07,3118.41,0.311218,-3.14956,1.20544,-6.4991,-2,-0.189196,0,4,-5.55112e-17,5.55112e-17,1.05471e-15,8.88178e-16,-3.40445e-11,2.55791e-09,-2.50161e-09,-4.35645e-10,-5.69903e-10,7.21229e-10,0,-0.58506,0.775265,0.46214,-0.395836,3.14159,1.78347,-4.38378,2.83066,-113.085,-0.392699,4.06334,0.948373,3.01617,-6233.27,0.523599,0,0,0,1.3653,0.234931,-0.58506,0.462137,3.08013,1.78347,2.83066,-0.834527,4.06334,3.01614,0.398175,4.26693e-05,-2.43363,4.37003,-2826.4,1.34639e+08,5664.77,-3406.66,-3.1466e+07,-1.64504e+07,0.047418,0.0118027,1.00897,118.841,-394.86,155.339,205155,43711.3,-55048.1,6.73198e+08,-8.35001e+07,8.27507e+07
1.82,-6.54515,-2.58025,1.36534,0.307407,0.238769,-72.4758,-0.580169,-1.15095,0.465542,0.427202,3.0666,-2.53068e+07,1.77789,-3.51137,2.71328,-1.28556,-0.956717,6.10198e+06,4.06126,36008.7,2.40962,21.152,-6.08444,-5.53966,-2.17074,-8.01722,-1.01353,-7.50217,-4.32795,-4.99054,-2.20184,-7.65016,-1.42313,-6.99474,-4.11579,-0.610418,0.158619,36017.2,4.84064,-0.189196,-4.64726,0.238726,11.7201,-0.580211,-0.346441,0.466986,-4.35149,3.08497,-51.0849,1.77784,-29.1974,2.82504,-32.2426,-0.840162,-55.9213,4.06122,7.28446,3.01402,-9765.99,0.395998,-2.23955,24.2325,-19.6296,-26.7859,3.01864,684.005,112.247,-33.798,30.0794,-538.127,-25.1131,10.2033,-26.9008,18.8784,32.5895,-23.1609,4.85041,-9.55014,3565.46,-250.596,27.8496,0,-67.1009,-2649.05,-163.808,7.48451,-36.4617,1454.93,-164.395,14.996,98.4067,-4662.44,-392.227,47.4393,26.89,5356.87,98.9014,-23.721,-16.431,22.2517,-4.08871e+07,-73557.8,10136.8,10388.5,-5328.77,-1.62168e+07,0.988936,6.74157e-12,-2.32071,-25.9623,-36.1837,-17.436,-11.4858,-34.3145,1.08708,2.45281e+06,1.80059e+06,979.092,0.89276,-1.8005,1.14685,-6.4991,-2,-0.189196,0,4,-1.11022e-16,-1.9984e-15,2.29677e-15,-2.66454e-15,7.12473e-11,-3.61706e-09,2.28174e-09,7.24724e-10,-1.15491e-09,1.3531e-09,0,-0.580211,-0.0590075,0.466978,-0.451257,3.14159,1.77784,-5.83946,2.82503,-6.44852,-0.392699,4.06122,1.67482,3.01399,-1953.2,0.523599,0,0,0,1.3653,0.238726,-0.580211,0.466986,3.08497,1.77784,2.82504,-0.840162,4.06122,3.01402,0.395998,4.26693e-05,-3.51821,4.56967,361.617,1.32378e+07,2077.71,-1065.75,-3.24337e+06,-1.64019e+06,0.047418,0.0118027,1.00897,-801.777,44.3315,92.4808,-313.741,681.535,402.884,6.61928e+07,-8.59301e+06,8.35725e+06
1.84,-6.5475,-2.58649,1.36534,0.259112,0.242347,-71.9886,-0.576371,-1.37206,0.540584,-5.56564,3.08704,-2.53068e+07,1.77306,-4.59746,2.67232,-1.91021,-0.913125,6.11343e+06,4.05979,12973.7,2.97547,12.5257,-3.24581,-5.54349,-2.17351,-8.02174,-1.02198,-7.49932,-4.3351,-4.99426,-2.20252,-7.65665,-1.43333,-6.9916,-4.12363,-0.776921,-1.01201,12979.9,4.84064,-0.189196,-4.76924,0.242304,-2.17783,-0.576414,15.2523,0.470784,-0.237824,3.08878,-34.9398,1.77302,-33.5423,2.82021,-8.61142,-0.844965,-53.3703,4.05975,5.67762,3.01255,-5460.45,0.394593,-2.23955,24.2325,-18.8622,-27.0984,2.94593,314.727,39.9744,-18.8869,30.0958,-44.8696,67.9164,-10.8823,-9.39769,3.6444,-21.5843,0.733764,-0.516277,0.851282,2909.35,-159.012,22.0488,0,-79.0758,-1514.89,-186.563,8.58672,-20.9939,508.352,-40.5947,4.83065,8.57882,-5747.84,-388.783,51.0727,35.9375,5746.3,97.3065,-26.196,-22.0059,19.2081,-1.33935e+07,-46174.8,7601.67,8996.34,-2976.53,-5.86919e+06,0.988936,4.22201e-12,-2.41476,24.3558,-79.277,-305.406,-15.6513,-88.86,-53.4813,572361,648835,547.793,0.18507,-1.03504,0.989788,-6.4991,-2,-0.189196,0,4,-1.66533e-16,-1.16573e-15,-4.71845e-16,1.09635e-15,5.19678e-10,3.40259e-10,-5.03222e-10,-2.88265e-10,-1.03074e-10,2.03045e-10,0,-0.576414,2.91308,0.470786,-0.00642169,3.14159,1.77302,-6.70824,2.82023,-1.72228,-0.392699,4.05975,1.00585,3.01259,-1092.09,0.523599,0,0,0,1.3653,0.242304,-0.576414,0.470784,3.08878,1.77302,2.82021,-0.844965,4.05975,3.01255,0.394593,4.26693e-05,-4.18723,3.77055,-139.239,4.13954e+06,1799.27,-595.306,-1.17384e+06,-539413,0.047418,0.0118027,1.00897,725.293,-628.231,23.7753,-365.782,1410.98,192.502,2.07013e+07,-2.91692e+06,2.78447e+06
1.86,-6.55011,-2.59292,1.36534,0.207575,0.246314,-71.9622,-0.577407,0.478446,0.567178,-9.09326,3.13523,-2.53068e+07,1.76814,3.10505,2.91792,3.51778,-0.873851,6.24897e+06,4.05966,32296.8,2.94242,24.0848,-7.11347,-5.5476,-2.17321,-8.02687,-1.03102,-7.49586,-4.34316,-4.9984,-2.20279,-7.66382,-1.44417,-6.9881,-4.13181,1.05199,6.89682,32306.9,4.84064,-0.189196,-4.89295,0.246272,13.2695,-0.577449,29.2454,0.469748,-5.38151,3.08774,-4.67421,1.7681,-40.6872,2.8153,3.19778,-0.849898,-69.7647,4.05962,15.6256,3.01242,-11212.6,0.394409,-2.23955,24.2325,-18.0348,-27.4192,2.88787,751.803,113.258,-31.3352,32.2117,264.507,157.673,-31.6182,19.9055,44.8394,-80.5925,-22.9994,3.42727,0.739981,120.953,8.01205,12.5983,0,-121.62,-901.387,-224.207,10.4612,8.17692,-640.345,23.978,1.2308,-3.13659,-2056.91,-423.051,35.4729,12.85,5474.22,118.433,-16.8162,-7.87002,32.8591,-5.19744e+07,-65007.6,4556.13,3861.39,-6113.22,-1.44676e+07,0.988936,2.64702e-12,-2.57685,1.32334,-21.663,-458.669,-14.4104,296.019,216.632,6.77738e+06,1.61499e+06,1125.74,1.42684,0.402472,1.6932,-6.4991,-2,-0.189196,0,4,8.32667e-17,1.91513e-15,3.55271e-15,3.44516e-15,6.87929e-10,6.97677e-10,-6.07585e-10,-2.76047e-10,-1.42213e-09,1.63482e-09,0,-0.577449,2.18765,0.469749,0.232374,3.14159,1.7681,-8.1375,2.81529,0.639555,-0.392699,4.05962,3.27159,3.0124,-2242.53,0.523599,0,0,0,1.3653,0.246272,-0.577449,0.469748,3.08774,1.7681,2.8153,-0.849898,4.05962,3.01242,0.394409,4.26693e-05,-1.62448,6.652,188.721,1.74714e+07,772.279,-1222.64,-2.89353e+06,-2.08132e+06,0.047418,0.0118027,1.00897,-217.392,-1225.62,128.286,-305.183,1831.39,226.38,8.73607e+07,-1.08569e+07,1.05861e+07
1.88,-6.55306,-2.60019,1.36534,0.151345,0.250798,-71.8423,-0.57628,0.0189294,0.560016,-17.7614,3.11606,-2.53068e+07,1.76307,-1.29974,2.42607,1.03761,-0.799312,6.61023e+06,4.05782,142816,3.17928,-41.4464,14.8259,-5.55235,-2.17414,-8.03287,-1.04145,-7.49231,-4.35144,-5.00312,-2.2031,-7.67192,-1.45644,-6.98415,-4.14102,0.604474,1.92564,142804,4.84064,-0.189196,-5.02251,0.250755,15.4556,-0.576322,29.0282,0.470875,-4.75383,3.08886,45.9395,1.76302,-51.7013,2.81022,18.1572,-0.854971,-64.9108,4.05778,12.6647,3.01058,21540.7,0.392565,-2.23955,24.2325,-17.1211,-27.7603,2.84398,826.462,120.564,-31.5337,34.1825,237.592,151.132,-28.739,17.4646,44.062,14.6857,-18.6476,2.29391,0.938087,-8684.68,282.548,-2.0759,0,-250.874,-4268.23,-282.158,13.3715,57.2339,-4459.38,103.521,-3.43362,-14.2685,-4447.3,-415.552,42.2195,17.8071,6260.51,114.645,-21.1664,-10.9349,27.7315,-1.90994e+08,141018,-15192,-12186.5,11766.2,-6.32941e+07,0.988936,1.66085e-12,-2.81146,5.99246,-42.1757,-870.076,-15.3795,75.5264,79.8388,1.80627e+07,7.14096e+06,-2150.88,1.48953,2.81221,1.42863,-6.4991,-2,-0.189196,0,4,-2.77556e-17,4.69069e-15,2.498e-15,1.80411e-15,7.65884e-10,8.16479e-10,-4.37669e-10,-3.70852e-10,-4.57093e-10,5.77529e-10,0,-0.576322,2.45186,0.470869,0.3409,3.14159,1.76302,-10.3403,2.81022,3.63143,-0.392699,4.05778,2.24128,3.01056,4308.13,0.523599,0,0,0,1.3653,0.250755,-0.576322,0.470875,3.08886,1.76302,2.81022,-0.854971,4.05778,3.01058,0.392565,4.26693e-05,-2.02203,5.38728,857.49,6.42255e+07,-2437.31,2353.24,-1.26588e+07,-7.63122e+06,0.047418,0.0118027,1.00897,-264.676,-1187.13,96.4468,315.34,2803.35,739.634,3.21131e+08,-3.72963e+07,3.78115e+07
1.9,-6.55608,-2.60624,1.36534,0.0901076,0.255622,-72.1248,-0.576693,0.295141,0.547979,0.0286925,3.12885,-2.53068e+07,1.75974,-0.716745,1.32279,0.496031,-0.566111,6.86601e+06,4.05789,63191.1,3.11283,32.2864,-9.91733,-5.5573,-2.17249,-8.04002,-1.05173,-7.48786,-4.35962,-5.00807,-2.20169,-7.68044,-1.4679,-6.97973,-4.14914,0.855868,1.17216,63204.1,4.84064,-0.189196,-5.16344,0.255579,21.3188,-0.576735,20.6174,0.470462,3.06618,3.08845,215.609,1.7597,-86.0984,2.80689,95.2717,-0.858284,-70.1558,4.05785,15.7933,3.01065,-15316,0.392665,-2.23955,24.2325,-16.0831,-28.1388,2.81389,994.686,144.913,-34.6014,39.13,-112.436,98.8185,-16.7199,2.48029,33.7197,244.129,26.2564,-7.1241,-4.33717,-74319.2,1191.06,-48.856,0,-1207.89,-55221.6,-464.521,22.608,222.18,-45252.6,518.067,-24.0235,-101.419,-3323.25,-426.711,38.028,12.7049,6264.22,121.651,-18.7217,-7.80096,31.4582,-9.71966e+07,-91978.1,7809.31,5449.69,-8350.86,-2.81881e+07,0.988936,1.03855e-12,-3.06189,-14.1214,-14.0807,58.5393,-25.9247,104.51,69.5907,1.27892e+07,3.1597e+06,1535.81,1.4687,10.9044,1.62063,-6.4991,-2,-0.189196,0,4,-2.77556e-17,-1.69309e-15,-1.11022e-16,-5.55112e-16,-6.3096e-09,-1.34389e-08,4.5611e-09,5.8797e-10,-1.65299e-09,1.8764e-09,0,-0.576735,2.89457,0.470455,0.309826,3.14159,1.7597,-17.2181,2.80691,19.0543,-0.392699,4.05785,3.06639,3.01066,-3063.19,0.523599,0,0,0,1.3653,0.255579,-0.576735,0.470462,3.08845,1.7597,2.80689,-0.858284,4.05785,3.01065,0.392665,4.26693e-05,-1.52735,6.24121,-169.623,3.257e+07,1089.94,-1670.17,-5.63761e+06,-3.89265e+06,0.047418,0.0118027,1.00897,-460.347,-777.558,-102.692,14321.7,9391.42,7601.59,1.62854e+08,-2.00778e+07,1.97083e+07
1.92,-6.55944,-2.61236,1.36534,0.0249516,0.260478,-72.1128,-0.579297,-0.877265,0.538131,-10.5901,2.98155,-2.53068e+07,1.75737,-4.60168,2.88928,-2.19783,-0.0870391,6.86603e+06,4.05861,-1.92431,3.12256,1.95728,0.608463,-5.56256,-2.16969,-8.0479,-1.06246,-7.48357,-4.36815,-5.01342,-2.2003,-7.68932,-1.4795,-6.9756,-4.1573,-0.179094,-1.62536,0.589791,4.84064,-0.189196,-5.31853,0.260435,12.4297,-0.57934,19.1134,0.467858,-1.04512,3.08586,-322.396,1.75733,19.2791,2.80453,-238.397,-0.860662,-81.5768,4.05856,22.6553,3.01137,-95.3466,0.393388,-2.23955,24.2325,-14.8917,-28.5644,2.79944,798.344,99.9817,-26.4251,35.0398,-50.5203,88.1026,-13.9506,-1.36571,20.5202,-2741.45,-206.554,82.9174,-64.8093,-54470.4,-1676.67,97.258,0,-972.419,-103353,99.0977,-6.2163,-300.395,-50998.2,-1252.93,68.3595,635.861,2061.61,-446.129,25.0316,12.1875,4727.66,133.437,-10.8316,-7.47563,40.5458,10142.4,-477.873,10.9734,25.2331,-39.4672,-780.74,0.988936,6.48913e-13,-3.2578,0.596781,-68.3226,-450.175,-66.3661,-89.8554,-46.046,847.758,54.3552,25.1964,0.941205,-14.7309,2.08899,-6.4991,-2,-0.189196,0,4,8.32667e-17,2.27596e-15,5.55112e-15,3.10862e-15,6.30194e-09,1.26295e-08,-9.15472e-09,5.33479e-10,-1.61028e-09,1.69433e-09,0,-0.57934,2.97642,0.467864,-0.0137708,3.14159,1.75733,3.85558,2.80453,-47.6793,-0.392699,4.05856,4.52987,3.01138,-19.0693,0.523599,0,0,0,1.3653,0.260435,-0.57934,0.467858,3.08586,1.75733,2.80453,-0.860662,4.05856,3.01137,0.393388,4.26693e-05,-1.49479,8.10834,-0.00793278,2125.45,5.04663,-7.89345,-156.148,398.547,0.047418,0.0118027,1.00897,27.9403,-802.797,852.975,50228.3,-79.0529,14386.4,14465.5,-3708.13,-425.521
1.94,-6.56375,-2.61995,1.36534,-0.0427658,0.265266,-72.1393,-0.586187,-0.0386938,0.534426,0.722914,3.1173,-2.53069e+07,1.75441,-26.3303,2.5388,-3.14826,-1.37123,6.86604e+06,4.05671,-2.92304,3.0731,2.07092,2.42853,-5.56863,-2.16608,-8.05638,-1.07441,-7.48089,-4.37671,-5.01971,-2.20048,-7.69903,-1.49251,-6.9725,-4.16685,0.52003,-22.4203,-2.27846,4.84064,-0.189196,-5.4861,0.265224,14.0001,-0.586229,19.7783,0.460968,2.39867,3.07896,-67.2617,1.75437,-32.0012,2.80157,-814.217,-0.863626,-70.3447,4.05666,15.7622,3.00947,-18.4869,0.391453,-2.23955,24.2325,-13.5426,-29.0333,2.80493,875.435,104.232,-26.5266,37.0057,-84.9181,89.5955,-13.7648,-2.02528,22.0212,539.451,45.6303,-15.9308,-19.5144,4731.58,-315.929,27.791,0,-73.4056,-4237.19,-172.317,7.61854,-52.2465,755080,-4001.65,292.442,69869.1,-5927.72,-434.361,44.7238,16.0824,7840.75,126.988,-23.056,-9.89162,29.5601,-1479.33,-118.394,13.709,8.84146,-0.9104,-37.4136,0.988936,4.08693e-13,-3.38587,-1.32614,-25.68,109.28,-5535.88,-1176.44,-79.4479,283.669,4.32363,48.7457,1.01763,-2.55942,1.52261,-6.4991,-2,-0.189196,0,4,1.38778e-16,4.44089e-15,7.04992e-15,5.4956e-15,-5.0688e-10,4.1894e-09,-3.95492e-09,7.0997e-10,-1.14599e-09,8.44976e-10,0,-0.586229,3.12664,0.460966,0.0317418,3.14159,1.75437,-6.39851,2.80157,-162.843,-0.392699,4.05666,3.1529,3.00945,-3.69738,0.523599,0,0,0,1.3653,0.265224,-0.586229,0.460968,3.07896,1.75437,2.80157,-0.863626,4.05666,3.00947,0.391453,4.26693e-05,-1.97857,5.91242,0.000493348,491.821,1.76829,-0.18208,-7.48273,-68.4567,0.047418,0.0118027,1.00897,-18.0049,-812.642,-180.166,423601,119610,-136848,7240.45,-3358.5,680.36
1.96,-6.56815,-2.62773,1.36534,-0.110213,0.269529,-72.3843,-0.593097,-0.43387,0.508244,-0.483132,3.0978,-2.53176e+07,1.75051,16900,2.54261,20.295,6.33056,6.86605e+06,4.05239,-2.85961,3.09182,1.9531,0.743735,-5.57459,-2.1635,-8.06394,-1.08565,-7.47959,-4.38405,-5.02592,-2.20169,-7.70823,-1.50514,-6.9703,-4.17637,0.118166,16896.2,-0.511531,4.84064,-0.189196,-5.66501,0.269486,14.2146,-0.593139,13.3651,0.454058,8.4957,3.07206,5.38808,1.75046,-47.054,2.79766,10821.4,-0.867527,-79.2427,4.05235,21.3802,3.00515,-46.7783,0.387158,-2.23955,24.2325,-12.0259,-29.5424,2.83181,919.55,102.277,-25.8084,38.6954,-326.062,52.4595,-5.94775,-16.3576,17.8049,211.536,48.5038,-10.1118,-13.5392,-1390.58,68.4541,8.11881,0,-152.645,-1341.91,-249.768,11.6579,18.7532,1.36336e+08,67905,-194.514,-3.55012e+07,-1784.96,-448.096,34.2174,7.04886,6618.62,137.008,-16.7515,-4.36228,36.2116,2087.8,-255.992,16.1909,8.02621,-14.2858,-200.794,0.988936,2.59847e-13,-3.37238,-12.2461,-26.1431,27.1884,-537830,845139,1093.27,820.219,7.27903,30.1308,0.92151,0.917394,1.86414,-6.4991,-2,-0.189196,0,4,-1.38778e-17,3.10862e-15,5.05151e-15,2.44249e-15,5.94566e-10,2.94128e-10,-5.50699e-10,-2.57788e-11,1.06595e-09,-9.42258e-10,0,-0.593139,2.6518,0.454062,0.483578,3.14159,1.75046,-9.3881,2.79766,2164.28,-0.392699,4.05235,4.27598,3.00515,-9.35566,0.523599,0,0,0,1.3653,0.269486,-0.593139,0.454058,3.07206,1.75046,2.79766,-0.867527,4.05235,3.00515,0.387158,4.26693e-05,-0.872444,7.24228,-0.000196296,919.748,1.60524,-2.85716,-40.1589,72.5916,0.047418,0.0118027,1.00897,-272.888,-373.037,-190.087,8.18355e+07,2.77029e+07,-2.74408e+07,9096.03,-3743.6,429.156
1.98,-6.57256,-2.63487,1.36534,-0.177465,0.2739,-73.2614,-0.59728,-3.56072,0.369317,-0.619028,3.07391,-2.53176e+07,1.74596,-8.78732,2.91796,-1.28996,-0.896077,8.65059e+06,4.04651,415467,3.08845,-77.1821,26.6761,-5.58071,-2.1616,-8.07134,-1.09618,-7.47844,-4.38993,-5.0322,-2.20209,-7.71754,-1.51728,-6.96794,-4.18525,-3.12372,-4.97328,415444,4.84064,-0.189196,-5.8471,0.273858,5.62274,-0.597323,12.3082,0.449875,12.5903,3.06787,-20.704,1.74592,-43.2338,2.79312,-13.223,-0.872069,-76.3173,4.04647,19.811,2.99927,39425.4,0.38127,-2.23955,24.2325,-10.3989,-30.0683,2.88555,671.44,61.3356,-19.396,40.7779,-266.211,38.476,-1.27857,-37.2113,12.5824,-49.0891,58.0192,-9.3454,-29.6069,2062.99,-65.9691,15.0106,0,-111.468,-1105.45,-227.986,10.7465,-6.65426,-348.869,-28.3553,12.7185,120.911,-7500.92,-457.447,48.9584,12.0682,9678.65,145.024,-26.1166,-7.53121,32.3936,-6.19253e+08,246951,-30717.5,-12981.1,21464.6,-1.80942e+08,0.988936,1.60244e-13,-3.36259,-43.8553,-155.808,23.56,-8.30786,-299.708,9.13342,8.92267e+07,2.07735e+07,-3937.66,0.590252,-0.324988,1.66621,-6.4991,-2,-0.189196,0,4,-1.38778e-16,-7.43849e-15,9.44861e-15,-1.39333e-14,9.85926e-10,1.65783e-09,-1.69805e-09,2.17429e-10,8.96506e-10,-9.51331e-10,0,-0.597323,2.00463,0.449871,0.400126,3.14159,1.74592,-8.6467,2.79312,-2.6446,-0.392699,4.04647,3.753,2.99926,7885.07,0.523599,0,0,0,1.3653,0.273858,-0.597323,0.449875,3.06787,1.74592,2.79312,-0.872069,4.04647,2.99927,0.38127,4.26693e-05,-1.43737,6.36493,960.627,2.15172e+08,-2596.22,4292.92,-3.61885e+07,-2.47495e+07,0.047418,0.0118027,1.00897,-25.6726,-354.08,-199.458,-896.551,1345.12,477.508,1.07586e+09,-1.22173e+08,1.23117e+08
2,-6.57679,-2.64146,1.36534,-0.24324,0.278021,-72.7751,-0.599327,-0.908279,0.833275,-1.08972,2.96677,-2.53176e+07,1.74254,1.40986,2.95316,0.699112,-0.865191,1.03786e+07,4.03864,105963,2.92278,45.3989,-14.6113,-5.58665,-2.16072,-8.07872,-1.10628,-7.47787,-4.39408,-5.03823,-2.20233,-7.72636,-1.52859,-6.96577,-4.19345,0.0998236,5.22821,105980,4.84064,-0.189196,-6.03517,0.277978,-54.3263,-0.599369,91.975,0.447828,23.3791,3.06582,0.66135,1.7425,-48.2473,2.7897,7.58303,-0.875496,-85.5942,4.0386,26.0234,2.9914,-21844.1,0.373383,-2.23955,24.2325,-8.62786,-30.6186,2.96563,-2581.22,-203.791,20.8606,146.402,3716.35,379.623,-50.5889,-206.012,-87.3967,-208.963,98.4774,-13.6972,-62.8388,-737.245,46.1191,9.23102,0,-148.91,-1286.48,-252.074,12.2978,14.5066,-1600.93,50.2701,0.353205,-10.9642,2056.53,-455.357,27.4548,3.82969,5187.39,146.642,-12.8338,-2.41661,39.3101,-1.83505e+08,-109526,3180.83,1885.17,-11851.4,-4.56577e+07,0.988936,1.02205e-13,-3.28872,24.315,-4.98423,-6.05399,-17.7787,209.98,88.5043,8.64031e+07,5.29828e+06,2191.43,-3.13582,0.707606,2.01963,-6.4991,-2,-0.189196,0,4,2.08167e-17,2.6118e-14,-1.35447e-14,1.46549e-14,6.46482e-10,3.79113e-10,-6.38915e-10,-8.47485e-10,-3.40281e-09,3.79259e-09,0,-0.599369,8.76617,0.447823,0.118841,3.14159,1.7425,-9.64963,2.7897,1.51661,-0.392699,4.0386,5.57435,2.99138,-4368.81,0.523599,0,0,0,1.3653,0.277978,-0.599369,0.447828,3.06582,1.7425,2.7897,-0.875496,4.0386,2.9914,0.373383,4.26693e-05,-0.515226,8.06301,771.742,6.62845e+07,377.034,-2370.27,-9.13154e+06,-7.3423e+06,0.047418,0.0118027,1.00897,6198.72,-4688.36,-353.071,83.2753,2209.6,354.515,3.31427e+08,-3.75874e+07,3.7061e+07
2.02,-6.58044,-2.64827,1.36534,-0.306319,0.281799,-72.5698,-0.597004,-1.16685,0.603615,-0.557434,3.06777,-2.53176e+07,1.73958,-1.0308,2.13169,-0.17115,-0.706407,1.03789e+07,4.02944,-0.120316,-1.52437,2.04275,0.487249,-5.59207,-2.163,-8.08533,-1.11641,-7.47747,-4.39768,-5.04355,-2.20334,-7.73422,-1.53975,-6.96357,-4.20172,-0.489408,1.80729,-2.13193,4.84064,-0.189196,-6.22708,0.281756,-11.8117,-0.597047,50.3252,0.450151,1.82467,3.06814,87.9891,1.73954,-64.9541,2.78674,56.512,-0.878441,-85.986,4.0294,26.7824,2.9822,-127.846,0.364226,-2.23955,24.2325,-6.72166,-31.1861,3.07207,-46.4025,-18.0748,-7.52256,58.4257,7571.03,146.662,-0.0287486,-254.088,-102.995,1826.32,6.26099,-0.37821,-36.523,-21514.4,493.478,-15.0635,0,-410.631,-12243.6,-335.564,17.2474,100.762,-15174.7,301.065,-13.1484,-90.0544,-2430.84,-470.691,38.9196,1.41848,8036.47,159.811,-20.2884,-0.906667,38.3399,1688.54,-688.742,50.7801,4.20052,-57.5714,-1513.8,0.988936,6.12095e-14,-3.15398,10.2628,9.13145,16.1519,-30.3649,87.7988,47.218,12403.8,143.096,27.7085,-1.17481,4.9096,1.96696,-6.4991,-2,-0.189196,0,4,1.00614e-16,-4.77396e-15,1.40998e-14,-1.40998e-14,-2.07777e-10,-1.43685e-09,3.73431e-10,2.85174e-10,2.02316e-09,-2.13447e-09,0,-0.597047,0.47599,0.450149,0.04375,3.14159,1.73954,-12.9898,2.78675,11.3024,-0.392699,4.0294,5.3543,2.98222,-25.5691,0.523599,0,0,0,1.3653,0.281756,-0.597047,0.450151,3.06814,1.73954,2.78674,-0.878441,4.0294,2.9822,0.364226,4.26693e-05,-0.181261,7.66662,-0.0214159,3646.93,0.840103,-11.5143,-302.76,35.5095,0.047418,0.0118027,1.00897,573.569,-3516.36,-372.148,5855.94,4368.31,2244.72,23353.9,-7678.82,1918.98
2.04,-6.58331,-2.65498,1.36534,-0.365501,0.285098,-70.3612,-0.595252,-6.44084,0.561096,-9.34888,3.07158,-2.53176e+07,1.73316,-5.98424,3.38563,-2.56797,1.66116,1.03787e+07,4.02304,-2.8787,3.09173,2.22089,0.627504,-5.59648,-2.1656,-8.08911,-1.12468,-7.47645,-4.40236,-5.04789,-2.20498,-7.74073,-1.55027,-6.9613,-4.20969,-5.80973,-4.25977,-0.414477,4.84064,-0.189196,-6.42033,0.285055,-0.178122,-0.595294,37.373,0.451903,-12.3682,3.0699,-631.421,1.73312,58.7909,2.78032,-243.116,-0.884868,-88.4961,4.02299,28.6996,2.9758,-27.7563,0.357836,-2.23955,24.2325,-4.69451,-31.7623,3.20314,518.331,30.9032,-15.2765,50.8808,-1985.14,189.606,-39.1322,95.4931,42.6492,1509.83,-56.176,9.83143,-7.23275,-268672,-3156.05,190.783,0,-3803.59,-411172,294.418,-17.7142,-610.708,-192305,-1223.41,71.6462,232.064,-1517.86,-475.431,38.5302,-0.52422,7845.68,165.175,-20.1223,0.338058,39.2803,2446.27,-145.941,9.93035,-0.329211,-3.0577,-64.5098,0.988936,3.6011e-14,-2.95909,110.432,-226.031,-422.392,-36.0253,-160.194,-86.6317,-10591.3,4.85696,53.2426,-0.758685,-29.6853,2.01309,-6.4991,-2,-0.189196,0,4,-4.85723e-17,-7.77156e-15,-2.38698e-15,3.40006e-15,1.48111e-08,2.91767e-08,-9.55677e-09,-5.33138e-11,8.49131e-10,-6.54373e-10,0,-0.595294,0.867664,0.451905,-0.359885,3.14159,1.73312,11.7568,2.78032,-48.6232,-0.392699,4.02299,5.73855,2.97583,-5.55125,0.523599,0,0,0,1.3653,0.285055,-0.595294,0.451903,3.0699,1.73312,2.78032,-0.884868,4.02299,2.9758,0.357836,4.26693e-05,0.0675953,7.85503,-0.0015651,767.267,-0.0658423,-0.611539,-12.902,91.974,0.047418,0.0118027,1.00897,71.4238,-1279.21,-52.0402,62873.1,31432.6,42720.4,8941.48,-3426.97,37.2742
2.06,-6.5861,-2.66136,1.36534,-0.421298,0.288363,-70.0888,-0.595721,-2.06372,0.047882,-0.184158,2.82288,-2.53176e+07,1.72657,-3.44056,2.67337,-1.24755,-1.20127,1.03787e+07,4.02054,-2.00268,3.1031,2.01027,0.519026,-5.60073,-2.16671,-8.09269,-1.13256,-7.47466,-4.40864,-5.05216,-2.20635,-7.74712,-1.56044,-6.95901,-4.2173,-1.69713,0.434091,0.581392,4.84064,-0.189196,-6.61101,0.28832,-126.721,-0.595763,-99.7921,0.451434,-11.7235,3.06943,-149.411,1.72653,-26.6145,2.77373,-75.2637,-0.891468,-85.7425,4.0205,26.9512,2.9733,-75.9822,0.35529,-2.23955,24.2325,-2.59842,-32.3364,3.35872,-10773.2,-506.013,68.8248,472.097,-13947.7,-406.281,58.2319,498.064,-442.022,1215.17,-49.6958,7.91728,-0.233173,2900.67,-706.011,54.1318,0,-145.727,-20610.6,-137.433,7.085,-134.403,-3348.54,-365.765,25.0645,120.071,16952.3,-401.857,-5.45988,-12.8715,-4653.6,118.357,8.42309,8.32918,35.5893,39748.4,-293.502,-55.6842,-24.47,-30.2727,-561.664,0.988936,1.9609e-14,-2.78984,13.6212,0.761032,15.1861,-38.0187,-33.3394,-6.35362,-434.717,48.5331,28.4935,11.1754,-6.51663,1.82316,-6.4991,-2,-0.189196,0,4,-2.84495e-16,-6.66134e-16,6.4504e-14,-1.48354e-14,-2.90277e-09,-8.23936e-09,4.22964e-09,-9.36553e-10,1.97945e-09,-2.05495e-09,0,-0.595763,-4.73218,0.451433,-5.72456,3.14159,1.72653,-5.32283,2.77372,-15.0527,-0.392699,4.0205,5.3913,2.97328,-15.1964,0.523599,0,0,0,1.3653,0.28832,-0.595763,0.451434,3.06943,1.72653,2.77373,-0.891468,4.0205,2.9733,0.35529,4.26693e-05,1.66617,7.11854,0.00575434,1277.3,-4.89401,-6.05453,-112.333,1621,0.047418,0.0118027,1.00897,4839.51,5664.12,-10.2764,1980.61,1456.27,2103.46,7488.79,4941.88,-6835.45
2.08,-6.58915,-2.66762,1.36534,-0.474672,0.291822,-69.6519,-0.597676,-1.41176,2.54594,-3.83316,1.58662,-2.5318e+07,1.719,-83.3246,2.95315,-4.78826,-2.0477,1.03785e+07,4.02343,2.05887,2.88613,2.12091,0.411963,-5.60528,-2.16659,-8.09629,-1.14024,-7.47176,-4.41769,-5.05679,-2.20731,-7.75397,-1.57072,-6.95668,-4.22484,2.68916,-78.3237,4.53304,4.84064,-0.189196,-6.80097,0.291779,-56.4686,-0.597718,-751.834,0.449479,156.881,3.06747,-73.4977,1.71896,-40.9614,2.76616,-1641.74,-0.89903,-90.9776,4.02339,29.9839,2.97619,-161.777,0.35821,-2.23955,24.2325,-0.425985,-32.915,3.54057,-3292.83,-207.647,22.3586,158.372,694485,-2929.07,386.599,2444.59,-14874.6,-42071.5,609.408,-79.602,95.8773,6367.22,-320.656,32.6854,0,-87.4773,-4761.72,-207.976,11.8743,-59.3852,3.33514e+06,-7560.14,645.759,267397,3712.16,-466.09,30.168,-3.6714,4831.65,158.639,-14.3662,2.3663,39.0699,24894.2,-791.525,18.5938,-13.5282,-75.664,-2401.38,0.988936,1.14172e-14,-2.66871,21.8427,10.6665,-179.856,-19865.8,-4027.92,-161.178,-6706.56,251.755,30.8016,41.9417,-2.87086,2.00244,-6.4991,-2,-0.189196,0,4,-2.63678e-16,-5.06778e-15,1.24345e-14,-7.10543e-15,-4.60242e-10,-2.32701e-09,1.70456e-09,5.07417e-11,6.53325e-10,-7.25581e-10,0,-0.597718,-0.452183,0.449472,-2.42378,3.14159,1.71896,-8.19859,2.76616,-328.348,-0.392699,4.02339,5.99517,2.9762,-32.3554,0.523599,0,0,0,1.3653,0.291779,-0.597718,0.449479,3.06747,1.71896,2.76616,-0.89903,4.02339,2.97619,0.35821,4.26693e-05,0.473127,7.81302,-0.0201579,5295.96,-2.70563,-15.1328,-480.277,985.845,0.047418,0.0118027,1.00897,2900.29,-108242,5715.49,1.77443e+06,602258,-638876,30656,-3745.86,-2287.87
2.1,-6.59137,-2.67279,1.36534,-0.524545,0.29474,-69.3753,-0.600811,-0.837086,0.595183,0.035041,3.06685,-2.53182e+07,1.70999,499.297,1.27168,49.8711,14.2179,1.03785e+07,4.02558,-2.86204,3.11339,2.28306,0.560672,-5.60873,-2.16557,-8.09781,-1.14574,-7.46903,-4.42501,-5.06037,-2.20801,-7.75939,-1.5793,-6.95436,-4.23108,-0.167158,486.351,-0.309327,4.84064,-0.189196,-6.99428,0.294698,-12.7148,-0.600854,45.8466,0.446344,-2.39072,3.06432,2274.91,1.70995,-394.319,2.75714,22838.1,-0.908053,-96.7668,4.02554,33.3863,2.97834,-32.9282,0.360333,-2.23955,24.2325,1.90168,-33.5056,3.74703,-105.451,-24.8554,-7.40861,70.5912,3818.76,158.456,-12.9353,-164.053,-32.0029,1017.24,-8.71382,1.02286,-21.3662,-4.96734e+06,11322.6,-726.078,0,-61975.9,-5.7575e+06,-1957.7,126.84,2306.55,5.71616e+08,113430,-7340.54,-1.31577e+06,-4779.03,-510.4,53.1197,-5.43923,11374,186.019,-28.8296,3.4953,43.0114,1141.83,-173.5,18.0415,-3.69868,-4.71272,-82.6161,0.988936,3.17043e-15,-2.49366,13.8287,14.5214,26.7923,-6057.25,25102.7,2571.24,-1336.2,5.81705,54.6991,-0.713237,111.105,2.20524,-6.4991,-2,-0.189196,0,4,-1.38778e-17,5.66214e-15,1.45994e-14,-1.35447e-14,4.91247e-08,-9.79462e-08,8.44645e-08,-5.73339e-10,-1.42989e-09,1.11054e-09,0,-0.600854,1.67915,0.44633,-0.154023,3.14159,1.70995,-78.9374,2.75714,4567.61,-0.392699,4.02554,6.678,2.97833,-6.58563,0.523599,0,0,0,1.3653,0.294698,-0.600854,0.446344,3.06432,1.70995,2.75714,-0.908053,4.02554,2.97834,0.360333,4.26693e-05,0.699141,8.60281,0.000932844,1078.77,-0.739735,-0.942545,-16.5232,36.6753,0.047418,0.0118027,1.00897,962.583,-2646.55,-137.919,3.73686e+08,1.16423e+08,-1.14707e+08,11688.4,-4815.93,395.719
2.12,-6.5932,-2.67929,1.36534,-0.570639,0.297259,-78.7596,-0.604914,-37.668,0.487631,-38.9292,3.07425,-2.53182e+07,1.69953,-3.17883,2.57262,-1.39134,-1.17198,1.03785e+07,4.0276,-2.80437,3.08964,2.16283,0.517049,-5.61155,-2.16598,-8.09784,-1.15167,-7.46653,-4.43347,-5.06337,-2.21065,-7.76397,-1.58874,-6.95226,-4.23848,-37.113,0.565778,-0.231781,4.84064,-0.189196,-7.18665,0.297217,4.96169,-0.604957,14.8309,0.442241,-0.7968,3.06024,-65.7787,1.69948,-45.9443,2.74668,-69.9912,-0.918508,-87.0702,4.02756,26.8453,2.98036,-35.0801,0.362367,-2.23955,24.2325,4.33364,-34.0953,3.97495,885.731,47.386,-20.1184,58.0386,-456.231,41.2736,1.88818,-87.1225,22.1197,184.672,-2.833,0.372253,-10.8342,6441.91,-276.149,32.7887,0,-94.3433,-3717.68,-229.093,14.8454,-53.0779,5451.95,-312.477,30.7555,409.987,14498.9,-419.056,4.34732,-22.2736,-2868.72,126.302,2.77979,14.2732,33.188,18090.8,-149.97,-22.3877,-20.9,-8.86581,-122.348,0.988936,3.17043e-15,-2.30467,-469.213,-1840.52,-1933.15,-3.25862,-21.6051,1.71202,-110.425,8.80194,43.2106,0.751961,-2.54577,1.70214,-6.4991,-2,-0.189196,0,4,-2.08167e-16,9.21485e-15,4.71845e-15,-4.63518e-15,8.76161e-10,3.81173e-09,-3.40705e-09,1.31245e-09,-1.87151e-09,1.65176e-09,0,-0.604957,1.26415,0.442248,-0.106532,3.14159,1.69948,-9.18888,2.74668,-13.9982,-0.392699,4.02756,5.36919,2.98036,-7.01602,0.523599,0,0,0,1.3653,0.297217,-0.604957,0.442241,3.06024,1.69948,2.74668,-0.918508,4.02756,2.98036,0.362367,4.26693e-05,2.85472,6.63769,0.000269409,415.328,-4.18,-1.77316,-24.4696,733.953,0.047418,0.0118027,1.00897,-206.171,-509.345,2.70452,-796.562,835.386,268.61,3743.53,1772.89,-3056.89
2.14,-6.59446,-2.68587,1.36534,-0.613313,0.299592,-83.3786,-0.609005,-18.7351,0.386494,-20.6274,3.06011,-2.53182e+07,1.69259,-3.75859,2.55862,-1.30793,-1.01011,1.03785e+07,4.02717,-2.9357,3.11439,2.48017,0.541704,-5.61372,-2.16673,-8.0986,-1.15868,-7.46426,-4.44062,-5.06573,-2.21367,-7.76777,-1.59806,-6.94988,-4.2459,-18.2671,-0.189864,-0.363008,4.84064,-0.189196,-7.37617,0.299549,7.88363,-0.609048,20.8645,0.43815,-2.26162,3.05612,-60.0702,1.69255,-48.3295,2.73974,-21.4124,-0.925451,-97.5718,4.02713,33.4487,2.97993,-22.0792,0.361889,-2.23955,24.2325,6.83465,-34.679,4.22269,1072.27,58.2161,-22.816,59.0473,-433.133,74.8751,-8.17962,-49.0339,13.8091,217.699,-9.40399,1.8419,-9.46027,6267.6,-245.504,32.1973,0,-99.0455,-3113.75,-239.1,16.47,-47.6903,1084.57,-93.4556,10.0854,24.2065,1648.15,-494.288,43.3946,-6.52555,7296.92,174.365,-21.9715,4.18415,41.3168,4080.09,-109.429,6.36449,-3.09361,0.653663,-39.9953,0.988936,3.17043e-15,-2.13372,-230.949,-918.531,-1052.09,-13.8981,-50.9403,-16.6435,-815.922,2.214,73.0839,0.670406,-2.2807,2.11891,-6.4991,-2,-0.189196,0,4,8.32667e-17,4.66294e-15,-6.73073e-16,9.4369e-16,1.20562e-09,5.4692e-09,-2.93366e-09,-2.56892e-10,-2.07123e-09,1.22248e-09,0,-0.609048,3.64175,0.438127,-0.281086,3.14159,1.69255,-9.66597,2.73974,-4.28247,-0.392699,4.02713,6.69167,2.97988,-4.41585,0.523599,0,0,0,1.3653,0.299549,-0.609048,0.43815,3.05612,1.69255,2.73974,-0.925451,4.02713,2.97993,0.361889,4.26693e-05,0.837085,8.26478,0.00139388,728.631,-0.618721,0.130733,-7.99905,160.488,0.047418,0.0118027,1.00897,345.897,-803.29,23.9273,-871.13,1929.96,317.684,8647.32,-2925.05,-397.423
2.16,-6.5964,-2.69249,1.36534,-0.653995,0.302334,-83.456,-0.613884,2.11935,1.0699,2.81575,4.21134,-2.53182e+07,1.68516,-5.93997,2.24926,-2.28867,-0.838543,1.03785e+07,4.02399,-2.82811,3.10105,2.29484,0.494811,-5.61673,-2.16651,-8.10024,-1.16607,-7.46251,-4.44663,-5.06897,-2.21609,-7.77269,-1.6079,-6.94754,-4.25349,2.1195,-2.85216,-0.221867,4.84064,-0.189196,-7.56377,0.302291,480.495,-0.613926,49.5308,0.433271,25.5817,3.05127,-29.508,1.68512,-53.7851,2.73232,-8.22177,-0.932879,-92.9926,4.02394,30.6262,2.97675,-31.2797,0.358762,-2.23955,24.2325,9.37543,-35.2644,4.49434,-56542.7,1978.38,-379.382,3672.33,-245867,201.955,-37.616,120.016,580.916,9721.75,104.896,-19.7964,-184.764,3464.33,-94.7485,22.2304,0,-125.255,-1409.21,-263.911,19.4145,-16.7751,22.07,-27.5825,5.86826,10.6623,8566.76,-458.589,26.3384,-14.8244,1871.5,152.477,-10.805,9.54734,36.0208,11022.9,-147.038,-4.29851,-11.4394,-5.95254,-89.0936,0.988936,3.17043e-15,-2.03408,-3.87001,78.3954,92.7995,-15.5407,-160.38,-61.9667,-270.971,7.43404,52.9287,25.711,-0.799683,1.84634,-6.4991,-2,-0.189196,0,4,0,1.42109e-14,-1.58096e-13,1.61648e-13,3.62348e-10,-1.11678e-09,3.89607e-11,2.74361e-10,-1.18425e-10,3.93849e-11,0,-0.613926,7.1843,0.43328,1.77665,3.14159,1.68512,-10.7572,2.73231,-1.64435,-0.392699,4.02394,6.12481,2.97676,-6.25593,0.523599,0,0,0,1.3653,0.302291,-0.613926,0.433271,3.05127,1.68512,2.73232,-0.932879,4.02394,2.97675,0.358762,4.26693e-05,1.90932,7.20387,-0.000624721,610.264,-2.28789,-1.19051,-17.8187,442.666,0.047418,0.0118027,1.00897,-43445.9,47704.6,-2365.02,-501.76,2136.33,311.928,6336.21,-659.161,-1660.11
2.18,-6.59883,-2.69869,1.36534,-0.69211,0.304576,-83.6007,-0.611332,0.977906,1.69903,6.41119,3.58909,-2.53182e+07,1.67618,-0.36569,9.76839,2.00959,-0.918129,1.03596e+07,4.02401,2618.59,2.80311,-5.43963,2.66941,-5.62035,-2.17069,-8.10113,-1.172,-7.46143,-4.45364,-5.07247,-2.21887,-7.77754,-1.61674,-6.94647,-4.26047,2.22944,10.3208,2618.73,4.84064,-0.189196,-7.75463,0.304533,314.436,-0.611375,324.155,0.435823,-5.11251,3.05382,21.0727,1.67614,-61.1321,2.72334,12.5814,-0.941841,-103.468,4.02397,37.2139,2.97677,3593.94,0.358807,-2.23955,24.2325,12.0891,-35.8588,4.79048,-18011.3,1293.34,-262.415,1471.67,-26867.9,1319.38,-259.983,1329.1,1006.02,-19193.8,-20.1522,3.71302,14.4497,-4991.61,150.552,3.28111,0,-208.154,-3379.84,-297.428,23.406,35.208,-3642.96,69.9671,-2.81867,-10.2591,-394.218,-518.95,55.752,-9.35247,9703.93,191.015,-29.4066,6.02305,44.1317,-5.3475e+06,17877.1,-1575.4,677.841,1959.11,-1.10045e+06,0.988936,3.17043e-15,-1.90575,-7.23889,-1.99548,247.891,-21.1557,117.884,138.117,-946681,131079,-350.685,27.4559,1.67179,2.26209,-6.4991,-2,-0.189196,0,4,8.32667e-17,-4.75175e-14,2.15383e-13,-2.29372e-13,3.07658e-10,-8.0763e-10,-3.97962e-10,-4.5684e-11,-8.90958e-10,9.35131e-10,0,-0.611375,17.8772,0.435829,0.140671,3.14159,1.67614,-12.2256,2.72335,2.51628,-0.392699,4.02397,7.50771,2.9768,718.788,0.523599,0,0,0,1.3653,0.304533,-0.611375,0.435823,3.05382,1.67614,2.72334,-0.941841,4.02397,2.97677,0.358807,4.26693e-05,1.21688,8.86131,-20.0927,1.75301e+06,135.568,391.822,-220090,-213299,0.047418,0.0118027,1.00897,-8023.64,-7898.54,3955.72,760.235,2945.93,697.644,8.7709e+06,-926225,1.00905e+06
2.2,-6.60088,-2.70443,1.36534,-0.727823,0.306611,-83.9155,-0.602394,1.00317,0.868,1.86248,1.37477,-2.53182e+07,1.66815,-0.955194,1.71158,1.03929,-0.719956,1.03424e+07,4.02601,5179.35,2.83976,-9.52695,4.16876,-5.6238,-2.17821,-8.10179,-1.17754,-7.45994,-4.46106,-5.07551,-2.2215,-7.7818,-1.62488,-6.94535,-4.26691,3.638,1.47634,5178.03,4.84064,-0.189196,-7.94575,0.306568,195.336,-0.602437,94.1781,0.444761,4.87349,3.06275,204.783,1.66811,-81.8043,2.7153,77.3006,-0.949893,-116.956,4.02597,45.5413,2.97877,5656.8,0.36075,-2.23955,24.2325,14.9193,-36.4554,5.10921,-2321.2,806.158,-175.293,531.81,-29678.9,380.907,-78.1617,154.587,319.094,8741.19,20.1287,-4.27306,-75.1836,-71910.8,1030.78,-72.9852,0,-922.06,-59415.6,-394.457,33.2964,227.077,-38802.9,379.44,-29.9662,-58.6169,-12970.8,-590.57,90.9189,-25.5869,20855.7,235.78,-51.5261,16.4327,54.931,-1.17707e+07,28782.4,-5004.47,2343.5,3080.13,-2.19005e+06,0.988936,3.17043e-15,-1.78567,-15.7386,13.1609,32.7352,-27.7994,88.0076,86.5866,-858278,259117,-555.017,12.2448,10.7435,2.81657,-6.4991,-2,-0.189196,0,4,0,1.28786e-14,-5.77316e-14,5.9508e-14,-7.48654e-09,-1.67632e-08,2.23145e-09,6.88359e-10,-1.01494e-09,1.06496e-09,0,-0.602437,10.2683,0.444761,0.187225,3.14159,1.66811,-16.3613,2.7153,15.4601,-0.392699,4.02597,9.00095,2.97874,1131.36,0.523599,0,0,0,1.3653,0.306568,-0.602437,0.444761,3.06275,1.66811,2.7153,-0.949893,4.02597,2.97877,0.36075,4.26693e-05,3.24203,10.9283,41.8833,4.36439e+06,468.7,616.027,-438010,-469041,0.047418,0.0118027,1.00897,-8098.46,2248.11,-1808.62,8384.31,10599.7,6648.57,2.18312e+07,-2.12502e+06,2.25475e+06
2.22,-6.60312,-2.70962,1.36534,-0.762056,0.308959,-84.4678,-0.59792,0.160411,0.326442,0.718969,3.04724,-2.53182e+07,1.65972,-5.06923,2.67351,-2.24459,0.798037,1.03423e+07,4.02834,21.7276,3.17675,2.68284,0.201463,-5.62736,-2.18227,-8.10278,-1.18283,-7.45804,-4.46827,-5.07888,-2.22311,-7.78657,-1.63284,-6.94391,-4.2729,0.581202,-3.19375,24.7029,4.84064,-0.189196,-8.13801,0.308917,107.993,-0.597963,-30.9111,0.449235,-3.56042,3.06723,-553.529,1.65968,-7.02848,2.70688,-318.964,-0.958314,-123.456,4.0283,49.3288,2.9811,-403.467,0.363108,-2.23955,24.2325,17.8368,-37.0621,5.45543,2945.68,452.813,-109.128,168.612,-14286.9,-129.654,31.4345,-100.788,99.4377,-545.992,-14.306,3.18578,-32.509,-150357,-2586.92,254.852,0,-2222.05,-317340,-35.6714,2.44451,-569.808,-130929,-1504.5,143.325,537.517,-17336.6,-618.283,105.711,-36.9081,25231.5,252.068,-60.4227,23.6271,59.4976,-99857.2,-2036.16,403.57,-222.402,-200.454,-9980.06,0.988936,3.17043e-15,-1.71163,-27.6163,13.6403,9.64899,-50.6686,-118.115,-54.2366,-3820.2,1235.44,57.5952,5.13433,-26.8548,3.05188,-6.4991,-2,-0.189196,0,4,2.77556e-17,-1.15463e-14,2.55351e-14,-2.93099e-14,-1.17035e-08,-2.4159e-08,1.3887e-08,2.38337e-09,-4.05882e-09,4.34607e-09,0,-0.597963,-6.10453,0.449237,-0.554774,3.14159,1.65968,-1.40601,2.70688,-63.7928,-0.392699,4.0283,9.86463,2.9811,-80.6933,0.523599,0,0,0,1.3653,0.308917,-0.597963,0.449235,3.06723,1.65968,2.70688,-0.958314,4.0283,2.9811,0.363108,4.26693e-05,4.7248,11.8989,-0.0250848,29438.2,-44.4804,-40.0907,-1996.01,-4132.44,0.047418,0.0118027,1.00897,-8650.25,3934.94,195.414,56309,24563.7,31715.5,157751,-43923.7,27169
2.24,-6.60564,-2.71403,1.36534,-0.794903,0.311195,-85.1845,-0.593484,-1.15992,0.0139887,0.657848,2.89324,-2.53198e+07,1.64853,-128.656,2.49735,-9.16127,-3.51737,1.03423e+07,4.02802,-2.95421,3.13919,2.66709,0.483671,-5.63115,-2.18572,-8.10266,-1.18639,-7.45713,-4.47328,-5.08249,-2.22412,-7.79149,-1.6399,-6.94294,-4.27808,-0.897587,-122.641,-0.298699,4.84064,-0.189196,-8.33538,0.311153,52.2234,-0.593527,-112.669,0.453671,22.1991,3.07167,-122.548,1.64849,-52.0822,2.69569,-3798.26,-0.969497,-108.243,4.02797,39.4706,2.98077,-23.3848,0.362783,-2.23955,24.2325,20.9447,-37.6866,5.83402,3157.44,228.855,-65.3563,74.9158,-14667.3,-474.573,123.553,-196.753,349.128,7774.18,96.2107,-26.7057,21.7779,9292.33,-530.131,69.6577,0,-119.958,-12108.3,-248.4,23.5182,-117.953,2.05585e+07,-17125.8,1979.72,819015,1448.82,-529.966,63.3124,-12.6343,9392.15,195.36,-32.8752,8.09163,44.7239,4712.71,-113.667,10.1482,-5.85964,0.987244,-41.6242,0.988936,3.17043e-15,-1.64237,-35.835,1.20491,10.0323,-80318.5,-6298.01,-379.754,-504.288,1.33018,83.0409,6.84292,-5.52983,2.29395,-6.4991,-2,-0.189196,0,4,0,8.27116e-15,-1.68754e-14,3.55271e-15,9.15936e-10,8.4864e-09,-7.71126e-09,-8.06683e-11,-1.19171e-11,-8.69745e-11,0,-0.593527,-3.21423,0.453677,-1.28521,3.14159,1.64849,-10.4327,2.69569,-759.652,-0.392699,4.02797,7.89402,2.98078,-4.67696,0.523599,0,0,0,1.3653,0.311153,-0.593527,0.453671,3.07167,1.64849,2.69569,-0.969497,4.02797,2.98077,0.362783,4.26693e-05,1.6183,8.9447,-6.51141e-05,933.916,-1.17193,0.197449,-8.32484,185.175,0.047418,0.0118027,1.00897,-3652.8,7564.42,-1931.51,9.72132e+06,3.96106e+06,-4.04749e+06,10392.3,-3520.76,-500.257
2.26,-6.60838,-2.71889,1.36534,-0.826463,0.313304,-84.9912,-0.584129,-2.28987,0.632742,6.059,3.09832,-2.53221e+07,1.63099,2001.39,2.83829,9.56219,2.61178,1.03423e+07,4.02048,-2.88836,3.10921,1.77733,0.299211,-5.63526,-2.19248,-8.09965,-1.18835,-7.45802,-4.47498,-5.08627,-2.22576,-7.7965,-1.64726,-6.94238,-4.28364,-1.61385,2001.61,-0.0783648,4.84064,-0.189196,-8.53838,0.313262,4.20905,-0.584172,47.4964,0.463025,-19.0873,3.08102,3.67702,1.63095,-64.534,2.67815,5423.56,-0.987043,-98.5129,4.02043,33.7043,2.97324,-5.01468,0.355262,-2.23955,24.2325,24.2638,-38.33,6.24771,1155.25,38.1467,-25.24,77.3615,-2245.66,197.197,-52.499,73.8579,29.3527,-563.071,-74.7193,16.7623,0.428936,-1757.13,67.0833,11.5958,0,-180.905,-2504.02,-304.73,31.1598,15.4245,4.25153e+07,34922.8,-104.859,-1.3382e+07,9413.2,-476.479,39.2526,-24.5516,2058.65,163.767,-17.2557,15.8887,34.7097,2365.24,-23.7309,-0.654966,-3.13068,7.84916,-9.51429,0.988936,3.17043e-15,-1.57797,9.66936,-9.10493,268.72,-116069,100203,556.629,-125.935,4.24597,80.6755,-0.780204,0.716953,1.77808,-6.4991,-2,-0.189196,0,4,0,-1.03251e-14,1.37043e-14,-1.59595e-15,7.32543e-10,1.86751e-10,-5.20288e-10,8.70275e-10,-1.51501e-09,-7.48831e-10,0,-0.584172,2.47874,0.463021,-0.894858,3.14159,1.63095,-12.8965,2.67815,1084.71,-0.392699,4.02043,6.74031,2.97326,-1.00294,0.523599,0,0,0,1.3653,0.313262,-0.584172,0.463025,3.08102,1.63095,2.67815,-0.987043,4.02043,2.97324,0.355262,4.26693e-05,3.17747,6.94155,-0.000134768,295.5,-0.626135,1.56983,-1.90286,94.8164,0.047418,0.0118027,1.00897,250.575,-1705.57,463.846,2.08641e+07,8.72331e+06,-8.58982e+06,4945.38,-1513.6,-339.979
2.28,-6.6117,-2.72529,1.36534,-0.857076,0.315497,-84.9689,-0.572981,-2.36611,0.700183,3.78195,3.14446,-2.53221e+07,1.61127,-0.686149,0.736015,-1.93924,-1.15493,1.03423e+07,4.01103,-2.96798,3.13541,0.889762,0.314798,-5.64,-2.20167,-8.09621,-1.19148,-7.4597,-4.4772,-5.09067,-2.22883,-7.80216,-1.65628,-6.94226,-4.29077,-1.66879,1.2048,-0.147365,4.84064,-0.189196,-8.74821,0.315455,20.2112,-0.573023,71.9562,0.474174,-24.9017,3.09216,-33.7045,1.61123,-64.5699,2.65843,-303.494,-1.00676,-111.528,4.01099,42.8603,2.96379,-3.75664,0.345781,-2.23955,24.2325,27.8037,-38.9989,6.70231,2185.74,100.04,-41.18,71.4988,-1771.53,295.143,-81.1467,93.8309,113.172,-1253.49,-98.3036,24.1525,-3.05997,4250.65,-107.596,31.3898,0,-136.016,-1408.29,-302.201,33.2454,-27.0113,112670,-1109.16,243.958,23996,2478.56,-538.425,70.3953,-17.3246,9199.26,207.806,-37.4861,11.3578,44.9183,1395.3,-17.8781,1.67993,-1.27894,11.5628,-12.0386,0.988936,3.17043e-15,-1.53069,1.11201,-17.4772,154.617,-242.674,98.616,-19.0423,-320.098,-0.207248,47.0547,-2.53543,-1.24291,2.29724,-6.4991,-2,-0.189196,0,4,-2.22045e-16,6.43929e-15,-3.1225e-15,1.70697e-15,-1.08727e-09,1.8194e-09,-1.93107e-09,-1.44633e-10,-6.71961e-10,-5.16957e-10,0,-0.573023,2.66758,0.474168,-0.599208,3.14159,1.61123,-12.9144,2.65843,-60.6987,-0.392699,4.01099,8.57252,2.96377,-0.751328,0.523599,0,0,0,1.3653,0.315455,-0.573023,0.474174,3.09216,1.61123,2.65843,-1.00676,4.01099,2.96379,0.345781,4.26693e-05,2.27169,8.98399,0.00012086,680.604,-0.255788,2.31255,-2.40771,55.2979,0.047418,0.0118027,1.00897,-551.302,-2716.44,701.913,37179.7,12936.1,-17108.1,9190.69,-3485.45,-159.482
2.3,-6.61483,-2.73189,1.36534,-0.886792,0.317543,-85.4161,-0.563251,-1.53792,4.53205,0.372898,3.42247,-2.53221e+07,1.59861,-3.51881,2.43263,-1.32579,-1.68705,1.03423e+07,3.9982,-2.88517,3.1262,2.43579,0.0826,-5.64439,-2.21051,-8.09561,-1.19682,-7.46198,-4.47782,-5.09482,-2.23231,-7.80748,-1.66531,-6.94219,-4.29804,2.71325,0.600867,0.158436,4.84064,-0.189196,-8.96687,0.3175,23.7362,-0.563294,331.136,0.483904,-129.422,3.10189,-271.458,1.59856,-59.1995,2.64576,-155.804,-1.01944,-110.932,3.99816,43.5007,2.95096,-8.68198,0.332959,-2.23955,24.2325,31.6401,-39.6961,7.20353,2476.57,112.724,-46.4205,72.9397,-93633,1395.03,-443.08,775.955,3928.2,16673.6,-539.833,167.115,-74.6991,-3797.07,-1208.61,164.195,0,-416.521,-67527.3,-275.001,32.4039,-294.393,-13868.1,-707.371,90.2099,255.691,4211.33,-531.914,69.751,-20.8615,7717.15,208.9,-37.2858,13.9163,42.9295,2840.3,-41.42,3.34819,-3.76905,8.22317,-13.3857,0.988936,3.17043e-15,-1.48577,-22.3594,5.52348,-15.9357,-35.5058,-43.6503,-7.85466,-260.669,3.29181,102.551,-15.8226,-13.4552,2.19029,-6.4991,-2,-0.189196,0,4,-5.55112e-17,-1.14353e-14,1.15463e-14,7.10543e-15,5.04586e-09,1.22373e-08,-7.92271e-09,-4.87394e-10,-2.72859e-09,-6.03374e-10,0,-0.563294,0.38856,0.483899,-1.11719,3.14159,1.59856,-11.8393,2.64575,-31.1608,-0.392699,3.99816,8.70042,2.95095,-1.7364,0.523599,0,0,0,1.3653,0.3175,-0.563294,0.483904,3.10189,1.59856,2.64576,-1.01944,3.99816,2.95096,0.332959,4.26693e-05,2.78336,8.58608,7.31618e-05,697.101,-0.753811,1.64463,-2.67714,112.617,0.047418,0.0118027,1.00897,-1374.26,4679.85,-1002.96,2405.89,6781.75,5601.07,8924.24,-3123.06,-363.17
2.32,-6.61778,-2.73858,1.36534,-0.915639,0.319381,-85.2518,-0.554309,-1.10592,0.734874,1.11185,3.26152,-2.53237e+07,1.58758,-48.5565,2.80853,6.07265,1.32972,1.03423e+07,3.98625,1.69175,2.71152,2.49555,0.404026,-5.64844,-2.21932,-8.09535,-1.20257,-7.46417,-4.47887,-5.0987,-2.23621,-7.81239,-1.6742,-6.94227,-4.30533,-0.490978,-47.0777,3.99924,4.84064,-0.189196,-9.19498,0.319339,-12.9422,-0.554352,104.55,0.492846,-120.058,3.11084,-122.23,1.58754,-67.1208,2.63474,3806,-1.03045,-145.344,3.98621,67.7568,2.93901,-168.072,0.320985,-2.23955,24.2325,35.8138,-40.4228,7.75616,-70.7428,-30.0823,-11.9606,106.709,35537.9,342.715,-27.1026,-664.43,-387.14,-44878.6,-411.877,54.5614,-305.133,11297.8,-512.972,86.6604,0,-131.663,-10500,-309.422,39.1271,-129.662,2.47414e+07,16702.7,-2479.92,873168,-16394.7,-690.221,141.838,-58.7095,30737.8,321.106,-86.2549,39.7959,72.4843,-8650.94,-797.332,181.357,-122.831,-68.7779,-1361.42,0.988936,3.17043e-15,-1.44236,8.21611,15.7391,-7.89569,-79651.9,-2296.09,382.392,-747.169,231.54,52.2284,-3.00799,-5.89053,3.6894,-6.4991,-2,-0.189196,0,4,1.11022e-16,2.22045e-15,-1.28786e-14,-1.13243e-14,-2.11062e-09,-1.01488e-08,8.45148e-09,3.14783e-09,-5.79026e-09,6.0164e-09,0,-0.554352,0.458264,0.492844,-0.654524,3.14159,1.58754,-13.4153,2.63474,761.2,-0.392699,3.98621,13.5565,2.93898,-33.6144,0.523599,0,0,0,1.3653,0.319339,-0.554352,0.492846,3.11084,1.58754,2.63474,-1.03045,3.98621,2.93901,0.320985,4.26693e-05,7.96268,14.4999,0.0293575,8962.09,-24.5662,-13.7556,-272.283,-398.354,0.047418,0.0118027,1.00897,648.235,-11458.6,10985.2,1.03908e+07,5.10894e+06,-5.01255e+06,56819,-17697,4745.76
2.34,-6.62116,-2.7453,1.36534,-0.944159,0.321594,-85.371,-0.542924,-1.41772,0.140486,2.11199,3.93212,-2.53521e+07,1.56978,117.918,3.02632,-33.5134,-11.516,1.03423e+07,3.97938,-18.3414,1.39923,-0.692961,0.728392,-5.65308,-2.22895,-8.09263,-1.20697,-7.46524,-4.48276,-5.10318,-2.23957,-7.81811,-1.68356,-6.94217,-4.31276,-2.06777,132.46,-17.6706,4.84064,-0.189196,-9.43553,0.321552,4.62739,-0.542967,-250.112,0.504231,153.224,3.12223,-90.8414,1.56974,-71.6535,2.61693,-16031,-1.04826,179.944,3.97934,-154.077,2.93214,434.074,0.314167,-2.23955,24.2325,40.3229,-41.1968,8.37456,1447.9,37.1903,-31.0702,91.1176,-528062,-1371.96,820.459,-3895.33,14161.1,332392,892.55,-573.26,359.608,10425.3,-365.506,72.3743,0,-124.187,-4855.3,-327.482,44.6625,-97.5274,4.4412e+08,-68593.7,11493.8,2.10746e+07,-267524,815.439,-519.272,-3505.67,236501,-705.193,365.786,2398.05,-223.421,-448098,1988.75,-1018,-6165.58,167.004,2925.28,0.988936,3.17043e-15,-1.42598,-5.96279,6.62904,42.0468,-1.41786e+06,6026.75,-1597.17,-84.3468,-770.461,-106.002,15.0795,-4.38615,-11.3557,-6.4991,-2,-0.189196,0,4,5.55112e-17,1.4877e-14,-8.88178e-15,-1.68754e-14,5.3145e-10,7.13073e-09,-6.53677e-09,-5.01557e-09,-7.04351e-09,7.24415e-09,0,-0.542967,-0.0304959,0.504236,-0.521461,3.14159,1.56974,-14.3276,2.61693,-3206.2,-0.392699,3.97934,-30.8085,2.93216,86.8148,0.523599,0,0,0,1.3653,0.321552,-0.542967,0.504231,3.12223,1.56974,2.61693,-1.04826,3.97934,2.93214,0.314167,4.26693e-05,479.51,-44.6797,0.0339987,57282.2,-1233.12,33.4008,585.057,-17633.6,0.047418,0.0118027,1.00897,-524.574,116692,-69741.3,1.76459e+08,8.81704e+07,-8.8551e+07,325816,-111420,81289.7
2.36,-6.62403,-2.75131,1.36534,-0.972262,0.323483,-85.3434,-0.534038,-1.47466,0.676849,4.12269,3.0418,-2.54426e+07,1.5502,-6470.96,2.88806,124.413,41.2481,1.03423e+07,3.97913,-2.24119,3.1635,2.57014,0.404553,-5.65699,-2.23696,-8.08812,-1.20995,-7.4652,-4.48922,-5.10702,-2.24271,-7.82299,-1.69183,-6.94208,-4.31938,-0.698018,-6509.32,0.517764,4.84064,-0.189196,-9.69169,0.32344,-5.68552,-0.53408,-85.5611,0.513117,14.016,3.1311,162.744,1.55016,-69.928,2.59736,62682,-1.06784,-120.681,3.97909,51.3799,2.93189,-47.7441,0.313901,-2.23955,24.2325,45.3597,-42.0177,9.0695,648.393,-2.86637,-21.5275,106.439,149899,-30.0451,-346.397,3381.74,-4934.91,-54680.3,-52.6133,142.2,8.746,-49908.9,788.82,-91.8984,0,-602.995,-48295.9,-316.676,46.7089,198.458,7.11367e+09,293879,-38645.7,-1.66062e+08,3632.05,-566.763,94.4735,-27.5138,9916.91,239.876,-53.2949,18.8271,47.0386,12885.9,-225.405,27.5207,-25.255,-11.6714,-163.083,0.988936,3.17043e-15,-1.40516,1.38047,6.1483,172.253,-4.52694e+06,-323418,6299.19,-362.074,34.5373,64.0691,6.87881,8.82252,2.39067,-6.4991,-2,-0.189196,0,4,-1.66533e-16,-4.44089e-16,2.22045e-15,-4.44089e-16,-5.93445e-09,-1.4632e-08,1.23073e-08,1.34338e-10,1.76937e-09,-1.86741e-09,0,-0.53408,-0.0217172,0.513107,-2.08461,3.14159,1.55016,-14.0571,2.59736,12536.4,-0.392699,3.97909,10.2757,2.93189,-9.54883,0.523599,0,0,0,1.3653,0.32344,-0.53408,0.513117,3.1311,1.55016,2.59736,-1.06784,3.97909,2.93189,0.313901,4.26693e-05,3.76527,9.40752,-0.000533211,1773.09,-5.051,-2.33429,-32.6166,507.704,0.047418,0.0118027,1.00897,137.275,-27446.4,10915,2.7282e+09,1.42531e+09,-1.42379e+09,15154.2,-3484.7,-1707.51
2.38,-6.62638,-2.75604,1.36534,-1.00002,0.325156,-85.3205,-0.530627,-0.693598,0.579249,1.77367,3.14881,-2.55376e+07,1.53636,4160.33,2.89535,-89.5786,-25.7249,1.03423e+07,3.97768,-1.17023,3.10835,5.32147,0.312572,-5.6602,-2.24104,-8.08555,-1.21308,-7.46517,-4.49372,-5.11021,-2.24491,-7.82711,-1.69857,-6.9418,-4.32464,-0.121563,4188.95,1.62555,4.84064,-0.189196,-9.9648,0.325113,-1.92382,-0.53067,59.2167,0.516528,-22.8965,3.13452,-223.996,1.53631,-85.1331,2.58351,-43951.2,-1.08168,-79.3598,3.97764,22.9596,2.93044,-5.40543,0.312435,-2.23955,24.2325,50.9807,-42.8907,9.85292,1045.52,10.9593,-27.0465,106.375,44586.5,72.0338,179.55,-1802.72,-240.887,-7674.88,-52.8991,-28.6849,-17.075,10394.1,-959.773,176.52,0,-280.377,-39894.3,-382.585,60.8454,-264.792,3.6129e+09,-193167,32976.1,6.32346e+07,15197.6,-379.355,10.1001,-97.797,-6113.76,111.439,5.30934,67.0486,7.85339,11785.9,-32.016,-37.054,-60.437,-0.549642,-12.4773,0.988936,3.17043e-15,-1.38814,1.14793,41.2295,96.8405,-4.75101e+06,208146,-4400.43,-6.5869,88.0127,208.721,-0.65818,-11.6717,0.399015,-6.4991,-2,-0.189196,0,4,0,9.32587e-15,-2.16493e-14,1.49603e-14,-2.61684e-09,8.18435e-09,-7.45376e-09,8.87058e-10,-9.79336e-10,5.37278e-10,0,-0.53067,0.023319,0.516523,-1.96752,3.14159,1.53631,-17.1393,2.58351,-8790.24,-0.392699,3.97764,4.59216,2.93043,-1.08109,0.523599,0,0,0,1.3653,0.325113,-0.53067,0.516528,3.13452,1.53631,2.58351,-1.08168,3.97764,2.93044,0.312435,4.26693e-05,13.4108,1.57075,0.000108847,-134.564,-12.0874,-0.109928,-2.49546,481.723,0.047418,0.0118027,1.00897,-101.33,-11387.2,1863.77,1.33312e+09,7.20788e+08,-7.21831e+08,394.514,2504.11,-2254.56
2.4,-6.62768,-2.75984,1.36534,-1.02774,0.326918,-84.7339,-0.528505,3.91959,0.619919,3.56973,3.12398,-2.5936e+07,1.52894,49060.8,2.83474,-427.929,-144,1.03423e+07,3.97401,-5.66799,3.01622,0.0702736,0.335616,-5.66242,-2.24334,-8.08511,-1.21709,-7.46432,-4.49618,-5.11242,-2.24604,-7.83028,-1.70449,-6.94035,-4.329,4.55712,49207.6,-2.98739,4.84064,-0.189196,-10.2591,0.326876,1.36041,-0.528548,36.9615,0.51865,4.77264,3.13664,-526.636,1.5289,-104.194,2.57609,-212854,-1.0891,-60.828,3.97397,10.1774,2.92677,12.5514,0.308791,-2.23955,24.2325,57.2746,-43.8347,10.7476,1418.88,22.8126,-32.5648,107.29,4580.89,95.4877,33.97,-546.418,53.6341,1546.65,15.516,-1.01184,-49.3248,-70814.2,-2308,418.9,0,-1573.95,-271511,-465.159,79.6804,-635.483,8.64588e+10,-943010,165648,6.305e+08,14883,-297.704,-27.7628,-169.268,-8156.63,55.6371,32.3646,116.612,-10.9133,17561.7,38.6651,-109.111,-177.284,3.53705,49.3215,0.988936,3.17043e-15,-1.386,29.3279,265.201,227.211,-1.99202e+07,2.45317e+06,-21317.9,1.22908,-137.059,-62.7103,0.51639,-27.8808,-0.554042,-6.4991,-2,-0.189196,0,4,5.55112e-17,1.31006e-14,1.16018e-14,-1.15463e-14,-1.20248e-08,2.51563e-08,-2.21735e-08,-2.86973e-10,1.0334e-09,-1.25827e-09,0,-0.528548,0.244641,0.518651,0.160804,3.14159,1.5289,-21.1158,2.57609,-42570.7,-0.392699,3.97397,2.03551,2.92679,2.51027,0.523599,0,0,0,1.3653,0.326876,-0.528548,0.51865,3.13664,1.5289,2.57609,-1.0891,3.97397,2.92677,0.308791,4.26693e-05,23.319,-2.18249,0.00057601,-334.394,-35.4567,0.707411,9.86429,732.713,0.047418,0.0118027,1.00897,-365.768,-2317.3,-385.511,3.13584e+10,1.72831e+10,-1.72881e+10,-1846.82,5434.74,-3795.65
2.42,-6.62801,-2.76291,1.36534,-1.05547,0.328294,-85.397,-0.524429,-0.977701,0.33651,-1.04589,3.27445,-2.59616e+07,1.52749,-6136.88,2.38891,157.079,51.5148,1.03423e+07,3.9711,-5.57906,3.01615,-0.0297835,0.331901,-5.66346,-2.24655,-8.08617,-1.22144,-7.46299,-4.49809,-5.11346,-2.24702,-7.83205,-1.70921,-6.93851,-4.33249,-0.774045,-6186,-2.89481,4.84064,-0.189196,-10.5784,0.328251,56.8072,-0.524472,-45.3757,0.522726,5.34546,3.14071,580.934,1.52745,-50.1737,2.57465,78623.9,-1.09055,-62.9859,3.97105,11.5063,2.92386,12.2732,0.305823,-2.23955,24.2325,64.4806,-44.8521,11.7761,5014.2,230.817,-105.186,86.4273,-12196.1,-184.605,84.9907,-143.769,138.479,-8076.65,14.7192,3.93165,-18.7985,-332483,2635.7,-454.279,0,-3356.44,-453183,-221.713,41.3818,711.396,1.17699e+10,353226,-62807.6,-7.69298e+07,15063,-307.737,-22.54,-165.618,-8180.79,62.3945,30.002,114.535,-11.0813,17264.7,34.7411,-107.322,-167.273,3.34046,46.46,0.988936,3.17043e-15,-1.38629,-33.1559,-2.33905,7.03583,-1.27824e+06,-306715,7932.44,0.965063,-132.758,-67.23,4.29646,31.1827,-0.562212,-6.4991,-2,-0.189196,0,4,0,6.43929e-15,-1.37668e-14,2.13163e-14,1.90144e-08,-3.96216e-08,3.39451e-08,1.5391e-09,-1.96963e-09,1.62279e-09,0,-0.524472,-3.24175,0.522715,0.695013,3.14159,1.52745,-10.3134,2.57464,15724.8,-0.392699,3.97105,2.30124,2.92382,2.45464,0.523599,0,0,0,1.3653,0.328251,-0.524472,0.522726,3.14071,1.52745,2.57465,-1.09055,3.97105,2.92386,0.305823,4.26693e-05,22.9145,-2.21664,-0.00121852,-335.607,-33.4546,0.668091,9.29201,720.345,0.047418,0.0118027,1.00897,-4551.19,4445.08,1535.54,4.28831e+09,2.35731e+09,-2.35533e+09,-1742.2,5310.08,-3728.41
2.44,-6.62764,-2.76567,1.36534,-1.08332,0.329224,-85.0844,-0.517224,-0.188892,0.735479,-1.19768,3.13238,-2.67157e+07,1.52904,43085.2,2.22084,-178.834,-60.2602,1.03413e+07,3.96746,-8921.46,2.83505,8.40295,-2.00995,-5.66356,-2.25189,-8.08755,-1.22572,-7.46174,-4.49931,-5.11357,-2.24837,-7.83267,-1.71309,-6.93669,-4.33554,0.555802,43147.7,-8916.62,4.84064,-0.189196,-10.9265,0.329181,-4.82906,-0.517266,57.4788,0.529931,31.8923,3.14793,-107.627,1.52899,-87.1885,2.57619,-88702.9,-1.08899,-64.2996,3.96742,12.2372,2.92022,-3394.71,0.302278,-2.23955,24.2325,72.8042,-45.9531,12.968,982.887,-1.54415,-28.4855,125.76,836.889,205.681,-57.3699,-145.649,-7.46495,-737.073,118.166,-40.3358,-82.584,13716.6,-423.838,115.322,0,-144.225,-5894.93,-383.826,76.9325,-125.783,1.50288e+10,-369910,86770.9,5.53424e+08,15217.6,-313.753,-18.974,-166.435,-8283.14,66.3851,28.9957,115.65,-12.2205,-7.99627e+06,-9238.78,28094.7,42066.2,-1826.18,3.50945e+06,0.988936,3.17043e-15,-1.39259,15.6301,23.0479,-5.80219,-3.77062e+07,2.15439e+06,-8863.18,-47813.6,-445927,341.559,-0.308828,-5.51888,-0.619508,-6.4991,-2,-0.189196,0,4,1.11022e-16,1.33227e-15,-1.09981e-14,1.7486e-14,-3.60729e-10,7.18367e-09,-6.61475e-09,7.67142e-10,-6.76511e-10,5.11022e-10,0,-0.517266,7.28344,0.529939,0.629894,3.14159,1.52899,-18.0016,2.5762,-17740.6,-0.392699,3.96742,2.33344,2.92027,-678.943,0.523599,0,0,0,1.3653,0.329181,-0.517266,0.529931,3.14793,1.52899,2.57619,-1.08899,3.96742,2.92022,0.302278,4.26693e-05,24.5338,-2.5048,117.427,1.60756e+06,8413.24,-365.236,701890,-327676,0.047418,0.0118027,1.00897,2240.33,-2446.25,-421.062,5.44037e+09,3.0021e+09,-3.00423e+09,8.03777e+06,-1.77296e+06,1.69277e+06
2.46,-6.62707,-2.7683,1.36534,-1.11161,0.329957,-85.7871,-0.51016,-2.43523,-0.58074,-1.45875,3.30152,-3.10143e+07,1.52823,230089,1.78677,431.83,143.991,1.03413e+07,3.96976,1.06137,2.47688,2.83324,0.408417,-5.66333,-2.25728,-8.08734,-1.22902,-7.45964,-4.50334,-5.11338,-2.2499,-7.83286,-1.71661,-6.93496,-4.3384,-3.1759,229947,3.12983,4.84064,-0.189196,-11.3115,0.329914,31.6442,-0.510203,13.0832,0.536995,43.9965,3.15498,-121.297,1.52819,-90.1808,2.57539,216639,-1.08981,-181.925,3.96972,93.1892,2.92252,-154.219,0.30454,-2.23955,24.2325,82.5151,-47.1669,14.3733,4371.75,133.545,-82.8742,98.4795,-5389.33,38.3359,5.99072,-130.716,49.8275,-4500.71,159.609,-53.5111,-165.235,15263.8,-479.591,137.507,0,-151.436,-7908.7,-394.076,85.9746,-142.196,8.99671e+10,901903,-226223,2.92876e+09,-18487.4,-805.645,253.536,-88.5752,43763.8,405.312,-158.193,61.3627,92.2612,6869.36,-678.839,229.893,-134.534,-55.5329,-888.718,0.988936,3.17043e-15,-1.41435,-35.1321,-83.6334,-9.80155,-2.14931e+08,1.15046e+07,21670,-565.708,199.197,71.5141,1.87211,-6.23581,4.6795,-6.4991,-2,-0.189196,0,4,0,-8.88178e-16,-2.86993e-14,2.33147e-14,3.80598e-10,4.33394e-09,-4.15821e-09,-1.67127e-09,3.44434e-09,-3.9162e-09,0,-0.510203,1.36356,0.536987,0.664847,3.14159,1.52819,-18.1405,2.57538,43327.9,-0.392699,3.96972,18.636,2.92253,-30.8438,0.523599,0,0,0,1.3653,0.329914,-0.510203,0.536995,3.15498,1.52819,2.57539,-1.08981,3.96972,2.92252,0.30454,4.26693e-05,12.271,18.4511,-0.00676572,10276.4,-26.9067,-11.1066,-177.744,209.745,0.047418,0.0118027,1.00897,-2585.02,693.83,116.229,3.2543e+10,1.80024e+10,-1.79972e+10,66442.2,-17824.1,1488.88
2.48,-6.62684,-2.77039,1.36534,-1.14081,0.33087,-85.1518,-0.505149,-1.16222,1.21754,-0.360414,3.0591,-3.10688e+07,1.52426,2969.07,2.80915,-65.6723,-22.1084,1.03413e+07,3.97199,-4.76563,2.99395,-1.82212,0.317883,-5.66354,-2.26074,-8.08615,-1.23121,-7.45762,-4.50687,-5.11363,-2.2506,-7.8336,-1.7198,-6.93331,-4.34076,0.137816,2993.98,-2.08956,4.84064,-0.189196,-11.7481,0.330827,-77.6701,-0.505192,134.888,0.542005,29.8838,3.15999,-223.193,1.52422,-99.0699,2.57141,-32025.6,-1.09378,-68.4118,3.97195,13.9646,2.92475,6.67745,0.306758,-2.23955,24.2325,94.0624,-48.5477,16.0773,-10815.2,-271.516,78.9342,294.338,4907.87,490.782,-187.167,-292.737,-92.0182,-12264.7,110.58,-46.0784,-72.8358,16603.5,-917.956,254.552,0,-258.791,-36783.9,-429.386,102.774,-267.459,1.97233e+09,-135469,34810.8,3.42421e+07,16514.8,-332.188,-11.5348,-172.037,-8834.91,75.3157,27.3866,118.835,-13.6801,8396.14,16.1194,-56.1668,-76.793,-0.433871,12.0852,0.988936,3.17043e-15,-1.46008,31.7629,-32.1674,36.4901,-2.72583e+06,148582,-3205.12,1.84199,-92.042,-140.434,-4.15207,-11.6993,-0.6942,-6.4991,-2,-0.189196,0,4,0,1.09357e-14,-1.31839e-15,6.66134e-15,-5.47441e-09,-1.53422e-08,1.28857e-08,-4.16723e-10,1.37014e-09,-1.15367e-09,0,-0.505192,20.3419,0.541992,-0.317714,3.14159,1.52422,-19.8647,2.57142,-6405.11,-0.392699,3.97195,2.7929,2.92475,1.33549,0.523599,0,0,0,1.3653,0.330827,-0.505192,0.542005,3.15999,1.52422,2.57141,-1.09378,3.97195,2.92475,0.306758,4.26693e-05,23.7666,-2.73599,3.27426e-05,-354.026,-15.3586,-0.0867742,2.41703,352.247,0.047418,0.0118027,1.00897,17867.3,-7291.02,1901.64,7.06182e+08,3.93146e+08,-3.93903e+08,-1794.89,3276.73,-1798.69
2.5,-6.62728,-2.77195,1.36534,-1.17144,0.332047,-85.0911,-0.50559,-0.0945678,0.736152,14.194,3.16824,-3.10688e+07,1.51661,-2.86929,2.20117,-1.40981,-1.62045,1.03413e+07,3.97166,-5.20089,3.02962,-0.643945,0.328231,-5.66459,-2.26029,-8.08407,-1.23227,-7.45626,-4.50864,-5.11468,-2.25038,-7.83527,-1.72278,-6.93189,-4.34268,0.614937,0.952339,-2.49949,4.84064,-0.189196,-12.2571,0.332004,29.9432,-0.505632,49.3951,0.541565,1.08376,3.15956,-110.866,1.51657,-97.2253,2.56376,-142.178,-1.10143,-74.0344,3.97162,17.3421,2.92442,10.91,0.306456,-2.23955,24.2325,108.231,-50.1645,18.211,4915.65,124.471,-93.2403,112.19,-2748.5,179.132,-75.059,-35.8193,24.2755,645.959,6.47424,-8.88548,-1.02603,15989.4,-424.218,152.151,0,-157.385,-5608.98,-417.214,110.919,-131.965,17025.6,-577.16,178.677,909.54,17552.8,-355.162,2.74282,-164.461,-9050.38,89.6915,19.9695,113.651,-11.8657,17083.2,20.6755,-106.27,-137.926,2.37657,34.2225,0.988936,3.17043e-15,-1.53172,3.03564,-15.0149,736.025,2.00544,-15.274,1.73362,1.12449,-113.821,-95.2264,1.23479,-5.74401,-0.602081,-6.4991,-2,-0.189196,0,4,-1.11022e-16,-2.22045e-16,7.21645e-15,-2.07612e-14,1.00794e-09,-2.7254e-09,1.65521e-09,8.024e-10,-6.8653e-10,2.59801e-10,0,-0.505632,9.46632,0.541567,0.638981,3.14159,1.51657,-19.4449,2.56376,-28.4356,-0.392699,3.97162,3.46829,2.92445,2.182,0.523599,0,0,0,1.3653,0.332004,-0.505632,0.541565,3.15956,1.51657,2.56376,-1.10143,3.97162,2.92442,0.306456,4.26693e-05,22.7253,-2.37285,0.000669489,-362.295,-27.5853,0.475314,6.84451,715.883,0.047418,0.0118027,1.00897,497.131,-1316.21,-165.892,-2310.88,2625.02,-629.801,-1662.79,5162.85,-3684.49
2.52,-6.629,-2.77329,1.36534,-1.20399,0.333008,-84.8266,-0.506667,0.0686885,0.788327,-11.3722,3.20549,-3.10688e+07,1.51069,-3.1611,2.19255,-1.03107,-1.30575,1.03333e+07,3.96918,-71651.3,2.86776,-18.1116,6.90224,-5.66682,-2.25958,-8.08389,-1.2333,-7.45687,-4.50898,-5.1169,-2.25027,-7.838,-1.72528,-6.9321,-4.34431,0.793117,0.337196,-71655.4,4.84064,-0.189196,-12.8641,0.332965,39.8264,-0.50671,81.4175,0.540488,-21.8502,3.15849,-121.517,1.51065,-102.597,2.55784,-55.9331,-1.10735,-77.013,3.96914,18.9025,2.92194,9875.46,0.303982,-2.23955,24.2325,126.314,-52.0859,20.9657,6163.52,158.928,-119.614,114.239,-2663.71,300.647,-160.696,63.8823,77.8365,819.181,-78.4708,36.076,3.57726,17932,-464.072,182.155,0,-165.375,-6780.53,-435.661,130.035,-146.43,1449.12,-225.6,77.2617,53.3241,18413.5,-366.657,12.0472,-168.023,-9484.46,96.3788,16.7091,116.492,-13.136,-1.5844e+07,18483.8,-93626.4,-114845,5298.91,2.76118e+07,0.988936,3.17043e-15,-1.62725,13.2245,-40.8357,-569.966,-11.8858,-30.1605,-1.76177,-401921,-3.58242e+06,-984.103,2.56009,-6.3489,-0.666174,-6.4991,-2,-0.189196,0,4,0,-2.15383e-14,-1.52101e-14,1.17302e-14,2.97826e-10,1.02486e-08,-5.49919e-09,1.45877e-09,-1.81331e-09,1.74907e-09,0,-0.50671,6.51835,0.540493,-0.791699,3.14159,1.51065,-20.5194,2.55785,-11.1866,-0.392699,3.96914,4.0368,2.92198,1975.09,0.523599,0,0,0,1.3653,0.332965,-0.50671,0.540488,3.15849,1.51065,2.55784,-1.10735,3.96914,2.92194,0.303982,4.26693e-05,20.309,-2.48908,717.984,1.34587e+07,-22969,1059.78,5.52236e+06,-603289,0.047418,0.0118027,1.00897,-814.55,-2874.97,239.065,-2592.27,3598.38,959.517,6.72935e+07,-2.62026e+06,2.85851e+06
2.54,-6.63098,-2.77412,1.36534,-1.23906,0.333567,-85.3068,-0.505127,0.674578,0.941753,0.366803,3.26962,-3.10688e+07,1.50697,-3.33518,2.18755,-1.37919,-1.27476,1.03332e+07,3.9667,10.253,3.24685,2.62714,0.260463,-5.66908,-2.26042,-8.08463,-1.23391,-7.45838,-4.50868,-5.11917,-2.25026,-7.84056,-1.72679,-6.9332,-4.34532,1.4883,0.127129,13.2394,4.84064,-0.189196,-13.6097,0.333524,74.8354,-0.50517,114.417,0.542027,-20.663,3.16003,-86.5757,1.50693,-104.919,2.55413,-39.4168,-1.11106,-157.127,3.96665,73.9373,2.91946,-243.588,0.301495,-2.23955,24.2325,150.353,-54.4323,24.6665,8956.43,283.426,-202.264,113.007,-2763.78,418.157,-247.387,79.6204,177.545,-3010.1,-73.9533,38.988,6.18475,14828.6,-309.738,155.597,0,-173.006,-2596.25,-440.242,149.889,-103.222,712.799,-152.894,63.6534,37.7061,10888.3,-678.914,245.362,-55.8239,12882.5,311.696,-141.249,38.8292,54.9034,99868.7,-1083.28,282.805,-225.384,-114.552,-3882.46,0.988936,3.17043e-15,-1.75369,-24.0077,-13.6442,-26.8756,-17.4938,-39.0505,-18.9576,-1228.91,658.626,55.9023,5.38536,-4.46447,2.78279,-6.4991,-2,-0.189196,0,4,2.22045e-16,4.21885e-15,2.91989e-14,-4.80171e-14,1.31604e-09,4.89651e-09,-3.11459e-09,-2.36681e-10,2.13137e-09,-2.85075e-09,0,-0.50517,7.79133,0.542032,0.195632,3.14159,1.50693,-20.9835,2.55414,-7.88336,-0.392699,3.96665,14.7802,2.91949,-48.7176,0.523599,0,0,0,1.3653,0.333524,-0.50517,0.542027,3.16003,1.50693,2.55413,-1.11106,3.96665,2.91946,0.301495,4.26693e-05,7.75981,10.9768,-0.088498,14533.2,-45.0768,-22.9104,-776.492,3895.56,0.047418,0.0118027,1.00897,-2716.65,-4240.73,995.103,-1236.14,3433.14,829.611,80159.6,3952.66,-15509.3
2.56,-6.63243,-2.77498,1.36534,-1.27756,0.334173,-80.4595,-0.501622,-10.0422,-5.2221,1.31171,3.11272,-3.10688e+07,1.50454,-6.77384,-3.41885,-14.6864,-1.13728,1.03332e+07,3.96855,-1.82182,3.46538,3.8131,0.372337,-5.6708,-2.26228,-8.08551,-1.23491,-7.45859,-4.51064,-5.12093,-2.2502,-7.84264,-1.72838,-6.9337,-4.34636,-15.2354,-9.05542,1.27122,4.84064,-0.189196,-14.5696,0.334131,19.6137,-0.501665,72.7898,0.545533,215.9,3.16352,-22.3628,1.5045,-105.647,2.5517,-6.46509,-1.1135,-203.279,3.9685,104.622,2.92131,-61.4325,0.303295,-2.23955,24.2325,183.994,-57.4538,29.9411,5472.84,82.303,-103.564,155.141,-4545.1,261.966,-169.931,31.5718,18.6712,77904.2,758.792,-414.775,7043.53,2885.24,-36.4256,74.2099,0,-226.083,-3401.94,-437.185,173.742,-22.4084,-2845.72,-16.5716,17.2576,3.44475,-3138.61,-849.035,413.444,-77.7665,39280.4,425.278,-251.302,53.9608,90.6579,19579.1,-256.864,123.544,-47.8872,-6.19575,-142.939,0.988936,3.17043e-15,-1.92484,242.362,-536.22,-11.2718,-32.5151,-211.105,-704.743,-350.488,54.9763,133.399,0.753034,-0.96762,4.59693,-6.4991,-2,-0.189196,0,4,-1.11022e-16,2.15383e-14,8.88178e-15,-1.45856e-14,1.59871e-09,2.28651e-09,-1.21165e-09,-1.24486e-09,3.4665e-09,-3.23166e-09,0,-0.501665,8.76677,0.54553,0.0103756,3.14159,1.5045,-21.1294,2.5517,-1.29302,-0.392699,3.9685,20.9262,2.92129,-12.2865,0.523599,0,0,0,1.3653,0.334131,-0.501665,0.545533,3.16352,1.5045,2.5517,-1.1135,3.9685,2.92131,0.303295,4.26693e-05,10.7933,18.1327,0.00165383,5489.1,-9.57744,-1.23915,-28.5878,735.602,0.047418,0.0118027,1.00897,793.631,-2331.8,-19840.6,2034.93,4379.73,936.459,41185.4,-11304,-2624.6
2.58,-6.63385,-2.77666,1.36534,-1.32064,0.334585,-80.6057,-0.49976,2.15891,1.30068,2.79332,3.98467,-3.10688e+07,1.50362,-0.833007,0.448956,2.78439,-1.08832,1.03332e+07,3.97076,-0.896193,3.73917,3.03243,0.35823,-5.67242,-2.26437,-8.08691,-1.23686,-7.459,-4.5136,-5.12257,-2.25126,-7.8445,-1.73056,-6.93447,-4.34817,2.61651,0.704272,2.48475,4.84064,-0.189196,-15.8739,0.334542,461.077,-0.499802,59.2182,0.547395,-59.3406,3.16539,273.312,1.50358,-89.1874,2.55078,90.547,-1.11441,-167.54,3.97072,77.9954,2.92352,-71.3778,0.305502,-2.23955,24.2325,234.728,-61.55,38.0367,-69491.8,1643.57,-1268.74,1141.15,-212444,209.629,-152.88,-44.7469,502.679,33335,-210.785,159.645,-460.65,-130697,1176.88,-484.143,0,-1003.63,-134324,-362.532,174.286,350.024,-65439.6,380.243,-168.015,-43.2882,19418.9,-704.417,335.62,-74.1883,9017.72,318.887,-187.126,51.3287,49.7148,51087.7,-317.563,85.0575,-96.7088,-23.6105,-350.457,0.988936,3.17043e-15,-2.1538,-7.30731,83.4968,79.4817,-38.8084,85.8907,158.793,-233.967,101.368,82.9082,23.0591,15.1052,2.5221,-6.4991,-2,-0.189196,0,4,-1.11022e-16,5.32907e-14,2.4869e-14,-1.42109e-14,1.00787e-08,2.0629e-08,1.58367e-09,-3.12139e-10,1.03352e-09,-1.6066e-09,0,-0.499802,9.22819,0.5474,-1.64673,3.14159,1.50358,-17.8374,2.55078,18.1094,-0.392699,3.97072,15.6014,2.9235,-14.2756,0.523599,0,0,0,1.3653,0.334542,-0.499802,0.547395,3.16539,1.50358,2.55078,-1.11441,3.97072,2.92352,0.305502,4.26693e-05,10.268,9.94409,0.00540648,3533.24,-19.3418,-4.72211,-70.0915,2006.87,0.047418,0.0118027,1.00897,-37200.5,40187.2,-5381.32,5737.73,21703.4,11508.2,24327.2,1852.8,-8822.51
2.6,-6.6348,-2.77858,1.36534,-1.36987,0.335026,-80.7752,-0.499084,2.15312,-0.122708,1.89016,6.87181,-3.10688e+07,1.50672,-4.89344,1.83098,-1.26365,-1.78521,1.03202e+07,3.96964,38634.8,-4.83489,-78.5106,27.5363,-5.6736,-2.26599,-8.08985,-1.24007,-7.45946,-4.51505,-5.12376,-2.25251,-7.84592,-1.73302,-6.93474,-4.35022,-1.69981,-1.27726,38602.4,4.84064,-0.189196,-17.7942,0.334983,389.843,-0.499127,-83.0265,0.548071,-400.191,3.16606,-773.343,1.50668,-181.34,2.55387,-263.405,-1.11132,-576.578,3.9696,359.344,2.9224,40890.7,0.304365,-2.23955,24.2325,319.687,-67.5801,51.8939,-30884.4,1372,-1306.3,668.526,-152261,-292.113,279.013,-300.636,328.67,233283,-1403.45,1300.7,-2608.28,-138943,-3040.35,1914.88,0,-2120.31,-572722,-724.543,438.01,-957.571,-145975,-1045.56,642.748,134.065,-460853,-2189.36,2060.01,-1755.83,686861,1341.49,-1365.97,1216.59,409.125,-5.11235e+08,153137,-153642,159518,22074.9,-1.52291e+07,0.988936,3.17043e-15,-2.46191,-8.47632,104.755,24.8513,-29.2462,-116.976,-37.6458,-648990,1.93189e+06,-4004.21,17.0494,-41.4092,20.7503,-6.4991,-2,-0.189196,0,4,-2.22045e-16,-2.17604e-14,1.05693e-13,-6.75016e-14,-1.08067e-09,-2.17029e-09,-1.27801e-09,-4.43987e-09,7.10469e-09,-8.99308e-09,0,-0.499127,-16.5499,0.548063,-2.47345,3.14159,1.50668,-36.2677,2.55387,-52.681,-0.392699,3.9696,70.641,2.92236,8178.14,0.523599,0,0,0,1.3653,0.334983,-0.499127,0.548071,3.16606,1.50668,2.55387,-1.11132,3.9696,2.9224,0.304365,4.26693e-05,238.523,81.1686,461.339,2.27715e+08,31903.6,4414.99,-3.04583e+06,-2.03738e+07,0.047418,0.0118027,1.00897,-43527.6,34472.4,-37059.1,-54775.1,81562.7,35221.8,1.13871e+09,-1.00388e+08,1.01215e+08
2.62,-6.63548,-2.77998,1.36534,-1.4275,0.334997,-81.2286,-0.497018,1.60066,-0.0627441,1.67796,-24.7088,-3.10688e+07,1.50911,-3.575,1.98548,-0.582346,-1.56288,1.03106e+07,3.96528,37236,2.66945,21.5681,-6.21352,-5.67422,-2.26858,-8.09167,-1.24202,-7.46087,-4.51419,-5.12442,-2.25395,-7.84656,-1.73438,-6.93545,-4.35161,29.3883,-0.0266391,37244.9,4.84064,-0.189196,-20.9618,0.334955,366.064,-0.49706,-121.942,0.550137,-42851.6,3.16814,-351.465,1.50906,-165.35,2.55626,-163.166,-1.10892,-176.777,3.96524,79.2365,2.91804,-9826.76,0.300049,-2.23955,24.2325,487.184,-77.4967,79.8456,-8633.31,1265.94,-1590.22,471.92,-137850,-421.404,528.357,-304.59,311.144,7.08132e+08,-147658,179300,-2.55113e+07,46514.3,-1306.92,1208.21,0,-391.373,-87490,-641.941,535.881,-424.708,-8045.06,-620.734,543.987,158.208,40883,-718.356,526.259,-140.119,-6546.86,313.178,-272.183,97.6423,25.2279,-7.93901e+06,-50989.1,-14611.1,-49708.7,-5266.99,-1.42277e+07,0.988936,3.17043e-15,-2.88101,-22.6682,88.3517,5.44227,-11.6338,-50.9347,21.1057,-483514,1.86195e+06,999.902,15.9443,-18.3952,1.27828,-6.4991,-2,-0.189196,0,4,2.22045e-16,0,-7.99361e-15,-3.95062e-12,-3.75117e-09,-9.36244e-09,3.11164e-09,2.69277e-09,-5.63572e-09,5.85254e-09,0,-0.49706,-23.719,0.550147,-0.0355285,3.14159,1.50906,-33.07,2.55627,-32.6331,-0.392699,3.96524,15.8333,2.91804,-1965.35,0.523599,0,0,0,1.3653,0.334955,-0.49706,0.550137,3.16814,1.50906,2.55626,-1.10892,3.96524,2.91804,0.300049,4.26693e-05,19.4582,5.03812,-20.0787,1.35969e+07,-9941.74,-1053.4,-2.84554e+06,-309141,0.047418,0.0118027,1.00897,-40630.1,33969.9,-1.40424e+08,-17415.6,15953,6016.09,6.79879e+07,-1.94142e+06,1.70301e+06
2.64,-6.63643,-2.78106,1.36534,-1.4967,0.334303,-82.9793,-0.4956,0.651342,0.442401,1.68431,-131.096,-3.10688e+07,1.50836,-3.41641,1.85544,-1.4369,-2.55609,1.03106e+07,3.95965,-35.3621,2.90515,0.256138,0.687743,-5.6748,-2.27148,-8.09153,-1.24207,-7.46384,-4.51206,-5.12501,-2.25608,-7.84679,-1.73462,-6.9375,-4.35248,135.331,0.995125,-33.1447,4.84064,-0.189196,-27.3642,0.33426,306.067,-0.495642,-26.5857,0.551555,-202734,3.16954,-349.849,1.50831,-201.358,2.55551,-339.134,-1.10968,-77.4284,3.9596,2.63698,2.91241,554.827,0.294365,-2.23955,24.2325,929.378,-97.4853,155.748,36216.4,1034.24,-1983.5,293.568,-110393,-90.9203,204.544,-171.922,244.271,1.86514e+10,-682878,1.2598e+06,-6.57218e+08,79535.4,-1241.14,1864.57,0,-370.187,-74976,-750.019,1010.55,-415.957,74315.3,-1233.74,1753.92,1442.85,31078.4,-364.033,42.6196,-496.871,-21138.5,43.775,155.408,348.8,-107.055,58044.4,1671.25,-5036,-2351.63,266.219,10384.9,0.988936,3.17043e-15,-3.46033,-87.5392,37.4949,5.69095,-26.4208,-43.043,-2.13356,-446.231,-1622.48,-63.0985,12.6311,-18.0072,-5.41732,-6.4991,-2,-0.189196,0,4,-2.22045e-16,2.77556e-14,1.64313e-13,-1.65983e-11,2.89436e-09,2.04989e-08,-1.67807e-08,3.34397e-09,-4.28116e-09,3.7644e-09,0,-0.495642,-5.26583,0.551551,-0.0133853,3.14159,1.50831,-40.2712,2.55551,-67.8267,-0.392699,3.9596,0.509684,2.91236,110.965,0.523599,0,0,0,1.3653,0.33426,-0.495642,0.551555,3.16954,1.50831,2.55551,-1.10968,3.9596,2.91241,0.294365,4.26693e-05,69.8466,-21.4229,-0.333128,41306.1,-470.327,53.2438,2076.99,5807.02,0.047418,0.0118027,1.00897,-49478.6,23847.1,-3.72267e+09,-8856.19,21774.9,-3138.33,203661,55888.1,-37839
2.66,-6.6372,-2.78227,1.36534,-1.58204,0.333813,-79.7184,-0.494699,-11.7017,4.10771,1.3177,13.9945,-3.10688e+07,1.5086,-4.2662,1.44016,-0.648046,-1.37918,1.03106e+07,3.95103,4.68831,2.09161,37.5324,0.258875,-5.67529,-2.27392,-8.09191,-1.24275,-7.46673,-4.5086,-5.12552,-2.25803,-7.84704,-1.73523,-6.93904,-4.35354,-18.4469,-1.44686,6.52105,4.84064,-0.189196,-48.1085,0.333771,-1156.43,-0.494742,813.921,0.552456,7951.29,3.17044,-314.859,1.50856,-314.473,2.55576,-171.154,-1.10943,-362.554,3.95099,180.664,2.90379,-10.4914,0.285775,-2.23955,24.2325,3303.12,-162.303,579.181,-1.82533e+06,-3760.6,13963.4,5857.16,-1.23546e+06,2648.66,-9982.81,-2739.05,-1054.05,5.88015e+07,25870.5,-97212.3,242533,168438,-1027.44,3772.42,0,-513.301,-32492.1,-1095.58,3518.08,-348.583,19713.9,-575.571,1988.73,284.333,199786,-1299.01,3916.09,-371.826,-58888.4,632.149,-2087.59,263.95,18.7248,148663,-61.7856,-101.152,-190.154,-0.124692,-20.9787,0.988936,3.17043e-15,-4.26687,163.046,-586.952,-10.9793,-10.4332,-85.5199,27.5984,-44.0997,379.607,1823.69,-54.732,-15.093,0.945599,-6.4991,-2,-0.189196,0,4,-4.44089e-16,-4.08562e-14,5.04485e-13,5.15143e-14,-1.7664e-09,-2.70521e-08,1.47472e-08,1.01079e-09,8.66875e-09,-8.38841e-09,0,-0.494742,162.561,0.552449,1.72742,3.14159,1.50856,-62.8942,2.55576,-34.2308,-0.392699,3.95099,36.1356,2.90377,-2.09828,0.523599,0,0,0,1.3653,0.333771,-0.494742,0.552456,3.17044,1.50856,2.55576,-1.10943,3.95099,2.90379,0.285775,4.26693e-05,52.7968,3.74525,0.000312963,4489.2,-38.0308,-0.0249385,-4.19573,6032.84,0.047418,0.0118027,1.00897,747476,176455,-1.23023e+07,-24854.5,22699.5,7510.7,20927.6,25388.2,-29920.2
2.68,-6.63825,-2.78318,1.36534,-1.69009,0.333856,-95.9079,-0.494117,38.5112,-11.8403,9.90168,6.91508,-3.10688e+07,1.51057,9.79825,8.68387,5.36522,-0.23805,1.03106e+07,3.94034,105.297,-22.3645,85.5157,2.741,-5.67636,-2.27508,-8.09397,-1.24419,-7.46934,-4.50388,-5.1266,-2.25888,-7.84814,-1.73619,-6.94002,-4.35446,22.8974,18.7202,80.1915,4.84064,-0.189196,276.964,0.333813,3757.95,-0.49416,-2815.4,0.553038,-727.766,3.17103,1224.83,1.51052,1612.09,2.55772,486.746,-1.10747,-6900.01,3.9403,5278.61,2.8931,-5550.01,0.275092,-2.23955,24.2325,131423,854.104,25112.9,-2.67544e+07,11668.4,341620,-17277.5,-1.82621e+07,-8741.87,-254522,5585.12,3790.15,-119566,-2259.59,-65871.8,-3661.99,3.71819e+06,3826.97,110466,0,2937.93,-209544,4931.36,148133,1197.17,285333,1509.01,44211.2,-535.24,-1.20413e+08,-21518.2,-608833,51505.6,1.576e+08,16414,468273,-37068.8,8171.87,-3.72649e+07,-17249.9,-492744,32243.5,-598.766,-13239.8,0.988936,3.17043e-15,-5.40261,-809.473,1915.5,444.734,236.037,617.801,321.156,1983.88,5409.5,4218.24,192.965,51.903,411.584,-6.4991,-2,-0.189196,0,4,1.77636e-15,-1.06581e-13,5.40012e-13,-8.10019e-13,1.11975e-08,3.65722e-08,-5.58827e-09,-1.09188e-07,-1.66706e-07,1.52098e-07,0,-0.49416,-540.577,0.553032,-36.7379,3.14159,1.51052,322.417,2.55772,97.3493,-0.392699,3.9403,1055.82,2.89309,-1110,0.523599,0,0,0,1.3653,0.333813,-0.49416,0.553038,3.17103,1.51052,2.55772,-1.10747,3.9403,2.8931,0.275092,4.26693e-05,-7414.38,1634.45,0.115869,2.20473e+07,6448.71,-119.753,-2647.95,-958177,0.047418,0.0118027,1.00897,9.24294e+06,2.47444e+06,-320332,-96181.6,615414,174230,1.31517e+08,-3.42142e+07,4.87976e+06
2.7,-6.63909,-2.78378,1.36534,-1.8305,0.334131,-97.587,-0.4945,-18.8512,-2.85062,-22.1121,186.748,-3.10688e+07,1.51299,-0.0158638,1.21258,-1.23347,0.541416,1.04231e+07,3.92962,-137546,7.63894,-91.1236,30.6902,-5.67734,-2.27506,-8.09628,-1.24572,-7.47131,-4.49889,-5.12757,-2.25906,-7.84926,-1.73713,-6.94042,-4.35514,-205.308,0.655303,-137569,4.84064,-0.189196,21.1431,0.334089,-2482.16,-0.494542,1280.53,0.552655,-182.141,3.17065,706.124,1.51295,144.591,2.56014,380.552,-1.10505,317.595,3.92958,-225.652,2.88238,45829.8,0.264383,-2.23955,24.2325,995.139,54.2491,224.203,-5.54319e+06,-7103.66,-24593.6,-25543.4,-4.47362e+06,3663.32,12749.2,14668.2,-2123.68,-1.7282e+06,-520.884,-1813.91,501.029,-188350,1539.64,8831.33,0,1973.88,-493114,297.209,1860.22,841.152,-171300,802.27,4837.74,-526.946,28763.1,769.52,3348.99,261.553,73151.4,-592.851,-2174.44,-190.832,-156.183,-5.34379e+08,112138,478298,71139.2,24515.1,4.99061e+07,0.988936,3.17043e-15,-7.02059,-83.9549,-938.282,-1110.65,60.4709,127.216,-4.57893,5.6228e+06,-6.87714e+06,-4634.67,-109.946,36.526,-7.84446,-6.4991,-2,-0.189196,0,4,-3.33067e-16,1.06581e-14,5.8975e-13,-4.65405e-13,-2.76702e-08,5.80163e-08,-3.29056e-08,2.63752e-09,-4.52249e-09,6.94854e-09,0,-0.494542,254.24,0.552653,-38.1371,3.14159,1.51295,28.9177,2.56014,76.1104,-0.392699,3.92958,-45.185,2.88238,9165.95,0.523599,0,0,0,1.3653,0.334089,-0.494542,0.552655,3.17065,1.51295,2.56014,-1.10505,3.92958,2.88238,0.264383,4.26693e-05,-38.2512,-31.2658,-59.261,2.93917e+08,14227.8,4903.01,9.98122e+06,-2.20468e+07,0.047418,0.0118027,1.00897,1.59342e+06,595484,335810,4101.72,52897.3,62363,1.46958e+09,-1.08421e+08,1.09501e+08
2.72,-6.63898,-2.78442,1.36534,-2.01673,0.334431,-97.307,-0.493575,-1.11643,0.768983,-4.39504,3.21174,-3.10688e+07,1.51111,1.28373,2.51226,-0.821021,-1.09972,1.04332e+07,3.91773,-44113.6,2.42866,-13.922,5.32552,-5.67738,-2.27575,-8.09557,-1.24627,-7.47241,-4.49328,-5.12763,-2.25925,-7.84947,-1.73813,-6.93985,-4.35588,-0.417596,4.89571,-44116.5,4.84064,-0.189196,6.60828,0.334388,-77.7313,-0.493618,48.3207,0.55358,0.233625,3.17157,22.996,1.51107,16.4297,2.55827,3.47133,-1.10692,60.5578,3.91768,-56.2743,2.87049,7625.98,0.252472,-2.23955,24.2325,150.924,8.80092,48.1794,6469.21,-203.904,-313.835,-74.0534,-16143.5,131.704,157.355,126.77,-133.901,-6803.55,5.0111,-33.1108,-0.878457,708.584,154.478,-4.13664,0,43.8834,483.57,-51.5795,268.648,10.9705,129.718,34.7194,-19.2884,-2.31034,5732.97,-8.73413,549.836,80.936,-1761.97,-79.7584,-349.34,-59.9471,-13.8774,-9.84258e+06,-21668.6,106826,41492.8,4083.01,1.55568e+07,0.988936,3.17043e-15,-9.31132,13.9973,-8.30517,-167.683,-15.3103,192.102,-2.37824,507524,-2.20554e+06,-774.614,-4.04533,0.475792,-0.69476,-6.4991,-2,-0.189196,0,4,8.32667e-17,-4.77396e-15,-4.88498e-15,-1.28786e-14,2.39608e-10,-1.13444e-10,1.82447e-10,6.6165e-10,-1.47563e-09,2.46166e-09,0,-0.493618,3.26074,0.553574,-0.656851,3.14159,1.51107,3.28589,2.55827,0.694267,-0.392699,3.91768,-11.3585,2.87047,1525.2,0.523599,0,0,0,1.3653,0.334388,-0.493618,0.55358,3.17157,1.51107,2.55827,-1.10692,3.91768,2.87049,0.252472,4.26693e-05,-12.5497,-2.83072,-209.771,8.17908e+06,8298.55,816.601,3.11136e+06,-592641,0.047418,0.0118027,1.00897,-1632.28,2678.52,1039.07,-2731.27,2091.97,-32.5343,4.08947e+07,-2.65881e+06,2.84127e+06
2.74,-6.63889,-2.78547,1.36534,-2.26454,0.334659,-97.2213,-0.490097,-1.51414,2.61671,-2.0553,-3.94031,-3.10688e+07,1.50844,-1.18179,2.43573,1.3593,-1.08498,1.04375e+07,3.9045,16505.3,3.1927,8.82081,-2.19094,-5.67734,-2.27838,-8.0944,-1.24694,-7.47372,-4.48736,-5.12765,-2.25996,-7.84961,-1.73946,-6.93939,-4.357,8.18448,2.33892,16510.7,4.84064,-0.189196,1.30023,0.334616,-49.7341,-0.490139,527.937,0.557058,12540.4,3.17505,39.8734,1.5084,-11.8862,2.55559,8.17983,-1.1096,-0.944134,3.90446,-17.1591,2.85726,-3655.62,0.239262,-2.23955,24.2325,18.6053,-7.80174,17.0863,803.366,-100.781,-155.593,-23.0346,21977.4,927.02,2062.52,384.856,-9853.42,-2.34703e+08,22323.1,48120.8,-1.92766e+06,-894.557,332.506,-114.337,0,-75.4047,-2397.14,-130.712,87.014,38.1109,-678.111,75.3931,-34.9233,-4.07971,169.436,-200.346,192.713,42.2416,-332.847,44.2995,-124.534,-31.8103,8.18312,-3.06016e+06,-48250.1,30133.2,17737.4,-1957.73,-6.06461e+06,0.988936,3.17043e-15,-12.3908,4.28513,0.163759,-24.5538,28.222,68.6925,68.1945,215114,825409,362.531,-27.3186,1.64996,0.40814,-6.4991,-2,-0.189196,0,4,-2.77556e-17,-3.35842e-15,1.06581e-14,-1.42109e-14,1.04823e-09,-2.70896e-09,-1.47598e-09,-2.47478e-10,1.31217e-10,1.75334e-10,0,-0.490139,0.29115,0.557054,-0.00917919,3.14159,1.5084,-2.37722,2.5556,1.63597,-0.392699,3.90446,-3.4217,2.85726,-731.124,0.523599,0,0,0,1.3653,0.334616,-0.490139,0.557058,3.17505,1.5084,2.55559,-1.1096,3.90446,2.85726,0.239262,4.26693e-05,-6.41154,1.6421,16.8871,1.8347e+06,3547.49,-391.546,-1.21292e+06,-197081,0.047418,0.0118027,1.00897,-108.022,41.1554,4.73362e+07,-4586.82,2657.34,-198.574,9.17522e+06,-1.13242e+06,1.04399e+06
2.76,-6.63943,-2.78686,1.36534,-2.58238,0.334814,-99.1973,-0.48741,-1.52155,1.47354,-1.82811,-47.7923,-3.10688e+07,1.50605,-33.6541,2.64721,-64.6615,-1.11157,1.05542e+07,3.88988,1.89792e+06,0.247365,557.18,-184.271,-5.67792,-2.28102,-8.09392,-1.24793,-7.47588,-4.48096,-5.12828,-2.26111,-7.85032,-1.74104,-6.9397,-4.35843,50.8859,-29.8953,1.89811e+06,4.84064,-0.189196,-1.5252,0.334771,-23.755,-0.487453,257.887,0.559745,82403.1,3.17774,5.72725,1.506,-30.2758,2.5532,-0.314654,-1.11199,-466.342,3.88983,336.253,2.84264,-276931,0.224629,-2.23955,24.2325,-13.4595,-16.6425,7.77574,4.98376,-14.6504,-77.085,2.82374,53890.7,-345.684,1492.33,-66.847,-6723.94,-1.077e+10,-98717.3,461593,-1.67494e+08,-418.502,36.3808,25.4541,0,-61.5545,-693.86,-202.538,45.5456,-1.42143,-331.708,-2.05962,4.37951,0.161138,355014,-419.185,-1124.99,9126.86,-7602.05,203.732,872.112,-6999.05,430.318,-1.71693e+10,-164667,-720061,5.56967e+06,-148500,-6.62541e+08,0.988936,3.17043e-15,-15.8918,-98.7994,0.594471,-12.8905,-17.9299,-1555.04,-3245.63,5.83541e+06,9.48964e+07,27780.5,-13.0481,-0.0614406,21.3685,-6.4991,-2,-0.189196,0,4,-1.66533e-16,-5.44703e-16,-1.77636e-15,-1.13687e-13,-4.17806e-10,6.12513e-10,1.95583e-10,-1.92833e-09,2.85392e-09,-3.46154e-09,0,-0.487453,0.0624632,0.55975,-0.00938321,3.14159,1.506,-6.05517,2.5532,-0.0629308,-0.392699,3.88983,69.8511,2.84262,-55386.1,0.523599,0,0,0,1.3653,0.334771,-0.487453,0.559745,3.17774,1.506,2.5532,-1.11199,3.88983,2.84264,0.224629,4.26693e-05,-1452.11,87.4605,6214.04,1.06532e+10,1.11393e+06,-29700.1,-1.32508e+08,-6.84485e+08,0.047418,0.0118027,1.00897,-294.064,2620.38,2.16001e+09,-1192.56,1925.08,371.148,5.32658e+10,-3.4335e+09,3.42686e+09
2.78,-6.63978,-2.78827,1.36534,-2.94605,0.334872,-99.6023,-0.48648,-1.49679,-1.97235,-1.12199,16.1684,-3.10688e+07,1.50341,-0.95551,1.94457,3.23907,-1.04182,1.07193e+07,3.87444,29965.5,2.95633,20.063,-6.09483,-5.67828,-2.28283,-8.09303,-1.24877,-7.47795,-4.47411,-5.12865,-2.26243,-7.85073,-1.74252,-6.93995,-4.35986,-16.4959,2.03088,29974.5,4.84064,-0.189196,-3.35785,0.33483,70.976,-0.486523,-494.855,0.560675,-18328.7,3.17866,36.8668,1.50337,-38.0728,2.55057,5.61675,-1.11462,-57.5449,3.87439,21.2774,2.8272,-9191.07,0.209207,-2.23955,24.2325,-20.0199,-22.3789,4.4249,4623.38,496.865,-202.197,349.52,45946,-3172.94,1196.08,-2183.46,3158.92,-4.14001e+08,-117709,44435.6,3.72149e+06,-3796.18,232.318,-8.54616,0,-133.515,-4468.62,-219.095,24.1438,39.561,-1687.35,34.4476,-2.22164,-6.12105,722.512,-340.805,29.7058,7.09703,2176.3,141.099,-17.8415,-5.54686,30.4065,-1.70087e+07,-43305.7,-437.709,2054.22,-4931.58,-1.03416e+07,0.988936,3.17043e-15,-18.1833,-20.249,-3.77817,22.1924,-6.12233,79.755,132.027,8.25397e+06,1.49841e+06,924.653,24.4586,1.707,1.50254,-6.4991,-2,-0.189196,0,4,-1.11022e-16,2.22045e-15,3.55271e-15,-2.84217e-14,6.49438e-11,-1.20685e-09,-1.29474e-09,-3.36964e-10,-1.04522e-09,1.4046e-09,0,-0.486523,-2.20685,0.560666,-0.0127771,3.14159,1.50337,-7.61457,2.55057,1.12335,-0.392699,3.87439,4.22625,2.8272,-1838.21,0.523599,0,0,0,1.3653,0.33483,-0.486523,0.560675,3.17866,1.50337,2.55057,-1.11462,3.87439,2.8272,0.209207,4.26693e-05,-1.10284,6.06555,-32.8148,1.17594e+07,410.844,-986.315,-2.06832e+06,-678758,0.047418,0.0118027,1.00897,-8345.06,32349.1,8.39015e+07,-2404.05,2783.24,438.222,5.88007e+07,-3.76304e+06,3.54095e+06
2.8,-6.63971,-2.78917,1.36534,-3.28339,0.335146,-100.315,-0.484488,-1.27537,-0.0821745,-1.47307,3.58555,-3.10688e+07,1.50264,-1.4037,2.21528,1.94708,-2.12705,1.058e+07,3.85888,41593.5,3.08319,25.7646,-7.89515,-5.67831,-2.28442,-8.09287,-1.24981,-7.47917,-4.46668,-5.12873,-2.26292,-7.85095,-1.74375,-6.93945,-4.36084,-1.8015,2.93863,41604.4,4.84064,-0.189196,-4.71681,0.335103,44.8002,-0.48453,-163.612,0.562667,-59.7624,3.18065,61.7599,1.50259,-43.6534,2.54979,-1.37915,-1.1154,-75.1773,3.85883,34.4093,2.81164,-12009.6,0.193616,-2.23955,24.2325,-17.6523,-26.6326,3.30577,1590.27,263.206,-67.581,87.9624,-6109.37,-871.771,197.937,-303.839,575.907,6046.96,-321.366,73.9676,286.993,-8501.07,359.828,-15.0615,0,-206.886,-9703.89,-232.452,17.3332,72.3058,-1446.13,-7.46712,0.414083,-45.0556,-6728.57,-505.722,65.7314,-14.3934,10040.8,271.768,-48.3271,11.465,38.247,-2.89742e+07,-86081.4,12899.7,-4372.96,-6457.05,-1.40661e+07,0.988936,3.17043e-15,-16.867,-35.6189,0.513133,-12.0601,-1.99188,57.3069,40.0053,-6.96369e+06,2.07981e+06,1209.73,8.41828,3.11826,1.8802,-6.4991,-2,-0.189196,0,4,-3.33067e-16,3.88578e-15,-8.88178e-16,-1.77636e-15,-1.09938e-10,-7.2713e-10,-7.09566e-10,-8.5777e-10,1.61852e-09,-2.17659e-09,0,-0.48453,-2.59835,0.562659,0.0344138,3.14159,1.50259,-8.7307,2.54979,-0.27583,-0.392699,3.85883,7.10469,2.81161,-2401.92,0.523599,0,0,0,1.3653,0.335103,-0.48453,0.562667,3.18065,1.50259,2.54979,-1.1154,3.85883,2.81164,0.193616,4.26693e-05,2.37413,7.76958,260.247,2.01034e+07,-874.592,-1291.41,-2.81323e+06,-1.20248e+06,0.047418,0.0118027,1.00897,-3967.67,11086.8,981.919,-3765.35,3627.9,549.541,1.00524e+08,-6.497e+06,6.20468e+06
2.82,-6.63973,-2.78917,1.36534,-3.53424,0.336049,-100.922,-0.485439,-1.12325,0.491732,0.311383,3.14455,-3.10688e+07,1.50427,-1.46849,2.20242,1.86067,-2.21992,1.0459e+07,3.84786,39033.7,2.7037,24.478,-7.40316,-5.67883,-2.28254,-8.09464,-1.2513,-7.4789,-4.46106,-5.12923,-2.26155,-7.85191,-1.74484,-6.93806,-4.36111,-0.634474,2.95385,39043.8,4.84064,-0.189196,-5.79878,0.336007,20.7056,-0.485482,-14.9904,0.561716,-3.21062,3.17972,76.3025,1.50423,-48.6597,2.55143,-7.32324,-1.11376,-81.3742,3.84782,38.8265,2.80062,-11363.4,0.182674,-2.23955,24.2325,-11.3815,-30.0224,3.25068,1177.69,127.243,-33.712,43.3424,-2088.79,-91.7125,24.3241,-62.6454,50.9694,474.044,-10.2542,0.182989,-4.68827,-12615.2,424.447,-18.0787,0,-257.834,-13940.2,-246.887,16.8075,91.6279,-594.036,-38.8777,2.07888,-84.8441,-401.803,-451.837,36.1255,-14.8329,5563.65,229.199,-25.2017,11.9738,36.9928,-2.2401e+07,-61349.9,3977.77,-4442.58,-6120.96,-1.30432e+07,0.988936,3.17043e-15,-12.5426,-30.3674,-14.7039,-11.8807,-1.87332,54.1492,31.7387,-6.05313e+06,1.95183e+06,1145.4,1.789,3.95589,1.81157,-6.4991,-2,-0.189196,0,4,-1.38778e-17,-2.72005e-15,-1.18239e-14,9.76996e-15,1.94573e-09,-5.96264e-09,-5.81835e-09,2.48016e-10,-1.99439e-09,2.53243e-09,0,-0.485482,-1.37312,0.561726,-0.879183,3.14159,1.50423,-9.73198,2.55143,-1.46465,-0.392699,3.84782,7.41948,2.80067,-2272.69,0.523599,0,0,0,1.3653,0.336007,-0.485482,0.561716,3.17972,1.50423,2.55143,-1.11376,3.84782,2.80062,0.182674,4.26693e-05,2.25966,7.21179,-395.586,1.8011e+07,-888.516,-1224.19,-2.60864e+06,-906020,0.047418,0.0118027,1.00897,-2061.11,1114.77,-53.3446,-4517.24,4507.43,492.795,9.00602e+07,-4.98762e+06,4.71202e+06
2.84,-6.64015,-2.78858,1.36534,-3.70331,0.336885,-100.445,-0.483795,0.826281,0.660386,1.92589,3.29645,-3.10688e+07,1.5061,-1.40404,2.15225,2.41034,-1.29444,1.0459e+07,3.84495,-9.83493,2.77504,-1.78118,0.179673,-5.67965,-2.2816,-8.09683,-1.25217,-7.47829,-4.45912,-5.13008,-2.2597,-7.8532,-1.74527,-6.93716,-4.36077,1.33181,2.04264,-7.23956,4.84064,-0.189196,-6.66257,0.336842,-1.3666,-0.483838,25.396,0.563359,-20.269,3.18136,91.974,1.50605,-52.4206,2.55325,18.2648,-1.11193,-45.7248,3.8449,9.13283,2.79771,3.67431,0.179724,-2.23955,24.2325,-3.61649,-32.7345,3.73737,502.161,23.8902,-17.496,57.5065,7.31068,95.0434,-9.48637,-49.6757,3.46066,912.601,-89.1728,16.0506,-74.1305,-17473.3,493.364,-24.6763,0,-311.284,-19013,-257.5,19.0585,112.049,-7470.53,94.4732,-5.70839,-14.753,7526.74,-198.608,-20.1632,-100.488,-5005.14,22.0735,20.8723,81.4048,-3.72826,8692.15,65.9468,-45.2684,-98.0106,0.979116,13.571,0.988936,3.17043e-15,-8.45339,23.8349,61.2002,32.8552,-12.0055,57.4625,97.8334,-3.70276,-351.859,-153.875,0.165785,4.84343,-0.182387,-6.4991,-2,-0.189196,0,4,-7.97973e-17,7.32747e-15,6.99094e-15,7.88258e-15,8.89743e-10,-3.29882e-09,-3.11165e-09,5.76485e-10,-5.20873e-10,3.69392e-10,0,-0.483838,4.31568,0.563367,-0.21331,3.14159,1.50605,-10.4838,2.55326,3.65297,-0.392699,3.8449,1.82652,2.79772,0.734861,0.523599,0,0,0,1.3653,0.336842,-0.483838,0.563359,3.18136,1.50605,2.55325,-1.11193,3.8449,2.79771,0.179724,4.26693e-05,16.2796,-0.745615,0.000106604,-231.339,-19.6021,0.195823,2.71421,424.22,0.047418,0.0118027,1.00897,1084.97,-1140.27,264.739,-2991.81,5345.29,1383.77,-638.197,3080.25,-2069.85
2.86,-6.64023,-2.78788,1.36534,-3.81961,0.337329,-101.15,-0.483373,-1.2604,0.580422,1.28166,3.04779,-3.10688e+07,1.50777,-1.22285,2.11016,1.18447,-0.883728,1.0459e+07,3.84617,-4.47972,2.78494,0.0540435,0.218012,-5.67996,-2.28044,-8.0982,-1.25242,-7.47755,-4.45921,-5.1304,-2.25833,-7.85375,-1.7451,-6.93654,-4.3602,-0.586176,1.77103,-1.91278,4.84064,-0.189196,-7.34912,0.337287,29.4092,-0.483416,3.13276,0.563782,-34.9697,3.18177,220.879,1.50773,-46.6626,2.55492,71.2889,-1.11026,-31.3419,3.84613,-3.3563,2.79893,10.9798,0.180955,-2.23955,24.2325,4.30374,-34.8924,4.457,1987.49,147.354,-40.8707,55.7624,-2139.76,1.69839,6.17305,-48.5066,33.8777,1241.19,-147.174,27.9523,-144.649,-59587.8,1108.99,-79.201,0,-828.501,-76904.9,-223.817,19.0072,273.618,-31974.7,351.538,-27.0512,-34.5047,6059.07,-126.705,-38.0855,-171.581,-4485.72,-38.7853,36.2043,138.792,-22.453,3242.25,74.1113,-33.2698,-82.2627,-0.255025,22.4195,0.988936,3.17043e-15,-5.81494,-35.2322,-42.8377,-1.39795,-17.1407,66.6058,79.2936,-1.95811,-84.0372,-48.6386,1.61886,11.8406,-1.09888,-6.4991,-2,-0.189196,0,4,-8.32667e-17,-6.88338e-15,-6.43929e-15,-1.02141e-14,4.58351e-10,-1.79429e-09,-8.64333e-10,1.61656e-10,9.58718e-11,-2.96741e-10,0,-0.483416,0.528438,0.563779,-0.457916,3.14159,1.50773,-9.33214,2.55493,14.2578,-0.392699,3.84613,-0.671078,2.79895,2.19597,0.523599,0,0,0,1.3653,0.337287,-0.483416,0.563782,3.18177,1.50773,2.55492,-1.11026,3.84613,2.79893,0.180955,4.26693e-05,27.7556,-4.49033,0.00028346,-193.034,-16.4525,-0.0510051,4.48391,168.382,0.047418,0.0118027,1.00897,-2084.2,233.811,460.96,-5097.27,13971.9,5326.65,-1278.99,2523.06,-907.942
2.88,-6.63973,-2.78737,1.36534,-3.90488,0.33783,-100.672,-0.482276,0.313187,0.731426,2.34247,2.99901,-3.10688e+07,1.5076,11.1875,4.34486,4.82304,0.42418,1.0459e+07,3.84976,-6.21768,2.57221,0.996737,0.339079,-5.6797,-2.27978,-8.09814,-1.25247,-7.47592,-4.46076,-5.13017,-2.25706,-7.85377,-1.7452,-6.93526,-4.35984,1.1872,15.1082,-3.98455,4.84064,-0.189196,-7.91167,0.337787,-13.6358,-0.482319,42.4905,0.564879,-2.63045,3.18287,3879.25,1.50756,227.635,2.55476,1641.45,-1.11043,-18.824,3.84971,-14.1664,2.80251,56.4299,0.184506,-2.23955,24.2325,11.9324,-36.6635,5.2677,-189.568,-30.8204,-10.4596,91.0924,-68.6238,163.109,-25.9654,-64.0945,-9.93859,808.337,-12.2107,3.60882,-6.9744,-8.94156e+06,18482.5,-1736.81,0,-135293,-1.76454e+07,1083.88,-102.152,4843.21,-6.26452e+06,7811.7,-737.112,-1209.72,3317.89,-70.6146,-55.8762,-240.056,-2331.05,-86.2483,51.3565,193.342,-38.3827,5074.19,319.321,-133.099,-343.944,19.8297,300.068,0.988936,3.17043e-15,-4.26381,23.8867,27.2057,72.22,-22.5452,687.115,284.054,-19.8583,-170.756,-19.3984,-0.502716,209.563,-1.88089,-6.4991,-2,-0.189196,0,4,8.32667e-17,4.77396e-15,-7.49401e-16,1.22125e-15,1.00242e-07,-2.00539e-07,6.5331e-08,3.65095e-10,-1.77103e-10,-7.01248e-11,0,-0.482319,8.05254,0.564875,-0.0107389,3.14159,1.50756,45.5278,2.55476,328.289,-0.392699,3.84971,-2.83401,2.8025,11.286,0.523599,0,0,0,1.3653,0.337787,-0.482319,0.564879,3.18287,1.50756,2.55476,-1.11043,3.84971,2.80251,0.184506,4.26693e-05,38.674,-7.67714,-0.0031059,553.573,-68.7887,3.96593,60.0135,316.469,0.047418,0.0118027,1.00897,3367.25,-1754.59,-117.401,-508939,2.33543e+06,1.22373e+06,2052.2,5091.35,-2376.71
2.9,-6.63973,-2.78732,1.36534,-3.97067,0.337841,-97.4204,-0.479439,48.733,0.710344,-273.486,3.36192,-3.10688e+07,1.50688,-3.47602,2.22537,-0.979901,-1.67679,1.04589e+07,3.8555,1103.33,6.52955,25.3478,-6.25302,-5.67964,-2.28128,-8.09779,-1.25226,-7.4753,-4.46389,-5.13017,-2.257,-7.85378,-1.74516,-6.93524,-4.35979,49.223,0.426135,1116.11,4.84064,-0.189196,-8.39528,0.337798,24.4579,-0.479481,31.0923,0.567716,0.744509,3.18571,-334.325,1.50683,-94.9549,2.55403,-158.492,-1.11116,-1139.55,3.85546,881.587,2.80826,-9397.82,0.190323,-2.23955,24.2325,19.351,-38.183,6.11996,2289.57,119.731,-43.756,65.994,-1000.08,121.043,-23.7608,-15.5587,24.9213,206.505,4.77957,-2.34592,-1.26056,-8955.54,-1523.25,179.553,0,-715.048,-100434,-443.336,48.1394,-419.111,-23482.6,-732.516,82.3583,148.779,-3.56902e+06,-5749.3,1501.17,-31903.5,4.40652e+06,4453.76,-1193.31,25517.1,1045.45,-3.52533e+07,-47473.4,12711.9,-278132,-4774.07,-312048,0.988936,3.17043e-15,-3.28929,162.594,2421.84,-13691.6,-20.9464,-46.0973,0.547204,-2310.87,55306.9,1190.35,1.23858,-18.1259,51.3341,-6.4991,-2,-0.189196,0,4,1.66533e-16,7.32747e-15,-2.66454e-15,-1.44329e-15,9.65426e-09,-2.08375e-08,8.79495e-09,-1.51026e-08,2.003e-08,-2.63217e-08,0,-0.479481,5.68801,0.567717,0.355572,3.14159,1.50683,-18.9909,2.55403,-31.6983,-0.392699,3.85546,175.909,2.80832,-1879.56,0.523599,0,0,0,1.3653,0.337798,-0.479481,0.567716,3.18571,1.50683,2.55403,-1.11116,3.85546,2.80826,0.190323,4.26693e-05,5091.36,208.86,-12.4053,1.48139e+07,-55626.5,-954.814,-62409.7,-1.41849e+06,0.047418,0.0118027,1.00897,-69.0111,-999.092,-75.0473,-5491.74,12736.2,7733.19,7.4869e+07,-8.38887e+06,7.24294e+06
2.92,-6.6402,-2.7863,1.36534,-4.02384,0.337607,-97.8663,-0.477451,-1.37758,0.708823,9.07499,3.08045,-3.10692e+07,1.50687,18.73,1.47286,2.95354,0.36533,1.04589e+07,3.86153,-0.346163,13.3198,2.3067,0.218353,-5.67994,-2.2817,-8.09802,-1.25095,-7.47551,-4.466,-5.13052,-2.25633,-7.85401,-1.74386,-6.93608,-4.35871,-0.607606,19.8375,12.7553,4.84064,-0.189196,-8.82499,0.337564,35.3112,-0.477493,32.3846,0.569704,2.57939,3.18769,-181.497,1.50682,-85.6308,2.55402,2293.76,-1.11117,-77.658,3.86148,31.3421,2.81429,-34.6906,0.196293,-2.23955,24.2325,26.62,-39.53,6.99859,2971.2,159.912,-57.1733,68.5195,-1518.13,125.2,-27.3083,-13.3535,35.4157,483.145,12.7656,-5.28385,-2.22602,11270.2,-795.784,113.498,0,-223.418,-23481.3,-395.034,47.9963,-227.579,1.13851e+07,10348.1,-1353.76,226281,8729.67,-374.985,23.3369,-61.7057,-3124.74,151.695,-10.1124,48.9936,12.6946,34289,-163.569,-68.3572,-162.638,-15.1127,-342.384,0.988936,3.17043e-15,-2.65879,-22.2983,-85.8156,454.408,-17827.3,1064.2,226.734,-60.2136,123.408,41.7886,1.73568,-9.8424,0.624622,-6.4991,-2,-0.189196,0,4,1.11022e-16,-3.77476e-15,9.99201e-16,7.91728e-15,3.54535e-09,-9.34719e-09,7.84135e-09,-1.70313e-09,-2.90375e-09,3.25258e-09,0,-0.477493,5.76078,0.569699,0.993529,3.14159,1.50682,-17.1224,2.55402,458.751,-0.392699,3.86148,6.26843,2.81429,-6.93812,0.523599,0,0,0,1.3653,0.337564,-0.477493,0.569704,3.18769,1.50682,2.55402,-1.11117,3.86148,2.81429,0.196293,4.26693e-05,9.79877,2.53893,7.3122e-05,484.571,-32.5276,-3.02253,-68.4769,1407.91,0.047418,0.0118027,1.00897,-833.711,-760.286,-166.7,3.91942e+06,2.38061e+06,-2.31708e+06,5098.98,4996.29,-6379.76
2.94,-6.64047,-2.78532,1.36534,-4.06906,0.337779,-96.839,-0.475057,5.09137,0.431692,-7.50963,3.19671,-3.10708e+07,1.50511,-419.101,2.30347,10.0465,2.63133,1.04589e+07,3.8652,1.79221,2.38122,3.60082,0.26663,-5.68024,-2.28178,-8.0976,-1.24975,-7.47512,-4.46703,-5.13088,-2.25509,-7.85446,-1.74309,-6.93608,-4.35778,5.46794,-419.429,3.9068,4.84064,-0.189196,-9.22103,0.337736,3.77251,-0.4751,38.4489,0.572097,8.19431,3.1901,62.8707,1.50506,-69.0527,2.55226,5604.65,-1.11293,-225.492,3.86515,147.494,2.81796,-155.999,0.19994,-2.23955,24.2325,33.8178,-40.7764,7.91307,1360.77,34.9868,-30.4236,91.1242,-648.907,142.108,-28.0206,-67.4411,3.81329,-249.528,33.7432,-10.3921,-12.9899,-14553.9,335.243,-24.3106,0,-272.566,-13882.5,-314.912,42.5568,78.3249,6.20705e+07,27808.5,-2784.51,-3.7576e+06,-62056.5,-1075.72,251.536,-369.975,99249.9,702.99,-189.33,292.447,152.452,-12011.7,-743.356,192.97,-364.631,-41.3404,-574.095,0.988936,3.17043e-15,-2.26097,51.3656,268.091,-337.293,-82321.5,-20827.4,580.79,-222.126,230.511,115.01,0.190942,3.38344,7.51049,-6.4991,-2,-0.189196,0,4,5.55112e-17,4.32987e-15,5.57193e-15,-1.24345e-14,3.56671e-10,-2.77615e-09,2.07189e-09,2.93945e-09,4.27562e-09,-4.87334e-09,0,-0.4751,7.14012,0.572102,0.485576,3.14159,1.50506,-13.8253,2.55226,1120.93,-0.392699,3.86515,29.5035,2.81793,-31.1999,0.523599,0,0,0,1.3653,0.337736,-0.4751,0.572097,3.1901,1.50506,2.55226,-1.11293,3.86515,2.81796,0.19994,4.26693e-05,58.4994,30.4933,0.00877121,16820.3,-72.9263,-8.26808,-114.819,-567.73,0.047418,0.0118027,1.00897,1634.11,-1387.32,-120.221,2.22975e+07,1.26502e+07,-1.25098e+07,112002,-35256.5,5438.21
2.96,-6.64017,-2.7844,1.36534,-4.10861,0.337573,-97.5474,-0.476182,-0.434472,0.372257,-1.38823,3.51793,-3.10708e+07,1.50423,-1.24891,1.96308,-0.442421,-0.74852,1.04589e+07,3.86593,-1.94347,3.11168,3.52609,0.255765,-5.67985,-2.28055,-8.09664,-1.24837,-7.47505,-4.4665,-5.13047,-2.25449,-7.85394,-1.74193,-6.9361,-4.3568,-0.438548,1.46269,0.912443,4.84064,-0.189196,-9.59914,0.33753,90.2956,-0.476225,-51.4083,0.570972,25.8795,3.18896,154.634,1.50419,-63.798,2.55139,186.8,-1.11381,-113.199,3.86588,58.1946,2.81869,-15.7088,0.200728,-2.23955,24.2325,41.2246,-41.961,8.87589,4147.63,367.188,-123.838,103.697,-12839.4,-207.948,69.2122,-109.254,109.828,-11435.1,99.1399,-26.2834,-75.7364,-43407.1,750.961,-87.3924,0,-534.81,-46606.8,-288.085,42.9122,193.863,-13286.8,878.543,-114.765,-1046.94,5156.02,-536.167,82.28,-41.8158,5643.43,274.685,-54.3196,33.0238,41.6861,6203.19,-74.6693,7.14616,-15.1283,3.2188,-27.205,0.988936,3.17043e-15,-1.97738,-35.4205,6.71465,-10.1684,-94.5159,65.126,49.396,-171.446,43.763,132.564,4.80838,8.36949,2.05415,-6.4991,-2,-0.189196,0,4,1.11022e-16,-5.02376e-15,1.12722e-14,-6.21725e-15,4.60061e-09,-1.18578e-08,8.92072e-09,-3.96817e-10,-3.06386e-09,1.26488e-09,0,-0.476225,-7.30195,0.570971,1.27142,3.14159,1.50419,-12.7614,2.55138,37.3599,-0.392699,3.86588,11.6372,2.81872,-3.14176,0.523599,0,0,0,1.3653,0.33753,-0.476225,0.570972,3.18896,1.50419,2.55139,-1.11381,3.86588,2.81869,0.200728,4.26693e-05,6.60363,8.33631,-0.00064512,1003.88,-3.02566,0.643759,-5.44101,245.302,0.047418,0.0118027,1.00897,-6630.8,4856.07,1805.82,33875.4,16999.7,-327.61,11006.3,-2965.65,-871.848
2.98,-6.63975,-2.7831,1.36534,-4.14407,0.336981,-97.9779,-0.477651,-0.894929,0.688495,-0.261474,3.21354,-3.10708e+07,1.50904,-3.09205,2.24805,-1.01969,-1.28909,1.04589e+07,3.86609,-1.65826,3.10693,3.37427,0.235017,-5.67916,-2.27933,-8.09798,-1.24752,-7.47555,-4.46502,-5.12974,-2.25407,-7.8529,-1.7399,-6.93661,-4.35532,-0.278379,0.44509,1.21365,4.84064,-0.189196,-9.96725,0.336938,34.5866,-0.477693,26.9401,0.569504,13.5099,3.1875,-106.676,1.509,-85.8668,2.5562,-49.5898,-1.109,-103.269,3.86605,49.8585,2.81885,-18.1752,0.200808,-2.23955,24.2325,48.9661,-43.1068,9.89829,3670.48,150.743,-69.5143,80.6477,-2579.98,98.0799,-22.1212,-44.0136,29.3127,474.344,54.9443,-20.4927,-18.846,12337.1,-432.706,93.3352,0,-140.604,-5485.73,-385.424,62.3612,-132.122,824.81,-212.223,39.5288,45.5417,8311.28,-486.105,69.2548,-50.1972,968.725,233.542,-42.7575,39.6352,29.6199,10078.8,-87.3566,-0.284215,-29.5804,-1.47699,-42.2494,0.988936,3.17043e-15,-1.77286,-21.5225,-42.1074,29.281,-13.6264,-26.7902,-2.02662,-108.887,58.0313,112.602,1.52101,-5.72231,1.45965,-6.4991,-2,-0.189196,0,4,-1.11022e-16,-1.15463e-14,-1.33227e-15,-1.39888e-14,4.37122e-10,3.02772e-09,-2.02777e-09,5.40383e-11,1.01629e-09,-1.24654e-09,0,-0.477693,5.373,0.569503,1.12669,3.14159,1.509,-17.1736,2.55619,-9.91795,-0.392699,3.86605,9.97383,2.8188,-3.63503,0.523599,0,0,0,1.3653,0.336938,-0.477693,0.569504,3.1875,1.509,2.5562,-1.109,3.86605,2.81885,0.200808,4.26693e-05,7.92922,5.92495,0.00132603,695.36,-5.91609,-0.295398,-8.44988,403.251,0.047418,0.0118027,1.00897,-1329.8,-311.126,-362.048,-1765.58,2753.65,927.77,8062.87,-974.73,-1622.16
3,-6.63905,-2.78184,1.36534,-4.17651,0.335827,-100.22,-0.478942,5.7861,0.486685,28.8592,3.18169,-3.10708e+07,1.51851,-3.24108,2.26809,-1.08129,-1.24529,1.04446e+07,3.86526,10266.7,0.765047,-15.2436,5.9984,-5.67788,-2.27912,-8.10072,-1.24721,-7.47676,-4.46299,-5.12843,-2.25456,-7.851,-1.73725,-6.93772,-4.35372,6.23269,0.272304,10261.4,4.84064,-0.189196,-10.3315,0.335784,-4.44396,-0.478985,45.4276,0.568213,-19.5863,3.18621,-73.4242,1.51847,-84.0335,2.56566,-44.6799,-1.09954,-156.3,3.86522,91.3316,2.81802,8616.11,0.19999,-2.23955,24.2325,57.2022,-44.2284,10.9935,908.997,1.02983,-27.143,118.348,-3109.86,175.082,-59.6684,36.1442,-9.50429,133.352,-72.1415,19.9834,5.8882,9856.97,-279.058,75.1498,0,-138.482,-2152.94,-374.589,65.8273,-87.9708,394.44,-184.409,40.3449,77.7319,-5443.25,-719.208,165.758,-70.7212,25105.3,416.449,-117.683,55.8969,78.2328,-1.6723e+07,39613.1,-9369.05,7503.75,4657.78,-3.54115e+06,0.988936,3.17043e-15,-1.62197,-112.096,251.848,1447.46,-9.49105,-33.7686,6.45165,-715111,513475,-840.843,-0.361637,-3.83382,3.8542,-6.4991,-2,-0.189196,0,4,-1.66533e-16,7.99361e-15,-1.72085e-15,1.5413e-15,8.14312e-10,-3.22172e-10,-3.96362e-10,1.29292e-09,-3.21049e-09,3.79424e-09,0,-0.478985,4.86733,0.568218,-2.14339,3.14159,1.51847,-16.8069,2.56566,-8.93597,-0.392699,3.86522,18.0295,2.81798,1723.22,0.523599,0,0,0,1.3653,0.335784,-0.478985,0.568213,3.18621,1.51847,2.56566,-1.09954,3.86522,2.81802,0.19999,4.26693e-05,10.9725,15.5193,98.3791,1.00729e+07,1500.75,931.557,-708230,-665881,0.047418,0.0118027,1.00897,1612.25,-1749.95,304.845,-1738.27,2124.94,927.616,5.03759e+07,-2.99362e+06,3.19165e+06
3.02,-6.63848,-2.78072,1.36534,-4.2071,0.334792,-100.945,-0.480844,0.79208,0.950938,0.265679,3.31252,-3.10709e+07,1.52354,8.11874,2.26259,-2.80901,-1.60996,1.03959e+07,3.86466,-202224,2.73825,-54.5899,18.7495,-5.67681,-2.27852,-8.10156,-1.2461,-7.47787,-4.46131,-5.12732,-2.255,-7.84935,-1.73487,-6.93878,-4.35228,1.57209,11.9913,-202240,4.84064,-0.189196,-10.7014,0.334749,80.6656,-0.480887,104.26,0.566311,-14.2891,3.18431,-49.2208,1.5235,-83.9616,2.5707,-749.446,-1.09448,-33.3106,3.86462,-6.38352,2.81742,28059.6,0.199475,-2.23955,24.2325,66.0384,-45.3669,12.1939,5472.77,320.708,-138.114,94.014,-2017.13,398.44,-145.979,65.8804,199.061,-424.668,-52.7989,16.679,2.07642,7070.56,-167.983,60.9678,0,-150.99,-1320.48,-371.557,70.963,-56.6781,959093,-2921.87,788.162,86084.7,6357.68,-172.52,-53.2908,-224.398,-4633.6,-17.2548,57.0199,177.492,-42.7997,-1.54743e+08,114648,-87961.5,-141788,15089.4,6.85754e+07,0.988936,3.17043e-15,-1.52979,-36.2524,-7.69399,-13.3947,-1918.61,534.474,-62.3389,-2.43434e+06,-1.01111e+07,-2808.02,6.05058,-2.47811,-2.10813,-6.4991,-2,-0.189196,0,4,-1.11022e-16,-5.44009e-15,3.18634e-14,-3.53051e-14,1.08221e-09,1.68874e-09,-1.84417e-09,-1.32619e-09,-1.50898e-09,1.53943e-09,0,-0.480887,7.12874,0.566321,1.26509,3.14159,1.5235,-16.7996,2.57071,-149.889,-0.392699,3.86462,-0.286736,2.81747,5611.91,0.523599,0,0,0,1.3653,0.334749,-0.480887,0.566311,3.18431,1.5235,2.5707,-1.09448,3.86462,2.81742,0.199475,4.26693e-05,30.4908,-8.02619,2418.85,1.09116e+08,-28357.6,3017.89,1.37151e+07,-6.16282e+06,0.047418,0.0118027,1.00897,-2828.42,-3468.89,325.403,303730,164366,-178397,5.45582e+08,-2.96905e+07,3.03653e+07
3.04,-6.63851,-2.77938,1.36534,-4.23692,0.334269,-100.46,-0.480103,-1.31785,0.769528,-0.225776,3.18385,-3.10709e+07,1.52387,-1.03388,1.57424,-0.517406,-0.824308,1.03958e+07,3.86748,92.0062,2.53692,3.54044,-0.30979,-5.67655,-2.27837,-8.10119,-1.24421,-7.47841,-4.46134,-5.12707,-2.25446,-7.84883,-1.7329,-6.93963,-4.35079,-0.590582,1.36467,94.8529,4.84064,-0.189196,-11.0915,0.334226,17.7527,-0.480146,48.6792,0.567052,0.283116,3.18504,105.887,1.52383,-77.4129,2.57103,134.271,-1.09416,-154.63,3.86743,88.6752,2.82024,-737.241,0.202293,-2.23955,24.2325,75.7664,-46.5767,13.556,3238.4,82.8571,-61.2528,105.706,-1924.02,180.731,-63.7926,-17.1173,14.9882,-519.838,1.10316,-0.155874,10.7748,-31125.9,518.579,-74.8482,0,-410.285,-28214,-339.732,70.8634,133.555,-20350.2,623.937,-108.859,-762.314,-527.646,-697.94,179.063,-63.4135,20169.2,394.957,-124.588,49.986,71.3675,87787.2,-3334.67,829.748,-630.122,-376.648,-28098,0.988936,3.17043e-15,-1.49088,24.2329,-84.5012,-57.6765,-88.6464,76.8597,45.6591,-7276.72,4741.32,99.7876,0.725493,5.84059,3.51858,-6.4991,-2,-0.189196,0,4,0,-1.11022e-15,1.4988e-15,-2.27596e-15,2.1958e-09,3.70541e-09,-3.41515e-09,1.30535e-09,-4.7683e-09,5.66742e-09,0,-0.480146,8.44738,0.567045,-0.00532553,3.14159,1.52383,-15.4825,2.57103,26.8542,-0.392699,3.86743,17.7064,2.82029,-147.448,0.523599,0,0,0,1.3653,0.334226,-0.480146,0.567052,3.18504,1.52383,2.57103,-1.09416,3.86743,2.82024,0.202293,4.26693e-05,9.97361,14.258,-0.974403,95339.5,-126.024,-75.3296,-5619.6,3264.08,0.047418,0.0118027,1.00897,1230.98,-1665.12,85.3027,24078.4,10308.1,1983.88,486796,-20935.7,-4421.71
3.06,-6.63927,-2.77748,1.36534,-4.26663,0.333683,-101.392,-0.477872,-1.05901,0.564105,0.610601,3.12395,-3.10709e+07,1.52001,-3.08992,2.22239,-0.998655,-1.41606,1.03958e+07,3.87104,-0.753425,3.48678,4.89172,0.21163,-5.67694,-2.27858,-8.09944,-1.24063,-7.47968,-4.4612,-5.12752,-2.25344,-7.84897,-1.73029,-6.94131,-4.34872,-0.477263,0.54853,2.52172,4.84064,-0.189196,-11.5147,0.33364,67.0552,-0.477915,-1.13863,0.569283,-12.6777,3.18728,-161.727,1.51997,-95.6173,2.56716,-95.1632,-1.09802,-98.0623,3.871,43.2301,2.8238,-9.29496,0.205876,-2.23955,24.2325,86.928,-47.8869,15.1438,6219.83,264.618,-137.989,92.672,-8797.68,-10.7759,18.5277,-79.3634,64.2431,1079.54,-47.3318,19.7453,-29.9638,17387.6,-654.729,182.791,0,-180.836,-16243.8,-416.281,95.0435,-194.506,1394.8,-400.196,100.861,153.057,12853.7,-451.588,72.4525,-79.7753,-4076.51,197.629,-38.3297,62.6102,14.0809,12622.5,-50.5387,-21.6551,-50.2808,-1.02844,-22.7065,0.988936,3.17043e-15,-1.48521,-46.6007,-33.4306,-5.7651,-6.66327,-26.1358,9.41407,-40.7244,103.521,187.059,3.08699,-8.48492,0.695038,-6.4991,-2,-0.189196,0,4,1.11022e-16,-6.66134e-15,-6.32827e-15,3.55271e-15,2.37024e-09,1.45635e-08,-9.64325e-09,-1.20494e-09,-1.95041e-09,1.24171e-09,0,-0.477915,-0.196118,0.569283,-1.43246,3.14159,1.51997,-19.1235,2.56717,-19.0326,-0.392699,3.871,8.64344,2.82387,-1.85899,0.523599,0,0,0,1.3653,0.33364,-0.477915,0.569283,3.18728,1.51997,2.56716,-1.09802,3.871,2.8238,0.205876,4.26693e-05,12.5165,2.81544,-0.00111547,230.629,-10.0562,-0.205687,-4.5413,511.331,0.047418,0.0118027,1.00897,-5670.39,1557.3,1.64063,-3951.39,3537.27,1619.15,4341.2,1214.17,-2306.26
3.08,-6.64053,-2.77564,1.36534,-4.29681,0.332842,-100.97,-0.472504,-0.973413,1.25307,2.42309,3.57175,-3.10709e+07,1.51856,-3.17047,2.21805,-1.33054,-1.31475,1.03958e+07,3.87525,-9.67322,3.31825,-1.54764,0.0747487,-5.67763,-2.28096,-8.09912,-1.23741,-7.48179,-4.46137,-5.12834,-2.25287,-7.84936,-1.72743,-6.9439,-4.34661,-0.150505,0.362324,-6.42972,4.84064,-0.189196,-11.9856,0.332799,-46.6515,-0.472547,248.359,0.574651,-64.0374,3.19265,-143.777,1.51852,-97.4341,2.56571,-50.3645,-1.09947,206.641,3.87521,-195.669,2.82801,232.07,0.210086,-2.23955,24.2325,100.147,-49.3376,17.0466,-5135.05,-156.439,30.8227,226.132,87861.3,886.003,-311.803,-847.761,-672.041,5130.54,-229.417,83.6587,-62.6008,17813.4,-569.78,180.317,0,-168.291,-11613.9,-420.366,105.788,-172.302,1364.74,-208.507,58.8074,28.0701,-197962,820.834,-590.02,-2134.02,226372,-799.513,481.607,1666.23,-280.721,-104818,951.422,-562.126,-1688.78,45.9445,694.463,0.988936,3.17043e-15,-1.50918,21.1324,16.8443,120.155,-17.9029,-30.2357,-36.191,-76.2979,-342.258,-139.134,-8.9941,-7.50927,-13.8756,-6.4991,-2,-0.189196,0,4,-3.33067e-16,-1.60982e-14,-6.21725e-15,1.16573e-15,-1.31269e-09,-3.54585e-09,-6.03346e-10,3.82487e-10,8.94223e-10,-1.37713e-09,0,-0.472547,3.28617,0.574655,-2.79903,3.14159,1.51852,-19.4866,2.56572,-10.0729,-0.392699,3.87521,-39.1142,2.82808,46.4139,0.523599,0,0,0,1.3653,0.332799,-0.472547,0.574651,3.19265,1.51852,2.56571,-1.09947,3.87521,2.82801,0.210086,4.26693e-05,333.092,-56.1292,0.0317832,34249.5,-337.756,9.18891,138.893,-4023.05,0.047418,0.0118027,1.00897,4635.45,-28371.4,108.409,-2384.23,4549.42,847.803,193861,-47553.1,16502.5
3.1,-6.64195,-2.77391,1.36534,-4.32816,0.331896,-101.362,-0.470618,-1.64076,1.15127,0.570161,3.23786,-3.10709e+07,1.51635,-3.31399,2.22095,-2.54435,-1.85363,9.31842e+06,3.88143,815834,2.14127,142.475,-46.6509,-5.6785,-2.2817,-8.09846,-1.23399,-7.48399,-4.46263,-5.12927,-2.25257,-7.84978,-1.72456,-6.9468,-4.3446,-0.585749,0.76059,815883,4.84064,-0.189196,-12.5266,0.331853,22.8619,-0.470661,94.7939,0.576537,-23.493,3.19454,-90.8868,1.51631,-97.4645,2.56351,-29.2722,-1.10168,-158.67,3.88139,87.9574,2.83419,-70260.4,0.216222,-2.23955,24.2325,116.315,-51.0013,19.4105,4563.3,98.0531,-85.4928,122.677,-7765.46,361.957,-212.574,267.048,154.458,10323.6,-87.2903,45.5144,-32.7243,14201.6,-335.806,135.786,0,-159.511,-3272.35,-416.278,116.566,-107.036,1649.13,-116.307,39.4056,14.9252,5244.89,-695.049,222.303,-63.6118,16163.4,377.945,-148.365,49.2922,65.051,-1.05774e+09,-311160,87718.1,-65496.1,-37719.7,-2.82353e+08,0.988936,3.17043e-15,-1.56733,-19.6073,12.1468,81.1438,-23.534,-37.5219,-103.047,-5.38674e+07,4.07919e+07,7045.21,-2.4705,-4.65817,3.22174,-6.4991,-2,-0.189196,0,4,0,2.66454e-15,6.43929e-15,-6.4948e-15,-1.21144e-09,8.97512e-09,-5.76994e-10,-1.97391e-10,-3.22737e-09,3.6257e-09,0,-0.470661,1.78772,0.576545,-0.378805,3.14159,1.51631,-19.4925,2.56352,-5.85444,-0.392699,3.88139,16.4618,2.83422,-14052.1,0.523599,0,0,0,1.3653,0.331853,-0.470661,0.576537,3.19454,1.51631,2.56351,-1.10168,3.88139,2.83419,0.216222,4.26693e-05,8.80589,12.4034,-4534.14,6.85654e+08,-13099.2,-7543.94,-5.64705e+07,-4.2337e+07,0.047418,0.0118027,1.00897,-1412.23,-2603.14,-1634.44,-506.061,3832.94,427.163,3.42828e+09,-2.14502e+08,2.12809e+08
3.12,-6.64313,-2.77203,1.36534,-4.36139,0.330541,-101.125,-0.468641,-1.43117,9.58579,-1.92552,-23.7692,-3.10709e+07,1.51355,-24.0148,2.85216,-61.1181,-1.10566,8.88099e+06,3.88851,-1.99158e+06,2.07571,-385.612,129.018,-5.67891,-2.28295,-8.09684,-1.22978,-7.48644,-4.46415,-5.12974,-2.25274,-7.84954,-1.72104,-6.9501,-4.34231,35.0654,-20.057,-1.99171e+06,4.84064,-0.189196,-13.1683,0.330499,-40.1176,-0.468683,-264.229,0.578514,-9.17735,3.19651,-8.07669,1.51351,-95.7624,2.56071,-1.31742,-1.10448,115.849,3.88847,-124.808,2.84127,193304,0.223311,-2.23955,24.2325,136.959,-52.9624,22.4646,-4278.22,-131.313,24.2452,232.966,155703,-909.035,320.553,1597.12,-3005.95,46275,-30.7977,8.78423,173.167,-368.883,20.9793,41.7747,0,-221.801,-4102,-404.307,127.636,-4.27972,-3581.89,4.73233,7.40781,0.724366,-92402.5,413.588,-457.912,-1185.19,99755.3,-480.85,379.535,910.41,-200.01,-8.55149e+09,752052,-565701,-1.0871e+06,103706,6.94661e+08,0.988936,3.17043e-15,-1.66157,11.8495,12.841,-34.97,-30.8479,-1072.7,-3023.79,-2.18716e+07,-9.9579e+07,-19359.1,18.2636,-0.18591,-9.92778,-6.4991,-2,-0.189196,0,4,-5.55112e-16,-1.33227e-15,-1.06581e-14,1.33227e-14,-1.28189e-09,1.18319e-09,-1.10155e-09,2.85568e-09,-3.53379e-09,3.95812e-09,0,-0.468683,-0.731886,0.578514,0.0977471,3.14159,1.51351,-19.1521,2.56071,-0.263483,-0.392699,3.88847,-20.5561,2.8413,38660.9,0.523599,0,0,0,1.3653,0.330499,-0.468683,0.578514,3.19651,1.51351,2.56071,-1.10448,3.88847,2.84127,0.223311,4.26693e-05,157.301,-37.6354,15821.6,5.18343e+09,-217420,20741.2,1.38932e+08,-3.41872e+08,0.047418,0.0118027,1.00897,2241.64,-20024.5,-9111.13,1783.04,4081.6,977.536,2.59172e+10,-1.70164e+09,1.70627e+09
3.14,-6.64364,-2.77025,1.36534,-4.39746,0.329197,-101.233,-0.466328,-2.30148,0.637964,-1.61231,3.22904,-3.10709e+07,1.51042,-0.884623,1.0187,0.3157,-0.660762,8.88098e+06,3.89368,4.55854,1.92998,4.59485,-0.0906116,-5.67865,-2.28448,-8.09439,-1.2256,-7.48844,-4.46465,-5.12955,-2.25299,-7.84863,-1.71764,-6.95273,-4.34011,-1.75096,0.794837,6.57913,4.84064,-0.189196,-13.9667,0.329154,7.14444,-0.466371,43.8634,0.580827,3.62419,3.19883,272.514,1.51037,-80.048,2.55757,169.604,-1.10762,-334.193,3.89363,218.213,2.84644,-243.973,0.228408,-2.23955,24.2325,164.622,-55.4044,26.6389,3617.78,38.6298,-71.4637,163.948,-12560.9,228.688,-404.832,1819.2,-297.146,2717.93,15.4148,-17.5687,-89.1723,-121092,1198.2,-372.964,0,-1018.91,-127646,-333.144,121.118,345.49,-74626.8,727.974,-243.343,-281.02,-103697,-1370.22,746.86,-502.985,191636,879.46,-536.928,383.91,221.091,1970.02,-988.337,582.825,-524.998,-68.1731,-949.63,0.988936,3.17043e-15,-1.80349,-5.3903,-32.8068,-22.2514,-59.0088,83.6495,75.7113,-353.323,370.251,163.851,1.14989,14.9771,10.9916,-6.4991,-2,-0.189196,0,4,2.22045e-16,1.90958e-14,4.44089e-16,-8.88178e-16,-3.65081e-09,6.48993e-09,-4.82161e-09,-7.04735e-09,-1.02383e-08,1.00943e-08,0,-0.466371,0.0392261,0.580831,0.0585422,3.14159,1.51037,-16.0088,2.55757,33.9209,-0.392699,3.89363,43.6533,2.8464,-48.7946,0.523599,0,0,0,1.3653,0.329154,-0.466371,0.580827,3.19883,1.51037,2.55757,-1.10762,3.89363,2.84644,0.228408,4.26693e-05,76.8032,44.225,0.0220281,37464.6,-105,-13.6346,-189.926,-131.424,0.047418,0.0118027,1.00897,-1097.38,36.8467,-651.572,26875.9,21247.3,12001.6,231508,-58440.2,4655.15
3.16,-6.64353,-2.76805,1.36534,-4.43754,0.328148,-101.228,-0.462232,-1.84387,0.705214,-0.29426,3.15207,-3.10771e+07,1.50373,488.523,1.68806,24.5084,7.27102,8.88098e+06,3.89559,-1.30797,3.69989,4.43616,0.298618,-5.67787,-2.28611,-8.08988,-1.2205,-7.48973,-4.4632,-5.12891,-2.25239,-7.84743,-1.71418,-6.95427,-4.33759,-1.14914,482.94,2.0933,4.84064,-0.189196,-15.0193,0.328105,-9.67611,-0.462275,27.8074,0.584923,-21.3702,3.20291,-313.024,1.50368,-131.263,2.55088,13102.4,-1.11432,-204.75,3.89554,117.658,2.84835,-47.2592,0.230368,-2.23955,24.2325,204.267,-58.6376,32.7663,1431.99,-22.1775,-41.6243,208.029,-8863.01,110.659,-130.364,417.175,-170.831,4736.45,-76.8846,57.5948,-20.8814,21972.7,-1233.59,585.786,0,-392.397,-74528.2,-538.978,230.072,-386.164,3.56942e+08,52826,-23681,4.25967e+06,2444.84,-849.715,429.658,-90.4017,33537.6,476.335,-286.23,68.8371,91.4895,20939.6,-196.806,96.4367,-44.0828,0.64163,-94.3713,0.988936,3.17043e-15,-2.00432,0.246474,2.98667,35.705,-310050,24553.7,1304.12,-291.623,77.0211,170.069,2.90001,-16.6659,4.55105,-6.4991,-2,-0.189196,0,4,-4.44089e-16,-2.08722e-14,-2.80886e-14,2.69229e-14,-9.68517e-09,2.79615e-08,-2.47902e-08,-9.14317e-10,-4.21278e-09,2.38519e-09,0,-0.462275,0.585154,0.584917,-0.927796,3.14159,1.50368,-26.3218,2.55087,2620.48,-0.392699,3.89554,23.5296,2.84836,-9.45183,0.523599,0,0,0,1.3653,0.328105,-0.462275,0.584923,3.20291,1.50368,2.55088,-1.11432,3.89554,2.84835,0.230368,4.26693e-05,13.7661,18.2969,-0.00108131,5224.48,-8.81657,0.128326,-18.8743,798.926,0.047418,0.0118027,1.00897,146.121,237.484,-509.55,1.21325e+08,7.19806e+07,-7.16453e+07,39390.5,-9883.23,-3144.65
3.18,-6.64362,-2.76576,1.36534,-4.48311,0.32726,-101.008,-0.45894,-2.59996,0.761854,-18.1493,3.16614,-3.12438e+07,1.49615,43371.8,4.94757,-403.099,-136.091,8.88096e+06,3.89949,4.11622,2.26898,4.00925,0.0542874,-5.67739,-2.28698,-8.08529,-1.21533,-7.4907,-4.46277,-5.12854,-2.25145,-7.84657,-1.71082,-6.95575,-4.33502,-1.86265,43512.8,6.33091,4.84064,-0.189196,-16.504,0.327217,-5.69197,-0.458983,57.013,0.588214,-38.3832,3.20621,-916.766,1.49611,-197.541,2.54331,-200213,-1.12188,-286.693,3.89945,177.098,2.85225,-206.881,0.234317,-2.23955,24.2325,266.514,-63.2092,42.6174,2711.06,-8.92113,-60.127,227.592,-11071.4,205.002,-196.328,228.377,-70.1256,33548.6,-134.088,106.399,-2.62447,-259328,-3650.55,1974.56,0,-3324.05,-833148,-796.52,417.005,-1155.34,8.28483e+10,-803695,425904,3.34285e+08,-31385.9,-1143.57,779.805,-201.248,100113,690.021,-537.497,152.501,158.652,49625.4,-817.687,587.563,-247.347,-65.8163,-948.351,0.988936,3.17043e-15,-2.27827,10.99,-25.3281,-834.988,-8.33668e+06,2.16872e+06,-20076.4,-580.204,348.425,132.613,1.81878,-49.6071,7.90119,-6.4991,-2,-0.189196,0,4,-2.22045e-16,-1.57652e-14,-6.35048e-14,6.56697e-14,-3.40918e-08,7.00682e-08,-6.13381e-08,4.60935e-09,8.16079e-09,-9.52513e-09,0,-0.458983,2.8337,0.588216,-0.0802359,3.14159,1.49611,-40.2049,2.54331,-40042.5,-0.392699,3.89945,35.4029,2.85231,-41.3763,0.523599,0,0,0,1.3653,0.327217,-0.458983,0.588214,3.20621,1.49611,2.54331,-1.12188,3.89945,2.85225,0.234317,4.26693e-05,30.4828,31.7206,-0.0410979,24672.1,-49.4695,-13.1633,-189.67,1717.29,0.047418,0.0118027,1.00897,183.247,-520.369,-5873.86,2.77165e+10,1.65609e+10,-1.65655e+10,149962,-28019.6,-5183.78
3.2,-6.6437,-2.76391,1.36534,-4.53611,0.3257,-103.111,-0.459473,1.40809,0.496881,-0.732473,3.11401,-3.12438e+07,1.48502,-99.4933,16.8568,-142.842,-54.517,8.8671e+06,3.90604,-57475.7,3.31627,-80.0468,18.5207,-5.67669,-2.2872,-8.07819,-1.20897,-7.49239,-4.4639,-5.12782,-2.25195,-7.84501,-1.70709,-6.95828,-4.33268,1.93255,-28.1195,-57490.9,4.84064,-0.189196,-18.7913,0.325657,47.0236,-0.459516,132.22,0.587682,174.878,3.20568,-43583.3,1.48498,-4681.88,2.53217,-48497,-1.13302,182.731,3.906,-180.461,2.8588,40333.8,0.240842,-2.23955,24.2325,377.805,-70.2219,60.6095,13369.5,171.408,-255.361,194.645,-10276.8,462.432,-526.662,300.625,160.553,-94663.4,604.788,-629.097,-8035.25,-1.18845e+09,-171850,117168,0,-8.44184e+06,-2.18462e+09,-18463.9,12583,-56124.7,7.53399e+08,-191258,130343,241696,-192250,585.778,-1058.1,-1642.11,211153,-625.943,871.693,1234.23,-297.972,-4.17614e+08,141536,-189099,-208748,21541.4,2.02606e+07,0.988936,3.17043e-15,-2.65019,-105.156,168.978,40.5043,-185.818,-4848.06,-7071.2,-693008,-2.87364e+06,-4080.78,-3.25396,-2391.4,-14.8683,-6.4991,-2,-0.189196,0,4,6.66134e-16,2.84217e-14,1.94289e-14,-2.13163e-14,1.8061e-06,3.59825e-06,-2.81609e-06,-4.17994e-09,-5.32968e-09,5.82918e-09,0,-0.459516,4.01493,0.587684,-0.000365378,3.14159,1.48498,-936.316,2.53217,-9699.4,-0.392699,3.906,-35.1494,2.85884,8066.76,0.523599,0,0,0,1.3653,0.325657,-0.459516,0.587682,3.20568,1.48498,2.53217,-1.13302,3.906,2.8588,0.240842,4.26693e-05,241.959,-59.0861,471.491,2.27406e+08,-41749.6,4308.28,4.05213e+06,-1.66043e+07,0.047418,0.0118027,1.00897,-3732.09,-4628.98,14446.9,1.13266e+09,5.8554e+08,-1.49558e+08,1.13705e+09,-8.14411e+07,8.23765e+07
3.22,-6.6436,-2.76226,1.36534,-4.59931,0.323435,-104.642,-0.459914,-1.86968,3.09293,-1.79439,3.19652,-3.12438e+07,1.47765,-4.04031,1.78212,-0.505866,-1.84943,8.85949e+06,3.91356,-46253.5,2.73782,-21.5404,8.0187,-5.67544,-2.28876,-8.07202,-1.2029,-7.49485,-4.46551,-5.12656,-2.25374,-7.84251,-1.70273,-6.96173,-4.33032,1.16832,-0.40876,-46258.8,4.84064,-0.189196,-22.8922,0.323393,281.392,-0.459956,590.792,0.587241,1250.57,3.20525,-574.903,1.47761,-217.656,2.52481,-282.759,-1.14038,-131.304,3.91351,49.2543,2.86632,11639.1,0.248316,-2.23955,24.2325,623.477,-82.7603,101.411,17239.4,955.615,-1439.64,263.794,4424.65,1997.33,-2875.85,498.887,1902.4,-4.99104e+06,4222.82,-6006.76,-81575.1,17656.5,-2124.09,2276.6,0,-882.875,-268382,-824.668,833.225,-736.948,-55498.8,-1060.14,1098.1,288.174,42234.4,-547.296,353.104,-245.097,-23604,205.279,-133.878,182.491,-30.1755,-1.56082e+07,24828.6,-132013,-88401.6,6229.89,1.66656e+07,0.988936,3.17043e-15,-3.15974,-76.5495,2.42974,-12.0273,-26.1053,-75.773,26.9916,-380840,-2.31253e+06,-1155.52,-33.6615,-31.2381,-1.50895,-6.4991,-2,-0.189196,0,4,-1.11022e-15,-1.9762e-14,-4.17444e-14,6.39488e-14,1.75857e-08,-4.06786e-08,1.90933e-08,-3.57911e-09,-5.60383e-09,5.91393e-09,0,-0.459956,13.6925,0.587253,-0.0237952,3.14159,1.47761,-43.5315,2.52481,-56.5519,-0.392699,3.91351,9.80648,2.86631,2327.82,0.523599,0,0,0,1.3653,0.323393,-0.459956,0.587241,3.20525,1.47761,2.52481,-1.14038,3.91351,2.86632,0.248316,4.26693e-05,36.8375,-6.05906,-63.8162,1.86123e+07,-17680.3,1245.98,3.33313e+06,-540903,0.047418,0.0118027,1.00897,-15381.8,-33624,959199,-35420.3,39135.6,19332.9,9.30612e+07,-2.23662e+06,2.51838e+06
3.24,-6.64362,-2.76069,1.36534,-4.67653,0.320458,-104.124,-0.46007,-2.08806,0.431162,-1.83492,3.06755,-3.12438e+07,1.47198,-3.65215,1.64221,-0.888429,-1.95126,8.19272e+06,3.92294,643103,45.7241,274.536,-90.2071,-5.67397,-2.29161,-8.06605,-1.19647,-7.49824,-4.46802,-5.12508,-2.25669,-7.83937,-1.69759,-6.96642,-4.32779,-1.58286,-0.0586834,643239,4.84064,-0.189196,-32.7144,0.320415,-149.574,-0.460113,-38.931,0.587085,181.458,3.20508,-424.532,1.47194,-259.572,2.51914,-307.302,-1.14605,-548.444,3.9229,342.095,2.8757,-135712,0.257742,-2.23955,24.2325,1451.06,-112.756,243.678,-66670.4,-483.627,944.815,854.323,-99518.7,-124.471,194.462,861.835,-681.774,-2.27488e+07,593.508,-1402.1,-341411,113704,-1460.64,2993.23,0,-456.667,-102291,-930.884,1743.82,-536.835,28786.6,-1081.21,2112.05,766.267,-63464.9,-1930.97,4172.81,-384.517,329861,1178.98,-2756.63,282.933,293.236,-4.76784e+09,-474618,1.05193e+06,-165542,-72649.6,-2.3313e+08,0.988936,3.17043e-15,-3.86136,25.9196,0.190281,-13.2443,-0.531227,-56.6487,20.9554,-3.33381e+07,3.21553e+07,13648.3,17.6354,-22.6638,14.7017,-6.4991,-2,-0.189196,0,4,-2.44249e-15,-5.72875e-14,8.01581e-14,-8.74856e-14,3.44446e-09,-7.9541e-09,4.27678e-09,-6.70435e-10,-2.2239e-09,1.1878e-09,0,-0.460113,-1.93664,0.58709,-0.00945994,3.14159,1.47194,-51.9145,2.51914,-61.4604,-0.392699,3.9229,65.1709,2.87574,-27142.4,0.523599,0,0,0,1.3653,0.320415,-0.460113,0.587085,3.20508,1.47194,2.51914,-1.14605,3.9229,2.8757,0.257742,4.26693e-05,52.6276,56.9058,-5565.79,2.56445e+09,-33108.4,-14529.9,-4.66261e+07,-1.91526e+08,0.047418,0.0118027,1.00897,16633.8,22209.9,4.54143e+06,-30197.5,22884.4,7555.98,1.28223e+10,-9.6315e+08,9.59802e+08
3.26,-6.64377,-2.76001,1.36534,-4.77301,0.317389,-108.769,-0.459769,1.13506,0.681196,-3.45202,-172.819,-3.12451e+07,1.46713,135.531,-0.094286,-23.3799,-8.44638,7.39626e+06,3.9334,792673,19.3031,505.608,-165.607,-5.67257,-2.29575,-8.06048,-1.19102,-7.50171,-4.47188,-5.12369,-2.26067,-7.83626,-1.69324,-6.97137,-4.32611,177.777,143.883,792858,4.84064,-0.189196,-91.4454,0.317347,388.026,-0.459812,1473.56,0.587385,398462,3.20538,-1132.14,1.46708,-685.902,2.51428,-11214.2,-1.15092,-1512.73,3.93335,959.966,2.88616,-249801,0.268178,-2.23955,24.2325,13404.2,-292.286,2401.82,492578,1216.94,-11044.3,962.712,-1.14656e+06,4618.09,-40801.6,4277.07,6697.51,-4.34023e+11,1.2484e+06,-1.09067e+07,-9.19885e+08,814163,-3620.46,29157.4,0,-1181.1,-719372,-2234.95,17342.9,-1419.66,2.57069e+08,-36222.8,286043,880244,-257259,-4873.69,40001.9,-1093.72,2.36042e+06,3061.56,-25915.9,794.17,797.8,-1.66313e+10,-802474,6.64539e+06,-316795,-133647,-2.90277e+08,0.988936,3.17043e-15,-4.82372,-232.261,143.965,-94.0829,-64816.2,6902.26,-1091.08,-3.98233e+07,3.96338e+07,25201.9,-60.0611,-59.7247,40.1102,-6.4991,-2,-0.189196,0,4,-6.21725e-15,-1.91847e-13,3.01981e-13,0,4.84433e-09,-2.51272e-09,-1.87015e-10,-1.0141e-08,1.75469e-08,-2.59588e-08,0,-0.459812,8.7688,0.587384,-0.0069475,3.14159,1.46708,-137.098,2.51427,-2242.84,-0.392699,3.93335,189.083,2.88617,-49960.1,0.523599,0,0,0,1.3653,0.317347,-0.459812,0.587385,3.20538,1.46708,2.51428,-1.15092,3.93335,2.88616,0.268178,4.26693e-05,155.148,158,-3368.74,8.71235e+09,-63359,-26729.4,-5.80553e+07,-6.71661e+08,0.047418,0.0118027,1.00897,-150603,-26450.2,8.67456e+10,7.65663e+07,4.98404e+07,-4.98543e+07,4.35621e+10,-3.36893e+09,3.3623e+09
3.28,-6.64388,-2.75913,1.36534,-4.89566,0.314654,-110.452,-0.457678,-3.46944,-4.54137,-2.29904,-849.582,-3.12451e+07,1.46317,-22.1196,4.78893,-32.7527,-21.7518,7.56084e+06,3.94462,-189553,0.71658,-132.128,44.5609,-5.67124,-2.30018,-8.05569,-1.18602,-7.50442,-4.47604,-5.12243,-2.26395,-7.83344,-1.68911,-6.97576,-4.32433,844.713,4.42114,-189597,4.84064,-0.189196,45.199,0.314611,-1422.66,-0.457721,2104.8,0.589477,919895,3.20746,-9864.22,1.46312,-1079.08,2.51032,-10501.6,-1.15486,571.679,3.94458,-368.903,2.89738,66021.9,0.279405,-2.23955,24.2325,4116.92,125.632,836.927,-1.1205e+06,-4153.89,-25197.3,-2841.6,613521,6143.76,37572.1,5027.82,-3597.98,-4.09283e+11,2.68524e+06,1.63943e+07,-2.24483e+09,-8.36616e+07,-25384,-199627,0,250999,-1.17576e+08,-2780.71,-21816.6,-13162.8,1.10876e+07,-27073.9,-212272,49017.1,140276,1530.59,10733.4,371.256,185942,-1026.27,-6580.77,-265.731,-230.888,-1.13912e+09,174586,1.25867e+06,97644.1,35326.8,7.00797e+07,0.988936,3.17043e-15,-6.13274,-84.1428,-124.868,-36.4325,307.412,-980.461,-1567.08,8.22905e+06,-9.47749e+06,-6684.87,-105.365,-552.161,-11.6414,-6.4991,-2,-0.189196,0,4,-1.11022e-15,-2.52243e-13,-4.9738e-14,3.63798e-12,1.04652e-07,2.10089e-07,-1.62534e-07,-1.25646e-09,1.76631e-09,4.56112e-10,0,-0.457721,133.703,0.589471,-0.0156455,3.14159,1.46312,-215.863,2.51033,-2100.33,-0.392699,3.94458,-72.9579,2.8974,13204.4,0.523599,0,0,0,1.3653,0.314611,-0.457721,0.589477,3.20746,1.46312,2.51032,-1.15486,3.94458,2.89738,0.279405,4.26693e-05,-51.933,-45.7369,868.366,6.1071e+08,19528.8,7065.37,1.40159e+07,-4.71085e+07,0.047418,0.0118027,1.00897,475498,23459.9,8.19424e+10,5.3988e+07,2.65239e+07,-3.35106e+06,3.05355e+09,-2.32964e+08,2.34486e+08
3.3,-6.64471,-2.75734,1.36534,-5.0532,0.312187,-110.199,-0.452438,-0.393183,0.436133,-1.59051,-1.98926,-3.12451e+07,1.45787,0.246435,1.61002,-1.01188,0.187698,7.59151e+06,3.95688,105594,2.37072,34.7302,-10.7787,-5.67065,-2.30502,-8.0512,-1.18012,-7.50721,-4.4799,-5.12204,-2.26591,-7.83162,-1.68438,-6.98045,-4.32171,5.1738,1.66876,105608,4.84064,-0.189196,11.0822,0.312144,-79.5155,-0.452481,-39.0343,0.594716,-12834.8,3.21271,853.267,1.45783,159.586,2.50502,334.206,-1.16016,50.7382,3.95683,-40.1932,2.90964,-16652.8,0.291665,-2.23955,24.2325,351.495,21.3593,92.0808,14282.5,-214.992,-393.76,-134.69,-13565.2,-95.1175,-345.885,68.5037,-36.0584,9.50348e+07,-34551.2,-66130.9,1.7775e+07,-578048,474.996,10403.8,0,8286.5,-818101,71.9187,1981,1120.03,-350782,158.28,4132.22,-192.341,8812.47,-25.3846,705.788,124.411,-5970.07,-49.5908,-374.977,-87.6503,25.3816,-7.69803e+07,-91472.5,30671.6,74632.3,-8925.73,-4.05947e+07,0.988936,3.17043e-15,-7.87701,12.6437,-19.1626,-1.02154,23.2693,137.575,-13.31,1.53349e+06,5.27987e+06,1657.99,-1.87356,46.801,1.28356,-6.4991,-2,-0.189196,0,4,-6.66134e-16,-2.13163e-14,5.10703e-15,-5.68434e-14,-1.2138e-08,-2.39121e-08,5.71214e-09,-5.84595e-10,1.02705e-10,6.79734e-10,0,-0.452481,-7.80605,0.594718,-0.0108068,3.14159,1.45783,31.9179,2.50503,66.8412,-0.392699,3.95683,-8.31003,2.90966,-3330.57,0.523599,0,0,0,1.3653,0.312144,-0.452481,0.594716,3.21271,1.45783,2.50502,-1.16016,3.95683,2.90964,0.291665,4.26693e-05,-16.3094,4.93009,-663.156,3.82363e+07,14926.5,-1785.15,-8.11895e+06,-3.12753e+06,0.047418,0.0118027,1.00897,-3274.77,1548.22,-1.93225e+07,11715.3,83503.5,97604.2,1.91181e+08,-1.63039e+07,1.59042e+07
3.32,-6.64568,-2.75571,1.36534,-5.25504,0.31073,-110.132,-0.445307,0.041506,0.56235,-1.59059,-1.40585,-3.12451e+07,1.45475,-0.991057,2.50254,2.16213,-1.16292,7.59182e+06,3.96633,-785.703,12.5267,-5.01738,3.07102,-5.67061,-2.30951,-8.04903,-1.17608,-7.50895,-4.48273,-5.1223,-2.2665,-7.83103,-1.68103,-6.9837,-4.31959,5.1513,2.67441,-776.248,4.84064,-0.189196,3.1788,0.310688,-56.9345,-0.44535,-10.0466,0.601848,-8936.82,3.21984,34,1.45471,-0.0105001,2.50191,5.60386,-1.16328,155.97,3.96628,-123.42,2.91909,2978.37,0.301098,-2.23955,24.2325,57.2698,-2.72972,27.3046,2727.64,-129.684,-187.496,-38.534,-4063.43,-9.42625,-91.2548,12.2692,-31.1233,7.21674e+07,-20974.7,-26831.2,1.40744e+07,130.514,548.568,-507.73,0,-42.4467,-1025.28,-52.6116,82.0001,30.3849,-151.23,121.649,-131.745,-3.02441,3901.33,165.273,747.071,431.197,27178,-214.283,-483.466,-300.071,-121.485,-2.05746e+06,4652.3,12340.2,9623.67,1562.98,269750,0.988936,3.17043e-15,-10.0919,3.32984,-8.25965,-1.0216,143.878,75.5448,93.9813,15625.2,-39139.2,-328.859,-1.58279,1.26672,-6.15701,-6.4991,-2,-0.189196,0,4,-1.59595e-16,6.38378e-15,1.28786e-14,2.84217e-14,9.51694e-10,2.12238e-09,1.51633e-09,-7.02282e-10,-7.82205e-10,1.32283e-09,0,-0.44535,-1.92511,0.601846,-0.0102595,3.14159,1.45471,-0.00209389,2.50191,1.12077,-0.392699,3.96628,-24.6694,2.91909,595.675,0.523599,0,0,0,1.3653,0.310688,-0.44535,0.601848,3.21984,1.45471,2.50191,-1.16328,3.96628,2.91909,0.301098,4.26693e-05,-59.9679,-24.2892,1.25764,1.33515e+06,1924.73,312.597,53949.9,-107206,0.047418,0.0118027,1.00897,-380.509,291.73,-1.45613e+07,-7521.23,2556.48,-1142.39,6.67136e+06,-422271,488445
3.34,-6.64605,-2.75447,1.36534,-5.50728,0.310461,-110.871,-0.43579,-0.165679,0.649549,-1.57354,38.3565,-3.12451e+07,1.45591,-2.29582,2.62682,1.48013,-2.85291,7.59182e+06,3.97194,-2.70284,2.95062,1.66003,0.12971,-5.67042,-2.3139,-8.0497,-1.17477,-7.50882,-4.48432,-5.12254,-2.26567,-7.83111,-1.67947,-6.98449,-4.31826,-34.731,3.18392,0.118078,4.84064,-0.189196,-0.367416,0.310419,-33.1405,-0.435833,9.59015,0.611365,-1565.68,3.22935,376.838,1.45587,28.733,2.50307,-427.097,-1.16212,-37.4124,3.97189,6.25888,2.92469,-20.7097,0.30668,-2.23955,24.2325,-3.69557,-13.4998,11.434,445.45,-53.1008,-86.3637,-6.20556,-1229.21,34.2873,-9.20488,4.58422,-16.5371,508161,71.1068,-8800.96,810092,-35473.4,2907.03,-983.295,0,-3602.18,-167192,222.145,-75.4176,494.096,709177,-3310.94,1150.68,-6266.66,-759.958,-295.094,88.175,37.6461,1774.09,90.3365,-45.6596,-26.006,31.6359,117.148,-104.334,4.07288,22.3273,-1.74121,-46.4803,0.988936,3.17043e-15,-12.6121,-36.9435,5.16494,-0.233677,-31.5288,10.3648,-0.266736,75.3555,11.095,26.5587,-0.828394,20.6163,1.60535,-6.4991,-2,-0.189196,0,4,2.77556e-17,-1.56819e-15,-7.77156e-15,-7.10543e-15,7.73207e-10,-1.60261e-09,-1.38327e-09,-2.77318e-10,6.13164e-10,-2.29245e-10,0,-0.435833,1.78194,0.611359,-0.0109286,3.14159,1.45587,5.74734,2.50307,-85.4194,-0.392699,3.97189,1.25216,2.92467,-4.14195,0.523599,0,0,0,1.3653,0.310419,-0.435833,0.611365,3.22935,1.45587,2.50307,-1.16212,3.97189,2.92469,0.30668,4.26693e-05,-5.2019,6.32765,0.000670998,286.939,4.46545,-0.348243,-9.29606,-5.58759,0.047418,0.0118027,1.00897,440.532,-255.715,-187608,92237.3,141577,-120243,4445.69,-2037.4,428.708
3.36,-6.64657,-2.75344,1.36534,-5.80108,0.310318,-109.886,-0.428965,-0.735711,0.743991,-1.57545,8.29447,-3.12451e+07,1.45913,-2.95717,2.31113,-0.749623,-1.2871,7.59182e+06,3.97661,-13.9531,2.83724,1.19601,0.343554,-5.67053,-2.31683,-8.05168,-1.17428,-7.50879,-4.4857,-5.12299,-2.26487,-7.83148,-1.67828,-6.98524,-4.31719,-5.1446,0.641062,-11.4594,4.84064,-0.189196,-2.43315,0.310275,-30.2243,-0.429008,31.5454,0.61819,7811.69,3.23618,-127.732,1.45909,-54.3893,2.50629,-26.1691,-1.15891,-11.9366,3.97657,-14.1252,2.92937,21.8584,0.31136,-2.23955,24.2325,-18.7906,-19.7699,5.98322,356.306,-102.138,10.1095,30.5718,-706.913,157.287,-58.6675,-39.8698,-30.9565,-1.46957e+07,44909.3,-20252.8,-1.0681e+07,2873.95,-784.873,146.642,0,-246.943,-12159.5,-336.552,54.2025,-180.615,405.271,-161.33,27.5146,25.8584,-1528.87,-305.939,130.302,77.4784,1129.33,88.2738,-81.4822,-53.1938,-4.73397,-4819.39,-598.262,367.989,324.897,10.3665,364.648,0.988936,3.17043e-15,-14.6897,49.2707,0.632374,-0.26921,-27.7697,-22.5422,-69.1443,54.0405,-551.186,-15.7851,-1.17876,-7.55415,-0.240468,-6.4991,-2,-0.189196,0,4,1.11022e-16,-2.91434e-16,-1.91513e-15,2.84217e-14,-4.50858e-09,1.06832e-08,9.65857e-09,-3.97958e-10,-3.19242e-10,4.99473e-10,0,-0.429008,3.38366,0.618186,-0.00953252,3.14159,1.45909,-10.878,2.50628,-5.23383,-0.392699,3.97657,-2.82542,2.92935,4.37168,0.523599,0,0,0,1.3653,0.310275,-0.429008,0.61819,3.23618,1.45909,2.50629,-1.15891,3.97657,2.92937,0.31136,4.26693e-05,-10.6427,-0.946953,-0.00382667,464.075,64.9794,2.0733,72.9296,-1273.91,0.047418,0.0118027,1.00897,2551.8,-1984.17,2.51661e+06,1836.59,4033.78,987.022,4452.63,-6353.04,6087.72
3.38,-6.64763,-2.75308,1.36534,-6.10028,0.309897,-111.091,-0.427632,-3.94536,0.603012,-1.5712,41.6532,-3.12451e+07,1.45967,-2.94539,2.31101,-1.45287,-1.27985,8.77286e+06,3.98346,624063,2.84771,109.021,-35.3601,-5.67132,-2.31784,-8.05258,-1.17354,-7.50934,-4.4888,-5.12385,-2.26514,-7.83209,-1.67741,-6.98696,-4.31668,-41.854,0.645466,624101,4.84064,-0.189196,-3.83147,0.309854,-1.06681,-0.427674,5.04621,0.619523,4944.57,3.23751,-71.4842,1.45963,-54.4479,2.50683,-26.0331,-1.15836,-75.0574,3.98342,26.9068,2.93622,-53658.5,0.318235,-2.23955,24.2325,-20.4748,-24.0148,3.88031,301.357,57.7237,-37.6323,23.0674,-86.2043,-10.2236,15.8834,-27.1842,9.67567,-3.48642e+06,22212.7,-4467.91,-6.15594e+06,3888.37,-380.391,48.7577,0,-97.379,-2319.07,-304.181,28.6839,-103.949,279.99,-142.492,15.3361,11.2161,5822.91,-371.45,5.27051,33.7908,1238.68,125.411,1.59083,-22.99,43.467,-9.37513e+08,-199353,-24898.8,37691.9,-28841.6,-2.46742e+08,0.988936,3.17043e-15,-14.96,-60.2656,-164.04,-0.0605137,-30.712,-21.926,-53.7318,5.90518e+07,3.12033e+07,5372.54,0.395771,-4.34937,2.21117,-6.4991,-2,-0.189196,0,4,-1.11022e-16,-7.21645e-16,-1.38778e-15,-7.10543e-15,7.11591e-10,-1.47222e-09,-6.62993e-10,-6.83769e-10,-9.71521e-10,1.20281e-09,0,-0.427674,0.621798,0.619521,-0.00898966,3.14159,1.45963,-10.8895,2.50683,-5.20663,-0.392699,3.98342,5.03607,2.93623,-10731.7,0.523599,0,0,0,1.3653,0.309854,-0.427674,0.619523,3.23751,1.45963,2.50683,-1.15836,3.98342,2.93622,0.318235,4.26693e-05,-4.35544,8.50762,-1586.95,3.99338e+08,7538.37,-5768.32,-4.93484e+07,-3.7426e+07,0.047418,0.0118027,1.00897,-610.54,51.2832,551299,299.668,1856.1,834.972,1.99669e+09,-1.89278e+08,1.87989e+08
3.4,-6.64878,-2.75269,1.36534,-6.35625,0.309358,-110.589,-0.426272,-0.821009,0.925068,-1.47031,1.79312,-3.12451e+07,1.45523,-3.44089,2.31816,-1.1449,-1.22316,8.91468e+06,3.99197,20443.8,3.05511,17.9928,-5.14638,-5.67213,-2.31902,-8.05089,-1.17154,-7.50984,-4.49267,-5.12473,-2.26558,-7.83265,-1.67639,-6.98894,-4.31611,1.45254,0.100432,20452,4.84064,-0.189196,-4.86422,0.309316,-60.8181,-0.426315,69.1877,0.620883,121.637,3.23888,-27.4535,1.45519,-54.5469,2.50238,-17.6805,-1.16281,-67.6219,3.99193,19.9797,2.94473,-8159.79,0.326742,-2.23955,24.2325,-17.2829,-27.1475,3.14739,-2299.85,-238.258,27.144,176.734,-1752.94,302.561,-46.5284,-163.763,-59.3053,-145200,620.601,-126.323,-6421.07,2132.22,-117.175,18.7218,0,-87.4202,-361.126,-287.177,20.5592,-44.7255,-648.685,-86.0827,8.75472,20.1529,-3866.59,-430.891,47.0885,6.50991,6467.88,158.505,-27.4739,-4.37915,30.1803,-2.27385e+07,-52782.5,6015.86,1584.87,-4383.69,-8.22259e+06,0.988936,3.17043e-15,-12.7984,25.1159,-18.1649,4.07768,-19.161,-46.9231,-2.13863,7.09103e+06,1.02234e+06,821.148,-2.7644,-1.86523,1.53794,-6.4991,-2,-0.189196,0,4,-5.55112e-17,2.47719e-15,1.17129e-14,3.90799e-14,5.56635e-10,6.96888e-10,-7.76343e-10,-7.54451e-10,-1.58978e-09,1.8635e-09,0,-0.426315,11.1335,0.620886,-0.0341638,3.14159,1.45519,-10.9095,2.50238,-3.53611,-0.392699,3.99193,3.95015,2.94474,-1631.96,0.523599,0,0,0,1.3653,0.309316,-0.426315,0.620883,3.23888,1.45519,2.50238,-1.16281,3.99193,2.94473,0.326742,4.26693e-05,-0.866933,6.01135,-46.0288,9.27104e+06,316.973,-876.738,-1.64452e+06,-924940,0.047418,0.0118027,1.00897,7878.86,-3028.7,25446,-664.293,1568.21,771.109,4.63601e+07,-4.95353e+06,4.75532e+06
3.42,-6.65033,-2.75198,1.36534,-6.54586,0.30837,-110.128,-0.42639,1.2815,0.749345,2.27479,3.17837,-3.12451e+07,1.44665,9.05944,2.31314,8.33247,-1.16921,8.91503e+06,4.00026,-2.49117,3.06411,2.00766,0.565638,-5.67321,-2.31976,-8.04705,-1.1678,-7.51144,-4.49597,-5.1258,-2.26637,-7.83314,-1.6745,-6.99204,-4.31506,1.99407,12.5418,0.00731082,4.84064,-0.189196,-5.6525,0.308328,-13.7894,-0.426432,28.0181,0.620765,-4.78265,3.23877,9.27348,1.4466,-53.9642,2.4938,1.56519,-1.17138,-79.1067,4.00021,26.0729,2.95301,-51.1033,0.335079,-2.23955,24.2325,-12.2937,-29.5349,3.05422,-141.457,-22.197,-9.41535,58.3513,-140.567,111.362,-12.8442,-36.5588,-8.69661,-11881.1,107.13,-58.9986,166.807,-1567.32,80.3156,4.68087,0,-123.25,-2707.2,-273.107,18.1636,4.82071,-2171.28,15.6844,1.23253,-1.23878,-1954.29,-450.351,37.894,0.398346,6714.37,165.091,-21.119,-0.264995,35.5314,2451.54,-284.009,20.8712,0.513754,-16.8533,-249.072,0.988936,3.17043e-15,-9.48069,23.0483,71.3287,190.875,-19.5528,577.664,463.594,17255.5,23.0946,31.679,-0.447142,0.199753,1.81355,-6.4991,-2,-0.189196,0,4,9.71445e-17,4.996e-15,-7.18869e-15,-5.32907e-15,6.89105e-10,6.48436e-10,-7.44542e-10,6.02106e-10,-3.14142e-09,3.12215e-09,0,-0.426432,5.48617,0.620772,-0.0164097,3.14159,1.4466,-10.7925,2.49381,0.313038,-0.392699,4.00021,5.2115,2.95307,-10.2207,0.523599,0,0,0,1.3653,0.308328,-0.426432,0.620765,3.23877,1.4466,2.4938,-1.17138,4.00021,2.95301,0.335079,4.26693e-05,-0.052968,7.10419,-0.00990795,1133.63,0.102751,-3.37067,-49.8143,58.487,0.047418,0.0118027,1.00897,2204.51,-1219.1,1862.3,-749.011,2488.9,670.076,10624.9,-4337.6,585.545
3.44,-6.65215,-2.75127,1.36534,-6.67907,0.307192,-110.435,-0.4256,-1.51163,0.711936,-1.42926,3.44802,-3.12451e+07,1.43703,-1.42079,2.12993,1.98887,-1.1239,8.91499e+06,4.00752,-2.81387,3.07722,2.28275,0.581847,-5.67441,-2.32127,-8.04272,-1.16367,-7.51378,-4.4986,-5.12705,-2.26745,-7.83369,-1.6724,-6.9957,-4.31395,-1.10612,1.83304,-0.318494,4.84064,-0.189196,-6.24889,0.307149,12.1571,-0.425643,17.0308,0.621555,134.892,3.23955,79.7806,1.43699,-45.7624,2.48419,23.44,-1.181,-85.2301,4.00747,28.7858,2.96028,-23.787,0.342311,-2.23955,24.2325,-7.02265,-31.3355,3.25079,1012.03,85.5427,-25.1129,44.0724,-448.541,63.5573,-6.17367,-22.7924,12.7702,10687,715.105,-158.633,-5212.98,-13369.9,433.307,-18.367,0,-258.525,-16338.9,-224.845,15.5814,102.092,-7219.62,122.693,-6.44648,-9.27697,1334.42,-453.711,31.516,-2.53061,5426.29,161.923,-16.3903,1.66699,37.2744,3739.81,-120.63,4.79648,-1.44268,-1.57573,-50.8434,0.988936,3.17043e-15,-6.6605,-15.3511,-74.5911,5.80011,-13.5112,53.1718,110.043,-1878.6,7.3224,58.5344,0.663427,4.19934,1.9051,-6.4991,-2,-0.189196,0,4,-7.28584e-17,-5.55112e-15,-4.4964e-15,2.22045e-15,1.24807e-10,-8.14572e-10,-8.416e-10,1.16384e-10,1.36731e-09,-1.01514e-09,0,-0.425643,3.4048,0.621556,0.00766969,3.14159,1.43699,-9.15202,2.4842,4.688,-0.392699,4.00747,5.75607,2.96031,-4.75741,0.523599,0,0,0,1.3653,0.307149,-0.425643,0.621555,3.23955,1.43699,2.48419,-1.181,4.00747,2.96028,0.342311,4.26693e-05,0.333334,7.45407,-0.00105209,621.794,-0.288536,-0.315146,-10.1687,143.203,0.047418,0.0118027,1.00897,-23.6914,-630.245,-5383.6,-2523.75,4738.68,1278.2,7612.42,-2581.27,-277.409
3.46,-6.65373,-2.75067,1.36534,-6.77414,0.306143,-109.964,-0.423876,-1.71121,0.763272,-6.35441,3.24258,-3.12451e+07,1.43174,-1.40162,2.26306,2.16351,-1.26489,8.91494e+06,4.01472,-1.58716,3.1452,2.05435,0.502712,-5.67539,-2.32321,-8.04046,-1.16073,-7.51565,-4.50138,-5.12812,-2.26846,-7.83414,-1.67057,-6.99892,-4.31299,-1.04892,2.12634,1.05533,4.84064,-0.189196,-6.7016,0.3061,-0.229446,-0.423919,26.278,0.623279,-7.15294,3.24127,197.917,1.43169,-27.2232,2.47889,43.9719,-1.1863,-90.4021,4.01468,30.9956,2.96748,-87.7239,0.349526,-2.23955,24.2325,-2.14534,-32.6975,3.55454,589.334,30.4677,-17.4653,58.9179,-398.836,103.013,-13.2898,-21.932,1.11381,-255.992,-12.7894,-4.86765,25.0671,-44732.5,1006.62,-59.6307,0,-683.184,-64709.4,-129.763,10.0007,267.493,-20310.8,219.803,-14.1275,-29.5815,700.4,-473.809,37.3192,-4.34063,6674.5,170.249,-19.5477,2.83135,39.0783,10208,-446.402,24.17,-8.69477,-35.5538,-684.328,0.988936,3.17043e-15,-4.75344,23.5383,-92.8834,-251.492,-8.14918,53.866,83.2846,-2618.66,69.0182,30.3688,0.0572558,10.9577,1.99988,-6.4991,-2,-0.189196,0,4,-5.41234e-16,1.77636e-15,-2.99413e-15,-1.34823e-14,4.79722e-09,9.60743e-09,7.87454e-09,-9.41123e-11,-1.02225e-09,1.03167e-09,0,-0.423919,5.14356,0.623273,-0.0446294,3.14159,1.43169,-5.44466,2.47889,8.79437,-0.392699,4.01468,6.19588,2.96752,-17.5448,0.523599,0,0,0,1.3653,0.3061,-0.423919,0.623279,3.24127,1.43169,2.47889,-1.1863,4.01468,2.96748,0.349526,4.26693e-05,0.565956,7.81361,-0.0186836,2238.14,-1.73895,-7.11075,-136.866,385.344,0.047418,0.0118027,1.00897,1287.28,-1045.96,110.611,-9820.25,11842.2,3545.4,16083.3,-4249.8,-467.433
3.48,-6.65421,-2.75002,1.36534,-6.84544,0.305651,-110.014,-0.422938,0.378548,0.772871,-5.8258,3.28837,-3.12451e+07,1.43346,-0.923246,2.56529,2.72719,-6.11191,8.91492e+06,4.02102,-1.32958,3.22712,2.13618,0.513825,-5.67558,-2.32381,-8.04128,-1.15985,-7.51572,-4.50376,-5.12837,-2.26855,-7.83409,-1.66933,-7.00017,-4.31216,1.00465,7.75395,1.38372,4.84064,-0.189196,-7.05469,0.305609,26.7807,-0.42298,46.9272,0.624217,-11.5973,3.2422,391.955,1.43341,4.02426,2.48061,96.0775,-1.18459,-102.758,4.02098,38.0119,2.97378,-100.214,0.355778,-2.23955,24.2325,2.17142,-33.7593,3.8874,1730.45,138.514,-35.4657,49.2548,-259.751,200.962,-36.5221,33.2875,67.5506,858.051,-45.1914,6.3833,2.7165,-127127,1934.03,-133.164,0,-1914.49,-212417,23.0571,-0.731298,536.904,-61455.8,469.555,-33.6857,-52.5207,-12754.1,-554.461,73.7535,-17.2744,17780.4,218.361,-42.4441,11.1709,47.9037,-13138.2,-552.71,85.9585,-32.1788,-39.6449,-725.159,0.988936,3.17043e-15,-3.56483,-2.52954,-27.8713,-247.988,-9.24673,77.8704,118.489,-1031.04,82.2122,34.9264,2.08157,22.0234,2.4542,-6.4991,-2,-0.189196,0,4,-8.32667e-17,2.60902e-15,1.15845e-14,-2.77556e-16,2.05843e-10,-1.06206e-10,-5.6001e-10,-1.35118e-10,1.17595e-10,-1.63364e-10,0,-0.42298,3.29472,0.624209,0.0514611,3.14159,1.43341,0.804453,2.4806,19.2155,-0.392699,4.02098,7.60317,2.97377,-20.0429,0.523599,0,0,0,1.3653,0.305609,-0.42298,0.624217,3.2422,1.43341,2.48061,-1.18459,4.02098,2.97378,0.355778,4.26693e-05,2.23442,9.58124,0.00410791,3389.11,-6.43577,-7.92898,-145.032,-586.815,0.047418,0.0118027,1.00897,-683.184,-1905.19,4.50758,-27177.1,33991.9,10887.2,25390.2,-12170.5,4591.21
3.5,-6.6542,-2.74847,1.36534,-6.90133,0.305452,-110.02,-0.42001,0.225694,0.764536,-8.29491,3.30216,-3.12451e+07,1.43681,3.59545,1.84525,5.45061,-1.06388,8.91491e+06,4.02048,-2.85994,3.09235,2.42675,0.488386,-5.67531,-2.32418,-8.04276,-1.15877,-7.51614,-4.50183,-5.12826,-2.26731,-7.83386,-1.66755,-7.00047,-4.31055,0.829661,6.50458,-0.255976,4.84064,-0.189196,-7.34327,0.30541,26.9674,-0.420053,42.2172,0.627145,-8.79159,3.24513,1939.09,1.43676,261.857,2.48396,615.627,-1.18123,-90.0561,4.02043,29.44,2.97324,-22.1826,0.355196,-2.23955,24.2325,6.02711,-34.6276,4.2221,1867.1,136.621,-36.8804,51.695,-428.604,176.297,-32.6844,24.0937,52.2183,430.027,-32.4769,4.09177,2.06146,-2.09419e+06,9324.65,-731.821,0,-35665.7,-4.41427e+06,1257.38,-99.3003,2673.6,-1.29692e+06,2954.23,-233.786,-243.051,9079.98,-444.823,21.2576,-15.5221,1020.91,146.449,-8.04907,10.0452,34.7569,8351.53,-102.62,-4.95334,-8.80815,-1.42249,-46.9592,0.988936,3.17043e-15,-2.79481,-0.296937,-30.713,-392.145,-12.3638,303.973,283.266,-207.049,5.66722,65.8229,1.81115,109.954,1.7805,-6.4991,-2,-0.189196,0,4,2.77556e-17,-6.66134e-16,-9.88098e-15,3.55271e-15,-8.72274e-09,-1.7617e-08,-6.05837e-09,-3.88231e-10,1.30329e-09,-9.92878e-10,0,-0.420053,3.75685,0.627137,0.161077,3.14159,1.43676,52.3708,2.48396,123.125,-0.392699,4.02043,5.88969,2.97319,-4.43653,0.523599,0,0,0,1.3653,0.30541,-0.420053,0.627145,3.24513,1.43676,2.48396,-1.18123,4.02043,2.97324,0.355196,4.26693e-05,2.00965,6.95256,0.00153272,414.638,-1.76163,-0.284498,-9.39184,336.83,0.047418,0.0118027,1.00897,-587.963,-1586.2,32.9637,-446170,637998,249132,5096.79,-607.531,-1275.34
3.52,-6.65414,-2.7462,1.36534,-6.94624,0.305106,-110.216,-0.417092,0.314903,0.75035,-5.4318,3.26914,-3.12451e+07,1.43723,-4.16251,1.8971,-1.30707,-1.96168,8.91491e+06,4.01923,-1.53175,3.32111,2.41354,0.532062,-5.67492,-2.32405,-8.04256,-1.15618,-7.51683,-4.49888,-5.12804,-2.26557,-7.83344,-1.66487,-7.00096,-4.30816,0.937706,-0.303731,1.2573,4.84064,-0.189196,-7.58786,0.305063,28.9699,-0.417135,31.6121,0.630063,-1.10383,3.24806,-645.456,1.43719,-175.369,2.48439,-231.478,-1.1808,-136.462,4.01919,59.2706,2.97199,-102.552,0.354034,-2.23955,24.2325,9.54337,-35.3616,4.54772,2040.72,142.521,-39.6332,53.621,-834.358,126.293,-22.2408,1.57966,33.5441,324.61,-1.00073,-1.56861,0.61461,-110235,-3024.33,269.357,0,-3158.86,-405784,-829.232,71.3785,-898.659,-104691,-1091.87,94.8608,100.113,-52182,-733.209,154.217,-155.508,51845.9,332.796,-93.8145,100.811,74.5632,-49420.5,-568.448,149.402,-190.567,-32.8212,-474.838,0.988936,3.17043e-15,-2.24555,-9.77642,-11.6916,-276.616,-14.3558,-83.904,-40.9477,-205.605,72.0144,52.4458,1.4871,-36.9703,3.81886,-6.4991,-2,-0.189196,0,4,-2.22045e-16,8.43769e-15,1.46549e-14,-3.21965e-15,-7.40785e-09,-1.49347e-08,-1.21037e-09,6.31563e-10,1.40296e-09,-1.42625e-09,0,-0.417135,4.59955,0.630071,0.564835,3.14159,1.43719,-35.0741,2.4844,-46.2956,-0.392699,4.01919,11.85,2.97203,-20.5103,0.523599,0,0,0,1.3653,0.305063,-0.417135,0.630063,3.24806,1.43719,2.48439,-1.1808,4.01919,2.97199,0.354034,4.26693e-05,20.1547,14.9099,-0.01209,5743.24,-38.1133,-6.56424,-94.9675,-2043.92,0.047418,0.0118027,1.00897,-556.97,-957.666,-84.8542,-37678.9,57921.5,25107.1,47327.4,-27272.3,11914.7
3.54,-6.65425,-2.74396,1.36534,-6.983,0.30459,-110.052,-0.412551,-0.0920423,0.751504,-7.45024,3.27611,-3.12451e+07,1.4351,-3.1759,2.08294,-1.56586,-1.58672,8.77739e+06,4.02257,20833.1,3.16929,22.5949,-6.53063,-5.67451,-2.32506,-8.04103,-1.15288,-7.51712,-4.49816,-5.1279,-2.26411,-7.83299,-1.66202,-7.00187,-4.30574,0.524945,0.493757,20842.8,4.84064,-0.189196,-7.79838,0.304548,20.0351,-0.412594,33.0484,0.634604,-4.80289,3.2526,-281.593,1.43506,-116.293,2.48226,-89.0107,-1.18293,-106.471,4.02253,39.2184,2.97533,-10417,0.357356,-2.23955,24.2325,12.7628,-35.9907,4.85827,1848.03,105.57,-34.6304,58.8089,-712.815,131.486,-24.4577,4.39633,23.1843,262.347,-15.2791,0.740638,2.258,2346.08,-1286.17,128.912,0,-549.206,-62853.7,-544.701,49.9483,-397.259,-9578,-413.117,39.124,35.0317,-3010.31,-535.296,63.5388,-10.9798,12028.6,202.018,-34.4097,7.0851,46.5181,-3.95599e+07,-52219.2,5790.12,-2189.25,-5623.5,-8.73851e+06,0.988936,3.17043e-15,-1.83769,8.21876,-33.8984,-366.081,-17.5958,-34.6802,-70.977,-6.87595e+06,1.0418e+06,1051.26,1.00375,-16.3161,2.38384,-6.4991,-2,-0.189196,0,4,-2.77556e-16,3.21965e-15,9.4369e-16,5.29785e-15,-1.12786e-08,-2.47121e-08,-9.86058e-09,-6.02361e-11,4.6273e-10,-5.88102e-10,0,-0.412594,4.58573,0.634601,0.0455075,3.14159,1.43506,-23.2586,2.48226,-17.8021,-0.392699,4.02253,7.72967,2.97535,-2083.39,0.523599,0,0,0,1.3653,0.304548,-0.412594,0.634604,3.2526,1.43506,2.48226,-1.18293,4.02253,2.97533,0.357356,4.26693e-05,1.39307,9.2418,-95.2749,1.51487e+07,-437.85,-1124.7,-1.7477e+06,-1.58452e+06,0.047418,0.0118027,1.00897,-29.9478,-1151.8,-9.78282,-5766.98,11766.3,3664.54,7.57498e+07,-8.34334e+06,8.08934e+06
3.56,-6.65496,-2.74184,1.36534,-7.01398,0.304237,-110.07,-0.408905,-0.217665,0.766514,-8.73656,3.1199,-3.12451e+07,1.43545,-2.95184,2.1357,-1.26166,-1.35819,8.73882e+06,4.02846,108189,2.07729,72.8304,-23.2598,-5.67482,-2.32548,-8.04152,-1.15042,-7.51721,-4.499,-5.12843,-2.26254,-7.83331,-1.65949,-7.00313,-4.3035,0.570546,0.542055,108215,4.84064,-0.189196,-7.98176,0.304194,31.1803,-0.408948,38.6756,0.63825,-6.317,3.25625,-166.544,1.43541,-97.5426,2.48261,-33.967,-1.18259,-171.48,4.02842,80.0329,2.98122,-35448.1,0.363295,-2.23955,24.2325,15.696,-36.5389,5.15351,2312.23,148.05,-44.0166,56.7618,-839.274,154.403,-30.8384,12.174,42.4235,780.869,-20.4083,1.25787,3.59008,10825.1,-738.402,83.8697,0,-216.95,-16672.7,-453.59,43.8763,-237.443,3279.63,-154.872,15.9899,33.3718,-113075,-900.017,246.071,-452.954,102321,431.971,-150.502,289.913,103.175,-5.05312e+08,-190351,63961.5,-138297,-19179,-4.56952e+07,0.988936,3.17043e-15,-1.54925,-0.92486,-45.3734,-395.85,-31.6412,-23.4593,-96.5626,-1.92821e+06,5.40962e+06,3563.02,1.7004,-9.75482,5.29237,-6.4991,-2,-0.189196,0,4,2.22045e-16,-4.88498e-15,-1.09357e-14,-1.53766e-14,4.68437e-09,1.50229e-08,1.37484e-08,4.61252e-09,-6.80229e-09,7.52561e-09,0,-0.408948,4.59863,0.638253,0.275574,3.14159,1.43541,-19.5086,2.4826,-6.7934,-0.392699,4.02842,14.3793,2.98129,-7089.61,0.523599,0,0,0,1.3653,0.304194,-0.408948,0.63825,3.25625,1.43541,2.48261,-1.18259,4.02842,2.98122,0.363295,4.26693e-05,51.6351,19.7518,-2092.92,1.74841e+08,-27659.5,-3835.8,-9.13904e+06,-2.02323e+07,0.047418,0.0118027,1.00897,-625.426,-1313.1,-89.8422,122.732,6576.68,165.082,8.74239e+08,-1.02603e+08,1.01729e+08
3.58,-6.65571,-2.74043,1.36534,-7.04074,0.303984,-110.135,-0.409553,-0.0137561,0.769187,-1.57453,1.07625,-3.12451e+07,1.43837,-3.00255,2.19599,1.14508,-1.12455,8.73876e+06,4.03222,2.85014,2.87822,2.24751,0.387922,-5.67549,-2.32409,-8.04348,-1.14933,-7.51764,-4.49936,-5.12906,-2.26151,-7.83378,-1.65778,-7.00427,-4.302,2.82078,0.317995,5.34044,4.84064,-0.189196,-8.14531,0.303942,31.4792,-0.409596,38.114,0.637602,192.42,3.25559,-72.9613,1.43833,-82.0473,2.48552,21.068,-1.17967,-110.643,4.03218,40.5089,2.98498,-183.553,0.366978,-2.23955,24.2325,18.4125,-37.0281,5.43617,2413.55,147.962,-45.5918,58.3246,-931.525,150.766,-30.8801,9.88008,40.2266,50734.2,604.891,-22.3481,23727.4,7794.64,-297.288,44.3287,0,-121.068,-1305.28,-379.122,38.4933,-106.844,11260.2,92.6873,-11.1649,214.346,-3030.78,-547.07,70.9161,-11.8886,12882.9,203.608,-37.7696,7.56966,48.1074,5849.36,-905.64,109.482,-40.2523,-84.8192,-2503.59,0.988936,3.17043e-15,-1.33795,-3.23854,-33.5893,0.227267,-78.8232,-25.8489,-10.7837,-2990.67,291.758,37.4146,1.65379,-4.39934,2.46915,-6.4991,-2,-0.189196,0,4,2.77556e-16,2.55351e-15,-3.88578e-16,8.88178e-16,-6.65356e-10,4.03901e-10,5.15771e-10,-6.51759e-10,-2.74883e-09,2.85171e-09,0,-0.409596,4.76843,0.637593,-0.010992,3.14159,1.43833,-16.4095,2.48552,4.2136,-0.392699,4.03218,8.10286,2.98497,-36.7106,0.523599,0,0,0,1.3653,0.303942,-0.409596,0.637602,3.25559,1.43833,2.48552,-1.17967,4.03218,2.98498,0.366978,4.26693e-05,1.51416,9.62211,0.0120259,7482.11,-8.05045,-16.9638,-500.718,204.678,0.047418,0.0118027,1.00897,-563.488,-1382.02,-13291.9,5191,6704.14,-2352.23,44157.9,-10566.2,1963.57
