t,x,y,theta0,phi1,theta1,phi2,theta2,phi3,theta3,phi4,theta4,phi5,theta5,phi6,theta6,phi7,theta7,phi8,theta8,phi9,theta9,phi10,theta10,x1,Y1,x2,y2,x3,y3,Trix[1],Triy[1],Trix[2],Triy[2],Trix[3],Triy[3],varphi1,varphi2,varphi3,z21,z22,z31,z32,z41,z42,z51,z52,z61,z62,z71,z72,z81,z82,z91,z92,z101,z102,z111,z112,z121,z122,al21,al22,al31,al32,al33,al41,al42,al43,al44,al51,al52,al53,al54,al55,al61,al62,al63,al66,al71,al72,al73,al76,al77,al81,al82,al83,al88,al91,al92,al93,al99,al101,al102,al103,al1010,al111,al112,aL113,al1110,al1111,al121,al122,al123,al1210,al1211,al1212,u1,u2,u3,u4,u5,u6,u7,u8,u9,u10,u11,u12,v1,v2,v3,PSx,PSy,d,d0d,Q,nh1,nh2,nh3,nh4,nh5,nh6,nh7,nh8,nh9,nh10,thetap1d,thetap2d,dthetap2d,thetap3d,dthetap3d,thetap4d,thetap5d,dthetap5d,thetap6d,dthetap6d,thetap7d,thetap8d,dthetap8d,thetap9d,dthetap9d,thetap10d,deltap1d,delta2d,delta3d,thetap0,thetap1,thetap2,thetap3,thetap4,thetap5,thetap6,thetap7,thetap8,thetap9,thetap10,thetaT,K81,K82,K83,K84,K91,K92,K93,K94,sr.Cs, sr.Cs1, 1 - sr.d*sr.Cs,nu1,nu2,nu3,nu4,nu5,nu6,nu7,nu8,nu9,nu10,nu11,nu12,lambda1,lambda2,lambda3,lambda4,lambda5,lambda6,lambda7,lambda8,lambda9,lambda10,lambda11,lambda12,lambda13,lambda14,lambda15,lambda16,lambda17,lambda18,Q_phiR1, Q_varphiR1, Q_phiF1, Q_varphiF1, Q_phiR2, Q_varphiR2, Q_phiF2, Q_varphiF2, Q_phiR3, Q_varphiR3, Q_phiF3, Q_varphiF3
0,-6.50001,-2.00074,0,0,-3.19617e-05,0.523599,-0.523598,-0.523601,0.5236,-2.24709e-05,3.14159,-2.61799,2.2252,-3.2724,3.2724,0.392705,-0.392797,-3.66519,4.18976,-3.14256,3.14256,-0.523626,0.524555,0,0,0,0,0,0,0,0,0,0,0,0,0,0,0,0,0,0,0,0,0,0,0,0,0,0,0,0,0,0,0,0,0,0,0,0,0,0,0,0,0,0,0,0,0,0,0,0,0,0,0,0,0,0,0,0,0,0,0,0,0,0,0,0,0,0,0,0,0,0,0,0,0,0,0,0,0,0,0,0,0,0,0,0,0,0,0,0,0,0,0,0,0,0,0,0,0,0,0,0,0,0,0,0,0,0,0,0,0,0,0,0,0,0,0,0,0,0,3.14159,0,0,0,0,-0.392699,0,0,0,0,0.523599,0,0,0,0,0,0,0,0,0,0,0,0,0,0,0,0,0,0,0,0,0,0,0,0,0,1,0,0,0,0,0,0,0,0,0,0,0,0,0,0,0,0,0,0,0,0,0,0,0,0,0,0,0,0,0,0,0,0,0,0,0,0,0,0,0,0,0,0
0.04,-6.50001,-2.00074,0.0052049,0.0206149,-3.19617e-05,0.56213,-0.523598,-0.475664,0.523598,0.0205698,3.14167,-2.16372,2.2252,-3.14916,3.28487,0.411703,-0.392731,-4.41615,4.18976,8.1545,3.12653,18.003,0.524557,-5.45001,-2.00079,-7.80808,-0.404546,-7.7761,-3.6618,-4.90001,-2.00079,-7.29996,-0.615072,-7.30005,-3.38635,0.0478573,0.528437,10.7565,0,-0.000738092,-0.0474474,-3.19617e-05,-0.0468308,-0.523598,-0.0477077,0.5236,-0.0473853,3.14159,-3.4504,2.2252,2.04167,3.2724,-0.0473824,-0.392797,4.40414,4.18976,-2.26958,3.14256,-0.0474055,0.524555,-0.0474091,1.00003,-0.0118491,-1.25004,1.25004,-0.00596372,8.8892,-17.7784,8.88953,-0.0186144,-4.44462,8.88924,-8.88956,4.44511,-0.0121575,1.27813e-05,-2.5564e-05,-1.11119,-27.9597,-22.3175,14.1053,0,6.24784,10.3007,5.93696,-4.77754,0.884447,0.559591,-0.000337499,0.000147046,-0.273984,34.2364,-23.0994,15.4054,5.12359,0.0821316,3.83188,-3.84046,-2.55751,-0.00622732,0.0066056,-0.00413556,0.00206957,0.00137503,-0.00207581,0.00207469,0.150005,0.130122,0.515371,0.963278,1.19844,0.514806,11.3569,3.08088,0.474947,-18.7739,282.426,463.165,0,0,-0,-6.5,-2,-0.000738092,0,0,-0,0,-0,0,-0,0,-0,0,0,0,0,-0.523598,-0.00714489,0.5236,-0.00710779,3.14159,2.2252,0.306251,3.27239,-0.00710735,-0.392699,4.18976,-0.340448,3.14255,-0.00711082,0.523599,0,0,0,0,-3.19617e-05,-0.523598,0.5236,3.14159,2.2252,3.2724,-0.392797,4.18976,3.14256,0.524555,0,-0.383639,-0.000934119,-1.02899e-08,0.164645,0.000206254,-0.000311371,0.000311204,0.000227896,0.0474074,0.0117992,1.00003,1.50363,0,0,0,23.9689,10.2961,0,61.6177,9.49892,0,5648.53,9263.29,-0.000175525,-84.0589,-0.00186361,-84.0589,-2.14149,-37.8756,-2.14343,-37.8763,2.14074,-20.9368,2.14127,-20.9366,168.114,0.000131488,-10.3395,4.28393,-7.41189,-4.28872,1.0915,15.1185,2.54097,15.1185,1.00699,7.33415,6.53216,6.43396,982.013,4.3044,598.807,3.33875
0.08,-6.50001,-2.00089,0.00933399,0.0339145,-4.01449e-05,0.584218,-0.523598,-0.462194,0.522514,0.032359,3.14167,-2.22229,2.2252,-3.26729,3.26908,0.372135,-0.392718,-4.29036,4.19,-3.17418,3.16043,-0.540849,0.524835,-5.45001,-2.00095,-7.80807,-0.40469,-7.77605,-3.66207,-4.90001,-2.00095,-7.29995,-0.615216,-7.30007,-3.3865,0.0602403,0.394509,-0.538578,0.00520516,-0.000889043,-0.0281907,-4.01449e-05,-0.0237623,-0.523598,-0.230852,0.5236,-0.0473868,3.14159,0.916298,2.2252,-0.599583,3.27239,-0.04728,-0.392797,-5.85642,4.19,2.89013,3.14281,-0.050909,0.524804,-0.0474119,1.00007,0.012216,-1.25009,1.25058,-0.146205,9.09185,-18.1909,9.11912,-0.866329,-4.64712,9.29795,-9.11916,4.56421,-0.211429,1.21452e-05,-2.43017e-05,-1.08809,13.1217,-26.0353,12.289,0,14.8063,-11.254,8.21921,-3.66084,4.6228,-0.802453,-0.000418662,9.8895e-05,-1.43205,-153.339,-41.1604,15.4665,45.4759,132.203,12.8381,-3.86591,-22.6901,8.98237,8.75234,-0.0113005,0.00262332,0.0153527,2.99418,-2.99216,0.150008,0.103227,0.332492,0.552204,1.53522,0.809537,-1.46436,0.127595,-0.514335,3.14466,-0.784243,-0.430372,0.154039,0.178613,0.350046,-6.5,-2,-0.000889043,0,0,-8.67362e-19,-9.54098e-18,-7.59545e-18,2.46965e-17,2.94903e-17,3.46945e-17,3.09201e-17,3.46945e-17,4.16334e-17,1.85941e-17,0,-0.523598,-0.0277485,0.523599,-0.00710795,3.14159,2.2252,-0.0899377,3.27239,-0.007092,-0.392699,4.19,0.433534,3.1428,-0.00763635,0.523599,0,0,0,0.0052049,-4.01449e-05,-0.523598,0.5236,3.14159,2.2252,3.27239,-0.392797,4.19,3.14281,0.524804,0,-3.40363,1.34738,1.4814e-05,3.65485,0.00230291,0.449128,-0.448824,0.196884,0.0474074,0.0117992,1.00004,1.50372,-1.30121,-5.23414,-10.4303,39.1299,24.3712,-202.75,118.704,108.156,94.2983,-195.472,-116.89,0.0035204,82.1644,0.00182647,82.1644,37.5534,-186.239,37.5434,-186.243,-37.8709,-216.89,-37.6292,-217.025,-162.045,-0.000105339,181.313,-75.1231,131.101,75.9023,2.58362,-11.476,4.14821,-11.4323,11.4658,31.4675,12.584,31.7884,-12.3916,36.5888,-20.7222,38.6318
0.12,-6.50001,-2.00094,0.0121561,0.0421815,-4.34713e-05,0.597352,-0.523598,-0.454427,0.521943,0.0391673,3.14168,-2.23857,2.2252,-3.27346,3.27191,0.364715,-0.392717,-4.22466,4.19009,-3.15784,3.14826,-0.538344,0.524911,-5.45001,-2.00101,-7.80806,-0.404739,-7.77603,-3.66216,-4.90001,-2.00101,-7.29995,-0.615265,-7.30007,-3.38655,0.0674334,0.39116,-0.534482,0.00933468,-0.000940766,-0.0167188,-4.34713e-05,-0.0265817,-0.523598,-0.327967,0.5236,-0.0473875,3.14159,0.181037,2.2252,-0.128591,3.27239,-0.0473013,-0.392797,-1.72423,4.19009,0.847692,3.14289,-0.0496861,0.52489,-0.0474177,1.00013,0.0265487,-1.25017,1.25149,-0.385722,9.21287,-18.4453,9.25855,-1.16115,-4.76786,9.54589,-9.2586,4.61867,-0.313054,1.19094e-05,-2.38458e-05,-1.07367,3.16912,-25.3286,12.6453,0,12.4547,-2.19885,7.78487,-3.8768,3.91074,-0.110213,-0.000395438,0.000105783,-1.21147,-32.2999,-34.1457,15.4605,23.2582,23.5386,9.33508,-3.85896,-11.6029,5.46495,1.61212,-0.00955442,0.00280197,0.0083988,1.82169,-1.82037,0.150013,0.0705516,0.206674,0.328349,1.7294,0.979746,-0.406815,-0.0267459,-0.699868,1.64269,-0.373564,-0.367643,0.155875,0.151099,0.212968,-6.5,-2,-0.000940766,0,0,1.73472e-18,8.67362e-18,2.64317e-18,3.19696e-17,-2.36898e-17,-2.34188e-17,-2.04813e-17,-2.08167e-17,-1.38778e-17,-3.1225e-17,0,-0.523598,-0.0386739,0.523599,-0.00710801,3.14159,2.2252,-0.0192887,3.27239,-0.00709519,-0.392699,4.19009,0.127158,3.14288,-0.00745292,0.523599,0,0,0,0.00933399,-4.34713e-05,-0.523598,0.5236,3.14159,2.2252,3.27239,-0.392797,4.19009,3.14289,0.52489,0,-1.7405,0.81976,9.00564e-06,0.571561,0.00125982,0.273254,-0.273056,0.0362585,0.0474074,0.0117992,1.00004,1.49639,-1.032,-3.37287,-5.45268,39.8205,24.6649,28.6369,-7.03844,-21.6375,-52.0191,0.364919,-6.59034,0.00281245,52.2225,0.00114566,52.2225,29.9913,-157.959,29.9828,-157.963,-30.6305,-161.817,-30.4694,-161.907,-101.192,-6.07203e-05,144.801,-59.9954,106.023,61.3949,2.61475,-6.69177,4.22142,-6.62951,-2.29382,26.876,-0.746153,26.9466,-0.69865,27.7015,0.0386855,28.2597
0.16,-6.4991,-2.00103,0.0144506,0.0477971,-2.06877e-05,0.605938,-0.523602,-0.448956,0.521611,0.0433501,3.14168,-2.24194,2.22519,-3.27451,3.27257,0.362349,-0.392718,-4.20944,4.18997,-3.15408,3.1441,-0.541567,0.524841,-5.4491,-2.00106,-7.80719,-0.404844,-7.7751,-3.66225,-4.8991,-2.00106,-7.29907,-0.615371,-7.29913,-3.38665,0.0725723,0.390772,-0.534825,0.0121146,-0.00102843,-0.00987973,-6.3357e-05,-0.031916,-0.523644,-0.383888,0.523553,-0.0474319,3.14155,0.0171265,2.22515,-0.0176602,3.27235,-0.0473045,-0.392843,-0.353344,4.18992,0.174032,3.14273,-0.0490979,0.524771,-0.0474341,1.0002,0.0351038,-1.25025,1.25229,-0.566132,9.28678,-18.6039,9.34552,-1.28961,-4.84142,9.69869,-9.34549,4.64787,-0.37007,-8.35474e-06,1.67385e-05,-1.06484,1.25069,-25.1531,12.7411,0,11.8692,-0.525845,7.67639,-3.93295,3.72816,0.0224599,-0.000439033,0.00012114,-1.1549,-4.75153,-31.8539,15.459,17.8585,3.52677,8.19483,-3.85755,-8.91105,4.31425,0.307427,-0.00814858,0.00261412,0.00602206,1.43812,-1.43715,0.150018,0.0573641,0.140391,0.214646,1.86598,1.08337,-0.084434,-0.0531099,-0.758824,0.380303,-0.282805,-0.44805,0.15686,0.144045,0.168125,-6.4991,-2,-0.00102843,0,4,-8.67362e-19,-1.21431e-17,-1.25116e-17,1.25115e-17,-1.12757e-17,-1.14925e-17,-6.57975e-18,-9.54098e-18,-1.04083e-17,1.19262e-18,0,-0.523644,-0.0449655,0.523554,-0.00711488,3.14159,2.22515,-0.00264905,3.27235,-0.00709567,-0.392699,4.18992,0.0261004,3.14276,-0.00736468,0.523599,0,0,0,0.0121134,-6.3357e-05,-0.523644,0.523553,3.14155,2.22515,3.27235,-0.392843,4.18992,3.14273,0.524771,4.26693e-05,-1.33648,0.64708,-2.87179e-05,0.0725022,0.000903309,0.215718,-0.215573,0.00690205,0.047418,0.0118027,1.00005,1.06887,-0.70619,-2.0949,-3.13913,40.5347,24.7698,7.85951,-2.42687,-16.9911,-35.748,-4.91318,-11.6553,-0.020012,36.2294,-0.0199171,36.2294,20.9714,-109.269,20.9639,-109.272,-21.7136,-103.401,-21.6515,-103.435,-69.534,0.00011644,101.259,-41.9549,75.1513,43.5104,2.62588,-4.60645,4.29714,-4.55047,-1.80125,18.6026,-0.257275,18.6086,-1.23559,17.8011,-0.520852,17.8122
0.2,-6.49666,-2.00112,0.0164899,0.0524813,-2.88532e-05,0.613029,-0.523603,-0.443616,0.521395,0.0463798,3.14168,-2.24282,2.22519,-3.27418,3.27268,0.360613,-0.392717,-4.2076,4.1898,-3.15225,3.14313,-0.544754,0.524675,-5.44666,-2.00117,-7.80473,-0.404928,-7.77272,-3.66224,-4.89666,-2.00117,-7.29662,-0.615457,-7.2967,-3.38674,0.0776909,0.391221,-0.533796,0.0142923,-0.00112079,-0.00575377,-0.00018889,-0.0347165,-0.523763,-0.420884,0.523435,-0.047465,3.14143,-0.00895207,2.22503,0.00229556,3.27222,-0.0473227,-0.392965,-0.0774697,4.18964,0.0402997,3.14244,-0.0487903,0.524474,-0.047469,1.00026,0.0402871,-1.25033,1.25292,-0.673224,9.33601,-18.7108,9.40543,-1.38344,-4.89028,9.80103,-9.40535,4.66761,-0.407297,-1.0755e-05,2.15613e-05,-1.05911,0.998133,-25.1187,12.7652,0,11.7148,-0.278303,7.65471,-3.94575,3.68234,0.0448086,-0.000486286,0.000135054,-1.1407,0.0856461,-31.4007,15.4611,16.9514,0.451111,7.97277,-3.85885,-8.4609,4.09749,0.109812,-0.00672993,0.00219978,0.00481173,1.36587,-1.36509,0.150023,0.0509828,0.117103,0.177279,1.99941,1.15893,-0.0220262,-0.0448606,-0.802066,0.04608,-0.241194,-0.527596,0.157527,0.142274,0.159678,-6.49663,-2,-0.00112079,0,15,-8.67362e-19,-8.67362e-18,-6.42739e-18,-1.10614e-17,1.30104e-18,6.50521e-19,-1.30104e-18,6.50521e-18,6.07153e-18,1.65341e-17,0,-0.523763,-0.0491289,0.523436,-0.00711989,3.14159,2.22503,0.000344273,3.27223,-0.00709841,-0.392699,4.18964,0.00604367,3.14247,-0.00731854,0.523599,0,0,0,0.0142906,-0.00018889,-0.523763,0.523435,3.14143,2.22503,3.27222,-0.392965,4.18964,3.14244,0.524474,0.000160037,-1.26901,0.614584,-1.96874e-05,0.00395727,0.000721759,0.204881,-0.204764,0.00245795,0.0474472,0.0118125,1.00005,0.740883,-0.655879,-1.48378,-1.93164,45.1926,27.3182,1.27992,-1.47537,-17.5164,-8.78607,-5.05241,-12.2842,-0.103443,47.8366,-0.0306059,47.8366,19.8853,-88.1167,19.87,-88.1229,-20.6027,-81.2804,-20.5789,-81.2927,-93.2637,0.00028719,96.0246,-39.7866,71.3136,41.2714,2.89603,-6.82763,4.79092,-6.78152,-1.85694,14.8649,-0.156405,14.8687,-1.30226,13.8826,-0.535612,13.875
0.24,-6.4932,-2.00121,0.0183946,0.0568357,-3.26707e-05,0.61967,-0.523603,-0.43821,0.521216,0.0488317,3.14169,-2.24329,2.22518,-3.27344,3.2727,0.358731,-0.392713,-4.20738,4.18964,-3.15047,3.14287,-0.547237,0.524526,-5.4432,-2.00126,-7.80126,-0.405016,-7.76931,-3.66225,-4.8932,-2.00126,-7.29315,-0.615545,-7.29324,-3.38683,0.0829093,0.391971,-0.53212,0.0161721,-0.00121334,-0.00247804,-0.000352818,-0.0365859,-0.523924,-0.451728,0.523274,-0.0475039,3.14127,-0.0107681,2.22486,0.00572274,3.27206,-0.0473547,-0.393127,-0.0405669,4.18932,0.0241789,3.14212,-0.0485989,0.524151,-0.0475145,1.00032,0.0444188,-1.25042,1.25351,-0.756183,9.37722,-18.8011,9.45678,-1.46665,-4.93111,9.88702,-9.45667,4.68434,-0.438033,-1.01983e-05,2.04592e-05,-1.0544,1.02223,-25.111,12.7758,0,11.6429,-0.266804,7.64942,-3.95041,3.66263,0.0484182,-0.000519848,0.000144656,-1.13459,0.75478,-31.3456,15.464,16.9012,0.0605984,7.94896,-3.86055,-8.43816,4.08319,0.0873329,-0.00557693,0.00182703,0.00398528,1.36111,-1.36046,0.150028,0.0476161,0.108862,0.166036,2.13447,1.22018,-0.0117157,-0.0265263,-0.848998,0.00559397,-0.200615,-0.589579,0.158092,0.141513,0.159121,-6.49325,-2,-0.00121334,0,30,0,5.20417e-18,4.08937e-18,-3.91926e-17,-1.34441e-17,-1.34441e-17,-1.30545e-17,-4.33681e-18,-4.33681e-18,4.03865e-18,0,-0.523924,-0.0526005,0.523275,-0.00712572,3.14159,2.22486,0.000858333,3.27206,-0.0071032,-0.392699,4.18932,0.00362602,3.14214,-0.00728983,0.523599,0,0,0,0.0161698,-0.000352818,-0.523924,0.523274,3.14127,2.22486,3.27206,-0.393127,4.18932,3.14212,0.524151,0.000320147,-1.26563,0.612448,-1.52988e-05,-0.00448828,0.000597792,0.204166,-0.20407,0.00195499,0.0474871,0.0118259,1.00006,0.538394,-0.678274,-1.35446,-1.56135,50.1961,30.0713,-0.0662048,-1.11685,-18.9619,-1.31041,-4.47253,-13.4463,-0.204809,61.4407,-0.0273005,61.4407,20.7841,-78.9956,20.7579,-79.0064,-21.4586,-70.7339,-21.4622,-70.7308,-120.823,0.000464989,100.363,-41.5846,74.2832,42.9738,3.18789,-9.22909,5.32134,-9.18969,-2.01017,13.1892,-0.118398,13.1942,-1.42546,11.9627,-0.474138,11.9569
0.28,-6.4891,-2.0013,0.0202399,0.0611864,-3.62123e-05,0.626388,-0.523604,-0.432523,0.521046,0.0510408,3.1417,-2.2438,2.22518,-3.27259,3.2727,0.356494,-0.392707,-4.20737,4.18948,-3.14857,3.1427,-0.549882,0.524374,-5.4391,-2.00136,-7.79716,-0.405104,-7.76526,-3.66226,-4.8891,-2.00136,-7.28905,-0.615635,-7.28915,-3.38692,0.0884175,0.392825,-0.530245,0.0178852,-0.00130719,0.000547678,-0.000548589,-0.03776,-0.524116,-0.480959,0.523081,-0.0475499,3.14108,-0.00850377,2.22467,0.00640292,3.27187,-0.047396,-0.393322,-0.0320172,4.18896,0.0219684,3.14177,-0.0484181,0.523792,-0.0475681,1.00038,0.0482466,-1.25052,1.25411,-0.828515,9.41625,-18.8871,9.50656,-1.55126,-4.96972,9.9687,-9.50641,4.70053,-0.466927,-9.128e-06,1.83253e-05,-1.05003,1.09094,-25.1077,12.7843,0,11.5864,-0.293772,7.64684,-3.95377,3.64785,0.048977,-0.000547585,0.000152556,-1.13001,0.942118,-31.3368,15.4668,16.9467,-0.0307996,7.94847,-3.86232,-8.4633,4.09215,0.0842821,-0.00441791,0.00144776,0.00316711,1.3641,-1.36359,0.150033,0.046132,0.108766,0.167946,2.27655,1.27536,-0.0126376,-0.00513964,-0.904819,0.000120472,-0.157188,-0.655611,0.158639,0.140942,0.15947,-6.48921,-2,-0.00130719,0,48,1.73472e-18,-3.46945e-18,1.0967e-18,-1.09564e-18,-2.60209e-18,-3.03577e-18,-7.61652e-18,7.069e-17,7.069e-17,7.18962e-17,0,-0.524116,-0.055891,0.523082,-0.00713262,3.14159,2.22467,0.000960362,3.27187,-0.0071094,-0.392699,4.18896,0.00329453,3.14179,-0.00726271,0.523599,0,0,0,0.0178822,-0.000548589,-0.524116,0.523081,3.14108,2.22467,3.27187,-0.393322,4.18896,3.14177,0.523792,0.000512377,-1.26941,0.613794,-1.41166e-05,-0.00831777,0.000475067,0.204614,-0.204538,0.0018894,0.047535,0.0118419,1.00006,0.41208,-0.716888,-1.38527,-1.5169,54.8043,32.4383,-0.353812,-0.774223,-20.5057,-0.453035,-3.73547,-15.0694,-0.296605,72.9844,-0.0223614,72.9844,22.0834,-75.0711,22.0488,-75.0854,-22.7252,-65.3386,-22.7513,-65.3226,-144.123,0.000609934,106.635,-44.1835,78.6784,45.4991,3.43882,-11.2162,5.80987,-11.1809,-2.17383,12.426,-0.0820763,12.4319,-1.59753,10.9541,-0.396002,10.946
0.32,-6.4846,-2.0014,0.0220718,0.0657323,-4.03315e-05,0.633504,-0.523604,-0.426382,0.520875,0.0531478,3.14171,-2.2445,2.22518,-3.27169,3.2727,0.353787,-0.392699,-4.20754,4.18931,-3.14665,3.14253,-0.552865,0.524226,-5.4346,-2.00146,-7.79265,-0.405192,-7.76081,-3.66227,-4.8846,-2.00146,-7.28454,-0.615724,-7.28465,-3.38701,0.0943757,0.393714,-0.528351,0.0195069,-0.00140244,0.00363657,-0.000777111,-0.0386523,-0.524341,-0.510726,0.522857,-0.0476039,3.14085,-0.00516639,2.22444,0.00686234,3.27164,-0.0474462,-0.393548,-0.0253881,4.18857,0.0211505,3.14138,-0.0482465,0.523403,-0.04763,1.00045,0.0521623,-1.25062,1.25476,-0.900224,9.45613,-18.9754,9.55844,-1.63953,-5.00913,10.0524,-9.55824,4.71719,-0.496105,-7.9897e-06,1.60531e-05,-1.04562,1.1731,-25.1041,12.7934,0,11.5297,-0.329427,7.64405,-3.95739,3.63357,0.0492969,-0.000572471,0.000159694,-1.12558,1.0986,-31.3343,15.4703,17.004,-0.100804,7.95114,-3.86424,-8.49433,4.10314,0.0831576,-0.00327006,0.00107168,0.00235271,1.36776,-1.36738,0.150039,0.0457976,0.113649,0.177894,2.42997,1.32797,-0.0174493,0.0172006,-0.972396,-0.00432529,-0.113446,-0.730117,0.159201,0.14039,0.159898,-6.48449,-1.99999,-0.00140244,0,69,0,6.93889e-18,3.98105e-18,-3.98275e-18,-9.97466e-18,-9.97466e-18,-1.10623e-17,-4.77049e-18,-4.77049e-18,5.28549e-18,0,-0.524341,-0.0592422,0.522858,-0.00714072,3.14159,2.22444,0.00102927,3.27164,-0.00711692,-0.392699,4.18857,0.00317185,3.1414,-0.00723697,0.523599,0,0,0,0.0195031,-0.000777111,-0.524341,0.522857,3.14085,2.22444,3.27164,-0.393548,4.18857,3.14138,0.523403,0.000736779,-1.27406,0.615442,-1.43147e-05,-0.0131452,0.000352906,0.205164,-0.205107,0.00186685,0.0475909,0.0118606,1.00007,0.330575,-0.762962,-1.49919,-1.63253,59.2783,34.5605,-0.423619,-0.425292,-22.185,-0.420523,-2.98632,-16.8418,-0.376469,83.1299,-0.0185515,83.1299,23.5684,-74.0549,23.5278,-74.0717,-24.1919,-63.0032,-24.2337,-62.9783,-164.533,0.000698386,113.804,-47.1542,83.767,48.4233,3.6638,-12.9297,6.28417,-12.8966,-2.35186,12.1752,-0.0450857,12.1819,-1.78542,10.4876,-0.316583,10.4769
0.36,-6.47983,-2.00149,0.0239057,0.0704066,-4.50284e-05,0.640827,-0.523604,-0.420203,0.520694,0.0552399,3.14172,-2.24534,2.22518,-3.27088,3.27271,0.35096,-0.392691,-4.20783,4.18915,-3.14482,3.14236,-0.555889,0.524078,-5.42983,-2.00156,-7.78788,-0.405281,-7.7561,-3.66228,-4.87983,-2.00156,-7.27977,-0.615813,-7.27989,-3.38709,0.100361,0.394522,-0.52654,0.0211151,-0.0014992,0.0069893,-0.00100635,-0.0395171,-0.524565,-0.542335,0.522632,-0.0476581,3.14063,-0.00113166,2.22422,0.00776429,3.27141,-0.0474968,-0.393774,-0.0183515,4.18818,0.020991,3.14099,-0.048075,0.523014,-0.0476924,1.00052,0.0564097,-1.25073,1.25548,-0.977744,9.49881,-19.0706,9.61494,-1.73252,-5.05129,10.1424,-9.61469,4.73492,-0.526807,-6.88898e-06,1.38535e-05,-1.04095,1.26673,-25.0986,12.8043,0,11.4666,-0.36936,7.64006,-3.96186,3.61838,0.0500936,-0.000595942,0.00016652,-1.12087,1.26628,-31.3372,15.4747,17.0719,-0.172821,7.9564,-3.86641,-8.53069,4.11518,0.0829416,-0.00212935,0.000697782,0.00153814,1.37178,-1.37153,0.150044,0.0458481,0.116858,0.183075,2.58432,1.3802,-0.0210003,0.0374542,-1.04296,-0.00706361,-0.0718535,-0.805642,0.1598,0.139803,0.160367,-6.47977,-1.99999,-0.0014992,0,90,0,6.93889e-18,3.60455e-18,-2.13486e-17,-2.47198e-17,-2.47198e-17,-2.61157e-17,-1.73472e-17,-1.77809e-17,-2.33103e-17,0,-0.524565,-0.0628006,0.522633,-0.00714883,3.14159,2.22422,0.00116456,3.27142,-0.00712452,-0.392699,4.18818,0.00314789,3.14101,-0.00721125,0.523599,0,0,0,0.0211104,-0.00100635,-0.524565,0.522632,3.14063,2.22422,3.27141,-0.393774,4.18818,3.14099,0.523014,0.000961326,-1.27951,0.617247,-1.50951e-05,-0.0165704,0.000230721,0.205767,-0.20573,0.00186377,0.0476469,0.0118794,1.00007,0.278608,-0.813447,-1.66605,-1.84843,63.5697,36.5715,-0.423888,-0.132522,-23.8699,-0.436494,-2.29808,-18.5924,-0.446584,92.2994,-0.0155779,92.2994,25.1659,-74.962,25.1206,-74.9807,-25.7836,-62.6596,-25.8363,-62.6286,-182.965,0.000724819,121.517,-50.35,89.2882,51.5954,3.87699,-14.4542,6.7391,-14.4229,-2.53047,12.2638,-0.0140488,12.271,-1.971,10.3737,-0.243622,10.3611
0.4,-6.4749,-2.00158,0.0257554,0.0752315,-5.02441e-05,0.648395,-0.523604,-0.413852,0.520509,0.0572797,3.14174,-2.24631,2.22518,-3.27008,3.27272,0.347911,-0.392683,-4.2082,4.18898,-3.14303,3.1422,-0.55904,0.523931,-5.4249,-2.00166,-7.78294,-0.405369,-7.75122,-3.66229,-4.8749,-2.00166,-7.27483,-0.615902,-7.27497,-3.38718,0.106514,0.395314,-0.524764,0.0227146,-0.0015975,0.0105005,-0.00124696,-0.0407583,-0.5248,-0.574725,0.522397,-0.0477151,3.14039,0.00297384,2.22398,0.00911042,3.27118,-0.0475503,-0.394011,-0.0112815,4.18778,0.0212973,3.14059,-0.0479058,0.522615,-0.047758,1.00059,0.0608599,-1.25085,1.25628,-1.06302,9.54323,-19.1704,9.67452,-1.82252,-5.09514,10.2364,-9.6742,4.75289,-0.557935,-5.86199e-06,1.17993e-05,-1.03611,1.36323,-25.0918,12.8167,0,11.3991,-0.408695,7.6352,-3.96702,3.60231,0.0513644,-0.000618974,0.000173298,-1.11589,1.43752,-31.3433,15.48,17.1467,-0.244182,7.96326,-3.86881,-8.57054,4.12805,0.0833715,-0.000992894,0.000325318,0.000720274,1.37607,-1.37595,0.15005,0.0462426,0.12062,0.189197,2.74296,1.4311,-0.0242528,0.0572668,-1.1191,-0.00945233,-0.0311693,-0.88435,0.160406,0.139182,0.160868,-6.47484,-1.99998,-0.0015975,0,112,0,1.04083e-17,1.61898e-17,1.61953e-18,4.33681e-19,0,-3.998e-19,-5.63785e-17,-5.63785e-17,-6.24772e-17,0,-0.5248,-0.0664471,0.522399,-0.00715736,3.14159,2.22398,0.00136647,3.27118,-0.00713255,-0.392699,4.18778,0.00319379,3.14061,-0.00718587,0.523599,0,0,0,0.022709,-0.00124696,-0.5248,0.522397,3.14039,2.22398,3.27118,-0.394011,4.18778,3.14059,0.522615,0.00119672,-1.28548,0.619176,-1.60177e-05,-0.0198814,0.000108041,0.206411,-0.206393,0.00187486,0.0477056,0.011899,1.00008,0.245172,-0.862183,-1.81516,-2.01558,67.7229,38.3993,-0.405092,0.183897,-25.5843,-0.457075,-1.6001,-20.3367,-0.508393,100.33,-0.0137022,100.33,26.703,-76.7501,26.6539,-76.7704,-27.3258,-63.3549,-27.3863,-63.3194,-199.082,0.000690584,128.938,-53.4254,94.6384,54.6663,4.07075,-15.7759,7.17939,-15.7457,-2.71222,12.5129,0.0194952,12.5208,-2.15592,10.4476,-0.169628,10.4333
0.44,-6.46986,-2.00168,0.0276249,0.080158,-5.59788e-05,0.656097,-0.523603,-0.407496,0.520319,0.0592704,3.14175,-2.24736,2.22518,-3.26933,3.27272,0.344776,-0.392674,-4.20864,4.18882,-3.14129,3.14204,-0.562198,0.523785,-5.41986,-2.00176,-7.7779,-0.405457,-7.74624,-3.6623,-4.86986,-2.00177,-7.26979,-0.61599,-7.26994,-3.38727,0.112666,0.39607,-0.523036,0.0243299,-0.00169736,0.0141841,-0.00148825,-0.0422992,-0.525035,-0.608109,0.522162,-0.0477723,3.14016,0.00726229,2.22374,0.0108174,3.27094,-0.0476039,-0.394247,-0.00404474,4.18738,0.0219882,3.14019,-0.0477358,0.522216,-0.0478243,1.00067,0.0655282,-1.25098,1.25716,-1.15577,9.5897,-19.2755,9.73771,-1.91086,-5.14098,10.3352,-9.73733,4.77124,-0.58967,-4.92684e-06,9.92681e-06,-1.03109,1.46401,-25.0837,12.8306,0,11.3271,-0.448556,7.62956,-3.97285,3.58541,0.0530075,-0.000642138,0.00018019,-1.11065,1.61479,-31.3524,15.4864,17.2282,-0.316427,7.97155,-3.87146,-8.61371,4.14169,0.0843367,0.000141007,-4.61904e-05,-0.000102751,1.38062,-1.38064,0.150057,0.0467386,0.123164,0.192555,2.90172,1.48076,-0.0263537,0.0761021,-1.19737,-0.01078,0.008252,-0.96323,0.161026,0.138528,0.1614,-6.4699,-1.99998,-0.00169736,0,134,1.73472e-18,0,6.00546e-19,-1.84789e-17,3.90313e-18,3.90313e-18,-1.35525e-20,-5.55112e-17,-5.59448e-17,-6.39196e-17,0,-0.525035,-0.0702055,0.522164,-0.00716593,3.14159,2.22374,0.00162251,3.27094,-0.00714059,-0.392699,4.18738,0.00329736,3.14021,-0.00716037,0.523599,0,0,0,0.0243231,-0.00148825,-0.525035,0.522162,3.14016,2.22374,3.27094,-0.394247,4.18738,3.14019,0.522216,0.00143227,-1.29195,0.62122,-1.7094e-05,-0.0223758,-1.54126e-05,0.207093,-0.207095,0.00189771,0.0477643,0.0119187,1.00008,0.223862,-0.910829,-1.97007,-2.20142,71.7622,40.1282,-0.381638,0.484283,-27.3069,-0.479911,-0.925632,-22.0559,-0.564387,107.75,-0.0126391,107.75,28.2342,-79.2063,28.1819,-79.2279,-28.8702,-64.7799,-28.9368,-64.7409,-213.967,0.00060282,136.332,-56.4893,99.9965,57.7395,4.25404,-16.9863,7.6076,-16.9569,-2.89483,12.8819,0.0513394,12.8904,-2.33817,10.6521,-0.0981273,10.6363
0.48,-6.46476,-2.00177,0.029521,0.0852183,-6.20646e-05,0.663999,-0.523602,-0.400994,0.520127,0.0611763,3.14176,-2.24851,2.22517,-3.26856,3.27273,0.34144,-0.392666,-4.20913,4.18865,-3.13956,3.14188,-0.56546,0.523639,-5.41476,-2.00187,-7.77278,-0.405545,-7.74118,-3.66232,-4.86476,-2.00187,-7.26467,-0.616079,-7.26484,-3.38736,0.118962,0.396839,-0.521321,0.0259543,-0.00179876,0.0179718,-0.00174077,-0.0442385,-0.525281,-0.641946,0.521916,-0.0478324,3.13991,0.0115599,2.2235,0.0127682,3.27069,-0.0476603,-0.394495,0.00319517,4.18697,0.0229238,3.13977,-0.0475675,0.521806,-0.0478938,1.00076,0.0703321,-1.25112,1.25812,-1.25579,9.63758,-19.3847,9.8037,-1.99472,-5.18818,10.4374,-9.80325,4.78963,-0.62146,-4.06492e-06,8.19885e-06,-1.02594,1.56622,-25.075,12.8458,0,11.2524,-0.487891,7.62344,-3.97919,3.56791,0.0548928,-0.000665736,0.000187272,-1.10522,1.79445,-31.3633,15.4938,17.3138,-0.38854,7.98065,-3.87436,-8.65897,4.1559,0.085646,0.00127344,-0.000417057,-0.000932263,1.38536,-1.38551,0.150063,0.0474013,0.126507,0.197558,3.06412,1.52829,-0.0286755,0.0952434,-1.28067,-0.0122735,0.0473461,-1.04472,0.161646,0.137852,0.161953,-6.46475,-1.99997,-0.00179876,0,157,1.73472e-18,3.46945e-18,3.2687e-18,1.46757e-17,-2.90566e-17,-2.81893e-17,-2.48892e-17,4.85723e-17,4.81386e-17,3.77133e-17,0,-0.525281,-0.0740151,0.521918,-0.00717494,3.14159,2.2235,0.00191512,3.2707,-0.00714904,-0.392699,4.18697,0.00343764,3.1398,-0.00713512,0.523599,0,0,0,0.0259462,-0.00174077,-0.525281,0.521916,3.13991,2.2235,3.27069,-0.394495,4.18697,3.13977,0.521806,0.0016787,-1.29873,0.623348,-1.81632e-05,-0.0251283,-0.00013984,0.207804,-0.207826,0.00192818,0.0478259,0.0119393,1.00009,0.210077,-0.957808,-2.11155,-2.35748,75.7692,41.7377,-0.357905,0.806927,-29.093,-0.506821,-0.242178,-23.7956,-0.616065,114.613,-0.0123386,114.613,29.7163,-81.9536,29.6611,-81.9764,-30.3722,-66.5951,-30.4438,-66.5532,-227.717,0.000464543,143.489,-59.455,105.208,60.726,4.42466,-18.0991,8.03238,-18.0703,-3.08418,13.3054,0.0855433,13.3145,-2.5226,10.928,-0.0256736,10.9107
0.52,-6.45961,-2.00186,0.0314433,0.0903693,-6.85226e-05,0.672007,-0.523602,-0.394504,0.519931,0.0630097,3.14178,-2.24972,2.22517,-3.26782,3.27275,0.33803,-0.392657,-4.20965,4.18849,-3.13787,3.14172,-0.568718,0.523494,-5.40961,-2.00197,-7.76762,-0.405633,-7.73609,-3.66233,-4.85961,-2.00197,-7.25951,-0.616167,-7.2597,-3.38745,0.125241,0.397588,-0.519643,0.0276052,-0.00190172,0.0218987,-0.00199383,-0.0464802,-0.525527,-0.676587,0.521671,-0.0478927,3.13967,0.0160406,2.22325,0.0149351,3.27044,-0.0477166,-0.394743,0.0106051,4.18656,0.0240987,3.13936,-0.0473979,0.521397,-0.0479641,1.00085,0.0753134,-1.25128,1.25916,-1.36305,9.68735,-19.499,9.87329,-2.07599,-5.23721,10.5442,-9.87276,4.8083,-0.653622,-3.28524e-06,6.63368e-06,-1.02063,1.67223,-25.0656,12.8623,0,11.1744,-0.528127,7.6168,-3.9861,3.54978,0.0569819,-0.000689924,0.000194596,-1.0996,1.97987,-31.3762,15.5023,17.4042,-0.462115,7.99068,-3.87753,-8.70665,4.17069,0.0872931,0.00240507,-0.000787491,-0.0017692,1.39029,-1.39057,0.150071,0.048058,0.128775,0.200199,3.2262,1.57399,-0.0302175,0.113857,-1.36581,-0.0130626,0.085461,-1.12609,0.162277,0.137151,0.162529,-6.45959,-1.99996,-0.00190172,0,180,1.73472e-18,3.46945e-18,-1.44589e-18,-3.4586e-17,1.82146e-17,1.82146e-17,1.47282e-17,3.20924e-17,3.20924e-17,4.25956e-17,0,-0.525527,-0.0779152,0.521672,-0.00718397,3.14159,2.22325,0.00224014,3.27045,-0.00715749,-0.392699,4.18656,0.00361382,3.13939,-0.00710968,0.523599,0,0,0,0.0275957,-0.00199383,-0.525527,0.521671,3.13967,2.22325,3.27044,-0.394743,4.18656,3.13936,0.521397,0.00192531,-1.30588,0.625566,-1.90795e-05,-0.0272933,-0.00026538,0.208544,-0.208586,0.00196622,0.0478874,0.01196,1.00009,0.200973,-1.00507,-2.26179,-2.5344,79.7323,43.2908,-0.331508,1.11297,-30.9103,-0.533176,0.415935,-25.5274,-0.665512,121.289,-0.0126269,121.289,31.2082,-84.991,31.1504,-85.0149,-31.8883,-68.7122,-31.9642,-68.6678,-241.096,0.000281261,150.694,-62.4406,110.469,63.7387,4.58931,-19.1768,8.45252,-19.1485,-3.27683,13.7803,0.117987,13.7901,-2.70619,11.2574,0.0440938,11.2388
0.56,-6.45443,-2.00196,0.0333917,0.0955851,-7.52964e-05,0.680073,-0.523601,-0.388044,0.519733,0.0647561,3.14179,-2.25096,2.22517,-3.26707,3.27276,0.334566,-0.392648,-4.21018,4.18832,-3.1362,3.14157,-0.571951,0.523349,-5.40443,-2.00208,-7.76243,-0.405721,-7.73096,-3.66234,-4.85443,-2.00208,-7.25432,-0.616256,-7.25453,-3.38754,0.131488,0.398337,-0.517984,0.0292824,-0.00200623,0.0259118,-0.00224738,-0.0491189,-0.525773,-0.71156,0.521425,-0.0479531,3.13942,0.020534,2.223,0.0172585,3.2702,-0.0477729,-0.394991,0.0180006,4.18615,0.0254427,3.13895,-0.0472269,0.520988,-0.0480352,1.00095,0.0804062,-1.25144,1.2603,-1.47758,9.73849,-19.6174,9.94574,-2.15202,-5.28754,10.6543,-9.94512,4.82693,-0.685684,-2.56278e-06,5.18094e-06,-1.01522,1.7794,-25.0557,12.88,0,11.0944,-0.568079,7.60985,-3.99347,3.53116,0.059208,-0.000714846,0.000202198,-1.09383,2.16712,-31.3903,15.5118,17.4977,-0.535674,8.00123,-3.88095,-8.75592,4.18596,0.0891806,0.00353627,-0.00115764,-0.00261414,1.39538,-1.3958,0.150079,0.0487102,0.130394,0.20163,3.38752,1.6175,-0.0310958,0.132452,-1.4523,-0.0132705,0.123119,-1.20683,0.162905,0.136431,0.163123,-6.45444,-1.99995,-0.00200623,0,203,1.73472e-18,3.46945e-18,3.63377e-18,3.25362e-17,-2.47198e-17,-2.47198e-17,-2.95648e-17,-1.77809e-17,-1.82146e-17,-1.7022e-17,0,-0.525773,-0.0818527,0.521426,-0.00719303,3.14159,2.223,0.00258865,3.2702,-0.00716594,-0.392699,4.18615,0.00381536,3.13898,-0.00708404,0.523599,0,0,0,0.0292712,-0.00224738,-0.525773,0.521425,3.13942,2.223,3.2702,-0.394991,4.18615,3.13895,0.520988,0.00217208,-1.31326,0.627854,-2.01971e-05,-0.029085,-0.000392121,0.209308,-0.20937,0.00200976,0.0479491,0.0119806,1.0001,0.195116,-1.05153,-2.40133,-2.68308,83.6327,44.7631,-0.304849,1.42884,-32.7355,-0.561517,1.07521,-27.2308,-0.713118,127.718,-0.0132616,127.718,32.6781,-88.1604,32.6178,-88.1854,-33.386,-70.9891,-33.4661,-70.9423,-253.982,5.19914e-05,157.793,-65.3823,115.668,66.7131,4.74539,-20.2116,8.866,-20.1837,-3.47033,14.2799,0.151473,14.2903,-2.88677,11.6161,0.113984,11.5962
0.6,-6.44923,-2.00205,0.035366,0.10085,-8.24166e-05,0.688167,-0.5236,-0.381626,0.519535,0.066405,3.14181,-2.25222,2.22517,-3.26631,3.27277,0.33106,-0.392639,-4.21071,4.18816,-3.13454,3.14141,-0.575151,0.523204,-5.39923,-2.00218,-7.75722,-0.405809,-7.72581,-3.66235,-4.84923,-2.00218,-7.24911,-0.616344,-7.24934,-3.38763,0.137692,0.399097,-0.516333,0.0309857,-0.00211228,0.0299791,-0.00250145,-0.0521261,-0.526019,-0.746664,0.521179,-0.0480138,3.13917,0.0250247,2.22275,0.0196496,3.26995,-0.0478291,-0.395239,0.0253901,4.18574,0.0268539,3.13854,-0.0470546,0.520578,-0.0481071,1.00106,0.085571,-1.25162,1.26152,-1.5986,9.79072,-19.7393,10.0207,-2.2224,-5.33891,10.7674,-10.02,4.84541,-0.71745,-1.88667e-06,3.8188e-06,-1.00973,1.88715,-25.0457,12.8987,0,11.0133,-0.607834,7.60275,-4.00121,3.51224,0.061474,-0.000740624,0.000210107,-1.08797,2.35588,-31.4049,15.5223,17.5929,-0.609599,8.01198,-3.88463,-8.80604,4.20152,0.0911645,0.00466724,-0.00152762,-0.00346735,1.40057,-1.40112,0.150087,0.0493577,0.131629,0.202369,3.54779,1.65857,-0.0315605,0.15132,-1.53984,-0.0131498,0.160549,-1.28677,0.163529,0.1357,0.163729,-6.4493,-1.99994,-0.00211228,0,226,0,0,1.55515e-18,-1.97122e-17,-1.9082e-17,-1.73472e-17,-1.57175e-17,6.67869e-17,6.59195e-17,6.80066e-17,0,-0.526019,-0.0858052,0.521181,-0.00720211,3.14159,2.22275,0.0029473,3.26995,-0.00717437,-0.392699,4.18574,0.00402695,3.13857,-0.00705819,0.523599,0,0,0,0.0309727,-0.00250145,-0.526019,0.521179,3.13917,2.22275,3.26995,-0.395239,4.18574,3.13854,0.520578,0.00241903,-1.32077,0.630185,-2.14762e-05,-0.0306681,-0.000520103,0.210086,-0.210169,0.00205559,0.0480108,0.0120013,1.0001,0.191618,-1.09749,-2.53408,-2.81755,87.4771,46.1595,-0.281968,1.75704,-34.5685,-0.594683,1.73778,-28.9078,-0.759147,133.987,-0.0141712,133.987,34.1359,-91.4331,34.0732,-91.459,-34.8748,-73.3919,-34.9589,-73.3427,-266.543,-0.000224751,164.834,-68.2999,120.836,69.668,4.89342,-21.2179,9.27355,-21.1905,-3.66464,14.7986,0.186266,14.8096,-3.06455,11.9977,0.184225,11.9764
0.64,-6.44401,-2.00215,0.0373704,0.106217,-8.98631e-05,0.696398,-0.523599,-0.375093,0.519338,0.0679291,3.14183,-2.25354,2.22517,-3.26552,3.27279,0.327371,-0.392629,-4.21126,4.188,-3.13287,3.14126,-0.578435,0.523061,-5.39401,-2.00229,-7.752,-0.405896,-7.72065,-3.66236,-4.84401,-2.00229,-7.24389,-0.616433,-7.24414,-3.38771,0.144012,0.3999,-0.514674,0.0327043,-0.00221987,0.0340792,-0.00276677,-0.0554811,-0.526276,-0.781793,0.520922,-0.0480772,3.13892,0.0295133,2.22249,0.0220463,3.26969,-0.047888,-0.395499,0.0327809,4.18532,0.0282678,3.13812,-0.0468835,0.520159,-0.0481824,1.00118,0.0907839,-1.25182,1.26282,-1.72568,9.84391,-19.8644,10.0981,-2.28693,-5.39116,10.8831,-10.0973,4.86371,-0.748815,-1.24813e-06,2.5296e-06,-1.00419,1.99526,-25.0357,12.9183,0,10.9316,-0.647553,7.59562,-4.00925,3.49313,0.0637153,-0.000767294,0.000218333,-1.08204,2.54605,-31.4197,15.5339,17.6888,-0.684164,8.02274,-3.88855,-8.85659,4.21727,0.0931555,0.00579802,-0.00189755,-0.00432891,1.40582,-1.40651,0.150096,0.0501093,0.134174,0.205761,3.71093,1.6965,-0.0329388,0.171253,-1.63194,-0.0137709,0.198201,-1.36879,0.164147,0.134961,0.164342,-6.44393,-1.99993,-0.00221987,0,250,1.73472e-18,0,-4.42321e-18,4.42321e-18,-1.17094e-17,-1.12757e-17,-1.74861e-17,6.07153e-18,6.50521e-18,1.0842e-19,0,-0.526276,-0.0897606,0.520924,-0.00721161,3.14159,2.22249,0.0033068,3.26969,-0.0071832,-0.392699,4.18532,0.00423897,3.13815,-0.00703253,0.523599,0,0,0,0.0326891,-0.00276677,-0.526276,0.520922,3.13892,2.22249,3.26969,-0.395499,4.18532,3.13812,0.520159,0.0026769,-1.32835,0.632545,-2.25646e-05,-0.0329093,-0.000649337,0.210874,-0.210977,0.00210139,0.0480753,0.0120229,1.00011,0.189209,-1.14289,-2.6622,-2.94208,91.3532,47.4736,-0.261647,2.11132,-36.4834,-0.630148,2.411,-30.6187,-0.804403,140.157,-0.0155233,140.157,35.5803,-94.7206,35.5154,-94.7475,-36.3532,-75.8559,-36.4409,-75.8046,-278.897,-0.000547314,171.811,-71.1909,125.969,72.6001,5.03273,-22.2071,9.68447,-22.18,-3.86764,15.3204,0.223823,15.3322,-3.24592,12.3906,0.255593,12.3679
0.68,-6.43879,-2.00224,0.0393987,0.111593,-9.76159e-05,0.704572,-0.523598,-0.368751,0.519138,0.0693792,3.14184,-2.25485,2.22517,-3.26474,3.2728,0.323766,-0.392621,-4.21178,4.18783,-3.13124,3.1411,-0.581581,0.522917,-5.38879,-2.0024,-7.74676,-0.405984,-7.71549,-3.66237,-4.83879,-2.0024,-7.23866,-0.616521,-7.23893,-3.3878,0.150138,0.400676,-0.513053,0.0344637,-0.002329,0.0382793,-0.00302183,-0.0591065,-0.526522,-0.817471,0.520676,-0.0481381,3.13867,0.0341939,2.22224,0.0245134,3.26944,-0.0479441,-0.395747,0.040335,4.18491,0.0297853,3.13771,-0.0467082,0.51975,-0.0482559,1.0013,0.0961246,-1.25202,1.26421,-1.85965,9.89879,-19.9945,10.1791,-2.34765,-5.44504,11.0031,-10.1782,4.88216,-0.78025,-6.31381e-07,1.28135e-06,-0.998537,2.10664,-25.0255,12.9392,0,10.8481,-0.68854,7.58823,-4.01778,3.47363,0.0659929,-0.000794854,0.000226895,-1.076,2.74137,-31.4355,15.5466,17.7877,-0.760612,8.03394,-3.89278,-8.9086,4.23339,0.0952942,0.00692888,-0.00226751,-0.00519951,1.4112,-1.41203,0.150106,0.0507074,0.134394,0.204362,3.86927,1.73258,-0.0327632,0.190498,-1.72193,-0.0131112,0.234891,-1.44737,0.16477,0.134207,0.164969,-6.43879,-1.99991,-0.002329,0,273,3.46945e-18,6.93889e-18,4.06576e-18,3.2521e-17,-2.34188e-17,-2.29851e-17,-2.49265e-17,5.24754e-17,5.20417e-17,6.10135e-17,0,-0.526522,-0.0937778,0.520678,-0.00722073,3.14159,2.22224,0.00367684,3.26944,-0.00719161,-0.392699,4.18491,0.0044665,3.13774,-0.00700624,0.523599,0,0,0,0.0344462,-0.00302183,-0.526522,0.520676,3.13867,2.22224,3.26944,-0.395747,4.18491,3.13771,0.51975,0.00292421,-1.33614,0.634961,-2.37359e-05,-0.0340216,-0.000779927,0.21168,-0.211804,0.00215111,0.0481371,0.0120437,1.00011,0.187771,-1.18983,-2.80546,-3.09522,95.1512,48.7707,-0.235978,2.43821,-38.3701,-0.661335,3.05239,-32.2704,-0.849799,146.471,-0.0170379,146.471,37.0733,-98.1974,37.0062,-98.2252,-37.8813,-78.4469,-37.9729,-78.3934,-291.561,-0.000918846,179.022,-74.1791,131.275,75.6301,5.17024,-23.2185,10.0871,-23.192,-4.06766,15.8741,0.258477,15.8864,-3.42102,12.8046,0.323587,12.7806
0.72,-6.43356,-2.00233,0.0414515,0.116984,-0.000105652,0.712717,-0.523596,-0.362466,0.51894,0.0707195,3.14186,-2.25615,2.22516,-3.26394,3.27281,0.320141,-0.392612,-4.21228,4.18767,-3.1296,3.14095,-0.584681,0.522773,-5.38356,-2.00251,-7.74153,-0.406072,-7.71032,-3.66239,-4.83356,-2.0025,-7.23342,-0.616609,-7.23371,-3.38789,0.156209,0.401487,-0.511425,0.0362471,-0.00243966,0.0424673,-0.00327734,-0.0631557,-0.526768,-0.852746,0.52043,-0.0481991,3.13843,0.038705,2.22199,0.0269528,3.26919,-0.0480001,-0.395996,0.0477132,4.1845,0.0312592,3.1373,-0.0465315,0.519341,-0.0483303,1.00143,0.101456,-1.25224,1.26569,-1.99979,9.95415,-20.1267,10.2617,-2.40003,-5.49934,11.1248,-10.2607,4.90013,-0.810879,-3.67469e-08,7.46792e-08,-0.992875,2.21589,-25.0156,12.9609,0,10.7649,-0.72828,7.58097,-4.02653,3.45405,0.0682091,-0.00082336,0.000235788,-1.06993,2.9342,-31.4509,15.5603,17.886,-0.836135,8.04485,-3.89723,-8.96033,4.2496,0.0973712,0.00805947,-0.00263755,-0.00607837,1.41661,-1.41757,0.150116,0.0513204,0.134777,0.203622,4.02619,1.76589,-0.0324022,0.210611,-1.81243,-0.0123678,0.271781,-1.52479,0.165376,0.13345,0.1656,-6.43365,-1.9999,-0.00243966,0,296,3.46945e-18,1.38778e-17,6.53062e-18,-4.32546e-17,-1.64799e-17,-1.64799e-17,-2.88296e-17,7.89299e-17,7.93636e-17,8.12067e-17,0,-0.526768,-0.0977497,0.520431,-0.00722987,3.14159,2.22199,0.00404275,3.2692,-0.00720001,-0.392699,4.1845,0.00468751,3.13733,-0.00697972,0.523599,0,0,0,0.036227,-0.00327734,-0.526768,0.52043,3.13843,2.22199,3.26919,-0.395996,4.1845,3.1373,0.519341,0.00317169,-1.34389,0.63739,-2.48993e-05,-0.0351961,-0.000911756,0.212491,-0.212635,0.00219957,0.0481991,0.0120644,1.00012,0.186774,-1.23536,-2.92424,-3.1902,98.8774,49.9704,-0.215032,2.80549,-40.2386,-0.69835,3.72096,-33.8785,-0.894545,152.603,-0.0188323,152.603,38.5261,-101.603,38.4569,-101.631,-39.371,-80.9972,-39.4662,-80.9416,-303.855,-0.00133965,186.039,-77.0873,136.449,78.5816,5.29742,-24.2001,10.4821,-24.1743,-4.26574,16.4167,0.297413,16.4296,-3.5915,13.2125,0.394463,13.1872
0.76,-6.4282,-2.00243,0.0435607,0.122486,-0.00011445,0.72099,-0.523595,-0.356052,0.518745,0.0719441,3.14188,-2.25745,2.22516,-3.26304,3.27283,0.316375,-0.392603,-4.21275,4.1875,-3.12788,3.14079,-0.587855,0.522625,-5.3782,-2.00262,-7.73615,-0.406163,-7.70501,-3.6624,-4.8282,-2.00262,-7.22805,-0.616701,-7.22836,-3.38798,0.162409,0.402384,-0.509716,0.0380444,-0.00255594,0.0466479,-0.00354457,-0.0674809,-0.527025,-0.887825,0.520172,-0.0482629,3.13817,0.0431883,2.22173,0.0292935,3.26893,-0.0480586,-0.396256,0.0549685,4.18407,0.032679,3.13687,-0.0463487,0.518916,-0.0484082,1.00157,0.106786,-1.25248,1.26724,-2.14489,10.0102,-20.2617,10.3465,-2.44629,-5.55422,11.2484,-10.3453,4.91782,-0.840905,5.41091e-07,-1.10124e-06,-0.987202,2.32471,-25.0061,12.9832,0,10.6822,-0.768018,7.5739,-4.03547,3.43449,0.0702922,-0.00085302,0.000245071,-1.06386,3.12557,-31.4656,15.5748,17.9835,-0.911263,8.05547,-3.90192,-9.01182,4.26589,0.0993601,0.00922427,-0.00301903,-0.00699165,1.42204,-1.42314,0.150127,0.0527307,0.137538,0.206826,4.1863,1.79631,-0.0325711,0.232909,-1.90646,-0.0117809,0.310573,-1.60405,0.165974,0.132694,0.166234,-6.42829,-1.99988,-0.00255594,0,320,0,3.46945e-18,-4.44523e-18,4.44184e-18,-2.1684e-17,-2.21177e-17,-1.93395e-17,-8.67362e-18,-9.97466e-18,-7.75205e-18,0,-0.527025,-0.1017,0.520174,-0.00723942,3.14159,2.22173,0.00439383,3.26894,-0.0072088,-0.392699,4.18407,0.0049004,3.13691,-0.0069523,0.523599,0,0,0,0.0380214,-0.00354457,-0.527025,0.520172,3.13817,2.22173,3.26893,-0.396256,4.18407,3.13687,0.518916,0.00343012,-1.35161,0.639831,-2.60743e-05,-0.0367957,-0.00104875,0.213306,-0.213471,0.00224628,0.0482638,0.0120861,1.00012,0.204018,-1.28114,-3.04425,-3.29223,102.662,51.1094,-0.199771,3.21703,-42.1762,-0.73809,4.42983,-35.5223,-0.920278,158.141,-0.0143409,158.141,40.0277,-106.05,39.9574,-106.079,-40.9471,-84.883,-41.046,-84.8252,-314.864,-0.0018124,193.29,-80.0921,141.926,81.7041,5.41816,-25.066,10.8834,-25.0389,-4.47115,17.1437,0.341041,17.1574,-3.76576,13.8571,0.469612,13.83
0.8,-6.4231,-2.00252,0.0456552,0.127942,-0.000122641,0.729147,-0.523594,-0.349875,0.518547,0.0730472,3.14189,-2.25877,2.22516,-3.26222,3.27284,0.312656,-0.392594,-4.21323,4.18735,-3.1263,3.14064,-0.590878,0.522487,-5.3731,-2.00273,-7.73104,-0.406247,-7.69996,-3.66241,-4.8231,-2.00272,-7.22293,-0.616786,-7.22327,-3.38807,0.168371,0.403217,-0.508148,0.0399091,-0.00266558,0.0509094,-0.00380059,-0.0720804,-0.527272,-0.923431,0.519926,-0.0483241,3.13792,0.0478862,2.22148,0.0315291,3.26868,-0.0481145,-0.396505,0.06278,4.18367,0.0338453,3.13647,-0.0461762,0.518513,-0.0484847,1.00172,0.112221,-1.25273,1.2689,-2.29718,10.068,-20.4019,10.435,-2.48816,-5.61082,11.3767,-10.4338,4.93566,-0.87095,1.11241e-06,-2.2674e-06,-0.981413,2.43679,-24.9969,13.0068,0,10.5987,-0.809695,7.5669,-4.04479,3.41469,0.0722278,-0.000883336,0.000254621,-1.05773,3.32892,-31.4803,15.591,18.0812,-0.993225,8.06573,-3.90695,-9.06323,4.28211,0.101002,0.0103195,-0.00337822,-0.0078607,1.42745,-1.42869,0.150139,0.0523616,0.136404,0.20391,4.34051,1.82368,-0.0330686,0.253604,-1.99929,-0.01217,0.346147,-1.67953,0.166575,0.131928,0.166865,-6.42316,-1.99986,-0.00266558,0,343,0,0,-5.23466e-18,5.24144e-18,2.42861e-17,2.47198e-17,2.47334e-17,5.0307e-17,4.85723e-17,4.70002e-17,0,-0.527272,-0.105709,0.519928,-0.00724859,3.14159,2.22148,0.00472916,3.26869,-0.00721718,-0.392699,4.18367,0.00507528,3.13651,-0.00692643,0.523599,0,0,0,0.0398828,-0.00380059,-0.527272,0.519926,3.13792,2.22148,3.26868,-0.396505,4.18367,3.13647,0.518513,0.00367795,-1.35931,0.642262,-2.72071e-05,-0.0384316,-0.00117911,0.214117,-0.214303,0.00228447,0.0483258,0.0121069,1.00013,0.184458,-1.3252,-3.16614,-3.41405,106.123,52.034,-0.180523,3.60452,-44.0534,-0.77739,5.0892,-37.0525,-0.979132,164.751,-0.0300561,164.751,41.3995,-108.309,41.3273,-108.338,-42.3205,-86.0385,-42.4214,-85.9795,-328.221,-0.00233373,199.921,-82.8402,146.694,84.4185,5.51619,-26.145,11.2502,-26.1205,-4.67015,17.4846,0.382119,17.4987,-3.92798,14.0188,0.539512,13.9911
0.84,-6.41785,-2.00262,0.0477828,0.133471,-0.00013142,0.737386,-0.523592,-0.343578,0.518353,0.0740273,3.14191,-2.26012,2.22516,-3.2613,3.27285,0.308785,-0.392585,-4.21371,4.18718,-3.12465,3.14049,-0.593974,0.522344,-5.36785,-2.00284,-7.72578,-0.406334,-7.69477,-3.66242,-4.81785,-2.00283,-7.21767,-0.616874,-7.21803,-3.38816,0.174456,0.404131,-0.506505,0.0417483,-0.00278088,0.055137,-0.00406817,-0.0770273,-0.527529,-0.958407,0.519668,-0.0483881,3.13766,0.0523994,2.22122,0.0338325,3.26842,-0.0481729,-0.396765,0.0699614,4.18325,0.0352814,3.13605,-0.0459975,0.518093,-0.0485644,1.00188,0.117623,-1.25299,1.27063,-2.45483,10.1259,-20.5436,10.5248,-2.52129,-5.66745,11.5059,-10.5234,4.95292,-0.900004,1.68727e-06,-3.4445e-06,-0.975664,2.54636,-24.9876,13.031,0,10.5155,-0.849626,7.55984,-4.05436,3.3949,0.0742087,-0.000914943,0.000264621,-1.05159,3.5213,-31.4956,15.6077,18.18,-1.0688,8.07635,-3.91217,-9.11532,4.2987,0.103027,0.0114497,-0.00374909,-0.00876523,1.43298,-1.43436,0.150151,0.053189,0.138232,0.205982,4.49768,1.84797,-0.033571,0.276322,-2.09592,-0.0118662,0.383435,-1.75686,0.167159,0.131163,0.167512,-6.41781,-1.99984,-0.00278088,0,367,0,0,4.43506e-18,-4.1552e-17,1.38778e-17,1.25767e-17,2.23278e-17,-4.42354e-17,-4.42354e-17,-3.48029e-17,0,-0.527529,-0.109648,0.519671,-0.00725816,3.14159,2.22122,0.00507466,3.26843,-0.00722594,-0.392699,4.18325,0.0052906,3.13609,-0.00689963,0.523599,0,0,0,0.0417185,-0.00406817,-0.527529,0.519668,3.13766,2.22122,3.26842,-0.396765,4.18325,3.13605,0.518093,0.00393675,-1.36712,0.644749,-2.84047e-05,-0.0402096,-0.00131478,0.214948,-0.215154,0.00233171,0.0483907,0.0121287,1.00013,0.181828,-1.37359,-3.29751,-3.50782,110.094,53.2385,-0.15654,4.00234,-46.0973,-0.806313,5.74235,-38.7059,-1.0338,171.351,-0.0263048,171.351,42.9462,-111.845,42.8711,-111.876,-43.9045,-88.6543,-44.01,-88.5926,-341.462,-0.00291747,207.391,-85.9357,152.199,87.5539,5.64388,-27.2033,11.6712,-27.1796,-4.88683,18.0464,0.424292,18.0613,-4.10325,14.4355,0.608754,14.4061
0.88,-6.4126,-2.00272,0.0499363,0.138993,-0.000140778,0.745543,-0.523591,-0.337473,0.518157,0.0749343,3.14193,-2.26143,2.22516,-3.26041,3.27286,0.305015,-0.392576,-4.21414,4.18702,-3.12302,3.14033,-0.596929,0.522202,-5.3626,-2.00295,-7.72051,-0.406422,-7.68957,-3.66243,-4.8126,-2.00294,-7.2124,-0.616962,-7.21279,-3.38824,0.180347,0.405033,-0.504888,0.0436316,-0.00289777,0.0594271,-0.00432572,-0.0821679,-0.527776,-0.993756,0.519422,-0.0484495,3.13742,0.0570867,2.22097,0.0360885,3.26817,-0.0482287,-0.397015,0.07746,4.18284,0.0366166,3.13564,-0.0458148,0.517685,-0.0486426,1.00204,0.123109,-1.25327,1.27246,-2.61878,10.1853,-20.6901,10.6182,-2.5501,-5.72556,11.6391,-10.6167,4.97029,-0.928942,2.25042e-06,-4.60154e-06,-0.969833,2.65847,-24.9785,13.0564,0,10.4316,-0.890924,7.55277,-4.06433,3.37493,0.0761049,-0.000947266,0.000274921,-1.0454,3.72112,-31.511,15.6258,18.2794,-1.1484,8.08689,-3.9177,-9.16769,4.31534,0.104898,0.012579,-0.00412014,-0.00967781,1.43853,-1.44005,0.150164,0.0538396,0.138056,0.203934,4.65006,1.87042,-0.03282,0.298759,-2.19001,-0.0108275,0.42007,-1.83063,0.167745,0.130391,0.168159,-6.41268,-1.99982,-0.00289777,0,390,6.93889e-18,0,3.96411e-19,1.82281e-17,2.60209e-18,1.30104e-18,-7.01682e-18,-6.245e-17,-6.28837e-17,-6.22874e-17,0,-0.527776,-0.113629,0.519424,-0.00726735,3.14159,2.22097,0.00541304,3.26818,-0.0072343,-0.392699,4.18284,0.00549079,3.13568,-0.00687221,0.523599,0,0,0,0.0435978,-0.00432572,-0.527776,0.519422,3.13742,2.22097,3.26817,-0.397015,4.18284,3.13564,0.517685,0.00418494,-1.37497,0.647242,-2.97051e-05,-0.0411234,-0.00145167,0.21578,-0.216008,0.00237648,0.0484529,0.0121496,1.00014,0.182296,-1.42463,-3.43787,-3.6369,113.78,54.2687,-0.13722,4.40321,-48.0552,-0.85048,6.39803,-40.2551,-1.07976,178.167,-0.0277747,178.167,44.5798,-115.768,44.5029,-115.8,-45.5824,-91.6192,-45.6916,-91.5554,-355.141,-0.00357747,215.283,-89.206,158.029,90.8742,5.75309,-28.2927,12.0619,-28.2699,-5.09439,18.6734,0.466789,18.6889,-4.26749,14.9115,0.678263,14.8809
0.92,-6.40735,-2.00281,0.0521199,0.144582,-0.000150418,0.753774,-0.523589,-0.331262,0.517964,0.0756969,3.14195,-2.26276,2.22516,-3.25943,3.27287,0.301081,-0.392567,-4.21457,4.18686,-3.12136,3.14018,-0.599946,0.52206,-5.35735,-2.00306,-7.71525,-0.406509,-7.68438,-3.66245,-4.80735,-2.00305,-7.20714,-0.61705,-7.20756,-3.38833,0.186347,0.406007,-0.503242,0.0455303,-0.00301617,0.0636821,-0.00459452,-0.0876776,-0.528034,-1.02863,0.519164,-0.0485136,3.13716,0.0616097,2.22071,0.0382374,3.26791,-0.048287,-0.397276,0.0847954,4.18242,0.0378268,3.13522,-0.0456333,0.517265,-0.0487245,1.00222,0.12856,-1.25357,1.27437,-2.78873,10.2452,-20.8387,10.7132,-2.57017,-5.784,11.774,-10.7116,4.98715,-0.957021,2.82612e-06,-5.78834e-06,-0.964017,2.76837,-24.97,13.0825,0,10.3486,-0.931246,7.54598,-4.07444,3.35501,0.0778647,-0.000980639,0.00028559,-1.03922,3.91825,-31.5254,15.6448,18.377,-1.22739,8.09692,-3.92348,-9.21925,4.33195,0.106589,0.0137072,-0.00449156,-0.0105977,1.44407,-1.44573,0.150177,0.054588,0.139721,0.205771,4.80509,1.88925,-0.0333516,0.323002,-2.28822,-0.0107624,0.457483,-1.90597,0.168314,0.12962,0.168805,-6.40734,-1.99979,-0.00301617,0,414,-3.46945e-18,-6.93889e-18,-3.5101e-18,-3.38644e-17,1.47451e-17,1.34441e-17,1.05744e-17,3.03577e-17,3.25261e-17,4.8247e-17,0,-0.528034,-0.117556,0.519166,-0.00727695,3.14159,2.22071,0.00573536,3.26792,-0.00724305,-0.392699,4.18242,0.00567224,3.13526,-0.006845,0.523599,0,0,0,0.0454922,-0.00459452,-0.528034,0.519164,3.13716,2.22071,3.26791,-0.397276,4.18242,3.13522,0.517265,0.00444411,-1.38269,0.64973,-3.10111e-05,-0.0429965,-0.00158965,0.216611,-0.21686,0.00241634,0.0485179,0.0121714,1.00015,0.183185,-1.47221,-3.55251,-3.71093,117.45,55.1637,-0.120071,4.86334,-50.0638,-0.891268,7.09289,-41.8101,-1.1237,184.557,-0.0303933,184.557,46.1125,-119.452,46.0339,-119.485,-47.162,-94.4571,-47.2746,-94.3914,-367.951,-0.00429513,222.687,-92.2745,163.519,93.9964,5.84797,-29.3133,12.451,-29.2911,-5.30732,19.2622,0.515568,19.2784,-4.43234,15.3681,0.751926,15.336
0.96,-6.4021,-2.00291,0.054327,0.150158,-0.000160436,0.761917,-0.523588,-0.325239,0.51777,0.0763875,3.14197,-2.26407,2.22516,-3.25847,3.27289,0.297246,-0.392558,-4.21496,4.1867,-3.11973,3.14003,-0.602824,0.521918,-5.3521,-2.00317,-7.70999,-0.406596,-7.67919,-3.66246,-4.8021,-2.00316,-7.20188,-0.617138,-7.20232,-3.38842,0.192156,0.406969,-0.501625,0.04747,-0.00313609,0.0679968,-0.00485309,-0.0933822,-0.52828,-1.06383,0.518917,-0.0485752,3.13691,0.0663098,2.22046,0.0403404,3.26766,-0.0483426,-0.397526,0.092301,4.18201,0.0390133,3.13481,-0.0454476,0.516857,-0.0488048,1.00241,0.134093,-1.25388,1.27638,-2.96537,10.3066,-20.9923,10.812,-2.58534,-5.84392,11.9131,-10.8102,5.0041,-0.984943,3.40466e-06,-6.98528e-06,-0.958124,2.88079,-24.9616,13.1097,0,10.2649,-0.972915,7.53917,-4.08496,3.33492,0.0795439,-0.00101507,0.000296667,-1.03299,4.12015,-31.5403,15.6651,18.4757,-1.30877,8.10702,-3.92957,-9.27134,4.34871,0.108237,0.0148353,-0.00486356,-0.0115264,1.44966,-1.45147,0.150192,0.055179,0.1394,0.203579,4.95538,1.90627,-0.0325909,0.346942,-2.38393,-0.00977352,0.494172,-1.97782,0.168886,0.128844,0.169458,-6.40222,-1.99977,-0.00313609,0,437,3.46945e-18,-1.38778e-17,-1.56532e-18,2.03186e-17,-1.73472e-18,-2.60209e-18,3.41862e-18,-5.11743e-17,-5.33427e-17,-7.02563e-17,0,-0.52828,-0.121521,0.518919,-0.00728616,3.14159,2.22046,0.0060508,3.26767,-0.00725138,-0.392699,4.18201,0.00585011,3.13485,-0.00681714,0.523599,0,0,0,0.0474272,-0.00485309,-0.52828,0.518917,3.13691,2.22046,3.26766,-0.397526,4.18201,3.13481,0.516857,0.00469265,-1.3905,0.652242,-3.22023e-05,-0.0439515,-0.00172896,0.217449,-0.21772,0.00245642,0.0485803,0.0121923,1.00015,0.183958,-1.52129,-3.68657,-3.82755,121.046,56.0468,-0.099366,5.29937,-52.0429,-0.928779,7.75778,-43.3081,-1.16841,191.139,-0.0334641,191.14,47.6923,-123.261,47.6123,-123.294,-48.7892,-97.3544,-48.9051,-97.2867,-381.166,-0.00508361,230.32,-95.4377,169.175,97.2117,5.94159,-30.3649,12.8322,-30.3437,-5.51713,19.8711,0.561793,19.8879,-4.59114,15.8336,0.822412,15.8003
1,-6.39685,-2.003,0.0565627,0.155797,-0.000170708,0.770129,-0.523586,-0.31911,0.517579,0.0769298,3.14199,-2.26539,2.22515,-3.25744,3.2729,0.293245,-0.392549,-4.21535,4.18654,-3.11807,3.13987,-0.605761,0.521777,-5.34685,-2.00329,-7.70472,-0.406684,-7.674,-3.66247,-4.79685,-2.00328,-7.19662,-0.617226,-7.19709,-3.38851,0.198075,0.408006,-0.499976,0.0494228,-0.00325754,0.072273,-0.0051229,-0.0994302,-0.528538,-1.09856,0.518659,-0.0486395,3.13666,0.070837,2.2202,0.0423403,3.2674,-0.0484007,-0.397787,0.0996118,4.18159,0.0400892,3.13439,-0.0452631,0.516438,-0.0488888,1.0026,0.139588,-1.25421,1.27848,-3.14803,10.3685,-21.1482,10.9124,-2.59167,-5.90417,12.0538,-10.9105,5.02056,-1.01201,3.99755e-06,-8.21627e-06,-0.952252,2.99089,-24.9538,13.1376,0,10.1823,-1.01354,7.53265,-4.09563,3.3149,0.0810941,-0.00105059,0.000308137,-1.02678,4.31868,-31.5543,15.6863,18.5728,-1.38916,8.11663,-3.9359,-9.32262,4.36544,0.109722,0.0159623,-0.00523609,-0.0124622,1.45524,-1.45719,0.150207,0.0558931,0.140966,0.205286,5.10833,1.91958,-0.0331122,0.372775,-2.48378,-0.00969531,0.531705,-2.05116,0.169442,0.12807,0.170109,-6.39688,-1.99975,-0.00325754,0,461,6.93889e-18,6.93889e-18,8.91756e-18,9.89334e-18,-2.60209e-17,-2.51535e-17,-2.49265e-17,6.50521e-17,6.63532e-17,8.0231e-17,0,-0.528538,-0.125432,0.518662,-0.00729578,3.14159,2.2202,0.00635077,3.2674,-0.00726011,-0.392699,4.18159,0.0060114,3.13443,-0.00678947,0.523599,0,0,0,0.0493748,-0.0051229,-0.528538,0.518659,3.13666,2.2202,3.2674,-0.397787,4.18159,3.13439,0.516438,0.00495219,-1.39818,0.654749,-3.36171e-05,-0.0458555,-0.00186933,0.218287,-0.218578,0.00249186,0.0486454,0.0122141,1.00016,0.184507,-1.5691,-3.79955,-3.89473,124.671,56.8282,-0.0817172,5.79396,-54.0808,-0.968687,8.45977,-44.82,-1.21315,197.596,-0.0367729,197.596,49.2368,-126.956,49.1554,-126.99,-50.3826,-100.194,-50.5018,-100.124,-394.118,-0.00594038,237.782,-98.5303,174.715,100.358,6.02442,-31.3965,13.2165,-31.376,-5.73317,20.4615,0.614225,20.4789,-4.75142,16.29,0.896831,16.2553
1.04,-6.39161,-2.0031,0.0588257,0.161481,-0.000181341,0.778367,-0.523584,-0.313013,0.517387,0.0773591,3.14201,-2.26673,2.22515,-3.25639,3.27291,0.289189,-0.39254,-4.21573,4.18638,-3.11642,3.13972,-0.608673,0.521636,-5.34161,-2.0034,-7.69946,-0.406771,-7.66881,-3.66248,-4.79161,-2.00339,-7.19136,-0.617314,-7.19186,-3.3886,0.20396,0.409058,-0.498342,0.0514045,-0.00338052,0.0766041,-0.00539326,-0.105663,-0.528796,-1.13361,0.518401,-0.0487038,3.1364,0.0755419,2.21994,0.0442881,3.26714,-0.0484588,-0.398048,0.107107,4.18116,0.0411289,3.13397,-0.0450771,0.516019,-0.0489739,1.00281,0.145163,-1.25455,1.28068,-3.33764,10.4319,-21.3092,11.0167,-2.59278,-5.96593,12.1989,-11.0146,5.0371,-1.0389,4.594e-06,-9.45957e-06,-0.946304,3.1035,-24.9462,13.1667,0,10.099,-1.05551,7.52611,-4.10671,3.29472,0.0825619,-0.00108712,0.000320011,-1.02053,4.52228,-31.5686,15.7089,18.6707,-1.47213,8.1263,-3.94257,-9.37438,4.3823,0.111148,0.0170889,-0.00560936,-0.0134067,1.46087,-1.46296,0.150223,0.056574,0.142116,0.205952,5.26048,1.93005,-0.0335966,0.399009,-2.585,-0.00959032,0.568876,-2.12387,0.170001,0.12729,0.170765,-6.39154,-1.99972,-0.00338052,0,485,-3.46945e-18,-1.38778e-17,-1.44199e-17,3.32884e-17,1.38778e-17,1.34441e-17,8.40257e-18,-4.77049e-17,-4.68375e-17,-4.88433e-17,0,-0.528796,-0.12938,0.518404,-0.00730541,3.14159,2.21994,0.00664293,3.26714,-0.00726883,-0.392699,4.18116,0.00616729,3.13401,-0.00676157,0.523599,0,0,0,0.0513508,-0.00539326,-0.528796,0.518401,3.1364,2.21994,3.26714,-0.398048,4.18116,3.13397,0.516019,0.00521192,-1.40593,0.657276,-3.47369e-05,-0.0476208,-0.002011,0.21913,-0.219444,0.00252627,0.0487107,0.012236,1.00016,0.184933,-1.61887,-3.93315,-4.00499,128.311,57.5854,-0.0611366,6.2778,-56.1695,-1.00685,9.1386,-46.3339,-1.259,204.313,-0.0403059,204.313,50.8437,-130.797,50.7608,-130.831,-52.0395,-103.135,-52.1619,-103.063,-407.605,-0.00687787,245.546,-101.748,180.476,103.629,6.1047,-32.47,13.6024,-32.4505,-5.9546,21.0749,0.665517,21.093,-4.91191,16.7625,0.968794,16.7264
1.08,-6.38636,-2.0032,0.0611516,0.167165,-0.00018962,0.786514,-0.523583,-0.307077,0.517194,0.0777455,3.14203,-2.26797,2.22515,-3.25526,3.27292,0.285324,-0.392532,-4.21612,4.18627,-3.11508,3.13961,-0.611105,0.521546,-5.33636,-2.00352,-7.69421,-0.406867,-7.66361,-3.66253,-4.78636,-2.00351,-7.1861,-0.61741,-7.18663,-3.38869,0.209682,0.410189,-0.497012,0.0534246,-0.0035112,0.0809775,-0.00565063,-0.11226,-0.529044,-1.1687,0.518153,-0.0487656,3.13615,0.0802983,2.21969,0.0462252,3.26688,-0.0485142,-0.398299,0.115571,4.18081,0.0417047,3.13361,-0.0449729,0.515665,-0.0490577,1.00302,0.150798,-1.25492,1.28298,-3.53607,10.4967,-21.4748,11.1244,-2.58522,-6.02897,12.3478,-11.1221,5.05345,-1.06534,5.1622e-06,-1.06496e-05,-0.940299,3.21709,-24.9387,13.1971,0,10.0151,-1.09781,7.51958,-4.11821,3.27438,0.0839872,-0.00112453,0.000332263,-1.01422,4.74591,-31.5847,15.7341,18.7678,-1.56679,8.13536,-3.94959,-9.4249,4.39853,0.112037,0.0178161,-0.00585309,-0.0140429,1.46628,-1.46846,0.15024,0.0581481,0.1421,0.203672,5.40854,1.93943,-0.0308321,0.427193,-2.68147,-0.00956392,0.599772,-2.18469,0.170552,0.126503,0.171396,-6.38643,-1.99969,-0.0035112,0,508,3.46945e-18,0,-4.44523e-18,-1.44944e-17,1.21431e-17,1.25767e-17,7.66395e-18,2.77556e-17,2.77556e-17,2.2443e-17,0,-0.529044,-0.133332,0.518157,-0.00731465,3.14159,2.21969,0.00693341,3.26689,-0.00727714,-0.392699,4.18081,0.00625341,3.13366,-0.00674594,0.523599,0,0,0,0.0533647,-0.00565063,-0.529044,0.518153,3.13615,2.21969,3.26688,-0.398299,4.18081,3.13361,0.515665,0.00546101,-1.41349,0.659702,-3.87922e-05,-0.0478855,-0.00210644,0.219942,-0.220269,0.00255148,0.0487732,0.012257,1.00017,0.188615,-1.6692,-4.06362,-4.09897,131.874,58.3227,-0.0355016,6.80518,-58.1591,-1.0497,9.69511,-47.6108,-1.3008,210.992,-0.042245,210.993,52.4753,-134.879,52.3909,-134.914,-53.7309,-106.371,-53.857,-106.297,-421.004,-0.00791984,253.428,-105.015,186.354,106.978,6.18286,-33.5338,13.9801,-33.515,-6.16552,21.7305,0.721425,21.7492,-5.04728,17.286,1.02779,17.2497
1.12,-6.38111,-2.00331,0.0635533,0.172912,-0.000192884,0.794694,-0.52358,-0.30107,0.517006,0.0779423,3.14205,-2.26912,2.22515,-3.25398,3.27292,0.281362,-0.392523,-4.21674,4.18632,-3.11476,3.13966,-0.612761,0.521612,-5.33111,-2.00363,-7.68895,-0.40697,-7.65835,-3.66267,-4.78111,-2.00362,-7.18085,-0.617514,-7.18138,-3.38879,0.215481,0.411463,-0.49671,0.0554972,-0.00364696,0.085287,-0.005914,-0.119197,-0.529302,-1.20329,0.517896,-0.0488301,3.13589,0.0849677,2.21943,0.0477776,3.26662,-0.0485722,-0.39856,0.125337,4.1806,0.0412093,3.1334,-0.0451074,0.515463,-0.0491456,1.00326,0.156366,-1.2553,1.28538,-3.74062,10.562,-21.643,11.2338,-2.56848,-6.09245,12.4988,-11.2313,5.0693,-1.09092,5.83854e-06,-1.20682e-05,-0.934313,3.32902,-24.9329,13.2278,0,9.93376,-1.14048,7.5139,-4.12968,3.25434,0.0850109,-0.00116343,0.000344996,-1.00801,4.99551,-31.6059,15.7651,18.861,-1.67846,8.14241,-3.95701,-9.47085,4.41327,0.111814,0.0174468,-0.00573946,-0.0138097,1.47119,-1.47334,0.150257,0.0600423,0.143672,0.204512,5.55846,1.94408,-0.0287667,0.459023,-2.78032,-0.0154879,0.609055,-2.22601,0.171087,0.125728,0.171969,-6.3811,-1.99966,-0.00364696,0,532,-6.93889e-18,-1.38778e-17,1.484e-18,3.6497e-17,6.93889e-18,7.80626e-18,1.12825e-17,-4.16334e-17,-4.29344e-17,-3.77844e-17,0,-0.529302,-0.13723,0.517899,-0.00732428,3.14159,2.21943,0.00716626,3.26663,-0.00728583,-0.392699,4.1806,0.00617893,3.13346,-0.00676612,0.523599,0,0,0,0.0554305,-0.005914,-0.529302,0.517896,3.13589,2.21943,3.26662,-0.39856,4.1806,3.1334,0.515463,0.00572111,-1.42036,0.661906,-4.20679e-05,-0.049118,-0.00207145,0.220679,-0.221001,0.00254926,0.0488386,0.012279,1.00018,0.188929,-1.72671,-4.17458,-4.15427,135.393,58.8935,-0.0371876,7.45315,-60.1344,-1.06805,9.85452,-48.4532,-1.34522,218.482,-0.0481332,218.482,54.2728,-139.185,54.1876,-139.22,-55.5689,-109.743,-55.6958,-109.669,-436.034,-0.00909491,262.114,-108.614,192.724,110.65,6.24337,-34.731,14.3532,-34.7132,-6.37492,22.4184,0.790118,22.4378,-5.13658,17.8279,1.04469,17.7941
1.16,-6.37586,-2.00342,0.0660099,0.178716,-0.000198662,0.802898,-0.523579,-0.295077,0.516816,0.0780392,3.14207,-2.27023,2.22515,-3.25265,3.27293,0.27739,-0.392514,-4.21734,4.18638,-3.11448,3.13973,-0.614296,0.521679,-5.32586,-2.00375,-7.68369,-0.407071,-7.65308,-3.6628,-4.77586,-2.00373,-7.17559,-0.617616,-7.17614,-3.3889,0.221262,0.412793,-0.496424,0.0576463,-0.00378416,0.0895919,-0.00618007,-0.126183,-0.52956,-1.23815,0.517638,-0.0488947,3.13563,0.0896434,2.21916,0.0490128,3.26636,-0.04863,-0.398822,0.1293,4.18039,0.0433221,3.1332,-0.0452379,0.515261,-0.0492354,1.00351,0.161942,-1.25571,1.28789,-3.94995,10.6289,-21.8163,11.3471,-2.54788,-6.15732,12.6539,-11.3444,5.08527,-1.11628,6.45522e-06,-1.33697e-05,-0.928283,3.44101,-24.9284,13.2594,0,9.85364,-1.1841,7.50888,-4.14126,3.23436,0.0856991,-0.00120388,0.000358252,-1.00181,5.1359,-31.6347,15.7976,18.9733,-1.72508,8.15311,-3.96479,-9.52631,4.433,0.115664,0.0170849,-0.00562675,-0.0135891,1.47777,-1.47988,0.150277,0.0614147,0.145102,0.205109,5.70794,1.9462,-0.0277863,0.492306,-2.87943,-0.0151252,0.617549,-2.26431,0.171626,0.124955,0.172736,-6.37578,-1.99963,-0.00378416,0,556,0,-6.93889e-18,2.34459e-18,1.67035e-17,2.1684e-17,2.25514e-17,2.21923e-17,-1.82146e-17,-1.86483e-17,-3.17129e-17,0,-0.52956,-0.141156,0.51764,-0.00733394,3.14159,2.21916,0.00735152,3.26637,-0.00729449,-0.392699,4.18039,0.00649568,3.13325,-0.00678569,0.523599,0,0,0,0.0575719,-0.00618007,-0.52956,0.517638,3.13563,2.21916,3.26636,-0.398822,4.18039,3.1332,0.515261,0.0059814,-1.42866,0.664862,-4.41032e-05,-0.0493798,-0.00203836,0.221666,-0.221982,0.00263735,0.0489041,0.0123009,1.00019,0.18829,-1.79185,-4.30927,-4.25072,138.978,59.4799,-0.0411699,8.1217,-62.1336,-0.91859,9.9636,-49.1897,-1.39397,226.924,-0.053166,226.925,56.2926,-143.977,56.2065,-144.012,-57.6246,-113.326,-57.7552,-113.25,-452.987,-0.0103963,271.874,-112.659,199.848,114.755,6.30554,-36.0816,14.7332,-36.0651,-6.58686,23.1831,0.860991,23.2031,-5.21465,18.4017,1.05625,18.3673
1.2,-6.3706,-2.00352,0.0685019,0.184497,-0.000204598,0.810992,-0.523576,-0.289266,0.516626,0.0780724,3.14209,-2.27127,2.22514,-3.2513,3.27293,0.27355,-0.392506,-4.21789,4.18643,-3.1142,3.1398,-0.615689,0.521745,-5.3206,-2.00386,-7.67843,-0.407171,-7.64782,-3.66293,-4.7706,-2.00385,-7.17032,-0.617717,-7.17089,-3.389,0.226861,0.414139,-0.496146,0.0598617,-0.00392243,0.0939178,-0.00643563,-0.133461,-0.529807,-1.27308,0.51739,-0.0489566,3.13539,0.0943818,2.21891,0.0500541,3.26611,-0.0486849,-0.399074,0.132782,4.1802,0.0455235,3.133,-0.0453657,0.515069,-0.0493243,1.00377,0.167554,-1.25615,1.29051,-4.1676,10.6972,-21.9947,11.464,-2.51917,-6.22359,12.8134,-11.4612,5.10111,-1.14122,7.11844e-06,-1.47736e-05,-0.922199,3.55389,-24.9247,13.2919,0,9.77395,-1.22865,7.50425,-4.1531,3.21435,0.0861762,-0.00124555,0.00037196,-0.995609,5.26733,-31.6638,15.8316,19.0866,-1.76691,8.16377,-3.97295,-9.58227,4.45324,0.119696,0.0167237,-0.0055145,-0.0133668,1.48452,-1.48659,0.150297,0.0622988,0.144516,0.20234,5.85289,1.94673,-0.0259249,0.525994,-2.97523,-0.0136077,0.625788,-2.29907,0.172161,0.124181,0.173524,-6.37068,-1.9996,-0.00392243,0,579,-3.46945e-18,-1.38778e-17,6.22739e-18,3.19975e-17,-2.51535e-17,-2.73219e-17,-2.26734e-17,5.63785e-17,5.37764e-17,5.17164e-17,0,-0.529807,-0.145091,0.517393,-0.00734319,3.14159,2.21891,0.00750771,3.26612,-0.00730274,-0.392699,4.1802,0.00682575,3.13306,-0.00680486,0.523599,0,0,0,0.0597789,-0.00643563,-0.529807,0.51739,3.13539,2.21891,3.26611,-0.399074,4.1802,3.133,0.515069,0.00623103,-1.43705,0.667896,-4.54137e-05,-0.0489356,-0.00200502,0.222678,-0.222989,0.00272991,0.0489669,0.012322,1.00019,0.187413,-1.85405,-4.44572,-4.33884,142.501,60.0577,-0.035936,8.79038,-64.0782,-0.921708,10.0846,-49.9201,-1.44414,234.961,-0.0581011,234.961,58.2151,-148.538,58.1283,-148.574,-59.5791,-116.692,-59.7129,-116.614,-469.143,-0.0117906,281.164,-116.509,206.62,118.66,6.36679,-37.3676,15.1067,-37.3528,-6.79301,23.911,0.931879,23.9315,-5.29209,18.94,1.06908,18.905
1.24,-6.36534,-2.00363,0.0710275,0.190335,-0.000211525,0.819141,-0.523574,-0.283341,0.516439,0.0779496,3.14211,-2.2723,2.22514,-3.24986,3.27294,0.26955,-0.392497,-4.21842,4.18649,-3.11388,3.13987,-0.617151,0.521811,-5.31534,-2.00398,-7.67315,-0.407271,-7.64255,-3.66305,-4.76534,-2.00397,-7.16505,-0.617818,-7.16563,-3.3891,0.232578,0.415574,-0.49582,0.0621021,-0.00406194,0.0981791,-0.00670322,-0.141006,-0.530066,-1.30747,0.517132,-0.0490213,3.13513,0.0989185,2.21865,0.0508819,3.26585,-0.0487425,-0.399336,0.135981,4.18,0.0475352,3.1328,-0.0454967,0.514866,-0.0494173,1.00406,0.1731,-1.25661,1.29322,-4.39107,10.766,-22.1755,11.5827,-2.48137,-6.29017,12.9746,-11.5796,5.11648,-1.16529,7.78754e-06,-1.61964e-05,-0.916155,3.66399,-24.9222,13.3249,0,9.69606,-1.27227,7.50019,-4.16497,3.19454,0.0864362,-0.00128866,0.000386157,-0.989466,5.39227,-31.6917,15.8666,19.1971,-1.8066,8.17368,-3.98136,-9.6368,4.47339,0.123485,0.016363,-0.00540279,-0.0131408,1.49124,-1.49328,0.150319,0.0631404,0.145941,0.20372,6.00068,1.94335,-0.0259574,0.561947,-3.07504,-0.0132476,0.63527,-2.33554,0.172679,0.123415,0.174308,-6.36536,-1.99957,-0.00406194,0,603,0,-6.93889e-18,-1.24277e-17,5.07745e-17,1.73472e-18,2.1684e-18,5.41423e-18,-4.68375e-17,-4.59702e-17,-4.14707e-17,0,-0.530066,-0.148965,0.517134,-0.00735287,3.14159,2.21865,0.00763187,3.26586,-0.00731137,-0.392699,4.18,0.00712736,3.13286,-0.0068245,0.523599,0,0,0,0.0620102,-0.00670322,-0.530066,0.517132,3.13513,2.21865,3.26585,-0.399336,4.18,3.1328,0.514866,0.00649169,-1.44522,0.670915,-4.68621e-05,-0.0497064,-0.00197111,0.223686,-0.223991,0.00281512,0.0490325,0.012344,1.0002,0.186753,-1.91215,-4.5611,-4.38942,146.06,60.5326,-0.0333508,9.5204,-66.0814,-0.939888,10.2486,-50.6788,-1.4939,242.464,-0.0629661,242.465,60.0105,-152.784,59.9232,-152.82,-61.4062,-119.868,-61.543,-119.788,-484.221,-0.0132602,289.84,-120.105,212.949,122.311,6.41713,-38.568,15.484,-38.5545,-7.00537,24.5883,1.00927,24.6094,-5.37252,19.4488,1.08646,19.4128
1.28,-6.36007,-2.00373,0.0735811,0.196213,-0.000219018,0.827308,-0.523572,-0.277443,0.516251,0.0777062,3.14214,-2.27335,2.22514,-3.2484,3.27294,0.265498,-0.392488,-4.21894,4.18654,-3.11356,3.13994,-0.618598,0.521876,-5.31007,-2.0041,-7.66788,-0.40737,-7.63728,-3.66318,-4.76007,-2.00408,-7.15977,-0.617917,-7.16038,-3.3892,0.238266,0.417033,-0.495494,0.0643769,-0.00420266,0.102486,-0.00697157,-0.148707,-0.530325,-1.34217,0.516873,-0.0490861,3.13487,0.103636,2.21839,0.0516055,3.26558,-0.0488,-0.399599,0.139369,4.17979,0.0494602,3.13259,-0.0456279,0.514663,-0.0495118,1.00435,0.178718,-1.25709,1.29605,-4.62254,10.8365,-22.3622,11.7058,-2.43712,-6.35844,13.1408,-11.7025,5.13192,-1.18915,8.47943e-06,-1.76738e-05,-0.910042,3.7765,-24.9201,13.3592,0,9.61782,-1.31733,7.49626,-4.17725,3.17464,0.0865808,-0.00133304,0.000400858,-0.983293,5.52153,-31.7197,15.9031,19.3079,-1.8487,8.18354,-3.99016,-9.6915,4.49361,0.127176,0.0160037,-0.00529171,-0.0129132,1.49798,-1.49998,0.150341,0.0638409,0.14695,0.204185,6.14778,1.93694,-0.0262072,0.598536,-3.17613,-0.0130167,0.644783,-2.37167,0.173201,0.122645,0.175094,-6.36004,-1.99953,-0.00420266,0,627,-6.93889e-18,-2.08167e-17,-1.78283e-17,-1.38913e-18,-2.60209e-18,-3.46945e-18,-3.96411e-18,2.86229e-17,2.73219e-17,2.30393e-17,0,-0.530325,-0.152875,0.516876,-0.00736254,3.14159,2.21839,0.00774039,3.26559,-0.00732,-0.392699,4.17979,0.00741597,3.13266,-0.00684419,0.523599,0,0,0,0.0642749,-0.00697157,-0.530325,0.516873,3.13487,2.21839,3.26558,-0.399599,4.17979,3.13259,0.514663,0.00675255,-1.45341,0.673945,-4.82603e-05,-0.050466,-0.00193698,0.224698,-0.224997,0.00289807,0.0490982,0.0123661,1.00021,0.186257,-1.97037,-4.69749,-4.48373,149.632,60.9768,-0.0234995,10.24,-68.1404,-0.9553,10.3943,-51.4463,-1.54427,249.957,-0.0681808,249.958,61.8067,-157.04,61.7189,-157.077,-63.2337,-123.056,-63.3736,-122.975,-499.289,-0.0148438,298.522,-123.703,219.28,125.964,6.46423,-39.7666,15.8626,-39.7546,-7.22364,25.2674,1.08556,25.2891,-5.45388,19.9597,1.10191,19.9227
1.32,-6.3548,-2.00384,0.0761595,0.202121,-0.000227118,0.83548,-0.52357,-0.271566,0.516064,0.0773501,3.14216,-2.27441,2.22514,-3.2469,3.27294,0.261393,-0.39248,-4.21945,4.1866,-3.11323,3.14001,-0.620026,0.521942,-5.3048,-2.00422,-7.66259,-0.407469,-7.632,-3.66331,-4.7548,-2.0042,-7.15449,-0.618017,-7.15512,-3.3893,0.243931,0.418522,-0.495162,0.0666803,-0.00434463,0.106824,-0.00724071,-0.15668,-0.530583,-1.37696,0.516614,-0.049151,3.13461,0.108377,2.21812,0.0522998,3.26532,-0.0488574,-0.399861,0.142767,4.17959,0.0513683,3.13239,-0.0457594,0.514459,-0.0496079,1.00466,0.18439,-1.2576,1.299,-4.86323,10.9086,-22.5543,11.8328,-2.38397,-6.42816,13.3116,-11.8293,5.14726,-1.21259,9.17302e-06,-1.91623e-05,-0.903878,3.8897,-24.9182,13.3947,0,9.53916,-1.36256,7.49238,-4.18993,3.15458,0.0866829,-0.00137866,0.000416063,-0.977073,5.65147,-31.748,15.9411,19.4193,-1.89117,8.19342,-3.99933,-9.74648,4.51398,0.130876,0.0156459,-0.00518125,-0.0126844,1.50478,-1.50674,0.150365,0.0644606,0.147715,0.204305,6.29434,1.9277,-0.0264055,0.635857,-3.27852,-0.0127311,0.654416,-2.40729,0.173719,0.121869,0.175887,-6.35473,-1.99949,-0.00434463,0,651,-3.46945e-18,-6.93889e-18,4.44523e-18,-2.3744e-17,1.21431e-17,1.21431e-17,1.32408e-17,-3.20924e-17,-3.29597e-17,-2.3744e-17,0,-0.530583,-0.156795,0.516617,-0.00737223,3.14159,2.21812,0.00784453,3.26533,-0.00732861,-0.392699,4.17959,0.00770204,3.13245,-0.0068639,0.523599,0,0,0,0.0665675,-0.00724071,-0.530583,0.516614,3.13461,2.21812,3.26532,-0.399861,4.17959,3.13239,0.514459,0.0070136,-1.46165,0.676998,-4.98277e-05,-0.0511955,-0.00190266,0.225717,-0.226011,0.0029812,0.0491639,0.0123882,1.00021,0.186128,-2.02763,-4.82973,-4.56339,153.195,61.3641,-0.0065405,10.9763,-70.2247,-0.966508,10.544,-52.2005,-1.59456,257.306,-0.0735444,257.307,63.5727,-161.242,63.4845,-161.279,-65.0314,-126.216,-65.1745,-126.133,-514.07,-0.0165572,307.057,-127.241,225.507,129.558,6.50528,-40.9416,16.2403,-40.9313,-7.4446,25.9382,1.16361,25.9605,-5.53383,20.4664,1.11778,20.4286
1.36,-6.34953,-2.00394,0.0787564,0.207994,-0.00023587,0.843538,-0.523567,-0.265861,0.515876,0.0769395,3.14218,-2.27542,2.22514,-3.24541,3.27295,0.2574,-0.392471,-4.21991,4.18666,-3.11291,3.14007,-0.621332,0.522007,-5.29953,-2.00434,-7.65731,-0.407566,-7.62672,-3.66344,-4.74953,-2.00432,-7.1492,-0.618115,-7.14986,-3.3894,0.249425,0.420011,-0.494845,0.0690201,-0.00448783,0.11119,-0.00749981,-0.164902,-0.530831,-1.41177,0.516367,-0.0492132,3.13436,0.113128,2.21787,0.0529672,3.26507,-0.048912,-0.400114,0.146189,4.17939,0.0532447,3.13219,-0.0458883,0.514265,-0.049703,1.00498,0.19011,-1.25812,1.30207,-5.11303,10.9822,-22.7517,11.9637,-2.32177,-6.49929,13.4868,-11.9599,5.16246,-1.23557,9.84196e-06,-2.06069e-05,-0.897673,4.00332,-24.9167,13.4314,0,9.46023,-1.40782,7.4886,-4.20301,3.1344,0.0867443,-0.00142549,0.000431771,-0.970814,5.78222,-31.7765,15.9806,19.531,-1.93417,8.20329,-4.00886,-9.8016,4.53446,0.134559,0.0152898,-0.00507139,-0.0124541,1.51161,-1.51353,0.15039,0.0649221,0.146815,0.201444,6.43658,1.91709,-0.025193,0.673187,-3.37813,-0.0116258,0.663677,-2.43984,0.174232,0.121089,0.176684,-6.34964,-1.99946,-0.00448783,0,674,3.46945e-18,6.93889e-18,1.40133e-17,-5.26854e-17,9.54098e-18,1.04083e-17,5.23805e-18,2.51535e-17,2.42861e-17,3.3014e-17,0,-0.530831,-0.160717,0.51637,-0.00738153,3.14159,2.21787,0.00794462,3.26508,-0.00733681,-0.392699,4.17939,0.00798336,3.13226,-0.00688324,0.523599,0,0,0,0.0688956,-0.00749981,-0.530831,0.516367,3.13436,2.21787,3.26507,-0.400114,4.17939,3.13219,0.514265,0.00726395,-1.46991,0.680067,-5.11241e-05,-0.0511387,-0.00186811,0.226741,-0.227029,0.0030648,0.049227,0.0124093,1.00022,0.185807,-2.08447,-4.95897,-4.6372,156.665,61.7185,0.010939,11.7143,-72.2499,-0.97854,10.6884,-52.8916,-1.64555,264.584,-0.0795334,264.584,65.3211,-165.41,65.2325,-165.446,-66.81,-129.314,-66.9563,-129.229,-528.719,-0.0184193,315.508,-130.743,231.667,133.114,6.54285,-42.1055,16.6083,-42.097,-7.6593,26.6036,1.24185,26.6263,-5.6071,20.9627,1.13309,20.9241
1.4,-6.34425,-2.00405,0.0813768,0.213912,-0.000245224,0.851642,-0.523564,-0.260043,0.515692,0.0763616,3.14221,-2.27644,2.22513,-3.24382,3.27295,0.25323,-0.392463,-4.22037,4.18671,-3.11255,3.14014,-0.622713,0.522072,-5.29425,-2.00446,-7.65202,-0.407663,-7.62145,-3.66356,-4.74425,-2.00444,-7.14391,-0.618213,-7.14459,-3.38949,0.255035,0.421586,-0.494487,0.0713681,-0.00463228,0.115498,-0.00777059,-0.173363,-0.53109,-1.44605,0.516108,-0.0492784,3.1341,0.117682,2.21761,0.0535064,3.26481,-0.0489693,-0.400377,0.149412,4.17919,0.0549769,3.13199,-0.0460204,0.51406,-0.0498021,1.00532,0.195774,-1.25867,1.30521,-5.36949,11.0563,-22.9517,12.0965,-2.24974,-6.57078,13.664,-12.0925,5.17721,-1.2577,1.04629e-05,-2.19583e-05,-0.891512,4.11438,-24.9161,13.4687,0,9.38265,-1.45195,7.48522,-4.21621,3.11436,0.0866799,-0.00147356,0.000447945,-0.9646,5.90821,-31.8042,16.021,19.6404,-1.97567,8.21265,-4.01865,-9.85555,4.55481,0.138056,0.0149345,-0.00496196,-0.0122208,1.5184,-1.52028,0.150416,0.0655086,0.147966,0.202592,6.58165,1.90228,-0.0256026,0.712676,-3.48214,-0.0115234,0.673979,-2.47431,0.17473,0.120314,0.177476,-6.34433,-1.99942,-0.00463228,0,698,-3.46945e-18,-1.38778e-17,-5.15674e-18,5.17029e-18,1.47451e-17,1.64799e-17,1.9929e-17,-2.94903e-17,-2.86229e-17,-2.9924e-17,0,-0.53109,-0.16458,0.516111,-0.00739126,3.14159,2.21761,0.00802549,3.26481,-0.0073454,-0.392699,4.17919,0.00824305,3.13205,-0.00690306,0.523599,0,0,0,0.0712311,-0.00777059,-0.53109,0.516108,3.1341,2.21761,3.26481,-0.400377,4.17919,3.13199,0.51406,0.00752537,-1.47799,0.683117,-5.2477e-05,-0.0521385,-0.00183311,0.227759,-0.228042,0.00314287,0.0492929,0.0124315,1.00023,0.185552,-2.14008,-5.07024,-4.67737,160.175,61.9673,0.020088,12.5138,-74.3372,-0.99484,10.8709,-53.6087,-1.69635,271.708,-0.0856307,271.709,67.0319,-169.472,66.9431,-169.508,-68.5519,-132.37,-68.7013,-132.283,-543.054,-0.0204552,323.778,-134.171,237.699,136.598,6.56922,-43.2448,16.9804,-43.2379,-7.88058,27.2518,1.3266,27.2752,-5.68312,21.4527,1.15244,21.4131
1.44,-6.33897,-2.00416,0.0840192,0.219864,-0.000255173,0.859759,-0.523561,-0.25425,0.515506,0.0756583,3.14223,-2.27748,2.22513,-3.24222,3.27295,0.248998,-0.392454,-4.22083,4.18677,-3.1122,3.1402,-0.624085,0.522136,-5.28897,-2.00459,-7.64672,-0.40776,-7.61616,-3.66369,-4.73897,-2.00456,-7.13862,-0.61831,-7.13933,-3.38959,0.260618,0.423182,-0.494132,0.0737403,-0.00477798,0.119853,-0.00804215,-0.181957,-0.531348,-1.48063,0.515849,-0.0493437,3.13385,0.122412,2.21734,0.0539881,3.26454,-0.0490266,-0.40064,0.152823,4.17898,0.0566674,3.13178,-0.0461527,0.513855,-0.0499029,1.00567,0.201515,-1.25925,1.30848,-5.63499,11.1323,-23.1581,12.2342,-2.17022,-6.64408,13.8468,-12.2299,5.19205,-1.27958,1.10192e-05,-2.31818e-05,-0.885286,4.22778,-24.9157,13.5074,0,9.30451,-1.49728,7.48187,-4.22986,3.09421,0.0865501,-0.00152276,0.000464623,-0.958352,6.03864,-31.8324,16.0631,19.7505,-2.01945,8.22211,-4.02883,-9.90986,4.57525,0.141517,0.0145809,-0.00485308,-0.0119863,1.52521,-1.52706,0.150443,0.0660601,0.148797,0.202916,6.72609,1.88433,-0.0260853,0.752725,-3.58772,-0.0114469,0.684208,-2.50852,0.175231,0.119535,0.17827,-6.33903,-1.99938,-0.00477798,0,722,6.93889e-18,0,-1.75505e-18,2.12097e-17,-1.73472e-18,-1.73472e-18,8.54487e-18,-6.33174e-17,-6.245e-17,-6.06611e-17,0,-0.531348,-0.168477,0.515853,-0.00740102,3.14159,2.21734,0.00809773,3.26455,-0.00735399,-0.392699,4.17898,0.00849648,3.13185,-0.00692291,0.523599,0,0,0,0.0735898,-0.00804215,-0.531348,0.515849,3.13385,2.21734,3.26454,-0.40064,4.17898,3.13178,0.513855,0.00778698,-1.48613,0.68618,-5.37947e-05,-0.053049,-0.00179794,0.228782,-0.229058,0.00322029,0.0493589,0.0124536,1.00024,0.185587,-2.19736,-5.20285,-4.75972,163.699,62.1833,0.0340208,13.3032,-76.4848,-1.00839,11.0347,-54.3343,-1.74761,279.024,-0.0919667,279.024,68.7929,-173.668,68.7039,-173.705,-70.345,-135.534,-70.4975,-135.446,-557.78,-0.0227136,332.291,-137.7,243.909,140.185,6.59212,-44.4142,17.3539,-44.4091,-8.10824,27.9218,1.41029,27.9457,-5.76005,21.9605,1.1698,21.92
1.48,-6.33369,-2.00426,0.0866828,0.225842,-0.000265716,0.867876,-0.523558,-0.248473,0.515321,0.0748339,3.14226,-2.27854,2.22513,-3.24059,3.27295,0.244703,-0.392446,-4.22128,4.18682,-3.11184,3.14027,-0.62544,0.522201,-5.28369,-2.00471,-7.64143,-0.407856,-7.61088,-3.66381,-4.73369,-2.00469,-7.13332,-0.618407,-7.13406,-3.38969,0.266184,0.424808,-0.493775,0.0761354,-0.00492494,0.124241,-0.00831449,-0.190807,-0.531607,-1.5153,0.51559,-0.0494079,3.13359,0.127167,2.21708,0.0544668,3.26428,-0.0490839,-0.400904,0.156246,4.17877,0.0583656,3.13157,-0.0462853,0.513649,-0.0500052,1.00604,0.207316,-1.25984,1.31187,-5.91091,11.21,-23.3704,12.3762,-2.0806,-6.71897,14.0346,-12.3716,5.20678,-1.30104,1.24264e-05,-2.6207e-05,-0.879012,4.34191,-24.9155,13.5475,0,9.22585,-1.54269,7.47854,-4.24398,3.0739,0.0864061,-0.00157316,0.000481829,-0.952052,6.16985,-31.8611,16.1066,19.8613,-2.06354,8.23167,-4.0394,-9.96456,4.59584,0.145023,0.014229,-0.00474475,-0.0117508,1.53208,-1.53389,0.150471,0.0665911,0.149433,0.202944,6.87011,1.86338,-0.0264272,0.793489,-3.69485,-0.0112626,0.694469,-2.54232,0.175729,0.118749,0.179072,-6.33373,-1.99934,-0.00492494,0,746,-6.93889e-18,-1.38778e-17,6.36969e-18,1.31392e-17,-3.1225e-17,-3.1225e-17,-2.71525e-17,-1.9082e-17,-1.9082e-17,-9.43256e-18,0,-0.531607,-0.172384,0.515594,-0.00741057,3.14159,2.21708,0.00816952,3.26429,-0.00736258,-0.392699,4.17877,0.00875107,3.13164,-0.00694279,0.523599,0,0,0,0.0759704,-0.00831449,-0.531607,0.51559,3.13359,2.21708,3.26428,-0.400904,4.17877,3.13157,0.513649,0.00804878,-1.49433,0.689266,-5.52052e-05,-0.0538818,-0.00176262,0.229812,-0.230083,0.00329879,0.049425,0.0124758,1.00024,0.185295,-2.25441,-5.33156,-4.82797,167.215,62.3375,0.0539398,14.1101,-78.6611,-1.01864,11.2016,-55.0476,-1.79955,286.305,-0.099016,286.305,70.5429,-177.825,70.4538,-177.862,-72.126,-138.654,-72.2817,-138.563,-572.444,-0.0250318,340.752,-141.206,250.075,143.748,6.60847,-45.5785,17.7266,-45.5754,-8.33896,28.5852,1.49583,28.6097,-5.83566,22.4606,1.18749,22.4192
1.52,-6.3284,-2.00437,0.0893675,0.23184,-0.000276906,0.875996,-0.52356,-0.242681,0.515131,0.0738287,3.14228,-2.27961,2.22513,-3.23892,3.27295,0.240348,-0.392437,-4.22172,4.18687,-3.11149,3.14033,-0.626782,0.522265,-5.2784,-2.00483,-7.63612,-0.407951,-7.60559,-3.66393,-4.7284,-2.00481,-7.12802,-0.618503,-7.12879,-3.38978,0.271764,0.426464,-0.493418,0.0785526,-0.0050732,0.128654,-0.00858768,-0.199945,-0.531871,-1.54996,0.515327,-0.049465,3.13332,0.131925,2.21682,0.0549316,3.26401,-0.0491411,-0.401168,0.159685,4.17856,0.0600469,3.13137,-0.046418,0.513443,-0.0501092,1.00642,0.213166,-1.26046,1.31538,-6.19783,11.2894,-23.5887,12.5225,-1.97987,-6.79542,14.2275,-12.5176,5.22133,-1.32203,1.91402e-05,-4.0469e-05,-0.872694,4.45647,-24.9157,13.5889,0,9.14683,-1.58806,7.47525,-4.25853,3.05345,0.0862387,-0.00162475,0.000499569,-0.945712,6.3018,-31.8901,16.1516,19.9727,-2.10806,8.24129,-4.05034,-10.0195,4.61654,0.148534,0.0138789,-0.00463694,-0.0115141,1.53898,-1.54075,0.1505,0.0671179,0.149963,0.202987,7.01447,1.83808,-0.0266654,0.835031,-3.80347,-0.0110345,0.704735,-2.57578,0.17622,0.117958,0.179877,-6.32843,-1.99929,-0.0050732,0,770,1.38778e-17,2.77556e-17,9.31059e-18,1.02593e-17,-1.04083e-17,-9.54098e-18,-1.02525e-17,9.97466e-17,1.02349e-16,9.80661e-17,0,-0.531871,-0.176291,0.51533,-0.00741879,3.14159,2.21682,0.00823925,3.26402,-0.00737117,-0.392699,4.17856,0.00900314,3.13144,-0.0069627,0.523599,0,0,0,0.078372,-0.00858768,-0.531871,0.515327,3.13332,2.21682,3.26401,-0.401168,4.17856,3.13137,0.513443,0.00831077,-1.50255,0.692369,-5.63921e-05,-0.0546733,-0.00172712,0.230847,-0.231113,0.00337744,0.0494911,0.012498,1.00025,0.183447,-2.31208,-5.45922,-4.89185,170.748,62.4129,0.0736632,14.9337,-80.866,-1.03036,11.3701,-55.7539,-1.85301,293.68,-0.107432,293.681,72.3016,-181.934,72.2122,-181.971,-73.9082,-141.665,-74.0672,-141.572,-587.309,-0.0247283,349.255,-144.731,256.246,147.314,6.61647,-46.7597,18.1012,-46.7588,-8.5727,29.2396,1.58314,29.2646,-5.91054,22.9412,1.20536,22.8989
1.56,-6.3231,-2.00447,0.0920744,0.237859,-0.000288784,0.884117,-0.523568,-0.236869,0.514935,0.07261,3.14229,-2.28068,2.22513,-3.23722,3.27295,0.235937,-0.392429,-4.22215,4.18693,-3.11113,3.1404,-0.628105,0.522329,-5.2731,-2.00495,-7.6308,-0.408045,-7.60029,-3.66405,-4.7231,-2.00493,-7.1227,-0.618599,-7.1235,-3.38988,0.277364,0.428157,-0.493056,0.0809918,-0.00522296,0.133086,-0.00886174,-0.20929,-0.532141,-1.58469,0.515056,-0.0495226,3.13305,0.136681,2.21655,0.0553726,3.26375,-0.0491983,-0.401432,0.163117,4.17836,0.0617099,3.13116,-0.046551,0.513236,-0.0502149,1.00682,0.21906,-1.2611,1.31901,-6.49502,11.3705,-23.8131,12.6733,-1.86901,-6.87349,14.4255,-12.6681,5.23578,-1.34256,2.56779e-05,-5.44334e-05,-0.866334,4.57134,-24.9161,13.6315,0,9.06757,-1.63336,7.47204,-4.2735,3.03289,0.0860392,-0.00167753,0.000517846,-0.939336,6.43392,-31.9195,16.1982,20.0843,-2.15274,8.25093,-4.06166,-10.0745,4.63735,0.152049,0.0135304,-0.00452962,-0.0112762,1.54592,-1.54765,0.15053,0.0676725,0.15046,0.203029,7.15935,1.80744,-0.0267909,0.877492,-3.9135,-0.0107303,0.715132,-2.60878,0.176708,0.117163,0.180686,-6.32314,-1.99925,-0.00522296,0,794,1.38778e-17,1.38778e-17,2.79182e-18,3.64427e-17,3.46945e-18,3.46945e-18,-2.33781e-18,4.0766e-17,4.25007e-17,3.82181e-17,0,-0.532141,-0.180205,0.51506,-0.00742706,3.14159,2.21655,0.00830537,3.26376,-0.00737975,-0.392699,4.17836,0.00925245,3.13123,-0.00698265,0.523599,0,0,0,0.0807946,-0.00886174,-0.532141,0.515056,3.13305,2.21655,3.26375,-0.401432,4.17836,3.13116,0.513236,0.00857295,-1.5108,0.695488,-5.76268e-05,-0.055422,-0.00169143,0.231888,-0.232148,0.00345621,0.0495574,0.0125203,1.00026,0.178978,-2.37215,-5.59049,-4.96004,174.327,62.411,0.0930009,15.7749,-83.1015,-1.04359,11.5399,-56.4549,-1.91378,301.385,-0.117127,301.386,74.1164,-186.063,74.0265,-186.1,-75.734,-144.564,-75.8964,-144.47,-602.858,-0.0205821,358.03,-148.368,262.567,150.967,6.61626,-47.9966,18.4806,-47.9984,-8.80969,29.895,1.67232,29.9205,-5.98485,23.4003,1.22335,23.3572
1.6,-6.31777,-2.00458,0.0948052,0.243898,-0.000301588,0.892237,-0.523581,-0.231049,0.514734,0.0711984,3.14231,-2.28175,2.22512,-3.23548,3.27295,0.23147,-0.392421,-4.22257,4.18698,-3.11076,3.14046,-0.629409,0.522393,-5.26777,-2.00507,-7.62545,-0.408139,-7.59496,-3.66418,-4.71777,-2.00506,-7.11735,-0.618693,-7.11819,-3.38997,0.28297,0.429889,-0.492687,0.0834541,-0.00537436,0.137536,-0.00913692,-0.218769,-0.532416,-1.61952,0.514782,-0.0495818,3.13278,0.141437,2.21629,0.0557754,3.26349,-0.0492556,-0.401697,0.166551,4.17815,0.0633366,3.13095,-0.0466842,0.513029,-0.0503223,1.00723,0.224996,-1.26177,1.32276,-6.80189,11.4534,-24.0437,12.8288,-1.74886,-6.95326,14.629,-12.8233,5.25021,-1.36269,3.11611e-05,-6.62332e-05,-0.859937,4.68652,-24.917,13.6755,0,8.98817,-1.67865,7.46894,-4.28889,3.01224,0.0857955,-0.00173152,0.00053667,-0.932931,6.56638,-31.9491,16.2462,20.1959,-2.19776,8.26057,-4.07336,-10.1296,4.65825,0.155538,0.0131834,-0.0044227,-0.0110367,1.55289,-1.55458,0.150561,0.0682683,0.150987,0.203009,7.3044,1.77193,-0.0268642,0.920918,-4.02493,-0.0103902,0.725703,-2.64129,0.177196,0.116365,0.181499,-6.31785,-1.9992,-0.00537436,0,818,-6.93889e-18,-2.08167e-17,-1.77403e-17,-1.91768e-18,-1.99493e-17,-1.9082e-17,-2.41913e-17,-5.20417e-18,-3.46945e-18,-3.7405e-18,0,-0.532416,-0.184131,0.514785,-0.00743562,3.14159,2.21629,0.00836579,3.26349,-0.00738833,-0.392699,4.17815,0.00949632,3.13102,-0.00700263,0.523599,0,0,0,0.0832391,-0.00913692,-0.532416,0.514782,3.13278,2.21629,3.26349,-0.401697,4.17815,3.13095,0.513029,0.00883533,-1.51905,0.698619,-5.89941e-05,-0.0561544,-0.0016555,0.232934,-0.233188,0.00353444,0.0496237,0.0125426,1.00027,0.173108,-2.43656,-5.72985,-5.03428,177.974,62.3647,0.111548,16.6335,-85.3704,-1.06024,11.7098,-57.1538,-1.98116,309.635,-0.126618,309.636,76.0513,-190.423,75.9607,-190.46,-77.6721,-147.555,-77.8383,-147.459,-619.517,-0.013558,367.386,-152.246,269.277,154.845,6.61136,-49.3225,18.8673,-49.3273,-9.05022,30.5862,1.76334,30.6122,-6.05894,23.8722,1.24137,23.8282
1.64,-6.31242,-2.00468,0.097561,0.249959,-0.000315262,0.900352,-0.523594,-0.22524,0.514531,0.069631,3.14232,-2.28283,2.22512,-3.23371,3.27295,0.226945,-0.392412,-4.22297,4.18704,-3.11039,3.14053,-0.630697,0.522456,-5.26242,-2.00519,-7.62008,-0.408232,-7.58961,-3.6643,-4.71242,-2.00518,-7.11198,-0.618788,-7.11285,-3.39007,0.288565,0.431659,-0.492315,0.0859413,-0.00552745,0.142004,-0.00941316,-0.228385,-0.532692,-1.65446,0.514505,-0.049644,3.1325,0.146196,2.21602,0.0561316,3.26322,-0.0493128,-0.401961,0.17001,4.17794,0.0649108,3.13074,-0.0468178,0.512821,-0.0504315,1.00766,0.230976,-1.26247,1.32664,-7.11891,11.5382,-24.2808,12.9891,-1.61894,-7.03474,14.8381,-12.9833,5.2646,-1.38239,3.45857e-05,-7.37129e-05,-0.853503,4.80207,-24.9183,13.7207,0,8.90864,-1.72397,7.46596,-4.30469,2.9915,0.0855004,-0.00178656,0.000556003,-0.926497,6.69964,-31.9789,16.2959,20.3076,-2.24341,8.27017,-4.08546,-10.1846,4.67921,0.158975,0.0128374,-0.00431605,-0.0107953,1.55988,-1.56153,0.150594,0.0688957,0.151524,0.202869,7.44919,1.73245,-0.0269021,0.96533,-4.13778,-0.0100605,0.736339,-2.67342,0.177682,0.115562,0.182314,-6.31256,-1.99915,-0.00552745,0,842,0,-2.08167e-17,-2.41099e-17,6.35546e-17,-2.25514e-17,-2.25514e-17,-3.38e-17,-2.1684e-17,-2.34188e-17,-2.43403e-17,0,-0.532692,-0.18807,0.514509,-0.00744472,3.14159,2.21602,0.00841921,3.26323,-0.00739692,-0.392699,4.17794,0.00973232,3.13082,-0.00702267,0.523599,0,0,0,0.0857073,-0.00941316,-0.532692,0.514505,3.1325,2.21602,3.26322,-0.401961,4.17794,3.13074,0.512821,0.00909789,-1.5273,0.701761,-6.00132e-05,-0.0568781,-0.0016193,0.233982,-0.23423,0.0036115,0.0496901,0.0125648,1.00027,0.167357,-2.50412,-5.87469,-5.1092,181.66,62.2743,0.129955,17.5112,-87.6706,-1.07899,11.8797,-57.849,-2.05186,318.255,-0.135539,318.256,78.0781,-195.014,77.9869,-195.051,-79.7011,-150.709,-79.8712,-150.611,-636.923,-0.0053037,377.186,-156.308,276.302,158.905,6.60177,-50.7074,19.258,-50.7154,-9.29406,31.3145,1.85638,31.3411,-6.13265,24.3702,1.25938,24.3253
1.68,-6.30704,-2.00479,0.100347,0.256103,-0.000330073,0.908571,-0.52361,-0.219283,0.514327,0.067822,3.14233,-2.28397,2.22512,-3.23185,3.27295,0.22219,-0.392404,-4.22339,4.18709,-3.10998,3.14059,-0.632064,0.52252,-5.25704,-2.00531,-7.61468,-0.408325,-7.58424,-3.66442,-4.70704,-2.00531,-7.10658,-0.618881,-7.10749,-3.39016,0.294307,0.433503,-0.491915,0.0884437,-0.00568225,0.146485,-0.00970168,-0.238207,-0.532982,-1.68945,0.514216,-0.0497127,3.13221,0.150946,2.21575,0.0564374,3.26294,-0.0493728,-0.402237,0.173428,4.17772,0.0664537,3.13052,-0.0469545,0.512602,-0.0505453,1.0081,0.236998,-1.26319,1.33064,-7.4473,11.6248,-24.5244,13.1543,-1.47769,-7.11794,15.0528,-13.1481,5.27889,-1.40161,3.52042e-05,-7.52421e-05,-0.847032,4.9179,-24.92,13.7672,0,8.829,-1.76928,7.4631,-4.32091,2.97065,0.0851528,-0.00184298,0.000575949,-0.920032,6.83237,-32.009,16.3471,20.4193,-2.28895,8.27975,-4.09795,-10.2397,4.70028,0.162397,0.0124929,-0.00420976,-0.0105525,1.56691,-1.56852,0.150628,0.0696541,0.153597,0.205462,7.59768,1.68681,-0.0284246,1.0116,-4.25639,-0.0104589,0.7477,-2.70749,0.178165,0.114756,0.183134,-6.30705,-1.9991,-0.00568225,0,867,-6.93889e-18,6.93889e-18,3.07642e-18,1.67103e-17,1.21431e-17,9.54098e-18,2.73083e-18,-1.9082e-17,-1.99493e-17,-2.48824e-17,0,-0.532982,-0.192013,0.51422,-0.00745496,3.14159,2.21575,0.00846507,3.26295,-0.00740592,-0.392699,4.17772,0.00996359,3.1306,-0.00704317,0.523599,0,0,0,0.0881894,-0.00970168,-0.532982,0.514216,3.13221,2.21575,3.26294,-0.402237,4.17772,3.13052,0.512602,0.0093716,-1.53556,0.704918,-6.18083e-05,-0.0583901,-0.00158288,0.235036,-0.235279,0.00368748,0.0497593,0.0125881,1.00028,0.161912,-2.57257,-6.01992,-5.17936,185.431,62.0694,0.148532,18.4269,-90.0851,-1.09678,12.0656,-58.5812,-2.12471,326.962,-0.144685,326.963,80.1298,-199.666,80.0379,-199.704,-81.7546,-153.939,-81.9291,-153.838,-654.504,0.00483236,387.107,-160.42,283.411,163.014,6.58005,-52.1058,19.6578,-52.117,-9.55003,32.0528,1.95346,32.08,-6.21026,24.881,1.27909,24.835
1.72,-6.3015,-2.00489,0.103191,0.262336,-0.000346657,0.916866,-0.523626,-0.213307,0.514119,0.0658728,3.14234,-2.28512,2.22512,-3.22995,3.27295,0.21736,-0.392395,-4.2238,4.18714,-3.10959,3.14065,-0.633401,0.522585,-5.2515,-2.00544,-7.60912,-0.408418,-7.57871,-3.66454,-4.7015,-2.00545,-7.10102,-0.618976,-7.10198,-3.39026,0.300063,0.435399,-0.491517,0.0909777,-0.00584311,0.151059,-0.00999218,-0.248193,-0.533271,-1.72507,0.513926,-0.0497863,3.13192,0.155888,2.21547,0.0567865,3.26267,-0.0494327,-0.402513,0.177108,4.1775,0.0680317,3.1303,-0.0470932,0.512384,-0.050661,1.00857,0.243163,-1.26394,1.33482,-7.79018,11.7144,-24.7781,13.3271,-1.3253,-7.20406,15.2762,-13.3205,5.29345,-1.4207,3.22519e-05,-6.91324e-05,-0.840445,5.03684,-24.9216,13.8158,0,8.74768,-1.81565,7.46004,-4.33788,2.94945,0.0848293,-0.00190087,0.000596627,-0.913457,6.97197,-32.0403,16.4005,20.5335,-2.33749,8.28976,-4.11099,-10.296,4.72161,0.165913,0.0121417,-0.00410109,-0.0103021,1.57402,-1.5756,0.150663,0.0710995,0.15583,0.207398,7.74663,1.63753,-0.0288125,1.05913,-4.37686,-0.0102563,0.759006,-2.74083,0.178656,0.113936,0.183963,-6.30155,-1.99905,-0.00584311,0,892,6.93889e-18,0,-6.74916e-18,2.65765e-17,-5.20417e-18,-5.20417e-18,-1.01644e-17,9.28077e-17,9.28077e-17,1.04626e-16,0,-0.533271,-0.196029,0.51393,-0.00746612,3.14159,2.21547,0.00851742,3.26268,-0.00741491,-0.392699,4.1775,0.0102001,3.13038,-0.00706398,0.523599,0,0,0,0.0907016,-0.00999218,-0.533271,0.513926,3.13192,2.21547,3.26267,-0.402513,4.1775,3.1303,0.512384,0.00964552,-1.54399,0.708114,-6.3396e-05,-0.0592263,-0.00154532,0.236103,-0.23634,0.00376667,0.0498286,0.0126114,1.00029,0.167297,-2.64298,-6.18199,-5.27653,189.24,61.8206,0.176564,19.3508,-92.5643,-1.11238,12.2366,-59.3088,-2.17659,335.798,-0.145967,335.799,82.3113,-205.109,82.2193,-205.147,-83.9903,-158.259,-84.1694,-158.155,-672.267,0.0155519,397.654,-164.792,291.154,167.489,6.55368,-53.512,20.0616,-53.5249,-9.81285,32.9265,2.0514,32.9544,-6.2874,25.5812,1.29721,25.534
1.76,-6.29621,-2.005,0.106018,0.268507,-0.000362595,0.925036,-0.52364,-0.207528,0.513911,0.0638329,3.14235,-2.28629,2.22511,-3.2281,3.27295,0.212557,-0.392387,-4.2242,4.1872,-3.10923,3.14071,-0.634659,0.522646,-5.24621,-2.00556,-7.60381,-0.408507,-7.57343,-3.66465,-4.69621,-2.00558,-7.09571,-0.619065,-7.09671,-3.39035,0.305621,0.437239,-0.491157,0.093582,-0.00599685,0.155706,-0.0102713,-0.258555,-0.533548,-1.76107,0.513649,-0.0498625,3.13165,0.160895,2.2152,0.0570893,3.2624,-0.04949,-0.402779,0.180724,4.17729,0.0696349,3.13009,-0.0472254,0.512174,-0.0507767,1.00905,0.249448,-1.26473,1.33917,-8.1505,11.8071,-25.0418,13.507,-1.15739,-7.29304,15.5084,-13.5001,5.308,-1.43943,2.51706e-05,-5.41144e-05,-0.833747,5.15754,-24.9238,13.8664,0,8.66534,-1.86259,7.45711,-4.35551,2.92791,0.0844468,-0.00195964,0.000617829,-0.906778,7.1112,-32.0722,16.4561,20.6492,-2.38563,8.29992,-4.1246,-10.3531,4.74337,0.1695,0.011809,-0.00399855,-0.0100654,1.58128,-1.58282,0.1507,0.0706677,0.154273,0.20425,7.89067,1.58582,-0.0293139,1.10528,-4.49666,-0.0100678,0.769311,-2.77219,0.179147,0.113103,0.184809,-6.29628,-1.999,-0.00599685,0,916,6.93889e-18,-6.93889e-18,-2.00713e-17,3.99393e-17,9.54098e-18,1.04083e-17,5.60397e-18,3.46945e-17,3.46945e-17,3.31766e-17,0,-0.533548,-0.200087,0.513653,-0.00747792,3.14159,2.2152,0.00856282,3.26241,-0.0074235,-0.392699,4.17729,0.0104404,3.13017,-0.00708381,0.523599,0,0,0,0.0932825,-0.0102713,-0.533548,0.513649,3.13165,2.2152,3.2624,-0.402779,4.17729,3.13009,0.512174,0.00990868,-1.55254,0.711375,-6.51646e-05,-0.0600612,-0.00150981,0.237192,-0.237423,0.0038464,0.0498952,0.0126338,1.0003,0.153278,-2.70604,-6.30954,-5.33323,192.706,61.3165,0.198634,20.2766,-94.9826,-1.12003,12.419,-59.9476,-2.26846,343.798,-0.171057,343.799,84.122,-208.84,84.0296,-208.878,-85.7541,-160.337,-85.9368,-160.231,-688.532,0.0253855,406.415,-168.424,297.255,171.02,6.50024,-54.8076,20.429,-54.8257,-10.0692,33.5109,2.14954,33.539,-6.35512,25.8952,1.31656,25.8474
1.8,-6.29077,-2.0051,0.108878,0.27474,-0.000380243,0.933268,-0.523652,-0.201609,0.513708,0.0616227,3.14237,-2.28749,2.22511,-3.22614,3.27295,0.207548,-0.392378,-4.2246,4.18725,-3.10883,3.14078,-0.635984,0.522709,-5.24077,-2.00568,-7.59834,-0.408597,-7.56799,-3.66477,-4.69077,-2.00571,-7.09024,-0.619156,-7.0913,-3.39044,0.311321,0.439187,-0.490763,0.0961589,-0.00615665,0.160312,-0.0105632,-0.269089,-0.533835,-1.79654,0.513362,-0.0499471,3.13136,0.165669,2.21493,0.0574696,3.26213,-0.04955,-0.403055,0.184245,4.17706,0.0712262,3.12987,-0.0473625,0.511954,-0.0508963,1.00955,0.255703,-1.26554,1.34361,-8.52071,11.9005,-25.3092,13.6899,-0.976672,-7.38267,15.7437,-13.6826,5.32215,-1.45732,1.36418e-05,-2.94175e-05,-0.827101,5.27566,-24.926,13.9179,0,8.58337,-1.90763,7.45414,-4.37346,2.90638,0.0841317,-0.00202005,0.000639762,-0.900102,7.24814,-32.1043,16.5127,20.764,-2.43283,8.31007,-4.13845,-10.4098,4.76499,0.173099,0.0114702,-0.00389358,-0.00982018,1.58849,-1.58999,0.150738,0.0715079,0.155828,0.205796,8.0382,1.52967,-0.0300358,1.15413,-4.62158,-0.0100829,0.780487,-2.80523,0.179625,0.112271,0.18565,-6.29078,-1.99894,-0.00615665,0,941,-6.93889e-18,1.38778e-17,1.80249e-17,-3.79877e-17,2.60209e-18,1.73472e-18,4.43845e-18,1.82146e-17,1.73472e-17,1.12757e-17,0,-0.533835,-0.204087,0.513367,-0.00749126,3.14159,2.21493,0.00861986,3.26214,-0.0074325,-0.392699,4.17706,0.010679,3.12995,-0.00710438,0.523599,0,0,0,0.0958348,-0.0105632,-0.533835,0.513362,3.13136,2.21493,3.26213,-0.403055,4.17706,3.12987,0.511954,0.010183,-1.56103,0.714615,-6.66736e-05,-0.0612226,-0.00147303,0.238274,-0.238499,0.00392676,0.0499647,0.0126571,1.00031,0.14992,-2.7789,-6.46563,-5.38935,196.69,61.0851,0.233566,21.2285,-97.546,-1.14272,12.5849,-60.6916,-2.35449,352.966,-0.173152,352.967,86.3074,-213.922,86.2139,-213.961,-87.9483,-163.947,-88.1367,-163.838,-707.04,0.0347835,416.983,-172.804,304.853,175.413,6.4757,-56.2773,20.8514,-56.2987,-10.341,34.3198,2.25046,34.3486,-6.43399,26.4696,1.33414,26.4206
1.84,-6.28532,-2.00521,0.111769,0.281018,-0.000399012,0.941523,-0.523662,-0.195713,0.513506,0.0592771,3.14239,-2.28873,2.22511,-3.22415,3.27295,0.202447,-0.39237,-4.22501,4.1873,-3.10844,3.14084,-0.637295,0.522772,-5.23532,-2.00581,-7.59286,-0.408686,-7.56255,-3.66489,-4.68532,-2.00584,-7.08476,-0.619246,-7.08587,-3.39053,0.316996,0.441168,-0.490373,0.0987709,-0.00631802,0.164983,-0.0108565,-0.279772,-0.53412,-1.83248,0.513078,-0.0500373,3.13108,0.170617,2.21465,0.0578053,3.26185,-0.0496101,-0.403332,0.18791,4.17684,0.0728129,3.12964,-0.0475,0.511733,-0.0510181,1.01007,0.262069,-1.26638,1.34821,-8.90607,11.9968,-25.5865,13.8802,-0.783171,-7.47508,15.9877,-13.8726,5.33648,-1.47493,-2.39016e-06,5.17026e-06,-0.820368,5.39637,-24.9286,13.9713,0,8.5005,-1.95378,7.45117,-4.39206,2.88464,0.083765,-0.00208157,0.000662323,-0.893359,7.3891,-32.1372,16.5715,20.8803,-2.48191,8.32044,-4.15285,-10.4671,4.78682,0.176727,0.011132,-0.00378869,-0.00957337,1.59577,-1.59723,0.150777,0.0722599,0.156943,0.206361,8.18517,1.46997,-0.0307948,1.20381,-4.74883,-0.0100544,0.791546,-2.83791,0.180109,0.11143,0.186499,-6.28529,-1.99889,-0.00631802,0,966,0,-6.93889e-18,-1.82417e-17,-2.17518e-17,6.07153e-18,3.46945e-18,-2.05998e-18,3.29597e-17,3.03577e-17,4.24465e-17,0,-0.53412,-0.208138,0.513082,-0.00750574,3.14159,2.21465,0.0086702,3.26186,-0.00744152,-0.392699,4.17684,0.0109168,3.12973,-0.007125,0.523599,0,0,0,0.0984206,-0.0108565,-0.53412,0.513078,3.13108,2.21465,3.26185,-0.403332,4.17684,3.12964,0.511733,0.0104575,-1.56962,0.717887,-6.83675e-05,-0.0622752,-0.00143601,0.239366,-0.239585,0.00400782,0.0500342,0.0126805,1.00032,0.149161,-2.84955,-6.61691,-5.46469,200.439,60.6057,0.257335,22.2033,-100.143,-1.15885,12.7618,-61.3939,-2.4301,361.801,-0.181742,361.802,88.4376,-218.986,88.3438,-219.024,-90.0999,-167.669,-90.2932,-167.557,-724.876,0.0427501,427.285,-177.075,312.301,179.721,6.42488,-57.6908,21.2488,-57.7153,-10.6163,35.1279,2.3538,35.1573,-6.50844,27.0653,1.35289,27.0152
1.88,-6.27986,-2.00531,0.114682,0.287269,-0.000418748,0.949682,-0.523671,-0.189965,0.513303,0.0568808,3.14241,-2.28992,2.22511,-3.22216,3.27295,0.197431,-0.392362,-4.22537,4.18735,-3.10807,3.1409,-0.638487,0.522834,-5.22986,-2.00595,-7.58738,-0.408774,-7.55711,-3.665,-4.67986,-2.00598,-7.07928,-0.619336,-7.08044,-3.39062,0.322521,0.443155,-0.49,0.101426,-0.0064809,0.169703,-0.01114,-0.290757,-0.534392,-1.86858,0.512806,-0.05013,3.1308,0.175599,2.21438,0.0581467,3.26158,-0.0496674,-0.403598,0.191596,4.17663,0.0744194,3.12943,-0.0476348,0.511523,-0.0511395,1.01061,0.268527,-1.26724,1.35298,-9.30862,12.0958,-25.8731,14.0773,-0.573302,-7.57001,16.2398,-14.0693,5.35073,-1.49205,-2.28186e-05,4.95171e-05,-0.813567,5.51819,-24.9314,14.0266,0,8.41685,-2.00006,7.4482,-4.41129,2.86267,0.0833896,-0.00214476,0.000685699,-0.886544,7.53125,-32.171,16.6323,20.9977,-2.53142,8.33102,-4.16775,-10.525,4.80889,0.180419,0.0107961,-0.00368428,-0.00932604,1.60313,-1.60456,0.150818,0.0728355,0.156277,0.203986,8.32843,1.40883,-0.0298175,1.25363,-4.87392,-0.00914172,0.802183,-2.86763,0.18059,0.11058,0.187357,-6.28002,-1.99883,-0.0064809,0,990,0,3.46945e-17,2.06947e-17,-4.07796e-17,8.67362e-18,9.54098e-18,-7.86047e-19,-2.60209e-17,-2.51535e-17,-2.04914e-17,0,-0.534392,-0.212208,0.51281,-0.0075209,3.14159,2.21438,0.00872139,3.26159,-0.0074501,-0.392699,4.17663,0.0111576,3.12952,-0.00714523,0.523599,0,0,0,0.101047,-0.01114,-0.534392,0.512806,3.1308,2.21438,3.26158,-0.403598,4.17663,3.12943,0.511523,0.0107213,-1.57829,0.721194,-7.0076e-05,-0.0624558,-0.00139891,0.24047,-0.240683,0.00409101,0.0501011,0.012703,1.00032,0.148978,-2.91627,-6.75476,-5.51815,204.061,60.0492,0.287357,23.1875,-102.687,-1.17137,12.9375,-62.0253,-2.5058,370.113,-0.192034,370.114,90.4479,-223.802,90.354,-223.841,-92.1334,-171.21,-92.3314,-171.095,-741.665,0.0500008,437.01,-181.107,319.339,183.794,6.36589,-59.0199,21.6327,-59.0476,-10.886,35.8975,2.45813,35.9273,-6.57538,27.6324,1.37152,27.5813
1.92,-6.27439,-2.00541,0.117575,0.29354,-0.000442384,0.957869,-0.523676,-0.184125,0.513106,0.0542503,3.14243,-2.29127,2.22512,-3.22028,3.27296,0.192288,-0.392338,-4.22576,4.18739,-3.10762,3.14095,-0.639721,0.522896,-5.22439,-2.00608,-7.58188,-0.408861,-7.55166,-3.66511,-4.67439,-2.00612,-7.07378,-0.619414,-7.07501,-3.3907,0.328141,0.445027,-0.48956,0.104094,-0.00663803,0.174378,-0.0114386,-0.301849,-0.534672,-1.90438,0.512525,-0.0502296,3.13052,0.180439,2.21412,0.0583328,3.26132,-0.0497225,-0.403859,0.194846,4.1764,0.076016,3.1292,-0.0477722,0.511301,-0.0512656,1.01116,0.274956,-1.26814,1.35785,-9.72198,12.1961,-26.1651,14.2786,-0.350692,-7.66614,16.4967,-14.2702,5.36474,-1.50847,-4.67799e-05,0.000101843,-0.806796,5.63828,-24.9348,14.0824,0,8.33428,-2.04571,7.44573,-4.43073,2.84082,0.082879,-0.00223362,0.000717479,-0.879757,7.66347,-32.204,16.6942,21.1135,-2.57632,8.34138,-4.18301,-10.5823,4.8311,0.184135,0.0104635,-0.0035807,-0.0090786,1.61054,-1.61192,0.15086,0.072329,0.156789,0.204658,8.47402,1.3417,-0.0337095,1.30098,-5.00163,-0.00979735,0.814476,-2.89837,0.181063,0.109735,0.188221,-6.27454,-1.99877,-0.00663803,0,1015,6.93889e-18,0,2.02475e-17,-4.03459e-17,-2.60209e-18,-3.46945e-18,-6.94567e-18,6.41848e-17,6.50521e-17,7.23163e-17,0,-0.534672,-0.216245,0.512528,-0.00753736,3.14159,2.21412,0.00874915,3.26133,-0.00745838,-0.392699,4.1764,0.0113963,3.12929,-0.00716582,0.523599,0,0,0,0.103686,-0.0114386,-0.534672,0.512525,3.13052,2.21412,3.26132,-0.403859,4.1764,3.1292,0.511301,0.0109962,-1.58682,0.724505,-7.99985e-05,-0.0646293,-0.00136179,0.241581,-0.241788,0.00417235,0.0501708,0.0127264,1.00033,0.138896,-2.98054,-6.87058,-5.53957,207.696,59.3356,0.306809,24.1423,-105.226,-1.18652,13.1673,-62.6628,-2.60891,378.016,-0.212322,378.017,92.2766,-227.745,92.1847,-227.783,-93.9222,-173.614,-94.1283,-173.495,-757.73,0.0561682,445.87,-184.771,325.534,187.382,6.29023,-60.2953,22.0181,-60.328,-11.1551,36.5188,2.55935,36.5488,-6.64296,28.0043,1.39588,27.9515
1.96,-6.26893,-2.00548,0.120291,0.299771,-0.000486601,0.966071,-0.523683,-0.178291,0.512905,0.0514629,3.14246,-2.29296,2.22508,-3.21822,3.27293,0.18614,-0.392361,-4.22639,4.18743,-3.10741,3.141,-0.641286,0.522949,-5.21893,-2.00622,-7.57635,-0.40888,-7.54624,-3.66517,-4.66893,-2.00626,-7.06825,-0.61945,-7.0696,-3.39073,0.333749,0.447075,-0.489356,0.106742,-0.0067702,0.179108,-0.011758,-0.312685,-0.534955,-1.94072,0.512243,-0.0503287,3.13024,0.184483,2.21381,0.0592336,3.261,-0.0497419,-0.40417,0.198495,4.17616,0.0776804,3.12896,-0.0478956,0.511068,-0.051393,1.01173,0.281483,-1.26907,1.36287,-10.1457,12.2991,-26.4664,14.4878,-0.120784,-7.76472,16.7617,-14.4789,5.37923,-1.52477,-7.07464e-05,0.000154535,-0.79999,5.75279,-24.9376,14.1411,0,8.24868,-2.08488,7.44188,-4.45107,2.81791,0.0829667,-0.00250457,0.000808635,-0.872636,7.80536,-32.2389,16.7585,21.2311,-2.62553,8.35248,-4.19889,-10.6405,4.85322,0.187944,0.0101946,-0.00349872,-0.00888414,1.61792,-1.61927,0.150903,0.0679027,0.155763,0.205073,8.61938,1.27063,-0.0423286,1.35146,-5.15467,-0.0156284,0.820646,-2.93742,0.181553,0.10885,0.189082,-6.26906,-1.99871,-0.0067702,0,1040,6.93889e-18,1.38778e-17,3.67273e-18,-2.3866e-17,-1.21431e-17,-1.30104e-17,-1.28885e-17,-2.51535e-17,-2.60209e-17,-2.12504e-17,0,-0.534955,-0.220342,0.512247,-0.0075538,3.14159,2.21381,0.00888407,3.26102,-0.00746129,-0.392699,4.17616,0.0116455,3.12906,-0.00718435,0.523599,0,0,0,0.106304,-0.011758,-0.534955,0.512243,3.13024,2.21381,3.261,-0.40417,4.17616,3.12896,0.511068,0.0112714,-1.59552,0.727813,-8.47849e-05,-0.0708503,-0.00133262,0.242688,-0.24289,0.00425084,0.0502406,0.0127498,1.00034,0.146022,-3.05024,-7.0371,-5.62024,211.619,58.796,0.375939,25.0913,-108.422,-1.20992,13.2148,-63.5369,-2.6794,386.334,-0.208348,386.336,94.3679,-233.04,94.2726,-233.08,-96.0507,-177.914,-96.2644,-177.791,-774.493,0.062122,455.976,-188.978,332.899,191.641,6.23303,-61.6163,22.434,-61.6514,-11.4939,37.3699,2.65995,37.4014,-6.73563,28.7046,1.40092,28.65
2,-6.26346,-2.00553,0.122783,0.305894,-0.000537702,0.974231,-0.523688,-0.1725,0.512706,0.0484849,3.14248,-2.29528,2.22507,-3.2169,3.27293,0.179618,-0.392363,-4.22725,4.18745,-3.10737,3.14104,-0.643206,0.52298,-5.21346,-2.00635,-7.5708,-0.408883,-7.54084,-3.66519,-4.66346,-2.00639,-7.06271,-0.619461,-7.0642,-3.39074,0.339315,0.448392,-0.489309,0.109213,-0.00688442,0.184025,-0.0120844,-0.324002,-0.535234,-1.97712,0.511963,-0.0504324,3.12996,0.190144,2.21352,0.0604007,3.26072,-0.0498135,-0.404458,0.202058,4.17591,0.0806608,3.12871,-0.0479806,0.510813,-0.0515181,1.01227,0.288268,-1.26997,1.36798,-10.5949,12.4042,-26.7763,14.7043,0.133226,-7.86556,17.0345,-14.6949,5.3935,-1.54046,-9.88048e-05,0.000216564,-0.793112,5.88237,-24.9358,14.2018,0,8.15921,-2.13185,7.4361,-4.47275,2.79525,0.0832678,-0.00251523,0.000816647,-0.865621,7.94912,-32.2799,16.8237,21.3628,-2.66906,8.36723,-4.2151,-10.7062,4.87642,0.193863,0.0100953,-0.00347384,-0.00883968,1.62565,-1.627,0.150944,0.0622847,0.153078,0.203993,8.7637,1.19461,-0.0580193,1.38417,-5.31797,-0.0215766,0.82213,-2.98533,0.182039,0.107976,0.189988,-6.26358,-1.99865,-0.00688442,0,1065,6.93889e-18,1.38778e-17,-2.22126e-17,1.99222e-18,-8.67362e-19,-2.60209e-18,-7.71139e-18,-2.68882e-17,-2.86229e-17,-3.41524e-17,0,-0.535234,-0.224448,0.511967,-0.00757126,3.14159,2.21352,0.00905937,3.26073,-0.00747203,-0.392699,4.17591,0.0120926,3.12881,-0.00719709,0.523599,0,0,0,0.108745,-0.0120844,-0.535234,0.511963,3.12996,2.21352,3.26072,-0.404458,4.17591,3.12871,0.510813,0.0115467,-1.60538,0.731297,-8.29545e-05,-0.07735,-0.00132595,0.243848,-0.24405,0.00437648,0.0503105,0.0127733,1.00035,0.134443,-3.04763,-7.11877,-5.63645,215.09,57.7891,0.442597,25.5967,-111.837,-1.15279,13.1277,-64.5736,-2.78167,385.482,-0.233143,385.484,94.0923,-231.811,94.0126,-231.844,-95.6922,-176.517,-95.9129,-176.39,-773.087,0.0656269,454.665,-188.441,331.655,190.934,6.1263,-61.4928,22.802,-61.5336,-11.856,37.1624,2.71354,37.1927,-6.84553,28.4667,1.39168,28.4105
2.04,-6.258,-2.00557,0.125089,0.311969,-0.000602415,0.98241,-0.523689,-0.166684,0.51251,0.0454904,3.14251,-2.29831,2.22511,-3.21645,3.27299,0.173279,-0.392304,-4.22838,4.18749,-3.10763,3.1411,-0.645125,0.523037,-5.208,-2.00649,-7.56526,-0.408902,-7.53545,-3.66521,-4.658,-2.00654,-7.05716,-0.619452,-7.05883,-3.39073,0.344906,0.44885,-0.489559,0.111457,-0.00699096,0.189092,-0.0124247,-0.335285,-0.535511,-2.01345,0.511686,-0.050515,3.12968,0.195529,2.21329,0.0630496,3.26049,-0.0499736,-0.404683,0.206402,4.17567,0.0846062,3.12847,-0.0481038,0.510583,-0.0516396,1.01277,0.295256,-1.27083,1.37314,-11.0607,12.5107,-27.0923,14.9272,0.402522,-7.96752,17.3124,-14.9169,5.40769,-1.55578,-0.000110115,0.000242196,-0.786286,6.01024,-24.926,14.2648,0,8.06192,-2.17278,7.42686,-4.4964,2.77136,0.0847453,-0.0020749,0.00067802,-0.858272,8.11362,-32.3282,16.8904,21.5067,-2.71762,8.3853,-4.23159,-10.7775,4.89973,0.201508,0.00983492,-0.00339263,-0.00865466,1.63343,-1.63474,0.150981,0.0576487,0.151874,0.204461,8.90793,1.11815,-0.0756269,1.39667,-5.47771,-0.0282093,0.816694,-3.03313,0.182527,0.107055,0.1909,-6.25811,-1.99858,-0.00699096,0,1090,-1.38778e-17,-1.38778e-17,-5.05509e-18,-1.5233e-17,1.12757e-17,9.54098e-18,6.27482e-18,7.02563e-17,6.76542e-17,7.86589e-17,0,-0.535511,-0.228552,0.511691,-0.00758452,3.14159,2.21329,0.00945639,3.26051,-0.00749604,-0.392699,4.17567,0.0126837,3.12858,-0.00721556,0.523599,0,0,0,0.11096,-0.0124247,-0.535511,0.511686,3.12968,2.21329,3.26049,-0.404683,4.17567,3.12847,0.510583,0.0118223,-1.61605,0.734781,-8.91267e-05,-0.0836321,-0.0012982,0.245015,-0.245212,0.00454168,0.0503805,0.0127969,1.00035,0.137618,-3.06062,-7.25663,-5.69585,219.06,57.192,0.665025,24.9762,-115.372,-1.11584,12.8336,-65.7076,-2.86309,386.245,-0.23642,386.247,94.2667,-232.402,94.2231,-232.421,-95.9288,-177.269,-96.1416,-177.145,-774.785,0.0663722,455.878,-188.917,332.457,191.415,6.06299,-61.6096,23.2229,-61.6538,-12.2307,37.2573,2.64776,37.2842,-6.96575,28.5939,1.3605,28.5377
2.08,-6.25255,-2.00561,0.127256,0.317975,-0.00066606,0.990549,-0.523676,-0.160924,0.51233,0.0426377,3.14256,-2.30183,2.22518,-3.21644,3.27308,0.166443,-0.392238,-4.22957,4.18748,-3.10769,3.14113,-0.64723,0.523051,-5.20255,-2.00664,-7.55974,-0.408916,-7.53009,-3.6652,-4.65255,-2.00668,-7.05163,-0.619439,-7.05347,-3.39072,0.350442,0.448878,-0.48961,0.113514,-0.00709338,0.19436,-0.0127641,-0.346941,-0.535774,-2.04955,0.511423,-0.0505167,3.12942,0.200024,2.21308,0.0675857,3.26028,-0.0502621,-0.4049,0.209241,4.17538,0.0906331,3.12818,-0.0481546,0.510309,-0.051758,1.01324,0.302515,-1.27166,1.37839,-11.5528,12.6195,-27.4173,15.1583,0.696803,-8.071,17.5968,-15.1458,5.42135,-1.57089,-5.46186e-05,0.000120561,-0.779523,6.13263,-24.9085,14.3319,0,7.95502,-2.20363,7.41352,-4.52254,2.74544,0.0876529,-0.000968998,0.000319033,-0.850394,8.24873,-32.3821,16.9566,21.6698,-2.74166,8.40791,-4.24828,-10.8595,4.92542,0.212559,0.00988567,-0.00341724,-0.00874817,1.642,-1.64333,0.151017,0.054185,0.150158,0.203479,9.04895,1.04602,-0.0882206,1.39836,-5.65343,-0.0298556,0.81484,-3.08563,0.183003,0.106054,0.191904,-6.25264,-1.99852,-0.00709338,0,1115,-6.93889e-18,0,1.63715e-17,-3.6646e-17,-1.73472e-17,-1.82146e-17,-1.40167e-17,9.02056e-17,9.1073e-17,8.58146e-17,0,-0.535774,-0.232649,0.511427,-0.00758116,3.14159,2.21308,0.010137,3.26029,-0.00753931,-0.392699,4.17538,0.0135864,3.1283,-0.00722318,0.523599,0,0,0,0.112991,-0.0127641,-0.535774,0.511423,3.12942,2.21308,3.26028,-0.4049,4.17538,3.12818,0.510309,0.0120981,-1.62826,0.738612,-0.000101138,-0.0874983,-0.00131223,0.246301,-0.246499,0.00478596,0.0504506,0.0128204,1.00036,0.134765,-3.05338,-7.34749,-5.72173,222.579,56.36,0.944645,24.7371,-119.543,-1.02734,12.6157,-66.8785,-2.93272,384.644,-0.284705,384.646,94.1047,-231.233,93.8713,-231.33,-95.5114,-176.374,-95.7396,-176.241,-771.81,0.0567605,454.055,-188.131,331.021,190.589,5.97479,-61.3557,23.5958,-61.4042,-12.6729,37.0664,2.62241,37.1059,-7.08987,28.4482,1.3374,28.3884
2.12,-6.24712,-2.00563,0.129228,0.323875,-0.000738663,0.998607,-0.523645,-0.155297,0.512169,0.0400936,3.14262,-2.30568,2.22517,-3.21592,3.27311,0.158455,-0.392228,-4.231,4.18748,-3.10804,3.14117,-0.649546,0.523074,-5.19712,-2.00679,-7.55422,-0.408879,-7.52476,-3.66517,-4.64712,-2.00681,-7.0461,-0.6194,-7.04815,-3.39068,0.355845,0.449425,-0.489948,0.115432,-0.00717871,0.199727,-0.0131127,-0.358295,-0.536019,-2.08551,0.511179,-0.0503948,3.12918,0.203105,2.2128,0.0738364,3.26,-0.050365,-0.405177,0.214301,4.17511,0.0964089,3.12791,-0.0482165,0.510044,-0.0518742,1.01368,0.309918,-1.27246,1.38371,-12.0576,12.7299,-27.7493,15.3969,1.00212,-8.17518,17.8855,-15.3807,5.43492,-1.58629,0.000105147,-0.000232932,-0.772926,6.24502,-24.8871,14.4035,0,7.84159,-2.2222,7.39653,-4.55049,2.71761,0.0919262,-0.000807413,0.000268103,-0.841799,8.43493,-32.4383,17.0243,21.8345,-2.79142,8.43135,-4.26528,-10.942,4.94972,0.223242,0.00989272,-0.00342693,-0.00880286,1.65011,-1.65144,0.15105,0.049294,0.147502,0.201466,9.18465,0.98365,-0.0961155,1.41132,-5.85409,-0.0355931,0.8061,-3.14329,0.183485,0.104981,0.192853,-6.24718,-1.99845,-0.00717871,0,1140,-6.93889e-18,0,-1.33357e-17,-6.9931e-18,6.93889e-18,7.80626e-18,6.63735e-18,3.98986e-17,3.64292e-17,4.32055e-17,0,-0.536019,-0.236753,0.511184,-0.00755206,3.14159,2.2128,0.0110743,3.26001,-0.00755475,-0.392699,4.17511,0.0144518,3.12804,-0.00723247,0.523599,0,0,0,0.114882,-0.0131127,-0.536019,0.511179,3.12918,2.2128,3.26,-0.405177,4.17511,3.12791,0.510044,0.0123741,-1.64057,0.742239,-0.000109143,-0.0931618,-0.00132043,0.247517,-0.247716,0.00502028,0.0505207,0.012844,1.00036,0.137258,-3.06563,-7.45594,-5.75746,226.137,55.8501,1.18767,25.3414,-123.749,-1.04496,12.2929,-68.2024,-2.96282,385.519,-0.355192,385.521,94.2858,-231.959,94.2174,-231.987,-95.7788,-177.122,-96.0143,-176.986,-773.755,0.0318845,455.319,-188.655,331.953,191.131,5.92073,-61.4915,23.9731,-61.5437,-13.1188,37.1831,2.68647,37.2129,-7.23022,28.5737,1.30318,28.5125
2.16,-6.24159,-2.00561,0.130845,0.329613,-0.000835644,1.00659,-0.523596,-0.149784,0.512026,0.0377674,3.1427,-2.31044,2.22518,-3.21624,3.27316,0.149456,-0.39222,-4.23302,4.1876,-3.10957,3.14132,-0.652213,0.523171,-5.19159,-2.00695,-7.54855,-0.408777,-7.51934,-3.6651,-4.64159,-2.00695,-7.04043,-0.619302,-7.04275,-3.39058,0.361137,0.449134,-0.49142,0.117151,-0.00722796,0.205193,-0.0134859,-0.369232,-0.536247,-2.1213,0.510951,-0.0502112,3.12895,0.207587,2.21253,0.0802643,3.25972,-0.0504491,-0.405456,0.221232,4.17495,0.102378,3.12775,-0.0483798,0.509855,-0.0519867,1.01409,0.317458,-1.27323,1.38905,-12.5727,12.8412,-28.0863,15.6422,1.31613,-8.2795,18.1772,-15.6209,5.44852,-1.60179,0.000320613,-0.000712863,-0.76651,6.3688,-24.8615,14.4763,0,7.72669,-2.24723,7.37758,-4.57937,2.69032,0.0962671,-0.000741601,0.000248446,-0.833356,8.66767,-32.505,17.0969,22.0084,-2.86178,8.45698,-4.28278,-11.027,4.97286,0.23455,0.00947291,-0.00328889,-0.00847499,1.65785,-1.65912,0.15108,0.040432,0.143436,0.199519,9.31596,0.927254,-0.119042,1.40329,-6.07949,-0.0506095,0.770835,-3.20936,0.183975,0.103929,0.193759,-6.24171,-1.99838,-0.00722796,0,1165,0,0,-3.55076e-18,-1.68051e-17,-1.21431e-17,-1.04083e-17,-1.29054e-17,5.20417e-17,5.0307e-17,5.73543e-17,0,-0.536247,-0.240857,0.510955,-0.00750952,3.14159,2.21253,0.0120388,3.25974,-0.00756736,-0.392699,4.17495,0.0153489,3.12785,-0.00725697,0.523599,0,0,0,0.116577,-0.0134859,-0.536247,0.510951,3.12895,2.21253,3.25972,-0.405456,4.17495,3.12775,0.509855,0.0126502,-1.65347,0.745757,-8.61988e-05,-0.103437,-0.00127125,0.248677,-0.248869,0.00526407,0.050591,0.0128676,1.00037,0.202006,-3.04945,-7.52867,-5.76188,229.454,55.3263,1.30298,24.8476,-128.566,-0.987675,11.0202,-69.5967,-2.79089,382.485,-0.389368,382.487,94.1357,-234.041,94.0753,-234.066,-96.0633,-182.599,-96.2649,-182.48,-767.273,-0.00493717,454.58,-188.35,332.646,191.569,5.86521,-60.9247,24.3247,-60.969,-13.6294,37.5628,2.63412,37.5929,-7.37803,29.5476,1.16826,29.49
2.2,-6.23634,-2.00558,0.132144,0.335136,-0.000940544,1.01443,-0.523552,-0.144325,0.511884,0.0355363,3.14277,-2.31597,2.22517,-3.21704,3.27321,0.139899,-0.392211,-4.23521,4.18763,-3.11091,3.14142,-0.654958,0.523212,-5.18634,-2.00711,-7.54315,-0.408659,-7.51423,-3.66499,-4.63634,-2.00708,-7.03504,-0.619185,-7.03764,-3.39047,0.36638,0.448376,-0.492699,0.118523,-0.00726186,0.210906,-0.0138561,-0.380926,-0.536467,-2.15616,0.51073,-0.0499919,3.12873,0.212274,2.21226,0.088705,3.25946,-0.050529,-0.405723,0.221841,4.17472,0.113655,3.12752,-0.0484557,0.509618,-0.0520887,1.01441,0.325307,-1.2739,1.39437,-13.122,12.9531,-28.428,15.8929,1.66581,-8.384,18.472,-15.8654,5.461,-1.61656,0.00056908,-0.00127,-0.760195,6.49564,-24.8257,14.5533,0,7.60225,-2.26743,7.35299,-4.61093,2.66161,0.102096,-0.00068246,0.000230986,-0.824474,8.76449,-32.5863,17.1671,22.2273,-2.83969,8.49263,-4.30018,-11.1359,5.00282,0.254978,0.00940976,-0.00327133,-0.00847579,1.66785,-1.66912,0.151105,0.0324842,0.138071,0.195952,9.44446,0.873049,-0.138128,1.38328,-6.3188,-0.0547712,0.738176,-3.2776,0.184438,0.102824,0.194934,-6.23647,-1.99832,-0.00726186,0,1189,6.93889e-18,-1.38778e-17,-3.86518e-17,1.82417e-17,-1.56125e-17,-1.73472e-17,-1.70016e-17,-1.04083e-17,-1.12757e-17,-1.01915e-17,0,-0.536467,-0.244873,0.510735,-0.00745892,3.14159,2.21226,0.0133049,3.25947,-0.00757935,-0.392699,4.17472,0.0170405,3.12761,-0.00726835,0.523599,0,0,0,0.117929,-0.0138561,-0.536467,0.51073,3.12873,2.21226,3.25946,-0.405723,4.17472,3.12752,0.509618,0.0129156,-1.66986,0.750264,-7.91311e-05,-0.109487,-0.00127137,0.250178,-0.250368,0.00571509,0.0506585,0.0128903,1.00037,0.142468,-2.86867,-7.30601,-5.56562,230.842,53.2617,1.60508,24.0906,-133.717,-0.662777,10.2021,-70.8928,-2.91357,358.67,-0.599436,358.671,87.9533,-216.681,87.884,-216.71,-89.2895,-166.788,-89.7245,-166.535,-720.451,-0.037109,424.726,-175.981,309.78,178.412,5.64634,-57.1865,24.4718,-57.2462,-14.1755,34.7392,2.55387,34.769,-7.51543,26.9335,1.08154,26.8528
2.24,-6.23098,-2.00554,0.133255,0.340565,-0.00104276,1.02224,-0.523522,-0.138793,0.511727,0.0324476,3.14283,-2.32208,2.22517,-3.21807,3.27327,0.129612,-0.392201,-4.23752,4.18763,-3.11213,3.14149,-0.658061,0.523217,-5.18098,-2.00726,-7.53764,-0.40854,-7.50901,-3.66487,-4.63098,-2.00721,-7.02953,-0.619067,-7.03242,-3.39035,0.371693,0.447403,-0.493852,0.119561,-0.00729528,0.216754,-0.0142349,-0.392956,-0.536714,-2.19124,0.510483,-0.0499077,3.12848,0.217126,2.21198,0.0987141,3.25918,-0.05061,-0.406001,0.224427,4.17444,0.125594,3.12724,-0.0487492,0.509333,-0.0521861,1.01466,0.333321,-1.27448,1.39961,-13.6949,13.0649,-28.7715,16.1471,2.03951,-8.49075,18.7737,-16.1165,5.47393,-1.62994,0.000708113,-0.00158617,-0.753624,6.62373,-24.7816,14.6332,0,7.47175,-2.28367,7.32387,-4.64452,2.6321,0.109018,-0.000631587,0.000216197,-0.815341,8.90754,-32.6698,17.2349,22.4551,-2.83652,8.53102,-4.31726,-11.25,5.03181,0.277253,0.00843467,-0.00293527,-0.0076508,1.67737,-1.67851,0.151123,0.0277537,0.135719,0.195274,9.57907,0.797458,-0.152963,1.35767,-6.57628,-0.0576543,0.707664,-3.35889,0.184897,0.101687,0.196071,-6.23102,-1.99825,-0.00729528,0,1214,-6.93889e-18,-1.38778e-17,9.26993e-18,-9.25638e-18,-1.56125e-17,-1.73472e-17,-1.47807e-17,9.54098e-17,9.36751e-17,9.77137e-17,0,-0.536714,-0.24887,0.510487,-0.0074358,3.14159,2.21198,0.0148063,3.25919,-0.0075915,-0.392699,4.17444,0.0188316,3.12733,-0.00731238,0.523599,0,0,0,0.118952,-0.0142349,-0.536714,0.510483,3.12848,2.21198,3.25918,-0.406001,4.17444,3.12724,0.509333,0.0131922,-1.68702,0.754628,-7.17283e-05,-0.113794,-0.00114762,0.251606,-0.251777,0.00621355,0.0507289,0.0129139,1.00037,0.158528,-2.92345,-7.61852,-5.73416,236.11,53.9344,1.97881,22.9659,-139.636,-0.6809,9.57364,-73.079,-2.95396,364.816,-0.596144,364.817,89.5982,-221.174,89.5207,-221.206,-91.114,-171.036,-91.3642,-170.89,-732.785,-0.0591176,432.641,-179.262,315.796,181.873,5.71765,-58.1485,25.0303,-58.2091,-14.8029,35.4682,2.43464,35.4988,-7.7472,27.6389,1.01491,27.5732
2.28,-6.22553,-2.00551,0.134278,0.345968,-0.00114772,1.03006,-0.523508,-0.133148,0.511554,0.0289105,3.14288,-2.32861,2.22517,-3.21922,3.27333,0.11888,-0.392191,-4.2399,4.18763,-3.11336,3.14157,-0.66113,0.523231,-5.17554,-2.0074,-7.53206,-0.40842,-7.50372,-3.66475,-4.62554,-2.00734,-7.02394,-0.618948,-7.02712,-3.39023,0.377116,0.4463,-0.495026,0.120407,-0.00733276,0.222735,-0.0146167,-0.405066,-0.536977,-2.22646,0.51022,-0.0498994,3.12822,0.22206,2.2117,0.109821,3.2589,-0.0506908,-0.406279,0.228663,4.17416,0.137866,3.12697,-0.0488204,0.509055,-0.0522792,1.01486,0.341509,-1.27502,1.40487,-14.2908,13.1786,-29.1228,16.4092,2.43455,-8.59966,19.0831,-16.3756,5.48692,-1.64256,0.000783858,-0.00176246,-0.747012,6.75295,-24.7317,14.7162,0,7.33694,-2.29717,7.2915,-4.6799,2.6018,0.116599,-0.000581803,0.000201581,-0.805961,9.09056,-32.7562,17.3032,22.6903,-2.85055,8.57128,-4.33446,-11.3679,5.06009,0.299663,0.00841255,-0.00293017,-0.00768506,1.68679,-1.68793,0.151139,0.0255813,0.135082,0.195624,9.71677,0.708501,-0.163229,1.32869,-6.84487,-0.0595998,0.676825,-3.43581,0.185354,0.100519,0.197177,-6.22556,-1.99817,-0.00733276,0,1239,6.93889e-18,1.38778e-17,2.0383e-17,2.07896e-17,3.46945e-18,5.20417e-18,9.7053e-18,6.59195e-17,6.50521e-17,6.41306e-17,0,-0.536977,-0.252881,0.510225,-0.00742834,3.14159,2.2117,0.0164722,3.25891,-0.00760361,-0.392699,4.17416,0.0206718,3.12705,-0.00732306,0.523599,0,0,0,0.119786,-0.0146167,-0.536977,0.51022,3.12822,2.2117,3.2589,-0.406279,4.17416,3.12697,0.509055,0.013469,-1.70469,0.758866,-7.35654e-05,-0.116322,-0.00115276,0.253019,-0.25319,0.00671533,0.0507993,0.0129376,1.00037,0.224922,-2.86346,-7.61976,-5.70573,239.128,52.3903,2.28546,21.9417,-145.509,-0.636866,8.75651,-74.7984,-2.78342,357.085,-0.577176,357.086,88.2971,-220.472,88.2198,-220.505,-90.2312,-174.702,-90.4773,-174.557,-716.842,-0.0680023,426.337,-176.65,312.744,180.115,5.55396,-56.8272,25.3502,-56.8786,-15.4255,35.4024,2.32606,35.4338,-7.92947,28.3259,0.928289,28.2581
2.32,-6.22035,-2.00547,0.135209,0.351148,-0.00124134,1.03731,-0.523278,-0.12933,0.511583,0.0291454,3.14313,-2.33527,2.22517,-3.22055,3.2734,0.108179,-0.392182,-4.24227,4.18764,-3.11471,3.14165,-0.66404,0.523246,-5.17035,-2.00763,-7.52674,-0.408308,-7.49866,-3.66463,-4.62035,-2.00745,-7.01863,-0.618836,-7.02207,-3.39011,0.380719,0.445033,-0.496306,0.121187,-0.00736553,0.22884,-0.0149652,-0.413615,-0.537001,-2.26356,0.510196,-0.0499033,3.12819,0.22733,2.21145,0.121447,3.25865,-0.050766,-0.406534,0.233582,4.17391,0.1505,3.12672,-0.0488842,0.508802,-0.0523652,1.01506,0.349866,-1.27552,1.41023,-14.8481,13.2936,-29.4811,16.6873,2.77439,-8.70731,19.3929,-16.6464,5.50294,-1.65742,0.000846221,-0.00190988,-0.74102,6.88537,-24.6787,14.8022,0,7.20009,-2.31093,7.25728,-4.7168,2.57107,0.124359,-0.000530834,0.000186269,-0.796451,9.29156,-32.8453,17.3725,22.9329,-2.87089,8.61282,-4.35189,-11.4894,5.08843,0.322904,0.00839918,-0.00292793,-0.00772838,1.69623,-1.69738,0.151153,0.0232846,0.129494,0.181149,9.80361,0.708032,-0.16651,1.29548,-7.1127,-0.0592606,0.64329,-3.50867,0.185934,0.0993325,0.198283,-6.22055,-1.9981,-0.00736553,0,1262,0,0,-1.56125e-17,1.56396e-17,-2.60209e-17,-2.60209e-17,-2.36373e-17,1.73472e-17,1.73472e-17,1.94885e-17,0,-0.537001,-0.257165,0.5102,-0.00742361,3.14159,2.21145,0.0182161,3.25866,-0.0076149,-0.392699,4.17391,0.0225668,3.1268,-0.00733263,0.523599,0,0,0,0.120554,-0.0149652,-0.537001,0.510196,3.12819,2.21145,3.25865,-0.406534,4.17391,3.12672,0.508802,0.0137238,-1.72293,0.763124,-6.98881e-05,-0.115913,-0.00115926,0.254435,-0.254606,0.0072378,0.0508643,0.0129595,1.00037,0.18802,-2.73053,-7.40002,-5.56286,239.399,51.1837,2.51405,21.0075,-151.117,-0.54394,8.04963,-76.1576,-2.95767,339.789,-0.734241,339.79,83.8521,-208.293,83.7688,-208.328,-85.618,-163.918,-85.8763,-163.767,-683.03,-0.221933,404.881,-167.76,296.729,170.892,5.42604,-54.105,25.379,-54.1714,-16.0201,33.4264,2.22703,33.4575,-8.07355,26.5472,0.85335,26.4785
2.36,-6.21497,-2.00543,0.136109,0.356322,-0.00133605,1.04441,-0.522966,-0.125758,0.511711,0.0301255,3.14345,-2.34218,2.22517,-3.22183,3.27347,0.0968688,-0.392172,-4.24464,4.18764,-3.11593,3.14173,-0.667039,0.523262,-5.16497,-2.00792,-7.52123,-0.408191,-7.49341,-3.66452,-4.61497,-2.00757,-7.01312,-0.618721,-7.01682,-3.39,0.384096,0.443819,-0.497469,0.121851,-0.00740056,0.234766,-0.0153371,-0.424607,-0.536967,-2.29777,0.510231,-0.0502164,3.12823,0.231987,2.21117,0.13326,3.25837,-0.0508465,-0.406813,0.237486,4.17364,0.163465,3.12644,-0.0489533,0.508527,-0.0524544,1.01522,0.357997,-1.276,1.41546,-15.4447,13.4018,-29.8243,16.9513,3.17321,-8.81181,19.6963,-16.9086,5.51701,-1.66775,0.000638076,-0.00144553,-0.734846,7.00985,-24.6247,14.8873,0,7.0667,-2.32054,7.22268,-4.75358,2.54075,0.132068,-0.000481531,0.000171118,-0.787066,9.4673,-32.9338,17.4403,23.1754,-2.87722,8.6544,-4.36897,-11.6108,5.11671,0.346961,0.00838758,-0.00292606,-0.00777291,1.70566,-1.7068,0.151166,0.022503,0.12937,0.177572,9.89132,0.722972,-0.172755,1.2636,-7.39576,-0.0592065,0.612646,-3.58374,0.186419,0.0981624,0.199388,-6.21511,-1.99803,-0.00740056,0,1287,-1.38778e-17,-1.38778e-17,3.33934e-17,-1.26852e-17,1.21431e-17,1.12757e-17,1.72829e-17,-1.21431e-17,-1.21431e-17,-2.40693e-17,0,-0.536967,-0.261044,0.510235,-0.00748508,3.14159,2.21117,0.0199881,3.25838,-0.00762698,-0.392699,4.17364,0.0245107,3.12652,-0.007343,0.523599,0,0,0,0.121208,-0.0153371,-0.536967,0.510231,3.12823,2.21117,3.25837,-0.406813,4.17364,3.12644,0.508527,0.0140011,-1.74113,0.767361,-7.24429e-05,-0.116756,-0.00116594,0.255849,-0.25602,0.00777816,0.0509349,0.0129832,1.00038,0.17256,-2.79234,-7.60544,-5.47956,243.204,53.2924,2.81276,19.8832,-157.309,-0.537681,7.1384,-77.9836,-3.20475,346.964,-0.707267,346.966,85.4537,-211.496,85.3609,-211.535,-87.2302,-165.597,-87.5169,-165.43,-697.881,-0.444404,412.599,-170.959,302.328,174.117,5.6496,-55.2709,25.7823,-55.347,-16.6765,33.9264,2.10784,33.9581,-8.26714,26.7949,0.756751,26.7223
2.4,-6.20959,-2.00537,0.1369,0.36129,-0.00140802,1.05144,-0.522781,-0.121274,0.511735,0.0291015,3.14365,-2.34927,2.22517,-3.22312,3.27354,0.0853091,-0.392163,-4.24701,4.18764,-3.11718,3.14181,-0.670049,0.523278,-5.15959,-2.00808,-7.51575,-0.408079,-7.48813,-3.66441,-4.60959,-2.00763,-7.00763,-0.618608,-7.01154,-3.38989,0.388401,0.442589,-0.498651,0.122484,-0.00742177,0.240781,-0.0156865,-0.440952,-0.53706,-2.32791,0.510138,-0.0502126,3.12813,0.237359,2.21089,0.145063,3.25809,-0.0509265,-0.407091,0.24239,4.17336,0.176298,3.12616,-0.0490226,0.508251,-0.0525429,1.01538,0.366259,-1.27647,1.4208,-16.1554,13.5115,-30.1748,17.211,3.70835,-8.91831,20.0072,-17.1671,5.52542,-1.67557,0.000710541,-0.00161582,-0.728351,7.14009,-24.5696,14.9751,0,6.93356,-2.33362,7.18725,-4.79144,2.51054,0.139553,-0.000434577,0.000156452,-0.777715,9.66784,-33.022,17.5087,23.4205,-2.89574,8.696,-4.38618,-11.7336,5.14461,0.371003,0.00837615,-0.00292423,-0.00781802,1.71496,-1.7161,0.151177,0.0197654,0.124197,0.175773,10.0028,0.699488,-0.177211,1.23132,-7.68504,-0.0592449,0.581585,-3.65908,0.186706,0.0969956,0.200476,-6.20966,-1.99795,-0.00742177,0,1312,2.08167e-17,1.38778e-17,3.03577e-18,-4.42897e-17,-5.20417e-18,-6.93889e-18,-5.00596e-18,-3.1225e-17,-2.77556e-17,-3.11979e-17,0,-0.53706,-0.264454,0.51014,-0.00747843,3.14159,2.21089,0.0217583,3.2581,-0.00763898,-0.392699,4.17336,0.0264353,3.12625,-0.0073534,0.523599,0,0,0,0.121831,-0.0156865,-0.53706,0.510138,3.12813,2.21089,3.25809,-0.407091,4.17336,3.12616,0.508251,0.0142785,-1.75955,0.771548,-7.18246e-05,-0.117093,-0.0011727,0.257244,-0.257415,0.00831791,0.0510056,0.013007,1.00038,0.163977,-2.82764,-7.76777,-5.42849,246.879,54.0387,3.0995,18.7525,-163.631,-0.538652,6.25441,-79.7571,-3.24692,350.914,-0.752535,350.917,86.3271,-213.247,86.2259,-213.29,-88.1019,-166.488,-88.4106,-166.308,-705.956,-0.578981,416.802,-172.7,305.351,175.86,5.7287,-55.913,26.172,-55.9924,-17.3467,34.2,1.98797,34.2322,-8.45514,26.9257,0.663037,26.8504
2.44,-6.20417,-2.00532,0.137651,0.366186,-0.00148646,1.05836,-0.522595,-0.1171,0.511747,0.0278733,3.14386,-2.35654,2.22517,-3.22448,3.27361,0.0734883,-0.392153,-4.24937,4.18764,-3.11841,3.14189,-0.673039,0.523294,-5.15417,-2.00825,-7.51022,-0.407963,-7.48281,-3.66429,-4.60417,-2.0077,-7.00211,-0.618493,-7.00623,-3.38977,0.392378,0.44129,-0.499817,0.123005,-0.00744698,0.24666,-0.0160426,-0.453272,-0.537151,-2.36055,0.510046,-0.0502003,3.12804,0.242386,2.21061,0.15707,3.25781,-0.0510065,-0.407369,0.246868,4.17309,0.189365,3.12589,-0.0490924,0.507976,-0.0526289,1.0155,0.374342,-1.27691,1.42603,-16.8067,13.6223,-30.5277,17.4813,4.1714,-9.02581,20.3212,-17.436,5.5376,-1.68543,0.000791926,-0.00180763,-0.7221,7.26467,-24.513,15.0621,0,6.80343,-2.34381,7.15121,-4.82928,2.48076,0.146999,-0.000387246,0.000141236,-0.768497,9.85739,-33.1104,17.576,23.6659,-2.9076,8.73786,-4.40312,-11.8565,5.17215,0.395662,0.00836436,-0.00292206,-0.00786223,1.72413,-1.72528,0.151187,0.0187824,0.1224,0.172921,10.1063,0.671101,-0.181685,1.19729,-7.98085,-0.0588467,0.550864,-3.73391,0.187124,0.0958463,0.201552,-6.20422,-1.99787,-0.00744698,0,1337,0,-1.38778e-17,-1.40946e-18,-4.02239e-17,6.93889e-18,3.46945e-18,1.1147e-18,-6.93889e-18,-6.93889e-18,-9.21572e-18,0,-0.537151,-0.268147,0.51005,-0.0074696,3.14159,2.21061,0.0235594,3.25782,-0.00765098,-0.392699,4.17309,0.0283947,3.12597,-0.00736385,0.523599,0,0,0,0.122344,-0.0160426,-0.537151,0.510046,3.12804,2.21061,3.25781,-0.407369,4.17309,3.12589,0.507976,0.0145561,-1.77798,0.775679,-7.21201e-05,-0.117178,-0.00117933,0.25862,-0.258792,0.00887231,0.0510764,0.0130308,1.00038,0.153968,-2.82795,-7.84289,-5.51826,249.768,54.188,3.3998,17.6101,-170.004,-0.515356,5.40934,-81.4781,-3.31789,350.489,-0.738845,350.492,86.1503,-212.402,86.041,-212.448,-87.9212,-165.447,-88.2524,-165.254,-705.457,-0.710494,415.938,-172.343,304.725,175.5,5.74454,-55.8566,26.4782,-55.9427,-18.0223,34.0569,1.86687,34.0896,-8.63759,26.7456,0.573451,26.6674
2.48,-6.19871,-2.00527,0.13839,0.371037,-0.00156361,1.06517,-0.522392,-0.113089,0.511776,0.0267929,3.14408,-2.36396,2.22517,-3.22585,3.27369,0.0614254,-0.392143,-4.25169,4.18764,-3.11962,3.14197,-0.675997,0.523311,-5.14871,-2.00844,-7.50465,-0.407848,-7.47746,-3.66418,-4.59871,-2.00777,-6.99654,-0.618378,-7.00087,-3.38966,0.396196,0.439979,-0.500961,0.123486,-0.00747392,0.252513,-0.0163975,-0.465329,-0.537226,-2.39308,0.509971,-0.0501989,3.12797,0.247496,2.21034,0.169099,3.25753,-0.0510865,-0.407648,0.25147,4.17281,0.202447,3.12561,-0.0491625,0.5077,-0.0527141,1.01563,0.382402,-1.27734,1.43128,-17.4685,13.7336,-30.8843,17.7563,4.64551,-9.13403,20.6389,-17.7099,5.54998,-1.69491,0.000864562,-0.00198081,-0.715909,7.38862,-24.4557,15.15,0,6.67514,-2.35406,7.11474,-4.86758,2.45118,0.154252,-0.000339852,0.000125586,-0.75934,10.0501,-33.1988,17.6435,23.9123,-2.92056,8.77976,-4.42014,-11.9799,5.19945,0.420569,0.00835177,-0.00291965,-0.00790551,1.73323,-1.73437,0.151196,0.0184769,0.121273,0.170296,10.206,0.646311,-0.18545,1.16294,-8.28271,-0.0581181,0.52069,-3.80794,0.187545,0.0947038,0.202616,-6.19879,-1.99779,-0.00747392,0,1362,-6.93889e-18,-1.38778e-17,-1.6263e-17,3.70255e-17,-8.67362e-18,-1.38778e-17,-1.5167e-17,5.37764e-17,5.55112e-17,4.64581e-17,0,-0.537226,-0.271825,0.509975,-0.00746293,3.14159,2.21034,0.0253637,3.25754,-0.00766297,-0.392699,4.17281,0.0303566,3.12569,-0.00737437,0.523599,0,0,0,0.122817,-0.0163975,-0.537226,0.509971,3.12797,2.21034,3.25753,-0.407648,4.17281,3.12561,0.5077,0.0148339,-1.79648,0.779773,-7.24661e-05,-0.116817,-0.00118583,0.259985,-0.260156,0.00943284,0.0511473,0.0130546,1.00038,0.145708,-2.84779,-7.9585,-5.52877,252.844,54.617,3.70373,16.4409,-176.542,-0.504856,4.56655,-83.192,-3.37695,352.534,-0.74218,352.537,86.5799,-213.09,86.4628,-213.139,-88.3714,-165.631,-88.7257,-165.425,-709.901,-0.858961,418,-173.198,306.286,176.4,5.79001,-56.1932,26.8043,-56.2861,-18.7155,34.1605,1.74292,34.1937,-8.81928,26.7639,0.484105,26.6827
2.52,-6.19322,-2.00521,0.139133,0.375864,-0.0016406,1.0719,-0.522177,-0.109187,0.511819,0.025705,3.14431,-2.37153,2.22517,-3.22726,3.27376,0.0490885,-0.392133,-4.25398,4.18765,-3.1208,3.14205,-0.678915,0.523327,-5.14322,-2.00862,-7.49906,-0.407732,-7.47208,-3.66407,-4.59322,-2.00784,-6.99094,-0.618263,-6.99549,-3.38954,0.399909,0.438636,-0.50208,0.123954,-0.00750253,0.258343,-0.0167526,-0.477471,-0.537289,-2.42539,0.509908,-0.0502216,3.1279,0.25263,2.21006,0.181083,3.25726,-0.0511663,-0.407927,0.256076,4.17253,0.215507,3.12534,-0.0492329,0.507424,-0.0527992,1.01574,0.390446,-1.27778,1.43657,-18.1478,13.8458,-31.2455,18.036,5.13878,-9.2434,20.9618,-17.9889,5.56232,-1.70373,0.000916214,-0.00210706,-0.709719,7.51169,-24.3979,15.2389,0,6.5488,-2.36434,7.07805,-4.90635,2.42175,0.161259,-0.000292674,0.000109586,-0.75023,10.243,-33.2869,17.7117,24.1593,-2.93335,8.82154,-4.43732,-12.1036,5.22662,0.445665,0.00833834,-0.00291706,-0.00794772,1.74228,-1.74343,0.151205,0.0185711,0.120679,0.168299,10.3037,0.62112,-0.189197,1.1278,-8.59143,-0.057227,0.491168,-3.881,0.187962,0.0935668,0.203675,-6.19336,-1.99771,-0.00750253,0,1387,-1.38778e-17,0,9.54098e-18,1.15468e-17,1.73472e-18,1.73472e-18,1.02067e-18,3.46945e-18,0,-1.20889e-17,0,-0.537289,-0.275475,0.509908,-0.00746133,3.14159,2.21006,0.0271614,3.25726,-0.00767495,-0.392699,4.17253,0.0323149,3.12542,-0.00738494,0.523599,0,0,0,0.123278,-0.0167526,-0.537289,0.509908,3.1279,2.21006,3.25726,-0.407927,4.17253,3.12534,0.507424,0.015112,-1.81503,0.783846,-7.31239e-05,-0.116253,-0.00119216,0.261342,-0.261514,0.00999789,0.0512183,0.0130785,1.00038,0.129154,-2.87089,-8.07209,-5.5278,255.81,54.9191,4.01375,15.2603,-183.215,-0.495265,3.74655,-84.872,-3.47881,354.92,-0.766617,354.922,87.0268,-213.533,86.9016,-213.585,-88.7914,-165.094,-89.1711,-164.873,-715.145,-1.01646,420.149,-174.088,307.739,177.237,5.82204,-56.5951,27.1187,-56.6969,-19.4228,34.2193,1.61776,34.2529,-8.99738,26.654,0.397176,26.5696
2.56,-6.1877,-2.00516,0.139896,0.380759,-0.00172169,1.07853,-0.521875,-0.106142,0.511928,0.0246528,3.14464,-2.37935,2.22517,-3.2286,3.27383,0.0362765,-0.392123,-4.25626,4.18765,-3.12193,3.14213,-0.681879,0.523344,-5.1377,-2.00887,-7.49343,-0.407614,-7.46667,-3.66395,-4.5877,-2.00792,-6.98532,-0.618145,-6.99009,-3.38942,0.402742,0.437349,-0.503152,0.124415,-0.00753311,0.264149,-0.0171231,-0.48813,-0.537277,-2.46148,0.509921,-0.0508057,3.12792,0.257646,2.20977,0.193049,3.25696,-0.0512491,-0.408217,0.260594,4.17224,0.228542,3.12505,-0.0493068,0.507137,-0.0528871,1.01586,0.398482,-1.27822,1.44193,-18.8159,13.9585,-31.6113,18.3243,5.61371,-9.35999,21.304,-18.2871,5.57959,-1.7095,0.000449158,-0.00103696,-0.702665,7.63309,-24.3399,15.3289,0,6.42418,-2.374,7.04114,-4.94562,2.39232,0.168033,-0.000244969,9.29461e-05,-0.74112,10.4339,-33.3746,17.7807,24.4067,-2.9449,8.86318,-4.45476,-12.2276,5.25374,0.470958,0.00832315,-0.00291406,-0.007988,1.75132,-1.75246,0.151214,0.0190627,0.122377,0.165659,10.3925,0.58987,-0.195558,1.09408,-8.91202,-0.0571089,0.462831,-3.95519,0.188491,0.0924299,0.204732,-6.18771,-1.99763,-0.00753311,0,1413,0,1.38778e-17,-3.25261e-17,1.1601e-17,-3.46945e-18,-6.93889e-18,-8.32718e-18,1.38778e-16,1.35308e-16,1.23924e-16,0,-0.537277,-0.279384,0.509928,-0.00758484,3.14159,2.20977,0.028956,3.25697,-0.00768736,-0.392699,4.17224,0.0342691,3.12513,-0.00739601,0.523599,0,0,0,0.123732,-0.0171231,-0.537277,0.509921,3.12792,2.20977,3.25696,-0.408217,4.17224,3.12505,0.507137,0.0154014,-1.8336,0.787908,-7.6654e-05,-0.116638,-0.0011982,0.262698,-0.26287,0.0105669,0.0512922,0.0131034,1.00039,0.13394,-2.91432,-8.2329,-5.56719,259.332,55.402,4.35566,14.0571,-190.191,-0.493204,2.91917,-86.6159,-3.73149,360.054,-0.706357,360.057,88.2877,-216.675,88.1554,-216.73,-90.2075,-168.008,-90.6116,-167.773,-725.664,-1.25561,426.218,-176.603,312.66,180.073,5.87324,-57.4088,27.4921,-57.5156,-20.1624,34.724,1.49021,34.7583,-9.18226,27.1294,0.309465,27.0415
2.6,-6.18228,-2.00509,0.140543,0.385359,-0.00178028,1.08492,-0.521633,-0.102423,0.512013,0.0237618,3.14489,-2.38724,2.22517,-3.23014,3.2739,0.0234941,-0.392114,-4.25851,4.18765,-3.12314,3.14221,-0.684673,0.52336,-5.13229,-2.00902,-7.48793,-0.407495,-7.46134,-3.66383,-4.58229,-2.00794,-6.97982,-0.618026,-6.98475,-3.3893,0.406289,0.435869,-0.504291,0.124918,-0.00754574,0.270091,-0.017449,-0.504165,-0.537302,-2.49105,0.509896,-0.0510776,3.12789,0.263455,2.2095,0.20489,3.2567,-0.0513262,-0.408485,0.265797,4.17198,0.24153,3.12478,-0.0493748,0.506871,-0.0529704,1.01599,0.406712,-1.27866,1.44747,-19.6116,14.0729,-31.9864,18.6096,6.23891,-9.47263,21.6412,-18.5734,5.58841,-1.71343,0.000263387,-0.000610427,-0.696241,7.76093,-24.2812,15.4223,0,6.29967,-2.38759,7.00366,-4.98618,2.36287,0.174492,-0.000196883,7.57224e-05,-0.732003,10.6435,-33.4625,17.8514,24.6584,-2.96516,8.90492,-4.47257,-12.3536,5.28098,0.496403,0.00830862,-0.00291138,-0.00802965,1.7604,-1.76154,0.151223,0.0161925,0.114998,0.159654,10.4872,0.562177,-0.197282,1.05552,-9.23188,-0.0561506,0.432809,-4.02514,0.18878,0.0912916,0.205793,-6.1825,-1.99755,-0.00754574,0,1437,0,0,-2.10335e-17,1.0842e-19,-1.04083e-17,-1.04083e-17,-8.61263e-18,8.50015e-17,8.32667e-17,7.51081e-17,0,-0.537302,-0.282698,0.509901,-0.00764023,3.14159,2.2095,0.0307321,3.25671,-0.00769892,-0.392699,4.17198,0.0362169,3.12487,-0.00740623,0.523599,0,0,0,0.124227,-0.017449,-0.537302,0.509896,3.12789,2.2095,3.2567,-0.408485,4.17198,3.12478,0.506871,0.0156687,-1.8525,0.791995,-7.60642e-05,-0.115606,-0.00120445,0.26406,-0.264231,0.011139,0.0513606,0.0131263,1.00039,0.177972,-2.92062,-8.31072,-5.4389,261.985,55.511,4.68056,12.8191,-197.096,-0.477386,2.12404,-88.176,-3.73107,360.9,-0.475637,360.904,88.8255,-219.487,88.694,-219.542,-91.11,-173.138,-91.5214,-172.898,-727.02,-1.43262,428.79,-177.67,315.81,181.888,5.88479,-57.4869,27.7734,-57.5875,-20.8944,35.2034,1.35897,35.2375,-9.34764,28.0188,0.225172,27.9288
2.64,-6.17692,-2.00501,0.141058,0.38967,-0.00181758,1.09098,-0.5214,-0.0989393,0.512086,0.0224067,3.14514,-2.39518,2.22517,-3.23159,3.27397,0.0104409,-0.392103,-4.26071,4.18765,-3.12424,3.14229,-0.687481,0.523377,-5.12692,-2.00913,-7.48251,-0.407383,-7.45602,-3.66372,-4.57692,-2.00791,-6.9744,-0.617914,-6.97944,-3.38919,0.409596,0.434483,-0.505329,0.125293,-0.00754785,0.275801,-0.017765,-0.51747,-0.537348,-2.5211,0.50985,-0.0512088,3.12785,0.268887,2.20922,0.21674,3.25642,-0.0514065,-0.408764,0.270344,4.1717,0.254554,3.1245,-0.0494464,0.506595,-0.0530535,1.01608,0.414626,-1.27905,1.45278,-20.358,14.1856,-32.3553,18.896,6.81251,-9.58332,21.973,-18.8602,5.59894,-1.71897,0.000209179,-0.000486592,-0.690159,7.88161,-24.2224,15.5135,0,6.18028,-2.3984,6.96623,-5.02603,2.33436,0.180819,-0.000146221,5.69963e-05,-0.723179,10.8344,-33.5479,17.9184,24.9065,-2.97628,8.94587,-4.48942,-12.4779,5.3076,0.522098,0.00829221,-0.00290751,-0.00806853,1.76927,-1.77041,0.151231,0.0128587,0.107763,0.15163,10.5754,0.527277,-0.198553,1.01934,-9.55851,-0.0550116,0.405296,-4.09543,0.189134,0.0901916,0.206833,-6.17708,-1.99746,-0.00754785,0,1462,0,-1.38778e-17,-9.1073e-18,3.01408e-17,-3.81639e-17,-3.98986e-17,-3.73762e-17,3.1225e-17,3.29597e-17,4.07931e-17,0,-0.537348,-0.286075,0.509854,-0.0076641,3.14159,2.20922,0.0325095,3.25643,-0.00771097,-0.392699,4.1717,0.0381699,3.12459,-0.00741696,0.523599,0,0,0,0.124596,-0.017765,-0.537348,0.50985,3.12785,2.20922,3.25642,-0.408764,4.1717,3.1245,0.506595,0.0159474,-1.87113,0.795985,-7.74927e-05,-0.115042,-0.00121028,0.26539,-0.265561,0.0117162,0.0514318,0.0131503,1.00039,0.182593,-2.81257,-8.08626,-5.30097,262.518,53.917,4.92459,11.8836,-203.749,-0.423912,1.58041,-89.5088,-3.63569,347.294,-0.521473,347.298,85.5916,-211.836,85.459,-211.891,-87.9444,-168.031,-88.3617,-167.787,-699.953,-1.54152,413.177,-171.2,304.819,175.558,5.71581,-55.3036,27.8299,-55.4069,-21.5997,33.9822,1.25979,34.0163,-9.48893,27.2097,0.167541,27.1179
2.68,-6.17156,-2.00492,0.141507,0.393843,-0.00185972,1.09686,-0.521171,-0.0955595,0.512158,0.0210282,3.14539,-2.40323,2.22517,-3.2331,3.27404,-0.00277322,-0.392093,-4.26289,4.18765,-3.12535,3.14237,-0.69033,0.523394,-5.12156,-2.00924,-7.47709,-0.407267,-7.45072,-3.6636,-4.57156,-2.0079,-6.96898,-0.617798,-6.97413,-3.38907,0.4128,0.433038,-0.506376,0.125533,-0.00755231,0.281278,-0.018086,-0.52896,-0.537397,-2.55061,0.5098,-0.0513243,3.1278,0.274022,2.20894,0.228564,3.25614,-0.0514865,-0.409043,0.275077,4.17143,0.267297,3.12423,-0.0495188,0.506318,-0.0531332,1.01614,0.422215,-1.2794,1.45782,-21.0662,14.2946,-32.7128,19.1781,7.35076,-9.69024,22.2949,-19.1424,5.61018,-1.72479,0.000169072,-0.000394697,-0.684443,7.99547,-24.1632,15.6018,0,6.06611,-2.40685,6.92888,-5.06498,2.30687,0.187004,-9.65444e-05,3.81304e-05,-0.714672,11.0281,-33.6316,17.9825,25.1487,-2.99043,8.98608,-4.50556,-12.5991,5.3328,0.547375,0.00827429,-0.00290286,-0.00810389,1.77766,-1.77881,0.151235,0.0112449,0.104322,0.147001,10.6606,0.491916,-0.201271,0.981704,-9.88917,-0.0545525,0.377623,-4.16673,0.189514,0.0891312,0.207819,-6.17166,-1.99737,-0.00755231,0,1487,-6.93889e-18,0,-3.31766e-17,5.39933e-17,-1.21431e-17,-1.21431e-17,-1.26674e-17,-3.46945e-18,-3.46945e-18,-2.43945e-18,0,-0.537397,-0.289395,0.509804,-0.00768454,3.14159,2.20894,0.0342831,3.25615,-0.00772298,-0.392699,4.17143,0.0400811,3.12431,-0.00742782,0.523599,0,0,0,0.124831,-0.018086,-0.537397,0.5098,3.1278,2.20894,3.25614,-0.409043,4.17143,3.12423,0.506318,0.0162263,-1.88933,0.79977,-7.54654e-05,-0.114774,-0.00121558,0.26665,-0.266821,0.0122845,0.0515031,0.0131743,1.00039,0.18152,-2.77494,-8.05888,-5.2351,264.592,53.566,5.23593,10.7063,-210.686,-0.415408,0.870921,-91.0925,-3.66307,342.391,-0.524888,342.396,84.4067,-208.905,84.2695,-208.962,-86.8111,-166.029,-87.2454,-165.776,-690.397,-1.67889,407.447,-168.826,300.888,173.295,5.6786,-54.5196,28.0497,-54.6277,-22.3351,33.512,1.13499,33.5463,-9.65683,26.889,0.0923274,26.7947
2.72,-6.16606,-2.00484,0.141932,0.397933,-0.00190021,1.10262,-0.520939,-0.0922379,0.512237,0.0196724,3.14564,-2.41138,2.22517,-3.23458,3.27411,-0.0161352,-0.392083,-4.26503,4.18766,-3.12642,3.14245,-0.693129,0.52341,-5.11606,-2.00935,-7.47153,-0.407151,-7.44527,-3.66349,-4.56606,-2.00788,-6.96342,-0.617683,-6.96869,-3.38896,0.415951,0.431616,-0.507378,0.125706,-0.00755879,0.28666,-0.0184056,-0.540113,-0.537444,-2.57944,0.509753,-0.0514295,3.12775,0.279234,2.20866,0.240302,3.25586,-0.0515663,-0.409322,0.279642,4.17115,0.280082,3.12395,-0.0495917,0.506041,-0.0532114,1.01619,0.429676,-1.27973,1.46279,-21.7756,14.4024,-33.0679,19.46,7.89353,-9.79593,22.6147,-19.4242,5.62122,-1.73027,0.00013817,-0.000323685,-0.678888,8.10732,-24.1037,15.6895,0,5.95521,-2.41521,6.89145,-5.10377,2.27998,0.192979,-4.83337e-05,1.93406e-05,-0.706347,11.2171,-33.7147,18.0455,25.3903,-3.0019,9.02617,-4.52143,-12.7201,5.35765,0.572906,0.00825557,-0.00289777,-0.00813789,1.78594,-1.78709,0.151239,0.0106123,0.102265,0.143872,10.7441,0.457294,-0.203566,0.944642,-10.2235,-0.0535542,0.351063,-4.2368,0.189887,0.0880928,0.208789,-6.16625,-1.99728,-0.00755879,0,1512,0,1.38778e-17,-3.7405e-17,1.6263e-17,-3.46945e-18,-6.93889e-18,-8.00044e-18,3.81639e-17,3.46945e-17,3.50468e-17,0,-0.537444,-0.292642,0.509757,-0.00770276,3.14159,2.20866,0.0360437,3.25587,-0.00773494,-0.392699,4.17115,0.0419984,3.12404,-0.00743875,0.523599,0,0,0,0.125002,-0.0184056,-0.537444,0.509753,3.12775,2.20866,3.25586,-0.409322,4.17115,3.12395,0.506041,0.0165054,-1.90748,0.803498,-7.52035e-05,-0.114027,-0.00122068,0.267892,-0.268063,0.0128591,0.0515745,0.0131983,1.00039,0.175774,-2.76438,-8.09694,-5.19426,266.948,53.4661,5.57138,9.49526,-217.793,-0.39937,0.152183,-92.6699,-3.73007,340.846,-0.526237,340.851,83.9904,-207.667,83.8471,-207.727,-86.4286,-164.945,-86.8834,-164.68,-687.618,-1.83143,405.427,-167.989,299.559,172.531,5.66801,-54.2789,28.2995,-54.393,-23.0885,33.3097,1.0066,33.3443,-9.82404,26.7078,0.0161332,26.6107
2.76,-6.16081,-2.00476,0.142349,0.401972,-0.00193969,1.1083,-0.520721,-0.0888369,0.512305,0.0180249,3.14588,-2.41962,2.22517,-3.23606,3.27418,-0.0297035,-0.392073,-4.26714,4.18766,-3.12745,3.14253,-0.695901,0.523427,-5.11082,-2.00945,-7.46624,-0.40704,-7.44009,-3.66338,-4.56082,-2.00786,-6.95813,-0.617571,-6.9635,-3.38885,0.419183,0.430191,-0.508351,0.125854,-0.00756637,0.291975,-0.0187244,-0.551349,-0.537506,-2.60765,0.509692,-0.0515318,3.12769,0.28451,2.20838,0.251893,3.25558,-0.0516458,-0.409601,0.284304,4.17088,0.292712,3.12368,-0.0496647,0.505764,-0.053289,1.01622,0.437055,-1.28005,1.46773,-22.498,14.5102,-33.4244,19.7436,8.45286,-9.90169,22.936,-19.7076,5.63182,-1.7352,0.000109616,-0.000257688,-0.673407,8.21769,-24.0443,15.7771,0,5.84715,-2.42373,6.85411,-5.14256,2.25352,0.198695,-1.03777e-06,4.20695e-07,-0.698154,11.4083,-33.7969,18.1082,25.6305,-3.01506,9.06584,-4.53722,-12.8403,5.38206,0.598321,0.00823719,-0.00289283,-0.00817149,1.79408,-1.79522,0.151241,0.0104137,0.100976,0.142128,10.8295,0.415412,-0.206237,0.907518,-10.563,-0.0526189,0.325241,-4.3062,0.190244,0.0870705,0.209741,-6.16084,-1.99719,-0.00756637,0,1537,6.93889e-18,-1.38778e-17,-2.7864e-17,-1.44199e-17,1.73472e-18,3.46945e-18,-3.43414e-18,8.67362e-17,8.67362e-17,1.02566e-16,0,-0.537506,-0.295819,0.509696,-0.00772041,3.14159,2.20838,0.0377823,3.25559,-0.00774688,-0.392699,4.17088,0.0438925,3.12376,-0.0074497,0.523599,0,0,0,0.125147,-0.0187244,-0.537506,0.509692,3.12769,2.20838,3.25558,-0.409601,4.17088,3.12368,0.505764,0.0167847,-1.92551,0.80716,-7.49695e-05,-0.11323,-0.00122572,0.269112,-0.269283,0.0134313,0.051646,0.0132223,1.00039,0.177241,-2.77247,-8.17238,-5.17715,269.549,53.3864,5.9271,8.25823,-225.045,-0.396359,-0.568337,-94.2584,-3.78306,341.709,-0.515866,341.714,84.2062,-208.189,84.0579,-208.251,-86.7307,-165.645,-87.2057,-165.369,-689.554,-1.98707,406.456,-168.415,300.612,173.138,5.65956,-54.414,28.5753,-54.5321,-23.8573,33.3934,0.875465,33.4283,-9.99245,26.8237,-0.0602501,26.7236
2.8,-6.15544,-2.00468,0.142765,0.40593,-0.00197944,1.11383,-0.520497,-0.0856762,0.512378,0.0165268,3.14612,-2.4279,2.22517,-3.23759,3.27425,-0.0432726,-0.392063,-4.26918,4.18766,-3.12847,3.14261,-0.698545,0.523444,-5.10544,-2.00956,-7.4608,-0.406926,-7.43476,-3.66327,-4.55544,-2.00785,-6.95269,-0.617458,-6.95818,-3.38873,0.422173,0.428723,-0.50931,0.126005,-0.0075753,0.297247,-0.0190324,-0.561904,-0.53755,-2.63616,0.509648,-0.0516312,3.12765,0.289792,2.20811,0.263371,3.25531,-0.0517224,-0.40987,0.288964,4.17061,0.305239,3.12341,-0.0497352,0.505498,-0.0533639,1.01626,0.444384,-1.28038,1.47268,-23.2211,14.619,-33.7852,20.0329,9.01136,-10.0085,23.2615,-19.9968,5.64304,-1.74019,8.07252e-05,-0.000190427,-0.667991,8.32662,-23.9849,15.865,0,5.74149,-2.43221,6.81684,-5.18152,2.22732,0.204166,4.5844e-05,-1.88271e-05,-0.690045,11.5994,-33.8783,18.1711,25.8698,-3.02846,9.10518,-4.55307,-12.9602,5.40624,0.623727,0.00821764,-0.00288756,-0.0082033,1.80213,-1.80327,0.151244,0.0104046,0.0989436,0.138318,10.9089,0.37727,-0.206809,0.869326,-10.9025,-0.0510856,0.299796,-4.37238,0.190621,0.0860583,0.210683,-6.15565,-1.99711,-0.0075753,0,1561,2.08167e-17,4.16334e-17,2.00577e-17,-4.11997e-17,0,1.73472e-18,-8.48727e-19,1.07553e-16,1.04083e-16,1.04924e-16,0,-0.53755,-0.299028,0.509652,-0.00773771,3.14159,2.20811,0.039504,3.25532,-0.00775836,-0.392699,4.17061,0.045771,3.12349,-0.00746028,0.523599,0,0,0,0.125296,-0.0190324,-0.53755,0.509648,3.12765,2.20811,3.25531,-0.40987,4.17061,3.12341,0.505498,0.017053,-1.94348,0.810786,-7.53772e-05,-0.11165,-0.0012305,0.27032,-0.270491,0.0140038,0.0517147,0.0132454,1.00039,0.176236,-2.77061,-8.21627,-5.16044,271.735,53.137,6.27619,7.03931,-232.268,-0.387704,-1.24633,-95.735,-3.83742,341.316,-0.513931,341.32,84.1029,-207.871,83.9502,-207.935,-86.6981,-165.547,-87.1918,-165.26,-689.032,-2.14002,405.947,-168.205,300.498,173.073,5.63312,-54.3514,28.807,-54.4747,-24.623,33.3415,0.746246,33.3765,-10.149,26.8076,-0.132125,26.7049
2.84,-6.15005,-2.0046,0.143193,0.409895,-0.00201871,1.11936,-0.520273,-0.0823862,0.512454,0.0148499,3.14636,-2.43632,2.22517,-3.23904,3.27432,-0.0572505,-0.392053,-4.2712,4.18766,-3.12944,3.14268,-0.701245,0.523461,-5.10005,-2.00966,-7.45536,-0.406812,-7.42943,-3.66315,-4.55006,-2.00783,-6.94725,-0.617344,-6.95285,-3.38862,0.425297,0.427328,-0.510217,0.126143,-0.00758536,0.302417,-0.0193514,-0.572478,-0.537605,-2.66394,0.509592,-0.0517332,3.12759,0.294901,2.20783,0.274643,3.25503,-0.0518018,-0.41015,0.293481,4.17033,0.317528,3.12313,-0.049809,0.505221,-0.0534415,1.0163,0.451588,-1.2807,1.4776,-23.9527,14.7273,-34.1455,20.3223,9.58249,-10.1146,23.5867,-20.286,5.65383,-1.74465,5.18252e-05,-0.000122674,-0.662679,8.43237,-23.9263,15.9524,0,5.63908,-2.44004,6.78,-5.22028,2.20154,0.209352,9.25487e-05,-3.84977e-05,-0.682066,11.786,-33.9582,18.2336,26.1058,-3.0408,9.14372,-4.56882,-13.0783,5.43,0.648861,0.00819693,-0.002882,-0.00823288,1.81005,-1.81119,0.151247,0.0106997,0.0991273,0.138162,10.9916,0.334659,-0.210636,0.833012,-11.2522,-0.0504092,0.275678,-4.43997,0.190984,0.0850625,0.211609,-6.15024,-1.99701,-0.00758536,0,1586,6.93889e-18,0,4.02239e-17,-6.13658e-17,0,-3.46945e-18,-6.68097e-18,4.85723e-17,4.68375e-17,5.12557e-17,0,-0.537605,-0.302156,0.509596,-0.00775545,3.14159,2.20783,0.0411948,3.25504,-0.00777027,-0.392699,4.17033,0.0476138,3.12321,-0.00747135,0.523599,0,0,0,0.125432,-0.0193514,-0.537605,0.509592,3.12759,2.20783,3.25503,-0.41015,4.17033,3.12313,0.505221,0.0173327,-1.96121,0.814349,-7.56544e-05,-0.111126,-0.00123493,0.271508,-0.271678,0.0145697,0.0517864,0.0132695,1.00039,0.17515,-2.77535,-8.26388,-5.11807,274.105,52.8852,6.62903,5.86115,-239.672,-0.384778,-1.89482,-97.244,-3.89549,341.757,-0.510058,341.762,84.1982,-208.011,84.0411,-208.077,-86.8678,-165.815,-87.3809,-165.516,-690.179,-2.29817,406.396,-168.391,301.087,173.413,5.60643,-54.4221,29.0582,-54.5505,-25.408,33.3624,0.621347,33.3975,-10.309,26.8503,-0.200873,26.7447
2.88,-6.14467,-2.00451,0.143635,0.413863,-0.00205731,1.12487,-0.520049,-0.079111,0.512529,0.0130515,3.14661,-2.44491,2.22517,-3.24051,3.27439,-0.0715214,-0.392042,-4.27319,4.18767,-3.13039,3.14276,-0.703915,0.523477,-5.09467,-2.00976,-7.44992,-0.406699,-7.4241,-3.66304,-4.54467,-2.00781,-6.94181,-0.61723,-6.94751,-3.38851,0.428404,0.425922,-0.511107,0.126294,-0.00759656,0.307602,-0.01967,-0.58297,-0.537662,-2.69197,0.509536,-0.0518347,3.12753,0.300214,2.20755,0.285792,3.25475,-0.0518811,-0.410429,0.298181,4.17005,0.32973,3.12286,-0.0498832,0.504943,-0.0535194,1.01634,0.458829,-1.28103,1.4826,-24.7032,14.8379,-34.5145,20.6199,10.1713,-10.2231,23.9202,-20.5835,5.66483,-1.74892,2.30284e-05,-5.46992e-05,-0.657346,8.53885,-23.8676,16.0411,0,5.53813,-2.4488,6.74304,-5.25955,2.17586,0.214283,0.000138981,-5.8562e-05,-0.674115,11.9781,-34.0378,18.297,26.3425,-3.0559,9.18211,-4.58482,-13.1969,5.45369,0.674022,0.00817549,-0.00287635,-0.00826149,1.81794,-1.81908,0.15125,0.0110667,0.0992051,0.137696,11.0739,0.289012,-0.214678,0.796434,-11.6093,-0.0497366,0.252019,-4.50682,0.191353,0.08407,0.212532,-6.14484,-1.99692,-0.00759656,0,1611,0,0,3.6646e-17,-1.52873e-17,-1.38778e-17,-1.9082e-17,-2.43454e-17,1.21431e-16,1.19696e-16,1.15386e-16,0,-0.537662,-0.305312,0.50954,-0.00777316,3.14159,2.20755,0.042867,3.25476,-0.00778217,-0.392699,4.17005,0.0494436,3.12294,-0.00748247,0.523599,0,0,0,0.12558,-0.01967,-0.537662,0.509536,3.12753,2.20755,3.25475,-0.410429,4.17005,3.12286,0.504943,0.0176126,-1.97898,0.817901,-7.61454e-05,-0.110476,-0.00123922,0.272691,-0.272862,0.0151363,0.0518581,0.0132936,1.00039,0.174108,-2.78354,-8.33445,-5.11304,276.488,52.6019,7.00686,4.63682,-247.303,-0.378976,-2.54861,-98.746,-3.95483,342.628,-0.506764,342.633,84.3977,-208.404,84.2362,-208.471,-87.1443,-166.271,-87.6768,-165.961,-692.195,-2.45972,407.347,-168.785,302.046,173.967,5.57639,-54.5616,29.3109,-54.6952,-26.2169,33.4237,0.491555,33.459,-10.4682,26.9232,-0.270181,26.8148
2.92,-6.13928,-2.00443,0.144094,0.417833,-0.00209549,1.13035,-0.519826,-0.0758451,0.512603,0.0111427,3.14685,-2.45366,2.22517,-3.24198,3.27445,-0.0861098,-0.392032,-4.27515,4.18767,-3.13132,3.14283,-0.706553,0.523495,-5.08927,-2.00986,-7.44448,-0.406585,-7.41876,-3.66293,-4.53928,-2.00778,-6.93637,-0.617116,-6.94218,-3.38839,0.4315,0.424509,-0.511979,0.126459,-0.00760891,0.312794,-0.0199883,-0.59343,-0.537718,-2.72014,0.509479,-0.0519358,3.12748,0.30557,2.20727,0.296873,3.25447,-0.0519603,-0.41071,0.302901,4.16978,0.341884,3.12258,-0.0499575,0.504666,-0.0535979,1.01638,0.466094,-1.28138,1.48768,-25.4735,14.9506,-34.8919,20.9252,10.7792,-10.3336,24.2615,-20.8887,5.67595,-1.75295,-5.77821e-06,1.3773e-05,-0.652001,8.64496,-23.8087,16.1311,0,5.4386,-2.4577,6.70594,-5.29936,2.15018,0.218991,0.000185207,-7.90571e-05,-0.666167,12.1713,-34.1172,18.3614,26.5801,-3.07142,9.22036,-4.60107,-13.3158,5.47738,0.699292,0.00815335,-0.0028706,-0.00828918,1.82584,-1.82697,0.151253,0.0114764,0.0992487,0.137142,11.156,0.240605,-0.218674,0.759687,-11.9743,-0.0490105,0.228822,-4.57286,0.191726,0.0830778,0.213455,-6.13944,-1.99682,-0.00760891,0,1636,-1.38778e-17,-4.16334e-17,4.77049e-18,3.77302e-17,-6.93889e-18,-1.73472e-17,-1.79232e-17,0,-5.20417e-18,-1.19262e-17,0,-0.537718,-0.308483,0.509483,-0.00779088,3.14159,2.20727,0.0445292,3.25448,-0.00779405,-0.392699,4.16978,0.0512661,3.12266,-0.00749363,0.523599,0,0,0,0.125743,-0.0199883,-0.537718,0.509479,3.12748,2.20727,3.25447,-0.41071,4.16978,3.12258,0.504666,0.0178928,-1.99682,0.821454,-7.66692e-05,-0.109731,-0.00124338,0.273876,-0.274046,0.0157054,0.0519299,0.0133178,1.0004,0.173212,-2.79269,-8.40341,-5.10293,278.877,52.269,7.40778,3.40541,-255.107,-0.371519,-3.18983,-100.227,-4.01439,343.621,-0.503435,343.626,84.6278,-208.877,84.4623,-208.946,-87.4536,-166.795,-88.0058,-166.473,-694.459,-2.62299,408.446,-169.24,303.12,174.586,5.5411,-54.7204,29.5641,-54.8594,-27.0442,33.4981,0.361012,33.5334,-10.6251,27.0072,-0.338158,26.8959
2.96,-6.13388,-2.00435,0.144571,0.421804,-0.00213315,1.13581,-0.519602,-0.072589,0.512677,0.00912376,3.14709,-2.46256,2.22517,-3.24345,3.27452,-0.101022,-0.392022,-4.27708,4.18767,-3.13223,3.14291,-0.709158,0.523512,-5.08388,-2.00996,-7.43903,-0.406471,-7.41342,-3.66281,-4.53388,-2.00776,-6.93092,-0.617002,-6.93684,-3.38828,0.434585,0.423093,-0.512831,0.126641,-0.00762238,0.317987,-0.0203063,-0.603861,-0.537775,-2.74843,0.509422,-0.0520366,3.12742,0.310944,2.20699,0.307884,3.25419,-0.0520395,-0.41099,0.307628,4.1695,0.353978,3.1223,-0.0500322,0.504388,-0.053677,1.01643,0.473378,-1.28173,1.49283,-26.2638,15.0655,-35.2778,21.2382,11.4065,-10.4463,24.6107,-21.2015,5.68718,-1.75673,-3.46423e-05,8.28657e-05,-0.646647,8.75052,-23.7497,16.2222,0,5.34054,-2.46664,6.66873,-5.33969,2.12452,0.223476,0.000231274,-0.000100015,-0.658222,12.3653,-34.1963,18.4268,26.8182,-3.08723,9.25843,-4.61755,-13.4351,5.50108,0.724646,0.00813036,-0.00286473,-0.00831573,1.83373,-1.83487,0.151257,0.0119076,0.0992555,0.136523,11.2378,0.189441,-0.222605,0.722867,-12.3474,-0.0482458,0.206125,-4.63806,0.192103,0.082086,0.214378,-6.13405,-1.99673,-0.00762238,0,1661,-6.93889e-18,0,-2.79724e-17,4.94396e-17,-1.04083e-17,-1.04083e-17,-9.11069e-18,8.32667e-17,8.67362e-17,9.53827e-17,0,-0.537775,-0.311668,0.509426,-0.00780862,3.14159,2.20699,0.0461807,3.2542,-0.00780593,-0.392699,4.1695,0.0530796,3.12238,-0.00750483,0.523599,0,0,0,0.125921,-0.0203063,-0.537775,0.509422,3.12742,2.20699,3.25419,-0.41099,4.1695,3.1223,0.504388,0.0181731,-2.0147,0.825008,-7.72387e-05,-0.108918,-0.00124736,0.27506,-0.27523,0.0162764,0.0520019,0.013342,1.0004,0.172447,-2.80233,-8.47086,-5.09052,281.262,51.8818,7.82279,2.16665,-263.078,-0.364938,-3.8176,-101.687,-4.07394,344.676,-0.500161,344.681,84.8743,-209.395,84.705,-209.466,-87.7813,-167.36,-88.3531,-167.027,-696.852,-2.78772,409.625,-169.728,304.257,175.242,5.50005,-54.889,29.8169,-55.0334,-27.8892,33.5799,0.229689,33.6151,-10.78,27.0979,-0.404708,26.9837
3,-6.12848,-2.00426,0.145065,0.425773,-0.00217031,1.14125,-0.519379,-0.0693429,0.512749,0.00699244,3.14734,-2.47162,2.22517,-3.24492,3.27459,-0.116265,-0.392012,-4.27898,4.18767,-3.13312,3.14298,-0.711729,0.523529,-5.07848,-2.01006,-7.43359,-0.406357,-7.40807,-3.6627,-4.52849,-2.00773,-6.92548,-0.616889,-6.93149,-3.38816,0.43766,0.421675,-0.513663,0.12684,-0.00763697,0.323179,-0.020624,-0.614252,-0.537833,-2.77684,0.509365,-0.0521371,3.12736,0.316333,2.20671,0.318815,3.25391,-0.0521186,-0.41127,0.312363,4.16922,0.365999,3.12202,-0.0501072,0.50411,-0.0537565,1.01648,0.480679,-1.28209,1.49806,-27.0743,15.1826,-35.6721,21.559,12.0535,-10.5612,24.9678,-21.5222,5.6985,-1.76025,-6.35771e-05,0.00015262,-0.641287,8.85545,-23.6906,16.3146,0,5.244,-2.47561,6.63143,-5.38052,2.09888,0.227734,0.000277194,-0.00012145,-0.650284,12.5599,-34.2751,18.4931,27.0567,-3.10341,9.29626,-4.63427,-13.5545,5.52477,0.750058,0.00810659,-0.00285874,-0.00834114,1.84162,-1.84276,0.151261,0.0123516,0.0992401,0.135867,11.3194,0.135465,-0.226523,0.686032,-12.7288,-0.0474648,0.18394,-4.70244,0.192484,0.0810951,0.215301,-6.12866,-1.99663,-0.00763697,0,1686,1.38778e-17,2.77556e-17,4.14165e-17,-1.99493e-17,-2.08167e-17,-2.08167e-17,-2.29021e-17,7.28584e-17,7.63278e-17,6.72747e-17,0,-0.537833,-0.314866,0.509369,-0.00782638,3.14159,2.20671,0.0478202,3.25392,-0.00781779,-0.392699,4.16922,0.0548823,3.1221,-0.00751608,0.523599,0,0,0,0.126117,-0.020624,-0.537833,0.509365,3.12736,2.20671,3.25391,-0.41127,4.16922,3.12202,0.50411,0.0184537,-2.0326,0.82856,-7.78286e-05,-0.10806,-0.00125117,0.276244,-0.276414,0.0168488,0.0520739,0.0133662,1.0004,0.171738,-2.81229,-8.53681,-5.07629,283.645,51.439,8.2509,0.921018,-271.218,-0.359282,-4.43177,-103.128,-4.13373,345.772,-0.497001,345.778,85.1315,-209.943,84.9586,-210.015,-88.1209,-167.949,-88.7124,-167.605,-699.332,-2.95378,410.855,-170.238,305.435,175.922,5.45311,-55.0641,30.0695,-55.2141,-28.7521,33.6663,0.0976383,33.7016,-10.9328,27.1926,-0.469817,27.0755
3.04,-6.12309,-2.00418,0.145577,0.429742,-0.00220698,1.14666,-0.519156,-0.0661072,0.512821,0.00474756,3.14758,-2.48084,2.22517,-3.2464,3.27465,-0.131847,-0.392002,-4.28084,4.18768,-3.13399,3.14306,-0.714268,0.523546,-5.07308,-2.01016,-7.42814,-0.406243,-7.40272,-3.66259,-4.52309,-2.00771,-6.92003,-0.616775,-6.92614,-3.38805,0.440723,0.420258,-0.514474,0.127057,-0.00765267,0.328369,-0.0209414,-0.624595,-0.53789,-2.80535,0.509307,-0.0522374,3.12731,0.321734,2.20643,0.329658,3.25363,-0.0521977,-0.411551,0.317102,4.16894,0.377941,3.12174,-0.0501824,0.503832,-0.0538367,1.01654,0.487993,-1.28246,1.50336,-27.9054,15.302,-36.0751,21.8878,12.7206,-10.6782,25.3331,-21.8509,5.70994,-1.76351,-9.25953e-05,0.000223076,-0.635921,8.95971,-23.6315,16.4081,0,5.14903,-2.4846,6.59405,-5.42185,2.07327,0.231765,0.00032297,-0.000143375,-0.642356,12.7551,-34.3534,18.5603,27.2954,-3.11994,9.33386,-4.65122,-13.674,5.54843,0.775512,0.0080821,-0.00285265,-0.00836545,1.84951,-1.85064,0.151265,0.0128034,0.0992115,0.135191,11.4007,0.0786457,-0.23047,0.649208,-13.1186,-0.0466792,0.162274,-4.766,0.192867,0.0801055,0.216223,-6.12327,-1.99653,-0.00765267,0,1711,1.38778e-17,2.77556e-17,-4.33681e-18,-1.73472e-17,-1.04083e-17,-1.9082e-17,-1.97376e-17,3.1225e-17,2.77556e-17,3.38813e-17,0,-0.53789,-0.318076,0.509311,-0.00784416,3.14159,2.20643,0.0494467,3.25364,-0.00782965,-0.392699,4.16894,0.0566731,3.12183,-0.00752736,0.523599,0,0,0,0.12633,-0.0209414,-0.53789,0.509307,3.12731,2.20643,3.25363,-0.411551,4.16894,3.12174,0.503832,0.0187345,-2.05052,0.832108,-7.84296e-05,-0.107172,-0.00125482,0.277426,-0.277596,0.0174221,0.0521459,0.0133904,1.0004,0.171077,-2.82265,-8.60181,-5.0607,286.027,50.943,8.69289,-0.332069,-279.532,-0.354363,-5.03281,-104.551,-4.19391,346.919,-0.493879,346.925,85.4016,-210.524,85.2252,-210.597,-88.4746,-168.566,-89.0857,-168.21,-701.919,-3.12135,412.146,-170.773,306.662,176.63,5.40053,-55.2472,30.3221,-55.4028,-29.6335,33.7583,-0.035203,33.7934,-11.0836,27.2917,-0.533535,27.1718
3.08,-6.11768,-2.00409,0.146107,0.433708,-0.00224312,1.15204,-0.518933,-0.0628823,0.512893,0.00238683,3.14783,-2.49022,2.22517,-3.24787,3.27472,-0.147776,-0.391992,-4.28268,4.18768,-3.13484,3.14313,-0.716774,0.523563,-5.06768,-2.01025,-7.42268,-0.40613,-7.39737,-3.66248,-4.51769,-2.00768,-6.91457,-0.616661,-6.92079,-3.38794,0.443774,0.418842,-0.515266,0.127293,-0.00766949,0.333556,-0.0212586,-0.634884,-0.537948,-2.83398,0.509249,-0.0523374,3.12725,0.327149,2.20615,0.34041,3.25335,-0.0522767,-0.411832,0.321848,4.16866,0.3898,3.12147,-0.0502579,0.503554,-0.0539175,1.0166,0.495321,-1.28284,1.50873,-28.7574,15.4236,-36.4869,22.2248,13.4081,-10.7974,25.7067,-22.1878,5.72149,-1.76652,-0.000121712,0.000294281,-0.63055,9.0633,-23.5724,16.5029,0,5.05563,-2.49363,6.55661,-5.46368,2.0477,0.235568,0.000368612,-0.000165806,-0.63444,12.9509,-34.4314,18.6284,27.5342,-3.13687,9.37119,-4.6684,-13.7936,5.57207,0.800998,0.00805669,-0.00284641,-0.00838842,1.85739,-1.85851,0.15127,0.0132598,0.0991695,0.134497,11.4818,0.018926,-0.234461,0.612425,-13.5171,-0.0458932,0.141133,-4.82874,0.193255,0.0791173,0.217143,-6.11789,-1.99643,-0.00766949,0,1736,1.38778e-17,2.77556e-17,3.14419e-17,-9.97466e-18,-6.93889e-18,-1.04083e-17,-1.49984e-17,-3.46945e-17,-3.1225e-17,-3.63208e-17,0,-0.537948,-0.321298,0.509253,-0.00786197,3.14159,2.20615,0.0510594,3.25336,-0.0078415,-0.392699,4.16866,0.0584513,3.12155,-0.00753869,0.523599,0,0,0,0.126561,-0.0212586,-0.537948,0.509249,3.12725,2.20615,3.25335,-0.411832,4.16866,3.12147,0.503554,0.0190154,-2.06846,0.835653,-7.90648e-05,-0.106258,-0.00125826,0.278608,-0.278777,0.0179961,0.0522181,0.0134147,1.0004,0.170409,-2.83338,-8.66597,-5.04387,288.409,50.393,9.14949,-1.59251,-288.026,-0.350084,-5.62078,-105.955,-4.25471,348.111,-0.490859,348.117,85.683,-211.134,85.5034,-211.208,-88.8405,-169.202,-89.4713,-168.835,-704.603,-3.29047,413.492,-171.331,307.932,177.362,5.34222,-55.4375,30.5746,-55.5989,-30.534,33.8548,-0.168824,33.8898,-11.2325,27.3939,-0.595865,27.2712
3.12,-6.11214,-2.004,0.146664,0.437734,-0.00227968,1.15747,-0.518703,-0.0595806,0.512969,-0.000141165,3.14808,-2.49989,2.22517,-3.24929,3.27478,-0.164331,-0.391981,-4.28451,4.18768,-3.13565,3.14321,-0.71934,0.523581,-5.06214,-2.01035,-7.41709,-0.406013,-7.39188,-3.66236,-4.51215,-2.00765,-6.90898,-0.616544,-6.9153,-3.38782,0.4469,0.417471,-0.516026,0.127535,-0.00768789,0.338733,-0.0215876,-0.644931,-0.538011,-2.86287,0.509186,-0.0524405,3.12718,0.332556,2.20586,0.351069,3.25306,-0.0523585,-0.412124,0.326594,4.16837,0.401568,3.12118,-0.0503368,0.503264,-0.0540015,1.01666,0.502657,-1.28323,1.51417,-29.6262,15.5474,-36.9075,22.5706,14.1111,-10.9188,26.0886,-22.5334,5.73337,-1.76939,-0.000151481,0.000367594,-0.625184,9.16607,-23.5132,16.5988,0,4.96382,-2.50259,6.51908,-5.50601,2.02216,0.239146,0.000414088,-0.00018874,-0.626533,13.1471,-34.5089,18.6974,27.773,-3.15418,9.40825,-4.68582,-13.9132,5.59567,0.826501,0.00802986,-0.00283984,-0.00840949,1.86525,-1.86637,0.151275,0.0139061,0.10065,0.135804,11.5648,-0.0449798,-0.241697,0.57682,-13.9313,-0.0457361,0.120789,-4.89299,0.193654,0.0781305,0.218063,-6.11229,-1.99632,-0.00768789,0,1762,0,0,-6.57027e-17,4.40186e-17,-3.81639e-17,-3.98986e-17,-4.00833e-17,1.17961e-16,1.14492e-16,1.0777e-16,0,-0.538011,-0.32455,0.50919,-0.00788037,3.14159,2.20586,0.0526582,3.25307,-0.00785377,-0.392699,4.16837,0.060216,3.12126,-0.00755052,0.523599,0,0,0,0.126799,-0.0215876,-0.538011,0.509186,3.12718,2.20586,3.25306,-0.412124,4.16837,3.12118,0.503264,0.0193079,-2.08639,0.839191,-7.96685e-05,-0.106138,-0.00126142,0.279787,-0.279956,0.0185702,0.0522933,0.01344,1.0004,0.168609,-2.84432,-8.72949,-5.02639,290.837,49.7631,9.62034,-2.84004,-296.842,-0.34616,-6.19034,-107.388,-4.32119,349.316,-0.489432,349.322,85.9601,-211.686,85.7773,-211.762,-89.1987,-169.744,-89.8497,-169.365,-707.352,-3.46542,414.819,-171.88,309.173,178.078,5.27545,-55.6312,30.832,-55.7991,-31.4686,33.9413,-0.301076,33.9762,-11.3843,27.4796,-0.656245,27.3538
3.16,-6.10687,-2.00392,0.147214,0.441701,-0.00231185,1.16287,-0.518523,-0.0559968,0.513001,-0.00363051,3.14829,-2.5097,2.22517,-3.25082,3.27485,-0.181124,-0.391971,-4.28631,4.18768,-3.13648,3.14328,-0.721794,0.523598,-5.05687,-2.01041,-7.41178,-0.405901,-7.38665,-3.66225,-4.50687,-2.00762,-6.90366,-0.616432,-6.91007,-3.38771,0.450308,0.416002,-0.516799,0.127814,-0.00770379,0.343998,-0.0219011,-0.656564,-0.538112,-2.8911,0.509085,-0.0525427,3.12708,0.33828,2.20558,0.361704,3.25278,-0.0524374,-0.412405,0.331565,4.16809,0.41338,3.1209,-0.0504127,0.502985,-0.0540837,1.01673,0.510132,-1.28364,1.51978,-30.5678,15.6762,-37.3457,22.9271,14.8907,-11.0452,26.4868,-22.8898,5.74379,-1.77103,-0.000183745,0.000447541,-0.619648,9.27094,-23.4532,16.6974,0,4.87241,-2.51265,6.48101,-5.54948,1.99643,0.242514,0.0004595,-0.000212278,-0.618567,13.3511,-34.5868,18.7683,28.0154,-3.17446,9.44551,-4.7037,-14.0345,5.61953,0.852307,0.0080036,-0.00283365,-0.00843146,1.8732,-1.87432,0.15128,0.0137738,0.0991728,0.13499,11.6548,-0.133059,-0.245233,0.538718,-14.3514,-0.0449336,0.100128,-4.95442,0.194003,0.077136,0.218991,-6.10692,-1.99621,-0.00770379,0,1787,0,-2.77556e-17,1.75641e-17,4.33681e-18,3.46945e-18,-6.93889e-18,-6.23924e-18,-5.55112e-17,-5.20417e-17,-5.84114e-17,0,-0.538112,-0.327727,0.50909,-0.00789892,3.14159,2.20558,0.0542533,3.25279,-0.0078656,-0.392699,4.16809,0.0619871,3.12098,-0.00756191,0.523599,0,0,0,0.127074,-0.0219011,-0.538112,0.509085,3.12708,2.20558,3.25278,-0.412405,4.16809,3.1209,0.502985,0.0195893,-2.10458,0.842769,-8.00661e-05,-0.105084,-0.00126472,0.280979,-0.281148,0.0191513,0.0523656,0.0134643,1.0004,0.16863,-2.86024,-8.81577,-5.01668,293.545,48.7612,10.1387,-4.18867,-305.873,-0.340413,-6.78444,-108.777,-4.38372,351.146,-0.484499,351.153,86.4,-212.708,86.2143,-212.786,-89.7133,-170.688,-90.3845,-170.298,-711.248,-3.61333,416.929,-172.755,310.96,179.108,5.16923,-55.9229,31.1191,-56.0954,-32.426,34.1045,-0.444046,34.1391,-11.5316,27.632,-0.719227,27.5034
3.2,-6.10147,-2.00382,0.14773,0.445556,-0.00233426,1.16829,-0.518475,-0.0514622,0.512912,-0.0101122,3.14838,-2.51959,2.22517,-3.25233,3.27491,-0.198235,-0.391961,-4.28807,4.18769,-3.13727,3.14335,-0.724203,0.523616,-5.05147,-2.01038,-7.40634,-0.405787,-7.38128,-3.66214,-4.50147,-2.00756,-6.89823,-0.616318,-6.9047,-3.38759,0.454666,0.414543,-0.517536,0.128088,-0.0077148,0.349214,-0.0222052,-0.670127,-0.538346,-2.91764,0.508852,-0.0526307,3.12685,0.343944,2.2053,0.372266,3.25249,-0.0525163,-0.412686,0.336364,4.16781,0.42513,3.12062,-0.050489,0.502706,-0.0541659,1.0168,0.517551,-1.28404,1.52539,-31.5807,15.8091,-37.7957,23.2866,15.7523,-11.1756,26.8969,-23.2492,5.75166,-1.77098,-0.000201713,0.000493108,-0.613952,9.37392,-23.3934,16.7965,0,4.78324,-2.52219,6.44292,-5.59314,1.97093,0.245695,0.000505595,-0.000236737,-0.610671,13.5499,-34.6637,18.8388,28.2569,-3.19241,9.4823,-4.72146,-14.1555,5.64329,0.878174,0.00797591,-0.00282689,-0.00845147,1.88111,-1.88223,0.151286,0.012896,0.0963582,0.135575,11.7686,-0.295361,-0.247368,0.50092,-14.7795,-0.0439971,0.0803499,-5.01474,0.194267,0.0761507,0.219917,-6.10154,-1.99611,-0.0077148,0,1812,0,-4.16334e-17,-5.00901e-17,5.00901e-17,-2.42861e-17,-3.1225e-17,-3.33274e-17,1.38778e-16,1.35308e-16,1.27529e-16,0,-0.538346,-0.330715,0.508855,-0.00791401,3.14159,2.2053,0.0558376,3.25251,-0.00787744,-0.392699,4.16781,0.0637491,3.1207,-0.00757336,0.523599,0,0,0,0.127344,-0.0222052,-0.538346,0.508852,3.12685,2.2053,3.25249,-0.412686,4.16781,3.12062,0.502706,0.0198709,-2.12272,0.846331,-8.08325e-05,-0.104065,-0.00126772,0.282167,-0.282335,0.0197335,0.052438,0.0134886,1.0004,0.168791,-2.8646,-8.85988,-4.99697,296.594,46.1449,10.6548,-5.48296,-314.95,-0.33484,-7.33308,-110.123,-4.42671,351.529,-0.476953,351.535,86.5031,-212.937,86.3149,-213.015,-89.8321,-170.943,-90.5227,-170.541,-712.13,-3.65124,417.415,-172.956,311.373,179.347,4.89187,-55.9831,31.4422,-56.1578,-33.3882,34.1411,-0.581255,34.1754,-11.6743,27.6741,-0.777389,27.5426
3.24,-6.09607,-2.00373,0.148242,0.449366,-0.00235953,1.17363,-0.518424,-0.0473312,0.512804,-0.0170091,3.14847,-2.52961,2.22517,-3.25383,3.27498,-0.215631,-0.391951,-4.2898,4.18769,-3.13805,3.14343,-0.726599,0.523633,-5.04606,-2.01035,-7.40091,-0.405673,-7.37591,-3.66202,-4.49607,-2.0075,-6.8928,-0.616203,-6.89933,-3.38748,0.458595,0.413093,-0.518253,0.128326,-0.00772832,0.354321,-0.0225123,-0.678942,-0.538577,-2.94796,0.508621,-0.0527212,3.12662,0.349357,2.20502,0.382776,3.25221,-0.0525951,-0.412968,0.341113,4.16754,0.436713,3.12034,-0.0505658,0.502427,-0.0542472,1.01687,0.524825,-1.28443,1.53091,-32.4991,15.9456,-38.255,23.6666,16.5009,-11.3096,27.317,-23.6291,5.76446,-1.77332,-0.00022263,0.000546207,-0.608403,9.47304,-23.3336,16.8946,0,4.69702,-2.53033,6.40498,-5.63652,1.94582,0.24873,0.00055107,-0.000261491,-0.602897,13.747,-34.7394,18.9084,28.4954,-3.21034,9.51858,-4.739,-14.2749,5.66651,0.903826,0.00794733,-0.00281978,-0.00846934,1.88885,-1.88997,0.15129,0.0127807,0.095269,0.133419,11.8723,-0.468153,-0.25045,0.463313,-15.2147,-0.0432364,0.0611091,-5.07473,0.194699,0.0751809,0.220823,-6.09617,-1.996,-0.00772832,0,1837,0,1.38778e-17,-1.82146e-17,-2.51535e-17,-2.77556e-17,-3.81639e-17,-4.2848e-17,1.35308e-16,1.2837e-16,1.23409e-16,0,-0.538577,-0.334128,0.508624,-0.00792985,3.14159,2.20502,0.0574141,3.25222,-0.00788927,-0.392699,4.16754,0.0654859,3.12042,-0.00758487,0.523599,0,0,0,0.127578,-0.0225123,-0.538577,0.508621,3.12662,2.20502,3.25221,-0.412968,4.16754,3.12034,0.502427,0.0201527,-2.14062,0.849813,-8.15687e-05,-0.103167,-0.0012704,0.283327,-0.283495,0.020311,0.0525105,0.013513,1.00041,0.168883,-2.86044,-8.88726,-5.06326,299.163,43.1137,11.1656,-6.77878,-324.116,-0.333452,-7.86575,-111.468,-4.4797,350.793,-0.471567,350.8,86.3588,-212.557,86.1681,-212.636,-89.7036,-170.777,-90.4135,-170.364,-710.97,-3.68158,416.707,-172.662,310.929,179.093,4.57053,-55.8641,31.7147,-56.0449,-34.36,34.08,-0.718627,34.1141,-11.8168,27.649,-0.833858,27.5146
3.28,-6.09067,-2.00363,0.148758,0.453149,-0.00238366,1.17891,-0.518374,-0.0431842,0.512698,-0.0241057,3.14856,-2.53976,2.22517,-3.25533,3.27504,-0.233344,-0.391941,-4.2915,4.18769,-3.1388,3.1435,-0.728972,0.523651,-5.04066,-2.01032,-7.39547,-0.405559,-7.37054,-3.66191,-4.49067,-2.00745,-6.88736,-0.616089,-6.89397,-3.38736,0.462542,0.411652,-0.518951,0.12856,-0.00774307,0.35939,-0.0228184,-0.687872,-0.538809,-2.97789,0.508389,-0.0528165,3.12639,0.354837,2.20473,0.393145,3.25193,-0.0526739,-0.41325,0.345907,4.16726,0.448171,3.12006,-0.0506429,0.502148,-0.0543285,1.01693,0.532058,-1.28482,1.53644,-33.4392,16.0834,-38.72,24.0518,17.2733,-11.445,27.7426,-24.0142,5.77697,-1.77515,-0.000248754,0.000612498,-0.602893,9.5711,-23.2739,16.9931,0,4.613,-2.5386,6.36711,-5.68009,1.92099,0.251554,0.000596348,-0.000286764,-0.59521,13.9455,-34.8145,18.9781,28.7329,-3.22946,9.5545,-4.75658,-14.3938,5.68948,0.929382,0.00791806,-0.00281249,-0.00848577,1.8965,-1.89762,0.151295,0.0129173,0.094553,0.131967,11.9765,-0.646123,-0.253818,0.425985,-15.6578,-0.0424731,0.0423712,-5.13417,0.195119,0.0742216,0.221719,-6.09081,-1.99589,-0.00774307,0,1862,0,0,1.36609e-17,-5.7029e-17,-2.77556e-17,-1.73472e-17,-1.54787e-17,2.42861e-17,2.08167e-17,1.18991e-17,0,-0.538809,-0.337496,0.508392,-0.00794693,3.14159,2.20473,0.0589693,3.25194,-0.00790108,-0.392699,4.16726,0.0672042,3.12014,-0.00759643,0.523599,0,0,0,0.127807,-0.0228184,-0.538809,0.508389,3.12639,2.20473,3.25193,-0.41325,4.16726,3.12006,0.502148,0.0204348,-2.15845,0.853259,-8.1758e-05,-0.102187,-0.00127287,0.284475,-0.284643,0.0208865,0.0525831,0.0135374,1.00041,0.168733,-2.8639,-8.93146,-5.0296,302.024,40.1545,11.6838,-8.0858,-333.481,-0.331702,-8.39031,-112.796,-4.54079,351.016,-0.466177,351.023,86.4406,-212.713,86.2476,-212.793,-89.8061,-170.992,-90.5352,-170.568,-711.725,-3.72106,417.089,-172.821,311.285,179.299,4.25683,-55.8989,32.018,-56.0855,-35.3527,34.1046,-0.857185,34.1383,-11.9577,27.6846,-0.889467,27.5473
3.32,-6.08526,-2.00354,0.149289,0.45692,-0.00240806,1.18415,-0.518324,-0.0390361,0.512591,-0.0314229,3.14866,-2.55007,2.22517,-3.25681,3.2751,-0.251418,-0.391931,-4.29316,4.18769,-3.13953,3.14357,-0.731317,0.523668,-5.03526,-2.0103,-7.39003,-0.405445,-7.36517,-3.6618,-4.48527,-2.00739,-6.88192,-0.615975,-6.8886,-3.38725,0.46649,0.41022,-0.519627,0.128798,-0.00775948,0.364427,-0.0231251,-0.696606,-0.539041,-3.00783,0.508157,-0.0529228,3.12615,0.36032,2.20445,0.403394,3.25165,-0.0527525,-0.413531,0.350662,4.16698,0.459534,3.11978,-0.0507203,0.501868,-0.0544101,1.01699,0.539264,-1.28521,1.54201,-34.3959,16.2231,-39.1927,24.4448,18.0626,-11.5823,28.1758,-24.4071,5.78961,-1.77662,-0.000287211,0.000709738,-0.597409,9.66794,-23.2144,17.0922,0,4.53095,-2.54675,6.32928,-5.72392,1.89634,0.254172,0.000641175,-0.000312443,-0.587578,14.1431,-34.8889,19.0482,28.9696,-3.24842,9.59009,-4.77426,-14.5123,5.71233,0.954911,0.00788804,-0.00280501,-0.00850078,1.90411,-1.90523,0.1513,0.0132718,0.0942758,0.130977,12.0807,-0.830067,-0.257647,0.388891,-16.1099,-0.0417052,0.024198,-5.19288,0.195544,0.0732691,0.222609,-6.08545,-1.99578,-0.00775948,0,1887,-1.38778e-17,-1.38778e-17,-1.21431e-17,1.19262e-17,3.46945e-18,-6.93889e-18,-7.39629e-18,1.73472e-17,1.38778e-17,1.79164e-17,0,-0.539041,-0.340864,0.50816,-0.00796695,3.14159,2.20445,0.0605066,3.25166,-0.00791288,-0.392699,4.16698,0.0689081,3.11986,-0.00760804,0.523599,0,0,0,0.128041,-0.0231251,-0.539041,0.508157,3.12615,2.20445,3.25165,-0.413531,4.16698,3.11978,0.501868,0.020717,-2.17622,0.856685,-8.21694e-05,-0.101187,-0.00127512,0.285617,-0.285784,0.0214615,0.0526558,0.0135619,1.00041,0.168215,-2.8705,-8.98008,-5.00648,304.89,37.0555,12.2225,-9.39744,-343.047,-0.329763,-8.90249,-114.108,-4.61822,351.628,-0.466148,351.636,86.6132,-213.075,86.4181,-213.157,-90.0005,-171.336,-90.749,-170.901,-713.275,-3.76474,417.911,-173.161,311.959,179.688,3.9283,-55.9963,32.3218,-56.1892,-36.3669,34.1619,-0.996234,34.1953,-12.0967,27.7402,-0.943764,27.6001
3.36,-6.07972,-2.00344,0.149851,0.460756,-0.00243414,1.18944,-0.518266,-0.0348081,0.512491,-0.038965,3.14876,-2.56069,2.22517,-3.25824,3.27516,-0.270185,-0.39192,-4.29482,4.1877,-3.14023,3.14364,-0.733723,0.523686,-5.02972,-2.01027,-7.38446,-0.405328,-7.35966,-3.66168,-4.47972,-2.00734,-6.87634,-0.615858,-6.88309,-3.38713,0.470514,0.408842,-0.520272,0.12904,-0.00777862,0.369445,-0.0234449,-0.704971,-0.539277,-3.03805,0.50792,-0.0530373,3.12592,0.365791,2.20416,0.41353,3.25136,-0.052834,-0.413825,0.355425,4.16669,0.470785,3.11949,-0.0508011,0.501578,-0.0544948,1.01705,0.546462,-1.28562,1.54763,-35.3672,16.3653,-39.675,24.8477,18.8652,-11.7219,28.6182,-24.8099,5.80265,-1.77793,-0.000331961,0.000823299,-0.591943,9.76374,-23.1548,17.1922,0,4.45061,-2.55479,6.29143,-5.76816,1.87178,0.256581,0.000685563,-0.000338546,-0.579975,14.3413,-34.9628,19.1191,29.2057,-3.26802,9.62536,-4.79214,-14.6305,5.73506,0.980389,0.00785626,-0.00279707,-0.0085133,1.91168,-1.9128,0.151305,0.0140473,0.0959011,0.132281,12.1869,-1.01984,-0.265524,0.353171,-16.5794,-0.0415286,0.00683985,-5.25312,0.195982,0.0723203,0.223494,-6.07987,-1.99566,-0.00777862,0,1913,1.38778e-17,5.55112e-17,1.95156e-17,2.1684e-18,-2.77556e-17,-3.46945e-17,-3.47504e-17,4.51028e-17,4.51028e-17,7.43492e-17,0,-0.539277,-0.344263,0.507924,-0.00798892,3.14159,2.20416,0.0620271,3.25137,-0.0079251,-0.392699,4.16669,0.0705952,3.11957,-0.00762017,0.523599,0,0,0,0.128278,-0.0234449,-0.539277,0.50792,3.12592,2.20416,3.25136,-0.413825,4.16669,3.11949,0.501578,0.0210108,-2.19394,0.860093,-8.27157e-05,-0.100948,-0.00127699,0.286753,-0.28692,0.0220351,0.0527315,0.0135873,1.00041,0.171661,-2.88011,-9.03473,-4.98709,307.827,33.8939,12.7812,-10.699,-352.989,-0.329022,-9.39904,-115.451,-4.67962,352.678,-0.444259,352.686,86.9194,-213.85,86.7231,-213.932,-90.3642,-172.347,-91.1302,-171.901,-715.666,-3.81913,419.375,-173.767,313.225,180.419,3.59313,-56.1579,32.6331,-56.3564,-37.4208,34.287,-1.13422,34.3199,-12.2391,27.9097,-0.996403,27.7666
3.4,-6.0743,-2.00335,0.15042,0.46455,-0.00245687,1.19464,-0.518198,-0.0307808,0.512398,-0.0463918,3.14887,-2.57145,2.22517,-3.25975,3.27522,-0.289244,-0.39191,-4.29645,4.1877,-3.14093,3.14371,-0.736015,0.523704,-5.0243,-2.01025,-7.37901,-0.405213,-7.35428,-3.66157,-4.47431,-2.00728,-6.8709,-0.615743,-6.87771,-3.38702,0.474336,0.407379,-0.520924,0.129324,-0.00779665,0.374552,-0.0237503,-0.713565,-0.539492,-3.06875,0.507706,-0.0531443,3.1257,0.371582,2.20388,0.423628,3.25107,-0.0529125,-0.414107,0.360413,4.16641,0.482068,3.11921,-0.0508789,0.501298,-0.0545779,1.01713,0.553806,-1.28604,1.55342,-36.3848,16.5127,-40.1765,25.2673,19.7112,-11.8668,29.0786,-25.2295,5.81588,-1.77894,-0.000372459,0.000927157,-0.586386,9.86154,-23.0946,17.2952,0,4.37071,-2.56382,6.25302,-5.81362,1.84702,0.258781,0.000729768,-0.000365292,-0.572308,14.5475,-35.0372,19.1921,29.4451,-3.2908,9.66082,-4.81053,-14.7504,5.75806,1.00614,0.0078252,-0.00278957,-0.00852682,1.91935,-1.92046,0.15131,0.0142198,0.0948636,0.130072,12.288,-1.20659,-0.268981,0.315312,-17.0562,-0.0406914,-0.0107449,-5.31051,0.196425,0.0713632,0.22439,-6.07452,-1.99555,-0.00779665,0,1938,0,0,5.00901e-17,-2.81893e-17,-1.04083e-17,-2.08167e-17,-2.32646e-17,1.249e-16,1.14492e-16,1.05222e-16,0,-0.539492,-0.347716,0.50771,-0.00800943,3.14159,2.20388,0.0635415,3.25108,-0.00793688,-0.392699,4.16641,0.0722871,3.11929,-0.00763184,0.523599,0,0,0,0.128558,-0.0237503,-0.539492,0.507706,3.1257,2.20388,3.25107,-0.414107,4.16641,3.11921,0.501298,0.0212935,-2.21192,0.863543,-8.3188e-05,-0.0997181,-0.00127902,0.287902,-0.288069,0.0226152,0.0528043,0.0136118,1.00041,0.171377,-2.88671,-9.0856,-4.97086,310.531,30.7034,13.3562,-12.0409,-363.153,-0.324,-9.88478,-116.709,-4.73935,353.293,-0.442426,353.301,87.0946,-214.229,86.8969,-214.312,-90.57,-172.725,-91.3534,-172.27,-717.242,-3.87643,420.209,-174.113,313.936,180.829,3.25491,-56.2555,32.9198,-56.4607,-38.4983,34.3473,-1.27647,34.3797,-12.3725,27.9711,-1.0479,27.8254
3.44,-6.06902,-2.00325,0.150971,0.468265,-0.00247253,1.19971,-0.518115,-0.0269152,0.512322,-0.053712,3.149,-2.58231,2.22517,-3.26126,3.27529,-0.308705,-0.3919,-4.29805,4.1877,-3.14161,3.14378,-0.738271,0.523721,-5.01902,-2.01022,-7.3737,-0.405103,-7.34902,-3.66146,-4.46903,-2.0072,-6.86559,-0.615632,-6.87244,-3.38691,0.477999,0.405922,-0.52155,0.129615,-0.00781142,0.379617,-0.0240489,-0.722069,-0.539691,-3.09921,0.507506,-0.0532458,3.1255,0.377298,2.20359,0.433628,3.25079,-0.052991,-0.414389,0.365239,4.16613,0.49326,3.11893,-0.0509571,0.501018,-0.0546613,1.01721,0.561105,-1.28646,1.55923,-37.4205,16.6614,-40.6839,25.6933,20.5768,-12.0129,29.5449,-25.6556,5.82908,-1.77966,-0.000407482,0.00101808,-0.580878,9.95756,-23.0344,17.3986,0,4.29288,-2.57238,6.21465,-5.8593,1.82245,0.260797,0.000774202,-0.000392816,-0.564699,14.7488,-35.1105,19.2649,29.6835,-3.31151,9.69577,-4.82888,-14.8697,5.78099,1.03188,0.0077929,-0.00278163,-0.00853838,1.92699,-1.92809,0.151316,0.0137912,0.0928799,0.126867,12.3853,-1.3904,-0.271457,0.277616,-17.543,-0.0398275,-0.0276288,-5.367,0.196868,0.0704136,0.225283,-6.06916,-1.99544,-0.00781142,0,1963,1.38778e-17,1.38778e-17,-1.30104e-18,1.30104e-18,-1.73472e-17,-1.38778e-17,-1.27106e-17,1.2837e-16,1.21431e-16,1.14817e-16,0,-0.539691,-0.351144,0.50751,-0.00802863,3.14159,2.20359,0.0650415,3.2508,-0.00794865,-0.392699,4.16613,0.0739654,3.11901,-0.00764357,0.523599,0,0,0,0.128843,-0.0240489,-0.539691,0.507506,3.1255,2.20359,3.25079,-0.414389,4.16613,3.11893,0.501018,0.0215764,-2.22981,0.866982,-8.34022e-05,-0.0986114,-0.00128076,0.289048,-0.289214,0.0231947,0.0528773,0.0136363,1.00041,0.161697,-2.89509,-9.13052,-4.93573,313.298,27.6802,13.9656,-13.3878,-373.441,-0.322505,-10.3638,-117.969,-4.84346,353.982,-0.451419,353.991,87.2217,-214.255,87.0206,-214.339,-90.6632,-172.057,-91.4716,-171.587,-719.119,-3.94618,420.814,-174.363,314.249,181.011,2.93441,-56.3786,33.2131,-56.5933,-39.589,34.3463,-1.41926,34.3785,-12.5061,27.8487,-1.09868,27.6999
3.48,-6.0636,-2.00314,0.15152,0.471939,-0.00248904,1.2047,-0.518022,-0.0231336,0.512257,-0.0609082,3.14914,-2.5933,2.22517,-3.26276,3.27535,-0.328525,-0.391889,-4.29961,4.18771,-3.14227,3.14385,-0.74051,0.523739,-5.01359,-2.0102,-7.36826,-0.404988,-7.34361,-3.66135,-4.4636,-2.00713,-6.86015,-0.615517,-6.86704,-3.38679,0.481579,0.40448,-0.522155,0.129888,-0.00782724,0.3846,-0.0243485,-0.730205,-0.539881,-3.12935,0.507316,-0.053344,3.12531,0.382834,2.20331,0.44355,3.25051,-0.0530694,-0.414672,0.370011,4.16585,0.504296,3.11865,-0.0510356,0.500738,-0.0547443,1.01728,0.568301,-1.28688,1.56499,-38.4598,16.8099,-41.1927,26.1224,21.4478,-12.159,30.013,-26.0847,5.84234,-1.78022,-0.000439266,0.00110149,-0.575481,10.0507,-22.9745,17.5016,0,4.21755,-2.57998,6.17643,-5.90488,1.79818,0.262664,0.000818157,-0.000420736,-0.557185,14.9483,-35.1827,19.3373,29.9193,-3.33213,9.73022,-4.8471,-14.9877,5.80353,1.05742,0.00776007,-0.00277348,-0.00854833,1.9345,-1.9356,0.151322,0.0137072,0.0918411,0.124723,12.4804,-1.57095,-0.274744,0.240314,-18.0388,-0.0391252,-0.0439938,-5.42308,0.197314,0.0694761,0.226162,-6.06381,-1.99532,-0.00782724,0,1988,0,0,3.03577e-18,1.86483e-17,6.93889e-18,0,-1.68898e-18,6.93889e-18,3.46945e-18,1.10047e-17,0,-0.539881,-0.354532,0.50732,-0.00804707,3.14159,2.20331,0.0665299,3.25052,-0.00796041,-0.392699,4.16585,0.0756204,3.11873,-0.00765535,0.523599,0,0,0,0.129112,-0.0243485,-0.539881,0.507316,3.12531,2.20331,3.25051,-0.414672,4.16585,3.11865,0.500738,0.0218595,-2.24751,0.870362,-8.37043e-05,-0.0976727,-0.00128225,0.290175,-0.29034,0.0237697,0.0529503,0.0136609,1.00041,0.160656,-2.91638,-9.22161,-4.91889,316.461,25.0882,14.6627,-14.8597,-383.974,-0.32835,-10.8948,-119.301,-4.92512,356.414,-0.432711,356.423,87.8254,-215.654,87.6212,-215.739,-91.3052,-173.126,-92.1392,-172.641,-724.355,-4.04265,423.711,-175.563,316.485,182.3,2.65963,-56.7681,33.5484,-56.99,-40.7055,34.5696,-1.57529,34.6014,-12.6473,28.0191,-1.15497,27.8669
3.52,-6.05816,-2.00304,0.152092,0.475657,-0.00250629,1.20973,-0.517928,-0.0191923,0.512196,-0.0684343,3.14928,-2.60458,2.22517,-3.26417,3.27541,-0.349029,-0.391879,-4.30117,4.18771,-3.14289,3.14392,-0.74281,0.523757,-5.00816,-2.01018,-7.3628,-0.404874,-7.3382,-3.66123,-4.45817,-2.00705,-6.85469,-0.615403,-6.86163,-3.38668,0.48532,0.403119,-0.522724,0.130146,-0.00784629,0.389539,-0.0246604,-0.738443,-0.540082,-3.15908,0.507116,-0.0534422,3.12511,0.388374,2.20302,0.45335,3.25021,-0.0531506,-0.414966,0.374787,4.16555,0.515214,3.11836,-0.0511174,0.500446,-0.05483,1.01735,0.57545,-1.2873,1.57076,-39.5222,16.9598,-41.7073,26.5571,22.3441,-12.3063,30.4868,-26.5195,5.85531,-1.78037,-0.000468149,0.0011782,-0.570128,10.1424,-22.9146,17.605,0,4.14428,-2.58739,6.13825,-5.95062,1.77414,0.26435,0.000861661,-0.000449089,-0.549743,15.1482,-35.2543,19.4097,30.1538,-3.35341,9.7643,-4.86536,-15.1051,5.82584,1.08286,0.00772647,-0.00276512,-0.00855671,1.94193,-1.94303,0.151327,0.014302,0.0929574,0.125639,12.5795,-1.75964,-0.282119,0.205079,-18.5517,-0.0388621,-0.0593995,-5.48068,0.19775,0.0685476,0.227032,-6.05825,-1.9952,-0.00784629,0,2014,0,-1.38778e-17,-3.05745e-17,3.05745e-17,3.46945e-18,6.93889e-18,1.13536e-17,-2.42861e-17,-2.42861e-17,-2.47198e-17,0,-0.540082,-0.357875,0.50712,-0.00806527,3.14159,2.20302,0.0679997,3.25023,-0.0079726,-0.392699,4.16555,0.0772576,3.11844,-0.00766761,0.523599,0,0,0,0.129366,-0.0246604,-0.540082,0.507116,3.12511,2.20302,3.25021,-0.414966,4.16555,3.11836,0.500446,0.0221541,-2.26512,0.873707,-8.41703e-05,-0.0973149,-0.00128351,0.291289,-0.291454,0.0243424,0.0530263,0.0136864,1.00042,0.156893,-2.92305,-9.26875,-4.87988,319.323,22.0074,15.293,-16.2025,-394.782,-0.329142,-11.3487,-120.593,-5.00063,357.03,-0.430111,357.039,87.9744,-215.872,87.768,-215.958,-91.4713,-173.137,-92.3275,-172.64,-726.012,-4.12014,424.419,-175.856,317.059,182.632,2.33303,-56.8705,33.8518,-57.1006,-41.8513,34.6022,-1.71765,34.6335,-12.7842,28.0161,-1.20308,27.8606
3.56,-6.05271,-2.00295,0.152706,0.479392,-0.00252804,1.21472,-0.517825,-0.0154285,0.512138,-0.0758164,3.14942,-2.61603,2.22517,-3.26566,3.27547,-0.369866,-0.391869,-4.30268,4.18771,-3.14352,3.14399,-0.745006,0.523775,-5.0027,-2.01017,-7.35731,-0.404759,-7.33277,-3.66112,-4.45271,-2.00699,-6.8492,-0.615288,-6.85621,-3.38656,0.488879,0.401674,-0.523303,0.13044,-0.00787033,0.394535,-0.0249657,-0.746298,-0.540263,-3.18966,0.506934,-0.0535353,3.12493,0.39408,2.20273,0.463116,3.24993,-0.0532288,-0.415249,0.379774,4.16527,0.52612,3.11808,-0.0511964,0.500165,-0.0549138,1.01743,0.582702,-1.28774,1.57668,-40.6138,17.1146,-42.2405,27.0099,23.2651,-12.4586,30.9782,-26.9725,5.86906,-1.78053,-0.000495139,0.00125074,-0.564722,10.2348,-22.8541,17.7107,0,4.07178,-2.59519,6.09963,-5.99742,1.74994,0.265843,0.000904303,-0.000477766,-0.542251,15.3557,-35.3264,19.4842,30.3904,-3.37805,9.79856,-4.88414,-15.2236,5.84825,1.10845,0.00769257,-0.00275688,-0.00856453,1.9494,-1.95049,0.151333,0.0153636,0.0933604,0.124786,12.6742,-1.94464,-0.286131,0.167732,-19.0729,-0.0379465,-0.0750811,-5.53566,0.19821,0.0676123,0.227904,-6.05291,-1.99508,-0.00787033,0,2039,-1.38778e-17,0,1.9082e-17,2.81893e-18,-3.46945e-17,-4.85723e-17,-5.16487e-17,-1.38778e-17,-1.04083e-17,-2.59124e-17,0,-0.540263,-0.361312,0.506938,-0.00808258,3.14159,2.20273,0.0694645,3.24994,-0.00798432,-0.392699,4.16527,0.0788931,3.11816,-0.00767946,0.523599,0,0,0,0.129654,-0.0249657,-0.540263,0.506934,3.12493,2.20273,3.24993,-0.415249,4.16527,3.11808,0.500165,0.0224377,-2.28288,0.87707,-8.42285e-05,-0.0958139,-0.00128468,0.292409,-0.292574,0.0249194,0.0530995,0.013711,1.00042,0.150517,-2.94288,-9.35526,-4.88137,322.242,19.1368,15.9991,-17.6729,-405.925,-0.330586,-11.837,-121.856,-5.09785,359.22,-0.429065,359.229,88.4825,-216.898,88.2732,-216.985,-91.9931,-173.516,-92.875,-173.004,-730.892,-4.22263,426.859,-176.867,318.865,183.674,2.02872,-57.2288,34.1613,-57.4685,-43.0326,34.763,-1.87353,34.794,-12.9181,28.0669,-1.25486,27.9082
3.6,-6.04722,-2.00285,0.153382,0.483222,-0.00255281,1.21978,-0.517712,-0.0115621,0.51209,-0.083335,3.14958,-2.6278,2.22517,-3.26705,3.27552,-0.391541,-0.391858,-4.30418,4.18771,-3.14411,3.14406,-0.747245,0.523793,-4.99722,-2.01018,-7.35179,-0.404644,-7.32732,-3.661,-4.44723,-2.00694,-6.84368,-0.615173,-6.85075,-3.38645,0.49254,0.400335,-0.523841,0.130765,-0.00789903,0.399517,-0.0252856,-0.754128,-0.540445,-3.22033,0.506752,-0.0536312,3.12475,0.399634,2.20244,0.472757,3.24964,-0.0533097,-0.415544,0.384545,4.16498,0.536934,3.11778,-0.0512786,0.499873,-0.0550017,1.01751,0.589965,-1.2882,1.5827,-41.7344,17.2725,-42.7861,27.4742,24.2147,-12.6138,31.4814,-27.4369,5.88293,-1.78041,-0.000522354,0.00132444,-0.55932,10.3258,-22.7938,17.8178,0,4.00076,-2.60252,6.06105,-6.0448,1.72569,0.267114,0.000946119,-0.000506717,-0.534741,15.5569,-35.398,19.5601,30.6263,-3.39978,9.83241,-4.90328,-15.3417,5.87078,1.13406,0.00765814,-0.00274868,-0.00857117,1.9569,-1.95799,0.15134,0.016879,0.0957541,0.126613,12.7715,-2.13306,-0.294461,0.133056,-19.6151,-0.0374552,-0.0897121,-5.59173,0.198675,0.0666751,0.228781,-6.04736,-1.99495,-0.00789903,0,2065,0,0,1.38778e-17,-5.78964e-17,-6.93889e-18,-1.38778e-17,-1.43149e-17,5.55112e-17,5.89806e-17,5.79235e-17,0,-0.540445,-0.36476,0.506756,-0.0081004,3.14159,2.20244,0.0709107,3.24965,-0.00799646,-0.392699,4.16498,0.0805148,3.11787,-0.00769178,0.523599,0,0,0,0.129974,-0.0252856,-0.540445,0.506752,3.12475,2.20244,3.24964,-0.415544,4.16498,3.11778,0.499873,0.0227328,-2.30059,0.880447,-8.45022e-05,-0.0950289,-0.00128568,0.293535,-0.293699,0.0254963,0.0531758,0.0137366,1.00042,0.143293,-2.97352,-9.45068,-4.86533,325.382,16.3254,16.7428,-19.1049,-417.468,-0.334276,-12.3079,-123.147,-5.20823,362.733,-0.426865,362.742,89.3004,-218.639,89.0878,-218.727,-92.8335,-174.384,-93.7437,-173.856,-738.458,-4.3499,430.792,-178.497,321.778,185.353,1.73068,-57.7995,34.4942,-58.0496,-44.2563,35.0374,-2.02533,35.0681,-13.055,28.195,-1.30478,28.0326
3.64,-6.04156,-2.00275,0.154076,0.487067,-0.00257259,1.2249,-0.517634,-0.00731884,0.512013,-0.0920218,3.14971,-2.63988,2.22517,-3.26848,3.27558,-0.413969,-0.391848,-4.30566,4.18772,-3.14468,3.14413,-0.749447,0.523811,-4.99155,-2.01015,-7.3461,-0.404525,-7.32168,-3.66089,-4.44156,-2.00686,-6.83799,-0.615054,-6.84512,-3.38633,0.496577,0.398948,-0.524369,0.131152,-0.00792512,0.404602,-0.0256007,-0.763807,-0.540662,-3.25033,0.506536,-0.0537292,3.12453,0.405549,2.20214,0.482266,3.24934,-0.0533906,-0.415839,0.389545,4.16469,0.547704,3.11749,-0.0513612,0.499581,-0.0550914,1.01762,0.597407,-1.28869,1.58895,-42.9622,17.438,-43.3589,27.9563,25.2757,-12.7765,32.0102,-27.9192,5.89522,-1.77887,-0.000552665,0.00140668,-0.553703,10.4193,-22.733,17.9286,0,3.9301,-2.61111,6.02196,-6.09366,1.7012,0.268127,0.000987886,-0.000536492,-0.527155,15.7664,-35.4696,19.6387,30.8648,-3.42524,9.8662,-4.92308,-15.4611,5.89365,1.15981,0.0076216,-0.00274002,-0.00857558,1.96452,-1.96561,0.151347,0.0173641,0.0961176,0.127849,12.8783,-2.35072,-0.301987,0.0971994,-20.1761,-0.0370453,-0.104071,-5.64688,0.199085,0.065728,0.22967,-6.04181,-1.99483,-0.00792512,0,2091,-1.38778e-17,-2.77556e-17,1.0842e-18,-2.32019e-17,-1.04083e-17,-6.93889e-18,-7.1083e-18,-7.63278e-17,-7.63278e-17,-5.27735e-17,0,-0.540662,-0.368132,0.506539,-0.00811891,3.14159,2.20214,0.072337,3.24935,-0.00800859,-0.392699,4.16469,0.0821295,3.11758,-0.00770418,0.523599,0,0,0,0.130353,-0.0256007,-0.540662,0.506536,3.12453,2.20214,3.24934,-0.415839,4.16469,3.11749,0.499581,0.0230281,-2.31849,0.883876,-8.54243e-05,-0.0943469,-0.00128634,0.294678,-0.294841,0.0260762,0.0532521,0.0137623,1.00042,0.142723,-3.01185,-9.57325,-4.86286,328.87,13.0509,17.5474,-20.6318,-429.526,-0.34048,-12.7909,-124.434,-5.28915,367.288,-0.412009,367.297,90.4117,-221.268,90.1975,-221.357,-94.0003,-176.411,-94.9357,-175.869,-747.917,-4.46397,436.138,-180.712,325.832,187.69,1.38354,-58.5277,34.8639,-58.7846,-45.5346,35.4576,-2.1872,35.4876,-13.1914,28.5198,-1.35598,28.354
3.68,-6.03612,-2.00266,0.154857,0.491006,-0.00259925,1.22997,-0.517477,-0.00390155,0.511991,-0.0992137,3.14991,-2.6522,2.22517,-3.26981,3.27564,-0.437037,-0.391838,-4.3071,4.18772,-3.14523,3.14419,-0.751611,0.52383,-4.98612,-2.01019,-7.34063,-0.404416,-7.31629,-3.66078,-4.43613,-2.00682,-6.83252,-0.614944,-6.83972,-3.38622,0.49977,0.397666,-0.524869,0.131559,-0.00796257,0.409699,-0.0259229,-0.769239,-0.5408,-3.28438,0.506397,-0.0538276,3.1244,0.411271,2.20185,0.491837,3.24905,-0.0534713,-0.416135,0.394539,4.1644,0.558456,3.1172,-0.0514437,0.499289,-0.0551819,1.01772,0.604893,-1.28919,1.59531,-44.1066,17.6085,-43.9501,28.4698,26.231,-12.9441,32.5565,-28.4328,5.91262,-1.77959,-0.000583665,0.00149139,-0.548208,10.5112,-22.6715,18.0414,0,3.86052,-2.61868,5.98244,-6.14343,1.67646,0.268986,0.00102883,-0.000566634,-0.519494,15.9767,-35.5416,19.7189,31.1042,-3.45077,9.90001,-4.94333,-15.5809,5.91658,1.18571,0.00758647,-0.00273207,-0.00858111,1.97216,-1.97324,0.151356,0.0195153,0.0984795,0.1269,12.9643,-2.5311,-0.307996,0.0639509,-20.7531,-0.0360122,-0.117756,-5.70108,0.199669,0.0647719,0.230563,-6.03627,-1.9947,-0.00796257,0,2117,1.38778e-17,-2.77556e-17,-4.72712e-17,4.72712e-17,-2.08167e-17,-2.08167e-17,-1.82553e-17,-7.63278e-17,-7.28584e-17,-6.85487e-17,0,-0.5408,-0.371958,0.506401,-0.0081377,3.14159,2.20185,0.0737724,3.24906,-0.00802069,-0.392699,4.1644,0.083742,3.11728,-0.00771655,0.523599,0,0,0,0.130752,-0.0259229,-0.5408,0.506397,3.1244,2.20185,3.24905,-0.416135,4.1644,3.1172,0.499289,0.0233237,-2.33646,0.887315,-8.56899e-05,-0.0926615,-0.00128717,0.295824,-0.295986,0.0266604,0.0533285,0.013788,1.00042,0.125198,-3.02657,-9.63357,-4.89039,331.355,10.0767,18.3226,-22.0276,-441.809,-0.340403,-13.2085,-125.648,-5.45068,368.627,-0.434578,368.637,90.651,-221.375,90.4322,-221.466,-94.2019,-175.205,-95.1698,-174.643,-751.481,-4.60389,437.286,-181.187,326.509,188.081,1.06825,-58.7659,35.1274,-59.0398,-46.8367,35.4659,-2.33517,35.496,-13.3201,28.2973,-1.40025,28.1278
3.72,-6.03053,-2.00257,0.155695,0.495035,-0.00263386,1.23513,-0.517325,-0.000122907,0.511975,-0.106639,3.15011,-2.66495,2.22517,-3.27126,3.2757,-0.461063,-0.391827,-4.30853,4.18772,-3.14579,3.14426,-0.753758,0.523848,-4.98052,-2.01023,-7.33499,-0.404295,-7.31074,-3.66066,-4.43053,-2.00678,-6.82687,-0.614823,-6.83417,-3.38609,0.503337,0.396269,-0.525376,0.132052,-0.00800092,0.414849,-0.0262533,-0.777634,-0.540945,-3.31628,0.506253,-0.0539324,3.12425,0.417008,2.20155,0.501203,3.24875,-0.053536,-0.41643,0.399501,4.1641,0.569075,3.11691,-0.0515266,0.498996,-0.0552749,1.01786,0.612505,-1.28974,1.60192,-45.3815,17.783,-44.56,28.9908,27.3279,-13.1156,33.1199,-28.9541,5.9271,-1.77829,-0.000622993,0.00159826,-0.542593,10.6036,-22.6101,18.1574,0,3.79168,-2.62665,5.94285,-6.19453,1.65144,0.269588,0.000953842,-0.000532853,-0.511735,16.1867,-35.6134,19.8025,31.3436,-3.47641,9.93351,-4.96444,-15.7008,5.9398,1.21157,0.00754951,-0.00272394,-0.00858403,1.97989,-1.98098,0.151366,0.0209564,0.100741,0.128896,13.0595,-2.71761,-0.318592,0.0278502,-21.3533,-0.0357118,-0.131577,-5.75484,0.200153,0.0638048,0.231465,-6.03073,-1.99457,-0.00800092,0,2143,0,-1.38778e-17,-4.38018e-17,2.1684e-17,6.93889e-18,1.38778e-17,1.33086e-17,1.04083e-17,6.93889e-18,-2.92735e-18,0,-0.540945,-0.375544,0.506256,-0.00815841,3.14159,2.20155,0.0751775,3.24876,-0.0080304,-0.392699,4.1641,0.0853341,3.11699,-0.00772899,0.523599,0,0,0,0.131237,-0.0262533,-0.540945,0.506253,3.12425,2.20155,3.24875,-0.41643,4.1641,3.11691,0.498996,0.0236195,-2.35443,0.890796,-8.66973e-05,-0.0919623,-0.0012876,0.296984,-0.297146,0.0272429,0.053405,0.0138137,1.00043,0.115748,-3.09518,-9.82243,-4.85951,335.312,7.93572,19.2964,-23.7481,-454.775,-0.355216,-13.7474,-126.985,-5.63089,376.714,-0.435418,376.725,92.5392,-225.673,92.323,-225.763,-96.1446,-177.774,-97.1521,-177.19,-768.292,-4.82266,446.412,-184.969,333.255,191.968,0.841276,-60.072,35.5469,-60.3581,-48.2113,36.1489,-2.51756,36.1782,-13.4618,28.6933,-1.45738,28.5191
3.76,-6.02492,-2.00248,0.156637,0.499188,-0.00267307,1.24034,-0.517137,0.00336677,0.511985,-0.113411,3.15034,-2.67802,2.22517,-3.2726,3.27576,-0.486138,-0.391815,-4.30992,4.18772,-3.14631,3.14433,-0.755845,0.523866,-4.97492,-2.01032,-7.32933,-0.40418,-7.30519,-3.66055,-4.42493,-2.00676,-6.82122,-0.614708,-6.82862,-3.38598,0.506603,0.394967,-0.525851,0.132605,-0.00804979,0.42009,-0.0265885,-0.784828,-0.541052,-3.3501,0.506145,-0.0540339,3.12414,0.422768,2.20126,0.510593,3.24846,-0.0534997,-0.416725,0.404488,4.16381,0.579748,3.11661,-0.0516094,0.498703,-0.0553698,1.01801,0.620286,-1.29032,1.60876,-46.6787,17.965,-45.1981,29.5419,28.4361,-13.2943,33.7098,-29.5054,5.94354,-1.7775,-0.000658986,0.00169756,-0.536924,10.6967,-22.5479,18.2773,0,3.72313,-2.63451,5.90255,-6.24734,1.62594,0.27025,0.000133981,-7.59428e-05,-0.503742,16.3988,-35.6861,19.8893,31.5863,-3.50213,9.96723,-4.98639,-15.8223,5.96347,1.2378,0.0075132,-0.0027164,-0.00858774,1.98778,-1.98886,0.151377,0.0235432,0.103809,0.130165,13.1473,-2.88769,-0.326752,-0.00582532,-21.9746,-0.0346499,-0.144593,-5.80711,0.200704,0.0628191,0.232386,-6.02519,-1.99444,-0.00804979,0,2169,-1.38778e-17,-2.77556e-17,-9.75782e-18,-1.21431e-17,3.46945e-18,-1.38778e-17,-1.58641e-17,-7.63278e-17,-7.97973e-17,-1.02294e-16,0,-0.541052,-0.379344,0.50615,-0.00817837,3.14159,2.20126,0.0765857,3.24847,-0.00802496,-0.392699,4.16381,0.0869343,3.1167,-0.0077414,0.523599,0,0,0,0.131779,-0.0265885,-0.541052,0.506145,3.12414,2.20126,3.24846,-0.416725,4.16381,3.11661,0.498703,0.0239155,-2.37265,0.894344,-8.81231e-05,-0.090145,-0.00128816,0.298167,-0.298329,0.0278347,0.0534815,0.0138394,1.00043,0.119363,-3.14138,-9.96127,-4.88001,338.524,5.75756,20.2691,-25.3719,-468.199,-0.359423,-14.2207,-128.23,-5.71841,382.315,-0.381748,382.326,93.8726,-229.079,93.7084,-229.148,-97.6828,-180.84,-98.7156,-180.242,-779.962,-5.0441,453.08,-187.731,338.606,195.052,0.610366,-60.9612,35.8874,-61.2564,-49.6343,36.6954,-2.68971,36.7204,-13.5938,29.1919,-1.50755,29.0142
3.8,-6.01931,-2.0024,0.157655,0.503473,-0.00271399,1.24565,-0.51693,0.006973,0.512014,-0.120288,3.15059,-2.69164,2.22518,-3.27394,3.27581,-0.512772,-0.391799,-4.31129,4.18773,-3.14681,3.14439,-0.757977,0.523885,-4.9693,-2.01041,-7.32366,-0.404065,-7.29963,-3.66043,-4.41931,-2.00674,-6.81554,-0.61459,-6.82306,-3.38586,0.509988,0.393676,-0.5263,0.133251,-0.00810023,0.425417,-0.0269371,-0.792957,-0.541153,-3.38403,0.506045,-0.0541406,3.12404,0.428635,2.20095,0.519771,3.24815,-0.0533414,-0.417029,0.409521,4.1635,0.59027,3.11631,-0.0516955,0.498398,-0.0554707,1.01818,0.62825,-1.29096,1.61591,-48.0659,18.1545,-45.8661,30.1169,29.6336,-13.4804,34.3273,-30.0805,5.95962,-1.77589,-0.00069857,0.0018072,-0.531122,10.7911,-22.4854,18.4015,0,3.65501,-2.64306,5.86196,-6.30192,1.60006,0.270962,-0.00163511,0.000940612,-0.495525,16.6134,-35.7585,19.98,31.8297,-3.52926,10.0005,-5.00932,-15.9442,5.98755,1.26399,0.00747523,-0.00270878,-0.00858925,1.9958,-1.99688,0.15139,0.0254653,0.107131,0.132892,13.2382,-3.06048,-0.340559,-0.0390871,-22.6283,-0.0344111,-0.156941,-5.86051,0.201241,0.0618183,0.233321,-6.01944,-1.9943,-0.00810023,0,2196,-1.38778e-17,-4.16334e-17,-1.79978e-17,1.75641e-17,-1.04083e-17,-1.73472e-17,-1.8428e-17,1.94289e-16,1.9082e-16,1.69894e-16,0,-0.541153,-0.383157,0.50605,-0.00819962,3.14159,2.20095,0.0779623,3.24816,-0.00800121,-0.392699,4.1635,0.0885117,3.11639,-0.00775432,0.523599,0,0,0,0.132414,-0.0269371,-0.541153,0.506045,3.12404,2.20095,3.24815,-0.417029,4.1635,3.11631,0.498398,0.0242231,-2.39091,0.897953,-8.96604e-05,-0.0895542,-0.00128839,0.29937,-0.299531,0.0284248,0.0535612,0.0138662,1.00043,0.117753,-3.17369,-10.026,-4.83003,341.256,3.03653,21.0837,-26.7685,-482.061,-0.365814,-14.5686,-129.373,-5.79482,386.063,-0.397664,386.074,94.6657,-231.226,94.616,-231.247,-98.7025,-182.526,-99.755,-181.916,-788.021,-5.25932,457.445,-189.537,342.136,197.087,0.321906,-61.5614,36.1769,-61.8674,-51.1038,37.0378,-2.83776,37.0542,-13.715,29.4606,-1.54443,29.2798
3.84,-6.01368,-2.00232,0.158752,0.507819,-0.00275765,1.25098,-0.516712,0.010453,0.512048,-0.127051,3.15085,-2.70559,2.22519,-3.27542,3.27588,-0.540522,-0.391779,-4.31263,4.18773,-3.14732,3.14446,-0.75999,0.523903,-4.96367,-2.01052,-7.31797,-0.403954,-7.29406,-3.66031,-4.41368,-2.00673,-6.80985,-0.614474,-6.81749,-3.38575,0.513241,0.392235,-0.526761,0.133987,-0.00815624,0.430889,-0.0272773,-0.801441,-0.541231,-3.41892,0.505966,-0.0542519,3.12396,0.434674,2.20067,0.52897,3.24786,-0.053058,-0.417316,0.414794,4.16321,0.600825,3.11601,-0.0517788,0.498105,-0.0555712,1.01838,0.636471,-1.29163,1.62341,-49.5419,18.3542,-46.5721,30.7251,30.9146,-13.6765,34.9807,-30.689,5.97613,-1.77371,-0.000748277,0.00194432,-0.525149,10.8874,-22.4216,18.5312,0,3.58675,-2.65196,5.82043,-6.3589,1.57353,0.271818,-0.004366,0.00255018,-0.487006,16.8373,-35.832,20.0752,32.0774,-3.56001,10.0341,-5.03337,-16.0682,6.01217,1.29053,0.00743673,-0.00270141,-0.00859035,2.004,-2.00508,0.151405,0.0274183,0.108643,0.133202,13.3259,-3.2308,-0.348664,-0.0759875,-23.3032,-0.0333936,-0.169597,-5.91094,0.201792,0.0607925,0.234278,-6.01391,-1.99416,-0.00815624,0,2222,0,0,-2.34188e-17,1.0842e-18,6.93889e-18,6.93889e-18,7.03376e-18,2.77556e-17,1.73472e-17,2.09251e-17,0,-0.541231,-0.387077,0.505971,-0.00822282,3.14159,2.20067,0.0793422,3.24788,-0.0079587,-0.392699,4.16321,0.0900944,3.1161,-0.00776682,0.523599,0,0,0,0.133136,-0.0272773,-0.541231,0.505966,3.12396,2.20067,3.24786,-0.417316,4.16321,3.11601,0.498105,0.0245196,-2.4095,0.901646,-8.98145e-05,-0.0876336,-0.00128855,0.300601,-0.300761,0.0290234,0.0536379,0.013892,1.00044,0.109818,-3.21235,-10.1285,-4.81641,344.201,0.567597,22.0619,-28.4066,-496.569,-0.369657,-14.9752,-130.511,-5.94524,390.439,-0.411678,390.451,95.502,-233.531,95.6305,-233.479,-99.7937,-183.723,-100.875,-183.097,-797.477,-5.49621,462.335,-191.558,345.911,199.263,0.0601717,-62.2718,36.4892,-62.5914,-52.6419,37.4029,-3.01141,37.407,-13.8357,29.6392,-1.58753,29.455
3.88,-6.00804,-2.00224,0.159931,0.512288,-0.00280578,1.2564,-0.516476,0.013967,0.512096,-0.133865,3.15113,-2.72009,2.2252,-3.27691,3.27595,-0.569942,-0.391751,-4.31394,4.18773,-3.14779,3.14453,-0.762037,0.523922,-4.95803,-2.01065,-7.31227,-0.403844,-7.28848,-3.6602,-4.40805,-2.00673,-6.80415,-0.614358,-6.81192,-3.38563,0.516522,0.390787,-0.527182,0.13479,-0.00821697,0.43638,-0.0276335,-0.809503,-0.541304,-3.45465,0.505894,-0.0543713,3.12389,0.44042,2.20037,0.538089,3.24757,-0.0526538,-0.417609,0.419764,4.1629,0.611303,3.11571,-0.0518652,0.4978,-0.0556771,1.0186,0.644779,-1.29234,1.63111,-51.0623,18.5607,-47.305,31.359,32.235,-13.8791,35.6592,-31.3231,5.99345,-1.77135,-0.000805373,0.0021021,-0.519146,10.9823,-22.3575,18.6641,0,3.51952,-2.66,5.77869,-6.41734,1.54663,0.272854,-0.00810848,0.00480981,-0.478269,17.0519,-35.9051,20.1732,32.3248,-3.58607,10.0674,-5.05816,-16.192,6.03715,1.31717,0.00739781,-0.00269428,-0.00859039,2.01233,-2.01339,0.151422,0.0294749,0.111731,0.135395,13.4144,-3.40274,-0.362531,-0.112871,-24.0125,-0.032872,-0.181252,-5.96222,0.202373,0.0597525,0.235249,-6.00817,-1.99402,-0.00821697,0,2249,0,0,-6.50521e-19,-2.12504e-17,2.08167e-17,1.04083e-17,9.02598e-18,7.97973e-17,7.28584e-17,5.8574e-17,0,-0.541304,-0.391092,0.505899,-0.00824823,3.14159,2.20037,0.0807101,3.24758,-0.00789807,-0.392699,4.1629,0.0916656,3.11579,-0.00777978,0.523599,0,0,0,0.133924,-0.0276335,-0.541304,0.505894,3.12389,2.20037,3.24757,-0.417609,4.1629,3.11571,0.4978,0.0248277,-2.42807,0.905392,-9.05676e-05,-0.0866411,-0.00128856,0.301849,-0.302009,0.029624,0.0537178,0.0139188,1.00044,0.111604,-3.26629,-10.2536,-4.80176,347.491,-1.60247,23.1425,-30.1343,-511.525,-0.377863,-15.3918,-131.707,-6.05825,396.846,-0.37143,396.859,96.8259,-237.395,97.2095,-237.239,-101.522,-186.957,-102.629,-186.316,-810.838,-5.78,469.859,-194.668,351.916,202.724,-0.16988,-63.2924,36.8379,-63.6226,-54.2274,38.0218,-3.19457,38.008,-13.9624,30.1616,-1.63171,29.9735
3.92,-6.00239,-2.00216,0.161171,0.516763,-0.00284942,1.26178,-0.516241,0.0174544,0.512142,-0.140903,3.15141,-2.73482,2.22523,-3.27851,3.27604,-0.602802,-0.391702,-4.31521,4.18774,-3.14825,3.14459,-0.763951,0.523941,-4.95238,-2.01077,-7.30656,-0.403747,-7.2829,-3.66009,-4.4024,-2.00672,-6.79844,-0.614245,-6.80633,-3.38552,0.519776,0.38923,-0.527598,0.135689,-0.00828013,0.442009,-0.0279741,-0.818736,-0.541365,-3.49056,0.505832,-0.054493,3.12383,0.446439,2.20011,0.547142,3.2473,-0.0510846,-0.417877,0.42504,4.16261,0.621719,3.11541,-0.0519489,0.497506,-0.055783,1.01885,0.65334,-1.2931,1.63916,-52.7062,18.778,-48.0788,32.0255,33.678,-14.0925,36.3763,-31.9899,6.01024,-1.76787,-0.000870626,0.00228294,-0.512944,11.0793,-22.2922,18.8026,0,3.45249,-2.66878,5.73618,-6.47829,1.51922,0.27732,-0.0209171,0.0126062,-0.468421,17.2776,-35.9787,20.2754,32.5753,-3.61726,10.1005,-5.08397,-16.3174,6.06259,1.34397,0.00735771,-0.00268711,-0.00858912,2.0208,-2.02186,0.151441,0.0309917,0.111881,0.134683,13.5022,-3.58056,-0.368424,-0.151986,-24.7446,-0.0315539,-0.192765,-6.01017,0.202933,0.0586925,0.236237,-6.00265,-1.99388,-0.00828013,0,2275,1.38778e-17,2.77556e-17,1.84314e-17,2.68882e-17,-1.38778e-17,-3.1225e-17,-2.83519e-17,1.42247e-16,1.45717e-16,1.40784e-16,0,-0.541365,-0.395128,0.505838,-0.00827509,3.14159,2.20011,0.0820679,3.24731,-0.0076627,-0.392699,4.16261,0.0932278,3.1155,-0.00779234,0.523599,0,0,0,0.134806,-0.0279741,-0.541365,0.505832,3.12383,2.20011,3.2473,-0.417877,4.16261,3.11541,0.497506,0.0251247,-2.44688,0.909209,-9.0146e-05,-0.0843521,-0.00128837,0.30312,-0.30328,0.0302284,0.0537947,0.0139446,1.00045,0.10364,-3.3027,-10.3331,-4.76453,350.351,-4.29701,24.1622,-31.8182,-522.95,-0.384549,-15.7404,-132.761,-6.20965,400.847,-0.404842,400.86,97.244,-239.713,98.4553,-239.219,-102.525,-187.972,-103.659,-187.316,-819.559,-6.03487,474.322,-196.5,355.382,204.722,-0.455531,-63.9432,37.1411,-64.2873,-55.4385,38.3871,-3.37308,38.3207,-14.0741,30.3105,-1.66866,30.1193
3.96,-5.99671,-2.0021,0.162582,0.521408,-0.00289784,1.26722,-0.515947,0.0205182,0.512232,-0.146894,3.15175,-2.74999,2.22535,-3.28002,3.2762,-0.655659,-0.391525,-4.3164,4.18775,-3.14867,3.14466,-0.765909,0.52396,-4.9467,-2.01095,-7.30083,-0.403704,-7.27728,-3.65999,-4.39671,-2.00674,-6.79269,-0.614146,-6.80072,-3.38542,0.522594,0.387706,-0.527963,0.136639,-0.00836321,0.447595,-0.0283311,-0.825097,-0.54138,-3.52905,0.505817,-0.0546248,3.12382,0.452251,2.19991,0.555908,3.24711,-0.0410942,-0.418073,0.430292,4.16232,0.631798,3.11512,-0.0520359,0.497201,-0.0558938,1.01911,0.661898,-1.29389,1.64735,-54.3044,19.0005,-48.8741,32.7228,35.0607,-14.3109,37.1138,-32.6873,6.03043,-1.76553,-0.000945925,0.002492,-0.506861,11.1741,-22.2267,18.9421,0,3.38729,-2.67766,5.69502,-6.54096,1.49182,0.308903,-0.0999268,0.0611858,-0.451958,17.5029,-36.0515,20.3798,32.8219,-3.64984,10.1328,-5.11033,-16.4406,6.08781,1.37021,0.00731688,-0.00268006,-0.00858557,2.0292,-2.03026,0.151461,0.0352729,0.116121,0.135913,13.5795,-3.73262,-0.379092,-0.186974,-25.5083,-0.0297638,-0.202939,-6.05922,0.20361,0.0576324,0.237217,-5.99692,-1.99374,-0.00836321,0,2302,0,1.38778e-17,-9.1073e-18,-1.38778e-17,-3.46945e-18,-1.04083e-17,-9.32414e-18,9.36751e-17,9.36751e-17,9.07748e-17,0,-0.54138,-0.399452,0.505824,-0.00830488,3.14159,2.19991,0.0833836,3.24712,-0.00616412,-0.392699,4.16232,0.0947424,3.11519,-0.00780539,0.523599,0,0,0,0.135737,-0.0283311,-0.54138,0.505817,3.12382,2.19991,3.24711,-0.418073,4.16232,3.11512,0.497201,0.0254333,-2.46543,0.913009,-8.1272e-05,-0.0810484,-0.00128783,0.30438,-0.304539,0.0308218,0.0538747,0.0139715,1.00045,0.0962831,-3.35584,-10.446,-4.75831,353.362,-6.13542,25.322,-33.5507,-524.275,-0.39884,-16.1181,-133.913,-6.41028,406.725,-0.391059,406.739,94.6453,-244.631,100.65,-242.22,-104.03,-189.941,-105.193,-189.267,-832.197,-6.37368,481.009,-199.207,360.594,207.726,-0.650424,-64.8929,37.4604,-65.254,-55.579,39.162,-3.55675,38.7964,-14.1963,30.6135,-1.7087,30.4187
4,-5.99098,-2.00207,0.164353,0.526259,-0.00292664,1.2728,-0.515675,0.0242061,0.512317,-0.153713,3.15207,-2.76563,2.22574,-3.2836,3.27664,-0.73758,-0.391003,-4.31736,4.18778,-3.14894,3.14475,-0.767684,0.523978,-4.94097,-2.01112,-7.29515,-0.403848,-7.2716,-3.65993,-4.39098,-2.00676,-6.78692,-0.614099,-6.79503,-3.38537,0.52605,0.384043,-0.528172,0.137763,-0.00848572,0.453304,-0.0286688,-0.836051,-0.541417,-3.56473,0.50578,-0.0547618,3.12378,0.458958,2.19999,0.563781,3.24719,-0.0167619,-0.417999,0.435864,4.16203,0.641378,3.11484,-0.0521228,0.496895,-0.0560102,1.01943,0.670726,-1.29474,1.65598,-56.1526,19.2346,-49.7148,33.4427,36.7088,-14.5406,37.8938,-33.4076,6.04623,-1.76014,-0.00103032,0.00272748,-0.500479,11.2729,-22.1603,19.0854,0,3.32255,-2.69224,5.65777,-6.60879,1.4644,0.389915,-0.294617,0.183304,-0.42634,17.7397,-36.1232,20.4897,33.067,-3.69005,10.1639,-5.1379,-16.5625,6.1134,1.39569,0.00727633,-0.00267381,-0.00858165,2.03773,-2.03878,0.151485,0.0442801,0.121271,0.139557,13.6724,-3.90569,-0.391112,-0.266703,-26.1289,-0.0240019,-0.209143,-6.1037,0.204135,0.0565687,0.238208,-5.99119,-1.99359,-0.00848572,0,2329,2.77556e-17,2.77556e-17,-2.23346e-17,2.25514e-17,-1.38778e-17,-2.08167e-17,-2.25514e-17,3.46945e-17,3.81639e-17,1.79978e-17,0,-0.541417,-0.40346,0.505787,-0.00833664,3.14159,2.19999,0.0845667,3.24719,-0.00251428,-0.392699,4.16203,0.0961879,3.11489,-0.00781843,0.523599,0,0,0,0.136839,-0.0286688,-0.541417,0.50578,3.12378,2.19999,3.24719,-0.417999,4.16203,3.11484,0.496895,0.0257422,-2.48393,0.916899,-5.555e-05,-0.0714783,-0.00128725,0.305659,-0.305817,0.0314028,0.0539549,0.0139984,1.00046,0.0884328,-3.43933,-10.5995,-4.69598,357.086,-8.09911,26.5495,-36.1531,-513.958,-0.421086,-16.4025,-134.946,-6.61095,415.839,-0.388577,415.855,84.8227,-253.939,103.245,-246.992,-106.275,-193.085,-107.463,-192.398,-851.155,-6.75037,491.399,-203.29,368.363,212.202,-0.858597,-66.3616,37.8552,-66.7368,-54.4853,40.6349,-3.83263,39.5534,-14.3058,31.1022,-1.73885,30.9053
4.04,-5.98505,-2.00212,0.166859,0.531458,-0.00290621,1.2784,-0.515289,0.0269354,0.512488,-0.158616,3.15248,-2.782,2.22666,-3.29332,3.27761,-0.830761,-0.389902,-4.3178,4.18784,-3.14884,3.14486,-0.769148,0.523998,-4.93503,-2.01134,-7.28943,-0.404369,-7.26565,-3.65997,-4.38505,-2.00677,-6.78101,-0.614163,-6.78907,-3.38543,0.528535,0.374186,-0.52798,0.139244,-0.00868698,0.458993,-0.0289689,-0.843408,-0.541352,-3.60505,0.505845,-0.054907,3.12384,0.46436,2.20059,0.570928,3.24779,0.0200592,-0.417412,0.441681,4.16177,0.649245,3.11458,-0.0522147,0.496579,-0.0561409,1.01985,0.679699,-1.29573,1.66515,-57.9746,19.4841,-50.6125,34.2235,38.3063,-14.7854,38.7271,-34.189,6.06713,-1.75618,-0.00112355,0.00298911,-0.494018,11.3661,-22.0931,19.2313,0,3.25749,-2.7087,5.62868,-6.68492,1.43576,0.519389,-0.595178,0.376271,-0.397756,17.9825,-36.1879,20.6054,33.2932,-3.7427,10.1899,-5.16657,-16.674,6.1387,1.41778,0.00722674,-0.00266546,-0.00856389,2.04616,-2.04721,0.151517,0.062655,0.129975,0.139986,13.7415,-4.03122,-0.409118,-0.486757,-26.1238,-0.0110978,-0.205058,-6.14037,0.204826,0.0554526,0.239181,-5.98526,-1.99344,-0.00868698,0,2357,-1.38778e-17,-2.77556e-17,1.23599e-17,1.04083e-17,-1.73472e-17,-3.46945e-18,-5.20417e-18,9.02056e-17,9.36751e-17,8.72783e-17,0,-0.541352,-0.407996,0.505846,-0.00837109,3.14159,2.20059,0.0856423,3.24778,0.00300889,-0.392699,4.16177,0.0973884,3.11457,-0.00783221,0.523599,0,0,0,0.13829,-0.0289689,-0.541352,0.505845,3.12384,2.20059,3.24779,-0.417412,4.16177,3.11458,0.496579,0.0260627,-2.50115,0.920814,4.65116e-06,-0.0508227,-0.00128458,0.306923,-0.307081,0.031916,0.054038,0.0140264,1.00047,0.0639273,-3.5795,-10.7693,-4.73987,359.951,-9.36815,28.1046,-41.4058,-482.304,-0.482159,-16.4018,-135.765,-6.95584,430.396,-0.439236,430.413,65.2412,-267.705,106.4,-254.077,-109.65,-196.489,-110.861,-195.789,-881.649,-7.32707,507.785,-209.529,380.003,218.91,-0.993129,-68.7266,38.1588,-69.1285,-51.1296,42.8146,-4.38947,40.6701,-14.3927,31.5998,-1.73877,31.4022
4.08,-5.97921,-2.0022,0.169975,0.536819,-0.00285864,1.28396,-0.514919,0.0299994,0.512661,-0.16368,3.15289,-2.80097,2.22832,-3.31636,3.27932,-0.899817,-0.388086,-4.31781,4.18795,-3.14871,3.145,-0.77052,0.524015,-4.9292,-2.01155,-7.284,-0.405306,-7.25977,-3.66004,-4.37922,-2.00677,-6.77525,-0.614276,-6.78317,-3.38555,0.531363,0.351046,-0.527724,0.141487,-0.00891503,0.464396,-0.0292308,-0.854944,-0.541291,-3.64251,0.505907,-0.0550654,3.1239,0.462545,2.20195,0.578545,3.24914,0.0602983,-0.416082,0.447598,4.16158,0.653233,3.11438,-0.0523008,0.496272,-0.0562924,1.02049,0.688602,-1.29699,1.67514,-60.0247,19.7489,-51.5692,35.0282,40.1495,-15.0445,39.6136,-34.994,6.08375,-1.74917,-0.0012413,0.00331944,-0.48732,11.4315,-22.0264,19.382,0,3.18935,-2.71293,5.61148,-6.77358,1.40222,0.669782,-0.935176,0.600763,-0.374972,18.2228,-36.2384,20.7325,33.468,-3.81671,10.2055,-5.19766,-16.7582,6.1623,1.43161,0.00718713,-0.00266377,-0.00854885,2.05402,-2.05506,0.151566,0.0779069,0.134024,0.139055,13.8188,-4.16165,-0.474419,-1.02113,-25.0461,-0.000331863,-0.198831,-6.17477,0.205361,0.0541394,0.240075,-5.97954,-1.99329,-0.00891503,0,2384,1.38778e-17,2.77556e-17,-5.20417e-18,-1.77809e-17,-2.08167e-17,-1.73472e-17,-1.56125e-17,-8.32667e-17,-7.97973e-17,-6.04443e-17,0,-0.541291,-0.412202,0.50591,-0.00841058,3.14159,2.20195,0.0867912,3.24911,0.00904475,-0.392699,4.16158,0.0980285,3.11427,-0.00784512,0.523599,0,0,0,0.140487,-0.0292308,-0.541291,0.505907,3.1239,2.20195,3.24914,-0.416082,4.16158,3.11438,0.496272,0.0263721,-2.51477,0.924598,0.000126844,-0.0323265,-0.00128233,0.308103,-0.30826,0.0322417,0.0541184,0.0140534,1.00048,0.0745106,-3.8681,-11.091,-4.71967,364.453,-9.548,30.5344,-53.2239,-431.806,-0.625204,-16.3488,-136.578,-7.19153,460.869,-0.368861,460.887,37.6369,-291.814,112.652,-271.702,-117.216,-210.516,-118.397,-209.833,-942.907,-8.18742,543.842,-223.364,406.207,234.007,-1.01219,-73.5863,38.6361,-73.9944,-45.7762,46.6743,-5.64233,43.4816,-14.4788,33.861,-1.73315,33.6684
4.12,-5.97366,-2.00229,0.173519,0.5423,-0.00280801,1.28918,-0.514324,0.030473,0.512999,-0.163314,3.15349,-2.8238,2.23058,-3.35476,3.28167,-0.924563,-0.38579,-4.31747,4.18808,-3.1483,3.14514,-0.771574,0.524034,-4.92365,-2.01188,-7.27899,-0.406567,-7.25418,-3.66013,-4.37367,-2.00678,-6.76977,-0.614407,-6.77755,-3.38568,0.531571,0.312695,-0.527203,0.144354,-0.00915281,0.469333,-0.0294897,-0.855152,-0.541006,-3.68976,0.506192,-0.055259,3.12419,0.446106,2.2039,0.591173,3.25109,0.0858353,-0.414153,0.449903,4.1614,0.655176,3.1142,-0.0523901,0.495968,-0.0564647,1.02132,0.697152,-1.2985,1.6856,-61.6855,20.0212,-52.5573,35.8971,41.5505,-15.3101,40.528,-35.8633,6.11348,-1.74739,-0.00140732,0.00378307,-0.481078,11.4403,-21.952,19.5415,0,3.11518,-2.67863,5.59859,-6.87648,1.35829,0.775429,-1.17308,0.766856,-0.359804,18.3316,-36.2764,20.8656,33.6014,-3.83865,10.2131,-5.23016,-16.8214,6.18647,1.44148,0.00713122,-0.00265792,-0.00850767,2.06207,-2.06311,0.151628,0.0886,0.137022,0.130362,13.8314,-4.15828,-0.570531,-1.92466,-23.5832,0.00863009,-0.18563,-6.20118,0.206341,0.0524225,0.240994,-5.97383,-1.99314,-0.00915281,0,2411,1.38778e-17,4.16334e-17,8.19657e-17,-1.27068e-16,-1.38778e-17,-1.04083e-17,-1.38778e-17,-6.93889e-17,-7.28584e-17,-8.31583e-17,0,-0.541006,-0.417513,0.506194,-0.00846207,3.14159,2.2039,0.0886904,3.25104,0.0128753,-0.392699,4.1614,0.0983631,3.11396,-0.00785851,0.523599,0,0,0,0.143294,-0.0294897,-0.541006,0.506192,3.12419,2.2039,3.25109,-0.414153,4.1614,3.1142,0.495968,0.0266817,-2.52528,0.928477,0.000252909,-0.019138,-0.00127615,0.309311,-0.309467,0.0324735,0.0541988,0.0140804,1.0005,0.171796,-4.06202,-11.1321,-4.7293,364.799,-9.30373,33.4545,-72.8279,-417.945,-0.694396,-15.8215,-136.823,-6.88722,478.815,-0.21077,478.834,10.6108,-308.648,115.793,-286.273,-122.82,-229.498,-123.854,-228.897,-977.397,-9.06706,568.437,-231.98,425.674,245.225,-0.9863,-76.3088,38.6727,-76.6902,-44.3068,49.4234,-7.72057,45.8365,-14.5048,37.0772,-1.67726,36.8952
4.16,-5.96844,-2.00234,0.177023,0.54776,-0.00282422,1.29401,-0.513513,0.0288721,0.513545,-0.154751,3.15427,-2.851,2.23301,-3.40704,3.28424,-0.921217,-0.383463,-4.31704,4.18811,-3.14754,3.14518,-0.772045,0.524049,-4.91842,-2.01241,-7.27424,-0.407851,-7.24898,-3.66016,-4.36844,-2.00686,-6.76452,-0.614448,-6.77235,-3.38572,0.529735,0.260662,-0.526407,0.147696,-0.00934747,0.473887,-0.0297814,-0.852406,-0.54047,-3.73765,0.506728,-0.0554086,3.12472,0.412572,2.20605,0.611339,3.25325,0.0822427,-0.411993,0.448841,4.16116,0.656061,3.11396,-0.0524656,0.495696,-0.0566449,1.02231,0.705418,-1.30025,1.69646,-63.1971,20.2839,-53.5307,36.7652,42.787,-15.5637,41.4208,-36.7285,6.14621,-1.74864,-0.00152934,0.00413286,-0.475616,11.3869,-21.8659,19.7174,0,3.03427,-2.59606,5.5805,-6.99243,1.30149,0.775393,-1.18353,0.789361,-0.344892,18.3166,-36.3031,21.0027,33.7005,-3.80746,10.216,-5.26434,-16.87,6.21141,1.44937,0.00709071,-0.00265917,-0.00847978,2.07038,-2.07142,0.151702,0.0875947,0.136501,0.12083,13.7902,-3.95024,-0.680172,-3.17077,-23.2658,0.0108394,-0.165512,-6.213,0.207437,0.0502096,0.241948,-5.96875,-1.993,-0.00934747,0,2435,1.38778e-17,-1.38778e-17,3.46945e-17,1.17094e-17,-2.42861e-17,-2.42861e-17,-2.08167e-17,1.52656e-16,1.45717e-16,1.34224e-16,0,-0.54047,-0.422936,0.506726,-0.00850186,3.14159,2.20605,0.0917153,3.2532,0.0123364,-0.392699,4.16116,0.0985085,3.11369,-0.00786985,0.523599,0,0,0,0.146562,-0.0297814,-0.54047,0.506728,3.12472,2.20605,3.25325,-0.411993,4.16116,3.11396,0.495696,0.0269571,-2.53286,0.932293,0.000290637,-0.0201282,-0.00127197,0.310557,-0.310714,0.0326495,0.0542703,0.0141044,1.00051,0.288185,-4.01789,-10.5708,-4.31406,359.335,-8.77162,35.1608,-99.2813,-463.667,-0.727153,-14.4551,-136.032,-6.20991,467.403,-0.127188,467.42,4.08546,-306.101,114.779,-283.807,-121.516,-238.409,-122.362,-237.912,-952.831,-9.60889,559.867,-226.894,421.149,242.62,-0.92989,-74.3022,38.0936,-74.6504,-49.1539,49.0731,-10.5249,45.4744,-14.4209,38.7213,-1.5324,38.5489
4.2,-5.96358,-2.00237,0.180237,0.553026,-0.0028591,1.29882,-0.51278,0.0288662,0.514096,-0.146145,3.15498,-2.88056,2.23537,-3.46574,3.28679,-0.923524,-0.381221,-4.31671,4.18809,-3.1466,3.14516,-0.772373,0.524065,-4.91356,-2.01289,-7.26983,-0.409058,-7.24417,-3.66017,-4.36359,-2.00694,-6.75962,-0.614444,-6.76754,-3.38571,0.529578,0.202269,-0.525505,0.15101,-0.00950226,0.478488,-0.0300804,-0.864815,-0.540001,-3.7708,0.507196,-0.0554392,3.12519,0.368922,2.20815,0.638206,3.25535,0.0744659,-0.409887,0.450425,4.16087,0.655935,3.11367,-0.0525436,0.495437,-0.0568238,1.02331,0.713809,-1.30203,1.70749,-65.3022,20.538,-54.491,37.5644,44.6927,-15.8082,42.2985,-37.5243,6.16145,-1.74388,-0.00149729,0.00406779,-0.470056,11.3004,-21.7647,19.9121,0,2.95048,-2.48498,5.55134,-7.11929,1.23544,0.759569,-1.1651,0.795359,-0.327593,18.3909,-36.3247,21.1397,33.7873,-3.82741,10.218,-5.29889,-16.914,6.23432,1.45468,0.00703059,-0.00265304,-0.00842674,2.07801,-2.07905,0.151777,0.0803573,0.131657,0.120085,13.7885,-3.73537,-0.738898,-4.5792,-23.3203,0.00806566,-0.142559,-6.22126,0.207957,0.0476455,0.242839,-5.96389,-1.99287,-0.00950226,0,2458,2.77556e-17,2.77556e-17,1.73472e-17,2.90566e-17,-3.46945e-17,-1.04083e-17,-2.77556e-17,6.245e-17,5.20417e-17,6.2179e-17,0,-0.540001,-0.426706,0.507192,-0.00850392,3.14159,2.20815,0.0957443,3.2553,0.0111699,-0.392699,4.16087,0.0984802,3.11343,-0.00788154,0.523599,0,0,0,0.149802,-0.0300804,-0.540001,0.507196,3.12519,2.20815,3.25535,-0.409887,4.16087,3.11367,0.495437,0.0272213,-2.53925,0.935675,0.000263791,-0.0285112,-0.00126401,0.311702,-0.311857,0.0327627,0.054339,0.0141275,1.00052,0.391642,-3.80064,-9.83325,-3.71172,354.176,-8.57608,36.1415,-130.244,-491.558,-0.753376,-13.0128,-135.201,-5.36479,436.545,-0.153989,436.56,2.66081,-290.572,109.433,-269.199,-115.227,-237.55,-115.926,-237.135,-889.148,-9.61594,528.175,-212.594,399.353,230.066,-0.909161,-69.2028,37.5466,-69.5131,-52.1107,46.6297,-13.8074,43.1679,-14.3328,38.7801,-1.3795,38.614
4.24,-5.95926,-2.00241,0.18332,0.558326,-0.00294592,1.30363,-0.512053,0.0281903,0.514607,-0.137358,3.15568,-2.91093,2.2375,-3.52688,3.28913,-0.935158,-0.37921,-4.3166,4.18808,-3.146,3.14514,-0.772963,0.524079,-4.90923,-2.01347,-7.26583,-0.410122,-7.23997,-3.66015,-4.35927,-2.00712,-6.75518,-0.61442,-6.76334,-3.38569,0.52871,0.141459,-0.524936,0.154056,-0.00966499,0.483123,-0.0304085,-0.870433,-0.539516,-3.81021,0.507682,-0.0554857,3.12567,0.322758,2.21004,0.66796,3.25724,0.0667627,-0.407997,0.455642,4.16062,0.655368,3.11342,-0.0526168,0.4952,-0.0569902,1.02425,0.722203,-1.30374,1.71831,-67.197,20.7965,-55.4669,38.4098,46.3607,-16.0591,43.1982,-38.37,6.18479,-1.74124,-0.00149187,0.00407445,-0.464479,11.2077,-21.657,20.116,0,2.87089,-2.3699,5.51423,-7.24985,1.16693,0.743072,-1.1486,0.803828,-0.309592,18.5952,-36.352,21.2775,33.8757,-3.91415,10.2225,-5.33377,-16.9586,6.25418,1.45831,0.00697148,-0.00264698,-0.00837306,2.08463,-2.08566,0.151847,0.0770612,0.132489,0.120328,13.7723,-3.51474,-0.759269,-6.05443,-23.5948,0.0027995,-0.12789,-6.23609,0.208748,0.0449908,0.24362,-5.95945,-1.99275,-0.00966499,0,2479,-1.38778e-17,-5.55112e-17,-5.20417e-18,5.1608e-17,-1.04083e-17,-1.38778e-17,-1.56125e-17,1.31839e-16,1.17961e-16,1.17934e-16,0,-0.539516,-0.431127,0.50768,-0.00851232,3.14159,2.21004,0.100208,3.25719,0.0100144,-0.392699,4.16062,0.0983893,3.11319,-0.00789251,0.523599,0,0,0,0.152775,-0.0304085,-0.539516,0.507682,3.12567,2.21004,3.25724,-0.407997,4.16062,3.11342,0.4952,0.0274626,-2.5458,0.938622,0.000247766,-0.0368766,-0.00125596,0.312694,-0.312849,0.03284,0.0544018,0.0141485,1.00053,0.524956,-3.53554,-9.12731,-3.45364,348.091,-8.7808,36.0805,-163.165,-503.64,-0.734617,-11.9127,-134.665,-4.49137,402.733,-0.118384,402.745,2.28237,-274.129,102.455,-254.288,-108.77,-239.459,-109.319,-239.127,-819.294,-9.45851,493.773,-197.526,377.019,217.202,-0.930863,-63.5821,36.9015,-63.8494,-53.3915,44.0497,-17.2973,40.8228,-14.276,39.3401,-1.26288,39.1802
4.28,-5.95551,-2.00242,0.186002,0.563065,-0.00299849,1.30794,-0.511317,0.0270482,0.515146,-0.127364,3.15638,-2.93982,2.23936,-3.58888,3.29119,-0.951537,-0.37745,-4.31656,4.18805,-3.14542,3.14512,-0.773055,0.524093,-4.90547,-2.01397,-7.26238,-0.411051,-7.23627,-3.66014,-4.35552,-2.00722,-6.75135,-0.614391,-6.75966,-3.38566,0.527412,0.0797661,-0.5244,0.157015,-0.00978132,0.488101,-0.0306566,-0.881571,-0.538975,-3.8458,0.508222,-0.0555322,3.12621,0.281326,2.2117,0.69662,3.2589,0.0596727,-0.406326,0.459028,4.16039,0.657159,3.11319,-0.0526805,0.49501,-0.0571433,1.02517,0.731081,-1.3054,1.72943,-69.4331,21.0642,-56.4851,39.2759,48.3883,-16.3197,44.1381,-39.2366,6.2028,-1.7353,-0.0015039,0.00412934,-0.458658,11.1387,-21.5502,20.3308,0,2.79747,-2.27244,5.47245,-7.38212,1.10079,0.728313,-1.13537,0.815225,-0.292177,18.7378,-36.3855,21.4159,33.9959,-3.95576,10.2314,-5.36887,-17.0199,6.2775,1.4677,0.00690084,-0.00263524,-0.00831108,2.0924,-2.09342,0.151917,0.0670642,0.118476,0.107862,13.7445,-3.26474,-0.722163,-7.558,-23.9695,0.00108485,-0.114407,-6.23849,0.209354,0.0424296,0.24453,-5.95586,-1.99265,-0.00978132,0,2496,-1.38778e-17,-1.38778e-17,2.0383e-17,3.03577e-18,-3.46945e-17,-4.16334e-17,-3.64292e-17,-6.93889e-18,-1.04083e-17,-2.12504e-17,0,-0.538975,-0.435128,0.508218,-0.00852275,3.14159,2.2117,0.104504,3.25887,0.00895091,-0.392699,4.16039,0.0986424,3.113,-0.00790208,0.523599,0,0,0,0.155662,-0.0306566,-0.538975,0.508222,3.12621,2.2117,3.2589,-0.406326,4.16039,3.11319,0.49501,0.0276581,-2.55462,0.942029,0.000202166,-0.0422559,-0.00124666,0.31386,-0.314013,0.0330458,0.0544526,0.0141656,1.00053,0.670788,-3.22486,-8.26116,-3.03384,340.36,-9.71777,34.2927,-195.141,-515.15,-0.610512,-10.6073,-133.482,-3.63472,366.107,-0.0840849,366.117,1.77669,-256.247,94.9404,-238.043,-101.894,-241.783,-102.296,-241.531,-743.638,-9.12997,456.267,-181.534,353.215,203.491,-1.03019,-57.4915,36.082,-57.7124,-54.6116,41.2441,-20.6872,38.2661,-14.1506,39.9897,-1.1245,39.8328
4.32,-5.95226,-2.00243,0.188285,0.567351,-0.00306293,1.31192,-0.510673,0.0263127,0.515614,-0.118768,3.15699,-2.96776,2.24104,-3.65235,3.29308,-0.970791,-0.375852,-4.31667,4.18801,-3.14502,3.14509,-0.773325,0.524107,-4.90223,-2.01443,-7.25939,-0.411868,-7.2331,-3.66011,-4.35227,-2.00733,-6.74802,-0.614342,-6.7565,-3.38561,0.526527,0.0165892,-0.524035,0.159578,-0.00987375,0.492667,-0.0309051,-0.891814,-0.538515,-3.87783,0.508683,-0.0556061,3.12668,0.243838,2.2132,0.72323,3.2604,0.0545333,-0.404821,0.463177,4.16017,0.658892,3.11297,-0.0527455,0.494833,-0.0572817,1.02599,0.73922,-1.30689,1.73955,-71.5343,21.3118,-57.4293,40.0816,50.2998,-16.5605,45.0105,-40.0422,6.21889,-1.7291,-0.00155737,0.00429699,-0.453424,11.0785,-21.451,20.5323,0,2.73566,-2.18937,5.43294,-7.50683,1.04043,0.719677,-1.13687,0.836184,-0.27626,18.9066,-36.4184,21.5425,34.1087,-4.01222,10.2409,-5.40105,-17.0775,6.29797,1.47631,0.00681764,-0.00261695,-0.00823149,2.09922,-2.10023,0.151978,0.0570664,0.107161,0.099347,13.7265,-3.05153,-0.69859,-9.10261,-24.3006,-0.00287994,-0.105203,-6.24535,0.209907,0.0400955,0.245341,-5.95248,-1.99255,-0.00987375,0,2512,1.38778e-17,2.77556e-17,-1.34441e-17,-8.67362e-18,-4.51028e-17,-6.245e-17,-6.07153e-17,1.11022e-16,1.04083e-16,8.66278e-17,0,-0.538515,-0.438725,0.508681,-0.00854245,3.14159,2.2132,0.108494,3.26037,0.00817999,-0.392699,4.16017,0.098886,3.11283,-0.00791182,0.523599,0,0,0,0.15816,-0.0309051,-0.538515,0.508683,3.12668,2.2132,3.2604,-0.404821,4.16017,3.11297,0.494833,0.0278421,-2.56287,0.945004,0.000154329,-0.0499894,-0.00123472,0.314883,-0.315034,0.0332333,0.0545005,0.0141817,1.00054,0.761626,-2.79905,-7.14035,-2.56687,331.263,-12.827,31.2899,-225.87,-517.729,-0.535145,-9.24761,-132.374,-3.04281,317.007,-0.133164,317.015,0.438188,-228.568,84.1592,-212.543,-91.2701,-232.355,-91.5761,-232.155,-644.212,-8.3267,402.607,-159.398,316.368,182.266,-1.3598,-49.4886,35.1176,-49.6858,-54.8851,36.8478,-23.9447,34.2061,-14.0332,38.6572,-0.98035,38.5017
4.36,-5.94922,-2.00243,0.190308,0.571252,-0.00312537,1.31596,-0.510408,0.0292111,0.515789,-0.120115,3.15728,-2.99593,2.24282,-3.72349,3.29507,-0.983239,-0.374146,-4.31686,4.18798,-3.14476,3.14508,-0.773597,0.524119,-4.89918,-2.01469,-7.25662,-0.412737,-7.23013,-3.66009,-4.34923,-2.00743,-6.74488,-0.614298,-6.75354,-3.38557,0.529316,-0.0542764,-0.523799,0.161756,-0.00996463,0.497018,-0.0311286,-0.914707,-0.538411,-3.89553,0.508786,-0.0556787,3.12678,0.211196,2.21482,0.747816,3.26202,0.0536827,-0.4032,0.467457,4.15997,0.661455,3.11278,-0.0528016,0.494677,-0.0574019,1.02669,0.746889,-1.3082,1.74884,-74.1454,21.5532,-58.342,40.7985,52.8044,-16.7958,45.857,-40.7589,6.21768,-1.71537,-0.00162048,0.004491,-0.447998,11.0305,-21.3563,20.7222,0,2.6834,-2.12261,5.39859,-7.62909,0.985339,0.72942,-1.18075,0.888527,-0.261847,19.0812,-36.4544,21.6594,34.2291,-4.06738,10.2527,-5.43075,-17.1386,6.31722,1.48638,0.0067485,-0.00260221,-0.00816892,2.10563,-2.10663,0.15203,0.0505832,0.0975203,0.101106,13.7992,-3.08723,-0.704296,-10.8368,-24.0905,-0.00456094,-0.0993976,-6.25225,0.209876,0.0379644,0.246104,-5.94953,-1.99247,-0.00996463,0,2526,0,0,4.0766e-17,-8.63025e-17,-1.04083e-17,-1.73472e-17,-1.21431e-17,2.77556e-17,2.77556e-17,4.13352e-17,0,-0.538411,-0.440708,0.50879,-0.00856242,3.14159,2.21482,0.112181,3.26199,0.00805241,-0.392699,4.15997,0.0992577,3.11267,-0.00792023,0.523599,0,0,0,0.160282,-0.0311286,-0.538411,0.508786,3.12678,2.21482,3.26202,-0.4032,4.15997,3.11278,0.494677,0.0280032,-2.57174,0.947814,0.000116091,-0.0534269,-0.00122534,0.315844,-0.315994,0.0334568,0.0545424,0.0141957,1.00054,0.783895,-2.497,-6.41807,-2.23357,327.615,-17.8925,29.3907,-261.91,-497.764,-0.45291,-8.43672,-131.754,-2.79933,280.736,-0.168183,280.744,-3.16356,-206.433,76.0786,-191.955,-82.6719,-219.791,-82.9456,-219.609,-571.341,-7.53871,361.738,-142.472,286.532,165.078,-1.89681,-43.6457,34.7308,-43.8365,-52.7685,33.3112,-27.7654,30.9073,-13.9674,36.6933,-0.894386,36.5384
4.4,-5.94614,-2.00242,0.192073,0.574483,-0.00308939,1.3195,-0.510251,0.0318224,0.515819,-0.126724,3.15746,-3.02233,2.24466,-3.80095,3.29713,-0.987317,-0.372366,-4.31697,4.18799,-3.14455,3.1451,-0.774061,0.524127,-4.8961,-2.0147,-7.25396,-0.413692,-7.22701,-3.6601,-4.34615,-2.00736,-6.74186,-0.614314,-6.75042,-3.38558,0.53177,-0.131451,-0.52357,0.163658,-0.0100389,0.501201,-0.0312653,-0.929124,-0.538427,-3.91989,0.508771,-0.0557283,3.12676,0.179766,2.21649,0.772549,3.26368,0.0589038,-0.401536,0.472489,4.15981,0.663879,3.11262,-0.0528504,0.494504,-0.0575165,1.02732,0.754174,-1.30932,1.75745,-76.4577,21.808,-59.2808,41.5689,54.9808,-17.0457,46.7348,-41.5294,6.22434,-1.70489,-0.00164781,0.00458527,-0.4426,10.9827,-21.2614,20.9071,0,2.63849,-2.06082,5.36516,-7.75104,0.932167,0.768953,-1.29702,0.998363,-0.248823,19.2811,-36.4874,21.7648,34.3498,-4.13646,10.2632,-5.45701,-17.1987,6.33507,1.49582,0.00672049,-0.00260153,-0.00815643,2.11157,-2.11257,0.152077,0.0441112,0.0807677,0.0883859,13.865,-3.25319,-0.659971,-12.7273,-23.0257,-0.00288532,-0.0938497,-6.26397,0.210107,0.0359073,0.246809,-5.94636,-1.99238,-0.0100389,0,2541,1.38778e-17,2.77556e-17,3.07913e-17,-7.76289e-17,-1.73472e-17,-4.85723e-17,-3.64292e-17,4.16334e-17,3.46945e-17,2.80808e-17,0,-0.538427,-0.443453,0.508767,-0.00857467,3.14159,2.21649,0.115893,3.26366,0.00883557,-0.392699,4.15981,0.0996255,3.1125,-0.00792756,0.523599,0,0,0,0.162132,-0.0312653,-0.538427,0.508771,3.12676,2.21649,3.26368,-0.401536,4.15981,3.11262,0.494504,0.028176,-2.58086,0.950518,0.000128845,-0.0512617,-0.00122347,0.316736,-0.316886,0.0336689,0.0545874,0.0142108,1.00055,0.753432,-2.39702,-6.18559,-2.36284,326.97,-22.6831,29.8986,-304.438,-448.595,-0.425179,-8.16118,-131.826,-2.83339,265.853,-0.208407,265.861,-10.8942,-195.634,72.7258,-181.946,-78.4607,-209.616,-78.7411,-209.43,-542.063,-7.23389,344.089,-134.791,271.887,156.641,-2.40466,-41.3097,34.6624,-41.5099,-47.5561,31.5685,-32.2739,29.2869,-13.975,35.0095,-0.865177,34.8562
4.44,-5.94292,-2.00243,0.193872,0.577488,-0.00306059,1.32266,-0.510108,0.0334947,0.5158,-0.133201,3.15765,-3.04933,2.2468,-3.89341,3.29953,-0.966123,-0.370302,-4.31695,4.18802,-3.14432,3.14515,-0.774618,0.524134,-4.89288,-2.01475,-7.2512,-0.414816,-7.22376,-3.66012,-4.34293,-2.00733,-6.73868,-0.61435,-6.74716,-3.38562,0.533241,-0.223581,-0.52331,0.165294,-0.0101425,0.504562,-0.0314093,-0.930534,-0.538457,-3.95024,0.508741,-0.0557782,3.12673,0.147002,2.21845,0.79669,3.26565,0.0662813,-0.399576,0.475791,4.15967,0.665674,3.11248,-0.0528955,0.49433,-0.0576225,1.02786,0.760138,-1.31031,1.76466,-77.9981,22.0368,-60.1121,42.2965,56.3553,-17.2698,47.5148,-42.2568,6.24182,-1.7007,-0.00167228,0.00466907,-0.43821,10.9196,-21.1747,21.0696,0,2.60253,-2.00197,5.34261,-7.86918,0.882197,0.819999,-1.44775,1.13741,-0.238306,19.4169,-36.5155,21.8544,34.4457,-4.17995,10.2712,-5.47918,-17.2457,6.35004,1.50326,0.00670903,-0.00260588,-0.00815913,2.11656,-2.11756,0.152117,0.0449888,0.0751332,0.0791657,13.907,-3.41574,-0.674934,-14.9853,-21.0148,0.000434482,-0.0874554,-6.27796,0.210704,0.0339726,0.247402,-5.9432,-1.99229,-0.0101425,0,2556,1.38778e-17,-1.38778e-17,-1.25767e-17,5.89806e-17,6.93889e-18,6.93889e-18,1.04083e-17,1.38778e-17,1.04083e-17,2.49366e-18,0,-0.538457,-0.446864,0.508739,-0.00858694,3.14159,2.21845,0.119518,3.26562,0.0099422,-0.392699,4.15967,0.0999085,3.11232,-0.00793433,0.523599,0,0,0,0.163724,-0.0314093,-0.538457,0.508741,3.12673,2.21845,3.26565,-0.399576,4.15967,3.11248,0.49433,0.0283487,-2.58824,0.952844,0.000169186,-0.0462726,-0.00122387,0.317484,-0.317634,0.0338392,0.0546324,0.0142259,1.00055,0.71913,-2.42963,-6.24774,-2.44835,329.361,-24.5387,31.3247,-356.049,-384.127,-0.439009,-8.23205,-132.39,-2.99875,264.594,-0.222629,264.603,-21.3713,-192.707,72.1243,-179.966,-77.4813,-204.656,-77.7857,-204.458,-540.306,-7.2887,342.349,-133.268,268.472,154.673,-2.60138,-41.16,34.916,-41.3748,-40.7218,31.0862,-37.7452,28.9486,-14.0348,34.1524,-0.872689,33.9994
4.48,-5.93957,-2.00245,0.195745,0.580355,-0.00301076,1.32563,-0.50996,0.0353786,0.515813,-0.139562,3.15783,-3.07755,2.24918,-4.00678,3.30222,-0.93162,-0.368045,-4.31679,4.18807,-3.14397,3.1452,-0.775181,0.52414,-4.88952,-2.01476,-7.24839,-0.416084,-7.22035,-3.66016,-4.33957,-2.00727,-6.73539,-0.614405,-6.74373,-3.38567,0.534957,-0.336518,-0.522912,0.166956,-0.0102535,0.507525,-0.0315439,-0.934124,-0.538493,-3.97578,0.508705,-0.0558309,3.12669,0.109678,2.22064,0.822552,3.26784,0.0671431,-0.397392,0.478035,4.15953,0.66657,3.11234,-0.0529403,0.494143,-0.0577333,1.02842,0.765543,-1.3113,1.77144,-79.5271,22.2489,-60.8858,42.9602,57.7454,-17.4776,48.2406,-42.9207,6.25518,-1.69553,-0.00169553,0.0047487,-0.434159,10.8378,-21.089,21.2302,0,2.57084,-1.93915,5.3242,-7.99202,0.830286,0.840152,-1.53663,1.2322,-0.2269,19.5119,-36.5373,21.938,34.5216,-4.20986,10.2759,-5.4997,-17.2824,6.36383,1.50853,0.00671077,-0.0026151,-0.00817491,2.12115,-2.12216,0.152159,0.046811,0.0716704,0.0740768,13.9545,-3.57538,-0.705673,-17.7601,-19.2032,0.00411765,-0.0775054,-6.29212,0.211151,0.0319616,0.247938,-5.93983,-1.9922,-0.0102535,0,2572,1.38778e-17,5.55112e-17,9.2374e-17,-4.51028e-17,-3.46945e-17,-3.46945e-17,-3.81639e-17,4.16334e-17,4.16334e-17,5.37493e-17,0,-0.538493,-0.449741,0.508698,-0.00859928,3.14159,2.22064,0.123399,3.2678,0.0100715,-0.392699,4.15953,0.10006,3.11214,-0.00794104,0.523599,0,0,0,0.165339,-0.0315439,-0.538493,0.508705,3.12669,2.22064,3.26784,-0.397392,4.15953,3.11234,0.494143,0.0285331,-2.59416,0.955017,0.000221168,-0.0413805,-0.00122624,0.318173,-0.318323,0.0339609,0.0546804,0.0142421,1.00056,0.699578,-2.54737,-6.45032,-2.41657,333.08,-25.4131,33.7897,-422.169,-365.15,-0.48247,-8.25314,-132.958,-3.16051,272.146,-0.210351,272.155,-29.7735,-195.788,73.5865,-183.86,-78.8071,-205.111,-79.1248,-204.905,-555.918,-7.5792,351.425,-135.844,273.059,157.315,-2.69407,-42.3967,35.3102,-42.6214,-38.71,31.5735,-44.7546,29.5539,-14.0951,34.1893,-0.874926,34.0362
4.52,-5.93621,-2.00243,0.197459,0.583038,-0.00297294,1.3284,-0.509821,0.0371208,0.515817,-0.145799,3.15801,-3.10784,2.25168,-4.14726,3.30514,-0.900209,-0.365694,-4.31662,4.18808,-3.14345,3.14521,-0.775597,0.524149,-4.88617,-2.01476,-7.24559,-0.417383,-7.21694,-3.66017,-4.33622,-2.00719,-6.73209,-0.614419,-6.74033,-3.38569,0.536525,-0.476422,-0.522384,0.168693,-0.0103334,0.510147,-0.0316905,-0.935799,-0.538538,-4.00113,0.508659,-0.0558843,3.12665,0.066235,2.22297,0.851096,3.27016,0.0587286,-0.395072,0.478665,4.15936,0.666946,3.11216,-0.0529929,0.49396,-0.0578476,1.02901,0.770504,-1.31234,1.77795,-80.9048,22.4536,-61.6314,43.603,58.9854,-17.6775,48.9397,-43.5632,6.26946,-1.69128,-0.00171933,0.00482949,-0.430414,10.7335,-21.0025,21.3939,0,2.54273,-1.86981,5.30707,-8.1209,0.774786,0.811414,-1.52021,1.24497,-0.211955,19.5456,-36.5526,22.0172,34.5788,-4.21412,10.278,-5.51932,-17.3107,6.3772,1.51265,0.00668089,-0.00261191,-0.0081497,2.12561,-2.12661,0.152203,0.0428561,0.0670733,0.0693654,13.9982,-3.73194,-0.757042,-21.2094,-18.382,0.00428133,-0.064142,-6.30258,0.21163,0.029813,0.248455,-5.93646,-1.9921,-0.0103334,0,2588,0,-2.77556e-17,-4.72712e-17,2.34188e-17,-6.93889e-18,-3.46945e-17,-2.25514e-17,3.46945e-17,2.77556e-17,2.27954e-17,0,-0.538538,-0.452589,0.508656,-0.0086118,3.14159,2.22297,0.127682,3.27012,0.00880928,-0.392699,4.15936,0.100121,3.11195,-0.00794894,0.523599,0,0,0,0.167027,-0.0316905,-0.538538,0.508659,3.12665,2.22297,3.27016,-0.395072,4.15936,3.11216,0.49396,0.0287176,-2.59849,0.957045,0.000232097,-0.0439196,-0.00122246,0.318841,-0.318991,0.0340512,0.0547284,0.0142582,1.00057,0.70856,-2.63866,-6.57178,-2.42034,335.583,-27.1667,36.1161,-499.77,-388.812,-0.528254,-8.08239,-133.321,-3.19842,276.915,-0.173639,276.924,-31.2334,-199.016,75.0569,-186.948,-79.8464,-207.892,-80.1651,-207.684,-565.513,-7.79046,358.258,-137.454,276.683,159.404,-2.87998,-43.1426,35.5756,-43.3684,-41.2185,32.0937,-52.9812,30.0377,-14.1335,34.6535,-0.856823,34.4986
4.56,-5.93292,-2.00242,0.199102,0.58559,-0.00293703,1.33102,-0.509675,0.0386649,0.515835,-0.151452,3.15818,-3.13711,2.25401,-4.30794,3.30803,-0.874397,-0.363517,-4.31645,4.18809,-3.14295,3.14522,-0.776038,0.524158,-4.88287,-2.01477,-7.2428,-0.418595,-7.2136,-3.66018,-4.33293,-2.00712,-6.72885,-0.614437,-6.73698,-3.38571,0.537909,-0.636402,-0.521884,0.170281,-0.0104176,0.512667,-0.0318276,-0.937236,-0.538566,-4.02525,0.508632,-0.0559355,3.12662,0.0178066,2.22512,0.883315,3.27232,0.0495462,-0.392918,0.481472,4.1592,0.666538,3.112,-0.0530438,0.493789,-0.057954,1.02955,0.775246,-1.31329,1.7841,-82.2269,22.649,-62.3454,44.2216,60.1764,-17.8686,49.6101,-44.1819,6.28324,-1.68716,-0.00174329,0.00491037,-0.426884,10.6109,-20.91,21.5646,0,2.51955,-1.793,5.28306,-8.25286,0.715474,0.776735,-1.49967,1.25601,-0.195831,19.6563,-36.5659,22.092,34.6276,-4.2618,10.2796,-5.53788,-17.3348,6.38815,1.5145,0.00664842,-0.00260726,-0.00811968,2.12925,-2.13025,0.152243,0.0410734,0.063816,0.0653708,14.0372,-3.87387,-0.731948,-25.1683,-17.7364,0.00415166,-0.0513449,-6.31365,0.212098,0.0275211,0.248887,-5.9333,-1.99201,-0.0104176,0,2603,-2.77556e-17,-4.16334e-17,-7.28584e-17,2.60209e-17,1.73472e-17,-2.77556e-17,-5.20417e-18,-4.16334e-17,-4.16334e-17,-4.27176e-17,0,-0.538566,-0.455302,0.508628,-0.00862399,3.14159,2.22512,0.132518,3.27227,0.00743193,-0.392699,4.1592,0.100063,3.11178,-0.00795658,0.523599,0,0,0,0.168568,-0.0318276,-0.538566,0.508632,3.12662,2.22512,3.27232,-0.392918,4.1592,3.112,0.493789,0.0288906,-2.60219,0.958709,0.00024315,-0.0452554,-0.00121795,0.319388,-0.319538,0.0340922,0.0547735,0.0142733,1.00057,0.732186,-2.59549,-6.47942,-2.34625,336.178,-30.1746,37.6833,-558.636,-390.985,-0.557539,-7.75659,-133.534,-3.10084,268.772,-0.147611,268.781,-30.3163,-195.073,68.1181,-185.28,-78.0492,-207.21,-78.3499,-207.012,-549.031,-7.64285,350.291,-133.463,270.465,155.822,-3.19884,-41.799,35.6387,-42.021,-41.4488,31.4707,-59.2217,29.7694,-14.1561,34.5921,-0.822285,34.4364
4.6,-5.92981,-2.00244,0.200851,0.587932,-0.00284176,1.33338,-0.509514,0.0402338,0.515892,-0.156779,3.15837,-3.15973,2.25576,-4.46472,3.31042,-0.865602,-0.361906,-4.31615,4.18816,-3.14259,3.14528,-0.776688,0.524161,-4.87976,-2.01472,-7.24015,-0.419572,-7.21037,-3.66024,-4.32981,-2.00699,-6.72586,-0.61453,-6.73374,-3.3858,0.539353,-0.792397,-0.521469,0.171795,-0.0105249,0.515146,-0.0319055,-0.942564,-0.538578,-4.04486,0.508619,-0.0559862,3.1266,-0.0286328,2.22669,0.914725,3.27389,0.0409152,-0.391361,0.486151,4.1591,0.665194,3.1119,-0.0530802,0.493611,-0.0580584,1.03007,0.77988,-1.31418,1.79003,-83.708,22.8382,-63.039,44.8054,61.5514,-18.0542,50.2622,-44.7662,6.29203,-1.68113,-0.00176682,0.00498972,-0.423389,10.4946,-20.821,21.7348,0,2.50191,-1.72082,5.25071,-8.37441,0.658659,0.742834,-1.48188,1.26869,-0.180351,19.834,-36.5782,22.1641,34.6717,-4.34796,10.2795,-5.55515,-17.3548,6.39733,1.51384,0.00667402,-0.00262505,-0.00815953,2.13231,-2.13331,0.152283,0.0437214,0.0585532,0.0590893,14.0769,-4.00768,-0.565471,-29.0441,-17.5152,0.00743971,-0.0407084,-6.32995,0.212394,0.0253287,0.249247,-5.93014,-1.99192,-0.0105249,0,2618,1.38778e-17,2.77556e-17,4.51028e-17,2.1684e-18,3.46945e-18,0,1.73472e-18,6.245e-17,5.89806e-17,5.68664e-17,0,-0.538578,-0.457514,0.508607,-0.00863584,3.14159,2.22669,0.137236,3.27383,0.00613727,-0.392699,4.1591,0.099889,3.1116,-0.00796203,0.523599,0,0,0,0.170038,-0.0319055,-0.538578,0.508619,3.1266,2.22669,3.27389,-0.391361,4.1591,3.1119,0.493611,0.0290637,-2.60587,0.960251,0.000326456,-0.0390472,-0.00122393,0.319846,-0.319997,0.0340822,0.0548186,0.0142885,1.00058,0.807128,-2.53307,-6.29407,-2.23415,335.858,-33.8179,37.2632,-533.177,-369.325,-0.554098,-7.33932,-133.654,-2.811,261.675,-0.0850251,261.683,-29.417,-193.556,43.316,-190.907,-77.3675,-213.506,-77.5971,-213.346,-533.77,-7.51191,344.709,-130.654,268.112,154.465,-3.58508,-40.5404,35.6047,-40.7419,-39.1526,31.2537,-56.5227,30.6869,-14.1689,35.7453,-0.77805,35.5908
4.64,-5.92733,-2.00237,0.201964,0.58924,-0.00268035,1.33451,-0.509146,0.0382466,0.516113,-0.155476,3.15871,-3.16722,2.25602,-4.55788,3.31118,-0.909009,-0.361679,-4.31581,4.18819,-3.14204,3.14531,-0.776766,0.524166,-4.87728,-2.01457,-7.23796,-0.419769,-7.20768,-3.66029,-4.32734,-2.00666,-6.72362,-0.614588,-6.73104,-3.38586,0.537245,-0.885026,-0.520897,0.173455,-0.0105261,0.517225,-0.0318826,-0.937917,-0.538348,-4.07119,0.50885,-0.0560309,3.12681,-0.06676,2.22682,0.939208,3.27402,0.0342144,-0.39123,0.485557,4.15899,0.664586,3.11179,-0.0531152,0.493472,-0.0581592,1.03065,0.78394,-1.31503,1.79553,-84.5968,23.0106,-63.6723,45.3822,62.2982,-18.2239,50.8586,-45.3445,6.31123,-1.68013,-0.00179164,0.00507156,-0.420496,10.4036,-20.7523,21.8829,0,2.48846,-1.65887,5.2052,-8.4557,0.613091,0.716318,-1.47155,1.28256,-0.167885,19.8164,-36.581,22.225,34.7057,-4.33524,10.2763,-5.56964,-17.3709,6.40903,1.51543,0.0066651,-0.00262806,-0.00815766,2.13621,-2.13721,0.152325,0.027818,0.0326852,0.0282112,14.0282,-3.97566,-0.187164,-31.3665,-18.5998,0.00869573,-0.0261901,-6.33195,0.213033,0.0235749,0.249698,-5.92762,-1.99185,-0.0105261,0,2630,-1.38778e-17,0,8.23994e-18,3.90313e-17,6.93889e-18,-4.85723e-17,-2.77556e-17,-6.245e-17,-6.245e-17,-6.37511e-17,0,-0.538348,-0.460494,0.508815,-0.00864756,3.14159,2.22682,0.140908,3.27396,0.00513216,-0.392699,4.15899,0.0998086,3.11147,-0.00796728,0.523599,0,0,0,0.171649,-0.0318826,-0.538348,0.50885,3.12681,2.22682,3.27402,-0.39123,4.15899,3.11179,0.493472,0.0292022,-2.60855,0.962073,0.000359184,-0.0418846,-0.00122365,0.320431,-0.320582,0.034112,0.0548547,0.0143006,1.00058,1.0589,-2.37659,-5.71746,-2.08496,329.604,-37.5959,32.7695,-369.932,-339.766,-0.497812,-6.33999,-132.891,-2.00828,251.972,0.0269413,251.977,-29.3599,-195.328,-17.6368,-196.708,-79.0625,-241.388,-79.1274,-241.313,-511.587,-7.37705,341.269,-129.245,274.051,157.886,-3.98558,-38.5784,34.9417,-38.7264,-36.019,31.6259,-39.2169,31.665,-14.088,40.6956,-0.67211,40.5317
4.68,-5.92614,-2.00221,0.201863,0.589272,-0.00256988,1.33414,-0.508567,0.0325779,0.516548,-0.141685,3.15922,-3.16125,2.25496,-4.54159,3.31011,-0.986944,-0.362685,-4.3158,4.18813,-3.14154,3.14525,-0.776539,0.524178,-4.87608,-2.01456,-7.23672,-0.419169,-7.20632,-3.66025,-4.32615,-2.00632,-6.72258,-0.614517,-6.7297,-3.38579,0.531496,-0.868796,-0.520476,0.174529,-0.0104029,0.518238,-0.0318414,-0.923855,-0.537839,-4.09518,0.509359,-0.0560265,3.12732,-0.0804389,2.22568,0.946844,3.27288,0.0319537,-0.392346,0.484011,4.15886,0.663762,3.11166,-0.0531609,0.493413,-0.0582191,1.03101,0.786051,-1.31554,1.79861,-84.4498,23.0865,-63.9691,45.718,62.0128,-18.2982,51.1344,-45.6808,6.33561,-1.68697,-0.0017598,0.00498782,-0.419635,10.3783,-20.7283,21.9512,0,2.48094,-1.631,5.16775,-8.46896,0.596485,0.70884,-1.47152,1.2915,-0.163301,19.7571,-36.5719,22.2542,34.7077,-4.30837,10.2713,-5.57687,-17.3736,6.4159,1.51547,0.00654927,-0.00258575,-0.00802023,2.13849,-2.13948,0.152352,-0.00252492,0.000801456,-0.00926194,13.8868,-3.62921,0.149117,-30.986,-20.5484,0.000270851,-0.0152424,-6.32635,0.213876,0.0229427,0.249991,-5.92636,-1.99181,-0.0104029,0,2636,-1.38778e-17,0,-2.77556e-17,4.33681e-18,6.93889e-18,-2.77556e-17,0,1.38778e-16,1.249e-16,1.33845e-16,0,-0.537839,-0.463183,0.509328,-0.00864416,3.14159,2.22568,0.142044,3.27285,0.00479306,-0.392699,4.15886,0.0996597,3.11141,-0.00797413,0.523599,0,0,0,0.172692,-0.0318414,-0.537839,0.509359,3.12732,2.22568,3.27288,-0.392346,4.15886,3.11166,0.493413,0.0292715,-2.60835,0.962954,0.000284489,-0.0615052,-0.00120303,0.320774,-0.320922,0.0340953,0.0548728,0.0143066,1.00057,1.37669,-1.54455,-3.66061,-1.25091,309.688,-45.0962,18.1958,-127.252,-289.142,-0.377069,-4.03117,-130.617,-1.07086,177.842,-0.0294279,177.845,-23.2405,-158.51,-85.9823,-135.154,-66.9256,-251.824,-66.8577,-251.814,-361.858,-5.4286,264.777,-100.593,231.952,133.635,-4.7807,-26.1977,32.8304,-26.317,-30.6523,25.8469,-13.4902,21.8612,-13.8468,42.9861,-0.427349,42.7973
4.72,-5.92597,-2.00208,0.200989,0.588701,-0.00257101,1.33323,-0.50808,0.0280389,0.517018,-0.124047,3.15965,-3.15391,2.25388,-4.46964,3.30873,-1.02835,-0.363684,-4.31616,4.18803,-3.14133,3.14515,-0.776336,0.524189,-4.87591,-2.01472,-7.23634,-0.418498,-7.20612,-3.66017,-4.32597,-2.00619,-6.7224,-0.614386,-6.72953,-3.38566,0.527002,-0.797231,-0.520378,0.174424,-0.0102771,0.518423,-0.0318425,-0.921052,-0.537351,-4.09659,0.509846,-0.0560136,3.12783,-0.0655362,2.22461,0.938103,3.2718,0.0340282,-0.393408,0.485079,4.15876,0.664161,3.11156,-0.0531973,0.493425,-0.0582151,1.03097,0.786269,-1.31549,1.79868,-84.1996,23.047,-63.8651,45.6643,61.7404,-18.2588,51.0297,-45.6269,6.34042,-1.69113,-0.0017352,0.00491881,-0.420449,10.4294,-20.7449,21.934,0,2.48054,-1.64837,5.16029,-8.43771,0.609539,0.720709,-1.4772,1.29192,-0.166835,19.792,-36.5656,22.2496,34.7099,-4.32446,10.2717,-5.57636,-17.3778,6.41605,1.5165,0.00640812,-0.00252937,-0.00784978,2.13854,-2.1395,0.152348,-0.0218469,-0.0142705,-0.0227577,13.7732,-3.18695,0.183494,-29.2142,-21.5839,-0.00912195,-0.01258,-6.3214,0.214082,0.0234535,0.250047,-5.92636,-1.99181,-0.0102771,0,2636,-1.38778e-17,-1.38778e-17,-5.89806e-17,3.55618e-17,6.93889e-18,0,-1.73472e-18,1.45717e-16,1.38778e-16,1.17988e-16,0,-0.537351,-0.46331,0.509838,-0.00863916,3.14159,2.22461,0.140726,3.27178,0.00510423,-0.392699,4.15876,0.0996766,3.11142,-0.0079796,0.523599,0,0,0,0.172591,-0.0318425,-0.537351,0.509846,3.12783,2.22461,3.2718,-0.393408,4.15876,3.11156,0.493425,0.0292715,-2.60795,0.962719,0.000156302,-0.0789606,-0.00117747,0.32078,-0.320925,0.0341056,0.0548728,0.0143066,1.00056,1.53102,-0.375882,-1.06349,-0.0572938,286.666,-54.2361,1.3607,-216.532,-248.969,-0.147079,-1.50139,-127.901,-0.565952,64.3365,-0.0464416,64.338,-12.0809,-93.0227,-71.4931,-60.7417,-42.6275,-225.005,-42.5757,-224.98,-135.026,-2.09455,137.286,-52.3241,147.733,85.1164,-5.74963,-7.78371,30.3898,-7.90582,-26.3935,15.4231,-22.9548,9.9802,-13.559,38.9974,-0.159164,38.7861
4.76,-5.92585,-2.00199,0.19989,0.588007,-0.00257681,1.33257,-0.50786,0.0273059,0.517335,-0.115142,3.15982,-3.15384,2.25371,-4.43075,3.30836,-1.01757,-0.363816,-4.31675,4.18797,-3.14149,3.14509,-0.776757,0.524191,-4.87579,-2.01475,-7.23618,-0.418323,-7.206,-3.6601,-4.32585,-2.00611,-6.72228,-0.614288,-6.72942,-3.38556,0.526415,-0.758573,-0.520588,0.17351,-0.0101876,0.518531,-0.0318599,-0.935011,-0.537143,-4.07853,0.510054,-0.0560285,3.12804,-0.0422071,2.22443,0.927001,3.27163,0.0369325,-0.393577,0.489402,4.15868,0.665795,3.11149,-0.0532184,0.493414,-0.0581835,1.03065,0.785943,-1.31506,1.79734,-84.5573,22.9703,-63.6253,45.4183,62.1871,-18.1842,50.8005,-45.3819,6.32313,-1.68686,-0.00174787,0.0049531,-0.421292,10.4996,-20.7645,21.892,0,2.48519,-1.68341,5.17258,-8.41199,0.629268,0.735673,-1.48071,1.28808,-0.17223,19.9482,-36.5681,22.2302,34.7358,-4.39323,10.2775,-5.57192,-17.3927,6.41302,1.5193,0.00634309,-0.00250071,-0.00777467,2.13752,-2.13847,0.152324,-0.0274638,-0.0173388,-0.0163727,13.7552,-2.96466,0.00175894,-28.2461,-21.3141,-0.0148621,-0.0180272,-6.33213,0.213525,0.0242166,0.249962,-5.92614,-1.9918,-0.0101876,0,2637,0,0,3.51282e-17,-1.12757e-17,-2.77556e-17,-1.38778e-17,-2.08167e-17,1.73472e-16,1.59595e-16,1.7705e-16,0,-0.537143,-0.461276,0.510042,-0.00864234,3.14159,2.22443,0.139056,3.27161,0.00553987,-0.392699,4.15868,0.0998983,3.11141,-0.00798276,0.523599,0,0,0,0.171706,-0.0318599,-0.537143,0.510054,3.12804,2.22443,3.27163,-0.393577,4.15868,3.11149,0.493414,0.0292831,-2.60961,0.962126,8.65427e-05,-0.0864275,-0.0011662,0.320628,-0.320771,0.0341646,0.0548758,0.0143076,1.00056,1.43328,0.238842,0.197659,0.457096,276.051,-58.6848,-4.60831,-544.5,-412.654,0.0221706,-0.465378,-126.856,-0.338424,-0.218847,-0.0270386,-0.217693,-5.14226,-50.1554,-39.4611,-31.4223,-25.4668,-185.63,-25.445,-185.591,-5.94669,-0.0935256,58.1339,-22.1673,88.2599,50.8508,-6.22124,2.38438,29.2645,2.26202,-43.7459,8.53041,-57.7231,5.28088,-13.4482,32.5071,-0.0493353,32.3046
4.8,-5.92525,-2.00191,0.198866,0.586945,-0.00244965,1.33142,-0.507492,0.0242171,0.517728,-0.104079,3.16011,-3.14895,2.25319,-4.39872,3.30775,-1.03786,-0.364306,-4.31715,4.18797,-3.14162,3.14512,-0.777172,0.524197,-4.87518,-2.01466,-7.23566,-0.41808,-7.20522,-3.66013,-4.32526,-2.00583,-6.72185,-0.614313,-6.72864,-3.38559,0.523426,-0.726659,-0.520705,0.172342,-0.0101291,0.518895,-0.0317674,-0.93699,-0.53681,-4.07266,0.510388,-0.0560454,3.12835,-0.0333848,2.22387,0.927245,3.27107,0.0378389,-0.394133,0.493798,4.15865,0.66871,3.11146,-0.0532659,0.493384,-0.0581489,1.03024,0.785819,-1.31442,1.79578,-84.4303,22.9084,-63.4269,45.2732,62.083,-18.1256,50.6148,-45.2379,6.32004,-1.68778,-0.0017539,0.00496809,-0.422155,10.5186,-20.7531,21.8748,0,2.49224,-1.68382,5.15909,-8.39498,0.634934,0.740227,-1.48159,1.2886,-0.173761,20.1092,-36.5745,22.2046,34.7899,-4.45543,10.2849,-5.56503,-17.4196,6.41151,1.52529,0.00619948,-0.00243959,-0.00760789,2.137,-2.13793,0.152294,-0.0256004,-0.0265687,-0.0288218,13.6785,-2.68834,0.122425,-27.4583,-21.8216,-0.00983534,-0.0212406,-6.34282,0.213427,0.0244376,0.249913,-5.92551,-1.99178,-0.0101291,0,2640,1.38778e-17,0,-4.33681e-19,0,-3.46945e-17,-1.38778e-17,-2.60209e-17,1.249e-16,1.14492e-16,1.24412e-16,0,-0.53681,-0.460632,0.510358,-0.00864567,3.14159,2.22387,0.139093,3.27106,0.00567583,-0.392699,4.15865,0.100336,3.11138,-0.00798988,0.523599,0,0,0,0.170572,-0.0317674,-0.53681,0.510388,3.12835,2.22387,3.27107,-0.394133,4.15865,3.11146,0.493384,0.0293177,-2.61366,0.961903,8.83035e-05,-0.0769611,-0.00114118,0.32055,-0.32069,0.034305,0.0548848,0.0143107,1.00056,1.33289,0.0337541,-0.465689,0.0446885,280.187,-48.1719,2.00637,-540.278,-435.165,0.0444162,-1.3795,-127.95,-0.452733,18.3348,-0.0523673,18.3362,-6.71136,-58.4584,-45.6665,-37.1361,-28.143,-180.356,-28.1256,-180.318,-43.0169,-0.691632,76.1362,-29.0772,97.5247,56.1893,-5.10676,-0.749377,29.703,-0.871159,-46.1324,9.82494,-57.2755,6.18139,-13.5641,31.4681,-0.146242,31.2769
4.84,-5.92453,-2.00185,0.19804,0.58583,-0.00233615,1.32993,-0.507029,0.0197686,0.5182,-0.0882938,3.1605,-3.13902,2.25231,-4.33891,3.30669,-1.06416,-0.365135,-4.31734,4.188,-3.14171,3.14515,-0.777656,0.524193,-4.87446,-2.01468,-7.23492,-0.417659,-7.20435,-3.66015,-4.32453,-2.00559,-6.72129,-0.614348,-6.72776,-3.38562,0.51906,-0.667076,-0.520745,0.171251,-0.0100944,0.51848,-0.0316885,-0.930783,-0.536381,-4.0692,0.510816,-0.0560632,3.12878,-0.023259,2.22296,0.923856,3.27016,0.0397189,-0.395051,0.494954,4.15865,0.670593,3.11145,-0.0532719,0.493343,-0.0581175,1.02986,0.784571,-1.31381,1.79332,-83.6427,22.8104,-63.0962,45.0427,61.3023,-18.0303,50.3016,-45.0074,6.32339,-1.6937,-0.00175757,0.00497401,-0.424004,10.5363,-20.7588,21.8309,0,2.50006,-1.68663,5.1502,-8.35722,0.646714,0.747496,-1.48608,1.28754,-0.176954,20.15,-36.5741,22.1698,34.8119,-4.4664,10.288,-5.55575,-17.4298,6.40861,1.52861,0.00621448,-0.00244078,-0.00763034,2.13602,-2.13696,0.152266,-0.0206499,-0.0278668,-0.0372351,13.5672,-2.29391,0.248252,-25.9848,-22.4772,-0.00473431,-0.0226221,-6.35503,0.213537,0.0248941,0.249796,-5.92488,-1.99177,-0.0100944,0,2643,-1.38778e-17,2.77556e-17,4.29344e-17,-6.76542e-17,-2.77556e-17,-4.85723e-17,-3.98986e-17,1.38778e-17,3.46945e-18,1.52601e-17,0,-0.536381,-0.460237,0.510791,-0.00864889,3.14159,2.22296,0.138587,3.27014,0.00595784,-0.392699,4.15865,0.100631,3.11134,-0.00799078,0.523599,0,0,0,0.169514,-0.0316885,-0.536381,0.510816,3.12878,2.22296,3.27016,-0.395051,4.15865,3.11145,0.493343,0.0293524,-2.61548,0.961538,0.000123488,-0.0683293,-0.00114455,0.320404,-0.320544,0.0343846,0.0548939,0.0143137,1.00055,1.3425,-0.250604,-1.08458,-0.107634,284.387,-34.7387,3.65337,-456.358,-432.981,-0.0279215,-2.12816,-129.037,-0.577913,47.7781,-0.0350121,47.7798,-9.68265,-77.1812,-62.5521,-46.2487,-35.3587,-193.789,-35.3378,-193.752,-101.772,-1.68391,110.828,-42.4384,122.555,70.6099,-3.68269,-5.44624,30.1482,-5.5657,-45.9008,12.8251,-48.3791,7.64757,-13.6793,33.6357,-0.225608,33.4432
4.88,-5.92389,-2.0018,0.197323,0.584808,-0.00225501,1.3285,-0.506603,0.0163302,0.518684,-0.0729704,3.16085,-3.12778,2.25136,-4.265,3.30549,-1.08124,-0.366025,-4.31745,4.18801,-3.14167,3.14517,-0.778002,0.524197,-4.87382,-2.01473,-7.2342,-0.417177,-7.2036,-3.66016,-4.32389,-2.00541,-6.72076,-0.614357,-6.72701,-3.38563,0.515754,-0.593476,-0.520691,0.170365,-0.0100581,0.517669,-0.031642,-0.931461,-0.53599,-4.05714,0.511207,-0.056083,3.12918,-0.00645188,2.22197,0.914088,3.26917,0.0430457,-0.396041,0.49436,4.15862,0.671433,3.11143,-0.0532942,0.493311,-0.058094,1.02956,0.782852,-1.31332,1.79073,-83.0463,22.6928,-62.7008,44.7153,60.7604,-17.9151,49.9251,-44.6803,6.31769,-1.69679,-0.00176312,0.00498462,-0.426057,10.5762,-20.7848,21.7681,0,2.5073,-1.70575,5.15257,-8.30685,0.666895,0.761438,-1.49634,1.28687,-0.182507,20.1247,-36.5679,22.1342,34.8086,-4.45219,10.2878,-5.54646,-17.4278,6.40504,1.52961,0.00616636,-0.00241781,-0.00757146,2.13483,-2.13576,0.152243,-0.0179238,-0.0255406,-0.0357486,13.4813,-1.91106,0.280955,-24.1609,-22.8754,-0.00270451,-0.0212971,-6.36375,0.213337,0.025674,0.249649,-5.92425,-1.99175,-0.0100581,0,2646,1.38778e-17,4.16334e-17,1.43115e-17,8.67362e-18,-3.46945e-18,-4.85723e-17,-2.25514e-17,6.245e-17,5.55112e-17,4.54552e-17,0,-0.53599,-0.458878,0.511183,-0.00865216,3.14159,2.22197,0.137123,3.26915,0.00645685,-0.392699,4.15862,0.100761,3.11131,-0.00799413,0.523599,0,0,0,0.168653,-0.031642,-0.53599,0.511207,3.12918,2.22197,3.26917,-0.396041,4.15862,3.11143,0.493311,0.029387,-2.61526,0.961024,0.000134327,-0.0656805,-0.00113572,0.320225,-0.320364,0.0344088,0.0549029,0.0143167,1.00055,1.36326,-0.271309,-0.998838,0.0574138,282.354,-27.3815,1.23176,-336.293,-403.552,-0.057944,-1.94301,-129.066,-0.574043,50.6867,-0.0341019,50.6884,-10.159,-79.882,-70.2044,-39.4554,-36.4335,-197.649,-36.4042,-197.615,-107.547,-1.82542,114.933,-44.1362,126.281,72.757,-2.90275,-5.87964,29.9326,-5.99832,-42.781,13.2653,-35.6509,6.57256,-13.6824,34.2929,-0.205981,34.0983
4.92,-5.92332,-2.00174,0.196649,0.583734,-0.00215119,1.32699,-0.506149,0.0126605,0.519196,-0.057158,3.16123,-3.11501,2.25031,-4.18721,3.3042,-1.09712,-0.367003,-4.31749,4.18803,-3.1416,3.14519,-0.778374,0.524199,-4.87324,-2.01476,-7.23357,-0.416663,-7.20289,-3.66017,-4.32333,-2.00518,-6.72034,-0.614384,-6.7263,-3.38566,0.512222,-0.516004,-0.520609,0.16959,-0.0100183,0.516915,-0.0315729,-0.933042,-0.53557,-4.04499,0.511627,-0.0561039,3.1296,0.0137361,2.22089,0.902,3.26809,0.0467977,-0.397125,0.49499,4.15861,0.67134,3.11141,-0.0533107,0.493276,-0.0580747,1.0293,0.781274,-1.31287,1.78838,-82.5304,22.5813,-62.3286,44.4033,60.2998,-17.8059,49.5704,-44.3688,6.31148,-1.69932,-0.00177078,0.00500152,-0.427996,10.6298,-20.8165,21.7046,0,2.51447,-1.73252,5.15648,-8.25343,0.689899,0.777628,-1.50719,1.28572,-0.18882,20.1422,-36.5587,22.1006,34.797,-4.46464,10.2857,-5.53756,-17.4214,6.40073,1.5284,0.00614023,-0.00240391,-0.00753869,2.13339,-2.13431,0.152223,-0.0168464,-0.0268651,-0.0378243,13.3896,-1.51603,0.31923,-22.2423,-23.2479,-0.00115996,-0.0191997,-6.37314,0.213123,0.0265634,0.249476,-5.92362,-1.99173,-0.0100183,0,2649,0,4.16334e-17,-5.1608e-17,2.77556e-17,-1.73472e-17,-3.46945e-17,-2.94903e-17,-4.85723e-17,-4.16334e-17,-3.55889e-17,0,-0.53557,-0.457508,0.511602,-0.00865589,3.14159,2.22089,0.135311,3.26807,0.00701966,-0.392699,4.15861,0.100754,3.11127,-0.00799661,0.523599,0,0,0,0.167901,-0.0315729,-0.53557,0.511627,3.1296,2.22089,3.26809,-0.397125,4.15861,3.11141,0.493276,0.0294217,-2.61449,0.960424,0.000157149,-0.0632398,-0.0011308,0.320009,-0.320147,0.0343832,0.054912,0.0143198,1.00055,1.38707,-0.241238,-0.87241,0.0988084,279.119,-20.6613,-0.133786,-279.765,-391.104,-0.075109,-1.71351,-129.066,-0.551534,48.5255,-0.0331899,48.5271,-10.1795,-79.503,-74.6967,-29.1198,-36.3513,-199.792,-36.313,-199.762,-103.207,-1.79859,113.234,-43.6205,125.993,72.5906,-2.19033,-5.49688,29.5897,-5.61523,-41.4614,13.2137,-29.6582,4.93165,-13.6824,34.6812,-0.181651,34.484
4.96,-5.92277,-2.00167,0.195875,0.582407,-0.002016,1.32521,-0.505668,0.00864271,0.51974,-0.0410402,3.16162,-3.10344,2.24959,-4.12271,3.30325,-1.0929,-0.367673,-4.3174,4.188,-3.14118,3.14517,-0.778571,0.524174,-4.87268,-2.01472,-7.23306,-0.416323,-7.20216,-3.66019,-4.32277,-2.00489,-6.71997,-0.614416,-6.72556,-3.38569,0.508358,-0.451784,-0.520186,0.168861,-0.00995908,0.516055,-0.0314723,-0.934951,-0.535125,-4.03181,0.512073,-0.0561201,3.13003,0.037283,2.22013,0.887435,3.26733,0.0508169,-0.397887,0.493324,4.15855,0.671782,3.11135,-0.0532643,0.493214,-0.0580573,1.02905,0.779547,-1.31241,1.78591,-81.9974,22.4659,-61.942,44.0755,59.8276,-17.6929,49.2018,-44.0413,6.30444,-1.70185,-0.00177104,0.00499702,-0.430034,10.6943,-20.8556,21.6339,0,2.5226,-1.77063,5.17023,-8.20145,0.716265,0.794368,-1.51524,1.28055,-0.196003,20.0734,-36.5437,22.0615,34.7827,-4.43238,10.2824,-5.52744,-17.4151,6.39794,1.52847,0.00635268,-0.00248265,-0.00779995,2.13246,-2.13342,0.152204,-0.0193622,-0.0331603,-0.0445431,13.2892,-1.1134,0.289154,-20.6481,-23.1424,0.0022057,-0.00932608,-6.37809,0.212884,0.0275816,0.249366,-5.92299,-1.99171,-0.00995908,0,2652,1.38778e-17,2.77556e-17,6.15827e-17,-3.81639e-17,-2.08167e-17,-1.38778e-17,-1.9082e-17,-1.38778e-17,-1.04083e-17,-1.35525e-17,0,-0.535125,-0.456041,0.512037,-0.00865781,3.14159,2.22013,0.133125,3.2673,0.00762254,-0.392699,4.15855,0.100821,3.11121,-0.00798965,0.523599,0,0,0,0.167193,-0.0314723,-0.535125,0.512073,3.13003,2.22013,3.26733,-0.397887,4.15855,3.11135,0.493214,0.0294563,-2.61354,0.960005,0.000156782,-0.0611614,-0.00116999,0.319869,-0.320012,0.0343844,0.054921,0.0143228,1.00055,1.37859,-0.187181,-0.687518,0.164041,275.425,-14.043,-1.51871,-316.316,-398.488,-0.0679933,-1.25156,-128.924,-0.530726,42.9967,-0.0379966,42.9983,-9.68451,-75.9694,-73.2542,-22.489,-34.8813,-196.339,-34.8595,-196.304,-92.1354,-1.64894,106.443,-41.0934,120.9,69.6519,-1.48872,-4.62848,29.1982,-4.74652,-42.2442,12.6458,-33.533,3.87816,-13.6674,34.1106,-0.132679,33.9141
5,-5.9222,-2.00159,0.195059,0.58095,-0.00189306,1.32317,-0.505139,0.00377402,0.520321,-0.0224641,3.16205,-3.09093,2.24876,-4.06337,3.30225,-1.09649,-0.368441,-4.31737,4.18803,-3.14106,3.14517,-0.778985,0.524174,-4.87211,-2.01474,-7.2325,-0.415923,-7.20143,-3.66021,-4.3222,-2.00462,-6.71957,-0.614441,-6.72482,-3.38572,0.503633,-0.392681,-0.52006,0.16804,-0.00990347,0.514868,-0.0313725,-0.932145,-0.534618,-4.02024,0.512579,-0.0561343,3.13054,0.0542114,2.21928,0.876436,3.26648,0.0542906,-0.398736,0.496312,4.15855,0.669335,3.11135,-0.0532736,0.49319,-0.0580334,1.02877,0.777279,-1.31189,1.78286,-81.1191,22.3321,-61.4878,43.7094,58.9995,-17.5615,48.769,-43.6749,6.30125,-1.70715,-0.00177071,0.00498953,-0.432608,10.7322,-20.8896,21.5612,0,2.5325,-1.79503,5.17943,-8.14853,0.738721,0.806848,-1.52297,1.27584,-0.202109,20.1703,-36.5239,22.0186,34.7365,-4.5001,10.2753,-5.51609,-17.3913,6.38932,1.52117,0.00634491,-0.00247554,-0.00778476,2.12958,-2.13054,0.152184,-0.0203998,-0.036444,-0.0508659,13.1672,-0.64931,0.312809,-19.1853,-23.2324,0.00082956,-0.00577934,-6.38849,0.21278,0.0284504,0.249033,-5.92257,-1.9917,-0.00990347,0,2654,-1.38778e-17,0,-1.82146e-17,1.82146e-17,3.46945e-18,0,6.93889e-18,7.63278e-17,5.89806e-17,6.44287e-17,0,-0.534618,-0.454742,0.512545,-0.00865943,3.14159,2.21928,0.131477,3.26646,0.00814359,-0.392699,4.15855,0.100462,3.11118,-0.00799104,0.523599,0,0,0,0.166395,-0.0313725,-0.534618,0.512579,3.13054,2.21928,3.26648,-0.398736,4.15855,3.11135,0.49319,0.0294795,-2.61017,0.958761,0.000181922,-0.0618846,-0.00116771,0.319438,-0.319581,0.0342203,0.054927,0.0143248,1.00054,1.37196,-0.182306,-0.681847,0.183437,273.329,-4.43556,-0.3782,-367.255,-441.208,-0.140634,-1.17577,-129.293,-0.534583,42.6636,-0.0374453,42.6652,-9.50829,-75.7606,-73.1682,-22.032,-34.6929,-195.218,-34.6817,-195.184,-91.3781,-1.68385,105.718,-40.9138,120.238,69.2707,-0.470219,-4.58894,28.9759,-4.70525,-46.773,12.611,-38.9332,3.81256,-13.7066,33.9161,-0.124645,33.7198
5.04,-5.92169,-2.0015,0.194083,0.579443,-0.00179112,1.32111,-0.504613,-0.000672944,0.520923,-0.00410322,3.16249,-3.07914,2.24794,-4.00677,3.30126,-1.09948,-0.369199,-4.3174,4.18801,-3.14079,3.14515,-0.779276,0.524172,-4.87159,-2.01478,-7.23197,-0.415494,-7.20077,-3.6602,-4.32169,-2.00437,-6.71921,-0.61443,-6.72417,-3.38571,0.499352,-0.336307,-0.519812,0.167164,-0.00982636,0.51347,-0.0313052,-0.931899,-0.534127,-4.00455,0.513071,-0.0561582,3.13103,0.0714387,2.21843,0.864727,3.26562,0.058037,-0.399589,0.49468,4.1585,0.66877,3.1113,-0.0532796,0.493152,-0.0580108,1.02847,0.77469,-1.31137,1.77951,-80.2702,22.1835,-60.9837,43.2869,58.2242,-17.4155,48.2894,-43.253,6.29428,-1.7113,-0.00177874,0.00500497,-0.43538,10.769,-20.9273,21.4821,0,2.54382,-1.8214,5.19121,-8.09277,0.762593,0.819766,-1.53199,1.27115,-0.20862,20.1009,-36.5054,21.971,34.6998,-4.47512,10.27,-5.5039,-17.3734,6.38358,1.51859,0.00635883,-0.00247616,-0.00779803,2.12767,-2.12862,0.152161,-0.0243918,-0.0376647,-0.0514797,13.0562,-0.190589,0.294732,-17.7908,-23.3002,-0.000704046,0.000465785,-6.39578,0.212546,0.0293738,0.248812,-5.92194,-1.99168,-0.00982636,0,2657,0,0,1.38778e-17,8.67362e-18,2.77556e-17,1.38778e-17,2.25514e-17,1.52656e-16,1.52656e-16,1.51843e-16,0,-0.534127,-0.452972,0.513037,-0.00866348,3.14159,2.21843,0.129718,3.2656,0.00870556,-0.392699,4.1585,0.100373,3.11115,-0.00799193,0.523599,0,0,0,0.165545,-0.0313052,-0.534127,0.513071,3.13103,2.21843,3.26562,-0.399589,4.1585,3.1113,0.493152,0.0295141,-2.60738,0.957872,0.000167966,-0.0665769,-0.0011697,0.31915,-0.319294,0.034159,0.0549361,0.0143279,1.00054,1.38518,-0.186766,-0.69228,0.259281,271.638,5.21071,-0.558149,-349.258,-445.905,-0.0947649,-1.09277,-129.436,-0.535082,43.6462,-0.0337024,43.6478,-9.63998,-77.0587,-74.4844,-22.2205,-35.164,-197.231,-35.1681,-197.193,-93.2852,-1.7682,107.306,-41.6293,121.877,70.214,0.552394,-4.72771,28.7967,-4.84294,-47.271,12.8244,-37.0253,3.85456,-13.7216,34.2618,-0.115846,34.0635
5.08,-5.9212,-2.00142,0.193058,0.577896,-0.00168913,1.31905,-0.504111,-0.00479388,0.521514,0.0138195,3.1629,-3.0678,2.24716,-3.95522,3.30033,-1.09861,-0.369923,-4.31749,4.18801,-3.14066,3.14515,-0.779648,0.524174,-4.8711,-2.01481,-7.23146,-0.415089,-7.20014,-3.6602,-4.3212,-2.00412,-6.71886,-0.614428,-6.72354,-3.38571,0.495408,-0.28496,-0.519687,0.166136,-0.0097572,0.512204,-0.0312264,-0.934351,-0.533649,-3.98637,0.513549,-0.0561735,3.13151,0.089509,2.21762,0.853549,3.26482,0.0628431,-0.400398,0.496205,4.15847,0.667661,3.11127,-0.0532926,0.49313,-0.0579796,1.02812,0.772216,-1.31078,1.77608,-79.5633,22.0352,-60.4818,42.8579,57.6026,-17.2699,47.8118,-42.8238,6.28416,-1.71427,-0.001779,0.00499846,-0.438123,10.8083,-20.9618,21.4048,0,2.55648,-1.84918,5.20194,-8.03924,0.786341,0.838404,-1.55464,1.27825,-0.215464,20.1461,-36.4884,21.9232,34.665,-4.50966,10.2655,-5.49155,-17.356,6.3758,1.51438,0.00633648,-0.00246253,-0.00776664,2.12508,-2.12603,0.152135,-0.025621,-0.0386864,-0.0514063,12.9529,0.257176,0.283618,-16.5216,-23.1477,-0.00215411,0.00380149,-6.40512,0.212211,0.0302929,0.248514,-5.92152,-1.99167,-0.0097572,0,2659,-2.77556e-17,-5.55112e-17,-4.68375e-17,4.59702e-17,1.04083e-17,-3.46945e-17,-5.20417e-18,1.38778e-17,1.38778e-17,6.77626e-18,0,-0.533649,-0.450928,0.513517,-0.00866497,3.14159,2.21762,0.128042,3.26479,0.00942646,-0.392699,4.15847,0.100205,3.11112,-0.00799389,0.523599,0,0,0,0.164546,-0.0312264,-0.533649,0.513549,3.13151,2.21762,3.26482,-0.400398,4.15847,3.11127,0.49313,0.0295372,-2.60474,0.956698,0.000164028,-0.0685816,-0.001165,0.318761,-0.318904,0.0340636,0.0549421,0.0143299,1.00054,1.384,-0.109654,-0.583343,0.312231,268.716,13.4449,-0.90036,-324.722,-438.64,-0.10148,-1.00023,-129.582,-0.504,35.4361,-0.0323781,35.4377,-9.03731,-72.2357,-69.9645,-20.3905,-33.1453,-193.494,-33.1588,-193.454,-76.8529,-1.49539,97.7876,-38.025,114.874,66.1799,1.42531,-3.41913,28.4869,-3.53408,-46.5008,12.0533,-34.4241,3.57079,-13.7372,33.6594,-0.106035,33.4605
5.12,-5.9207,-2.00133,0.192012,0.576367,-0.00158588,1.31705,-0.503621,-0.00875545,0.52209,0.0306172,3.16331,-3.05675,2.24637,-3.90632,3.29941,-1.09552,-0.370641,-4.31761,4.18801,-3.14053,3.14514,-0.780088,0.524177,-4.8706,-2.01483,-7.23095,-0.414685,-7.1995,-3.6602,-4.3207,-2.00387,-6.7185,-0.614427,-6.7229,-3.3857,0.491616,-0.236265,-0.519569,0.165047,-0.00968853,0.510932,-0.0311578,-0.935776,-0.533193,-3.96911,0.514005,-0.0561971,3.13197,0.106909,2.2168,0.843007,3.264,0.0696174,-0.401218,0.496762,4.15844,0.667217,3.11124,-0.0533108,0.493096,-0.0579497,1.02776,0.769716,-1.31018,1.77257,-78.8193,21.8893,-59.9863,42.4393,56.9408,-17.127,47.342,-42.4057,6.27515,-1.71733,-0.0017865,0.00501217,-0.440836,10.8449,-20.9947,21.3286,0,2.57001,-1.87592,5.21167,-7.9867,0.809477,0.867095,-1.60277,1.30625,-0.222906,20.1574,-36.4735,21.8745,34.6374,-4.52338,10.262,-5.47897,-17.3422,6.36885,1.51181,0.00630554,-0.00244533,-0.00772577,2.12276,-2.1237,0.152108,-0.0261699,-0.0382049,-0.0502169,12.8539,0.676822,0.276129,-15.3188,-22.7168,-0.00302721,0.00687211,-6.41616,0.211908,0.0311882,0.248246,-5.92089,-1.99165,-0.00968853,0,2662,0,0,-3.46945e-18,-1.99493e-17,-3.46945e-17,-4.16334e-17,-4.33681e-17,-2.77556e-17,-3.1225e-17,-4.83554e-17,0,-0.533193,-0.448983,0.513973,-0.00866879,3.14159,2.2168,0.12646,3.26397,0.0104426,-0.392699,4.15844,0.100138,3.11109,-0.00799662,0.523599,0,0,0,0.163486,-0.0311578,-0.533193,0.514005,3.13197,2.2168,3.264,-0.401218,4.15844,3.11124,0.493096,0.0295719,-2.60266,0.955652,0.000162656,-0.070239,-0.00115887,0.318413,-0.318555,0.034005,0.0549511,0.0143329,1.00053,1.37951,-0.0973278,-0.577408,0.294561,266.627,21.7791,-0.739036,-302.065,-420.327,-0.0762707,-0.999109,-129.8,-0.502395,34.0553,-0.0324789,34.0569,-9.5563,-71.391,-69.2635,-20.0057,-32.7239,-192.212,-32.7381,-192.171,-74.0611,-1.4774,96.0381,-37.4316,113.418,65.3414,2.30883,-3.20862,28.2654,-3.323,-44.5594,11.9171,-32.0223,3.51737,-13.7602,33.4435,-0.105917,33.2448
5.16,-5.92021,-2.00125,0.190954,0.5748,-0.00148084,1.31498,-0.503117,-0.0130138,0.522671,0.0477811,3.16373,-3.04586,2.24562,-3.86125,3.29854,-1.0883,-0.371318,-4.31772,4.18801,-3.14043,3.14514,-0.780445,0.524178,-4.87009,-2.01485,-7.23045,-0.414303,-7.19886,-3.66021,-4.32021,-2.00362,-6.71815,-0.614429,-6.72226,-3.38571,0.487521,-0.191383,-0.519471,0.163947,-0.00962097,0.509734,-0.0310759,-0.936259,-0.532712,-3.95314,0.514486,-0.0562171,3.13245,0.124844,2.21603,0.832465,3.26322,0.0777552,-0.40199,0.497402,4.15841,0.667036,3.11121,-0.0533247,0.493074,-0.0579164,1.02739,0.767319,-1.30956,1.76913,-78.0659,21.7482,-59.5078,42.041,56.2623,-16.989,46.8887,-42.0079,6.26748,-1.72075,-0.00179309,0.00502341,-0.443516,10.884,-21.0268,21.2546,0,2.58412,-1.90482,5.2216,-7.93608,0.832624,0.902368,-1.66575,1.34596,-0.230996,20.1723,-36.46,21.8265,34.6147,-4.53706,10.2593,-5.46659,-17.3308,6.36221,1.50986,0.0062795,-0.00243002,-0.00769159,2.12054,-2.12148,0.152081,-0.0264373,-0.0391967,-0.0517256,12.7476,1.10563,0.272255,-14.2107,-22.0568,-0.00287837,0.00939059,-6.42517,0.211649,0.0320837,0.247987,-5.92047,-1.99163,-0.00962097,0,2664,0,-2.77556e-17,-3.20924e-17,-1.38778e-17,6.93889e-18,1.38778e-17,2.08167e-17,5.55112e-17,4.85723e-17,4.62141e-17,0,-0.532712,-0.447184,0.514453,-0.00867202,3.14159,2.21603,0.124879,3.2632,0.0116633,-0.392699,4.15841,0.10011,3.11107,-0.00799871,0.523599,0,0,0,0.162417,-0.0310759,-0.532712,0.514486,3.13245,2.21603,3.26322,-0.40199,4.15841,3.11121,0.493074,0.029595,-2.60095,0.954656,0.000161947,-0.0702241,-0.00115374,0.318081,-0.318222,0.0339613,0.0549572,0.0143349,1.00053,1.40328,-0.100403,-0.610633,0.2698,264.674,30.5458,-0.626941,-281.064,-400.366,-0.0712678,-0.997037,-130.026,-0.498384,34.8859,-0.0278296,34.8874,-10.7372,-72.8172,-70.7989,-20.32,-33.3276,-195.497,-33.337,-195.457,-75.6856,-1.54792,97.9257,-38.2518,115.515,66.5495,3.2382,-3.30588,28.0584,-3.41958,-42.4433,12.1542,-29.796,3.5818,-13.7842,34.0135,-0.105697,33.8117
5.2,-5.91968,-2.00117,0.189891,0.573186,-0.00137041,1.31285,-0.50261,-0.0172473,0.523261,0.064884,3.16415,-3.03467,2.24484,-3.81796,3.29765,-1.08587,-0.372032,-4.31782,4.18801,-3.14033,3.14514,-0.780798,0.52418,-4.86956,-2.01487,-7.22992,-0.413909,-7.19818,-3.66021,-4.31968,-2.00336,-6.71778,-0.614434,-6.72158,-3.38571,0.483455,-0.148274,-0.519363,0.162836,-0.00955362,0.508492,-0.0309886,-0.93731,-0.532228,-3.93622,0.514969,-0.0562374,3.13293,0.142078,2.21522,0.82231,3.26242,0.0843281,-0.402794,0.497933,4.15839,0.6668,3.11119,-0.0533391,0.493051,-0.057883,1.02703,0.764855,-1.30893,1.76562,-77.3275,21.6057,-59.0244,41.6354,55.6038,-16.8496,46.4309,-41.6028,6.25892,-1.72384,-0.00179996,0.00503518,-0.446243,10.9205,-21.0587,21.1808,0,2.599,-1.9327,5.23072,-7.88534,0.855431,0.928462,-1.70749,1.368,-0.238468,20.183,-36.4461,21.7776,34.5905,-4.5491,10.2564,-5.45391,-17.3186,6.35545,1.50777,0.00625162,-0.00241394,-0.00765497,2.11828,-2.11922,0.152053,-0.0265705,-0.0403475,-0.0531211,12.6418,1.53292,0.279908,-13.148,-21.7054,-0.00246064,0.0121647,-6.43405,0.211359,0.0329665,0.247724,-5.92005,-1.99162,-0.00955362,0,2666,1.38778e-17,0,1.47451e-17,-1.47451e-17,-1.73472e-17,-2.08167e-17,-1.73472e-17,1.59595e-16,1.59595e-16,1.61682e-16,0,-0.532228,-0.445278,0.514936,-0.00867528,3.14159,2.21522,0.123355,3.2624,0.0126492,-0.392699,4.15839,0.100076,3.11105,-0.00800087,0.523599,0,0,0,0.161336,-0.0309886,-0.532228,0.514969,3.13293,2.21522,3.26242,-0.402794,4.15839,3.11119,0.493051,0.0296181,-2.59914,0.953645,0.00016389,-0.0698468,-0.00114825,0.317742,-0.317883,0.0339146,0.0549632,0.014337,1.00053,1.37705,-0.0340555,-0.429274,0.341524,260.973,37.7225,-1.24499,-259.556,-401.743,-0.0550437,-0.738451,-129.978,-0.476661,27.0743,-0.0335905,27.0758,-10.2201,-67.3575,-65.6806,-18.3064,-30.9498,-188.678,-30.9587,-188.637,-60.02,-1.25794,87.9635,-34.4395,107.266,61.7972,3.99901,-2.10184,27.6661,-2.21467,-42.5893,11.272,-27.5158,3.26299,-13.7792,32.8692,-0.0782841,32.6706
5.24,-5.91916,-2.00108,0.188817,0.571592,-0.00126232,1.31075,-0.502101,-0.0213733,0.523852,0.0815616,3.16458,-3.02117,2.24369,-3.76553,3.29639,-1.10178,-0.3731,-4.31794,4.18801,-3.14021,3.14514,-0.781248,0.524182,-4.86904,-2.01489,-7.22933,-0.413323,-7.19752,-3.66021,-4.31917,-2.0031,-6.71741,-0.614435,-6.72091,-3.38571,0.479495,-0.0960389,-0.519245,0.161708,-0.00948435,0.507173,-0.0309151,-0.937758,-0.531754,-3.91935,0.515443,-0.0562609,3.1334,0.158566,2.21404,0.812443,3.26124,0.0883306,-0.403975,0.498283,4.15836,0.666451,3.11116,-0.0533562,0.493017,-0.0578524,1.02666,0.762284,-1.30831,1.76202,-76.5495,21.4621,-58.536,41.2274,54.9057,-16.709,45.9687,-41.1952,6.25071,-1.72717,-0.00180645,0.00504564,-0.44905,10.9543,-21.0916,21.1075,0,2.61483,-1.95682,5.23405,-7.82871,0.878308,0.940585,-1.71708,1.36395,-0.244785,20.1868,-36.4314,21.7277,34.5631,-4.55863,10.253,-5.44101,-17.3049,6.34843,1.50539,0.00622497,-0.00239837,-0.0076194,2.11594,-2.11687,0.152026,-0.0268473,-0.0398522,-0.0525768,12.5387,1.94957,0.337289,-11.8659,-22.1015,-0.00295197,0.0152124,-6.44536,0.211082,0.033854,0.24745,-5.91942,-1.9916,-0.00948435,0,2669,-2.77556e-17,1.38778e-17,-3.03577e-17,7.71952e-17,2.08167e-17,6.93889e-18,1.9082e-17,5.55112e-17,5.55112e-17,4.28802e-17,0,-0.531754,-0.443377,0.515411,-0.00867895,3.14159,2.21404,0.121875,3.26122,0.0132496,-0.392699,4.15836,0.100024,3.11101,-0.00800343,0.523599,0,0,0,0.160238,-0.0309151,-0.531754,0.515443,3.1334,2.21404,3.26124,-0.403975,4.15836,3.11116,0.493017,0.0296528,-2.59708,0.952596,0.000165663,-0.0709943,-0.00114291,0.317391,-0.317531,0.0338606,0.0549722,0.01434,1.00052,1.37735,-0.0965762,-0.59917,0.290041,260.458,47.4527,-0.671236,-235.744,-423.229,-0.074491,-0.8858,-130.45,-0.508489,34.2372,-0.0319181,34.2388,-11.2282,-71.9337,-70.1547,-19.7144,-32.7188,-191.659,-32.7249,-191.619,-74.2967,-1.595,96.1605,-37.7761,113.402,65.3324,5.03052,-3.25064,27.6114,-3.36261,-44.8671,12.0053,-24.9915,3.4979,-13.8292,33.3447,-0.0939047,33.1459
5.28,-5.91866,-2.001,0.187728,0.569966,-0.0011566,1.30831,-0.501364,-0.0282539,0.52461,0.103383,3.1652,-3.01011,2.24293,-3.72485,3.2955,-1.09781,-0.3738,-4.31805,4.18801,-3.14008,3.14514,-0.781586,0.524183,-4.86853,-2.01505,-7.22882,-0.412932,-7.19687,-3.66022,-4.31866,-2.00285,-6.71706,-0.614435,-6.72027,-3.38571,0.472745,-0.0555558,-0.519121,0.160582,-0.00941442,0.505909,-0.0308325,-0.928372,-0.53104,-3.91309,0.516158,-0.0563895,3.13412,0.183023,2.21325,0.797771,3.26045,0.0932866,-0.404762,0.498629,4.15833,0.666316,3.11113,-0.0533702,0.492994,-0.057819,1.02629,0.759795,-1.30769,1.75849,-75.3586,21.3165,-58.0466,40.8683,53.7574,-16.5717,45.5195,-40.848,6.25627,-1.73212,-0.00195511,0.00545321,-0.451555,11.0164,-21.1348,21.0259,0,2.63279,-2.00518,5.25054,-7.77362,0.907593,0.956676,-1.72664,1.35748,-0.2529,20.1908,-36.4176,21.6784,34.539,-4.56689,10.2503,-5.42831,-17.2929,6.34171,1.50352,0.00619855,-0.00238289,-0.00758462,2.1137,-2.11462,0.151998,-0.0272415,-0.0406308,-0.060993,12.3728,2.49482,0.276708,-10.8681,-22.0024,-0.00278003,0.0183669,-6.45389,0.21124,0.0349868,0.247188,-5.919,-1.99159,-0.00941442,0,2671,-1.38778e-17,-1.38778e-17,2.77556e-17,-7.45931e-17,-6.93889e-18,-3.46945e-17,-1.73472e-17,-4.85723e-17,-5.55112e-17,-5.15267e-17,0,-0.53104,-0.44255,0.516125,-0.00871929,3.14159,2.21325,0.119674,3.26043,0.013993,-0.392699,4.15833,0.100002,3.11099,-0.00800553,0.523599,0,0,0,0.159141,-0.0308325,-0.53104,0.516158,3.13412,2.21325,3.26045,-0.404762,4.15833,3.11113,0.492994,0.0296759,-2.59525,0.951577,0.00016039,-0.0712294,-0.00113769,0.317055,-0.317194,0.0338185,0.0549783,0.014342,1.00052,1.38274,-0.0899854,-0.598614,0.283743,257.011,58.2966,-2.02201,-214.628,-420.42,-0.0716606,-0.827661,-130.624,-0.532594,33.719,-0.0304943,33.7206,-11.1667,-72.0685,-70.3704,-19.4688,-32.6577,-191.973,-32.6612,-191.934,-73.0491,-1.62214,95.6795,-37.6715,113.193,65.2117,6.18009,-3.16215,27.2461,-3.27011,-44.5692,12.0296,-22.7529,3.47078,-13.8476,33.4035,-0.0877413,33.2039
5.32,-5.91817,-2.00092,0.186654,0.568393,-0.00105276,1.30628,-0.500874,-0.0309388,0.525264,0.121515,3.16561,-2.99971,2.24216,-3.68876,3.29463,-1.09994,-0.374513,-4.31818,4.18801,-3.13997,3.14514,-0.782062,0.524186,-4.86803,-2.01507,-7.22831,-0.412538,-7.19623,-3.66022,-4.31817,-2.0026,-6.71671,-0.614437,-6.71963,-3.38572,0.470309,-0.0196162,-0.519016,0.159427,-0.00934777,0.50461,-0.0307634,-0.94199,-0.530585,-3.88158,0.516613,-0.0563013,3.13457,0.201098,2.21245,0.787096,3.25964,0.0973579,-0.405569,0.49939,4.1583,0.665939,3.1111,-0.0533874,0.49296,-0.057788,1.02592,0.757256,-1.30707,1.7549,-75.1044,21.1603,-57.5259,40.3771,53.6345,-16.4131,45.01,-40.3453,6.23101,-1.73324,-0.00181223,0.00504666,-0.455031,11.056,-21.1689,20.952,0,2.65022,-2.03853,5.26107,-7.72359,0.931403,0.96852,-1.73492,1.35219,-0.259485,20.2097,-36.4036,21.6289,34.5123,-4.58395,10.2473,-5.41552,-17.2795,6.33443,1.50102,0.00617179,-0.00236737,-0.00754891,2.11127,-2.11219,0.15197,-0.0268345,-0.0393319,-0.0508143,12.2995,2.94786,0.259809,-9.985,-22.0557,-0.00335017,0.0211048,-6.46583,0.210418,0.0359089,0.246905,-5.91837,-1.99157,-0.00934777,0,2674,1.38778e-17,4.16334e-17,3.90313e-17,-6.245e-17,-3.46945e-18,0,3.46945e-18,1.17961e-16,1.00614e-16,1.05493e-16,0,-0.530585,-0.439127,0.516581,-0.00868414,3.14159,2.21245,0.118072,3.25962,0.0146037,-0.392699,4.1583,0.0999459,3.11095,-0.00800812,0.523599,0,0,0,0.158017,-0.0307634,-0.530585,0.516613,3.13457,2.21245,3.25964,-0.405569,4.1583,3.1111,0.49296,0.0297106,-2.59324,0.950488,0.000161718,-0.0721497,-0.00113234,0.31669,-0.316829,0.0337621,0.0549873,0.0143451,1.00051,1.37966,-0.0694452,-0.549207,0.503539,255.801,67.5923,-0.968652,-198.902,-424.725,-0.0723014,-0.725436,-130.82,-0.496252,31.2297,-0.031295,31.2312,-10.8507,-70.8106,-69.2262,-18.8227,-32.0044,-190.423,-32.0055,-190.385,-68.24,-1.54881,92.8622,-36.6451,110.927,63.9064,7.16554,-2.77204,27.1178,-2.88322,-45.0256,11.8282,-21.0859,3.37593,-13.8684,33.1474,-0.0769044,32.948
5.36,-5.91766,-2.00084,0.185573,0.566778,-0.00094557,1.30417,-0.500384,-0.0350193,0.52583,0.137078,3.16602,-2.98947,2.24141,-3.65569,3.29379,-1.10139,-0.375206,-4.3183,4.18801,-3.13986,3.14514,-0.782419,0.524187,-4.86752,-2.01508,-7.2278,-0.412156,-7.19558,-3.66022,-4.31766,-2.00235,-6.71635,-0.614439,-6.71897,-3.38572,0.466382,0.0133,-0.518914,0.158302,-0.00927917,0.503394,-0.0306793,-0.941806,-0.530118,-3.86601,0.51708,-0.0563156,3.13504,0.218581,2.21167,0.777012,3.25887,0.101271,-0.406342,0.499889,4.15828,0.66587,3.11108,-0.0534015,0.492937,-0.0577552,1.02556,0.754853,-1.30646,1.75145,-74.3726,21.0293,-57.0803,40.0091,52.9748,-16.2849,44.5888,-39.9772,6.22376,-1.73659,-0.00181091,0.00503554,-0.45774,11.0948,-21.2009,20.8823,0,2.66763,-2.07141,5.27061,-7.67621,0.954207,0.979763,-1.74283,1.34731,-0.265788,20.2196,-36.3907,21.5808,34.4905,-4.59453,10.2449,-5.4031,-17.2686,6.32783,1.49932,0.00614498,-0.0023519,-0.00751393,2.10907,-2.10998,0.151943,-0.0270268,-0.0403796,-0.0526503,12.1972,3.33665,0.255959,-9.17722,-22.0919,-0.00298213,0.0237034,-6.47484,0.210173,0.036792,0.246646,-5.91794,-1.99156,-0.00927917,0,2676,1.38778e-17,2.77556e-17,2.34188e-17,2.25514e-17,-2.77556e-17,-6.245e-17,-3.81639e-17,1.45717e-16,1.38778e-16,1.40702e-16,0,-0.530118,-0.437379,0.517047,-0.0086854,3.14159,2.21167,0.11656,3.25885,0.0151907,-0.392699,4.15828,0.0999352,3.11093,-0.00801023,0.523599,0,0,0,0.156921,-0.0306793,-0.530118,0.51708,3.13504,2.21167,3.25887,-0.406342,4.15828,3.11108,0.492937,0.0297337,-2.5916,0.949495,0.000160596,-0.0719035,-0.00112709,0.31636,-0.316497,0.0337241,0.0549933,0.0143471,1.00051,1.37776,-0.0781662,-0.580468,0.265624,253.123,74.8636,-0.690904,-183.637,-426.252,-0.0663129,-0.705352,-131.021,-0.500705,32.177,-0.0315771,32.1785,-10.9751,-71.5776,-70.029,-18.8858,-32.1942,-190.458,-32.1928,-190.42,-70.0804,-1.62491,93.8847,-37.1301,111.586,64.286,7.93638,-2.92977,26.8339,-3.03994,-45.1875,11.9512,-19.4676,3.39449,-13.8897,33.1473,-0.0747752,32.9481
5.4,-5.91716,-2.00075,0.184495,0.565139,-0.00083773,1.30201,-0.49988,-0.0391931,0.526412,0.152802,3.16645,-2.97909,2.24064,-3.6237,3.29294,-1.10339,-0.375915,-4.31841,4.18801,-3.13976,3.14514,-0.782789,0.524188,-4.867,-2.0151,-7.22729,-0.411768,-7.19492,-3.66022,-4.31716,-2.00209,-6.71599,-0.614442,-6.71832,-3.38572,0.462365,0.0451513,-0.518809,0.157169,-0.00921172,0.50212,-0.0305946,-0.941693,-0.529637,-3.85002,0.517561,-0.056342,3.13552,0.23523,2.21088,0.767326,3.25808,0.105133,-0.407132,0.500412,4.15825,0.665639,3.11106,-0.0534156,0.492915,-0.0577223,1.0252,0.752367,-1.30584,1.74793,-73.6294,20.896,-56.627,39.6339,52.3083,-16.1549,44.1619,-39.603,6.21638,-1.7395,-0.00182505,0.00506719,-0.46046,11.1303,-21.2328,20.8128,0,2.68573,-2.10301,5.27968,-7.62893,0.976617,0.990387,-1.75078,1.34253,-0.271978,20.2301,-36.3773,21.5319,34.4657,-4.60646,10.2422,-5.39046,-17.2561,6.32089,1.49721,0.00611829,-0.00233649,-0.00747862,2.10675,-2.10766,0.151916,-0.0269574,-0.0409621,-0.0539986,12.0933,3.72945,0.259625,-8.39658,-22.142,-0.00269167,0.0263961,-6.48415,0.209922,0.0376603,0.246376,-5.91752,-1.99155,-0.00921172,0,2678,2.77556e-17,1.38778e-17,-1.73472e-17,1.73472e-17,-1.04083e-17,-4.16334e-17,-1.04083e-17,1.8735e-16,1.8735e-16,1.81306e-16,0,-0.529637,-0.43557,0.517528,-0.0086906,3.14159,2.21088,0.115107,3.25806,0.01577,-0.392699,4.15825,0.099901,3.11091,-0.00801235,0.523599,0,0,0,0.155816,-0.0305946,-0.529637,0.517561,3.13552,2.21088,3.25808,-0.407132,4.15825,3.11106,0.492915,0.0297569,-2.58974,0.948457,0.000161746,-0.0716843,-0.00112179,0.316013,-0.31615,0.0336768,0.0549994,0.0143491,1.00051,1.37796,-0.0779538,-0.57974,0.283852,251.103,82.8019,-0.575275,-168.542,-427.492,-0.0707224,-0.660026,-131.227,-0.503384,32.1632,-0.0312374,32.1648,-10.9817,-71.8436,-70.3508,-18.7661,-32.1823,-190.344,-32.1782,-190.306,-69.9985,-1.65833,93.8909,-37.2157,111.545,64.2627,8.77793,-2.93043,26.6197,-3.03958,-45.319,11.995,-17.8673,3.38422,-13.9115,33.1273,-0.0699702,32.928
5.44,-5.91665,-2.00067,0.183417,0.563536,-0.000731406,1.29993,-0.499401,-0.0428552,0.526981,0.167558,3.16685,-2.96885,2.23985,-3.59229,3.29207,-1.10641,-0.376643,-4.31853,4.18801,-3.13963,3.14514,-0.783237,0.524191,-4.86649,-2.01511,-7.22677,-0.411367,-7.19427,-3.66023,-4.31665,-2.00184,-6.71564,-0.614444,-6.71767,-3.38572,0.458866,0.0764187,-0.518684,0.156028,-0.00914343,0.500801,-0.030523,-0.94327,-0.529192,-3.832,0.518005,-0.0563598,3.13597,0.251975,2.21006,0.757452,3.25726,0.109062,-0.407954,0.500749,4.15822,0.66536,3.11102,-0.0534329,0.49288,-0.0576926,1.02484,0.749825,-1.30524,1.74437,-72.9519,20.7625,-56.1726,39.2494,51.7163,-16.024,43.7327,-39.2184,6.20661,-1.74184,-0.00182391,0.00505627,-0.463242,11.1662,-21.2657,20.7428,0,2.70463,-2.13583,5.28901,-7.58127,0.999364,1.00097,-1.75897,1.33778,-0.278257,20.2336,-36.3634,21.4826,34.439,-4.61539,10.2392,-5.37773,-17.2428,6.31388,1.49498,0.00609106,-0.00232092,-0.00744243,2.10441,-2.10532,0.151889,-0.0269416,-0.0400724,-0.0520676,12.0015,4.09807,0.255934,-7.63103,-22.2178,-0.00307127,0.0296111,-6.49541,0.209593,0.0385419,0.246103,-5.91689,-1.99153,-0.00914343,0,2681,1.38778e-17,0,5.20417e-17,-2.86229e-17,-6.93889e-18,0,-6.93889e-18,1.11022e-16,1.07553e-16,1.19262e-16,0,-0.529192,-0.433547,0.517973,-0.00869224,3.14159,2.21006,0.113625,3.25724,0.0163594,-0.392699,4.15822,0.0998591,3.11087,-0.00801493,0.523599,0,0,0,0.154703,-0.030523,-0.529192,0.518005,3.13597,2.21006,3.25726,-0.407954,4.15822,3.11102,0.49288,0.0297916,-2.58774,0.947405,0.00016139,-0.0726747,-0.00111637,0.315662,-0.315798,0.0336264,0.0550084,0.0143521,1.0005,1.37877,-0.0750847,-0.568729,0.305029,249.207,90.1485,-0.68784,-153.474,-428.895,-0.0719247,-0.58727,-131.448,-0.501416,31.85,-0.0310638,31.8516,-10.9522,-71.9643,-70.5348,-18.5874,-32.1097,-190.182,-32.1029,-190.145,-69.3462,-1.67611,93.5963,-37.1843,111.294,64.1181,9.55675,-2.88224,26.4187,-2.9909,-45.4676,12.0156,-16.27,3.36481,-13.935,33.1009,-0.0622572,32.9014
5.48,-5.91615,-2.00059,0.182335,0.561905,-0.000625238,1.29779,-0.49891,-0.0468634,0.527549,0.182507,3.16727,-2.95863,2.23907,-3.56254,3.29121,-1.10834,-0.377365,-4.31865,4.18801,-3.13952,3.14513,-0.783608,0.524192,-4.86598,-2.01513,-7.22626,-0.410969,-7.19362,-3.66023,-4.31615,-2.00159,-6.71528,-0.614445,-6.71702,-3.38573,0.45501,0.106033,-0.518581,0.154899,-0.00907509,0.499551,-0.0304399,-0.94322,-0.528725,-3.81612,0.518472,-0.0563803,3.13643,0.269397,2.20926,0.747382,3.25646,0.113035,-0.408758,0.501366,4.1582,0.665149,3.111,-0.0534475,0.492858,-0.0576605,1.02448,0.747392,-1.30464,1.74092,-72.2434,20.6349,-55.7387,38.8902,51.083,-15.8994,43.3239,-38.8596,6.19912,-1.74465,-0.00183034,0.0050665,-0.465943,11.2056,-21.2987,20.6749,0,2.72395,-2.17135,5.29836,-7.53475,1.02231,1.01175,-1.76715,1.33319,-0.28459,20.2475,-36.3503,21.4346,34.415,-4.62885,10.2366,-5.36532,-17.2307,6.307,1.49292,0.00606229,-0.00230487,-0.0074047,2.10211,-2.10302,0.151863,-0.0270603,-0.0407812,-0.0533473,11.9013,4.47152,0.255589,-6.90672,-22.2661,-0.00293647,0.032248,-6.50474,0.209339,0.0394313,0.245834,-5.91647,-1.99152,-0.00907509,0,2683,2.77556e-17,1.38778e-17,1.82146e-17,-6.41848e-17,-3.1225e-17,-4.51028e-17,-4.16334e-17,4.85723e-17,4.51028e-17,4.35036e-17,0,-0.528725,-0.431757,0.51844,-0.00869546,3.14159,2.20926,0.112115,3.25643,0.0169552,-0.392699,4.1582,0.0998271,3.11085,-0.00801713,0.523599,0,0,0,0.153603,-0.0304399,-0.528725,0.518472,3.13643,2.20926,3.25646,-0.408758,4.1582,3.111,0.492858,0.0298147,-2.58592,0.94637,0.000160479,-0.0726754,-0.00111071,0.315317,-0.315452,0.0335801,0.0550145,0.0143542,1.0005,1.37828,-0.0702721,-0.568686,0.278891,247.02,97.4845,-0.78434,-139.303,-430.033,-0.0707112,-0.534956,-131.633,-0.500431,31.2881,-0.0310723,31.2897,-10.8826,-71.8827,-70.5239,-18.3411,-31.9491,-189.743,-31.9398,-189.707,-68.1709,-1.68116,92.9562,-37.0141,110.737,63.7976,10.3344,-2.79625,26.1869,-2.90395,-45.5883,12.0034,-14.7677,3.3343,-13.9545,33.0277,-0.0567114,32.8281
5.52,-5.91565,-2.0005,0.181256,0.560303,-0.000518343,1.29537,-0.498169,-0.0535054,0.528308,0.202636,3.16791,-2.9462,2.23794,-3.52446,3.29,-1.12121,-0.378419,-4.31878,4.18801,-3.1394,3.14513,-0.784061,0.524194,-4.86547,-2.01528,-7.22567,-0.410394,-7.19297,-3.66023,-4.31565,-2.00133,-6.71493,-0.614448,-6.71636,-3.38573,0.44849,0.143956,-0.518462,0.153755,-0.0090071,0.498261,-0.0303677,-0.933197,-0.528018,-3.81025,0.519179,-0.0565152,3.13714,0.285709,2.20809,0.737981,3.25529,0.117032,-0.409924,0.501823,4.15816,0.664912,3.11096,-0.0534648,0.492824,-0.0576312,1.02412,0.744905,-1.30404,1.73742,-71.1096,20.5009,-55.2879,38.5641,49.9891,-15.7734,42.9123,-38.5444,6.20515,-1.74962,-0.00197629,0.00546274,-0.468477,11.2417,-21.3319,20.6093,0,2.74397,-2.20191,5.30169,-7.48383,1.04478,1.02248,-1.77662,1.32982,-0.290761,20.2556,-36.337,21.386,34.3897,-4.63968,10.2339,-5.35277,-17.218,6.30003,1.49079,0.00603483,-0.00228933,-0.00736841,2.09979,-2.10069,0.151836,-0.0269619,-0.0400486,-0.0605823,11.7413,4.97445,0.310662,-5.98298,-22.588,-0.00322552,0.0353208,-6.51615,0.209514,0.0403046,0.245563,-5.91584,-1.9915,-0.0090071,0,2686,2.77556e-17,2.77556e-17,1.9082e-17,-6.50521e-17,-1.04083e-17,-3.46945e-17,-1.04083e-17,1.31839e-16,1.35308e-16,1.65666e-16,0,-0.528018,-0.430979,0.519147,-0.00873596,3.14159,2.20809,0.110704,3.25527,0.0175548,-0.392699,4.15816,0.0997918,3.11082,-0.00801973,0.523599,0,0,0,0.152485,-0.0303677,-0.528018,0.519179,3.13714,2.20809,3.25529,-0.409924,4.15816,3.11096,0.492824,0.0298494,-2.58402,0.945326,0.000160558,-0.0734467,-0.00110526,0.314968,-0.315103,0.0335322,0.0550235,0.0143572,1.0005,1.37739,-0.0672606,-0.561364,0.287072,243.743,107.521,-0.810284,-121.283,-436.376,-0.0703446,-0.472554,-131.863,-0.528258,31.2396,-0.0309871,31.2414,-10.8716,-72.0265,-70.734,-18.1681,-31.9053,-189.467,-31.8934,-189.432,-67.8573,-1.72377,92.7339,-37.0471,110.586,63.7105,11.3985,-2.79309,25.8395,-2.89666,-46.2607,12.027,-12.8574,3.31582,-13.979,32.9798,-0.0500961,32.7801
5.56,-5.91514,-2.00042,0.180174,0.558667,-0.000411157,1.29322,-0.497665,-0.0565616,0.528961,0.218627,3.16833,-2.93592,2.23718,-3.49654,3.28913,-1.11749,-0.379117,-4.3189,4.18801,-3.1393,3.14513,-0.784435,0.524196,-4.86496,-2.01531,-7.22516,-0.410008,-7.19231,-3.66023,-4.31514,-2.00108,-6.71457,-0.61445,-6.71571,-3.38573,0.445659,0.171713,-0.518361,0.152626,-0.00893892,0.497025,-0.0302837,-0.945718,-0.527538,-3.78184,0.51966,-0.0565367,3.13762,0.309974,2.20731,0.723731,3.25451,0.122026,-0.410708,0.502433,4.15814,0.664747,3.11094,-0.053479,0.492801,-0.0575996,1.02378,0.742506,-1.30344,1.734,-70.867,20.36,-54.82,38.1257,49.886,-15.6354,42.4692,-38.1065,6.18321,-1.74648,-0.00198266,0.00547222,-0.471177,11.3065,-21.3753,20.5355,0,2.76701,-2.25963,5.31773,-7.43413,1.07366,1.03684,-1.78654,1.32448,-0.298753,20.2695,-36.3244,21.3385,34.3666,-4.65276,10.2315,-5.34048,-17.2064,6.29322,1.48885,0.00600773,-0.00227402,-0.00733285,2.09752,-2.09841,0.15181,-0.0270521,-0.0409176,-0.053736,11.665,5.37395,0.257171,-5.30399,-22.4929,-0.0029703,0.0378946,-6.52554,0.208772,0.0414233,0.245296,-5.91542,-1.99148,-0.00893892,0,2688,1.38778e-17,2.77556e-17,2.42861e-17,-2.60209e-18,-3.1225e-17,-2.77556e-17,-2.77556e-17,4.16334e-17,3.46945e-17,3.06287e-17,0,-0.527538,-0.42778,0.519627,-0.00873839,3.14159,2.20731,0.108567,3.25448,0.0183039,-0.392699,4.15814,0.0997669,3.11079,-0.00802185,0.523599,0,0,0,0.151384,-0.0302837,-0.527538,0.51966,3.13762,2.20731,3.25451,-0.410708,4.15814,3.11094,0.492801,0.0298725,-2.58228,0.944305,0.000160519,-0.0732645,-0.00109993,0.314627,-0.314761,0.0334886,0.0550296,0.0143592,1.00049,1.37733,-0.0673736,-0.571494,0.490569,242.867,116.142,-2.06289,-107.24,-431.687,-0.0696648,-0.433339,-132.062,-0.528357,31.1516,-0.0314062,31.1533,-10.8661,-72.3367,-71.1168,-17.9983,-31.8936,-189.329,-31.8791,-189.294,-67.8204,-1.757,92.7573,-37.1384,110.546,63.6876,12.3123,-2.78224,25.7466,-2.88849,-45.7637,12.0773,-11.3687,3.29946,-14.0001,32.9556,-0.0459388,32.7558
5.6,-5.91464,-2.00034,0.179089,0.557009,-0.000304315,1.29105,-0.497162,-0.0604298,0.529551,0.234318,3.16876,-2.92627,2.23646,-3.47198,3.28834,-1.11615,-0.379779,-4.31901,4.18801,-3.13919,3.14513,-0.784804,0.524197,-4.86445,-2.01533,-7.22466,-0.409642,-7.19166,-3.66024,-4.31464,-2.00082,-6.71422,-0.614452,-6.71506,-3.38573,0.441953,0.196135,-0.518252,0.151494,-0.0088706,0.495738,-0.0302,-0.945764,-0.527058,-3.76414,0.52014,-0.0564541,3.1381,0.328192,2.20657,0.713129,3.25376,0.126704,-0.411451,0.502842,4.15812,0.664539,3.11092,-0.0534933,0.492778,-0.0575681,1.02343,0.740037,-1.30285,1.73053,-70.1757,20.2348,-54.395,37.7735,49.2583,-15.5086,42.0569,-37.7448,6.17382,-1.7523,-0.00185754,0.00511879,-0.474546,11.3496,-21.4102,20.468,0,2.7887,-2.30157,5.3292,-7.38927,1.09746,1.04988,-1.8003,1.32379,-0.305562,20.2758,-36.3115,21.2903,34.3415,-4.66253,10.2289,-5.32803,-17.1939,6.28632,1.48679,0.00598022,-0.00225857,-0.00729652,2.09521,-2.0961,0.151784,-0.0271349,-0.0414504,-0.0542851,11.5628,5.76595,0.241138,-4.70806,-22.4142,-0.00276415,0.0406988,-6.53484,0.208482,0.0423456,0.245027,-5.915,-1.99147,-0.0088706,0,2690,-1.38778e-17,-1.38778e-17,-3.98986e-17,1.56125e-17,-1.73472e-17,-5.20417e-17,-3.46945e-17,4.85723e-17,4.51028e-17,6.02274e-17,0,-0.527058,-0.425893,0.520107,-0.00870787,3.14159,2.20657,0.106976,3.25374,0.0190056,-0.392699,4.15812,0.0997357,3.11077,-0.008024,0.523599,0,0,0,0.150279,-0.0302,-0.527058,0.52014,3.1381,2.20657,3.25376,-0.411451,4.15812,3.11092,0.492778,0.0298956,-2.5804,0.943268,0.000160174,-0.0732731,-0.00109448,0.314282,-0.314415,0.0334425,0.0550356,0.0143613,1.00049,1.37741,-0.0636393,-0.559643,0.299636,240.105,123.353,-0.973569,-96.1537,-431.433,-0.0700794,-0.370975,-132.246,-0.503269,30.6643,-0.0309321,30.6659,-10.8973,-72.3115,-71.1682,-17.7786,-31.7597,-188.99,-31.7427,-188.956,-66.807,-1.7644,92.2421,-37.0091,110.083,63.4206,13.0768,-2.70734,25.4538,-2.81285,-45.7367,12.074,-10.1934,3.27356,-14.0196,32.8993,-0.0393275,32.6994
5.64,-5.91413,-2.00025,0.178007,0.555386,-0.000197494,1.28893,-0.496672,-0.0641673,0.530124,0.24824,3.16918,-2.91674,2.2357,-3.44756,3.28751,-1.11781,-0.380479,-4.31913,4.18801,-3.13906,3.14513,-0.785261,0.524199,-4.86394,-2.01534,-7.22415,-0.409256,-7.19101,-3.66024,-4.31413,-2.00057,-6.71386,-0.614454,-6.71441,-3.38574,0.438368,0.22043,-0.518127,0.150347,-0.00880239,0.49442,-0.0301278,-0.946043,-0.526603,-3.74735,0.520595,-0.0564721,3.13856,0.344496,2.20577,0.70367,3.25297,0.1311,-0.412246,0.503272,4.15808,0.664242,3.11089,-0.0535107,0.492744,-0.0575396,1.02308,0.737529,-1.30226,1.72703,-69.4964,20.1108,-53.9729,37.4222,48.6582,-15.3872,41.6597,-37.3933,6.1655,-1.75474,-0.00185634,0.00510761,-0.477333,11.3859,-21.4429,20.4028,0,2.8104,-2.33857,5.3385,-7.34533,1.11975,1.06152,-1.8132,1.32299,-0.311925,20.2827,-36.2981,21.2418,34.3149,-4.67318,10.2261,-5.31549,-17.1805,6.27923,1.48451,0.00595253,-0.00224309,-0.00725976,2.09284,-2.09373,0.151758,-0.0270528,-0.0405568,-0.0531196,11.4691,6.11372,0.238191,-4.11651,-22.4167,-0.0031438,0.0439188,-6.54634,0.208202,0.0432105,0.244751,-5.91437,-1.99145,-0.00880239,0,2693,-1.38778e-17,-2.77556e-17,-3.55618e-17,3.64292e-17,-6.93889e-18,-3.1225e-17,-1.04083e-17,-6.245e-17,-6.93889e-17,-7.10966e-17,0,-0.526603,-0.424008,0.520563,-0.0087096,3.14159,2.20577,0.105557,3.25295,0.019665,-0.392699,4.15808,0.0996912,3.11074,-0.0080266,0.523599,0,0,0,0.149159,-0.0301278,-0.526603,0.520595,3.13856,2.20577,3.25297,-0.412246,4.15808,3.11089,0.492744,0.0299304,-2.57839,0.942204,0.000159989,-0.0741975,-0.00108896,0.313927,-0.314059,0.0333911,0.0550446,0.0143643,1.00048,1.37689,-0.0595971,-0.550059,0.302276,238.128,130.243,-0.688667,-84.6613,-431.734,-0.0722574,-0.301571,-132.478,-0.501101,30.147,-0.030825,30.1487,-10.9127,-72.2412,-71.1775,-17.5398,-31.6078,-188.559,-31.5884,-188.526,-65.728,-1.76812,91.6651,-36.8586,109.556,63.1175,13.8072,-2.62861,25.2443,-2.73329,-45.7686,12.0636,-8.97505,3.24399,-14.0441,32.8273,-0.0319699,32.6274
5.68,-5.91363,-2.00017,0.176921,0.553733,-9.03486e-05,1.28678,-0.496196,-0.0678738,0.530684,0.261926,3.16959,-2.90706,2.23492,-3.42379,3.28666,-1.1195,-0.3812,-4.31925,4.18801,-3.13895,3.14513,-0.785639,0.524201,-4.86342,-2.01535,-7.22363,-0.408861,-7.19036,-3.66024,-4.31363,-2.00031,-6.7135,-0.614456,-6.71375,-3.38574,0.434814,0.244071,-0.518024,0.149216,-0.00873401,0.493168,-0.0300438,-0.946943,-0.52615,-3.73039,0.521048,-0.0564804,3.13901,0.361427,2.20497,0.694034,3.25217,0.135156,-0.413049,0.503891,4.15806,0.664037,3.11086,-0.053525,0.492722,-0.0575087,1.02274,0.735126,-1.30167,1.72363,-68.8706,19.9913,-53.5668,37.0824,48.1113,-15.27,41.2769,-37.0528,6.15661,-1.75691,-0.00184721,0.00507483,-0.480066,11.4257,-21.4757,20.3395,0,2.83246,-2.37807,5.34746,-7.30209,1.14224,1.07164,-1.82229,1.31955,-0.318165,20.2968,-36.2856,21.1945,34.2909,-4.68662,10.2237,-5.30326,-17.1685,6.27232,1.48247,0.00592507,-0.0022278,-0.00722364,2.09054,-2.09142,0.151732,-0.0271511,-0.0413403,-0.053653,11.3758,6.45559,0.242136,-3.54177,-22.452,-0.0029568,0.0465684,-6.55585,0.207904,0.044083,0.244481,-5.91395,-1.99144,-0.00873401,0,2695,0,0,5.0307e-17,-2.77556e-17,1.38778e-17,-1.73472e-17,1.38778e-17,1.11022e-16,1.11022e-16,1.12269e-16,0,-0.52615,-0.42211,0.521015,-0.00870876,3.14159,2.20497,0.104112,3.25214,0.0202734,-0.392699,4.15806,0.0996603,3.11072,-0.00802874,0.523599,0,0,0,0.148053,-0.0300438,-0.52615,0.521048,3.13901,2.20497,3.25217,-0.413049,4.15806,3.11086,0.492722,0.0299535,-2.57659,0.941168,0.000159736,-0.0741134,-0.00108355,0.313581,-0.313713,0.0333452,0.0550507,0.0143663,1.00048,1.37652,-0.0586495,-0.559244,0.292859,236.229,137.078,-0.755409,-73.3876,-433.945,-0.0708187,-0.259423,-132.676,-0.498899,30.0112,-0.0308143,30.0128,-10.9218,-72.4179,-71.4179,-17.3856,-31.5561,-188.32,-31.5342,-188.287,-65.4221,-1.79106,91.5277,-36.8862,109.378,63.0147,14.5318,-2.61061,25.0429,-2.71464,-46.003,12.0927,-7.77991,3.22813,-14.0651,32.7863,-0.0275018,32.5862
5.72,-5.91313,-2.00009,0.175837,0.552108,1.68811e-05,1.28463,-0.495694,-0.0717829,0.531262,0.275679,3.17002,-2.89537,2.23381,-3.39273,3.28548,-1.13027,-0.382232,-4.31938,4.18801,-3.13883,3.14513,-0.786096,0.524203,-4.86291,-2.01537,-7.22305,-0.408298,-7.1897,-3.66024,-4.31313,-2.00006,-6.71315,-0.614459,-6.7131,-3.38574,0.431049,0.274988,-0.517901,0.14807,-0.00866564,0.491868,-0.0299713,-0.94592,-0.525682,-3.71506,0.521516,-0.0565045,3.13948,0.377694,2.20382,0.684784,3.25102,0.139224,-0.414192,0.50431,4.15803,0.663805,3.11083,-0.0535423,0.492687,-0.0574808,1.02239,0.73266,-1.30109,1.72018,-68.1675,19.8719,-53.1606,36.7502,47.4808,-15.1535,40.8958,-36.721,6.14996,-1.75963,-0.00185353,0.00508444,-0.482817,11.4639,-21.51,20.2782,0,2.85543,-2.41395,5.35139,-7.25461,1.16466,1.08162,-1.83197,1.31661,-0.324316,20.3036,-36.2728,21.1466,34.2655,-4.69672,10.2212,-5.29088,-17.1558,6.26534,1.48035,0.00589756,-0.00221251,-0.00718727,2.08821,-2.08909,0.151706,-0.0270966,-0.0406158,-0.0536198,11.2782,6.79913,0.292081,-2.79296,-22.7211,-0.00325008,0.0497231,-6.56735,0.207679,0.0449552,0.244209,-5.91332,-1.99142,-0.00866564,0,2698,0,0,2.77556e-17,1.9082e-17,-2.08167e-17,-6.93889e-18,-3.1225e-17,6.93889e-18,0,4.87891e-18,0,-0.525682,-0.420383,0.521483,-0.00871251,3.14159,2.20382,0.102724,3.251,0.0208836,-0.392699,4.15803,0.0996255,3.11068,-0.00803134,0.523599,0,0,0,0.146933,-0.0299713,-0.525682,0.521516,3.13948,2.20382,3.25102,-0.414192,4.15803,3.11083,0.492687,0.0299882,-2.57468,0.940121,0.000159527,-0.0749229,-0.00107809,0.313232,-0.313363,0.0332974,0.0550597,0.0143694,1.00048,1.37642,-0.0555285,-0.55028,0.287496,234.169,143.878,-0.866505,-58.6643,-439.669,-0.0707045,-0.193551,-132.907,-0.49939,29.8389,-0.0306985,29.8405,-10.9124,-72.5716,-71.639,-17.2111,-31.5064,-188.109,-31.482,-188.077,-65.0133,-1.81256,91.3066,-36.9148,109.206,62.9159,15.2527,-2.58638,24.8245,-2.6892,-46.6099,12.1182,-6.21907,3.20957,-14.0896,32.7502,-0.0205186,32.55
5.76,-5.91262,-2,0.174749,0.55045,0.000124009,1.28246,-0.495205,-0.0755662,0.531834,0.289281,3.17044,-2.88551,2.23303,-3.3702,3.28461,-1.1273,-0.382947,-4.3195,4.18801,-3.13872,3.14513,-0.786476,0.524205,-4.8624,-2.01539,-7.22253,-0.407903,-7.18905,-3.66025,-4.31262,-1.9998,-6.71279,-0.614461,-6.71245,-3.38574,0.427417,0.297358,-0.517801,0.146938,-0.0085972,0.490624,-0.0298873,-0.946822,-0.525216,-3.69825,0.521981,-0.0565253,3.13994,0.401517,2.20302,0.670946,3.25022,0.144447,-0.414993,0.50494,4.158,0.663624,3.11081,-0.0535571,0.492665,-0.0574504,1.02205,0.730281,-1.30051,1.71681,-67.5576,19.7548,-52.7635,36.4185,46.9512,-15.0392,40.5232,-36.3896,6.14128,-1.76127,-0.00185968,0.0050937,-0.485489,11.5298,-21.5535,20.2093,0,2.88194,-2.47757,5.36683,-7.20799,1.19317,1.09558,-1.84392,1.31316,-0.33229,20.3182,-36.2607,21.0997,34.242,-4.71023,10.2189,-5.27876,-17.144,6.25847,1.47837,0.00586802,-0.00219655,-0.00714869,2.08592,-2.08679,0.151681,-0.0271953,-0.0414477,-0.0542612,11.1837,7.13889,0.246627,-2.24928,-22.6295,-0.00304675,0.0522978,-6.5769,0.207385,0.0460606,0.24394,-5.9129,-1.99141,-0.0085972,0,2700,2.77556e-17,2.77556e-17,-5.81132e-17,3.55618e-17,-2.77556e-17,-2.77556e-17,-3.81639e-17,1.94289e-16,1.8735e-16,2.11257e-16,0,-0.525216,-0.418489,0.521949,-0.00871562,3.14159,2.20302,0.100648,3.2502,0.0216671,-0.392699,4.158,0.0995984,3.11066,-0.00803356,0.523599,0,0,0,0.145826,-0.0298873,-0.525216,0.521981,3.13994,2.20302,3.25022,-0.414993,4.158,3.11081,0.492665,0.0300113,-2.57291,0.939089,0.000159252,-0.0748024,-0.0010723,0.312888,-0.313018,0.033253,0.0550658,0.0143714,1.00047,1.37629,-0.0533287,-0.554879,0.303493,232.285,150.712,-2.0307,-47.6462,-434.605,-0.0700069,-0.148277,-133.103,-0.499255,29.5469,-0.030647,29.5485,-10.8933,-72.6995,-71.8478,-16.9803,-31.419,-187.832,-31.3921,-187.801,-64.3947,-1.82683,91.005,-36.8753,108.904,62.7416,15.9772,-2.54299,24.6248,-2.64516,-46.073,12.1391,-5.05103,3.18339,-14.1104,32.7036,-0.015719,32.5034
