t,x,y,theta0,phi1,theta1,phi2,theta2,phi3,theta3,phi4,theta4,phi5,theta5,phi6,theta6,phi7,theta7,phi8,theta8,phi9,theta9,phi10,theta10,x1,Y1,x2,y2,x3,y3,Trix[1],Triy[1],Trix[2],Triy[2],Trix[3],Triy[3],varphi1,varphi2,varphi3,z21,z22,z31,z32,z41,z42,z51,z52,z61,z62,z71,z72,z81,z82,z91,z92,z101,z102,z111,z112,z121,z122,al21,al22,al31,al32,al33,al41,al42,al43,al44,al51,al52,al53,al54,al55,al61,al62,al63,al66,al71,al72,al73,al76,al77,al81,al82,al83,al88,al91,al92,al93,al99,al101,al102,al103,al1010,al111,al112,aL113,al1110,al1111,al121,al122,al123,al1210,al1211,al1212,u1,u2,u3,u4,u5,u6,u7,u8,u9,u10,u11,u12,v1,v2,v3,PSx,PSy,d,d0d,Q,nh1,nh2,nh3,nh4,nh5,nh6,nh7,nh8,nh9,nh10,thetap1d,thetap2d,dthetap2d,thetap3d,dthetap3d,thetap4d,thetap5d,dthetap5d,thetap6d,dthetap6d,thetap7d,thetap8d,dthetap8d,thetap9d,dthetap9d,thetap10d,deltap1d,delta2d,delta3d,thetap0,thetap1,thetap2,thetap3,thetap4,thetap5,thetap6,thetap7,thetap8,thetap9,thetap10,thetaT,K81,K82,K83,K84,K91,K92,K93,K94,sr.Cs, sr.Cs1, 1 - sr.d*sr.Cs,nu1,nu2,nu3,nu4,nu5,nu6,nu7,nu8,nu9,nu10,nu11,nu12,lambda1,lambda2,lambda3,lambda4,lambda5,lambda6,lambda7,lambda8,lambda9,lambda10,lambda11,lambda12,lambda13,lambda14,lambda15,lambda16,lambda17,lambda18,Q_phiR1, Q_varphiR1, Q_phiF1, Q_varphiF1, Q_phiR2, Q_varphiR2, Q_phiF2, Q_varphiF2, Q_phiR3, Q_varphiR3, Q_phiF3, Q_varphiF3
0,-6.50001,-2.00078,0,0,-3.42349e-05,0.523599,-0.523598,-0.523601,0.523599,-2.24958e-05,7.49191e-07,-2.22529,2.2252,-3.2724,3.2724,0.392707,-0.392797,-4.18879,4.18983,-3.14263,3.14263,-0.52363,0.524624,0,0,0,0,0,0,0,0,0,0,0,0,0,0,0,0,0,0,0,0,0,0,0,0,0,0,0,0,0,0,0,0,0,0,0,0,0,0,0,0,0,0,0,0,0,0,0,0,0,0,0,0,0,0,0,0,0,0,0,0,0,0,0,0,0,0,0,0,0,0,0,0,0,0,0,0,0,0,0,0,0,0,0,0,0,0,0,0,0,0,0,0,0,0,0,0,0,0,0,0,0,0,0,0,0,0,0,0,0,0,0,0,0,0,0,0,0,0,0,0,0,0,0,-0.392699,0,0,0,0,0.523599,0,0,0,0,0,0,0,0,0,0,0,0,0,0,0,0,0,0,0,0,0,0,0,0,0,1,0,0,0,0,0,0,0,0,0,0,0,0,0,0,0,0,0,0,0,0,0,0,0,0,0,0,0,0,0,0,0,0,0,0,0,0,0,0,0,0,0,0
0.04,-6.50001,-2.00078,0.00548442,0.0209074,-3.42349e-05,0.562042,-0.523598,-0.523601,0.523599,-2.24958e-05,7.49191e-07,-2.23191,2.2252,-3.2724,3.2724,0.392707,-0.392797,-4.19899,4.18983,-3.14263,3.14263,-0.52363,0.524624,-3.45001,-2.00083,-7.80807,-0.404586,-7.77609,-3.66188,-4.90001,-2.00083,-7.29996,-0.615112,-7.30006,-3.38639,-2.82281e-06,0.392797,-0.524624,0,-0.000780023,-0.0474502,-3.42349e-05,-0.0467907,-0.523598,-0.047729,0.523599,-0.0473855,7.49191e-07,-0.049069,2.2252,-0.0465202,3.2724,-0.0472991,-0.392797,-0.0319986,4.18983,-0.0552298,3.14263,-0.0486787,0.524624,-0.0474092,1.00004,-0.0118527,-1.25005,1.25005,-0.00555668,8.88922,-17.7784,8.88957,-0.0190908,-4.44463,8.88926,-8.8896,4.44516,-0.0121808,3.78606e-05,-7.57227e-05,-1.11129,-0.0333537,-25.293,12.6472,0,12.6444,0.00470878,7.76373,-3.8824,3.88109,-0.0108632,-0.000405586,0.000109006,-1.20228,0.224769,-30.8217,15.4251,15.369,-0.159834,7.68468,-3.84934,-7.67071,3.83557,-0.020107,-0.00664017,0.00221932,0.00441161,1.27855,-1.27781,0.150006,0.13711,0.522685,0.961068,1.12183,0.438226,-0.165314,0.174167,-0.491369,-0.255056,-0.145899,-0.416117,0,0,0,-6.5,-2,-0.000780023,0,0,-0,0,-0,-0,-0,0,-0,0,0,0,0,-0.523599,0.00715933,0.523599,0,0,2.2252,-0.00697568,3.27249,0,-0.392699,4.18983,-0.00831425,3.14159,0,0.523599,0,0,0,0,-3.42349e-05,-0.523598,0.523599,7.49191e-07,2.2252,3.2724,-0.392797,4.18983,3.14263,0.524624,0,-1.15474,0.577405,0,-0.147638,0,0,0,0,0.0474074,0.0117992,1.00004,0.751786,-1.37127,-5.30157,-9.74491,22.3814,8.48179,0.47997,0.773812,-12.7912,2.9625,-5.46458,-10.5274,0.00290629,84.967,0.00202066,84.967,40.1103,-140.428,40.1059,-140.43,-40.0482,-112.768,-39.9997,-112.795,-257.12,-0.000192632,193.659,-80.2382,138.64,80.2336,0.899165,-12.7603,2.37268,-12.7603,-1.35601,23.3029,0.0820327,23.3032,-1.11603,18.8737,-0.579307,18.8785
0.08,-6.50001,-2.00102,0.0103685,0.0349966,-4.71935e-05,0.586713,-0.523598,-0.523603,0.523599,-2.26036e-05,5.0876e-07,-2.23625,2.2252,-3.27239,3.27239,0.392711,-0.392798,-4.20397,4.19022,-3.14302,3.14302,-0.523643,0.525018,-3.45001,-2.00109,-7.80806,-0.404814,-7.776,-3.66229,-4.90001,-2.00109,-7.29995,-0.615341,-7.30008,-3.38662,-4.58827e-06,0.392798,-0.525018,0.00548474,-0.00101909,-0.028183,-4.71935e-05,-0.0272214,-0.523598,-0.228695,0.523599,-0.0473869,5.0876e-07,-0.00526755,2.2252,-0.03487,3.27239,-0.0473054,-0.392798,-0.0334909,4.19022,-0.0162586,3.14302,-0.0492128,0.525018,-0.0474125,1.00008,0.0122255,-1.2501,1.25061,-0.177831,9.09145,-18.1903,9.11659,-0.824711,-4.64669,9.29718,-9.11664,4.561,-0.218534,3.57212e-05,-7.14733e-05,-1.14025,0.752726,-25.2213,12.6882,0,12.2589,-0.358176,7.71944,-3.90589,3.81101,0.00289643,-0.00038737,0.000105446,-1.18058,0.500884,-31.1119,15.4438,16.0681,-0.0726006,7.81854,-3.85159,-8.01418,3.93961,0.0316232,-0.00929712,0.00307517,0.00637692,1.31324,-1.31219,0.15001,0.122103,0.352231,0.616794,1.16779,0.474296,-0.10858,0.113508,-0.562957,-0.124519,-0.307691,-0.443651,0.153929,0.147247,0.153527,-6.5,-2,-0.00101909,0,0,-8.67362e-19,3.46945e-18,1.23e-18,-5.54616e-06,-1.36609e-17,-1.34441e-17,-1.64392e-17,-1.17094e-17,-1.19262e-17,-8.70072e-18,0,-0.523599,0.0343043,0.523599,0,0,2.2252,-0.00522872,3.27249,0,-0.392699,4.19022,-0.0024509,3.14159,0,0.523599,0,0,0,0.00548442,-4.71935e-05,-0.523598,0.523599,5.0876e-07,2.2252,3.27239,-0.392798,4.19022,3.14302,0.525018,0,-1.2081,0.593877,0,-0.062218,0,0,0,0,0.0474074,0.0117992,1.00005,0.751354,-1.22107,-3.57139,-6.27284,23.3009,9.2721,0.944566,1.03926,-12.7049,1.63198,-7.15811,-9.7159,0.00252626,66.5655,0.00170632,66.5655,35.86,-129.349,35.8555,-129.351,-35.9867,-106.881,-35.9189,-106.918,-222.551,-0.000113225,173.136,-71.7351,124.549,72.1444,0.982947,-9.79473,2.47016,-9.79473,-1.34686,21.5147,0.110173,21.515,-1.02999,17.9537,-0.75884,17.9604
0.12,-6.50002,-2.00115,0.014193,0.0443074,-5.44649e-05,0.602472,-0.523598,-0.523604,0.523599,-2.265e-05,3.44483e-07,-2.2382,2.2252,-3.27239,3.27239,0.392713,-0.392798,-4.20608,4.19044,-3.14324,3.14324,-0.523647,0.525239,-3.45002,-2.00124,-7.80805,-0.404942,-7.77596,-3.66253,-4.90002,-2.00124,-7.29994,-0.615469,-7.30009,-3.38675,-5.70207e-06,0.392798,-0.525239,0.0103695,-0.00115325,-0.0166713,-5.44649e-05,-0.0136856,-0.523598,-0.345809,0.523599,-0.0473878,3.44483e-07,-0.00212109,2.2252,-0.0200169,3.27239,-0.0473082,-0.392798,-0.0456664,4.19044,0.00646407,3.14324,-0.0495353,0.525239,-0.0474201,1.00016,0.0266073,-1.25021,1.2516,-0.267773,9.22697,-18.4746,9.28317,-1.36167,-4.78184,9.57439,-9.28323,4.63647,-0.3577,3.42666e-05,-6.86118e-05,-1.15911,0.935708,-25.1763,12.7211,0,11.9967,-0.367947,7.6912,-3.92309,3.74967,0.0199187,-0.00038181,0.000104839,-1.16158,0.470907,-31.2604,15.4628,16.4864,0.0769252,7.88591,-3.85503,-8.21966,4.01154,0.0631993,-0.0108303,0.00356593,0.00757347,1.33722,-1.33599,0.150016,0.0956121,0.232769,0.393957,1.19662,0.496324,-0.0488354,0.0905298,-0.595034,-0.0527943,-0.381643,-0.444897,0.156473,0.144874,0.156327,-6.5,-2,-0.00115325,0,0,0,-8.67362e-18,-7.79387e-18,-5.30379e-06,7.37257e-18,7.58942e-18,-2.1684e-18,-6.1149e-17,-6.1149e-17,-5.69748e-17,0,-0.523599,0.0518712,0.523599,0,0,2.2252,-0.0030015,3.27249,0,-0.392699,4.19044,0.000975174,3.14159,0,0.523599,0,0,0,0.0103685,-5.44649e-05,-0.523598,0.523599,3.44483e-07,2.2252,3.27239,-0.392798,4.19044,3.14324,0.525239,0,-1.24002,0.605184,0,-0.0198808,0,0,0,0,0.0474074,0.0117992,1.00005,0.751556,-0.955951,-2.35738,-4.00694,23.8846,9.77528,0.496381,1.34296,-12.5157,0.754337,-7.97106,-9.1646,0.00181373,34.3179,0.0010365,34.3179,28.1854,-110.141,28.181,-110.143,-28.5012,-94.7368,-28.4229,-94.7804,-159.559,-5.49653e-05,136.081,-56.3826,98.629,57.1593,1.03629,-4.62074,2.53204,-4.62074,-1.32681,18.4283,0.142369,18.4286,-0.971551,16.0264,-0.845021,16.0342
0.16,-6.49874,-2.00129,0.0174191,0.0513376,-9.19119e-05,0.614007,-0.523602,-0.523599,0.523599,2.80805e-05,-1.57693e-06,-2.23878,2.22519,-3.27239,3.27239,0.392705,-0.392804,-4.20702,4.19065,-3.14345,3.14345,-0.523661,0.525478,-3.44874,-2.00144,-7.80672,-0.405047,-7.77466,-3.66276,-4.89874,-2.00144,-7.29861,-0.615575,-7.29886,-3.38686,1.70184e-06,0.392804,-0.525478,0.0141308,-0.00128918,-0.00985798,-0.000155918,-0.00328095,-0.523666,-0.421785,0.523535,-0.0474542,-6.55828e-05,-0.00374281,2.22512,-0.0126971,3.27232,-0.0473099,-0.392868,-0.0534178,4.19059,0.0166181,3.14339,-0.0498789,0.525414,-0.047445,1.00026,0.0351349,-1.25033,1.25253,-0.300187,9.31628,-18.6654,9.39957,-1.73173,-4.87059,9.75846,-9.39955,4.68636,-0.450371,-5.40085e-05,0.000108217,-1.17159,1.00531,-25.1573,12.7403,0,11.8475,-0.355321,7.6788,-3.93211,3.7107,0.0280028,-0.000440693,0.000121501,-1.1495,0.437561,-31.3304,15.4815,16.7138,0.161048,7.91407,-3.85837,-8.32995,4.05466,0.0781601,-0.0124026,0.00407872,0.00876616,1.3516,-1.35018,0.150024,0.0806527,0.175754,0.288378,1.25399,0.524392,-0.0145118,0.104449,-0.613104,-0.0234854,-0.421715,-0.431429,0.158156,0.143367,0.158006,-6.49865,-2,-0.00128918,0,6,0,-3.46945e-18,-5.65734e-18,8.34391e-06,1.95156e-17,1.97325e-17,1.13418e-17,-3.98986e-17,-3.98986e-17,-4.29344e-17,0,-0.523535,0.0632817,0.523599,0,0,2.22512,-0.00190344,3.27249,0,-0.392699,4.19059,0.0025083,3.14159,0,0.523599,0,0,0,0.014129,-0.000155918,-0.523666,0.523535,-6.55828e-05,2.22512,3.27232,-0.392868,4.19059,3.14339,0.525414,6.40059e-05,-1.2573,0.612001,0,-0.00234477,0,0,0,0,0.0474233,0.0118045,1.00006,0.560541,-0.877945,-1.80997,-2.90584,25.786,10.2301,-0.0858897,1.85922,-13.257,0.348151,-8.6312,-9.34798,0.014618,47.2558,0.0146428,47.2558,26.3486,-94.3257,26.3437,-94.3276,-26.8262,-81.141,-26.7606,-81.1774,-163.991,0.000258602,127.219,-52.7115,92.8153,53.8197,1.08451,-6.89602,2.7336,-6.89602,-1.40539,15.68,0.197098,15.6803,-0.990991,13.6464,-0.915004,13.6529
0.2,-6.49482,-2.00143,0.0203457,0.0576099,-0.000112576,0.624237,-0.523603,-0.523593,0.523596,2.48911e-05,-3.72924e-06,-2.2389,2.22518,-3.27238,3.27238,0.3927,-0.392809,-4.20774,4.19091,-3.14371,3.14371,-0.523668,0.525725,-3.44482,-2.00161,-7.80278,-0.405164,-7.7707,-3.66299,-4.89482,-2.00161,-7.29466,-0.615696,-7.29498,-3.38698,6.57087e-06,0.392809,-0.525725,0.0171766,-0.00142698,-0.00515437,-0.000357996,0.00442538,-0.523849,-0.47768,0.52335,-0.0474901,-0.000249149,-0.00251323,2.22494,-0.0113117,3.27214,-0.0473439,-0.393054,-0.0574797,4.19066,0.0207807,3.14346,-0.050269,0.52548,-0.0474994,1.00036,0.0410557,-1.25048,1.25338,-0.318351,9.38318,-18.8102,9.48946,-2.00779,-4.9369,9.89714,-9.48939,4.72309,-0.519781,-3.7857e-05,7.59061e-05,-1.18078,1.08339,-25.1534,12.7516,0,11.7587,-0.378433,7.67563,-3.93651,3.68599,0.0293466,-0.000487247,0.000134539,-1.14184,0.434559,-31.3683,15.4997,16.8542,0.198003,7.92504,-3.86131,-8.3962,4.08345,0.0849692,-0.0140677,0.00462728,0.0100103,1.36121,-1.35958,0.150032,0.0731643,0.156808,0.255747,1.34563,0.54607,-0.00286795,0.150792,-0.641549,-0.0179162,-0.445008,-0.437717,0.159396,0.142413,0.159128,-6.49483,-2,-0.00142698,0,23,0,1.73472e-18,-1.92435e-18,5.84034e-06,2.40693e-17,2.4503e-17,2.9453e-17,3.64292e-17,3.64292e-17,4.07118e-17,0,-0.52335,0.0717137,0.523599,0,0,2.22494,-0.00169467,3.27249,0,-0.392699,4.19067,0.00313741,3.14159,0,0.523599,0,0,0,0.0171737,-0.000357996,-0.523849,0.52335,-0.000249149,2.22494,3.27214,-0.393054,4.19066,3.14346,0.52548,0.00024542,-1.26763,0.616506,0,0.000644693,0,0,0,0,0.0474685,0.0118196,1.00007,0.372022,-0.912205,-1.739,-2.69807,28.3836,10.5121,-0.471109,2.74442,-14.5107,0.243259,-9.20301,-10.1413,0.0367231,73.2444,0.11061,73.2444,27.6873,-86.7953,27.6769,-86.7995,-28.2125,-72.5948,-28.1754,-72.6152,-194.094,0.000723823,133.69,-55.3933,97.5909,56.6212,1.1144,-11.2635,3.00898,-11.2635,-1.53829,14.269,0.29094,14.2698,-1.07509,12.0696,-0.975622,12.0731
0.24,-6.48863,-2.00156,0.023153,0.0641429,-0.000136398,0.635113,-0.523604,-0.523587,0.523595,2.6669e-05,-4.88463e-06,-2.23924,2.22518,-3.27238,3.27238,0.392691,-0.392813,-4.2087,4.19116,-3.14396,3.14396,-0.523682,0.525976,-3.43863,-2.00179,-7.79655,-0.405281,-7.76447,-3.66323,-4.88863,-2.00178,-7.28844,-0.615814,-7.28882,-3.3871,1.24447e-05,0.392813,-0.525976,0.0198053,-0.00156678,-0.00105418,-0.000680823,0.0114415,-0.524149,-0.527521,0.52305,-0.0475599,-0.00054931,0.00208873,2.22463,-0.0126664,3.27183,-0.0474036,-0.393358,-0.0603667,4.19061,0.0236985,3.14341,-0.0506842,0.525431,-0.0475834,1.00047,0.0462519,-1.25063,1.25423,-0.331834,9.44357,-18.9421,9.57267,-2.25655,-4.99659,10.0229,-9.57254,4.75591,-0.582514,-2.96342e-05,5.94637e-05,-1.18899,1.19406,-25.1546,12.7605,0,11.6911,-0.433905,7.67553,-3.93943,3.66744,0.0276485,-0.000547657,0.000151314,-1.13608,0.442566,-31.4001,15.5181,16.9733,0.222259,7.93301,-3.86429,-8.45187,4.10813,0.0900869,-0.0157055,0.00516856,0.0112396,1.36944,-1.36762,0.150041,0.0701831,0.163324,0.271905,1.47641,0.565801,-0.008539,0.218673,-0.692621,-0.0240272,-0.45045,-0.462786,0.160504,0.141696,0.160089,-6.48853,-2,-0.00156678,0,51,0,3.46945e-18,3.16409e-18,4.5661e-06,-3.90313e-18,-3.68629e-18,3.32037e-19,7.54605e-17,7.58942e-17,7.35089e-17,0,-0.52305,0.0792787,0.523599,0,0,2.22464,-0.00189562,3.27249,0,-0.392699,4.19062,0.00357732,3.14159,0,0.523599,0,0,0,0.0198013,-0.000680823,-0.524149,0.52305,-0.00054931,2.22463,3.27183,-0.393358,4.19061,3.14341,0.525431,0.000544426,-1.27582,0.620127,0,-0.00614891,0,0,0,0,0.047543,0.0118446,1.00007,0.235777,-0.99233,-1.96661,-3.07481,31.5626,10.7622,-0.650827,3.94344,-16.1848,0.240121,-9.54528,-11.2726,0.0410334,98.4361,0.268476,98.4361,30.2317,-85.204,30.213,-85.2117,-30.7473,-69.0441,-30.7463,-69.044,-228.766,0.00111744,145.977,-60.4853,106.346,61.7363,1.14092,-15.4446,3.34599,-15.4446,-1.71577,13.8664,0.418049,13.8678,-1.19502,11.3495,-1.01191,11.3493
0.28,-6.48161,-2.00169,0.0258501,0.0709661,-0.000160875,0.646708,-0.523605,-0.52358,0.523595,3.14581e-05,-4.90753e-06,-2.24004,2.22518,-3.27237,3.27237,0.392682,-0.392816,-4.21001,4.19139,-3.14419,3.14419,-0.523695,0.526208,-3.43161,-2.00196,-7.7895,-0.405387,-7.75743,-3.66345,-4.88161,-2.00195,-7.28139,-0.615921,-7.28183,-3.3872,1.99895e-05,0.392816,-0.526208,0.0222828,-0.00169884,0.00351844,-0.00103664,0.0188207,-0.52448,-0.580616,0.522719,-0.0476393,-0.000880675,0.0104431,2.2243,-0.0143848,3.2715,-0.047474,-0.393692,-0.0599826,4.19051,0.0269145,3.14332,-0.0510878,0.525333,-0.0476762,1.00058,0.0520497,-1.2508,1.25523,-0.35111,9.50876,-19.0857,9.66468,-2.51898,-5.06099,10.1593,-9.66446,4.7908,-0.650228,-2.4103e-05,4.84072e-05,-1.19771,1.35446,-25.1535,12.7719,0,11.6168,-0.519192,7.67403,-3.94351,3.64935,0.0255698,-0.000598623,0.000165582,-1.13047,0.511275,-31.4388,15.5378,17.1051,0.219039,7.94483,-3.86772,-8.51406,4.13252,0.0956815,-0.0172366,0.00567394,0.0124111,1.37758,-1.37557,0.150049,0.0674276,0.170581,0.289886,1.6157,0.584141,-0.0200237,0.285277,-0.75806,-0.0327004,-0.453509,-0.500606,0.161682,0.140996,0.161039,-6.48157,-1.99999,-0.00169884,0,82,1.73472e-18,1.04083e-17,1.72879e-18,3.70855e-06,1.34441e-17,1.27936e-17,1.81028e-17,-4.90059e-17,-4.85723e-17,-4.52112e-17,0,-0.522718,0.0873584,0.523599,0,0,2.2243,-0.00215031,3.27249,0,-0.392699,4.19052,0.00406138,3.14159,0,0.523599,0,0,0,0.0222773,-0.00103664,-0.52448,0.522719,-0.000880675,2.2243,3.2715,-0.393692,4.19051,3.14332,0.525333,0.000875767,-1.28477,0.623594,0,-0.0137055,0,0,0,0,0.0476255,0.0118722,1.00008,0.166821,-1.0517,-2.20759,-3.51226,34.648,11.0267,-0.647407,5.16731,-17.8782,0.298332,-9.82885,-12.4422,0.0259005,113.171,0.420061,113.171,32.0294,-85.5651,32.0049,-85.5752,-32.5159,-68.1412,-32.5429,-68.125,-250.454,0.00122911,154.656,-64.0819,112.456,65.3185,1.16896,-17.8765,3.67308,-17.8765,-1.89529,13.848,0.547793,13.8498,-1.31901,11.1291,-1.04197,11.126
0.32,-6.47359,-2.00182,0.0285643,0.0783478,-0.000188487,0.65945,-0.523604,-0.52357,0.523596,3.50524e-05,-4.05019e-06,-2.24131,2.22517,-3.27237,3.27237,0.392678,-0.392819,-4.2117,4.19163,-3.14443,3.14443,-0.523701,0.526453,-3.42359,-2.00213,-7.78143,-0.405496,-7.74937,-3.66368,-4.87359,-2.00213,-7.27332,-0.616032,-7.27385,-3.38731,2.99671e-05,0.392819,-0.526453,0.0245963,-0.00184016,0.00858248,-0.00144943,0.0268972,-0.524865,-0.63752,0.522335,-0.0477277,-0.001265,0.0200264,2.22391,-0.014887,3.27111,-0.0475631,-0.39408,-0.0575817,4.19037,0.0310877,3.14317,-0.0515349,0.525192,-0.047783,1.00069,0.0584787,-1.25099,1.25638,-0.373484,9.57941,-19.2428,9.76712,-2.80068,-5.13072,10.308,-9.76679,4.82829,-0.72384,-1.07879e-05,2.1688e-05,-1.20709,1.53491,-25.1477,12.7873,0,11.5287,-0.610057,7.66956,-3.94954,3.62936,0.0248753,-0.000629274,0.000174417,-1.12427,0.620489,-31.4882,15.5598,17.2559,0.201352,7.96167,-3.87172,-8.5855,4.15782,0.102776,-0.0189073,0.00622395,0.0137058,1.38602,-1.38381,0.150059,0.0678535,0.184543,0.318553,1.77351,0.603803,-0.031595,0.357127,-0.840569,-0.0423667,-0.45548,-0.550284,0.162948,0.140224,0.162024,-6.47349,-1.99998,-0.00184016,0,118,-1.73472e-18,-3.46945e-18,-7.96211e-20,1.65726e-06,-1.95156e-17,-1.97325e-17,-2.47977e-17,5.1608e-17,5.24754e-17,4.6946e-17,0,-0.522332,0.096048,0.523599,0,0,2.22392,-0.00222239,3.27249,0,-0.392699,4.19037,0.00468877,3.14159,0,0.523599,0,0,0,0.0245892,-0.00144943,-0.524865,0.522335,-0.001265,2.22391,3.27111,-0.39408,4.19037,3.14317,0.525192,0.00126095,-1.2949,0.627097,0,-0.021653,0,0,0,0,0.0477216,0.0119044,1.00009,0.137527,-1.12197,-2.51007,-4.07072,37.9371,11.3395,-0.605987,6.4959,-19.788,0.380671,-10.0973,-13.7327,0.0121728,124.744,0.536488,124.744,34.115,-88.8268,34.0873,-88.8382,-34.5865,-70.1519,-34.6304,-70.1259,-270.608,0.00109602,164.724,-68.2542,119.608,69.5119,1.20211,-19.757,4.02176,-19.757,-2.09775,14.3359,0.688639,14.338,-1.45582,11.4205,-1.07043,11.4158
0.36,-6.465,-2.00196,0.0313331,0.0862364,-0.000219405,0.673193,-0.523603,-0.523558,0.523598,4.47371e-05,-2.64887e-06,-2.24298,2.22517,-3.27237,3.27237,0.39267,-0.392822,-4.21372,4.19188,-3.14468,3.14468,-0.523714,0.526704,-3.415,-2.00231,-7.7728,-0.405604,-7.74076,-3.66391,-4.865,-2.00231,-7.26469,-0.616142,-7.2653,-3.38742,4.19083e-05,0.392822,-0.526704,0.0269053,-0.00198686,0.0143256,-0.00188739,0.0360168,-0.525271,-0.700411,0.52193,-0.0478266,-0.00167063,0.0311925,2.2235,-0.0143143,3.2707,-0.0476534,-0.39449,-0.0537515,4.19021,0.0365875,3.14302,-0.0519948,0.525036,-0.0478963,1.00082,0.065768,-1.25121,1.25776,-0.399265,9.65847,-19.4202,9.88505,-3.11307,-5.20872,10.4754,-9.88457,4.86982,-0.80645,-6.06353e-06,1.22048e-05,-1.21748,1.74126,-25.1373,12.8074,0,11.4245,-0.709919,7.66217,-3.95775,3.60681,0.0253634,-0.000677857,0.000188451,-1.11728,0.762857,-31.5501,15.5852,17.4324,0.175141,7.98422,-3.8765,-8.66953,4.18551,0.111919,-0.0206001,0.00677954,0.0150471,1.39526,-1.39284,0.150069,0.0692206,0.197215,0.343561,1.93844,0.625084,-0.0419579,0.427999,-0.934884,-0.0504507,-0.461661,-0.608031,0.164349,0.139352,0.163102,-6.46497,-1.99997,-0.00198686,0,156,0,0,1.47807e-18,9.29797e-07,-2.25514e-17,-2.23346e-17,-2.83078e-17,-1.64799e-17,-1.64799e-17,-1.5233e-17,0,-0.521925,0.105672,0.523599,0,0,2.22351,-0.00213388,3.27249,0,-0.392699,4.19022,0.00551529,3.14159,0,0.523599,0,0,0,0.0268963,-0.00188739,-0.525271,0.52193,-0.00167063,2.2235,3.2707,-0.39449,4.19021,3.14302,0.525036,0.00166798,-1.30686,0.630933,0,-0.0278665,0,0,0,0,0.0478232,0.0119384,1.0001,0.119846,-1.19676,-2.80942,-4.61918,41.3213,11.6882,-0.53627,7.82754,-21.8779,0.466065,-10.4466,-15.1412,0.00693672,135.549,0.639392,135.549,36.3164,-93.0206,36.2866,-93.033,-36.7791,-73.0649,-36.8347,-73.0322,-290.577,0.000769701,175.357,-72.6604,127.173,73.9508,1.23908,-21.5014,4.38052,-21.5014,-2.3193,14.9854,0.829807,14.9877,-1.60514,11.8697,-1.10746,11.8638
0.4,-6.45577,-2.0021,0.0342362,0.0947105,-0.00025283,0.68801,-0.523601,-0.523545,0.523599,5.65676e-05,-8.60627e-07,-2.24499,2.22517,-3.27236,3.27236,0.392661,-0.392825,-4.21598,4.19215,-3.14495,3.14495,-0.523727,0.526972,-3.40577,-2.00251,-7.76353,-0.405719,-7.7315,-3.66415,-4.85577,-2.0025,-7.25542,-0.616257,-7.25612,-3.38754,5.53629e-05,0.392825,-0.526972,0.0292367,-0.00214685,0.0206371,-0.00236052,0.0462252,-0.525709,-0.768742,0.521492,-0.0479345,-0.00210855,0.0430584,2.22306,-0.0126108,3.27026,-0.0477517,-0.394932,-0.0494409,4.19004,0.0434054,3.14284,-0.0524931,0.524864,-0.0480191,1.00096,0.0737838,-1.25145,1.25938,-0.425859,9.74554,-19.6176,10.0188,-3.45561,-5.29456,10.661,-10.0182,4.91511,-0.897716,-2.61163e-06,5.26408e-06,-1.22882,1.96156,-25.1229,12.8321,0,11.3058,-0.811626,7.65221,-3.96805,3.58156,0.0270761,-0.000728312,0.000203274,-1.10945,0.920944,-31.6229,15.6143,17.6326,0.148824,8.01161,-3.88213,-8.76504,4.21583,0.123184,-0.0224236,0.00737667,0.0165174,1.40538,-1.40273,0.15008,0.0725773,0.211851,0.37042,2.11462,0.648778,-0.050061,0.503124,-1.04074,-0.0564951,-0.469146,-0.671495,0.165878,0.138376,0.164283,-6.45579,-1.99995,-0.00214685,0,197,0,-6.93889e-18,-9.08358e-18,3.99651e-07,-2.55872e-17,-2.60209e-17,-2.43302e-17,5.55112e-17,5.42101e-17,3.89229e-17,0,-0.521484,0.116158,0.523599,0,0,2.22307,-0.00187706,3.27249,0,-0.392699,4.19004,0.0065391,3.14159,0,0.523599,0,0,0,0.0292254,-0.00236052,-0.525709,0.521492,-0.00210855,2.22306,3.27026,-0.394932,4.19004,3.14284,0.524864,0.00210769,-1.32047,0.635121,0,-0.0327923,0,0,0,0,0.047933,0.0119752,1.0001,0.117702,-1.281,-3.1239,-5.18931,44.8586,12.0928,-0.471801,9.25065,-24.1447,0.535583,-10.8121,-16.6045,-0.00283947,145.812,0.725289,145.812,38.796,-98.7595,38.764,-98.7728,-39.2653,-77.4128,-39.3282,-77.3759,-311.348,0.000267954,187.332,-77.623,135.749,78.9865,1.28197,-23.1411,4.75551,-23.1411,-2.55961,15.8989,0.980672,15.9013,-1.76027,12.5662,-1.1462,12.5595
0.44,-6.44662,-2.00224,0.0372212,0.10354,-0.000288178,0.703476,-0.523599,-0.52353,0.523601,7.01584e-05,1.16376e-06,-2.24726,2.22516,-3.27236,3.27236,0.392652,-0.392827,-4.21837,4.19241,-3.14521,3.14521,-0.52374,0.527236,-3.39662,-2.0027,-7.75433,-0.405828,-7.72233,-3.66439,-4.84662,-2.0027,-7.24622,-0.616368,-7.24702,-3.38765,6.99001e-05,0.392827,-0.527236,0.0317024,-0.00230704,0.027529,-0.00283612,0.0576619,-0.526147,-0.843022,0.521053,-0.0480433,-0.00254678,0.0558651,2.22262,-0.0102094,3.26981,-0.0478499,-0.395375,-0.0449416,4.18986,0.0514041,3.14267,-0.0529954,0.524688,-0.048144,1.00112,0.0825364,-1.25173,1.2613,-0.451965,9.84165,-19.8379,10.1711,-3.8323,-5.38925,10.8674,-10.1703,4.96453,-0.998726,-5.67067e-07,1.14484e-06,-1.24118,2.19817,-25.1057,12.8614,0,11.1744,-0.918216,7.64036,-3.98031,3.55384,0.0295023,-0.000780918,0.000218982,-1.10085,1.08954,-31.7041,15.6472,17.8551,0.124492,8.04306,-3.88877,-8.87159,4.24906,0.136396,-0.0242429,0.00797122,0.0180226,1.41647,-1.41359,0.150092,0.0746257,0.22074,0.386665,2.28926,0.673757,-0.0568207,0.575805,-1.15294,-0.0597908,-0.478693,-0.736996,0.167546,0.137303,0.165576,-6.44661,-1.99993,-0.00230704,0,238,0,3.46945e-18,7.58094e-18,8.65723e-08,2.73219e-17,2.73219e-17,2.75387e-17,4.42354e-17,4.46691e-17,4.23923e-17,0,-0.521042,0.127576,0.523599,0,0,2.22263,-0.0015173,3.27249,0,-0.392699,4.18986,0.00773934,3.14159,0,0.523599,0,0,0,0.0316882,-0.00283612,-0.526147,0.521053,-0.00254678,2.22262,3.26981,-0.395375,4.18986,3.14267,0.524688,0.00254795,-1.3357,0.639734,0,-0.0358541,0,0,0,0,0.048043,0.0120121,1.00011,0.117046,-1.35388,-3.39097,-5.67134,48.3635,12.5232,-0.391768,10.6453,-26.5126,0.581121,-11.2087,-18.0921,-0.00584216,154.456,0.808925,154.456,40.9171,-103.738,40.8828,-103.752,-41.3876,-81.1703,-41.4571,-81.1295,-328.977,-0.000382851,197.578,-81.8691,143.062,83.2925,1.3276,-24.5209,5.12707,-24.5209,-2.81064,16.6927,1.12852,16.6952,-1.91796,13.1689,-1.18825,13.1616
0.48,-6.43772,-2.00237,0.0402413,0.112509,-0.000324399,0.719187,-0.523597,-0.523515,0.523604,8.53031e-05,3.28831e-06,-2.24971,2.22516,-3.27236,3.27236,0.392642,-0.39283,-4.22079,4.19266,-3.14547,3.14547,-0.523753,0.52749,-3.38772,-2.00289,-7.74537,-0.405932,-7.7134,-3.66461,-4.83772,-2.00289,-7.23727,-0.616473,-7.23817,-3.38775,8.50862e-05,0.39283,-0.52749,0.0342607,-0.00246577,0.034785,-0.00330239,0.0702251,-0.526575,-0.921355,0.520626,-0.0481509,-0.00297471,0.0687696,2.22218,-0.00706468,3.26938,-0.0479453,-0.395808,-0.0404454,4.18968,0.0602097,3.14249,-0.0534879,0.524512,-0.0482683,1.00129,0.0917548,-1.25204,1.2635,-0.473987,9.94461,-20.0764,10.3394,-4.23652,-5.49063,11.09,-10.3384,5.01694,-1.10731,-4.82274e-07,9.75404e-07,-1.2543,2.43849,-25.0863,12.8949,0,11.0341,-1.02267,7.62699,-3.99428,3.52414,0.0326716,-0.000835982,0.000235681,-1.09164,1.26233,-31.7903,15.6834,18.0923,0.102975,8.07708,-3.89632,-8.98547,4.28421,0.151025,-0.0260045,0.00854626,0.01952,1.4282,-1.4251,0.150106,0.075502,0.224225,0.392781,2.45831,0.699779,-0.0611791,0.645402,-1.26806,-0.0603773,-0.488969,-0.802,0.169314,0.136155,0.166944,-6.43767,-1.99991,-0.00246577,0,278,0,-6.93889e-18,-7.16759e-18,7.34364e-08,-8.67362e-18,-8.89046e-18,-1.60597e-18,6.85216e-17,6.59195e-17,6.55942e-17,0,-0.52061,0.139638,0.523599,0,0,2.2222,-0.00104837,3.27249,0,-0.392699,4.18969,0.00905951,3.14159,0,0.523599,0,0,0,0.0342432,-0.00330239,-0.526575,0.520626,-0.00297471,2.22218,3.26938,-0.395808,4.18968,3.14249,0.524512,0.002978,-1.35201,0.644629,0,-0.0370876,0,0,0,0,0.0481506,0.0120482,1.00012,0.116651,-1.4168,-3.61046,-6.06148,51.7633,12.9757,-0.318433,11.9943,-28.9154,0.600149,-11.6042,-19.5534,-0.00852154,161.816,0.897404,161.816,42.7271,-108.018,42.6902,-108.033,-43.1933,-84.345,-43.2703,-84.2998,-343.983,-0.00113112,206.322,-85.4932,149.279,86.9628,1.37557,-25.6958,5.48749,-25.6958,-3.06536,17.3757,1.27153,17.3784,-2.07288,13.6778,-1.23017,13.6697
0.52,-6.42944,-2.0025,0.0432062,0.121304,-0.000360076,0.734587,-0.523595,-0.5235,0.523606,9.35487e-05,5.45279e-06,-2.25223,2.22516,-3.27236,3.27236,0.392637,-0.392833,-4.22315,4.19291,-3.14571,3.14571,-0.52376,0.527735,-3.37944,-2.00306,-7.73704,-0.406025,-7.7051,-3.66482,-4.82944,-2.00307,-7.22894,-0.616568,-7.22994,-3.38785,0.00010021,0.392833,-0.527735,0.0368864,-0.002615,0.0422012,-0.00373634,0.0837314,-0.526971,-1.00186,0.52023,-0.0482418,-0.00337081,0.0813917,2.22178,-0.00340156,3.26898,-0.0480382,-0.396209,-0.0358959,4.18953,0.0693378,3.14233,-0.0539746,0.524359,-0.0483865,1.00149,0.101181,-1.25238,1.26593,-0.489203,10.0521,-20.3284,10.5209,-4.66082,-5.59645,11.3243,-10.5197,5.07114,-1.22113,1.50147e-05,-3.04265e-05,-1.26786,2.67559,-25.0658,12.9318,0,10.8893,-1.12243,7.61273,-4.00955,3.49332,0.0363254,-0.000870282,0.00024678,-1.08209,1.43758,-31.8784,15.7224,18.3359,0.0823362,8.11208,-3.90465,-9.10261,4.32012,0.166378,-0.0277579,0.00911897,0.0210412,1.44017,-1.43685,0.150121,0.0741237,0.219879,0.384986,2.6136,0.725963,-0.0630784,0.708174,-1.38116,-0.0590534,-0.502824,-0.862916,0.171144,0.134963,0.168342,-6.42941,-1.99988,-0.002615,0,315,0,0,-1.12486e-17,-2.27997e-06,3.90313e-18,3.46945e-18,1.26039e-18,-5.29091e-17,-5.46438e-17,-5.39933e-17,0,-0.52021,0.152048,0.523599,0,0,2.2218,-0.00050408,3.27249,0,-0.392699,4.18953,0.0104274,3.14159,0,0.523599,0,0,0,0.036865,-0.00373634,-0.526971,0.52023,-0.00337081,2.22178,3.26898,-0.396209,4.18953,3.14233,0.524359,0.00337626,-1.36889,0.649681,0,-0.0364534,0,0,0,0,0.0482503,0.0120816,1.00013,0.112267,-1.46311,-3.76302,-6.32583,54.9218,13.4318,-0.250369,13.2261,-31.2581,0.609168,-12.0548,-20.9308,-0.00658253,167.52,1.00103,167.52,44.0207,-110.882,43.9805,-110.899,-44.466,-86.3089,-44.5534,-86.2577,-355.05,-0.00193601,212.572,-88.0835,153.654,89.5618,1.42392,-26.6116,5.82233,-26.6117,-3.31371,17.829,1.40211,17.832,-2.2189,13.9875,-1.27795,13.9782
0.56,-6.42038,-2.00263,0.0462735,0.130317,-0.000399221,0.750286,-0.523593,-0.523484,0.523608,0.00011065,7.9077e-06,-2.25477,2.22516,-3.27235,3.27235,0.392626,-0.392836,-4.2255,4.19317,-3.14597,3.14597,-0.523774,0.527999,-3.37038,-2.00326,-7.72793,-0.406127,-7.69603,-3.66505,-4.82038,-2.00327,-7.21983,-0.616671,-7.22093,-3.38795,0.000117027,0.392836,-0.527999,0.0394246,-0.00278264,0.0494749,-0.00420655,0.0979604,-0.5274,-1.08189,0.519801,-0.0483501,-0.00379942,0.0930094,2.22135,0.00065555,3.26855,-0.0481332,-0.396643,-0.0314368,4.18936,0.078302,3.14216,-0.0544933,0.524192,-0.0485137,1.00169,0.110449,-1.25274,1.26852,-0.493287,10.1605,-20.5851,10.7097,-5.095,-5.70299,11.5623,-10.7082,5.12547,-1.33655,1.45699e-05,-2.95864e-05,-1.28145,2.89832,-25.0448,12.9705,0,10.7455,-1.21225,7.59814,-4.02552,3.46235,0.0403307,-0.000930356,0.000265403,-1.07248,1.60961,-31.9668,15.7642,18.5771,0.0624045,8.14648,-3.91354,-9.2181,4.35537,0.181754,-0.0296146,0.00972739,0.0226626,1.45194,-1.44837,0.150137,0.0766814,0.225318,0.392472,2.7804,0.755215,-0.0635975,0.781233,-1.50036,-0.0587771,-0.514633,-0.92525,0.172978,0.133766,0.169714,-6.42048,-1.99985,-0.00278264,0,355,0,6.93889e-18,-4.30293e-19,-2.20634e-06,-6.93889e-18,-7.80626e-18,-5.44134e-18,9.54098e-17,9.71445e-17,9.45424e-17,0,-0.519776,0.164439,0.523599,0,0,2.22137,9.70016e-05,3.27249,0,-0.392699,4.18936,0.0117686,3.14159,0,0.523599,0,0,0,0.0393989,-0.00420655,-0.5274,0.519801,-0.00379942,2.22135,3.26855,-0.396643,4.18936,3.14216,0.524192,0.00380732,-1.38546,0.654601,0,-0.0367567,0,0,0,0,0.0483582,0.0121178,1.00013,0.115503,-1.53847,-3.99246,-6.71174,58.2562,13.9499,-0.232184,14.6363,-33.7301,0.623048,-12.4571,-22.3059,-0.01635,176,1.08955,176,46.1967,-116.28,46.1532,-116.298,-46.6454,-90.3693,-46.74,-90.3139,-372.751,-0.0029476,223.084,-92.4403,161.16,93.994,1.47885,-27.9615,6.17581,-27.9615,-3.57577,18.6952,1.55161,18.6984,-2.36467,14.6426,-1.32059,14.6326
0.6,-6.41132,-2.00276,0.0494164,0.139538,-0.000440811,0.766287,-0.52359,-0.523466,0.523611,0.000128581,1.04988e-05,-2.25743,2.22515,-3.27235,3.27235,0.392615,-0.392839,-4.22786,4.19343,-3.14624,3.14624,-0.523788,0.528264,-3.36132,-2.00345,-7.71882,-0.406225,-7.68695,-3.66528,-4.81132,-2.00347,-7.21071,-0.616771,-7.21193,-3.38805,0.000134904,0.392839,-0.528264,0.0420546,-0.00295178,0.0569133,-0.00469052,0.113049,-0.52784,-1.16443,0.519361,-0.048461,-0.00423921,0.105405,2.2209,0.004346,3.2681,-0.048231,-0.397089,-0.0270293,4.18918,0.087414,3.14199,-0.0550219,0.524014,-0.048646,1.00191,0.119946,-1.25315,1.27139,-0.490631,10.2744,-20.8576,10.9136,-5.55116,-5.81474,11.8141,-10.9119,5.18174,-1.45792,1.46465e-05,-2.98094e-05,-1.29553,3.12992,-25.0243,13.0121,0,10.6006,-1.30797,7.58368,-4.0424,3.43114,0.0438665,-0.000992279,0.000284824,-1.06281,1.78249,-32.0564,15.8096,18.8241,0.0435429,8.18127,-3.92335,-9.33637,4.39153,0.197642,-0.0314841,0.010342,0.0243257,1.464,-1.46019,0.150154,0.0785715,0.230514,0.400033,2.94918,0.78574,-0.066451,0.857202,-1.62497,-0.0590128,-0.525209,-0.988803,0.174877,0.132559,0.171121,-6.41135,-1.99981,-0.00295178,0,396,-3.46945e-18,0,1.04321e-17,-2.21135e-06,-1.56125e-17,-1.56125e-17,-1.49383e-17,6.07153e-18,5.20417e-18,1.47451e-17,0,-0.51933,0.177257,0.523599,0,0,2.22094,0.000642091,3.27249,0,-0.392699,4.18918,0.01313,3.14159,0,0.523599,0,0,0,0.0420238,-0.00469052,-0.52784,0.519361,-0.00423921,2.2209,3.2681,-0.397089,4.18918,3.14199,0.524014,0.00424971,-1.40237,0.659627,0,-0.0377113,0,0,0,0,0.0484691,0.012155,1.00014,0.112045,-1.61719,-4.2414,-7.13055,61.6605,14.481,-0.186291,16.0975,-36.3501,0.636813,-12.8611,-23.7498,-0.014015,185.519,1.19356,185.519,48.4502,-121.487,48.4036,-121.506,-48.8898,-94.1177,-48.9935,-94.057,-391.714,-0.00411252,233.973,-96.9533,168.883,98.558,1.53515,-29.4852,6.53671,-29.4852,-3.85351,19.5238,1.70651,19.5272,-2.51775,15.2398,-1.36342,15.2288
0.64,-6.40328,-2.00288,0.0524837,0.148446,-0.000478557,0.781704,-0.523588,-0.52345,0.523614,0.000138031,1.28982e-05,-2.2601,2.22515,-3.27235,3.27235,0.392609,-0.392842,-4.23008,4.19367,-3.14647,3.14647,-0.523795,0.528501,-3.35328,-2.00363,-7.71072,-0.406312,-7.6789,-3.66548,-4.80328,-2.00365,-7.20262,-0.616859,-7.20394,-3.38814,0.000151086,0.392842,-0.528501,0.0448145,-0.00310602,0.0645653,-0.00511716,0.128984,-0.528227,-1.24956,0.518975,-0.0485496,-0.00462571,0.11831,2.22051,0.00806968,3.26771,-0.0483216,-0.397481,-0.0228034,4.18903,0.0969616,3.14183,-0.055514,0.523862,-0.0487674,1.00216,0.129718,-1.25358,1.27454,-0.481712,10.394,-21.1473,11.1341,-6.02979,-5.93223,12.0809,-11.1322,5.23999,-1.58564,3.0681e-05,-6.25952e-05,-1.31011,3.36747,-25.0036,13.0572,0,10.4525,-1.40621,7.56882,-4.06057,3.39924,0.0473468,-0.00102938,0.000297423,-1.05292,1.95352,-32.147,15.8578,19.0788,0.0283761,8.21713,-3.93404,-9.45883,4.42891,0.214422,-0.033218,0.0109128,0.0259185,1.47647,-1.47243,0.150173,0.0766826,0.222712,0.385434,3.09651,0.815559,-0.0668034,0.922118,-1.74298,-0.0554502,-0.537634,-1.04528,0.176843,0.131325,0.172576,-6.40333,-1.99978,-0.00310602,0,432,0,-6.93889e-18,9.83236e-18,-4.61711e-06,-1.38778e-17,-1.43115e-17,-2.10877e-17,-6.07153e-18,-6.07153e-18,-6.50521e-19,0,-0.518938,0.190472,0.523599,0,0,2.22055,0.00119063,3.27249,0,-0.392699,4.18903,0.0145563,3.14159,0,0.523599,0,0,0,0.0447778,-0.00511716,-0.528227,0.518975,-0.00462571,2.22051,3.26771,-0.397481,4.18903,3.14183,0.523862,0.00463861,-1.42,0.664887,0,-0.0355647,0,0,0,0,0.0485667,0.0121877,1.00015,0.115291,-1.65208,-4.34252,-7.29021,64.6319,15.0194,-0.104691,17.3968,-38.7326,0.617805,-13.242,-24.9806,-0.0225073,188.955,1.29239,188.955,49.3938,-123.929,49.3444,-123.95,-49.8179,-95.9151,-49.9302,-95.8495,-399.136,-0.00514814,238.532,-98.8432,172.067,100.471,1.59223,-30.0297,6.85171,-30.0297,-4.10609,19.9177,1.84425,19.9214,-2.64822,15.531,-1.4038,15.5192
0.68,-6.40111,-2.00291,0.0546391,0.154671,-0.00048933,0.792687,-0.523587,-0.523445,0.523614,0.000147639,1.36531e-05,-2.26244,2.22515,-3.27235,3.27235,0.392603,-0.392843,-4.23161,4.19373,-3.14653,3.14653,-0.523802,0.528564,-3.35111,-2.00368,-7.70853,-0.406334,-7.67672,-3.66553,-4.80111,-2.0037,-7.20043,-0.616881,-7.20178,-3.38816,0.000156045,0.392843,-0.528564,0.0477806,-0.00314694,0.0720471,-0.00523604,0.144962,-0.528334,-1.33261,0.518868,-0.0485827,-0.00473306,0.130238,2.2204,0.0120634,3.2676,-0.048344,-0.397589,-0.0216153,4.18898,0.107649,3.14179,-0.0556859,0.523817,-0.0488213,1.00244,0.139228,-1.25401,1.27781,-0.466037,10.5132,-21.4385,11.3594,-6.50581,-6.04958,12.3488,-11.3574,5.29711,-1.71275,2.00404e-05,-4.09815e-05,-1.3244,3.58929,-24.9837,13.1042,0,10.3082,-1.49479,7.55429,-4.07931,3.36781,0.0509931,-0.00105785,0.000307732,-1.04318,2.06047,-32.2285,15.9016,19.3312,0.0491409,8.25331,-3.94472,-9.58291,4.46776,0.232646,-0.0337239,0.0110764,0.0265756,1.48943,-1.4853,0.150194,0.053886,0.155628,0.274562,3.13623,0.830508,-0.0582941,0.921768,-1.81258,-0.0381857,-0.556527,-1.07238,0.178768,0.130109,0.174087,-6.40111,-1.99977,-0.00314694,0,442,-6.93889e-18,6.93889e-18,-6.36969e-19,-3.00521e-06,2.60209e-17,2.64545e-17,3.32308e-17,-2.34188e-17,-2.34188e-17,-3.39355e-17,0,-0.518828,0.203209,0.523599,0,0,2.22044,0.00177921,3.27249,0,-0.392699,4.18898,0.0161582,3.14159,0,0.523599,0,0,0,0.047737,-0.00523604,-0.528334,0.518868,-0.00473306,2.2204,3.2676,-0.397589,4.18898,3.14179,0.523817,0.00474671,-1.4384,0.670615,0,-0.0233824,0,0,0,0,0.0485938,0.0121968,1.00015,0.110922,-1.49258,-3.86158,-6.47207,65.63,15.3177,0.0758898,17.5482,-39.8808,0.467034,-13.6341,-25.5587,-0.0123855,169.441,1.41081,169.441,44.4999,-112.138,44.4477,-112.16,-44.8246,-86.495,-44.952,-86.4207,-358.676,-0.00489703,214.903,-89.052,154.81,90.4074,1.62384,-26.9211,6.95752,-26.9212,-4.22781,18.0316,1.86031,18.0355,-2.70951,14.0091,-1.44537,13.9956
0.72,-6.39164,-2.00305,0.0573383,0.162415,-0.000537217,0.805972,-0.523584,-0.523424,0.523617,0.000168257,1.6667e-05,-2.26457,2.22514,-3.27234,3.27234,0.392591,-0.392846,-4.23346,4.19401,-3.14681,3.14681,-0.523817,0.528843,-3.34164,-2.00389,-7.699,-0.406431,-7.66724,-3.66577,-4.79164,-2.00391,-7.19089,-0.61698,-7.19238,-3.38826,0.000176798,0.392846,-0.528843,0.0494864,-0.003331,0.0771298,-0.00573831,0.160244,-0.528785,-1.39454,0.518416,-0.0486965,-0.00518443,0.133322,2.21994,0.0176943,3.26714,-0.0484433,-0.398047,-0.0170121,4.18881,0.112937,3.14161,-0.0562328,0.523642,-0.0489523,1.00261,0.145793,-1.25436,1.28021,-0.405092,10.6002,-21.6521,11.5307,-6.91082,-6.13452,12.5449,-11.5283,5.34158,-1.80965,2.05707e-05,-4.21475e-05,-1.33553,3.69014,-24.9646,13.1397,0,10.1967,-1.51255,7.54104,-4.09396,3.34154,0.0564097,-0.00112786,0.000329868,-1.03503,2.21013,-32.2935,15.9418,19.4993,0.0172516,8.27568,-3.95312,-9.66152,4.4912,0.242865,-0.0356874,0.0117303,0.0282941,1.49725,-1.49287,0.150208,0.0674795,0.193587,0.33213,3.30616,0.863208,-0.0533219,1.01466,-1.93069,-0.0463194,-0.559666,-1.12819,0.18028,0.1291,0.175009,-6.39177,-1.99972,-0.003331,0,484,3.46945e-18,0,9.88657e-18,-3.07958e-06,1.47451e-17,1.56125e-17,1.56871e-17,3.90313e-17,3.90313e-17,3.91397e-17,0,-0.518369,0.212989,0.523599,0,0,2.21999,0.00260561,3.27249,0,-0.392699,4.18881,0.0169416,3.14159,0,0.523599,0,0,0,0.049438,-0.00573831,-0.528785,0.518416,-0.00518443,2.21994,3.26714,-0.398047,4.18881,3.14161,0.523642,0.0052011,-1.44932,0.67372,0,-0.0296449,0,0,0,0,0.0487079,0.0122351,1.00016,0.110093,-1.66605,-4.3764,-7.29268,68.9831,15.8823,-0.179887,19.167,-42.5178,0.552153,-13.8936,-26.8387,-0.022852,190.403,1.49375,190.403,49.6122,-124.443,49.555,-124.466,-49.9714,-95.6889,-50.1069,-95.6098,-401.218,-0.00668711,239.598,-99.2862,172.561,100.838,1.6837,-30.2691,7.31298,-30.2691,-4.50737,19.9995,2.03192,20.0037,-2.8452,15.4854,-1.47288,15.4712
0.76,-6.38345,-2.00317,0.0601963,0.170546,-0.000575437,0.819816,-0.523581,-0.523407,0.523619,0.000177499,1.90795e-05,-2.26693,2.22514,-3.27234,3.27234,0.392585,-0.392849,-4.23537,4.19425,-3.14706,3.14706,-0.523824,0.529084,-3.33345,-2.00406,-7.69075,-0.406516,-7.65904,-3.66596,-4.78345,-2.00409,-7.18265,-0.617067,-7.18424,-3.38835,0.000192852,0.392849,-0.529084,0.0517915,-0.00349318,0.0835183,-0.00617731,0.175674,-0.529183,-1.46824,0.518018,-0.0487879,-0.00558279,0.145544,2.21954,0.0196322,3.26674,-0.0485373,-0.398451,-0.0127168,4.18865,0.120279,3.14146,-0.0567374,0.523482,-0.0490765,1.00285,0.15402,-1.25481,1.28335,-0.368046,10.7082,-21.9207,11.7448,-7.35904,-6.24032,12.7908,-11.7422,5.39293,-1.92623,3.74408e-05,-7.68971e-05,-1.34838,3.90019,-24.9496,13.182,0,10.0779,-1.60543,7.52971,-4.11041,3.31609,0.0579591,-0.00116424,0.000342406,-1.02714,2.36764,-32.3703,15.9903,19.7115,-0.00479154,8.30426,-3.9638,-9.76246,4.52178,0.256629,-0.0374622,0.0123228,0.0299335,1.50746,-1.50283,0.150227,0.0714513,0.203288,0.346094,3.45379,0.894001,-0.0589252,1.09093,-2.04591,-0.0476646,-0.567526,-1.18183,0.182009,0.128113,0.176194,-6.38355,-1.99968,-0.00349318,0,521,3.46945e-18,0,-1.74895e-17,-5.58851e-06,-3.03577e-17,-2.86229e-17,-2.40422e-17,-1.9082e-17,-1.99493e-17,-1.59378e-17,0,-0.517963,0.224557,0.523599,0,0,2.2196,0.00288699,3.27249,0,-0.392699,4.18865,0.0180333,3.14159,0,0.523599,0,0,0,0.0517364,-0.00617731,-0.529183,0.518018,-0.00558279,2.21954,3.26674,-0.398451,4.18865,3.14146,0.523482,0.00560187,-1.46367,0.677944,0,-0.0308321,0,0,0,0,0.0488086,0.0122689,1.00017,0.111235,-1.75276,-4.62885,-7.69557,71.9296,16.4277,-0.0826227,20.6708,-44.9187,0.577088,-14.1969,-28.0298,-0.0283182,200.409,1.58595,200.41,52.1086,-130.413,52.05,-130.437,-52.471,-100.209,-52.6105,-100.128,-421.77,-0.00804718,251.657,-104.284,181.161,105.923,1.74152,-31.865,7.62535,-31.8651,-4.76188,20.9535,2.19134,20.9579,-2.97147,16.2124,-1.50503,16.1977
0.8,-6.37488,-2.00329,0.0632327,0.179133,-0.00062043,0.834325,-0.523579,-0.52339,0.523623,0.00019761,2.18931e-05,-2.26946,2.22514,-3.27234,3.27234,0.392573,-0.392852,-4.23732,4.1945,-3.14731,3.14731,-0.523839,0.529338,-3.32488,-2.00425,-7.68212,-0.406602,-7.65046,-3.66617,-4.77488,-2.00428,-7.17402,-0.617155,-7.17574,-3.38844,0.000211405,0.392852,-0.529338,0.0542343,-0.00366657,0.0902158,-0.00664523,0.192146,-0.529604,-1.54592,0.517598,-0.0488962,-0.00600291,0.15721,2.21911,0.0222505,3.26631,-0.0486302,-0.398877,-0.00859461,4.18848,0.128062,3.14128,-0.0572641,0.523314,-0.049209,1.00312,0.162665,-1.25531,1.28681,-0.322982,10.8243,-22.2115,11.9796,-7.83927,-6.35376,13.0566,-11.9767,5.44717,-2.05118,3.40904e-05,-7.02006e-05,-1.36196,4.10728,-24.9331,13.2286,0,9.95125,-1.69232,7.51724,-4.12858,3.28841,0.0601233,-0.00123084,0.000364213,-1.01855,2.52519,-32.4507,16.0434,19.935,-0.0235487,8.3342,-3.97561,-9.86885,4.55416,0.271379,-0.0392917,0.0129365,0.0316514,1.51826,-1.51339,0.150247,0.0759086,0.214662,0.362735,3.60906,0.928143,-0.0632797,1.17336,-2.16956,-0.0487788,-0.573461,-1.23539,0.183839,0.127042,0.177453,-6.37489,-1.99963,-0.00366657,0,560,0,6.93889e-18,-6.60008e-18,-5.07189e-06,-2.42861e-17,-2.38524e-17,-3.29394e-17,-1.9082e-17,-1.9082e-17,-8.13152e-18,0,-0.517535,0.236785,0.523599,0,0,2.21918,0.00326723,3.27249,0,-0.392699,4.18848,0.0191887,3.14159,0,0.523599,0,0,0,0.0541715,-0.00664523,-0.529604,0.517598,-0.00600291,2.21911,3.26631,-0.398877,4.18848,3.14128,0.523314,0.0060248,-1.47874,0.682391,0,-0.0323337,0,0,0,0,0.048915,0.0123046,1.00018,0.115622,-1.84152,-4.8914,-8.11286,75.003,17.0383,-0.0203604,22.2725,-47.4992,0.591398,-14.4585,-29.2053,-0.0386068,210.254,1.66674,210.254,54.6595,-136.699,54.5994,-136.724,-55.0327,-105.046,-55.176,-104.962,-442.48,-0.00968726,263.983,-109.393,189.975,111.141,1.80626,-33.4304,7.95116,-33.4304,-5.03545,21.9616,2.36113,21.9661,-3.09609,16.994,-1.53276,16.9789
0.84,-6.36592,-2.00342,0.0664444,0.188121,-0.000668674,0.849395,-0.523576,-0.523369,0.523626,0.000219251,2.50156e-05,-2.27213,2.22513,-3.27233,3.27233,0.392559,-0.392856,-4.23932,4.19477,-3.14757,3.14757,-0.523854,0.529605,-3.31592,-2.00445,-7.6731,-0.40669,-7.6415,-3.66639,-4.76592,-2.00449,-7.165,-0.617244,-7.16685,-3.38852,0.000232151,0.392856,-0.529605,0.0568454,-0.00384964,0.0972967,-0.00712777,0.209831,-0.530035,-1.62835,0.517167,-0.0490065,-0.00643409,0.169431,2.21868,0.0250187,3.26587,-0.0487252,-0.399315,-0.00375688,4.18831,0.135995,3.14111,-0.0578198,0.523146,-0.0493476,1.00342,0.171826,-1.25586,1.29067,-0.268591,10.9498,-22.5291,12.2393,-8.35753,-6.47641,13.3462,-12.236,5.50484,-2.18613,3.23343e-05,-6.67779e-05,-1.37639,4.32341,-24.9159,13.2802,0,9.81766,-1.78223,7.50404,-4.14853,3.25905,0.0623583,-0.00130262,0.000388016,-1.00945,2.70121,-32.5349,16.1021,20.1697,-0.0492682,8.36525,-3.98874,-9.98041,4.58795,0.286716,-0.041223,0.0135884,0.0334879,1.52954,-1.52441,0.15027,0.0802929,0.224698,0.376747,3.76762,0.965169,-0.0669307,1.25984,-2.29941,-0.049901,-0.58107,-1.28973,0.185784,0.125906,0.178767,-6.36602,-1.99957,-0.00384964,0,600,6.93889e-18,0,1.10047e-17,-4.79323e-06,-2.60209e-18,-2.60209e-18,-9.96111e-19,1.38778e-17,1.47451e-17,1.27936e-17,0,-0.517094,0.249788,0.523599,0,0,2.21875,0.00366821,3.27249,0,-0.392699,4.18831,0.0203653,3.14159,0,0.523599,0,0,0,0.0567736,-0.00712777,-0.530035,0.517167,-0.00643409,2.21868,3.26587,-0.399315,4.18831,3.14111,0.523146,0.0064591,-1.49458,0.68705,0,-0.0333018,0,0,0,0,0.0490243,0.0123413,1.00019,0.115565,-1.94029,-5.16684,-8.54198,78.1664,17.6943,0.0427052,23.9619,-50.2149,0.614806,-14.7646,-30.4176,-0.039217,221.684,1.76683,221.685,57.4755,-143.409,57.4136,-143.435,-57.8472,-110.044,-57.9964,-109.957,-465.783,-0.0116518,277.593,-115.034,199.654,116.874,1.87579,-35.255,8.28651,-35.2551,-5.32334,23.0334,2.54023,23.038,-3.2246,17.7962,-1.56521,17.7805
0.88,-6.35695,-2.00355,0.069786,0.197427,-0.000718926,0.864903,-0.523573,-0.523347,0.52363,0.00023071,2.8307e-05,-2.27498,2.22513,-3.27233,3.27233,0.392552,-0.392859,-4.24134,4.19503,-3.14784,3.14784,-0.523862,0.529873,-3.30695,-2.00465,-7.66406,-0.406774,-7.63252,-3.6666,-4.75695,-2.0047,-7.15596,-0.61733,-7.15795,-3.38861,0.000253915,0.392859,-0.529873,0.0596219,-0.00403579,0.104703,-0.00762373,0.228837,-0.530478,-1.71522,0.516725,-0.0491042,-0.0068765,0.182026,2.21823,0.0278812,3.26542,-0.0488297,-0.399764,0.000802619,4.18813,0.144401,3.14093,-0.0584014,0.522968,-0.0494926,1.00375,0.181434,-1.25647,1.29493,-0.201215,11.0846,-22.8737,12.5246,-8.91612,-6.60814,13.6599,-12.5209,5.56582,-2.33103,5.90424e-05,-0.000122323,-1.39166,4.54593,-24.8983,13.3365,0,9.67834,-1.87391,7.49031,-4.17021,3.22819,0.0646048,-0.00134728,0.000404177,-0.999885,2.87504,-32.6226,16.166,20.4163,-0.0703512,8.39762,-4.00319,-10.0977,4.62371,0.303157,-0.043234,0.0142711,0.0354303,1.54147,-1.53606,0.150296,0.0835387,0.232663,0.387694,3.92816,1.00405,-0.0711964,1.34974,-2.43658,-0.0505928,-0.587925,-1.3453,0.187841,0.124712,0.180157,-6.35694,-1.99951,-0.00403579,0,641,0,-6.93889e-18,2.27411e-17,-8.71764e-06,2.42861e-17,2.51535e-17,3.30343e-17,6.245e-17,5.9848e-17,7.65447e-17,0,-0.516642,0.263522,0.523599,0,0,2.21831,0.00408161,3.27249,0,-0.392699,4.18813,0.0216107,3.14159,0,0.523599,0,0,0,0.0595396,-0.00762373,-0.530478,0.516725,-0.0068765,2.21823,3.26542,-0.399764,4.18813,3.14093,0.522968,0.0069048,-1.5112,0.691973,0,-0.0343611,0,0,0,0,0.0491365,0.012379,1.0002,0.113947,-2.03401,-5.43607,-8.95881,81.3798,18.3813,0.116577,25.7109,-53.0928,0.628107,-15.0682,-31.6725,-0.0412747,232.563,1.89061,232.564,60.1196,-149.632,60.0555,-149.658,-60.4772,-114.596,-60.6359,-114.503,-487.77,-0.0138073,290.368,-120.329,208.696,122.243,1.94862,-36.9934,8.62717,-36.9935,-5.62843,24.0259,2.72564,24.0306,-3.35764,18.5244,-1.5974,18.5077
0.92,-6.34782,-2.00367,0.0732385,0.206961,-0.000772726,0.880678,-0.52357,-0.523324,0.523633,0.000254406,3.18586e-05,-2.27796,2.22513,-3.27232,3.27232,0.392538,-0.392863,-4.24337,4.19531,-3.14811,3.14811,-0.523878,0.530145,-3.29782,-2.00486,-7.65485,-0.406855,-7.62339,-3.66682,-4.74782,-2.00491,-7.14675,-0.617413,-7.14889,-3.38869,0.000277491,0.392863,-0.530145,0.0625292,-0.004227,0.112393,-0.00812379,0.249337,-0.530921,-1.80617,0.516282,-0.0492165,-0.00731921,0.19491,2.21778,0.0309272,3.26497,-0.0489272,-0.400214,0.005675,4.18796,0.15303,3.14076,-0.058987,0.522794,-0.049641,1.00412,0.191437,-1.25714,1.29958,-0.116352,11.2286,-23.2447,12.8363,-9.51815,-6.74861,13.9972,-12.8322,5.63,-2.4857,5.96718e-05,-0.000124051,-1.40772,4.7732,-24.88,13.3977,0,9.5338,-1.96624,7.4759,-4.19367,3.196,0.0669443,-0.00142525,0.000430828,-0.989902,3.05806,-32.7134,16.2354,20.6721,-0.0937698,8.43099,-4.01895,-10.2194,4.66067,0.320279,-0.0452394,0.0149575,0.0374071,1.55381,-1.54812,0.150324,0.0863148,0.238358,0.394368,4.08802,1.04535,-0.0745729,1.44135,-2.57832,-0.0508066,-0.596208,-1.40017,0.190007,0.123466,0.181594,-6.34787,-1.99944,-0.004227,0,682,0,0,-6.26804e-18,-8.77278e-06,-1.38778e-17,-1.38778e-17,-1.33628e-17,1.73472e-17,1.56125e-17,8.67362e-19,0,-0.516188,0.277926,0.523599,0,0,2.21787,0.00452055,3.27249,0,-0.392699,4.18796,0.0228883,3.14159,0,0.523599,0,0,0,0.0624349,-0.00812379,-0.530921,0.516282,-0.00731921,2.21778,3.26497,-0.400214,4.18796,3.14076,0.522794,0.00735106,-1.52849,0.697083,0,-0.0347209,0,0,0,0,0.049249,0.0124167,1.00021,0.107752,-2.13507,-5.71188,-9.37351,84.612,19.1041,0.193832,27.4981,-56.0696,0.642363,-15.4143,-32.9388,-0.0412613,244.706,2.04501,244.706,62.9421,-156.081,62.875,-156.108,-63.2699,-119.115,-63.4425,-119.014,-511.635,-0.0163,304.011,-125.984,218.291,127.943,2.02525,-38.9402,8.96982,-38.9403,-5.94401,25.0505,2.91511,25.0554,-3.49188,19.2416,-1.63409,19.2233
0.96,-6.33853,-2.0038,0.0768078,0.216735,-0.000828865,0.896721,-0.523566,-0.523299,0.523637,0.000279426,3.56575e-05,-2.28107,2.22512,-3.27232,3.27232,0.392523,-0.392867,-4.2454,4.19558,-3.14839,3.14839,-0.523894,0.530424,-3.28853,-2.00507,-7.64548,-0.406936,-7.6141,-3.66703,-4.73853,-2.00513,-7.13738,-0.617496,-7.13968,-3.38878,0.000302237,0.392867,-0.530424,0.0655376,-0.00442514,0.120276,-0.00863765,0.271261,-0.531375,-1.90043,0.515828,-0.0493319,-0.00777313,0.207832,2.21731,0.0341099,3.26451,-0.0490273,-0.400676,0.0104383,4.18777,0.16189,3.14058,-0.0595924,0.522615,-0.0497956,1.00451,0.201728,-1.25787,1.30461,-0.0111945,11.3806,-23.6404,13.1735,-10.1625,-6.89697,14.3566,-13.1689,5.69691,-2.64928,5.99362e-05,-0.000125057,-1.42447,5.00169,-24.8615,13.4633,0,9.3857,-2.05753,7.46104,-4.21873,3.16275,0.0693318,-0.00150711,0.000459233,-0.979589,3.2407,-32.8065,16.3098,20.9353,-0.114977,8.46505,-4.03594,-10.3445,4.69875,0.338116,-0.0472994,0.0156681,0.0394672,1.56652,-1.56054,0.150354,0.0892319,0.244334,0.40108,4.25023,1.08885,-0.0776467,1.538,-2.72631,-0.050755,-0.603827,-1.45519,0.192265,0.12218,0.183075,-6.33859,-1.99937,-0.00442514,0,724,3.46945e-18,6.93889e-18,-8.5923e-18,-8.77139e-06,-1.73472e-18,-2.60209e-18,-4.37069e-18,-5.72459e-17,-5.89806e-17,-6.72205e-17,0,-0.515722,0.292897,0.523599,0,0,2.21742,0.00497789,3.27249,0,-0.392699,4.18778,0.0241982,3.14159,0,0.523599,0,0,0,0.0654298,-0.00863765,-0.531375,0.515828,-0.00777313,2.21731,3.26451,-0.400676,4.18777,3.14058,0.522615,0.00780879,-1.54622,0.702338,0,-0.035039,0,0,0,0,0.0493644,0.0124555,1.00022,0.106045,-2.23155,-5.9736,-9.75664,87.8637,19.8753,0.266507,29.3843,-59.159,0.650108,-15.7292,-34.1786,-0.0569303,255.771,2.19522,255.771,65.6291,-162.428,65.559,-162.457,-65.9355,-123.708,-66.1211,-123.6,-533.961,-0.0190397,316.999,-131.367,227.448,133.395,2.10701,-40.7088,9.31454,-40.7089,-6.27152,26.0633,3.11507,26.0685,-3.62332,19.976,-1.66747,19.9564
1,-6.32948,-2.00392,0.0804272,0.226564,-0.000886005,0.912741,-0.523562,-0.523274,0.523641,0.000305881,3.96531e-05,-2.28429,2.22512,-3.27232,3.27232,0.392507,-0.392871,-4.24739,4.19585,-3.14865,3.14865,-0.523911,0.530695,-3.27948,-2.00528,-7.63635,-0.407012,-7.60505,-3.66724,-4.72948,-2.00534,-7.12825,-0.617573,-7.13071,-3.38885,0.000327525,0.392871,-0.530695,0.0686749,-0.00462102,0.128373,-0.00914218,0.294641,-0.531818,-1.99816,0.515385,-0.0494462,-0.00821652,0.221073,2.21686,0.0372897,3.26406,-0.0491246,-0.401127,0.0151157,4.1876,0.170998,3.1404,-0.0601937,0.522439,-0.0499513,1.00494,0.212332,-1.25866,1.31003,0.116197,11.5417,-24.0633,13.539,-10.8526,-7.05398,14.7402,-13.5339,5.76665,-2.82239,5.78504e-05,-0.000121178,-1.44193,5.23417,-24.8429,13.5337,0,9.23437,-2.14992,7.44586,-4.24547,3.1286,0.0716254,-0.00159214,0.000489246,-0.968999,3.42318,-32.9015,16.3892,21.2057,-0.133991,8.49982,-4.05424,-10.4732,4.73801,0.356682,-0.0493251,0.0163736,0.0415388,1.57962,-1.57335,0.150388,0.0904857,0.245741,0.400506,4.40721,1.13363,-0.0803801,1.63391,-2.87695,-0.0498259,-0.611732,-1.50837,0.194618,0.120858,0.184601,-6.32953,-1.9993,-0.00462102,0,765,0,2.77556e-17,2.61293e-17,-8.42462e-06,-1.9082e-17,-2.12504e-17,-1.94818e-17,-1.04083e-17,-1.04083e-17,-1.27936e-17,0,-0.515266,0.30844,0.523599,0,0,2.21698,0.00543354,3.27249,0,-0.392699,4.1876,0.0255439,3.14159,0,0.523599,0,0,0,0.0685516,-0.00914218,-0.531818,0.515385,-0.00821652,2.21686,3.26406,-0.401127,4.1876,3.1404,0.522439,0.00825617,-1.5645,0.707771,0,-0.0346738,0,0,0,0,0.0494774,0.0124934,1.00023,0.10595,-2.31085,-6.18405,-10.0489,91.0151,20.6779,0.357881,31.269,-62.2734,0.648568,-16.0337,-35.3645,-0.0685645,264.541,2.3385,264.542,67.8008,-167.627,67.7283,-167.657,-68.0849,-127.478,-68.2813,-127.363,-551.853,-0.0218827,327.5,-135.721,234.821,137.805,2.19209,-42.1087,9.64862,-42.1088,-6.60168,26.894,3.31487,26.8994,-3.74903,20.5802,-1.69975,20.5595
1.04,-6.32042,-2.00404,0.0840971,0.236443,-0.000945229,0.928709,-0.523558,-0.523248,0.523646,0.000319801,4.40551e-05,-2.28758,2.22511,-3.27231,3.27231,0.392498,-0.392875,-4.24935,4.19612,-3.14892,3.14892,-0.523919,0.530968,-3.27043,-2.00549,-7.62721,-0.407085,-7.596,-3.66745,-4.72043,-2.00556,-7.11911,-0.617648,-7.12173,-3.38893,0.000353866,0.392875,-0.530968,0.0718635,-0.00482004,0.136528,-0.00964935,0.319406,-0.532262,-2.09791,0.514942,-0.0495408,-0.00866006,0.234034,2.21641,0.0406168,3.26361,-0.0492298,-0.401579,0.0198416,4.18742,0.180075,3.14022,-0.0608175,0.522264,-0.0501101,1.0054,0.223057,-1.25949,1.31577,0.2704,11.7093,-24.5076,13.9285,-11.5852,-7.21733,15.1429,-13.9228,5.83835,-3.0029,9.26537e-05,-0.000194875,-1.45988,5.46309,-24.8242,13.6078,0,9.08182,-2.23888,7.43036,-4.27358,3.09388,0.073976,-0.00164394,0.000509601,-0.958235,3.60691,-32.997,16.4729,21.4782,-0.153289,8.53456,-4.07358,-10.6027,4.77752,0.375528,-0.0514342,0.017114,0.0437132,1.5928,-1.58623,0.150423,0.0917458,0.246959,0.399192,4.56295,1.18038,-0.0823731,1.73268,-3.03147,-0.0488646,-0.619364,-1.5605,0.197038,0.119515,0.186137,-6.32049,-1.99922,-0.00482004,0,806,0,6.93889e-18,-8.38901e-18,-1.3424e-05,4.33681e-18,5.63785e-18,5.74627e-18,-4.33681e-17,-4.68375e-17,-5.1608e-17,0,-0.51481,0.324344,0.523599,0,0,2.21655,0.00590921,3.27249,0,-0.392699,4.18742,0.0268833,3.14159,0,0.523599,0,0,0,0.0717231,-0.00964935,-0.532262,0.514942,-0.00866006,2.21641,3.26361,-0.401579,4.18742,3.14022,0.522264,0.00870412,-1.58287,0.713235,0,-0.0342146,0,0,0,0,0.0495905,0.0125314,1.00024,0.106024,-2.39088,-6.39135,-10.3256,94.1419,21.5187,0.439694,33.2047,-65.4651,0.646524,-16.3281,-36.5252,-0.0746952,273.329,2.48764,273.33,69.9833,-172.867,69.9087,-172.898,-70.242,-131.275,-70.4494,-131.154,-569.803,-0.0251028,338.049,-140.094,242.221,142.237,2.28122,-43.5111,9.98009,-43.5113,-6.94003,27.7318,3.52007,27.7373,-3.87208,21.189,-1.73096,21.1671
1.08,-6.31123,-2.00417,0.087847,0.246448,-0.00100645,0.944728,-0.523553,-0.523221,0.523651,0.000348473,4.897e-05,-2.29096,2.22511,-3.27231,3.27231,0.392481,-0.392879,-4.25128,4.1964,-3.1492,3.1492,-0.523937,0.531247,-3.26124,-2.00571,-7.61794,-0.407158,-7.58682,-3.66765,-4.71123,-2.00578,-7.10984,-0.617723,-7.11263,-3.389,0.000381006,0.392879,-0.531247,0.0750928,-0.00502598,0.144733,-0.01017,0.345491,-0.532717,-2.19959,0.514487,-0.0496586,-0.0091146,0.246953,2.21595,0.0439176,3.26314,-0.0493298,-0.402042,0.0247191,4.18724,0.189043,3.14004,-0.0614466,0.522083,-0.0502748,1.00589,0.233896,-1.26038,1.32182,0.453036,11.8836,-24.9739,14.3432,-12.3618,-7.38717,15.5654,-14.3369,5.91191,-3.1908,9.00813e-05,-0.000190279,-1.4783,5.6907,-24.8058,13.6857,0,8.92882,-2.32641,7.41476,-4.30297,3.05882,0.0762227,-0.00173467,0.000542597,-0.947362,3.79419,-33.0934,16.561,21.7521,-0.174376,8.56915,-4.09399,-10.7327,4.81715,0.394497,-0.0535352,0.0178599,0.0459126,1.60603,-1.59916,0.15046,0.0937471,0.250134,0.400486,4.72091,1.22894,-0.0846074,1.83727,-3.19167,-0.0483784,-0.626434,-1.61297,0.199521,0.11816,0.187678,-6.31124,-1.99914,-0.00502598,0,848,0,-2.08167e-17,-1.39591e-17,-1.29818e-05,1.30104e-17,1.34441e-17,2.22465e-17,-1.9082e-17,-1.73472e-17,-2.66714e-17,0,-0.514341,0.340608,0.523599,0,0,2.2161,0.00637932,3.27249,0,-0.392699,4.18724,0.0282045,3.14159,0,0.523599,0,0,0,0.0749335,-0.01017,-0.532717,0.514487,-0.0091146,2.21595,3.26314,-0.402042,4.18724,3.14004,0.522083,0.00916357,-1.60127,0.7187,0,-0.0340689,0,0,0,0,0.0497067,0.0125704,1.00025,0.110497,-2.46865,-6.59062,-10.5809,97.2787,22.401,0.516488,35.2564,-68.7642,0.648031,-16.588,-37.6562,-0.0942393,281.37,2.61051,281.371,72.1101,-178.173,72.0338,-178.205,-72.3622,-135.329,-72.5754,-135.205,-586.921,-0.0287415,348.335,-144.358,249.488,146.598,2.37476,-44.7878,10.3126,-44.7879,-7.28977,28.5838,3.73757,28.5895,-3.99198,21.845,-1.75852,21.8225
1.12,-6.30203,-2.00429,0.0916536,0.256536,-0.00107083,0.96073,-0.523548,-0.523192,0.523656,0.000378408,5.44097e-05,-2.29447,2.22511,-3.2723,3.2723,0.392463,-0.392883,-4.2532,4.19668,-3.14948,3.14948,-0.523954,0.531526,-3.25203,-2.00592,-7.60864,-0.407225,-7.57763,-3.66785,-4.70203,-2.006,-7.10055,-0.617793,-7.10352,-3.38907,0.000409716,0.392883,-0.531526,0.0784037,-0.00523333,0.153059,-0.0106944,0.372984,-0.533171,-2.30388,0.514033,-0.0497762,-0.00956919,0.260139,2.21548,0.0471013,3.26268,-0.0494299,-0.402507,0.0295352,4.18705,0.19811,3.13986,-0.062085,0.521903,-0.0504432,1.00641,0.244945,-1.26132,1.32826,0.666405,12.0665,-25.4675,14.7879,-13.1892,-7.5652,16.0123,-14.7809,5.98778,-3.38766,8.83002e-05,-0.000187361,-1.4973,5.92064,-24.7876,13.7679,0,8.77456,-2.41474,7.39904,-4.33388,3.02332,0.0782755,-0.00182831,0.000577248,-0.936352,3.98093,-33.1912,16.6543,22.0304,-0.194024,8.60406,-4.11567,-10.8647,4.85745,0.413966,-0.0556546,0.0186205,0.0481648,1.61948,-1.6123,0.150499,0.0951659,0.252197,0.400039,4.87763,1.27946,-0.0876574,1.94434,-3.35667,-0.0479165,-0.633581,-1.66468,0.202082,0.116786,0.189245,-6.30199,-1.99906,-0.00523333,0,890,0,2.77556e-17,-4.70273e-18,-1.26535e-05,-2.1684e-17,-2.1684e-17,-1.76318e-17,9.02056e-17,9.19403e-17,1.01698e-16,0,-0.513872,0.35733,0.523599,0,0,2.21565,0.00683096,3.27249,0,-0.392699,4.18706,0.0295387,3.14159,0,0.523599,0,0,0,0.0782234,-0.0106944,-0.533171,0.514033,-0.00956919,2.21548,3.26268,-0.402507,4.18705,3.13986,0.521903,0.0096236,-1.61995,0.724257,0,-0.0339831,0,0,0,0,0.049823,0.0126095,1.00026,0.10554,-2.56472,-6.83867,-10.9053,100.451,23.2958,0.614481,37.3432,-72.207,0.650575,-16.9014,-38.8487,-0.0852001,292.421,2.78966,292.423,74.7061,-184.177,74.6276,-184.21,-74.9157,-139.468,-75.1421,-139.336,-608.73,-0.0331208,360.892,-149.564,258.236,151.835,2.46962,-46.5588,10.649,-46.559,-7.65475,29.5392,3.9588,29.545,-4.11839,22.5021,-1.79174,22.4782
1.16,-6.2928,-2.00441,0.0955286,0.26669,-0.00113589,0.976674,-0.52355,-0.523163,0.523654,0.000394617,5.17432e-05,-2.29806,2.2251,-3.2723,3.2723,0.392445,-0.392887,-4.25508,4.19696,-3.14976,3.14976,-0.523972,0.531808,-3.2428,-2.00615,-7.59932,-0.407293,-7.5684,-3.66806,-4.6928,-2.00623,-7.09122,-0.617862,-7.09437,-3.38914,0.000439373,0.392887,-0.531808,0.081773,-0.00544595,0.161484,-0.0112201,0.401708,-0.533634,-2.4104,0.51357,-0.0498718,-0.0100325,0.273412,2.21502,0.0503041,3.26221,-0.04953,-0.402972,0.0344349,4.18687,0.207225,3.13968,-0.0627349,0.521724,-0.0506153,1.00696,0.256179,-1.26232,1.33507,0.911247,12.2578,-25.9883,15.2631,-14.0664,-7.75135,16.4837,-15.2553,6.06562,-3.59304,0.000128637,-0.000274243,-1.51679,6.15093,-24.7695,13.8545,0,8.61897,-2.50227,7.38301,-4.36638,2.98733,0.0802613,-0.00192489,0.000613662,-0.925192,4.17006,-33.2904,16.7525,22.3123,-0.214,8.63926,-4.13856,-10.9983,4.89818,0.433852,-0.057805,0.0194006,0.05048,1.63308,-1.62558,0.150541,0.0968745,0.253842,0.398608,5.03378,1.33016,-0.0897063,2.05514,-3.52566,-0.046907,-0.640535,-1.715,0.204709,0.115394,0.190828,-6.29276,-1.99896,-0.00544595,0,932,-1.38778e-17,-2.77556e-17,-9.12085e-18,-1.83239e-05,-6.93889e-18,-1.04083e-17,-7.71816e-18,1.12757e-16,1.09288e-16,1.19913e-16,0,-0.513392,0.374462,0.523599,0,0,2.2152,0.00728388,3.27249,0,-0.392699,4.18688,0.0308784,3.14159,0,0.523599,0,0,0,0.0815694,-0.0112201,-0.533634,0.51357,-0.0100325,2.21502,3.26221,-0.402972,4.18687,3.13968,0.521724,0.0100842,-1.63885,0.729875,0,-0.0333004,0,0,0,0,0.0499397,0.0126487,1.00027,0.106918,-2.64948,-7.04189,-11.1499,103.572,24.2095,0.708926,39.5242,-75.6876,0.647166,-17.1665,-39.9539,-0.107119,301.46,2.95565,301.462,76.9941,-189.732,76.9132,-189.765,-77.1783,-143.547,-77.4164,-143.408,-627.424,-0.032465,371.959,-154.153,265.99,156.494,2.56647,-47.9992,10.9798,-47.9994,-8.02374,30.4282,4.19,30.4342,-4.23556,23.1578,-1.81984,23.1327
1.2,-6.28336,-2.00455,0.0996082,0.277039,-0.00119479,0.992684,-0.523568,-0.523131,0.523637,0.00040007,3.4295e-05,-2.30153,2.2251,-3.27229,3.27229,0.392425,-0.392892,-4.25624,4.19698,-3.14978,3.14978,-0.523979,0.531838,-3.23337,-2.00641,-7.5898,-0.407383,-7.55904,-3.66817,-4.68336,-2.00646,-7.08171,-0.617955,-7.08502,-3.38923,0.000471426,0.392892,-0.531838,0.0852015,-0.00568275,0.169982,-0.0117512,0.431502,-0.534125,-2.51889,0.51308,-0.0499497,-0.0105221,0.286799,2.21454,0.0533936,3.26174,-0.0496327,-0.403448,0.0334021,4.18642,0.2192,3.13923,-0.0630131,0.521281,-0.050794,1.00754,0.267571,-1.26338,1.34224,1.18873,12.4577,-26.5376,15.7698,-14.993,-7.94588,16.9809,-15.7612,6.14517,-3.80668,0.000209108,-0.000448005,-1.53671,6.38161,-24.7519,13.9456,0,8.46291,-2.5895,7.36696,-4.40041,2.95103,0.0820645,-0.00202637,0.000652513,-0.913934,4.22244,-33.3815,16.8466,22.6086,-0.152359,8.67768,-4.16212,-11.144,4.9445,0.458149,-0.0581613,0.0195718,0.051299,1.64853,-1.64094,0.150586,0.10199,0.258729,0.400241,5.19371,1.3804,-0.086744,2.17798,-3.6956,-0.0291449,-0.589695,-1.76902,0.207394,0.11399,0.192629,-6.28332,-1.99887,-0.00568275,0,975,6.93889e-18,0,-1.04761e-17,-2.95976e-05,-3.1225e-17,-3.20924e-17,-2.87923e-17,6.07153e-17,5.89806e-17,5.50775e-17,0,-0.512885,0.391993,0.523599,0,0,2.21474,0.00771866,3.27249,0,-0.392699,4.18643,0.032612,3.14159,0,0.523599,0,0,0,0.0849722,-0.0117512,-0.534125,0.51308,-0.0105221,2.21454,3.26174,-0.403448,4.18642,3.13923,0.521281,0.0105564,-1.65797,0.73563,0,-0.0282394,0,0,0,0,0.0500593,0.0126889,1.00028,0.108716,-2.76825,-7.27443,-11.4167,106.751,25.1084,0.75353,41.9957,-79.1309,0.31696,-16.243,-41.1874,-0.114634,315.082,3.10717,315.084,80.3894,-197.988,80.3064,-198.022,-80.587,-149.144,-80.8424,-148.995,-655.417,-0.0224775,388.378,-160.959,277.728,163.412,2.66177,-50.1715,11.3168,-50.1718,-8.38876,31.7501,4.45201,31.7562,-4.36632,24.0475,-1.72194,24.0206
1.24,-6.27396,-2.00465,0.103598,0.287311,-0.00126941,1.0085,-0.523584,-0.523099,0.523621,0.000405666,1.85107e-05,-2.30533,2.22509,-3.27229,3.27229,0.392415,-0.392897,-4.2573,4.19691,-3.14971,3.14971,-0.523979,0.531771,-3.22397,-2.00666,-7.5803,-0.407425,-7.54976,-3.66818,-4.67397,-2.00669,-7.0722,-0.617999,-7.07572,-3.38928,0.000503554,0.392897,-0.531771,0.0888487,-0.0058882,0.178536,-0.0122876,0.463598,-0.534602,-2.63098,0.512603,-0.050024,-0.0109997,0.30015,2.21407,0.0558442,3.26127,-0.0497413,-0.403915,0.0429461,4.18589,0.225349,3.13869,-0.0631175,0.520752,-0.0509765,1.00819,0.279113,-1.26454,1.34989,1.5223,12.6688,-27.1222,16.3161,-16.0033,-8.15104,17.51,-16.3067,6.22811,-4.03244,0.000292674,-0.000630305,-1.55748,6.61183,-24.7371,14.0408,0,8.30825,-2.67747,7.35217,-4.43559,2.91446,0.0832074,-0.00209025,0.000679842,-0.902598,4.51386,-33.4479,16.9438,22.8535,-0.238118,8.70587,-4.18688,-11.266,4.98195,0.472452,-0.0577955,0.0195188,0.0514144,1.66101,-1.65343,0.150635,0.0997413,0.256804,0.395358,5.34773,1.43185,-0.095102,2.29444,-3.87537,-0.0263617,-0.527732,-1.83384,0.210191,0.112574,0.194083,-6.2741,-1.99877,-0.0058882,0,1017,-6.93889e-18,-1.38778e-17,8.53809e-19,-4.11503e-05,-1.38778e-17,-1.64799e-17,-1.88041e-17,7.80626e-17,7.45931e-17,7.22079e-17,0,-0.51239,0.410127,0.523599,0,0,2.21429,0.00806009,3.27249,0,-0.392699,4.18591,0.0334656,3.14159,0,0.523599,0,0,0,0.08859,-0.0122876,-0.534602,0.512603,-0.0109997,2.21407,3.26127,-0.403915,4.18589,3.13869,0.520752,0.0110182,-1.67307,0.739845,0,-0.0321267,0,0,0,0,0.0501764,0.0127283,1.0003,0.0869411,-2.88354,-7.61281,-11.8725,109.986,25.9651,0.929822,44.1987,-82.9969,0.194471,-15.3046,-42.8694,-0.0552382,330.379,3.46095,330.381,83.5285,-204.577,83.4419,-204.612,-83.6329,-152.654,-83.9214,-152.487,-683.242,-0.0126473,403.558,-167.253,288.193,169.544,2.7526,-52.6455,11.6597,-52.6458,-8.7986,32.785,4.68556,32.7914,-4.54463,24.5759,-1.62246,24.5456
1.28,-6.26433,-2.00471,0.107241,0.297604,-0.00139145,1.02444,-0.523605,-0.523067,0.5236,0.000433642,-2.69669e-06,-2.31035,2.2251,-3.2723,3.2723,0.392384,-0.392886,-4.25881,4.19683,-3.14963,3.14963,-0.523996,0.531665,-3.21433,-2.00694,-7.57049,-0.407384,-7.54033,-3.66808,-4.66433,-2.00693,-7.0624,-0.617953,-7.06626,-3.38923,0.00053574,0.392886,-0.531665,0.0923845,-0.00604808,0.187108,-0.0128941,0.498435,-0.535108,-2.7456,0.512097,-0.0501381,-0.0115054,0.312819,2.2136,0.0590466,3.2608,-0.0498515,-0.404389,0.0563872,4.18532,0.230044,3.13813,-0.0631239,0.520162,-0.0511659,1.00884,0.290745,-1.26575,1.35782,1.92417,12.8874,-27.7329,16.8974,-17.1061,-8.36346,18.0631,-16.887,6.31414,-4.26888,0.000311534,-0.000674544,-1.57902,6.8343,-24.7186,14.1392,0,8.15074,-2.75767,7.33568,-4.47248,2.87705,0.08494,-0.0021755,0.000714971,-0.890994,4.89819,-33.5122,17.0455,23.0868,-0.377132,8.73298,-4.21289,-11.3827,5.01607,0.484139,-0.0570061,0.0193294,0.0511213,1.67241,-1.66489,0.150684,0.0910731,0.257329,0.398617,5.50887,1.48615,-0.125473,2.3927,-4.08591,-0.0377787,-0.473351,-1.92058,0.213098,0.111129,0.195412,-6.26446,-1.99866,-0.00604808,0,1061,-2.08167e-17,-1.38778e-17,4.06576e-20,-4.35141e-05,2.42861e-17,2.25514e-17,1.65205e-17,4.85723e-17,4.51028e-17,4.09828e-17,0,-0.511863,0.428761,0.523599,0,0,2.21383,0.00850863,3.27249,0,-0.392699,4.18534,0.0340959,3.14159,0,0.523599,0,0,0,0.0920952,-0.0128941,-0.535108,0.512097,-0.0115054,2.2136,3.2608,-0.404389,4.18532,3.13813,0.520162,0.0115027,-1.68709,0.743455,0,-0.0471311,0,0,0,0,0.0502993,0.0127696,1.0003,0.0782439,-2.89823,-7.88368,-12.2689,113.26,26.9016,1.29025,45.8204,-87.7205,0.232508,-14.581,-44.8958,-0.0976827,332.017,3.80116,332.019,83.7499,-204.595,83.6608,-204.632,-83.7879,-152.325,-84.0951,-152.147,-685.733,0.00184921,404.644,-167.698,288.735,169.821,2.85187,-52.9151,12.0068,-52.9155,-9.29936,32.7778,4.85748,32.7845,-4.75945,24.512,-1.54575,24.4796
1.32,-6.25448,-2.00473,0.110553,0.307913,-0.00153024,1.04049,-0.523628,-0.523033,0.523576,0.000476215,-2.63691e-05,-2.31738,2.22531,-3.2725,3.2725,0.392438,-0.392687,-4.26096,4.19682,-3.14962,3.14962,-0.524009,0.531664,-3.20449,-2.00722,-7.5605,-0.407399,-7.53068,-3.66799,-4.65449,-2.00718,-7.05236,-0.617867,-7.0566,-3.38915,0.000568698,0.392687,-0.531664,0.0955608,-0.00618875,0.196199,-0.013529,0.53494,-0.535627,-2.86407,0.511577,-0.0502772,-0.0120251,0.327464,2.21331,0.0639136,3.2605,-0.0502067,-0.404685,0.0733605,4.18482,0.235987,3.13762,-0.0633135,0.519666,-0.0513542,1.00944,0.303096,-1.26692,1.36612,2.37125,13.1183,-28.3838,17.5273,-18.2875,-8.58807,18.6537,-17.5158,6.40338,-4.51865,0.000288193,-0.000627556,-1.60137,7.07325,-24.6846,14.2433,0,7.97864,-2.84185,7.31402,-4.5141,2.83818,0.0878534,-0.00107381,0.000357112,-0.879043,5.37486,-33.5949,17.1554,23.3492,-0.553669,8.76711,-4.24059,-11.5123,5.04985,0.498583,-0.0570689,0.0194275,0.0516113,1.68368,-1.67613,0.15073,0.0828087,0.257716,0.401242,5.6719,1.54206,-0.175724,2.40896,-4.30773,-0.0537496,-0.443829,-2.00826,0.216119,0.109627,0.196732,-6.25461,-1.99854,-0.00618875,0,1106,-1.38778e-17,1.38778e-17,2.35814e-18,-3.99745e-05,-3.46945e-18,-3.46945e-18,2.47334e-18,2.25514e-17,2.08167e-17,2.08167e-17,0,-0.511321,0.448087,0.523599,0,0,2.21355,0.00920076,3.27249,0,-0.392699,4.18485,0.0349161,3.14159,0,0.523599,0,0,0,0.095242,-0.013529,-0.535627,0.511577,-0.0120251,2.21331,3.2605,-0.404685,4.18482,3.13762,0.519666,0.0119988,-1.70333,0.747163,0,-0.062317,0,0,0,0,0.0504253,0.0128119,1.00031,0.0934715,-2.83812,-7.96402,-12.3713,116.405,27.9397,2.05065,45.8205,-92.9535,0.377196,-14.2068,-46.7498,-0.179572,321.825,3.91111,321.827,81.816,-200.133,81.7361,-200.166,-81.8328,-150.324,-82.1306,-150.15,-668.17,0.017619,395.29,-163.729,282.047,165.888,2.96193,-51.2573,12.3403,-51.2577,-9.85412,32.0685,4.85749,32.0746,-4.956,24.2177,-1.50608,24.1861
1.36,-6.2448,-2.00475,0.113621,0.318186,-0.00167369,1.05647,-0.523624,-0.523003,0.523582,0.000542145,-2.06773e-05,-2.32561,2.22551,-3.27271,3.27271,0.392436,-0.392485,-4.26372,4.19694,-3.14975,3.14975,-0.524029,0.531789,-3.1948,-2.00745,-7.55066,-0.407401,-7.52115,-3.66795,-4.6448,-2.00742,-7.04248,-0.617768,-7.04712,-3.38905,0.000600457,0.392485,-0.531789,0.0984045,-0.00632249,0.205806,-0.0141692,0.573607,-0.536119,-2.98676,0.511087,-0.0504569,-0.0125162,0.336747,2.21301,0.0749353,3.26021,-0.0505098,-0.40498,0.0903003,4.18445,0.244854,3.13725,-0.0637123,0.519294,-0.0515385,1.01,0.316159,-1.26806,1.37481,2.87772,13.3621,-29.0775,18.2109,-19.5657,-8.82565,19.2843,-18.1983,6.49642,-4.78331,0.00018571,-0.000406809,-1.62466,7.27146,-24.6321,14.3611,0,7.77867,-2.87752,7.28126,-4.56306,2.79141,0.0956756,-0.000208313,7.03278e-05,-0.864604,5.86351,-33.7044,17.2757,23.6579,-0.718926,8.81078,-4.27013,-11.6619,5.08632,0.518902,-0.0580863,0.0198493,0.0530162,1.69586,-1.68815,0.150772,0.0767074,0.256822,0.399439,5.8311,1.60539,-0.20581,2.41847,-4.56021,-0.0690656,-0.448239,-2.09784,0.219268,0.10782,0.198158,-6.24477,-1.99842,-0.00632249,0,1151,0,1.38778e-17,1.89735e-17,-2.55718e-05,6.93889e-18,8.67362e-18,1.77216e-17,8.1532e-17,8.1532e-17,9.34582e-17,0,-0.51081,0.468095,0.523599,0,0,2.21327,0.0107767,3.27249,0,-0.392699,4.18448,0.036182,3.14159,0,0.523599,0,0,0,0.0980576,-0.0141692,-0.536119,0.511087,-0.0125162,2.21301,3.26021,-0.40498,4.18445,3.13725,0.519294,0.0124955,-1.72326,0.751603,0,-0.0735485,0,0,0,0,0.0505516,0.0128544,1.00032,0.0961942,-2.82874,-8.12441,-12.5646,119.57,29.0841,2.54723,45.5803,-98.7644,0.579302,-14.5821,-48.7369,-0.161403,318.63,4.06573,318.633,81.2149,-198.604,81.1749,-198.621,-81.1777,-149.722,-81.4589,-149.557,-662.717,0.0137032,392.41,-162.443,279.747,164.581,3.08324,-50.7372,12.6757,-50.7376,-10.4701,31.8225,4.83203,31.8259,-5.16666,24.1318,-1.54586,24.1016
1.4,-6.23508,-2.00477,0.116626,0.328408,-0.0018125,1.0722,-0.523595,-0.52297,0.52361,0.000612106,7.75039e-06,-2.33429,2.22567,-3.27287,3.27287,0.392441,-0.392325,-4.26636,4.19698,-3.14978,3.14978,-0.523942,0.531808,-3.18508,-2.00766,-7.54077,-0.407394,-7.51162,-3.66787,-4.63508,-2.00767,-7.03256,-0.61768,-7.03759,-3.38896,0.000632653,0.392325,-0.531808,0.101014,-0.00646939,0.215769,-0.0147944,0.613953,-0.536577,-3.11244,0.510628,-0.0506415,-0.0129742,0.344904,2.21269,0.0886996,3.25988,-0.0507737,-0.405307,0.0981812,4.18399,0.260222,3.1368,-0.0641343,0.518826,-0.0517174,1.01053,0.329733,-1.26918,1.38384,3.44543,13.6176,-29.8112,18.9457,-20.935,-9.07498,19.9524,-18.9319,6.59221,-5.06072,6.6915e-05,-0.00014749,-1.64865,7.46312,-24.5701,14.4894,0,7.56669,-2.89864,7.24199,-4.61684,2.74146,0.105371,0.000496261,-0.00017042,-0.849175,6.1424,-33.8328,17.3976,24.0281,-0.74656,8.86682,-4.30085,-11.8437,5.13255,0.551155,-0.0591413,0.0202696,0.0545704,1.71119,-1.7033,0.150812,0.0751032,0.255552,0.393284,5.98505,1.67538,-0.217029,2.44133,-4.83172,-0.0659171,-0.436829,-2.19008,0.222509,0.10589,0.199961,-6.23516,-1.9983,-0.00646939,0,1195,6.93889e-18,2.77556e-17,3.38813e-18,-9.1436e-06,-1.9082e-17,-1.73472e-17,-2.40845e-17,1.16226e-16,1.14492e-16,1.09721e-16,0,-0.51033,0.488586,0.523599,0,0,2.21296,0.012742,3.27249,0,-0.392699,4.18403,0.0383927,3.14159,0,0.523599,0,0,0,0.100639,-0.0147944,-0.536577,0.510628,-0.0129742,2.21269,3.25988,-0.405307,4.18399,3.1368,0.518826,0.0129819,-1.7474,0.757245,0,-0.0752798,0,0,0,0,0.0506753,0.012896,1.00033,0.0846157,-2.90502,-8.39964,-12.8829,122.742,30.3103,2.88131,45.5324,-104.859,0.496361,-14.705,-50.9479,-0.137584,327.317,4.40707,327.32,83.0517,-202.519,83.0167,-202.534,-82.9158,-151.76,-83.2247,-151.58,-678.791,-0.0052609,401.331,-166.061,285.743,168.116,3.21323,-52.1396,13.012,-52.1401,-11.1162,32.4386,4.82694,32.4418,-5.40105,24.4393,-1.5589,24.4061
1.44,-6.22541,-2.00479,0.119574,0.338532,-0.00194618,1.08758,-0.523517,-0.522943,0.523688,0.000631802,8.54868e-05,-2.34332,2.22581,-3.273,3.273,0.392443,-0.39219,-4.26895,4.19698,-3.14978,3.14978,-0.523914,0.531809,-3.17542,-2.00778,-7.53095,-0.407372,-7.50214,-3.66778,-4.62542,-2.0079,-7.02271,-0.61759,-7.02811,-3.38887,0.000659353,0.39219,-0.531809,0.103559,-0.00661377,0.225839,-0.0154152,0.656245,-0.536986,-3.24036,0.510219,-0.0507532,-0.0133835,0.353693,2.21234,0.102653,3.25953,-0.0510103,-0.405659,0.10975,4.18351,0.274353,3.13631,-0.0644233,0.51834,-0.0518968,1.01106,0.343515,-1.27031,1.39321,4.09172,13.8832,-30.581,19.7286,-22.4085,-9.33433,20.6542,-19.7136,6.69057,-5.35,9.17879e-05,-0.000203607,-1.67327,7.66015,-24.5063,14.6238,0,7.35512,-2.92224,7.20095,-4.67308,2.69139,0.114792,0.0010792,-0.000377246,-0.833701,6.51326,-33.9572,17.5228,24.3916,-0.825096,8.92152,-4.33253,-12.0228,5.17614,0.581375,-0.0596262,0.0205015,0.0556029,1.72569,-1.71771,0.150852,0.073721,0.253108,0.384406,6.13299,1.75535,-0.225603,2.47323,-5.11784,-0.0647074,-0.421814,-2.28096,0.225832,0.103955,0.20166,-6.22556,-1.99817,-0.00661377,0,1239,-6.93889e-18,-1.38778e-17,1.65341e-18,-1.24438e-05,-5.20417e-18,-5.20417e-18,-1.93462e-18,9.88792e-17,9.54098e-17,9.2374e-17,0,-0.509902,0.509406,0.523599,0,0,2.21262,0.0147289,3.27249,0,-0.392699,4.18356,0.0404106,3.14159,0,0.523599,0,0,0,0.103157,-0.0154152,-0.536986,0.510219,-0.0133835,2.21234,3.25953,-0.405659,4.18351,3.13631,0.51834,0.013469,-1.77089,0.762415,0,-0.077166,0,0,0,0,0.0507993,0.0129376,1.00034,0.101149,-2.89143,-8.41633,-12.7981,125.611,31.8383,3.15696,45.7607,-111.051,0.453066,-14.5334,-52.8262,-0.241355,323.142,4.52905,323.145,82.5643,-201.994,82.5258,-202.011,-82.5036,-152.276,-82.825,-152.088,-673.43,-0.0575694,398.988,-165.028,284.366,167.307,3.37522,-51.4429,13.3162,-51.4435,-11.7727,32.3673,4.85115,32.3708,-5.60017,24.5446,-1.54071,24.5104
1.48,-6.21697,-2.00474,0.121958,0.347411,-0.00199949,1.1012,-0.523378,-0.522914,0.52383,0.000704735,0.000225759,-2.35263,2.22596,-3.27316,3.27316,0.392449,-0.392032,-4.2715,4.19698,-3.14979,3.14979,-0.523908,0.531814,-3.16698,-2.00761,-7.52247,-0.407362,-7.49377,-3.66769,-4.61697,-2.00794,-7.0142,-0.617499,-7.01974,-3.38878,0.000689865,0.392032,-0.531814,0.106104,-0.00668086,0.236054,-0.0159007,0.697765,-0.537279,-3.36786,0.509928,-0.0509347,-0.0136755,0.364864,2.21206,0.115883,3.25926,-0.0512508,-0.405933,0.12334,4.18308,0.288015,3.13588,-0.0646653,0.517913,-0.0520635,1.01159,0.357535,-1.27141,1.40289,4.76992,14.1582,-31.3853,20.5536,-23.9199,-9.60322,21.3882,-20.5372,6.78826,-5.64426,-5.06991e-05,0.000113193,-1.69774,7.87479,-24.4419,14.7641,0,7.14677,-2.95928,7.15949,-4.73172,2.64267,0.123208,0.00176986,-0.000630155,-0.818647,6.93787,-34.078,17.649,24.7565,-0.931839,8.97519,-4.36438,-12.2026,5.21875,0.611112,-0.0599685,0.0206844,0.0565157,1.73989,-1.73183,0.150893,0.0595979,0.221971,0.340596,6.24087,1.82535,-0.232845,2.47814,-5.39829,-0.0639731,-0.414265,-2.363,0.229133,0.10207,0.203319,-6.21707,-1.99806,-0.00668086,0,1278,1.38778e-17,1.38778e-17,6.34258e-17,6.81479e-06,-1.56125e-17,-1.38778e-17,-1.29291e-17,-5.0307e-17,-5.20417e-17,-6.07153e-17,0,-0.509597,0.529998,0.523599,0,0,2.21236,0.0166118,3.27249,0,-0.392699,4.18314,0.0423605,3.14159,0,0.523599,0,0,0,0.105673,-0.0159007,-0.537279,0.509928,-0.0136755,2.21206,3.25926,-0.405933,4.18308,3.13588,0.517913,0.0139012,-1.79472,0.767559,0,-0.0780896,0,0,0,0,0.0509095,0.0129747,1.00034,0.100627,-2.80426,-8.27662,-12.5238,127.904,33.1716,3.63806,45.4573,-117.004,0.443609,-14.6006,-54.6816,-0.195171,311.945,4.73654,311.948,79.856,-195.503,79.8151,-195.521,-79.7728,-147.359,-80.1069,-147.164,-650.978,-0.146964,385.926,-159.554,274.939,161.762,3.51656,-49.6519,13.5592,-49.6525,-12.4038,31.3298,4.81898,31.3334,-5.79686,23.7545,-1.54782,23.7188
1.52,-6.20804,-2.00466,0.123868,0.355456,-0.00203856,1.11376,-0.523372,-0.522883,0.523829,0.000822496,0.000228699,-2.36184,2.22603,-3.27322,3.27322,0.392463,-0.391959,-4.27407,4.19697,-3.14977,3.14977,-0.523902,0.531819,-3.15805,-2.00759,-7.51351,-0.407291,-7.48489,-3.66758,-4.60805,-2.00792,-7.00522,-0.617387,-7.01086,-3.38866,0.000717165,0.391959,-0.531819,0.108056,-0.00672598,0.245337,-0.0163947,0.736423,-0.537728,-3.48401,0.509473,-0.0512066,-0.0141275,0.3723,2.21167,0.130792,3.25887,-0.0514301,-0.406315,0.134609,4.18262,0.302127,3.13542,-0.0649045,0.517463,-0.0522247,1.01202,0.370312,-1.27236,1.41168,5.44878,14.4159,-32.1423,21.3396,-25.3661,-9.85541,22.0812,-21.3219,6.87736,-5.91774,-0.000366788,0.000823773,-1.72005,8.04828,-24.3753,14.8985,0,6.95142,-2.97026,7.1156,-4.7882,2.59575,0.13273,0.00212635,-0.000771047,-0.804139,7.3012,-34.1938,17.7631,25.1058,-1.00845,9.02783,-4.39335,-12.375,5.25846,0.641552,-0.0602956,0.0208502,0.0573897,1.75313,-1.74499,0.150924,0.0477406,0.201137,0.313959,6.35748,1.86105,-0.230155,2.52429,-5.69909,-0.0640677,-0.402206,-2.44563,0.232158,0.100263,0.204878,-6.20814,-1.99793,-0.00672598,0,1319,6.93889e-18,2.77556e-17,3.44234e-18,4.89067e-05,1.73472e-18,8.67362e-19,-4.13352e-18,1.73472e-18,-1.73472e-18,-1.0842e-18,0,-0.509119,0.549166,0.523599,0,0,2.21198,0.0187241,3.27249,0,-0.392699,4.18268,0.0443648,3.14159,0,0.523599,0,0,0,0.107602,-0.0163947,-0.537728,0.509473,-0.0141275,2.21167,3.25887,-0.406315,4.18262,3.13542,0.517463,0.0143562,-1.81717,0.772162,0,-0.0817898,0,0,0,0,0.0510255,0.0130137,1.00034,0.103173,-2.7169,-8.19101,-12.3744,130.273,33.8095,3.80276,45.7982,-123.327,0.41411,-14.5894,-56.5616,-0.232024,300.635,4.95252,300.639,77.2572,-189.527,77.206,-189.548,-77.1381,-142.85,-77.4972,-142.64,-629.08,-0.14387,373.361,-154.328,265.874,156.43,3.58418,-47.8355,13.8104,-47.8361,-13.0741,30.3795,4.85512,30.3839,-5.99616,23.0339,-1.54664,22.9957
1.56,-6.19887,-2.0045,0.125068,0.363051,-0.00215253,1.12584,-0.523269,-0.523108,0.523941,0.00086245,0.000336211,-2.37241,2.22603,-3.27323,3.27323,0.392474,-0.391959,-4.27722,4.19696,-3.14976,3.14976,-0.523899,0.531825,-3.14887,-2.00746,-7.50418,-0.407046,-7.47587,-3.66735,-4.59887,-2.00795,-6.99588,-0.617143,-7.00185,-3.38842,0.000497306,0.391959,-0.531825,0.109517,-0.00670587,0.254014,-0.0169754,0.781409,-0.538091,-3.60134,0.509118,-0.0517812,-0.0144866,0.380854,2.21121,0.144899,3.2584,-0.0515519,-0.406781,0.146375,4.18214,0.316099,3.13494,-0.0651345,0.517002,-0.0523789,1.01233,0.38228,-1.27321,1.4199,6.3084,14.663,-32.8723,22.1282,-27.022,-10.1008,22.7592,-22.1155,6.97229,-6.20243,-0.00129716,0.00292974,-1.74357,8.21925,-24.3085,15.0258,0,6.77149,-2.98648,7.07155,-4.84189,2.55301,0.141499,0.00216704,-0.000799649,-0.790907,7.6774,-34.3102,17.8728,25.4429,-1.09331,9.08097,-4.42135,-12.5415,5.29445,0.67168,-0.0606149,0.0210111,0.0582267,1.76512,-1.75693,0.150948,0.0300122,0.189869,0.302059,6.47452,1.922,-0.264229,2.56557,-6.04756,-0.078895,-0.405171,-2.54617,0.235344,0.0986176,0.206292,-6.19901,-1.9978,-0.00670587,0,1361,0,-1.38778e-17,2.20635e-17,0.000171869,-1.9082e-17,-1.9082e-17,-1.69407e-17,6.59195e-17,6.245e-17,5.07407e-17,0,-0.508746,0.568378,0.523599,0,0,2.21154,0.020711,3.27249,0,-0.392699,4.18221,0.0463405,3.14159,0,0.523599,0,0,0,0.109045,-0.0169754,-0.538091,0.509118,-0.0144866,2.21121,3.2584,-0.406781,4.18214,3.13494,0.517002,0.0148228,-1.83859,0.776174,0,-0.0996273,0,0,0,0,0.0511445,0.0130537,1.00034,0.104592,-2.56381,-8.19662,-12.378,132.687,34.9494,4.25714,45.7316,-131.168,0.541709,-15.0544,-58.9241,-0.213724,281.499,5.20692,281.502,72.7245,-178.655,72.6671,-178.679,-72.5996,-135.178,-72.9845,-134.953,-591.38,-0.198828,351.455,-145.273,250.244,147.237,3.70503,-44.7681,14.0664,-44.7687,-13.9053,28.6416,4.84806,28.6464,-6.24661,21.8097,-1.59594,21.7689
1.6,-6.18956,-2.00433,0.12575,0.370219,-0.00224371,1.13749,-0.523202,-0.523992,0.524007,0.000919074,0.000402084,-2.38428,2.22603,-3.27323,3.27323,0.392496,-0.391958,-4.28077,4.19696,-3.14976,3.14976,-0.523893,0.531831,-3.13957,-2.00733,-7.49474,-0.406798,-7.46669,-3.6671,-4.58957,-2.00792,-6.98645,-0.616895,-6.99267,-3.38817,-0.000387664,0.391958,-0.531831,0.110248,-0.00667078,0.263041,-0.0175449,0.823336,-0.538504,-3.71986,0.508705,-0.0535754,-0.0148991,0.393952,2.21073,0.160117,3.25793,-0.0516855,-0.407259,0.159504,4.18166,0.333224,3.13446,-0.0653756,0.51653,-0.0525204,1.01249,0.394651,-1.27386,1.4279,7.14312,14.911,-33.6108,22.9344,-28.6644,-10.3576,23.4696,-22.9447,7.06873,-6.49249,-0.00473627,0.0107573,-1.76678,8.41864,-24.2287,15.1572,0,6.58815,-3.01822,7.02052,-4.89863,2.5119,0.15085,0.00225197,-0.000846983,-0.778186,8.09741,-34.445,17.9802,25.8247,-1.18165,9.14415,-4.44885,-12.7296,5.33116,0.707971,-0.0610056,0.021179,0.0591928,1.77735,-1.76909,0.15096,0.0170336,0.179186,0.291171,6.59698,1.96715,-0.296727,2.59491,-6.4217,-0.0886039,-0.416507,-2.65587,0.238497,0.0970372,0.207738,-6.18967,-1.99766,-0.00667078,0,1404,1.38778e-17,1.38778e-17,3.3864e-17,0.000623306,-8.67362e-18,-5.20417e-18,-5.84114e-18,-5.89806e-17,-6.59195e-17,-7.39426e-17,0,-0.508311,0.587947,0.523599,0,0,2.21109,0.0228491,3.27249,0,-0.392699,4.18175,0.0487714,3.14159,0,0.523599,0,0,0,0.109767,-0.0175449,-0.538504,0.508705,-0.0148991,2.21073,3.25793,-0.407259,4.18166,3.13446,0.51653,0.0153012,-1.86313,0.780279,0,-0.111475,0,0,0,0,0.0512666,0.0130948,1.00034,0.0985339,-2.46947,-8.27183,-12.4948,135.184,35.6647,4.91795,45.5207,-139.572,0.636142,-15.736,-61.5329,-0.192493,270.018,5.7101,270.017,69.8492,-171.421,69.7801,-171.45,-69.6666,-129.681,-70.0866,-129.436,-567.938,-0.228359,337.544,-139.522,240.132,141.289,3.78086,-42.9358,14.331,-42.9357,-14.7962,27.4788,4.82571,27.4845,-6.52317,20.9222,-1.6682,20.8777
1.64,-6.18025,-2.00414,0.126078,0.377033,-0.00232469,1.14864,-0.523093,-0.524335,0.524117,0.000953217,0.000512361,-2.39716,2.22603,-3.27323,3.27323,0.392517,-0.391956,-4.28452,4.19697,-3.14977,3.14977,-0.523887,0.531838,-3.13025,-2.00712,-7.48531,-0.406548,-7.45748,-3.66686,-4.58025,-2.00786,-6.97702,-0.616644,-6.98346,-3.38792,-0.000729774,0.391956,-0.531838,0.110453,-0.00662928,0.272189,-0.0181048,0.867065,-0.538873,-3.83479,0.508337,-0.0544012,-0.0152678,0.407902,2.21025,0.177235,3.25745,-0.0518179,-0.407736,0.172443,4.18119,0.352834,3.13399,-0.0656194,0.516058,-0.0526504,1.01254,0.407135,-1.27436,1.43567,8.06156,15.16,-34.3562,23.7674,-30.3854,-10.6084,24.1717,-23.7875,7.16217,-6.78184,-0.00621996,0.0142055,-1.78978,8.61849,-24.1377,15.2918,0,6.40229,-3.04594,6.96348,-4.95795,2.4706,0.161249,0.00233063,-0.000894607,-0.765405,8.52008,-34.5927,18.0852,26.2389,-1.25707,9.21442,-4.47582,-12.9335,5.36868,0.749263,-0.0614285,0.0213448,0.0602356,1.78986,-1.78152,0.150963,0.00819917,0.17035,0.278836,6.70907,2.02071,-0.322047,2.61546,-6.81872,-0.0937785,-0.433616,-2.76934,0.241615,0.0954472,0.209212,-6.18033,-1.99751,-0.00662928,0,1447,0,-1.38778e-17,-1.90413e-18,0.000813272,6.93889e-18,3.46945e-18,9.18861e-18,-2.42861e-17,-2.42861e-17,-6.28837e-18,0,-0.507923,0.606909,0.523599,0,0,2.21063,0.025251,3.27249,0,-0.392699,4.18129,0.0515587,3.14159,0,0.523599,0,0,0,0.10997,-0.0181048,-0.538873,0.508337,-0.0152678,2.21025,3.25745,-0.407736,4.18119,3.13399,0.516058,0.0157802,-1.88994,0.784509,0,-0.118593,0,0,0,0,0.051389,0.0131359,1.00034,0.105831,-2.35914,-8.22693,-12.394,137.416,36.6569,5.54067,45.2596,-148.283,0.693753,-16.3874,-64.0464,-0.24669,255.831,6.09523,255.826,66.6839,-163.982,66.6046,-164.015,-66.5517,-124.905,-66.9953,-124.646,-541.166,-0.277272,322.226,-133.19,229.415,134.985,3.88604,-40.6507,14.5676,-40.6498,-15.7196,26.2927,4.79802,26.2991,-6.78963,20.1697,-1.73725,20.1228
1.68,-6.17106,-2.00395,0.126195,0.383512,-0.002393,1.15922,-0.522947,-0.524371,0.524252,0.00095866,0.000652461,-2.41065,2.22603,-3.27323,3.27323,0.392537,-0.391955,-4.28829,4.19698,-3.14978,3.14978,-0.523881,0.531844,-3.12107,-2.00684,-7.47603,-0.406306,-7.44839,-3.66661,-4.57107,-2.00778,-6.96774,-0.616401,-6.97438,-3.38767,-0.000771358,0.391955,-0.531844,0.11031,-0.00658857,0.281353,-0.0186416,0.910826,-0.539196,-3.94599,0.508003,-0.0546441,-0.0155961,0.422018,2.20979,0.195698,3.25698,-0.0519466,-0.408203,0.184977,4.18073,0.37405,3.13353,-0.0658614,0.515596,-0.0527699,1.0125,0.419605,-1.27475,1.44326,9.03087,15.4088,-35.1059,24.6194,-32.1455,-10.855,24.8694,-24.6413,7.2523,-7.06829,-0.00651595,0.0149627,-1.81227,8.81382,-24.0393,15.4285,0,6.21728,-3.06845,6.90245,-5.0191,2.42922,0.172212,0.00240375,-0.000942464,-0.752597,8.93824,-34.7476,18.1879,26.6742,-1.32086,9.28899,-4.50229,-13.1479,5.40664,0.794004,-0.0618677,0.0215071,0.0613273,1.80251,-1.7941,0.15096,0.00292098,0.161981,0.264562,6.81211,2.07913,-0.337269,2.63049,-7.2295,-0.0942895,-0.452679,-2.88041,0.24466,0.093852,0.210699,-6.17123,-1.99737,-0.00658857,0,1489,6.93889e-18,0,2.94767e-18,0.000846532,-3.29597e-17,-3.81639e-17,-3.49384e-17,1.00614e-16,1.00614e-16,1.18829e-16,0,-0.50757,0.625252,0.523599,0,0,2.21019,0.0278375,3.27249,0,-0.392699,4.18084,0.0545729,3.14159,0,0.523599,0,0,0,0.109829,-0.0186416,-0.539196,0.508003,-0.0155961,2.20979,3.25698,-0.408203,4.18073,3.13353,0.515596,0.0162486,-1.91825,0.788814,0,-0.12088,0,0,0,0,0.0515088,0.0131762,1.00034,0.105267,-2.30494,-8.25715,-12.3717,139.542,37.718,6.17406,44.886,-157.226,0.70486,-17.118,-66.5815,-0.204829,249.064,6.3205,249.058,65.0639,-160.019,64.9764,-160.055,-64.954,-122.07,-65.4238,-121.796,-527.858,-0.344407,314.387,-129.949,223.898,131.741,3.99853,-39.5656,14.793,-39.5647,-16.6677,25.6578,4.75842,25.6648,-7.05839,19.7149,-1.81469,19.6653
1.72,-6.16096,-2.00375,0.126239,0.390127,-0.00246807,1.16986,-0.522804,-0.524411,0.5244,0.000966716,0.000797738,-2.42507,2.22604,-3.27323,3.27323,0.392556,-0.391953,-4.29216,4.19699,-3.14979,3.14979,-0.523876,0.531851,-3.11096,-2.00654,-7.46583,-0.406044,-7.43839,-3.66635,-4.56096,-2.0077,-6.95753,-0.616139,-6.96437,-3.38741,-0.000809347,0.391953,-0.531851,0.109897,-0.00655271,0.290327,-0.0192416,0.953752,-0.539578,-4.05415,0.507626,-0.0549008,-0.0159758,0.435439,2.20926,0.214834,3.25646,-0.0520888,-0.408727,0.197223,4.18022,0.395687,3.13302,-0.0661171,0.515078,-0.0528981,1.01241,0.431822,-1.2751,1.45066,10.0356,15.6553,-35.8536,25.4801,-33.9295,-11.0994,25.5666,-25.5039,7.3403,-7.35201,-0.00681361,0.0157304,-1.83421,8.99817,-23.9374,15.565,0,6.03733,-3.0842,6.83966,-5.08072,2.38813,0.183228,0.00247191,-0.000990159,-0.739878,9.35373,-34.9043,18.2886,27.1148,-1.38049,9.36471,-4.52832,-13.3649,5.44388,0.839965,-0.0623156,0.0216693,0.0624375,1.81492,-1.80644,0.150954,0.00112002,0.165377,0.265831,6.92847,2.13874,-0.360488,2.65874,-7.67334,-0.0966816,-0.467392,-2.9994,0.24763,0.0922671,0.212157,-6.16106,-1.9972,-0.00655271,0,1536,-1.38778e-17,-1.38778e-17,2.52877e-17,0.000879613,3.46945e-18,-3.46945e-18,4.54687e-18,4.16334e-17,3.46945e-17,5.29091e-17,0,-0.507172,0.643256,0.523599,0,0,2.2097,0.0305057,3.27249,0,-0.392699,4.18034,0.0576283,3.14159,0,0.523599,0,0,0,0.109421,-0.0192416,-0.539578,0.507626,-0.0159758,2.20926,3.25646,-0.408727,4.18022,3.13302,0.515078,0.0167735,-1.94647,0.792852,0,-0.126014,0,0,0,0,0.0516431,0.0132214,1.00034,0.0977211,-2.30441,-8.47422,-12.6196,141.913,38.7549,6.85965,44.5723,-167.157,0.717896,-17.8838,-69.3983,-0.172198,249.099,6.69194,249.093,64.9091,-159.298,64.8104,-159.339,-64.7819,-121.195,-65.2966,-120.896,-527.243,-0.420602,313.629,-129.635,223.295,131.388,4.10845,-39.5779,15.0443,-39.5768,-17.7205,25.5359,4.72517,25.5438,-7.357,19.564,-1.89588,19.5096
1.76,-6.15173,-2.00356,0.126266,0.396588,-0.0025362,1.18012,-0.522663,-0.52444,0.524545,0.000967876,0.000940937,-2.43994,2.22604,-3.27323,3.27323,0.392565,-0.391951,-4.29595,4.197,-3.1498,3.1498,-0.523874,0.531858,-3.10174,-2.00626,-7.45651,-0.405805,-7.42926,-3.66612,-4.55174,-2.00762,-6.94822,-0.615898,-6.95524,-3.38717,-0.000836074,0.391951,-0.531858,0.109455,-0.00652339,0.29966,-0.0197906,0.996253,-0.539918,-4.16395,0.507291,-0.0551151,-0.0163134,0.450667,2.20878,0.234243,3.25598,-0.0522121,-0.409206,0.210864,4.17974,0.418005,3.13255,-0.0663581,0.514604,-0.0530143,1.01231,0.444524,-1.27544,1.4584,11.0882,15.9153,-36.6475,26.3974,-35.7793,-11.3572,26.307,-26.4229,7.42899,-7.64435,-0.0070539,0.0163758,-1.85635,9.1936,-23.8311,15.7085,0,5.85665,-3.10577,6.77419,-5.14555,2.34659,0.193914,0.00249872,-0.0010235,-0.727015,9.81649,-35.0669,18.3937,27.5763,-1.45763,9.44352,-4.55553,-13.5921,5.4818,0.887901,-0.0627544,0.0218287,0.0635741,1.82756,-1.81901,0.150946,0.000671175,0.161537,0.256532,7.0347,2.1993,-0.371757,2.67527,-8.12135,-0.0947122,-0.486821,-3.11084,0.250619,0.0906624,0.213635,-6.15176,-1.99704,-0.00652339,0,1579,-6.93889e-18,-1.38778e-17,-5.37324e-17,0.000904207,-2.08167e-17,-2.08167e-17,-1.55583e-17,3.46945e-17,3.46945e-17,3.36103e-17,0,-0.506817,0.66147,0.523599,0,0,2.20924,0.0332078,3.27249,0,-0.392699,4.17988,0.0607806,3.14159,0,0.523599,0,0,0,0.108985,-0.0197906,-0.539918,0.507291,-0.0163134,2.20878,3.25598,-0.409206,4.17974,3.13255,0.514604,0.0172544,-1.97638,0.797088,0,-0.124863,0,0,0,0,0.0517663,0.0132628,1.00034,0.0931536,-2.30634,-8.58938,-12.7056,144.086,39.8565,7.60383,44.2027,-176.93,0.710108,-18.6523,-71.9735,-0.178303,249.296,7.0654,249.29,64.8642,-158.983,64.7535,-159.03,-64.7403,-120.757,-65.3049,-120.429,-527.331,-0.496185,313.404,-129.542,223.156,131.309,4.22524,-39.6123,15.2748,-39.6112,-18.7565,25.4817,4.68598,25.4905,-7.63,19.4868,-1.97735,19.4273
1.8,-6.14276,-2.00338,0.126311,0.402868,-0.00260388,1.18996,-0.522529,-0.524466,0.52468,0.000968207,0.00107537,-2.45497,2.22604,-3.27324,3.27324,0.392583,-0.39195,-4.29957,4.19701,-3.14981,3.14981,-0.523868,0.531865,-3.09277,-2.00599,-7.44744,-0.405571,-7.42038,-3.66588,-4.54276,-2.00755,-6.93915,-0.615664,-6.94636,-3.38694,-0.000861322,0.39195,-0.531865,0.109018,-0.00649983,0.308849,-0.0203173,1.03876,-0.540243,-4.27263,0.506967,-0.0553204,-0.0166381,0.464833,2.20832,0.253915,3.25552,-0.052336,-0.409663,0.22336,4.17929,0.440507,3.13209,-0.0665988,0.514151,-0.0531249,1.01222,0.457046,-1.27578,1.46616,12.2041,16.1788,-37.4561,27.3402,-37.6932,-11.6185,27.0622,-27.3674,7.51704,-7.9388,-0.007291,0.01702,-1.87832,9.37749,-23.7243,15.8532,0,5.68168,-3.12085,6.7084,-5.21105,2.30497,0.204267,0.00256129,-0.00107285,-0.714133,10.2524,-35.2289,18.499,28.0402,-1.51987,9.52208,-4.5828,-13.8206,5.51993,0.936734,-0.0632122,0.0219952,0.0647387,1.84026,-1.83164,0.150939,0.00113032,0.157,0.245919,7.13671,2.25916,-0.375884,2.69023,-8.57509,-0.0906577,-0.506182,-3.21569,0.253585,0.0890545,0.215121,-6.1429,-1.99688,-0.00649983,0,1620,0,1.38778e-17,-1.40946e-17,0.000927882,-2.77556e-17,-3.1225e-17,-3.27632e-17,-2.08167e-17,-2.77556e-17,-3.79471e-17,0,-0.506473,0.679524,0.523599,0,0,2.20881,0.035941,3.27249,0,-0.392699,4.17945,0.0639538,3.14159,0,0.523599,0,0,0,0.108553,-0.0203173,-0.540243,0.506967,-0.0166381,2.20832,3.25552,-0.409663,4.17929,3.13209,0.514151,0.0177135,-2.0065,0.801394,0,-0.121578,0,0,0,0,0.051884,0.0133023,1.00034,0.0933183,-2.30098,-8.64502,-12.7004,146.145,40.9449,8.2753,43.8473,-186.673,0.678227,-19.3402,-74.3419,-0.194687,248.281,7.35117,248.274,64.6658,-158.498,64.5454,-158.549,-64.576,-120.448,-65.1812,-120.096,-525.784,-0.565411,312.429,-129.138,222.599,130.983,4.34061,-39.4454,15.493,-39.4441,-19.7894,25.4042,4.64831,25.4137,-7.88108,19.4368,-2.05028,19.3731
1.84,-6.1334,-2.00319,0.126377,0.409157,-0.00267433,1.19964,-0.522394,-0.524492,0.524816,0.000963352,0.00121083,-2.47046,2.22604,-3.27324,3.27324,0.392601,-0.391948,-4.30313,4.19701,-3.14981,3.14981,-0.523863,0.531872,-3.08341,-2.00571,-7.43798,-0.405324,-7.41111,-3.66564,-4.5334,-2.00747,-6.92969,-0.615416,-6.9371,-3.38669,-0.000887132,0.391948,-0.531872,0.108576,-0.00647632,0.317788,-0.0208699,1.08147,-0.540589,-4.37987,0.50662,-0.0555238,-0.0169847,0.47816,2.20784,0.27325,3.25504,-0.0524656,-0.410144,0.23537,4.17882,0.462424,3.13162,-0.0668442,0.513676,-0.0532415,1.01212,0.469262,-1.27613,1.47386,13.3911,16.4437,-38.2735,28.3029,-39.6772,-11.8812,27.8266,-28.3319,7.60439,-8.23456,-0.00751384,0.0176363,-1.90012,9.55097,-23.6191,15.9972,0,5.51492,-3.13225,6.64357,-5.27628,2.26404,0.213946,0.0026231,-0.0011232,-0.701462,10.6782,-35.387,18.6038,28.4964,-1.57996,9.59858,-4.60996,-14.0453,5.55716,0.984891,-0.0636641,0.0221628,0.0658917,1.85267,-1.84398,0.150932,0.00164569,0.157215,0.242032,7.24347,2.31926,-0.387071,2.71409,-9.04784,-0.088855,-0.522119,-3.32173,0.256528,0.0874731,0.216572,-6.13362,-1.99672,-0.00647632,0,1663,-6.93889e-18,-1.38778e-17,5.71103e-17,0.000949401,0,1.73472e-18,4.16063e-18,4.51028e-17,4.85723e-17,3.40439e-17,0,-0.506105,0.697444,0.523599,0,0,2.20836,0.0386153,3.27249,0,-0.392699,4.17899,0.0670269,3.14159,0,0.523599,0,0,0,0.108116,-0.0208699,-0.540589,0.50662,-0.0169847,2.20784,3.25504,-0.410144,4.17882,3.13162,0.513676,0.0181956,-2.03583,0.805493,0,-0.121263,0,0,0,0,0.0520076,0.0133439,1.00034,0.103696,-2.26086,-8.63542,-12.6096,148.191,42.0774,8.87371,43.6922,-196.829,0.659866,-19.8555,-76.604,-0.244244,242.282,7.44443,242.275,63.5853,-156.197,63.4596,-156.25,-63.5968,-119.611,-64.2192,-119.249,-516.16,-0.624984,307.189,-126.972,219.245,129.011,4.46067,-38.4628,15.7099,-38.4615,-20.8661,25.0421,4.63187,25.052,-8.12089,19.3191,-2.10491,19.2536
1.88,-6.12392,-2.003,0.1265,0.415529,-0.00274465,1.20926,-0.522261,-0.524518,0.524948,0.000930209,0.00134374,-2.48651,2.22604,-3.27324,3.27324,0.39262,-0.391946,-4.30662,4.19702,-3.14982,3.14982,-0.523858,0.531879,-3.07393,-2.00544,-7.4284,-0.405077,-7.40173,-3.66539,-4.52392,-2.00739,-6.92011,-0.615168,-6.92772,-3.38644,-0.000913009,0.391946,-0.531879,0.108142,-0.00645891,0.326757,-0.0214342,1.12428,-0.54095,-4.48757,0.506259,-0.0556771,-0.0173458,0.492093,2.20735,0.292229,3.25455,-0.052598,-0.410636,0.247912,4.17833,0.484107,3.13113,-0.0670925,0.513189,-0.0533616,1.01203,0.481551,-1.2765,1.48176,14.6515,16.7175,-39.123,29.3092,-41.7457,-12.1525,28.6218,-29.3401,7.69207,-8.53629,-0.00762776,0.0180035,-1.922,9.7255,-23.5136,16.1441,0,5.35284,-3.14607,6.57853,-5.34279,2.22345,0.222922,0.00268398,-0.001175,-0.688896,11.1255,-35.5446,18.7112,28.9559,-1.65067,9.67484,-4.63777,-14.2716,5.5941,1.03317,-0.0641174,0.0223344,0.0670568,1.86498,-1.85621,0.150925,0.00307805,0.159295,0.240489,7.35323,2.38028,-0.401282,2.74326,-9.53918,-0.0874183,-0.536228,-3.42761,0.259482,0.0859045,0.218011,-6.12413,-1.99654,-0.00645891,0,1707,0,0,6.09457e-17,0.000956562,3.46945e-18,8.67362e-18,1.09775e-18,1.00614e-16,9.71445e-17,1.03216e-16,0,-0.505722,0.715519,0.523599,0,0,2.20789,0.0412287,3.27249,0,-0.392699,4.17852,0.0700535,3.14159,0,0.523599,0,0,0,0.107688,-0.0214342,-0.54095,0.506259,-0.0173458,2.20735,3.25455,-0.410636,4.17833,3.13113,0.513189,0.0186895,-2.0652,0.809504,0,-0.121097,0,0,0,0,0.0521344,0.0133865,1.00034,0.104174,-2.26442,-8.74916,-12.6919,150.349,43.166,9.6229,43.524,-207.554,0.643548,-20.4516,-78.9952,-0.180416,242.188,7.64865,242.181,63.6436,-156.292,63.5136,-156.347,-63.7032,-119.837,-64.3474,-119.462,-516.739,-0.69436,307.463,-127.084,219.594,129.218,4.57608,-38.4404,15.9387,-38.439,-22.0031,25.0566,4.61403,25.0668,-8.37438,19.3562,-2.1681,19.2884
1.92,-6.11508,-2.00282,0.126699,0.421788,-0.00280865,1.21855,-0.522137,-0.524541,0.525072,0.000909637,0.00146761,-2.50272,2.22604,-3.27324,3.27324,0.392629,-0.391945,-4.30996,4.19703,-3.14983,3.14983,-0.523856,0.531886,-3.06509,-2.00519,-7.41948,-0.40485,-7.39298,-3.66517,-4.51509,-2.00732,-6.91119,-0.614941,-6.91897,-3.38621,-0.000936951,0.391945,-0.531886,0.107801,-0.00644975,0.335846,-0.021959,1.16716,-0.541287,-4.5964,0.505922,-0.0558426,-0.0176828,0.506588,2.20689,0.310995,3.25409,-0.0527151,-0.411095,0.260783,4.17788,0.505751,3.13068,-0.067328,0.512735,-0.0534751,1.01195,0.494028,-1.27689,1.48995,15.9919,17.0038,-40.0162,30.371,-43.9091,-12.4364,29.4586,-30.4038,7.78044,-8.84574,-0.00779219,0.0184965,-1.94405,9.90171,-23.4076,16.2959,0,5.19411,-3.16178,6.51293,-5.41127,2.18275,0.231268,0.0027068,-0.00121193,-0.67629,11.5891,-35.7028,18.8222,29.4222,-1.72815,9.75119,-4.66649,-14.5012,5.63136,1.08199,-0.064549,0.0225024,0.0682156,1.8774,-1.86857,0.150919,0.00496439,0.156487,0.232348,7.45622,2.44069,-0.405314,2.76827,-10.0337,-0.0833975,-0.551931,-3.52607,0.262456,0.0843311,0.219461,-6.11531,-1.99638,-0.00644975,0,1748,-6.93889e-18,-2.77556e-17,-8.5923e-18,0.000969297,-3.1225e-17,-3.64292e-17,-3.48503e-17,3.46945e-18,-6.93889e-18,1.58294e-17,0,-0.505363,0.733757,0.523599,0,0,2.20746,0.0438086,3.27249,0,-0.392699,4.17808,0.073073,3.14159,0,0.523599,0,0,0,0.10735,-0.021959,-0.541287,0.505922,-0.0176828,2.20689,3.25409,-0.411095,4.17788,3.13068,0.512735,0.0191504,-2.09519,0.813641,0,-0.117096,0,0,0,0,0.0522528,0.0134263,1.00034,0.0911755,-2.3206,-8.9618,-12.9056,152.491,44.1745,10.5466,43.1742,-218.339,0.609139,-21.2135,-81.4086,-0.0963033,249.437,8.156,249.429,65.0584,-159.272,64.9186,-159.331,-65.0788,-121.085,-65.7819,-120.677,-529.583,-0.777219,314.301,-129.91,224.306,131.994,4.68299,-39.6161,16.1658,-39.6146,-23.1463,25.525,4.57694,25.5359,-8.63023,19.5345,-2.24887,19.4604
1.96,-6.10554,-2.00263,0.126991,0.428251,-0.00287986,1.22793,-0.522022,-0.524568,0.525181,0.000843757,0.00157935,-2.51961,2.22605,-3.27324,3.27324,0.392646,-0.391943,-4.31324,4.19703,-3.14984,3.14984,-0.523851,0.531893,-3.05555,-2.00495,-7.40984,-0.404605,-7.38353,-3.66492,-4.50554,-2.00724,-6.90154,-0.614694,-6.90952,-3.38596,-0.000966787,0.391943,-0.531893,0.107489,-0.00644508,0.344699,-0.0225367,1.21068,-0.541679,-4.70474,0.505524,-0.0559427,-0.0180775,0.519974,2.20639,0.329417,3.25359,-0.0528499,-0.4116,0.272585,4.17738,0.526942,3.13018,-0.0675805,0.512236,-0.0536014,1.01189,0.506241,-1.27733,1.49817,17.4302,17.2946,-40.9281,31.4638,-46.1765,-12.7246,30.3142,-31.4989,7.86887,-9.15912,-0.00778982,0.0185963,-1.96612,10.0673,-23.3034,16.4476,0,5.04261,-3.17321,6.4484,-5.47973,2.14238,0.238943,0.00276497,-0.0012657,-0.663794,12.025,-35.8569,18.9338,29.8812,-1.79406,9.82543,-4.69539,-14.7272,5.66832,1.13041,-0.0649958,0.0226804,0.0693866,1.88972,-1.88081,0.150914,0.00729185,0.161559,0.234598,7.57048,2.50091,-0.422284,2.81034,-10.5585,-0.0820802,-0.561518,-3.62788,0.265434,0.0827713,0.220901,-6.10563,-1.99619,-0.00644508,0,1793,0,1.38778e-17,2.92735e-17,0.00096116,-2.08167e-17,-2.08167e-17,-2.23278e-17,1.73472e-17,1.38778e-17,4.11997e-18,0,-0.50494,0.752125,0.523599,0,0,2.20699,0.0463248,3.27249,0,-0.392699,4.1776,0.0760051,3.14159,0,0.523599,0,0,0,0.107042,-0.0225367,-0.541679,0.505524,-0.0180775,2.20639,3.25359,-0.4116,4.17738,3.13018,0.512236,0.0196569,-2.12423,0.817588,0,-0.117461,0,0,0,0,0.052383,0.0134701,1.00034,0.088369,-2.34679,-9.14236,-13.0794,154.729,45.1932,11.3991,43.1294,-229.892,0.582476,-21.7646,-83.7752,-0.140683,252.194,8.57567,252.185,65.7265,-160.731,65.5763,-160.794,-65.7568,-122.035,-66.5181,-121.593,-535.434,-0.845638,317.509,-131.235,226.668,133.385,4.79099,-40.0539,16.403,-40.0523,-24.3712,25.7557,4.5722,25.7674,-8.88111,19.6819,-2.30729,19.602
2,-6.09575,-2.00245,0.127426,0.434971,-0.00296738,1.23745,-0.521927,-0.524605,0.525277,0.000735065,0.00167525,-2.53734,2.22605,-3.27325,3.27325,0.392665,-0.391941,-4.31649,4.19704,-3.14984,3.14984,-0.523845,0.531901,-3.04576,-2.00477,-7.39993,-0.404349,-7.37386,-3.66467,-4.49575,-2.00719,-6.89163,-0.614438,-6.89986,-3.38571,-0.00100281,0.391941,-0.531901,0.107271,-0.00645375,0.353769,-0.0231314,1.25538,-0.542091,-4.81635,0.505113,-0.0559698,-0.0184888,0.534296,2.20588,0.347525,3.25308,-0.0529843,-0.412105,0.285629,4.17688,0.547872,3.12968,-0.0678341,0.511737,-0.05373,1.01184,0.518801,-1.27782,1.50686,18.9991,17.604,-41.9037,32.6372,-48.6072,-13.0313,31.2307,-32.675,7.95995,-9.48694,-0.00763019,0.0183236,-1.98883,10.2379,-23.1981,16.606,0,4.89307,-3.18831,6.38298,-5.55097,2.10161,0.245898,0.00282134,-0.00132105,-0.651171,12.5063,-36.0127,19.0521,30.3473,-1.88188,9.90008,-4.72602,-14.9568,5.70533,1.17897,-0.0654488,0.0228688,0.0705794,1.90205,-1.89307,0.150911,0.0108928,0.168013,0.237983,7.68929,2.56435,-0.443303,2.85418,-11.1068,-0.0812671,-0.571911,-3.72944,0.268498,0.0811951,0.222341,-6.09596,-1.996,-0.00645375,0,1838,0,1.38778e-17,2.97071e-17,0.000933232,-2.42861e-17,-2.08167e-17,-1.87635e-17,6.245e-17,6.59195e-17,7.26415e-17,0,-0.504501,0.771104,0.523599,0,0,2.20652,0.0487882,3.27249,0,-0.392699,4.17712,0.07889,3.14159,0,0.523599,0,0,0,0.106827,-0.0231314,-0.542091,0.505113,-0.0184888,2.20588,3.25308,-0.412105,4.17688,3.12968,0.511737,0.020164,-2.15368,0.821531,0,-0.117415,0,0,0,0,0.0525134,0.013514,1.00034,0.0862313,-2.38544,-9.33277,-13.2584,157.029,46.2799,12.3728,43.1364,-242.039,0.569856,-22.3189,-86.1066,-0.119553,256.265,8.95085,256.255,66.7421,-163.017,66.5851,-163.083,-66.7958,-123.7,-67.601,-123.233,-544.129,-0.911554,322.4,-133.256,230.252,135.497,4.90618,-40.6999,16.6469,-40.6983,-25.6588,26.1184,4.57294,26.1306,-9.12827,19.9458,-2.36605,19.8613
2.04,-6.0861,-2.00227,0.128041,0.441908,-0.00305547,1.24702,-0.521817,-0.524639,0.525387,0.000632201,0.00178475,-2.55577,2.22605,-3.27325,3.27325,0.392683,-0.39194,-4.31964,4.19705,-3.14985,3.14985,-0.52384,0.531908,-3.03611,-2.00457,-7.39016,-0.404106,-7.36433,-3.66443,-4.48611,-2.00716,-6.88186,-0.614194,-6.89033,-3.38546,-0.00103656,0.39194,-0.531908,0.107198,-0.00647637,0.363101,-0.0237273,1.30183,-0.542489,-4.93217,0.504715,-0.0560024,-0.0188871,0.549126,2.20538,0.365556,3.25257,-0.0531183,-0.412612,0.298595,4.17638,0.569101,3.12918,-0.0680921,0.511236,-0.0538622,1.01183,0.531787,-1.27837,1.5161,20.7326,17.9354,-42.9548,33.907,-51.244,-13.3596,32.2187,-33.9476,8.05455,-9.8326,-0.00748411,0.018085,-2.01243,10.4118,-23.0912,16.7729,0,4.74439,-3.2049,6.31626,-5.62577,2.05982,0.25221,0.00287676,-0.00137877,-0.638233,12.9933,-36.1707,19.1778,30.8265,-1.96879,9.97552,-4.75851,-15.1928,5.74379,1.22897,-0.0659066,0.0230666,0.0718054,1.91486,-1.90581,0.15091,0.0153583,0.173422,0.23923,7.80858,2.63316,-0.460749,2.90463,-11.6797,-0.0787748,-0.58082,-3.82759,0.271679,0.0795794,0.223836,-6.0863,-1.9958,-0.00647637,0,1883,0,2.77556e-17,4.26363e-17,0.000906733,-2.08167e-17,-1.38778e-17,-1.40743e-17,-1.04083e-17,-1.73472e-17,-9.1073e-18,0,-0.504076,0.790778,0.523599,0,0,2.20604,0.0512321,3.27249,0,-0.392699,4.17664,0.0818075,3.14159,0,0.523599,0,0,0,0.106754,-0.0237273,-0.542489,0.504715,-0.0188871,2.20538,3.25257,-0.412612,4.17638,3.12918,0.511236,0.0206719,-2.18394,0.825662,0,-0.115331,0,0,0,0,0.0526442,0.0135579,1.00034,0.0724147,-2.47562,-9.65044,-13.6006,159.424,47.3917,13.5805,43.0775,-254.845,0.536312,-22.9985,-88.5561,-0.0126227,267.344,9.58447,267.333,69.092,-168.194,68.9257,-168.263,-69.1107,-126.511,-69.9847,-126.004,-564.805,-1.00804,333.746,-137.946,238.203,140.178,5.02405,-42.4868,16.9008,-42.4849,-27.0164,26.9372,4.56669,26.9502,-9.38794,20.3729,-2.43809,20.2811
2.08,-6.07636,-2.00206,0.128569,0.448675,-0.00310775,1.25634,-0.521744,-0.52468,0.525474,0.000585365,0.001865,-2.57495,2.22605,-3.27325,3.27325,0.392702,-0.391937,-4.32277,4.19706,-3.14986,3.14986,-0.523835,0.531916,-3.02638,-2.00433,-7.38035,-0.403854,-7.35466,-3.66418,-4.47637,-2.00703,-6.87205,-0.613941,-6.88067,-3.38521,-0.00107108,0.391937,-0.531916,0.107294,-0.00646892,0.37264,-0.0242994,1.34656,-0.542935,-5.04871,0.504282,-0.0561503,-0.0193267,0.564709,2.20486,0.383141,3.25206,-0.0532557,-0.413129,0.311759,4.17586,0.590112,3.12867,-0.0683577,0.510724,-0.0540014,1.01185,0.54513,-1.27898,1.52588,22.5359,18.2892,-44.0834,35.2628,-53.9571,-13.7103,33.2806,-35.3064,8.14842,-10.1842,-0.00759608,0.0184747,-2.03583,10.5899,-22.984,16.9481,0,4.59819,-3.22455,6.24887,-5.70371,2.01758,0.257709,0.00293572,-0.00144102,-0.625155,13.493,-36.3263,19.3087,31.3116,-2.06139,10.0497,-4.79221,-15.4317,5.7832,1.27934,-0.0663647,0.0232712,0.0730554,1.928,-1.91887,0.150912,0.0132055,0.169169,0.232914,7.92478,2.6898,-0.479358,2.9601,-12.2847,-0.0780438,-0.588275,-3.92506,0.274835,0.0779461,0.225368,-6.07644,-1.99559,-0.00646892,0,1929,-1.38778e-17,-2.77556e-17,7.64363e-18,0.000910495,-2.08167e-17,-1.73472e-17,-1.47248e-17,2.08167e-17,2.08167e-17,3.85976e-17,0,-0.503613,0.810726,0.523599,0,0,2.20556,0.0536032,3.27249,0,-0.392699,4.17615,0.0846803,3.14159,0,0.523599,0,0,0,0.106849,-0.0242994,-0.542935,0.504282,-0.0193267,2.20486,3.25206,-0.413129,4.17586,3.12867,0.510724,0.0211917,-2.21442,0.829881,0,-0.116216,0,0,0,0,0.0527781,0.013603,1.00034,0.0786569,-2.43461,-9.63889,-13.5364,161.612,48.3972,14.6023,43.4016,-267.886,0.52016,-23.3598,-90.6861,-0.130414,261.32,9.89173,261.309,67.9498,-165.58,67.7754,-165.653,-68.002,-125.119,-68.9229,-124.585,-554.866,-1.03483,328.198,-135.651,234.434,137.963,5.13064,-41.5028,17.1327,-41.5008,-28.3989,26.5222,4.60106,26.5356,-9.61374,20.1596,-2.4764,20.0632
2.12,-6.06638,-2.00184,0.129074,0.455334,-0.00315619,1.2654,-0.521627,-0.524713,0.52558,0.000587382,0.00197634,-2.59473,2.22605,-3.27325,3.27325,0.392711,-0.391935,-4.32583,4.19706,-3.14986,3.14986,-0.523832,0.531925,-3.01639,-2.00403,-7.3703,-0.4036,-7.34474,-3.66393,-4.46639,-2.00689,-6.862,-0.613685,-6.87075,-3.38495,-0.00110956,0.391935,-0.531925,0.107302,-0.00646579,0.3821,-0.0248684,1.39507,-0.54334,-5.16797,0.503868,-0.0564083,-0.0197359,0.580003,2.20434,0.401002,3.25154,-0.0533875,-0.413647,0.324973,4.17535,0.611188,3.12815,-0.0686184,0.510212,-0.054139,1.01185,0.558377,-1.27956,1.53565,24.5738,18.6525,-45.2467,36.6843,-56.9456,-14.0705,34.3776,-36.7313,8.24609,-10.5519,-0.00795751,0.0194789,-2.06019,10.762,-22.8748,17.1252,0,4.4574,-3.24106,6.18035,-5.78282,1.9755,0.262949,0.00295922,-0.00148796,-0.612123,14.0006,-36.482,19.4395,31.8003,-2.15676,10.1241,-4.82591,-15.6724,5.82217,1.33031,-0.0668061,0.0234697,0.0742975,1.94098,-1.93178,0.150912,0.0126323,0.166467,0.226447,8.03808,2.75186,-0.494628,3.01932,-12.9133,-0.0764896,-0.594853,-4.0207,0.278126,0.0763212,0.226888,-6.0666,-1.99538,-0.00646579,0,1975,0,1.38778e-17,3.44776e-17,0.000943924,-1.04083e-17,-1.73472e-17,-1.94208e-17,6.93889e-18,6.93889e-18,-3.90313e-18,0,-0.503169,0.831116,0.523599,0,0,2.20508,0.0560045,3.27249,0,-0.392699,4.17566,0.0875516,3.14159,0,0.523599,0,0,0,0.106857,-0.0248684,-0.54334,0.503868,-0.0197359,2.20434,3.25154,-0.413647,4.17535,3.12815,0.510212,0.0217122,-2.24504,0.834015,0,-0.115875,0,0,0,0,0.0529123,0.0136481,1.00034,0.0716866,-2.45257,-9.79373,-13.6777,163.855,49.3216,15.8552,43.5184,-281.617,0.492891,-23.8964,-92.9974,-0.0505685,263.393,10.3324,263.381,68.3394,-166.308,68.16,-166.383,-68.3844,-125.096,-69.3526,-124.535,-558.728,-1.10424,330.084,-136.43,235.718,138.722,5.22865,-41.8371,17.3705,-41.835,-29.8546,26.6345,4.61343,26.6484,-9.85877,20.1433,-2.53329,20.0418
2.16,-6.05629,-2.00162,0.12958,0.462012,-0.00320159,1.27435,-0.521514,-0.524756,0.525704,0.000587981,0.00209484,-2.61537,2.22606,-3.27325,3.27325,0.392731,-0.391932,-4.32887,4.19707,-3.14987,3.14987,-0.523827,0.531933,-3.00631,-2.0037,-7.36015,-0.403341,-7.33472,-3.66367,-4.4563,-2.00674,-6.85185,-0.613425,-6.86073,-3.38469,-0.00114749,0.391932,-0.531933,0.107263,-0.0064634,0.391486,-0.0254578,1.44407,-0.54377,-5.28714,0.503448,-0.0566705,-0.0201613,0.595235,2.2038,0.418773,3.251,-0.0535309,-0.414188,0.338328,4.17482,0.632061,3.12762,-0.0688897,0.509677,-0.0542817,1.01184,0.571556,-1.28016,1.54549,26.7555,19.0259,-46.4486,38.1641,-60.0894,-14.4408,35.5128,-38.2147,8.34412,-10.9256,-0.00832313,0.020506,-2.08463,10.93,-22.7648,17.3046,0,4.32235,-3.25633,6.11132,-5.86306,1.93375,0.267702,0.00301843,-0.00155489,-0.599197,14.5194,-36.6367,19.5713,32.2898,-2.25787,10.198,-4.85986,-15.9133,5.86063,1.38137,-0.0672696,0.0236784,0.0755709,1.9538,-1.94452,0.150912,0.0126472,0.166964,0.223679,8.15478,2.81493,-0.516002,3.08928,-13.5751,-0.0759991,-0.599439,-4.11866,0.281427,0.0747086,0.228388,-6.05633,-1.99516,-0.0064634,0,2023,-2.77556e-17,-4.16334e-17,-4.11997e-18,0.000976818,1.04083e-17,6.93889e-18,1.0266e-17,3.81639e-17,3.1225e-17,3.33934e-17,0,-0.502718,0.851571,0.523599,0,0,2.20457,0.0583802,3.27249,0,-0.392699,4.17515,0.0903778,3.14159,0,0.523599,0,0,0,0.106818,-0.0254578,-0.54377,0.503448,-0.0201613,2.2038,3.251,-0.414188,4.17482,3.12762,0.509677,0.0222562,-2.27543,0.838005,0,-0.116966,0,0,0,0,0.0530527,0.0136953,1.00034,0.086248,-2.4021,-9.72321,-13.5102,165.972,50.5845,16.7774,44.2331,-295.788,0.477122,-24.061,-94.9772,-0.211918,255.636,10.4542,255.624,67.0315,-163.505,66.8504,-163.581,-67.1825,-124.326,-68.1678,-123.754,-546.85,-1.14557,323.734,-133.804,231.635,136.321,5.36252,-40.5613,17.5949,-40.5591,-31.3568,26.1932,4.6892,26.2072,-10.0686,20.0443,-2.55073,19.9413
2.2,-6.04651,-2.0014,0.130095,0.468538,-0.00324535,1.28296,-0.521404,-0.524783,0.525793,0.000580123,0.00219449,-2.63648,2.22606,-3.27326,3.27326,0.39275,-0.39193,-4.33181,4.19708,-3.14988,3.14988,-0.523822,0.531942,-2.99652,-2.00341,-7.3503,-0.403088,-7.32499,-3.66342,-4.44652,-2.00659,-6.84201,-0.61317,-6.851,-3.38444,-0.00118422,0.39193,-0.531942,0.107258,-0.0064644,0.400979,-0.0260122,1.49363,-0.544171,-5.40761,0.503026,-0.0569061,-0.0205723,0.611104,2.20329,0.436468,3.25049,-0.0536652,-0.414696,0.351941,4.17431,0.653124,3.12711,-0.0691533,0.509175,-0.0544166,1.01184,0.584911,-1.28076,1.55561,29.1018,19.4167,-47.7126,39.7282,-63.4179,-14.8286,36.7083,-39.7826,8.44301,-11.3092,-0.00865828,0.0214722,-2.10931,11.0988,-22.6529,17.4892,0,4.19135,-3.27281,6.04112,-5.94571,1.892,0.271943,0.00307527,-0.00162367,-0.586267,15.0542,-36.7927,19.7065,32.7882,-2.36439,10.2725,-4.8947,-16.1587,5.89942,1.43346,-0.0677359,0.0238911,0.0768672,1.96672,-1.95737,0.150912,0.0128774,0.16315,0.215482,8.26625,2.87699,-0.527618,3.15155,-14.2528,-0.0735183,-0.606396,-4.21021,0.284757,0.0730951,0.229899,-6.04672,-1.99494,-0.0064644,0,2068,2.77556e-17,5.55112e-17,1.12486e-16,0.00100482,-1.04083e-17,-1.38778e-17,-1.26716e-17,1.14492e-16,1.11022e-16,1.19696e-16,0,-0.502265,0.8723,0.523599,0,0,2.2041,0.0607435,3.27249,0,-0.392699,4.17467,0.0932303,3.14159,0,0.523599,0,0,0,0.106813,-0.0260122,-0.544171,0.503026,-0.0205723,2.20329,3.25049,-0.414696,4.17431,3.12711,0.509175,0.0227668,-2.30658,0.842113,0,-0.114797,0,0,0,0,0.0531846,0.0137396,1.00034,0.088083,-2.39789,-9.75678,-13.4826,168.091,51.6396,17.9936,44.6142,-310.335,0.447657,-24.4363,-97.0257,-0.0952088,254.383,10.6298,254.37,66.8949,-163.201,66.7161,-163.276,-67.096,-124.274,-68.0929,-123.696,-545.673,-1.19748,323.071,-133.529,231.303,136.128,5.47438,-40.348,17.8195,-40.3457,-32.899,26.1451,4.72961,26.159,-10.2858,20.0383,-2.59052,19.9339
2.24,-6.03563,-2.00116,0.130683,0.475318,-0.00329042,1.29172,-0.521293,-0.524827,0.525914,0.000571942,0.00231086,-2.65882,2.22606,-3.27326,3.27326,0.392769,-0.391927,-4.33476,4.19709,-3.14989,3.14989,-0.523816,0.531951,-2.98565,-2.00307,-7.33936,-0.40281,-7.31418,-3.66315,-4.43564,-2.00642,-6.83107,-0.612891,-6.84019,-3.38416,-0.00122328,0.391927,-0.531951,0.107193,-0.00647142,0.410266,-0.0266368,1.54364,-0.544639,-5.52725,0.502568,-0.0571653,-0.0210355,0.626037,2.20272,0.454088,3.24991,-0.0538171,-0.415273,0.36496,4.17374,0.673848,3.12655,-0.0694358,0.508605,-0.0545684,1.01183,0.598036,-1.28139,1.56571,31.605,19.8149,-49.0077,41.3434,-66.9107,-15.2236,37.9353,-41.4019,8.54192,-11.697,-0.00901383,0.0225007,-2.13396,11.2589,-22.5412,17.6744,0,4.06698,-3.28528,5.97098,-6.0288,1.85049,0.275725,0.0031314,-0.00169433,-0.573416,15.5753,-36.9462,19.8419,33.282,-2.46553,10.3456,-4.92957,-16.4017,5.93767,1.4853,-0.0682048,0.0241081,0.0781663,1.97947,-1.97004,0.150911,0.0146998,0.169505,0.21887,8.39032,2.94187,-0.558559,3.24346,-14.9832,-0.0737612,-0.606806,-4.30932,0.288087,0.071492,0.231391,-6.03584,-1.99469,-0.00647142,0,2119,-1.38778e-17,-2.77556e-17,-1.64257e-17,0.00103436,1.04083e-17,-3.46945e-18,-5.89535e-18,1.17961e-16,1.17961e-16,1.27719e-16,0,-0.501772,0.893075,0.523599,0,0,2.20357,0.0630735,3.27249,0,-0.392699,4.17413,0.0960039,3.14159,0,0.523599,0,0,0,0.106749,-0.0266368,-0.544639,0.502568,-0.0210355,2.20272,3.24991,-0.415273,4.17374,3.12655,0.508605,0.0233464,-2.33678,0.845947,0,-0.117227,0,0,0,0,0.0533343,0.0137899,1.00035,0.0716545,-2.47049,-10.1153,-13.8943,170.533,52.5135,19.6633,44.9024,-326.784,0.42095,-25.0424,-99.6039,0.0420467,263.502,11.3778,263.487,68.7375,-167.142,68.5506,-167.22,-68.8866,-125.859,-69.9589,-125.238,-562.326,-1.29946,331.97,-137.206,237.422,139.732,5.56702,-41.8222,18.0784,-41.8196,-34.6427,26.7659,4.76016,26.7804,-10.5591,20.2636,-2.65478,20.1511
2.28,-6.02567,-2.00093,0.131316,0.482024,-0.00333317,1.30023,-0.521192,-0.524868,0.526026,0.000555854,0.00241697,-2.68187,2.22606,-3.27326,3.27326,0.392788,-0.391924,-4.33763,4.1971,-3.1499,3.1499,-0.523811,0.53196,-2.97569,-2.00276,-7.32935,-0.402552,-7.30427,-3.66289,-4.42568,-2.00626,-6.82105,-0.612631,-6.83029,-3.3839,-0.00125868,0.391924,-0.53196,0.107247,-0.00648133,0.419943,-0.0272145,1.59381,-0.545073,-5.65007,0.502145,-0.0573905,-0.0214643,0.642862,2.20218,0.471445,3.24938,-0.0539565,-0.415805,0.379305,4.17322,0.694819,3.12602,-0.0697081,0.508078,-0.0547113,1.01184,0.611749,-1.28205,1.57646,34.3078,20.2448,-50.4136,43.0961,-70.6356,-15.6501,39.2684,-43.1587,8.64276,-12.1004,-0.00933367,0.0234594,-2.15911,11.4285,-22.4263,17.8705,0,3.94425,-3.30357,5.89866,-6.11654,1.8085,0.278818,0.00318394,-0.00176719,-0.560414,16.1508,-37.103,19.9856,33.7927,-2.58961,10.4203,-4.96654,-16.6532,5.9768,1.5385,-0.0686765,0.0243333,0.0795021,1.99251,-1.983,0.150912,0.0158221,0.16764,0.21283,8.50676,3.00765,-0.576267,3.32301,-15.735,-0.0717505,-0.611379,-4.40114,0.291477,0.0698689,0.232913,-6.02583,-1.99445,-0.00648133,0,2166,0,1.38778e-17,3.65918e-17,0.00105779,-1.04083e-17,-2.42861e-17,-2.48689e-17,5.55112e-17,5.20417e-17,4.29344e-17,0,-0.501316,0.914319,0.523599,0,0,2.20307,0.0653677,3.27249,0,-0.392699,4.17363,0.0988157,3.14159,0,0.523599,0,0,0,0.106802,-0.0272145,-0.545073,0.502145,-0.0214643,2.20218,3.24938,-0.415805,4.17322,3.12602,0.508078,0.0238813,-2.36838,0.850008,0,-0.115372,0,0,0,0,0.0534727,0.0138364,1.00035,0.0802756,-2.45343,-10.0853,-13.7797,172.66,53.7709,20.9388,45.729,-342.921,0.396698,-25.2548,-101.525,-0.160611,260.096,11.7274,260.081,68.3176,-166.287,68.1253,-166.367,-68.5287,-126.048,-69.6499,-125.398,-558.252,-1.34928,329.905,-136.352,236.265,139.055,5.70031,-41.2511,18.3039,-41.2484,-36.3534,26.6327,4.84779,26.6475,-10.7627,20.3083,-2.67729,20.1911
2.32,-6.01539,-2.0007,0.132061,0.488805,-0.00337972,1.30865,-0.521094,-0.524896,0.526103,0.000526265,0.0025044,-2.70565,2.22607,-3.27326,3.27326,0.392807,-0.391921,-4.34039,4.19711,-3.14991,3.14991,-0.523806,0.531969,-2.9654,-2.00248,-7.319,-0.402289,-7.29405,-3.66263,-4.4154,-2.00611,-6.8107,-0.612368,-6.82007,-3.38363,-0.00129794,0.391921,-0.531969,0.107334,-0.00650337,0.429508,-0.0278081,1.64465,-0.545522,-5.77309,0.501675,-0.057599,-0.021924,0.658603,2.20164,0.488936,3.24884,-0.0540988,-0.41635,0.392536,4.17268,0.715836,3.12548,-0.0699859,0.50754,-0.0548582,1.01187,0.625367,-1.28274,1.58734,37.2116,20.6888,-51.8732,44.9267,-74.5752,-16.0907,40.6548,-44.994,8.74388,-12.5108,-0.00961468,0.0243325,-2.18433,11.5897,-22.3108,18.0697,0,3.82707,-3.31712,5.82588,-6.2058,1.7662,0.281478,0.00323633,-0.00184285,-0.547314,16.6944,-37.2585,20.131,34.3039,-2.69698,10.4942,-5.004,-16.9049,6.0163,1.59239,-0.069149,0.0245629,0.0808471,2.00567,-1.99608,0.150914,0.0186124,0.169525,0.210378,8.62826,3.07343,-0.594534,3.41655,-16.5254,-0.0691238,-0.612767,-4.49088,0.294881,0.0682342,0.234452,-6.01561,-1.9942,-0.00650337,0,2214,0,1.38778e-17,-3.38271e-17,0.00107585,-1.04083e-17,-2.08167e-17,-1.34238e-17,-6.93889e-18,-1.04083e-17,-6.07153e-18,0,-0.500808,0.935817,0.523599,0,0,2.20257,0.0676696,3.27249,0,-0.392699,4.17312,0.101619,3.14159,0,0.523599,0,0,0,0.106888,-0.0278081,-0.545522,0.501675,-0.021924,2.20164,3.24884,-0.41635,4.17268,3.12548,0.50754,0.0244284,-2.39979,0.854065,0,-0.113247,0,0,0,0,0.0536143,0.013884,1.00035,0.0803807,-2.48281,-10.1962,-13.8493,174.911,54.837,22.392,46.5206,-360.086,0.353053,-25.5483,-103.571,-0.061956,262.764,12.016,262.748,69.1134,-168.166,68.9228,-168.245,-69.3696,-127.455,-70.5161,-126.791,-564.956,-1.41488,333.741,-137.936,239.138,140.748,5.81334,-41.6649,18.5425,-41.662,-38.1732,26.9324,4.9317,26.9472,-10.9797,20.5328,-2.70841,20.4128
2.36,-6.00505,-2.00047,0.132889,0.49567,-0.00342501,1.31699,-0.521003,-0.524939,0.526204,0.000500254,0.00260075,-2.73037,2.22607,-3.27327,3.27327,0.392826,-0.391919,-4.3431,4.19712,-3.14992,3.14992,-0.523801,0.531978,-2.95506,-2.00218,-7.30859,-0.402023,-7.28377,-3.66237,-4.40506,-2.00595,-6.8003,-0.6121,-6.80979,-3.38337,-0.00133486,0.391919,-0.531978,0.107522,-0.00652726,0.439121,-0.0284126,1.6955,-0.545991,-5.89697,0.501217,-0.0578143,-0.0223869,0.674565,2.20108,0.506006,3.24828,-0.0542438,-0.416906,0.40636,4.17213,0.736284,3.12493,-0.0702668,0.50699,-0.0550108,1.01191,0.639132,-1.28349,1.5986,40.3233,21.156,-53.4176,46.8669,-78.7402,-16.5543,42.1235,-46.9392,8.84573,-12.9305,-0.00991724,0.0252754,-2.20972,11.7505,-22.195,18.2749,0,3.71462,-3.33146,5.75265,-6.29761,1.72384,0.28344,0.00328721,-0.00192096,-0.534195,17.2656,-37.4119,20.2814,34.8134,-2.81984,10.5667,-5.04267,-17.1556,6.05555,1.64569,-0.069618,0.0247999,0.0821937,2.01875,-2.00908,0.150917,0.0207148,0.171622,0.208528,8.75144,3.14129,-0.617992,3.52248,-17.3576,-0.0677924,-0.613107,-4.58126,0.298305,0.0665968,0.235978,-6.0052,-1.99395,-0.00652726,0,2263,-1.38778e-17,-4.16334e-17,-2.20093e-17,0.00109485,-3.46945e-18,-3.46945e-17,-3.41253e-17,1.38778e-16,1.35308e-16,1.25334e-16,0,-0.500313,0.957485,0.523599,0,0,2.20206,0.0699015,3.27249,0,-0.392699,4.1726,0.104328,3.14159,0,0.523599,0,0,0,0.107073,-0.0284126,-0.545991,0.501217,-0.0223869,2.20108,3.24828,-0.416906,4.17213,3.12493,0.50699,0.0249876,-2.43088,0.858046,0,-0.112632,0,0,0,0,0.0537592,0.0139327,1.00035,0.0724798,-2.53475,-10.4099,-14.0623,177.238,55.8219,24.1782,47.2487,-378.416,0.320567,-25.9728,-105.788,0.00681651,268.643,12.631,268.625,70.4581,-171.161,70.2634,-171.242,-70.7065,-129.003,-71.9142,-128.304,-576.812,-1.50015,340.226,-140.615,243.721,143.449,5.91775,-42.6045,18.7892,-42.6014,-40.1163,27.4071,5.00889,27.4222,-11.2147,20.7662,-2.75341,20.6397
2.4,-5.99601,-2.00028,0.133785,0.502214,-0.0034641,1.32479,-0.520916,-0.524967,0.526281,0.000484645,0.00268275,-2.75479,2.22607,-3.27327,3.27327,0.392836,-0.391917,-4.3456,4.19712,-3.14993,3.14993,-0.523798,0.531986,-2.94603,-2.00193,-7.29951,-0.401796,-7.27479,-3.66214,-4.39602,-2.00582,-6.79121,-0.611873,-6.80081,-3.38314,-0.00136852,0.391917,-0.531986,0.107875,-0.00655859,0.44887,-0.0289317,1.74619,-0.546383,-6.02187,0.500814,-0.0580258,-0.0227849,0.691046,2.2006,0.522824,3.2478,-0.0543626,-0.417384,0.41998,4.17166,0.756876,3.12446,-0.0705224,0.506519,-0.0551464,1.01199,0.653142,-1.28424,1.61029,43.6546,21.65,-55.0588,48.9309,-83.1413,-17.0447,43.686,-49.0083,8.94789,-13.3595,-0.0102766,0.0263797,-2.2352,11.9123,-22.078,18.4875,0,3.60652,-3.34704,5.67843,-6.39259,1.68131,0.284802,0.00330068,-0.00198045,-0.521023,17.8362,-37.5651,20.4368,35.3299,-2.94016,10.6391,-5.0826,-17.41,6.09563,1.7,-0.0700563,0.0250315,0.0835231,2.03211,-2.02236,0.150923,0.0224055,0.163603,0.195121,8.86072,3.20858,-0.610303,3.611,-18.1914,-0.0623027,-0.617753,-4.65741,0.30174,0.0649529,0.237536,-5.99628,-1.99372,-0.00655859,0,2305,0,0,-6.39679e-18,0.00111835,-2.42861e-17,-3.1225e-17,-2.8501e-17,1.38778e-17,1.38778e-17,2.05998e-17,0,-0.499877,0.979196,0.523599,0,0,2.20162,0.0721096,3.27249,0,-0.392699,4.17215,0.107075,3.14159,0,0.523599,0,0,0,0.107422,-0.0289317,-0.546383,0.500814,-0.0227849,2.2006,3.2478,-0.417384,4.17166,3.12446,0.506519,0.0254676,-2.46298,0.862345,0,-0.105274,0,0,0,0,0.0538836,0.0139745,1.00035,0.0553416,-2.61793,-10.6382,-14.2924,179.374,56.8472,26.2748,47.5069,-396.336,0.257471,-26.5855,-107.872,0.0999651,279.005,13.6376,278.986,72.5838,-175.916,72.3796,-176.001,-72.7625,-130.816,-74.0769,-130.056,-595.836,-1.59848,350.491,-144.857,250.775,147.603,6.02645,-44.2787,19.0157,-44.2754,-42.0161,28.1607,5.03626,28.1765,-11.4356,21.0231,-2.81836,20.8855
2.44,-5.98635,-2.00006,0.134759,0.508801,-0.00350843,1.33247,-0.520834,-0.525008,0.526373,0.000461483,0.00276963,-2.77974,2.22607,-3.27327,3.27327,0.392856,-0.391914,-4.348,4.19713,-3.14994,3.14994,-0.523792,0.531995,-2.93636,-2.00166,-7.28978,-0.401548,-7.26518,-3.6619,-4.38636,-2.00567,-6.78148,-0.611623,-6.7912,-3.38289,-0.00140411,0.391914,-0.531995,0.108249,-0.0065927,0.458071,-0.0295025,1.79621,-0.546828,-6.14264,0.500379,-0.0582365,-0.0232244,0.705141,2.20008,0.539151,3.24728,-0.0544985,-0.417908,0.43198,4.17114,0.776346,3.12394,-0.070793,0.506001,-0.055295,1.01207,0.666469,-1.28503,1.62168,47.1251,22.1419,-56.7018,51.0092,-87.6616,-17.5329,45.2526,-51.0919,9.04743,-13.7814,-0.0106081,0.0274203,-2.26001,12.0577,-21.9652,18.6951,0,3.50782,-3.35567,5.60675,-6.48546,1.63981,0.285645,0.00335,-0.00206195,-0.508171,18.3503,-37.7093,20.5886,35.8205,-3.04019,10.7069,-5.12159,-17.6514,6.13423,1.75206,-0.0705016,0.0252698,0.0848279,2.04497,-2.03514,0.150929,0.0243421,0.164681,0.192033,8.9784,3.27614,-0.623762,3.73024,-19.0677,-0.0600199,-0.616294,-4.73742,0.305089,0.0633494,0.239039,-5.98653,-1.99347,-0.0065927,0,2351,1.38778e-17,0,6.44016e-17,0.00113834,-3.1225e-17,-2.42861e-17,-2.46792e-17,1.73472e-16,1.52656e-16,1.50054e-16,0,-0.499405,1.00041,0.523599,0,0,2.20114,0.0742311,3.27249,0,-0.392699,4.17166,0.109638,3.14159,0,0.523599,0,0,0,0.107791,-0.0295025,-0.546828,0.500379,-0.0232244,2.20008,3.24728,-0.417908,4.17114,3.12394,0.506001,0.025994,-2.49278,0.866293,0,-0.103642,0,0,0,0,0.0540202,0.0140204,1.00036,0.0551176,-2.64636,-10.7413,-14.3577,181.533,57.8595,27.8331,48.5945,-415.166,0.211551,-26.8081,-109.723,-0.0477804,281.448,14.2188,281.428,73.3464,-177.749,73.1353,-177.836,-73.5347,-132.092,-74.9288,-131.287,-602.237,-1.66798,354.141,-146.364,253.499,149.209,6.13375,-44.6551,19.2446,-44.6516,-44.0123,28.4541,5.15156,28.4703,-11.6319,21.2254,-2.84196,21.0799
2.48,-5.97633,-1.99988,0.136098,0.515896,-0.00359815,1.34039,-0.520734,-0.525046,0.526472,0.000376162,0.00286872,-2.80593,2.22608,-3.27327,3.27327,0.392876,-0.391913,-4.35029,4.19714,-3.14994,3.14994,-0.523787,0.532003,-2.92635,-2.00148,-7.27964,-0.401296,-7.25528,-3.66165,-4.37634,-2.00564,-6.77134,-0.61137,-6.78131,-3.38263,-0.00144289,0.391913,-0.532003,0.10869,-0.0066745,0.467252,-0.0301308,1.84923,-0.547267,-6.26663,0.499939,-0.058318,-0.0236639,0.719452,2.19954,0.554855,3.24674,-0.0546369,-0.418446,0.444835,4.17061,0.795168,3.12341,-0.0710646,0.505471,-0.0554486,1.01217,0.679868,-1.2859,1.63339,50.9725,22.6558,-58.4289,53.2146,-92.6069,-18.0427,46.9015,-53.3033,9.15075,-14.2225,-0.0106105,0.0276213,-2.28577,12.2022,-21.8528,18.9073,0,3.41413,-3.36566,5.53527,-6.58055,1.59857,0.285806,0.00339552,-0.00214416,-0.495398,18.9024,-37.8535,20.7469,36.3058,-3.16161,10.774,-5.16239,-17.8903,6.17192,1.80314,-0.0709463,0.0255197,0.0861235,2.05753,-2.04763,0.150937,0.033477,0.177363,0.197926,9.10703,3.35749,-0.654937,3.86797,-19.9849,-0.0573631,-0.612367,-4.8173,0.308563,0.0617555,0.240506,-5.97658,-1.99321,-0.0066745,0,2398,1.38778e-17,1.38778e-17,-9.48677e-18,0.00112258,-1.73472e-17,-6.93889e-18,-1.02186e-17,6.245e-17,6.93889e-17,5.33427e-17,0,-0.498927,1.02224,0.523599,0,0,2.20064,0.0762563,3.27249,0,-0.392699,4.17116,0.112095,3.14159,0,0.523599,0,0,0,0.108226,-0.0301308,-0.547267,0.499939,-0.0236639,2.19954,3.24674,-0.418446,4.17061,3.12341,0.505471,0.0265326,-2.522,0.870057,0,-0.100018,0,0,0,0,0.05416,0.0140674,1.00036,0.0450802,-2.78254,-11.094,-14.7083,183.873,59.1564,29.9199,49.7326,-435.778,0.159557,-27.1702,-111.738,0.0701304,297.096,15.0465,297.074,77.0084,-186.263,76.7957,-186.352,-77.2203,-137.52,-78.6855,-136.674,-633.593,-1.8176,371.813,-153.668,266.168,156.669,6.27124,-47.1583,19.4926,-47.1544,-46.1973,29.8103,5.27222,29.8268,-11.8455,22.0761,-2.88035,21.9229
2.52,-5.96631,-1.99968,0.137546,0.523114,-0.00366243,1.34828,-0.520654,-0.525094,0.526565,0.000345527,0.00295553,-2.83342,2.22608,-3.27327,3.27327,0.392886,-0.391911,-4.35254,4.19715,-3.14995,3.14995,-0.523784,0.532012,-2.91633,-2.00125,-7.26953,-0.401042,-7.24535,-3.6614,-4.36632,-2.00554,-6.76123,-0.611114,-6.77138,-3.38238,-0.00148373,0.391911,-0.532012,0.109489,-0.00673881,0.476905,-0.0307459,1.89731,-0.547738,-6.39079,0.499482,-0.0585303,-0.0241279,0.735617,2.19899,0.569507,3.24619,-0.0547731,-0.418995,0.458165,4.17007,0.813736,3.12287,-0.0713411,0.504929,-0.0556141,1.01235,0.694116,-1.2869,1.6463,54.9423,23.2239,-60.3536,55.6324,-97.6631,-18.6064,48.7401,-55.7278,9.25127,-14.6661,-0.0109674,0.0287693,-2.31082,12.3584,-21.739,19.1372,0,3.32126,-3.38272,5.46205,-6.68263,1.55638,0.284886,0.00340568,-0.00220895,-0.482329,19.4783,-37.9957,20.9193,36.8002,-3.29327,10.8396,-5.20658,-18.1336,6.21171,1.85483,-0.0713661,0.0257791,0.087421,2.07079,-2.06081,0.150951,0.0361969,0.180448,0.197229,9.23618,3.43331,-0.68729,4.02018,-20.9697,-0.0562334,-0.607161,-4.89578,0.311932,0.0601235,0.242047,-5.96642,-1.99294,-0.00673881,0,2446,0,2.77556e-17,8.08273e-17,0.00114121,-2.08167e-17,-6.93889e-18,-4.9399e-18,1.59595e-16,1.59595e-16,1.48753e-16,0,-0.498429,1.04423,0.523599,0,0,2.20014,0.0781264,3.27249,0,-0.392699,4.17066,0.114504,3.14159,0,0.523599,0,0,0,0.109015,-0.0307459,-0.547738,0.499482,-0.0241279,2.19899,3.24619,-0.418995,4.17007,3.12287,0.504929,0.0270835,-2.55164,0.87407,0,-0.0994271,0,0,0,0,0.0543032,0.0141154,1.00037,0.0391739,-2.84832,-11.2989,-14.912,186.183,60.2883,32.1408,51.2306,-457.613,0.122273,-27.4299,-113.664,0.0719754,304.016,15.799,303.993,78.7301,-190.219,78.5128,-190.31,-78.9386,-139.9,-80.4879,-139.005,-648.422,-1.91644,380.112,-157.097,272.106,160.168,6.39124,-48.256,19.7375,-48.2518,-48.5121,30.4397,5.43102,30.4564,-12.0497,22.4451,-2.90787,22.2834
2.56,-5.95613,-1.99946,0.139047,0.530357,-0.00372341,1.35601,-0.520502,-0.525121,0.526696,0.00035995,0.003097,-2.86212,2.22608,-3.27328,3.27328,0.392872,-0.391909,-4.35474,4.19715,-3.14996,3.14996,-0.523778,0.532021,-2.90615,-2.00093,-7.25927,-0.400778,-7.23525,-3.66114,-4.35614,-2.00542,-6.75097,-0.61085,-6.76128,-3.38211,-0.00152135,0.391909,-0.532021,0.110397,-0.00680117,0.486716,-0.0313585,1.9489,-0.548138,-6.51978,0.499061,-0.0588434,-0.0245381,0.751837,2.19844,0.584191,3.24564,-0.0548978,-0.419544,0.471289,4.16952,0.83247,3.12232,-0.0716271,0.504386,-0.0557828,1.01255,0.708697,-1.28795,1.65977,59.4033,23.8283,-62.4143,58.2438,-103.273,-19.2061,50.711,-58.3462,9.3566,-15.1356,-0.0116044,0.0306806,-2.33709,12.5143,-21.6222,19.3775,0,3.23195,-3.39884,5.38675,-6.78932,1.51336,0.283469,0.00333091,-0.00222092,-0.46899,20.0527,-38.1377,21.0982,37.3017,-3.42169,10.9051,-5.25245,-18.3807,6.25251,1.9077,-0.0718113,0.0260561,0.0887711,2.08439,-2.07432,0.150966,0.0375133,0.181096,0.193351,9.362,3.51773,-0.717397,4.18188,-22.0234,-0.0549765,-0.600824,-4.9715,0.315475,0.0584607,0.243634,-5.95628,-1.99266,-0.00680117,0,2494,0,0,-2.13588e-17,0.00118701,-1.38778e-17,-2.77556e-17,-2.82299e-17,1.80411e-16,1.59595e-16,1.47885e-16,0,-0.497971,1.06694,0.523599,0,0,2.19964,0.0799941,3.27249,0,-0.392699,4.17014,0.116923,3.14159,0,0.523599,0,0,0,0.109911,-0.0313585,-0.548138,0.499061,-0.0245381,2.19844,3.24564,-0.419544,4.16952,3.12232,0.504386,0.0276351,-2.58163,0.878186,0,-0.0990857,0,0,0,0,0.0544466,0.0141636,1.00037,0.0487807,-2.8485,-11.2731,-14.8025,188.365,61.7208,33.8608,53.4203,-480.434,0.0876208,-27.3508,-115.205,-0.105274,302.15,16.037,302.126,78.7651,-190.467,78.5583,-190.553,-79.0687,-141.032,-80.6484,-140.119,-648.156,-2.00735,380.281,-157.166,272.62,160.474,6.5431,-47.9243,19.9688,-47.92,-50.9314,30.4825,5.66315,30.4985,-12.213,22.6427,-2.89949,22.4782
2.6,-5.94581,-1.99924,0.140647,0.537698,-0.0037854,1.36366,-0.520355,-0.525168,0.526854,0.000385055,0.00324976,-2.89209,2.22609,-3.27328,3.27328,0.392297,-0.391901,-4.3569,4.19716,-3.14997,3.14997,-0.523772,0.53203,-2.89584,-2.00059,-7.24887,-0.400517,-7.22502,-3.66087,-4.34583,-2.0053,-6.74056,-0.610585,-6.75105,-3.38185,-0.00156306,0.391901,-0.53203,0.111346,-0.00687314,0.496594,-0.0319844,1.99797,-0.548554,-6.64703,0.498655,-0.0591964,-0.0249492,0.767903,2.19789,0.598959,3.24509,-0.0547738,-0.4201,0.485136,4.16896,0.850866,3.12177,-0.071917,0.503831,-0.0559561,1.01277,0.723467,-1.28905,1.67362,64.0618,24.4636,-64.5948,61.001,-109.069,-19.8367,52.7995,-61.1112,9.45979,-15.6044,-0.0123707,0.0329693,-2.3628,12.6682,-21.5026,19.6257,0,3.14733,-3.4133,5.30966,-6.89988,1.4698,0.28255,0.00135795,-0.000931384,-0.455277,20.6619,-38.2796,21.2827,37.8046,-3.56781,10.9701,-5.29969,-18.6282,6.29303,1.96038,-0.0722605,0.026343,0.0901334,2.09789,-2.08774,0.150983,0.0400061,0.183513,0.191231,9.49053,3.60408,-0.749301,4.36005,-23.1507,-0.0540393,-0.594001,-5.04841,0.318944,0.0567778,0.245211,-5.94594,-1.99237,-0.00687314,0,2543,0,-2.77556e-17,1.32273e-17,0.00124268,-2.42861e-17,-3.1225e-17,-3.16316e-17,2.01228e-16,2.01228e-16,1.9082e-16,0,-0.497528,1.08937,0.523599,0,0,2.19913,0.0818643,3.27249,0,-0.392699,4.16962,0.119285,3.14159,0,0.523599,0,0,0,0.110848,-0.0319844,-0.548554,0.498655,-0.0249492,2.19789,3.24509,-0.4201,4.16896,3.12177,0.503831,0.028199,-2.61152,0.882232,0,-0.0986372,0,0,0,0,0.0545934,0.0142129,1.00038,0.0498081,-2.89116,-11.3772,-14.8662,190.617,63.0119,35.9761,55.5273,-505.101,0.0552494,-27.4295,-116.94,-0.0376213,305.794,16.3869,305.769,79.7868,-193.221,79.7013,-193.257,-80.2817,-143.182,-81.8786,-142.259,-657.684,-2.13732,385.756,-159.425,276.767,162.919,6.67996,-48.4859,20.2076,-48.4814,-53.5463,30.9226,5.88652,30.9305,-12.3969,22.9881,-2.90783,22.8215
2.64,-5.9355,-1.99903,0.142361,0.545104,-0.00384535,1.37119,-0.520189,-0.525213,0.527029,0.000415914,0.0034202,-2.92332,2.22611,-3.27331,3.27331,0.39073,-0.391877,-4.35899,4.19717,-3.14998,3.14998,-0.523766,0.53204,-2.88552,-2.00022,-7.23847,-0.400268,-7.21478,-3.66062,-4.33551,-2.00518,-6.73016,-0.610323,-6.74082,-3.38158,-0.00160389,0.391877,-0.53204,0.112395,-0.00695334,0.506608,-0.0326091,2.04588,-0.548953,-6.77445,0.498266,-0.0595645,-0.0253435,0.784243,2.19735,0.613576,3.24454,-0.0542342,-0.420641,0.498702,4.16841,0.869434,3.12121,-0.0722104,0.503276,-0.0561326,1.01301,0.738547,-1.29021,1.68801,69.0248,25.138,-66.9251,63.9459,-115.178,-20.5063,55.0345,-64.0645,9.5625,-16.0796,-0.0132158,0.0355119,-2.38839,12.8224,-21.3803,19.8842,0,3.0672,-3.42791,5.23085,-7.01528,1.42572,0.282798,-0.00388759,0.00274495,-0.441054,21.2673,-38.4219,21.4741,38.3148,-3.70936,11.035,-5.34867,-18.8792,6.3345,2.01422,-0.0727117,0.0266396,0.0915182,2.1117,-2.10147,0.151001,0.0428583,0.185155,0.188102,9.61914,3.69366,-0.780597,4.54343,-24.3573,-0.0521839,-0.586172,-5.12265,0.322394,0.055074,0.246824,-5.93562,-1.99208,-0.00695334,0,2592,0,2.77556e-17,1.11673e-17,0.00130234,-1.38778e-17,-4.85723e-17,-4.74881e-17,-2.08167e-17,-2.08167e-17,-4.59702e-17,0,-0.497101,1.11184,0.523599,0,0,2.19864,0.083711,3.27249,0,-0.392699,4.16911,0.121661,3.14159,0,0.523599,0,0,0,0.111883,-0.0326091,-0.548953,0.498266,-0.0253435,2.19735,3.24454,-0.420641,4.16841,3.12121,0.503276,0.0287637,-2.64178,0.88639,0,-0.0969248,0,0,0,0,0.0547404,0.0142622,1.00038,0.0494801,-2.94447,-11.4907,-14.9421,192.837,64.5165,38.2891,57.6565,-531.505,0.0109523,-27.5014,-118.648,-0.0334826,310.714,16.9485,310.688,80.8854,-196.682,81.1176,-196.587,-81.7588,-145.647,-83.3981,-144.7,-669.615,-2.29023,392.56,-162.226,281.854,165.916,6.83948,-49.2531,20.4429,-49.2483,-56.3455,31.475,6.11223,31.462,-12.578,23.3808,-2.91545,23.2098
2.68,-5.92528,-1.99885,0.14438,0.552604,-0.00389255,1.37855,-0.520009,-0.525245,0.527191,0.000454431,0.00359103,-2.95668,2.22636,-3.27355,3.27355,0.345289,-0.391638,-4.36087,4.1972,-3.15,3.15,-0.52376,0.532049,-2.87531,-1.99987,-7.22824,-0.40017,-7.20464,-3.6604,-4.3253,-2.00508,-6.71989,-0.610106,-6.73067,-3.38137,-0.00164482,0.391638,-0.532049,0.113571,-0.00707019,0.516712,-0.0332103,2.09104,-0.549327,-6.90023,0.497873,-0.059951,-0.0257267,0.800997,2.19704,0.627663,3.24424,-0.0354212,-0.420956,0.512896,4.16788,0.887497,3.12068,-0.0725013,0.502731,-0.05631,1.01328,0.75388,-1.29141,1.70291,74.2169,25.8521,-69.4083,67.0732,-121.5,-21.2154,57.4194,-67.2008,9.66246,-16.5532,-0.0141646,0.0383814,-2.41331,12.9767,-21.2552,20.151,0,2.99202,-3.44556,5.15393,-7.13798,1.38135,0.35899,-0.152639,0.111019,-0.412636,21.904,-38.563,21.6722,38.8243,-3.86775,11.0987,-5.39919,-19.1294,6.37589,2.06756,-0.0731604,0.0269456,0.0929056,2.12549,-2.11517,0.151022,0.0504848,0.187485,0.184077,9.74812,3.78481,-0.834175,4.5933,-25.8613,-0.0469353,-0.576601,-5.19199,0.325753,0.0533573,0.248432,-5.92551,-1.99178,-0.00707019,0,2640,-1.38778e-17,-5.55112e-17,3.3285e-17,0.00136767,0,-1.04083e-17,-1.04083e-17,1.45717e-16,1.31839e-16,1.19262e-16,0,-0.496672,1.1341,0.523599,0,0,2.19836,0.0855449,3.27249,0,-0.392699,4.16861,0.123968,3.14159,0,0.523599,0,0,0,0.113043,-0.0332103,-0.549327,0.497873,-0.0257267,2.19704,3.24424,-0.420956,4.16788,3.12068,0.502731,0.0293177,-2.67204,0.890599,0,-0.0887319,0,0,0,0,0.0548848,0.0143107,1.00039,0.033963,-3.10341,-11.8193,-15.2839,195.068,65.7248,42.1408,56.8358,-543.737,-0.0685815,-27.8023,-120.553,0.162761,328.467,17.9985,328.438,77.376,-208.986,87.0412,-205.146,-85.8386,-151.042,-87.5685,-150.043,-704.994,-2.53166,412.394,-170.307,295.842,174.154,6.96756,-52.0948,20.6794,-52.0895,-57.6422,33.407,6.02524,32.8205,-12.78,24.213,-2.94736,24.0321
2.72,-5.91471,-1.99883,0.147721,0.560635,-0.003834,1.3859,-0.519837,-0.525296,0.527384,0.000472867,0.00377333,-3.00003,2.22807,-3.27527,3.27527,0.263091,-0.38993,-4.36177,4.19725,-3.15005,3.15005,-0.523758,0.532059,-2.86474,-1.99949,-7.21811,-0.401057,-7.19399,-3.66041,-4.31472,-2.00496,-6.70939,-0.610128,-6.72002,-3.38139,-0.00168613,0.38993,-0.532059,0.115034,-0.00735876,0.526832,-0.0337297,2.12414,-0.549733,-7.01549,0.497488,-0.0602926,-0.0261223,0.817389,2.19818,0.640258,3.24537,-0.00498448,-0.419825,0.526575,4.16735,0.90437,3.12016,-0.0727951,0.502163,-0.0565017,1.01363,0.76943,-1.29267,1.71841,79.0891,26.6102,-72.0607,70.3379,-127.372,-21.9686,59.9696,-70.4749,9.74931,-16.9842,-0.0150374,0.0410946,-2.43493,13.1262,-21.1252,20.4229,0,2.92016,-3.47745,5.0985,-7.28646,1.33537,0.492961,-0.401276,0.300808,-0.379006,22.5206,-38.6924,21.8732,39.3191,-4.02234,11.1559,-5.44971,-19.3715,6.41799,2.11903,-0.0735564,0.0272406,0.0942316,2.13953,-2.12912,0.15105,0.0835133,0.20078,0.183648,9.88266,3.87477,-1.08377,3.65553,-27.0372,-0.0226519,-0.540564,-5.23789,0.328656,0.0515674,0.250062,-5.915,-1.99147,-0.00735876,0,2690,0,0,1.30104e-18,0.00141914,-1.73472e-17,-3.1225e-17,-3.29597e-17,1.80411e-16,1.73472e-16,1.83447e-16,0,-0.496249,1.15467,0.523599,0,0,2.19939,0.0875934,3.27249,0,-0.392699,4.16812,0.126101,3.14159,0,0.523599,0,0,0,0.114485,-0.0337297,-0.549733,0.497488,-0.0261223,2.19818,3.24537,-0.419825,4.16735,3.12016,0.502163,0.0298956,-2.70107,0.894893,0,-0.0493648,0,0,0,0,0.0550356,0.0143613,1.0004,0.0536061,-3.39838,-11.7882,-15.0456,197.239,67.3298,49.1722,40.066,-542.709,-0.325951,-26.5686,-121.012,-0.277344,356.163,18.0117,356.133,68.7309,-231.376,94.6586,-221.959,-93.3583,-165.841,-95.086,-164.843,-765.846,-2.8898,449.081,-184.56,321.886,189.49,7.13771,-56.4738,20.9096,-56.4685,-57.5332,36.9519,4.24745,35.485,-12.8286,26.6132,-2.81657,26.4332
2.76,-5.90491,-1.99887,0.152177,0.568581,-0.00366212,1.39269,-0.519606,-0.525324,0.527585,0.000540789,0.00398972,-3.07298,2.23322,-3.28042,3.28042,-0.106703,-0.384844,-4.362,4.19753,-3.15033,3.15033,-0.523754,0.532056,-2.85493,-1.99894,-7.20959,-0.403802,-7.18401,-3.66048,-4.30492,-2.00473,-6.69983,-0.610309,-6.70998,-3.38157,-0.00172896,0.384844,-0.532056,0.117872,-0.00769884,0.536447,-0.0341018,2.15227,-0.550045,-7.12786,0.497145,-0.0607504,-0.02645,0.804586,2.20278,0.662435,3.24998,0.116343,-0.415283,0.54902,4.16709,0.909945,3.11989,-0.0730253,0.501616,-0.0567206,1.01431,0.78494,-1.29429,1.73544,84.1303,27.4378,-74.9752,73.8462,-133.365,-22.7905,62.772,-73.9938,9.83079,-17.4046,-0.0163476,0.0450735,-2.45524,13.168,-20.9679,20.7259,0,2.83911,-3.44454,5.08239,-7.50944,1.26385,1.07231,-1.43032,1.11083,-0.338746,23.4852,-38.7843,22.0984,39.6673,-4.41419,11.1853,-5.50406,-19.5333,6.44962,2.14382,-0.0737544,0.0275337,0.0950704,2.15007,-2.1396,0.151102,0.111395,0.198646,0.169793,10.0018,3.95885,-1.82357,-0.00889683,-24.1341,-0.00571266,-0.517212,-5.30075,0.331344,0.048763,0.251253,-5.90514,-1.99117,-0.00769884,0,2737,1.38778e-17,0,4.30428e-17,0.00150413,0,-4.16334e-17,-6.93889e-18,1.94289e-16,2.01228e-16,1.7911e-16,0,-0.495873,1.17464,0.523599,0,0,2.20363,0.092033,3.27249,0,-0.392699,4.16788,0.126767,3.14159,0,0.523599,0,0,0,0.117281,-0.0341018,-0.550045,0.497145,-0.02645,2.20278,3.24998,-0.415283,4.16709,3.11989,0.501616,0.0304397,-2.72124,0.898515,0,-0.0129143,0,0,0,0,0.0551776,0.0144089,1.00042,0.180791,-3.26875,-10.0959,-12.6512,199.044,70.2964,60.5162,-33.1453,-288.363,-0.325288,-23.1117,-118.965,-1.3888,318.752,13.693,318.73,-14.2568,-227.128,90.3407,-208.664,-88.2803,-170.186,-89.4508,-169.504,-712.732,-2.84362,425.808,-172.469,304.606,179.316,7.45221,-50.2804,21.1009,-50.2764,-30.5697,36.3219,-3.51377,33.3389,-12.6116,27.5569,-2.4501,27.4353
2.8,-5.89937,-1.99876,0.155376,0.574483,-0.00358586,1.39761,-0.519215,-0.525357,0.527967,0.000597659,0.00437593,-3.15611,2.23871,-3.28591,3.28591,-0.758542,-0.379341,-4.36206,4.19757,-3.15037,3.15037,-0.523754,0.532063,-2.84939,-1.99815,-7.20528,-0.406568,-7.17837,-3.66043,-4.29938,-2.0045,-6.69439,-0.610262,-6.70433,-3.38153,-0.00176624,0.379341,-0.532063,0.122089,-0.00776088,0.544539,-0.0343268,2.20049,-0.549956,-7.25323,0.497226,-0.0611202,-0.026365,0.690504,2.20797,0.738465,3.25517,0.341953,-0.410082,0.544596,4.16683,0.919725,3.11963,-0.0732497,0.501322,-0.0569129,1.01533,0.798927,-1.29624,1.75269,90.7139,28.2652,-77.9117,77.4764,-141.116,-23.6113,65.5947,-77.6346,9.9326,-17.8993,-0.0175864,0.0489051,-2.48062,12.8467,-20.7113,21.1332,0,2.75056,-3.06502,5.00686,-7.80671,1.11179,2.32232,-3.6728,3.01373,-0.559998,23.3209,-38.8418,22.3162,39.9583,-4.23625,11.203,-5.55786,-19.6754,6.49625,2.18015,-0.0739285,0.0278279,0.0958564,2.16561,-2.15506,0.151178,0.0799715,0.147559,0.122961,10.0528,4.05492,-2.07841,-5.02476,-6.93657,-0.00144115,-0.495771,-5.30168,0.334716,0.0428559,0.253029,-5.89968,-1.99101,-0.00776088,0,2763,-1.38778e-17,-5.55112e-17,3.08998e-17,0.00158247,2.77556e-17,-3.81639e-17,3.81639e-17,-7.63278e-17,-6.245e-17,-6.80879e-17,0,-0.495961,1.19495,0.523599,0,0,2.20848,0.104403,3.27249,0,-0.392699,4.16763,0.128015,3.14159,0,0.523599,0,0,0,0.121436,-0.0343268,-0.549956,0.497226,-0.026365,2.20797,3.25517,-0.410082,4.16683,3.11963,0.501322,0.030741,-2.73859,0.904204,0,-0.0186442,0,0,0,0,0.0552563,0.0144353,1.00043,0.439284,-2.02984,-5.99502,-7.33017,200.158,75.8468,54.4963,-144.402,337.335,-0.263686,-17.044,-113.207,-1.59022,151.027,5.55063,151.018,-88.8157,-120.043,57.9404,-136.437,-57.353,-142.025,-57.5338,-141.903,-424.612,-1.85809,269.854,-107.577,198.098,116.619,8.04062,-22.9914,21.219,-22.9899,35.7613,19.5189,-15.3082,21.8912,-12.0012,23.536,-1.80685,23.516
2.84,-5.89835,-1.99866,0.156869,0.577799,-0.00356997,1.40045,-0.519079,-0.525362,0.528103,0.000597659,0.00451217,-3.18975,2.23947,-3.28666,3.28666,-0.758542,-0.378587,-4.36245,4.19757,-3.15037,3.15037,-0.523754,0.532065,-2.84837,-1.99783,-7.20444,-0.406866,-7.17733,-3.66034,-4.29836,-2.00437,-6.69339,-0.610175,-6.70329,-3.38144,-0.00177138,0.378587,-0.532065,0.125278,-0.00769258,0.550774,-0.0343689,2.22055,-0.549877,-7.33173,0.497304,-0.0611821,-0.0262867,0.526449,2.20867,0.847621,3.25586,0.277114,-0.409386,0.550214,4.16677,0.923758,3.11957,-0.0733471,0.501266,-0.0570152,1.01611,0.809663,-1.29764,1.76584,94.8335,28.9097,-80.212,80.2201,-145.913,-24.2509,67.8066,-80.3843,9.99013,-18.2007,-0.0180631,0.0505529,-2.49498,12.3236,-20.4076,21.5564,0,2.70636,-2.51265,4.82206,-8.04452,0.930776,2.12788,-3.57118,3.11813,-0.468912,23.5625,-38.8794,22.4828,40.1447,-4.30208,11.2142,-5.59931,-19.7671,6.52418,2.19877,-0.0740175,0.0280425,0.0963298,2.17492,-2.16432,0.151236,0.0373329,0.082906,0.0711302,10.0688,4.10054,-0.840832,-6.90699,-7.86478,-0.00981491,-0.505593,-5.30114,0.336693,0.0358786,0.254147,-5.89863,-1.99098,-0.00769258,0,2768,-1.38778e-17,0,1.94072e-17,0.00159528,3.46945e-18,-4.16334e-17,2.42861e-17,1.31839e-16,1.249e-16,1.35308e-16,0,-0.496047,1.20754,0.523599,0,0,2.20913,0.120117,3.27249,0,-0.392699,4.16758,0.128552,3.14159,0,0.523599,0,0,0,0.124577,-0.0343689,-0.549877,0.497304,-0.0262867,2.20867,3.25586,-0.409386,4.16677,3.11957,0.501266,0.0307989,-2.75084,0.907921,0,-0.0363884,0,0,0,0,0.0552714,0.0144404,1.00043,0.486306,-1.44574,-4.67894,-5.82929,200.783,77.6093,30.5125,-175.597,375.654,-0.113907,-16.2223,-112.234,-0.305755,84.2502,3.21121,84.2449,-65.5903,-92.5517,42.4904,-103.947,-43.5068,-122.438,-43.3115,-122.531,-300.992,-1.35813,199.05,-79.1771,149.953,88.2762,8.22746,-12.2121,21.2852,-12.2111,39.8236,15.1114,-18.6152,16.7385,-11.8981,20.4915,-1.71975,20.5076
2.88,-5.89558,-1.99851,0.157375,0.579887,-0.00353012,1.40216,-0.518566,-0.525384,0.528621,0.000616551,0.00502771,-3.2352,2.24244,-3.28964,3.28964,-0.95469,-0.375593,-4.36287,4.19747,-3.15028,3.15028,-0.523752,0.532077,-2.84561,-1.99687,-7.20234,-0.408282,-7.17448,-3.66026,-4.29559,-2.00416,-6.69068,-0.610053,-6.70047,-3.38132,-0.00179077,0.375593,-0.532077,0.126642,-0.0076239,0.554706,-0.0344798,2.25745,-0.549516,-7.40169,0.497672,-0.0613556,-0.0259219,0.485811,2.21149,0.878677,3.25869,0.36169,-0.406543,0.546902,4.16653,0.931628,3.11933,-0.0734815,0.501127,-0.0570936,1.01645,0.816205,-1.29837,1.77334,99.0576,29.2803,-81.5544,82.0331,-150.87,-24.6192,69.1,-82.2029,10.0544,-18.4957,-0.0186101,0.052282,-2.511,12.2156,-20.2997,21.7504,0,2.69363,-2.4097,4.8006,-8.19736,0.868987,2.72066,-4.74555,4.24933,-0.691219,23.4332,-38.9122,22.5713,40.3235,-4.17408,11.2303,-5.62183,-19.8584,6.54802,2.22382,-0.0741991,0.0281873,0.0969129,2.18287,-2.17221,0.151261,0.0126534,0.0521835,0.0428005,10.0645,4.17809,-1.13645,-11.0128,-1.86865,-0.0104809,-0.491755,-5.296,0.33893,0.0334894,0.255132,-5.89591,-1.99089,-0.0076239,0,2781,1.38778e-17,2.77556e-17,-1.60462e-17,0.00163182,-2.08167e-17,-4.16334e-17,-8.67362e-18,1.45717e-16,1.31839e-16,1.40513e-16,0,-0.496451,1.21742,0.523599,0,0,2.21182,0.125715,3.27249,0,-0.392699,4.16735,0.129541,3.14159,0,0.523599,0,0,0,0.125919,-0.0344798,-0.549516,0.497672,-0.0259219,2.21149,3.25869,-0.406543,4.16653,3.11933,0.501127,0.0309497,-2.76128,0.910489,0,-0.0473834,0,0,0,0,0.0553108,0.0144536,1.00042,0.61952,-0.675307,-2.48042,-2.98055,201.274,81.453,28.9645,-265.529,-24.9433,-0.0972825,-13.1025,-109.294,-0.378819,-12.0532,1.17194,-12.055,-44.9906,-49.1734,18.0704,-63.0216,-26.2852,-105.849,-25.8332,-106.084,-138.484,-0.696266,108.985,-42.974,90.6849,53.3871,8.63493,3.48452,21.3373,3.48484,-2.64427,8.08491,-28.1491,10.2184,-11.5864,18.0894,-1.38901,18.1317
2.92,-5.89381,-1.99838,0.157249,0.580984,-0.00347598,1.40301,-0.518096,-0.525391,0.529078,0.000629879,0.00549105,-3.27097,2.24454,-3.29174,3.29174,-0.954107,-0.373476,-4.36336,4.19737,-3.15017,3.15017,-0.523751,0.532068,-2.84384,-1.99598,-7.20107,-0.40929,-7.17262,-3.66022,-4.29382,-2.00394,-6.68899,-0.609969,-6.69863,-3.38123,-0.00180349,0.373476,-0.532068,0.12705,-0.00755192,0.557792,-0.03453,2.26965,-0.54915,-7.43645,0.498024,-0.0614661,-0.025563,0.405264,2.21349,0.93668,3.26068,0.317,-0.40453,0.552752,4.16631,0.93615,3.11912,-0.0735243,0.501014,-0.0571331,1.01655,0.820981,-1.29867,1.77814,100.96,29.5013,-82.3821,83.1213,-153.114,-24.8395,69.8965,-83.2946,10.0837,-18.6382,-0.0189649,0.0534143,-2.51831,11.9442,-20.1389,21.9577,0,2.70087,-2.18176,4.73264,-8.35146,0.777315,2.56046,-4.66421,4.31486,-0.617604,23.6842,-38.9348,22.6237,40.4563,-4.25822,11.2441,-5.63539,-19.9276,6.55954,2.23814,-0.0741776,0.0282147,0.0971441,2.18671,-2.17605,0.151268,-0.0031555,0.0274436,0.0211266,10.0516,4.23416,-0.894195,-15.1974,-1.67025,-0.0123858,-0.481284,-5.29841,0.339956,0.0299506,0.255611,-5.89402,-1.99083,-0.00755192,0,2790,0,-2.77556e-17,-3.51282e-17,0.00165447,3.46945e-18,-6.93889e-18,-1.73472e-18,1.38778e-17,1.38778e-17,7.37257e-18,0,-0.496837,1.22156,0.523599,0,0,2.21372,0.134923,3.27249,0,-0.392699,4.16716,0.130078,3.14159,0,0.523599,0,0,0,0.126321,-0.03453,-0.54915,0.498024,-0.025563,2.21349,3.26068,-0.40453,4.16631,3.11912,0.501014,0.0310541,-2.76894,0.911447,0,-0.0539295,0,0,0,0,0.0553381,0.0144627,1.00042,0.62857,-0.481546,-2.09884,-2.53287,201.327,82.8969,24.578,-356.272,-21.5962,-0.0691123,-12.7466,-109.205,-0.0463144,-33.8086,0.727012,-33.8099,-37.4393,-36.809,17.8555,-48.7073,-21.5623,-98.567,-21.0405,-98.8404,-97.3685,-0.534661,85.1406,-33.3639,74.3088,43.7455,8.788,6.9883,21.343,6.98853,-2.28944,6.09122,-37.7688,7.91876,-11.577,16.9427,-1.35128,16.9914
2.96,-5.89138,-1.9983,0.157187,0.581596,-0.00333375,1.4033,-0.517545,-0.525388,0.52962,0.000644264,0.00603782,-3.30328,2.24683,-3.29403,3.29403,-0.953902,-0.37119,-4.36374,4.1974,-3.15021,3.15021,-0.523752,0.532057,-2.84141,-1.99488,-7.19929,-0.410488,-7.17,-3.66022,-4.29138,-2.00363,-6.68675,-0.61,-6.69599,-3.38127,-0.00180527,0.37119,-0.532057,0.12678,-0.00754547,0.560058,-0.0345271,2.27,-0.548738,-7.45025,0.498427,-0.0615495,-0.0251555,0.343845,2.21564,0.983127,3.26284,0.282773,-0.402383,0.563444,4.16621,0.938018,3.11901,-0.0735427,0.500864,-0.0571632,1.01648,0.824183,-1.29865,1.78072,101.495,29.6008,-82.7854,83.6596,-153.773,-24.9391,70.2825,-83.8342,10.094,-18.6925,-0.01916,0.0540445,-2.52089,11.7295,-20.0141,22.1099,0,2.71826,-2.02119,4.69113,-8.48118,0.706827,2.42854,-4.60158,4.36557,-0.561578,24.1437,-38.957,22.6512,40.5608,-4.46264,11.2552,-5.64161,-19.9778,6.56262,2.24429,-0.0741209,0.0282001,0.0972532,2.18773,-2.17708,0.151263,-0.00155473,0.0152979,0.00729566,10.0318,4.28569,-0.807727,-20.0564,-1.352,-0.0094021,-0.475696,-5.31961,0.340332,0.0272273,0.255752,-5.89151,-1.99075,-0.00754547,0,2802,1.38778e-17,2.77556e-17,6.72205e-17,0.00166731,-6.93889e-18,-5.55112e-17,1.04083e-17,-3.46945e-17,-5.55112e-17,-7.50268e-17,0,-0.497278,1.22203,0.523599,0,0,2.2158,0.142657,3.27249,0,-0.392699,4.16706,0.130292,3.14159,0,0.523599,0,0,0,0.126056,-0.0345271,-0.548738,0.498427,-0.0251555,2.21564,3.26284,-0.402383,4.16621,3.11901,0.500864,0.0311933,-2.77494,0.911557,0,-0.0459412,0,0,0,0,0.0553745,0.0144749,1.00042,0.558903,-0.775798,-2.96888,-3.65216,201.05,82.9311,28.9462,-476.959,-3.3958,-0.08033,-13.9894,-111.135,0.225141,2.33872,1.35646,2.33616,-50.6747,-43.6417,24.0026,-62.1263,-26.9772,-101.009,-26.536,-101.238,-153.277,-0.925471,115.6,-44.9952,92.8777,54.6756,8.79163,1.04794,21.3136,1.0484,-0.359993,7.13335,-50.563,10.0338,-11.7816,17.2019,-1.48303,17.2418
3,-5.88833,-1.9982,0.157195,0.582085,-0.00320397,1.40339,-0.516948,-0.525383,0.530211,0.000651663,0.00663123,-3.33814,2.24955,-3.29674,3.29674,-0.95387,-0.36848,-4.36393,4.19743,-3.15023,3.15023,-0.523753,0.532058,-2.83836,-1.99371,-7.19696,-0.411882,-7.16678,-3.66022,-4.28834,-2.00333,-6.68389,-0.610005,-6.69277,-3.38127,-0.00180338,0.36848,-0.532058,0.126552,-0.00754255,0.561352,-0.0345598,2.27068,-0.548304,-7.45757,0.498855,-0.0616102,-0.0247246,0.280218,2.21819,1.02791,3.26539,0.250149,-0.399835,0.565006,4.16607,0.941169,3.11887,-0.0736014,0.500702,-0.0572006,1.01643,0.826012,-1.29864,1.78215,101.722,29.6223,-82.9177,83.877,-154.08,-24.9606,70.4048,-84.0518,10.101,-18.724,-0.0192168,0.0542524,-2.52265,11.4994,-19.9073,22.2404,0,2.74069,-1.87264,4.66745,-8.60928,0.639461,2.28969,-4.54644,4.4105,-0.50833,24.217,-38.9725,22.664,40.6442,-4.47352,11.2632,-5.6442,-20.0181,6.56846,2.25343,-0.0741559,0.0282082,0.0974538,2.18968,-2.17902,0.151259,0.000218582,0.0122212,0.00211412,10.0123,4.34083,-0.871358,-26.5139,-0.87873,-0.00484033,-0.462408,-5.33332,0.340568,0.0246219,0.255978,-5.88858,-1.99066,-0.00754255,0,2816,-1.38778e-17,-2.77556e-17,6.50521e-18,0.00167222,-2.08167e-17,-1.38778e-17,-1.56125e-17,1.73472e-16,1.66533e-16,1.661e-16,0,-0.497746,1.22132,0.523599,0,0,2.21828,0.15046,3.27249,0,-0.392699,4.16693,0.130669,3.14159,0,0.523599,0,0,0,0.125831,-0.0345598,-0.548304,0.498855,-0.0247246,2.21819,3.26539,-0.399835,4.16607,3.11887,0.500702,0.0313558,-2.77925,0.911945,0,-0.0405664,0,0,0,0,0.055417,0.0144892,1.00042,0.531248,-0.902835,-3.33347,-4.08951,200.781,83.664,32.815,-644.387,13.0407,-0.167616,-14.3013,-112.103,0.0793757,16.3074,1.96469,16.3039,-55.7247,-45.7228,26.2325,-66.9643,-28.9672,-101.703,-28.6139,-101.882,-174.837,-1.1594,127.538,-49.2442,99.7677,58.7317,8.86932,-1.24808,21.2851,-1.24744,1.38246,7.43291,-68.3123,10.7871,-11.8842,17.2599,-1.5161,17.2911
3.04,-5.88532,-1.99811,0.157263,0.582522,-0.00307627,1.40336,-0.516349,-0.52539,0.530818,0.000666971,0.00723476,-3.3695,2.25197,-3.29916,3.29916,-0.953811,-0.366073,-4.36412,4.19749,-3.1503,3.1503,-0.523755,0.532073,-2.83536,-1.99254,-7.19461,-0.413119,-7.1636,-3.66022,-4.28533,-2.00303,-6.68106,-0.610011,-6.68958,-3.38128,-0.00180597,0.366073,-0.532073,0.126396,-0.00754216,0.562333,-0.0345946,2.26678,-0.547867,-7.45839,0.4993,-0.0616983,-0.0242836,0.203824,2.22045,1.0799,3.26764,0.213214,-0.397592,0.570176,4.16598,0.941322,3.11878,-0.073675,0.500555,-0.0572402,1.01639,0.827421,-1.29865,1.7833,101.503,29.6157,-82.9556,83.9494,-153.869,-24.9539,70.4348,-84.1246,10.1018,-18.7274,-0.0193508,0.0546686,-2.52283,11.2165,-19.791,22.3813,0,2.77232,-1.70011,4.63222,-8.73998,0.562871,2.11917,-4.48814,4.46115,-0.447616,24.4398,-38.98,22.6753,40.6866,-4.57689,11.2657,-5.64613,-20.0366,6.56945,2.25483,-0.0742873,0.0282613,0.0977071,2.19001,-2.17934,0.151256,0.00169891,0.0109318,-0.000583851,9.99201,4.39489,-0.784184,-34.4836,-0.315269,-0.00459013,-0.4535,-5.35305,0.34059,0.0216644,0.256014,-5.88564,-1.99057,-0.00754216,0,2830,0,0,-1.0842e-17,0.00168451,1.73472e-17,-2.08167e-17,1.04083e-17,1.8735e-16,2.01228e-16,2.17274e-16,0,-0.498231,1.21948,0.523599,0,0,2.22049,0.159298,3.27249,0,-0.392699,4.16684,0.130648,3.14159,0,0.523599,0,0,0,0.125677,-0.0345946,-0.547867,0.4993,-0.0242836,2.22045,3.26764,-0.397592,4.16598,3.11878,0.500555,0.0315184,-2.78092,0.911786,0,-0.0393704,0,0,0,0,0.0554595,0.0145034,1.00042,0.584845,-0.702348,-2.55743,-3.05519,200.512,85.642,27.6166,-786.036,22.0295,-0.100453,-12.9236,-111.163,-0.207307,-10.4914,1.41237,-10.4938,-46.0868,-39.2358,20.2322,-56.8063,-24.901,-100.126,-24.4787,-100.342,-133.506,-0.965901,105.412,-40.4099,85.8556,50.5436,9.07901,3.15712,21.2565,3.15754,2.33537,6.40487,-83.3287,9.16611,-11.7846,17.1109,-1.37005,17.1494
3.08,-5.88349,-1.998,0.156997,0.582283,-0.00290998,1.40274,-0.515666,-0.525383,0.53148,0.000682115,0.00790663,-3.37704,2.25234,-3.29954,3.29954,-0.953759,-0.365697,-4.36421,4.19752,-3.15033,3.15033,-0.523757,0.532072,-2.83354,-1.99119,-7.19308,-0.413335,-7.16155,-3.66023,-4.2835,-2.00265,-6.67946,-0.610033,-6.68752,-3.3813,-0.00180966,0.365697,-0.532072,0.126358,-0.00748888,0.563217,-0.0345329,2.26187,-0.547289,-7.45732,0.499857,-0.0617726,-0.0237163,0.128622,2.22071,1.13094,3.26791,0.178581,-0.39732,0.570607,4.1659,0.943102,3.1187,-0.0737075,0.500449,-0.0572673,1.01638,0.828686,-1.29861,1.78434,101.148,29.5932,-82.9421,83.9568,-153.503,-24.9318,70.4143,-84.1324,10.1009,-18.7231,-0.0194805,0.0550678,-2.52261,10.9294,-19.6721,22.5101,0,2.80865,-1.52132,4.56147,-8.82436,0.490492,1.94637,-4.43653,4.51185,-0.390033,24.4589,-38.9837,22.6807,40.7373,-4.5716,11.2678,-5.64656,-20.0606,6.5741,2.26038,-0.0742633,0.028245,0.0977878,2.19157,-2.18088,0.151255,-0.00666497,-0.00598642,-0.0156151,9.94937,4.4476,-0.188503,-40.1583,0.100655,-0.00227042,-0.444197,-5.36066,0.340555,0.0188772,0.256192,-5.88376,-1.99051,-0.00748888,0,2839,0,0,1.60462e-17,0.00169717,2.08167e-17,-6.93889e-18,2.94903e-17,2.08167e-17,0,-4.77049e-18,0,-0.498837,1.21683,0.523599,0,0,2.22075,0.166981,3.27249,0,-0.392699,4.16677,0.130862,3.14159,0,0.523599,0,0,0,0.12564,-0.0345329,-0.547289,0.499857,-0.0237163,2.22071,3.26791,-0.39732,4.1659,3.1187,0.500449,0.0316229,-2.78354,0.912201,0,-0.0388435,0,0,0,0,0.0554868,0.0145126,1.00042,0.700521,-0.155663,-0.733496,-0.727784,199.936,88.6869,7.8433,-191.788,17.5592,-0.038695,-10.1484,-108.609,-0.128848,-77.0725,0.267663,-77.073,-20.97,-23.6123,-1.54497,-30.7365,-14.5312,-93.6379,-13.9096,-93.9618,-28.734,-0.227194,47.8123,-18.3083,50.1104,29.5002,9.4018,14.0818,21.1955,14.0818,1.86148,3.94887,-20.3317,5.01654,-11.5138,16.2923,-1.07585,16.3504
3.12,-5.8833,-1.99775,0.155245,0.580854,-0.00286704,1.40127,-0.514858,-0.525391,0.532303,0.000699388,0.00872281,-3.35684,2.25014,-3.29734,3.29734,-0.953757,-0.367846,-4.36475,4.19733,-3.15013,3.15013,-0.523758,0.532061,-2.83335,-1.98968,-7.19253,-0.412036,-7.16125,-3.66008,-4.2833,-2.00233,-6.67932,-0.609817,-6.68727,-3.38109,-0.0018104,0.367846,-0.532061,0.126074,-0.00724544,0.563183,-0.0345016,2.27384,-0.546492,-7.46426,0.500669,-0.0618304,-0.0229117,0.101681,2.21851,1.14909,3.2657,0.168688,-0.39948,0.563611,4.1657,0.947251,3.1185,-0.0737015,0.500426,-0.0572622,1.01629,0.828456,-1.29846,1.78378,101.601,29.4755,-82.5963,83.7034,-154.11,-24.8147,70.072,-83.8786,10.1158,-18.7687,-0.0195343,0.0552111,-2.52633,10.815,-19.6218,22.5272,0,2.82262,-1.43538,4.49433,-8.7946,0.469347,1.88489,-4.42381,4.52586,-0.373038,24.1556,-38.9741,22.6597,40.767,-4.40127,11.2707,-5.64212,-20.0819,6.58028,2.27078,-0.074131,0.0281587,0.0977185,2.19363,-2.18295,0.151247,-0.0437912,-0.0357247,-0.0367903,9.87674,4.51605,0.505185,-37.1823,-0.234936,-0.0135335,-0.436069,-5.35107,0.341072,0.0180705,0.256444,-5.88355,-1.9905,-0.00724544,0,2840,0,0,9.28077e-17,0.00171203,6.93889e-18,-2.08167e-17,1.47451e-17,1.17961e-16,1.04083e-16,1.12323e-16,0,-0.499719,1.21438,0.523599,0,0,2.21859,0.168379,3.27249,0,-0.392699,4.16659,0.131348,3.14159,0,0.523599,0,0,0,0.125362,-0.0345016,-0.546492,0.500669,-0.0229117,2.21851,3.2657,-0.39948,4.1657,3.1185,0.500426,0.0316345,-2.78462,0.91244,0,-0.0695048,0,0,0,0,0.0554899,0.0145136,1.0004,0.74775,0.406735,0.24927,0.443818,198.982,91.1551,-10.0507,-742.759,-10.1153,-0.0128153,-9.13087,-107.714,0.0217357,-137.469,-0.0559787,-137.469,6.3415,-3.76223,3.00547,1.77197,-2.63166,-77.7305,-1.96084,-78.0797,79.418,0.692766,-14.6456,5.64423,9.08402,5.34766,9.66346,23.8662,21.0943,23.8662,-1.07233,0.762475,-78.7407,-0.183831,-11.4189,13.8372,-0.967974,13.8999
3.16,-5.88266,-1.99767,0.153856,0.579181,-0.0026929,1.39952,-0.514251,-0.525372,0.532886,0.000712407,0.00931734,-3.34502,2.2496,-3.29679,3.29679,-0.953769,-0.368409,-4.36516,4.19735,-3.15015,3.15015,-0.523757,0.532063,-2.83272,-1.98847,-7.19202,-0.411804,-7.16038,-3.66014,-4.28266,-2.00198,-6.67892,-0.609882,-6.68638,-3.38115,-0.00180347,0.368409,-0.532063,0.124258,-0.00719191,0.563136,-0.0343623,2.24246,-0.545921,-7.42188,0.501217,-0.0618296,-0.0223521,0.162266,2.21793,1.11793,3.26513,0.194537,-0.400078,0.577576,4.16568,0.946529,3.11848,-0.073685,0.500393,-0.0572213,1.01583,0.827342,-1.29768,1.78058,98.4252,29.2448,-81.8442,82.7303,-150.474,-24.587,69.3405,-82.9028,10.0754,-18.5856,-0.019414,0.054802,-2.51626,11.0312,-19.6845,22.4122,0,2.80992,-1.55287,4.52839,-8.71935,0.523355,2.01147,-4.45515,4.48784,-0.415923,24.7536,-38.979,22.6107,40.7972,-4.70121,11.2779,-5.62921,-20.0962,6.56842,2.26661,-0.0741816,0.0280969,0.0978294,2.18967,-2.17901,0.151213,-0.0347289,-0.041828,-0.0435587,9.82155,4.54506,0.295313,-32.2808,-0.484724,-0.0103226,-0.436886,-5.3677,0.339772,0.0201552,0.256028,-5.88292,-1.99048,-0.00719191,0,2843,-1.38778e-17,5.55112e-17,-3.03577e-18,0.00170964,0,-2.77556e-17,2.08167e-17,2.01228e-16,1.94289e-16,1.97325e-16,0,-0.500313,1.20508,0.523599,0,0,2.21802,0.16349,3.27249,0,-0.392699,4.16657,0.131241,3.14159,0,0.523599,0,0,0,0.123576,-0.0343623,-0.545921,0.501217,-0.0223521,2.21793,3.26513,-0.400078,4.16568,3.11848,0.500393,0.0316694,-2.78643,0.910742,0,-0.0570086,0,0,0,0,0.055499,0.0145167,1.0004,0.704112,0.14518,-0.309836,-0.310234,197.721,90.9575,-1.5661,-614.807,-3.32005,0.0579207,-9.95989,-108.783,0.0548386,-106.45,0.0364665,-106.45,-5.78846,-13.0894,-12.2964,2.01987,-7.74268,-82.1584,-7.10242,-82.4924,29.6122,0.275915,13.2818,-5.12721,26.6758,15.7038,9.64251,18.7861,20.9606,18.7861,-0.351963,2.26552,-65.1765,-0.216977,-11.5322,14.4614,-1.05586,14.5211
3.2,-5.88199,-1.99752,0.152186,0.577177,-0.00256238,1.39745,-0.513452,-0.525362,0.533694,0.00072002,0.0101209,-3.33851,2.24946,-3.29666,3.29666,-0.953801,-0.368531,-4.36554,4.1973,-3.15011,3.15011,-0.523756,0.532061,-2.83206,-1.98695,-7.19151,-0.411701,-7.15952,-3.66011,-4.282,-2.00162,-6.67844,-0.609835,-6.68554,-3.38111,-0.00178933,0.368531,-0.532061,0.122811,-0.00706242,0.562125,-0.0342666,2.23719,-0.545156,-7.39948,0.50199,-0.0618145,-0.0215834,0.187195,2.21776,1.10491,3.26495,0.207763,-0.400235,0.574697,4.1656,0.949815,3.1184,-0.0736862,0.500357,-0.057191,1.01547,0.825046,-1.29703,1.77678,96.9759,28.9759,-80.9539,81.7563,-148.866,-24.3202,68.4743,-81.9254,10.0628,-18.5054,-0.0191682,0.054019,-2.51314,11.1086,-19.7197,22.3217,0,2.808,-1.60305,4.55108,-8.66975,0.550999,2.06184,-4.47297,4.46094,-0.437921,24.6347,-38.9791,22.5528,40.8249,-4.62895,11.2838,-5.61455,-20.1114,6.56599,2.27275,-0.0741835,0.0280091,0.0978892,2.18886,-2.17821,0.151185,-0.0417477,-0.0501055,-0.0517705,9.7488,4.60106,0.162764,-30.4651,-0.470684,-0.00937635,-0.432605,-5.37169,0.339337,0.0212193,0.255922,-5.8823,-1.99046,-0.00706242,0,2846,1.38778e-17,0,7.1991e-17,0.00170303,3.46945e-18,-3.46945e-17,1.04083e-17,1.04083e-16,6.93889e-17,8.10983e-17,0,-0.501148,1.19809,0.523599,0,0,2.21785,0.161491,3.27249,0,-0.392699,4.1665,0.131661,3.14159,0,0.523599,0,0,0,0.122152,-0.0342666,-0.545156,0.50199,-0.0215834,2.21776,3.26495,-0.400235,4.1656,3.1184,0.500357,0.0317043,-2.78779,0.910161,0,-0.0597118,0,0,0,0,0.0555081,0.0145197,1.00039,0.711418,0.246921,-0.118172,-0.0577299,196.48,92.357,0.761482,-600.204,-2.8764,0.00498726,-9.72666,-108.815,0.0135802,-117.615,0.0400378,-117.616,-0.653959,-9.841,-6.22886,2.07259,-5.37967,-78.7716,-4.74571,-79.1017,50.2939,0.509036,1.46043,-0.563981,18.5527,10.9218,9.79088,20.5883,20.829,20.5883,-0.30493,1.75466,-63.6284,-0.2199,-11.5356,13.9327,-1.03114,13.9919
3.24,-5.88064,-1.99733,0.150263,0.575427,-0.0025149,1.39572,-0.512813,-0.525343,0.534317,0.000735857,0.0107518,-3.24514,2.24016,-3.28736,3.28736,-0.953814,-0.377794,-4.36573,4.19694,-3.14974,3.14974,-0.523754,0.531827,-2.83072,-1.98577,-7.18837,-0.406822,-7.15814,-3.6599,-4.28064,-2.00136,-6.67715,-0.609685,-6.68412,-3.38096,-0.00177855,0.377794,-0.531827,0.121032,-0.00691728,0.560767,-0.0343005,2.22105,-0.544599,-7.36332,0.502531,-0.0618312,-0.0210339,0.167908,2.20837,1.11974,3.25557,0.209414,-0.40958,0.56345,4.16515,0.957364,3.11795,-0.0732076,0.500041,-0.0571648,1.01503,0.822155,-1.29637,1.77223,94.6253,28.6709,-79.9364,80.5626,-146.192,-24.0171,67.4863,-80.7282,10.0353,-18.3632,-0.018984,0.0533949,-2.5063,10.99,-19.661,22.232,0,2.82192,-1.45256,4.36646,-8.45105,0.552431,2.02483,-4.48522,4.45795,-0.438103,24.1502,-38.9628,22.4707,40.8608,-4.35812,11.2923,-5.59585,-20.1422,6.56927,2.28697,-0.0720695,0.0270926,0.0952331,2.18995,-2.1796,0.151152,-0.0480789,-0.0437375,-0.0433221,9.70299,4.64307,2.33444,-12.5351,-2.40759,-0.00475655,-0.385274,-5.37775,0.338426,0.0213053,0.25606,-5.88083,-1.99042,-0.00691728,0,2853,-1.38778e-17,-2.77556e-17,2.86229e-17,0.00170188,6.93889e-18,-6.93889e-18,1.56125e-17,6.93889e-17,6.93889e-17,5.72459e-17,0,-0.501732,1.1899,0.523599,0,0,2.20886,0.158522,3.27249,0,-0.392699,4.16608,0.132508,3.14159,0,0.523599,0,0,0,0.1204,-0.0343005,-0.544599,0.502531,-0.0210339,2.20837,3.25557,-0.40958,4.16515,3.11795,0.500041,0.0317856,-2.78785,0.909245,0,-0.0680374,0,0,0,0,0.0555294,0.0145269,1.00038,0.631634,0.00789531,-1.31056,-1.60167,195.538,91.9027,-37.8823,-139.474,-26.9914,-0.328152,-10.6678,-111.33,0.18953,-82.902,0.389361,-82.9029,-12.7428,-18.6648,-21.1931,0.912726,-9.90146,-78.5266,-9.36355,-78.8056,1.65342,0.0177778,26.7223,-10.6049,34.0751,20.0489,9.74271,14.8353,20.7292,14.8354,-2.86139,3.21225,-14.7858,-0.00562704,-11.8023,13.7398,-1.13091,13.7893
3.28,-5.8787,-1.9971,0.148025,0.573482,-0.00239008,1.39393,-0.512127,-0.525338,0.535017,0.000750017,0.011445,-3.04887,2.22144,-3.26864,3.26864,-0.954985,-0.39653,-4.36657,4.19682,-3.14963,3.14963,-0.52375,0.53169,-2.82879,-1.98433,-7.18271,-0.397138,-7.15607,-3.65969,-4.27871,-2.00092,-6.67539,-0.609551,-6.68201,-3.38082,-0.00176612,0.39653,-0.53169,0.118973,-0.00674601,0.560292,-0.0342803,2.20063,-0.544017,-7.32782,0.503127,-0.0618446,-0.0204452,0.37703,2.18955,0.998925,3.23675,0.312941,-0.428421,0.586062,4.16493,0.951842,3.11774,-0.072887,0.499799,-0.0571381,1.01452,0.820388,-1.2956,1.76832,92.2092,28.4147,-79.092,79.5628,-143.437,-23.7633,66.667,-79.7252,10.006,-18.2196,-0.0188106,0.0528239,-2.49899,11.7551,-19.907,21.89,0,2.77115,-1.77561,4.21586,-7.89999,0.76157,2.49323,-4.67269,4.37781,-0.602894,25.1038,-38.9417,22.4072,40.8138,-4.86723,11.2909,-5.58003,-20.123,6.54777,2.2683,-0.0708403,0.0265524,0.0935571,2.18278,-2.17263,0.151114,-0.0559516,-0.0486332,-0.0448254,9.64864,4.68282,4.90661,16.1118,-5.7327,-0.0210589,-0.376497,-5.43187,0.337449,0.0294475,0.25523,-5.87895,-1.99036,-0.00674601,0,2862,1.38778e-17,2.77556e-17,2.29851e-17,0.00169813,2.42861e-17,-6.93889e-18,2.42861e-17,1.11022e-16,1.11022e-16,1.24466e-16,0,-0.502374,1.18162,0.523599,0,0,2.19164,0.132804,3.27249,0,-0.392699,4.16588,0.131647,3.14159,0,0.523599,0,0,0,0.118373,-0.0342803,-0.544017,0.503127,-0.0204452,2.18955,3.23675,-0.428421,4.16493,3.11774,0.499799,0.0318902,-2.78317,0.90561,0,-0.0879007,0,0,0,0,0.0555568,0.014536,1.00037,0.64673,0.152372,-1.04045,-1.30456,194.429,92.9399,-90.3608,57.0118,-43.9074,0.0121782,-10.2355,-111.783,-0.0142622,-98.9867,0.44351,-98.9876,-5.62067,-19.6957,-15.9666,2.51557,-6.68499,-74.4817,-6.17981,-74.7416,30.4933,0.349012,10.3985,-4.35394,23.0702,13.5696,9.85267,17.4406,20.6117,17.4408,-4.65468,3.49422,6.04389,-0.188136,-11.8503,13.1208,-1.08508,13.1674
3.32,-5.87745,-1.99698,0.146164,0.571768,-0.00228232,1.39217,-0.511342,-0.525332,0.535805,0.000763654,0.0122315,-2.78288,2.19543,-3.24263,3.24263,-0.958169,-0.422552,-4.36671,4.19644,-3.14924,3.14924,-0.523743,0.531349,-2.82755,-1.98289,-7.17591,-0.383968,-7.15475,-3.65951,-4.27745,-2.00063,-6.67428,-0.609514,-6.68061,-3.38079,-0.00175766,0.422552,-0.531349,0.116632,-0.00666319,0.559876,-0.0342423,2.19043,-0.543302,-7.3011,0.503845,-0.0618646,-0.0197285,0.85347,2.16347,0.732708,3.21067,0.538608,-0.454512,0.578586,4.16448,0.962445,3.11728,-0.0721902,0.499389,-0.0570957,1.01397,0.818556,-1.29474,1.76401,90.4747,28.1499,-78.2147,78.6062,-141.489,-23.5015,65.8179,-78.7659,9.98824,-18.1197,-0.0186559,0.0522993,-2.49456,13.5581,-20.6712,21.4028,0,2.79904,-3.03954,4.23844,-7.14258,1.21145,3.39781,-5.12992,4.26995,-0.959726,24.7901,-38.9448,22.3249,40.9275,-4.6584,11.3108,-5.56117,-20.1926,6.55298,2.28915,-0.0678718,0.0253067,0.0898745,2.18451,-2.17479,0.151072,-0.0465133,-0.0428548,-0.0440011,9.59011,4.74386,6.64974,31.241,-7.82916,-0.00345198,-0.324442,-5.44792,0.336858,0.0469839,0.25544,-5.87769,-1.99032,-0.00666319,0,2868,0,0,-4.51028e-17,0.00169865,-1.38778e-17,-3.1225e-17,2.08167e-17,6.93889e-17,6.245e-17,6.09322e-17,0,-0.503145,1.17426,0.523599,0,0,2.16949,0.0894347,3.27249,0,-0.392699,4.16546,0.132913,3.14159,0,0.523599,0,0,0,0.116065,-0.0342423,-0.543302,0.503845,-0.0197285,2.16347,3.21067,-0.454512,4.16448,3.11728,0.499389,0.03196,-2.78858,0.904962,0,-0.0720438,0,0,0,0,0.055575,0.0145422,1.00037,0.704259,0.278731,-0.280933,-0.2534,193.308,95.1327,-143.694,187.613,-79.3676,-0.29624,-7.82648,-111.002,-0.0273541,-122.464,0.103396,-122.465,2.07906,-21.7661,-10.8193,5.53551,-3.4925,-74.6906,-2.93306,-74.9791,63.0889,0.771709,-5.5003,2.47314,12.0739,7.09621,10.0851,21.3345,20.4928,21.3345,-8.41385,3.94294,19.889,-0.595453,-11.7675,13.2639,-0.829694,13.3158
3.36,-5.87649,-1.99709,0.145987,0.57083,-0.00208063,1.39068,-0.51072,-0.525346,0.536478,0.00076698,0.0128789,-2.59291,2.17439,-3.22159,3.22159,-0.959927,-0.443665,-4.36611,4.19629,-3.1491,3.1491,-0.523738,0.530892,-2.82661,-1.98174,-7.17034,-0.373669,-7.15371,-3.65944,-4.27649,-2.00041,-6.6736,-0.609784,-6.67937,-3.38106,-0.00174732,0.443665,-0.530892,0.114688,-0.00680262,0.559525,-0.0340988,2.15626,-0.542738,-7.25318,0.50446,-0.0618342,-0.0191392,1.59136,2.14237,0.333598,3.18957,0.87473,-0.475683,0.600145,4.16428,0.957255,3.11708,-0.0711722,0.498874,-0.0570617,1.01353,0.816988,-1.29396,1.76029,87.2368,27.9073,-77.4149,77.5645,-137.747,-23.2618,65.0421,-77.7211,9.9436,-17.9178,-0.018429,0.0515811,-2.48339,16.3201,-22.0749,20.9417,0,3.19612,-6.21874,4.67574,-6.50672,1.88065,4.33002,-5.83777,4.14968,-1.48564,25.6964,-38.917,22.2572,40.8821,-5.14273,11.3076,-5.54397,-20.1754,6.53327,2.26814,-0.0637903,0.023707,0.084446,2.17793,-2.16882,0.15104,-0.00443141,-0.0234349,-0.0371285,9.54576,4.79112,4.7493,30.8685,-7.90444,0.0150829,-0.276545,-5.50946,0.335329,0.0730723,0.254656,-5.87665,-1.99028,-0.00680262,0,2873,0,0,6.93889e-18,0.00168623,6.93889e-18,-6.93889e-18,-6.93889e-18,6.93889e-18,1.38778e-17,1.97325e-17,0,-0.503803,1.16398,0.523599,0,0,2.15289,0.0380247,3.27249,0,-0.392699,4.16528,0.132106,3.14159,0,0.523599,0,0,0,0.114146,-0.0340988,-0.542738,0.50446,-0.0191392,2.14237,3.18957,-0.475683,4.16428,3.11708,0.498874,0.0320181,-2.7843,0.901623,0,-0.0319955,0,0,0,0,0.0555902,0.0145473,1.00038,0.664526,-0.284784,-1.04123,-1.08362,192.27,95.3189,-109.347,387.398,-113.734,-0.348127,-7.4192,-112.66,0.0144742,-12.4937,0.360949,-12.4943,-47.5484,-69.5291,-78.838,10.5045,-30.634,-117.53,-30.0733,-117.822,-145.984,-1.88022,106.136,-50.4428,105.593,61.9953,10.1049,3.63531,20.3828,3.63542,-12.0571,11.7944,41.0685,-1.25548,-11.9432,20.0398,-0.786518,20.0913
3.4,-5.87471,-1.99712,0.146505,0.570058,-0.00182869,1.38921,-0.510103,-0.525306,0.537039,0.000783661,0.0134681,-2.50688,2.16357,-3.21077,3.21077,-0.964904,-0.454469,-4.3652,4.19634,-3.14914,3.14914,-0.52374,0.530884,-2.82484,-1.98052,-7.16634,-0.368556,-7.1516,-3.65966,-4.27471,-2.00004,-6.67217,-0.610017,-6.67724,-3.38129,-0.00173545,0.454469,-0.530884,0.114415,-0.00689189,0.558421,-0.0339399,2.12584,-0.542214,-7.21143,0.504928,-0.0618452,-0.018643,2.21725,2.13146,-0.00429382,3.17866,1.16586,-0.48658,0.611613,4.16422,0.948118,3.11703,-0.0711387,0.498773,-0.0570799,1.01347,0.815202,-1.29371,1.75824,84.5254,27.7158,-76.7985,76.6934,-134.585,-23.0712,64.4383,-76.8472,9.90309,-17.7406,-0.0183238,0.051231,-2.47333,18.5832,-23.3907,20.6621,0,3.86347,-10.0207,5.21024,-6.16113,2.44344,4.73155,-6.50342,4.09682,-1.94942,26.1556,-38.8673,22.2175,40.7478,-5.42997,11.2844,-5.53231,-20.1076,6.51802,2.24387,-0.0636007,0.0236158,0.0840528,2.17285,-2.16377,0.151036,0.0129493,-0.0193013,-0.0369299,9.50394,4.82609,2.15074,28.0799,-7.37856,0.0227079,-0.240411,-5.50688,0.333908,0.0949984,0.254014,-5.87498,-1.99023,-0.00689189,0,2881,0,-2.77556e-17,-4.33681e-18,0.0016823,-2.42861e-17,-4.85723e-17,9.71445e-17,-4.85723e-17,-5.55112e-17,-6.5269e-17,0,-0.504303,1.15533,0.523599,0,0,2.14475,-0.000472411,3.27249,0,-0.392699,4.16523,0.130822,3.14159,0,0.523599,0,0,0,0.113876,-0.0339399,-0.542214,0.504928,-0.018643,2.13146,3.17866,-0.48658,4.16422,3.11703,0.498773,0.0321112,-2.77447,0.899362,0,-0.0152607,0,0,0,0,0.0556146,0.0145554,1.00038,0.616853,-0.631535,-1.75679,-1.96739,191.384,95.2156,-43.6,479.155,-122.502,-0.375991,-7.59798,-113.498,0.00477413,82.6892,0.841223,82.6879,-88.832,-105.159,-132.918,13.9208,-54.3418,-153.669,-53.7905,-153.958,-323.939,-4.36313,197.677,-96.5806,187.286,109.957,10.0939,-11.7126,20.2888,-11.7123,-12.9866,17.5948,50.7958,-1.74003,-12.032,25.7288,-0.80547,25.779
3.44,-5.87243,-1.99697,0.146351,0.569359,-0.001732,1.38801,-0.509511,-0.525323,0.53766,0.000794872,0.0140748,-2.51375,2.16714,-3.21433,3.21433,-1.03486,-0.450895,-4.36468,4.19623,-3.14903,3.14903,-0.523746,0.530812,-2.82257,-1.97933,-7.16505,-0.370253,-7.1492,-3.65956,-4.27243,-1.99974,-6.67003,-0.609942,-6.67483,-3.38122,-0.00173726,0.450895,-0.530812,0.114809,-0.00681336,0.556481,-0.0339712,2.11566,-0.54175,-7.18738,0.505421,-0.0618999,-0.0181644,2.55138,2.1349,-0.206777,3.18209,1.4845,-0.483134,0.606226,4.16399,0.942448,3.11679,-0.070988,0.498572,-0.0571242,1.01356,0.81265,-1.2938,1.75646,83.2148,27.5282,-76.1942,75.933,-133.066,-22.8831,63.8456,-76.0854,9.88579,-17.6495,-0.0182801,0.0510558,-2.46898,19.6682,-24.045,20.3887,0,4.33288,-12.59,5.64798,-6.07446,2.74155,5.42142,-7.61754,4.4689,-2.72447,25.8885,-38.8066,22.1811,40.5937,-5.34494,11.2582,-5.52287,-20.0354,6.51275,2.22842,-0.0627676,0.0232997,0.0828079,2.1711,-2.16213,0.151042,-0.00385325,-0.0174664,-0.0299454,9.46934,4.87115,-0.171871,23.9957,-5.12977,0.0128133,-0.200797,-5.51054,0.333299,0.106554,0.253792,-5.87268,-1.99016,-0.00681336,0,2892,-1.38778e-17,0,3.90313e-17,0.00168791,1.38778e-17,7.80626e-18,-1.04083e-17,2.08167e-17,1.38778e-17,-5.85469e-18,0,-0.50483,1.14944,0.523599,0,0,2.14728,-0.0230048,3.27249,0,-0.392699,4.16501,0.129936,3.14159,0,0.523599,0,0,0,0.114266,-0.0339712,-0.54175,0.505421,-0.0181644,2.1349,3.18209,-0.483134,4.16399,3.11679,0.498572,0.0322392,-2.7623,0.897919,0,-0.0417978,0,0,0,0,0.0556481,0.0145666,1.00038,0.570089,-0.634349,-2.43043,-2.8678,190.802,95.4274,8.43358,487.278,-36.924,-0.442038,-8.04931,-115.025,0.0459571,79.7027,1.33098,79.7006,-85.5269,-100.383,-124.804,10.7368,-51.0051,-143.099,-50.5589,-143.329,-306.435,-4.31329,187.046,-90.5602,175.788,103.189,10.1164,-11.3451,20.2271,-11.3447,-3.91436,16.9552,51.6569,-1.27556,-12.194,23.9459,-0.853317,23.9855
3.48,-5.87029,-1.99699,0.146913,0.568791,-0.00146768,1.3867,-0.508799,-0.525325,0.538353,0.000814188,0.0147768,-2.53591,2.17196,-3.21916,3.21916,-1.19493,-0.44607,-4.36173,4.19505,-3.14785,3.14785,-0.523772,0.529675,-2.82044,-1.97791,-7.16443,-0.372879,-7.147,-3.65927,-4.27029,-1.99934,-6.66825,-0.610176,-6.67232,-3.38145,-0.0017494,0.44607,-0.529675,0.114536,-0.00690588,0.555779,-0.0338232,2.09526,-0.541155,-7.15847,0.505997,-0.0619911,-0.0175788,2.5286,2.13961,-0.204971,3.1868,2.07268,-0.478425,0.566719,4.16269,0.958927,3.1155,-0.0685581,0.497319,-0.0571487,1.0135,0.811458,-1.29357,1.75495,81.3531,27.3729,-75.7043,75.2818,-130.909,-22.7294,63.3666,-75.4341,9.85944,-17.5305,-0.0183917,0.0513274,-2.4624,19.5391,-23.9433,20.3093,0,4.29106,-12.4827,5.68757,-6.11527,2.72128,8.15734,-10.5179,6.16187,-5.24364,24.1498,-38.7033,22.0755,40.6258,-4.41684,11.2495,-5.50043,-20.0927,6.54537,2.26016,-0.0522418,0.0192851,0.0692334,2.18201,-2.17449,0.151038,0.0140641,-0.0142191,-0.0326307,9.42385,4.92155,-0.553915,22.63,-2.13125,0.0737968,0.0195576,-5.48345,0.332432,0.105735,0.255082,-5.87059,-1.99009,-0.00690588,0,2902,-1.38778e-17,0,-2.51535e-17,0.00170444,-3.46945e-17,-3.81639e-17,-3.46945e-18,7.63278e-17,6.93889e-17,8.89046e-17,0,-0.505443,1.14245,0.523599,0,0,2.1508,-0.0231546,3.27249,0,-0.392699,4.16382,0.131638,3.14159,0,0.523599,0,0,0,0.113995,-0.0338232,-0.541155,0.505997,-0.0175788,2.13961,3.1868,-0.478425,4.16269,3.1155,0.497319,0.0323555,-2.75825,0.898527,0,0.00472763,0,0,0,0,0.0556785,0.0145769,1.00038,0.657971,-0.494157,-1.22612,-1.26718,189.721,97.7552,14.6938,470.185,55.06,-1.63856,-1.30892,-113.552,-0.24335,37.308,0.694513,37.3071,-76.9378,-106.097,-110.527,7.57038,-43.6739,-139.178,-43.2303,-139.404,-242.552,-3.58439,156.914,-75.039,150.727,88.2477,10.3631,-4.36187,20.1126,-4.36172,5.83697,18.4582,49.8448,-0.712252,-12.0378,23.4849,-0.13876,23.5248
3.52,-5.87016,-1.99717,0.148485,0.567964,-0.00111654,1.38474,-0.507985,-0.525338,0.539172,0.000842239,0.0155936,-2.60783,2.1858,-3.233,3.233,-1.26932,-0.432188,-4.35379,4.1915,-3.14431,3.14431,-0.523865,0.526266,-2.82034,-1.97635,-7.16805,-0.38027,-7.1473,-3.65817,-4.27016,-1.99896,-6.66862,-0.610639,-6.67171,-3.38192,-0.00176015,0.432188,-0.526266,0.115095,-0.00709279,0.554535,-0.0334837,2.0756,-0.540352,-7.12894,0.506805,-0.0620728,-0.0167736,2.45128,2.15343,-0.194714,3.20063,2.48696,-0.464555,0.501491,4.15914,0.982279,3.11194,-0.060966,0.493899,-0.0571663,1.01364,0.809793,-1.29345,1.75375,79.5507,27.2125,-75.1987,74.5914,-128.811,-22.5706,62.8694,-74.7432,9.83347,-17.4111,-0.0185498,0.051724,-2.45589,19.1344,-23.6493,20.1262,0,4.14739,-12.0835,5.79438,-6.2484,2.64895,10.3209,-12.5965,7.37327,-7.84253,21.1926,-38.3485,21.8265,40.4368,-2.87923,11.1942,-5.45139,-20.1234,6.60048,2.29237,-0.0209856,0.00766167,0.0280368,2.2005,-2.19743,0.151049,0.039277,-0.0206666,-0.0489761,9.34923,4.98176,-1.7981,18.4744,-0.854089,0.198594,0.605979,-5.44519,0.331521,0.102794,0.257209,-5.87038,-1.99008,-0.00709279,0,2903,-1.38778e-17,0,-1.21431e-17,0.00172549,-1.38778e-17,-2.08167e-17,-6.93889e-18,6.245e-17,4.85723e-17,6.20164e-17,0,-0.506301,1.13445,0.523599,0,0,2.16145,-0.0230042,3.27249,0,-0.392699,4.16059,0.133255,3.14159,0,0.523599,0,0,0,0.114546,-0.0334837,-0.540352,0.506805,-0.0167736,2.15343,3.20063,-0.464555,4.15914,3.11194,0.493899,0.0323672,-2.72991,0.895414,0,0.0816483,0,0,0,0,0.0556816,0.0145779,1.00039,0.840588,-0.084415,1.40741,2.16681,187.94,101.78,33.34,412.082,-17.752,-4.21021,15.623,-111.183,0.245819,-71.1312,0.0541606,-71.1316,-42.6499,-107.67,-72.7048,2.25907,-23.7206,-125.313,-23.3825,-125.468,-72.878,-1.13652,74.1411,-34.1992,81.8997,47.5765,10.7899,13.44,19.9237,13.44,-1.88191,19.2786,43.6853,0.309135,-11.7866,21.6641,1.65621,21.6908
3.56,-5.87071,-1.99727,0.14993,0.567188,-0.000988412,1.38301,-0.507717,-0.525341,0.53944,0.000842239,0.0158617,-2.64904,2.19106,-3.23825,3.23825,-1.26932,-0.426932,-4.35094,4.1908,-3.1436,3.1436,-0.523865,0.525564,-2.82088,-1.97585,-7.16997,-0.383096,-7.14786,-3.65804,-4.27071,-1.99885,-6.66934,-0.610838,-6.67207,-3.38212,-0.00176252,0.426932,-0.525564,0.116724,-0.00717139,0.551242,-0.0333207,2.04037,-0.540049,-7.07604,0.507108,-0.0620365,-0.0164706,2.12928,2.15872,-0.0334629,3.20592,2.23135,-0.459265,0.709174,4.15847,0.861739,3.11127,-0.0593,0.493232,-0.0571989,1.01402,0.805786,-1.29376,1.75185,76.5951,27.0004,-74.4988,73.5044,-125.292,-22.3576,62.1818,-73.6542,9.78283,-17.1908,-0.0184069,0.0512487,-2.44324,18.0502,-23.109,20.2312,0,3.77095,-9.89811,5.5802,-6.40414,2.38221,9.88232,-12.1197,7.45809,-7.06633,29.4876,-37.881,21.7498,38.9098,-7.75586,10.983,-5.43346,-19.3871,6.40406,1.96388,-0.0146142,0.00538633,0.0190877,2.13501,-2.13291,0.151078,0.0361262,-0.0193945,-0.0432651,9.31526,4.99166,-1.03005,18.4455,-0.632606,0.0711707,0.78397,-5.59628,0.329775,0.0923866,0.249525,-5.87101,-1.9901,-0.00717139,0,2900,-2.77556e-17,-2.77556e-17,-3.64292e-17,0.00171797,-3.46945e-18,-2.39609e-17,3.46945e-17,6.245e-17,4.16334e-17,5.18249e-17,0,-0.506623,1.12481,0.523599,0,0,2.16565,-0.00402189,3.27249,0,-0.392699,4.15998,0.116643,3.14159,0,0.523599,0,0,0,0.116152,-0.0333207,-0.540049,0.507108,-0.0164706,2.15872,3.20592,-0.459265,4.15847,3.11127,0.493232,0.0323323,-2.6242,0.866841,0,-0.0393846,0,0,0,0,0.0556725,0.0145748,1.0004,0.8901,0.134068,2.08792,2.94282,186.836,102.474,18.9962,397.363,-15.9227,-0.812186,19.4289,-109.127,0.123145,-116.049,0.526229,-116.05,-17.7333,-108.479,-49.1909,14.5078,-14.2345,-110.153,-14.0345,-110.228,4.73208,0.075065,34.1271,-15.5249,49.1852,28.5261,10.8634,20.7437,19.8067,20.7439,-1.68798,19.3102,42.125,-1.68438,-11.5687,19.2618,2.05968,19.2747
