t,x,y,theta0,phi1,theta1,phi2,theta2,phi3,theta3,phi4,theta4,phi5,theta5,phi6,theta6,phi7,theta7,phi8,theta8,phi9,theta9,phi10,theta10,x1,Y1,x2,y2,x3,y3,Trix[1],Triy[1],Trix[2],Triy[2],Trix[3],Triy[3],varphi1,varphi2,varphi3,z21,z22,z31,z32,z41,z42,z51,z52,z61,z62,z71,z72,z81,z82,z91,z92,z101,z102,z111,z112,z121,z122,al21,al22,al31,al32,al33,al41,al42,al43,al44,al51,al52,al53,al54,al55,al61,al62,al63,al66,al71,al72,al73,al76,al77,al81,al82,al83,al88,al91,al92,al93,al99,al101,al102,al103,al1010,al111,al112,aL113,al1110,al1111,al121,al122,al123,al1210,,al1211,al1212u1,u2,u3,u4,u5,u6,u7,u8,u9,u10,u11,u12,v1,v2,v3,PSx,PSy,d,d0d,Q,nh1,nh2,nh3,nh4,nh5,nh6,nh7,nh8,nh9,nh10,thetap1d,thetap2d,dthetap2d,thetap3d,dthetap3d,thetap4d,thetap5d,dthetap5d,thetap6d,dthetap6d,thetap7d,thetap8d,dthetap8d,thetap9d,dthetap9d,thetap10d,deltap1d,delta2d,delta3d,thetap0,thetap1,thetap2,thetap3,thetap4,thetap5,thetap6,thetap7,thetap8,thetap9,thetap10,thetaT,K81,K82,K83,K84,K91,K92,K93,K94,sr.Cs, sr.Cs1, 1 - sr.d*sr.Cs,b4,b5,b6,b7,b8,b9,b10,b11,b12
0,-6.50008,-2.00154,0,0,-2.86062e-05,0.523599,-0.523603,-0.523599,0.523594,-4.04132e-05,3.14159,-2.61799,2.22609,-3.27329,3.27329,0.39251,-0.391906,-3.66519,4.18992,-3.14272,3.14272,-0.523704,0.52473,0,0,0,0,0,0,0,0,0,0,0,0,0,0,0,0,0,0,0,0,0,0,0,0,0,0,0,0,0,0,0,0,0,0,0,0,0,0,0,0,0,0,0,0,0,0,0,0,0,0,0,0,0,0,0,0,0,0,0,0,0,0,0,0,0,0,0,0,0,0,0,0,0,0,0,0,0,0,0,0,0,0,0,0,0,0,0,0,0,0,0,0,0,0,0,0,0,0,0,0,0,0,0,0,0,0,0,0,0,0,0,0,0,0,0,0,0,0,3.14159,0,0,0,0,-0.392699,0,0,0,0,0.523599,0,0,0,0,0,0,0,0,0,0,0,0,0,0,0,0,0,0,0,0,0,0,0,0,0,1,0,0,0,0,0,0,0,0,0
0.02,-6.50008,-2.00154,0.0155996,0.031047,-2.86062e-05,0.571333,-0.523603,-0.471147,0.523594,0.0387027,3.14161,-2.16893,2.22609,-3.18217,3.2816,0.453456,-0.391896,-4.39547,4.18992,-0.174345,3.0567,6.14319,0.524722,-5.45008,-2.00158,-7.80834,-0.405805,-7.77612,-3.6627,-4.90008,-2.00159,-7.30004,-0.615878,-7.30012,-3.38716,0.0524261,0.491332,2.35763,0,-0.00154111,-0.0474432,-2.86062e-05,-0.0469373,-0.523603,-0.0476437,0.523594,-0.0473624,3.14159,-3.44317,2.22609,2.0399,3.27329,-0.0475741,-0.391906,4.40558,4.18992,-2.26967,3.14272,-0.0474049,0.52473,-0.0474109,1.00007,-0.0118439,-1.25009,1.25009,-0.00698429,8.88954,-17.7791,8.88981,-0.0173466,-4.44477,8.88954,-8.88981,4.44518,-0.0121117,2.5972e-05,-5.19466e-05,-1.11123,-27.9115,-22.3117,14.0962,0,6.25533,10.3521,5.94972,-4.78241,0.890698,0.570658,0.00222789,-0.000969563,-0.275945,34.2459,-23.1009,15.4074,5.12237,0.0980537,3.8292,-3.8392,-2.55619,-0.00731129,0.00884174,-0.00456442,0.00228449,0.00151699,-0.00243725,0.0024358,0.200015,0.779979,1.55235,2.38673,2.62262,1.93716,22.4532,4.55605,3.04733,-36.5141,148.419,333.345,0,0,-0,-6.5,-2,-0.00154111,0,0,-0,-0,-0,0,-0,0,0,0,0,0,0,-0.523603,-0.00951692,0.523594,-0.00947248,3.14159,2.22609,0.407981,3.27329,-0.00951481,-0.392699,4.18992,-0.453926,3.14272,-0.00948098,0.523599,0,0,0,0,-2.86062e-05,-0.523603,0.523594,3.14159,2.22609,3.27329,-0.391906,4.18992,3.14272,0.52473,0,-0.511229,-0.00146224,9.48632e-09,0.0935902,0.000303398,-0.000487449,0.00048716,0.000350904,0.0474074,0.0117992,1.00007,28.3877,-10.3214,0.761778,222.732,-82.6727,0.392952,-279.289,91.8572,0.394837
0.04,-6.5001,-2.00183,0.0278373,0.0525268,-3.72006e-05,0.601018,-0.523604,-0.453234,0.522734,0.0553619,3.14161,-2.20953,2.22627,-3.26506,3.2716,0.392359,-0.391714,-4.27473,4.19016,-3.15655,3.15329,-0.529123,0.524973,-5.4501,-2.00189,-7.80839,-0.406179,-7.77609,-3.6631,-4.9001,-2.00189,-7.30005,-0.616159,-7.30015,-3.38744,0.069478,0.398253,-0.52824,0.0156022,-0.00182929,-0.0281321,-3.72006e-05,-0.0352728,-0.523604,-0.265982,0.523594,-0.047363,3.14159,0.712712,2.22627,-0.515497,3.27347,-0.0484273,-0.391723,-5.22281,4.19016,2.53346,3.14296,-0.0509059,0.524973,-0.0474343,1.00033,0.0122807,-1.25041,1.25131,-0.253491,9.14401,-18.3012,9.16989,-0.914386,-4.6981,9.40298,-9.1699,4.57804,-0.248224,2.63715e-05,-5.27843e-05,-1.08141,10.3296,-25.9472,12.3032,0,14.4006,-8.80927,8.18653,-3.67842,4.44931,-0.657432,0.00346316,-0.00082395,-1.37844,-128.226,-39.6581,15.4783,40.6102,109.007,12.0812,-3.86748,-20.2569,8.43417,7.21662,-0.0114844,0.00279421,0.0145882,2.8116,-2.80958,0.200042,0.611888,1.07399,1.48423,3.51832,2.77021,-2.03018,0.420541,-0.00515656,6.03732,-0.679501,-0.269685,0.205984,0.229154,0.438193,-6.5,-2,-0.00182929,0,0,8.67362e-19,1.21431e-17,1.53552e-17,7.51318e-18,-1.9082e-17,-1.73472e-17,-1.71033e-17,5.55112e-17,2.77556e-17,4.23923e-17,0,-0.523604,-0.0422677,0.523594,-0.00947233,3.14159,2.22627,-0.103099,3.27347,-0.00968546,-0.392699,4.19016,0.506682,3.14297,-0.0101812,0.523599,0,0,0,0.0155996,-3.72006e-05,-0.523604,0.523594,3.14159,2.22627,3.27347,-0.391723,4.19016,3.14296,0.524973,0,-4.05131,1.68681,-1.09412e-05,5.93335,0.00291764,0.562321,-0.561916,0.287859,0.0474074,0.0117992,1.00009,12.4036,1.66406,0.809128,-49.0832,19.2549,0.592586,373.203,-126.964,-1.06471
0.06,-6.5001,-2.0019,0.0358571,0.0660361,-3.9237e-05,0.618888,-0.523604,-0.443273,0.522233,0.0645494,3.14162,-2.21751,2.22632,-3.26464,3.27305,0.393389,-0.39167,-4.20679,4.19022,-3.14229,3.14627,-0.52322,0.525029,-5.4501,-2.00196,-7.8084,-0.406268,-7.77608,-3.66319,-4.9001,-2.00196,-7.30005,-0.616226,-7.30016,-3.38751,0.0789381,0.400081,-0.521047,0.027847,-0.00189754,-0.0165404,-3.9237e-05,-0.0442232,-0.523604,-0.393885,0.523594,-0.0473635,3.14159,0.119288,2.22632,-0.162161,3.27351,-0.0483313,-0.391679,-1.70331,4.19022,0.766367,3.14302,-0.0497606,0.525031,-0.0474846,1.00087,0.0267637,-1.25108,1.25357,-0.558464,9.3137,-18.6644,9.36446,-1.27972,-4.86541,9.75016,-9.36448,4.64673,-0.3797,2.65364e-05,-5.31816e-05,-1.06166,2.45282,-25.4666,12.5699,0,12.5845,-1.8662,7.88779,-3.83587,3.86555,-0.148549,0.0035087,-0.000912142,-1.19759,-30.8008,-33.5717,15.4883,22.4081,22.2697,9.03943,-3.86476,-11.1764,5.44805,1.45969,-0.00968086,0.00290833,0.00838216,1.81616,-1.8148,0.200096,0.400986,0.675464,0.893522,4.0164,3.22961,-0.398834,0.443469,0.0469331,3.39666,0.0363587,0.0257571,0.209047,0.199061,0.283012,-6.5,-2,-0.00189754,0,0,-1.73472e-18,-1.04083e-17,-4.42405e-18,4.42321e-18,-3.03577e-18,-2.60209e-18,-1.49078e-18,-9.36751e-17,-9.71445e-17,-1.09504e-16,0,-0.523604,-0.061453,0.523594,-0.00947229,3.14159,2.22632,-0.0324323,3.27351,-0.00966626,-0.392699,4.19022,0.15327,3.14303,-0.00995212,0.523599,0,0,0,0.0278373,-3.9237e-05,-0.523604,0.523594,3.14159,2.22632,3.27351,-0.391679,4.19022,3.14302,0.525031,0,-2.23523,1.0896,-7.06717e-06,1.18589,0.00167643,0.363232,-0.362959,0.0580043,0.0474074,0.0117992,1.00009,1.85069,9.42105,0.83545,-9.8197,4.32474,0.47583,113.876,-37.812,0.0477606
0.08,-6.49984,-2.00197,0.0414216,0.0749554,-4.15188e-05,0.630565,-0.523793,-0.436167,0.521758,0.069918,3.14143,-2.21716,2.22641,-3.26324,3.27343,0.395205,-0.391582,-4.18644,4.19038,-3.13693,3.14382,-0.520828,0.525165,-5.44984,-2.00193,-7.80815,-0.406386,-7.77578,-3.66332,-4.89984,-2.00204,-7.29978,-0.616299,-7.2999,-3.38758,0.0857565,0.401772,-0.518269,0.0358651,-0.0019728,-0.00963378,-5.21857e-05,-0.0561234,-0.523804,-0.467197,0.523393,-0.0472899,3.14139,-0.011969,2.2264,-0.0911707,3.27359,-0.0483101,-0.391601,-0.4118,4.19037,0.112526,3.14317,-0.0494713,0.525157,-0.0475356,1.00138,0.0354092,-1.25173,1.25558,-0.809124,9.42119,-18.9004,9.48935,-1.41342,-4.96979,9.97023,-9.48831,4.68186,-0.452479,7.35819e-05,-0.00014763,-1.04937,0.918877,-25.3869,12.6332,0,12.1549,-0.592659,7.83679,-3.86952,3.71405,-0.0612347,0.00353972,-0.000935541,-1.15061,-5.55155,-31.3767,15.5103,17.3821,3.70217,7.93622,-3.86733,-8.66714,4.36644,0.221669,-0.00968161,0.00318269,0.00710601,1.45561,-1.45441,0.200147,0.278227,0.445966,0.583818,4.36684,3.49679,0.0173033,0.518217,0.141607,1.01746,0.312805,0.146173,0.210641,0.191259,0.226828,-6.49978,-2,-0.0019728,0,1,-1.73472e-18,-1.04083e-17,-6.81353e-18,6.81014e-18,-2.73219e-17,-2.77556e-17,-2.71864e-17,-2.1684e-17,-2.08167e-17,-6.83047e-18,0,-0.523804,-0.0724573,0.523392,-0.0094566,3.14159,2.2264,-0.0182342,3.27359,-0.00966203,-0.392699,4.19037,0.0225076,3.14315,-0.00989425,0.523599,0,0,0,0.0358464,-5.21857e-05,-0.523804,0.523393,3.14139,2.2264,3.27359,-0.391601,4.19037,3.14317,0.525157,1.06668e-05,-1.73355,0.87333,2.11027e-05,0.248416,0.0014212,0.291122,-0.290883,0.0086119,0.0474101,0.0118001,1.00009,-4.053,13.9397,0.913452,-1.58503,1.36218,0.433155,25.1387,-7.70254,0.249956
0.1,-6.49901,-2.00205,0.0455682,0.0813837,-4.61609e-05,0.638949,-0.523998,-0.4307,0.521367,0.0735528,3.14123,-2.21562,2.22652,-3.26199,3.27356,0.396846,-0.391471,-4.18181,4.1905,-3.13479,3.14329,-0.519148,0.525284,-5.44901,-2.00191,-7.80734,-0.40652,-7.77493,-3.66345,-4.89901,-2.00213,-7.29895,-0.616375,-7.29908,-3.38766,0.0910334,0.403044,-0.516782,0.0414066,-0.00205263,-0.0054084,-8.88302e-05,-0.0633606,-0.524041,-0.515259,0.523157,-0.0471914,3.14115,-0.0350768,2.22647,-0.085467,3.27367,-0.0483146,-0.39152,-0.101849,4.19045,-0.0504551,3.14326,-0.0494917,0.525245,-0.0475842,1.00181,0.0407139,-1.25227,1.25717,-0.966242,9.49392,-19.0621,9.57622,-1.50532,-5.03968,10.1189,-9.574,4.70505,-0.499334,0.000140114,-0.000281365,-1.04139,0.69801,-25.3992,12.6446,0,12.0552,-0.414811,7.84339,-3.87283,3.67211,-0.0541317,0.00356812,-0.000942734,-1.13755,-0.281489,-30.832,15.531,16.3219,0.265628,7.65811,-3.87117,-8.13682,4.12061,-0.013379,-0.0100829,0.003398,0.00711346,1.37368,-1.37248,0.200191,0.207331,0.321412,0.41922,4.63488,3.67838,0.0769908,0.586287,0.229013,0.231551,0.425704,0.231485,0.211706,0.189104,0.214066,-6.4991,-2,-0.00205263,0,4,-1.73472e-18,-1.38778e-17,-1.70016e-17,-6.51877e-18,1.86483e-17,1.9082e-17,2.25243e-17,-7.00395e-17,-7.00666e-17,-5.07407e-17,0,-0.524041,-0.0796764,0.523155,-0.00943533,3.14159,2.22647,-0.0170934,3.27367,-0.00966293,-0.392699,4.19045,-0.010091,3.14324,-0.00989834,0.523599,0,0,0,0.0413789,-8.88302e-05,-0.524041,0.523157,3.14115,2.22647,3.27367,-0.39152,4.19045,3.14326,0.525245,4.26693e-05,-1.62747,0.824157,1.75232e-05,0.0793362,0.00142269,0.274736,-0.274496,-0.000734827,0.047418,0.0118027,1.0001,-7.45646,16.7328,0.997009,-0.653888,1.17595,0.406072,3.9093,-0.398646,0.26872
0.12,-6.49773,-2.00213,0.0488461,0.0867043,-6.76209e-05,0.646165,-0.524266,-0.425414,0.520966,0.0764916,3.14096,-2.2144,2.22658,-3.26107,3.27361,0.397712,-0.391404,-4.18031,4.19053,-3.13376,3.1432,-0.518391,0.525319,-5.44773,-2.00187,-7.80604,-0.406613,-7.77367,-3.66353,-4.89773,-2.00224,-7.29764,-0.616434,-7.29783,-3.38772,0.096183,0.403945,-0.515881,0.0454975,-0.00212932,-0.00255948,-0.000174304,-0.0684252,-0.524373,-0.549683,0.522825,-0.047111,3.14082,-0.0401294,2.22648,-0.0896255,3.27367,-0.0483147,-0.391517,-0.0541131,4.19043,-0.0814414,3.14323,-0.0495477,0.525217,-0.047634,1.00217,0.0443067,-1.25273,1.25843,-1.07625,9.54756,-19.1821,9.64107,-1.57195,-5.09062,10.2278,-9.63749,4.72152,-0.532459,0.000201013,-0.000403971,-1.03569,0.677735,-25.4238,12.6467,0,12.0226,-0.40404,7.85726,-3.87102,3.65325,-0.0586125,0.00352779,-0.000929506,-1.13166,0.533716,-30.7222,15.5477,16.172,-0.260129,7.59954,-3.87494,-8.06158,4.09455,-0.0552472,-0.0102926,0.0034897,0.00722989,1.36499,-1.36376,0.200227,0.163894,0.266034,0.360802,4.89317,3.82397,0.0611152,0.635453,0.276158,0.0752072,0.478708,0.269208,0.212469,0.188138,0.21272,-6.49775,-2,-0.00212932,0,10,3.46945e-18,-1.04083e-17,-1.60326e-17,1.60191e-17,2.60209e-17,2.60209e-17,2.09793e-17,4.16334e-17,4.22839e-17,2.84603e-17,0,-0.524373,-0.0848527,0.522822,-0.00941768,3.14159,2.22648,-0.0179251,3.27367,-0.00966295,-0.392699,4.19043,-0.0162887,3.14321,-0.00990953,0.523599,0,0,0,0.0454616,-0.000174304,-0.524373,0.522825,3.14082,2.22648,3.27367,-0.391517,4.19043,3.14323,0.525217,0.000106683,-1.61241,0.818942,1.6228e-05,0.0326685,0.00144598,0.272998,-0.272753,-0.00236159,0.047434,0.0118081,1.0001,-9.11898,18.4408,1.10878,-1.13472,1.4632,0.406286,-0.13762,1.06697,0.286839
0.14,-6.49616,-2.00221,0.0516482,0.0915324,-9.38699e-05,0.652794,-0.524446,-0.42063,0.520668,0.0794461,3.14079,-2.21352,2.22659,-3.26028,3.2736,0.398004,-0.391404,-4.17943,4.19045,-3.13273,3.14309,-0.518127,0.525248,-5.44615,-2.00189,-7.80443,-0.406671,-7.77215,-3.66356,-4.89616,-2.00236,-7.29602,-0.616494,-7.29629,-3.38778,0.100845,0.404726,-0.514883,0.0487083,-0.00221014,-1.92793e-05,-0.000275251,-0.0708671,-0.524627,-0.580455,0.52257,-0.0470807,3.14056,-0.0418652,2.2264,-0.0934042,3.2736,-0.0482811,-0.391593,-0.0493521,4.19027,-0.0886018,3.14307,-0.0494662,0.52507,-0.0476814,1.00248,0.0475172,-1.25313,1.25956,-1.15531,9.5942,-19.2871,9.69988,-1.65122,-5.13505,10.3232,-9.6953,4.73752,-0.561847,0.000232719,-0.000468038,-1.03091,0.693499,-25.4449,12.6505,0,11.9945,-0.415384,7.86805,-3.87003,3.63861,-0.0627214,0.00333559,-0.000877131,-1.12708,0.646097,-30.6911,15.56,16.1765,-0.337106,7.58352,-3.87853,-8.06493,4.10406,-0.0652275,-0.00976804,0.00331902,0.00687361,1.36816,-1.367,0.200258,0.140106,0.241406,0.331439,5.12797,3.96974,0.0440947,0.675253,0.292862,0.0439361,0.526488,0.282643,0.213206,0.187389,0.21322,-6.49618,-2,-0.00221014,0,17,0,0,3.94379e-18,-2.75929e-17,1.51788e-17,1.51788e-17,5.58364e-18,-6.1149e-17,-6.1149e-17,-6.44558e-17,0,-0.524627,-0.0894795,0.522567,-0.0094106,3.14159,2.2264,-0.0186809,3.2736,-0.00965622,-0.392699,4.19027,-0.0177206,3.14306,-0.00989324,0.523599,0,0,0,0.0486647,-0.000275251,-0.524627,0.52257,3.14056,2.2264,3.2736,-0.391593,4.19027,3.14307,0.52507,0.000181381,-1.61304,0.820831,9.89351e-06,0.0119675,0.00137472,0.273632,-0.273399,-0.00272257,0.0474526,0.0118143,1.0001,-10.2371,19.797,1.19578,-1.60276,1.70091,0.430725,-1.09572,1.47214,0.334251
0.16,-6.49419,-2.00229,0.0541643,0.0962311,-0.000119669,0.659367,-0.524569,-0.41587,0.520437,0.0826139,3.14067,-2.21314,2.22665,-3.25995,3.27365,0.398115,-0.391341,-4.17908,4.19043,-3.13226,3.14305,-0.51825,0.525226,-5.44419,-2.00195,-7.80244,-0.406764,-7.77022,-3.66361,-4.89419,-2.00248,-7.29402,-0.616553,-7.29435,-3.38783,0.105493,0.405035,-0.514437,0.0514216,-0.00229005,0.00249635,-0.000397113,-0.0735228,-0.524847,-0.608767,0.522351,-0.0470725,3.14034,-0.0411842,2.22637,-0.0968906,3.27357,-0.0483327,-0.391625,-0.0467352,4.19015,-0.0929277,3.14295,-0.0494566,0.524951,-0.0477313,1.00275,0.0507037,-1.25349,1.26064,-1.23646,9.63742,-19.3852,9.75513,-1.71721,-5.17662,10.413,-9.75013,4.75214,-0.588566,0.000254076,-0.000511384,-1.02643,0.73823,-25.4602,12.6544,0,11.9645,-0.443543,7.87669,-3.86988,3.62599,-0.066416,0.00346172,-0.000908879,-1.12316,0.72351,-30.6769,15.5734,16.2013,-0.385268,7.57474,-3.88199,-8.07763,4.11531,-0.0713086,-0.00957218,0.00325765,0.00675109,1.37192,-1.37077,0.200286,0.125805,0.234935,0.328672,5.36423,4.12806,0.0190184,0.69462,0.300236,0.0177465,0.548563,0.276721,0.213871,0.186741,0.213807,-6.49415,-2,-0.00229005,0,26,0,6.93889e-18,-4.87891e-18,5.24212e-17,-1.17094e-17,-1.17094e-17,-1.5477e-17,8.54351e-17,8.50015e-17,9.53014e-17,0,-0.524847,-0.0937326,0.522349,-0.00940812,3.14159,2.22637,-0.0193781,3.27357,-0.00966654,-0.392699,4.19015,-0.0185858,3.14294,-0.00989132,0.523599,0,0,0,0.0513708,-0.000397113,-0.524847,0.522351,3.14034,2.22637,3.27357,-0.391625,4.19015,3.14295,0.524951,0.000277444,-1.61558,0.82308,9.25829e-06,-0.00696385,0.00135022,0.274383,-0.274154,-0.00294012,0.0474765,0.0118223,1.00011,-10.9115,20.9176,1.27089,-2.15115,1.93595,0.442743,-1.8267,1.74077,0.373382
0.18,-6.49188,-2.00237,0.056491,0.100896,-0.000142833,0.666061,-0.524711,-0.41096,0.52019,0.0857318,3.14053,-2.21326,2.22679,-3.26026,3.27378,0.398045,-0.3912,-4.17912,4.19045,-3.13218,3.14306,-0.518562,0.525247,-5.44188,-2.00198,-7.80013,-0.406894,-7.76794,-3.66367,-4.89188,-2.00259,-7.29168,-0.616611,-7.29208,-3.38789,0.110294,0.404723,-0.514363,0.0538381,-0.00236775,0.00521221,-0.000527045,-0.0771961,-0.525095,-0.636328,0.522102,-0.0470652,3.14009,-0.0398906,2.2264,-0.0990181,3.2736,-0.0484836,-0.39159,-0.0450163,4.19006,-0.0950837,3.14287,-0.0495101,0.524864,-0.0477822,1.00301,0.0541461,-1.25383,1.26175,-1.33245,9.68062,-19.484,9.81062,-1.76646,-5.21823,10.5033,-9.80521,4.76572,-0.614243,0.0002767,-0.000557376,-1.02192,0.793352,-25.4675,12.6596,0,11.9235,-0.472158,7.88234,-3.87132,3.61263,-0.0684523,0.00398011,-0.00104409,-1.11904,0.789072,-30.6768,15.5881,16.2461,-0.418107,7.57204,-3.88553,-8.09973,4.12841,-0.0743809,-0.00967048,0.00329486,0.00683999,1.37629,-1.37513,0.200312,0.116335,0.233244,0.334679,5.60803,4.28404,-0.00583673,0.68648,0.298144,-0.00201844,0.553719,0.261371,0.214489,0.186051,0.21449,-6.4919,-2,-0.00236775,0,36,0,1.04083e-17,7.75205e-18,-3.15232e-17,-2.51535e-17,-2.47198e-17,-1.90006e-17,7.58942e-17,7.67615e-17,8.31583e-17,0,-0.525095,-0.0978736,0.522101,-0.00940577,3.14159,2.2264,-0.0198036,3.2736,-0.00969672,-0.392699,4.19006,-0.019017,3.14286,-0.00990202,0.523599,0,0,0,0.0537801,-0.000527045,-0.525095,0.522102,3.14009,2.2264,3.2736,-0.39159,4.19006,3.14287,0.524864,0.000384212,-1.61999,0.825698,8.1139e-06,-0.0215135,0.001368,0.275258,-0.275025,-0.00304654,0.0475031,0.0118312,1.00011,-11.4517,21.9787,1.35537,-2.59242,2.08843,0.434393,-2.33517,1.89968,0.402644
0.2,-6.48929,-2.00244,0.0587158,0.10563,-0.000155036,0.673034,-0.52489,-0.405749,0.519905,0.08876,3.14035,-2.21359,2.22686,-3.26046,3.27386,0.397521,-0.391126,-4.17941,4.19045,-3.13221,3.14306,-0.519162,0.525253,-5.43929,-2.00198,-7.79753,-0.406999,-7.76536,-3.66374,-4.88929,-2.00269,-7.28907,-0.616678,-7.2895,-3.38796,0.115395,0.404523,-0.514403,0.0560437,-0.00244579,0.00813571,-0.000667413,-0.0814493,-0.525403,-0.664153,0.521795,-0.0470609,3.13979,-0.0407833,2.22635,-0.0984087,3.27355,-0.0485634,-0.391645,-0.0444491,4.18994,-0.095291,3.14274,-0.0495498,0.52474,-0.0478375,1.00326,0.0578565,-1.25416,1.26291,-1.43959,9.72498,-19.5863,9.86818,-1.80732,-5.26103,10.5967,-9.86235,4.77907,-0.639861,0.000301119,-0.0006071,-1.01728,0.825995,-25.4707,12.67,0,11.8678,-0.47578,7.88399,-3.87496,3.59597,-0.0674406,0.00419421,-0.00110081,-1.11388,0.838635,-30.6861,15.6029,16.3081,-0.434428,7.57452,-3.88918,-8.13059,4.14363,-0.0748433,-0.00967498,0.00329866,0.00686727,1.38137,-1.3802,0.200337,0.11124,0.236686,0.348655,5.8669,4.43562,-0.0168903,0.680046,0.273219,-0.0146006,0.552031,0.231596,0.215095,0.185192,0.215282,-6.48921,-2,-0.00244579,0,48,3.46945e-18,0,4.49944e-18,4.32597e-17,2.73219e-17,2.64545e-17,2.41506e-17,-5.59448e-17,-5.55112e-17,-7.57315e-17,0,-0.525403,-0.102055,0.521794,-0.0094039,3.14159,2.22635,-0.0196817,3.27355,-0.00971268,-0.392699,4.18994,-0.0190584,3.14273,-0.00990996,0.523599,0,0,0,0.0559787,-0.000667413,-0.525403,0.521795,3.13979,2.22635,3.27355,-0.391645,4.18994,3.14274,0.52474,0.000512377,-1.62616,0.828742,7.59241e-06,-0.0326734,0.00137345,0.276273,-0.27604,-0.00305283,0.047535,0.0118419,1.00012,-11.8891,23.0158,1.45874,-2.76924,2.11577,0.453012,-2.64429,1.96332,0.442808
0.22,-6.48647,-2.00252,0.0608718,0.11043,-0.000171501,0.680245,-0.52513,-0.400322,0.519554,0.0915843,3.14012,-2.21418,2.22696,-3.26093,3.27396,0.396892,-0.391027,-4.17987,4.19044,-3.13236,3.14306,-0.519926,0.525247,-5.43647,-2.00195,-7.79472,-0.407112,-7.76257,-3.6638,-4.88647,-2.00279,-7.28623,-0.616741,-7.28671,-3.38802,0.120706,0.404059,-0.514547,0.0581476,-0.00252307,0.0112734,-0.00081209,-0.0857985,-0.525771,-0.693215,0.521427,-0.047052,3.13942,-0.0405342,2.22632,-0.0974437,3.27352,-0.0486705,-0.391674,-0.0440116,4.1898,-0.0943806,3.14261,-0.0495724,0.524604,-0.0478925,1.0035,0.0618393,-1.25448,1.26414,-1.55359,9.77168,-19.6945,9.9297,-1.84855,-5.30613,10.6954,-9.92341,4.79301,-0.666353,0.000328904,-0.000663745,-1.01243,0.875668,-25.4707,12.6817,0,11.8063,-0.487585,7.88425,-3.87949,3.57904,-0.0660144,0.00452123,-0.00118769,-1.10864,0.888639,-30.7017,15.6184,16.3818,-0.445782,7.58044,-3.8931,-8.16743,4.1601,-0.0738026,-0.00959746,0.00327369,0.00683915,1.38686,-1.3857,0.200362,0.107799,0.240019,0.36054,6.13644,4.57716,-0.0293011,0.661595,0.243126,-0.0233062,0.544321,0.19365,0.215727,0.184318,0.216138,-6.48651,-2,-0.00252307,0,60,6.93889e-18,3.46945e-18,9.32414e-18,1.46909e-17,1.60462e-17,1.56125e-17,1.58565e-17,3.29597e-17,3.33934e-17,3.49113e-17,0,-0.525771,-0.106422,0.521425,-0.00940092,3.14159,2.22632,-0.0194887,3.27352,-0.00973409,-0.392699,4.1898,-0.0188764,3.1426,-0.00991448,0.523599,0,0,0,0.0580752,-0.00081209,-0.525771,0.521427,3.13942,2.22632,3.27352,-0.391674,4.1898,3.14261,0.524604,0.000640589,-1.63353,0.832036,7.36298e-06,-0.0410042,0.00136783,0.277372,-0.27714,-0.00300187,0.0475669,0.0118526,1.00012,-12.379,24.1097,1.58182,-2.92673,2.11697,0.463822,-2.83663,1.96839,0.486398
0.24,-6.48345,-2.00259,0.0629831,0.115441,-0.000188636,0.687959,-0.525435,-0.394381,0.519136,0.0943422,3.13982,-2.21513,2.22708,-3.26172,3.27409,0.395963,-0.390903,-4.18061,4.19044,-3.13271,3.14306,-0.520981,0.525242,-5.43345,-2.00188,-7.7917,-0.407234,-7.75958,-3.66386,-4.88345,-2.00289,-7.28319,-0.616801,-7.28372,-3.38808,0.126527,0.403268,-0.514894,0.0601614,-0.00259916,0.0145807,-0.000978865,-0.090398,-0.526225,-0.723255,0.520973,-0.0470435,3.13896,-0.0402614,2.22629,-0.0956933,3.27349,-0.0488078,-0.391701,-0.0432615,4.18965,-0.0928302,3.14245,-0.0496014,0.524448,-0.0479528,1.00374,0.0660439,-1.25481,1.26545,-1.67535,9.82054,-19.8084,9.99486,-1.88764,-5.35336,10.7993,-9.98811,4.80731,-0.693427,0.000360198,-0.000727649,-1.00739,0.928614,-25.4673,12.6949,0,11.7379,-0.497696,7.88296,-3.88504,3.56109,-0.0636909,0.00495439,-0.00130321,-1.10309,0.945857,-30.7219,15.6348,16.4635,-0.457569,7.58863,-3.89726,-8.20825,4.17723,-0.0718606,-0.00952593,0.00325033,0.00681683,1.39257,-1.39142,0.200386,0.105563,0.25054,0.385717,6.43163,4.71559,-0.0473872,0.627836,0.198027,-0.036985,0.526437,0.141134,0.216375,0.183391,0.217028,-6.48337,-1.99999,-0.00259916,0,74,0,-6.93889e-18,7.86047e-18,-7.80626e-18,3.51282e-17,3.46945e-17,4.6431e-17,-3.59955e-17,-3.72966e-17,-4.72712e-17,0,-0.526225,-0.110938,0.520971,-0.00939785,3.14159,2.22629,-0.0191386,3.27349,-0.00976156,-0.392699,4.18965,-0.0185663,3.14244,-0.00992028,0.523599,0,0,0,0.0600816,-0.000978865,-0.526225,0.520973,3.13896,2.22629,3.27349,-0.391701,4.18965,3.14245,0.524448,0.000790229,-1.64169,0.83546,7.36886e-06,-0.0531132,0.00136337,0.278515,-0.278283,-0.00291267,0.0476042,0.0118651,1.00012,-12.6975,25.1694,1.73241,-3.1344,2.10411,0.474074,-3.11158,1.96616,0.536474
0.26,-6.48026,-2.00267,0.0650859,0.120606,-0.000207419,0.695982,-0.525775,-0.388282,0.518674,0.096976,3.13949,-2.21632,2.22723,-3.26277,3.27425,0.394961,-0.390754,-4.18151,4.19043,-3.13318,3.14306,-0.522134,0.525238,-5.43026,-2.0018,-7.78852,-0.407371,-7.75642,-3.66392,-4.88026,-2.003,-7.27998,-0.616861,-7.28055,-3.38814,0.132497,0.402237,-0.515351,0.0621308,-0.00267711,0.0182143,-0.00114735,-0.0948842,-0.526715,-0.755677,0.520483,-0.0470345,3.13847,-0.0400028,2.22629,-0.09275,3.27349,-0.0489719,-0.391701,-0.0423813,4.18949,-0.0901677,3.14229,-0.049632,0.524292,-0.0480134,1.00399,0.0706631,-1.25515,1.26688,-1.80494,9.87337,-19.9323,10.0668,-1.93223,-5.4045,10.9123,-10.0595,4.82298,-0.722353,0.000392322,-0.000793435,-1.00201,0.986652,-25.4593,12.7109,0,11.658,-0.5051,7.87938,-3.89215,3.54122,-0.0600297,0.00550342,-0.00145056,-1.09696,1.00917,-30.7494,15.6529,16.5596,-0.466807,7.60042,-3.90182,-8.25625,4.19597,-0.0683639,-0.00946159,0.00322873,0.00680296,1.39883,-1.39767,0.200411,0.10514,0.258269,0.401151,6.73458,4.84775,-0.0597011,0.583185,0.149327,-0.0448848,0.502845,0.0837578,0.217085,0.182363,0.218002,-6.48022,-1.99999,-0.00267711,0,88,-3.46945e-18,6.93889e-18,7.04731e-18,-5.52401e-17,-1.43115e-17,-1.43115e-17,-1.52601e-17,0,4.33681e-19,-6.12574e-18,0,-0.526715,-0.115811,0.520481,-0.00939454,3.14159,2.22629,-0.01855,3.27349,-0.00979438,-0.392699,4.18949,-0.0180338,3.14229,-0.0099264,0.523599,0,0,0,0.0620432,-0.00114735,-0.526715,0.520483,3.13847,2.22629,3.27349,-0.391701,4.18949,3.14229,0.524292,0.000939934,-1.65129,0.839209,7.30428e-06,-0.060168,0.00136059,0.279765,-0.279535,-0.00276674,0.0476415,0.0118776,1.00013,-13.1847,26.361,1.8949,-3.18972,2.01779,0.475938,-3.22382,1.89448,0.586021
0.28,-6.47691,-2.00274,0.0671893,0.125961,-0.000227302,0.704381,-0.526159,-0.381872,0.518163,0.0995189,3.13911,-2.21779,2.22741,-3.26409,3.27444,0.393811,-0.390575,-4.18258,4.19043,-3.13377,3.14307,-0.52345,0.525234,-5.42691,-2.0017,-7.78518,-0.407521,-7.7531,-3.66397,-4.87691,-2.00311,-7.2766,-0.61692,-7.27723,-3.3882,0.138773,0.400934,-0.515931,0.0640814,-0.00275522,0.022057,-0.00132771,-0.0998278,-0.52726,-0.789302,0.519938,-0.0470255,3.13793,-0.0399303,2.22631,-0.089009,3.27351,-0.0491677,-0.391682,-0.0415008,4.18933,-0.0868248,3.14213,-0.0496656,0.524126,-0.0480773,1.00424,0.0755533,-1.2555,1.26842,-1.94591,9.92909,-20.0639,10.1436,-1.9723,-5.45845,11.0321,-10.1358,4.83901,-0.75195,0.000426848,-0.000864312,-0.996377,1.04622,-25.4481,12.7287,0,11.5706,-0.509589,7.87437,-3.90037,3.51996,-0.0554917,0.00618018,-0.00163296,-1.0904,1.0749,-30.7814,15.6724,16.6648,-0.473781,7.61436,-3.90674,-8.3088,4.21584,-0.0638883,-0.00939842,0.00320723,0.00679188,1.40545,-1.4043,0.200436,0.105172,0.267745,0.419955,7.05302,4.97545,-0.0732094,0.5262,0.09326,-0.0533258,0.472992,0.0182234,0.217812,0.181264,0.219033,-6.47686,-1.99999,-0.00275522,0,103,3.46945e-18,2.08167e-17,1.48536e-17,-6.3209e-17,-4.72712e-17,-4.72712e-17,-4.9548e-17,-3.46945e-17,-3.46945e-17,-4.32597e-17,0,-0.52726,-0.120866,0.519936,-0.00939101,3.14159,2.22631,-0.0178018,3.27351,-0.00983355,-0.392699,4.18933,-0.0173652,3.14212,-0.00993311,0.523599,0,0,0,0.0639855,-0.00132771,-0.52726,0.519938,3.13793,2.22631,3.27351,-0.391682,4.18933,3.14213,0.524126,0.0011004,-1.6618,0.843182,7.34587e-06,-0.0678003,0.00135838,0.281091,-0.280861,-0.00258148,0.0476816,0.011891,1.00013,-13.6359,27.5796,2.07501,-3.22097,1.90172,0.472176,-3.32584,1.79831,0.638815
0.3,-6.47342,-2.00282,0.0692797,0.131395,-0.000245033,0.712988,-0.526611,-0.37529,0.517579,0.101744,3.13867,-2.21944,2.22762,-3.26561,3.27467,0.392632,-0.39037,-4.18374,4.19042,-3.13442,3.14308,-0.524817,0.525229,-5.42341,-2.00155,-7.7817,-0.407684,-7.74963,-3.66403,-4.87342,-2.00321,-7.27308,-0.616979,-7.27376,-3.38826,0.145214,0.399427,-0.516565,0.066033,-0.002832,0.0261496,-0.00150598,-0.105455,-0.527872,-0.824311,0.519326,-0.0470252,3.13732,-0.0400161,2.22636,-0.0843989,3.27355,-0.0493895,-0.391636,-0.0405562,4.18916,-0.0827485,3.14196,-0.0496975,0.523959,-0.0481419,1.00449,0.0807645,-1.25586,1.27009,-2.10193,9.98834,-20.2047,10.2261,-2.00519,-5.51585,11.1601,-10.2177,4.85534,-0.782281,0.000456299,-0.000925154,-0.990426,1.10834,-25.4335,12.7488,0,11.4746,-0.511394,7.86781,-3.90989,3.49713,-0.050025,0.00697401,-0.00184822,-1.08337,1.14449,-30.8181,15.6934,16.7804,-0.478843,7.63063,-3.91207,-8.36653,4.23697,-0.0583484,-0.0093269,0.00318254,0.00677702,1.41251,-1.41136,0.200463,0.10452,0.27169,0.43032,7.37991,5.08674,-0.0827415,0.460209,0.0357958,-0.0578301,0.440244,-0.0498399,0.218551,0.180082,0.220131,-6.47349,-1.99998,-0.002832,0,118,6.93889e-18,0,-4.98733e-18,-1.94072e-17,-8.89046e-18,-8.45678e-18,-1.11131e-17,8.45678e-18,7.58942e-18,2.4774e-17,0,-0.527872,-0.126129,0.519324,-0.00938929,3.14159,2.22636,-0.0168798,3.27355,-0.0098779,-0.392699,4.18916,-0.0165499,3.14195,-0.0099395,0.523599,0,0,0,0.0659284,-0.00150598,-0.527872,0.519326,3.13732,2.22636,3.27355,-0.391636,4.18916,3.14196,0.523959,0.00126095,-1.67335,0.847408,6.84606e-06,-0.072067,0.0013554,0.282501,-0.282272,-0.00235597,0.0477216,0.0119044,1.00014,-14.236,28.9057,2.27686,-3.14374,1.73433,0.459979,-3.31959,1.65734,0.691797
0.32,-6.46976,-2.00289,0.0714492,0.137189,-0.000270057,0.722067,-0.526988,-0.368537,0.517064,0.10444,3.1383,-2.22131,2.22779,-3.26721,3.27487,0.391053,-0.390194,-4.18507,4.19041,-3.13521,3.14309,-0.526416,0.525226,-5.41976,-2.00146,-7.77804,-0.407832,-7.746,-3.66409,-4.86976,-2.00333,-7.26939,-0.617038,-7.27013,-3.38832,0.151818,0.39785,-0.517347,0.0679505,-0.00291667,0.0303525,-0.00171304,-0.109735,-0.528431,-0.861111,0.518767,-0.0470464,3.13676,-0.0411073,2.22635,-0.0787726,3.27355,-0.0495872,-0.391643,-0.0396277,4.18897,-0.078263,3.14177,-0.0497369,0.523771,-0.0482124,1.00476,0.0861266,-1.25623,1.27186,-2.24937,10.0498,-20.3517,10.3145,-2.05595,-5.57541,11.2936,-10.3055,4.87351,-0.81389,0.000475417,-0.00096528,-0.984422,1.16161,-25.4176,12.7715,0,11.3729,-0.503596,7.85977,-3.92044,3.4727,-0.0435419,0.00765583,-0.00203604,-1.07583,1.21493,-30.8578,15.716,16.9014,-0.482206,7.6482,-3.91775,-8.42694,4.25873,-0.0521669,-0.00926564,0.00316134,0.00677033,1.41976,-1.41862,0.200489,0.108473,0.289709,0.453966,7.71536,5.22085,-0.093263,0.389003,-0.0420071,-0.0667901,0.400072,-0.129468,0.219374,0.17882,0.221261,-6.46968,-1.99998,-0.00291667,0,135,0,0,-7.58942e-18,7.69784e-18,-1.0842e-17,-1.10589e-17,-1.04626e-17,1.10589e-17,1.12757e-17,3.26345e-17,0,-0.528431,-0.131661,0.518767,-0.00939213,3.14159,2.22635,-0.0157545,3.27355,-0.00991745,-0.392699,4.18897,-0.0156528,3.14176,-0.00994738,0.523599,0,0,0,0.0678368,-0.00171304,-0.528431,0.518767,3.13676,2.22635,3.27355,-0.391643,4.18897,3.14177,0.523771,0.00144298,-1.68544,0.851762,8.32197e-06,-0.0802544,0.00135407,0.283953,-0.283724,-0.00210452,0.047767,0.0119196,1.00014,-14.6012,30.1728,2.46191,-3.06517,1.54051,0.463987,-3.39552,1.51541,0.751222
0.34,-6.46592,-2.00297,0.0736008,0.143321,-0.000318268,0.731551,-0.527252,-0.361859,0.516654,0.107712,3.13804,-2.22359,2.22797,-3.26916,3.27507,0.389124,-0.390019,-4.18673,4.19041,-3.13632,3.14311,-0.528305,0.525222,-5.41591,-2.00147,-7.77417,-0.407955,-7.74223,-3.66411,-4.86592,-2.00348,-7.26548,-0.617072,-7.26636,-3.38835,0.158343,0.395929,-0.518428,0.0699478,-0.00299479,0.0348948,-0.00194338,-0.11396,-0.528877,-0.900176,0.518321,-0.0470556,3.13631,-0.0420112,2.22634,-0.0725294,3.27354,-0.0497818,-0.39165,-0.0389413,4.18878,-0.0729077,3.14159,-0.0497762,0.523582,-0.0482846,1.00504,0.0919257,-1.25663,1.27383,-2.40694,10.1155,-20.5103,10.4113,-2.10958,-5.6389,11.437,-10.4016,4.89306,-0.847051,0.000502922,-0.00102274,-0.978124,1.2232,-25.3995,12.7969,0,11.2627,-0.497198,7.85034,-3.9322,3.44651,-0.0364837,0.00833554,-0.0022256,-1.06775,1.28503,-30.9036,15.7417,17.0358,-0.480659,7.66853,-3.92423,-8.494,4.28249,-0.0446958,-0.00920246,0.00313947,0.00676512,1.42769,-1.42655,0.200517,0.107578,0.306594,0.474188,8.04651,5.3838,-0.114315,0.300439,-0.137331,-0.0828486,0.344718,-0.223645,0.220259,0.177466,0.222493,-6.46587,-1.99997,-0.00299479,0,152,3.46945e-18,6.93889e-18,3.25261e-18,2.11419e-17,1.73472e-17,1.73472e-17,2.21719e-17,4.2067e-17,4.18502e-17,5.04154e-17,0,-0.528877,-0.137536,0.518321,-0.00939212,3.14159,2.22634,-0.0145059,3.27354,-0.00995637,-0.392699,4.18878,-0.0145817,3.14158,-0.00995524,0.523599,0,0,0,0.0698241,-0.00194338,-0.528877,0.518321,3.13631,2.22634,3.27354,-0.39165,4.18878,3.14159,0.523582,0.00162512,-1.69886,0.856519,1.05096e-05,-0.0947911,0.00135302,0.285538,-0.28531,-0.00179332,0.0478125,0.0119349,1.00014,-14.9829,31.5063,2.61151,-3.11654,1.36113,0.467912,-3.59141,1.36934,0.810632
0.36,-6.4619,-2.00303,0.0756651,0.149618,-0.000361608,0.741574,-0.527693,-0.354402,0.51607,0.110451,3.13761,-2.22629,2.22813,-3.27135,3.27526,0.386766,-0.38986,-4.18867,4.1904,-3.13762,3.14313,-0.530425,0.525219,-5.41189,-2.00136,-7.77012,-0.408064,-7.73827,-3.66414,-4.8619,-2.00361,-7.2614,-0.6171,-7.2624,-3.38838,0.165648,0.393765,-0.519706,0.0719168,-0.00306481,0.0399045,-0.00217967,-0.122991,-0.529511,-0.938515,0.517687,-0.0470721,3.13568,-0.0425706,2.22631,-0.0649746,3.27351,-0.0499572,-0.391684,-0.0379851,4.18859,-0.066175,3.14139,-0.049818,0.523383,-0.04836,1.00532,0.0983263,-1.25704,1.27602,-2.62924,10.1855,-20.6814,10.5124,-2.09715,-5.70674,11.5915,-10.5019,4.90921,-0.878437,0.000528277,-0.00107618,-0.971184,1.29717,-25.3774,12.8274,0,11.1391,-0.491685,7.83806,-3.94619,3.41787,-0.028155,0.00893497,-0.00239764,-1.0589,1.36486,-30.9582,15.7699,17.1898,-0.476607,7.69326,-3.93135,-8.57088,4.30851,-0.0351696,-0.00913738,0.00311625,0.00676303,1.43637,-1.43524,0.200546,0.103217,0.314867,0.501184,8.41686,5.52016,-0.134829,0.198663,-0.254074,-0.0972851,0.279299,-0.329346,0.220993,0.175987,0.223845,-6.46183,-1.99997,-0.00306481,0,170,6.93889e-18,1.38778e-17,2.71051e-18,-5.19333e-17,1.35525e-17,1.30104e-17,7.96889e-18,-5.91974e-17,-5.93059e-17,-4.66207e-17,0,-0.529511,-0.143303,0.517686,-0.00939358,3.14159,2.22631,-0.0129949,3.27351,-0.00999144,-0.392699,4.18859,-0.0132351,3.14138,-0.0099636,0.523599,0,0,0,0.0717827,-0.00217967,-0.529511,0.517687,3.13568,2.22631,3.27351,-0.391684,4.18859,3.14139,0.523383,0.00181807,-1.71424,0.861725,1.11407e-05,-0.107787,0.00135261,0.287274,-0.287047,-0.00139917,0.0478606,0.011951,1.00015,-15.3151,32.8695,2.82111,-3.10681,1.12483,0.4801,-3.70954,1.16398,0.873209
0.38,-6.45772,-2.0031,0.0777057,0.156003,-0.000400791,0.751702,-0.528096,-0.347187,0.51551,0.113114,3.13722,-2.22918,2.22827,-3.27361,3.27544,0.384246,-0.389715,-4.19072,4.19039,-3.13896,3.14316,-0.532571,0.525213,-5.40771,-2.00126,-7.76592,-0.408171,-7.73415,-3.66417,-4.85772,-2.00374,-7.25716,-0.617134,-7.25827,-3.38842,0.172696,0.391545,-0.521014,0.0737986,-0.00313772,0.0452533,-0.00241191,-0.130288,-0.530107,-0.980398,0.517091,-0.0470917,3.13508,-0.0429176,2.22626,-0.0561592,3.27346,-0.0501133,-0.391733,-0.0369195,4.18838,-0.0581163,3.14119,-0.0498573,0.523181,-0.0484351,1.0056,0.105165,-1.25745,1.27837,-2.8462,10.2606,-20.8659,10.6248,-2.10917,-5.77951,11.758,-10.6136,4.92837,-0.912472,0.000552097,-0.0011268,-0.963987,1.38009,-25.3514,12.8622,0,11.0048,-0.485856,7.823,-3.96221,3.38738,-0.0186612,0.00946271,-0.00255453,-1.04948,1.44985,-31.0205,15.8,17.3605,-0.468304,7.722,-3.93898,-8.65613,4.33625,-0.023618,-0.0090604,0.0030883,0.00675546,1.44562,-1.44449,0.200574,0.10203,0.319231,0.506391,8.77468,5.6522,-0.144641,0.0931732,-0.378938,-0.102262,0.212013,-0.436327,0.221863,0.174414,0.225286,-6.4578,-1.99996,-0.00313772,0,188,3.46945e-18,6.93889e-18,1.91904e-17,5.42101e-18,1.85399e-17,1.85399e-17,2.36356e-17,5.43727e-17,5.43185e-17,6.22874e-17,0,-0.530107,-0.149603,0.517091,-0.00939557,3.14159,2.22626,-0.0112319,3.27346,-0.0100227,-0.392699,4.18838,-0.0116233,3.14117,-0.00997145,0.523599,0,0,0,0.073654,-0.00241191,-0.530107,0.517091,3.13508,2.22626,3.27346,-0.391733,4.18838,3.14119,0.523181,0.00201112,-1.73129,0.86727,1.02409e-05,-0.11264,0.00135109,0.289124,-0.288898,-0.000932431,0.0479089,0.0119672,1.00015,-15.9739,34.4383,3.01879,-2.88891,0.800826,0.496327,-3.57987,0.86846,0.93607
0.4,-6.45338,-2.00316,0.079777,0.162705,-0.00044685,0.762204,-0.528368,-0.339838,0.515083,0.116475,3.13696,-2.23241,2.2284,-3.27607,3.27561,0.381278,-0.389583,-4.19297,4.19039,-3.14047,3.14318,-0.534968,0.525208,-5.40338,-2.00125,-7.76155,-0.408268,-7.72988,-3.6642,-4.85338,-2.00388,-7.25276,-0.617165,-7.254,-3.38845,0.179881,0.389119,-0.522493,0.0756353,-0.00321429,0.0507436,-0.0026726,-0.136903,-0.530593,-1.02202,0.516604,-0.046883,3.1346,-0.0433032,2.22618,-0.0467869,3.27338,-0.0502544,-0.391818,-0.0358069,4.18816,-0.0495401,3.14096,-0.0499034,0.522958,-0.0485156,1.00587,0.112199,-1.25787,1.28086,-3.06399,10.3376,-21.0569,10.7436,-2.12113,-5.85165,11.925,-10.7282,4.94712,-0.946415,0.000736501,-0.00150615,-0.957083,1.46625,-25.3237,12.8997,0,10.8663,-0.47959,7.80665,-3.97933,3.35599,-0.00877736,0.009912,-0.00269317,-1.03977,1.53663,-31.0863,15.8321,17.5385,-0.458011,7.75233,-3.94709,-8.745,4.36471,-0.0111554,-0.00899069,0.00306288,0.00675413,1.45511,-1.45399,0.200602,0.103564,0.335081,0.525085,9.12599,5.81809,-0.161197,-0.0234454,-0.526017,-0.112605,0.136081,-0.555908,0.222749,0.172795,0.226765,-6.45332,-1.99995,-0.00321429,0,208,-6.93889e-18,0,-1.25767e-17,-1.19262e-17,-2.75387e-17,-2.75726e-17,-2.80266e-17,8.77391e-17,8.77391e-17,7.06358e-17,0,-0.530593,-0.155911,0.516604,-0.00934494,3.14159,2.22618,-0.00935739,3.27337,-0.0100509,-0.392699,4.18816,-0.00990802,3.14095,-0.00998067,0.523599,0,0,0,0.07548,-0.0026726,-0.530593,0.516604,3.1346,2.22618,3.27338,-0.391818,4.18816,3.14096,0.522958,0.00222575,-1.74906,0.872963,1.08397e-05,-0.122272,0.00135083,0.291023,-0.290798,-0.000427173,0.0479625,0.0119851,1.00015,-16.3495,35.8807,3.17829,-2.75325,0.478005,0.523626,-3.55364,0.573151,1.00554
0.42,-6.44889,-2.00322,0.0818277,0.169583,-0.0004969,0.77301,-0.528662,-0.33223,0.514634,0.119852,3.13667,-2.23595,2.22853,-3.27875,3.27577,0.378038,-0.389457,-4.19539,4.19038,-3.14212,3.14321,-0.537486,0.525203,-5.39889,-2.00124,-7.75702,-0.408354,-7.72546,-3.66421,-4.84889,-2.00402,-7.24821,-0.617187,-7.24958,-3.38847,0.187323,0.386479,-0.524107,0.0775033,-0.00328696,0.0566124,-0.00293741,-0.145912,-0.531102,-1.06382,0.516095,-0.0466142,3.13409,-0.0433644,2.22609,-0.0365664,3.27328,-0.050383,-0.391908,-0.0346435,4.18794,-0.0399388,3.14074,-0.0499488,0.522735,-0.0485974,1.00616,0.119725,-1.25831,1.28359,-3.32257,10.419,-21.2614,10.87,-2.09539,-5.92745,12.1022,-10.8495,4.96432,-0.979766,0.000966724,-0.00198124,-0.949841,1.56341,-25.2931,12.9415,0,10.7182,-0.475604,7.78828,-3.99833,3.32269,0.00176783,0.0103178,-0.00282381,-1.02946,1.62777,-31.1586,15.8673,17.7323,-0.444101,7.78583,-3.95601,-8.84179,4.39513,0.00297765,-0.00891659,0.00303579,0.0067526,1.46526,-1.46414,0.200631,0.102535,0.343927,0.540302,9.48672,5.98469,-0.177275,-0.151187,-0.686506,-0.121057,0.0531743,-0.6815,0.223572,0.171076,0.228344,-6.44885,-1.99994,-0.00328696,0,228,6.93889e-18,6.93889e-18,1.07336e-17,-3.55618e-17,1.40946e-18,1.51788e-18,4.39102e-18,4.09828e-17,4.10371e-17,5.25838e-17,0,-0.531102,-0.162261,0.516095,-0.00927969,3.14159,2.22609,-0.00731326,3.27328,-0.0100766,-0.392699,4.18794,-0.00798769,3.14073,-0.00998975,0.523599,0,0,0,0.0773365,-0.00293741,-0.531102,0.516095,3.13409,2.22609,3.27328,-0.391908,4.18794,3.14074,0.522735,0.00244051,-1.76843,0.879048,1.12798e-05,-0.130206,0.00135052,0.293052,-0.292828,0.000145071,0.0480162,0.0120031,1.00016,-16.7802,37.3899,3.34351,-2.5698,0.117353,0.552382,-3.45072,0.229163,1.07491
0.44,-6.44425,-2.00328,0.0838417,0.176632,-0.000548329,0.784134,-0.528973,-0.324387,0.514165,0.123205,3.13637,-2.23982,2.22861,-3.28153,3.2759,0.374322,-0.389371,-4.198,4.19037,-3.14392,3.14325,-0.540176,0.525199,-5.39424,-2.0012,-7.75232,-0.408413,-7.72089,-3.66423,-4.84425,-2.00416,-7.24349,-0.617204,-7.24501,-3.38848,0.194998,0.38374,-0.525869,0.0793401,-0.00335676,0.0627476,-0.00321449,-0.15564,-0.531639,-1.10638,0.515559,-0.0463427,3.13355,-0.0436638,2.22595,-0.0252925,3.27314,-0.0504656,-0.392049,-0.0333976,4.1877,-0.0294711,3.14051,-0.0499988,0.522502,-0.0486823,1.00646,0.127607,-1.25875,1.28652,-3.60253,10.5046,-21.478,11.0049,-2.05373,-6.0064,12.2883,-10.9781,4.98124,-1.0131,0.00120669,-0.00247876,-0.942434,1.664,-25.2604,12.988,0,10.5622,-0.469113,7.76768,-4.01916,3.28757,0.0131159,0.0105207,-0.00290274,-1.01858,1.7224,-31.2364,15.9051,17.9389,-0.427052,7.82194,-3.96557,-8.94489,4.4269,0.0186004,-0.00885143,0.00301162,0.00675993,1.47586,-1.47474,0.200661,0.100698,0.352454,0.55621,9.85505,6.14653,-0.193247,-0.286127,-0.870647,-0.130474,-0.0372035,-0.81567,0.224396,0.169266,0.229995,-6.44415,-1.99993,-0.00335676,0,249,0,-1.38778e-17,-1.12757e-17,-1.38778e-17,3.90313e-18,3.90313e-18,-1.73472e-18,3.5345e-17,3.55618e-17,1.86483e-17,0,-0.531639,-0.168746,0.515559,-0.00921267,3.14159,2.22595,-0.00505849,3.27314,-0.0100931,-0.392699,4.1877,-0.00589406,3.1405,-0.00999977,0.523599,0,0,0,0.0791615,-0.00321449,-0.531639,0.515559,3.13355,2.22595,3.27314,-0.392049,4.1877,3.14051,0.522502,0.00266616,-1.78905,0.885404,1.17256e-05,-0.139034,0.00135199,0.295172,-0.294949,0.000778042,0.0480726,0.012022,1.00016,-17.1853,38.9184,3.5176,-2.35969,-0.278301,0.596879,-3.34293,-0.144737,1.14712
0.46,-6.43944,-2.00333,0.0857862,0.183747,-0.00060192,0.7954,-0.529295,-0.316508,0.513681,0.126448,3.13606,-2.24396,2.22865,-3.2844,3.27599,0.370195,-0.389328,-4.20076,4.19036,-3.14585,3.14329,-0.542975,0.525196,-5.38943,-2.00117,-7.74744,-0.408443,-7.71616,-3.66423,-4.83944,-2.0043,-7.2386,-0.617213,-7.24027,-3.38849,0.202705,0.380923,-0.527758,0.0811404,-0.0034218,0.0691657,-0.00349386,-0.165874,-0.532187,-1.14998,0.515011,-0.0460837,3.13301,-0.0436922,2.22576,-0.0131707,3.27296,-0.0504993,-0.392234,-0.032111,4.18747,-0.0180065,3.14027,-0.0500493,0.522269,-0.0487673,1.00675,0.135863,-1.25921,1.28966,-3.90309,10.5945,-21.7078,11.1494,-1.99846,-6.08897,12.4845,-11.1153,4.99822,-1.04662,0.00144447,-0.00297451,-0.934847,1.77379,-25.2256,13.0391,0,10.3992,-0.46437,7.74488,-4.0418,3.25101,0.0250091,0.0105139,-0.00292691,-1.00723,1.81967,-31.3201,15.9457,18.1595,-0.405761,7.861,-3.97581,-9.055,4.46014,0.0359438,-0.0087881,0.0029879,0.00677101,1.48695,-1.48583,0.20069,0.0972259,0.355736,0.563274,10.2219,6.29917,-0.207284,-0.427252,-1.07516,-0.138009,-0.134144,-0.955264,0.22523,0.167383,0.231722,-6.43946,-1.99991,-0.0034218,0,270,6.93889e-18,2.08167e-17,2.3744e-17,-4.92228e-17,-2.25514e-17,-2.32019e-17,-2.71593e-17,1.02566e-16,1.02999e-16,1.35796e-16,0,-0.532187,-0.175408,0.515011,-0.00914747,3.14159,2.22576,-0.0026341,3.27296,-0.0100999,-0.392699,4.18747,-0.00360103,3.14026,-0.0100099,0.523599,0,0,0,0.0809497,-0.00349386,-0.532187,0.515011,3.13301,2.22576,3.27296,-0.392234,4.18747,3.14027,0.522269,0.00289194,-1.81108,0.892054,1.25983e-05,-0.146104,0.0013542,0.297389,-0.297167,0.00147945,0.0481291,0.012041,1.00016,-17.7214,40.5341,3.69561,-2.09653,-0.713318,0.65426,-3.15753,-0.567592,1.21897
0.48,-6.43448,-2.00337,0.0875947,0.190858,-0.000652109,0.806726,-0.5296,-0.308627,0.513214,0.129647,3.13577,-2.24867,2.22878,-3.28799,3.27616,0.36587,-0.389201,-4.20371,4.19036,-3.1479,3.14333,-0.545914,0.525194,-5.38447,-2.00112,-7.74244,-0.408506,-7.71127,-3.66423,-4.83448,-2.00442,-7.23358,-0.617213,-7.23539,-3.38849,0.210413,0.377378,-0.529764,0.0828602,-0.00347692,0.0757791,-0.00378075,-0.176436,-0.532729,-1.19382,0.514469,-0.0457769,3.13246,-0.0420217,2.22565,-0.00121819,3.27285,-0.0506615,-0.392346,-0.0308165,4.18723,-0.00567067,3.14003,-0.0501036,0.522026,-0.0488545,1.00703,0.144385,-1.25967,1.29297,-4.22077,10.6876,-21.9476,11.3019,-1.92904,-6.17365,12.6875,-11.2591,5.01487,-1.07985,0.00172536,-0.00356214,-0.927246,1.90566,-25.1863,13.0917,0,10.2332,-0.473241,7.72118,-4.0657,3.21479,0.0365473,0.0110659,-0.00310907,-0.996045,1.91785,-31.4086,15.9882,18.3917,-0.380071,7.90249,-3.98658,-9.1709,4.49442,0.0548674,-0.00872977,0.00296568,0.00678766,1.49838,-1.49727,0.200719,0.0904254,0.35555,0.566313,10.5846,6.44837,-0.235515,-0.600573,-1.29164,-0.14748,-0.237013,-1.10186,0.226063,0.165516,0.233503,-6.43454,-1.9999,-0.00347692,0,292,-6.93889e-18,-1.38778e-17,-3.68629e-18,2.86229e-17,3.20924e-17,3.20924e-17,3.70255e-17,5.59448e-17,5.59448e-17,5.95769e-17,0,-0.532729,-0.182133,0.514469,-0.00906986,3.14159,2.22565,-0.000243546,3.27285,-0.0101323,-0.392699,4.18723,-0.00113384,3.14002,-0.0100207,0.523599,0,0,0,0.0826575,-0.00378075,-0.532729,0.514469,3.13246,2.22565,3.27285,-0.392346,4.18723,3.14003,0.522026,0.00312864,-1.83424,0.898904,9.92373e-06,-0.155503,0.00135753,0.299676,-0.299454,0.00224771,0.0481883,0.0120608,1.00017,-18.2986,42.1783,3.87092,-1.96658,-1.13387,0.690382,-2.99966,-1.00635,1.29364
0.5,-6.42941,-2.00341,0.0893402,0.19809,-0.0007058,0.818199,-0.529828,-0.300755,0.512824,0.133182,3.13555,-2.25386,2.22892,-3.29194,3.27636,0.361226,-0.389058,-4.20684,4.19035,-3.1501,3.14338,-0.549019,0.525195,-5.37939,-2.00112,-7.73732,-0.408575,-7.70627,-3.66423,-4.82941,-2.00454,-7.22843,-0.61721,-7.23038,-3.38849,0.218112,0.373481,-0.531919,0.0844325,-0.00353347,0.0825746,-0.00408206,-0.186545,-0.533204,-1.23775,0.513994,-0.0453082,3.13199,-0.0414593,2.22554,0.0125123,3.27274,-0.0508577,-0.392452,-0.0293102,4.18697,0.00765745,3.13978,-0.0501643,0.521775,-0.0489427,1.0073,0.153156,-1.26011,1.29643,-4.54674,10.7829,-22.1958,11.4623,-1.85423,-6.25909,12.8946,-11.4088,5.03148,-1.11316,0.00213437,-0.00441855,-0.91983,2.03054,-25.141,13.1483,0,10.0578,-0.471613,7.69415,-4.09184,3.17644,0.0495462,0.0117723,-0.00334146,-0.984222,2.0204,-31.5029,16.0327,18.6364,-0.351109,7.94693,-3.99783,-9.29303,4.52949,0.0755978,-0.00868938,0.00294928,0.00682001,1.51008,-1.50897,0.200746,0.087273,0.361583,0.573664,10.9396,6.61638,-0.259418,-0.791032,-1.52507,-0.156342,-0.347384,-1.25675,0.226914,0.16354,0.235327,-6.42941,-1.99988,-0.00353347,0,315,0,-1.38778e-17,-1.47451e-17,6.50521e-17,7.80626e-18,7.80626e-18,6.83047e-18,-4.68375e-17,-4.77049e-17,-3.24176e-17,0,-0.533204,-0.188908,0.513993,-0.00895257,3.14159,2.22554,0.00250256,3.27274,-0.0101715,-0.392699,4.18697,0.00153181,3.13977,-0.0100329,0.523599,0,0,0,0.0842184,-0.00408206,-0.533204,0.513994,3.13199,2.22554,3.27274,-0.392452,4.18697,3.13978,0.521775,0.00337626,-1.85866,0.905914,8.42533e-06,-0.163985,0.001364,0.302016,-0.301794,0.00308552,0.0482503,0.0120816,1.00017,-18.7512,43.7703,4.02278,-1.7069,-1.62718,0.724917,-2.79304,-1.49134,1.37076
0.52,-6.4242,-2.00344,0.0909224,0.205201,-0.000751764,0.82954,-0.53004,-0.29303,0.51245,0.136617,3.13535,-2.25935,2.22898,-3.29585,3.27649,0.356019,-0.388991,-4.21013,4.19036,-3.15254,3.14344,-0.552293,0.525204,-5.37419,-2.0011,-7.73206,-0.408598,-7.70113,-3.66422,-4.8242,-2.00464,-7.22316,-0.617199,-7.22524,-3.38848,0.225664,0.369623,-0.534302,0.0859415,-0.00357739,0.0896402,-0.00437582,-0.198124,-0.533664,-1.28155,0.513533,-0.0448207,3.13153,-0.0418212,2.22536,0.0278985,3.27256,-0.0509659,-0.392635,-0.0273987,4.18674,0.0218578,3.13954,-0.0502342,0.521533,-0.0490305,1.00756,0.162288,-1.26054,1.30008,-4.90682,10.8817,-22.4556,11.631,-1.74695,-6.34739,13.1106,-11.5659,5.04702,-1.14566,0.00256985,-0.00533527,-0.912274,2.15265,-25.093,13.2113,0,9.87339,-0.462085,7.66384,-4.12042,3.13564,0.0636994,0.0120991,-0.00347371,-0.971611,2.13181,-31.6033,16.0801,18.8954,-0.321305,7.99406,-4.00971,-9.422,4.56564,0.098013,-0.00869141,0.00294714,0.00688828,1.52214,-1.52103,0.200772,0.0791111,0.355552,0.567033,11.2852,6.77899,-0.274625,-0.983667,-1.78634,-0.164844,-0.468901,-1.41994,0.227722,0.161438,0.237206,-6.42427,-1.99986,-0.00357739,0,338,-1.38778e-17,-6.93889e-18,8.18573e-18,-3.31766e-17,-6.93889e-18,-7.80626e-18,-3.08998e-18,2.60209e-18,3.46945e-18,-8.67362e-18,0,-0.533664,-0.195684,0.513533,-0.00882903,3.14159,2.22536,0.00557977,3.27256,-0.0101932,-0.392699,4.18674,0.00437223,3.13953,-0.0100468,0.523599,0,0,0,0.0857161,-0.00437582,-0.533664,0.513533,3.13153,2.22536,3.27256,-0.392635,4.18674,3.13954,0.521533,0.00362406,-1.88449,0.913155,1.3889e-05,-0.170788,0.00137766,0.304428,-0.304205,0.00399258,0.0483123,0.0121024,1.00017,-19.431,45.4752,4.16895,-1.30075,-2.19336,0.782638,-2.52702,-2.03258,1.4449
0.54,-6.41886,-2.00341,0.0919173,0.21141,-0.00074403,0.839411,-0.529968,-0.287563,0.512345,0.139879,3.13543,-2.26534,2.22904,-3.30018,3.2766,0.350237,-0.388934,-4.21361,4.19037,-3.15502,3.14351,-0.55562,0.525217,-5.36885,-2.0011,-7.72675,-0.408605,-7.69578,-3.6642,-4.81886,-2.0046,-7.21783,-0.617179,-7.21989,-3.38846,0.230949,0.365362,-0.536726,0.0872751,-0.00357155,0.0968454,-0.00462685,-0.207928,-0.533851,-1.32914,0.513347,-0.0450265,3.13134,-0.040419,2.22516,0.0433107,3.27235,-0.0510744,-0.392839,-0.0256067,4.18648,0.0371476,3.13929,-0.0503189,0.521282,-0.0491186,1.00779,0.171613,-1.26094,1.30383,-5.25909,10.9807,-22.7191,11.8072,-1.66454,-6.4419,13.3416,-11.7382,5.06781,-1.17862,0.00249272,-0.00519015,-0.904168,2.29623,-25.0432,13.2781,0,9.68816,-0.46548,7.63208,-4.15054,3.09548,0.0774867,0.0124178,-0.00360883,-0.959203,2.24042,-31.7071,16.1268,19.1671,-0.284212,8.04364,-4.02147,-9.55742,4.60265,0.122491,-0.00874736,0.00296236,0.0070029,1.53448,-1.53336,0.200795,0.0497468,0.310456,0.493564,11.548,6.92542,-0.299152,-1.19692,-2.07673,-0.173873,-0.592546,-1.58604,0.228691,0.159372,0.239133,-6.41892,-1.99984,-0.00357155,0,362,-6.93889e-18,-2.08167e-17,-1.58294e-17,4.14165e-17,2.51535e-17,2.51535e-17,2.9924e-17,8.06646e-17,7.89299e-17,4.68917e-17,0,-0.533851,-0.202913,0.513347,-0.00886949,3.14159,2.22516,0.00866229,3.27235,-0.0102149,-0.392699,4.18648,0.00743008,3.13928,-0.0100638,0.523599,0,0,0,0.0870396,-0.00462685,-0.533851,0.513347,3.13134,2.22516,3.27235,-0.392839,4.18648,3.13929,0.521282,0.00388282,-1.91155,0.920551,9.83681e-06,-0.179983,0.00140058,0.306897,-0.306672,0.00499656,0.0483772,0.0121242,1.00017,-21.2175,47.6859,4.23821,-0.982287,-2.76297,0.847038,-2.26706,-2.58701,1.5215
0.56,-6.41344,-2.0034,0.0927393,0.217288,-0.000730383,0.848861,-0.529909,-0.281816,0.512261,0.143249,3.13549,-2.27149,2.22911,-3.30457,3.27674,0.344402,-0.388859,-4.2171,4.1904,-3.15759,3.14361,-0.558966,0.525251,-5.36342,-2.0011,-7.72136,-0.408643,-7.69032,-3.66422,-4.81344,-2.00457,-7.21242,-0.61718,-7.21445,-3.38846,0.236547,0.361036,-0.539231,0.0880061,-0.00358333,0.103643,-0.00488294,-0.221102,-0.534061,-1.36793,0.513136,-0.0450396,3.13113,-0.039249,2.22496,0.0599098,3.27216,-0.0511891,-0.393037,-0.0233186,4.18625,0.0532108,3.13905,-0.050439,0.521042,-0.0491997,1.00792,0.180412,-1.2612,1.30722,-5.64378,11.0681,-22.9558,11.9632,-1.5059,-6.52529,13.5483,-11.8903,5.08159,-1.20439,0.00255839,-0.00534142,-0.896843,2.43114,-24.9864,13.3433,0,9.50698,-0.462625,7.59714,-4.18102,3.05717,0.0920787,0.0127474,-0.00375178,-0.94736,2.35273,-31.8148,16.1699,19.4392,-0.245964,8.0952,-4.03213,-9.69252,4.63709,0.14852,-0.00895596,0.00302807,0.00723989,1.54597,-1.54481,0.200808,0.0410975,0.293911,0.472472,11.8245,7.0877,-0.307916,-1.41284,-2.36913,-0.174523,-0.719339,-1.75307,0.229352,0.157406,0.240934,-6.41335,-1.99982,-0.00358333,0,387,6.93889e-18,-6.93889e-18,-3.67002e-17,1.14925e-17,-1.73472e-17,-1.56125e-17,-1.18178e-17,-1.47451e-17,-1.38778e-17,-2.56956e-17,0,-0.534061,-0.208818,0.513137,-0.00886462,3.14159,2.22496,0.0119821,3.27215,-0.0102378,-0.392699,4.18625,0.010643,3.13904,-0.0100878,0.523599,0,0,0,0.0877648,-0.00488294,-0.534061,0.513136,3.13113,2.22496,3.27216,-0.393037,4.18625,3.13905,0.521042,0.00415256,-1.93859,0.927444,1.3227e-05,-0.178837,0.00144798,0.309194,-0.308963,0.00604518,0.0484448,0.0121468,1.00017,-22.02,49.3096,4.31067,-0.415326,-3.42135,0.909347,-1.74839,-3.23889,1.59483
0.58,-6.40785,-2.0034,0.0935298,0.223229,-0.000740847,0.858446,-0.529901,-0.275804,0.512131,0.146498,3.1355,-2.278,2.22921,-3.30934,3.27691,0.338366,-0.388755,-4.22065,4.19044,-3.16022,3.14371,-0.562342,0.525291,-5.35784,-2.00112,-7.71578,-0.408681,-7.68475,-3.66422,-4.80785,-2.00458,-7.20683,-0.617167,-7.20888,-3.38845,0.242416,0.356332,-0.541797,0.0885626,-0.0036024,0.110216,-0.00516335,-0.233546,-0.534324,-1.40544,0.512874,-0.0450467,3.13087,-0.0384192,2.22479,0.0766775,3.27199,-0.0513167,-0.393206,-0.0221444,4.18601,0.0698253,3.13882,-0.0505628,0.520807,-0.0492779,1.00802,0.188931,-1.26144,1.31054,-6.02153,11.1535,-23.1883,12.1181,-1.34663,-6.60694,13.7519,-12.0416,5.09508,-1.22883,0.00262865,-0.00550302,-0.889788,2.55948,-24.9271,13.4073,0,9.3304,-0.457145,7.56158,-4.21146,3.01978,0.106475,0.0131378,-0.00391549,-0.935796,2.4396,-31.9241,16.2129,19.7127,-0.192379,8.14753,-4.04275,-9.82826,4.67127,0.175768,-0.0091813,0.00309917,0.00749311,1.55737,-1.55619,0.200818,0.0395278,0.297038,0.479247,12.1156,7.24552,-0.325261,-1.64627,-2.67088,-0.177255,-0.849009,-1.9214,0.22999,0.155481,0.242714,-6.40778,-1.9998,-0.0036024,0,412,0,-1.38778e-17,-1.7808e-17,1.79978e-17,-3.46945e-17,-3.55618e-17,-2.88398e-17,1.73472e-18,8.67362e-19,-2.99782e-17,0,-0.534324,-0.214525,0.512874,-0.00885822,3.14159,2.22479,0.0153357,3.27199,-0.0102633,-0.392699,4.18601,0.0139662,3.1388,-0.0101126,0.523599,0,0,0,0.0883168,-0.00516335,-0.534324,0.512874,3.13087,2.22479,3.27199,-0.393206,4.18601,3.13882,0.520807,0.0044225,-1.96575,0.934284,1.49944e-05,-0.181455,0.00149862,0.311475,-0.311237,0.00714225,0.0485125,0.0121695,1.00017,-22.2803,50.6618,4.4,0.0626849,-4.06006,0.962592,-1.27013,-3.89035,1.66651
0.6,-6.40239,-2.00336,0.0939583,0.228764,-0.000748215,0.867517,-0.529837,-0.270469,0.512052,0.149522,3.13557,-2.28498,2.22924,-3.31435,3.27701,0.331548,-0.388722,-4.22435,4.19043,-3.16295,3.14377,-0.565966,0.525284,-5.35238,-2.00113,-7.71032,-0.40865,-7.6793,-3.66417,-4.80239,-2.00456,-7.20136,-0.617121,-7.20343,-3.3884,0.247602,0.351387,-0.544457,0.089098,-0.0035873,0.116936,-0.00543006,-0.245323,-0.534519,-1.44432,0.512679,-0.0450791,3.13067,-0.0382491,2.22456,0.0944315,3.27176,-0.0513405,-0.393435,-0.0216768,4.18575,0.087362,3.13855,-0.0506147,0.520537,-0.0493533,1.00811,0.197648,-1.26167,1.31399,-6.40582,11.2416,-23.4302,12.282,-1.18846,-6.69154,13.964,-12.2021,5.10989,-1.2538,0.00267862,-0.00562333,-0.882647,2.68553,-24.8667,13.4758,0,9.1503,-0.44718,7.52388,-4.24344,2.98091,0.121265,0.0130635,-0.00394554,-0.923733,2.51141,-32.035,16.2562,19.9969,-0.125866,8.20188,-4.05376,-9.97009,4.70685,0.204775,-0.00909382,0.00306423,0.00749514,1.56924,-1.56806,0.200827,0.021426,0.276752,0.453582,12.3738,7.39156,-0.348946,-1.89545,-3.01003,-0.185258,-0.985842,-2.10229,0.230681,0.153479,0.244563,-6.40244,-1.99977,-0.0035873,0,436,0,-1.38778e-17,-2.03288e-18,-4.96565e-17,-2.60209e-17,-2.86229e-17,-2.67798e-17,8.67362e-18,9.54098e-18,2.19551e-17,0,-0.534519,-0.220439,0.512679,-0.0088577,3.14159,2.22456,0.0188867,3.27176,-0.0102681,-0.392699,4.18575,0.0174741,3.13853,-0.0101229,0.523599,0,0,0,0.088848,-0.00543006,-0.534519,0.512679,3.13067,2.22456,3.27176,-0.393435,4.18575,3.13855,0.520537,0.00468184,-1.99414,0.941408,1.9088e-05,-0.191639,0.00149903,0.313848,-0.313612,0.00832165,0.0485776,0.0121914,1.00017,-23.1231,52.2824,4.46787,0.48563,-4.71217,1.03364,-0.911143,-4.54127,1.74811
0.62,-6.39618,-2.00333,0.0943072,0.234553,-0.000760107,0.877161,-0.529851,-0.264277,0.511907,0.152498,3.13556,-2.29276,2.22932,-3.32002,3.27717,0.324102,-0.388642,-4.22839,4.19047,-3.16604,3.14389,-0.569895,0.525327,-5.34617,-2.0011,-7.70411,-0.408647,-7.6731,-3.66414,-4.79619,-2.00454,-7.19513,-0.617078,-7.19724,-3.38836,0.253658,0.345786,-0.54748,0.0892248,-0.00358431,0.123582,-0.00574476,-0.258651,-0.534836,-1.48034,0.512362,-0.0451649,3.13035,-0.036905,2.22434,0.11266,3.27153,-0.0514267,-0.393661,-0.0193083,4.18549,0.105151,3.13829,-0.0507583,0.520272,-0.0494327,1.00813,0.206274,-1.26183,1.3173,-6.81434,11.3265,-23.6649,12.4406,-0.99149,-6.77378,14.1716,-12.3583,5.12225,-1.27573,0.00269495,-0.00567351,-0.875617,2.8217,-24.8001,13.5439,0,8.97135,-0.443181,7.48387,-4.27616,2.94327,0.136145,0.013224,-0.004049,-0.912066,2.61897,-32.1516,16.2995,20.2866,-0.0754511,8.2582,-4.06444,-10.1138,4.74041,0.234666,-0.00937318,0.0031524,0.00780041,1.58043,-1.57921,0.200829,0.0174451,0.28948,0.482177,12.6784,7.53637,-0.389279,-2.17516,-3.38095,-0.201652,-1.13843,-2.29852,0.231261,0.151545,0.246316,-6.39621,-1.99974,-0.00358431,0,464,-6.93889e-18,-1.38778e-17,-3.1862e-17,-1.95156e-17,2.60209e-17,2.42861e-17,2.10335e-17,-6.07153e-17,-6.07153e-17,-4.80844e-17,0,-0.534836,-0.225906,0.51236,-0.00886997,3.14159,2.22434,0.0225325,3.27153,-0.0102853,-0.392699,4.18549,0.0210325,3.13827,-0.0101517,0.523599,0,0,0,0.0889737,-0.00574476,-0.534836,0.512362,3.13035,2.22434,3.27153,-0.393661,4.18549,3.13829,0.520272,0.00498465,-2.02291,0.948131,2.47018e-05,-0.206168,0.00156008,0.316087,-0.315843,0.00953646,0.0486536,0.0122169,1.00017,-22.9178,53.4073,4.57591,0.753028,-5.34965,1.10434,-0.733275,-5.18622,1.82908
0.64,-6.39005,-2.0033,0.0946491,0.240443,-0.000761501,0.886965,-0.529873,-0.25812,0.511743,0.155301,3.13555,-2.30101,2.22942,-3.32606,3.27734,0.316379,-0.388545,-4.23246,4.19051,-3.16913,3.14401,-0.573797,0.525367,-5.34004,-2.00106,-7.69799,-0.408663,-7.66696,-3.66412,-4.79005,-2.00451,-7.189,-0.617047,-7.19111,-3.38833,0.259663,0.339825,-0.55049,0.089271,-0.00358542,0.130696,-0.00604921,-0.271933,-0.535161,-1.51934,0.512037,-0.0452348,3.13003,-0.0352748,2.22413,0.132488,3.27133,-0.0515537,-0.39387,-0.0177677,4.18522,0.125096,3.13803,-0.0508992,0.520003,-0.0495108,1.00814,0.215509,-1.26198,1.32087,-7.2504,11.4185,-23.9207,12.6162,-0.784137,-6.86311,14.398,-12.5311,5.13629,-1.29922,0.00272583,-0.00575568,-0.868172,2.96955,-24.7266,13.6181,0,8.78121,-0.440197,7.44,-4.31205,2.90312,0.151905,0.0135896,-0.00422362,-0.899651,2.71168,-32.2793,16.3456,20.6064,-0.00511905,8.32024,-4.07587,-10.2725,4.77719,0.268569,-0.00963704,0.0032341,0.00810458,1.5927,-1.59144,0.20083,0.0170924,0.294491,0.490233,12.9809,7.67327,-0.412246,-2.47233,-3.76732,-0.203837,-1.2909,-2.49341,0.23191,0.149477,0.248228,-6.38999,-1.99971,-0.00358542,0,492,6.93889e-18,-1.38778e-17,-1.00424e-17,-1.58294e-17,-8.67362e-18,-1.21431e-17,-9.37835e-18,1.09288e-16,1.11022e-16,1.11131e-16,0,-0.535161,-0.231826,0.512037,-0.0088778,3.14159,2.22413,0.0264982,3.27132,-0.0103107,-0.392699,4.18522,0.0250226,3.138,-0.0101798,0.523599,0,0,0,0.0890195,-0.00604921,-0.535161,0.512037,3.13003,2.22413,3.27133,-0.39387,4.18522,3.13803,0.520003,0.00528771,-2.0547,0.9555,3.15524e-05,-0.207553,0.00162092,0.31854,-0.318288,0.0109003,0.0487297,0.0122424,1.00017,-23.0998,54.7844,4.68498,1.32165,-6.11164,1.17008,-0.126772,-5.98341,1.91044
0.66,-6.38399,-2.00326,0.094959,0.24612,-0.000743018,0.896427,-0.529917,-0.252317,0.511554,0.157546,3.13552,-2.30932,2.22953,-3.33217,3.27754,0.308745,-0.38843,-4.23636,4.19054,-3.17197,3.14412,-0.577408,0.525403,-5.33398,-2.00098,-7.69198,-0.408701,-7.66087,-3.66412,-4.78399,-2.00445,-7.18296,-0.617027,-7.18502,-3.38831,0.265315,0.3338,-0.553255,0.0893208,-0.00358415,0.138,-0.00632322,-0.286185,-0.535497,-1.55893,0.5117,-0.0452687,3.12969,-0.0336888,2.22395,0.152977,3.27115,-0.0516882,-0.39405,-0.0163044,4.18496,0.14567,3.13776,-0.051034,0.519742,-0.0495864,1.00815,0.224997,-1.26212,1.3246,-7.7186,11.5145,-24.1888,12.8008,-0.54797,-6.95663,14.6361,-12.7133,5.15012,-1.32236,0.0027841,-0.00589675,-0.860466,3.12102,-24.6503,13.6961,0,8.58817,-0.437568,7.39459,-4.34975,2.86184,0.167679,0.0140157,-0.00442442,-0.886889,2.80169,-32.4094,16.393,20.9381,0.07107,8.38386,-4.08767,-10.4373,4.81505,0.304034,-0.00988244,0.00330903,0.00840087,1.60533,-1.60403,0.200831,0.0154936,0.283837,0.473085,13.2671,7.78568,-0.415633,-2.77197,-4.14907,-0.194875,-1.43151,-2.67379,0.232545,0.147349,0.250196,-6.38399,-1.99968,-0.00358415,0,519,0,1.38778e-17,1.24277e-17,-1.23599e-17,1.56125e-17,1.56125e-17,1.7293e-17,5.55112e-17,5.72459e-17,3.85976e-17,0,-0.535497,-0.237829,0.5117,-0.00887653,3.14159,2.22395,0.030596,3.27114,-0.0103376,-0.392699,4.18496,0.029138,3.13774,-0.0102068,0.523599,0,0,0,0.0890689,-0.00632322,-0.535497,0.5117,3.12969,2.22395,3.27115,-0.39405,4.18496,3.13776,0.519742,0.0055802,-2.08767,0.963073,3.19774e-05,-0.197884,0.00168017,0.321065,-0.320806,0.0123186,0.0488032,0.0122671,1.00017,-23.7675,56.3895,4.79816,2.15846,-6.95461,1.22672,0.779199,-6.848,1.98916
0.68,-6.37702,-2.00325,0.0955282,0.252379,-0.00073944,0.906655,-0.529969,-0.245716,0.511362,0.160214,3.13547,-2.31814,2.22971,-3.33881,3.2778,0.300716,-0.388248,-4.24024,4.19057,-3.17481,3.14423,-0.581205,0.525434,-5.32701,-2.00093,-7.68505,-0.408779,-7.65388,-3.66412,-4.77702,-2.00443,-7.17599,-0.617015,-7.17804,-3.3883,0.271764,0.327234,-0.556012,0.0892945,-0.00360921,0.145054,-0.00665575,-0.299528,-0.535885,-1.59774,0.511312,-0.0453779,3.12931,-0.0324528,2.22379,0.173034,3.27099,-0.0518448,-0.394206,-0.0148663,4.18465,0.165639,3.13746,-0.0511704,0.519431,-0.0496718,1.00815,0.234184,-1.26226,1.3283,-8.17878,11.6093,-24.4549,12.9862,-0.314306,-7.04907,14.8729,-12.8965,5.16408,-1.34439,0.00279098,-0.00592969,-0.852992,3.26531,-24.5731,13.7718,0,8.4024,-0.43415,7.3502,-4.38711,2.82163,0.182626,0.0144993,-0.00464672,-0.874435,2.88715,-32.5358,16.4403,21.2627,0.146934,8.44571,-4.09946,-10.5986,4.85162,0.338946,-0.0100871,0.00337063,0.00866401,1.61752,-1.6162,0.200831,0.0284599,0.312953,0.511396,13.5943,7.91665,-0.44088,-3.09527,-4.54801,-0.194051,-1.5718,-2.86344,0.233184,0.145276,0.252098,-6.37711,-1.99964,-0.00360921,0,550,-6.93889e-18,-2.77556e-17,-1.46909e-17,-1.14925e-17,5.20417e-18,5.20417e-18,6.61363e-18,-9.71445e-17,-9.88792e-17,-9.21572e-17,0,-0.535885,-0.243707,0.511314,-0.00889353,3.14159,2.22379,0.0346077,3.27099,-0.010369,-0.392699,4.18465,0.0331325,3.13743,-0.0102341,0.523599,0,0,0,0.0890426,-0.00665575,-0.535885,0.511312,3.12931,2.22379,3.27099,-0.394206,4.18465,3.13746,0.519431,0.00591631,-2.11995,0.970395,3.48696e-05,-0.196147,0.0017328,0.323505,-0.32324,0.0137114,0.0488877,0.0122954,1.00018,-23.286,57.482,4.92791,2.74042,-7.72099,1.27629,1.44391,-7.65292,2.08379
0.7,-6.37008,-2.0032,0.0959786,0.258541,-0.000703277,0.916772,-0.530008,-0.239505,0.511169,0.162302,3.13544,-2.3274,2.22984,-3.34561,3.27801,0.291969,-0.388113,-4.24418,4.1906,-3.17768,3.14434,-0.58506,0.525464,-5.32007,-2.0008,-7.67819,-0.408831,-7.64689,-3.66411,-4.77008,-2.00433,-7.16911,-0.616999,-7.17106,-3.38828,0.277813,0.320513,-0.558804,0.0895182,-0.00360616,0.152615,-0.00696688,-0.314517,-0.536271,-1.63993,0.510926,-0.0454869,3.12892,-0.0315951,2.22358,0.193925,3.27078,-0.0519443,-0.394421,-0.0126584,4.18433,0.185754,3.13714,-0.0513095,0.519108,-0.0497645,1.00819,0.244055,-1.26247,1.3325,-8.69812,11.7148,-24.7532,13.1938,-0.0393022,-7.15261,15.1393,-13.1028,5.17913,-1.3675,0.0028023,-0.00597392,-0.844741,3.41727,-24.4955,13.8563,0,8.20843,-0.431407,7.30393,-4.42759,2.77825,0.197516,0.0147126,-0.00479206,-0.860975,2.99064,-32.664,16.4927,21.6028,0.216993,8.50833,-4.11253,-10.7676,4.89026,0.374758,-0.010286,0.00343074,0.00893088,1.63041,-1.62905,0.200835,0.0225234,0.308114,0.505842,13.9048,8.02172,-0.463076,-3.42877,-4.98212,-0.197168,-1.71396,-3.05597,0.233859,0.143037,0.2541,-6.37001,-1.9996,-0.00360616,0,582,-6.93889e-18,0,1.32815e-18,-2.73219e-17,-2.60209e-17,-2.60209e-17,-2.85145e-17,8.67362e-18,1.04083e-17,2.33103e-18,0,-0.536271,-0.250085,0.510927,-0.00890971,3.14159,2.22358,0.0387859,3.27077,-0.0103889,-0.392699,4.18433,0.0371563,3.1371,-0.0102619,0.523599,0,0,0,0.0892646,-0.00696688,-0.536271,0.510926,3.12892,2.22358,3.27078,-0.394421,4.18433,3.13714,0.519108,0.0062636,-2.15377,0.978126,3.73162e-05,-0.198655,0.00178618,0.326081,-0.325811,0.0151554,0.0489751,0.0123248,1.00018,-23.6805,59.0534,5.05819,3.37581,-8.52059,1.3438,2.00026,-8.4408,2.18214
0.72,-6.36288,-2.00316,0.0964344,0.264702,-0.000665765,0.926836,-0.530032,-0.233304,0.510995,0.164432,3.13543,-2.33673,2.22985,-3.352,3.27811,0.28255,-0.388099,-4.24805,4.19062,-3.18043,3.14444,-0.588788,0.525491,-5.31287,-2.00069,-7.67104,-0.408824,-7.63963,-3.66411,-4.76288,-2.00423,-7.16196,-0.616987,-7.1638,-3.38827,0.283854,0.314212,-0.561477,0.0896219,-0.0036108,0.160225,-0.007277,-0.329489,-0.536643,-1.68153,0.510555,-0.0455344,3.12855,-0.0314812,2.22324,0.215894,3.27044,-0.0519528,-0.39476,-0.0107271,4.18401,0.206613,3.13681,-0.051445,0.518782,-0.0498553,1.00821,0.253997,-1.26265,1.33675,-9.23436,11.8217,-25.0571,13.4077,0.254348,-7.25677,15.4094,-13.3141,5.19368,-1.38988,0.00286475,-0.00612805,-0.836637,3.56525,-24.4173,13.9455,0,8.01426,-0.42384,7.25486,-4.46933,2.73385,0.212648,0.0144814,-0.00479754,-0.847186,3.08576,-32.7953,16.5456,21.9532,0.296027,8.57281,-4.12575,-10.9419,4.9294,0.412348,-0.0104677,0.00348455,0.00918862,1.64346,-1.64208,0.200837,0.0227883,0.308034,0.503232,14.2114,8.12918,-0.466497,-3.74763,-5.45077,-0.193474,-1.85041,-3.24221,0.234527,0.140753,0.256136,-6.36292,-1.99955,-0.0036108,0,614,-2.08167e-17,-4.16334e-17,-5.93736e-17,5.91974e-17,-2.25514e-17,-2.60209e-17,-3.07371e-17,-8.67362e-18,-6.93889e-18,-2.16298e-17,0,-0.536643,-0.256392,0.510555,-0.00891024,3.14159,2.22324,0.0431796,3.27043,-0.0103906,-0.392699,4.18401,0.0413282,3.13678,-0.010289,0.523599,0,0,0,0.0893674,-0.007277,-0.536643,0.510555,3.12855,2.22324,3.27044,-0.39476,4.18401,3.13681,0.518782,0.00661123,-2.18862,0.985951,3.57325e-05,-0.194056,0.00183772,0.328692,-0.328416,0.0166609,0.0490626,0.0123541,1.00018,-23.9869,60.5742,5.18239,4.1964,-9.38425,1.44935,2.75804,-9.28552,2.28111
0.74,-6.35537,-2.00308,0.0965279,0.270495,-0.000605182,0.936568,-0.530055,-0.227267,0.510823,0.166176,3.13542,-2.34677,2.22983,-3.35889,3.27818,0.272154,-0.388114,-4.25217,4.19066,-3.1835,3.14457,-0.592813,0.525541,-5.30536,-2.0005,-7.66361,-0.408779,-7.63202,-3.66409,-4.75537,-2.00404,-7.15453,-0.616951,-7.15621,-3.38823,0.28973,0.307402,-0.56447,0.0897086,-0.00357771,0.167875,-0.00758614,-0.345323,-0.537036,-1.72252,0.510162,-0.0455633,3.12816,-0.029538,2.22285,0.236877,3.27005,-0.0519671,-0.395149,-0.00766039,4.18368,0.226992,3.13648,-0.0516172,0.518456,-0.0499514,1.00822,0.264009,-1.26283,1.34113,-9.80133,11.9309,-25.3699,13.6281,0.581487,-7.36299,15.6868,-13.5316,5.20725,-1.41113,0.00294915,-0.00633072,-0.828505,3.72961,-24.3408,14.0366,0,7.82593,-0.429527,7.20614,-4.5114,2.6908,0.22647,0.0142418,-0.00479901,-0.833826,3.20408,-32.926,16.6001,22.3055,0.362182,8.63647,-4.13918,-11.1166,4.96778,0.449699,-0.0107865,0.00358416,0.00957133,1.65627,-1.65484,0.200838,0.00467637,0.289644,0.486573,14.5088,8.21793,-0.501952,-4.09311,-5.96953,-0.206,-2.00166,-3.4431,0.235153,0.138537,0.258132,-6.35539,-1.9995,-0.00357771,0,648,6.93889e-18,1.38778e-17,3.27565e-17,-8.50015e-17,2.42861e-17,2.77556e-17,1.92988e-17,-5.20417e-17,-5.37764e-17,-5.35054e-17,0,-0.537036,-0.26261,0.510165,-0.00890545,3.14159,2.22285,0.0473761,3.27004,-0.0103934,-0.392699,4.18368,0.0454049,3.13645,-0.0103234,0.523599,0,0,0,0.0894534,-0.00758614,-0.537036,0.510162,3.12816,2.22285,3.27005,-0.395149,4.18368,3.13648,0.518456,0.00698096,-2.22357,0.993634,3.8376e-05,-0.206482,0.00191427,0.331253,-0.330968,0.0181855,0.0491557,0.0123854,1.00018,-24.5854,62.221,5.3118,4.65791,-10.1575,1.57141,3.06004,-10.0343,2.38052
0.76,-6.34754,-2.003,0.0965877,0.276469,-0.000563763,0.946589,-0.530115,-0.221006,0.510615,0.167651,3.13536,-2.35757,2.22984,-3.36641,3.27828,0.261168,-0.388102,-4.2564,4.1907,-3.18663,3.1447,-0.596944,0.525584,-5.29753,-2.00032,-7.65584,-0.408744,-7.62413,-3.66407,-4.74754,-2.00391,-7.14676,-0.616913,-7.14832,-3.38819,0.295837,0.299967,-0.567514,0.0894187,-0.00356268,0.175488,-0.00792572,-0.360391,-0.537477,-1.76342,0.50972,-0.0456956,3.12771,-0.027195,2.22248,0.258901,3.26967,-0.0520144,-0.395522,-0.00589364,4.18334,0.249331,3.13614,-0.0517832,0.518112,-0.0500439,1.00817,0.273962,-1.26294,1.34535,-10.3701,12.0387,-25.6798,13.8501,0.912755,-7.46983,15.9664,-13.7531,5.22166,-1.43127,0.00294813,-0.00635061,-0.820348,3.89583,-24.2575,14.1279,0,7.63844,-0.434862,7.15444,-4.55451,2.64812,0.24063,0.0141448,-0.00485035,-0.820593,3.29009,-33.0656,16.6531,22.6774,0.455283,8.70508,-4.15234,-11.3012,5.00711,0.490915,-0.0110664,0.00366903,0.00992919,1.66938,-1.66791,0.200833,0.00299,0.298704,0.501058,14.8255,8.29511,-0.540138,-4.46873,-6.5182,-0.211349,-2.15622,-3.64936,0.235802,0.136344,0.260183,-6.34765,-1.99944,-0.00356268,0,683,1.38778e-17,-1.38778e-17,-4.67562e-18,3.07913e-17,-1.04083e-17,-1.04083e-17,-1.14925e-17,3.46945e-17,3.1225e-17,4.5157e-17,0,-0.537477,-0.268777,0.50972,-0.00892688,3.14159,2.22248,0.0517812,3.26967,-0.0104029,-0.392699,4.18334,0.0498735,3.13611,-0.0103566,0.523599,0,0,0,0.089166,-0.00792572,-0.537477,0.50972,3.12771,2.22248,3.26967,-0.395522,4.18334,3.13614,0.518112,0.00736196,-2.26051,1.0015,4.10325e-05,-0.212111,0.00198584,0.333876,-0.333583,0.0198492,0.0492517,0.0124176,1.00018,-24.47,63.5347,5.46059,5.15826,-10.9729,1.68899,3.61639,-10.8931,2.48518
0.78,-6.33938,-2.00297,0.0970984,0.283416,-0.000556776,0.957754,-0.530131,-0.213951,0.510444,0.170009,3.13536,-2.36897,2.2298,-3.374,3.27833,0.24939,-0.388135,-4.26058,4.19072,-3.18965,3.14482,-0.601088,0.525615,-5.28937,-2.00027,-7.64768,-0.4087,-7.61595,-3.66406,-4.73938,-2.00387,-7.13861,-0.616889,-7.14015,-3.38817,0.302726,0.292467,-0.570453,0.0890727,-0.00359425,0.183362,-0.00832194,-0.374579,-0.537896,-1.80652,0.509301,-0.0458341,3.12729,-0.0257026,2.22203,0.282364,3.26923,-0.0520359,-0.395965,-0.0043893,4.18296,0.272786,3.13576,-0.0519263,0.517732,-0.0501412,1.00811,0.284272,-1.26307,1.34982,-10.9576,12.1523,-26.0084,14.0897,1.24993,-7.58176,16.2617,-13.9915,5.23784,-1.45235,0.00294759,-0.0063731,-0.812082,4.06077,-24.1699,14.2248,0,7.44604,-0.435492,7.0993,-4.60001,2.6031,0.255129,0.0138931,-0.00485241,-0.806634,3.36862,-33.2118,16.7099,23.0686,0.559881,8.77716,-4.16657,-11.4957,5.04806,0.534726,-0.0112193,0.00371167,0.0101822,1.68305,-1.68155,0.200827,0.0255365,0.347374,0.558261,15.1796,8.41428,-0.569857,-4.85018,-7.10699,-0.209003,-2.30636,-3.85599,0.236529,0.134027,0.262312,-6.33947,-1.99938,-0.00359425,0,720,0,2.77556e-17,4.11861e-17,1.12757e-17,2.42861e-17,2.77556e-17,2.47198e-17,-3.81639e-17,-4.51028e-17,-5.48606e-17,0,-0.537896,-0.275283,0.509301,-0.00894931,3.14159,2.22203,0.0564738,3.26923,-0.0104072,-0.392699,4.18296,0.0545651,3.13573,-0.0103853,0.523599,0,0,0,0.0888226,-0.00832194,-0.537896,0.509301,3.12729,2.22203,3.26923,-0.395965,4.18296,3.13576,0.517732,0.00776517,-2.29941,1.00969,4.13296e-05,-0.207666,0.00203643,0.336609,-0.336311,0.0215896,0.0493534,0.0124518,1.00018,-23.3456,64.4715,5.6014,5.7603,-11.8312,1.82787,4.42007,-11.8402,2.60022
0.8,-6.33085,-2.00292,0.0976826,0.290758,-0.000530424,0.969242,-0.529952,-0.20741,0.510446,0.172964,3.13555,-2.3814,2.22978,-3.38249,3.27841,0.236612,-0.388146,-4.26489,4.19076,-3.19282,3.14494,-0.605388,0.525651,-5.28084,-2.00027,-7.63918,-0.408655,-7.60737,-3.66404,-4.73085,-2.00377,-7.13011,-0.616852,-7.13158,-3.38813,0.309082,0.284069,-0.573531,0.0891587,-0.00360505,0.192031,-0.00872109,-0.389652,-0.538143,-1.85559,0.509055,-0.0459978,3.12705,-0.0223166,2.22159,0.305393,3.26879,-0.0521623,-0.396406,-0.00147465,4.18256,0.296222,3.13537,-0.0520935,0.517336,-0.0502518,1.00813,0.295671,-1.26331,1.35517,-11.6234,12.2827,-26.3897,14.3706,1.63253,-7.70989,16.6031,-14.2709,5.25726,-1.47589,0.0029334,-0.00636948,-0.802921,4.2559,-24.0813,14.3329,0,7.24558,-0.452801,7.04325,-4.64976,2.55535,0.268329,0.0141709,-0.00504615,-0.791898,3.48156,-33.3611,16.7772,23.4818,0.651003,8.85007,-4.18335,-11.701,5.09204,0.579555,-0.0114465,0.0037806,0.010514,1.69772,-1.69619,0.200829,0.0292063,0.367069,0.574374,15.5081,8.5624,-0.621337,-5.27535,-7.75095,-0.215378,-2.46312,-4.07061,0.237394,0.131563,0.264587,-6.33086,-1.99931,-0.00360505,0,759,6.93889e-18,1.38778e-17,1.88922e-17,-7.15573e-17,-3.1225e-17,-3.46945e-17,-4.11455e-17,3.46945e-18,0,1.19262e-17,0,-0.538143,-0.282691,0.509053,-0.00897705,3.14159,2.22159,0.0610796,3.26879,-0.0104325,-0.392699,4.18256,0.0592533,3.13533,-0.0104187,0.523599,0,0,0,0.0889078,-0.00872109,-0.538143,0.509055,3.12705,2.22159,3.26879,-0.396406,4.18256,3.13537,0.517336,0.00819067,-2.34049,1.01849,4.34791e-05,-0.212598,0.0021028,0.339543,-0.339238,0.0233929,0.0494608,0.0124879,1.00018,-23.0409,65.929,5.68789,6.19651,-12.6668,1.96857,4.96633,-12.7427,2.72059
0.82,-6.32191,-2.00287,0.0984652,0.298769,-0.000532991,0.981735,-0.529926,-0.199553,0.510302,0.175724,3.13558,-2.39501,2.22978,-3.39188,3.27851,0.222689,-0.388142,-4.26937,4.19083,-3.19625,3.14511,-0.60976,0.525733,-5.2719,-2.00024,-7.63024,-0.408603,-7.59842,-3.66402,-4.72191,-2.00372,-7.12117,-0.616801,-7.12265,-3.38808,0.316758,0.274773,-0.576866,0.0893072,-0.00363096,0.20114,-0.00916059,-0.410543,-0.538554,-1.9031,0.508644,-0.0462055,3.12664,-0.0196092,2.22115,0.329889,3.26835,-0.0522498,-0.396844,0.00201959,4.1822,0.320485,3.13501,-0.0523411,0.516974,-0.0503666,1.00815,0.307677,-1.26359,1.361,-12.4252,12.4222,-26.8015,14.6672,2.15752,-7.84698,16.9718,-14.5662,5.27218,-1.49583,0.00288676,-0.00629714,-0.793054,4.45427,-23.9865,14.4489,0,7.03778,-0.467699,6.98367,-4.70336,2.50444,0.281596,0.0142472,-0.00517842,-0.776147,3.60796,-33.5207,16.8531,23.9194,0.742574,8.92641,-4.20206,-11.9174,5.13783,0.626882,-0.0120092,0.00396117,0.011168,1.71299,-1.71138,0.200832,0.0391336,0.400548,0.624644,15.903,8.69908,-0.680654,-5.74495,-8.44919,-0.223974,-2.63067,-4.28877,0.23806,0.128942,0.266965,-6.32203,-1.99924,-0.00363096,0,799,-6.93889e-18,0,4.47233e-19,-6.50521e-19,-2.42861e-17,-2.08167e-17,-2.23888e-17,1.73472e-17,1.04083e-17,2.58582e-17,0,-0.538554,-0.289859,0.508642,-0.00901638,3.14159,2.22115,0.065979,3.26835,-0.01045,-0.392699,4.1822,0.0641069,3.13497,-0.0104682,0.523599,0,0,0,0.089055,-0.00916059,-0.538554,0.508644,3.12664,2.22115,3.26835,-0.396844,4.1822,3.13501,0.516974,0.0086276,-2.3838,1.02766,4.52773e-05,-0.217828,0.00223361,0.342598,-0.342277,0.0252986,0.0495712,0.0125249,1.00018,-21.9338,67.0875,5.82695,6.63751,-13.5353,2.10767,5.49119,-13.6776,2.83092
0.84,-6.31251,-2.00285,0.0997554,0.307899,-0.000553416,0.995514,-0.529839,-0.191161,0.510196,0.178978,3.13568,-2.40982,2.22979,-3.40203,3.27862,0.207563,-0.38813,-4.27379,4.19086,-3.1995,3.14525,-0.614215,0.525769,-5.2625,-2.0003,-7.62082,-0.408571,-7.58904,-3.664,-4.71251,-2.00373,-7.11174,-0.616765,-7.11328,-3.38805,0.324944,0.264725,-0.580014,0.0896225,-0.00369469,0.210925,-0.00965131,-0.430142,-0.538937,-1.95726,0.508261,-0.0464053,3.12625,-0.0168068,2.22069,0.355636,3.26789,-0.0523818,-0.397307,0.00328836,4.18176,0.347206,3.13457,-0.0525177,0.516532,-0.0504931,1.00821,0.320619,-1.26396,1.36757,-13.284,12.5791,-27.2674,15.0103,2.70385,-8.00081,17.3885,-14.9073,5.29174,-1.51882,0.00285607,-0.00626222,-0.782484,4.66657,-23.8855,14.5765,0,6.82032,-0.486187,6.92026,-4.7621,2.44972,0.294553,0.0145387,-0.0054018,-0.759247,3.67949,-33.6899,16.9373,24.3966,0.878519,9.00833,-4.22317,-12.1545,5.18917,0.679772,-0.0122159,0.00402443,0.0115129,1.73012,-1.72848,0.200838,0.0645088,0.456497,0.688961,16.3237,8.86059,-0.740725,-6.25201,-9.20985,-0.221179,-2.79165,-4.511,0.238937,0.126122,0.269628,-6.31256,-1.99915,-0.00369469,0,842,6.93889e-18,0,2.43268e-17,-5.07407e-17,1.73472e-17,1.04083e-17,2.98156e-18,9.36751e-17,9.36751e-17,8.72241e-17,0,-0.538937,-0.298039,0.50826,-0.00905228,3.14159,2.22069,0.0711286,3.26788,-0.0104764,-0.392699,4.18176,0.0694526,3.13453,-0.0105035,0.523599,0,0,0,0.0893673,-0.00965131,-0.538937,0.508261,3.12625,2.22069,3.26789,-0.397307,4.18176,3.13457,0.516532,0.00909789,-2.43125,1.03793,4.89991e-05,-0.212101,0.00230259,0.346024,-0.345696,0.0274007,0.0496901,0.0125648,1.00018,-20.3538,68.198,5.95743,7.14197,-14.449,2.25529,6.40407,-14.7627,2.96475
0.86,-6.30261,-2.00284,0.101539,0.318106,-0.000587671,1.01053,-0.529734,-0.182079,0.510087,0.182484,3.1358,-2.42598,2.22978,-3.41305,3.27873,0.190884,-0.38813,-4.2782,4.19089,-3.20273,3.14538,-0.618718,0.525798,-5.2526,-2.0004,-7.61087,-0.40853,-7.57919,-3.66397,-4.70261,-2.00378,-7.1018,-0.616727,-7.10343,-3.38801,0.333801,0.25381,-0.583144,0.0904268,-0.00377654,0.221636,-0.0101784,-0.453136,-0.539325,-2.01684,0.507873,-0.0466614,3.12587,-0.0138871,2.22019,0.382182,3.26739,-0.0525065,-0.397805,0.00591745,4.18129,0.374165,3.1341,-0.0526838,0.516059,-0.0506343,1.00836,0.334864,-1.26447,1.37534,-14.3,12.7601,-27.8101,15.4092,3.37733,-8.17779,17.873,-15.3037,5.31246,-1.54222,0.002785,-0.00614238,-0.770666,4.89852,-23.7807,14.721,0,6.59095,-0.511761,6.85347,-4.82749,2.38995,0.306527,0.0147969,-0.0056296,-0.740778,3.78326,-33.8638,17.0366,24.9015,1.00449,9.09188,-4.24812,-12.4056,5.24426,0.734518,-0.012345,0.00406515,0.0117984,1.7485,-1.74684,0.200854,0.0891569,0.510388,0.750951,16.7787,9.03141,-0.807756,-6.80325,-10.0485,-0.220198,-2.95212,-4.73545,0.239859,0.12304,0.272478,-6.30265,-1.99906,-0.00377654,0,887,-6.93889e-18,0,1.19804e-17,-3.88144e-17,-6.93889e-18,-6.93889e-18,-1.11131e-17,2.42861e-17,1.73472e-17,2.13046e-17,0,-0.539325,-0.307036,0.507871,-0.00910235,3.14159,2.22019,0.076438,3.26739,-0.0105013,-0.392699,4.18129,0.0748461,3.13405,-0.0105368,0.523599,0,0,0,0.0901647,-0.0101784,-0.539325,0.507873,3.12587,2.22019,3.26739,-0.397805,4.18129,3.1341,0.516059,0.00959072,-2.48149,1.04896,5.34251e-05,-0.206125,0.00235968,0.3497,-0.349367,0.0295755,0.0498147,0.0126067,1.00019,-18.6758,69.4556,6.09072,7.64582,-15.3838,2.41436,7.26916,-15.8577,3.10768
0.88,-6.29223,-2.0028,0.103446,0.32903,-0.000635957,1.02649,-0.529646,-0.172467,0.509943,0.185759,3.1359,-2.44429,2.2298,-3.42584,3.27885,0.17198,-0.38811,-4.28292,4.19097,-3.20642,3.14558,-0.62345,0.525888,-5.24222,-2.00049,-7.60042,-0.40846,-7.56884,-3.66393,-4.69223,-2.00382,-7.09134,-0.61665,-7.09311,-3.38793,0.343165,0.241124,-0.586727,0.0917056,-0.00384022,0.233261,-0.0107421,-0.479663,-0.539752,-2.08173,0.507446,-0.0468953,3.12544,-0.0104972,2.21969,0.409328,3.26689,-0.0526405,-0.398306,0.0106339,4.18086,0.401027,3.13367,-0.0529602,0.515626,-0.0507903,1.0086,0.350417,-1.26514,1.38436,-15.4949,12.9674,-28.4377,15.8702,4.20059,-8.38021,18.4328,-15.762,5.33413,-1.56581,0.00274206,-0.00608809,-0.757564,5.15205,-23.6711,14.8831,0,6.35109,-0.546316,6.78336,-4.90015,2.32547,0.317247,0.0151124,-0.00589792,-0.720848,3.93887,-34.0461,17.1544,25.4348,1.10904,9.17692,-4.27737,-12.6694,5.30235,0.790789,-0.0129177,0.00425607,0.0125251,1.76789,-1.76614,0.200877,0.0953813,0.546194,0.797997,17.2603,9.193,-0.915342,-7.44218,-10.9983,-0.236158,-3.13218,-4.97119,0.240824,0.119714,0.275485,-6.29232,-1.99896,-0.00384022,0,934,0,-1.38778e-17,-1.03711e-17,-1.6263e-17,-6.245e-17,-6.245e-17,-5.6758e-17,0,6.93889e-18,1.56667e-17,0,-0.539752,-0.316834,0.507445,-0.00914535,3.14159,2.21969,0.0818673,3.26689,-0.0105281,-0.392699,4.18086,0.0802202,3.13362,-0.010592,0.523599,0,0,0,0.0914324,-0.0107421,-0.539752,0.507446,3.12544,2.21969,3.26689,-0.398306,4.18086,3.13367,0.515626,0.0101062,-2.53429,1.06059,5.77632e-05,-0.219313,0.00250502,0.353577,-0.353228,0.0318501,0.0499452,0.0126506,1.00019,-17.1994,70.995,6.23562,7.90081,-16.2888,2.57489,7.61206,-16.8555,3.23952
0.9,-6.28135,-2.00273,0.105256,0.340363,-0.000676227,1.04321,-0.529681,-0.162018,0.509668,0.18802,3.13589,-2.46525,2.22985,-3.44089,3.27903,0.15039,-0.388051,-4.28801,4.19109,-3.21041,3.14582,-0.628378,0.526019,-5.23134,-2.00047,-7.58949,-0.408387,-7.55798,-3.66389,-4.68135,-2.00381,-7.08041,-0.61655,-7.08228,-3.38783,0.353358,0.226187,-0.590615,0.0930762,-0.00388513,0.245819,-0.0113316,-0.51132,-0.540336,-2.14917,0.506861,-0.0471605,3.12485,-0.0064162,2.2192,0.438478,3.2664,-0.0528077,-0.398801,0.0147055,4.18043,0.430614,3.13324,-0.0533158,0.515198,-0.0509571,1.00886,0.367281,-1.26587,1.39444,-16.9131,13.1998,-29.1473,16.3895,5.23067,-8.60689,19.066,-16.2776,5.35385,-1.58708,0.00268262,-0.00599994,-0.743297,5.42744,-23.5501,15.0635,0,6.09921,-0.586915,6.70669,-4.98139,2.25616,0.327512,0.0156067,-0.00626356,-0.699434,4.0749,-34.2461,17.2866,26.0237,1.24354,9.26952,-4.31005,-12.96,5.36597,0.854023,-0.013782,0.00454447,0.013572,1.78912,-1.78725,0.200903,0.090475,0.56664,0.835802,17.7825,9.30101,-1.04809,-8.19209,-12.0828,-0.25435,-3.32603,-5.21653,0.241713,0.116145,0.278788,-6.28134,-1.99885,-0.00388513,0,984,0,0,1.09775e-18,-2.81893e-17,-1.04083e-17,3.46945e-18,3.30682e-18,6.245e-17,5.55112e-17,5.87638e-17,0,-0.540336,-0.32703,0.50686,-0.00919619,3.14159,2.2192,0.0876976,3.26639,-0.0105615,-0.392699,4.18043,0.0861378,3.13319,-0.0106632,0.523599,0,0,0,0.0927909,-0.0113316,-0.540336,0.506861,3.12485,2.2192,3.2664,-0.398801,4.18043,3.13324,0.515198,0.0106553,-2.59241,1.07331,5.56929e-05,-0.238566,0.00271439,0.357824,-0.357449,0.0344266,0.0500844,0.0126973,1.00019,-15.817,72.7077,6.43171,8.13969,-17.2662,2.73429,7.93469,-17.9201,3.3691
0.92,-6.26998,-2.00264,0.106858,0.351771,-0.000695975,1.05999,-0.52962,-0.152117,0.509465,0.189889,3.13597,-2.48881,2.22995,-3.45821,3.27926,0.126195,-0.387945,-4.29336,4.19124,-3.21462,3.14609,-0.633409,0.526178,-5.21997,-2.00044,-7.57812,-0.408329,-7.5466,-3.66385,-4.66998,-2.00375,-7.06901,-0.616439,-7.07094,-3.38772,0.362974,0.209,-0.594701,0.094325,-0.00391412,0.259206,-0.0119233,-0.541542,-0.540847,-2.22324,0.506351,-0.0474615,3.12434,-0.00205546,2.21872,0.470451,3.26592,-0.0529957,-0.399272,0.0187998,4.18001,0.463109,3.13281,-0.0537271,0.514777,-0.0511283,1.00909,0.385299,-1.2666,1.40537,-18.4573,13.4556,-29.9345,16.9791,6.35071,-8.85701,19.771,-16.8636,5.37847,-1.60959,0.00259446,-0.0058486,-0.728313,5.71851,-23.4146,15.2621,0,5.83746,-0.629019,6.62185,-5.07158,2.18219,0.337635,0.0162353,-0.00671913,-0.676574,4.20469,-34.4644,17.4299,26.6703,1.40223,9.37059,-4.3454,-13.2786,5.43399,0.924663,-0.0148493,0.00490025,0.0148667,1.81183,-1.8098,0.200927,0.0801039,0.570374,0.838856,18.2785,9.38893,-1.17791,-9.05284,-13.2973,-0.267535,-3.5289,-5.46676,0.242824,0.112337,0.282324,-6.26994,-1.99872,-0.00391412,0,1036,0,-1.38778e-17,2.36797e-17,-2.35272e-17,-1.38778e-17,-1.73472e-17,-2.42861e-17,1.9082e-16,1.83881e-16,1.80411e-16,0,-0.540847,-0.338215,0.506351,-0.00925636,3.14159,2.21872,0.0940914,3.26592,-0.0105991,-0.392699,4.18001,0.0926362,3.13277,-0.0107454,0.523599,0,0,0,0.0940283,-0.0119233,-0.540847,0.506351,3.12434,2.21872,3.26592,-0.399272,4.18001,3.13281,0.514777,0.0112273,-2.6561,1.0869,5.01611e-05,-0.252512,0.00297334,0.362366,-0.36196,0.0373076,0.0502295,0.0127461,1.0002,-15.1488,74.8848,6.60384,8.62905,-18.3911,2.8863,8.49089,-19.1195,3.49599
0.94,-6.25811,-2.00254,0.10843,0.363555,-0.000732782,1.07726,-0.529582,-0.141641,0.509238,0.191453,3.13602,-2.51509,2.23001,-3.47765,3.27947,0.0985497,-0.387881,-4.29894,4.19142,-3.21913,3.14642,-0.638606,0.526376,-5.2081,-2.00042,-7.56621,-0.40823,-7.53473,-3.66381,-4.65811,-2.00371,-7.05709,-0.61631,-7.05912,-3.38759,0.373166,0.189704,-0.599084,0.0953416,-0.00395173,0.273057,-0.0125551,-0.574158,-0.541405,-2.29753,0.505793,-0.0477699,3.12379,0.00104072,2.21819,0.505436,3.26539,-0.0531569,-0.399808,0.0231852,4.1796,0.497742,3.1324,-0.0542731,0.514371,-0.0513015,1.00929,0.403984,-1.26732,1.41687,-20.1796,13.727,-30.7784,17.6154,7.64561,-9.12269,20.5285,-17.4962,5.40184,-1.62911,0.00250226,-0.00568751,-0.712934,6.00843,-23.2667,15.4756,0,5.57271,-0.664414,6.52883,-5.16892,2.10425,0.347567,0.0167234,-0.0071537,-0.652479,4.33361,-34.6992,17.583,27.3617,1.5776,9.47873,-4.38306,-13.6185,5.5042,1.00139,-0.016456,0.00543522,0.016758,1.83524,-1.83298,0.200947,0.0786107,0.589221,0.863503,18.8039,9.46174,-1.31442,-10.0218,-14.6849,-0.279202,-3.74513,-5.72666,0.24388,0.108326,0.285978,-6.25811,-1.99858,-0.00395173,0,1090,0,-1.38778e-17,-2.45097e-17,2.4503e-17,2.08167e-17,2.77556e-17,2.0112e-17,-3.81639e-17,-3.81639e-17,-2.15756e-17,0,-0.541405,-0.34943,0.505792,-0.00931888,3.14159,2.21819,0.101089,3.26538,-0.0106314,-0.392699,4.1796,0.0995626,3.13237,-0.0108546,0.523599,0,0,0,0.0950355,-0.0125551,-0.541405,0.505793,3.12379,2.21819,3.26539,-0.399808,4.1796,3.1324,0.514371,0.0118223,-2.72405,1.10093,4.70545e-05,-0.262201,0.0033516,0.367047,-0.366595,0.0404372,0.0503805,0.0127969,1.0002,-13.7356,76.7614,6.79144,9.23573,-19.6192,3.05883,9.17484,-20.4306,3.61894
0.96,-6.2457,-2.00239,0.10969,0.375551,-0.000777564,1.09489,-0.529518,-0.13102,0.509024,0.192525,3.13611,-2.5451,2.23,-3.49997,3.27961,0.0660906,-0.387887,-4.30512,4.19176,-3.22449,3.1469,-0.644134,0.526725,-5.19569,-2.00038,-7.55374,-0.408044,-7.52229,-3.6638,-4.6457,-2.00364,-7.04462,-0.61613,-7.04678,-3.38741,0.383486,0.167525,-0.604314,0.0962937,-0.00395823,0.287596,-0.0132289,-0.607638,-0.541969,-2.37567,0.505228,-0.0480955,3.12322,0.0043569,2.21755,0.542527,3.26474,-0.0533009,-0.400449,0.0307304,4.17931,0.533087,3.13211,-0.0550893,0.514085,-0.0514827,1.00947,0.423667,-1.26808,1.42928,-22.1001,14.0233,-31.7082,18.3255,9.11661,-9.41287,21.3652,-18.2023,5.42701,-1.64744,0.00239983,-0.00550311,-0.696895,6.31045,-23.1079,15.7084,0,5.30587,-0.702082,6.42773,-5.27451,2.02244,0.356411,0.0171066,-0.00758238,-0.627192,4.54356,-34.9554,17.7544,28.0986,1.72173,9.59272,-4.42455,-13.9771,5.57523,1.08188,-0.0191636,0.00633929,0.0198548,1.85894,-1.85629,0.200965,0.0629907,0.599802,0.88187,19.3368,9.50949,-1.50047,-11.1389,-16.3158,-0.30914,-3.99625,-6.00224,0.245013,0.104115,0.28967,-6.24565,-1.99843,-0.00395823,0,1147,0,2.77556e-17,-1.92785e-18,2.27682e-18,-3.46945e-18,-3.46945e-18,-6.12574e-18,4.51028e-17,3.1225e-17,6.35342e-17,0,-0.541969,-0.361223,0.505228,-0.009386,3.14159,2.21755,0.108506,3.26474,-0.0106602,-0.392699,4.17931,0.10663,3.13208,-0.0110179,0.523599,0,0,0,0.0959786,-0.0132289,-0.541969,0.505228,3.12322,2.21755,3.26474,-0.400449,4.17931,3.13211,0.514085,0.0124514,-2.79572,1.11513,4.07246e-05,-0.29315,0.00397096,0.371787,-0.371259,0.0437941,0.0505404,0.0128506,1.0002,-12.2826,78.7279,6.98065,9.6453,-20.8715,3.26506,9.27513,-21.6662,3.70699
0.98,-6.23273,-2.00225,0.110979,0.387919,-0.000814956,1.11291,-0.529419,-0.12019,0.508837,0.193237,3.13623,-2.57835,2.22993,-3.52477,3.27972,0.0292522,-0.387944,-4.31125,4.19199,-3.22944,3.1473,-0.649631,0.526964,-5.18272,-2.00036,-7.5407,-0.407845,-7.5093,-3.66374,-4.63273,-2.00356,-7.0316,-0.615962,-7.03385,-3.38724,0.394007,0.142891,-0.609103,0.0969072,-0.00398573,0.302986,-0.0139186,-0.643012,-0.542522,-2.45651,0.504675,-0.0484454,3.12267,0.00901668,2.21683,0.582671,3.26403,-0.0534226,-0.401164,0.0303339,4.17888,0.576221,3.13168,-0.055783,0.513662,-0.0516638,1.00959,0.444519,-1.26879,1.44251,-24.2695,14.3448,-32.727,19.1134,10.8186,-9.72824,22.2847,-18.9858,5.45275,-1.66343,0.00227588,-0.00526794,-0.68022,6.63083,-22.9325,15.9624,0,5.0369,-0.743499,6.31563,-5.38983,1.9367,0.364425,0.0173584,-0.00799753,-0.600684,4.51055,-35.2374,17.9321,28.9398,2.03959,9.72317,-4.46837,-14.3898,5.65775,1.1807,-0.0212901,0.00704755,0.0224887,1.88643,-1.88348,0.200977,0.0644838,0.618404,0.900802,19.8803,9.53783,-1.66214,-12.382,-18.167,-0.306519,-4.23244,-6.2778,0.246177,0.0997051,0.293966,-6.23276,-1.99827,-0.00398573,0,1206,-2.77556e-17,-2.77556e-17,-6.37621e-17,6.37511e-17,-6.93889e-18,-1.38778e-17,-1.77267e-17,1.73472e-16,1.66533e-16,1.80194e-16,0,-0.542522,-0.373422,0.504674,-0.00946058,3.14159,2.21683,0.116534,3.26403,-0.0106845,-0.392699,4.17888,0.115256,3.13166,-0.0111566,0.523599,0,0,0,0.0965861,-0.0139186,-0.542522,0.504675,3.12267,2.21683,3.26403,-0.401164,4.17888,3.13168,0.513662,0.0131036,-2.87824,1.13162,3.63271e-05,-0.290354,0.00449774,0.377287,-0.376697,0.0478251,0.0507063,0.0129064,1.0002,-10.5747,80.6612,7.16671,10.4334,-22.3001,3.49463,10.667,-23.3683,3.83302
1,-6.21919,-2.0021,0.112272,0.400796,-0.000869272,1.13147,-0.529274,-0.109054,0.508681,0.193641,3.1364,-2.61577,2.2298,-3.55309,3.27976,-0.0137857,-0.388072,-4.3174,4.19208,-3.23417,3.14757,-0.65548,0.527072,-5.16918,-2.00037,-7.52706,-0.407575,-7.49581,-3.66359,-4.61919,-2.00349,-7.01798,-0.615761,-7.02039,-3.38704,0.404818,0.114747,-0.613669,0.0975162,-0.00401028,0.319009,-0.0146596,-0.678977,-0.543064,-2.54123,0.504133,-0.0488183,3.12213,0.0139147,2.21601,0.624483,3.26321,-0.0534683,-0.401987,0.0297129,4.17829,0.621343,3.13109,-0.0563094,0.513071,-0.051854,1.00971,0.466323,-1.26956,1.45677,-26.6909,14.6961,-33.8512,19.9939,12.7503,-10.0727,23.3014,-19.8612,5.48054,-1.6777,0.00213302,-0.00498682,-0.662959,6.959,-22.7465,16.2372,0,4.77201,-0.786733,6.19566,-5.51402,1.84748,0.370586,0.0170994,-0.00820862,-0.57305,4.44538,-35.5208,18.1184,29.8227,2.3918,9.85815,-4.51517,-14.8265,5.7439,1.28611,-0.0226494,0.00750391,0.0244079,1.91511,-1.91195,0.200989,0.0646127,0.643845,0.928244,20.4389,9.54926,-1.87101,-13.8046,-20.3253,-0.307084,-4.46444,-6.57266,0.247426,0.0951134,0.298442,-6.21924,-1.99809,-0.00401028,0,1268,1.38778e-17,2.77556e-17,6.37714e-17,-9.1073e-17,-3.46945e-17,-3.46945e-17,-3.21466e-17,-7.63278e-17,-7.63278e-17,-7.22079e-17,0,-0.543064,-0.386208,0.504132,-0.00954219,3.14159,2.21601,0.124897,3.2632,-0.0106937,-0.392699,4.17829,0.124279,3.13106,-0.0112619,0.523599,0,0,0,0.0971891,-0.0146596,-0.543064,0.504133,3.12213,2.21601,3.26321,-0.401987,4.17829,3.13109,0.513071,0.0137904,-2.96553,1.14884,3.03039e-05,-0.294745,0.00488159,0.383021,-0.38239,0.0521182,0.0508812,0.0129652,1.0002,-8.30753,82.4376,7.34898,11.0577,-23.7437,3.7576,11.9342,-25.0995,4.00923
1.02,-6.20512,-2.00193,0.1137,0.414362,-0.000938107,1.15083,-0.529152,-0.0971524,0.508493,0.193336,3.13655,-2.65804,2.22963,-3.58571,3.27979,-0.0638211,-0.388234,-4.32371,4.19221,-3.23923,3.14788,-0.661577,0.52722,-5.15511,-2.00038,-7.51286,-0.407271,-7.4818,-3.66343,-4.60512,-2.00344,-7.00382,-0.615544,-7.00642,-3.38682,0.416382,0.0823134,-0.618566,0.098093,-0.00404699,0.335926,-0.0154498,-0.718338,-0.543664,-2.6291,0.503534,-0.0491767,3.12153,0.019882,2.21512,0.668373,3.26232,-0.0535015,-0.402877,0.0357845,4.1777,0.665947,3.1305,-0.0569695,0.512486,-0.052053,1.00983,0.489437,-1.2704,1.47233,-29.4925,15.0859,-35.1107,20.9869,15.0421,-10.4551,24.4436,-20.8485,5.50816,-1.68875,0.00201038,-0.00475087,-0.644752,7.30152,-22.5457,16.5379,0,4.51031,-0.834149,6.0659,-5.64977,1.75396,0.374626,0.0167137,-0.00838568,-0.544076,4.55932,-35.8155,18.3237,30.7449,2.65781,9.99708,-4.56663,-15.2814,5.82897,1.39328,-0.0245292,0.00814029,0.0269707,1.94339,-1.93996,0.201001,0.071398,0.678302,0.967727,21.0358,9.52657,-2.11345,-15.444,-22.8337,-0.315616,-4.71084,-6.88088,0.248669,0.0903009,0.302863,-6.20509,-1.99789,-0.00404699,0,1333,-1.38778e-17,-1.38778e-17,4.44523e-18,-4.55365e-18,-6.93889e-18,-1.38778e-17,-1.20346e-17,1.66533e-16,1.66533e-16,1.45717e-16,0,-0.543664,-0.399472,0.503532,-0.00961953,3.14159,2.21512,0.133675,3.26231,-0.0107003,-0.392699,4.1777,0.133199,3.13048,-0.0113939,0.523599,0,0,0,0.0977601,-0.0154498,-0.543664,0.503534,3.12153,2.21512,3.26232,-0.402877,4.1777,3.1305,0.512486,0.0145117,-3.0565,1.16585,2.64487e-05,-0.298051,0.00539414,0.388679,-0.387993,0.0564853,0.0510651,0.013027,1.00021,-5.28178,83.9835,7.54909,11.6665,-25.2414,4.04269,12.9345,-26.8214,4.18512
1.04,-6.19054,-2.00177,0.11536,0.428532,-0.00100539,1.17076,-0.529033,-0.0848912,0.508282,0.191909,3.1367,-2.70521,2.22943,-3.62335,3.27979,-0.122069,-0.388427,-4.33001,4.19236,-3.24431,3.14822,-0.667636,0.52738,-5.14054,-2.00039,-7.49815,-0.40695,-7.46728,-3.66328,-4.59054,-2.00338,-6.98915,-0.615324,-6.99194,-3.3866,0.42828,0.0448649,-0.623471,0.098783,-0.00409804,0.353895,-0.016262,-0.760143,-0.544289,-2.7227,0.502908,-0.0495854,3.1209,0.0270704,2.21417,0.714237,3.26137,-0.0535213,-0.403823,0.0415599,4.1771,0.713436,3.12991,-0.0576678,0.511889,-0.0522608,1.00997,0.514116,-1.27132,1.48953,-32.7476,15.5268,-36.5479,22.1303,17.7546,-10.8877,25.7508,-21.9854,5.53765,-1.69667,0.00183572,-0.00438898,-0.62537,7.65938,-22.3293,16.8701,0,4.25321,-0.886202,5.92557,-5.79935,1.65547,0.375978,0.0162059,-0.00852795,-0.513553,4.64227,-36.1288,18.551,31.7422,2.96574,10.1443,-4.62358,-15.773,5.91987,1.51024,-0.0265182,0.00882025,0.0297776,1.97363,-1.9699,0.201015,0.0830354,0.708504,0.996366,21.6508,9.44432,-2.35878,-17.3363,-25.7528,-0.315141,-4.95766,-7.18698,0.249991,0.0852314,0.307582,-6.19053,-1.99767,-0.00409804,0,1400,1.38778e-17,4.16334e-17,6.07153e-17,-8.84709e-17,-1.38778e-17,-2.77556e-17,-3.13877e-17,6.245e-17,4.85723e-17,7.02563e-17,0,-0.544289,-0.413595,0.502907,-0.0097132,3.14159,2.21417,0.142848,3.26137,-0.0107043,-0.392699,4.1771,0.142699,3.12988,-0.0115336,0.523599,0,0,0,0.098443,-0.016262,-0.544289,0.502908,3.1209,2.21417,3.26137,-0.403823,4.1771,3.12991,0.511889,0.0152567,-3.15484,1.18403,3.00204e-05,-0.285701,0.00595551,0.394726,-0.39398,0.061219,0.0512553,0.0130909,1.00021,-2.16584,85.6482,7.75713,12.4708,-26.8484,4.34536,14.377,-28.7417,4.36368
1.06,-6.17541,-2.00162,0.117506,0.443291,-0.00105429,1.19111,-0.528931,-0.0722036,0.508039,0.188982,3.13684,-2.75679,2.22926,-3.66657,3.27984,-0.188923,-0.388591,-4.33588,4.19241,-3.24871,3.14848,-0.673323,0.527447,-5.1254,-2.00037,-7.48291,-0.406672,-7.45219,-3.66312,-4.57541,-2.0033,-6.97394,-0.615133,-6.97687,-3.38641,0.440585,0.00185364,-0.627678,0.0996844,-0.00418297,0.372732,-0.0170797,-0.805133,-0.544956,-2.82064,0.502241,-0.0500734,3.12023,0.0353233,2.21323,0.761263,3.26043,-0.0535566,-0.404762,0.0437935,4.17639,0.764433,3.12919,-0.0582266,0.511173,-0.0524797,1.01015,0.540161,-1.27236,1.50842,-36.5403,16.0234,-38.1816,23.4379,20.9809,-11.3756,27.2426,-23.2862,5.56778,-1.69966,0.00156938,-0.00379948,-0.604838,8.02547,-22.0991,17.2335,0,4.00669,-0.941505,5.77669,-5.96311,1.55296,0.374067,0.0157678,-0.00873,-0.481782,4.58123,-36.4483,18.7947,32.8072,3.37717,10.2973,-4.68516,-16.3007,6.01855,1.6388,-0.0278597,0.0092908,0.0319824,2.00644,-2.0025,0.201034,0.107257,0.73793,1.01757,22.2887,9.28199,-2.57915,-19.5058,-29.1018,-0.293323,-5.17492,-7.47503,0.251336,0.0799538,0.312702,-6.17556,-1.99744,-0.00418297,0,1469,1.38778e-17,-1.38778e-17,1.99629e-17,3.58871e-17,0,0,-2.71051e-18,8.32667e-17,9.02056e-17,8.0231e-17,0,-0.544956,-0.428356,0.502241,-0.00983428,3.14159,2.21323,0.152254,3.26043,-0.0107113,-0.392699,4.17639,0.152899,3.12917,-0.0116453,0.523599,0,0,0,0.0993349,-0.0170797,-0.544956,0.502241,3.12023,2.21323,3.26043,-0.404762,4.17639,3.12919,0.511173,0.0160255,-3.26039,1.20377,2.98582e-05,-0.241731,0.00639648,0.401288,-0.400501,0.0663255,0.0514517,0.013157,1.00022,1.16236,87.3452,7.97824,13.5768,-28.5574,4.64697,16.7433,-30.9404,4.57622
1.08,-6.15969,-2.00147,0.120239,0.458726,-0.00108499,1.21196,-0.528854,-0.0589343,0.507755,0.18403,3.13696,-2.81309,2.22909,-3.71625,3.27988,-0.266816,-0.388758,-4.34132,4.1924,-3.25268,3.14867,-0.678922,0.527451,-5.10968,-2.00032,-7.46711,-0.406414,-7.43652,-3.66294,-4.55969,-2.00321,-6.95818,-0.614964,-6.96119,-3.38624,0.453452,-0.0476075,-0.631459,0.101029,-0.00429616,0.392133,-0.0179255,-0.852106,-0.545695,-2.92317,0.501503,-0.0506557,3.1195,0.0434006,2.21224,0.8083,3.25944,-0.0535977,-0.405751,0.0484538,4.17556,0.814064,3.12837,-0.0586343,0.510347,-0.0527204,1.01043,0.567267,-1.27358,1.52912,-40.9192,16.5833,-40.0398,24.9333,24.7708,-11.926,28.946,-24.7749,5.59932,-1.69732,0.00118821,-0.00291545,-0.583274,8.38803,-21.8603,17.6281,0,3.77624,-0.996416,5.62143,-6.14024,1.44721,0.368332,0.0152872,-0.00892784,-0.448997,4.57116,-36.7565,19.0575,33.8814,3.76279,10.4456,-4.75177,-16.8346,6.11821,1.76794,-0.0285049,0.00954227,0.0334468,2.0396,-2.03555,0.201062,0.136679,0.771762,1.04261,22.9572,9.01154,-2.81453,-21.9984,-33.0025,-0.272321,-5.37378,-7.75769,0.252733,0.0745075,0.317865,-6.15976,-1.99718,-0.00429616,0,1542,0,-1.38778e-17,-3.69577e-17,-1.91904e-17,-4.16334e-17,-6.93889e-17,-6.74916e-17,5.55112e-17,4.85723e-17,4.18502e-17,0,-0.545695,-0.443797,0.501502,-0.00998975,3.14159,2.21224,0.161661,3.25944,-0.0107195,-0.392699,4.17556,0.162828,3.12834,-0.0117269,0.523599,0,0,0,0.100665,-0.0179255,-0.545695,0.501503,3.1195,2.21224,3.25944,-0.405751,4.17556,3.12837,0.510347,0.0168406,-3.36723,1.22371,3.61508e-05,-0.191885,0.00668937,0.40792,-0.40711,0.0714115,0.0516603,0.0132271,1.00022,5.19344,88.8204,8.22299,14.6465,-30.24,4.96525,19.0698,-33.1152,4.82168
1.1,-6.14337,-2.00134,0.123722,0.474938,-0.00111693,1.23325,-0.528734,-0.0456037,0.507487,0.177354,3.13713,-2.87429,2.22892,-3.7741,3.27995,-0.358253,-0.38892,-4.34631,4.19238,-3.25622,3.14884,-0.684177,0.527442,-5.09337,-2.0003,-7.45072,-0.406174,-7.42026,-3.66277,-4.54337,-2.00313,-6.94182,-0.614809,-6.94492,-3.38609,0.466348,-0.105231,-0.634821,0.102944,-0.00444855,0.412135,-0.0187968,-0.897816,-0.546413,-3.03369,0.500784,-0.0512191,3.11878,0.0515632,2.21124,0.854834,3.25843,-0.0536431,-0.406758,0.0552996,4.1747,0.862189,3.1275,-0.0589576,0.509482,-0.0529805,1.01083,0.595563,-1.27504,1.55195,-45.9283,17.2207,-42.1744,26.6716,29.1494,-12.5524,30.9093,-26.505,5.63628,-1.69207,0.000809177,-0.00201419,-0.560789,8.74683,-21.6128,18.0585,0,3.5637,-1.05122,5.4598,-6.33281,1.33829,0.35843,0.0147896,-0.00913586,-0.415224,4.61057,-37.0563,19.3461,34.9638,4.12263,10.5892,-4.82486,-17.3732,6.21916,1.89756,-0.0287605,0.0096794,0.0344822,2.07323,-2.06911,0.201103,0.174161,0.810583,1.06431,23.6285,8.65482,-3.06,-24.8993,-37.5798,-0.249491,-5.55203,-8.02157,0.254372,0.0688973,0.32309,-6.14355,-1.9969,-0.00444855,0,1617,1.38778e-17,4.16334e-17,-1.01237e-17,3.84079e-17,2.08167e-17,0,3.68629e-18,1.45717e-16,1.45717e-16,1.57209e-16,0,-0.546413,-0.460444,0.500782,-0.010144,3.14159,2.21124,0.170968,3.25843,-0.0107286,-0.392699,4.1747,0.172454,3.12748,-0.0117915,0.523599,0,0,0,0.102559,-0.0187968,-0.546413,0.500784,3.11878,2.21124,3.25843,-0.406758,4.1747,3.1275,0.509482,0.0176799,-3.47496,1.24391,3.69154e-05,-0.130881,0.00689644,0.414646,-0.413823,0.07647,0.0518754,0.0132994,1.00023,9.80055,90.161,8.4609,15.687,-31.8821,5.29028,21.4745,-35.2728,5.07831
1.12,-6.12645,-2.00122,0.127949,0.491974,-0.00114309,1.255,-0.528507,-0.0316484,0.507297,0.166943,3.13741,-2.94136,2.22873,-3.84279,3.28,-0.468439,-0.389101,-4.35094,4.19235,-3.25946,3.149,-0.689219,0.527428,-5.07645,-2.00034,-7.43372,-0.405931,-7.40338,-3.66261,-4.52646,-2.00305,-6.92487,-0.614662,-6.92804,-3.38594,0.479834,-0.173689,-0.637888,0.105571,-0.00462892,0.432753,-0.0197091,-0.943188,-0.547073,-3.15193,0.500124,-0.052834,3.11812,0.0599304,2.21016,0.900235,3.25736,-0.0536874,-0.407832,0.0633342,4.17378,0.908717,3.12658,-0.0592966,0.508565,-0.0532698,1.01138,0.625195,-1.2768,1.57728,-51.7373,17.9499,-44.6431,28.7016,34.2866,-13.2687,33.1874,-28.5256,5.67821,-1.67092,-0.000943582,0.00238547,-0.537341,9.10084,-21.3569,18.5305,0,3.37085,-1.10532,5.29114,-6.54284,1.22627,0.344088,0.0141691,-0.00928589,-0.380479,4.6699,-37.3461,19.665,36.0502,4.47136,10.7265,-4.90552,-17.914,6.32236,2.02783,-0.0290081,0.00983253,0.0355248,2.1076,-2.10342,0.201159,0.211345,0.851814,1.08758,24.3311,8.01269,-3.35383,-28.3433,-43.0939,-0.231266,-5.71549,-8.27504,0.25623,0.0631271,0.328425,-6.12651,-1.99659,-0.00462892,0,1696,0,5.55112e-17,6.87113e-18,-6.61363e-18,-2.77556e-17,-5.55112e-17,-5.51859e-17,-4.85723e-17,-6.245e-17,-5.94143e-17,0,-0.547073,-0.478249,0.500123,-0.0106874,3.14159,2.21016,0.180048,3.25736,-0.0107375,-0.392699,4.17378,0.18176,3.12656,-0.0118593,0.523599,0,0,0,0.105156,-0.0197091,-0.547073,0.500124,3.11812,2.21016,3.25736,-0.407832,4.17378,3.12658,0.508565,0.018566,-3.58311,1.26454,3.55328e-05,-0.0736303,0.00710496,0.421519,-0.420683,0.0815623,0.0521027,0.0133759,1.00024,15.2847,91.1636,8.68993,16.4756,-33.4185,5.63772,23.6584,-37.3442,5.3517
1.14,-6.109,-2.00113,0.133292,0.51022,-0.00119812,1.27738,-0.528067,-0.0169188,0.507279,0.150945,3.13791,-3.01469,2.22844,-3.92521,3.27998,-0.604837,-0.389379,-4.35504,4.19228,-3.26221,3.14912,-0.693839,0.527382,-5.059,-2.00059,-7.41614,-0.405657,-7.38602,-3.66246,-4.509,-2.00305,-6.90734,-0.614533,-6.91066,-3.38581,0.494045,-0.255853,-0.640468,0.108928,-0.00487627,0.454112,-0.0206748,-0.983276,-0.547544,-3.2823,0.499653,-0.0560491,3.11765,0.0680394,2.20896,0.945086,3.25616,-0.0535895,-0.409029,0.0709135,4.1728,0.954945,3.12561,-0.0596593,0.507592,-0.0535845,1.01212,0.656431,-1.27889,1.60546,-58.3894,18.791,-47.5243,31.1141,40.1902,-14.092,35.8486,-30.9215,5.73065,-1.62605,-0.0050387,0.0129537,-0.513453,9.44642,-21.0885,19.0525,0,3.19906,-1.15438,5.11161,-6.77342,1.11009,0.325562,0.0120986,-0.00844521,-0.344336,4.68789,-37.6307,20.0193,37.1535,4.84908,10.8605,-4.99526,-18.4644,6.42985,2.16208,-0.0292971,0.0100198,0.0366441,2.14335,-2.13909,0.201234,0.267127,0.912325,1.11923,25.0651,6.91677,-3.66659,-32.4786,-49.9017,-0.205243,-5.85611,-8.50933,0.258581,0.0571435,0.333979,-6.10907,-1.99626,-0.00487627,0,1777,0,-1.38778e-17,-2.43945e-19,-5.68122e-17,4.16334e-17,-6.93889e-18,-7.02021e-18,1.45717e-16,1.11022e-16,9.49761e-17,0,-0.547544,-0.497961,0.499653,-0.0118776,3.14159,2.20896,0.189017,3.25616,-0.0107179,-0.392699,4.1728,0.191004,3.12559,-0.0119319,0.523599,0,0,0,0.108473,-0.0206748,-0.547544,0.499653,3.11765,2.20896,3.25616,-0.409029,4.1728,3.12561,0.507592,0.0194767,-3.69316,1.28603,3.2003e-05,0.00536909,0.00732883,0.42867,-0.427819,0.0867463,0.0523366,0.0134545,1.00026,22.2178,91.5168,8.87408,17.0898,-34.8419,6.02245,26.2417,-39.5073,5.64306
1.16,-6.09114,-2.00121,0.141193,0.530456,-0.00122823,1.30127,-0.527231,0.00578518,0.507749,0.160094,3.13876,-3.0884,2.22725,-4.0112,3.27906,-0.783446,-0.390547,-4.35774,4.19225,-3.26348,3.14927,-0.696811,0.527396,-5.04114,-2.00118,-7.39798,-0.405111,-7.3682,-3.66252,-4.49114,-2.00318,-6.88944,-0.614591,-6.89284,-3.38587,0.516362,-0.341591,-0.641608,0.113393,-0.0053145,0.476534,-0.0216404,-1.0185,-0.547643,-3.38102,0.499554,-0.0586007,3.11755,0.075776,2.20683,0.989097,3.25403,-0.0524796,-0.411155,0.0820304,4.17184,0.998292,3.12464,-0.0600497,0.506656,-0.0539356,1.01313,0.689965,-1.28146,1.63755,-66.1974,19.7795,-50.9601,34.0409,46.6908,-14.8967,38.6098,-33.5092,5.74311,-1.6252,-0.00929867,0.0243243,-0.509167,9.78572,-20.8058,19.6444,0,3.04945,-1.19094,4.90501,-7.01939,0.988851,0.305539,-0.00103437,0.000773069,-0.305926,4.81557,-37.9052,20.4227,38.2536,5.16339,10.9858,-5.09696,-19.0121,6.53988,2.2945,-0.0296447,0.0102568,0.0378528,2.18001,-2.17567,0.201337,0.395056,1.0118,1.19455,25.7875,6.73144,-3.68555,-36.8378,-58.6935,-0.135044,-5.92111,-8.65853,0.260316,0.0509032,0.339646,-6.09124,-1.9959,-0.0053145,0,1860,5.55112e-17,8.32667e-17,8.93383e-17,-1.17961e-16,-6.93889e-17,-8.32667e-17,-8.12847e-17,1.8735e-16,1.80411e-16,1.83881e-16,0,-0.547643,-0.517576,0.499556,-0.012829,3.14159,2.20683,0.197817,3.25404,-0.0104959,-0.392699,4.17184,0.199654,3.12465,-0.0120099,0.523599,0,0,0,0.11288,-0.0216404,-0.547643,0.499554,3.11755,2.20683,3.25403,-0.411155,4.17184,3.12464,0.506656,0.0204122,-3.80234,1.30796,-8.18443e-06,0.198321,0.00757056,0.436003,-0.435135,0.0915132,0.0525773,0.0135355,1.00028,31.479,89.7692,8.93548,18.2675,-36.1911,6.68423,30.9892,-42.0808,5.9249
1.18,-6.07317,-2.00152,0.153045,0.552792,-0.00114083,1.33885,-0.527452,0.166495,0.50953,0.52413,3.13836,-3.15479,2.22541,-4.08298,3.27744,-1.02951,-0.39231,-4.35747,4.19186,-3.26102,3.14905,-0.697156,0.527047,-5.02316,-2.00123,-7.37975,-0.404561,-7.3502,-3.66274,-4.47317,-2.00335,-6.87159,-0.61497,-6.87475,-3.38625,0.679261,-0.413223,-0.639019,0.120447,-0.00599868,0.499746,-0.0225022,-1.0914,-0.548814,-2.74598,0.498384,0.0326838,3.11638,0.092692,2.20405,1.02015,3.25124,-0.0433611,-0.413937,0.0791678,4.1705,1.04064,3.1233,-0.059536,0.505341,-0.0543609,1.01482,0.726182,-1.28494,1.67558,-77.5337,21.0471,-55.3743,37.6157,47.9422,-13.3146,35.2323,-31.3571,5.05009,-3.47155,0.238421,-0.633143,-0.793633,10.1557,-20.5356,20.313,0,2.9209,-1.24336,4.68935,-7.28075,0.873218,0.313766,-0.11069,0.0887666,-0.263046,4.37961,-38.1097,20.8724,39.2845,5.77204,11.0838,-5.21101,-19.5377,6.66669,2.43151,-0.0262823,0.0092268,0.0342639,2.22234,-2.21844,0.201508,0.592582,1.11679,1.87904,26.7101,23.7502,-3.31904,-40.5187,-69.3304,0.0138208,-5.81761,-8.67375,0.244661,0.0449467,0.346115,-6.07323,-1.99552,-0.00599868,0,1944,0,0,-4.85723e-17,4.68375e-17,-6.93889e-18,6.93889e-18,6.72205e-18,2.35922e-16,2.28983e-16,2.38741e-16,0,-0.548814,-0.479588,0.498386,0.0124446,3.14159,2.20405,0.204022,3.25125,-0.00867222,-0.392699,4.1705,0.208104,3.12334,-0.0119072,0.523599,0,0,0,0.119832,-0.0225022,-0.548814,0.498384,3.11638,2.20405,3.25124,-0.413937,4.1705,3.1233,0.505341,0.0213614,-3.90712,1.33324,-4.65265e-05,0.548235,0.00685278,0.444467,-0.443688,0.0962064,0.0528218,0.0136177,1.00032,52.7917,69.497,8.80514,19.7321,-36.8218,7.39378,39.5924,-45.3682,6.31397
1.2,-6.05542,-2.00228,0.171758,0.57794,-0.000833908,1.38091,-0.526206,0.372551,0.513541,0.721069,3.1404,-3.20324,2.22465,-4.11183,3.27675,-1.35708,-0.392883,-4.35212,4.19116,-3.25316,3.14843,-0.693171,0.526376,-5.00542,-2.00219,-7.36227,-0.40518,-7.33222,-3.66342,-4.45543,-2.00362,-6.85427,-0.615974,-6.85658,-3.38725,0.887286,-0.442199,-0.631105,0.131554,-0.00714449,0.522558,-0.0231241,-0.534678,-0.548496,-1.90483,0.498701,0.40704,3.1167,0.125576,2.20236,1.02526,3.24956,-0.0123419,-0.415622,0.0809441,4.16887,1.06317,3.12167,-0.0581957,0.503725,-0.0549046,1.01768,0.764392,-1.28991,1.72073,-65.4977,23.5017,-63.3391,47.0759,23.0596,-9.83365,26.6332,-26.9513,5.00845,-8.39812,1.64012,-4.4517,-1.23374,10.5805,-20.3205,21.0486,0,2.80307,-1.34594,4.51606,-7.57626,0.775064,0.441779,-0.52564,0.450891,-0.214486,4.15569,-38.1682,21.377,39.966,6.14684,11.112,-5.33849,-19.901,6.78787,2.52357,-0.0197493,0.00707443,0.02618,2.26282,-2.25984,0.201798,0.935692,1.25737,2.10269,22.804,31.338,-2.42265,-41.9991,-78.5018,0.267535,-5.46,-8.47127,0.258966,0.0398749,0.3522,-6.05569,-1.99514,-0.00714449,0,2026,-1.38778e-17,2.77556e-17,0,2.42861e-17,2.77556e-17,-5.55112e-17,-4.25007e-17,-4.16334e-17,-2.77556e-17,-3.16587e-17,0,-0.548496,-0.378379,0.498707,0.0836016,3.14159,2.20236,0.205046,3.24957,-0.00246837,-0.392699,4.16887,0.212599,3.12172,-0.0116391,0.523599,0,0,0,0.130754,-0.0231241,-0.548496,0.498701,3.1167,2.20236,3.24956,-0.415622,4.16887,3.12167,0.503725,0.0222902,-3.97956,1.35743,-7.22641e-05,1.15693,0.005236,0.452563,-0.451968,0.0990259,0.0530615,0.0136982,1.00038,48.8667,58.0821,7.1951,21.5943,-35.7554,7.36929,53.0704,-49.1817,6.79574
1.22,-6.03832,-2.00322,0.196263,0.60278,-8.10106e-05,1.40468,-0.526109,0.45806,0.519741,0.512351,3.14303,-3.21985,2.22506,-4.06927,3.27695,-1.55719,-0.392211,-4.3412,4.19008,-3.23945,3.1473,-0.684692,0.525315,-4.98832,-2.00198,-7.3463,-0.406929,-7.31437,-3.66446,-4.43832,-2.00335,-6.83821,-0.617516,-6.83843,-3.3888,0.976361,-0.400111,-0.61747,0.14973,-0.00847315,0.543072,-0.0232796,0.445429,-0.549308,-0.382067,0.497889,1.0778,3.11589,0.167211,2.20186,0.99202,3.24906,0.0377459,-0.416125,0.0812972,4.16688,1.05067,3.11968,-0.0559136,0.50174,-0.0556913,1.02286,0.803879,-1.29764,1.77586,-22.3513,27.4703,-76.0555,63.9579,-2.35925,-3.76616,10.4444,-15.3873,6.45007,-5.57134,4.40626,-12.2689,-1.29489,11.0588,-20.2283,21.8623,0,2.66576,-1.51061,4.41694,-7.90469,0.700303,0.752732,-1.28457,1.16775,-0.186266,4.01799,-37.9944,21.9523,40.0017,6.23999,11.0227,-5.48269,-19.9563,6.89876,2.53095,-0.00982795,0.00362249,0.0131441,2.29985,-2.29834,0.202319,1.22523,1.242,1.18851,8.35092,17.5186,-0.830563,-39.851,-74.0068,0.546014,-4.82878,-8.04458,0.320235,0.0359859,0.357548,-6.03861,-1.99475,-0.00847315,0,2106,-1.38778e-17,0,-5.55112e-17,4.16334e-17,6.93889e-18,-6.93889e-18,3.46945e-18,2.01228e-16,1.8735e-16,1.40784e-16,0,-0.549308,-0.0709906,0.497898,0.206413,3.14159,2.20186,0.198397,3.24907,0.00754919,-0.392699,4.16688,0.210093,3.11973,-0.0111827,0.523599,0,0,0,0.14856,-0.0232796,-0.549308,0.497889,3.11589,2.20186,3.24906,-0.416125,4.16688,3.11968,0.50174,0.0231986,-3.99051,1.37958,-8.66173e-05,1.75811,0.00262881,0.459971,-0.459668,0.0997297,0.0532961,0.0137771,1.00045,41.8598,38.4475,1.93282,24.3334,-33.4142,6.86536,66.0408,-51.5999,7.39086
1.24,-6.0221,-2.00471,0.229278,0.628565,0.00101989,1.4198,-0.525351,0.472275,0.522576,0.487995,3.14445,-3.18077,2.22556,-3.87558,3.27696,-1.28422,-0.391524,-4.32274,4.18869,-3.21852,3.14568,-0.670338,0.523934,-4.9721,-2.00211,-7.33171,-0.409551,-7.297,-3.66616,-4.4221,-2.00307,-6.82351,-0.619882,-6.82069,-3.39116,0.991993,-0.207098,-0.596772,0.174018,-0.0103409,0.557277,-0.0230437,0.740507,-0.549415,0.126409,0.497783,1.16549,3.11578,0.200713,2.2015,0.92186,3.2487,0.115874,-0.416485,0.0822296,4.16463,0.993771,3.11743,-0.0527628,0.499482,-0.0567642,1.03082,0.839047,-1.30861,1.83521,-5.59155,30.7515,-87.2764,76.4245,-4.0864,-1.7354,4.91008,-10.848,7.33354,-1.8892,5.11399,-14.5876,-1.24532,11.5232,-20.3226,22.6428,0,2.49918,-1.71128,4.41076,-8.19834,0.657974,1.37266,-2.54924,2.4021,-0.228495,4.16099,-37.608,22.5388,39.243,5.86486,10.8185,-5.63039,-19.6249,6.97595,2.42015,0.00276622,-0.00105539,-0.00368818,2.32568,-2.32612,0.203115,1.65074,1.28926,0.756229,4.01147,11.7932,1.95402,-30.1411,-38.6994,0.922666,-3.85149,-7.32333,0.350771,0.0337628,0.361061,-6.02242,-1.99437,-0.0103409,0,2182,1.38778e-17,-2.77556e-17,-2.77556e-17,-4.16334e-17,2.08167e-17,0,1.04083e-17,1.17961e-16,9.02056e-17,1.07268e-16,0,-0.549415,0.0200318,0.497787,0.220292,3.14159,2.2015,0.184367,3.24871,0.0231748,-0.392699,4.16463,0.198719,3.11748,-0.0105526,0.523599,0,0,0,0.172199,-0.0230437,-0.549415,0.497783,3.11578,2.2015,3.2487,-0.416485,4.16463,3.11743,0.499482,0.0240636,-3.92433,1.39503,-7.83966e-05,2.50583,-0.000737636,0.465137,-0.465224,0.0974472,0.0535199,0.0138523,1.00055,40.1868,26.4711,0.355051,27.7142,-29.4261,6.59433,81.1743,-53.0492,8.07419
1.26,-6.00675,-2.00664,0.271256,0.655095,0.00249185,1.43535,-0.524792,0.476854,0.522782,0.531538,3.14473,-3.04733,2.22499,-3.46025,3.27563,-0.996193,-0.391755,-4.29569,4.18702,-3.18975,3.14355,-0.649582,0.522271,-4.95676,-2.00201,-7.31828,-0.412381,-7.28007,-3.66847,-4.40676,-2.00266,-6.8102,-0.623002,-6.8033,-3.39427,0.996496,0.20714,-0.568467,0.207429,-0.0126544,0.563857,-0.022393,0.518513,-0.549677,0.0387991,0.497521,1.1128,3.11552,0.234237,2.20011,0.794154,3.24731,0.255044,-0.417876,0.0814118,4.16213,0.877976,3.11494,-0.0488738,0.496991,-0.0583533,1.04368,0.870108,-1.3255,1.90246,-24.3949,33.6647,-97.7435,84.2696,-1.91691,-2.10907,6.11482,-11.9636,7.2021,-5.40026,5.46428,-15.9383,-1.25851,12.0769,-20.7482,23.3576,0,2.27483,-2.01654,4.54952,-8.40182,0.665261,2.59303,-4.72706,4.44602,-0.492161,4.58684,-37.0346,23.1888,37.5731,4.92073,10.4944,-5.79718,-18.8442,7.01384,2.1541,0.0172349,-0.00686559,-0.0225414,2.33843,-2.34123,0.204391,2.0989,1.32649,0.777414,4.24162,12.2693,6.67199,-9.40272,-3.30885,1.35287,-2.49622,-6.28143,0.343684,0.0340596,0.362174,-6.00711,-1.99399,-0.0126544,0,2254,-2.77556e-17,-5.55112e-17,-5.55112e-17,1.11022e-16,2.08167e-17,-2.08167e-17,3.46945e-17,-2.77556e-17,-3.46945e-17,-3.43692e-17,0,-0.549677,0.00506232,0.497526,0.205125,3.14159,2.20011,0.158827,3.24732,0.0510088,-0.392699,4.16213,0.175564,3.11499,-0.00977475,0.523599,0,0,0,0.204393,-0.022393,-0.549677,0.497521,3.11552,2.20011,3.24731,-0.417876,4.16213,3.11494,0.496991,0.0248848,-3.76821,1.40261,-7.83532e-05,3.18268,-0.00450827,0.467685,-0.468245,0.0915775,0.0537325,0.0139238,1.00068,47.6436,26.5123,1.29146,30.7474,-23.0519,7.48137,93.8246,-51.8403,8.83852
1.28,-5.99224,-2.00906,0.322254,0.682334,0.00432751,1.44937,-0.52431,0.487305,0.522848,0.548198,3.14521,-2.78418,2.22281,-3.00418,3.27257,-0.977835,-0.39349,-4.25876,4.18509,-3.15248,3.14089,-0.621954,0.520331,-4.94226,-2.00175,-7.30584,-0.415162,-7.26355,-3.67141,-4.39226,-2.00213,-6.79823,-0.626893,-6.78624,-3.39815,1.00654,0.661881,-0.531917,0.250862,-0.0154342,0.561656,-0.0213346,0.456105,-0.549972,-0.0634532,0.497225,1.13015,3.11523,0.286297,2.19715,0.590543,3.24435,0.366318,-0.420838,0.0776286,4.15942,0.697072,3.11223,-0.044408,0.494271,-0.0607075,1.06371,0.896224,-1.35113,1.97837,-32.7266,37.5733,-111.222,95.1482,-1.50055,-2.60434,7.70744,-13.5107,7.22084,-7.09,6.17717,-18.3594,-1.27638,12.8656,-21.7461,23.8947,0,2.03128,-2.54422,4.95167,-8.43107,0.74529,3.58617,-6.16114,5.42853,-0.777428,5.26461,-36.3826,23.9243,35.1036,3.3888,10.0859,-5.99276,-17.6644,7.00662,1.71924,0.0328329,-0.0137581,-0.0413328,2.3361,-2.34156,0.206359,2.54993,1.36198,0.700983,4.76559,13.1296,13.1576,13.2915,3.27745,1.84614,-0.729506,-4.89715,0.343439,0.0380412,0.3606,-5.99268,-1.99363,-0.0154342,0,2322,2.77556e-17,2.77556e-17,0,-4.85723e-17,-4.16334e-17,-5.55112e-17,-2.42861e-17,1.45717e-16,1.52656e-16,2.03613e-16,0,-0.549972,-0.0124077,0.497232,0.207113,3.14159,2.19715,0.118107,3.24435,0.0732636,-0.392699,4.15942,0.139395,3.11227,-0.00888159,0.523599,0,0,0,0.245594,-0.0213346,-0.549972,0.497225,3.11523,2.19715,3.24435,-0.420838,4.15942,3.11223,0.494271,0.0256621,-3.53241,1.4012,-6.13673e-05,3.7225,-0.00826656,0.467219,-0.468313,0.0817662,0.0539341,0.0139915,1.00083,45.3652,30.8436,1.02695,33.1726,-17.1891,10.7429,102.522,-47.4087,9.68648
1.3,-5.97854,-2.01194,0.38165,0.710607,0.0064323,1.46162,-0.523538,0.496539,0.523218,0.560563,3.14601,-2.3761,2.21924,-2.67815,3.26793,-0.8852,-0.396878,-4.21082,4.18294,-3.106,3.13775,-0.586775,0.518203,-4.92857,-2.00169,-7.29429,-0.417937,-7.2475,-3.67496,-4.37857,-2.00165,-6.78744,-0.631478,-6.76961,-3.4027,1.01534,0.986654,-0.486456,0.305113,-0.0186757,0.549883,-0.0199627,0.456852,-0.549933,-0.162486,0.497264,1.15567,3.11526,0.338013,2.19284,0.316818,3.24004,0.383836,-0.425141,0.0714648,4.15655,0.445899,3.10935,-0.0396312,0.49141,-0.0641661,1.09401,0.916595,-1.38942,2.0643,-35.1903,42.4097,-127.266,107.785,-1.90157,-3.20522,9.62306,-15.3078,7.29249,-7.72556,7.05536,-21.2464,-1.30315,13.9813,-23.7017,24.1258,0,1.93994,-3.39497,5.82462,-8.20748,0.88445,3.67901,-6.16078,4.63249,-0.727461,6.17695,-35.7983,24.7833,32.0373,1.26817,9.64032,-6.23159,-16.1808,6.94847,1.11155,0.0488182,-0.0216433,-0.0578725,2.31678,-2.32507,0.209296,2.96981,1.41364,0.612305,5.22852,13.7717,20.4038,29.4142,4.16727,2.39731,1.48734,-3.13567,0.345276,0.0449598,0.355981,-5.97912,-1.99328,-0.0186757,0,2386,2.77556e-17,5.55112e-17,5.55112e-17,-1.38778e-17,-6.93889e-18,-3.46945e-17,2.08167e-17,7.63278e-17,6.59195e-17,6.46184e-17,0,-0.549933,-0.0293293,0.497271,0.210639,3.14159,2.19284,0.063364,3.24005,0.0767672,-0.392699,4.15655,0.089162,3.1094,-0.00792624,0.523599,0,0,0,0.295859,-0.0199627,-0.549933,0.497264,3.11526,2.19284,3.24004,-0.425141,4.15655,3.10935,0.49141,0.026395,-3.23558,1.38953,-8.4846e-05,4.0468,-0.0115745,0.463355,-0.465014,0.0673389,0.0541243,0.0140554,1.00101,41.0386,35.4189,0.560953,37.6595,-13.3295,15.2519,105.252,-39.0534,10.5978
1.32,-5.96561,-2.01534,0.448562,0.740312,0.00877764,1.47273,-0.52234,0.50437,0.52405,0.574016,3.14723,-1.90707,2.21443,-2.41864,3.26164,-0.766113,-0.401394,-4.15005,4.18035,-3.04878,3.13388,-0.543673,0.515613,-4.91567,-2.00199,-7.28356,-0.420795,-7.23201,-3.67896,-4.36567,-2.00129,-6.77774,-0.636772,-6.75342,-3.40795,1.02278,1.24439,-0.430513,0.37065,-0.0224138,0.529092,-0.0183173,0.460775,-0.549435,-0.252052,0.497763,1.17881,3.11576,0.427557,2.18733,-0.0503146,3.23453,0.43109,-0.430653,0.0579381,4.15326,0.127268,3.10606,-0.0339898,0.488115,-0.0691583,1.13843,0.931755,-1.44523,2.16327,-36.1309,48.3758,-146.09,121.581,-2.39622,-3.93174,11.8833,-17.2716,7.36012,-8.07182,8.13092,-24.6271,-1.32811,16.0353,-27.7297,23.6372,0,2.55967,-5.03921,7.79892,-7.47635,1.11102,3.96468,-6.84979,3.66332,-0.736279,7.06822,-35.4361,25.8042,28.6835,-1.24855,9.21411,-6.53079,-14.5513,6.84577,0.353341,0.0675191,-0.031747,-0.0737253,2.2826,-2.29417,0.213524,3.34555,1.48523,0.555623,5.62187,14.4511,23.4513,42.1489,6.11426,3.03834,4.2186,-0.978132,0.346444,0.0561799,0.34866,-5.96621,-1.99293,-0.0224138,0,2447,0,0,-2.77556e-17,8.32667e-17,-5.0307e-17,-5.35325e-17,-3.46945e-17,-4.51028e-17,-5.20417e-17,-3.1225e-17,0,-0.549435,-0.0446332,0.49777,0.213801,3.14159,2.18733,-0.0100595,3.23454,0.086218,-0.392699,4.15326,0.0254483,3.10611,-0.00679796,0.523599,0,0,0,0.354555,-0.0183173,-0.549435,0.497763,3.11576,2.18733,3.23453,-0.430653,4.15326,3.10606,0.488115,0.0270949,-2.90978,1.369,-7.6339e-05,4.17829,-0.0147451,0.45652,-0.458834,0.049881,0.0543062,0.0141164,1.00122,39.6254,39.0187,0.39311,49.4826,-11.3858,21.9304,102.478,-26.9817,11.6494
1.34,-5.95344,-2.01919,0.520957,0.771506,0.011271,1.48282,-0.520403,0.510752,0.525624,0.585649,3.14922,-1.65504,2.20977,-2.36063,3.25398,-0.774757,-0.404688,-4.07552,4.17762,-2.98024,3.12957,-0.491516,0.512885,-4.90354,-2.00292,-7.27381,-0.424319,-7.21711,-3.68346,-4.35354,-2.00115,-6.76901,-0.642652,-6.73777,-3.41376,1.02875,1.29804,-0.363556,0.448195,-0.0265965,0.49987,-0.0164791,0.517346,-0.548153,-0.340534,0.499044,1.21038,3.11705,0.98623,2.18202,-0.77112,3.22922,0.72312,-0.435968,0.0548058,4.14987,-0.26806,3.10268,-0.0284402,0.484725,-0.0762414,1.20204,0.941893,-1.52496,2.27954,-28.6764,56.069,-168.884,137.718,-4.10173,-4.85776,14.6461,-19.5709,7.47932,-6.90101,9.51409,-28.7271,-1.36197,24.9384,-40.0863,19.5781,0,8.1647,-12.3494,14.5915,-4.55031,1.79798,6.61878,-11.2789,1.81189,-1.16686,8.34376,-35.4647,27.0701,25.2692,-4.36649,8.84614,-6.91471,-12.879,6.6848,-0.553728,0.0868537,-0.0433607,-0.0852446,2.22899,-2.24375,0.219434,3.61975,1.55973,0.504433,5.9435,15.044,12.6019,44.817,5.28323,3.72675,7.50931,1.63205,0.349503,0.0903054,0.337977,-5.95417,-1.9926,-0.0265965,0,2504,-2.77556e-17,0,-2.77556e-17,4.16334e-17,-3.1225e-17,-2.08167e-17,3.46945e-17,1.89085e-16,1.9082e-16,1.70003e-16,0,-0.548153,-0.0597526,0.499053,0.218541,3.14159,2.18202,-0.154217,3.22922,0.144624,-0.392699,4.14987,-0.053605,3.10272,-0.00568805,0.523599,0,0,0,0.420811,-0.0164791,-0.548153,0.499044,3.11705,2.18202,3.22922,-0.435968,4.14987,3.10268,0.484725,0.0277501,-2.57542,1.33683,-6.59001e-05,4.07986,-0.0170489,0.445797,-0.448749,0.0272026,0.0544765,0.0141736,1.00145,38.7334,42.4222,0.236377,84.0814,-20.1449,38.9534,91.9687,-10.5569,12.7585
1.36,-5.94201,-2.02322,0.594462,0.803044,0.0137957,1.49202,-0.517807,0.515745,0.527877,0.598166,3.15187,-1.5287,2.2028,-2.36941,3.24275,-0.802722,-0.409475,-3.98793,4.17455,-2.89998,3.12463,-0.430938,0.509823,-4.89215,-2.00434,-7.26432,-0.426904,-7.20298,-3.68799,-4.34216,-2.00115,-6.76105,-0.64875,-6.72282,-3.41977,1.03334,1.28281,-0.285175,0.537635,-0.0309504,0.463307,-0.0145645,0.573619,-0.546168,-0.424274,0.50103,1.24274,3.11903,1.94716,2.17444,-1.79248,3.22164,1.1909,-0.443546,0.05409,4.14619,-0.731669,3.099,-0.0226433,0.481036,-0.086023,1.29025,0.9467,-1.63549,2.41723,-17.6985,66.155,-196.766,156.174,-6.24827,-6.06414,18.0542,-22.2019,7.60082,-5.08642,11.3329,-33.7746,-1.39494,93.9997,-99.9927,-3.67009,0,51.8653,-59.2004,49.2413,9.84626,2.87523,30.495,-33.7686,-7.327,-1.85835,9.57771,-36.0331,28.6328,22.0785,-7.73715,8.58041,-7.40409,-11.3114,6.47702,-1.56036,0.109348,-0.057808,-0.0944613,2.15977,-2.17781,0.227371,3.67527,1.57691,0.460123,6.19573,15.7179,6.31693,44.0294,3.84711,4.37948,11.3687,4.66366,0.352275,0.14334,0.324774,-5.94299,-1.99229,-0.0309504,0,2557,0,0,2.77556e-17,0,0,-1.38778e-17,-5.55112e-17,1.11022e-16,1.249e-16,1.37043e-16,0,-0.546168,-0.0740657,0.501038,0.223584,3.14159,2.17444,-0.358487,3.22165,0.238181,-0.392699,4.14619,-0.146317,3.09903,-0.00452867,0.523599,0,0,0,0.492596,-0.0145645,-0.546168,0.50103,3.11903,2.17444,3.22164,-0.443546,4.14619,3.099,0.481036,0.0283603,-2.26203,1.2953,-5.00869e-05,3.73169,-0.0188923,0.431954,-0.435562,-0.000269386,0.0546354,0.0142269,1.00169,38.7445,45.5118,-0.0391171,395.727,-194.881,126.78,72.596,10.1137,13.9836
1.38,-5.93132,-2.0272,0.664514,0.833494,0.0162696,1.5005,-0.514883,0.519599,0.530488,0.613187,3.15482,-1.43396,2.19153,-2.25739,3.22859,-0.783029,-0.419743,-3.89007,4.17107,-2.80776,3.11902,-0.362694,0.506368,-4.88151,-2.00597,-7.2545,-0.427252,-7.18977,-3.69222,-4.33153,-2.00117,-6.75376,-0.65476,-6.70867,-3.42567,1.03686,1.39094,-0.195104,0.635882,-0.0352341,0.421412,-0.0126787,0.59831,-0.543831,-0.500765,0.503367,1.26826,3.12137,2.21045,2.16258,-2.4342,3.20978,1.40552,-0.455412,0.0708302,4.14212,-1.25301,3.09493,-0.0167013,0.476962,-0.0987968,1.4055,0.944308,-1.77981,2.57534,-7.80978,79.3877,-230.886,177.053,-8.10889,-7.65069,22.2707,-25.177,7.69311,-3.45803,13.7091,-39.9338,-1.42231,-207.678,143.256,92.4424,0,-132.017,114.14,-94.8105,-45.8308,3.35767,-85.9687,58.9796,28.857,-2.16061,10.9079,-37.199,30.4837,19.3153,-11.2826,8.43599,-8.00296,-9.95408,6.21932,-2.61068,0.136547,-0.0759797,-0.102472,2.07392,-2.09527,0.237336,3.50258,1.52249,0.423813,6.39031,16.4772,4.73705,49.0667,4.82083,4.89298,15.8059,8.07922,0.353943,0.166356,0.309547,-5.93225,-1.99198,-0.0352341,0,2608,2.77556e-17,0,2.77556e-17,-4.16334e-17,-2.77556e-17,-8.32667e-17,-2.08167e-17,1.8735e-16,2.01228e-16,1.94289e-16,0,-0.543831,-0.087139,0.503375,0.227354,3.14159,2.16258,-0.486831,3.20978,0.281104,-0.392699,4.14212,-0.250575,3.09496,-0.00334025,0.523599,0,0,0,0.565514,-0.0126787,-0.543831,0.503367,3.12137,2.16258,3.20978,-0.455412,4.14212,3.09493,0.476962,0.0289483,-1.99061,1.24378,-4.39082e-05,3.23281,-0.0204944,0.414784,-0.419054,-0.0319097,0.0547885,0.0142784,1.00193,40.1484,48.0331,-0.347535,-1155.57,765.948,-235.742,44.9159,34.2463,15.3507
1.4,-5.92135,-2.0309,0.727492,0.861334,0.0186104,1.50801,-0.511959,0.522603,0.533125,0.628962,3.15774,-1.36929,2.17706,-2.05228,3.21141,-0.894092,-0.432465,-3.78661,4.16719,-2.70342,3.1128,-0.287299,0.502544,-4.87159,-2.00753,-7.2444,-0.425661,-7.17755,-3.69587,-4.32163,-2.00112,-6.747,-0.660384,-6.69543,-3.43119,1.03958,1.5916,-0.093164,0.738441,-0.0392189,0.376715,-0.010869,0.589657,-0.541439,-0.570343,0.505759,1.2875,3.12376,2.20683,2.14758,-2.93653,3.19478,1.80307,-0.470402,0.118104,4.13771,-1.81375,3.09051,-0.0108675,0.472559,-0.114405,1.54628,0.932497,-1.95586,2.74922,-0.713796,96.5749,-272.544,200.91,-9.43328,-9.73693,27.5001,-28.5773,7.75284,-2.33432,16.8019,-47.4754,-1.44293,-71.0145,30.7277,49.534,0,-48.2672,30.9093,-29.7751,-19.5547,3.60381,-41.0211,19.582,14.3913,-3.07464,12.3639,-38.9206,32.5699,17.0957,-14.8226,8.40944,-8.70139,-8.86775,5.91371,-3.63264,0.169482,-0.0985058,-0.110357,1.97213,-1.99666,0.248967,3.14892,1.392,0.375491,6.54244,17.2734,3.23336,58.5993,4.5837,5.17277,20.8286,11.8544,0.354937,0.177902,0.292862,-5.92257,-1.9917,-0.0392189,0,2654,-2.77556e-17,0,0,5.55112e-17,1.38778e-17,5.55112e-17,-3.46945e-17,6.93889e-17,1.11022e-16,9.88792e-17,0,-0.541439,-0.0990334,0.505766,0.230052,3.14159,2.14758,-0.587281,3.19479,0.360613,-0.392699,4.13771,-0.362697,3.09055,-0.0021735,0.523599,0,0,0,0.635034,-0.010869,-0.541439,0.505759,3.12376,2.14758,3.19478,-0.470402,4.13771,3.09051,0.472559,0.0294795,-1.77329,1.18263,-5.88813e-05,2.7307,-0.0220714,0.394427,-0.399333,-0.0659927,0.054927,0.0143248,1.00215,38.8992,50.9735,-1.24872,-456.468,377.887,-77.4751,11.1378,60.4666,16.8367
1.42,-5.91213,-2.03468,0.78461,0.887288,0.0209448,1.51551,-0.509223,0.525735,0.535635,0.650469,3.16041,-1.34359,2.16017,-1.75319,3.18991,-1.14663,-0.443591,-3.67929,4.16299,-2.58273,3.10611,-0.201295,0.498407,-4.86242,-2.00909,-7.23433,-0.423008,-7.16616,-3.69943,-4.31248,-2.00117,-6.74097,-0.666102,-6.68293,-3.43678,1.04255,1.88031,0.0249705,0.840028,-0.0432783,0.331836,-0.00904337,0.501908,-0.539211,-0.625244,0.507986,1.29129,3.12599,2.56456,2.13018,-3.6321,3.17738,3.1686,-0.487808,0.204275,4.13301,-2.3909,3.08581,-0.00564993,0.467852,-0.13219,1.70635,0.909494,-2.15532,2.93016,-8.48801,117.87,-321.407,226.414,-8.35479,-12.3601,33.7251,-32.2123,7.73059,-3.90977,20.6453,-56.3484,-1.44694,-65.8107,15.187,43.9714,0,-39.9341,20.994,-21.9297,-15.1259,4.14318,-58.6067,19.6674,17.2418,-7.86081,13.9322,-41.0462,34.7822,15.4392,-18.1476,8.47666,-9.47208,-8.0646,5.56787,-4.55377,0.207688,-0.125121,-0.118732,1.85688,-1.88419,0.261566,2.8559,1.29769,0.375084,6.70068,18.3556,1.28514,72.7089,2.31,5.36609,26.6532,16.1583,0.353383,0.204473,0.275287,-5.91332,-1.99142,-0.0432783,0,2698,0,2.77556e-17,2.77556e-17,6.93889e-17,0,0,-1.52656e-16,1.38778e-17,2.77556e-17,1.82146e-17,0,-0.539211,-0.108418,0.507994,0.230083,3.14159,2.13018,-0.726395,3.17738,0.633719,-0.392699,4.13301,-0.478118,3.08585,-0.00112999,0.523599,0,0,0,0.697504,-0.00904337,-0.539211,0.507986,3.12599,2.13018,3.17738,-0.487808,4.13301,3.08581,0.467852,0.0299882,-1.61272,1.11348,-4.83911e-05,2.44541,-0.0237465,0.371376,-0.376838,-0.0959973,0.0550597,0.0143694,1.00238,48.3005,50.9898,-0.7234,-381.147,416.918,-87.084,-22.2666,86.7168,18.4093
1.44,-5.90366,-2.03848,0.83618,0.911478,0.0232149,1.52277,-0.506742,0.529106,0.537871,0.668929,3.16286,-1.33671,2.14242,-1.74475,3.1659,-1.18461,-0.455304,-3.57043,4.15843,-2.44223,3.09886,-0.102364,0.493906,-4.85401,-2.01061,-7.22457,-0.419968,-7.15571,-3.70275,-4.30409,-2.00134,-6.73561,-0.671779,-6.67128,-3.44231,1.04571,1.87646,0.162718,0.94187,-0.0473243,0.286705,-0.00722482,0.447274,-0.537182,-0.684583,0.510016,1.3013,3.12802,3.93757,2.11198,-4.86707,3.15918,4.55574,-0.506004,0.307236,4.12799,-2.97809,3.08079,-0.000982705,0.462823,-0.152324,1.88742,0.873913,-2.38014,3.12107,-9.69932,146.232,-384.28,259.436,-8.28245,-15.9379,41.9035,-36.9187,7.74232,-4.3165,25.7885,-67.8148,-1.45759,-109.424,13.9249,42.5552,0,-46.1724,24.1073,-22.4422,-13.0433,5.54388,-102.506,20.8902,16.6517,-12.009,15.2612,-43.5794,37.1588,14.2753,-21.0206,8.6358,-10.3312,-7.51316,5.1997,-5.35457,0.252786,-0.156944,-0.128973,1.73417,-1.76388,0.275125,2.57847,1.20952,0.362877,6.87078,19.2858,0.343824,72.2438,1.75012,5.443,33.4499,21.1085,0.353509,0.273555,0.25675,-5.90514,-1.99117,-0.0473243,0,2737,0,0,8.32667e-17,-2.77556e-17,5.55112e-17,0,1.11022e-16,5.55112e-17,8.32667e-17,7.80626e-17,0,-0.537182,-0.118562,0.510023,0.231205,3.14159,2.11198,-0.973381,3.15919,0.911147,-0.392699,4.12799,-0.595562,3.08082,-0.000196541,0.523599,0,0,0,0.754171,-0.00722482,-0.537182,0.510016,3.12802,2.11198,3.15918,-0.506004,4.12799,3.08079,0.462823,0.0304397,-1.50249,1.03987,-3.3073e-05,2.34129,-0.0257945,0.346834,-0.352776,-0.121788,0.0551776,0.0144089,1.00261,57.0943,51.1941,-0.0850015,-424.976,499.247,-90.1381,-55.3237,112.962,20.0729
1.46,-5.8959,-2.04124,0.877742,0.931437,0.0250735,1.53198,-0.506511,0.53615,0.538084,0.722204,3.16269,-1.34424,2.12695,-1.7935,3.14325,-1.18437,-0.463986,-3.47136,4.15385,-2.28761,3.09133,0.00415385,0.489424,-4.84632,-2.01052,-7.2154,-0.416741,-7.14652,-3.70473,-4.2964,-2.00112,-6.73038,-0.676088,-6.66091,-3.4465,1.05314,1.81374,0.314299,1.04354,-0.0503214,0.240632,-0.00579501,-0.0738518,-0.53738,-0.688159,0.509818,1.22441,3.12781,5.90947,2.09608,-6.3909,3.14328,6.1371,-0.521906,0.419488,4.12298,-3.57148,3.07578,0.0021762,0.457828,-0.17477,2.08873,0.821232,-2.63039,3.32016,-146.396,184.539,-466.5,291.422,12.0946,-20.8645,52.7633,-41.4724,7.27116,-29.4725,32.7655,-82.868,-1.37491,-189.351,16.8617,42.1762,0,-57.7371,27.4563,-25.3995,-11.6079,7.455,-176.193,23.8688,15.5844,-16.0328,16.2959,-46.5002,39.6987,13.526,-23.3629,8.86724,-11.2689,-7.17246,4.81197,-6.01459,0.301938,-0.192401,-0.14006,1.60486,-1.6361,0.28945,2.0781,0.997956,0.460851,7.22332,21.9534,-0.376543,69.0325,1.76479,4.95359,40.9521,26.4344,0.331925,0.368007,0.237518,-5.89738,-1.99094,-0.0503214,0,2774,-2.77556e-17,0,0,-9.71445e-17,-1.11022e-16,5.55112e-17,0,5.55112e-17,5.55112e-17,8.50015e-17,0,-0.53738,-0.119189,0.509815,0.216993,3.14159,2.09608,-1.27815,3.14329,1.22742,-0.392699,4.12298,-0.714195,3.07582,0.00043524,0.523599,0,0,0,0.805311,-0.00579501,-0.53738,0.509818,3.12781,2.09608,3.14328,-0.521906,4.12298,3.07578,0.457828,0.0308685,-1.43429,0.962304,-4.61483e-05,2.27085,-0.0280121,0.320972,-0.32722,-0.153493,0.0552896,0.0144465,1.00278,102.535,41.1282,5.32324,-481.408,589.917,-86.7631,-94.509,139.752,21.7792
1.48,-5.88847,-2.0422,0.905311,0.944847,0.0261501,1.53515,-0.50717,0.540233,0.536831,0.676651,3.1625,-1.36784,2.11463,-1.8357,3.12263,-1.17705,-0.467858,-3.39597,4.1492,-2.1345,3.0837,0.102754,0.48485,-4.83895,-2.0094,-7.20621,-0.412648,-7.13878,-3.70424,-4.28902,-2.00037,-6.72443,-0.677953,-6.65197,-3.44829,1.05616,1.75478,0.464346,1.13348,-0.051517,0.197489,-0.00512444,0.482372,-0.538445,-0.831968,0.508753,1.34287,3.12675,8.53685,2.08335,-8.1705,3.13055,8.16668,-0.534638,0.537425,4.11793,-4.11325,3.07073,0.00433034,0.452764,-0.196648,2.28397,0.753264,-2.87461,3.50054,41.5091,246.747,-601.587,378.332,-16.1335,-29.2007,71.2138,-53.8396,7.87508,4.6212,44.1797,-107.75,-1.50244,-321.747,23.3533,42.008,0,-75.3127,27.5562,-30.1257,-10.4746,9.91265,-298.147,29.3797,14.7492,-21.1859,17.0988,-49.3658,42.0529,13.1342,-25.0271,9.12843,-12.1739,-7.01763,4.4319,-6.4714,0.354311,-0.23056,-0.153528,1.47806,-1.51025,0.302687,1.37848,0.670476,0.158409,7.42732,19.673,-1.17984,66.3062,2.13218,3.7695,48.3753,31.3622,0.361671,0.492451,0.220045,-5.89004,-1.99071,-0.051517,0,2809,0,0,5.55112e-17,-2.77556e-17,0,5.55112e-17,-5.55112e-17,1.11022e-16,5.55112e-17,6.07153e-17,0,-0.538445,-0.143757,0.508755,0.23703,3.14159,2.08335,-1.63408,3.13055,1.63334,-0.392699,4.11793,-0.82257,3.07076,0.000866067,0.523599,0,0,0,0.846467,-0.00512444,-0.538445,0.508753,3.12675,2.08335,3.13055,-0.534638,4.11793,3.07073,0.452764,0.0312745,-1.40339,0.886323,-2.93793e-05,2.23206,-0.0307057,0.295612,-0.30205,-0.192091,0.0553957,0.014482,1.00285,13.1806,67.2059,-6.31688,-522.422,687.29,-76.0054,-138.416,164.383,23.5582
1.5,-5.88159,-2.04197,0.920662,0.952035,0.0267122,1.5402,-0.508047,0.545785,0.536196,0.737477,3.16108,-1.40695,2.10548,-1.86134,3.10283,-1.16212,-0.465377,-3.34868,4.14637,-2.00088,3.07819,0.188564,0.482068,-4.83209,-2.00779,-7.19765,-0.408493,-7.13183,-3.70306,-4.28216,-1.99924,-6.71831,-0.678193,-6.64429,-3.44849,1.06249,1.70687,0.595234,1.19756,-0.0515039,0.165126,-0.00494556,-0.236016,-0.539704,-0.772693,0.507493,1.21858,3.12549,12.4108,2.07382,-10.4273,3.12102,11.0545,-0.544169,0.689634,4.11471,-4.54075,3.06751,0.00345409,0.449549,-0.213488,2.43293,0.690061,-3.06193,3.63056,-223.107,285.462,-677.535,394.021,23.1618,-34.3079,81.4499,-56.0664,7.16816,-43.9864,51.2609,-121.704,-1.3691,-564.351,35.8621,41.3153,0,-106.15,19.2411,-37.4972,-9.36105,13.3962,-522.189,39.0217,13.7639,-28.5607,18.3546,-51.5102,43.8069,12.9742,-26.1784,9.28369,-12.8461,-6.96404,4.09109,-6.68693,0.389372,-0.257655,-0.162195,1.36438,-1.39598,0.312402,0.767541,0.359401,0.252355,7.70422,22.7107,-1.95535,64.5668,2.90159,2.36446,54.9144,35.6514,0.333553,0.6744,0.205783,-5.88313,-1.99049,-0.0515039,0,2842,-2.77556e-17,-5.55112e-17,-5.55112e-17,-6.93889e-18,5.55112e-17,3.33067e-16,5.55112e-17,-2.77556e-17,2.77556e-17,3.29597e-17,0,-0.539704,-0.133632,0.507494,0.214844,3.14159,2.07382,-2.08538,3.12102,2.21091,-0.392699,4.11471,-0.908058,3.06754,0.000690818,0.523599,0,0,0,0.873653,-0.00494556,-0.539704,0.507493,3.12549,2.07382,3.12102,-0.544169,4.11471,3.06751,0.449549,0.0316578,-1.39267,0.818164,-2.80374e-05,2.31552,-0.0324391,0.272876,-0.279196,-0.226226,0.055496,0.0145156,1.00286,60.4442,54.7203,-1.1509,-551.603,818.041,-58.8619,-177.498,183.422,24.7719
1.52,-5.8754,-2.04089,0.926125,0.953656,0.026952,1.53594,-0.508811,0.543196,0.534627,0.63157,3.16131,-1.46316,2.09701,-1.84289,3.07683,-1.13081,-0.454918,-3.32653,4.14559,-1.91163,3.07551,0.247005,0.481291,-4.82592,-2.00591,-7.18948,-0.403564,-7.12551,-3.70178,-4.27598,-1.99778,-6.71245,-0.677317,-6.63777,-3.44759,1.05811,1.68885,0.682582,1.23471,-0.0506242,0.144237,-0.0050429,1.00524,-0.540806,-0.968509,0.506391,1.45308,3.12438,19.1996,2.06502,-13.9565,3.11222,15.9686,-0.552976,0.818914,4.1136,-4.81665,3.0664,0.000817781,0.448419,-0.223834,2.52303,0.642061,-3.17609,3.70275,332.56,342.758,-799.863,500.334,-59.5133,-42.2186,98.5449,-71.1974,8.42999,57.8595,61.8735,-144.428,-1.61973,-1117.9,60.8533,38.881,0,-174.601,-24.5408,-50.5036,-7.59907,19.3438,-1035.72,57.2517,11.7692,-41.0643,19.4665,-52.7649,44.8223,12.921,-26.7626,9.31378,-13.2136,-6.94414,3.84798,-6.73478,0.402121,-0.269008,-0.164323,1.28327,-1.31346,0.318128,0.273169,0.0810385,-0.212814,7.57511,17.4431,-2.81091,65.066,4.47116,1.10733,59.3382,38.5713,0.397574,0.987038,0.196165,-5.87707,-1.9903,-0.0506242,0,2871,2.77556e-17,0,-2.77556e-17,4.16334e-17,0,-1.11022e-16,7.21645e-16,1.11022e-16,5.55112e-17,4.33681e-17,0,-0.540806,-0.167094,0.50639,0.255712,3.14159,2.06502,-2.79131,3.11222,3.19373,-0.392699,4.1136,-0.963295,3.06641,0.000163556,0.523599,0,0,0,0.888667,-0.0050429,-0.540806,0.506391,3.12438,2.06502,3.11222,-0.552976,4.1136,3.0664,0.448419,0.0319949,-1.38878,0.769578,-9.5812e-06,2.43982,-0.0328645,0.256654,-0.262692,-0.251782,0.0555841,0.0145452,1.00281,-178.854,119.981,-34.5121,-521.328,1025.77,-13.6597,-206.328,195.34,25.3033
1.54,-5.8698,-2.03957,0.925029,0.95167,0.0269937,1.538,-0.508926,0.545798,0.535396,0.742891,3.16008,-1.54187,2.08741,-1.66612,3.02079,-1.04571,-0.422813,-3.32065,4.14464,-1.87137,3.07367,0.26611,0.480294,-4.82032,-2.00446,-7.18128,-0.3977,-7.12012,-3.69997,-4.27038,-1.99639,-6.70691,-0.676029,-6.63211,-3.4463,1.06271,1.77749,0.722008,1.24771,-0.0494823,0.132759,-0.00531526,-0.422985,-0.541235,-0.753591,0.505962,1.18446,3.12395,35.6383,2.0551,-22.0042,3.1023,27.7223,-0.562904,0.876899,4.11233,-4.93363,3.06513,0.000272441,0.447093,-0.227766,2.55525,0.609978,-3.21794,3.71793,-284.559,307.013,-709.986,397.316,32.4287,-36.9692,85.5168,-56.4394,6.9702,-55.3698,55.2257,-127.754,-1.33042,-3143.65,124.805,31.3677,0,-418.321,-292.932,-81.8462,-3.51446,33.5968,-2932.11,102.954,6.39701,-70.8936,19.81,-53.1521,45.0682,12.8866,-26.8507,9.31901,-13.3389,-6.93635,3.72475,-6.72011,0.413149,-0.277439,-0.167931,1.24223,-1.27212,0.320143,-0.0548077,-0.0992996,0.102825,7.69297,23.0121,-3.93519,73.4245,8.7225,0.294256,61.3036,39.5301,0.332611,1.73471,0.192138,-5.87142,-1.99012,-0.0494823,0,2898,-2.77556e-17,-2.77556e-17,-2.77556e-17,3.46945e-17,-1.11022e-16,2.22045e-16,2.22045e-16,1.38778e-16,1.11022e-16,1.04083e-16,0,-0.541235,-0.130353,0.50596,0.208857,3.14159,2.0551,-4.40115,3.10229,5.54446,-0.392699,4.11233,-0.986879,3.06509,5.44883e-05,0.523599,0,0,0,0.893816,-0.00531526,-0.541235,0.505962,3.12395,2.0551,3.1023,-0.562904,4.11233,3.06513,0.447093,0.032309,-1.38748,0.745028,3.96452e-05,2.46254,-0.0335862,0.248445,-0.254423,-0.267823,0.0556664,0.0145728,1.00275,-3.77813,70.6858,-11.8923,-7.57703,1450.1,203.608,-222.539,200.483,25.8165
1.56,-5.8646,-2.03843,0.920672,0.948312,0.026923,1.52563,-0.506802,0.536391,0.535974,0.537555,3.1645,-1.65829,2.07815,0.346037,4.58953,-0.349029,-0.216082,-3.32311,4.14269,-1.86051,3.07157,0.258359,0.47836,-4.8151,-2.00459,-7.17339,-0.392121,-7.11552,-3.69781,-4.26518,-1.99536,-6.70161,-0.674828,-6.62701,-3.4451,1.04945,5.15165,0.7327,1.24411,-0.0485096,0.128523,-0.00567706,2.54774,-0.539402,-1.13112,0.507795,1.73007,3.12578,160.013,2.04555,-82.1568,3.09275,116.545,-0.572449,0.892725,4.11009,-4.9436,3.06289,0.00196542,0.444842,-0.227106,2.54633,0.593333,-3.20822,3.69543,984.319,323.058,-744.947,510.74,-160.61,-39.1615,90.3286,-72.3494,9.9705,177.618,58.2588,-134.384,-1.91286,-50473.6,612.97,-22.4031,0,-5846.76,-9580.12,-317.996,22.7934,141.324,-47933.6,451.457,-31.8566,-296.37,19.7641,-52.9164,44.7935,12.8377,-26.7416,9.34171,-13.3305,-6.93173,3.67893,-6.68754,0.428682,-0.287756,-0.174765,1.22698,-1.25771,0.319576,-0.217843,-0.167889,-0.618531,7.20313,12.7605,-5.82097,173.569,43.5509,-0.123303,61.749,39.1451,0.479569,7.35549,0.191299,-5.8662,-1.98995,-0.0485096,0,2923,-2.77556e-17,-5.55112e-17,-2.77556e-17,9.71445e-17,4.44089e-16,-1.77636e-15,-8.88178e-16,-8.32667e-17,0,-1.56125e-17,0,-0.539402,-0.194794,0.507789,0.304792,3.14159,2.04555,-16.4324,3.09274,23.309,-0.392699,4.11009,-0.988915,3.06284,0.000393084,0.523599,0,0,0,0.892429,-0.00567706,-0.539402,0.507795,3.12578,2.04555,3.09275,-0.572449,4.11009,3.06289,0.444842,0.0326,-1.38661,0.735883,4.95031e-05,2.36088,-0.034953,0.245396,-0.251542,-0.276516,0.0557426,0.0145983,1.0027,-420.914,184.599,-68.016,26042.4,118.91,7872.52,-229.648,201.472,26.5532
1.58,-5.85974,-2.03758,0.91536,0.944625,0.026954,1.53018,-0.505047,0.532624,0.539773,0.769975,3.16367,-1.85275,2.07041,-3.63191,3.22668,-1.63189,-0.898386,-3.32802,4.14004,-1.85954,3.06909,0.240347,0.475759,-4.81023,-2.00465,-7.16638,-0.387654,-7.11127,-3.6957,-4.26032,-1.99445,-6.69679,-0.673999,-6.62211,-3.44427,1.05032,0.493155,0.733782,1.23235,-0.0478144,0.130042,-0.00591403,-0.703154,-0.537915,-0.634489,0.509283,1.10341,3.12727,-64.591,2.03754,26.601,3.08474,-43.9515,-0.580452,0.90732,4.10717,-4.90544,3.05998,0.00497187,0.441939,-0.224176,2.51732,0.592091,-3.17252,3.65992,-303.865,235.905,-544.751,297.666,35.8603,-26.8721,62.0753,-42.1252,6.65962,-57.895,41.54,-95.9679,-1.26581,-6189.16,-267.721,71.1874,0,-639.434,-2125.77,108.387,-22.3197,-53.2971,-6132.17,-178.003,35.2125,111.207,19.8804,-52.3711,44.3237,12.7827,-26.6878,9.38249,-13.2823,-6.93145,3.66599,-6.65372,0.447984,-0.300316,-0.183988,1.2227,-1.25491,0.317744,-0.265615,-0.184326,0.227834,7.00794,23.7965,-9.72321,-25.7152,-20.5942,-0.245306,61.665,38.2473,0.321577,-2.78456,0.191361,-5.8614,-1.98979,-0.0478144,0,2946,0,0,-2.77556e-17,6.93889e-18,0,-8.88178e-16,-4.44089e-16,2.77556e-17,0,-5.20417e-18,0,-0.537915,-0.109971,0.50928,0.194082,3.14159,2.03754,5.32022,3.08474,-8.79029,-0.392699,4.10717,-0.981234,3.05993,0.000994374,0.523599,0,0,0,0.887804,-0.00591403,-0.537915,0.509283,3.12727,2.03754,3.08474,-0.580452,4.10717,3.05998,0.441939,0.032868,-1.38649,0.733272,3.73495e-05,2.26542,-0.0367975,0.244541,-0.250983,-0.278876,0.0558128,0.0146218,1.00267,33.3021,57.0706,-8.14927,7826.32,-3557.91,1948.95,-230.929,200.318,27.4461
1.6,-5.85533,-2.03698,0.910389,0.94092,0.027175,1.51867,-0.503169,0.525016,0.540144,0.561867,3.1677,-2.23469,2.06504,-3.15177,3.14369,-1.40654,-0.631508,-3.3321,4.1375,-1.85813,3.06674,0.223892,0.473263,-4.80581,-2.00474,-7.16072,-0.384724,-7.10719,-3.69404,-4.25592,-1.9935,-6.69269,-0.673586,-6.61739,-3.44384,1.03905,0.62343,0.73535,1.2184,-0.0473624,0.133974,-0.00594944,2.15305,-0.536293,-1.00298,0.510904,1.60839,3.1289,-25.4919,2.03192,7.81054,3.07911,-15.3037,-0.586079,0.934376,4.10437,-4.85864,3.05717,0.00790012,0.439152,-0.220655,2.48323,0.597655,-3.12952,3.62272,649.682,256.276,-593.94,400.133,-109.056,-29.7531,68.9789,-56.4595,9.54995,113.484,44.934,-104.182,-1.84027,-631.17,-113.607,53.2522,0,-62.4334,-422.413,34.267,-13.5909,-19.4641,-672.044,-64.9699,21.5284,36.424,20.2393,-51.7363,43.8233,12.7279,-26.7132,9.41169,-13.2201,-6.92987,3.65731,-6.61644,0.465176,-0.311512,-0.192733,1.21985,-1.25349,0.315582,-0.248547,-0.185275,-0.575725,6.60704,12.9919,-19.0969,-1.9767,-10.3206,-0.203906,61.6085,37.4273,0.461564,-1.01787,0.19109,-5.85681,-1.98964,-0.0473624,0,2968,0,2.77556e-17,8.32667e-17,-1.38778e-17,-2.77556e-17,-0,4.996e-16,2.77556e-17,0,-1.21431e-17,0,-0.536293,-0.172837,0.510902,0.280703,3.14159,2.03192,1.56212,3.07911,-3.06074,-0.392699,4.10437,-0.971823,3.05715,0.00158002,0.523599,0,0,0,0.882236,-0.00594944,-0.536293,0.510904,3.1289,2.03192,3.07911,-0.586079,4.10437,3.05717,0.439152,0.0331245,-1.38611,0.73151,2.43175e-05,2.23554,-0.0385465,0.24397,-0.250697,-0.276238,0.05588,0.0146443,1.00265,-316.384,150.088,-52.502,1719.64,-956.339,428.99,-229.349,198.457,28.2777
1.62,-5.85143,-2.03638,0.90554,0.936424,0.0275791,1.51823,-0.500593,0.512581,0.544267,0.721445,3.16836,-3.12146,2.06161,-3.24856,3.12005,-1.34293,-0.591905,-3.33294,4.13453,-1.85323,3.06393,0.208301,0.470338,-4.80189,-2.00491,-7.15638,-0.382866,-7.10345,-3.6923,-4.25204,-1.99226,-6.68933,-0.67333,-6.61291,-3.44356,1.03008,0.463403,0.740362,1.20559,-0.0468981,0.137315,-0.00575541,-0.203004,-0.533927,-0.627459,0.51327,1.13893,3.13126,-14.8053,2.02828,2.75453,3.07548,-7.54837,-0.589716,0.95427,4.1012,-4.81469,3.054,0.0113348,0.435977,-0.217426,2.45227,0.601422,-3.08948,3.58697,-130.073,200.036,-464.902,265.713,11.2331,-21.7404,50.5461,-37.2502,7.15687,-25.469,33.7512,-78.4809,-1.37978,-81.6028,-70.903,47.5061,0,-12.5725,-179.7,14.03,-10.8293,-10.2331,-128.398,-33.8292,16.6471,16.5481,20.4847,-51.1395,43.3357,12.6787,-26.7277,9.45922,-13.1774,-6.93572,3.65009,-6.58933,0.485438,-0.324587,-0.202956,1.21745,-1.25273,0.313605,-0.242455,-0.224775,-0.0218365,5.94034,19.6841,-44.3384,-6.98723,-8.59677,-0.0419656,61.705,36.6488,0.345586,-0.534794,0.190579,-5.85306,-1.98951,-0.0468981,0,2986,-2.77556e-17,0,0,5.55112e-17,2.77556e-17,-0,0,0,5.55112e-17,4.16334e-17,0,-0.533927,-0.108668,0.513268,0.196355,3.14159,2.02828,0.55091,3.07548,-1.50967,-0.392699,4.1012,-0.963031,3.05397,0.00226697,0.523599,0,0,0,0.877055,-0.00575541,-0.533927,0.51327,3.13126,2.02828,3.07548,-0.589716,4.1012,3.054,0.435977,0.0333345,-1.38727,0.730065,2.41536e-05,2.29223,-0.0405912,0.243491,-0.250547,-0.272521,0.055935,0.0146628,1.00262,-45.1581,71.9898,-19.2806,748.837,-396.429,205.039,-226.071,196.3,29.2203
1.64,-5.84804,-2.03558,0.899799,0.9302,0.0281047,1.50561,-0.497072,0.500236,0.547079,0.614105,3.17295,-4.4964,2.05848,-3.69064,3.10557,-1.34608,-0.575833,-3.3312,4.13123,-1.84129,3.06067,0.195025,0.467065,-4.79848,-2.0052,-7.15279,-0.381035,-7.10015,-3.69026,-4.24867,-1.99062,-6.68666,-0.672964,-6.60879,-3.44315,1.01596,-0.00923711,0.752312,1.19324,-0.0462052,0.137802,-0.00542821,1.4768,-0.530605,-0.802668,0.516592,1.37371,3.13458,-8.73429,2.02495,-0.0835599,3.07215,-3.70414,-0.593049,0.97441,4.09769,-4.78165,3.0505,0.0148299,0.432461,-0.214345,2.42274,0.595517,-3.05072,3.54472,317.01,195.109,-453.833,294.021,-56.3049,-21.0161,48.9024,-41.0052,8.85429,50.1218,31.7088,-73.7924,-1.75051,48.3679,-46.066,43.6265,0,-4.71782,-86.3448,2.42015,-9.0066,-4.98434,2.68683,-18.2522,14.3741,8.04818,20.5983,-50.5218,42.7759,12.6157,-26.6686,9.49928,-13.1262,-6.93745,3.62561,-6.55292,0.507379,-0.338548,-0.21411,1.20929,-1.2462,0.311706,-0.287038,-0.311233,-0.631065,5.28739,12.7263,-68.7472,-29.2478,-8.7483,0.0869479,62.1367,35.9855,0.427333,-0.260404,0.189226,-5.84951,-1.9894,-0.0462052,0,3003,2.77556e-17,2.77556e-17,8.32667e-17,1.38778e-17,6.93889e-18,-9.32414e-18,9.71445e-17,-1.66533e-16,-5.55112e-17,-3.81639e-17,0,-0.530605,-0.138477,0.51659,0.231118,3.14159,2.02495,-0.0166976,3.07214,-0.740828,-0.392699,4.09769,-0.956465,3.05045,0.00296598,0.523599,0,0,0,0.872007,-0.00542821,-0.530605,0.516592,3.13458,2.02495,3.07215,-0.593049,4.09769,3.0505,0.432461,0.0335329,-1.38768,0.725189,3.50525e-05,2.39342,-0.042822,0.241859,-0.24924,-0.270171,0.055987,0.0146802,1.00259,-250.304,118.739,-43.6259,330.635,-128.371,122.076,-223.61,194.402,30.2777
1.66,-5.84516,-2.03448,0.892153,0.921357,0.0287157,1.49482,-0.492799,0.484414,0.552255,0.659253,3.17656,-4.53767,2.05496,-1.93769,3.0548,-1.12998,-0.520262,-3.32824,4.12784,-1.8236,3.05726,0.183799,0.463725,-4.79556,-2.00547,-7.14972,-0.378807,-7.09725,-3.68796,-4.24582,-1.98854,-6.68462,-0.672376,-6.60505,-3.44251,1.0017,1.63737,0.769931,1.17897,-0.0452017,0.1352,-0.00498065,0.551332,-0.526495,-0.583412,0.520703,1.20501,3.13869,12.5877,2.02126,-9.99639,3.06846,9.82474,-0.596736,1.00026,4.09415,-4.75362,3.04695,0.0179452,0.428914,-0.210758,2.389,0.578105,-3.00617,3.48757,58.1306,157.218,-365.083,221.143,-15.3309,-15.5911,36.2178,-30.4608,7.898,7.09079,25.3262,-58.8435,-1.53575,-549.97,42.0023,29.5231,0,-101.241,-20.9054,-38.4836,-2.47532,13.5102,-453.878,37.4073,5.67088,-21.7604,20.6131,-49.7766,42.0451,12.5247,-26.4976,9.50294,-13.0251,-6.92425,3.57967,-6.49005,0.527715,-0.351059,-0.224986,1.194,-1.2323,0.309519,-0.382342,-0.442139,-0.539592,4.41166,14.9947,-2.06317,58.2233,2.05504,0.147767,62.8522,35.426,0.381278,0.706421,0.186971,-5.84659,-1.9893,-0.0452017,0,3017,5.55112e-17,0,0,-6.93889e-17,1.11022e-16,-1.11022e-16,-5.55112e-17,1.38778e-16,1.38778e-16,1.40513e-16,0,-0.526495,-0.100979,0.520699,0.203964,3.14159,2.02126,-1.99931,3.06846,1.96495,-0.392699,4.09415,-0.950859,3.04691,0.00358904,0.523599,0,0,0,0.866103,-0.00498065,-0.526495,0.520703,3.13869,2.02126,3.06846,-0.596736,4.09415,3.04695,0.428914,0.0336963,-1.38504,0.716002,3.48328e-05,2.52062,-0.0449971,0.238799,-0.246461,-0.268912,0.0560299,0.0146946,1.00253,-164.628,92.1767,-36.104,-480.439,673.628,15.6815,-222.144,192.611,31.3565
1.68,-5.84272,-2.03329,0.882818,0.909931,0.0294411,1.47843,-0.487893,0.469512,0.557416,0.627778,3.18169,-4.5824,2.05294,-1.96009,3.04344,-1.11068,-0.510694,-3.32407,4.12466,-1.80031,3.05401,0.175937,0.460585,-4.79306,-2.00583,-7.14767,-0.377302,-7.09456,-3.68576,-4.24341,-1.9862,-6.68316,-0.671804,-6.60158,-3.44188,0.986828,1.59404,0.793111,1.1605,-0.0441036,0.129725,-0.0043837,0.899434,-0.521718,-0.521866,0.525479,1.24631,3.14347,17.1391,2.01912,-12.0331,3.06632,12.7268,-0.598876,1.03347,4.09083,-4.7218,3.04364,0.0202902,0.425607,-0.206087,2.3459,0.5492,-2.94928,3.40903,113.392,133.692,-309.29,192.052,-22.9438,-12.3998,28.6954,-26.305,8.21166,16.5057,21.3557,-49.4326,-1.58179,-910.76,62.7068,25.0341,0,-150.356,-52.3213,-47.6817,-0.5806,17.4853,-746.824,50.291,3.14012,-28.126,20.5377,-48.814,41.0638,12.3971,-26.18,9.44684,-12.8379,-6.88801,3.51403,-6.38768,0.54287,-0.359548,-0.234241,1.17212,-1.21142,0.306705,-0.466743,-0.57132,-0.819598,3.6285,13.4338,-2.2368,57.0023,3.02034,0.208811,63.8573,35.0345,0.397124,0.916111,0.183891,-5.8443,-1.98922,-0.0441036,0,3028,-2.77556e-17,-2.77556e-17,-8.32667e-17,1.11022e-16,0,2.22045e-16,-2.22045e-16,2.77556e-17,5.55112e-17,6.76542e-17,0,-0.521718,-0.0904531,0.525476,0.21191,3.14159,2.01912,-2.40662,3.06632,2.54537,-0.392699,4.09083,-0.944473,3.0436,0.00405805,0.523599,0,0,0,0.858328,-0.0043837,-0.521718,0.525479,3.14347,2.01912,3.06632,-0.598876,4.09083,3.04364,0.425607,0.0338248,-1.37776,0.702862,2.88875e-05,2.65434,-0.0468481,0.234425,-0.242284,-0.2651,0.0560636,0.0147059,1.00247,-202.292,96.6167,-42.1171,-504.308,803.646,36.9788,-220.392,190.6,32.3582
1.7,-5.84051,-2.03179,0.870858,0.895424,0.0301705,1.45843,-0.482187,0.448916,0.563715,0.621059,3.18732,-4.65734,2.05097,-1.73937,3.01852,-1.14035,-0.480168,-3.32083,4.1217,-1.77688,3.05102,0.166514,0.457651,-4.79076,-2.00629,-7.14587,-0.375489,-7.09204,-3.68334,-4.24124,-1.98352,-6.68194,-0.670909,-6.59834,-3.44093,0.966906,1.75932,0.816487,1.13845,-0.0426711,0.120758,-0.00378291,0.845252,-0.516141,-0.376987,0.531057,1.2119,3.14905,25.1495,2.01702,-15.6517,3.06422,21.8471,-0.600979,1.06264,4.08775,-4.68403,3.04055,0.0219403,0.42251,-0.200582,2.29536,0.508281,-2.88314,3.31147,85.9119,109.376,-251.404,154.94,-17.5429,-9.15669,21.0517,-21.096,8.09645,12.1717,17.2408,-39.6508,-1.53611,-1767.08,98.8651,17.7354,0,-262.792,-136.936,-63.8968,2.53458,24.4822,-1682.87,89.2936,-1.34837,-61.0284,20.2209,-47.6851,39.8631,12.236,-25.6709,9.3388,-12.5701,-6.82999,3.43476,-6.25009,0.553199,-0.364124,-0.241843,1.1457,-1.18564,0.303371,-0.597966,-0.725336,-0.999853,2.55884,13.1038,-3.74679,67.9401,5.63688,0.161875,64.8812,34.5649,0.392126,1.2849,0.180031,-5.84201,-1.98914,-0.0426711,0,3039,0,-2.77556e-17,-2.77556e-17,8.32667e-17,0,1.11022e-16,2.22045e-16,8.32667e-17,5.55112e-17,3.98986e-17,0,-0.516141,-0.0657731,0.531053,0.207496,3.14159,2.01702,-3.13042,3.06421,4.36942,-0.392699,4.08775,-0.936956,3.0405,0.00438805,0.523599,0,0,0,0.848864,-0.00378291,-0.516141,0.531057,3.14905,2.01702,3.06422,-0.600979,4.08775,3.04055,0.42251,0.0339534,-1.36621,0.687025,3.75255e-05,2.7492,-0.0483685,0.229141,-0.237128,-0.26334,0.0560973,0.0147171,1.00239,-191.043,87.5238,-42.6606,-223.448,1101.97,106.087,-219.795,188.432,33.314
1.72,-5.83843,-2.03012,0.856318,0.878761,0.0306774,1.43676,-0.477233,0.426741,0.569368,0.62106,3.19211,-5.01814,2.04991,2.3081,3.20132,-0.930452,-0.33187,-3.32211,4.11975,-1.75959,3.04916,0.15571,0.455724,-4.78859,-2.00653,-7.14417,-0.373756,-7.08972,-3.6811,-4.23918,-1.98104,-6.68055,-0.669669,-6.59555,-3.43965,0.945589,5.84129,0.833846,1.111,-0.0410761,0.109059,-0.00339283,0.708763,-0.511303,-0.20454,0.535895,1.15688,3.15389,68.3589,2.01584,-35.4996,3.06303,143.21,-0.602159,1.09025,4.08568,-4.63115,3.03848,0.0221231,0.420447,-0.193829,2.2338,0.458259,-2.80406,3.19338,55.3363,89.4713,-203.892,123.645,-11.4136,-6.58223,15.0015,-16.753,7.86971,7.3768,13.8802,-31.6499,-1.46596,-11005.3,286.866,-14.3767,0,-1402.09,-1332.09,-150.073,16.9951,62.042,-18057.5,606.258,-66.3942,-1199.25,19.7247,-46.351,38.4273,12.0375,-24.9568,9.14694,-12.1868,-6.73965,3.34763,-6.06487,0.552314,-0.360603,-0.244845,1.11666,-1.15656,0.299262,-0.727033,-0.833149,-1.08356,1.41755,13.1174,-18.0404,270.26,26.3982,-0.0640506,65.6478,34.0264,0.382073,3.26483,0.175916,-5.83993,-1.98907,-0.0410761,0,3049,-2.77556e-17,0,0,-2.77556e-17,0,4.44089e-16,0,-1.66533e-16,-2.22045e-16,-2.1684e-16,0,-0.511303,-0.0364428,0.535893,0.199814,3.14159,2.01584,-7.10015,3.06303,28.642,-0.392699,4.08568,-0.926353,3.03844,0.00442463,0.523599,0,0,0,0.836788,-0.00339283,-0.511303,0.535895,3.15389,2.01584,3.06303,-0.602159,4.08568,3.03848,0.420447,0.0340702,-1.3481,0.669586,3.09215e-05,2.70329,-0.0489691,0.223333,-0.231312,-0.262818,0.056128,0.0147274,1.00231,-159.025,73.2045,-40.1971,20198.7,3322.9,1772.62,-220.992,186.228,33.9686
1.74,-5.83642,-2.02824,0.838874,0.860005,0.0310404,1.41295,-0.471978,0.403271,0.575288,0.617654,3.19726,-5.75084,2.04878,-2.60086,3.12122,-1.63947,-1.61778,-3.32955,4.11856,-1.75896,3.04837,0.135979,0.454541,-4.78646,-2.00696,-7.14232,-0.371657,-7.08749,-3.6789,-4.23719,-1.97858,-6.67904,-0.668093,-6.59303,-3.43804,0.922894,2.13813,0.834879,1.07868,-0.039264,0.0980313,-0.00314677,0.672127,-0.506165,-0.039106,0.541033,1.11523,3.15902,-21.4983,2.01459,6.03218,3.06179,-43.3383,-0.603403,1.10889,4.08438,-4.55134,3.03718,0.0217558,0.419139,-0.186058,2.16318,0.410808,-2.71423,3.06624,43.5167,74.3686,-168.103,101.143,-8.2287,-4.73478,10.7015,-13.6819,7.73195,5.6967,11.3346,-25.637,-1.41453,-489.968,-96.2371,46.8176,0,-44.6005,-279.368,27.1724,-11.6032,-15.8717,-808.849,-191.873,68.2158,435.956,19.1279,-44.8856,36.876,11.8253,-24.1475,8.91146,-11.7329,-6.63302,3.27707,-5.8597,0.543755,-0.351508,-0.244691,1.09314,-1.13277,0.29448,-0.872191,-0.93781,-1.19026,0.233301,12.9516,-36.635,24.7558,-8.14251,-0.371868,65.6205,33.0409,0.37628,-0.837242,0.17262,-5.83785,-1.989,-0.039264,0,3059,0,0,5.55112e-17,-4.16334e-17,-3.46945e-17,5.55112e-17,4.44089e-16,0,2.77556e-17,6.93889e-18,0,-0.506165,-0.0083374,0.541029,0.194377,3.14159,2.01459,1.20658,3.06179,-8.66766,-0.392699,4.08438,-0.910413,3.03713,0.00435115,0.523599,0,0,0,0.822131,-0.00314677,-0.506165,0.541033,3.15902,2.01459,3.06179,-0.603403,4.08438,3.03718,0.419139,0.0341872,-1.32681,0.655483,3.61146e-05,2.57874,-0.0489382,0.218628,-0.226554,-0.26331,0.0561586,0.0147377,1.00221,-135.748,61.0187,-38.7176,2779.26,-1964.53,819.232,-221.936,183.114,34.3956
1.76,-5.83425,-2.02632,0.819056,0.839523,0.0313668,1.38801,-0.46713,0.377547,0.580838,0.622753,3.20192,-7.2486,2.04803,-1.87606,3.10167,-1.59352,-0.845224,-3.34081,4.11695,-1.77325,3.04748,0.104034,0.452952,-4.78416,-2.00718,-7.14037,-0.369666,-7.08524,-3.67643,-4.23503,-1.97614,-6.67731,-0.666447,-6.5904,-3.43636,0.898053,2.07084,0.821274,1.04126,-0.0374178,0.0890934,-0.00294904,0.551762,-0.501446,0.137176,0.545752,1.05818,3.16374,-10.914,2.01372,1.26617,3.06092,-25.7173,-0.604278,1.10613,4.08264,-4.43433,3.03544,0.0225557,0.417407,-0.177331,2.08405,0.37007,-2.61397,2.93369,27.6609,62.4689,-140.276,83.2078,-4.42984,-3.34318,7.50408,-11.2395,7.50137,3.35608,9.345,-20.9986,-1.34436,-7.37407,-48.9854,37.6774,0,-5.11459,-108.473,6.00781,-7.79495,-6.63358,112.01,-115.506,68.7411,378.251,18.3513,-43.308,35.2334,11.6109,-23.2849,8.68799,-11.2521,-6.52905,3.23764,-5.65734,0.536886,-0.342753,-0.24584,1.08002,-1.11995,0.289028,-0.990871,-1.02411,-1.24735,-1.06254,13.2174,-74.8878,60.9588,-4.40098,-0.563091,64.8254,31.4462,0.365971,-0.350815,0.170964,-5.83556,-1.98892,-0.0374178,0,3070,2.77556e-17,-2.77556e-17,-2.77556e-17,9.71445e-17,-6.93889e-18,-5.55112e-17,0,-8.32667e-17,-2.77556e-17,-2.25514e-17,0,-0.501446,0.0216027,0.54575,0.186383,3.14159,2.01372,0.253275,3.06091,-5.14345,-0.392699,4.08264,-0.88699,3.0354,0.00451113,0.523599,0,0,0,0.804558,-0.00294904,-0.501446,0.545752,3.16374,2.01372,3.06092,-0.604278,4.08264,3.03544,0.417407,0.0343158,-1.30598,0.647589,3.10854e-05,2.40451,-0.0491679,0.216004,-0.223991,-0.262487,0.0561924,0.014749,1.0021,-109.073,48.1032,-36.9356,963.523,-993.222,412.726,-220.121,178.625,34.9328
1.78,-5.83222,-2.02429,0.796755,0.817121,0.0316483,1.36105,-0.461868,0.350276,0.586772,0.6274,3.20704,-65.7305,2.04783,-992.021,3.11093,-2.03127,-0.725338,-3.35671,4.11595,-1.79768,3.04733,0.0677137,0.451962,-4.78197,-2.00759,-7.13866,-0.367779,-7.08305,-3.67413,-4.23302,-1.97366,-6.67566,-0.664655,-6.58797,-3.43455,0.871604,-988.185,0.797686,1.00044,-0.0354603,0.0818334,-0.00278447,0.497461,-0.496301,0.307392,0.550896,1.01149,3.16889,-3.53912,2.01339,-1.99218,3.06059,-233.717,-0.604601,1.11094,4.08152,-4.30268,3.03432,0.0228312,0.416293,-0.168135,2.00089,0.335208,-2.50886,2.80058,20.4698,53.1832,-118.777,69.9119,-2.06434,-2.31888,5.17408,-9.42983,7.33539,2.43244,7.80486,-17.4434,-1.28713,59.4125,-13.803,30.4942,0,-10.8783,-36.2519,-9.51444,-4.91467,-0.185054,84767.9,201.392,15427.6,1.2151e+06,17.736,-41.6784,33.5797,11.3922,-22.4446,8.4383,-10.7436,-6.41604,3.20503,-5.4437,0.524623,-0.330458,-0.244647,1.06916,-1.10918,0.283187,-1.11506,-1.12008,-1.3478,-2.43564,13.4542,-2924.09,-49446.3,-23.0332,-0.795287,63.5534,29.6322,0.358464,-0.00980335,0.169522,-5.83348,-1.98885,-0.0354603,0,3080,-2.77556e-17,0,0,-1.249e-16,-1.38778e-16,-9.71445e-17,-7.10543e-15,1.66533e-16,1.66533e-16,1.64799e-16,0,-0.496301,0.050502,0.550894,0.18012,3.14159,2.01339,-0.398208,3.06059,-46.7433,-0.392699,4.08152,-0.860632,3.03429,0.00456624,0.523599,0,0,0,0.784624,-0.00278447,-0.496301,0.550896,3.16889,2.01339,3.06059,-0.604601,4.08152,3.03432,0.416293,0.0344328,-1.28334,0.641053,2.47489e-05,2.22009,-0.0489294,0.213833,-0.221836,-0.260717,0.0562231,0.0147593,1.00199,-90.4828,37.0852,-36.2401,37279.7,-9829.02,4358.45,-217.872,173.517,35.2762
1.8,-5.83026,-2.0222,0.772069,0.792292,0.0320292,1.33115,-0.456089,0.319343,0.593229,0.637127,3.21264,-11905.1,2.04838,-3432.25,3.10033,-5.03276,-1.71519,-3.37458,4.11455,-1.83108,3.04696,0.0235804,0.450567,-4.77983,-2.00806,-7.13738,-0.366266,-7.08089,-3.67163,-4.23108,-1.97096,-6.67422,-0.662891,-6.58548,-3.43275,0.841521,-3427.44,0.765311,0.956454,-0.0334429,0.0762493,-0.00252061,0.437619,-0.490639,0.480929,0.556559,0.96311,3.17455,-9.35119,2.01383,0.834955,3.06102,-1724.86,-0.604173,1.10411,4.08,-4.14788,3.03281,0.0240219,0.414768,-0.158617,1.91497,0.30585,-2.40013,2.66781,14.5206,45.6028,-101.41,59.2376,0.0430312,-1.53434,3.40606,-7.97823,7.16134,1.69929,6.55958,-14.5972,-1.22789,15.5446,-39.664,33.394,0,-3.41629,-87.0999,3.07111,-6.68984,-5.18589,1.8923e+06,-7585.16,5124.67,2.36013e+06,17.0631,-40.0215,31.9121,11.1801,-21.5971,8.20576,-10.2352,-6.31017,3.19238,-5.23408,0.514475,-0.319029,-0.244818,1.06497,-1.1055,0.277025,-1.23431,-1.24144,-1.49485,-3.9921,13.9457,-591966,-171458,-173.135,-0.893137,61.8138,27.4278,0.350485,-0.27517,0.169104,-5.8314,-1.98878,-0.0334429,0,3090,-2.77556e-17,2.77556e-17,2.77556e-17,0,-3.40006e-16,1.23512e-15,8.52651e-14,1.66533e-16,1.66533e-16,1.5786e-16,0,-0.490639,0.0799554,0.556556,0.173602,3.14159,2.01383,0.173555,3.06102,-344.972,-0.392699,4.08,-0.829705,3.03276,0.00480437,0.523599,0,0,0,0.762205,-0.00252061,-0.490639,0.556559,3.17455,2.01383,3.06102,-0.604173,4.08,3.03281,0.414768,0.0345498,-1.26222,0.638543,3.44289e-05,2.0639,-0.0489635,0.212995,-0.2211,-0.257157,0.0562538,0.0147696,1.00188,-75.9423,26.7649,-36.3209,2.06367e+06,312445,-353795,-212.981,167.242,35.7274
1.82,-5.82838,-2.02044,0.74709,0.766555,0.0324812,1.29982,-0.450593,0.285163,0.599422,0.657864,3.21792,-11905.7,2.04778,34.8765,2.55108,1.50293,-0.135663,-3.39107,4.11296,-1.85981,3.04637,-0.0169387,0.44904,-4.77775,-2.0086,-7.13594,-0.364627,-7.07873,-3.66946,-4.22922,-1.96848,-6.67295,-0.661515,-6.58295,-3.43133,0.808262,37.5633,0.737526,0.909982,-0.0317515,0.070631,-0.00217401,0.340547,-0.485248,0.661268,0.56195,0.906464,3.17994,284.926,2.01313,-134.26,3.06033,1011.7,-0.604857,1.09698,4.0783,-3.98362,3.03111,0.0253774,0.413119,-0.148999,1.82838,0.277628,-2.2905,2.53446,8.11433,39.2978,-86.9893,50.199,2.15252,-0.922858,2.03644,-6.75445,6.9397,0.872226,5.53324,-12.2563,-1.15912,-242842,1474.96,-217.865,0,-29620.5,4957.85,-692.394,108.379,250.26,-450673,5220.14,-816.544,-15638.9,16.4036,-38.3518,30.2328,10.9656,-20.7321,7.97428,-9.7234,-6.20434,3.18082,-5.01645,0.504295,-0.307284,-0.245205,1.06115,-1.10225,0.270676,-1.24895,-1.28686,-1.56674,-5.70741,14.9861,-32.8445,1898.58,150.568,-0.824754,60.2978,25.4043,0.340021,13.2944,0.168671,-5.82953,-1.98871,-0.0317515,0,3099,2.77556e-17,2.77556e-17,2.77556e-17,-9.71445e-17,-6.68354e-12,1.17906e-11,-1.1056e-11,8.32667e-17,1.38778e-16,1.42247e-16,0,-0.485248,0.110561,0.561948,0.165707,3.14159,2.01313,-26.8447,3.06033,202.341,-0.392699,4.0783,-0.796706,3.03111,0.00507548,0.523599,0,0,0,0.737414,-0.00217401,-0.485248,0.56195,3.17994,2.01313,3.06033,-0.604857,4.0783,3.03111,0.413119,0.0346552,-1.24084,0.636155,-4.89135e-06,1.90829,-0.0490409,0.21223,-0.220449,-0.24754,0.0562815,0.0147788,1.00179,-56.945,15.5823,-35.811,944868,-51481.7,79484.1,-205.954,160.728,36.1853
1.84,-5.82683,-2.01887,0.722539,0.741497,0.0327354,1.27021,-0.446761,0.250815,0.603922,0.689355,3.22148,-11906.8,2.04797,-2.95124,3.1046,-1.4905,-0.622444,-3.40967,4.11248,-1.88806,3.04681,-0.0522343,0.448544,-4.77606,-2.00872,-7.13479,-0.363345,-7.07695,-3.66783,-4.22768,-1.96651,-6.67175,-0.660159,-6.58105,-3.42996,0.774847,0.775797,0.710209,0.865078,-0.0302355,0.0635356,-0.00201342,0.208941,-0.48151,0.835873,0.565687,0.84401,3.18368,-11.8463,2.01322,2.28915,3.06042,-9.85686,-0.604779,1.10006,4.07773,-3.83388,3.03053,0.0251905,0.412527,-0.140147,1.74879,0.248495,-2.19022,2.40913,1.95949,34.3583,-75.6012,42.8382,4.05178,-0.468908,1.02483,-5.76095,6.67555,0.0467186,4.7365,-10.4288,-1.0836,-94.5572,-51.5836,32.6858,0,-7.15591,-96.1768,9.85157,-7.18464,-7.26121,-169.393,-46.1343,21.7569,44.4103,15.8532,-36.8121,28.6737,10.7505,-19.8782,7.72019,-9.22142,-6.08713,3.15518,-4.79062,0.488133,-0.292345,-0.241885,1.05258,-1.09355,0.264709,-1.22754,-1.25289,-1.48025,-7.4283,16.5638,-56.4423,7.19627,-6.01393,-0.929737,58.8612,23.6385,0.326778,-0.385394,0.167156,-5.82787,-1.98866,-0.0302355,0,3107,0,5.55112e-17,0,-4.16334e-17,-1.63987e-13,3.87523e-13,-3.1497e-13,1.11022e-16,5.55112e-17,6.59195e-17,0,-0.48151,0.140195,0.565686,0.156727,3.14159,2.01322,0.457885,3.06041,-1.97137,-0.392699,4.07773,-0.766808,3.03052,0.0050381,0.523599,0,0,0,0.712341,-0.00201342,-0.48151,0.565687,3.18368,2.01322,3.06042,-0.604779,4.07773,3.03053,0.412527,0.0347488,-1.21748,0.631054,9.31886e-06,1.68386,-0.0483769,0.210516,-0.218711,-0.23821,0.0563061,0.0147871,1.0017,-33.3077,4.1646,-34.2334,641.858,-468.033,230.081,-201.379,155.046,36.3311
1.86,-5.8252,-2.01712,0.696895,0.716407,0.032811,1.24198,-0.443597,0.218498,0.607667,0.720811,3.22442,-12026.3,2.04863,-54.7539,3.09903,-1.33086,-0.509724,-3.43155,4.1116,-1.92612,3.04691,-0.0951452,0.447639,-4.7743,-2.00859,-7.13346,-0.361965,-7.07544,-3.66567,-4.22606,-1.96463,-6.67023,-0.658471,-6.57931,-3.42826,0.743334,-51.1452,0.673145,0.822792,-0.0285412,0.0573612,-0.00203147,0.128913,-0.478439,0.988806,0.568758,0.793276,3.18675,-7.86157,2.01379,0.604151,3.06099,126.428,-0.604208,1.08009,4.07676,-3.67883,3.02956,0.0261207,0.411519,-0.132222,1.67751,0.224191,-2.10078,2.2983,-0.857367,30.6309,-67.0354,37.4896,5.25192,-0.152669,0.326314,-5.03764,6.47168,-0.2753,4.14158,-9.06997,-1.02255,35.1304,-28.4818,27.7583,0,-2.40731,-71.6994,-0.188179,-5.29523,-3.75672,10418.3,490.03,-417.528,17696.8,15.1472,-35.4592,27.283,10.5697,-19.0482,7.51671,-8.77803,-5.9928,3.15266,-4.59089,0.477255,-0.280652,-0.240825,1.05178,-1.09317,0.259245,-1.28222,-1.25453,-1.41156,-9.04943,18.1293,-5971.96,-2582.91,12.3559,-1.09392,56.914,21.4962,0.316329,-0.19911,0.166771,-5.8262,-1.9886,-0.0285412,0,3115,0,0,0,1.38778e-17,-9.58192e-14,-2.3842e-13,2.77112e-13,-2.77556e-17,2.77556e-17,2.77556e-17,0,-0.478439,0.16614,0.56876,0.149533,3.14159,2.01379,0.120451,3.06098,25.2855,-0.392699,4.07676,-0.735888,3.02951,0.00522414,0.523599,0,0,0,0.687697,-0.00203147,-0.478439,0.568758,3.18675,2.01379,3.06099,-0.604208,4.07676,3.02956,0.411519,0.0348425,-1.19875,0.630602,3.58487e-05,1.41536,-0.048165,0.210356,-0.218634,-0.235608,0.0563307,0.0147953,1.00161,-16.0265,-5.17843,-33.1571,11291,7019.52,-3934.29,-197.573,149.361,36.6255
1.88,-5.82345,-2.01554,0.671241,0.692096,0.0328617,1.21596,-0.441189,0.187723,0.610584,0.755887,3.22662,-22578.7,2.04795,-2765.8,3.10012,-4.18404,-1.43446,-3.45419,4.10995,-1.96424,3.04624,-0.1403,0.445997,-4.77245,-2.00825,-7.13157,-0.36011,-7.07401,-3.6633,-4.22431,-1.96297,-6.66854,-0.656934,-6.57749,-3.42672,0.713283,-2761.26,0.635995,0.780416,-0.027024,0.0538083,-0.00208621,0.06012,-0.476137,1.12442,0.571061,0.747627,3.18906,-7.69671,2.013,0.67495,3.0602,-1302.16,-0.604999,1.05833,4.075,-3.51569,3.0278,0.0282992,0.40975,-0.124678,1.60965,0.207084,-2.01571,2.19748,-2.85238,27.6474,-60.2931,33.3648,6.14324,0.0739721,-0.169963,-4.48355,6.28664,-0.496396,3.67257,-8.01487,-0.967817,35.7209,-26.4981,26.4021,0,-2.17039,-69.9413,-0.5797,-4.98272,-3.58542,1.08577e+06,-4813.89,4264.74,1.94621e+06,14.5504,-34.1916,25.997,10.4191,-18.3059,7.35585,-8.37968,-5.92243,3.16485,-4.4085,0.471897,-0.272203,-0.24287,1.05593,-1.0983,0.253937,-1.28267,-1.21554,-1.30116,-10.5879,19.8792,-527620,-138135,-130.696,-1.13227,54.9252,19.2454,0.307234,-0.189993,0.167367,-5.82433,-1.98853,-0.027024,0,3124,0,0,-2.77556e-17,4.16334e-17,4.14599e-16,1.56396e-13,-1.7053e-13,-1.38778e-16,-8.32667e-17,-9.54098e-17,0,-0.476137,0.189159,0.571067,0.143041,3.14159,2.013,0.142042,3.06019,-260.432,-0.392699,4.075,-0.703278,3.02774,0.00565985,0.523599,0,0,0,0.661947,-0.00208621,-0.476137,0.571061,3.18906,2.013,3.0602,-0.604999,4.075,3.0278,0.40975,0.0349479,-1.18471,0.633053,4.3041e-05,1.15871,-0.0485741,0.211186,-0.21966,-0.231222,0.0563584,0.0148046,1.00152,-0.830254,-13.3182,-32.0843,1.17634e+06,166038,-197242,-192.361,143.401,37.1351
1.9,-5.82184,-2.01429,0.647344,0.67036,0.032813,1.19419,-0.439847,0.1606,0.612363,0.793275,3.22775,-22581.3,2.04609,-0.93794,3.10189,-1.60903,-2.66482,-3.4774,4.10861,-1.99882,3.0458,-0.179908,0.444691,-4.77078,-2.00781,-7.12935,-0.357963,-7.07278,-3.66136,-4.22271,-1.9618,-6.66687,-0.655644,-6.57595,-3.42543,0.686806,4.82877,0.602287,0.739729,-0.0258315,0.052048,-0.0022287,0.00121886,-0.474889,1.2417,0.572308,0.707435,3.1903,-8.03125,2.01105,0.966286,3.05825,-23.3394,-0.606946,1.05257,4.07357,-3.3624,3.02637,0.0297703,0.408334,-0.117798,1.54786,0.195063,-1.93839,2.10836,-4.28398,25.291,-55.0284,30.1909,6.79414,0.237528,-0.526556,-4.05654,6.1212,-0.655163,3.30819,-7.20365,-0.919371,20.794,-28.188,25.7693,0,-1.76291,-69.1695,0.640943,-4.94039,-3.86058,233.313,-91.2021,70.3361,550.506,14.2215,-33.0487,24.8564,10.2921,-17.6844,7.20631,-8.01842,-5.86219,3.17396,-4.23315,0.464176,-0.262848,-0.243499,1.0589,-1.10189,0.249007,-1.19487,-1.08677,-1.08837,-11.9449,21.7497,-129.97,107.768,-3.97417,-1.16042,53.1299,17.2591,0.298822,-0.204334,0.167649,-5.82267,-1.98847,-0.0258315,0,3132,0,-2.77556e-17,0,-4.16334e-17,-2.13857e-14,5.58081e-13,-5.34683e-13,2.77556e-17,-2.77556e-17,-3.64292e-17,0,-0.474889,0.209063,0.57231,0.137314,3.14159,2.01105,0.193321,3.05825,-4.66789,-0.392699,4.07357,-0.672591,3.02633,0.00595405,0.523599,0,0,0,0.6362,-0.0022287,-0.474889,0.572308,3.1903,2.01105,3.05825,-0.606946,4.07357,3.02637,0.408334,0.0350417,-1.17262,0.634861,3.58665e-05,0.908093,-0.0486998,0.21178,-0.220378,-0.223121,0.056383,0.0148128,1.00146,14.3377,-20.4951,-30.6513,750.152,-883.807,362.792,-187.4,137.911,37.5241
1.92,-5.82051,-2.01348,0.627251,0.651814,0.032923,1.17596,-0.438875,0.137543,0.613682,0.827272,3.22855,-22584.9,2.04234,-3.56571,3.09558,-1.40409,-0.591311,-3.49715,4.10794,-2.02909,3.0459,-0.210128,0.444042,-4.7694,-2.00736,-7.12705,-0.35552,-7.07144,-3.66031,-4.22137,-1.96082,-6.66569,-0.654928,-6.57446,-3.42471,0.664263,0.121177,0.572772,0.703239,-0.0250703,0.0527356,-0.00218904,-0.0382992,-0.473987,1.33502,0.573211,0.676243,3.19121,-8.80617,2.00723,1.43492,3.05442,-3.21446,-0.610764,1.05818,4.07282,-3.22388,3.02563,0.0306904,0.407605,-0.111928,1.49526,0.18928,-1.87232,2.03549,-5.11963,23.5172,-51.1432,27.9271,7.22058,0.347385,-0.765367,-3.7522,5.9947,-0.740201,3.03839,-6.61284,-0.88177,-19.9938,-34.4239,26.1105,0,-1.96604,-65.1536,3.80002,-5.24645,-4.53709,-39.2149,-14.554,8.60398,6.55032,14.1372,-32.0915,23.9151,10.2054,-17.2133,7.07599,-7.70953,-5.81888,3.18735,-4.08002,0.455198,-0.253413,-0.243081,1.0633,-1.10669,0.244735,-1.00466,-0.927323,-0.91147,-13.098,23.4516,-179.799,-23.8089,-12.7471,-0.987575,51.5824,15.7429,0.291975,-0.239545,0.167961,-5.82143,-1.98843,-0.0250703,0,3138,-2.77556e-17,0,2.77556e-17,-5.55112e-17,-1.27835e-13,3.67095e-13,-3.18065e-13,-4.16334e-17,-2.77556e-17,-3.98986e-17,0,-0.473987,0.2249,0.573214,0.132899,3.14159,2.00723,0.286971,3.05443,-0.642893,-0.392699,4.07282,-0.644837,3.0256,0.00613807,0.523599,0,0,0,0.612232,-0.00218904,-0.473987,0.573211,3.19121,2.00723,3.05442,-0.610764,4.07282,3.02563,0.407605,0.035112,-1.16388,0.63751,2.07602e-05,0.787387,-0.0486163,0.21266,-0.221338,-0.207665,0.0564015,0.014819,1.00141,25.2211,-25.9673,-29.6284,406.261,-175.184,122.412,-180.249,132.493,37.6653
1.94,-5.81982,-2.01317,0.612739,0.637344,0.0331669,1.16135,-0.438361,0.118469,0.614472,0.858064,3.22892,-22590.2,2.04148,-3.95273,3.0938,-1.14748,-0.581757,-3.51076,4.1083,-2.05125,3.04688,-0.226857,0.444432,-4.76871,-2.00694,-7.12644,-0.35501,-7.07032,-3.66039,-4.2207,-1.96011,-6.66533,-0.654819,-6.57344,-3.42458,0.645609,-0.277175,0.551196,0.67353,-0.0247788,0.0530718,-0.001992,-0.0679272,-0.47352,1.40994,0.573677,0.651174,3.19167,-7.93463,2.00632,1.14803,3.05352,-1.34977,-0.611673,1.06707,4.07314,-3.11319,3.02595,0.0304594,0.407952,-0.107358,1.45441,0.184319,-1.82077,1.97795,-5.62563,22.2085,-48.2599,26.2479,7.51739,0.425821,-0.934555,-3.5262,5.89302,-0.789766,2.84108,-6.17822,-0.85155,11.5319,-27.476,24.3429,0,-1.33417,-64.3584,0.941621,-4.60891,-3.77465,-9.389,-5.18651,3.81233,1.44971,14.1228,-31.353,23.1789,10.142,-16.8301,6.95537,-7.45264,-5.77948,3.19558,-3.9491,0.443887,-0.243573,-0.24033,1.06603,-1.10934,0.241366,-0.725574,-0.723488,-0.730448,-14.0525,24.992,-265.894,-43.2025,-24.6416,-0.680547,50.4925,14.9051,0.286033,-0.198595,0.167819,-5.8206,-1.9884,-0.0247788,0,3142,0,2.77556e-17,2.77556e-17,-1.38778e-17,-2.67893e-14,-3.922e-13,3.45002e-14,-1.11022e-16,-5.55112e-17,-3.46945e-17,0,-0.47352,0.237615,0.573681,0.129348,3.14159,2.00632,0.229611,3.05352,-0.269954,-0.392699,4.07314,-0.622638,3.02595,0.00609187,0.523599,0,0,0,0.592092,-0.001992,-0.47352,0.573677,3.19167,2.00632,3.05352,-0.611673,4.07314,3.02595,0.407952,0.0351589,-1.1559,0.639116,8.74693e-08,0.765209,-0.048066,0.213206,-0.221867,-0.187134,0.0564138,0.0148231,1.0014,34.1553,-30.3326,-28.6956,352.779,-90.5698,92.5406,-172.188,127.831,37.4553
1.96,-5.81948,-2.01306,0.603108,0.626387,0.0334305,1.1497,-0.438273,0.103628,0.614774,0.88223,3.2289,-22592.4,2.04673,-3.63887,3.10248,-1.19451,-0.580581,-3.51776,4.10882,-2.06535,3.04783,-0.235319,0.444968,-4.76837,-2.00645,-7.12802,-0.357556,-7.06947,-3.66076,-4.22037,-1.95958,-6.66534,-0.654931,-6.57272,-3.42466,0.631093,0.0441933,0.53751,0.652607,-0.0246803,0.0514139,-0.00174013,-0.0850101,-0.473444,1.46792,0.573754,0.63225,3.19175,-9.63149,2.01156,2.03818,3.05876,-2.13487,-0.606424,1.0602,4.07365,-3.03294,3.02645,0.0300736,0.408482,-0.104246,1.4267,0.177413,-1.78566,1.93578,-5.73593,21.3075,-46.2043,25.0293,7.71319,0.482669,-1.05485,-3.3622,5.81747,-0.789079,2.70516,-5.86972,-0.828746,-101.335,-44.8191,26.7668,0,-3.92009,-45.3815,9.24367,-5.96815,-5.2171,-57.6819,-12.0676,5.33998,2.53015,13.9266,-30.8487,22.6456,10.0937,-16.4761,6.86623,-7.26427,-5.74739,3.20265,-3.84937,0.434879,-0.235898,-0.237585,1.06839,-1.11155,0.239055,-0.481585,-0.547879,-0.582645,-14.7951,26.2003,-109.141,-27.2469,-20.4635,-0.350179,49.8136,14.4819,0.28117,-0.273398,0.167487,-5.82039,-1.98839,-0.0246803,0,3143,-4.16334e-17,-2.77556e-17,2.77556e-17,5.55112e-17,-1.09807e-13,-2.40197e-13,6.82648e-14,9.71445e-17,5.55112e-17,5.0307e-17,0,-0.473444,0.247454,0.573756,0.126682,3.14159,2.01156,0.407614,3.05877,-0.426974,-0.392699,4.07365,-0.606536,3.02648,0.00601472,0.523599,0,0,0,0.577569,-0.00174013,-0.473444,0.573754,3.19175,2.01156,3.05876,-0.606424,4.07365,3.02645,0.408482,0.0351706,-1.14938,0.640494,-1.91049e-05,0.775487,-0.047517,0.213678,-0.22231,-0.170012,0.0564169,0.0148241,1.00139,40.6375,-33.6381,-27.9215,481.937,-165.299,111.2,-165.072,124.342,37.2061
1.98,-5.81925,-2.01284,0.595758,0.617985,0.0335033,1.1406,-0.438165,0.0932051,0.615051,0.899136,3.22894,-22593.1,2.05349,-5.34804,3.10243,-1.70376,-0.568457,-3.524,4.10982,-2.07687,3.0491,-0.240851,0.445927,-4.76814,-2.00619,-7.12988,-0.360526,-7.06891,-3.66107,-4.22015,-1.95925,-6.66522,-0.654777,-6.57239,-3.4245,0.620905,-1.67715,0.526296,0.638926,-0.0244729,0.0475923,-0.00167899,-0.0764537,-0.473348,1.51366,0.57385,0.620271,3.19185,-5.39647,2.01831,0.167843,3.06551,-0.731136,-0.599689,1.05114,4.07464,-2.98504,3.02744,0.0288998,0.409444,-0.102267,1.40904,0.168046,-1.76344,1.90507,-5.16911,20.6887,-44.7066,24.1601,7.82122,0.52405,-1.14046,-3.24546,5.77742,-0.684624,2.61054,-5.64465,-0.814367,109.456,1.58855,19.1216,0,-7.03698,-75.6495,-11.9094,-2.67472,-1.50028,35.644,4.47723,3.0919,0.902884,13.6685,-30.5201,22.2759,10.0401,-16.1628,6.78677,-7.12485,-5.70809,3.19701,-3.77206,0.42587,-0.229256,-0.233498,1.06651,-1.10917,0.23757,-0.367484,-0.420096,-0.455143,-15.3162,27.0452,-35.7859,-112.368,-41.135,-0.311542,49.2874,14.2055,0.278289,-0.0783786,0.166639,-5.82018,-1.98839,-0.0244729,0,3144,0,2.77556e-17,0,-4.16334e-17,-6.64746e-15,-2.19687e-13,5.44807e-14,-5.55112e-17,0,1.73472e-18,0,-0.473348,0.255215,0.573859,0.125094,3.14159,2.01831,0.0335715,3.0655,-0.146227,-0.392699,4.07464,-0.597016,3.02744,0.00577996,0.523599,0,0,0,0.567925,-0.00167899,-0.473348,0.57385,3.19185,2.01831,3.06551,-0.599689,4.07464,3.02744,0.409444,0.0351823,-1.14163,0.639407,2.94221e-06,0.712017,-0.0466997,0.213302,-0.221834,-0.16292,0.05642,0.0148252,1.00138,45.614,-36.1563,-27.2825,200.229,-22.154,73.7504,-162.48,122.469,36.8819
2,-5.81883,-2.01276,0.590793,0.612403,0.0335281,1.13415,-0.437737,0.0851011,0.615611,0.914464,3.2293,-22594.2,2.05681,-3.49742,3.11478,-1.2847,-0.574874,-3.52826,4.11025,-2.08645,3.04976,-0.246086,0.446328,-4.7677,-2.00629,-7.13047,-0.362008,-7.06836,-3.66119,-4.21973,-1.95912,-6.66483,-0.654713,-6.57193,-3.42444,0.613001,0.192239,0.516983,0.628583,-0.0244026,0.0446194,-0.00167768,-0.0638155,-0.472942,1.54935,0.574255,0.612013,3.19225,-10.5264,2.0216,2.61148,3.0688,-2.91966,-0.596391,1.03108,4.07504,-2.94198,3.02784,0.0285477,0.409825,-0.100805,1.39595,0.160989,-1.74702,1.88228,-4.61242,20.2285,-43.5953,23.5339,7.89715,0.552808,-1.19948,-3.1617,5.75328,-0.585134,2.54005,-5.47754,-0.80446,-226.408,-59.0029,27.9572,0,-8.72492,-6.45003,16.5137,-6.93462,-5.92297,-126.944,-20.6114,7.07264,4.08582,13.3422,-30.2829,21.9954,10.0088,-15.8878,6.73958,-7.0239,-5.68662,3.20302,-3.71453,0.420568,-0.224881,-0.231378,1.06847,-1.11099,0.236463,-0.248241,-0.279077,-0.322624,-15.7206,27.8112,-54.5334,-19.6707,-17.5592,-0.212968,48.83,13.9402,0.276696,-0.308989,0.166697,-5.81977,-1.98837,-0.0244026,0,3146,-1.38778e-17,0,-2.77556e-17,2.77556e-17,-7.71744e-14,-1.30368e-13,1.71946e-14,6.93889e-17,8.32667e-17,9.19403e-17,0,-0.472942,0.261281,0.574254,0.124046,3.14159,2.0216,0.522297,3.0688,-0.583932,-0.392699,4.07504,-0.588445,3.02782,0.00570955,0.523599,0,0,0,0.560552,-0.00167768,-0.472942,0.574255,3.19225,2.0216,3.0688,-0.596391,4.07504,3.02784,0.409825,0.0352058,-1.13742,0.640639,1.83662e-05,0.644731,-0.0462756,0.213694,-0.222197,-0.15691,0.0564261,0.0148272,1.00138,50.211,-38.1766,-26.7828,581.696,-240.038,134.142,-159.756,120.879,36.7352
2.02,-5.81856,-2.0127,0.587442,0.60805,0.0336648,1.12879,-0.437388,0.0776593,0.61605,0.928308,3.2296,-22601.5,2.05664,-3.61627,3.10997,-1.47582,-0.577979,-3.5301,4.11067,-2.09123,3.05033,-0.247513,0.446777,-4.76742,-2.00621,-7.13034,-0.361988,-7.06779,-3.66148,-4.21947,-1.95885,-6.66475,-0.65477,-6.57147,-3.42448,0.605698,0.0716719,0.512322,0.62164,-0.0243536,0.0430395,-0.00156439,-0.0703907,-0.472617,1.57402,0.574581,0.60431,3.19258,-7.98945,2.02141,1.44601,3.06861,-3.13757,-0.596582,1.02341,4.07544,-2.9151,3.02825,0.0280549,0.410257,-0.0998408,1.38728,0.157063,-1.736,1.86763,-4.61843,19.9204,-42.867,23.0874,7.97416,0.572825,-1.24028,-3.10168,5.72334,-0.583264,2.49306,-5.36794,-0.795156,0.162415,-27.68,23.1954,0,-0.883187,-60.6635,1.93625,-4.75175,-3.71323,-25.9166,-12.8859,8.77727,7.85977,13.1968,-30.1244,21.815,9.98878,-15.7304,6.70544,-6.95744,-5.67152,3.20466,-3.6764,0.416115,-0.221547,-0.229459,1.06899,-1.11129,0.235728,-0.167565,-0.217662,-0.267629,-16.0928,28.5051,-367.368,-25.6218,-12.579,-0.0924301,48.6124,13.8667,0.274829,-0.19341,0.166529,-5.81935,-1.98836,-0.0243536,0,3148,1.38778e-17,0,-1.38778e-17,-2.77556e-17,-8.57994e-15,1.49269e-13,-1.26107e-13,5.55112e-17,5.55112e-17,5.20417e-17,0,-0.472617,0.265464,0.574586,0.122976,3.14159,2.02141,0.289197,3.06861,-0.627515,-0.392699,4.07544,-0.583013,3.02825,0.00561098,0.523599,0,0,0,0.555564,-0.00156439,-0.472617,0.574581,3.19258,2.02141,3.06861,-0.596582,4.07544,3.02825,0.410257,0.0352292,-1.13429,0.640925,-3.07482e-06,0.649187,-0.0458919,0.213798,-0.222259,-0.151357,0.0564323,0.0148293,1.00137,52.4811,-39.4842,-26.6189,380.928,-176.852,120.378,-157.232,119.733,36.5773
2.04,-5.81829,-2.01242,0.583462,0.603244,0.0337387,1.1233,-0.437211,0.0711771,0.6163,0.937475,3.22974,-22604.6,2.05635,1.45462,3.09952,-1.64219,-0.501384,-3.53316,4.11133,-2.09743,3.05107,-0.250333,0.4474,-4.76715,-2.0059,-7.13009,-0.36163,-7.06727,-3.66156,-4.2192,-1.95845,-6.66458,-0.654552,-6.5711,-3.42426,0.599334,5.05552,0.506237,0.616975,-0.0240825,0.0408666,-0.00150222,-0.0731189,-0.472452,1.59425,0.574746,0.598234,3.19274,-6.78841,2.02111,0.893922,3.0683,-33.818,-0.59689,1.01933,4.07609,-2.90045,3.02889,0.0271952,0.410877,-0.0991989,1.3815,0.152475,-1.72868,1.85635,-4.52566,19.692,-42.2977,22.73,8.03153,0.589568,-1.27373,-3.05349,5.70051,-0.567061,2.4577,-5.28198,-0.787838,75.8653,-11.5079,20.6846,0,-2.23157,-77.3576,-5.57836,-3.6092,-2.66003,1226.84,-19.5923,107.383,1713.51,13.0751,-30.0137,21.6846,9.96327,-15.6001,6.67033,-6.90488,-5.65137,3.19921,-3.64562,0.411341,-0.218426,-0.226915,1.06715,-1.10907,0.235234,-0.199006,-0.240314,-0.274737,-16.4173,28.9629,-155.744,227.908,-4.54333,-0.152716,48.3347,13.7235,0.273452,-0.138409,0.166085,-5.81914,-1.98835,-0.0240825,0,3149,-1.38778e-17,1.38778e-17,0,8.32667e-17,-7.83002e-14,-1.85768e-13,1.79412e-13,4.16334e-17,5.55112e-17,6.41848e-17,0,-0.472452,0.268899,0.574747,0.122137,3.14159,2.02111,0.178858,3.0683,-6.76361,-0.392699,4.07609,-0.580126,3.02887,0.00543904,0.523599,0,0,0,0.552201,-0.00150222,-0.472452,0.574746,3.19274,2.02111,3.0683,-0.59689,4.07609,3.02889,0.410877,0.0352409,-1.13034,0.639867,1.31329e-05,0.630108,-0.0453831,0.213429,-0.221814,-0.151698,0.0564354,0.0148303,1.00136,53.0478,-40.465,-26.606,1116.13,-1151.53,382.968,-157.025,119.101,36.3945
2.06,-5.8179,-2.01214,0.579145,0.5984,0.0337888,1.11785,-0.43688,0.0650111,0.616706,0.946496,3.23003,-30061.1,2.05633,-2354.24,3.10823,-3.68469,-1.26446,-3.53654,4.11164,-2.10416,3.05151,-0.254405,0.447732,-4.76674,-2.00572,-7.12976,-0.361391,-7.06672,-3.66149,-4.21881,-1.95809,-6.66425,-0.654316,-6.57063,-3.42402,0.593282,-2349.87,0.499616,0.611449,-0.0238183,0.0389178,-0.00147555,-0.0677585,-0.472145,1.61512,0.575053,0.593117,3.19305,-6.89561,2.02106,0.958732,3.06826,-1052.65,-0.596926,1.00852,4.07638,-2.87842,3.02918,0.0268237,0.411189,-0.0984486,1.37471,0.148212,-1.72013,1.84406,-4.25993,19.4479,-41.7026,22.3869,8.07787,0.604718,-1.30398,-3.00788,5.68464,-0.520981,2.42013,-5.19237,-0.781766,73.1235,-12.2108,20.6579,0,-1.99596,-77.6427,-5.1968,-3.63597,-2.74167,711409,-842.942,3263.62,1.65389e+06,12.8919,-29.8888,21.535,9.94357,-15.446,6.64306,-6.85055,-5.63747,3.20054,-3.61336,0.407932,-0.215829,-0.225373,1.06756,-1.10933,0.234654,-0.215828,-0.242189,-0.272505,-16.7245,29.4129,-372824,-117557,-105.726,-0.169229,48.014,13.5178,0.272796,-0.14271,0.16622,-5.81873,-1.98834,-0.0238183,0,3151,0,1.38778e-17,-4.16334e-17,4.16334e-17,3.49387e-13,-5.42844e-13,6.11067e-13,1.38778e-17,2.77556e-17,3.46945e-17,0,-0.472145,0.272446,0.575054,0.121471,3.14159,2.02106,0.187748,3.06827,-210.53,-0.392699,4.07638,-0.575675,3.02918,0.00536474,0.523599,0,0,0,0.548197,-0.00147555,-0.472145,0.575053,3.19305,2.02106,3.06826,-0.596926,4.07638,3.02918,0.411189,0.0352644,-1.12748,0.640101,-3.49423e-06,0.596755,-0.0450745,0.213513,-0.221866,-0.151689,0.0564415,0.0148324,1.00134,53.8581,-41.4694,-26.5865,769366,99542.5,-124766,-156.306,118.324,36.3004
2.08,-5.81755,-2.012,0.575601,0.593672,0.0339702,1.11142,-0.435884,0.0575004,0.61778,0.957477,3.23098,-30064.8,2.05395,-1.31237,3.1126,-1.60695,-1.08436,-3.53785,4.11184,-2.10744,3.05182,-0.256564,0.447946,-4.76636,-2.00584,-7.12896,-0.360301,-7.06606,-3.6616,-4.21847,-1.95766,-6.66415,-0.654328,-6.57003,-3.42401,0.585893,2.88459,0.496433,0.605494,-0.0236894,0.0377333,-0.00131759,-0.0571386,-0.471172,1.63655,0.576026,0.589048,3.19402,-8.62637,2.01867,1.76826,3.06586,-21.4179,-0.599321,1.00539,4.07656,-2.85707,3.02936,0.0265595,0.411382,-0.0976454,1.36747,0.145264,-1.71087,1.83203,-3.91688,19.1941,-41.1108,22.074,8.12238,0.61729,-1.32867,-2.96681,5.6762,-0.460429,2.38119,-5.10265,-0.777019,-55.9554,-36.3878,24.1434,0,-1.52078,-46.2324,6.0748,-5.251,-4.24127,-173.508,-117.056,58.4414,415.791,12.8085,-29.7526,21.385,9.92557,-15.3305,6.61726,-6.79852,-5.62552,3.19952,-3.58319,0.405176,-0.213603,-0.224332,1.06722,-1.10888,0.234034,-0.177216,-0.236382,-0.321392,-17.0979,29.9604,-184.151,89.4389,-4.30208,-0.0655544,47.86,13.4097,0.272443,-0.220786,0.166199,-5.81831,-1.98832,-0.0236894,0,3153,0,2.77556e-17,4.16334e-17,-5.55112e-17,-6.57824e-14,2.31759e-15,1.95399e-14,-4.16334e-17,0,-1.38778e-17,0,-0.471172,0.276094,0.576025,0.120991,3.14159,2.01867,0.353551,3.06587,-4.28359,-0.392699,4.07656,-0.571377,3.02938,0.00531189,0.523599,0,0,0,0.543857,-0.00131759,-0.471172,0.576026,3.19402,2.01867,3.06586,-0.599321,4.07656,3.02936,0.411382,0.0352878,-1.12503,0.639877,-1.41916e-05,0.625769,-0.0448663,0.213444,-0.221775,-0.14759,0.0564477,0.0148344,1.00134,53.7244,-42.398,-26.8933,789.58,-946.125,436.578,-154.141,117.276,36.2223
2.1,-5.81719,-2.01174,0.571687,0.588542,0.0340871,1.10469,-0.435201,0.0484189,0.61855,0.973077,3.2316,-30073.3,2.05281,-3.68513,3.10642,-1.45557,-0.579109,-3.53981,4.11235,-2.11083,3.0524,-0.258462,0.448435,-4.76598,-2.00577,-7.12842,-0.359606,-7.06543,-3.66167,-4.21812,-1.95721,-6.66395,-0.654172,-6.56951,-3.42384,0.576963,0.000397049,0.493135,0.600633,-0.0234471,0.0353513,-0.00121246,-0.0622915,-0.4705,1.66072,0.576697,0.581915,3.19469,-8.05727,2.01751,1.50657,3.06471,-2.69723,-0.600486,1.0044,4.07705,-2.84422,3.02985,0.0257539,0.411867,-0.0969934,1.36161,0.14041,-1.7034,1.82042,-3.87255,18.9451,-40.4968,21.6855,8.19443,0.6343,-1.36193,-2.91467,5.64964,-0.45384,2.34235,-5.00924,-0.768423,-6.25446,-28.0681,22.7599,0,-0.797004,-59.116,2.22404,-4.62156,-3.73708,-27.4354,-11.3599,7.39953,5.58814,12.7111,-29.6342,21.2502,9.89467,-15.2082,6.58296,-6.74788,-5.60365,3.18996,-3.55272,0.401042,-0.210873,-0.222118,1.06401,-1.1053,0.23353,-0.195684,-0.256486,-0.336498,-17.5518,30.7409,-423.945,-29.2564,-15.011,-0.0978183,47.716,13.3134,0.271036,-0.194435,0.165628,-5.8181,-1.98831,-0.0234471,0,3154,-2.77556e-17,-2.77556e-17,-4.16334e-17,1.38778e-17,-3.3102e-14,2.65468e-13,-1.71203e-13,5.55112e-17,5.55112e-17,5.72459e-17,0,-0.4705,0.280199,0.576694,0.120013,3.14159,2.01751,0.301317,3.06471,-0.539446,-0.392699,4.07705,-0.568823,3.02986,0.00515078,0.523599,0,0,0,0.540301,-0.00121246,-0.4705,0.576697,3.19469,2.01751,3.06471,-0.600486,4.07705,3.02985,0.411867,0.0352996,-1.12069,0.637976,-7.77684e-06,0.62145,-0.0444236,0.212803,-0.221061,-0.146987,0.0564508,0.0148355,1.00132,54.4353,-43.5592,-27.0369,385.321,-162.243,114.809,-153.724,116.683,36.0769
2.12,-5.81682,-2.01141,0.566945,0.582974,0.0341509,1.09775,-0.434458,0.0394226,0.619384,0.98888,3.23228,-30075.2,2.05906,-3.69128,3.11573,-1.11301,-0.566168,-3.54295,4.11258,-2.11651,3.05274,-0.263457,0.448642,-4.76557,-2.00574,-7.12997,-0.36223,-7.06492,-3.66148,-4.21776,-1.95678,-6.66367,-0.653889,-6.56904,-3.42355,0.568115,-0.00938255,0.48758,0.595274,-0.0231235,0.0327986,-0.00117211,-0.0610936,-0.469781,1.68612,0.577416,0.575289,3.19541,-9.51913,2.02373,2.24887,3.07093,-1.70827,-0.594263,0.995812,4.07726,-2.82595,3.03006,0.0254154,0.412053,-0.0962857,1.35519,0.135254,-1.69532,1.80795,-3.68348,18.6865,-39.8594,21.3006,8.25975,0.65106,-1.39465,-2.86265,5.62773,-0.423106,2.302,-4.91244,-0.760485,-170.043,-51.5988,25.9553,0,-4.59827,-10.2969,13.4741,-6.28627,-4.97428,-68.6977,-12.1014,4.4039,1.86891,12.5325,-29.5086,21.101,9.8666,-15.055,6.55482,-6.69602,-5.58574,3.18564,-3.52138,0.398431,-0.208795,-0.220883,1.06257,-1.10372,0.232978,-0.2371,-0.27843,-0.347123,-18.0023,31.5293,-96.5826,-29.2514,-24.0504,-0.157115,47.4435,13.0636,0.270041,-0.258923,0.165442,-5.81769,-1.9883,-0.0231235,0,3156,2.77556e-17,0,-1.38778e-17,-2.77556e-17,-4.97133e-13,-6.73905e-13,1.1148e-13,1.52656e-16,1.11022e-16,1.12757e-16,0,-0.469781,0.284506,0.577417,0.119133,3.14159,2.02373,0.449781,3.07093,-0.341655,-0.392699,4.07726,-0.565218,3.03005,0.00508308,0.523599,0,0,0,0.536364,-0.00117211,-0.469781,0.577416,3.19541,2.02373,3.07093,-0.594263,4.07726,3.03006,0.412053,0.035323,-1.1172,0.637149,1.05543e-05,0.586475,-0.0441766,0.212515,-0.220743,-0.148122,0.0564569,0.0148375,1.00131,55.2691,-44.761,-27.1639,507.068,-166.883,103.929,-153.571,115.987,36.0285
2.14,-5.81634,-2.01096,0.560933,0.576737,0.0341709,1.09047,-0.433606,0.0299422,0.620329,1.00551,3.23307,-30081.6,2.06813,-4.20265,3.12153,-0.608345,-0.551197,-3.54793,4.11254,-2.12419,3.05283,-0.271523,0.44859,-4.76504,-2.00573,-7.13213,-0.366044,-7.06442,-3.66102,-4.21727,-1.9563,-6.66321,-0.653463,-6.56853,-3.42313,0.558796,-0.529922,0.480053,0.588805,-0.0226976,0.0308061,-0.00118734,-0.058279,-0.468964,1.71199,0.578233,0.568732,3.19622,-7.3818,2.03277,1.32212,3.07997,-0.597499,-0.58523,0.987334,4.07719,-2.80215,3.02999,0.0254268,0.411965,-0.095443,1.34753,0.130989,-1.68573,1.7946,-3.48555,18.4107,-39.2027,20.9201,8.32225,0.665781,-1.4237,-2.8122,5.60672,-0.390233,2.25932,-4.81299,-0.752735,60.066,-15.4743,20.8126,0,-1.04595,-79.4966,-3.29689,-4.08098,-3.08738,2.51242,-0.887317,1.54393,0.767104,12.3709,-29.364,20.9354,9.84259,-14.9032,6.53147,-6.64194,-5.57248,3.1843,-3.48849,0.396929,-0.20717,-0.220496,1.06213,-1.10327,0.232315,-0.300623,-0.311852,-0.363989,-18.4747,32.3586,-320.2,-54.3662,-25.4674,-0.249023,47.0578,12.6602,0.269166,-0.160827,0.165451,-5.81707,-1.98828,-0.0226976,0,3159,-2.77556e-17,-4.16334e-17,-2.77556e-17,4.16334e-17,-2.35324e-14,7.81458e-14,3.74006e-14,9.71445e-17,1.11022e-16,1.07553e-16,0,-0.468964,0.288906,0.578231,0.118266,3.14159,2.03277,0.264429,3.07996,-0.1195,-0.392699,4.07719,-0.560486,3.02996,0.00508537,0.523599,0,0,0,0.531587,-0.00118734,-0.468964,0.578233,3.19622,2.03277,3.07997,-0.58523,4.07719,3.02999,0.411965,0.0353582,-1.1146,0.636903,2.21671e-05,0.533402,-0.0440992,0.212425,-0.220655,-0.150483,0.0564662,0.0148406,1.00128,56.0215,-45.9907,-27.3257,326.9,-62.8685,70.882,-153.697,115.165,36.0685
2.16,-5.81573,-2.01053,0.554206,0.570213,0.0341789,1.08335,-0.432863,0.0198914,0.621168,1.02515,3.23374,-30087.5,2.07354,-4.21101,3.12716,-0.570711,-0.54563,-3.55404,4.11229,-2.13286,3.05275,-0.281256,0.448337,-4.76441,-2.00569,-7.13309,-0.368156,-7.06387,-3.66046,-4.21667,-1.95585,-6.66262,-0.653033,-6.56792,-3.4227,0.548913,-0.538227,0.471553,0.58067,-0.0222831,0.0297594,-0.00121444,-0.0614701,-0.468257,1.73881,0.578941,0.561063,3.19693,-7.34196,2.03814,1.36531,3.08534,-0.56005,-0.579854,0.981939,4.0769,-2.77114,3.0297,0.025728,0.411672,-0.0943914,1.33801,0.128192,-1.67384,1.77994,-3.44992,18.1105,-38.5204,20.5254,8.39073,0.680958,-1.45457,-2.75843,5.57945,-0.384593,2.21371,-4.7106,-0.743588,73.5552,-12.8917,20.4501,0,-1.11527,-85.6866,-4.39226,-4.05231,-3.03325,4.2668,-0.469044,1.41727,0.752209,12.2669,-29.1909,20.7472,9.82457,-14.7623,6.51099,-6.58242,-5.56442,3.18594,-3.45242,0.396136,-0.205741,-0.220821,1.06267,-1.10396,0.231491,-0.336331,-0.326194,-0.356192,-18.9789,33.3357,-296.172,-54.5139,-25.1929,-0.305352,46.6117,12.1735,0.268042,-0.158139,0.16565,-5.81644,-1.98826,-0.0222831,0,3162,0,1.38778e-17,2.77556e-17,-1.38778e-17,-2.45349e-13,2.29913e-13,1.02932e-13,5.55112e-17,5.55112e-17,5.89806e-17,0,-0.468257,0.293448,0.578941,0.117213,3.14159,2.03814,0.273067,3.08534,-0.11201,-0.392699,4.0769,-0.554299,3.02967,0.0051456,0.523599,0,0,0,0.525539,-0.00121444,-0.468257,0.578941,3.19693,2.03814,3.08534,-0.579854,4.0769,3.0297,0.411672,0.0353934,-1.11302,0.637242,2.80547e-05,0.48503,-0.0441642,0.212534,-0.220791,-0.151321,0.0564754,0.0148437,1.00126,57.3123,-47.3083,-27.4015,324.145,-62.1351,68.3016,-153.216,114.04,36.1615
2.18,-5.81516,-2.01016,0.547489,0.563365,0.0342692,1.07563,-0.431991,0.00930166,0.622132,1.04499,3.23454,-30100.6,2.07336,-4.08984,3.12757,-0.800254,-0.546835,-3.55959,4.1121,-2.14076,3.05273,-0.289811,0.448151,-4.76379,-2.00565,-7.13259,-0.367778,-7.06321,-3.66006,-4.2161,-1.95534,-6.66217,-0.652738,-6.56722,-3.42239,0.538488,-0.415442,0.463822,0.571663,-0.0219317,0.029557,-0.00114765,-0.063756,-0.467408,1.76471,0.57979,0.553859,3.19779,-7.63636,2.03794,1.53996,3.08514,-0.740386,-0.580056,0.982707,4.07668,-2.73774,3.02948,0.0259642,0.41146,-0.0932362,1.32763,0.126749,-1.66076,1.76506,-3.42893,17.8077,-37.8551,20.1554,8.45328,0.693553,-1.48023,-2.70913,5.55397,-0.380921,2.16849,-4.61169,-0.734964,38.5904,-19.2378,21.0283,0,-0.526903,-73.6246,-1.25515,-4.37536,-3.28587,-1.36884,-1.74653,1.89742,0.856843,12.2499,-29.0048,20.5529,9.81115,-14.6477,6.48914,-6.51987,-5.55848,3.18755,-3.41489,0.394896,-0.204023,-0.221064,1.06321,-1.1046,0.230589,-0.335876,-0.342396,-0.385596,-19.5074,34.3276,-653.368,-48.4645,-28.3585,-0.277758,46.2071,11.7458,0.266913,-0.171369,0.165789,-5.81603,-1.98824,-0.0219317,0,3164,0,0,-1.38778e-17,4.16334e-17,-2.83322e-13,7.72174e-13,2.4325e-13,0,0,-8.67362e-18,0,-0.467408,0.297848,0.579793,0.11624,3.14159,2.03794,0.307992,3.08514,-0.148077,-0.392699,4.07668,-0.547608,3.02945,0.00519284,0.523599,0,0,0,0.518789,-0.00114765,-0.467408,0.57979,3.19779,2.03794,3.08514,-0.580056,4.07668,3.02948,0.41146,0.0354168,-1.11181,0.637557,2.3883e-05,0.483143,-0.0442128,0.212642,-0.22092,-0.149151,0.0564816,0.0148458,1.00124,57.8397,-48.5176,-27.6183,350.871,-78.7461,72.1371,-151.569,112.617,36.2149
2.2,-5.81467,-2.00981,0.540955,0.556433,0.0343787,1.06724,-0.430764,-0.00226342,0.623462,1.0675,3.23568,-30105.8,2.07163,-4.23805,3.12538,-0.412047,-0.547107,-3.5651,4.11232,-2.14829,3.05311,-0.296274,0.448384,-4.76325,-2.0058,-7.13176,-0.366721,-7.06251,-3.65992,-4.21562,-1.95482,-6.66183,-0.652487,-6.56657,-3.42213,0.527113,-0.565561,0.45644,0.562722,-0.0216058,0.0288096,-0.0010733,-0.0590881,-0.466216,1.7933,0.580982,0.547118,3.19897,-7.27222,2.03618,1.38557,3.08338,-0.48887,-0.58181,0.986716,4.07687,-2.70762,3.02967,0.0256185,0.41166,-0.0921122,1.31749,0.124425,-1.64798,1.7498,-3.24661,17.499,-37.163,19.781,8.51648,0.706527,-1.50602,-2.65853,5.53373,-0.351258,2.12217,-4.50871,-0.726805,94.8339,-8.36317,19.5358,0,-1.26496,-94.9435,-6.42741,-3.67566,-2.96858,6.32253,0.138048,1.15258,0.732236,12.2503,-28.8215,20.3607,9.79077,-14.5298,6.4572,-6.4525,-5.54505,3.18402,-3.37411,0.391612,-0.201338,-0.219942,1.06203,-1.10327,0.229704,-0.326673,-0.346595,-0.419763,-20.0863,35.4535,-258.654,-55.9611,-21.474,-0.275441,45.8416,11.4228,0.265923,-0.154806,0.165598,-5.81541,-1.98822,-0.0216058,0,3167,1.38778e-17,1.38778e-17,2.77556e-17,-1.38778e-17,3.25479e-13,-5.52891e-13,-3.21319e-13,4.16334e-17,2.77556e-17,1.9082e-17,0,-0.466216,0.302699,0.580981,0.115381,3.14159,2.03618,0.277109,3.08338,-0.0977739,-0.392699,4.07687,-0.541554,3.02965,0.00512371,0.523599,0,0,0,0.512037,-0.0010733,-0.466216,0.580982,3.19897,2.03618,3.08338,-0.58181,4.07687,3.02967,0.41166,0.035452,-1.10907,0.636826,1.19139e-05,0.479427,-0.0439883,0.212406,-0.220654,-0.146594,0.0564909,0.0148489,1.00122,58.463,-49.847,-27.9152,318.202,-58.5343,67.5174,-150.191,111.344,36.1434
2.22,-5.81421,-2.00967,0.536021,0.550613,0.0345151,1.06019,-0.430234,-0.0145462,0.624094,1.09632,3.2361,-30130.7,2.07089,-4.18109,3.1259,0.602896,-0.545238,-3.56838,4.11255,-2.15341,3.0535,-0.299751,0.448645,-4.76277,-2.00573,-7.13127,-0.366338,-7.06179,-3.66003,-4.21516,-1.95445,-6.66155,-0.652458,-6.56592,-3.42209,0.515039,-0.509954,0.451449,0.554111,-0.0214775,0.027682,-0.000960418,-0.0761243,-0.46571,1.82235,0.581488,0.536799,3.19948,-7.85169,2.03541,1.68825,3.08261,-0.0196257,-0.582582,0.98506,4.07708,-2.67663,3.02988,0.0253167,0.411901,-0.0910405,1.30788,0.121536,-1.63583,1.73477,-3.4751,17.2,-36.4831,19.3531,8.59332,0.723334,-1.53927,-2.60005,5.49065,-0.39492,2.07724,-4.40763,-0.714359,-1.22394,-25.5972,21.4493,0,-0.302487,-58.2668,1.90857,-4.62852,-3.46467,-1.67449,0.149572,-0.102741,1.21729,12.1855,-28.6486,20.1714,9.77205,-14.3902,6.42715,-6.38617,-5.53246,3.18319,-3.33323,0.388333,-0.198621,-0.218779,1.06176,-1.10287,0.228864,-0.246688,-0.29098,-0.352342,-20.7029,36.8921,-1244.86,-53.1504,1.24495,-0.163685,45.5973,11.2491,0.2638,-0.180641,0.165528,-5.81499,-1.9882,-0.0214775,0,3169,1.38778e-17,0,1.38778e-17,6.93889e-17,-1.5871e-14,-2.82135e-13,-2.86837e-13,6.93889e-17,1.11022e-16,1.02349e-16,0,-0.46571,0.307617,0.581488,0.113897,3.14159,2.03541,0.337649,3.08261,-0.00392513,-0.392699,4.07708,-0.535299,3.02989,0.00506335,0.523599,0,0,0,0.50548,-0.000960418,-0.46571,0.581488,3.19948,2.03541,3.08261,-0.582582,4.07708,3.02988,0.411901,0.0354755,-1.10644,0.636617,-1.11737e-05,0.490475,-0.0437559,0.212352,-0.220574,-0.14093,0.056497,0.014851,1.00121,61.0009,-51.3911,-27.8044,373.012,-57.8783,61.4184,-147.645,110.008,36.0429
2.24,-5.81378,-2.00949,0.531797,0.545327,0.034634,1.05364,-0.429718,-0.0243281,0.624695,1.11725,3.23654,-30160.7,2.07008,-4.67468,3.12665,1.43923,-0.531347,-3.57092,4.1129,-2.1576,3.05396,-0.302646,0.448979,-4.76232,-2.00564,-7.13077,-0.365887,-7.06111,-3.6601,-4.21474,-1.95409,-6.66128,-0.652381,-6.56532,-3.422,0.505421,-1.01668,0.447382,0.54764,-0.0213149,0.0258623,-0.000864943,-0.0793136,-0.465217,1.84625,0.58198,0.529554,3.19997,-7.91305,2.03458,1.73111,3.08178,2.51067,-0.583405,0.982931,4.0774,-2.65551,3.0302,0.0248263,0.412216,-0.090249,1.30075,0.117785,-1.6268,1.72242,-3.41666,16.9666,-35.9296,19.02,8.64399,0.735052,-1.56113,-2.55716,5.46356,-0.389544,2.04151,-4.32466,-0.705946,-16.6735,-27.9631,21.6072,0,-0.293886,-51.9865,3.07948,-4.72832,-3.50888,38.3866,11.8226,-7.21408,11.9437,12.0985,-28.5151,20.0212,9.74793,-14.262,6.39798,-6.33223,-5.51587,3.17811,-3.29946,0.385109,-0.196222,-0.217283,1.06007,-1.10096,0.228238,-0.211238,-0.264337,-0.32753,-21.1872,37.9349,-1501.85,-77.8699,7.04031,-0.126985,45.4053,11.1044,0.262266,-0.182772,0.165115,-5.81458,-1.98819,-0.0213149,0,3171,4.16334e-17,1.38778e-17,8.32667e-17,-8.32667e-17,4.64147e-14,3.27766e-13,3.58824e-13,5.55112e-17,5.55112e-17,5.0307e-17,0,-0.465217,0.3117,0.581981,0.112877,3.14159,2.03458,0.346224,3.08179,0.502135,-0.392699,4.0774,-0.531088,3.03021,0.00496526,0.523599,0,0,0,0.500522,-0.000864943,-0.465217,0.58198,3.19997,2.03458,3.08178,-0.583405,4.0774,3.0302,0.412216,0.035499,-1.10315,0.635612,-5.60401e-06,0.489431,-0.0434566,0.212013,-0.220192,-0.137874,0.0565032,0.014853,1.0012,62.4247,-52.5963,-27.7892,379.53,48.0756,13.7684,-146.239,109.069,35.9347
2.26,-5.81339,-2.00949,0.529344,0.541399,0.0347899,1.04816,-0.429254,-0.0333026,0.625241,1.13884,3.23692,-30161.5,2.07061,-7.71969,3.11333,1.57848,-0.478101,-3.57112,4.11331,-2.15825,3.05445,-0.301673,0.449419,-4.76192,-2.00565,-7.13075,-0.366268,-7.06039,-3.66045,-4.21436,-1.95383,-6.66111,-0.652511,-6.56471,-3.42212,0.496607,-4.12826,0.446778,0.542127,-0.0213268,0.0238947,-0.000732558,-0.0823224,-0.464776,1.86893,0.582421,0.5229,3.20041,-6.23886,2.03509,0.946901,3.08229,7.78684,-0.582897,0.980049,4.07779,-2.63803,3.03059,0.0242197,0.412638,-0.0895823,1.29475,0.113937,-1.61916,1.71148,-3.35537,16.7625,-35.438,18.7199,8.69215,0.747798,-1.5848,-2.51607,5.43906,-0.385398,2.01058,-4.25179,-0.697887,345.61,47.6874,12.2215,0,-11.5835,-200.749,-33.1276,-0.273115,-2.04564,-1030.19,-189.255,-6.83035,132.287,12.002,-28.4006,19.8899,9.72395,-14.1406,6.37003,-6.28415,-5.49881,3.17259,-3.26887,0.381614,-0.193797,-0.215509,1.05823,-1.09886,0.227712,-0.122612,-0.196373,-0.274012,-21.6379,39.0133,-40.476,-230.094,3.47244,-0.0100171,45.393,11.1534,0.260974,-0.10651,0.164764,-5.81416,-1.98817,-0.0213268,0,3173,0,-2.77556e-17,-1.38778e-17,-2.77556e-17,8.24688e-15,1.41845e-13,1.40776e-13,4.16334e-17,8.32667e-17,8.1532e-17,0,-0.464776,0.31554,0.582421,0.111966,3.14159,2.03509,0.189416,3.08229,1.55737,-0.392699,4.07779,-0.52753,3.03063,0.00484393,0.523599,0,0,0,0.496274,-0.000732558,-0.464776,0.582421,3.20041,2.03509,3.08229,-0.582897,4.07779,3.03059,0.412638,0.0355224,-1.09961,0.634458,-3.17296e-05,0.506899,-0.0431018,0.211646,-0.219771,-0.132501,0.0565094,0.0148551,1.00121,64.3187,-53.7678,-27.7007,222.937,128.155,117.766,-144.15,108.286,35.7823
2.28,-5.81311,-2.00943,0.527492,0.537446,0.0349987,1.04226,-0.428804,-0.0418506,0.625757,1.15691,3.23731,-30178,2.07057,-4.36843,3.12672,1.29342,-0.538503,-3.57046,4.11423,-2.15842,3.0554,-0.298466,0.450331,-4.76162,-2.0055,-7.13074,-0.366367,-7.05959,-3.66101,-4.21409,-1.95344,-6.6611,-0.652629,-6.56413,-3.42221,0.488191,-0.703202,0.44665,0.53894,-0.0212778,0.0214963,-0.000535484,-0.0857278,-0.464338,1.88789,0.582859,0.517263,3.20086,-8.1015,2.03504,1.84407,3.08224,1.22344,-0.582948,0.983006,4.0787,-2.63352,3.0315,0.022929,0.413552,-0.0891996,1.29131,0.109655,-1.61466,1.70356,-3.29684,16.6146,-35.0599,18.4753,8.73366,0.759491,-1.6055,-2.4822,5.41821,-0.38249,1.98764,-4.19512,-0.691059,-75.1188,-36.9844,22.5012,0,-0.523809,-27.279,7.48895,-5.22447,-3.64665,34.5667,8.43566,-3.76659,4.61602,11.9533,-28.3274,19.8058,9.69292,-14.0539,6.3347,-6.2459,-5.47348,3.15949,-3.24494,0.376295,-0.190834,-0.212243,1.05386,-1.09392,0.227408,-0.092644,-0.19765,-0.295053,-22.068,39.9145,-822.103,-62.5327,8.979,0.0330973,45.431,11.3142,0.259714,-0.189684,0.163934,-5.81395,-1.98817,-0.0212778,0,3174,0,0,0,5.55112e-17,1.46168e-13,6.32827e-14,7.68829e-14,-2.77556e-17,-2.77556e-17,-3.1225e-17,0,-0.464338,0.31874,0.582862,0.11119,3.14159,2.03504,0.368812,3.08224,0.244689,-0.392699,4.0787,-0.526623,3.03155,0.00458581,0.523599,0,0,0,0.49381,-0.000535484,-0.464338,0.582859,3.20086,2.03504,3.08224,-0.582948,4.0787,3.0315,0.413552,0.0355342,-1.09453,0.631833,-3.34293e-05,0.545003,-0.0424485,0.210772,-0.218783,-0.129226,0.0565124,0.0148561,1.0012,64.6544,-54.6569,-27.8089,409.017,-12.8208,34.4282,-143.02,107.863,35.4943
2.3,-5.81282,-2.00925,0.525063,0.532948,0.0351609,1.0359,-0.428445,-0.0505286,0.626188,1.17482,3.2376,-30215.9,2.06895,-4.26095,3.12436,1.00462,-0.544899,-3.56971,4.11467,-2.15927,3.05586,-0.298281,0.450746,-4.76132,-2.00526,-7.1302,-0.365564,-7.05897,-3.66115,-4.21381,-1.953,-6.66103,-0.652585,-6.56361,-3.42215,0.479652,-0.591686,0.445847,0.536514,-0.0211072,0.0180269,-0.000396743,-0.0858973,-0.464003,1.90807,0.583195,0.511666,3.20119,-7.91401,2.0334,1.74108,3.08059,0.38135,-0.58459,0.971117,4.07911,-2.6272,3.03191,0.0222961,0.413949,-0.0889167,1.2887,0.103739,-1.61125,1.69563,-3.14111,16.4736,-34.6732,18.2209,8.77437,0.772231,-1.62749,-2.44717,5.39825,-0.36554,1.96546,-4.13746,-0.684169,-6.73662,-25.9266,21.0585,0,-0.206496,-56.826,2.17122,-4.52753,-3.46944,3.18967,1.82847,-1.20311,1.93396,11.7269,-28.2647,19.7186,9.66101,-13.9126,6.31032,-6.21388,-5.45181,3.15196,-3.22336,0.373416,-0.189022,-0.210362,1.05135,-1.09112,0.227177,-0.121427,-0.224921,-0.317756,-22.5041,40.813,-1895.19,-57.2399,8.0352,0.0375101,45.41,11.3234,0.258671,-0.180402,0.163497,-5.81354,-1.98815,-0.0211072,0,3176,-1.38778e-17,-2.77556e-17,2.77556e-17,5.55112e-17,-4.68115e-15,9.57567e-16,1.7486e-15,1.38778e-17,5.55112e-17,6.245e-17,0,-0.464003,0.322152,0.583199,0.110446,3.14159,2.0334,0.348209,3.0806,0.07627,-0.392699,4.07911,-0.525382,3.03194,0.00445921,0.523599,0,0,0,0.491934,-0.000396743,-0.464003,0.583195,3.20119,2.0334,3.08059,-0.58459,4.07911,3.03191,0.413949,0.0355576,-1.09025,0.630346,-2.40461e-05,0.542344,-0.0420724,0.21027,-0.218225,-0.1295,0.0565186,0.0148582,1.00119,64.9618,-55.5969,-27.8774,379.808,-43.0773,54.6169,-142.552,107.547,35.3788
2.32,-5.81254,-2.00906,0.522259,0.527915,0.0353387,1.0293,-0.428425,-0.0597696,0.626282,1.19405,3.23754,-30258.5,2.06873,-4.29237,3.12418,1.08083,-0.544456,-3.56855,4.11491,-2.15802,3.05613,-0.297989,0.450993,-4.76105,-2.0048,-7.1301,-0.365423,-7.05838,-3.66123,-4.21354,-1.95253,-6.661,-0.652553,-6.56308,-3.4221,0.470562,-0.623732,0.447115,0.533368,-0.0209341,0.0146158,-0.000230625,-0.0913547,-0.463994,1.92893,0.583203,0.504951,3.2012,-7.90426,2.03316,1.73586,3.08036,0.496487,-0.584831,0.964197,4.07934,-2.6209,3.03214,0.0217438,0.414188,-0.0885436,1.28533,0.0978841,-1.60688,1.68674,-3.083,16.3213,-34.2653,17.9449,8.81489,0.786416,-1.65226,-2.40917,5.37132,-0.366618,1.94204,-4.07751,-0.675867,5.69457,-23.7814,20.6879,0,-0.18375,-62.5974,1.1669,-4.37376,-3.44325,2.94386,2.03231,-1.48718,2.20285,11.5487,-28.1832,19.6181,9.62408,-13.7836,6.2857,-6.18045,-5.42892,3.14041,-3.20054,0.371084,-0.18747,-0.208856,1.0475,-1.08701,0.226879,-0.140202,-0.251668,-0.330408,-22.9687,41.7785,-2129.93,-58.8222,8.95554,0.05761,45.4845,11.338,0.257451,-0.179093,0.162949,-5.81333,-1.98814,-0.0209341,0,3177,-1.38778e-17,-1.38778e-17,-1.38778e-17,-9.71445e-17,-2.04589e-15,1.96135e-13,2.19533e-13,-9.71445e-17,-2.77556e-17,-1.56125e-17,0,-0.463994,0.325682,0.583204,0.109518,3.14159,2.03316,0.347169,3.08036,0.0992975,-0.392699,4.07934,-0.524111,3.03218,0.00434877,0.523599,0,0,0,0.489494,-0.000230625,-0.463994,0.583203,3.2012,2.03316,3.08036,-0.584831,4.07934,3.03214,0.414188,0.0355694,-1.08565,0.628028,-2.84306e-05,0.551009,-0.0417711,0.2095,-0.217403,-0.128991,0.0565217,0.0148592,1.00118,65.405,-56.6083,-27.8333,375.82,-37.3062,52.8604,-141.959,107.219,35.3084
2.34,-5.81202,-2.00891,0.519493,0.523684,0.0354,1.02386,-0.428284,-0.0672721,0.626504,1.21215,3.23761,-30261.3,2.06839,-4.06445,3.12499,0.75934,-0.546821,-3.5691,4.11539,-2.15742,3.05663,-0.297947,0.451449,-4.76053,-2.00462,-7.12957,-0.365161,-7.05767,-3.66134,-4.21302,-1.95228,-6.66056,-0.652447,-6.56248,-3.42199,0.463211,-0.392639,0.447764,0.52972,-0.0207944,0.0107391,-0.000204602,-0.082809,-0.463888,1.95121,0.583309,0.499712,3.2013,-8.66197,2.03279,2.09664,3.07999,0.148259,-0.5852,0.961589,4.07978,-2.61624,3.03259,0.0208248,0.414616,-0.0881222,1.28145,0.0912955,-1.602,1.67682,-2.75955,16.16,-33.8297,17.6823,8.85013,0.799255,-1.67429,-2.37323,5.35561,-0.322335,1.91704,-4.01349,-0.669451,-292.147,-67.8702,26.1396,0,-3.28471,65.9708,22.2417,-7.00265,-4.07999,11.8996,2.55436,-0.7046,1.67338,11.3981,-28.092,19.5107,9.5779,-13.6519,6.25256,-6.14122,-5.39889,3.12306,-3.17387,0.367635,-0.185426,-0.206564,1.04171,-1.0808,0.226535,-0.138306,-0.211549,-0.271576,-23.3457,42.6848,-142.737,-47.4429,3.73034,-0.0272951,45.5388,11.3401,0.256745,-0.212252,0.162088,-5.81271,-1.98812,-0.0207944,0,3180,0,-1.38778e-17,2.77556e-17,-1.11022e-16,1.12178e-13,-2.27818e-13,-2.42324e-13,5.55112e-17,5.55112e-17,5.37764e-17,0,-0.463888,0.329455,0.583306,0.108857,3.14159,2.03279,0.419323,3.07999,0.0296517,-0.392699,4.07978,-0.523204,3.03261,0.00416496,0.523599,0,0,0,0.486654,-0.000204602,-0.463888,0.583309,3.2013,2.03279,3.07999,-0.5852,4.07978,3.03259,0.414616,0.0356046,-1.07969,0.624578,-1.79989e-05,0.5043,-0.0413128,0.208343,-0.216161,-0.129279,0.056531,0.0148623,1.00118,67.1524,-57.7278,-27.6211,499.145,-87.3506,57.0524,-142.62,107.18,35.1876
2.36,-5.81111,-2.00875,0.516921,0.52023,0.0354515,1.01955,-0.428057,-0.0737808,0.626793,1.22825,3.23778,-30261.4,2.06546,-6.19325,3.14282,0.738037,-0.550918,-3.571,4.11608,-2.16008,3.05736,-0.298107,0.452124,-4.75961,-2.00451,-7.12788,-0.363674,-7.05652,-3.66157,-4.21211,-1.95204,-6.65972,-0.65234,-6.56149,-3.42188,0.456826,-2.49952,0.445156,0.526118,-0.0206765,0.00815656,-0.000199995,-0.078165,-0.463709,1.96869,0.583489,0.495179,3.20148,-5.28256,2.02981,0.474876,3.077,-0.0579789,-0.588188,0.95941,4.08042,-2.60807,3.03323,0.0198611,0.415254,-0.0877136,1.27765,0.0868496,-1.59724,1.6686,-2.56207,16.021,-33.474,17.471,8.87683,0.80697,-1.68715,-2.34668,5.34057,-0.296179,1.89546,-3.96063,-0.664204,672.55,140.03,-1.00215,0,-43.7991,-343.619,-76.6405,5.9284,-1.14359,0.492364,0.162243,-0.0118325,0.385914,11.295,-28.016,19.4209,9.5479,-13.5444,6.22236,-6.10352,-5.37627,3.11303,-3.1491,0.363465,-0.183007,-0.20402,1.03837,-1.07703,0.226198,-0.12858,-0.172691,-0.21592,-23.6661,43.49,-3.56143,-154.03,9.4606,-0.0952821,45.4398,11.3321,0.256029,-0.0594865,0.161571,-5.81188,-1.98809,-0.0206765,0,3184,2.77556e-17,1.38778e-17,-5.55112e-17,4.16334e-17,-5.6101e-14,2.48829e-14,2.48415e-14,-2.77556e-17,-5.55112e-17,-5.20417e-17,0,-0.463709,0.332451,0.583485,0.108249,3.14159,2.02981,0.094975,3.077,-0.0115958,-0.392699,4.08042,-0.521574,3.03325,0.00397222,0.523599,0,0,0,0.483841,-0.000199995,-0.463709,0.583489,3.20148,2.02981,3.077,-0.588188,4.08042,3.03323,0.415254,0.0356515,-1.07518,0.622575,-1.60283e-05,0.46586,-0.040804,0.207673,-0.215406,-0.12899,0.0565433,0.0148664,1.00117,68.7113,-58.6209,-27.4675,53.9233,38.6596,63.4045,-142.869,106.97,34.9976
2.38,-5.80994,-2.00841,0.513033,0.516114,0.0354869,1.01514,-0.427809,-0.0797851,0.627091,1.24127,3.23798,-30261.5,2.0633,-3.49884,3.14902,0.449816,-0.552793,-3.57538,4.11666,-2.16801,3.05802,-0.302391,0.452678,-4.75843,-2.00425,-7.12614,-0.362355,-7.05517,-3.66152,-4.21095,-1.95164,-6.6586,-0.652027,-6.56028,-3.42156,0.450919,0.202974,0.437335,0.522738,-0.0203747,0.00654263,-0.000234977,-0.0760627,-0.463531,1.98258,0.583666,0.491403,3.20166,-24.3046,2.02758,9.47111,3.07478,0.0597382,-0.590411,0.952661,4.08094,-2.59556,3.03374,0.0192392,0.415744,-0.0873448,1.27409,0.084013,-1.59283,1.66193,-2.45017,15.9051,-33.1906,17.3052,8.89825,0.812582,-1.69696,-2.32542,5.32758,-0.282832,1.8777,-3.91871,-0.659798,-19504.9,-1052.05,158.957,0,-1661.44,8538.34,487.577,-69.7652,-17.6289,57.1165,5.96483,-0.852893,6.13097,11.1803,-27.9551,19.3444,9.5336,-13.444,6.20112,-6.07051,-5.36339,3.11209,-3.12776,0.36014,-0.180956,-0.202149,1.03805,-1.07645,0.225881,-0.194409,-0.205785,-0.220214,-23.9635,44.1412,-2.90556,-19.417,-6.2038,-0.218665,45.0724,11.1176,0.25539,-0.916863,0.161515,-5.81064,-1.98805,-0.0203747,0,3190,1.38778e-17,0,1.38778e-17,5.55112e-17,2.36478e-13,2.78721e-13,2.81608e-13,8.32667e-17,8.32667e-17,9.71445e-17,0,-0.463531,0.334822,0.583666,0.107738,3.14159,2.02758,1.89419,3.07478,0.0119476,-0.392699,4.08094,-0.519113,3.03374,0.00384783,0.523599,0,0,0,0.481199,-0.000234977,-0.463531,0.583666,3.20166,2.02758,3.07478,-0.590411,4.08094,3.03374,0.415744,0.0357219,-1.07268,0.622419,2.04947e-07,0.418365,-0.0404297,0.20761,-0.215291,-0.131666,0.0565618,0.0148726,1.00115,69.0904,-59.2763,-27.4686,6768.75,-1993.24,51.8728,-143.527,106.578,34.8641
2.4,-5.80911,-2.00818,0.509106,0.511013,0.0357029,1.00847,-0.42687,-0.0879229,0.628082,1.25565,3.23886,-30261.9,2.06285,-3.86261,3.12146,0.529053,-0.553584,-3.57779,4.11706,-2.17434,3.05854,-0.304988,0.4531,-4.75756,-2.00419,-7.12547,-0.362093,-7.05393,-3.66167,-4.21013,-1.95107,-6.65807,-0.651977,-6.55914,-3.42149,0.44289,-0.187566,0.431101,0.517729,-0.0201717,0.00623439,-6.59346e-05,-0.0684986,-0.462639,1.99729,0.584559,0.488447,3.20255,-9.8705,2.02708,2.65717,3.07427,-0.0812577,-0.590912,0.948009,4.08129,-2.57435,3.03409,0.0188967,0.416123,-0.0867776,1.26888,0.0831313,-1.58616,1.65428,-2.28782,15.762,-32.878,17.152,8.92079,0.814673,-1.69968,-2.30762,5.32064,-0.257621,1.8563,-3.87215,-0.656588,-1134.71,-171.951,40.4518,0,-28.2191,437.742,71.207,-13.712,-5.11481,-9.74916,-0.681759,0.12836,1.70644,11.1249,-27.8698,19.2459,9.53191,-13.3576,6.18502,-6.03262,-5.35913,3.11714,-3.10352,0.357199,-0.178856,-0.200896,1.03973,-1.07799,0.225418,-0.196376,-0.255062,-0.33357,-24.3624,44.859,-23.5654,-37.6283,-0.587542,-0.1208,44.7761,10.9871,0.255241,-0.266188,0.161887,-5.80981,-1.98802,-0.0201717,0,3194,0,0,1.38778e-17,4.16334e-17,-6.4989e-13,-8.63309e-13,-8.56507e-13,-4.16334e-17,-2.77556e-17,-1.73472e-17,0,-0.462639,0.337363,0.584561,0.107367,3.14159,2.02708,0.531424,3.07428,-0.0162515,-0.392699,4.08129,-0.514822,3.03412,0.00377934,0.523599,0,0,0,0.477264,-6.59346e-05,-0.462639,0.584559,3.20255,2.02708,3.07427,-0.590912,4.08129,3.03409,0.416123,0.0357689,-1.07173,0.62339,-2.00348e-05,0.462251,-0.0401791,0.207945,-0.215598,-0.129046,0.0565742,0.0148768,1.00114,67.8072,-59.8511,-27.8945,786.854,-188.438,66.577,-141.363,105.486,34.7351
2.42,-5.80843,-2.00773,0.503364,0.503694,0.0358921,0.99812,-0.425005,-0.101086,0.630032,1.28164,3.24062,-30284.1,2.06288,-4.13886,3.11851,0.611474,-0.553294,-3.5811,4.11743,-2.18105,3.059,-0.310138,0.453449,-4.75679,-2.00445,-7.12505,-0.361813,-7.05289,-3.66153,-4.20946,-1.95031,-6.65763,-0.651685,-6.55819,-3.42118,0.429919,-0.467056,0.424501,0.512698,-0.0197436,0.00432969,8.79653e-05,-0.0515473,-0.460809,2.0217,0.586388,0.484763,3.20438,-8.12703,2.02708,1.84642,3.07427,-0.0417832,-0.590917,0.943532,4.08163,-2.55775,3.03443,0.0183548,0.416442,-0.08621,1.26368,0.0797218,-1.57953,1.64487,-1.90975,15.5774,-32.4436,16.9357,8.9653,0.820452,-1.7083,-2.27831,5.31731,-0.200615,1.82781,-3.80673,-0.652207,-104.013,-40.4796,22.4939,0,-0.36724,-14.788,9.10604,-5.25376,-3.59245,-1.81085,0.112608,-0.0456465,1.23829,11.0203,-27.7713,19.1322,9.51033,-13.2427,6.16175,-5.99155,-5.3439,3.11291,-3.07583,0.354091,-0.176744,-0.199286,1.03828,-1.07629,0.224953,-0.28707,-0.365951,-0.51751,-25.0212,46.1555,-1109.33,-51.4389,2.2159,-0.1654,44.4589,10.7265,0.255082,-0.186962,0.161673,-5.80918,-1.988,-0.0197436,0,3197,-2.77556e-17,-1.38778e-17,-1.38778e-17,-5.55112e-17,-6.02562e-13,-9.46021e-13,-9.52122e-13,-1.38778e-17,-2.77556e-17,-2.94903e-17,0,-0.460809,0.341506,0.586386,0.10699,3.14159,2.02708,0.369284,3.07427,-0.00835663,-0.392699,4.08163,-0.511537,3.03444,0.00367095,0.523599,0,0,0,0.473301,8.79653e-05,-0.460809,0.586388,3.20438,2.02708,3.07427,-0.590917,4.08163,3.03443,0.416442,0.0358041,-1.06875,0.622571,-5.50918e-06,0.474572,-0.0398572,0.207655,-0.215259,-0.130427,0.0565834,0.0148799,1.00112,65.9121,-60.8024,-28.6763,415.173,-72.258,64.4762,-140.851,104.632,34.6487
2.44,-5.80784,-2.00695,0.493933,0.492332,0.0361099,0.983235,-0.422996,-0.122242,0.632157,1.32525,3.24245,-30345.7,2.06188,-4.09074,3.11728,0.0475192,-0.556154,-3.58565,4.11686,-2.18857,3.05857,-0.321888,0.452885,-4.7561,-2.00443,-7.12446,-0.360759,-7.05214,-3.66063,-4.20888,-1.94919,-6.65734,-0.651098,-6.55729,-3.42057,0.409054,-0.417304,0.417118,0.505399,-0.0189928,0.00171773,0.000270605,-0.0518302,-0.458835,2.05491,0.588362,0.475634,3.20636,-8.03494,2.02604,1.8154,3.07324,-0.381806,-0.591952,0.929929,4.08102,-2.53027,3.03382,0.0189245,0.415833,-0.0853904,1.25623,0.0750684,-1.57005,1.63162,-1.79526,15.3136,-31.828,16.5776,9.02438,0.827041,-1.71744,-2.23565,5.28608,-0.193002,1.78622,-3.71213,-0.642142,-67.7275,-34.625,21.5743,0,-0.126293,-30.4623,6.36609,-4.84161,-3.49982,-11.0056,-2.07381,0.962479,0.907984,10.8021,-27.6231,18.9603,9.4836,-13.0688,6.14992,-5.94449,-5.33362,3.1118,-3.04243,0.355082,-0.176298,-0.200349,1.03792,-1.07618,0.224284,-0.471579,-0.568082,-0.744251,-26.0626,48.3238,-3078.68,-49.083,-9.51193,-0.227456,44.0544,10.1398,0.253851,-0.182302,0.161757,-5.80856,-1.98797,-0.0189928,0,3200,-1.38778e-17,0,1.38778e-17,-1.38778e-17,2.89775e-13,-6.59611e-13,-5.15935e-13,-6.93889e-17,-5.55112e-17,-5.72459e-17,0,-0.458835,0.34724,0.588364,0.105703,3.14159,2.02604,0.36308,3.07324,-0.0763613,-0.392699,4.08102,-0.506041,3.03383,0.00378489,0.523599,0,0,0,0.467525,0.000270605,-0.458835,0.588362,3.20636,2.02604,3.07324,-0.591952,4.08102,3.03382,0.415833,0.0358393,-1.0667,0.622349,-5.44404e-06,0.47302,-0.0400698,0.207583,-0.215237,-0.135157,0.0565927,0.014883,1.00107,63.8228,-62.2242,-29.5628,400.487,-83.313,71.6399,-140.456,103.444,34.8581
2.46,-5.80741,-2.00633,0.483356,0.479195,0.0363673,0.965808,-0.420855,-0.150537,0.634468,1.39537,3.24431,-29927.5,2.05962,-4.04163,3.1149,-0.586586,-0.560168,-3.5904,4.11654,-2.19263,3.05842,-0.33174,0.452577,-4.75557,-2.00457,-7.12373,-0.359297,-7.05142,-3.66005,-4.20847,-1.94816,-6.65726,-0.650697,-6.5565,-3.42015,0.381215,-0.366557,0.413209,0.49356,-0.0183888,-0.00156866,0.000504532,-0.0539616,-0.456717,2.10319,0.59048,0.462383,3.20848,-7.97957,2.02376,1.80841,3.07095,-0.690699,-0.594243,0.933799,4.08068,-2.49676,3.03348,0.0188003,0.415497,-0.0840693,1.24439,0.0691273,-1.55507,1.61172,-1.67948,14.941,-30.9699,16.0809,9.10333,0.841471,-1.7414,-2.16963,5.23976,-0.195846,1.7298,-3.58488,-0.626349,109.904,-6.01767,17.3565,0,0.0171036,-113.245,-7.05177,-2.88007,-3.43704,9.04001,0.440138,1.25787,0.855041,10.7262,-27.3875,18.7104,9.43088,-12.8859,6.11588,-5.86883,-5.30655,3.09408,-2.98943,0.35367,-0.174429,-0.200072,1.032,-1.07019,0.22322,-0.528818,-0.65686,-0.871345,-27.4744,51.8263,20911.1,-46.7406,-22.8997,-0.237656,43.8356,9.64692,0.252079,-0.179336,0.161117,-5.80815,-1.98796,-0.0183888,0,3202,2.77556e-17,1.38778e-17,-1.38778e-17,-1.38778e-17,1.11163e-13,-4.17333e-13,-1.81855e-13,-6.93889e-17,-5.55112e-17,-4.85723e-17,0,-0.456717,0.355456,0.590482,0.103908,3.14159,2.02376,0.361692,3.07095,-0.13814,-0.392699,4.08068,-0.499334,3.03349,0.00376006,0.523599,0,0,0,0.45807,0.000504532,-0.456717,0.59048,3.20848,2.02376,3.07095,-0.594243,4.08068,3.03348,0.415497,0.0358628,-1.06127,0.6188,-7.85567e-06,0.485527,-0.0400145,0.2064,-0.214037,-0.134068,0.0565989,0.014885,1.00104,64.139,-64.4809,-30.2016,365.058,-82.1984,74.7964,-139.129,101.93,34.962
2.48,-5.80694,-2.00557,0.470884,0.464466,0.0365321,0.946927,-0.418786,-0.183257,0.63673,1.4826,3.246,-29880.1,2.06022,-3.96616,3.11572,-1.01761,-0.561346,-3.59853,4.11671,-2.20152,3.05877,-0.3443,0.452687,-4.75499,-2.00467,-7.12365,-0.358956,-7.0507,-3.65945,-4.20801,-1.94713,-6.65702,-0.650074,-6.5558,-3.41951,0.349062,-0.289089,0.40456,0.480403,-0.0176434,-0.00598742,0.000634062,-0.0569481,-0.454684,2.15779,0.592514,0.446957,3.21051,-8.05581,2.02432,1.88457,3.07152,-0.977821,-0.593675,0.937943,4.08081,-2.46112,3.03361,0.0181284,0.415574,-0.0826414,1.23156,0.0615065,-1.53894,1.58953,-1.54245,14.5393,-30.034,15.5326,9.18082,0.856811,-1.76635,-2.09759,5.18414,-0.202828,1.66895,-3.44675,-0.607977,49.527,-15.4416,18.4603,0,0.153204,-86.3327,-2.5146,-3.47975,-3.47593,-0.0734074,-1.55282,2.08994,1.02998,10.6212,-27.136,18.4405,9.36506,-12.6645,6.06811,-5.77991,-5.26817,3.07103,-2.92702,0.350226,-0.171529,-0.198403,1.02432,-1.06218,0.222062,-0.623611,-0.736467,-0.944063,-29.1044,56.1871,2368.1,-42.9368,-29.3704,-0.406474,43.3995,9.01948,0.24953,-0.181451,0.159992,-5.80752,-1.98794,-0.0176434,0,3205,0,-1.38778e-17,-2.77556e-17,0,-1.97893e-13,-4.81074e-13,-5.20001e-14,9.71445e-17,5.55112e-17,4.51028e-17,0,-0.454684,0.364768,0.592515,0.101802,3.14159,2.02432,0.376927,3.07152,-0.195564,-0.392699,4.08081,-0.492298,3.03357,0.00362568,0.523599,0,0,0,0.447458,0.000634062,-0.454684,0.592514,3.21051,2.02432,3.07152,-0.593675,4.08081,3.03361,0.415574,0.035898,-1.05379,0.614267,3.15434e-05,0.439793,-0.0396806,0.204865,-0.212437,-0.135497,0.0566081,0.0148881,1.001,65.6542,-67.1135,-30.6615,384.219,-101.958,80.543,-139.244,100.467,34.9554
2.5,-5.80631,-2.00522,0.460586,0.450636,0.0368926,0.928182,-0.416959,-0.220103,0.638753,1.58833,3.24734,-29845.6,2.05734,-3.92936,3.11289,-1.22083,-0.565605,-3.60232,4.1168,-2.2055,3.05909,-0.350213,0.452837,-4.75428,-2.00474,-7.12268,-0.357578,-7.04951,-3.65947,-4.2074,-1.9462,-6.65688,-0.650028,-6.55466,-3.41942,0.312903,-0.250862,0.400744,0.465082,-0.0173141,-0.00959784,0.000959369,-0.0710376,-0.452893,2.21341,0.594305,0.429241,3.2123,-8.05318,2.02141,1.91028,3.0686,-1.18752,-0.59658,0.936547,4.08086,-2.41181,3.03366,0.0176578,0.415691,-0.081022,1.21707,0.0551725,-1.52061,1.56601,-1.59931,14.1212,-29.0846,14.9684,9.24228,0.870367,-1.7872,-2.02687,5.11382,-0.246671,1.6063,-3.30723,-0.587221,28.1092,-18.3757,18.5994,0,0.210863,-76.3391,-1.06843,-3.57218,-3.45739,-5.48583,-2.78861,2.66445,1.27168,10.4935,-26.8665,18.1435,9.31509,-12.4182,6.0263,-5.68249,-5.23934,3.05827,-2.85721,0.346463,-0.16811,-0.196942,1.02007,-1.0577,0.22075,-0.514922,-0.691503,-0.937236,-30.9287,61.4729,1722.98,-41.241,-30.1388,-0.189487,43.2047,8.72397,0.246359,-0.180595,0.159443,-5.8069,-1.98791,-0.0173141,0,3208,0,1.38778e-17,-5.55112e-17,6.93889e-17,-2.17803e-13,7.34857e-13,-7.22339e-14,4.16334e-17,1.38778e-17,1.56125e-17,0,-0.452893,0.37433,0.594305,0.0992823,3.14159,2.02141,0.382038,3.06861,-0.237503,-0.392699,4.08086,-0.482328,3.03368,0.00353156,0.523599,0,0,0,0.434951,0.000959369,-0.452893,0.594305,3.2123,2.02141,3.0686,-0.59658,4.08086,3.03366,0.415691,0.0359333,-1.0478,0.611625,-1.47575e-05,0.486328,-0.0393885,0.204013,-0.21154,-0.126719,0.0566174,0.0148912,1.00098,68.4943,-69.9108,-30.9044,390.714,-113.151,85.7458,-134.882,98.2426,34.8816
2.52,-5.80529,-2.00475,0.450759,0.439072,0.0368992,0.914093,-0.416376,-0.253997,0.639531,1.70124,3.24734,-29821.1,2.0533,-3.92084,3.10899,-1.18383,-0.569494,-3.60999,4.11752,-2.21307,3.05997,-0.358249,0.453504,-4.75322,-2.00458,-7.12047,-0.355217,-7.04833,-3.65932,-4.20638,-1.94572,-6.65586,-0.649564,-6.55363,-3.41896,0.279782,-0.242354,0.393402,0.452526,-0.0168813,-0.0155295,0.000907253,-0.0854845,-0.452368,2.26774,0.59483,0.411521,3.21282,-8.13413,2.01731,1.94828,3.0645,-1.17326,-0.600699,0.93481,4.08152,-2.37903,3.03433,0.0163281,0.416309,-0.0797456,1.20554,0.0456854,-1.50626,1.54473,-1.59261,13.766,-28.2345,14.4396,9.28823,0.889744,-1.81967,-1.95518,5.0429,-0.289591,1.55285,-3.18388,-0.565816,35.8813,-16.9117,18.1238,0,0.297687,-81.4158,-1.7229,-3.35499,-3.50282,-3.56281,-2.3488,2.50753,1.24211,10.2959,-26.6433,17.8954,9.23891,-12.1575,5.97047,-5.59346,-5.19069,3.03243,-2.79167,0.340733,-0.164296,-0.19349,1.01144,-1.04846,0.219699,-0.49134,-0.578197,-0.704447,-32.6237,67.1181,1227.77,-41.0172,-29.5107,-0.383509,42.8626,8.3217,0.242662,-0.182728,0.157921,-5.80587,-1.98788,-0.0168813,0,3213,-1.38778e-17,-1.38778e-17,-1.38778e-17,-1.38778e-17,1.64786e-13,3.23713e-13,-1.56958e-14,-6.93889e-17,-1.11022e-16,-1.12757e-16,0,-0.452368,0.38356,0.594827,0.0967835,3.14159,2.01731,0.389678,3.06449,-0.234651,-0.392699,4.08152,-0.475845,3.0343,0.00326562,0.523599,0,0,0,0.424594,0.000907253,-0.452368,0.59483,3.21282,2.01731,3.0645,-0.600699,4.08152,3.03433,0.416309,0.035992,-1.03822,0.606519,1.74718e-05,0.368935,-0.0386981,0.202288,-0.209693,-0.126151,0.0566328,0.0148964,1.00096,74.1714,-72.7725,-30.3974,391.548,-112.394,86.3404,-135.52,97.2662,34.7023
2.54,-5.80435,-2.00443,0.44245,0.429092,0.0370397,0.902213,-0.415915,-0.281407,0.640136,1.79257,3.24728,-29815.9,2.051,-3.73423,3.10736,-1.39387,-0.576215,-3.61588,4.11781,-2.22172,3.06048,-0.365012,0.453818,-4.75226,-2.0043,-7.11906,-0.353974,-7.04711,-3.65928,-4.20545,-1.94518,-6.65511,-0.649368,-6.55249,-3.41875,0.253043,-0.0506532,0.384937,0.440668,-0.0165995,-0.0183589,0.00100072,-0.0947095,-0.451954,2.30797,0.595243,0.398589,3.21324,-8.55677,2.01497,2.16373,3.06216,-1.87563,-0.603018,0.924489,4.08177,-2.33557,3.03457,0.0159342,0.41658,-0.0785686,1.19495,0.0410054,-1.49298,1.52782,-1.60797,13.4875,-27.6036,14.0688,9.31219,0.902314,-1.8409,-1.90475,4.99168,-0.324742,1.51213,-3.09362,-0.550185,129.671,-3.28577,15.8214,0,1.36321,-132.618,-7.97486,-2.30813,-3.85675,32.6129,2.05878,2.81517,2.52872,10.1191,-26.4614,17.6817,9.21145,-11.9378,5.94211,-5.519,-5.17292,3.03067,-2.73606,0.337289,-0.161378,-0.192009,1.01085,-1.04769,0.21873,-0.415429,-0.498999,-0.594017,-33.995,71.685,261.498,-31.8015,-23.902,-0.294214,42.4444,7.98254,0.240112,-0.201101,0.157778,-5.80504,-1.98785,-0.0165995,0,3217,-1.38778e-17,0,-1.38778e-17,-6.245e-17,1.75678e-13,5.11369e-13,-2.28175e-13,-1.38778e-17,-2.77556e-17,-3.81639e-17,0,-0.451954,0.390382,0.595248,0.0949683,3.14159,2.01497,0.432718,3.06217,-0.375126,-0.392699,4.08177,-0.467112,3.03457,0.00318684,0.523599,0,0,0,0.41472,0.00100072,-0.451954,0.595243,3.21324,2.01497,3.06216,-0.603018,4.08177,3.03457,0.41658,0.036039,-1.03458,0.606132,-1.24939e-06,0.345777,-0.0384019,0.202169,-0.209538,-0.121361,0.0566452,0.0149005,1.00094,77.3285,-74.8116,-30.1558,398.656,-135.234,93.0497,-132.867,95.5591,34.598
2.56,-5.80362,-2.00419,0.435589,0.420958,0.0371267,0.892763,-0.415672,-0.30391,0.6405,1.87023,3.247,-29810,2.04986,-3.78648,3.1043,-1.56181,-0.583059,-3.62213,4.11874,-2.23062,3.06157,-0.369415,0.454717,-4.75153,-2.00404,-7.1181,-0.35326,-7.04604,-3.65954,-4.20473,-1.9448,-6.65451,-0.649197,-6.55164,-3.41857,0.231185,-0.0991186,0.376231,0.430715,-0.0163808,-0.0210593,0.00104069,-0.0973009,-0.451758,2.34143,0.595439,0.388379,3.21343,-7.47628,2.01378,1.68601,3.06098,-2.40062,-0.604223,0.924441,4.08265,-2.30424,3.03545,0.0147951,0.417443,-0.0776073,1.18627,0.0366748,-1.48213,1.51374,-1.53984,13.263,-27.091,13.7749,9.3277,0.912173,-1.85715,-1.86522,4.95258,-0.341419,1.47938,-3.02064,-0.53788,-91.8873,-37.0511,20.9155,0,1.14987,-11.4611,7.66934,-4.68812,-2.90507,-87.5292,-20.17,8.44607,5.78159,10.0441,-26.3147,17.5135,9.17888,-11.7708,5.90454,-5.45208,-5.14722,3.0209,-2.687,0.33177,-0.157865,-0.188945,1.00759,-1.04394,0.217933,-0.343057,-0.406681,-0.472498,-35.1192,75.5679,291.211,-34.4707,-17.4021,-0.31276,42.0459,7.7631,0.238049,-0.151353,0.157158,-5.80421,-1.98782,-0.0163808,0,3221,0,0,-2.77556e-17,2.77556e-17,-3.99723e-13,-7.21909e-13,5.11396e-13,2.77556e-17,1.38778e-17,1.04083e-17,0,-0.451758,0.39608,0.595438,0.093551,3.14159,2.01378,0.337222,3.06097,-0.480125,-0.392699,4.08265,-0.460872,3.03544,0.00295903,0.523599,0,0,0,0.406364,0.00104069,-0.451758,0.595439,3.21343,2.01378,3.06098,-0.604223,4.08265,3.03545,0.417443,0.036086,-1.0295,0.604201,1.10026e-05,0.312729,-0.037789,0.201519,-0.208787,-0.117403,0.0566576,0.0149047,1.00093,80.2519,-76.524,-29.8552,389.223,-174.484,120.119,-131.502,94.3063,34.3202
2.58,-5.80291,-2.00367,0.427268,0.41169,0.037197,0.882386,-0.415181,-0.323456,0.641089,1.93171,3.24702,-29801.9,2.05022,-1.57501,3.10783,-1.60481,-0.816269,-3.62933,4.11889,-2.24309,3.0619,-0.379313,0.45485,-4.75079,-2.00368,-7.11759,-0.352968,-7.0452,-3.65913,-4.20402,-1.94417,-6.65389,-0.648737,-6.55083,-3.4181,0.212205,2.34909,0.363958,0.422546,-0.0158872,-0.0230928,0.00107578,-0.0932881,-0.451303,2.3685,0.595895,0.380992,3.21389,-7.76318,2.0141,1.8455,3.0613,-14.2693,-0.603897,0.907976,4.08277,-2.26936,3.03557,0.0147891,0.417541,-0.0768348,1.17928,0.0334375,-1.4734,1.5026,-1.40786,13.0858,-26.6897,13.557,9.34186,0.918475,-1.86704,-1.8359,4.92719,-0.340657,1.45331,-2.96302,-0.529123,-38.2942,-27.7051,19.3359,0,0.540144,-40.9721,3.42081,-4.00133,-3.14062,-175.696,-76.6022,41.4163,247.47,9.83831,-26.2028,17.3699,9.16961,-11.5891,5.89114,-5.40202,-5.14081,3.02717,-2.648,0.330046,-0.156087,-0.188368,1.00968,-1.04603,0.217288,-0.416029,-0.46338,-0.518874,-36.0958,78.6356,408.504,76.1206,-4.47956,-0.359755,41.4298,7.26766,0.236668,-0.163517,0.157379,-5.80359,-1.9878,-0.0158872,0,3224,0,-1.38778e-17,-1.38778e-17,-2.77556e-17,-2.40832e-13,-6.31981e-13,5.85976e-13,-5.55112e-17,-6.93889e-17,-6.59195e-17,0,-0.451303,0.40068,0.595896,0.0925426,3.14159,2.0141,0.369149,3.06129,-2.85386,-0.392699,4.08277,-0.453926,3.03553,0.00295782,0.523599,0,0,0,0.399468,0.00107578,-0.451303,0.595895,3.21389,2.0141,3.0613,-0.603897,4.08277,3.03557,0.417541,0.0361212,-1.02828,0.605482,2.48411e-05,0.269919,-0.0376735,0.201936,-0.209207,-0.118916,0.0566668,0.0149078,1.0009,80.625,-77.7999,-29.9313,561.606,-659.299,318.354,-130.575,92.9683,34.2964
2.6,-5.80222,-2.00329,0.419216,0.402505,0.0373281,0.871995,-0.414755,-0.345773,0.641622,2.00676,3.2468,43028.5,2.04955,-7194.59,3.04836,-5.76062,-1.96222,-3.63563,4.11894,-2.25205,3.06213,-0.38763,0.454903,-4.75008,-2.00333,-7.11688,-0.352391,-7.04432,-3.65888,-4.20334,-1.94358,-6.65338,-0.648468,-6.54996,-3.41782,0.190645,-7189.58,0.355176,0.412705,-0.0155323,-0.0245642,0.00115989,-0.0931992,-0.450923,2.3976,0.596275,0.372508,3.21427,-8.39056,2.01338,2.16321,3.06058,-2087.31,-0.604612,0.901886,4.08277,-2.23238,3.03557,0.0147718,0.417545,-0.0759244,1.17106,0.0310064,-1.46308,1.49034,-1.34511,12.8898,-26.2594,13.3228,9.35145,0.925238,-1.87812,-1.80418,4.89594,-0.354681,1.42514,-2.90213,-0.518909,55.068,-13.37,16.9716,0,0.816996,-95.268,-3.14155,-2.93883,-3.67612,2.78738e+06,-2580.99,4069.44,4.87368e+06,9.74614,-26.0678,17.2092,9.15826,-11.4355,5.87698,-5.34767,-5.13407,3.02814,-2.60563,0.328593,-0.154355,-0.18806,1.01002,-1.04637,0.216526,-0.402638,-0.459266,-0.519525,-37.2117,82.3865,3.64152e+06,-359575,-209.513,-0.315164,40.9842,6.85291,0.235295,-0.191496,0.157515,-5.80276,-1.98777,-0.0155323,0,3228,0,1.38778e-17,4.16334e-17,-7.63278e-17,4.36283e-14,-1.59803e-13,1.13687e-13,9.71445e-17,9.71445e-17,8.84709e-17,0,-0.450923,0.40562,0.596278,0.0913781,3.14159,2.01338,0.434837,3.06058,-417.462,-0.392699,4.08277,-0.446523,3.03554,0.00295436,0.523599,0,0,0,0.3911,0.00115989,-0.450923,0.596275,3.21427,2.01338,3.06058,-0.604612,4.08277,3.03557,0.417545,0.0361682,-1.02692,0.605671,2.17818e-05,0.260303,-0.037612,0.202003,-0.209275,-0.116508,0.0566792,0.0149119,1.00088,81.7233,-79.2078,-29.9057,3.0252e+06,473083,-523181,-128.62,91.4408,34.2833
2.62,-5.80179,-2.0032,0.413711,0.39458,0.0375942,0.861958,-0.414464,-0.369323,0.642017,2.08829,3.24624,43083.1,2.04749,-41.7677,3.10021,-1.9204,-0.676185,-3.63748,4.11925,-2.25428,3.06259,-0.388708,0.455279,-4.74965,-2.00297,-7.1162,-0.351577,-7.0434,-3.6592,-4.20292,-1.94306,-6.6533,-0.648605,-6.54914,-3.41793,0.168047,-37.9913,0.353039,0.403276,-0.0154583,-0.0260725,0.00140246,-0.0972463,-0.450655,2.42592,0.596542,0.363575,3.21454,-6.28815,2.0113,1.21373,3.0585,-170.261,-0.606691,0.903747,4.08306,-2.20124,3.03587,0.014243,0.417903,-0.0750637,1.16337,0.0285631,-1.45334,1.47871,-1.33786,12.7045,-25.8518,13.0938,9.3554,0.93295,-1.89017,-1.77351,4.86134,-0.379116,1.39839,-2.8441,-0.508289,-165.552,-53.4862,23.2386,0,6.09195,39.289,15.3206,-5.82288,-1.84514,3376.22,-3637.48,1169.58,64475.5,9.72703,-25.9376,17.0597,9.14022,-11.3113,5.8568,-5.29491,-5.12142,3.0223,-2.56431,0.325549,-0.152011,-0.186669,1.00807,-1.04418,0.215813,-0.275221,-0.396246,-0.501847,-38.3879,86.456,2730.24,-1933.65,-17.612,-0.0926068,40.8891,6.79886,0.233585,-0.0960871,0.157181,-5.80234,-1.98775,-0.0154583,0,3230,-1.38778e-17,0,-4.16334e-17,-1.38778e-17,-1.31145e-14,-3.60684e-13,3.83693e-13,0,2.77556e-17,2.77556e-17,0,-0.450655,0.410445,0.596542,0.0901109,3.14159,2.0113,0.242405,3.0585,-34.0522,-0.392699,4.08306,-0.4402,3.0359,0.0028486,0.523599,0,0,0,0.383024,0.00140246,-0.450655,0.596542,3.21454,2.0113,3.0585,-0.606691,4.08306,3.03587,0.417903,0.0361917,-1.02418,0.604416,-2.28219e-05,0.324822,-0.0373337,0.201613,-0.208836,-0.108445,0.0566854,0.014914,1.00088,83.0415,-80.622,-29.8252,20704.7,-5652.03,1579.74,-124.89,89.9164,34.1369
2.64,-5.80135,-2.00282,0.40727,0.38612,0.0377006,0.851777,-0.414309,-0.391238,0.642273,2.16443,3.24543,43089.3,2.04704,-2.60246,3.10362,-1.58177,-0.640399,-3.64187,4.12004,-2.26038,3.06346,-0.39297,0.456007,-4.7492,-2.00251,-7.11577,-0.351076,-7.04264,-3.65925,-4.20248,-1.94251,-6.65301,-0.648317,-6.54855,-3.41763,0.147198,1.14156,0.347073,0.396852,-0.0150959,-0.0296216,0.0014854,-0.0944267,-0.450525,2.45342,0.596673,0.355761,3.21467,-8.42592,2.01083,2.20547,3.05803,-8.82539,-0.60717,0.903859,4.08382,-2.18612,3.03662,0.0131167,0.418617,-0.0744924,1.15821,0.0233303,-1.44687,1.46887,-1.19136,12.5544,-25.49,12.8852,9.36261,0.941456,-1.90273,-1.74539,4.83321,-0.382264,1.37597,-2.79226,-0.498931,48.4733,-14.0222,16.8181,0,0.883947,-92.9557,-2.77259,-2.89845,-3.68163,50.827,-12.4258,17.0521,76.0791,9.62796,-25.8394,16.9495,9.09605,-11.1761,5.8241,-5.25109,-5.09049,3.00578,-2.52965,0.321184,-0.14954,-0.183818,1.00256,-1.03815,0.215333,-0.322089,-0.422986,-0.509058,-39.4832,90.26,306.644,24.5892,-5.97693,-0.219403,40.6231,6.58573,0.231987,-0.191515,0.156164,-5.80193,-1.98774,-0.0150959,0,3232,1.38778e-17,1.38778e-17,2.77556e-17,-2.08167e-17,-6.93016e-13,-1.47526e-12,1.28819e-12,-1.38778e-17,0,1.21431e-17,0,-0.450525,0.415117,0.596677,0.0890405,3.14159,2.01083,0.441123,3.05802,-1.76508,-0.392699,4.08382,-0.437241,3.03661,0.00262334,0.523599,0,0,0,0.377496,0.0014854,-0.450525,0.596673,3.21467,2.01083,3.05803,-0.60717,4.08382,3.03662,0.418617,0.0362152,-1.01814,0.601172,8.09133e-06,0.292224,-0.0367635,0.200511,-0.207631,-0.109225,0.0566916,0.014916,1.00086,83.9159,-81.939,-29.7386,485.996,-417.815,202.882,-125.22,89.2909,33.9303
2.66,-5.80097,-2.00243,0.400144,0.37739,0.0377823,0.841696,-0.414201,-0.414077,0.642485,2.24604,3.24422,43094.4,2.04825,-3.30987,3.10503,-1.54343,-0.596742,-3.64648,4.12,-2.26759,3.06356,-0.400492,0.455957,-4.74882,-2.00204,-7.11585,-0.351318,-7.04216,-3.65889,-4.20211,-1.94199,-6.65273,-0.647999,-6.54805,-3.4173,0.125779,0.391894,0.340007,0.389374,-0.0147222,-0.0325962,0.00154355,-0.0915328,-0.45044,2.481,0.596757,0.347931,3.21475,-8.65102,2.01201,2.33682,3.05921,-4.33864,-0.605986,0.888228,4.08376,-2.15724,3.03656,0.0131165,0.418543,-0.0738374,1.15232,0.018944,-1.4395,1.45867,-1.06227,12.3983,-25.1263,12.6813,9.36645,0.949078,-1.91425,-1.71799,4.80483,-0.388672,1.35309,-2.7407,-0.489502,68.2777,-11.3364,16.2999,0,1.28954,-106.413,-3.94664,-2.71077,-3.85716,26.9728,-3.23054,7.49872,15.4114,9.40428,-25.7368,16.8195,9.07433,-10.9947,5.81211,-5.20895,-5.07863,3.00544,-2.49327,0.320184,-0.148273,-0.183416,1.00242,-1.03802,0.214782,-0.356274,-0.436545,-0.504052,-40.6242,94.3397,256.259,-10.7214,-11.0862,-0.230236,40.2603,6.20785,0.230702,-0.200724,0.156197,-5.80151,-1.98772,-0.0147222,0,3234,0,0,4.16334e-17,-1.04083e-16,-3.81813e-13,-5.65589e-13,4.15168e-13,1.38778e-17,-1.38778e-17,-3.46945e-18,0,-0.45044,0.419811,0.596759,0.087973,3.14159,2.01201,0.467371,3.05921,-0.867728,-0.392699,4.08376,-0.431486,3.03654,0.00262329,0.523599,0,0,0,0.371031,0.00154355,-0.45044,0.596757,3.21475,2.01201,3.05921,-0.605986,4.08376,3.03656,0.418543,0.0362387,-1.01581,0.601122,1.76536e-05,0.25362,-0.0366832,0.200484,-0.207603,-0.1096,0.0566977,0.0149181,1.00083,84.9626,-83.2757,-29.6148,441.117,-245.056,134.398,-124.266,88.213,33.9561
2.68,-5.80063,-2.00211,0.393131,0.369122,0.037848,0.832235,-0.414032,-0.437259,0.642757,2.33253,3.24251,43095.7,2.04973,-3.83947,3.10281,-1.64622,-0.601905,-3.65119,4.11985,-2.27257,3.06354,-0.407585,0.455816,-4.74847,-2.00171,-7.11605,-0.351738,-7.04176,-3.65854,-4.20177,-1.94157,-6.65249,-0.647731,-6.54762,-3.41703,0.104577,-0.13476,0.335159,0.381152,-0.014411,-0.0349701,0.00158572,-0.087871,-0.450295,2.50824,0.596903,0.340335,3.2149,-6.43815,2.01346,1.35097,3.06066,-2.99768,-0.604529,0.882847,4.08359,-2.1296,3.03639,0.0130911,0.418375,-0.0731305,1.14598,0.0154391,-1.43157,1.44846,-0.942352,12.241,-24.7704,12.488,9.36849,0.955551,-1.92418,-1.69194,4.77775,-0.396069,1.33029,-2.69044,-0.480357,-122.32,-43.4105,21.2215,0,4.3463,17.6065,10.9139,-5.03527,-1.91939,-192.29,-47.1422,16.9607,15.4406,9.29267,-25.6249,16.6879,9.05048,-10.852,5.80051,-5.16734,-5.06645,2.99974,-2.45723,0.319512,-0.147179,-0.183235,1.0005,-1.03608,0.214188,-0.350676,-0.413391,-0.473071,-41.7828,98.663,65.4551,-37.1276,-12.507,-0.235794,40.0042,5.85178,0.229451,-0.0999114,0.155932,-5.8011,-1.98771,-0.014411,0,3236,1.38778e-17,0,1.38778e-17,-9.02056e-17,-7.93103e-13,-1.02407e-12,8.35138e-13,2.77556e-17,1.38778e-17,5.20417e-18,0,-0.450295,0.424441,0.596906,0.0869428,3.14159,2.01346,0.270187,3.06066,-0.599536,-0.392699,4.08359,-0.42595,3.03637,0.00261822,0.523599,0,0,0,0.363882,0.00158572,-0.450295,0.596903,3.2149,2.01346,3.06066,-0.604529,4.08359,3.03639,0.418375,0.0362622,-1.01336,0.599977,1.47322e-05,0.222534,-0.036647,0.200101,-0.207215,-0.10853,0.0567039,0.0149202,1.00082,86.357,-84.5924,-29.4701,344.454,-204.654,144.686,-123.337,87.1923,34.0047
2.7,-5.80029,-2.00187,0.386875,0.361805,0.0379034,0.823811,-0.413891,-0.460163,0.642995,2.42076,3.23985,43101.8,2.05029,-3.57987,3.10733,-1.50738,-0.582907,-3.65569,4.11986,-2.27684,3.06367,-0.413156,0.455834,-4.74813,-2.00145,-7.11595,-0.351801,-7.04133,-3.65836,-4.20144,-1.94123,-6.65222,-0.647536,-6.54721,-3.41683,0.084571,0.110371,0.330999,0.373118,-0.0141806,-0.0368171,0.00162936,-0.0866844,-0.450165,2.53341,0.597032,0.332976,3.21503,-8.57653,2.01402,2.36645,3.06122,-2.66764,-0.603978,0.883057,4.08358,-2.1041,3.03639,0.0128924,0.418381,-0.0724502,1.13991,0.0127125,-1.42399,1.4391,-0.870032,12.095,-24.4461,12.3115,9.36661,0.961163,-1.93296,-1.66824,4.75075,-0.409855,1.30907,-2.64439,-0.471593,47.5986,-13.8935,16.5259,0,1.17859,-95.6821,-2.64705,-2.90781,-3.76205,0.757625,-3.59822,4.88528,5.40879,9.24893,-25.5209,16.5678,9.02919,-10.7384,5.78782,-5.12743,-5.05447,2.99233,-2.42314,0.318353,-0.145927,-0.182743,0.998028,-1.0335,0.213619,-0.312798,-0.365835,-0.421156,-42.9272,103.068,302.377,-24.119,-18.0204,-0.224869,39.7911,5.57294,0.228131,-0.195812,0.15553,-5.80089,-1.9877,-0.0141806,0,3237,1.38778e-17,0,0,-4.16334e-17,6.50261e-15,-3.36814e-13,2.78506e-13,6.93889e-17,8.32667e-17,8.1532e-17,0,-0.450165,0.428727,0.597032,0.085919,3.14159,2.01402,0.473299,3.06121,-0.533528,-0.392699,4.08358,-0.420835,3.03638,0.00257848,0.523599,0,0,0,0.356857,0.00162936,-0.450165,0.597032,3.21503,2.01402,3.06122,-0.603978,4.08358,3.03639,0.418381,0.036274,-1.01093,0.59848,7.37935e-06,0.204557,-0.0365486,0.199606,-0.2067,-0.106165,0.056707,0.0149212,1.0008,87.956,-85.8352,-29.3023,430.214,-184.634,110.802,-122.238,86.2105,33.9941
2.72,-5.80008,-2.00178,0.38238,0.355737,0.0380419,0.816333,-0.413838,-0.48221,0.643133,2.50731,3.23547,43105.4,2.05028,-3.53034,3.10813,-1.4857,-0.583196,-3.65777,4.11994,-2.27873,3.06386,-0.41565,0.455936,-4.74793,-2.00117,-7.11593,-0.351831,-7.04091,-3.65843,-4.20124,-1.94092,-6.65221,-0.647564,-6.54681,-3.41684,0.0670452,0.160989,0.329199,0.365988,-0.0140989,-0.038235,0.00175617,-0.0898647,-0.450123,2.55529,0.597074,0.325943,3.21507,-8.97968,2.014,2.57531,3.06119,-2.78913,-0.603993,0.884101,4.08366,-2.08125,3.03646,0.0126412,0.418473,-0.0718587,1.13464,0.010626,-1.41736,1.4311,-0.864378,11.9689,-24.1695,12.1563,9.3599,0.966837,-1.94188,-1.64729,4.7235,-0.432654,1.29066,-2.60476,-0.463307,83.199,-9.36855,15.7402,0,2.01729,-120.105,-4.69565,-2.57008,-4.10252,18.2019,-0.859894,4.26174,5.40256,9.22597,-25.4323,16.464,9.01347,-10.6441,5.77681,-5.09224,-5.04499,2.98639,-2.39306,0.316977,-0.144644,-0.182134,0.996044,-1.0314,0.213124,-0.224735,-0.303389,-0.373943,-44.0292,107.384,181.351,-21.6429,-17.9534,-0.103971,39.701,5.44788,0.226746,-0.21346,0.155169,-5.80069,-1.98769,-0.0140989,0,3238,0,1.38778e-17,0,-4.16334e-17,5.99919e-14,6.14064e-13,-4.66953e-13,9.71445e-17,1.249e-16,1.35308e-16,0,-0.450123,0.432444,0.597076,0.0849052,3.14159,2.014,0.515047,3.0612,-0.557825,-0.392699,4.08366,-0.416242,3.03647,0.00252825,0.523599,0,0,0,0.350589,0.00175617,-0.450123,0.597074,3.21507,2.014,3.06119,-0.603993,4.08366,3.03646,0.418473,0.0362858,-1.00898,0.597271,-4.08318e-06,0.231076,-0.0364268,0.199209,-0.206279,-0.101193,0.0567101,0.0149222,1.0008,89.3691,-86.9278,-29.1414,445.978,-189.842,109.699,-120.023,85.1434,33.944
2.74,-5.79993,-2.00162,0.378352,0.3506,0.0380769,0.810213,-0.413815,-0.500247,0.643233,2.57924,3.22887,43111.4,2.05028,-2.87004,3.10702,-1.5793,-0.61944,-3.66102,4.12055,-2.28252,3.06453,-0.417684,0.456515,-4.74778,-2.00098,-7.11582,-0.351697,-7.04057,-3.65858,-4.20109,-1.94071,-6.6521,-0.647439,-6.5466,-3.41671,0.0557112,0.856421,0.325487,0.36088,-0.0139493,-0.0404923,0.00177936,-0.0884804,-0.450112,2.57493,0.597085,0.319827,3.21508,-8.36641,2.01399,2.30435,3.06118,-6.90139,-0.604014,0.886166,4.08425,-2.06871,3.03705,0.0118306,0.419048,-0.0714434,1.13092,0.0074271,-1.41272,1.42459,-0.785028,11.8687,-23.9365,12.0253,9.35708,0.972091,-1.94982,-1.62954,4.70269,-0.438514,1.27442,-2.56868,-0.456797,23.0267,-16.9726,16.8514,0,0.968339,-80.4873,-1.155,-3.10431,-3.55742,-11.0906,-15.2227,14.2304,46.6477,9.18554,-25.3674,16.3907,8.98497,-10.5567,5.75553,-5.06179,-5.02433,2.97467,-2.36783,0.31394,-0.142936,-0.180136,0.992157,-1.02714,0.212774,-0.201376,-0.256846,-0.305967,-44.931,110.931,301.187,11.3723,-7.25518,-0.162727,39.5412,5.34819,0.225595,-0.184973,0.154462,-5.80048,-1.98768,-0.0139493,0,3239,1.38778e-17,1.38778e-17,2.77556e-17,-4.16334e-17,-1.29534e-13,7.70134e-13,-7.34468e-13,-5.55112e-17,-6.93889e-17,-5.20417e-17,0,-0.450112,0.435778,0.59709,0.0839464,3.14159,2.01399,0.460914,3.06118,-1.38028,-0.392699,4.08425,-0.413755,3.03704,0.00236611,0.523599,0,0,0,0.346082,0.00177936,-0.450112,0.597085,3.21508,2.01399,3.06118,-0.604014,4.08425,3.03705,0.419048,0.0362975,-1.0049,0.594947,6.80321e-06,0.20576,-0.0360272,0.198431,-0.205428,-0.100015,0.0567132,0.0149233,1.00079,90.8445,-87.9205,-28.9497,466.792,-355.983,180.851,-119.904,84.6725,33.7671
2.76,-5.79955,-2.00147,0.374702,0.34622,0.0381093,0.806171,-0.413659,-0.508375,0.643451,2.59989,3.22486,43117.9,2.04935,-0.174936,3.22708,-1.64373,-0.44757,-3.66377,4.12056,-2.28697,3.06463,-0.421623,0.456517,-4.74739,-2.00085,-7.1152,-0.35114,-7.04014,-3.65845,-4.20071,-1.94051,-6.65176,-0.647313,-6.54617,-3.41658,0.0518072,3.49971,0.321142,0.356303,-0.0138102,-0.0420754,0.00178823,-0.0858255,-0.44998,2.5911,0.597217,0.311578,3.21521,-8.68061,2.01302,2.45471,3.06022,-31.3342,-0.604972,0.875615,4.08424,-2.04979,3.03704,0.0118382,0.419026,-0.0710804,1.12764,0.00519036,-1.40862,1.41919,-0.70942,11.7846,-23.7457,11.9223,9.35535,0.975454,-1.95476,-1.61574,4.68711,-0.412018,1.24918,-2.51556,-0.454382,48.3224,-13.5694,16.257,0,1.36695,-98.1369,-2.71206,-2.83391,-3.82254,612.193,-40.8135,56.5658,1014.52,9.05127,-25.316,16.3203,8.97779,-10.4481,5.75119,-5.03805,-5.02021,2.97672,-2.34588,0.313317,-0.142158,-0.179904,0.992823,-1.02781,0.212464,-0.182537,-0.219024,-0.20212,-45.3368,111.541,325.938,146.08,-5.15972,-0.137226,39.3195,5.14968,0.224807,-0.198713,0.15454,-5.80006,-1.98767,-0.0138102,0,3241,0,0,2.77556e-17,-2.08167e-17,-1.84787e-13,2.09499e-13,-1.46994e-13,-4.16334e-17,0,1.56125e-17,0,-0.44998,0.438536,0.597217,0.0817735,3.14159,2.01302,0.490996,3.06022,-6.26684,-0.392699,4.08424,-0.409988,3.03702,0.00236764,0.523599,0,0,0,0.342031,0.00178823,-0.44998,0.597217,3.21521,2.01302,3.06022,-0.604972,4.08424,3.03704,0.419026,0.036321,-1.00411,0.595373,1.52862e-05,0.181786,-0.0359808,0.198565,-0.205563,-0.0990463,0.0567194,0.0149253,1.00078,91.9965,-89.0257,-28.7836,1209.33,-1215.55,451.775,-118.97,83.9629,33.7691
2.78,-5.7992,-2.0013,0.371136,0.341752,0.0381953,0.80504,-0.41362,-0.493106,0.643529,2.50367,3.23356,43125.4,2.04778,-0.131602,3.28381,-1.63971,-0.441744,-3.66604,4.12067,-2.28955,3.06481,-0.423849,0.45666,-4.74704,-2.00057,-7.11451,-0.350322,-7.03963,-3.65843,-4.20037,-1.9402,-6.65153,-0.647219,-6.5457,-3.41648,0.0584564,3.59396,0.318595,0.352162,-0.0136554,-0.0430314,0.00185079,-0.0746678,-0.449965,2.60245,0.597233,0.298812,3.21523,-8.41184,2.01143,2.33206,3.05863,-29.1965,-0.606561,0.874372,4.08433,-2.03587,3.03713,0.0116229,0.419147,-0.0707569,1.1247,0.00383397,-1.40493,1.41469,-0.550668,11.7219,-23.6063,11.8615,9.35999,0.977546,-1.9575,-1.60757,4.68399,-0.30449,1.20374,-2.42267,-0.460759,24.7168,-16.563,16.6677,0,1.03568,-82.1766,-1.33257,-3.01432,-3.58633,388.912,-61.9117,59.3275,939.256,9.01884,-25.2685,16.2621,8.96953,-10.3854,5.74494,-5.0176,-5.01473,2.97417,-2.32766,0.312194,-0.141266,-0.179341,0.991967,-1.02686,0.212186,-0.178285,-0.223412,-0.0565424,-44.5731,105.539,375.322,148.169,-4.96828,-0.1134,39.196,5.038,0.224624,-0.186392,0.154386,-5.79965,-1.98765,-0.0136554,0,3243,-1.38778e-17,-1.38778e-17,1.38778e-17,7.63278e-17,1.73364e-13,-5.50754e-13,4.86722e-13,-1.38778e-17,-4.16334e-17,-5.55112e-17,0,-0.449965,0.440464,0.597234,0.0771078,3.14159,2.01143,0.466365,3.05863,-5.83929,-0.392699,4.08433,-0.407156,3.03714,0.00232457,0.523599,0,0,0,0.338357,0.00185079,-0.449965,0.597233,3.21523,2.01143,3.05863,-0.606561,4.08433,3.03713,0.419147,0.0363445,-1.0029,0.594816,-9.11425e-06,0.184802,-0.0358683,0.198393,-0.205371,-0.0979259,0.0567256,0.0149274,1.00077,91.8632,-90.409,-28.6101,1098.74,-1170.05,460.013,-118.158,83.416,33.7282
2.8,-5.79897,-2.00126,0.36867,0.337372,0.0383902,0.808016,-0.413633,-0.438005,0.643534,2.23523,3.24342,43127.9,2.04364,-0.991777,3.10531,-1.61619,0.521203,-3.66601,4.12104,-2.28974,3.06522,-0.42307,0.457039,-4.74683,-2.00021,-7.11331,-0.348537,-7.03902,-3.65873,-4.20015,-1.93985,-6.65156,-0.647341,-6.5452,-3.41658,0.103705,1.59233,0.318447,0.348143,-0.0136192,-0.0440684,0.00203387,-0.0292856,-0.449989,2.60903,0.597208,0.280909,3.2152,-7.17689,2.00728,1.75066,3.05448,-15.0357,-0.610704,0.878118,4.08468,-2.02517,3.03748,0.0110851,0.419519,-0.0704426,1.12188,0.00237145,-1.40134,1.41024,0.0112829,11.6841,-23.5161,11.8728,9.39061,0.977399,-1.95496,-1.60924,4.71578,-0.0302249,1.12695,-2.26663,-0.484915,-61.9699,-30.1738,18.8419,0,1.67834,-21.5526,4.83393,-3.95811,-2.51572,-345.678,-116.09,54.9957,349.954,9.02919,-25.2206,16.2074,8.95556,-10.3377,5.733,-4.99629,-5.00407,2.96713,-2.30966,0.310056,-0.139988,-0.178074,0.989623,-1.02427,0.21192,-0.123284,-0.218989,0.148784,-41.8174,89.8312,121.557,104.953,-4.35572,0.00153221,39.2052,5.07709,0.226137,-0.130716,0.154016,-5.79944,-1.98764,-0.0136192,0,3244,-1.38778e-17,-2.77556e-17,-4.16334e-17,5.55112e-17,-8.78759e-14,8.27116e-14,-1.09024e-13,-1.38778e-17,1.38778e-17,2.60209e-17,0,-0.449989,0.441585,0.597211,0.0691217,3.14159,2.00728,0.350017,3.05449,-3.00715,-0.392699,4.08468,-0.404992,3.03751,0.00221702,0.523599,0,0,0,0.33478,0.00203387,-0.449989,0.597208,3.2152,2.00728,3.05448,-0.610704,4.08468,3.03748,0.419519,0.0363563,-1.00071,0.593385,-2.14391e-05,0.238432,-0.0356147,0.197925,-0.204853,-0.0939002,0.0567287,0.0149285,1.00077,89.7912,-92.2634,-28.4018,561.053,-734.264,377.201,-116.297,82.7215,33.5978
2.82,-5.79875,-2.00108,0.365685,0.332272,0.0385315,0.812473,-0.413656,-0.354726,0.643514,1.87912,3.24779,43134.2,2.03714,-2.334,3.09358,-1.59689,-0.680101,-3.66655,4.12161,-2.29113,3.06581,-0.423161,0.457589,-4.74662,-1.99979,-7.11133,-0.345481,-7.03847,-3.65893,-4.19994,-1.93944,-6.65153,-0.647284,-6.54478,-3.41651,0.182589,1.43968,0.317094,0.345362,-0.0134504,-0.0465881,0.00216345,0.0767492,-0.450024,2.60987,0.597173,0.264489,3.21517,-7.98405,2.00077,2.07589,3.04797,-9.83781,-0.617218,0.877292,4.08524,-2.02078,3.03804,0.0102763,0.420066,-0.0702288,1.11995,-0.00109951,-1.39887,1.40593,1.32386,11.6878,-23.4925,11.994,9.45198,0.973231,-1.94328,-1.62595,4.80647,0.41976,1.03614,-2.08113,-0.531554,-10.5708,-21.4403,17.3587,0,0.811038,-58.5006,0.741857,-3.19533,-3.21586,-76.2388,-36.485,24.3608,111.742,8.95134,-25.1791,16.1629,8.92413,-10.2619,5.71328,-4.97709,-4.98209,2.95542,-2.29282,0.307165,-0.138573,-0.176022,0.985722,-1.01999,0.211736,-0.149261,-0.255009,0.222875,-37.6523,69.2465,316.61,37.5168,-5.47302,-0.0274621,39.1639,5.07288,0.230399,-0.166972,0.153355,-5.79924,-1.98764,-0.0134504,0,3245,2.77556e-17,1.38778e-17,4.16334e-17,2.77556e-17,-1.21939e-13,5.06983e-13,-3.9202e-13,-6.93889e-17,-6.93889e-17,-6.245e-17,0,-0.450024,0.441738,0.597174,0.0602511,3.14159,2.00077,0.415148,3.04797,-1.96756,-0.392699,4.08524,-0.404128,3.03806,0.00205526,0.523599,0,0,0,0.332302,0.00216345,-0.450024,0.597173,3.21517,2.00077,3.04797,-0.617218,4.08524,3.03804,0.420066,0.036368,-0.996353,0.591058,-1.36036e-05,0.244369,-0.0352043,0.197144,-0.203998,-0.093815,0.0567318,0.0149295,1.00076,84.9393,-94.0717,-28.236,493.071,-481.559,245.265,-116.122,82.4475,33.4352
2.84,-5.79844,-2.00091,0.362479,0.327205,0.0386222,0.814696,-0.413599,-0.284788,0.643581,1.60759,3.24952,43140.6,2.02951,-2.09737,3.08624,-1.60056,-0.721842,-3.66708,4.12172,-2.29232,3.06597,-0.425171,0.457684,-4.74631,-1.99951,-7.10883,-0.341889,-7.03801,-3.65887,-4.19964,-1.93913,-6.65135,-0.647192,-6.54434,-3.41641,0.250862,1.71071,0.31597,0.342006,-0.0132924,-0.0494504,0.00224244,0.214012,-0.449978,2.60935,0.597219,0.254126,3.21521,-7.97949,1.99313,2.02409,3.04033,-11.3246,-0.624862,0.867697,4.08534,-2.01066,3.03814,0.0100458,0.42015,-0.0699722,1.11763,-0.00502467,-1.39596,1.40096,3.01942,11.6992,-23.4806,12.1636,9.49533,0.966609,-1.92673,-1.64916,4.92606,0.882071,0.96053,-1.92636,-0.585374,-13.4524,-21.8108,17.3821,0,0.777099,-57.328,0.777688,-3.10409,-3.21204,-83.4981,-43.5507,28.4195,151.041,8.78497,-25.1304,16.1047,8.89623,-10.1496,5.70175,-4.95807,-4.96565,2.94904,-2.27408,0.306228,-0.137891,-0.175252,0.983597,-1.01776,0.211516,-0.160283,-0.253325,0.111128,-34.1545,53.4432,320.081,48.9668,-5.06051,-0.0260701,39.1101,4.97295,0.236174,-0.166724,0.153051,-5.79903,-1.98763,-0.0132924,0,3246,0,1.38778e-17,0,-8.32667e-17,1.42121e-13,-4.36109e-13,3.3451e-13,-1.38778e-17,-2.77556e-17,-3.46945e-17,0,-0.449978,0.441659,0.597219,0.0536196,3.14159,1.99313,0.404797,3.04033,-2.26492,-0.392699,4.08534,-0.402127,3.03814,0.00200916,0.523599,0,0,0,0.329305,0.00224244,-0.449978,0.597219,3.21521,1.99313,3.04033,-0.624862,4.08534,3.03814,0.42015,0.0363798,-0.993117,0.589802,-2.65191e-06,0.228224,-0.0350504,0.196719,-0.203552,-0.0937937,0.0567349,0.0149305,1.00075,79.3391,-95.3644,-28.1348,516.384,-540.059,272.405,-115.697,82.0547,33.4119
