t,x,y,theta0,phi1,theta1,phi2,theta2,phi3,theta3,phi4,theta4,phi5,theta5,phi6,theta6,phi7,theta7,phi8,theta8,phi9,theta9,phi10,theta10,x1,Y1,x2,y2,x3,y3,Trix[1],Triy[1],Trix[2],Triy[2],Trix[3],Triy[3],varphi1,varphi2,varphi3,z21,z22,z31,z32,z41,z42,z51,z52,z61,z62,z71,z72,z81,z82,z91,z92,z101,z102,z111,z112,z121,z122,al21,al22,al31,al32,al33,al41,al42,al43,al44,al51,al52,al53,al54,al55,al61,al62,al63,al66,al71,al72,al73,al76,al77,al81,al82,al83,al88,al91,al92,al93,al99,al101,al102,al103,al1010,al111,al112,aL113,al1110,al1111,al121,al122,al123,al1210,,al1211,al1212u1,u2,u3,u4,u5,u6,u7,u8,u9,u10,u11,u12,v1,v2,v3,PSx,PSy,d,d0d,Q,nh1,nh2,nh3,nh4,nh5,nh6,nh7,nh8,nh9,nh10,thetap1d,thetap2d,dthetap2d,thetap3d,dthetap3d,thetap4d,thetap5d,dthetap5d,thetap6d,dthetap6d,thetap7d,thetap8d,dthetap8d,thetap9d,dthetap9d,thetap10d,deltap1d,delta2d,delta3d,thetap0,thetap1,thetap2,thetap3,thetap4,thetap5,thetap6,thetap7,thetap8,thetap9,thetap10,thetaT,K81,K82,K83,K84,K91,K92,K93,K94,sr.Cs, sr.Cs1, 1 - sr.d*sr.Cs,b4,b5,b6,b7,b8,b9,b10,b11,b12
0,-6.50009,-2.00169,0,0,-3.364e-05,0.523599,-0.523603,-0.5236,0.523594,-4.12713e-05,3.14159,-2.61799,2.22618,-3.27338,3.27338,0.392486,-0.391812,-3.66519,4.19004,-3.14284,3.14284,-0.523717,0.524854,0,0,0,0,0,0,0,0,0,0,0,0,0,0,0,0,0,0,0,0,0,0,0,0,0,0,0,0,0,0,0,0,0,0,0,0,0,0,0,0,0,0,0,0,0,0,0,0,0,0,0,0,0,0,0,0,0,0,0,0,0,0,0,0,0,0,0,0,0,0,0,0,0,0,0,0,0,0,0,0,0,0,0,0,0,0,0,0,0,0,0,0,0,0,0,0,0,0,0,0,0,0,0,0,0,0,0,0,0,0,0,0,0,0,0,0,0,0,3.14159,0,0,0,0,-0.392699,0,0,0,0,0.523599,0,0,0,0,0,0,0,0,0,0,0,0,0,0,0,0,0,0,0,0,0,0,0,0,0,1,0,0,0,0,0,0,0,0,0
0.04,-6.50009,-2.00169,0.0341459,0.0651252,-3.364e-05,0.622166,-0.523603,-0.415596,0.523592,0.0805421,3.14169,-1.71667,2.22618,-3.08101,3.28996,0.528478,-0.391783,-5.1225,4.19004,1.15506,3.16704,9.93701,0.527191,-5.45009,-2.00174,-7.80836,-0.405995,-7.7761,-3.6629,-4.90009,-2.00174,-7.30004,-0.616021,-7.30014,-3.3873,0.107899,0.600742,3.79491,0,-0.00168847,-0.0474495,-3.364e-05,-0.046849,-0.523603,-0.047691,0.523594,-0.0473623,3.14159,-3.4425,2.22618,2.03975,3.27338,-0.0475934,-0.391812,4.40649,4.19004,-2.26967,3.14284,-0.0474043,0.524854,-0.0474112,1.00008,-0.0118517,-1.2501,1.2501,-0.00608761,8.8896,-17.7792,8.88992,-0.0183978,-4.44481,8.88962,-8.88993,4.44529,-0.0121645,2.60593e-05,-5.21216e-05,-1.11124,-27.9075,-22.3112,14.0952,0,6.25614,10.3576,5.95107,-4.78293,0.891327,0.571772,0.00248453,-0.00108111,-0.276141,34.2504,-23.1017,15.4086,5.1213,0.110143,3.82699,-3.8381,-2.55511,-0.00810827,0.0110961,-0.00506297,0.0025343,0.00168213,-0.00270294,0.00270116,0.200016,0.853649,1.62813,2.46417,2.70009,2.01458,22.5331,4.80936,3.39978,-36.4328,107.448,261.518,0,0,-0,-6.5,-2,-0.00168847,0,0,-0,-0,-0,0,-0,0,0,0,0,0,0,-0.523603,-0.00952403,0.523594,-0.00947245,3.14159,2.22618,0.407951,3.27338,-0.00951868,-0.392699,4.19004,-0.453925,3.14285,-0.00948087,0.523599,0,0,0,0,-3.364e-05,-0.523603,0.523594,3.14159,2.22618,3.27338,-0.391812,4.19004,3.14284,0.524854,0,-0.511011,-0.00162163,1.05194e-08,0.0922836,0.000336427,-0.000540588,0.000540232,0.000404678,0.0474074,0.0117992,1.00008,29.3347,-10.6656,0.761833,223.352,-82.7443,0.363067,-278.8,91.8637,0.354693
0.08,-6.50011,-2.00196,0.0463454,0.0832082,-4.10473e-05,0.638402,-0.523604,-0.35249,0.520102,0.138411,3.1417,-1.91092,2.22635,-2.85849,3.15445,0.686169,-0.393544,-6.02082,4.19027,-2.99193,3.0775,-0.432874,0.525384,-5.45011,-2.00202,-7.80841,-0.406347,-7.77607,-3.66327,-4.90011,-2.00202,-7.30005,-0.616285,-7.30017,-3.38757,0.167505,0.689505,-0.439816,0.0341624,-0.00195821,-0.00863245,-4.10473e-05,-0.0220537,-0.523604,-0.500359,0.523594,-0.0473637,3.14159,24.2602,2.22635,-15.0075,3.27355,-0.0536139,-0.391641,16.3258,4.19027,-8.22513,3.14307,-0.0428829,0.525083,-0.0475217,1.00126,0.0366574,-1.25158,1.25543,-0.505582,9.43896,-18.9361,9.53587,-1.88242,-4.98891,10.0086,-9.53589,4.72102,-0.487233,2.67338e-05,-5.36358e-05,-1.0495,1065.49,-47.7577,1.47585,0,209.281,-1473.34,21.5934,2.99178,25.098,-116.364,0.00848756,0.00147668,-7.77567,-197.189,-3.83924,15.4089,25.5812,413.715,-5.79329,-3.8187,-12.7579,-10.1235,27.6147,0.00149217,0.00297424,0.00990145,-3.37476,3.37214,0.200135,0.304986,0.452076,0.405918,4.27778,3.46137,-4.85619,10.3764,7.34324,-22.4578,3.7785,2.27169,0.212319,1.29202,-0.525716,-6.5,-2,-0.00195821,0,0,1.73472e-18,-1.04083e-17,-2.11102e-18,4.9255e-17,5.55112e-17,2.22045e-16,2.84495e-16,2.77556e-17,-0,5.85469e-18,0,-0.523604,-0.0774241,0.523593,-0.0094722,3.14159,2.22635,-3.00151,3.27355,-0.0107228,-0.392699,4.19027,-1.64499,3.14308,-0.00857657,0.523599,0,0,0,0.0341459,-4.10473e-05,-0.523604,0.523594,3.14159,2.22635,3.27355,-0.391641,4.19027,3.14307,0.525083,0,-2.55152,-2.02466,1.31315e-05,25.1261,0.00198029,-0.674953,0.674429,1.10495,0.0474074,0.0117992,1.00009,-6.69467,15.4144,0.856979,-1901.71,861.615,23.7886,-822.757,253.576,-5.31343
0.12,-6.50012,-2.00203,0.0502064,0.0882044,-4.38213e-05,0.648662,-0.523604,-0.334211,0.519853,0.155984,3.1417,-2.19148,2.2264,-3.17522,3.24149,0.45322,-0.391668,-8.89167,4.19033,-3.06191,3.11019,-0.460638,0.525239,-5.45012,-2.0021,-7.80842,-0.406439,-7.77606,-3.66337,-4.90012,-2.0021,-7.30005,-0.616354,-7.30018,-3.38764,0.185534,0.457933,-0.476951,0.0463831,-0.00202974,-0.00118018,-4.38213e-05,-0.0953033,-0.523604,-0.534419,0.523594,-0.0473648,3.14159,6.44808,2.2264,-4.07856,3.2736,-0.0498536,-0.391596,8.13104,4.19033,-4.16191,3.14313,-0.0460123,0.525143,-0.0476148,1.00225,0.0460119,-1.25281,1.25881,-1.36175,9.54425,-19.1799,9.62043,-1.22462,-5.08981,10.2284,-9.62045,4.69841,-0.515438,2.65018e-05,-5.32614e-05,-1.03401,134.292,-31.541,9.60087,0,38.9563,-151.742,11.6146,-1.99455,9.36372,-11.7173,0.00523077,-0.000305459,-2.90103,19.079,-17.4754,15.4979,4.44685,60.9282,0.998814,-3.85189,-2.2175,-2.98679,4.11742,-0.00395361,0.003136,0.00179876,-0.995679,0.994871,0.200234,0.0965253,0.124903,0.256488,4.73476,3.90067,-7.01407,2.45929,1.51953,-71.7714,2.03063,1.5776,0.211324,0.482082,-0.155121,-6.5,-2,-0.00202974,0,0,0,3.46945e-18,4.04606e-18,-4.04543e-18,-1.38778e-17,0,7.96889e-18,6.93889e-18,5.55112e-17,5.61075e-17,0,-0.523604,-0.0825331,0.523593,-0.00947238,3.14159,2.2264,-0.815714,3.2736,-0.00997071,-0.392699,4.19033,-0.832366,3.14314,-0.00920247,0.523599,0,0,0,0.0463454,-4.38213e-05,-0.523604,0.523594,3.14159,2.2264,3.2736,-0.391596,4.19033,3.14313,0.525143,0,-0.443492,-0.59735,3.87415e-06,4.70743,0.000359752,-0.199136,0.198974,0.164699,0.0474074,0.0117992,1.0001,-10.3692,18.8572,0.862633,-464.311,188.281,2.78751,-472.242,153.67,-0.581444
0.16,-6.49939,-2.00189,0.0481611,0.0909573,-0.000286991,0.653037,-0.52399,-0.32561,0.519086,0.158289,3.14136,-2.25411,2.22741,-3.3561,3.27283,0.418865,-0.392102,-11.5007,4.1904,-3.04372,3.10479,-0.458125,0.525256,-5.44939,-2.00213,-7.80757,-0.406601,-7.77568,-3.66303,-4.89939,-2.00235,-7.299,-0.616017,-7.29979,-3.3873,0.193706,0.308832,-0.464187,0.050221,-0.00188722,-4.00567e-05,-0.000318993,-0.0542975,-0.524022,-0.584273,0.523175,-0.0435489,3.14117,0.23318,2.22737,-0.26827,3.27457,-0.290442,-0.390634,9.47901,4.19037,-4.84481,3.14317,-0.0481784,0.525137,-0.0476577,1.00261,0.0474618,-1.2533,1.25987,-0.99539,9.60989,-19.3207,9.7323,-1.83208,-5.12094,10.296,-9.68925,4.74026,-0.572578,0.00245942,-0.00494717,-1.03373,4.08875,-25.6922,12.4953,0,12.7586,-3.25405,8.03815,-3.78351,3.88246,-0.18845,0.930301,-0.232308,-1.45899,0.732644,-15.32,15.5001,5.62583,98.3931,-0.081534,-3.84711,-2.80507,-4.1481,6.61599,0.00121345,-0.00123459,-0.00089622,-1.3844,1.38484,0.20027,-0.0511331,0.0688224,0.109374,4.85375,3.95483,-1.56581,-2.03734,-3.90874,-65.2249,2.48715,1.68989,0.213745,0.199921,-0.215503,-6.49933,-2,-0.00188722,0,3,3.46945e-18,0,-7.48099e-18,7.75205e-18,-1.64799e-17,-1.73472e-17,-2.77556e-17,-2.77556e-17,2.22045e-16,2.13723e-16,0,-0.524022,-0.0903672,0.523178,-0.00865219,3.14159,2.22737,-0.0536537,3.27456,-0.0580884,-0.392699,4.19037,-0.969098,3.14313,-0.00963568,0.523599,0,0,0,0.0501744,-0.000318993,-0.524022,0.523175,3.14117,2.22737,3.27457,-0.390634,4.19037,3.14317,0.525137,3.20015e-05,-0.561093,-0.8297,-3.95473e-05,7.07284,-0.000179244,-0.276879,0.276968,0.26461,0.0474154,0.0118018,1.00009,-13.2228,20.9468,0.946474,-24.3713,0.306284,4.08748,-539.613,173.688,-1.04451
0.2,-6.49795,-2.00209,0.051837,0.0989994,-0.000434142,0.666593,-0.524083,-0.310382,0.518976,0.171499,3.14127,-2.22856,2.22762,-3.43136,3.27648,0.387048,-0.39235,-12.6856,4.19046,-3.0018,3.08448,-0.439898,0.525426,-5.44795,-2.00252,-7.80597,-0.406805,-7.77442,-3.66315,-4.89795,-2.00278,-7.29735,-0.616102,-7.29855,-3.38738,0.208918,0.237461,-0.442742,0.0481069,-0.00208943,0.00579188,-0.000530155,-0.0826989,-0.524179,-0.588005,0.523019,-0.0442744,3.14101,-0.415546,2.22752,0.157385,3.27472,-0.399863,-0.390473,14.6176,4.19036,-7.38024,3.14317,-0.0488422,0.52514,-0.0476543,1.00241,0.0547803,-1.25308,1.26049,-1.3899,9.6347,-19.3838,9.75229,-1.49979,-5.14485,10.3514,-9.70717,4.7256,-0.572918,0.00201804,-0.00406342,-1.02916,-3.43744,-24.9877,12.8456,0,10.8364,2.88969,7.6112,-4.00064,3.27574,1.0231,1.53222,-0.432029,-1.44685,-127.69,-7.12602,15.4661,17.7599,313.173,-4.16698,-3.82644,-8.85425,-8.5671,20.9419,-8.19403e-05,-0.00110005,-0.00253298,-2.85922,2.86004,0.200251,0.0918982,0.201053,0.338914,5.23003,4.26373,0.638781,-3.91365,-7.46607,-29.6233,3.53656,2.14578,0.213163,0.16872,-0.445201,-6.49798,-2,-0.00208943,0,9,3.46945e-18,-3.46945e-18,-9.1073e-18,9.14796e-18,1.64799e-17,1.56125e-17,0,-9.71445e-17,-2.22045e-16,-2.51237e-16,0,-0.524179,-0.090948,0.523017,-0.00880734,3.14159,2.22752,0.0314783,3.27472,-0.0799726,-0.392699,4.19036,-1.47622,3.14313,-0.00976844,0.523599,0,0,0,0.0480651,-0.000530155,-0.524179,0.523019,3.14101,2.22752,3.27472,-0.390473,4.19036,3.14317,0.52514,9.60132e-05,-1.77106,-1.71355,-6.69891e-05,19.7469,-0.000506596,-0.571843,0.572007,0.837632,0.0474313,0.0118072,1.0001,-10.4011,20.3521,1.00973,24.0069,-22.5114,5.42685,-758.129,235.894,-3.89975
0.24,-6.4958,-2.00213,0.0535131,0.103648,-0.000461127,0.671858,-0.524074,-0.300329,0.518474,0.179567,3.14129,-2.24395,2.22771,-3.3961,3.27511,0.400077,-0.391993,-15.209,4.19043,-3.04562,3.11635,-0.435643,0.525292,-5.4458,-2.00261,-7.8038,-0.406874,-7.7723,-3.66318,-4.8958,-2.00287,-7.29516,-0.616123,-7.29644,-3.3874,0.218452,0.271002,-0.454561,0.0516854,-0.00213234,0.0112688,-0.000663853,-0.070137,-0.524277,-0.655771,0.522921,-0.044299,3.14091,-0.119558,2.22751,-0.0222348,3.27471,-0.339407,-0.390487,6.64917,4.19023,-3.40498,3.14303,-0.0477821,0.525029,-0.0477149,1.00277,0.0616923,-1.25355,1.26242,-1.3886,9.72202,-19.5822,9.8818,-1.85339,-5.22976,10.5347,-9.83575,4.77178,-0.638096,0.00203597,-0.0041051,-1.02134,-0.04149,-25.2628,12.7255,0,11.4747,0.338587,7.77991,-3.92181,3.50673,0.410212,1.20561,-0.324546,-1.41697,34.6469,-20.0951,15.5528,4.24314,27.3056,2.29626,-3.86392,-2.11553,-1.63695,1.80985,0.00212562,-0.00133595,-0.000727884,-0.546354,0.546542,0.200287,0.0419013,0.116221,0.131624,5.48062,4.46537,-0.384827,-3.02987,-5.69766,-63.0852,2.44042,2.25457,0.215191,0.180566,-0.0850432,-6.49573,-2,-0.00213234,0,19,0,-3.46945e-18,-1.14925e-17,5.92245e-17,1.79164e-17,1.77809e-17,2.77556e-17,3.1225e-16,-2.77556e-16,-2.72555e-16,0,-0.524277,-0.101164,0.522921,-0.00880587,3.14159,2.22751,-0.00444673,3.2747,-0.0678814,-0.392699,4.19023,-0.681021,3.14302,-0.00955642,0.523599,0,0,0,0.0516343,-0.000663853,-0.524277,0.522921,3.14091,2.22751,3.27471,-0.390487,4.19023,3.14303,0.525029,0.000202726,-0.423122,-0.327399,-4.25132e-06,2.5835,-0.000145577,-0.109271,0.109308,0.072381,0.0474579,0.0118161,1.0001,-14.5558,23.7291,1.05371,3.48847,-12.5321,4.62789,-397.149,129.519,-0.0551969
0.28,-6.49276,-2.00215,0.0543408,0.108685,-0.00054724,0.681716,-0.524086,-0.288136,0.518379,0.189604,3.14128,-2.2328,2.2278,-3.37701,3.27601,0.377904,-0.391469,-17.9089,4.19044,-3.03402,3.10511,-0.445938,0.525353,-5.44276,-2.00276,-7.80066,-0.406867,-7.76938,-3.66314,-4.89276,-2.00303,-7.292,-0.616072,-7.29352,-3.38735,0.230554,0.290471,-0.454262,0.0532272,-0.00215146,0.0148959,-0.000888741,-0.0913825,-0.524427,-0.668022,0.52277,-0.0442898,3.14076,-0.275502,2.22745,0.0786216,3.27465,-0.274865,-0.39054,9.47444,4.1901,-4.80875,3.1429,-0.048275,0.524908,-0.047765,1.00294,0.0662872,-1.25378,1.26359,-1.67813,9.75668,-19.6668,9.917,-1.64519,-5.26304,10.61,-9.87042,4.76651,-0.647729,0.00207397,-0.00418634,-1.01655,-1.72071,-25.0998,12.8175,0,10.9924,1.68862,7.6805,-3.97637,3.34892,0.52795,0.973334,-0.269685,-1.28141,3.31842,-15.6293,15.5448,5.43958,96.5321,0.0677005,-3.85563,-2.71202,-4.06427,6.43219,0.00132126,-0.00129613,-0.000907044,-1.3565,1.35696,0.200304,0.0206937,0.125926,0.246441,5.78466,4.71696,0.278959,-2.55035,-5.27339,-67.496,2.73063,1.99721,0.214979,0.172455,-0.211168,-6.4928,-2,-0.00215146,0,32,0,1.38778e-17,1.76725e-17,-4.14301e-17,3.90313e-17,3.81639e-17,6.245e-17,5.63785e-18,5.55112e-17,4.57398e-17,0,-0.524427,-0.103015,0.522771,-0.00880192,3.14159,2.22745,0.0157246,3.27465,-0.054973,-0.392699,4.1901,-0.961747,3.1429,-0.009655,0.523599,0,0,0,0.0531716,-0.000888741,-0.524427,0.52277,3.14076,2.22745,3.27465,-0.39054,4.1901,3.1429,0.524908,0.000341501,-0.542402,-0.812852,9.81187e-07,6.90459,-0.000181409,-0.2713,0.271391,0.257261,0.0474924,0.0118276,1.0001,-13.4058,23.9559,1.10353,13.497,-14.0457,3.61524,-539.102,172.885,-0.932759
0.32,-6.48961,-2.00224,0.0564761,0.114899,-0.000602094,0.690042,-0.524087,-0.27682,0.518016,0.198393,3.14129,-2.24608,2.22792,-3.37967,3.2754,0.38549,-0.391418,-19.4945,4.19045,-3.00861,3.09108,-0.437573,0.525418,-5.43961,-2.00294,-7.79746,-0.406975,-7.76631,-3.66318,-4.88961,-2.00321,-7.28877,-0.61612,-7.29044,-3.3874,0.2415,0.287146,-0.442947,0.0539077,-0.00224424,0.0201198,-0.00109311,-0.083436,-0.524578,-0.716808,0.522619,-0.0442924,3.14061,-0.107095,2.22743,-0.0121212,3.27462,-0.279366,-0.390569,13.0089,4.18996,-6.55783,3.14276,-0.0489109,0.524751,-0.0478095,1.00301,0.0728883,-1.25391,1.26494,-1.71637,9.82008,-19.814,10.0163,-1.87198,-5.32518,10.7461,-9.96875,4.79908,-0.693659,0.00210876,-0.00426204,-1.01078,0.250244,-25.2162,12.7667,0,11.2734,0.235416,7.75451,-3.94257,3.46738,0.319605,0.965351,-0.262042,-1.32183,-74.79,-10.0736,15.5317,12.0956,231.557,-2.70338,-3.84443,-6.03043,-7.09725,15.3943,0.000398916,-0.00130655,-0.00203868,-2.36879,2.3696,0.200312,0.0533833,0.15534,0.208142,6.06646,4.93686,-0.33222,-2.61393,-5.01359,-39.642,3.36616,2.20631,0.216462,0.178559,-0.368768,-6.48966,-2,-0.00224424,0,46,0,-1.38778e-17,-3.46945e-18,5.13641e-17,-6.50521e-18,-6.50521e-18,-6.93889e-18,-8.32667e-17,-0,-7.56231e-18,0,-0.524578,-0.110375,0.522618,-0.00879706,3.14159,2.22743,-0.00242376,3.27462,-0.0558732,-0.392699,4.18996,-1.31164,3.14275,-0.00978219,0.523599,0,0,0,0.0538498,-0.00109311,-0.524578,0.522619,3.14061,2.22743,3.27462,-0.390569,4.18996,3.14276,0.524751,0.000491013,-1.20616,-1.4195,-2.74703e-05,14.9854,-0.000407736,-0.473759,0.47392,0.615736,0.0475297,0.0118401,1.00011,-14.791,25.7842,1.1617,3.01004,-10.4688,3.71359,-694.675,217.832,-2.66487
0.36,-6.48553,-2.00223,0.0569388,0.119141,-0.000598634,0.698366,-0.524075,-0.264943,0.51783,0.207537,3.14131,-2.24235,2.22816,-3.38614,3.2763,0.371686,-0.391089,-20.5471,4.19041,-3.22537,3.12657,-0.709326,0.525298,-5.43553,-2.00293,-7.79343,-0.407094,-7.76223,-3.66316,-4.88553,-2.00319,-7.2847,-0.616114,-7.28636,-3.38739,0.253166,0.281245,-0.6241,0.0558567,-0.00223829,0.0252628,-0.00128197,-0.102258,-0.524759,-0.744294,0.522439,-0.044357,3.14044,-0.225409,2.22748,0.068556,3.27468,-0.270738,-0.390517,4.13593,4.18973,-2.12655,3.14253,-0.0474522,0.524531,-0.047878,1.00323,0.0794127,-1.25422,1.26669,-2.0231,9.876,-19.9498,10.0861,-1.72777,-5.37937,10.8684,-10.0379,4.80394,-0.716878,0.00211247,-0.00427564,-1.00417,-0.960102,-25.0768,12.8514,0,10.8485,1.24954,7.67192,-3.99193,3.33417,0.466577,0.957997,-0.266598,-1.27109,41.8194,-24.3631,15.6276,6.59853,-6.71394,4.41988,-3.88739,-3.28998,0.61457,-0.448281,0.00294232,-0.00138463,-0.00116583,0.20512,-0.205193,0.200333,0.0115671,0.106046,0.208116,6.36262,5.16489,0.0934542,-2.76952,-5.35796,-26.3144,-2.05393,-4.58751,0.21667,0.171683,0.0319306,-6.48561,-2,-0.00223829,0,64,3.46945e-18,0,2.49366e-18,-2.67527e-17,-1.77809e-17,-1.73472e-17,-2.08167e-17,-1.73472e-16,1.66533e-16,1.67235e-16,0,-0.524759,-0.114522,0.522441,-0.00880736,3.14159,2.22748,0.0137119,3.27467,-0.0541477,-0.392699,4.18973,-0.425322,3.14252,-0.00949044,0.523599,0,0,0,0.0557928,-0.00128197,-0.524759,0.522439,3.14044,2.22748,3.27468,-0.390517,4.18973,3.14253,0.524531,0.000683337,-0.658016,0.122916,1.22191e-06,0.258199,-0.000233167,0.0410241,-0.0410387,-0.0179538,0.0475776,0.0118562,1.00011,-15.5399,27.1498,1.22394,10.8731,-13.4165,3.55738,-258.95,84.7608,0.550701
0.4,-6.48022,-2.00215,0.055583,0.123457,-0.000650043,0.706622,-0.524045,-0.254146,0.517562,0.214881,3.14136,-2.25651,2.2284,-3.39659,3.27622,0.369093,-0.390892,-20.6837,4.19037,-2.7941,2.97973,-0.335165,0.526407,-5.43022,-2.00294,-7.7881,-0.407087,-7.75701,-3.663,-4.88022,-2.00319,-7.27932,-0.615986,-7.28112,-3.38727,0.263653,0.270522,-0.340776,0.0560633,-0.00215531,0.0299282,-0.00158998,-0.0969671,-0.524985,-0.784967,0.522213,-0.0444273,3.14021,-0.139964,2.22746,0.0286505,3.27466,-0.274259,-0.390534,40.4527,4.18943,-20.2229,3.14223,-0.0469226,0.524213,-0.0479445,1.00325,0.0853426,-1.25429,1.26793,-2.07847,9.93064,-20.079,10.1743,-1.89592,-5.43295,10.9875,-10.1252,4.83028,-0.754133,0.00211864,-0.00429412,-0.999172,0.0600206,-25.1105,12.8375,0,10.9262,0.531106,7.69779,-3.9825,3.38239,0.370162,0.960933,-0.265527,-1.28951,-2182.55,33.4668,15.3441,263.884,3132.64,-24.4158,-3.74252,-131.582,-30.8117,207.369,0.000832142,0.000152486,0.00533261,-10.2794,10.279,0.200335,-0.0338947,0.107903,0.206402,6.63157,5.34772,-0.3541,-3.02465,-5.42209,-3.41601,8.72673,4.74795,0.217885,0.174177,-1.60101,-6.48022,-1.99999,-0.00215531,0,88,-3.46945e-18,-6.93889e-18,1.19262e-18,-2.57362e-17,-8.67362e-18,-1.04083e-17,-6.93889e-18,-1.66533e-16,-0,-1.01156e-16,0,-0.524985,-0.120661,0.522214,-0.00881749,3.14159,2.22746,0.00573093,3.27466,-0.0548517,-0.392699,4.18943,-4.04486,3.14221,-0.00938451,0.523599,0,0,0,0.0559989,-0.00158998,-0.524985,0.522213,3.14021,2.22746,3.27466,-0.390534,4.18943,3.14223,0.524213,0.000939934,-26.3182,-6.16264,-0.000146693,181.81,0.00106652,-2.05588,2.05579,8.29475,0.0476415,0.0118776,1.0001,-16.2513,28.5191,1.30547,3.97557,-11.527,3.68262,-1082.04,221.519,-40.9196
0.44,-6.47459,-2.00115,0.035883,0.119319,-0.00125363,0.71569,-0.524054,-0.242175,0.517297,0.222745,3.14136,-2.29355,2.22895,-3.44521,3.27729,0.327872,-0.3903,-21.0882,4.19012,-3.17113,3.05109,0.296759,0.548458,-5.42459,-2.00291,-7.78175,-0.405897,-7.75226,-3.66144,-4.87459,-2.00316,-7.27285,-0.614512,-7.27632,-3.38579,0.275354,0.222378,-0.6685,0.0544323,-0.00117009,0.0362724,-0.00246105,-0.101011,-0.525261,-0.820342,0.521936,-0.0445059,3.13993,-0.205197,2.22774,0.0937737,3.27494,-0.268487,-0.39025,23.052,4.18892,-11.5259,3.14172,2.15239,0.52374,-0.0479928,1.00302,0.0933735,-1.25415,1.26914,-2.26478,9.98252,-20.2068,10.2585,-1.92216,-5.48422,11.1053,-10.2085,4.84831,-0.785264,0.00211833,-0.00430401,-0.993617,-0.511128,-24.9372,12.9011,0,10.5482,1.10969,7.6077,-4.02798,3.28688,0.466325,0.953016,-0.269302,-1.25324,-543.126,5.64041,15.4818,62.0866,914.149,-10.5445,-3.8066,-30.9717,-15.7085,44.1349,1.61951,0.931251,7.53076,-3.96898,3.92539,0.200307,-0.492502,-0.103455,0.226699,6.92979,5.5434,-0.925949,-4.22671,-6.45193,-10.112,-0.70519,7.88087,0.218735,0.16927,-0.816346,-6.47461,-1.99998,-0.00117009,0,113,0,-6.93889e-18,-1.77809e-17,4.19993e-17,2.77556e-17,2.77556e-17,6.93889e-18,-5.82867e-16,9.99201e-16,6.66134e-16,0,-0.525261,-0.126002,0.521936,-0.00882983,3.14159,2.22774,0.018754,3.27494,-0.0536973,-0.392699,4.18892,-2.30503,3.14173,0.430479,0.523599,0,0,0,0.0543756,-0.00246105,-0.525261,0.521936,3.13993,2.22774,3.27494,-0.39025,4.18892,3.14172,0.52374,0.00120742,-6.19392,-3.14157,4.16499e-05,63.6041,1.50615,-0.793796,0.785078,1.5866,0.0477082,0.0118999,1.00006,-16.6373,29.7471,1.40175,-1.9032,-11.7244,3.86033,-952.06,366.678,-42.4164
0.48,-6.46847,-2.00067,0.0225448,0.12415,-0.00188489,0.735551,-0.524011,-0.220769,0.517074,0.240279,3.14141,-2.33875,2.22998,-3.51632,3.27915,0.277889,-0.389292,-22.8288,4.18869,-3.07573,3.091,0.236952,0.530522,-5.41847,-2.00345,-7.77497,-0.405417,-7.74744,-3.65973,-4.86847,-2.00368,-7.26586,-0.613519,-7.27108,-3.3848,0.296487,0.152118,-0.515248,0.0344011,-0.000689153,0.0548384,-0.00338143,-0.107555,-0.525507,-0.858371,0.52169,-0.0446212,3.13968,-0.14835,2.22849,0.192805,3.27569,-0.265022,-0.389519,12.925,4.18719,-6.35643,3.14,0.473902,0.521978,-0.0478948,1.00122,0.116582,-1.25202,1.26785,-2.73042,10.024,-20.3067,10.3538,-1.78986,-5.53249,11.2136,-10.3031,4.86699,-0.818135,0.00209454,-0.0042649,-0.987444,0.472046,-24.5068,13.0421,0,9.88094,0.918336,7.38124,-4.13469,3.21855,0.516279,0.932668,-0.279253,-1.2275,-73.4392,-10.7961,15.5805,10.6547,225.928,-2.32249,-3.87489,-5.32827,-6.83908,18.0512,-0.203896,0.51399,0.70385,-1.97837,1.83648,0.200125,-0.333455,0.120773,0.496517,7.46444,5.98048,-1.1301,-5.97843,-7.70104,-43.5135,1.64415,12.5652,0.21975,0.165857,-0.355693,-6.46856,-1.99998,-0.000689153,0,140,0,-1.38778e-17,-2.92735e-17,5.34512e-17,-1.9082e-17,-1.9082e-17,-2.08167e-17,-4.16334e-17,1.11022e-16,8.32667e-17,0,-0.525507,-0.131743,0.521683,-0.00884994,3.14159,2.22849,0.0385652,3.27567,-0.0530043,-0.392699,4.18719,-1.2714,3.13997,0.0947804,0.523599,0,0,0,0.0343864,-0.00338143,-0.525507,0.52169,3.13968,2.22849,3.27569,-0.389519,4.18719,3.14,0.521978,0.00149654,-1.06576,-1.3679,-3.19156e-05,15.5645,0.14077,-0.395674,0.367296,0.74806,0.0477804,0.0119241,1.00003,-13.1704,29.5688,1.49176,1.17369,-15.8035,3.46413,-684.251,231.411,-10.804
0.52,-6.46363,-2.00092,0.0253751,0.133091,-0.00182344,0.749565,-0.523951,-0.200468,0.516576,0.256981,3.14149,-2.34285,2.2303,-3.5539,3.28066,0.237837,-0.388873,-23.5576,4.19706,-3.50371,3.13712,0.0210058,0.531293,-5.41363,-2.00365,-7.77028,-0.405892,-7.7402,-3.664,-4.86363,-2.00384,-7.2611,-0.613827,-7.26616,-3.3851,0.316213,0.11563,-0.897879,0.0208164,-0.000955082,0.0776793,-0.00355574,-0.133941,-0.525684,-0.935167,0.521514,-0.0447445,3.13951,-0.184127,2.22857,0.337709,3.27577,-0.253809,-0.389429,3.74825,4.19533,-1.61776,3.14813,0.0858715,0.530098,-0.0478826,1.00048,0.145178,-1.25115,1.26942,-3.53831,10.1526,-20.6086,10.5636,-1.51682,-5.66333,11.5026,-10.5117,4.89638,-0.881222,0.00208204,-0.00424878,-0.972834,0.605675,-24.0929,13.2643,0,9.05042,1.35824,7.13705,-4.27031,3.04705,0.639284,0.909747,-0.29227,-1.16216,51.0297,-26.8225,15.8096,8.77299,-14.1334,5.50338,-3.87032,-4.32367,1.22769,-6.61732,1.81031,-0.758198,-0.827532,0.488752,-0.627063,0.200052,0.0707577,0.223541,0.35035,7.97166,6.39742,-0.102326,-6.91005,-8.70189,-18.221,-8.84612,20.4826,0.220958,0.156926,0.0638136,-6.46362,-1.99997,-0.000955082,0,162,3.46945e-18,-6.93889e-18,-6.07153e-18,-1.8567e-17,0,3.46945e-18,1.38778e-17,-3.67761e-16,-4.02456e-16,-3.88578e-16,0,-0.525684,-0.143321,0.521512,-0.00886802,3.14159,2.22857,0.0675447,3.27576,-0.0507618,-0.392699,4.19533,-0.323596,3.14809,0.0171743,0.523599,0,0,0,0.0208125,-0.00355574,-0.525684,0.521514,3.13951,2.22857,3.27577,-0.389429,4.19533,3.14813,0.530098,0.0017323,-0.864823,0.245557,1.57946e-05,-0.2583,-0.165506,0.0977503,-0.125413,-0.272972,0.0478392,0.0119438,1.00005,-16.846,33.6106,1.5606,19.557,-23.3701,2.88756,-227.783,70.0103,-2.08897
0.56,-6.45847,-2.00115,0.0309403,0.140208,-0.00161583,0.757082,-0.523797,-0.18892,0.516293,0.266361,3.14166,-2.34292,2.2313,-3.55977,3.28164,0.241957,-0.387896,-23.4641,4.21202,-10.9081,-0.105813,-6.13122,0.519677,-5.40847,-2.00364,-7.76561,-0.406803,-7.73049,-3.6715,-4.85847,-2.00374,-7.25623,-0.614223,-7.2607,-3.3855,0.327309,0.109773,-11.5336,0.0234017,-0.00119531,0.0857012,-0.00359477,-0.144026,-0.525776,-0.995122,0.521422,-0.0445379,3.13942,-0.158176,2.22932,0.335891,3.27652,-0.253303,-0.388673,-872.794,4.21004,419.078,3.16285,31.6147,0.544864,-0.0479557,1.0006,0.155339,-1.25135,1.27236,-3.86673,10.2534,-20.8584,10.7269,-1.52074,-5.76391,11.7328,-10.6758,4.92553,-0.930827,0.00228553,-0.00467422,-0.96282,0.997818,-24.0498,13.2989,0,8.92088,1.14908,7.12787,-4.29234,3.02467,0.612353,0.911177,-0.294458,-1.15388,-1.67362e+06,-1662.92,105.382,203016,1.79457e+06,790.282,-46.6404,-97422.6,760.783,143936,59.6981,-3.52185,-7321.17,275.584,-300.941,0.200066,0.13913,0.177923,0.187917,8.2637,6.6432,-0.00190356,-7.03177,-8.59788,2.33778,-193.582,-136.757,0.22216,0.155685,39.5181,-6.45847,-1.99996,-0.00119531,0,185,-3.46945e-18,-6.93889e-18,-1.2902e-17,6.20299e-17,-3.46945e-18,-3.46945e-18,-1.38778e-17,4.26326e-14,7.10543e-14,7.63833e-14,0,-0.525776,-0.152337,0.521427,-0.00881276,3.14159,2.22932,0.0671775,3.27652,-0.0506606,-0.392699,4.21004,83.8123,3.16286,6.32295,0.523599,0,0,0,0.0233961,-0.00359477,-0.525776,0.521422,3.13942,2.22932,3.27652,-0.388673,4.21004,3.16285,0.544864,0.00197894,-19483.8,152.153,-0.00253583,92601.2,-1464.23,55.1168,-60.1881,5758.98,0.0479008,0.0119645,1.00006,-20.3984,36.9088,1.59436,21.2411,-23.8258,2.56761,849617,-345719,-29307.6
0.6,-6.45293,-2.00173,0.0439316,0.152973,-0.00134004,0.769343,-0.523646,-0.175069,0.516259,0.278022,3.14181,-2.32757,2.23237,-3.55021,3.28274,0.257592,-0.386846,-23.1979,4.22059,-2.06061,3.30522,-1.52596,0.977007,-5.40293,-2.00384,-7.76068,-0.408132,-7.72214,-3.67627,-4.85293,-2.00387,-7.25108,-0.615015,-7.25479,-3.38629,0.340973,0.119376,0.267609,0.0287034,-0.00177906,0.0880822,-0.00358726,-0.159113,-0.525894,-1.02178,0.521304,-0.0446064,3.1393,-0.184216,2.23013,0.338232,3.27732,-0.252043,-0.387877,-30.3049,4.21835,14.5478,3.17115,29.8505,0.553117,-0.0480504,1.00091,0.158475,-1.25176,1.27487,-4.11338,10.3114,-21.0108,10.8111,-1.40756,-5.8203,11.8672,-10.76,4.93223,-0.950754,0.00230025,-0.00471185,-0.956845,0.810371,-24.0436,13.3109,0,8.85248,1.26764,7.14137,-4.30216,2.99071,0.619564,0.914918,-0.295531,-1.14117,-2687.19,-93.3722,20.9941,397.058,2533.64,36.3939,-5.98198,-187.59,30.7966,1152.8,72.3344,-11.1914,-334.172,28.0585,-165.958,0.200099,0.324784,0.319112,0.306539,8.61068,6.93583,0.383723,-6.76585,-8.20566,6.65501,27.8197,-4.25289,0.222437,0.1539,1.59916,-6.45288,-1.99995,-0.00177906,0,210,3.46945e-18,0,2.1684e-18,-2.68747e-17,1.38778e-17,1.04083e-17,6.93889e-18,1.38778e-15,2.55351e-15,2.66454e-15,0,-0.525894,-0.156355,0.521305,-0.00882322,3.14159,2.23013,0.0676505,3.27731,-0.0504087,-0.392699,4.21835,2.90917,3.17111,5.9701,0.523599,0,0,0,0.028693,-0.00358726,-0.525894,0.521304,3.1393,2.23013,3.27732,-0.387877,4.21835,3.17115,0.553117,0.00224722,-37.5142,6.15939,0.00421046,135.789,-66.8344,5.61171,-33.1915,50.0965,0.0479678,0.0119869,1.00009,-18.9763,37.3261,1.63876,25.7394,-24.5045,2.16287,3034.04,345.879,-737.536
0.64,-6.44928,-2.00162,0.044669,0.161842,-0.00167171,0.782394,-0.523612,-0.160596,0.515857,0.28967,3.14185,-2.33865,2.23286,-3.55148,3.28283,0.26351,-0.386381,6025.42,4.22225,14492.2,3.16911,-11.8062,3.96688,-5.39928,-2.00428,-7.75667,-0.408014,-7.71845,-3.67669,-4.84928,-2.00429,-7.24696,-0.614642,-7.25159,-3.38592,0.355004,0.117732,14491.4,0.0415398,-0.00167924,0.0876537,-0.00409074,-0.153374,-0.526031,-1.08226,0.521166,-0.0446595,3.13916,-0.191591,2.23044,0.290828,3.27764,-0.252722,-0.387557,-1.88553,4.21983,1.06737,3.17264,2562.72,0.554629,-0.0481795,1.00181,0.158217,-1.25304,1.27959,-4.09465,10.4107,-21.2712,10.976,-1.69181,-5.91396,12.0926,-10.9239,4.97048,-1.00085,0.00231231,-0.00475277,-0.949134,0.718601,-24.1788,13.2748,0,8.97742,1.17591,7.22982,-4.27282,2.99331,0.575215,0.924468,-0.292007,-1.14228,-45.4318,-38.3269,17.2036,30.4745,31.7017,10.3226,-4.14936,-14.3538,6.15908,-4.07882e+06,11150.8,-3422.86,-10993.8,1512.51,-4.35751e+06,0.200189,0.0184341,0.221729,0.326258,8.97197,7.22683,-0.277014,-6.78564,-8.0572,151215,362385,-255.901,0.224103,0.15398,0.319714,-6.4493,-1.99994,-0.00167924,0,226,3.46945e-18,0,-1.26852e-17,-3.70526e-17,2.60209e-17,2.42861e-17,2.77556e-17,-3.05311e-16,-2.77556e-16,-2.84217e-14,0,-0.526031,-0.165479,0.521162,-0.00882723,3.14159,2.23044,0.0581661,3.27763,-0.0505443,-0.392699,4.21983,0.189778,3.17262,512.543,0.523599,0,0,0,0.0415126,-0.00409074,-0.526031,0.521166,3.13916,2.23044,3.27764,-0.387557,4.21983,3.17264,0.554629,0.00241903,-2.76919,1.21788,40.3087,909336,-2198.75,302.502,-871502,-163264,0.0480108,0.0120013,1.00008,-19.3412,39.106,1.69541,16.2812,-21.0986,2.33071,4.5468e+06,-713857,775304
0.68,-6.44602,-2.00097,0.0321005,0.164616,-0.00234178,0.798102,-0.52373,-0.140975,0.515455,0.304869,3.14176,-2.37576,2.23298,-3.59629,3.28322,0.226209,-0.386234,6020.46,4.21809,2.17039,3.19227,-1.7298,0.618387,-5.39602,-2.00464,-7.75251,-0.406894,-7.71731,-3.67357,-4.84602,-2.00471,-7.24277,-0.613456,-7.24926,-3.38473,0.374316,0.0731668,4.74427,0.0421158,-0.00103576,0.0972047,-0.00492197,-0.178021,-0.526311,-1.12283,0.520887,-0.0434608,3.13888,-0.19845,2.2304,0.321384,3.2776,-0.248624,-0.387591,7.72712,4.21551,-3.4611,3.16832,-7.12317,0.550328,-0.0482234,1.00182,0.170333,-1.25327,1.2831,-4.63978,10.5085,-21.5283,11.1382,-1.40626,-5.99677,12.2969,-11.0678,4.97629,-1.03325,0.00321958,-0.0066426,-0.940676,0.858768,-24.0756,13.348,0,8.72629,1.21052,7.17199,-4.31334,2.93148,0.588193,0.918439,-0.295003,-1.11868,42.9837,-20.2718,15.8761,3.99859,40.8613,1.88727,-3.5664,-1.89779,-2.12301,-279.856,37.0244,-23.4627,-11.5503,-4.87862,105.472,0.200187,-0.314211,0.0693618,0.39271,9.42833,7.60643,-0.92773,-7.90277,-8.98902,-123.883,133.532,-5.73405,0.224641,0.150865,-0.110268,-6.44594,-1.99993,-0.00103576,0,241,0,0,-6.72205e-18,5.65276e-17,1.38778e-17,1.73472e-17,2.08167e-17,3.29042e-14,3.73035e-14,6.80567e-14,0,-0.526311,-0.171847,0.520886,-0.00854221,3.14159,2.2304,0.0642757,3.2776,-0.0497247,-0.392699,4.21551,-0.692235,3.16832,-1.42463,0.523599,0,0,0,0.0420888,-0.00492197,-0.526311,0.520887,3.13888,2.2304,3.2776,-0.387591,4.21551,3.16832,0.550328,0.00258018,-0.379598,-0.424614,0.000437985,3.32425,-2.31005,-0.975725,21.0945,-13.8464,0.0480511,0.0120148,1.00005,-19.0369,40.5624,1.77145,10.0453,-20.6758,2.53472,-446.978,-223.035,174.65
0.72,-6.44402,-2.00072,0.0248658,0.172893,-0.00301066,0.816468,-0.523607,-0.121713,0.515095,0.323512,3.14188,-2.40603,2.23169,-3.64554,3.2828,0.165257,-0.387428,6019.46,4.21933,-2.83222,3.10804,-0.513889,0.551148,-5.39402,-2.00553,-7.74931,-0.405456,-7.71586,-3.67339,-4.84402,-2.00554,-7.23984,-0.612678,-7.24818,-3.38395,0.393095,0.0246911,-0.275329,0.0294333,-0.000795994,0.115643,-0.00568757,-0.178063,-0.526284,-1.19021,0.520913,-0.0433586,3.13891,-0.195246,2.22901,0.424608,3.27621,-0.239857,-0.388984,17.5497,4.21666,-7.99801,3.16946,-0.270489,0.551495,-0.0481601,1.0009,0.193328,-1.25229,1.28431,-5.12875,10.618,-21.7936,11.3683,-1.38546,-6.09474,12.5238,-11.2778,5.01231,-1.08792,0.00336128,-0.00695467,-0.932293,1.294,-23.773,13.536,0,8.17581,1.30509,6.9695,-4.41619,2.81981,0.646355,0.895385,-0.304074,-1.07575,-289.262,-1.93028,14.562,24.7613,496.127,-6.81816,-2.91861,-11.7255,-10.5434,29.3534,-0.100649,-0.124534,-0.452782,-3.70849,3.87205,0.200094,-0.180868,0.206909,0.459136,9.87404,8.04113,-0.756692,-9.16641,-10.5138,-25.0994,8.49783,2.50189,0.226555,0.14521,-0.54785,-6.44393,-1.99993,-0.000795994,0,250,0,-6.93889e-18,-2.08167e-17,4.64581e-17,-1.04083e-17,-1.73472e-17,-2.08167e-17,1.36766e-13,2.64455e-13,2.72657e-13,0,-0.526284,-0.182301,0.520911,-0.00850693,3.14159,2.22901,0.084921,3.27621,-0.0479714,-0.392699,4.21666,-1.59944,3.16949,-0.0540977,0.523599,0,0,0,0.0294236,-0.00568757,-0.526284,0.520913,3.13891,2.22901,3.27621,-0.388984,4.21666,3.16946,0.551495,0.0026769,-2.34487,-2.10854,7.91395e-05,28.2421,-0.0905565,-0.741698,0.77441,1.17263,0.0480753,0.0120229,1.00004,-18.5929,42.2883,1.77337,15.8274,-24.7584,2.74438,-826.177,215.168,-10.4621
0.76,-6.44194,-2.00055,0.0201513,0.179996,-0.00345628,0.832053,-0.523304,-0.10308,0.514916,0.343618,3.14217,-2.43805,2.23251,-3.7019,3.28417,0.12683,-0.386613,6016.49,4.21986,-4.12079,3.1364,1.97846,0.460075,-5.39195,-2.00624,-7.74679,-0.405349,-7.71424,-3.67311,-4.84195,-2.00608,-7.23715,-0.612151,-7.24672,-3.38342,0.411259,-0.0311218,-1.44446,0.0220964,-0.000628743,0.13476,-0.00622993,-0.212625,-0.526078,-1.25812,0.52112,-0.0436163,3.13911,-0.152763,2.22974,0.485255,3.27693,-0.235332,-0.388256,9.51499,4.21709,-4.10128,3.16989,3.2475,0.551936,-0.0481477,1.00052,0.217258,-1.25198,1.28796,-6.07999,10.7586,-22.1536,11.6283,-0.892572,-6.23476,12.855,-11.5356,5.03292,-1.13414,0.00324012,-0.00673008,-0.918114,2.03347,-23.5238,13.6792,0,7.7511,1.1013,6.83677,-4.50623,2.74178,0.649536,0.8839,-0.312301,-1.04624,24.3289,-17.8576,15.7631,3.83384,84.2428,0.715188,-3.46569,-1.81372,-3.48002,71.7465,-8.56341,6.56258,3.14729,0.758295,9.82182,0.200055,-0.117864,0.177591,0.389646,10.3398,8.53926,-0.800419,-10.5548,-11.475,-74.081,-23.7031,17.6725,0.227427,0.141138,-0.180775,-6.44192,-1.99992,-0.000628743,0,259,0,2.08167e-17,1.45283e-17,-3.9465e-17,2.42861e-17,1.73472e-17,6.93889e-18,-2.72213e-14,-6.80289e-14,7.99361e-14,0,-0.526078,-0.19257,0.521118,-0.00855475,3.14159,2.22974,0.0970501,3.27694,-0.0470665,-0.392699,4.21709,-0.820067,3.16993,0.6495,0.523599,0,0,0,0.0220922,-0.00622993,-0.526078,0.52112,3.13911,2.22974,3.27693,-0.388256,4.21709,3.16989,0.551936,0.00277366,-0.362616,-0.695894,0.000252787,10.7114,0.629458,0.151659,1.96436,3.30482,0.0480995,0.012031,1.00003,-20.6643,45.5622,1.72016,18.8859,-27.4634,2.37327,-500.826,294.401,-77.5519
0.8,-6.4397,-2.00071,0.0225691,0.187635,-0.00354263,0.842463,-0.523024,-0.0903518,0.514747,0.35768,3.14244,-2.44212,2.2328,-3.73725,3.28519,0.0921746,-0.386278,6015.19,4.21824,-5.77219,3.04137,1.64037,0.762861,-5.38971,-2.00669,-7.74448,-0.405579,-7.71262,-3.6724,-4.83971,-2.00637,-7.23478,-0.61224,-7.2446,-3.3835,0.423544,-0.0657852,-3.49368,0.0172725,-0.000792565,0.149689,-0.00642382,-0.233768,-0.525905,-1.32067,0.521293,-0.0436016,3.13929,-0.185239,2.22991,0.569867,3.27711,-0.227538,-0.388082,10.4144,4.21535,-4.47699,3.16816,7.82098,0.550157,-0.0481567,1.00034,0.235946,-1.25186,1.29127,-6.79508,10.8846,-22.4749,11.8694,-0.57898,-6.35922,13.1491,-11.774,5.05758,-1.17754,0.00331304,-0.00690168,-0.906553,2.10017,-23.2938,13.8356,0,7.3343,1.31407,6.70133,-4.59697,2.62345,0.699571,0.871297,-0.320824,-1.00119,7.82086,-16.4834,15.7083,4.18004,112.334,0.0892583,-3.4513,-1.9834,-4.18049,108.886,-14.7543,12.9089,6.82003,3.20818,52.0289,0.200037,0.060446,0.19097,0.260253,10.6564,8.89198,-0.101743,-11.4315,-12.3418,-32.5745,-65.0288,5.26242,0.228524,0.135027,-0.217149,-6.43968,-1.99991,-0.000792565,0,269,6.93889e-18,2.08167e-17,3.10082e-17,-5.61617e-17,-4.16334e-17,-4.85723e-17,-3.46945e-17,-2.45949e-14,8.56537e-14,-9.05942e-14,0,-0.525905,-0.202042,0.521293,-0.0085392,3.14159,2.22991,0.113974,3.27711,-0.0455076,-0.392699,4.21535,-0.895444,3.16815,1.5642,0.523599,0,0,0,0.0172701,-0.00642382,-0.525905,0.521293,3.13929,2.22991,3.27711,-0.388082,4.21535,3.16816,0.550157,0.00288119,-0.396714,-0.836125,-0.000199232,25.3196,1.36401,0.641635,10.4058,4.67012,0.0481264,0.0120401,1.00004,-23.6928,48.8924,1.67202,28.7808,-31.5585,2.03169,-472.632,493.445,-156.985
0.84,-6.43765,-2.00039,0.0169788,0.191004,-0.00392883,0.851796,-0.52292,-0.0797135,0.514545,0.367706,3.14255,-2.46719,2.23292,-3.76408,3.28535,0.0721636,-0.386148,6014.51,4.21645,-4.51407,3.15626,-3.5023,0.573526,-5.38766,-2.00705,-7.74192,-0.40503,-7.7116,-3.67097,-4.83766,-2.00668,-7.2322,-0.611619,-7.24308,-3.38288,0.433877,-0.0925819,-1.93133,0.0195941,-0.000484856,0.156027,-0.00690682,-0.245336,-0.525898,-1.36381,0.5213,-0.0434976,3.13929,-0.170509,2.22995,0.570544,3.27714,-0.226108,-0.388043,3.81646,4.21348,-1.34154,3.16628,-0.528423,0.548307,-0.0481886,1.00041,0.244039,-1.25212,1.29489,-7.17443,10.9728,-22.718,12.041,-0.443417,-6.44381,13.3617,-11.9422,5.07612,-1.20757,0.00343619,-0.0071817,-0.899114,2.33994,-23.2624,13.8821,0,7.239,1.19419,6.68588,-4.61885,2.60042,0.680951,0.869804,-0.322314,-0.99244,67.7915,-29.4535,16.6604,11.3585,-20.5635,6.28571,-3.91513,-5.40706,1.57268,20.0683,-5.82194,2.3385,3.00629,0.250727,-0.538791,0.200043,-0.139757,0.0842203,0.233303,10.9187,9.14359,-0.626723,-12.0989,-12.8422,-16.8879,-33.6203,-101.567,0.229354,0.133823,0.0816853,-6.43767,-1.99991,-0.000484856,0,278,6.93889e-18,0,2.05998e-17,-4.58618e-17,-5.20417e-17,-3.46945e-17,-2.42861e-17,1.09253e-14,4.8711e-15,6.21031e-15,0,-0.525898,-0.208599,0.521299,-0.00850541,3.14159,2.22995,0.114107,3.27715,-0.0452215,-0.392699,4.21348,-0.268295,3.1663,-0.105685,0.523599,0,0,0,0.0195911,-0.00690682,-0.525898,0.5213,3.13929,2.22995,3.27714,-0.388043,4.21348,3.16628,0.548307,0.002978,-1.08128,0.314515,-8.62068e-06,-0.972412,0.601258,0.0501453,-0.107758,1.00485,0.0481506,0.0120482,1.00002,-24.6568,50.6889,1.67441,24.1086,-30.7862,2.14036,-230.257,42.916,-4.47618
0.88,-6.43563,-2.00059,0.0200265,0.200831,-0.00415785,0.866153,-0.522913,-0.0641756,0.514324,0.381286,3.14255,-2.47491,2.2328,-3.7922,3.28575,0.042478,-0.386241,6014.52,4.21023,-2.66637,2.90332,-0.136149,0.569776,-5.38564,-2.00762,-7.73956,-0.404976,-7.71168,-3.66806,-4.83564,-2.00724,-7.22986,-0.611636,-7.24138,-3.38289,0.449186,-0.12021,-0.33283,0.0139054,-0.000689352,0.167082,-0.00723268,-0.265271,-0.525988,-1.3972,0.52121,-0.0434293,3.1392,-0.176609,2.22973,0.62994,3.27692,-0.221034,-0.388272,67.2018,4.20715,-31.8221,3.15996,2.89273,0.541983,-0.0481949,1.00023,0.257802,-1.252,1.29661,-7.77029,11.0511,-22.9151,12.1933,-0.086447,-6.52042,13.5426,-12.0917,5.08436,-1.22839,0.00353448,-0.00740118,-0.891823,2.52811,-23.0938,13.9941,0,6.96971,1.25938,6.58148,-4.68321,2.52748,0.707262,0.859156,-0.32816,-0.964572,-9427.53,90.9551,9.6558,897.741,10219.1,-51.5232,-0.626427,-432.201,-53.2845,294.112,4.70872,0.0856616,42.9301,-16.2643,15.0758,0.200026,0.0761919,0.245666,0.358947,11.3044,9.48388,-0.193189,-12.8051,-13.5844,0.0964133,12.4165,5.73351,0.229767,0.130087,-2.76834,-6.43566,-1.9999,-0.000689352,0,287,0,-1.38778e-17,-4.14165e-17,6.7329e-17,-2.08167e-17,-2.77556e-17,-3.1225e-17,5.70655e-13,9.88543e-13,8.77409e-13,0,-0.525988,-0.213678,0.521205,-0.00848126,3.14159,2.22973,0.12599,3.27692,-0.0442068,-0.392699,4.20715,-6.3639,3.15998,0.578547,0.523599,0,0,0,0.013904,-0.00723268,-0.525988,0.52121,3.1392,2.22973,3.27692,-0.388272,4.20715,3.15996,0.541983,0.00307483,-86.4331,-10.6564,0.00022265,574.887,8.58602,-3.25285,3.01515,11.8404,0.0481748,0.0120563,1.00003,-22.7124,51.1381,1.70815,30.183,-33.5225,1.99345,789.787,-591.907,-111.369
0.92,-6.43356,-2.00079,0.0248477,0.206786,-0.00406676,0.872011,-0.522898,-0.0550857,0.51391,0.388207,3.14259,-2.47166,2.23261,-3.79424,3.28563,0.0352182,-0.386392,6014.56,4.20605,-2.99574,2.88413,-0.339998,0.614862,-5.38358,-2.00769,-7.73758,-0.405161,-7.71069,-3.66635,-4.83358,-2.0073,-7.22792,-0.611908,-7.23919,-3.38317,0.457831,-0.122223,-0.726464,0.0168571,-0.000896127,0.176124,-0.00723845,-0.283448,-0.52607,-1.45687,0.521128,-0.0435299,3.13913,-0.162173,2.22944,0.637152,3.27664,-0.218271,-0.388548,71.9094,4.20288,-34.3328,3.15568,11.2233,0.537687,-0.0482283,1.00033,0.269323,-1.25222,1.30167,-8.36772,11.1814,-23.2725,12.4458,0.175533,-6.64856,13.8614,-12.3422,5.10843,-1.26652,0.00352537,-0.00740908,-0.880856,2.81825,-23.0514,14.0815,0,6.82848,1.1331,6.54983,-4.71894,2.48916,0.687034,0.855752,-0.331136,-0.949877,-10841.4,96.5885,10.4162,1030.52,11773,-54.5848,-1.01552,-499.858,-57.3031,-529.813,17.7453,0.426087,175.599,-12.7182,14.7144,0.200037,0.120529,0.148894,0.146432,11.5318,9.65677,0.0812324,-12.8608,-13.7654,0.952339,4.07784,-13.2991,0.230822,0.1281,-2.97695,-6.43365,-1.9999,-0.000896127,0,296,6.93889e-18,-1.38778e-17,-1.60462e-17,1.58294e-17,1.38778e-17,2.08167e-17,2.77556e-17,-3.49831e-13,-6.83453e-13,-2.20934e-13,0,-0.52607,-0.222696,0.521133,-0.00849314,3.14159,2.22944,0.127428,3.27664,-0.0436543,-0.392699,4.20288,-6.8665,3.15568,2.24466,0.523599,0,0,0,0.0168548,-0.00723845,-0.52607,0.521128,3.13913,2.22944,3.27664,-0.388548,4.20288,3.15568,0.537687,0.00317169,-99.9707,-11.4606,2.00836e-05,757.138,35.1197,-2.54364,2.94287,-20.752,0.0481991,0.0120644,1.00004,-27.4111,55.0511,1.73951,32.9109,-34.3296,1.97287,1691.11,-629.386,-80.3206
0.96,-6.43133,-2.00129,0.0360282,0.217385,-0.00394011,0.881634,-0.522969,-0.0442328,0.513708,0.395911,3.14252,-2.45723,2.23303,-3.77895,3.28592,0.0525175,-0.385993,6014.65,4.21306,-2.35185,2.45529,-1.60907,0.514737,-5.38134,-2.00794,-7.7356,-0.405961,-7.70628,-3.67024,-4.83134,-2.00759,-7.22586,-0.612509,-7.23678,-3.38377,0.468548,-0.107039,-0.411297,0.0215731,-0.00140294,0.177985,-0.00721945,-0.299303,-0.526248,-1.47647,0.52095,-0.0435936,3.13894,-0.162388,2.22975,0.624557,3.27695,-0.218038,-0.388253,175.383,4.20978,-83.4697,3.16259,26.2863,0.544588,-0.0482738,1.00053,0.271899,-1.25253,1.30486,-8.68537,11.2387,-23.4434,12.5451,0.396927,-6.70454,14.0091,-12.4413,5.11049,-1.27655,0.00352059,-0.00741478,-0.875732,2.85725,-23.0739,14.0997,0,6.81351,1.08144,6.56919,-4.72445,2.48057,0.670903,0.858588,-0.33158,-0.9467,-72207.3,296.738,-3.86664,7300.87,74042.8,-149.867,5.89854,-3496.93,-146.978,-3461.42,47.2346,-1.82716,1133.53,-34.2598,36.7051,0.20006,0.279514,0.264958,0.240583,11.8042,9.85009,0.36078,-12.4682,-13.3329,2.2346,20.3503,-43.1417,0.230895,0.127643,-7.63409,-6.43142,-1.99989,-0.00140294,0,306,6.93889e-18,-1.38778e-17,2.60209e-18,-3.03577e-18,-5.55112e-17,-4.85723e-17,-5.55112e-17,-9.59011e-13,-1.67066e-12,-7.53175e-13,0,-0.526248,-0.225655,0.520949,-0.00850337,3.14159,2.22975,0.124916,3.27694,-0.0436076,-0.392699,4.20978,-16.6943,3.16258,5.25726,0.523599,0,0,0,0.0215683,-0.00721945,-0.526248,0.52095,3.13894,2.22975,3.27695,-0.388253,4.20978,3.16259,0.544588,0.00327934,-699.399,-29.396,-0.000101883,4622.92,226.706,-6.85196,7.34101,-135.913,0.048226,0.0120735,1.00007,-25.8592,55.1986,1.80174,34.9135,-34.2339,1.77952,27120,-11057.6,252.268
1,-6.43,-2.0015,0.0426104,0.227403,-0.0041131,0.89209,-0.523089,-0.0334189,0.513249,0.403204,3.14241,-2.45447,2.23318,-3.7647,3.28575,0.0677766,-0.385833,6014.82,4.22041,-3.65444,3.36201,0.0180223,0.501188,-5.38002,-2.00836,-7.73408,-0.406122,-7.70308,-3.67375,-4.83002,-2.00808,-7.2243,-0.612582,-7.2357,-3.38384,0.479013,-0.0931186,-0.793621,0.0326985,-0.00161808,0.177604,-0.00745705,-0.298858,-0.526433,-1.52433,0.520764,-0.0436298,3.13876,-0.174553,2.22984,0.587289,3.27704,-0.217977,-0.388153,-47.2724,4.21706,22.8323,3.16987,-4.4325,0.551865,-0.0483485,1.00115,0.27197,-1.25346,1.31073,-8.78679,11.3364,-23.7367,12.7364,0.290626,-6.79738,14.2581,-12.6308,5.13818,-1.30895,0.00353636,-0.00747794,-0.869067,2.76948,-23.1778,14.1035,0,6.86126,1.03169,6.63267,-4.7118,2.4778,0.640445,0.864997,-0.329635,-0.945657,-6857.46,-128.951,24.7747,852.707,6276.56,53.1993,-7.64201,-402.997,45.9735,-56.0475,-10.0464,1.39502,70.4941,13.0286,-11.8756,0.200122,0.164555,0.250457,0.261409,12.0741,10.0324,0.0689914,-12.108,-12.9509,4.31216,-12.0308,6.13439,0.232103,0.127472,2.38691,-6.43008,-1.99988,-0.00161808,0,312,6.93889e-18,-1.38778e-17,2.49366e-17,2.62377e-17,-2.42861e-17,-2.77556e-17,-3.46945e-17,4.21774e-13,6.63247e-13,5.29465e-13,0,-0.526433,-0.232901,0.520762,-0.00850265,3.14159,2.22984,0.117458,3.27704,-0.0435954,-0.392699,4.21706,4.5666,3.16986,-0.8865,0.523599,0,0,0,0.0326843,-0.00745705,-0.526433,0.520764,3.13876,2.22984,3.27704,-0.388153,4.21706,3.16987,0.551865,0.00334395,-80.6019,9.19487,6.14006e-05,355.445,14.0988,2.60572,-2.37512,-2.50266,0.0482422,0.0120789,1.00008,-25.7847,56.5071,1.86906,30.7684,-32.1401,1.84501,5967.95,-2365.27,74.3882
1.04,-6.42958,-2.00167,0.0473986,0.236234,-0.00431702,0.903364,-0.523178,-0.0199169,0.512911,0.414207,3.14233,-2.45775,2.23353,-3.76719,3.28596,0.07145,-0.385502,6014.97,4.23251,-3.51058,3.21124,-0.326672,0.558005,-5.37959,-2.00881,-7.73343,-0.406303,-7.6994,-3.67939,-4.82959,-2.00858,-7.22359,-0.612592,-7.23555,-3.38385,0.49226,-0.095729,-0.857355,0.0392685,-0.00179116,0.18225,-0.00768251,-0.32525,-0.526544,-1.56048,0.520654,-0.0436561,3.13864,-0.167757,2.23016,0.571611,3.27736,-0.217011,-0.387835,-5.74784,4.22914,3.13709,3.18195,-1.03831,0.56394,-0.0483997,1.00163,0.278233,-1.25422,1.31661,-9.38756,11.4425,-24.0528,12.9305,0.700292,-6.89891,14.5292,-12.8227,5.14396,-1.32741,0.00356039,-0.00755988,-0.86027,2.91636,-23.2013,14.1478,0,6.81262,0.919215,6.65104,-4.72662,2.46002,0.613351,0.86725,-0.330359,-0.938922,-241.877,-50.0615,19.3918,66.1057,173.521,15.3806,-4.87293,-30.5483,10.0012,-6.55082,-3.67117,0.989319,5.67816,2.83257,-2.56138,0.200171,0.119705,0.220785,0.281846,12.4108,10.3072,-0.0819935,-12.1617,-12.8584,3.84573,-8.13179,-2.51119,0.232384,0.12656,0.519055,-6.42963,-1.99988,-0.00179116,0,314,0,-2.77556e-17,-3.77302e-17,6.36427e-17,-2.08167e-17,-2.77556e-17,-3.46945e-17,1.30521e-13,1.46355e-13,1.27842e-13,0,-0.526544,-0.238379,0.520651,-0.00850117,3.14159,2.23016,0.114324,3.27736,-0.0434023,-0.392699,4.22914,0.627457,3.18193,-0.207661,0.523599,0,0,0,0.0392449,-0.00768251,-0.526544,0.520654,3.13864,2.23016,3.27736,-0.387835,4.22914,3.18195,0.56394,0.00336549,-6.11,2.00031,2.37525e-05,9.51013,1.13563,0.566514,-0.512276,-0.306239,0.0482476,0.0120807,1.00009,-25.7865,57.9356,1.90865,29.0128,-31.3333,1.76225,453.042,-204.043,5.23488
1.08,-6.42895,-2.00162,0.047382,0.240761,-0.00452183,0.909276,-0.522968,-0.0139545,0.512728,0.421868,3.14253,-2.46195,2.23258,-3.77077,3.28509,0.0523038,-0.386383,6014.88,4.23781,-3.71281,3.19257,-0.73012,0.569416,-5.37896,-2.0092,-7.73233,-0.405611,-7.69747,-3.68164,-4.82896,-2.00886,-7.22267,-0.612377,-7.2352,-3.38363,0.497838,-0.0992932,-1.08966,0.0440329,-0.00174109,0.187627,-0.00791963,-0.329022,-0.526366,-1.61491,0.520831,-0.0437467,3.13882,-0.185542,2.22918,0.580174,3.27638,-0.213181,-0.388808,0.638636,4.23441,0.187591,3.18721,-0.496481,0.569219,-0.0484459,1.00202,0.285373,-1.25488,1.32205,-9.72926,11.5567,-24.3823,13.1721,0.754902,-7.00881,14.8163,-13.0615,5.17377,-1.36205,0.00353155,-0.00752781,-0.852321,2.91543,-23.1996,14.2303,0,6.70544,0.948153,6.62946,-4.75128,2.41557,0.609048,0.862923,-0.33167,-0.921665,20.9252,-37.5005,18.3622,25.1436,-7.48159,9.39676,-4.29338,-11.5036,4.48632,2.52254,-2.62151,0.909275,2.18075,1.27206,-1.14591,0.200211,-0.000415325,0.113173,0.147789,12.5585,10.4964,-0.104899,-12.2747,-13.3357,-2.30719,-13.0551,-12.5445,0.23375,0.124296,0.232791,-6.42896,-1.99988,-0.00174109,0,317,-6.93889e-18,-2.77556e-17,-2.60209e-18,-4.9548e-17,-1.04083e-17,-1.38778e-17,-6.93889e-18,-5.3145e-14,-5.26402e-14,-4.77118e-14,0,-0.526366,-0.246624,0.520831,-0.00851313,3.14159,2.22918,0.116034,3.27638,-0.0426363,-0.392699,4.23441,0.0375175,3.18721,-0.0992962,0.523599,0,0,0,0.0440008,-0.00791963,-0.526366,0.520831,3.13882,2.22918,3.27638,-0.388808,4.23441,3.18721,0.569219,0.0033978,-2.3007,0.897261,-1.26788e-06,-0.332379,0.436151,0.254413,-0.229183,0.1217,0.0482557,0.0120834,1.00008,-28.8404,60.7991,1.85903,28.5104,-31.2958,2.08176,-25.9826,-24.7651,-7.26337
1.12,-6.42787,-2.00171,0.0493584,0.246494,-0.00465944,0.917776,-0.522778,-0.00437183,0.51283,0.433004,3.14271,-2.46703,2.23164,-3.77004,3.28415,0.0402174,-0.387292,6014.95,4.24047,-3.59685,3.20591,-0.467824,0.569124,-5.37788,-2.00962,-7.73086,-0.40511,-7.69579,-3.68284,-4.82788,-2.00917,-7.2214,-0.612361,-7.23431,-3.38361,0.507344,-0.0985925,-0.960069,0.0439625,-0.00183812,0.193452,-0.0081111,-0.355745,-0.526229,-1.62876,0.520968,-0.0437865,3.13896,-0.157235,2.22819,0.58032,3.27539,-0.211827,-0.389809,-2.17861,4.23702,1.49004,3.18982,-0.747397,0.571822,-0.048459,1.00202,0.292815,-1.25498,1.32495,-10.3333,11.6149,-24.5583,13.2826,1.25496,-7.06566,14.9698,-13.1708,5.16714,-1.36518,0.00353348,-0.00754976,-0.846742,3.23251,-23.1829,14.2901,0,6.63732,0.791778,6.60151,-4.76906,2.40671,0.589073,0.85808,-0.332649,-0.918026,-72.0112,-43.8888,19.257,41.6902,48.2788,12.2157,-4.64766,-18.9775,6.96175,-1.60692,-3.19496,0.991986,3.63549,1.97484,-1.77559,0.200211,0.0494106,0.143319,0.212509,12.7976,10.7743,-0.127006,-12.28,-13.6374,1.70402,-10.0894,-5.96641,0.233498,0.12388,0.36126,-6.42784,-1.99988,-0.00183812,0,322,0,0,2.84061e-17,-8.06646e-17,0,6.93889e-18,0,-4.52208e-14,-6.37407e-14,-5.21527e-14,0,-0.526229,-0.248725,0.520966,-0.00851885,3.14159,2.22819,0.116066,3.27538,-0.0423655,-0.392699,4.23702,0.298018,3.18982,-0.149479,0.523599,0,0,0,0.0439304,-0.0081111,-0.526229,0.520968,3.13896,2.22819,3.27539,-0.389809,4.23702,3.18982,0.571822,0.00345166,-3.7956,1.39237,8.62241e-06,2.61239,0.727098,0.394968,-0.355118,-0.0674158,0.0482692,0.0120879,1.00009,-27.7068,61.1303,1.81703,28.1894,-31.3837,2.35174,173.621,-99.4416,-3.13606
1.16,-6.42668,-2.00161,0.0478619,0.251902,-0.004993,0.92625,-0.522757,0.00338184,0.512523,0.439537,3.14273,-2.48103,2.23119,-3.78485,3.28379,0.0202343,-0.387715,6014.89,4.2423,-3.68308,3.19882,-0.649331,0.57389,-5.3767,-2.01006,-7.72912,-0.404517,-7.69451,-3.68334,-4.8267,-2.0096,-7.21975,-0.611995,-7.23359,-3.38324,0.514767,-0.113338,-1.05815,0.0458889,-0.00174115,0.19814,-0.00849853,-0.351687,-0.526262,-1.67476,0.520935,-0.0438351,3.13893,-0.162973,2.22768,0.590129,3.27488,-0.209355,-0.390313,0.23326,4.23879,0.400048,3.1916,-0.430112,0.573619,-0.0484891,1.00219,0.298959,-1.25537,1.32868,-10.5292,11.7027,-24.8082,13.4827,1.20489,-7.15069,15.1913,-13.3691,5.19667,-1.3952,0.0035289,-0.0075628,-0.84105,3.29646,-23.1565,14.3515,0,6.54595,0.788349,6.57674,-4.7925,2.37521,0.585898,0.854554,-0.334124,-0.905907,10.6255,-39.0563,18.8126,28.0677,-1.9182,9.94911,-4.40119,-12.7319,4.89115,1.78742,-2.15755,0.740401,1.903,1.45428,-1.30862,0.200227,-0.0374128,0.135198,0.211833,12.9914,10.9375,-0.349956,-12.6616,-14.1371,-1.47062,-12.1994,-8.31166,0.234813,0.122257,0.253767,-6.42673,-1.99987,-0.00174115,0,327,-6.93889e-18,0,-2.60209e-18,-2.33103e-17,-3.1225e-17,-3.46945e-17,-4.16334e-17,5.23158e-14,5.25135e-14,4.91482e-14,0,-0.526262,-0.255685,0.520933,-0.0085219,3.14159,2.22768,0.118025,3.27488,-0.0418709,-0.392699,4.23879,0.0799995,3.19161,-0.0860223,0.523599,0,0,0,0.0458529,-0.00849853,-0.526262,0.520935,3.13893,2.22768,3.27488,-0.390313,4.23879,3.1916,0.573619,0.00350552,-2.54621,0.978188,-1.59054e-05,-0.174672,0.3806,0.290856,-0.261725,0.107661,0.0482826,0.0120925,1.00008,-27.92,62.4465,1.83465,26.3645,-31.2014,2.54597,-0.333615,-31.2821,-9.66312
1.2,-6.4253,-2.00154,0.0462472,0.257549,-0.00530357,0.937133,-0.522736,0.0161534,0.512371,0.450926,3.14275,-2.50194,2.23162,-3.81754,3.28443,-0.00130918,-0.387298,6014.93,4.24478,-3.60048,3.20784,-0.543912,0.575425,-5.37532,-2.0105,-7.72739,-0.404416,-7.69281,-3.68415,-4.82532,-2.01003,-7.21794,-0.611676,-7.23264,-3.38292,0.527365,-0.145819,-0.968064,0.0443243,-0.00167265,0.206803,-0.00887375,-0.38085,-0.526307,-1.70059,0.520891,-0.0438869,3.13888,-0.143467,2.22804,0.610239,3.27524,-0.207366,-0.389948,-1.4653,4.2412,1.20075,3.19401,-0.474945,0.576021,-0.0484916,1.00205,0.309946,-1.25537,1.33233,-11.3087,11.7884,-25.0613,13.6595,1.80409,-7.23511,15.4164,-13.5445,5.19571,-1.40464,0.00353104,-0.00759204,-0.83345,3.60342,-23.0565,14.4325,0,6.39411,0.685995,6.52577,-4.83887,2.34078,0.577929,0.850199,-0.338116,-0.89288,-46.3627,-43.3475,19.5169,38.7508,31.4592,11.7999,-4.66458,-17.4946,6.41007,0.616964,-2.08958,0.671754,2.24067,1.95278,-1.76735,0.200213,-0.0403691,0.141169,0.272076,13.3107,11.2224,-0.522703,-13.4682,-14.6758,0.959119,-10.0725,-4.55014,0.234806,0.120496,0.332579,-6.42539,-1.99987,-0.00167265,0,333,6.93889e-18,1.38778e-17,1.0842e-17,1.48536e-17,-4.85723e-17,-4.85723e-17,-5.20417e-17,-9.08926e-14,-8.74856e-14,-8.37247e-14,0,-0.526307,-0.259592,0.520889,-0.00852811,3.14159,2.22804,0.122047,3.27524,-0.0414732,-0.392699,4.2412,0.240141,3.19402,-0.094989,0.523599,0,0,0,0.0442918,-0.00887375,-0.526307,0.520891,3.13888,2.22804,3.27524,-0.389948,4.2412,3.19401,0.576021,0.00357017,-3.49882,1.28199,-9.71518e-06,1.42044,0.448135,0.390557,-0.35347,0.0605155,0.0482988,0.0120979,1.00008,-26.9187,63.2093,1.85138,26.113,-31.8593,2.40396,118.51,-71.8663,-9.4787
1.24,-6.42393,-2.00141,0.0434431,0.262878,-0.00565129,0.946438,-0.522716,0.0252524,0.511999,0.458211,3.14278,-2.52243,2.23187,-3.86,3.28511,-0.0379114,-0.387026,6014.88,4.24713,-3.69812,3.20472,-0.638327,0.578775,-5.37395,-2.01093,-7.72559,-0.40414,-7.69121,-3.68482,-4.82395,-2.01045,-7.21608,-0.611268,-7.23175,-3.3825,0.536067,-0.187864,-1.07217,0.0426305,-0.00154533,0.215903,-0.00929691,-0.382922,-0.526361,-1.7559,0.520836,-0.0439514,3.13883,-0.160169,2.22823,0.65448,3.27542,-0.202877,-0.389766,0.106383,4.24349,0.526675,3.19629,-0.388541,0.57831,-0.0484962,1.00189,0.321484,-1.25538,1.33624,-11.7723,11.9017,-25.3796,13.9279,1.94462,-7.34673,15.7045,-13.8107,5.22739,-1.43785,0.0035263,-0.00760838,-0.825644,3.68571,-22.9184,14.5432,0,6.18394,0.755524,6.44804,-4.90109,2.27175,0.592918,0.842809,-0.343513,-0.866599,7.31584,-40.5826,19.3225,30.5813,0.330088,10.4656,-4.52201,-13.7437,5.0901,1.7205,-1.93974,0.662963,1.77624,1.55195,-1.40268,0.200197,-0.0701023,0.133238,0.232638,13.5383,11.4044,-0.512461,-14.5232,-15.5906,-1.22178,-12.4545,-6.87232,0.236239,0.116939,0.26406,-6.42383,-1.99986,-0.00154533,0,340,6.93889e-18,2.77556e-17,3.44776e-17,-7.91468e-18,-6.93889e-18,-6.93889e-18,-1.04083e-17,-8.78048e-14,-8.73156e-14,-8.28851e-14,0,-0.526361,-0.267958,0.520834,-0.00853291,3.14159,2.22823,0.130895,3.27543,-0.0405755,-0.392699,4.24349,0.105327,3.1963,-0.0777081,0.523599,0,0,0,0.0426016,-0.00929691,-0.526361,0.520836,3.13883,2.22823,3.27542,-0.389766,4.24349,3.19629,0.57831,0.00364561,-2.7486,1.01799,-1.28584e-05,-0.137957,0.355249,0.310389,-0.280535,0.113683,0.0483177,0.0121042,1.00007,-28.0051,65.2429,1.87673,27.8595,-33.3226,2.29381,9.23764,-34.7436,-11.8593
1.28,-6.42252,-2.00142,0.0433269,0.268991,-0.00588988,0.956961,-0.522698,0.0380099,0.511823,0.469393,3.1428,-2.54063,2.23247,-3.8988,3.28603,-0.0633726,-0.386442,6014.91,4.24961,-3.63946,3.21273,-0.559528,0.580183,-5.37255,-2.01134,-7.72398,-0.404267,-7.68938,-3.68578,-4.82255,-2.01085,-7.21435,-0.611093,-7.23067,-3.38233,0.54863,-0.226333,-1.00692,0.0397567,-0.00156504,0.226235,-0.00960017,-0.415323,-0.526408,-1.78462,0.520789,-0.0440146,3.13878,-0.1435,2.22876,0.686644,3.27595,-0.200092,-0.389237,-1.30406,4.2459,1.20134,3.1987,-0.478251,0.580714,-0.0484896,1.00166,0.33449,-1.25525,1.34005,-12.7071,12.0002,-25.6684,14.1386,2.67359,-7.44451,15.9642,-14.0198,5.22631,-1.44715,0.00352348,-0.00762782,-0.817175,3.99857,-22.783,14.6469,0,6.00186,0.677017,6.37842,-4.96271,2.2243,0.589889,0.836924,-0.349089,-0.848628,-43.2818,-44.5346,20.0313,40.3266,29.4863,12.1446,-4.78332,-18.0367,6.36753,0.720958,-2.19336,0.710994,2.3667,1.94164,-1.75185,0.200173,-0.00290339,0.152814,0.263064,13.8575,11.6842,-0.454899,-15.4785,-16.227,0.740097,-10.9263,-4.89725,0.236198,0.114492,0.330293,-6.42249,-1.99986,-0.00156504,0,346,0,0,5.42101e-18,2.01662e-17,0,0,-3.46945e-18,9.62702e-14,1.07081e-13,9.94343e-14,0,-0.526408,-0.2723,0.520787,-0.00854136,3.14159,2.22876,0.137329,3.27595,-0.0400185,-0.392699,4.2459,0.240259,3.19871,-0.0956502,0.523599,0,0,0,0.0397328,-0.00960017,-0.526408,0.520789,3.13878,2.22876,3.27595,-0.389237,4.2459,3.1987,0.580714,0.00371029,-3.60722,1.27348,-1.06324e-05,1.41706,0.473341,0.388329,-0.350371,0.0518419,0.0483339,0.0121097,1.00008,-27.6068,66.3871,1.89459,30.005,-34.7666,2.03142,112.766,-72.0381,-10.884
1.32,-6.42122,-2.00143,0.043686,0.274786,-0.00610214,0.964792,-0.522681,0.0457143,0.511459,0.47536,3.14282,-2.5531,2.23308,-3.93556,3.28699,-0.0891472,-0.38583,6014.87,4.25189,-3.72202,3.21052,-0.633394,0.583263,-5.37125,-2.0117,-7.72251,-0.404423,-7.68768,-3.68666,-4.82125,-2.0112,-7.21275,-0.610937,-7.22966,-3.38217,0.555948,-0.262741,-1.09476,0.0395756,-0.00158159,0.2343,-0.00987712,-0.418482,-0.526456,-1.83821,0.520741,-0.044075,3.13873,-0.15858,2.2293,0.721086,3.2765,-0.196382,-0.38869,-0.0146897,4.24811,0.650746,3.20091,-0.407057,0.582925,-0.0485045,1.00164,0.34481,-1.2554,1.34451,-13.1946,12.1182,-26.0066,14.4178,2.85596,-7.56046,16.2683,-14.2968,5.25619,-1.47745,0.00352149,-0.00765053,-0.809386,4.0737,-22.6705,14.7488,0,5.83261,0.718979,6.32121,-5.02133,2.16342,0.596766,0.832322,-0.354358,-0.825527,3.59745,-42.196,19.873,33.306,2.79676,11.0121,-4.65713,-14.8307,5.28711,1.79066,-2.06796,0.704544,1.96474,1.6133,-1.4536,0.200172,0.00897738,0.144888,0.195791,14.0504,11.8336,-0.311688,-16.3821,-16.8712,-0.918718,-12.9333,-6.71241,0.23752,0.111336,0.274181,-6.42115,-1.99985,-0.00158159,0,352,-6.93889e-18,-1.38778e-17,-1.56125e-17,-1.10589e-17,-4.16334e-17,-3.46945e-17,-2.77556e-17,-1.35239e-14,-1.33157e-14,-1.2608e-14,0,-0.526456,-0.280403,0.520739,-0.00854555,3.14159,2.2293,0.144217,3.2765,-0.0392764,-0.392699,4.24811,0.130145,3.20092,-0.0814114,0.523599,0,0,0,0.039552,-0.00987712,-0.526456,0.520741,3.13873,2.2293,3.2765,-0.38869,4.24811,3.20091,0.582925,0.00377498,-2.96606,1.05741,-6.17069e-06,0.151733,0.392947,0.322659,-0.290721,0.0883294,0.0483501,0.0121151,1.00008,-29.3205,68.6574,1.91675,32.4947,-36.0964,1.78373,24.1552,-41.8417,-12.9132
1.36,-6.42001,-2.00148,0.0448707,0.280914,-0.00630697,0.974154,-0.522662,0.0568413,0.511315,0.48519,3.14284,-2.56541,2.23352,-3.96242,3.28762,-0.106156,-0.385397,6014.9,4.25403,-3.66754,3.21718,-0.564667,0.5845,-5.37004,-2.01209,-7.7211,-0.404534,-7.6861,-3.68753,-4.82004,-2.01157,-7.21125,-0.610824,-7.22873,-3.38205,0.566912,-0.289404,-1.03486,0.0398814,-0.00163517,0.241381,-0.0101359,-0.446114,-0.526491,-1.86263,0.520707,-0.0441238,3.1387,-0.15386,2.22969,0.738323,3.27689,-0.194142,-0.388305,-1.2058,4.2502,1.2001,3.20301,-0.483509,0.585023,-0.0485205,1.00167,0.35392,-1.2556,1.34884,-13.9913,12.2087,-26.2835,14.6097,3.49221,-7.64909,16.5125,-14.4873,5.25519,-1.48436,0.00352396,-0.00768181,-0.80216,4.2477,-22.5958,14.8313,0,5.71436,0.671803,6.28375,-5.06619,2.12607,0.590228,0.829314,-0.35826,-0.811366,-41.4337,-45.4683,20.5169,41.565,28.2945,12.3811,-4.88997,-18.4307,6.35844,0.782893,-2.28248,0.748423,2.47395,1.94038,-1.74563,0.200175,0.0296174,0.153203,0.234042,14.3289,12.0797,-0.307878,-17.0426,-17.2963,0.612252,-11.5176,-4.9899,0.237468,0.109405,0.329686,-6.42004,-1.99985,-0.00163517,0,357,-6.93889e-18,2.77556e-17,4.68375e-17,-7.32921e-17,-3.46945e-17,-4.16334e-17,-3.46945e-17,1.16483e-13,1.11758e-13,1.06207e-13,0,-0.526491,-0.284094,0.520704,-0.00855145,3.14159,2.22969,0.147664,3.27689,-0.0388283,-0.392699,4.2502,0.240007,3.20302,-0.0967018,0.523599,0,0,0,0.0398571,-0.0101359,-0.526491,0.520707,3.1387,2.22969,3.27689,-0.388305,4.2502,3.20301,0.585023,0.00382889,-3.68597,1.27165,-1.3464e-05,1.44799,0.494791,0.388076,-0.349127,0.0407277,0.0483637,0.0121196,1.00008,-28.6437,69.4876,1.93011,33.3814,-36.7534,1.61249,109.964,-72.3949,-12.1233
1.4,-6.41875,-2.00135,0.0425176,0.284974,-0.00658599,0.981061,-0.522644,0.0634366,0.510982,0.490158,3.14286,-2.58453,2.23383,-3.99797,3.28816,-0.133383,-0.385086,6014.86,4.25643,-3.74445,3.21576,-0.628994,0.587587,-5.36879,-2.01241,-7.71952,-0.404334,-7.68449,-3.68826,-4.81879,-2.01188,-7.20961,-0.610466,-7.22786,-3.38169,0.57315,-0.324727,-1.11628,0.0410031,-0.00150283,0.247801,-0.0104796,-0.447672,-0.526538,-1.91185,0.52066,-0.0441752,3.13865,-0.162011,2.22993,0.758159,3.27713,-0.191313,-0.38806,-0.10952,4.25254,0.729899,3.20534,-0.423039,0.587359,-0.0485453,1.00175,0.362279,-1.25591,1.35351,-14.4207,12.3198,-26.6115,14.8784,3.64894,-7.75755,16.8047,-14.7538,5.2835,-1.51138,0.00352547,-0.00771319,-0.795241,4.33519,-22.5254,14.9176,0,5.5955,0.671516,6.24647,-5.11139,2.08159,0.587912,0.826,-0.36204,-0.794447,0.293233,-43.4228,20.3957,35.3233,4.83118,11.379,-4.77635,-15.5892,5.43695,1.80062,-2.17771,0.7458,2.11769,1.65995,-1.491,0.200183,-0.0588276,0.101489,0.172679,14.4938,12.204,-0.477936,-17.9237,-17.9768,-0.84696,-13.3802,-6.57648,0.238742,0.107109,0.281855,-6.4187,-1.99984,-0.00150283,0,363,2.08167e-17,2.77556e-17,3.72966e-17,-3.72966e-17,-1.38778e-17,0,0,3.86288e-14,3.77268e-14,3.56798e-14,0,-0.526538,-0.291538,0.52066,-0.00855422,3.14159,2.22993,0.151631,3.27713,-0.0382625,-0.392699,4.25254,0.145972,3.20535,-0.0846078,0.523599,0,0,0,0.0409771,-0.0104796,-0.526538,0.52066,3.13865,2.22993,3.27713,-0.38806,4.25254,3.20534,0.587359,0.0038936,-3.11772,1.08736,-1.0366e-05,0.146603,0.423538,0.33199,-0.2982,0.112785,0.0483799,0.0121251,1.00007,-30.2274,71.5634,1.95048,32.9731,-37.1918,1.54418,29.6251,-45.3456,-14.1985
1.44,-6.41709,-2.00112,0.0378353,0.288384,-0.00693687,0.989984,-0.522621,0.0738111,0.510856,0.498974,3.14288,-2.61317,2.23417,-4.04819,3.28886,-0.171561,-0.384749,6014.88,4.25958,-3.70755,3.22288,-0.575848,0.5899,-5.36713,-2.01276,-7.71744,-0.404012,-7.68235,-3.68919,-4.81713,-2.01222,-7.20746,-0.609968,-7.22668,-3.38118,0.583375,-0.374577,-1.07457,0.03857,-0.00128889,0.25579,-0.010906,-0.471711,-0.52659,-1.93422,0.520608,-0.0442269,3.1386,-0.158079,2.2302,0.788955,3.2774,-0.188469,-0.387792,-1.12854,4.25561,1.21147,3.20841,-0.49259,0.590427,-0.0485452,1.00155,0.372325,-1.25586,1.35671,-15.2055,12.3995,-26.8514,15.0626,4.27277,-7.83608,17.0202,-14.9364,5.28376,-1.51753,0.00352352,-0.00773187,-0.78893,4.51649,-22.4126,15.0092,0,5.46034,0.648258,6.18605,-5.16545,2.03661,0.588577,0.820376,-0.366796,-0.777349,-40.5212,-46.7498,21.122,43.2438,27.6441,12.7164,-5.02574,-18.9665,6.36254,0.816445,-2.41131,0.800062,2.62768,1.94264,-1.74088,0.200161,-0.117059,0.0852529,0.223083,14.7532,12.4245,-0.716032,-19.1706,-18.9312,0.34225,-12.3793,-5.2455,0.238788,0.104804,0.329814,-6.41714,-1.99984,-0.00128889,0,370,6.93889e-18,1.38778e-17,9.97466e-18,-9.6494e-18,-6.93889e-18,-6.93889e-18,-3.46945e-18,1.17822e-13,1.17087e-13,1.10204e-13,0,-0.52659,-0.294923,0.520606,-0.00856116,3.14159,2.2302,0.157789,3.2774,-0.0376939,-0.392699,4.25561,0.24228,3.20842,-0.0985181,0.523599,0,0,0,0.0385485,-0.010906,-0.52659,0.520608,3.1386,2.2302,3.2774,-0.387792,4.25561,3.20841,0.590427,0.00396911,-3.79313,1.27247,-1.38734e-05,1.12468,0.525536,0.388527,-0.348176,0.102752,0.0483988,0.0121314,1.00006,-29.1845,72.1179,1.97004,32.7016,-38.0665,1.45478,100.052,-71.2375,-14.0173
1.48,-6.41499,-2.00086,0.0318672,0.291872,-0.00732004,0.998592,-0.5226,0.0820177,0.510548,0.504844,3.14291,-2.64662,2.23439,-4.11539,3.28968,-0.228297,-0.384521,6014.84,4.26347,-3.79672,3.22365,-0.640954,0.594384,-5.36504,-2.01312,-7.71486,-0.403558,-7.67958,-3.69039,-4.81504,-2.01257,-7.20483,-0.609401,-7.22512,-3.38061,0.591246,-0.441191,-1.16745,0.0337728,-0.00103273,0.265783,-0.011397,-0.475303,-0.526677,-1.98084,0.52052,-0.0442949,3.13851,-0.161297,2.23031,0.839319,3.27751,-0.184219,-0.387678,-0.1335,4.25939,0.825,3.21219,-0.44174,0.594212,-0.0485383,1.00119,0.384703,-1.25564,1.35946,-15.7915,12.5035,-27.1418,15.3362,4.56754,-7.93936,17.2888,-15.2079,5.30997,-1.54177,0.00351608,-0.00773783,-0.782219,4.69212,-22.251,15.128,0,5.2876,0.666281,6.09437,-5.23649,1.97232,0.597735,0.811428,-0.373193,-0.752855,-0.927784,-45.601,21.1745,38.4549,6.00802,12.0554,-4.96445,-16.7359,5.54422,1.95167,-2.38313,0.817141,2.37578,1.69285,-1.51264,0.200124,-0.149202,0.0871865,0.215182,14.9585,12.5712,-0.836259,-20.845,-20.3496,-0.914939,-14.5113,-6.87122,0.239991,0.101501,0.287337,-6.41491,-1.99983,-0.00103273,0,380,6.93889e-18,0,1.21431e-17,-3.90313e-17,-1.38778e-17,-2.77556e-17,-4.51028e-17,3.73798e-14,3.6228e-14,3.40769e-14,0,-0.526677,-0.301974,0.520518,-0.00856811,3.14159,2.23031,0.167862,3.27751,-0.0368438,-0.392699,4.25939,0.164988,3.21221,-0.0883481,0.523599,0,0,0,0.0337583,-0.011397,-0.526677,0.52052,3.13851,2.23031,3.27751,-0.387678,4.25939,3.21219,0.594212,0.00407701,-3.347,1.10881,-1.40238e-05,0.0163633,0.475156,0.338571,-0.302527,0.163429,0.0484258,0.0121405,1.00005,-29.4751,73.5914,2.00405,33.9402,-39.7371,1.37471,29.9551,-48.7958,-16.3455
1.52,-6.4127,-2.0006,0.0257151,0.295192,-0.00768813,1.00821,-0.522581,0.0933575,0.510357,0.513826,3.14294,-2.68384,2.23489,-4.19479,3.29085,-0.290036,-0.384033,6014.85,4.2679,-3.76155,3.2323,-0.586321,0.597899,-5.36275,-2.01346,-7.71215,-0.403258,-7.67641,-3.69184,-4.81275,-2.0129,-7.20202,-0.608848,-7.22333,-3.38005,0.60237,-0.519902,-1.12715,0.0276904,-0.000780345,0.277524,-0.0118731,-0.501453,-0.526766,-2.01183,0.520432,-0.0443665,3.13842,-0.153573,2.2307,0.893282,3.2779,-0.180042,-0.387291,-1.16828,4.26371,1.33178,3.21652,-0.518044,0.598539,-0.0485288,1.0008,0.399147,-1.25538,1.36235,-16.8145,12.6061,-27.4334,15.5875,5.36073,-8.04138,17.558,-15.4574,5.31441,-1.55117,0.0035099,-0.00774727,-0.77448,4.9532,-22.0691,15.2587,0,5.11152,0.646401,5.99516,-5.31799,1.90659,0.60276,0.802278,-0.380771,-0.727879,-47.2857,-49.8716,22.1833,48.145,31.3614,13.7186,-5.30468,-20.7672,6.50172,0.673981,-2.69956,0.896608,3.03036,1.98529,-1.76799,0.200084,-0.153802,0.0830215,0.240502,15.2424,12.796,-0.930587,-22.8177,-21.8935,0.263065,-13.5213,-5.50347,0.240192,0.0981128,0.336849,-6.41268,-1.99982,-0.000780345,0,390,6.93889e-18,1.38778e-17,1.12757e-17,-6.41848e-17,-4.16334e-17,-4.16334e-17,-3.81639e-17,9.56804e-14,8.94562e-14,8.43492e-14,0,-0.526766,-0.306657,0.520431,-0.00857802,3.14159,2.2307,0.178654,3.2779,-0.0360083,-0.392699,4.26371,0.266336,3.21653,-0.103609,0.523599,0,0,0,0.0276823,-0.0118731,-0.526766,0.520432,3.13842,2.2307,3.2779,-0.387291,4.26371,3.21652,0.598539,0.00418494,-4.15317,1.30029,-1.9814e-05,1.21846,0.606072,0.397059,-0.353598,0.124886,0.0484529,0.0121496,1.00004,-29.003,74.6653,2.03508,35.7859,-41.7275,1.18447,106.036,-77.0583,-16.3165
1.56,-6.41029,-2.00031,0.0189223,0.298438,-0.00807943,1.01693,-0.522562,0.101838,0.510026,0.519594,3.14296,-2.72306,2.23544,-4.28827,3.29226,-0.363833,-0.383485,6014.81,4.27243,-3.8635,3.23368,-0.657202,0.603077,-5.36034,-2.0138,-7.70931,-0.402937,-7.67312,-3.69328,-4.81034,-2.01323,-7.19907,-0.608246,-7.22146,-3.37944,0.610492,-0.612522,-1.2329,0.0214152,-0.000497386,0.289246,-0.0123831,-0.507854,-0.526865,-2.06153,0.520332,-0.0444396,3.13832,-0.158297,2.23113,0.955575,3.27833,-0.175098,-0.386857,-0.117387,4.26812,0.93978,3.22093,-0.463292,0.602949,-0.0485282,1.00048,0.413507,-1.25522,1.36514,-17.5696,12.7252,-27.7593,15.9036,5.79813,-8.15955,17.8621,-15.7713,5.34109,-1.57506,0.00350374,-0.00775602,-0.766982,5.1418,-21.8778,15.3969,0,4.93816,0.670585,5.89056,-5.40556,1.82973,0.612007,0.792592,-0.38895,-0.698637,-0.913432,-48.8804,22.2953,43.0616,6.76028,13.0944,-5.25181,-18.4045,5.64097,2.217,-2.6899,0.921438,2.76158,1.72253,-1.52865,0.200051,-0.169822,0.0811317,0.217989,15.455,12.9407,-0.980463,-25.1408,-23.7386,-0.936878,-15.9568,-7.27369,0.241387,0.094147,0.292138,-6.41023,-1.99981,-0.000497386,0,401,1.38778e-17,1.38778e-17,6.28837e-17,-8.97719e-17,-4.16334e-17,-3.46945e-17,-3.46945e-17,-1.30736e-13,-1.2889e-13,-1.19994e-13,0,-0.526865,-0.314167,0.520331,-0.00858544,3.14159,2.23113,0.191113,3.27833,-0.0350197,-0.392699,4.26812,0.187939,3.22094,-0.0926584,0.523599,0,0,0,0.0214114,-0.0123831,-0.526865,0.520332,3.13832,2.23113,3.27833,-0.386857,4.26812,3.22093,0.602949,0.0043037,-3.68064,1.12814,-1.88414e-05,0.0132332,0.552315,0.344507,-0.305731,0.194992,0.0484827,0.0121595,1.00002,-29.643,76.4152,2.073,38.1425,-43.9606,0.975991,32.4223,-53.8146,-18.9544
1.6,-6.40795,-2.0001,0.0137566,0.30228,-0.00841685,1.02658,-0.522545,0.113249,0.509828,0.528496,3.14299,-2.76024,2.23618,-4.38642,3.29393,-0.436775,-0.382759,6014.83,4.2769,-3.81063,3.24296,-0.590694,0.606465,-5.35801,-2.01415,-7.70666,-0.402843,-7.66984,-3.69482,-4.80801,-2.01357,-7.19626,-0.607775,-7.21959,-3.37896,0.621683,-0.709728,-1.17413,0.0145118,-0.000302715,0.30175,-0.0128285,-0.535148,-0.526957,-2.09316,0.520241,-0.0445008,3.13823,-0.152758,2.23177,1.01646,3.27896,-0.170508,-0.386226,-1.31883,4.27249,1.51481,3.22529,-0.553433,0.607317,-0.0485309,1.00023,0.428736,-1.25511,1.36794,-18.7092,12.8368,-28.0685,16.1793,6.69949,-8.27008,18.1493,-16.045,5.34537,-1.58348,0.00350854,-0.00778794,-0.759021,5.38884,-21.6863,15.5376,0,4.78186,0.659487,5.78825,-5.4968,1.75684,0.616011,0.783453,-0.397654,-0.67094,-62.3334,-54.2846,23.61,55.5365,39.3437,15.1881,-5.70858,-23.5193,6.74804,0.203121,-3.09505,1.02489,3.62688,2.06067,-1.82236,0.200024,-0.129142,0.0960702,0.241136,15.7407,13.1639,-0.929526,-27.5761,-25.5622,0.339667,-14.5232,-5.6092,0.24157,0.090384,0.349325,-6.40801,-1.9998,-0.000302715,0,411,-1.38778e-17,-5.55112e-17,-7.54605e-17,1.01698e-16,0,-1.38778e-17,-1.73472e-17,-7.81319e-14,-6.85424e-14,-6.47538e-14,0,-0.526957,-0.318947,0.52024,-0.00859233,3.14159,2.23177,0.203291,3.27897,-0.0341016,-0.392699,4.27249,0.302939,3.22531,-0.110687,0.523599,0,0,0,0.0145106,-0.0128285,-0.526957,0.520241,3.13823,2.23177,3.27896,-0.386226,4.27249,3.22529,0.607317,0.0044117,-4.70356,1.34956,-1.99604e-05,1.6644,0.725376,0.412135,-0.364471,0.107757,0.0485098,0.0121686,1.00001,-29.1647,77.5182,2.10475,41.2298,-46.348,0.673051,124.851,-87.5182,-18.4736
1.64,-6.40562,-1.99986,0.00815204,0.305642,-0.00875044,1.0346,-0.522516,0.121078,0.509506,0.53383,3.14302,-2.79683,2.23686,-4.4906,3.29565,-0.516038,-0.382076,6014.79,4.28129,-3.93118,3.24344,-0.675609,0.611733,-5.35568,-2.01445,-7.704,-0.402689,-7.66658,-3.69628,-4.80568,-2.01386,-7.19347,-0.607269,-7.21772,-3.37844,0.629151,-0.812872,-1.29947,0.00922635,-6.93812e-05,0.313043,-0.013281,-0.542133,-0.527046,-2.14297,0.520152,-0.0444864,3.13814,-0.158788,2.23233,1.07448,3.27953,-0.165695,-0.385657,-0.03633,4.27676,1.02823,3.22957,-0.480793,0.61159,-0.048548,1.00009,0.442554,-1.25518,1.37127,-19.5282,12.9661,-28.4251,16.5218,7.20238,-8.39622,18.4771,-16.3829,5.37144,-1.60657,0.00358463,-0.00798052,-0.751534,5.55411,-21.5148,15.6767,0,4.64568,0.673995,5.69619,-5.58494,1.68161,0.619145,0.775226,-0.406019,-0.642328,2.20127,-52.5516,23.5827,48.0042,6.01474,14.2477,-5.59205,-20.1454,5.68117,2.61447,-3.03736,1.04167,3.1903,1.73495,-1.52898,0.200009,-0.140114,0.0840478,0.200523,15.9342,13.2978,-0.914749,-30.1634,-27.544,-0.96691,-17.427,-7.7301,0.242746,0.0864999,0.293962,-6.40556,-1.99979,-6.93812e-05,0,422,6.93889e-18,-2.77556e-17,-1.21431e-17,-1.47451e-17,-6.93889e-18,-2.08167e-17,-2.08167e-17,8.72774e-14,8.58341e-14,7.92075e-14,0,-0.527046,-0.326514,0.520151,-0.00857534,3.14159,2.23233,0.214893,3.27953,-0.033139,-0.392699,4.27676,0.205627,3.22958,-0.0961585,0.523599,0,0,0,0.00922606,-0.013281,-0.527046,0.520152,3.13814,2.23233,3.27953,-0.385657,4.27676,3.22957,0.61159,0.00453054,-4.0288,1.13619,-1.8665e-05,0.0628579,0.63806,0.34699,-0.305796,0.207204,0.0485396,0.0121786,1,-30.2792,79.4885,2.13767,43.82,-48.4867,0.416498,33.1074,-58.0262,-21.5005
1.68,-6.40326,-1.99959,0.00209854,0.308193,-0.00906944,1.04247,-0.522394,0.130099,0.509414,0.542149,3.14314,-2.83512,2.2376,-4.5999,3.29752,-0.596599,-0.381351,6014.8,4.28598,-3.85099,3.25385,-0.588314,0.615028,-5.35333,-2.01477,-7.70135,-0.402552,-7.66317,-3.69786,-4.80333,-2.01411,-7.19066,-0.606756,-7.2158,-3.37792,0.637961,-0.921032,-1.21217,0.00351341,0.000181566,0.32426,-0.013708,-0.565713,-0.527033,-2.17391,0.520165,-0.0445312,3.13816,-0.155581,2.23296,1.12822,3.28016,-0.161447,-0.385028,-1.54767,4.28134,1.71441,3.23414,-0.594744,0.616162,-0.0485675,1,0.456179,-1.25529,1.37424,-20.6141,13.0761,-28.7317,16.8003,8.06215,-8.50418,18.7602,-16.6591,5.37766,-1.61492,0.00360214,-0.00804082,-0.74428,5.75531,-21.3532,15.8084,0,4.53276,0.661551,5.61054,-5.67028,1.61461,0.618462,0.767679,-0.414213,-0.616862,-85.4101,-59.4946,25.3356,64.5712,51.002,16.9124,-6.21047,-26.8338,7.05387,-0.738418,-3.56687,1.18047,4.37104,2.15423,-1.89135,0.199999,-0.151337,0.0637572,0.196741,16.1598,13.5066,-0.957116,-32.8776,-29.5582,0.436786,-15.3052,-5.54617,0.243021,0.083043,0.364818,-6.40333,-1.99978,0.000181566,0,432,-1.38778e-17,-2.77556e-17,1.30104e-17,-3.95734e-17,1.38778e-17,0,6.93889e-18,6.51146e-14,5.14033e-14,4.8947e-14,0,-0.527033,-0.331194,0.520164,-0.00857781,3.14159,2.23296,0.225641,3.28016,-0.0322894,-0.392699,4.28134,0.342855,3.23416,-0.118949,0.523599,0,0,0,0.00351343,-0.013708,-0.527033,0.520165,3.13816,2.23296,3.28016,-0.385028,4.28134,3.23414,0.616162,0.00463861,-5.36639,1.41071,-2.24902e-05,2.1877,0.874207,0.430845,-0.378271,0.0934761,0.0485667,0.0121877,0.999991,-30.4502,80.7966,2.13555,46.0349,-50.5211,0.147335,147.879,-99.1095,-20.5719
1.72,-6.40088,-1.99929,-0.00479879,0.309137,-0.00932834,1.04739,-0.52206,0.133751,0.509448,0.548652,3.14346,-2.87111,2.23828,-4.7208,3.29964,-0.68897,-0.380674,6014.76,4.29089,-4.0134,3.25353,-0.701317,0.621217,-5.35095,-2.01507,-7.69875,-0.402394,-7.65956,-3.69954,-4.80095,-2.01422,-7.18792,-0.606252,-7.21377,-3.37741,0.641328,-1.04048,-1.38109,-0.00265893,0.000470656,0.335007,-0.0140859,-0.571482,-0.526817,-2.21607,0.52038,-0.0445504,3.13837,-0.159228,2.23353,1.18663,3.28072,-0.156889,-0.384468,0.161113,4.28614,1.06355,3.23894,-0.490734,0.620964,-0.0485961,0.999984,0.469107,-1.25546,1.37656,-21.3879,13.186,-29.0244,17.1054,8.55748,-8.61159,19.0333,-16.961,5.40091,-1.63379,0.00364054,-0.00814342,-0.73817,5.90794,-21.1919,15.9373,0,4.43498,0.673983,5.52307,-5.75487,1.54405,0.620218,0.759867,-0.422454,-0.590011,12.3621,-56.6019,25.0689,52.7862,2.03198,15.4608,-5.98045,-21.7092,5.60819,3.35093,-3.43903,1.18586,3.64184,1.71278,-1.49775,0.199996,-0.172433,0.0236073,0.12302,16.2502,13.6698,-0.899674,-35.8829,-31.8676,-1.14598,-19.2426,-8.36958,0.244068,0.0794036,0.289897,-6.40088,-1.99977,0.000470656,0,443,6.93889e-18,1.38778e-17,8.63025e-17,-1.13516e-16,1.38778e-17,2.77556e-17,3.46945e-17,-2.98372e-14,-2.93585e-14,-2.68396e-14,0,-0.526817,-0.337585,0.52038,-0.00857148,3.14159,2.23353,0.237325,3.28072,-0.0313777,-0.392699,4.28614,0.212689,3.23896,-0.0981467,0.523599,0,0,0,-0.00265898,-0.0140859,-0.526817,0.52038,3.13837,2.23353,3.28072,-0.384468,4.28614,3.23894,0.620964,0.00475752,-4.34151,1.12159,-1.95412e-05,-0.145391,0.728368,0.342557,-0.299551,0.258237,0.0485966,0.0121977,0.999977,-32.4564,82.9278,2.07045,48.9193,-52.8027,-0.106816,22.542,-58.4416,-24.5964
1.76,-6.39837,-1.99897,-0.0122688,0.3096,-0.00960022,1.05292,-0.52174,0.139655,0.509657,0.557557,3.14376,-2.90906,2.23899,-4.84463,3.30204,-0.780948,-0.379966,6014.79,4.29606,-3.87944,3.2666,-0.572218,0.624345,-5.34845,-2.01536,-7.696,-0.402223,-7.65576,-3.7013,-4.79845,-2.01433,-7.18503,-0.605716,-7.21164,-3.37687,0.64714,-1.16263,-1.23719,-0.0096752,0.000779981,0.344591,-0.0144767,-0.59125,-0.526616,-2.23243,0.520581,-0.0445592,3.13857,-0.158205,2.23412,1.24181,3.28132,-0.153043,-0.383874,-2.0298,4.29118,2.01377,3.24398,-0.656508,0.626005,-0.0486336,1.00006,0.480433,-1.25572,1.3775,-22.2804,13.2553,-29.1966,17.2867,9.29871,-8.6784,19.1965,-17.1401,5.40126,-1.63656,0.00367997,-0.00824024,-0.733671,6.05328,-21.0465,16.0425,0,4.36634,0.683209,5.44532,-5.82947,1.48383,0.622791,0.753045,-0.429895,-0.567107,-134.717,-67.1245,27.7439,78.7602,75.1837,19.4778,-6.9479,-32.0355,7.56907,-3.09573,-4.25095,1.3994,5.54142,2.31172,-2.01287,0.200002,-0.186749,0.0115676,0.138378,16.3969,13.8931,-0.948915,-38.9611,-34.1672,0.656749,-15.7646,-5.14062,0.244078,0.0762953,0.391029,-6.39844,-1.99975,0.000779981,0,454,-1.38778e-17,-1.38778e-17,4.33681e-18,-3.14419e-17,1.38778e-17,-1.38778e-17,-2.08167e-17,-1.06817e-13,-1.13298e-13,-1.02002e-13,0,-0.526616,-0.340075,0.520581,-0.00856686,3.14159,2.23412,0.24836,3.28132,-0.0306085,-0.392699,4.29118,0.402724,3.244,-0.131302,0.523599,0,0,0,-0.00967527,-0.0144767,-0.526616,0.520581,3.13857,2.23412,3.28132,-0.383874,4.29118,3.24398,0.626005,0.00487647,-6.40667,1.51375,-2.32661e-05,3.25158,1.10828,0.462345,-0.402575,0.0381806,0.0486264,0.0122078,0.999962,-32.0574,83.5245,2.00681,51.0738,-54.8632,-0.354322,192.081,-117.906,-22.4567
1.8,-6.3957,-1.9986,-0.0208574,0.309638,-0.00990031,1.05761,-0.521444,0.142822,0.509721,0.562914,3.14405,-2.95023,2.23971,-4.98821,3.30508,-0.889002,-0.379251,6014.72,4.3014,-4.13088,3.26396,-0.749125,0.631826,-5.34578,-2.01563,-7.69306,-0.401978,-7.65176,-3.70305,-4.79578,-2.01444,-7.18194,-0.605107,-7.20938,-3.37625,0.650086,-1.30388,-1.49875,-0.0172758,0.00114005,0.354196,-0.0149066,-0.592891,-0.52645,-2.26517,0.520748,-0.044661,3.13874,-0.160616,2.2347,1.30136,3.2819,-0.148917,-0.383291,0.564547,4.2964,1.02205,3.2492,-0.485392,0.631225,-0.0486851,1.00024,0.491686,-1.25613,1.37803,-22.8785,13.3361,-29.3835,17.519,9.67142,-8.75774,19.3805,-17.3721,5.4219,-1.6512,0.00363308,-0.00814105,-0.729368,6.17561,-20.8998,16.1476,0,4.30976,0.704435,5.36596,-5.90558,1.41999,0.62615,0.746021,-0.437537,-0.542811,37.26,-61.2379,26.7761,56.9899,-8.08514,16.7878,-6.42226,-22.9133,5.33658,4.95345,-3.91799,1.36037,4.09073,1.62993,-1.41283,0.200019,-0.214717,0.000961985,0.117128,16.4783,14.0277,-1.02911,-42.5327,-36.8688,-1.53863,-21.9169,-9.56216,0.244985,0.073001,0.275517,-6.39577,-1.99974,0.00114005,0,466,6.93889e-18,-2.77556e-17,-9.97466e-18,9.97466e-18,1.38778e-17,-1.38778e-17,-2.42861e-17,3.63737e-14,4.17583e-14,3.70745e-14,0,-0.52645,-0.344995,0.520748,-0.00858592,3.14159,2.2347,0.26027,3.2819,-0.0297833,-0.392699,4.2964,0.20439,3.24922,-0.0970784,0.523599,0,0,0,-0.017275,-0.0149066,-0.52645,0.520748,3.13874,2.2347,3.2819,-0.383291,4.2964,3.2492,0.631225,0.00500629,-4.58232,1.06727,-1.8385e-05,-0.730633,0.818146,0.325985,-0.282566,0.366651,0.048659,0.0122187,0.999945,-32.617,84.6957,1.95788,53.1806,-57.0238,-0.592531,-5.98364,-53.1989,-28.5074
1.84,-6.39308,-1.99828,-0.0286141,0.310328,-0.0101862,1.06325,-0.521,0.147765,0.510033,0.572646,3.14446,-2.98973,2.24029,-5.14681,3.30901,-1.01201,-0.378646,6014.77,4.30671,-3.87431,3.28244,-0.529979,0.63355,-5.34317,-2.016,-7.69016,-0.401732,-7.6478,-3.70484,-4.79317,-2.01458,-7.17893,-0.604562,-7.20716,-3.3757,0.654928,-1.45915,-1.22543,-0.0259976,0.00144748,0.364646,-0.0153223,-0.608989,-0.526136,-2.2843,0.521062,-0.0448044,3.13905,-0.159835,2.23516,1.36583,3.28235,-0.144516,-0.382835,-3.27128,4.30157,2.61703,3.25437,-0.777906,0.6364,-0.0487535,1.00061,0.503826,-1.25674,1.37823,-23.7568,13.4064,-29.5348,17.7067,10.3823,-8.82673,19.5337,-17.5614,5.42716,-1.65509,0.00354563,-0.00794755,-0.72495,6.31595,-20.7487,16.2578,0,4.26642,0.721345,5.27999,-5.98428,1.35346,0.628486,0.738172,-0.445451,-0.517464,-279.58,-80.6031,31.753,108.227,145.578,24.1886,-8.27011,-43.0099,8.74875,-10.6958,-5.41644,1.75386,7.92185,2.67212,-2.30569,0.200053,-0.193917,0.0172394,0.141077,16.6058,14.2719,-0.987456,-46.4829,-39.9442,1.14435,-15.3701,-4.08298,0.245179,0.0695687,0.451363,-6.3931,-1.99973,0.00144748,0,478,2.08167e-17,-1.38778e-17,5.11743e-17,-7.87131e-17,-4.85723e-17,-2.77556e-17,-1.73472e-17,-7.10959e-14,-8.31835e-14,-7.33302e-14,0,-0.526136,-0.347832,0.52106,-0.00861911,3.14159,2.23516,0.273164,3.28236,-0.0289032,-0.392699,4.30157,0.523357,3.25439,-0.155581,0.523599,0,0,0,-0.0259936,-0.0153223,-0.526136,0.521062,3.13905,2.23516,3.28235,-0.382835,4.30157,3.25437,0.6364,0.00513615,-8.60124,1.74966,-3.35832e-05,6.453,1.58437,0.534423,-0.461138,-0.211718,0.0486916,0.0122296,0.99993,-31.8924,85.1572,1.86098,56.0569,-59.4512,-0.819101,307.526,-161.097,-22.5912
1.88,-6.3903,-1.99795,-0.0363523,0.311671,-0.0105051,1.06925,-0.520577,0.152003,0.510235,0.581186,3.14486,-3.0295,2.24045,-5.31284,3.31392,-1.15175,-0.378444,6014.68,4.31205,-4.33035,3.27346,-0.85661,0.643088,-5.34038,-2.01642,-7.68696,-0.401232,-7.64368,-3.7066,-4.79039,-2.01476,-7.1757,-0.603981,-7.20481,-3.37511,0.658969,-1.62048,-1.69998,-0.033901,0.00176291,0.37491,-0.015782,-0.614926,-0.525854,-2.31564,0.521343,-0.044901,3.13934,-0.160639,2.23517,1.42729,3.28237,-0.139952,-0.38282,1.37958,4.30678,0.839665,3.25958,-0.448101,0.641605,-0.0488341,1.00106,0.515791,-1.25751,1.379,-24.5,13.494,-29.734,17.9522,10.9012,-8.91154,19.7285,-17.8068,5.44518,-1.66763,0.00350623,-0.00786432,-0.720377,6.4428,-20.6094,16.3718,0,4.23475,0.735871,5.19329,-6.05798,1.28748,0.627804,0.729614,-0.452545,-0.492265,94.455,-65.9124,28.6023,58.8302,-30.2288,18.0293,-6.87607,-23.1031,4.70599,8.74327,-4.42944,1.55512,4.3901,1.43737,-1.23451,0.200098,-0.193455,0.0335709,0.150069,16.714,14.4864,-0.994329,-50.6299,-43.4381,-2.29662,-26.6374,-12.2479,0.245969,0.0661727,0.242621,-6.39021,-1.99971,0.00176291,0,491,-6.93889e-18,-1.38778e-17,-3.9465e-17,6.657e-17,-1.38778e-17,-2.77556e-17,-3.46945e-17,3.01911e-14,3.28973e-14,2.90948e-14,0,-0.525854,-0.352536,0.521343,-0.00863691,3.14159,2.23517,0.285453,3.28237,-0.0279903,-0.392699,4.30678,0.167914,3.2596,-0.0896201,0.523599,0,0,0,-0.033891,-0.015782,-0.525854,0.521343,3.13934,2.23517,3.28237,-0.38282,4.30678,3.25958,0.641605,0.00527688,-4.62022,0.94115,-1.81152e-05,-1.72295,0.878021,0.287474,-0.246901,0.531551,0.048727,0.0122415,0.999914,-31.5534,85.9612,1.77484,58.3319,-61.652,-0.891432,-62.8172,-39.046,-33.2501
1.92,-6.38765,-1.9977,-0.0425074,0.313492,-0.0107635,1.07531,-0.520037,0.157089,0.5106,0.593164,3.14536,-3.06378,2.24028,-5.4799,3.32089,-1.30247,-0.378537,6014.76,4.31699,-3.79739,3.3071,-0.431,0.639745,-5.33774,-2.01688,-7.68392,-0.400691,-7.63976,-3.7083,-4.78775,-2.01492,-7.17269,-0.603528,-7.20252,-3.37465,0.663917,-1.78047,-1.13003,-0.0417793,0.00199902,0.386141,-0.0161704,-0.632521,-0.525443,-2.34092,0.521754,-0.0448776,3.13975,-0.152541,2.23488,1.48605,3.28207,-0.135136,-0.383118,-7.46045,4.31159,4.34613,3.26439,-1.13005,0.646411,-0.0489241,1.00165,0.528893,-1.25842,1.38036,-25.5465,13.5904,-29.9616,18.2077,11.7404,-9.00264,19.943,-18.0589,5.4529,-1.67494,0.00358335,-0.00804403,-0.715237,6.61667,-20.4736,16.4949,0,4.2144,0.725381,5.10203,-6.13065,1.2242,0.621984,0.717699,-0.457717,-0.467654,-962.712,-112.137,40.7225,204.088,483.259,35.6831,-11.4498,-79.26,12.5352,-48.5011,-8.02193,2.50495,15.4996,3.82871,-3.27401,0.200155,-0.153878,0.0455359,0.151412,16.8396,14.7871,-0.857163,-54.8104,-47.1903,2.0885,-13.1898,-1.60713,0.24631,0.0629175,0.645816,-6.38754,-1.9997,0.00199902,0,503,-1.38778e-17,-4.16334e-17,-4.33681e-18,-2.25514e-17,6.93889e-18,-2.77556e-17,-3.46945e-17,-4.17166e-14,1.8735e-14,1.06304e-14,0,-0.525443,-0.356385,0.521754,-0.00862081,3.14159,2.23488,0.297211,3.28207,-0.0270271,-0.392699,4.31159,0.86916,3.26441,-0.226011,0.523599,0,0,0,-0.0417591,-0.0161704,-0.525443,0.521754,3.13975,2.23488,3.28207,-0.383118,4.31159,3.26439,0.646411,0.00540684,-15.8509,2.50693,-3.9407e-05,22.2817,3.09991,0.765742,-0.654802,-1.67035,0.0487596,0.0122525,0.999903,-31.4567,86.8969,1.64438,61.2206,-63.9359,-0.897046,757.091,-318.004,-12.8673
1.96,-6.38494,-1.99757,-0.0459955,0.316762,-0.0109699,1.08187,-0.519704,0.163083,0.51074,0.60233,3.14568,-3.08945,2.23993,-5.62523,3.33048,-1.45532,-0.378772,6014.62,4.32171,-4.68974,3.2808,-1.07575,0.654107,-5.33503,-2.01726,-7.68085,-0.400215,-7.63574,-3.71006,-4.78504,-2.01512,-7.16969,-0.603233,-7.20009,-3.37435,0.669737,-1.91598,-2.06305,-0.0480763,0.00211746,0.396117,-0.0165068,-0.646956,-0.525241,-2.36858,0.521957,-0.0448901,3.13995,-0.145909,2.23439,1.53579,3.28159,-0.127403,-0.383604,2.59188,4.31618,0.510177,3.26898,-0.37499,0.651005,-0.0490116,1.00221,0.540566,-1.25929,1.38213,-26.5175,13.6918,-30.2096,18.4735,12.5061,-9.09926,20.1758,-18.322,5.46312,-1.68322,0.00362951,-0.00815638,-0.709977,6.76422,-20.3583,16.6085,0,4.20395,0.713141,5.02026,-6.19305,1.16822,0.611713,0.677336,-0.442583,-0.441397,186.033,-69.1369,30.1249,56.3775,-62.1703,18.6847,-7.19904,-21.6604,3.72431,15.376,-4.83859,1.7299,4.35278,1.13757,-0.96865,0.20021,-0.0872014,0.081762,0.164001,16.9887,15.0174,-0.641702,-58.4527,-50.804,-3.52193,-35.3806,-17.725,0.246778,0.0600442,0.191761,-6.38488,-1.99968,0.00211746,0,515,-1.38778e-17,-1.38778e-17,-2.34188e-17,7.80626e-17,-2.77556e-17,-4.16334e-17,-3.64292e-17,2.62776e-14,-1.53696e-15,1.21431e-15,0,-0.525241,-0.36058,0.521957,-0.00861451,3.14159,2.23439,0.307155,3.28159,-0.0254806,-0.392699,4.31618,0.102022,3.269,-0.0749979,0.523599,0,0,0,-0.0480442,-0.0165068,-0.525241,0.521957,3.13995,2.23439,3.28159,-0.383604,4.31618,3.26898,0.651005,0.00553685,-4.3317,0.744825,-1.43826e-05,-2.82157,0.870556,0.227514,-0.19373,0.727715,0.0487923,0.0122634,0.999897,-31.032,87.6985,1.58128,63.8963,-65.6952,-0.899179,-143.077,-17.0732,-38.4088
2,-6.38284,-1.99764,-0.0449302,0.320676,-0.0109899,1.08635,-0.519219,0.166468,0.51101,0.612301,3.14613,-3.09598,2.23937,-5.70329,3.33812,-1.59544,-0.37913,6014.74,4.32379,-3.77926,3.3892,-0.311952,0.625186,-5.33293,-2.01763,-7.67861,-0.399986,-7.63297,-3.71103,-4.78293,-2.01522,-7.16756,-0.60329,-7.19802,-3.3744,0.672944,-1.98603,-1.01525,-0.0516706,0.00203308,0.40499,-0.0166243,-0.661831,-0.524854,-2.39882,0.522344,-0.044863,3.14034,-0.131005,2.23374,1.56695,3.28093,-0.112214,-0.384258,-30.6133,4.31816,13.2539,3.27096,-2.96295,0.652988,-0.0490714,1.00257,0.551102,-1.25987,1.38518,-27.5174,13.8021,-30.5103,18.7694,13.2969,-9.20529,20.4505,-18.614,5.47425,-1.69229,0.00371051,-0.00835405,-0.704297,6.93805,-20.2707,16.7156,0,4.19383,0.669821,4.95295,-6.24313,1.12808,0.590496,0.561262,-0.373976,-0.410659,-9625.69,-247.353,77.4611,1060.02,5017.41,86.6967,-25.2327,-405.318,33.0504,-528.511,-18.7347,5.4234,82.4357,10.095,-8.5798,0.200247,0.0266315,0.0978443,0.111955,17.0716,15.2678,-0.163142,-60.418,-53.5714,3.03617,-12.5667,1.37,0.247314,0.0579912,1.70141,-6.38288,-1.99967,0.00203308,0,524,6.93889e-18,2.77556e-17,2.81893e-17,2.62377e-17,-2.08167e-17,0,8.67362e-18,6.08402e-14,2.37588e-14,2.42584e-14,0,-0.524854,-0.365184,0.522344,-0.00859655,3.14159,2.23374,0.313391,3.28093,-0.0224427,-0.392699,4.31816,2.65053,3.27098,-0.592591,0.523599,0,0,0,-0.0516298,-0.0166243,-0.524854,0.522344,3.14034,2.23374,3.28093,-0.384258,4.31816,3.27096,0.652988,0.00563439,-81.0561,6.60973,-0.000130284,237.084,16.4871,2.01901,-1.71596,-21.1341,0.0488168,0.0122716,0.999901,-32.5431,89.4375,1.45843,67.0435,-66.7256,-1.00203,4864.2,-1757.62,111.673
2.04,-6.38085,-1.99778,-0.0415576,0.325771,-0.0109942,1.09158,-0.518982,0.171876,0.511132,0.620008,3.14635,-3.09514,2.23859,-5.68531,3.33533,-1.67318,-0.379702,6014.64,4.3271,-4.54565,3.288,-0.848897,0.659165,-5.33095,-2.01791,-7.67646,-0.39973,-7.62988,-3.7126,-4.78095,-2.01537,-7.16557,-0.603429,-7.19604,-3.37454,0.678251,-1.97027,-1.91682,-0.0507009,0.00187864,0.409052,-0.0167262,-0.677615,-0.524714,-2.41562,0.522484,-0.044862,3.14048,-0.117705,2.23286,1.56667,3.28006,-0.094712,-0.385132,2.20992,4.32137,0.719388,3.27417,-0.243835,0.656197,-0.0490868,1.00248,0.556239,-1.25988,1.38875,-28.2643,13.876,-30.7546,18.9676,13.9366,-9.27763,20.6665,-18.8098,5.47595,-1.69453,0.00375883,-0.00848527,-0.700011,7.05667,-20.2437,16.7787,0,4.17667,0.618133,4.92331,-6.26076,1.11764,0.56946,0.40905,-0.274588,-0.387402,178.994,-75.923,32.4449,66.3316,-59.2378,20.9221,-7.91176,-25.1695,4.11638,8.7649,-2.90664,1.03384,2.7739,1.36726,-1.22914,0.200239,0.0843157,0.127374,0.130817,17.2059,15.4614,0.0209248,-59.9879,-54.4654,-2.55579,-31.6438,-8.28645,0.247452,0.0574738,0.211859,-6.38088,-1.99966,0.00187864,0,533,0,-4.16334e-17,-1.77809e-17,-3.72966e-17,-6.93889e-18,0,-6.93889e-18,3.06907e-14,1.65978e-14,1.63862e-14,0,-0.524714,-0.367738,0.522485,-0.00858891,3.14159,2.23286,0.313331,3.28006,-0.0189424,-0.392699,4.32137,0.143865,3.27419,-0.0487669,0.523599,0,0,0,-0.0506621,-0.0167262,-0.524714,0.522484,3.14048,2.23286,3.28006,-0.385132,4.32137,3.27417,0.656197,0.00573195,-5.03353,0.823239,-1.61502e-05,-2.08954,0.554779,0.273452,-0.245827,0.327918,0.0488413,0.0122799,0.999908,-31.9416,89.8884,1.41391,67.1864,-66.0799,-1.01942,-103.601,-25.7601,-40.1696
2.08,-6.37985,-1.99788,-0.0388469,0.330418,-0.011063,1.09539,-0.518534,0.172922,0.511342,0.627933,3.14676,-3.09678,2.23772,-5.64251,3.32995,-1.7112,-0.380416,6014.75,4.32569,-3.62364,3.34393,-0.812242,0.662483,-5.32994,-2.01836,-7.67518,-0.39933,-7.62944,-3.71204,-4.77995,-2.01558,-7.16447,-0.603469,-7.19513,-3.37458,0.679095,-1.93214,-0.942196,-0.047375,0.00177882,0.411796,-0.0168491,-0.676748,-0.52432,-2.44883,0.522878,-0.0448543,3.14087,-0.101626,2.23193,1.55144,3.27913,-0.0814631,-0.386055,-16.5824,4.31991,7.86609,3.27271,0.366727,0.654744,-0.049069,1.00216,0.560042,-1.25965,1.39343,-28.6817,13.9589,-31.0511,19.2318,14.1786,-9.3599,20.9268,-19.0712,5.49739,-1.70875,0.00379978,-0.00860919,-0.695978,7.17962,-20.2393,16.8359,0,4.1506,0.548403,4.90834,-6.27023,1.11875,0.552804,0.290526,-0.195699,-0.373885,-3578.63,-174.61,58.9825,489.82,1791.18,58.5889,-18.0402,-186.47,20.717,117.569,2.97716,-0.906801,-8.67088,7.76819,-8.18524,0.200207,0.0677674,0.116176,0.0953276,17.2314,15.6605,-0.0408368,-58.9399,-54.5623,2.83747,-8.62864,-2.46638,0.248452,0.057545,1.06658,-6.37977,-1.99965,0.00177882,0,538,0,-1.38778e-17,1.73472e-17,-7.22079e-17,-6.93889e-17,-5.55112e-17,-4.94396e-17,1.73694e-13,3.02036e-13,3.07969e-13,0,-0.52432,-0.372772,0.522879,-0.00857764,3.14159,2.23193,0.310277,3.27914,-0.0162926,-0.392699,4.31991,1.57307,3.27274,0.0733454,0.523599,0,0,0,-0.0473437,-0.0168491,-0.52432,0.522878,3.14087,2.23193,3.27913,-0.386055,4.31991,3.27271,0.654744,0.00578617,-37.2906,4.14314,-0.000159042,79.8075,-1.73418,1.55364,-1.63705,4.72203,0.048855,0.0122845,0.999913,-32.9206,91.2181,1.29047,65.6612,-64.9027,-0.930306,2097.65,-636.42,-71.4443
2.12,-6.37895,-1.99844,-0.0269552,0.339142,-0.0108621,1.10074,-0.517926,0.177955,0.511918,0.643127,3.14731,-3.0717,2.23648,-5.57084,3.32312,-1.70339,-0.381601,6014.62,4.32957,-4.61263,3.28764,-0.626003,0.66294,-5.32903,-2.01893,-7.67431,-0.399406,-7.62697,-3.71441,-4.77904,-2.01582,-7.16385,-0.604189,-7.19395,-3.37531,0.684156,-1.86612,-1.98793,-0.0447035,0.00121205,0.415119,-0.0166917,-0.704507,-0.523755,-2.45419,0.523442,-0.0448657,3.14143,-0.086754,2.23065,1.54193,3.27785,-0.076951,-0.387348,2.96336,4.32374,0.435878,3.27654,0.202107,0.658539,-0.0490576,1.00194,0.564459,-1.25942,1.39782,-29.6462,14.0208,-31.2915,19.3933,15.0936,-9.42194,21.134,-19.2312,5.48621,-1.70239,0.00382279,-0.00868768,-0.691659,7.30037,-20.2263,16.8981,0,4.12813,0.489414,4.87962,-6.27648,1.11594,0.543226,0.250745,-0.16977,-0.368801,225.337,-72.3022,31.8447,58.1171,-74.1322,19.3922,-7.58527,-21.9257,3.48086,-14.1267,4.1982,-1.53416,-3.70178,1.42465,-1.73718,0.200188,0.29729,0.218105,0.133721,17.3571,16.041,0.626816,-57.179,-54.0972,-3.22398,-33.2564,5.21441,0.247933,0.0574069,0.179099,-6.37888,-1.99965,0.00121205,0,542,0,-2.77556e-17,-2.08167e-17,4.79217e-17,-3.46945e-17,-5.55112e-17,-4.77049e-17,-2.31412e-14,-4.05335e-14,-4.26048e-14,0,-0.523755,-0.373591,0.523439,-0.00857663,3.14159,2.23065,0.308389,3.27784,-0.0153902,-0.392699,4.32374,0.0871776,3.27653,0.0404215,0.523599,0,0,0,-0.0446764,-0.0166917,-0.523755,0.523442,3.14143,2.23065,3.27785,-0.387348,4.32374,3.27654,0.658539,0.00582954,-4.38529,0.69619,1.41487e-05,-2.13564,-0.740356,0.28493,-0.347435,-0.382373,0.0488659,0.0122881,0.999941,-31.629,91.2292,1.11024,68.0108,-64.7953,-0.627235,-142.295,-0.570493,-44.5027
2.16,-6.37812,-1.99885,-0.0161064,0.346899,-0.0107278,1.10391,-0.517403,0.17773,0.512185,0.651687,3.14779,-3.04897,2.23558,-5.42476,3.31363,-1.59616,-0.382539,6014.75,4.33575,-3.60251,3.38176,-1.0366,0.693359,-5.32821,-2.01942,-7.67348,-0.39947,-7.62386,-3.71761,-4.77822,-2.01602,-7.16321,-0.604712,-7.19294,-3.37583,0.68372,-1.72859,-0.914101,-0.0328278,0.000789706,0.412547,-0.0165898,-0.701346,-0.523265,-2.48951,0.523932,-0.0448801,3.14192,-0.0788608,2.22972,1.48299,3.27692,-0.0773861,-0.388279,-26.2377,4.32989,11.256,3.28269,2.06731,0.66469,-0.0489772,1.00104,0.562871,-1.25845,1.40608,-29.8573,14.1037,-31.6851,19.6738,15.1628,-9.50699,21.4657,-19.5092,5.5093,-1.71687,0.00383896,-0.00878021,-0.687403,7.35348,-20.302,16.9355,0,4.07266,0.395924,4.91729,-6.26071,1.14575,0.531579,0.24985,-0.167524,-0.378567,-7594.13,-232.43,77.905,874.477,3819.16,78.5331,-24.5074,-325.132,29.3088,560.824,14.4481,-4.48185,-55.8791,12.0477,-14.7224,0.2001,0.271222,0.193918,0.0792194,17.3513,16.2555,0.568295,-53.5495,-51.4165,3.06379,-7.84877,-4.91232,0.249063,0.0589686,1.50717,-6.37822,-1.99964,0.000789706,0,545,1.38778e-17,5.55112e-17,3.72966e-17,-9.25909e-17,-3.46945e-17,-1.38778e-17,-6.93889e-18,3.17357e-13,5.52558e-13,5.80536e-13,0,-0.523265,-0.378936,0.52393,-0.00857184,3.14159,2.22972,0.296601,3.27691,-0.0154772,-0.392699,4.32989,2.25126,3.28268,0.413463,0.523599,0,0,0,-0.0328173,-0.0165898,-0.523265,0.523932,3.14192,2.22972,3.27692,-0.388279,4.32989,3.28269,0.66469,0.00586208,-65.0282,5.86188,0.000104615,167.78,-11.1758,2.40954,-2.94447,23.0429,0.0488741,0.0122909,0.999961,-33.2052,92.8507,0.956121,65.1118,-62.4786,-0.317977,3905.42,-1032.73,-193.441
2.2,-6.37714,-1.99905,-0.00994534,0.352961,-0.0107415,1.1089,-0.517022,0.183125,0.512539,0.663161,3.14814,-3.04171,2.23513,-5.32724,3.30896,-1.52803,-0.382986,6014.63,4.34431,-4.58151,3.30321,-0.60854,0.676903,-5.32722,-2.01985,-7.67239,-0.399422,-7.61996,-3.72146,-4.77723,-2.01623,-7.16221,-0.604892,-7.19198,-3.37601,0.689121,-1.63529,-1.9552,-0.0220256,0.00059241,0.409808,-0.0166578,-0.723933,-0.522939,-2.49417,0.524259,-0.0449013,3.14225,-0.0780382,2.22922,1.43179,3.27641,-0.0747916,-0.388781,2.56612,4.3384,0.517631,3.2912,0.0843521,0.673183,-0.0489336,1.00046,0.56106,-1.25793,1.41365,-30.4798,14.1527,-31.9785,19.813,15.785,-9.55676,21.7031,-19.6471,5.49996,-1.71124,0.00384972,-0.00885567,-0.683741,7.36946,-20.3772,16.9682,0,4.02604,0.321986,4.96053,-6.25167,1.16882,0.520027,0.224104,-0.148867,-0.38318,201.894,-75.7457,34.2398,62.043,-64.198,19.6967,-7.9829,-22.5971,3.79863,-5.66491,2.16334,-0.824327,-1.93098,1.47887,-1.62837,0.200043,0.154025,0.151555,0.124813,17.4861,16.5428,0.18157,-51.1227,-49.5172,-2.93832,-32.1098,3.9792,0.248603,0.0601506,0.195056,-6.37711,-1.99964,0.00059241,0,550,0,-1.38778e-17,-1.77809e-17,-3.77302e-17,0,-2.77556e-17,-3.29597e-17,-4.22717e-14,-3.37577e-14,-3.41185e-14,0,-0.522939,-0.379639,0.524259,-0.00857393,3.14159,2.22922,0.286361,3.27641,-0.0149583,-0.392699,4.3384,0.103533,3.29118,0.0168704,0.523599,0,0,0,-0.0220227,-0.0166578,-0.522939,0.524259,3.14225,2.22922,3.27641,-0.388781,4.3384,3.2912,0.673183,0.00591631,-4.51973,0.75976,2.45426e-05,-2.17727,-0.386196,0.295774,-0.325674,-0.184941,0.0488877,0.0122954,0.999971,-31.6911,92.6826,0.850224,60.9404,-60.0355,-0.173089,-126.726,-7.28371,-48.292
2.24,-6.37637,-1.99943,-0.000977839,0.360614,-0.0106845,1.11327,-0.516522,0.18422,0.512807,0.672715,3.14859,-3.02439,2.23434,-5.2536,3.30583,-1.51311,-0.383683,6014.74,4.35916,-3.66723,3.3793,-0.854065,0.697186,-5.32644,-2.02041,-7.67153,-0.399445,-7.61392,-3.72821,-4.77646,-2.01652,-7.16152,-0.605318,-7.19112,-3.37644,0.690032,-1.56409,-0.985115,-0.0158954,0.000206902,0.410719,-0.0166333,-0.723161,-0.522471,-2.52658,0.524726,-0.044948,3.14272,-0.0737548,2.22839,1.40792,3.27559,-0.065033,-0.389605,-18.8202,4.35322,8.04135,3.30602,0.536032,0.68801,-0.0489201,1.00024,0.563156,-1.25779,1.4198,-30.8641,14.2397,-32.3189,20.086,16.0127,-9.64336,21.9977,-19.9183,5.52072,-1.72358,0.00383425,-0.00885836,-0.679678,7.42896,-20.4006,17.0264,0,3.99214,0.265647,4.96252,-6.25725,1.17166,0.511519,0.139613,-0.0927427,-0.375047,-4883.41,-218.873,80.4846,636.407,2246.43,68.9171,-23.7328,-223.384,22.8569,171.472,4.85542,-1.66101,-14.5217,8.84515,-9.5009,0.200023,0.224187,0.191317,0.109167,17.514,16.7815,0.43304,-49.3015,-48.5158,2.76932,-8.88149,-2.37031,0.249491,0.0602921,1.1706,-6.37644,-1.99963,0.000206902,0,553,2.77556e-17,1.38778e-17,4.03323e-17,-4.16334e-17,0,-1.38778e-17,-1.64799e-17,-2.64455e-13,-4.09062e-13,-4.17222e-13,0,-0.522471,-0.384537,0.524724,-0.0085794,3.14159,2.22839,0.281585,3.27559,-0.0130066,-0.392699,4.35322,1.60834,3.306,0.107206,0.523599,0,0,0,-0.0158942,-0.0166333,-0.522471,0.524726,3.14272,2.22839,3.27559,-0.389605,4.35322,3.30602,0.68801,0.00594886,-44.6787,4.57151,8.81336e-05,99.8491,-2.90435,1.76903,-1.90018,7.01304,0.0488959,0.0122982,0.99999,-32.0243,93.6939,0.704567,60.5692,-58.7747,-0.0653171,2584.07,-725.371,-96.2534
2.28,-6.37517,-2.00026,0.0177138,0.371825,-0.0102712,1.11882,-0.516026,0.191062,0.513295,0.687695,3.14904,-2.96845,2.23225,-5.06753,3.29952,-1.44289,-0.385616,6014.56,4.37587,-5.47661,3.33138,-0.399306,0.708389,-5.32524,-2.02086,-7.67048,-0.399538,-7.60623,-3.73639,-4.77526,-2.0167,-7.1609,-0.606478,-7.18936,-3.37761,0.696914,-1.38239,-2.85363,-0.00699212,-0.000635406,0.410856,-0.0162852,-0.759867,-0.52204,-2.52886,0.525157,-0.0450076,3.14315,-0.0591578,2.22623,1.36502,3.27343,-0.0493382,-0.391763,3.97283,4.36985,0.0697523,3.32266,-0.0114871,0.704639,-0.0489186,1.00008,0.564747,-1.25761,1.42778,-32.0225,14.3217,-32.6875,20.2754,17.1624,-9.72542,22.3072,-20.1064,5.50146,-1.71148,0.00382632,-0.0088854,-0.674175,7.53691,-20.462,17.0875,0,3.95311,0.174982,4.96353,-6.23742,1.19162,0.507534,0.00364665,-0.0024111,-0.368099,324.571,-81.3293,38.5436,55.7865,-92.5559,19.4036,-8.39948,-18.7481,2.51225,-4.34225,1.00777,-0.413158,-0.745503,0.965271,-1.00716,0.200011,0.467292,0.280275,0.138807,17.6853,17.1559,1.39839,-44.7022,-45.745,-4.5688,-53.6986,8.74543,0.24861,0.0613349,0.12827,-6.37511,-1.99963,-0.000635406,0,559,0,2.77556e-17,-2.9924e-17,-2.51535e-17,-2.08167e-17,-1.38778e-17,-1.5599e-17,-1.01273e-13,-9.7279e-14,-9.80474e-14,0,-0.52204,-0.384877,0.525156,-0.00859213,3.14159,2.22623,0.273007,3.27343,-0.00986764,-0.392699,4.36985,0.0139518,3.32263,-0.00229742,0.523599,0,0,0,-0.00699179,-0.0162852,-0.52204,0.525157,3.14315,2.22623,3.27343,-0.391763,4.36985,3.32266,0.704639,0.00601395,-3.74992,0.502475,1.65579e-05,-2.35891,-0.149101,0.193054,-0.201432,-0.102665,0.0489123,0.0123037,1.00003,-30.9938,93.8942,0.564935,62.2249,-57.0836,0.387217,-205.63,7.98785,-57.2357
2.32,-6.37314,-2.00152,0.0468608,0.388199,-0.00962741,1.12448,-0.515686,0.194662,0.513413,0.69578,3.14935,-2.87677,2.22914,-4.72793,3.29132,-1.2359,-0.388557,6014.64,4.39223,-2.42141,3.16302,-0.133886,0.725535,-5.32319,-2.02127,-7.6687,-0.399715,-7.59738,-3.74494,-4.77321,-2.01692,-7.15976,-0.608238,-7.18644,-3.37939,0.70032,-1.04805,0.0160748,0.0116038,-0.00190225,0.404237,-0.015739,-0.76308,-0.521798,-2.56029,0.5254,-0.0450612,3.14339,-0.0335979,2.22303,1.25741,3.27023,-0.0326683,-0.394969,74.2871,4.38612,-22.5573,3.33892,-0.558594,0.720909,-0.0489543,1.00023,0.55957,-1.2578,1.43978,-32.2901,14.4381,-33.2167,20.5726,17.3421,-9.84004,22.747,-20.4011,5.51629,-1.71976,0.00383688,-0.00897462,-0.668946,7.64861,-20.6848,17.1028,0,3.915,0.00277405,5.04277,-6.16023,1.26689,0.509186,-0.133702,0.085979,-0.379102,-42315.1,457.133,-151.101,2768.95,20431.7,-154.847,53.1571,-889.779,-61.0171,806.194,-3.49086,1.19672,-20.8821,-23.4369,24.0156,0.200032,0.728675,0.409352,0.141341,17.7753,17.3581,2.29202,-36.2897,-39.563,1.97874,23.0907,15.3695,0.249239,0.0652261,-3.10483,-6.37312,-1.99961,-0.00190225,0,568,-4.16334e-17,-8.32667e-17,-7.11237e-17,1.26201e-16,2.08167e-17,0,3.46945e-18,-3.41616e-13,-7.70273e-13,-7.75935e-13,0,-0.521798,-0.389632,0.525398,-0.00859753,3.14159,2.22303,0.251486,3.27022,-0.00653366,-0.392699,4.38612,-4.51178,3.3389,-0.111719,0.523599,0,0,0,0.0116022,-0.015739,-0.521798,0.5254,3.14339,2.22303,3.27023,-0.394969,4.38612,3.33892,0.720909,0.00611162,-177.968,-12.204,-0.00034854,866.175,-4.17641,-4.68738,4.80311,31.837,0.0489368,0.0123119,1.00009,-30.7332,94.6747,0.490101,60.4893,-52.7246,1.20933,8648.81,-2956.18,-213.387
2.36,-6.3709,-2.00312,0.0850417,0.409108,-0.00881214,1.13274,-0.51534,0.204118,0.513685,0.709837,3.14966,-2.75182,2.22504,-4.33049,3.2833,-0.96019,-0.392493,6014.74,4.40932,-3.78961,3.4042,-0.638466,0.736471,-5.32094,-2.02176,-7.66674,-0.399874,-7.58772,-3.75417,-4.77096,-2.01722,-7.15866,-0.610484,-7.18308,-3.38166,0.709736,-0.654694,-1.12188,0.0406701,-0.00351966,0.392318,-0.0150323,-0.795027,-0.52156,-2.57219,0.525637,-0.0451418,3.14363,-0.00628586,2.21882,1.09231,3.26601,-0.0259263,-0.39918,-12.2068,4.4031,4.89832,3.35591,-0.342136,0.737886,-0.0491328,1.00183,0.549804,-1.25984,1.45825,-33.0534,14.5843,-33.9151,20.8395,18.148,-9.97775,23.3092,-20.6662,5.5025,-1.71025,0.00384023,-0.00907122,-0.662065,7.74718,-21.1042,17.1095,0,3.91014,-0.257604,5.21159,-6.04207,1.38018,0.496579,-0.180074,0.110223,-0.409978,-2698.27,-208.392,89.1885,434.927,1060.8,55.7497,-22.6069,-133.024,17.1264,-7.0405,-3.15758,1.27084,6.77173,6.35319,-6.04178,0.2002,0.95452,0.522728,0.206537,18.0121,17.7094,3.1238,-26.4564,-32.4525,2.58069,-10.6871,1.47614,0.248431,0.0710457,0.867632,-6.3709,-1.9996,-0.00351966,0,578,0,0,1.9082e-17,7.80626e-18,-4.16334e-17,-4.16334e-17,-3.42608e-17,-2.73392e-14,-3.78031e-14,-3.72619e-14,0,-0.52156,-0.391427,0.525635,-0.00861311,3.14159,2.21882,0.218465,3.26601,-0.00518526,-0.392699,4.4031,0.979759,3.35588,-0.0684272,0.523599,0,0,0,0.0406407,-0.0150323,-0.52156,0.525637,3.14363,2.21882,3.26601,-0.39918,4.4031,3.35591,0.737886,0.00622017,-26.6074,3.42547,0.000111085,54.5218,1.35435,1.27064,-1.20836,-0.751555,0.0489641,0.0123211,1.00017,-28.3932,94.4648,0.413937,56.2268,-46.5156,2.5038,1648.78,-466.985,-59.3401
2.4,-6.36978,-2.00295,0.0894814,0.413641,-0.00898017,1.13415,-0.515097,0.200132,0.513408,0.709158,3.14989,-2.75621,2.22604,-4.15175,3.28166,-0.733803,-0.391505,6014.68,4.43199,-2.71784,3.3856,-1.29427,0.794135,-5.31982,-2.022,-7.66559,-0.400091,-7.57825,-3.76298,-4.76984,-2.01732,-7.1573,-0.610186,-7.18219,-3.38136,0.705243,-0.478576,-0.126367,0.0789435,-0.00336124,0.374621,-0.0152546,-0.76682,-0.521371,-2.64382,0.525826,-0.0452462,3.14382,0.0277601,2.21977,0.868203,3.26696,-0.0238961,-0.398226,3.18758,4.42571,0.0549735,3.37852,5.9004,0.760539,-0.049593,1.0064,0.534928,-1.26617,1.48326,-32.4475,14.8247,-34.8865,21.3658,17.3489,-10.1924,24.0973,-21.1894,5.55953,-1.7416,0.00380349,-0.00909239,-0.655861,7.82487,-21.761,17.0368,0,4.01785,-0.673017,5.597,-5.93677,1.53053,0.451549,-0.185567,0.104744,-0.454764,254.834,-87.3997,45.9166,57.3657,-61.2012,16.8501,-8.31354,-16.3568,3.0496,-502.022,147.107,-68.847,-102.886,5.44268,-70.1757,0.200655,0.110993,0.11332,0.0353983,17.9138,17.6918,-0.109733,-21.9627,-26.7926,-1.47263,16.6739,4.5687,0.25064,0.0786616,0.15345,-6.36979,-1.99959,-0.00336124,0,583,0,0,2.60209e-17,-2.64545e-17,6.93889e-18,-2.08167e-17,-1.56125e-17,1.54644e-13,1.65867e-13,1.4555e-13,0,-0.521371,-0.402231,0.525829,-0.00862836,3.14159,2.21977,0.17364,3.26697,-0.00477921,-0.392699,4.42571,0.0110641,3.37853,1.18008,0.523599,0,0,0,0.0787672,-0.0152546,-0.521371,0.525826,3.14382,2.21977,3.26696,-0.398226,4.42571,3.37852,0.760539,0.00627446,-3.27239,0.609949,-0.000833356,2.4708,-20.5771,1.08854,-14.0351,-18.3757,0.0489778,0.0123257,1.00016,-34.0691,98.5476,0.359276,32.9025,-35.413,2.06947,-159.406,153.285,-78.3488
2.44,-6.36957,-2.00237,0.0787429,0.412821,-0.00954865,1.13995,-0.514978,0.209812,0.51365,0.715351,3.14999,-2.81764,2.22927,-4.2651,3.28522,-0.760852,-0.388414,6014.87,4.44117,-0.583256,3.41748,-1.51893,0.966373,-5.31962,-2.02239,-7.66527,-0.400698,-7.57531,-3.76554,-4.76964,-2.01765,-7.1563,-0.609151,-7.18276,-3.38031,0.715061,-0.591467,1.86785,0.0833999,-0.00277533,0.374978,-0.015834,-0.804923,-0.521263,-2.62839,0.525934,-0.0472651,3.14393,-0.00630496,2.22299,0.871879,3.27019,-0.0259201,-0.395006,-1.31007,4.43489,1.31383,3.38769,19.1848,0.769698,-0.0496656,1.00709,0.536562,-1.26745,1.48891,-33.5025,14.8601,-35.072,21.4071,18.4691,-10.2232,24.2452,-21.2331,5.53116,-1.7091,0.00175307,-0.00420557,-0.652919,7.69847,-21.7418,17.077,0,3.97233,-0.628453,5.64108,-5.99546,1.49748,0.439998,-0.17378,0.0983495,-0.445346,-150.69,-130.422,64.4719,134.632,54.3396,27.9834,-13.0245,-37.248,7.19871,-21.2402,308.816,-140.628,-332.239,16.7343,-298.149,0.200721,-0.268461,-0.0205133,0.14495,18.1586,17.7727,-1.53594,-24.7158,-27.469,4.84136,70.268,-0.439927,0.249829,0.0770792,0.362086,-6.36957,-1.99959,-0.00277533,0,584,2.77556e-17,5.55112e-17,6.07153e-18,-6.50521e-18,-1.38778e-17,-2.08167e-17,-1.82146e-17,5.30687e-14,5.28189e-14,4.55191e-14,0,-0.521263,-0.399854,0.525933,-0.00925979,3.14159,2.22299,0.174376,3.27019,-0.00518402,-0.392699,4.43489,0.262771,3.38769,3.83696,0.523599,0,0,0,0.083196,-0.015834,-0.521263,0.525934,3.14393,2.22299,3.27019,-0.395006,4.43489,3.38769,0.769698,0.00628532,-7.44968,1.43974,-7.0724e-05,44.9778,-66.4477,3.34685,-59.6297,-16.8537,0.0489805,0.0123266,1.00014,-30.2828,96.9345,0.351505,27.1426,-34.2641,1.02034,326.293,626.949,-301.44
2.48,-6.37052,-2.0016,0.0612395,0.407525,-0.0101548,1.1401,-0.514552,0.204932,0.513643,0.705092,3.1504,-2.89891,2.23236,-4.49265,3.28997,-0.902121,-0.385466,6013.46,4.44121,1.35005,3.40727,-2.39606,0.778998,-5.32058,-2.02283,-7.66602,-0.40103,-7.57708,-3.7643,-4.7706,-2.01785,-7.15641,-0.607911,-7.18455,-3.37905,0.70977,-0.817217,3.97833,0.0726355,-0.0020057,0.386565,-0.0163967,-0.777659,-0.520794,-2.68782,0.526404,-0.0520506,3.1444,-0.0273573,2.22611,0.961198,3.27331,-0.0286303,-0.391878,8.2544,4.43497,-1.25024,3.38777,-0.976564,0.769782,-0.0494893,1.00537,0.549568,-1.26557,1.48796,-33.7983,14.9447,-35.3141,21.8287,18.3959,-10.3138,24.4939,-21.6524,5.5857,-1.70313,-0.00315292,0.00757654,-0.649638,7.72892,-21.4216,17.2182,0,3.84647,-0.510071,5.5149,-6.13533,1.40267,0.447454,-0.159513,0.0943893,-0.417456,356.056,-55.0025,33.3614,14.8467,-26.8453,7.12437,-4.41432,-4.10715,-1.59374,-211.575,26.7351,-13.9153,-7.98127,-1.29532,5.15111,0.200546,-0.437585,-0.132379,0.00373413,18.0377,17.3332,-2.03165,-30.3275,-30.9973,-35.2392,118.602,-26.9084,0.252589,0.0722551,-0.0802589,-6.37046,-1.9996,-0.0020057,0,580,-1.38778e-17,0,-1.64799e-17,-1.12757e-17,-2.08167e-17,-2.77556e-17,-2.68882e-17,-1.67612e-13,-2.26701e-13,-2.20601e-13,0,-0.520794,-0.408819,0.526403,-0.0107669,3.14159,2.22611,0.192239,3.27331,-0.00572606,-0.392699,4.43497,-0.250046,3.38778,-0.195313,0.523599,0,0,0,0.072501,-0.0163967,-0.520794,0.526404,3.1444,2.22611,3.27331,-0.391878,4.43497,3.38777,0.769782,0.00624189,-0.821452,-0.318746,3.01163e-05,-1.57032,-1.59625,-0.259064,1.03022,-10.4343,0.0489696,0.0123229,1.0001,-35.149,100.006,0.275572,29.8776,-37.741,0.0485644,-478.9,-33.3057,-10.982
2.52,-6.37175,-2.00115,0.0484379,0.405412,-0.0107058,1.14504,-0.514055,0.211873,0.514312,0.720137,3.15083,-2.95746,2.23365,-4.74692,3.29406,-1.11471,-0.384217,5995.06,4.43512,-1.6063,3.36424,-1.58563,0.709776,-5.32181,-2.02352,-7.66674,-0.400801,-7.58139,-3.76101,-4.77184,-2.01828,-7.15687,-0.607023,-7.18653,-3.37815,0.716946,-1.06864,1.04817,0.0551227,-0.0015431,0.400127,-0.0168826,-0.816214,-0.520232,-2.66485,0.526965,-0.0530599,3.14496,-0.0605938,2.22747,1.09039,3.27467,-0.0308669,-0.39052,13.1396,4.42895,-2.56247,3.38175,-2.7212,0.763781,-0.0492533,1.00311,0.563505,-1.26285,1.48147,-35.2743,14.9001,-35.1403,21.8069,19.8588,-10.2777,24.3647,-21.6285,5.55502,-1.67782,-0.00419271,0.010061,-0.648701,7.70183,-21.0327,17.3673,0,3.75425,-0.310734,5.31717,-6.2711,1.28325,0.456427,-0.15035,0.0940801,-0.382059,-58.7188,-11.6258,15.3718,1.43211,206.554,-4.78347,0.45202,-0.404209,-6.02574,-20.9082,2.57498,-3.22061,-0.584784,-4.26881,13.4277,0.200319,-0.32004,-0.0528435,0.123556,18.209,17.6673,-1.46371,-36.6519,-36.313,-460.052,44.5405,-7.9969,0.251282,0.0661093,-0.304,-6.37179,-1.99961,-0.0015431,0,574,0,0,-4.25007e-17,-1.30104e-17,0,-2.77556e-17,-2.64545e-17,3.60822e-15,8.5848e-14,9.24816e-14,0,-0.520232,-0.405389,0.526962,-0.011084,3.14159,2.22747,0.218077,3.27467,-0.00617338,-0.392699,4.42895,-0.512497,3.38177,-0.54424,0.523599,0,0,0,0.0550628,-0.0168826,-0.520232,0.526965,3.14496,2.22747,3.27467,-0.39052,4.42895,3.38175,0.763781,0.00617675,-0.0808453,-1.20512,0.000250338,8.56618,-0.116957,-0.853761,2.68553,-0.96711,0.0489532,0.0123174,1.00008,-30.861,98.0023,0.10762,38.1237,-43.2812,-0.337815,-576.416,-53.9488,-28.4835
2.56,-6.37319,-2.00019,0.0264121,0.398531,-0.0114857,1.14522,-0.513576,0.204941,0.514367,0.724161,3.15126,-3.05755,2.23636,-5.03953,3.30055,-1.31216,-0.381567,5985.48,4.43042,-1.67495,3.35773,-1.5396,0.704788,-5.32327,-2.02407,-7.66766,-0.40061,-7.5857,-3.75755,-4.7733,-2.01856,-7.15722,-0.605448,-7.18905,-3.37655,0.709643,-1.35742,0.977996,0.0423528,-0.00057115,0.41215,-0.0175973,-0.782723,-0.519688,-2.72227,0.52751,-0.0528056,3.1455,-0.0516665,2.23024,1.16991,3.27744,-0.0328749,-0.387745,14.1055,4.42431,-2.80609,3.37711,-3.1874,0.759147,-0.0491135,1.00182,0.576464,-1.26154,1.47896,-35.3867,14.9709,-35.2994,22.2005,19.5898,-10.3474,24.5302,-22.0111,5.61186,-1.71212,-0.00395775,0.00950101,-0.647246,7.8425,-20.7734,17.4835,0,3.71541,-0.27587,5.21712,-6.39728,1.21035,0.457833,-0.138465,0.0900512,-0.360607,-205.967,-2.908,11.8448,2.81414,278.691,-7.21804,1.38886,-0.806457,-6.84387,31.7233,-1.03263,-1.8299,-1.18549,-4.90088,15.8087,0.200185,-0.550646,-0.17201,0.00426633,18.028,17.7691,-2.50218,-43.8995,-41.2492,-239.613,42.7068,-6.72814,0.253778,0.0623004,-0.345518,-6.37312,-1.99961,-0.00057115,0,568,1.38778e-17,0,1.12757e-17,1.73472e-17,-2.77556e-17,0,-3.03577e-18,-4.87978e-14,-4.89886e-14,-4.62408e-14,0,-0.519688,-0.41421,0.527508,-0.0110163,3.14159,2.23024,0.233979,3.27745,-0.00657498,-0.392699,4.42431,-0.561227,3.37714,-0.63748,0.523599,0,0,0,0.0423263,-0.0175973,-0.519688,0.52751,3.1455,2.23024,3.27744,-0.387745,4.42431,3.37711,0.759147,0.00611162,-0.161299,-1.36873,0.00033284,11.9138,-0.237098,-0.980175,3.16174,1.44561,0.0489368,0.0123119,1.00003,-34.9838,100.882,-0.0641828,38.0373,-46.1229,-1.21163,-575.268,-67.4375,-31.605
2.6,-6.37465,-1.99918,0.00158956,0.389404,-0.012246,1.14711,-0.512944,0.208984,0.515198,0.745044,3.15181,-3.14751,2.23911,-5.55267,3.31968,-1.70899,-0.378665,5969.44,4.42604,-1.54021,3.35377,-1.55483,0.696308,-5.32474,-2.02463,-7.66862,-0.400412,-7.58988,-3.75418,-4.77477,-2.01877,-7.15763,-0.603844,-7.19156,-3.37492,0.713968,-1.85432,1.11725,0.0203788,0.000446049,0.428796,-0.0182817,-0.821478,-0.51898,-2.69406,0.528218,-0.0519288,3.14621,-0.0933908,2.23308,1.33107,3.28028,-0.0301099,-0.384914,13.8218,4.42,-2.63891,3.3728,-3.31509,0.754836,-0.0489574,1.00039,0.593266,-1.25991,1.47079,-37.0248,14.9335,-35.0764,22.1885,21.1595,-10.2981,24.3253,-21.9677,5.57619,-1.70503,-0.00309869,0.00741477,-0.648947,7.77587,-20.37,17.6542,0,3.71624,-0.0676779,5.02779,-6.57597,1.05991,0.450902,-0.178776,0.12383,-0.312164,-144.868,-6.94597,13.4386,1.69201,251.14,-6.01863,0.852666,-0.491687,-6.50133,8.06062,0.71479,-2.74127,-0.779196,-4.83879,16.813,0.200037,-0.620563,-0.228183,0.0472951,18.0981,18.2936,-2.24909,-56.6589,-50.7216,-400.904,45.9658,-6.70392,0.25236,0.054539,-0.328599,-6.37467,-1.99962,0.000446049,0,561,0,-1.38778e-17,-1.12757e-17,1.12757e-17,-4.16334e-17,-5.55112e-17,-5.46438e-17,-3.98813e-14,4.85723e-15,-1.11022e-16,0,-0.51898,-0.410505,0.528216,-0.0107346,3.14159,2.23308,0.266211,3.28028,-0.00602198,-0.392699,4.42,-0.527794,3.37283,-0.663018,0.523599,0,0,0,0.0203764,-0.0182817,-0.51898,0.528218,3.14621,2.23308,3.28028,-0.384914,4.42,3.3728,0.754836,0.00603566,-0.0983424,-1.30024,0.000294239,10.8161,-0.155839,-0.967758,3.3626,0.358812,0.0489177,0.0123055,0.999978,-33.5678,100.135,-0.305823,46.4608,-52.637,-2.18229,-576.621,-78.9709,-22.7485
2.64,-6.37539,-1.99821,-0.0228483,0.375741,-0.0126295,1.1398,-0.511937,0.194234,0.515936,0.752093,3.15271,-3.21533,2.24146,-6.09701,3.8054,-2.13332,-0.375823,5932.93,4.42141,-0.143664,3.28709,-1.58065,0.569673,-5.32548,-2.02483,-7.6693,-0.400344,-7.59291,-3.75104,-4.77552,-2.01842,-7.15783,-0.602577,-7.19283,-3.37364,0.699048,-1.91578,2.57375,-0.00441326,0.00141792,0.446184,-0.0186326,-0.79173,-0.51794,-2.72804,0.529258,-0.051398,3.14725,-0.0889651,2.23546,1.47737,3.28266,-0.0239196,-0.382534,13.5634,4.4154,-2.46776,3.36821,-10.0568,0.750226,-0.048908,0.99995,0.61028,-1.25928,1.46026,-37.1692,14.9454,-34.8848,22.3925,20.9681,-10.3025,24.1866,-22.1515,5.6175,-1.73681,-0.00256301,0.00609634,-0.651183,7.87311,-20.0395,17.7738,0,3.80493,0.0451033,4.86604,-6.72137,0.944386,0.441908,-0.258694,0.188987,-0.272722,-61.1184,-12.3882,15.5202,0.883606,217.435,-4.37455,0.145679,-0.260518,-6.17913,-166.952,10.2964,-11.9354,-1.30893,-9.45561,100.592,0.199988,-0.610946,-0.34157,-0.182665,17.7116,18.4726,-1.69542,-70.2087,-60.5217,-912.778,80.7636,-3.05298,0.254206,0.0485539,-0.312506,-6.37533,-1.99963,0.00141792,0,558,-1.38778e-17,-5.55112e-17,-1.00614e-16,1.29237e-16,6.245e-17,-2.77556e-17,-1.9082e-17,1.63498e-14,8.90954e-15,4.88498e-15,0,-0.51794,-0.415972,0.52926,-0.0105702,3.14159,2.23546,0.295472,3.28266,-0.00478392,-0.392699,4.4154,-0.493628,3.36822,-2.01135,0.523599,0,0,0,-0.00441354,-0.0186326,-0.51794,0.529258,3.14725,2.23546,3.28266,-0.382534,4.4154,3.36821,0.750226,0.0060031,-0.0521141,-1.23586,0.00101119,17.2009,-0.261787,-1.89112,20.1185,-7.12082,0.0489095,0.0123028,0.999931,-41.939,104.368,-0.641211,55.7998,-59.1991,-3.0519,-545.302,-385.245,123.992
2.68,-6.37524,-1.99746,-0.0427106,0.360521,-0.0126778,1.12973,-0.510349,0.181078,0.517892,0.770343,3.15415,-3.23762,2.24251,-6.57007,3.24108,-2.49028,-0.373488,5933.35,4.42246,10.8847,3.39709,-1.7945,0.736119,-5.32532,-2.02503,-7.66929,-0.40009,-7.59244,-3.75066,-4.77537,-2.01774,-7.15761,-0.601788,-7.19274,-3.37285,0.686413,-2.9555,13.5457,-0.0288563,0.00216769,0.457038,-0.018681,-0.80577,-0.516352,-2.67454,0.530845,-0.0512457,3.14884,-0.10446,2.23651,1.61543,3.28371,0.00174577,-0.381486,-2.19234,4.41645,2.30788,3.36926,70.1084,0.751262,-0.048985,1.00073,0.619172,-1.25991,1.44489,-37.2573,14.7756,-34.1136,21.935,21.1916,-10.1312,23.5265,-21.6942,5.58482,-1.72301,-0.00237381,0.00558677,-0.658565,7.79511,-19.8117,17.7774,0,3.95238,0.21639,4.73559,-6.78667,0.85149,0.420786,-0.569101,0.430364,-0.232728,-907.805,-357.011,149.45,476.119,292.729,96.8814,-39.2458,-139.918,8.26036,2267.84,2732.52,-1104.2,-3700.42,52.8105,-3055.52,0.200062,-0.496557,-0.380497,-0.251758,17.3778,18.9308,-0.557262,-82.0088,-66.4721,10.3828,356.499,-6.17978,0.252599,0.0437441,0.417402,-6.37533,-1.99963,0.00216769,0,558,0,1.38778e-17,4.33681e-18,-4.33681e-18,1.38778e-17,-1.38778e-17,-3.46945e-18,1.5983e-13,1.66478e-13,1.49214e-13,0,-0.516352,-0.407952,0.530845,-0.0105135,3.14159,2.23651,0.323089,3.28371,0.000349154,-0.392699,4.41645,0.461525,3.36926,14.0217,0.523599,0,0,0,-0.0288514,-0.018681,-0.516352,0.530845,3.14884,2.23651,3.28371,-0.381486,4.41645,3.36926,0.751262,0.0060031,-27.981,1.65204,0.00227927,642.046,-740.085,10.5621,-611.105,-96.628,0.0489095,0.0123028,0.999894,-44.1805,104.152,-1.15339,66.2421,-64.6247,-3.81912,3451.38,2203.51,-711.447
2.72,-6.37616,-1.99583,-0.0793552,0.336114,-0.0132359,1.11361,-0.508634,0.153771,0.519701,0.776187,3.15571,-3.30936,2.24509,-6.78779,3.25924,-2.26395,-0.370683,5932.38,4.42566,6.35913,3.53193,-1.37874,0.625911,-5.32624,-2.02524,-7.66996,-0.399352,-7.59289,-3.74988,-4.7763,-2.01701,-7.15775,-0.599721,-7.19443,-3.37076,0.659354,-3.15787,9.26514,-0.0486997,0.00380389,0.45949,-0.0191956,-0.742222,-0.514593,-2.65585,0.532604,-0.0508724,3.1506,-0.0688108,2.23913,1.67701,3.28633,0.0610436,-0.378855,12.8465,4.4197,-1.98433,3.3725,-55.3359,0.754538,-0.0491192,1.00219,0.618876,-1.26157,1.42847,-34.931,14.5585,-33.196,21.4413,18.8848,-9.90439,22.7189,-21.1927,5.61608,-1.75126,-0.00196233,0.00456518,-0.672859,7.88586,-19.7719,17.6348,0,4.07924,0.249366,4.74572,-6.78986,0.852452,0.417213,-1.22637,0.928636,-0.228577,373.239,-40.6455,26.1046,1.66176,67.7208,3.76996,-2.96677,-0.483478,-5.52936,-7244.87,323.002,-172.631,-15.228,-41.3955,2826.45,0.2002,-0.916115,-0.610177,-0.403009,16.6817,19.0788,-1.79359,-87.3877,-54.2547,-24.0781,243.44,4.30281,0.25401,0.0437626,-0.279099,-6.37622,-1.99963,0.00380389,0,554,0,-1.38778e-17,-1.21431e-17,4.16334e-17,-6.93889e-18,-2.77556e-17,-2.08167e-17,2.08421e-13,2.91905e-13,2.63789e-13,0,-0.514593,-0.405356,0.532603,-0.0103913,3.14159,2.23913,0.335392,3.28634,0.0122087,-0.392699,4.4197,-0.398085,3.37253,-11.0672,0.523599,0,0,0,-0.0486703,-0.0191956,-0.514593,0.532604,3.1506,2.23913,3.28633,-0.378855,4.4197,3.3725,0.754538,0.00595971,-0.0970323,-1.10669,0.0645582,396.682,-3.0456,-8.2791,565.29,-327.909,0.0488986,0.0122991,0.999814,-48.9851,104.753,-1.71628,62.555,-63.8264,-6.04708,1293.98,-3785.44,2451.02
2.76,-6.37616,-1.99529,-0.0972494,0.320125,-0.0131564,1.10325,-0.506755,0.142765,0.522452,0.799813,3.15743,-3.30486,2.24569,-7.32791,3.27308,-1.37085,-0.371661,5808.16,4.42296,-2.12068,3.35853,0.0929823,0.758214,-5.32623,-2.0256,-7.67019,-0.399181,-7.59383,-3.74831,-4.7763,-2.01634,-7.15787,-0.599246,-7.19433,-3.37029,0.649378,-3.68317,0.479634,-0.0855043,0.00434114,0.471328,-0.0191161,-0.775239,-0.512715,-2.53277,0.534482,-0.0505033,3.15247,-0.0754227,2.23973,1.8609,3.28693,0.139693,-0.378258,13.7928,4.417,-2.11129,3.3698,0.437137,0.751811,-0.0495988,1.0071,0.628034,-1.26705,1.40431,-34.8085,14.2871,-31.8905,20.4958,19.1907,-9.6124,21.5837,-20.2457,5.53145,-1.70845,-0.00156574,0.00356727,-0.687562,7.80581,-19.606,17.5429,0,4.3619,0.465846,4.61429,-6.81363,0.754768,0.216358,-2.3299,1.81428,-0.26121,-325.301,2.46835,9.28816,0.173842,298.938,-8.8113,1.82113,-0.0510077,-6.35766,-9.68456,0.554084,0.14872,0.0121644,-2.11376,1.7201,0.200687,-0.447354,-0.399737,-0.259026,16.3933,19.6711,0.112505,-100.876,-21.7108,-3105.5,31.377,15.3026,0.249821,0.0386767,-0.320557,-6.37622,-1.99963,0.00434114,0,554,-2.77556e-17,-2.77556e-17,-6.59195e-17,9.36751e-17,0,-1.38778e-17,-3.46945e-18,7.82787e-14,1.41581e-13,1.2762e-13,0,-0.512715,-0.386907,0.534481,-0.0102649,3.14159,2.23973,0.372174,3.28693,0.0279386,-0.392699,4.417,-0.422251,3.3698,0.0874275,0.523599,0,0,0,-0.0853149,-0.0191161,-0.512715,0.534482,3.15247,2.23973,3.28693,-0.378258,4.417,3.3698,0.751811,0.00595971,-0.0102014,-1.27152,4.12305e-06,13.5,0.00243288,-0.422752,0.344019,-0.448846,0.0488986,0.0122991,0.999788,-43.3064,99.3511,-2.33176,76.9374,-69.2312,-7.21658,-498.786,36.6982,-77.7779
2.8,-6.37579,-1.99422,-0.121842,0.302606,-0.0134676,1.08868,-0.504781,0.112898,0.524362,0.802646,3.15925,-3.3399,2.24539,-7.03832,3.26618,-0.922141,-0.372275,5969.09,4.42323,-2.41417,3.36001,2.28263,0.818499,-5.32584,-2.02612,-7.66932,-0.397711,-7.59377,-3.7471,-4.77594,-2.01577,-7.15706,-0.597936,-7.19438,-3.36897,0.619602,-3.39987,0.127349,-0.103572,0.00540544,0.471289,-0.019449,-0.682241,-0.510762,-2.53578,0.536436,-0.0505257,3.15443,0.0109454,2.23941,1.87551,3.2866,0.220092,-0.378588,13.8296,4.41725,-2.04631,3.37005,1.97326,0.75207,-0.0499337,1.01047,0.62606,-1.27099,1.38955,-31.9471,14.1138,-31.0832,20.0893,16.2897,-9.42918,20.8921,-19.8447,5.59291,-1.74691,-0.00154294,0.00347119,-0.702128,8.16334,-19.6819,17.3455,0,4.46533,0.380188,4.63442,-6.73171,0.821229,0.258074,-3.06821,2.34937,-0.372838,149.481,-25.8771,19.7324,-0.150353,160.327,-0.529528,-1.28358,0.0440782,-6.41083,78.4884,-5.89488,3.65238,-0.0434146,-1.04724,1.77813,0.201017,-0.614816,-0.437957,-0.364119,15.6472,19.7432,-0.876094,-93.6434,-5.56612,4023.08,24.0467,43.5502,0.252793,0.0421176,-0.323472,-6.37578,-1.99963,0.00540544,0,556,1.38778e-17,1.38778e-17,-8.67362e-18,6.41848e-17,-2.77556e-17,-1.38778e-17,-4.51028e-17,-4.43209e-14,-1.83423e-13,2.95597e-15,0,-0.510762,-0.387351,0.536437,-0.0102678,3.14159,2.23941,0.375103,3.2866,0.0440184,-0.392699,4.41725,-0.409228,3.37006,0.394651,0.523599,0,0,0,-0.103231,-0.019449,-0.510762,0.536436,3.15443,2.23941,3.2866,-0.378588,4.41725,3.37005,0.75207,0.0059814,0.0088149,-1.28212,1.51333e-05,8.8291,-0.00868291,-0.209448,0.355625,3.54447,0.0489041,0.0123009,0.999736,-45.9553,99.077,-2.95001,70.5195,-65.4852,-8.94599,-628.047,145.577,-122.405
2.84,-6.37449,-1.99378,-0.135146,0.293131,-0.0135394,1.08393,-0.502362,0.104878,0.527587,0.835453,3.16147,-3.35304,2.24207,-7.40869,3.26937,-1.3146,-0.37509,6042.24,4.42367,-2.43445,3.3614,2.29167,0.846308,-5.32452,-2.02712,-7.66726,-0.39552,-7.59241,-3.74677,-4.77464,-2.01545,-7.15566,-0.597439,-7.19318,-3.36847,0.612586,-3.76423,0.080646,-0.128554,0.00583853,0.478306,-0.0195859,-0.724322,-0.508408,-2.42329,0.538789,-0.0502477,3.15678,0.0150365,2.23603,1.99024,3.28323,0.179383,-0.381964,13.8784,4.41763,-1.93316,3.37043,2.16494,0.752444,-0.0505146,1.01625,0.632251,-1.27783,1.37463,-32.1031,13.908,-30.1414,19.327,16.8804,-9.20506,20.0707,-19.0936,5.51236,-1.69762,-0.00123844,0.00274373,-0.713565,8.16756,-19.6342,17.2577,0,4.66755,0.51673,4.50779,-6.67357,0.775701,0.146063,-2.73555,2.11479,-0.310893,-7.23622,-16.8471,16.1616,-0.308972,206.878,-3.23005,-0.27751,0.0904544,-6.44897,35.347,-3.571,2.87845,-0.0971166,-0.926248,2.02798,0.201589,-0.332607,-0.236898,-0.118785,15.4489,20.5767,-0.328383,-102.985,-17.3723,1828.92,23.5508,41.4142,0.248842,0.0397548,-0.324972,-6.37445,-1.99962,0.00583853,0,562,6.93889e-18,-1.38778e-17,5.20417e-18,-5.20417e-18,1.38778e-17,2.77556e-17,2.77556e-17,3.48311e-15,-2.91156e-14,1.32533e-15,0,-0.508408,-0.370245,0.538785,-0.0101747,3.14159,2.23603,0.398047,3.28323,0.0358765,-0.392699,4.41763,-0.38661,3.37044,0.432988,0.523599,0,0,0,-0.127889,-0.0195859,-0.508408,0.538789,3.15678,2.23603,3.28323,-0.381964,4.41763,3.37043,0.752444,0.00604651,0.0180898,-1.28976,1.14247e-05,10.8299,-0.0194233,-0.18525,0.405596,1.51505,0.0489204,0.0123064,0.999714,-37.285,92.8273,-3.71602,77.3891,-72.1788,-6.7433,-578.636,129,-115.445
2.88,-6.37284,-1.99458,-0.121937,0.2943,-0.0127026,1.07573,-0.500488,0.0885709,0.529544,0.849657,3.1632,-3.29874,2.23648,-7.33931,3.26196,-2.2699,-0.377487,6058.94,4.42191,-2.36388,3.36094,2.38184,0.892992,-5.32282,-2.02761,-7.66563,-0.394109,-7.59028,-3.74754,-4.77297,-2.0149,-7.15517,-0.598888,-7.19037,-3.36995,0.59651,-3.69987,0.104066,-0.142181,0.00503412,0.483363,-0.0188251,-0.706885,-0.50661,-2.40862,0.540587,-0.0503501,3.15858,0.0367079,2.23036,2.04583,3.27756,0.111385,-0.387633,13.429,4.41579,-1.75665,3.36859,2.01412,0.750592,-0.0508978,1.01997,0.637171,-1.28199,1.36695,-31.6033,13.8655,-29.7788,19.1319,16.3975,-9.15155,19.7697,-18.9028,5.51738,-1.69907,-0.00130726,0.00286823,-0.718811,8.27367,-19.6032,17.1923,0,4.78069,0.57422,4.36478,-6.568,0.770275,0.217558,-1.9287,1.49461,-0.234356,-264.762,-1.39756,10.4784,-1.19436,268.333,-7.76973,1.33641,0.351584,-6.01224,-48.3938,1.29669,1.09751,-0.374938,-0.864313,1.89303,0.201963,0.330243,0.0292358,-0.205065,15.0434,20.9316,1.35761,-101.391,-47.5901,417.392,25.2709,43.6828,0.249302,0.0395481,-0.303392,-6.37289,-1.99961,0.00503412,0,569,0,2.77556e-17,4.68375e-17,-7.45931e-17,6.93889e-18,-4.16334e-17,-1.73472e-17,7.57484e-14,-1.19363e-13,1.55986e-14,0,-0.50661,-0.367977,0.540588,-0.0102012,3.14159,2.23036,0.409168,3.27756,0.022277,-0.392699,4.41579,-0.351348,3.36859,0.402824,0.523599,0,0,0,-0.141269,-0.0188251,-0.50661,0.540587,3.15858,2.23036,3.27756,-0.387633,4.41579,3.36859,0.750592,0.00612247,0.0703202,-1.20247,-8.97483e-06,12.1985,-0.0749876,-0.172863,0.378605,-1.84369,0.0489396,0.0123128,0.999754,-39.4958,93.0932,-4.29079,88.6387,-79.2945,-2.85348,-493.331,90.4591,-95.6455
2.92,-6.37088,-1.9943,-0.124423,0.289163,-0.0125655,1.0663,-0.498108,0.0681454,0.53206,0.866293,3.16538,-3.26144,2.22859,-6.65425,3.22541,-2.64065,-0.379751,6072.83,4.4209,-3.01363,3.35725,1.77817,0.876864,-5.32083,-2.02842,-7.66223,-0.389912,-7.58851,-3.74697,-4.77101,-2.0144,-7.15341,-0.598717,-7.18823,-3.36978,0.576413,-3.04908,-0.533251,-0.12883,0.00529993,0.468199,-0.0187856,-0.671961,-0.504328,-2.38581,0.542869,-0.05047,3.16086,0.0175717,2.22237,1.95799,3.26956,0.0977225,-0.395631,14.3697,4.41468,-2.15007,3.36748,4.8009,0.749485,-0.0505688,1.01634,0.620349,-1.27744,1.36755,-29.8006,13.6635,-29.4564,18.8044,14.8075,-8.97098,19.453,-18.5831,5.5287,-1.7033,-0.00136361,0.00300421,-0.727782,8.07146,-19.6883,17.053,0,4.63782,0.655339,4.31623,-6.36393,0.864941,0.333701,-1.59496,1.19797,-0.241071,505.472,-46.0866,26.6506,-1.72474,71.5196,5.46028,-3.44914,0.509317,-6.92379,390.169,-25.9829,12.5908,-1.10472,0.751078,10.1477,0.201601,-0.062164,-0.128431,-0.235641,14.5373,21.3492,0.932394,-84.4616,-60.3546,347.247,9.00162,14.7539,0.2507,0.0446194,-0.35075,-6.3709,-1.9996,0.00529993,0,578,0,-1.38778e-17,6.93889e-18,-5.20417e-18,0,0,0,-1.38749e-13,-1.80439e-13,1.18044e-13,0,-0.504328,-0.364449,0.542865,-0.0102311,3.14159,2.22237,0.391601,3.26956,0.0195445,-0.392699,4.41468,-0.430012,3.36748,0.96018,0.523599,0,0,0,-0.128157,-0.0187856,-0.504328,0.542869,3.16086,2.22237,3.26956,-0.395631,4.41468,3.36748,0.749485,0.00622017,0.101863,-1.38476,1.69123e-06,9.57635,-0.220943,0.150216,2.02955,15.6064,0.0489641,0.0123211,0.99974,-39.6776,91.9804,-5.0167,80.047,-75.0845,-0.637452,-713.445,341.664,-227.13
2.96,-6.36699,-1.99596,-0.0915565,0.301795,-0.0112337,1.06719,-0.496799,0.072842,0.534161,0.889974,3.16662,-3.14833,2.22067,-5.75797,3.33522,-1.98651,-0.394435,-337559,4.42341,-4659.43,3.38662,-5.7829,3.20592,-5.31689,-2.02868,-7.65852,-0.388597,-7.58186,-3.7507,-4.76709,-2.01394,-7.15137,-0.601424,-7.1825,-3.37253,0.581973,-2.02831,-4659.25,-0.131567,0.00361165,0.46598,-0.0176494,-0.748799,-0.503214,-2.27824,0.543983,-0.0505892,3.16198,0.135373,2.21426,1.89138,3.26145,0.153292,-0.403742,13.726,4.41699,-1.92781,3.36979,1833.22,0.751766,-0.0506959,1.01714,0.617491,-1.2779,1.36334,-30.6839,13.5264,-29.0446,18.2786,16.2029,-8.83698,19.0786,-18.0657,5.4219,-1.63265,-0.00141955,0.00311164,-0.731233,8.63514,-19.7942,16.9107,0,4.62461,0.457625,4.238,-6.16548,0.997588,0.488872,-1.93362,1.41506,-0.295391,-19.971,-16.07,15.7544,-0.276698,206.231,-3.44078,-0.216125,0.0810735,-6.36118,-3.15716e+06,-2787.61,2319.35,-73.0051,1295.46,2.58821e+06,0.201688,0.821666,0.315809,0.0220602,14.6574,21.9419,2.82784,-62.2525,-41.2834,-8.59081e+06,-116401,-183.825,0.245296,0.0514012,-0.321342,-6.36691,-1.99958,0.00361165,0,596,-6.93889e-18,-2.77556e-17,-3.98986e-17,9.36751e-17,-6.93889e-18,-8.32667e-17,-3.46945e-17,-3.11676e-14,3.23672e-13,-3.41061e-13,0,-0.503214,-0.348081,0.543982,-0.010254,3.14159,2.21426,0.378282,3.26145,0.0306584,-0.392699,4.41699,-0.428524,3.36976,366.644,0.523599,0,0,0,-0.130839,-0.0176494,-0.503214,0.543983,3.16198,2.21426,3.26145,-0.403742,4.41699,3.36979,0.751766,0.00641565,0.0179257,-1.30271,-60.5917,466756,-14.601,259.091,517642,-126598,0.0490133,0.0123376,0.999823,-31.6319,86.7179,-5.38661,83.1579,-72.2042,2.12525,2.33316e+06,-559623,603586
3,-6.36526,-1.99624,-0.0791144,0.306845,-0.0109623,1.06182,-0.496282,0.0571143,0.534178,0.879667,3.1671,-3.07797,2.22255,-4.86724,3.29062,-0.761606,-0.393614,-360757,4.42717,-3569.39,3.34378,-4.81065,3.0477,-5.31516,-2.0288,-7.65758,-0.390045,-7.57829,-3.75274,-4.76536,-2.01378,-7.15003,-0.601911,-7.18041,-3.37303,0.565788,-1.183,-3569.1,-0.0983585,0.0033264,0.441744,-0.0174649,-0.656734,-0.502784,-2.34365,0.544413,-0.0507118,3.16241,0.213847,2.21605,1.64134,3.26325,0.412552,-0.401942,13.4972,4.42066,-2.02303,3.37347,1590.83,0.755506,-0.0499721,1.00951,0.591257,-1.26856,1.37306,-28.0286,13.4429,-29.2768,18.4171,13.4531,-8.78818,19.2428,-18.2051,5.50982,-1.68754,-0.00149111,0.00331437,-0.734574,8.84981,-20.12,16.7641,0,4.39572,0.0874103,4.52427,-6.0712,1.21982,0.857721,-3.73571,2.56958,-0.654177,5659.51,-369.956,146.617,-3.09348,-1443.63,99.0301,-38.021,0.895748,-6.2583,-1.06933e+06,-84988.5,32553.4,-721.231,1129.15,1.98974e+06,0.200933,0.311052,0.126249,-0.13426,14.2671,21.6839,1.75883,-39.9372,0.778109,-579940,-89150.3,-159.516,0.250303,0.0631004,-0.317184,-6.36514,-1.99956,0.0033264,0,604,0,1.38778e-17,3.81639e-17,-9.54098e-17,-2.08167e-17,-5.55112e-17,-1.38778e-17,-8.37292e-12,1.08551e-11,-9.80549e-12,0,-0.502784,-0.357963,0.544412,-0.0102909,3.14159,2.21605,0.328265,3.26325,0.0825103,-0.392699,4.42066,-0.366288,3.3735,318.167,0.523599,0,0,0,-0.098059,-0.0174649,-0.502784,0.544413,3.16241,2.21605,3.26325,-0.401942,4.42066,3.37347,0.755506,0.00650256,0.161778,-1.22435,47.8667,351442,-144.246,225.829,397949,-47238.3,0.0490352,0.012345,0.999837,-35.9451,88.9315,-5.51144,61.1753,-50.4677,-2.97702,1.75556e+06,-172214,210664
3.04,-6.36465,-1.99558,-0.0895528,0.298536,-0.0111067,1.05828,-0.495482,0.0573449,0.535489,0.893413,3.16785,-2.99574,2.22237,-4.04685,3.28325,-0.806109,-0.390482,-358815,4.42104,-6985.32,3.40573,-10.1517,4.60964,-5.31453,-2.02882,-7.65673,-0.389183,-7.58021,-3.74951,-4.76475,-2.01335,-7.14921,-0.601142,-7.17999,-3.37225,0.566577,-0.373121,-6986.53,-0.0858319,0.00397891,0.432725,-0.017631,-0.715615,-0.502007,-2.2735,0.545191,-0.0506985,3.16319,0.350731,2.21585,1.48111,3.26305,0.979786,-0.402144,18.1961,4.41452,-3.5671,3.36732,2922.15,0.749345,-0.0497496,1.00717,0.581582,-1.2658,1.37709,-28.5854,13.325,-29.1642,18.1164,14.3975,-8.68092,19.1031,-17.9076,5.43712,-1.64008,-0.00146404,0.00327157,-0.736219,9.42795,-20.3586,16.6478,0,4.35036,-0.404402,4.68567,-5.98635,1.3986,1.97936,-7.42953,4.9025,-2.43917,-6036.33,261.906,-85.7519,123.608,2150.04,-85.3714,29.7519,-36.4848,-10.5466,-9.52281e+06,67749.6,-23514.2,31319.5,2059.28,3.95527e+06,0.200696,-0.260959,-0.207737,-0.0883983,14.2726,22.0281,2.05578,-19.432,9.12266,48544.5,-174549,-293.045,0.246366,0.0721641,-0.53393,-6.36469,-1.99956,0.00397891,0,606,0,-2.77556e-17,-1.56125e-17,4.16334e-17,-2.08167e-17,-5.55112e-17,4.08744e-17,-2.56482e-12,2.6294e-12,-2.44427e-12,0,-0.502007,-0.347319,0.545193,-0.0102817,3.14159,2.21585,0.296223,3.26305,0.195957,-0.392699,4.41452,-0.67936,3.36734,584.429,0.523599,0,0,0,-0.0856387,-0.017631,-0.502007,0.545191,3.16319,2.21585,3.26305,-0.402144,4.41452,3.36732,0.749345,0.00652429,-6.93193,-2.08522,46.0453,1.18604e+06,6263.89,411.857,791053,-383471,0.0490407,0.0123468,0.999805,-34.5032,87.3568,-5.77075,41.5893,-18.6755,-13.9705,5.93061e+06,-1.80077e+06,1.87053e+06
3.08,-6.3648,-1.99593,-0.0846486,0.304359,-0.0111763,1.06054,-0.494781,0.0513754,0.536062,0.895612,3.16848,-3.00617,2.22414,-3.661,3.28216,-0.931417,-0.385936,-314588,4.41448,-9915.46,3.33441,-8.14681,3.98483,-5.31467,-2.02966,-7.65715,-0.390379,-7.58293,-3.74716,-4.7649,-2.01382,-7.14926,-0.60144,-7.18023,-3.37255,0.560545,0.00708726,-9916.11,-0.0963567,0.00362689,0.434459,-0.0177006,-0.661508,-0.501305,-2.28987,0.545892,-0.0515158,3.16388,0.797599,2.21762,1.25292,3.26481,1.26784,-0.400376,12.4594,4.40796,-1.90425,3.36076,2424.82,0.742767,-0.0499385,1.00911,0.582778,-1.26806,1.37025,-27.374,13.287,-28.8885,18.0363,13.0907,-8.63711,18.8811,-17.8297,5.4796,-1.66058,-0.00216595,0.00480913,-0.742151,11.5656,-20.7334,16.3616,0,4.48869,-2.07162,4.93141,-5.85721,1.77426,3.64874,-7.72511,4.7868,-3.15314,705.14,-63.8827,32.9869,3.74202,-47.7087,11.1701,-5.5216,-1.12693,-5.26325,-5.13422e+06,-24497.9,10890.1,1571.75,1697,5.41868e+06,0.200891,0.122605,0.145593,0.0566139,14.125,22.0575,-0.260628,-9.74165,6.08624,1.10569e+06,-247802,-242.929,0.24775,0.0913297,-0.266293,-6.36469,-1.99956,0.00362689,0,606,-6.93889e-18,0,-8.67362e-18,-1.73472e-17,6.93889e-18,-2.77556e-17,3.28513e-17,-2.89685e-12,8.7384e-12,-8.01492e-12,0,-0.501305,-0.349784,0.54589,-0.0105151,3.14159,2.21762,0.250584,3.26482,0.253568,-0.392699,4.40796,-0.383117,3.36076,484.963,0.523599,0,0,0,-0.0960771,-0.0177006,-0.501305,0.545892,3.16388,2.21762,3.26481,-0.400376,4.40796,3.36076,0.742767,0.00652429,-0.226855,-1.05424,-5.06215,816004,314.349,339.4,1.08374e+06,-205652,0.0490407,0.0123468,0.999822,-29.8376,84.8228,-5.97732,15.3972,1.74131,-18.3084,4.07931e+06,-931183,989394
3.12,-6.36478,-1.99654,-0.0717007,0.314663,-0.011055,1.06767,-0.493769,0.0580492,0.537199,0.921437,3.16939,-2.98632,2.22504,-3.66706,3.28319,-0.920107,-0.385296,-314611,4.41502,-2.38792,3.35175,2.38651,0.856473,-5.31464,-2.03063,-7.6575,-0.391534,-7.58253,-3.7481,-4.76488,-2.01423,-7.14942,-0.602138,-7.18005,-3.37325,0.567452,0.00142049,0.107358,-0.0914128,0.00302382,0.436399,-0.0175793,-0.708616,-0.500293,-2.2742,0.546905,-0.0516166,3.1649,0.750919,2.21851,1.26815,3.26571,1.24487,-0.399478,12.8941,4.40849,-2.04228,3.36129,1.83342,0.74332,-0.0498497,1.00821,0.585508,-1.26703,1.37513,-28.513,13.3036,-29.049,18.0929,14.2782,-8.65698,19.0056,-17.8855,5.44726,-1.64011,-0.00226133,0.0050417,-0.738477,11.3586,-20.6752,16.4415,0,4.44179,-1.90654,4.91691,-5.90293,1.72314,3.54522,-7.77929,4.87368,-3.13591,332.17,-38.1924,23.9052,1.01728,77.2922,3.42152,-2.75966,-0.305866,-5.64898,132.905,-9.91986,5.11228,0.309134,-0.85173,1.71246,0.200804,0.323698,0.257595,0.178209,14.2917,22.6992,0.496132,-9.87071,6.49092,-581.804,24.4975,44.6072,0.246633,0.0888122,-0.286174,-6.36469,-1.99956,0.00302382,0,606,-6.93889e-18,2.77556e-17,6.93889e-18,4.51028e-17,6.93889e-18,-2.77556e-17,1.73472e-18,-5.51837e-12,1.23559e-11,-1.02223e-12,0,-0.500293,-0.347409,0.546902,-0.0105434,3.14159,2.21851,0.25363,3.26571,0.248973,-0.392699,4.40849,-0.408401,3.36131,0.366685,0.523599,0,0,0,-0.0911729,-0.0175793,-0.500293,0.546905,3.1649,2.21851,3.26571,-0.399478,4.40849,3.36129,0.74332,0.00652429,-0.0611645,-1.12973,2.41285e-05,5.25231,0.0618267,-0.170346,0.342492,4.93738,0.0490407,0.0123468,0.999852,-26.1971,83.5521,-6.30359,20.5649,-1.16638,-17.1948,-631.413,163.901,-124.333
3.16,-6.36471,-1.99665,-0.0669204,0.321324,-0.0112291,1.07116,-0.492969,0.0550883,0.537559,0.933881,3.17008,-2.9877,2.22636,-3.63718,3.28402,-0.926697,-0.383801,-314663,4.42462,-2.51416,3.36075,2.23676,0.836808,-5.31455,-2.03145,-7.65746,-0.392175,-7.5791,-3.75189,-4.76481,-2.01461,-7.1491,-0.60211,-7.18022,-3.37322,0.564159,0.0306393,0.00978093,-0.0783737,0.00291441,0.434013,-0.0177534,-0.685823,-0.499494,-2.33375,0.547704,-0.0515718,3.16569,0.743094,2.21983,1.214,3.26703,1.26468,-0.39816,13.4595,4.41809,-2.14829,3.37089,2.15047,0.75289,-0.0496334,1.006,0.583914,-1.26457,1.38393,-28.4097,13.3771,-29.4553,18.4483,13.9136,-8.73749,19.3454,-18.2368,5.49815,-1.67464,-0.00222829,0.00501019,-0.734392,11.2881,-20.7146,16.4903,0,4.38873,-1.97953,4.98113,-5.92588,1.73433,3.64532,-7.88087,4.90827,-3.2142,-166.645,-6.22755,12.3963,0.396984,243.366,-6.24677,0.849228,-0.115878,-6.22507,-17.0777,-0.256378,1.72693,0.128489,-0.849709,2.05084,0.200585,0.119508,0.166515,0.0872694,14.2175,23.0111,-0.0343497,-9.09053,6.41751,-1298.16,21.5815,39.2593,0.249103,0.0894325,-0.314855,-6.36469,-1.99956,0.00291441,0,606,-1.38778e-17,-1.38778e-17,1.21431e-17,-3.81639e-17,-2.08167e-17,-4.16334e-17,5.0307e-17,-2.58073e-12,-1.23508e-11,1.92213e-12,0,-0.499494,-0.356447,0.5477,-0.0105376,3.14159,2.21983,0.242799,3.26703,0.252936,-0.392699,4.41809,-0.429688,3.37088,0.430094,0.523599,0,0,0,-0.078225,-0.0177534,-0.499494,0.547704,3.16569,2.21983,3.26703,-0.39816,4.41809,3.37089,0.75289,0.00652429,-0.0231773,-1.24505,-1.39446e-05,12.1747,0.0256978,-0.169942,0.410168,-0.631725,0.0490407,0.0123468,0.999857,-28.6818,85.912,-6.55299,15.5225,3.41875,-19.092,-531.434,120.704,-104.622
3.2,-6.36561,-1.9961,-0.0770144,0.319594,-0.0117358,1.07474,-0.492237,0.0586355,0.538304,0.953063,3.17073,-3.02941,2.2262,-3.68707,3.28385,-0.936515,-0.384053,-313541,4.44217,-2.31677,3.38017,1.91048,0.796361,-5.31545,-2.03212,-7.65762,-0.391155,-7.57396,-3.75789,-4.76572,-2.01488,-7.14929,-0.601165,-7.18181,-3.37226,0.567807,-0.0191688,0.267035,-0.0735208,0.00346804,0.436582,-0.0182166,-0.722888,-0.498718,-2.33266,0.548479,-0.0515021,3.16647,0.739199,2.21972,1.20427,3.26692,1.25008,-0.398268,13.2926,4.43569,-1.88553,3.38849,1.41574,0.77052,-0.0495484,1.00524,0.587588,-1.26396,1.38989,-29.4825,13.4117,-29.6774,18.5818,14.9566,-8.77247,19.5221,-18.3677,5.48115,-1.66523,-0.00218287,0.00493486,-0.730524,11.294,-20.6952,16.563,0,4.34885,-1.9947,4.97479,-5.95402,1.7179,3.65427,-7.85702,4.92124,-3.17286,221.832,-31.0729,21.9452,-0.0221258,128.878,0.469877,-1.54093,0.00610119,-6.17187,75.0346,-5.66499,3.28526,-0.00485254,-1.35789,1.28286,0.200506,-0.25235,-0.043254,0.089449,14.3049,23.491,-1.0429,-10.3419,6.15475,28039.5,26.9549,42.6418,0.248166,0.0885253,-0.310582,-6.36558,-1.99957,0.00346804,0,602,1.38778e-17,1.38778e-17,-2.42861e-17,5.37764e-17,-3.46945e-17,-6.93889e-17,2.51535e-17,-4.12369e-12,1.73032e-12,5.57526e-13,0,-0.498718,-0.3563,0.548477,-0.0105195,3.14159,2.21972,0.240853,3.26692,0.250015,-0.392699,4.43569,-0.377047,3.38851,0.283149,0.523599,0,0,0,-0.0734012,-0.0182166,-0.498718,0.548479,3.16647,2.21972,3.26692,-0.398268,4.43569,3.38849,0.77052,0.00648083,0.00122004,-1.23429,2.30027e-05,6.65448,-0.000970508,-0.271578,0.256573,3.25887,0.0490297,0.0123431,0.99983,-28.618,86.4756,-6.8044,10.4426,5.74191,-20.7198,-625.099,122.673,-117.961
3.24,-6.36618,-1.99576,-0.0857918,0.317413,-0.0120582,1.07626,-0.491962,0.0585305,0.538414,0.959517,3.17096,-3.0702,2.22559,-3.81096,3.28409,-0.936511,-0.385195,-313458,4.44312,-2.34936,3.38126,1.96298,0.800112,-5.31602,-2.03245,-7.6576,-0.390246,-7.57464,-3.75764,-4.76629,-2.01506,-7.14941,-0.600577,-7.18283,-3.37166,0.567578,-0.141673,0.231794,-0.0836413,0.00380746,0.44655,-0.0185065,-0.724148,-0.49841,-2.35531,0.548787,-0.0514467,3.16678,0.729535,2.21914,1.27936,3.26634,1.19408,-0.398859,13.5691,4.43667,-1.87571,3.38948,1.52916,0.771474,-0.0496945,1.00681,0.598552,-1.266,1.38855,-30.0937,13.4809,-29.7609,18.7603,15.3745,-8.83302,19.6131,-18.5431,5.49709,-1.67641,-0.00215026,0.00485113,-0.72819,11.3545,-20.5588,16.6523,0,4.34396,-1.86874,4.8703,-6.00672,1.64694,3.51341,-7.74307,4.97714,-3.02935,212.892,-30.2421,21.5959,-0.299143,139.379,0.196935,-1.42631,0.0822246,-6.39895,76.8413,-5.70137,3.33962,-0.0682118,-1.36514,1.35576,0.200661,-0.219435,-0.0545021,0.0379983,14.3011,23.6526,-1.01966,-13.4543,6.1348,2090.66,26.1642,42.8556,0.248604,0.0847762,-0.321554,-6.36624,-1.99957,0.00380746,0,599,-1.38778e-17,-2.77556e-17,-7.45931e-17,1.00614e-16,5.55112e-17,-2.77556e-17,7.83878e-17,5.284e-12,1.17636e-11,3.29529e-12,0,-0.49841,-0.35975,0.548789,-0.0105071,3.14159,2.21914,0.255872,3.26633,0.238817,-0.392699,4.43667,-0.375163,3.38947,0.305833,0.523599,0,0,0,-0.0834626,-0.0185065,-0.49841,0.548787,3.16678,2.21914,3.26634,-0.398859,4.43667,3.38948,0.771474,0.00644824,0.0164458,-1.27982,-8.13808e-06,7.18862,-0.0136424,-0.273027,0.271151,3.28747,0.0490215,0.0123404,0.999813,-30.1704,87.8032,-6.90251,15.0082,-0.173019,-19.2645,-629.892,124.705,-120.224
3.28,-6.36638,-1.99605,-0.0818266,0.322468,-0.0120903,1.07964,-0.490929,0.057334,0.539373,0.97689,3.17188,-3.08377,2.2261,-3.93344,3.28556,-0.919701,-0.385343,-313440,4.44313,-2.35465,3.38281,2.32775,0.847532,-5.3162,-2.03336,-7.65787,-0.390774,-7.57488,-3.75791,-4.76649,-2.0154,-7.14957,-0.600841,-7.18307,-3.37192,0.566424,-0.262536,0.180635,-0.0924756,0.00351912,0.454615,-0.0185276,-0.727374,-0.497366,-2.36514,0.549831,-0.0514316,3.16782,0.697446,2.21966,1.35763,3.26686,1.12213,-0.398331,13.099,4.4367,-1.68489,3.3895,1.87086,0.771495,-0.0498449,1.00838,0.607319,-1.26793,1.3868,-30.5576,13.5141,-29.755,18.8475,15.7159,-8.85931,19.6197,-18.629,5.50565,-1.68208,-0.00214054,0.0048166,-0.727581,11.2919,-20.4287,16.7296,0,4.3514,-1.67986,4.7874,-6.0671,1.56663,3.26995,-7.57244,4.98731,-2.82738,-341.805,5.45777,7.68786,-1.07545,277.147,-9.62847,2.39121,0.295595,-5.93601,-70.4015,3.20081,0.223363,-0.321591,-0.935782,1.66515,0.200819,0.0991293,0.12636,0.0845277,14.2709,24.0868,-0.33934,-16.5035,6.45638,448.925,26.0322,43.9632,0.24899,0.080636,-0.298286,-6.36647,-1.99957,0.00351912,0,598,-6.93889e-18,-1.38778e-17,-7.45931e-17,1.00614e-16,1.38778e-17,-2.77556e-17,4.62412e-17,3.06837e-12,-6.19003e-12,3.00322e-13,0,-0.497366,-0.361253,0.549828,-0.010504,3.14159,2.21966,0.271526,3.26686,0.224425,-0.392699,4.4367,-0.337003,3.38949,0.374171,0.523599,0,0,0,-0.0922291,-0.0185276,-0.497366,0.549831,3.16782,2.21966,3.26686,-0.398331,4.4367,3.3895,0.771495,0.00643737,0.0591233,-1.18724,-1.15576e-05,12.7079,-0.0643182,-0.187156,0.333029,-2.74696,0.0490188,0.0123394,0.999827,-28.5382,87.3869,-7.23448,23.4705,-8.26191,-16.6852,-460.973,73.6982,-95.5256
3.32,-6.36603,-1.99484,-0.105015,0.3074,-0.0124521,1.07061,-0.489803,0.0442677,0.540293,0.984306,3.17289,-3.14886,2.22571,-4.14988,3.28607,-0.894919,-0.386676,-313335,4.44076,-3.05534,3.37958,1.75612,0.922996,-5.31584,-2.03335,-7.65694,-0.389084,-7.57591,-3.7555,-4.76615,-2.01476,-7.14872,-0.599347,-7.18322,-3.37041,0.55326,-0.47713,-0.598759,-0.0884953,0.00472805,0.456134,-0.0189112,-0.725601,-0.496263,-2.39047,0.550935,-0.0514513,3.16893,0.635021,2.21925,1.38424,3.26645,1.00056,-0.398741,13.5091,4.4343,-1.83858,3.3871,5.09455,0.769138,-0.0497758,1.0076,0.609579,-1.26723,1.39131,-30.8158,13.5446,-29.9403,19.0321,15.8336,-8.89235,19.7738,-18.813,5.52684,-1.69556,-0.00215045,0.00486028,-0.725594,11.0128,-20.3603,16.8176,0,4.31411,-1.45719,4.74632,-6.10459,1.5047,2.86567,-7.02724,4.68895,-2.36603,-32.1844,-14.792,15.6081,-0.175689,204.465,-4.02237,0.194623,0.0486749,-6.28864,39.7573,-7.19408,6.51842,-0.132694,1.25733,13.4513,0.200735,-0.579722,-0.376692,-0.225936,13.9459,24.2733,-1.62719,-21.9242,6.33291,2615.81,8.45541,12.3943,0.25024,0.0775455,-0.316581,-6.36602,-1.99957,0.00472805,0,600,-2.08167e-17,0,-1.04083e-17,-2.08167e-17,4.16334e-17,-4.16334e-17,7.54605e-17,-4.78475e-13,4.90802e-13,-3.85025e-13,0,-0.496263,-0.365063,0.550937,-0.0105123,3.14159,2.21925,0.276848,3.26645,0.200112,-0.392699,4.4343,-0.367564,3.38713,1.01891,0.523599,0,0,0,-0.0882857,-0.0189112,-0.496263,0.550935,3.16893,2.21925,3.26645,-0.398741,4.4343,3.3871,0.769138,0.0064591,0.00973103,-1.25756,0.000293609,15.289,-0.0265388,0.251465,2.69026,1.93332,0.0490243,0.0123413,0.999768,-38.0518,92.2726,-7.58537,21.6565,-11.7202,-16.9562,-533.692,243.903,-169.752
3.36,-6.36605,-1.9939,-0.128217,0.292333,-0.0127982,1.06381,-0.488891,0.0360569,0.541604,0.988002,3.17376,-3.21642,2.22564,-4.53618,3.28952,-0.863682,-0.388099,-1.80817e+06,4.44042,-173965,3.40188,-43.3722,15.7548,-5.31585,-2.03346,-7.65645,-0.387824,-7.57657,-3.75411,-4.76618,-2.01438,-7.14825,-0.598134,-7.18372,-3.36919,0.545489,-0.85856,-173977,-0.111908,0.00567078,0.464271,-0.0192573,-0.732251,-0.49535,-2.33414,0.551847,-0.0515216,3.16984,0.561646,2.21918,1.544,3.26637,0.84291,-0.398825,12.8388,4.43396,-1.53664,3.38676,11230.6,0.76875,-0.050231,1.01225,0.617092,-1.27281,1.37831,-30.6579,13.4468,-29.3239,18.6202,15.8578,-8.77834,19.2593,-18.4075,5.49456,-1.67225,-0.00218697,0.00488,-0.7333,10.755,-20.1916,16.8182,0,4.42689,-1.04689,4.60883,-6.14603,1.38081,2.23497,-6.38863,4.39077,-1.86817,-405.941,9.70913,6.05629,-2.34629,287.362,-10.8518,2.79905,0.650781,-5.65406,-1.24142e+08,27508.7,-1569.87,-4302.78,8114.71,1.11682e+08,0.201193,-0.580027,-0.376688,-0.169774,13.7427,24.3662,-1.68914,-31.5837,6.22927,-3.73708e+07,-4.34903e+06,-1123.57,0.248097,0.0709701,-0.283894,-6.36602,-1.99957,0.00567078,0,600,1.38778e-17,-1.38778e-17,-4.51028e-17,4.33681e-17,-6.245e-17,-4.16334e-17,-7.45931e-17,-3.7246e-12,2.33791e-12,-2.27374e-12,0,-0.49535,-0.356484,0.55185,-0.010525,3.14159,2.21918,0.308804,3.26637,0.168582,-0.392699,4.43396,-0.439414,3.38674,2246.11,0.523599,0,0,0,-0.111475,-0.0192573,-0.49535,0.551847,3.16984,2.21918,3.26637,-0.398825,4.43396,3.38676,0.76875,0.0064591,0.180763,-1.22631,-1313.35,1.74831e+07,-860.556,1622.94,2.23363e+07,-4.96873e+06,0.0490243,0.0123413,0.999722,-35.9323,89.8908,-7.88092,31.5406,-24.9927,-14.0248,8.74149e+07,-2.43944e+07,2.46639e+07
3.4,-6.3662,-1.9934,-0.142544,0.284173,-0.0130778,1.06059,-0.488378,0.0297949,0.542296,0.986824,3.17426,-3.26431,2.22611,-4.99734,3.29706,-0.83076,-0.3889,-1.80827e+06,4.44112,-61.8192,3.43128,0.774686,1.05081,-5.316,-2.0337,-7.65632,-0.387354,-7.57685,-3.75365,-4.76634,-2.01433,-7.14801,-0.597419,-7.18425,-3.36846,0.539426,-1.31138,-59.4387,-0.135444,0.00616753,0.472855,-0.0195261,-0.711843,-0.494827,-2.30809,0.552371,-0.0514844,3.17037,0.468533,2.21966,1.71781,3.26686,0.689456,-0.398337,16.3405,4.43467,-2.37464,3.38747,192.814,0.769455,-0.0507956,1.01805,0.625548,-1.2798,1.36615,-30.1247,13.4055,-28.8252,18.3512,15.3609,-8.71328,18.8506,-18.1401,5.49348,-1.66998,-0.0021417,0.00471484,-0.740554,10.3943,-20.0361,16.8326,0,4.57925,-0.607375,4.47938,-6.20055,1.23601,1.58271,-5.79957,4.11011,-1.4406,977.148,-67.7701,35.3006,-11.3771,19.4753,10.5454,-5.32618,3.14828,-8.87745,-13391.2,-1253.25,570.972,-228.282,136.034,20624.4,0.201766,-0.358177,-0.203995,-0.0805726,13.5843,24.337,-1.19717,-43.101,6.08813,-2644.01,-1460.63,-19.6711,0.247918,0.063488,-0.44541,-6.36624,-1.99957,0.00616753,0,599,6.93889e-18,0,-3.64292e-17,8.67362e-18,-6.93889e-18,-1.38778e-17,-1.21431e-17,-6.28908e-11,-8.8161e-11,7.99965e-11,0,-0.494827,-0.35256,0.552373,-0.0105099,3.14159,2.21966,0.343563,3.26685,0.137891,-0.392699,4.43467,-0.477831,3.38745,38.5628,0.523599,0,0,0,-0.134665,-0.0195261,-0.494827,0.552371,3.17037,2.21966,3.26686,-0.398337,4.43467,3.38747,0.769455,0.00644824,0.633097,-1.77765,-0.306618,5279.97,-45.6565,27.2069,4124.87,-469.166,0.0490215,0.0123404,0.999698,-32.9361,87.5167,-8.04988,44.4214,-39.1208,-10.7825,25438.2,5460.47,-817.869
3.44,-6.36607,-1.99244,-0.16413,0.267845,-0.0132673,1.04796,-0.486339,0.00786301,0.544266,0.996622,3.17613,-3.29969,2.22671,-5.40562,3.31072,-0.80665,-0.389009,-1.98902e+07,4.43678,-531010,3.34574,-84.3186,29.3939,-5.31583,-2.03416,-7.65605,-0.386557,-7.5786,-3.75087,-4.76621,-2.01367,-7.14762,-0.596311,-7.18438,-3.36735,0.517594,-1.70589,-531036,-0.150063,0.00712649,0.479849,-0.0197264,-0.682759,-0.492798,-2.31254,0.554399,-0.0514915,3.17239,0.395135,2.22025,1.84028,3.26745,0.620118,-0.397741,14.1504,4.43032,-1.74664,3.38312,21473,0.765159,-0.0512027,1.02218,0.632923,-1.28483,1.35991,-29.6134,13.3866,-28.5471,18.2742,14.7497,-8.67866,18.6222,-18.0649,5.5199,-1.68527,-0.00212632,0.00464465,-0.745852,10.0948,-19.9265,16.8723,0,4.6992,-0.311345,4.39192,-6.25393,1.12184,1.17026,-5.71166,4.14498,-1.30398,58.3138,-20.9484,17.4706,-0.707804,196.611,-2.35223,-0.485963,0.198698,-6.80491,-4.4802e+08,-45279.4,30908,-2058.26,15449.7,3.37758e+08,0.20217,-0.539665,-0.408191,-0.315693,13.0372,24.5835,-0.88454,-53.2929,6.6713,-4.52048e+08,-1.32752e+07,-2147.23,0.249315,0.0576675,-0.342092,-6.36602,-1.99957,0.00712649,0,600,1.38778e-17,2.77556e-17,3.98986e-17,-1.04083e-17,0,0,8.67362e-18,6.00701e-12,1.42809e-11,-1.29603e-11,0,-0.492798,-0.353218,0.554401,-0.0105106,3.14159,2.22025,0.368052,3.26745,0.124024,-0.392699,4.43032,0.159261,3.38315,4294.59,0.523599,0,0,0,-0.149003,-0.0197264,-0.492798,0.554399,3.17239,2.22025,3.26745,-0.397741,4.43032,3.38312,0.765159,0.0064591,-0.00901113,-0.994924,7999.17,6.38871e+07,-411.651,3089.93,6.75515e+07,-1.79184e+07,0.0490243,0.0123413,0.999651,-39.4292,90.0039,-8.69503,53.0714,-47.2956,-9.93298,3.19435e+08,-8.87331e+07,8.92484e+07
3.48,-6.36585,-1.99286,-0.160262,0.263827,-0.0127181,1.04048,-0.484208,-0.00357756,0.547067,1.01605,3.17813,-3.27198,2.22607,-5.56316,3.32157,-0.76564,-0.389993,-2.09195e+07,4.42821,-68893.7,3.35557,-30.162,11.4109,-5.31555,-2.03486,-7.65646,-0.387072,-7.58092,-3.74833,-4.76598,-2.01321,-7.14816,-0.597155,-7.18341,-3.36821,0.506957,-1.8516,-68901.8,-0.172218,0.00671071,0.486237,-0.0191881,-0.714169,-0.490678,-2.21838,0.55652,-0.0513857,3.17451,0.385842,2.2196,1.95301,3.26679,0.587788,-0.398397,14.9265,4.42174,-1.98049,3.37454,7928.53,0.756555,-0.0519058,1.02934,0.639508,-1.29321,1.3479,-29.7223,13.2759,-27.8746,17.7179,15.2139,-8.54057,18.0396,-17.5122,5.45084,-1.6371,-0.00201357,0.00432956,-0.755446,10.1148,-19.9091,16.8099,0,4.87851,-0.17701,4.31357,-6.23882,1.06766,0.914924,-5.67393,4.15534,-1.24037,246.675,-31.3643,20.972,-1.70063,166.234,0.78471,-1.68649,0.490807,-7.44367,-5.97314e+07,-25271,13809.9,-1662.21,5643.25,4.16501e+07,0.202879,0.0966981,-0.100459,-0.1872,12.7478,25.0704,0.692721,-57.2474,7.69433,-2.57324e+07,-1.72226e+06,-793.315,0.245844,0.0548048,-0.374438,-6.3658,-1.99957,0.00671071,0,601,2.08167e-17,2.77556e-17,5.0307e-17,-5.0307e-17,-2.77556e-17,-4.16334e-17,-1.56125e-17,-2.13847e-10,6.64905e-11,-3.43334e-11,0,-0.490678,-0.338988,0.556517,-0.0104691,3.14159,2.2196,0.390602,3.26679,0.117558,-0.392699,4.42174,-0.355567,3.37455,1585.71,0.523599,0,0,0,-0.1706,-0.0191881,-0.490678,0.55652,3.17451,2.2196,3.26679,-0.398397,4.42174,3.37454,0.756555,0.00646996,0.0896637,-1.45985,212.866,8.71431e+06,-332.441,1128.65,8.33003e+06,-2.39002e+06,0.049027,0.0123422,0.999671,-34.8588,85.8808,-9.38356,66.5774,-56.3998,-6.79825,4.35709e+07,-1.16329e+07,1.18232e+07
3.52,-6.36536,-1.99409,-0.135409,0.268232,-0.0115459,1.02912,-0.482568,-0.0219632,0.548889,1.02065,3.17967,-3.18168,2.22555,-5.21667,3.30409,-0.714482,-0.39026,-2.09194e+07,4.4242,-2.41991,3.36325,2.27809,0.829344,-5.31501,-2.03513,-7.6575,-0.388959,-7.58036,-3.7489,-4.76547,-2.01256,-7.14931,-0.599306,-7.18131,-3.3704,0.488852,-1.52232,0.114001,-0.168272,0.00547434,0.477267,-0.0180376,-0.689923,-0.48906,-2.18926,0.558138,-0.0513641,3.17613,0.390974,2.21906,1.9106,3.26626,0.618537,-0.398937,13.8288,4.41771,-1.76509,3.37051,2.07773,0.752493,-0.0517854,1.02805,0.629201,-1.29112,1.3447,-28.5135,13.1512,-27.5772,17.4352,14.2115,-8.42623,17.7682,-17.2326,5.44584,-1.63066,-0.00196871,0.00422247,-0.762467,10.0533,-19.9886,16.703,0,4.83931,-0.168032,4.35702,-6.16694,1.12907,0.997534,-5.67694,4.07696,-1.2897,-48.1997,-14.8343,15.041,-0.626305,216.298,-3.90327,-0.0532149,0.183054,-6.44285,21.3415,-2.80653,2.4729,-0.189343,-0.985619,1.90519,0.202759,0.621334,0.110135,-0.28389,12.2879,25.1868,2.25748,-48.598,8.8588,876.811,23.9274,42.156,0.246629,0.0581988,-0.32574,-6.36536,-1.99957,0.00547434,0,603,1.38778e-17,1.38778e-17,1.56125e-17,-1.56125e-17,0,-4.16334e-17,3.98986e-17,-6.80682e-11,5.9618e-10,-4.03591e-11,0,-0.48906,-0.334566,0.558141,-0.0104583,3.14159,2.21906,0.382122,3.26625,0.123707,-0.392699,4.41771,-0.353086,3.37049,0.415545,0.523599,0,0,0,-0.166754,-0.0180376,-0.48906,0.558138,3.17613,2.21906,3.26626,-0.398937,4.41771,3.37051,0.752493,0.00649169,0.0366175,-1.28867,-3.37569e-05,10.2128,-0.0378687,-0.197124,0.381038,0.559371,0.0490325,0.012344,0.999732,-36.9277,85.5744,-9.90472,72.5058,-56.5591,-5.0217,-555.505,115.63,-109.286
3.56,-6.36517,-1.99405,-0.13103,0.262852,-0.0111647,1.01576,-0.480652,-0.043252,0.551113,1.02418,3.18147,-3.13218,2.22524,-4.77009,3.29327,-0.726427,-0.389842,-2.09194e+07,4.42231,-2.35897,3.36074,2.31056,0.815198,-5.31476,-2.03553,-7.65777,-0.389065,-7.58032,-3.74845,-4.76527,-2.01192,-7.14965,-0.599568,-7.18059,-3.37068,0.467983,-1.08697,0.186574,-0.142833,0.0055106,0.451692,-0.0176673,-0.659713,-0.487155,-2.14218,0.560043,-0.0513445,3.17804,0.397223,2.21874,1.7312,3.26594,0.679999,-0.399253,13.3334,4.4158,-1.82884,3.36861,1.83062,0.750644,-0.0510136,1.02014,0.600328,-1.28116,1.34725,-26.4786,12.8885,-27.2754,17.0233,12.5988,-8.20218,17.4524,-16.8252,5.4344,-1.61753,-0.00190141,0.00411525,-0.772977,9.82159,-20.1991,16.521,0,4.65613,-0.253263,4.53955,-6.04032,1.29673,1.27902,-5.53846,3.77911,-1.34778,-168.996,-6.80176,12.2676,-0.565684,238.243,-6.16935,0.739567,0.166317,-6.07162,-15.9293,-0.359978,1.52351,-0.160243,-1.01687,1.64431,0.201976,0.109464,-0.134505,-0.334082,11.7552,25.2764,1.23771,-37.4413,7.89265,913.091,25.4034,44.781,0.24692,0.0670627,-0.308117,-6.36514,-1.99956,0.0055106,0,604,6.93889e-18,4.16334e-17,4.51028e-17,-7.11237e-17,-2.77556e-17,-1.38778e-17,-1.73472e-17,-3.42361e-10,-5.30911e-10,6.67368e-12,0,-0.487155,-0.327433,0.560041,-0.0104461,3.14159,2.21874,0.34624,3.26594,0.136,-0.392699,4.4158,-0.365688,3.36864,0.366123,0.523599,0,0,0,-0.141911,-0.0176673,-0.487155,0.560043,3.17804,2.21874,3.26594,-0.399253,4.4158,3.36861,0.750644,0.00650256,0.0332564,-1.21421,3.59025e-05,11.229,-0.0320485,-0.203373,0.328862,-0.686038,0.0490352,0.012345,0.99973,-37.3666,83.9806,-10.5159,57.8522,-44.1655,-7.92382,-514.134,96.1372,-98.5142
3.6,-6.36447,-1.99329,-0.145107,0.255917,-0.0116645,1.01584,-0.480593,-0.0418404,0.551778,1.01982,3.1816,-3.17311,2.22774,-4.6388,3.29343,-0.774075,-0.386762,-2.09193e+07,4.42005,-2.33117,3.35724,2.11792,0.782919,-5.31408,-2.0356,-7.65691,-0.389176,-7.58118,-3.74636,-4.76458,-2.01195,-7.14826,-0.598408,-7.18058,-3.3695,0.469932,-0.958615,0.243154,-0.138397,0.00627354,0.438218,-0.0181997,-0.665976,-0.487129,-2.06024,0.560069,-0.0513432,3.17806,0.453815,2.22121,1.63632,3.2684,0.744802,-0.396787,13.5305,4.41352,-1.97569,3.36632,1.57392,0.748331,-0.0508969,1.01885,0.584858,-1.27959,1.34325,-25.5015,12.6945,-26.817,16.5172,12.1048,-8.01594,17.0275,-16.3247,5.38102,-1.5747,-0.00186056,0.00402393,-0.782826,9.96396,-20.3815,16.3483,0,4.64085,-0.473217,4.70706,-5.98479,1.42191,1.52702,-5.58834,3.67809,-1.46178,85.308,-22.5662,17.8073,-0.233691,169.785,-1.47691,-0.937441,0.0691894,-6.29717,49.1077,-4.00968,2.57409,-0.0550519,-1.28475,1.41958,0.201845,-0.351914,-0.173366,0.00204018,11.7901,25.1681,-1.02343,-34.0966,6.61599,2518.44,26.0422,45.2381,0.243711,0.0732762,-0.318706,-6.36447,-1.99956,0.00627354,0,607,-6.93889e-18,0,2.77556e-17,2.42861e-17,0,-1.38778e-17,1.73472e-17,3.41761e-10,-1.14924e-09,-2.49242e-10,0,-0.487129,-0.315004,0.560071,-0.0104361,3.14159,2.22121,0.327264,3.2684,0.14896,-0.392699,4.41352,-0.395128,3.36633,0.314783,0.523599,0,0,0,-0.137566,-0.0181997,-0.487129,0.560069,3.17806,2.22121,3.2684,-0.396787,4.41352,3.36632,0.748331,0.00653516,0.0138375,-1.25942,4.45717e-06,8.67362,-0.0110104,-0.256949,0.283916,2.15727,0.0490434,0.0123477,0.999692,-27.7871,77.7108,-10.5345,40.8062,-33.3128,-12.2429,-598.793,118.141,-107.883
3.64,-6.36446,-1.99278,-0.157874,0.250714,-0.0120372,1.01506,-0.480274,-0.0459245,0.551958,1.01925,3.18188,-3.22129,2.22987,-4.88386,3.29927,-0.775629,-0.385097,-2.09191e+07,4.40484,-2.30136,3.34079,2.09906,0.764799,-5.31406,-2.03585,-7.65682,-0.389459,-7.58738,-3.7394,-4.76458,-2.01203,-7.14773,-0.597605,-7.18108,-3.36869,0.465746,-1.19949,0.274635,-0.152764,0.00678437,0.446504,-0.0185723,-0.641169,-0.486809,-2.07816,0.560388,-0.0515543,3.17838,0.439423,2.22334,1.72488,3.27054,0.704078,-0.394654,13.6042,4.3983,-2.1097,3.35111,1.45964,0.733107,-0.0513041,1.02301,0.594171,-1.28476,1.33869,-25.3369,12.7378,-26.7171,16.5578,11.7795,-8.0408,16.9609,-16.3645,5.40842,-1.59124,-0.00203075,0.00436307,-0.784672,9.98909,-20.3102,16.3858,0,4.71468,-0.376792,4.66973,-6.05405,1.34932,1.3566,-5.52813,3.70816,-1.38883,45.2847,-20.1757,16.8457,-0.126426,182.261,-1.91249,-0.913095,0.039183,-6.24009,37.9285,-3.17067,2.17081,-0.0277463,-1.33637,1.37989,0.202254,-0.319176,-0.130083,-0.0193532,11.6875,25.147,-1.2045,-40.1697,6.58167,4592.97,26.407,46.3915,0.244301,0.0693296,-0.316066,-6.36447,-1.99956,0.00678437,0,607,-6.93889e-18,1.38778e-17,6.93889e-18,-5.20417e-18,-1.38778e-17,-1.38778e-17,-1.38778e-17,4.77814e-11,1.12053e-11,7.2715e-12,0,-0.486809,-0.317734,0.560385,-0.0104949,3.14159,2.22334,0.344976,3.27054,0.140816,-0.392699,4.3983,-0.421953,3.3511,0.291929,0.523599,0,0,0,-0.151642,-0.0185723,-0.486809,0.560388,3.17838,2.22334,3.27054,-0.394654,4.3983,3.35111,0.733107,0.00653516,0.00783687,-1.24804,-5.29144e-06,9.20178,-0.00554926,-0.267274,0.275979,1.66306,0.0490434,0.0123477,0.999667,-28.2305,77.9763,-10.6285,45.013,-38.499,-12.1929,-595.855,113.896,-98.7122
3.68,-6.3638,-1.99176,-0.180071,0.240084,-0.0126094,1.01461,-0.479979,-0.045997,0.552339,1.02323,3.18216,-3.28534,2.23171,-5.27421,3.31089,-0.776296,-0.383911,-2.09191e+07,4.39943,-2.64468,3.33726,2.02743,1.45139,-5.31341,-2.03592,-7.65574,-0.388927,-7.5895,-3.73571,-4.76393,-2.01193,-7.14627,-0.596141,-7.18121,-3.3672,0.465774,-1.5794,-0.758819,-0.165877,0.00779599,0.455261,-0.0191772,-0.655584,-0.486547,-2.06661,0.560651,-0.0515753,3.17864,0.383442,2.22514,1.83522,3.27234,0.642484,-0.392856,13.1036,4.39287,-1.94033,3.34567,3.3417,0.727672,-0.0517172,1.02714,0.604169,-1.29,1.33547,-25.8577,12.769,-26.618,16.5296,12.2689,-8.0535,16.8865,-16.3368,5.39748,-1.5831,-0.00204187,0.00436386,-0.785177,9.80413,-20.2114,16.4604,0,4.79934,-0.157861,4.61136,-6.13973,1.23776,1.0408,-5.46137,3.75687,-1.27816,-638.604,21.5795,2.97326,-2.36429,381.551,-14.987,3.36055,0.744353,-5.7233,-292.553,14.6934,-2.14381,-1.26851,0.159004,5.64163,0.202657,-0.554919,-0.265762,-0.0113077,11.686,25.2463,-1.60121,-49.8826,6.58526,147.796,17.6888,23.3961,0.243813,0.0635841,-0.29024,-6.36381,-1.99956,0.00779599,0,610,-2.08167e-17,-6.93889e-17,-5.37764e-17,0,2.77556e-17,1.38778e-17,3.1225e-17,-4.18432e-10,-5.52939e-10,3.16213e-10,0,-0.486547,-0.315975,0.56065,-0.0104988,3.14159,2.22514,0.367045,3.27234,0.128497,-0.392699,4.39287,-0.388073,3.34567,0.66834,0.523599,0,0,0,-0.164442,-0.0191772,-0.486547,0.560651,3.17864,2.22514,3.27234,-0.392856,4.39287,3.34567,0.727672,0.00656776,0.148873,-1.14467,-6.35461e-06,20.6129,-0.253703,0.0318008,1.12833,-13.2189,0.0490516,0.0123505,0.999618,-28.0105,77.8014,-10.7145,49.2962,-44.511,-12.4699,-358.207,61.45,-52.6761
3.72,-6.36356,-1.98981,-0.222004,0.214569,-0.0134547,1.00171,-0.478336,-0.0673638,0.553714,1.02521,3.18367,-3.3806,2.23409,-5.93432,3.41286,-0.795386,-0.382217,-2.14339e+07,4.3941,-23806.7,3.11937,-14.2541,5.98892,-5.31315,-2.03623,-7.65482,-0.387543,-7.59235,-3.73093,-4.76371,-2.01134,-7.14485,-0.593533,-7.18214,-3.36456,0.444274,-2.13924,-23809.5,-0.188757,0.00974206,0.468773,-0.0200333,-0.610893,-0.484915,-2.09773,0.562283,-0.0515861,3.18028,0.341787,2.22752,1.98854,3.27471,0.567425,-0.390471,13.5251,4.38752,-2.00535,3.34033,3952.44,0.722375,-0.0525054,1.03517,0.619741,-1.30005,1.32902,-25.5061,12.8356,-26.4373,16.594,11.6339,-8.08571,16.7564,-16.4015,5.44985,-1.61597,-0.00203849,0.00431034,-0.789412,9.74129,-20.1301,16.5392,0,4.97752,0.0224509,4.54504,-6.24775,1.10391,0.656276,-5.37673,3.81213,-1.14118,-246.863,-3.46074,11.2389,-0.848965,270.841,-7.14742,0.684579,0.271375,-6.02827,-1.40308e+07,1447.43,2532.62,-502.962,2704.34,1.22869e+07,0.203438,-1.04834,-0.637873,-0.322602,11.1533,25.2975,-2.38151,-66.3257,6.11131,-1.28697e+07,-595083,-395.615,0.245715,0.0565841,-0.305483,-6.36358,-1.99955,0.00974206,0,611,6.93889e-18,2.77556e-17,-5.20417e-18,5.20417e-18,-3.46945e-17,0,-4.33681e-17,8.34411e-11,2.03087e-10,-1.84968e-10,0,-0.484915,-0.320674,0.562285,-0.0105035,3.14159,2.22752,0.397701,3.27472,0.113485,-0.392699,4.38752,-0.281099,3.34037,790.487,0.523599,0,0,0,-0.186649,-0.0200333,-0.484915,0.562283,3.18028,2.22752,3.27471,-0.390471,4.38752,3.34033,0.722375,0.00657863,0.0390078,-1.12343,372.764,2.16625e+06,-100.592,540.867,2.45738e+06,-561857,0.0490544,0.0123514,0.999522,-35.9305,81.3617,-11.2303,53.9916,-52.7191,-13.1279,1.08307e+07,-2.65117e+06,2.74598e+06
3.76,-6.3632,-1.98773,-0.269393,0.181064,-0.0141603,0.986085,-0.476063,-0.0878225,0.556566,1.03394,3.18583,-3.46116,2.23607,-7.2319,3.25692,-0.790108,-0.380905,-2.14981e+07,4.38801,-6325.53,3.31431,-7.33466,3.6761,-5.31274,-2.03652,-7.65388,-0.385916,-7.5952,-3.72575,-4.76337,-2.01039,-7.1435,-0.590901,-7.18275,-3.3619,0.424507,-3.59407,-6325.89,-0.232537,0.0118201,0.489117,-0.0207606,-0.634369,-0.482664,-2.01422,0.564534,-0.0515633,3.18253,0.269132,2.22947,2.26367,3.27667,0.448818,-0.38852,15.2547,4.38141,-2.40603,3.33421,2220.69,0.716247,-0.0543062,1.05352,0.644247,-1.32258,1.31464,-26.0548,12.8637,-25.7761,16.1565,12.3498,-8.0369,16.2061,-15.9689,5.39752,-1.57127,-0.00200474,0.00413043,-0.799957,9.57304,-20.1098,16.6084,0,5.39832,0.340824,4.43054,-6.36737,0.891844,-0.124407,-5.27983,3.88961,-0.92281,352.774,-36.5983,21.3887,-2.16683,131.092,3.50704,-2.72394,0.704547,-7.48823,-4.21677e+06,-8160.76,3866.8,-579.198,1507.76,3.09968e+06,0.205223,-1.18473,-0.837606,-0.390571,10.6417,25.5176,-2.01396,-98.7157,6.24631,-1.60421e+06,-158055,-222.618,0.242168,0.0454782,-0.378086,-6.36314,-1.99955,0.0118201,0,613,0,-2.77556e-17,-1.73472e-17,7.11237e-17,-6.93889e-18,1.38778e-17,-1.21431e-17,6.09007e-10,1.18565e-09,-1.08906e-09,0,-0.482664,-0.308007,0.564533,-0.010487,3.14159,2.22947,0.452731,3.27667,0.0897636,-0.392699,4.38141,-0.438535,3.33424,444.138,0.523599,0,0,0,-0.228604,-0.0207606,-0.482664,0.564534,3.18253,2.22947,3.27667,-0.38852,4.38141,3.33421,0.716247,0.00660036,0.129778,-1.46856,59.4975,684695,-115.84,301.553,619936,-167385,0.0490598,0.0123532,0.99942,-36.7255,79.7305,-11.9588,70.3875,-69.7693,-11.4908,3.42268e+06,-748024,801331
3.8,-6.36283,-1.98533,-0.322625,0.136426,-0.0146848,0.954371,-0.472298,-0.135315,0.56053,1.03225,3.18938,-3.52406,2.23804,-9.1635,3.27153,-0.77718,-0.378582,-2.1568e+07,4.39393,-6851.55,3.33467,-6.86835,3.54676,-5.31228,-2.03703,-7.65317,-0.384111,-7.59339,-3.72534,-4.763,-2.00882,-7.1424,-0.588091,-7.18309,-3.35907,0.377425,-5.51339,-6851.77,-0.283048,0.0142186,0.508056,-0.0213069,-0.565198,-0.47892,-1.97529,0.568277,-0.0514991,3.18627,0.216584,2.23142,2.54893,3.27862,0.342279,-0.386572,13.7642,4.3873,-1.58337,3.34011,2105.84,0.722128,-0.0568486,1.07947,0.669627,-1.3543,1.29849,-24.8981,12.938,-25.0226,15.754,11.1358,-8.0022,15.576,-15.5694,5.42468,-1.57552,-0.00192924,0.00384243,-0.817992,9.48731,-20.27,16.6276,0,5.94562,0.57387,4.37014,-6.45994,0.701248,-0.99501,-5.23977,3.94883,-0.726288,-164.172,-9.87066,12.8629,-1.7884,248.037,-5.45437,0.0736386,0.571952,-6.13556,-3.97359e+06,-1155.84,1880.97,-554.602,1439.38,3.42444e+06,0.207723,-1.33079,-1.11596,-0.792858,9.45198,25.4767,-1.57239,-146.957,6.57278,-1.74832e+06,-171205,-210.963,0.242581,0.0356286,-0.308372,-6.3627,-1.99955,0.0142186,0,615,-1.38778e-17,-1.38778e-17,-3.64292e-17,3.64292e-17,-2.77556e-17,-2.77556e-17,0,-4.6703e-10,1.31317e-09,-1.20315e-09,0,-0.47892,-0.302128,0.56828,-0.0104622,3.14159,2.23142,0.509783,3.27862,0.0684558,-0.392699,4.3873,-0.295014,3.34012,421.168,0.523599,0,0,0,-0.276015,-0.0213069,-0.47892,0.568277,3.18627,2.23142,3.27862,-0.386572,4.3873,3.34011,0.722128,0.0066221,0.108684,-1.21225,35.1958,615350,-110.92,287.876,684889,-159056,0.0490653,0.0123551,0.999302,-45.1845,81.1066,-13.157,87.8581,-87.4032,-9.80434,3.07618e+06,-711040,761523
3.84,-6.36189,-1.98459,-0.345379,0.10353,-0.0140888,0.927295,-0.469381,-0.168124,0.564915,1.02909,3.19229,-3.51407,2.23809,-11.5659,3.24309,-0.63298,-0.377849,-2.16845e+07,4.3916,-8532.77,3.28346,-8.92074,4.20837,-5.31124,-2.03693,-7.65308,-0.38386,-7.59247,-3.72415,-4.76205,-2.00713,-7.14229,-0.587814,-7.18133,-3.35882,0.346097,-7.94491,-8533.7,-0.341481,0.0149544,0.524413,-0.0207544,-0.615639,-0.476046,-1.77056,0.571151,-0.0501299,3.18914,0.178542,2.23142,2.85127,3.27862,0.252831,-0.386566,15.4059,4.38493,-1.86192,3.33774,2618.38,0.719772,-0.060431,1.11596,0.696476,-1.39863,1.28137,-25.1065,12.971,-23.9696,14.7676,12.068,-7.88578,14.6603,-14.5968,5.27898,-1.452,-0.000832811,0.00158539,-0.839173,9.47331,-20.6441,16.584,0,6.606,0.781802,4.32405,-6.48105,0.540702,-1.98899,-5.27195,3.9864,-0.560571,50.0817,-22.8863,16.3592,-1.65425,230.222,-1.52134,-1.14019,0.532526,-7.56826,-6.02941e+06,-5156.46,3008.44,-516.613,1785.22,4.28116e+06,0.211201,-0.568866,-0.822404,-0.676888,8.63493,25.4439,0.249698,-207.014,10.185,-2.91257e+06,-213236,-262.273,0.23499,0.0273483,-0.378856,-6.36181,-1.99954,0.0149544,0,619,-6.93889e-18,0,6.93889e-18,-5.72459e-17,5.55112e-17,5.55112e-17,5.46438e-17,1.52871e-10,8.94365e-10,-8.68511e-10,0,-0.476046,-0.271026,0.57115,-0.0100873,3.14159,2.23142,0.570247,3.27863,0.0505661,-0.392699,4.38493,-0.320422,3.33777,523.676,0.523599,0,0,0,-0.32929,-0.0207544,-0.476046,0.571151,3.18914,2.23142,3.27862,-0.386566,4.38493,3.33774,0.719772,0.00666558,0.0962497,-1.4781,84.8993,951180,-103.323,357.045,856232,-241085,0.0490763,0.0123587,0.999266,-39.3545,73.6733,-14.1231,114.612,-107.634,-5.33069,4.75521e+06,-1.10066e+06,1.16347e+06
3.88,-6.36118,-1.98371,-0.365154,0.0724718,-0.0136271,0.888798,-0.465887,-0.225269,0.568791,1.00257,3.19567,-3.49858,2.23829,-11.0206,3.25907,-0.613395,-0.377766,-2.18148e+07,4.39267,-10208.9,3.32273,-9.86421,4.52302,-5.31041,-2.03723,-7.65305,-0.383442,-7.59073,-3.72409,-4.76133,-2.00551,-7.14223,-0.587292,-7.17999,-3.35832,0.289448,-7.38379,-10210.1,-0.367099,0.0158318,0.515028,-0.0203253,-0.485102,-0.472585,-1.70515,0.574612,-0.0499124,3.1926,0.184062,2.23159,2.92031,3.27879,0.278693,-0.386398,15.2109,4.38597,-1.71472,3.33878,2854.91,0.720827,-0.0622142,1.13409,0.692179,-1.42031,1.27168,-21.937,12.856,-23.2146,14.1638,9.2196,-7.70178,13.9867,-14.0016,5.31228,-1.44273,-0.000637704,0.00118669,-0.865931,9.53571,-21.0144,16.4291,0,6.75697,0.910936,4.41918,-6.41322,0.586768,-2.187,-5.38104,3.94417,-0.608934,21.1018,-21.879,15.8547,-1.75672,232.558,-2.00632,-0.995902,0.563808,-7.46398,-7.20026e+06,-5324.72,3172.1,-606.794,1949.16,5.16734e+06,0.212905,-0.49436,-0.776454,-0.962443,7.20885,24.7909,0.387299,-193.378,10.6816,-3.25619e+06,-255138,-285.861,0.238493,0.0299328,-0.376767,-6.36115,-1.99954,0.0158318,0,622,0,1.38778e-17,-1.38778e-17,-3.81639e-17,-1.38778e-17,-2.77556e-17,-2.77556e-17,-4.61529e-12,-1.9405e-10,2.16261e-10,0,-0.472585,-0.261074,0.57461,-0.0100274,3.14159,2.23159,0.584051,3.27879,0.0557385,-0.392699,4.38597,-0.25647,3.33882,570.983,0.523599,0,0,0,-0.352078,-0.0203253,-0.472585,0.574612,3.1926,2.23159,3.27879,-0.386398,4.38597,3.33878,0.720827,0.00669819,0.0943758,-1.43357,156.425,1.13044e+06,-121.359,389.831,1.03347e+06,-287977,0.0490845,0.0123615,0.999223,-42.6876,71.1243,-15.2358,117.72,-109.469,-5.63581,5.65153e+06,-1.32567e+06,1.39414e+06
