t,x,y,theta0,phi1,theta1,phi2,theta2,phi3,theta3,phi4,theta4,phi5,theta5,phi6,theta6,phi7,theta7,phi8,theta8,phi9,theta9,phi10,theta10,x1,Y1,x2,y2,x3,y3,Trix[1],Triy[1],Trix[2],Triy[2],Trix[3],Triy[3],varphi1,varphi2,varphi3,z21,z22,z31,z32,z41,z42,z51,z52,z61,z62,z71,z72,z81,z82,z91,z92,z101,z102,z111,z112,z121,z122,al21,al22,al31,al32,al33,al41,al42,al43,al44,al51,al52,al53,al54,al55,al61,al62,al63,al66,al71,al72,al73,al76,al77,al81,al82,al83,al88,al91,al92,al93,al99,al101,al102,al103,al1010,al111,al112,aL113,al1110,al1111,al121,al122,al123,al1210,,al1211,al1212u1,u2,u3,u4,u5,u6,u7,u8,u9,u10,u11,u12,v1,v2,v3,PSx,PSy,d,d0d,Q,nh1,nh2,nh3,nh4,nh5,nh6,nh7,nh8,nh9,nh10,thetap1d,thetap2d,dthetap2d,thetap3d,dthetap3d,thetap4d,thetap5d,dthetap5d,thetap6d,dthetap6d,thetap7d,thetap8d,dthetap8d,thetap9d,dthetap9d,thetap10d,deltap1d,delta2d,delta3d,thetap0,thetap1,thetap2,thetap3,thetap4,thetap5,thetap6,thetap7,thetap8,thetap9,thetap10,thetaT,K81,K82,K83,K84,K91,K92,K93,K94,sr.Cs, sr.Cs1, 1 - sr.d*sr.Cs,b4,b5,b6,b7,b8,b9,b10,b11,b12
0,-6.50006,-2.00134,0,0,-2.25031e-05,0.523599,-0.523603,-0.523598,0.523595,-3.93463e-05,3.14159,-2.61799,2.22596,-3.27316,3.27316,0.392545,-0.392036,-3.66519,4.18974,-3.14254,3.14254,-0.523685,0.524556,0,0,0,0,0,0,0,0,0,0,0,0,0,0,0,0,0,0,0,0,0,0,0,0,0,0,0,0,0,0,0,0,0,0,0,0,0,0,0,0,0,0,0,0,0,0,0,0,0,0,0,0,0,0,0,0,0,0,0,0,0,0,0,0,0,0,0,0,0,0,0,0,0,0,0,0,0,0,0,0,0,0,0,0,0,0,0,0,0,0,0,0,0,0,0,0,0,0,0,0,0,0,0,0,0,0,0,0,0,0,0,0,0,0,0,0,0,0,3.14159,0,0,0,0,-0.392699,0,0,0,0,0.523599,0,0,0,0,0,0,0,0,0,0,0,0,0,0,0,0,0,0,0,0,0,0,0,0,0,1,0,0,0,0,0,0,0,0,0
0.02,-6.50006,-2.00134,0.0135522,0.0289485,-2.25031e-05,0.569194,-0.523603,-0.473286,0.523594,0.0365656,3.14161,-2.17116,2.22596,-3.18911,3.28147,0.443639,-0.392024,-4.39775,4.18974,1.32277,3.15313,8.76712,0.524558,-5.45006,-2.00137,-7.80831,-0.405539,-7.77614,-3.66242,-4.90006,-2.00137,-7.30003,-0.615678,-7.3001,-3.38696,0.0502873,0.48439,3.95134,0,-0.00133634,-0.0474355,-2.25031e-05,-0.0470431,-0.523603,-0.047587,0.523595,-0.0473626,3.14159,-3.44412,2.22596,2.04012,3.27316,-0.0475478,-0.392036,4.4043,4.18974,-2.26968,3.14254,-0.0474056,0.524556,-0.0474104,1.00006,-0.0118343,-1.25008,1.25008,-0.00806034,8.88945,-17.7789,8.88966,-0.0160861,-4.44472,8.88944,-8.88966,4.44504,-0.0120484,2.58413e-05,-5.16845e-05,-1.11121,-27.9172,-22.3126,14.0975,0,6.25419,10.3444,5.94783,-4.78168,0.889814,0.569128,0.00187858,-0.000817691,-0.275669,34.2395,-23.0999,15.4056,5.12386,0.0812038,3.83226,-3.84072,-2.55771,-0.00619704,0.00572393,-0.00387752,0.00194039,0.00128929,-0.00206578,0.00206474,0.200013,0.677612,1.44743,2.27977,2.51563,1.83025,22.3415,4.20241,2.55466,-36.6281,223.266,464.54,0,0,-0,-6.5,-2,-0.00133634,0,0,-0,-0,-0,0,-0,0,0,0,0,0,0,-0.523603,-0.00950842,0.523594,-0.00947253,3.14159,2.22596,0.408025,3.27316,-0.00950955,-0.392699,4.18974,-0.453927,3.14255,-0.00948112,0.523599,0,0,0,0,-2.25031e-05,-0.523603,0.523595,3.14159,2.22596,3.27316,-0.392036,4.18974,3.14254,0.524556,0,-0.511531,-0.00123939,8.04163e-09,0.0950614,0.000257857,-0.000413156,0.000412948,0.000265182,0.0474074,0.0117992,1.00006,27.08,-9.84604,0.761668,221.865,-82.5718,0.434643,-279.976,91.8496,0.450713
0.04,-6.50008,-2.00159,0.0242595,0.0488634,-3.01889e-05,0.597399,-0.523603,-0.456193,0.522771,0.0524612,3.14161,-2.21293,2.22612,-3.26731,3.2715,0.389363,-0.39186,-4.2779,4.18996,-3.15767,3.15322,-0.530753,0.52478,-5.45008,-2.00164,-7.80835,-0.405874,-7.77611,-3.66277,-4.90008,-2.00164,-7.30004,-0.615929,-7.30012,-3.38721,0.0665562,0.396051,-0.529235,0.0135541,-0.00159419,-0.0281893,-3.01889e-05,-0.0353295,-0.523603,-0.25641,0.523594,-0.0473634,3.14159,0.705954,2.22612,-0.503467,3.27332,-0.0482688,-0.391872,-5.27179,4.18996,2.5665,3.14276,-0.050415,0.524775,-0.0474282,1.00026,0.0122104,-1.25033,1.25114,-0.252629,9.13174,-18.2754,9.15626,-0.872141,-4.68614,9.37842,-9.15627,4.57243,-0.238156,2.60997e-05,-5.22362e-05,-1.08277,10.2077,-25.9206,12.3196,0,14.3432,-8.66997,8.16743,-3.68742,4.44249,-0.639805,0.00292515,-0.000700034,-1.37631,-130.326,-39.8028,15.4669,41.0519,110.903,12.1608,-3.86505,-20.4844,8.47623,7.34971,-0.00986804,0.00238677,0.0126148,2.82559,-2.82385,0.200033,0.535363,0.995742,1.41023,3.37032,2.6251,-2.08813,0.300742,-0.156768,5.99275,-0.745566,-0.352148,0.205738,0.228815,0.440392,-6.5,-2,-0.00159419,0,0,8.67362e-19,5.20417e-18,3.94019e-18,-2.67781e-17,3.64292e-17,3.46945e-17,2.65087e-17,2.77556e-17,2.77556e-17,4.25549e-17,0,-0.523603,-0.0408319,0.523594,-0.00947243,3.14159,2.22612,-0.100693,3.27332,-0.00965376,-0.392699,4.18996,0.513289,3.14277,-0.010083,0.523599,0,0,0,0.0135522,-3.01889e-05,-0.523603,0.523594,3.14159,2.22612,3.27332,-0.391872,4.18996,3.14276,0.524775,0,-4.09679,1.69522,-1.09974e-05,5.91729,0.00252295,0.565119,-0.564771,0.293407,0.0474074,0.0117992,1.00008,11.6489,1.6686,0.807005,-49.6982,19.1131,0.634723,375.089,-128.041,-1.03666
0.06,-6.50009,-2.00166,0.0313627,0.0614401,-3.22242e-05,0.614426,-0.523603,-0.446593,0.522294,0.0613258,3.14162,-2.22187,2.22617,-3.26783,3.27296,0.389369,-0.391817,-4.21063,4.19002,-3.14437,3.14615,-0.526079,0.524835,-5.45009,-2.00171,-7.80836,-0.405962,-7.77611,-3.66287,-4.90009,-2.00171,-7.30004,-0.615996,-7.30013,-3.38728,0.0756779,0.39694,-0.523055,0.0242662,-0.00166245,-0.0166478,-3.22242e-05,-0.0431909,-0.523603,-0.378233,0.523594,-0.047364,3.14159,0.119881,2.22617,-0.148933,3.27336,-0.0481946,-0.391829,-1.7147,4.19002,0.785787,3.14282,-0.0494373,0.524832,-0.0474665,1.00067,0.0266289,-1.25084,1.25309,-0.545425,9.29143,-18.6163,9.3393,-1.22246,-4.84401,9.70547,-9.33931,4.63824,-0.363874,2.62103e-05,-5.25179e-05,-1.06406,2.45011,-25.4263,12.5879,0,12.5292,-1.81406,7.86132,-3.84681,3.86472,-0.132783,0.00298335,-0.000781205,-1.19732,-31.2281,-33.677,15.4759,22.5879,22.6336,9.09931,-3.86278,-11.2699,5.45728,1.4983,-0.00837053,0.00250119,0.00727624,1.81922,-1.81804,0.200075,0.35516,0.628836,0.851342,3.85031,3.06835,-0.446932,0.276452,-0.155846,3.36357,-0.0776371,-0.118129,0.208678,0.199035,0.28351,-6.5,-2,-0.00166245,0,0,-1.73472e-18,-1.73472e-18,3.71636e-18,-3.71678e-18,-2.90566e-17,-2.94903e-17,-3.27971e-17,-1.73472e-17,-1.38778e-17,1.78893e-17,0,-0.523603,-0.0591053,0.523594,-0.0094724,3.14159,2.22617,-0.0297866,3.27336,-0.00963892,-0.392699,4.19002,0.157154,3.14283,-0.00988746,0.523599,0,0,0,0.0242595,-3.22242e-05,-0.523603,0.523594,3.14159,2.22617,3.27336,-0.391829,4.19002,3.14282,0.524832,0,-2.25394,1.09144,-7.08019e-06,1.16252,0.00145525,0.363843,-0.363608,0.059652,0.0474074,0.0117992,1.00008,1.62328,9.03827,0.832177,-10.1107,3.99246,0.518544,114.306,-38.4289,0.0979986
0.08,-6.49972,-2.00174,0.0363961,0.0698925,-4.30086e-05,0.625642,-0.523706,-0.439818,0.521917,0.0668664,3.14151,-2.22211,2.2262,-3.26679,3.27329,0.390492,-0.391782,-4.19077,4.19014,-3.13981,3.14365,-0.524881,0.524925,-5.44972,-2.00175,-7.80798,-0.406048,-7.77573,-3.66297,-4.89972,-2.00181,-7.29966,-0.616064,-7.29978,-3.38735,0.0821793,0.398288,-0.521081,0.0313649,-0.00173946,-0.00978016,-5.36755e-05,-0.0531032,-0.523717,-0.448462,0.52348,-0.0472126,3.14147,-0.0113782,2.22619,-0.074509,3.27339,-0.0481478,-0.391804,-0.412747,4.19013,0.129946,3.14293,-0.0491444,0.524912,-0.0475066,1.00107,0.0352209,-1.25134,1.25483,-0.775114,9.39232,-18.8371,9.45728,-1.36371,-4.94174,9.91114,-9.45548,4.67259,-0.434188,0.000120607,-0.000241909,-1.05252,0.922241,-25.3348,12.6544,0,12.0882,-0.533599,7.80283,-3.88273,3.71295,-0.0422246,0.00289365,-0.000771694,-1.15026,-5.61168,-31.4703,15.4947,17.5029,3.80934,7.99192,-3.86509,-8.73104,4.36641,0.246897,-0.00817877,0.00267387,0.00602082,1.45558,-1.45458,0.200115,0.251669,0.422619,0.56083,4.18078,3.34431,-0.0121539,0.330699,-0.0971885,0.992914,0.156713,-0.0575196,0.210244,0.191219,0.226839,-6.49978,-2,-0.00173946,0,1,0,1.04083e-17,6.73222e-18,-5.34173e-17,2.20093e-17,2.23346e-17,2.06541e-17,-5.89806e-17,-5.72459e-17,-6.25043e-17,0,-0.523717,-0.0696518,0.523478,-0.00944034,3.14159,2.22619,-0.0149018,3.27339,-0.00962956,-0.392699,4.19013,0.0259922,3.14291,-0.00982888,0.523599,0,0,0,0.031352,-5.36755e-05,-0.523717,0.52348,3.14147,2.22619,3.27339,-0.391804,4.19013,3.14293,0.524912,1.06668e-05,-1.74635,0.87333,2.40585e-05,0.232409,0.00120416,0.291116,-0.290915,0.00969021,0.0474101,0.0118001,1.00008,-3.92052,13.3031,0.881084,-1.46512,0.826057,0.492141,25.3645,-8.30265,0.317753
0.1,-6.49869,-2.00182,0.0402233,0.076312,-5.95393e-05,0.634244,-0.52385,-0.434093,0.521594,0.0710466,3.14137,-2.22122,2.2263,-3.26604,3.27342,0.391451,-0.391685,-4.18636,4.18999,-3.13733,3.14286,-0.524423,0.524781,-5.44869,-2.00177,-7.80695,-0.406163,-7.77476,-3.66296,-4.89869,-2.00191,-7.2986,-0.61613,-7.29877,-3.38741,0.0877218,0.399061,-0.519252,0.0363512,-0.00181827,-0.0055015,-0.000123545,-0.0600414,-0.523914,-0.494804,0.523284,-0.0471544,3.14128,-0.0338638,2.22624,-0.0669481,3.27343,-0.0482076,-0.391759,-0.104582,4.18992,-0.0299664,3.14273,-0.0488469,0.524712,-0.047552,1.00141,0.0405922,-1.25177,1.25623,-0.929168,9.46095,-18.9894,9.53925,-1.45178,-5.00826,10.0524,-9.53673,4.69511,-0.479627,0.000165592,-0.000332432,-1.04484,0.711137,-25.3383,12.6673,0,11.9794,-0.355436,7.8045,-3.88747,3.67094,-0.033182,0.00311125,-0.000830354,-1.13723,-0.335109,-30.9222,15.5066,16.447,0.376774,7.71976,-3.86861,-8.20647,4.12242,0.0139523,-0.00694529,0.00232541,0.00491861,1.37425,-1.37343,0.200149,0.191361,0.320975,0.430094,4.46387,3.55365,0.0444776,0.372748,-0.0467219,0.220177,0.272964,-0.0341552,0.211271,0.189058,0.21417,-6.49865,-2,-0.00181827,0,6,5.20417e-18,1.04083e-17,1.0632e-17,-5.7544e-17,-4.30428e-17,-4.29344e-17,-4.76507e-17,-4.19315e-17,-4.18502e-17,-1.52873e-17,0,-0.523914,-0.07661,0.523281,-0.00942756,3.14159,2.22624,-0.0133896,3.27343,-0.00964151,-0.392699,4.18992,-0.00599301,3.14271,-0.00976938,0.523599,0,0,0,0.0363321,-0.000123545,-0.523914,0.523284,3.14128,2.22624,3.27343,-0.391759,4.18992,3.14273,0.524712,6.40059e-05,-1.64141,0.824522,1.94208e-05,0.062231,0.000983721,0.27485,-0.274685,0.000441559,0.0474233,0.0118045,1.00009,-6.81412,15.8466,0.95207,-0.507895,0.563853,0.476852,4.30294,-1.10472,0.423114
0.12,-6.49712,-2.00189,0.0433045,0.0817875,-9.0578e-05,0.641796,-0.524015,-0.428743,0.52129,0.0746678,3.14121,-2.22076,2.22649,-3.26607,3.2736,0.39213,-0.391494,-4.18514,4.1899,-3.1362,3.14265,-0.524308,0.524695,-5.44712,-2.00181,-7.80538,-0.406312,-7.77326,-3.66297,-4.89712,-2.00204,-7.29699,-0.616181,-7.29724,-3.38746,0.0929294,0.399021,-0.518252,0.0401097,-0.00189397,-0.00228238,-0.000229272,-0.0646868,-0.524153,-0.53082,0.523044,-0.047159,3.14104,-0.0370537,2.22635,-0.0698536,3.27355,-0.0483976,-0.391642,-0.0530066,4.18976,-0.0605039,3.14256,-0.0487184,0.524549,-0.0475979,1.0017,0.0446465,-1.25215,1.25741,-1.04164,9.5147,-19.1095,9.60502,-1.52656,-5.06033,10.1635,-9.6021,4.71305,-0.514436,0.000175275,-0.000352157,-1.03896,0.71857,-25.3507,12.6693,0,11.9323,-0.355993,7.81415,-3.8873,3.65146,-0.0361568,0.00381386,-0.00101585,-1.13123,0.553228,-30.8118,15.5191,16.302,-0.183671,7.66464,-3.8723,-8.13538,4.095,-0.027838,-0.00623887,0.00210054,0.00440091,1.36512,-1.36438,0.200179,0.154059,0.273778,0.377589,4.7296,3.73369,0.0228513,0.380795,-0.0108817,0.0614318,0.324716,-0.0277992,0.212088,0.188055,0.212751,-6.49708,-2,-0.00189397,0,13,1.73472e-18,-3.46945e-18,-3.80826e-18,2.73897e-17,2.36356e-17,2.38524e-17,1.82417e-17,3.38271e-17,3.39355e-17,3.26887e-17,0,-0.524153,-0.082018,0.523041,-0.00942801,3.14159,2.22635,-0.0139707,3.27355,-0.00967952,-0.392699,4.18976,-0.0121009,3.14254,-0.00974369,0.523599,0,0,0,0.0400846,-0.000229272,-0.524153,0.523044,3.14104,2.22635,3.27355,-0.391642,4.18976,3.14256,0.524549,0.000138694,-1.62717,0.819032,1.56333e-05,0.0168054,0.000880182,0.273024,-0.272877,-0.00119073,0.0474419,0.0118107,1.00009,-8.3972,17.5607,1.0359,-0.950085,0.779839,0.442909,0.171498,0.348465,0.481476
0.14,-6.49515,-2.00197,0.0459614,0.0868123,-0.000112078,0.64885,-0.524124,-0.423727,0.521058,0.078181,3.1411,-2.22049,2.22653,-3.26577,3.27364,0.392093,-0.391451,-4.18469,4.18983,-3.13555,3.14255,-0.524479,0.524631,-5.44515,-2.00186,-7.80339,-0.406394,-7.77134,-3.663,-4.89515,-2.00215,-7.295,-0.61624,-7.29531,-3.38752,0.0978193,0.399324,-0.517628,0.0431004,-0.00197115,0.0006961,-0.000346823,-0.0681324,-0.524359,-0.562846,0.522839,-0.0471679,3.14083,-0.0401605,2.2263,-0.070648,3.2735,-0.0484301,-0.391695,-0.0443067,4.18959,-0.0675107,3.14239,-0.0486427,0.524388,-0.0476456,1.00195,0.0484069,-1.25247,1.2585,-1.13862,9.56241,-19.217,9.66504,-1.59725,-5.10659,10.2628,-9.6618,4.7294,-0.545085,0.000185598,-0.000373194,-1.03385,0.724513,-25.3609,12.6764,0,11.8825,-0.348726,7.81947,-3.88882,3.63296,-0.0368953,0.00386956,-0.00103011,-1.12548,0.736364,-30.7859,15.5312,16.3162,-0.293691,7.65141,-3.87576,-8.14346,4.10346,-0.037533,-0.00573256,0.00193377,0.00405235,1.36795,-1.36727,0.200204,0.132845,0.251238,0.352696,4.97906,3.90881,0.013505,0.398286,-0.0112386,0.0224779,0.354172,-0.0358647,0.212832,0.187104,0.213194,-6.49505,-2,-0.00197115,0,22,-3.46945e-18,3.46945e-18,5.82081e-18,-2.94632e-17,-6.50521e-19,-6.50521e-19,-7.04731e-18,-8.60857e-17,-8.60857e-17,-8.10712e-17,0,-0.524359,-0.0868268,0.522836,-0.00942929,3.14159,2.2263,-0.0141296,3.2735,-0.00968602,-0.392699,4.18959,-0.0135023,3.14238,-0.00972853,0.523599,0,0,0,0.0430697,-0.000346823,-0.524359,0.522839,3.14083,2.2263,3.2735,-0.391695,4.18959,3.14239,0.524388,0.000234746,-1.62877,0.820716,1.24591e-05,-0.00315637,0.000810471,0.273589,-0.273453,-0.00155646,0.0474658,0.0118187,1.00009,-9.48,18.9539,1.10782,-1.18778,0.887483,0.460765,-0.903559,0.736664,0.533616
0.16,-6.49287,-2.00205,0.0483634,0.0916984,-0.00013922,0.655746,-0.524143,-0.41895,0.520923,0.0819361,3.14109,-2.22053,2.22655,-3.26562,3.27365,0.391632,-0.391439,-4.18461,4.18973,-3.13511,3.14245,-0.52502,0.524543,-5.44287,-2.00197,-7.80108,-0.406453,-7.76913,-3.66302,-4.89287,-2.00227,-7.29268,-0.616295,-7.29307,-3.38758,0.102478,0.399467,-0.517201,0.045656,-0.00204787,0.00363362,-0.000480721,-0.0707844,-0.524484,-0.59311,0.522714,-0.0471527,3.1407,-0.0408978,2.2262,-0.0713769,3.2734,-0.0484305,-0.391791,-0.0426032,4.18939,-0.0695122,3.1422,-0.0485365,0.52419,-0.0476939,1.00218,0.0521209,-1.25278,1.25956,-1.22786,9.60734,-19.3191,9.72318,-1.66767,-5.15013,10.3568,-9.71962,4.74525,-0.573842,0.000212603,-0.000427846,-1.02911,0.758605,-25.3691,12.6847,0,11.8335,-0.358642,7.82307,-3.89096,3.61653,-0.0376071,0.00378303,-0.00100697,-1.12036,0.80482,-30.7796,15.5426,16.3634,-0.326353,7.64872,-3.87922,-8.16833,4.11775,-0.0405263,-0.00506613,0.00171065,0.00359307,1.37272,-1.37212,0.200228,0.120103,0.244303,0.344806,5.21658,4.09733,-0.00190455,0.406147,-0.0327845,0.00399083,0.371476,-0.0624753,0.21355,0.18626,0.21394,-6.4928,-2,-0.00204787,0,32,-3.46945e-18,-1.04083e-17,-9.52065e-18,9.51387e-18,2.08167e-17,2.0383e-17,1.45012e-17,-6.93889e-17,-6.93889e-17,-7.3021e-17,0,-0.524484,-0.0913719,0.522711,-0.00942535,3.14159,2.2262,-0.0142754,3.2734,-0.0096861,-0.392699,4.18939,-0.0139026,3.14218,-0.0097073,0.523599,0,0,0,0.0456199,-0.000480721,-0.524484,0.522714,3.1407,2.2262,3.2734,-0.391791,4.18939,3.1422,0.52419,0.000341501,-1.63373,0.823573,1.12637e-05,-0.0188074,0.000718614,0.274544,-0.274423,-0.00165916,0.0474924,0.0118276,1.0001,-10.2413,20.1622,1.15348,-1.50525,0.991046,0.491662,-1.43178,0.901377,0.59567
0.18,-6.49037,-2.00212,0.0506231,0.0965286,-0.000158348,0.662685,-0.524182,-0.414046,0.520774,0.0856158,3.14105,-2.22086,2.22659,-3.26578,3.27369,0.391046,-0.39139,-4.18475,4.18965,-3.13482,3.14236,-0.525733,0.524457,-5.44037,-2.00205,-7.79855,-0.406539,-7.76667,-3.66303,-4.89037,-2.00238,-7.29015,-0.616356,-7.29059,-3.38764,0.10727,0.39931,-0.516918,0.047946,-0.00212523,0.00672761,-0.000617317,-0.0750918,-0.524641,-0.621813,0.522556,-0.0471321,3.14055,-0.0400082,2.22613,-0.071626,3.27333,-0.0484781,-0.39186,-0.0410327,4.18919,-0.069982,3.14199,-0.0484365,0.523984,-0.0477437,1.0024,0.056036,-1.25307,1.26066,-1.33735,9.6517,-19.4208,9.78044,-1.71178,-5.19313,10.4502,-9.77656,4.75921,-0.600716,0.000245015,-0.000493497,-1.02435,0.814572,-25.3729,12.6945,0,11.779,-0.379501,7.82481,-3.8942,3.6005,-0.0377361,0.00387476,-0.00103181,-1.11539,0.873109,-30.7825,15.5543,16.4245,-0.352244,7.65072,-3.88273,-8.2001,4.13301,-0.0414316,-0.0044227,0.00149427,0.00314844,1.37781,-1.37728,0.20025,0.112984,0.24151,0.346944,5.46045,4.28249,-0.0165898,0.400796,-0.0606413,-0.00723622,0.381425,-0.0976671,0.214183,0.185434,0.214733,-6.49033,-2,-0.00212523,0,43,3.46945e-18,6.93889e-18,-7.2506e-19,7.58942e-19,2.36356e-17,2.34188e-17,2.10606e-17,3.05745e-17,3.03577e-17,1.70762e-17,0,-0.524641,-0.095683,0.522554,-0.00942012,3.14159,2.22613,-0.0143252,3.27333,-0.00969563,-0.392699,4.18919,-0.0139966,3.14198,-0.0096873,0.523599,0,0,0,0.0479045,-0.000617317,-0.524641,0.522556,3.14055,2.22613,3.27333,-0.39186,4.18919,3.14199,0.523984,0.000458969,-1.64008,0.826622,1.02157e-05,-0.0286887,0.000629689,0.275563,-0.275457,-0.00168503,0.0475217,0.0118374,1.0001,-10.8455,21.2908,1.20867,-1.75869,1.04865,0.514619,-1.75466,0.975744,0.660024
0.2,-6.48767,-2.0022,0.0528035,0.101393,-0.000174804,0.669783,-0.524246,-0.408984,0.5206,0.0892105,3.14099,-2.22142,2.22664,-3.26607,3.27375,0.390261,-0.39134,-4.18508,4.18956,-3.13467,3.14227,-0.526618,0.524372,-5.43767,-2.00212,-7.79584,-0.406627,-7.76402,-3.66306,-4.88767,-2.00248,-7.28743,-0.616419,-7.28791,-3.3877,0.112219,0.399016,-0.516772,0.050083,-0.00220278,0.00993498,-0.000761966,-0.0795623,-0.524834,-0.650658,0.522364,-0.0471049,3.14036,-0.0395751,2.22606,-0.0706855,3.27325,-0.0485297,-0.391939,-0.0395352,4.18897,-0.0695147,3.14177,-0.0483397,0.523769,-0.0477958,1.00261,0.0600989,-1.25336,1.2618,-1.45209,9.69679,-19.5249,9.83949,-1.75214,-5.23688,10.5456,-9.83527,4.77314,-0.627449,0.000283576,-0.000571685,-1.01955,0.867212,-25.3734,12.7064,0,11.7173,-0.393378,7.82454,-3.89862,3.58332,-0.0365308,0.00397312,-0.0010591,-1.11005,0.94162,-30.7913,15.5665,16.4945,-0.374101,7.65562,-3.88639,-8.23629,4.14894,-0.0410504,-0.00378682,0.00127992,0.00270659,1.38313,-1.38267,0.200272,0.109018,0.243212,0.354918,5.71216,4.46382,-0.0276775,0.388398,-0.0985437,-0.0164498,0.384431,-0.141539,0.214814,0.184549,0.215562,-6.48763,-2,-0.00220278,0,55,0,-1.04083e-17,-7.72494e-18,3.15774e-17,-3.81639e-17,-3.77302e-17,-3.68629e-17,-3.05745e-17,-3.05745e-17,-3.43421e-17,0,-0.524834,-0.100016,0.522361,-0.00941333,3.14159,2.22606,-0.0141371,3.27325,-0.00970595,-0.392699,4.18897,-0.0139031,3.14176,-0.00966795,0.523599,0,0,0,0.050036,-0.000761966,-0.524834,0.522364,3.14036,2.22606,3.27325,-0.391939,4.18897,3.14177,0.523769,0.000587162,-1.64732,0.829808,1.00753e-05,-0.0370267,0.000541319,0.276626,-0.276535,-0.00166233,0.0475536,0.0118481,1.0001,-11.364,22.3923,1.27523,-1.91558,1.05076,0.540504,-2.00183,1.00309,0.727376
0.22,-6.4848,-2.00227,0.0549385,0.106371,-0.000192201,0.677167,-0.524348,-0.403653,0.520386,0.0927448,3.14089,-2.2222,2.22669,-3.26653,3.2738,0.38925,-0.39129,-4.1856,4.18947,-3.13466,3.14219,-0.527683,0.524287,-5.4348,-2.00217,-7.79296,-0.406713,-7.7612,-3.66308,-4.8848,-2.00258,-7.28453,-0.61648,-7.28507,-3.38776,0.117434,0.398568,-0.516762,0.0521302,-0.00228014,0.0132859,-0.000918291,-0.0842421,-0.525074,-0.680145,0.522123,-0.047066,3.14011,-0.0392235,2.22597,-0.0689391,3.27316,-0.0485833,-0.392029,-0.0381091,4.18874,-0.0682603,3.14155,-0.0482444,0.523542,-0.0478506,1.00283,0.0643478,-1.25365,1.26302,-1.57342,9.74345,-19.6333,9.90143,-1.78985,-5.28214,10.6449,-9.89685,4.78728,-0.6545,0.000331788,-0.000669533,-1.01462,0.921453,-25.3714,12.7202,0,11.6495,-0.40459,7.82274,-3.904,3.56517,-0.0344389,0.00406991,-0.00108654,-1.10442,1.01075,-30.805,15.5796,16.5729,-0.392617,7.66296,-3.89026,-8.27672,4.1657,-0.0395796,-0.0031493,0.00106467,0.0022606,1.38872,-1.38835,0.200293,0.106752,0.248904,0.369189,5.97724,4.64281,-0.0390804,0.368139,-0.147705,-0.0258087,0.380418,-0.194365,0.215454,0.183613,0.216433,-6.48471,-1.99999,-0.00228014,0,68,0,3.46945e-18,-4.37747e-18,5.22585e-17,-1.60462e-17,-1.60462e-17,-2.05727e-17,-1.39862e-17,-1.40946e-17,-1.99629e-17,0,-0.525074,-0.104446,0.522121,-0.00940381,3.14159,2.22597,-0.0137878,3.27316,-0.00971666,-0.392699,4.18874,-0.0136522,3.14154,-0.00964887,0.523599,0,0,0,0.0520774,-0.000918291,-0.525074,0.522123,3.14011,2.22597,3.27316,-0.392029,4.18874,3.14155,0.523542,0.00072609,-1.6554,0.833161,1.01983e-05,-0.0457039,0.000452119,0.277745,-0.277669,-0.00159742,0.0475882,0.0118597,1.00011,-11.8011,23.4845,1.35704,-2.04785,1.02286,0.56972,-2.22608,1.00023,0.798083
0.24,-6.48176,-2.00235,0.0570443,0.111418,-0.000210282,0.684735,-0.524493,-0.398188,0.520125,0.0961048,3.14075,-2.22313,2.22674,-3.26709,3.27386,0.388129,-0.39124,-4.18623,4.18938,-3.13474,3.14211,-0.528824,0.524202,-5.43176,-2.00219,-7.78991,-0.406799,-7.75821,-3.66309,-4.88176,-2.00269,-7.28147,-0.616541,-7.28205,-3.38782,0.122779,0.398015,-0.516836,0.0541323,-0.00235732,0.016842,-0.00107536,-0.0891763,-0.525358,-0.71082,0.52184,-0.0470102,3.13983,-0.0388097,2.22588,-0.0664197,3.27307,-0.0486366,-0.392119,-0.0366428,4.18852,-0.06622,3.14132,-0.0481473,0.523315,-0.0479058,1.00304,0.0688585,-1.25395,1.26432,-1.70336,9.79256,-19.7481,9.96755,-1.82581,-5.3298,10.7498,-9.96259,4.80191,-0.68235,0.000391412,-0.000790676,-1.00947,0.979872,-25.3669,12.7362,0,11.5749,-0.414604,7.81943,-3.91044,3.54587,-0.0315131,0.00416747,-0.00111482,-1.09843,1.08304,-30.8238,15.5938,16.6611,-0.408863,7.67284,-3.89442,-8.32202,4.18352,-0.037011,-0.00250795,0.00084792,0.00180858,1.39467,-1.39437,0.200315,0.105289,0.252367,0.378411,6.24897,4.81387,-0.0468198,0.342537,-0.202379,-0.0316157,0.372004,-0.250994,0.216116,0.182618,0.217358,-6.48179,-1.99999,-0.00235732,0,81,0,-6.93889e-18,-1.03541e-17,3.43963e-17,3.76218e-17,3.76218e-17,4.65123e-17,-4.87891e-17,-4.87891e-17,-5.39526e-17,0,-0.525358,-0.109055,0.521837,-0.00939042,3.14159,2.22588,-0.013284,3.27307,-0.00972733,-0.392699,4.18852,-0.0132441,3.14131,-0.00962945,0.523599,0,0,0,0.0540734,-0.00107536,-0.525358,0.52184,3.13983,2.22588,3.27307,-0.392119,4.18852,3.14132,0.523315,0.000865074,-1.66447,0.836725,1.04014e-05,-0.0513019,0.000361716,0.278934,-0.278874,-0.00149045,0.0476229,0.0118713,1.00011,-12.3286,24.6501,1.45257,-2.08997,0.949445,0.598593,-2.34618,0.950649,0.868744
0.26,-6.47855,-2.00242,0.0591346,0.116597,-0.000228912,0.6926,-0.524684,-0.392438,0.519815,0.0993485,3.14056,-2.22426,2.22679,-3.26778,3.27393,0.386808,-0.391188,-4.187,4.18929,-3.13493,3.14203,-0.530111,0.524116,-5.42855,-2.00219,-7.78668,-0.406883,-7.75505,-3.66311,-4.87855,-2.00279,-7.27823,-0.6166,-7.27887,-3.38788,0.128404,0.397332,-0.517016,0.0560947,-0.00243428,0.020525,-0.00124372,-0.0943659,-0.525699,-0.742234,0.521499,-0.0469389,3.13949,-0.0384111,2.22578,-0.0633816,3.27297,-0.0486923,-0.392218,-0.0351774,4.18828,-0.063672,3.14108,-0.0480508,0.523076,-0.047964,1.00326,0.0735357,-1.25425,1.2657,-1.84056,9.84359,-19.8682,10.0371,-1.85871,-5.37932,10.8594,-10.0317,4.81677,-0.710556,0.000463415,-0.000937173,-1.00417,1.04054,-25.3609,12.7539,0,11.4957,-0.423503,7.81511,-3.91768,3.52579,-0.0280471,0.00426483,-0.00114357,-1.0922,1.15681,-30.8459,15.6091,16.7555,-0.423364,7.68431,-3.89883,-8.37045,4.20203,-0.0337144,-0.0018615,0.000629363,0.00134891,1.40085,-1.40062,0.200338,0.104515,0.258921,0.393229,6.53481,4.97999,-0.0563643,0.310303,-0.267058,-0.0387811,0.358227,-0.314962,0.216788,0.181582,0.218319,-6.47865,-1.99999,-0.00243428,0,95,3.46945e-18,-6.93889e-18,-1.2116e-17,3.61039e-17,-1.73472e-17,-1.72388e-17,-2.67527e-17,-4.22839e-18,-4.44523e-18,1.01644e-19,0,-0.525699,-0.113775,0.521496,-0.0093734,3.14159,2.22578,-0.0126763,3.27297,-0.00973845,-0.392699,4.18828,-0.0127345,3.14107,-0.00961017,0.523599,0,0,0,0.0560295,-0.00124372,-0.525699,0.521499,3.13949,2.22578,3.27297,-0.392218,4.18828,3.14108,0.523076,0.00101481,-1.67415,0.840427,1.07372e-05,-0.0581764,0.000269781,0.28017,-0.280125,-0.0013549,0.0476602,0.0118838,1.00012,-12.7845,25.8136,1.56619,-2.14072,0.862094,0.630673,-2.47973,0.886984,0.942913
0.28,-6.47516,-2.0025,0.0612211,0.122033,-0.000248297,0.700998,-0.524931,-0.386188,0.519445,0.10255,3.14032,-2.22569,2.22684,-3.26869,3.27399,0.385139,-0.391136,-4.18801,4.1892,-3.13529,3.14196,-0.531657,0.52403,-5.42516,-2.00216,-7.78327,-0.406967,-7.75171,-3.66313,-4.87516,-2.00289,-7.27482,-0.616657,-7.2755,-3.38794,0.134525,0.396438,-0.517363,0.0580205,-0.00251095,0.0243935,-0.00143431,-0.0998722,-0.526117,-0.774865,0.521081,-0.0468526,3.13907,-0.0379632,2.22566,-0.0597316,3.27285,-0.0487525,-0.392339,-0.0336627,4.18802,-0.0605093,3.14082,-0.0479575,0.522815,-0.048028,1.00349,0.0784563,-1.25457,1.26719,-1.98727,9.89735,-19.9954,10.1114,-1.88886,-5.43149,10.9753,-10.1055,4.83207,-0.739516,0.000549661,-0.00111295,-0.998634,1.10521,-25.3529,12.7736,0,11.4106,-0.431758,7.80955,-3.92588,3.50463,-0.0239496,0.00436105,-0.00117263,-1.08564,1.23371,-30.8719,15.6256,16.8582,-0.436271,7.69777,-3.90358,-8.42307,4.2215,-0.0295266,-0.00120868,0.000408615,0.000880357,1.40735,-1.4072,0.20036,0.104327,0.271823,0.419927,6.84554,5.14495,-0.0716256,0.267466,-0.349041,-0.0504063,0.335904,-0.39182,0.217481,0.18049,0.219331,-6.47506,-1.99999,-0.00251095,0,111,0,-6.93889e-18,-8.75493e-18,-3.95192e-17,-2.40693e-17,-2.39609e-17,-2.27954e-17,-1.30104e-17,-1.30104e-17,-1.43521e-17,0,-0.526117,-0.118679,0.521078,-0.00935267,3.14159,2.22566,-0.0119463,3.27285,-0.00975051,-0.392699,4.18802,-0.012102,3.14081,-0.00959149,0.523599,0,0,0,0.0579486,-0.00143431,-0.526117,0.521081,3.13907,2.22566,3.27285,-0.392339,4.18802,3.14082,0.522815,0.00118602,-1.68468,0.844322,1.11463e-05,-0.0690306,0.000176071,0.281469,-0.28144,-0.00118407,0.0477029,0.0118981,1.00012,-13.0841,26.9564,1.70445,-2.25761,0.770873,0.66944,-2.69239,0.818536,1.02406
0.3,-6.47159,-2.00257,0.063344,0.127611,-0.00027225,0.709644,-0.525233,-0.379829,0.51901,0.105545,3.14003,-2.22723,2.22689,-3.26966,3.27406,0.383462,-0.391084,-4.18908,4.18911,-3.13568,3.14188,-0.533169,0.523944,-5.42159,-2.00211,-7.77968,-0.40705,-7.7482,-3.66314,-4.87159,-2.00301,-7.27121,-0.616714,-7.27196,-3.388,0.140745,0.395483,-0.517742,0.0599536,-0.00259195,0.0285983,-0.00161885,-0.10562,-0.52658,-0.80986,0.520618,-0.0468047,3.13861,-0.03742,2.22555,-0.0550903,3.27274,-0.0488094,-0.392448,-0.0320702,4.18777,-0.0563389,3.14057,-0.0478596,0.522564,-0.0480902,1.00372,0.0838035,-1.25489,1.26883,-2.14653,9.95557,-20.1341,10.1931,-1.91959,-5.48807,11.1017,-10.1869,4.84854,-0.770108,0.000610555,-0.00123788,-0.992708,1.17654,-25.3417,12.7965,0,11.3156,-0.439064,7.80199,-3.93557,3.48161,-0.0188322,0.00445651,-0.00120245,-1.0785,1.31588,-30.9047,15.6441,16.975,-0.446563,7.71447,-3.90882,-8.48275,4.24268,-0.0238872,-0.000551565,0.000186423,0.000404012,1.41441,-1.41435,0.200384,0.106144,0.27889,0.43231,7.16181,5.29771,-0.0769894,0.22144,-0.431466,-0.0531986,0.311777,-0.467043,0.218226,0.179303,0.22043,-6.4717,-1.99998,-0.00259195,0,126,0,6.93889e-18,-1.13299e-17,1.13841e-17,-1.43657e-17,-1.44199e-17,-1.60191e-17,-8.21283e-18,-8.13152e-18,-1.62867e-17,0,-0.52658,-0.123937,0.520616,-0.00934017,3.14159,2.22555,-0.0110181,3.27274,-0.00976187,-0.392699,4.18777,-0.0112678,3.14056,-0.00957191,0.523599,0,0,0,0.0598745,-0.00161885,-0.52658,0.520618,3.13861,2.22555,3.27274,-0.392448,4.18777,3.14057,0.522564,0.0013466,-1.69662,0.848558,1.10067e-05,-0.0721116,8.08023e-05,0.282883,-0.282869,-0.000956798,0.047743,0.0119116,1.00012,-13.6239,28.2632,1.85782,-2.1783,0.602787,0.704326,-2.67711,0.672519,1.10152
0.32,-6.46782,-2.00266,0.065608,0.13368,-0.000310886,0.719019,-0.525536,-0.372944,0.518571,0.108906,3.13973,-2.22902,2.22694,-3.2708,3.27413,0.381476,-0.391031,-4.19031,4.18902,-3.1362,3.14181,-0.534895,0.523857,-5.41782,-2.00209,-7.77587,-0.407132,-7.74451,-3.66315,-4.86782,-2.00316,-7.26739,-0.61677,-7.26825,-3.38805,0.147486,0.394364,-0.518249,0.0619021,-0.00268407,0.0329215,-0.00183957,-0.110997,-0.527065,-0.846272,0.520133,-0.0468326,3.13812,-0.0371234,2.22542,-0.0500724,3.27261,-0.0488699,-0.392579,-0.0306453,4.18749,-0.0518464,3.1403,-0.0477647,0.522292,-0.0481587,1.00396,0.0893121,-1.25524,1.27059,-2.30765,10.0164,-20.28,10.2804,-1.95577,-5.54717,11.2343,-10.2737,4.86602,-0.801442,0.000626219,-0.00127148,-0.986628,1.24768,-25.3294,12.8208,0,11.2169,-0.444333,7.79374,-3.9459,3.45768,-0.0133759,0.00454698,-0.00123138,-1.07107,1.39653,-30.9398,15.6644,17.0968,-0.454317,7.73218,-3.91453,-8.54494,4.26466,-0.0177338,0.000111897,-3.78135e-05,-8.24388e-05,1.42175,-1.42176,0.200408,0.113198,0.303437,0.468737,7.50428,5.46519,-0.0892179,0.167129,-0.529237,-0.0617091,0.281212,-0.5529,0.219016,0.178068,0.221571,-6.46788,-1.99998,-0.00268407,0,143,0,-6.93889e-18,2.6563e-18,2.1684e-17,2.17586e-17,2.17383e-17,1.08149e-17,-5.95058e-17,-5.94956e-17,-6.32293e-17,0,-0.527065,-0.12941,0.52013,-0.00934421,3.14159,2.22542,-0.0100145,3.27261,-0.00977398,-0.392699,4.18749,-0.0103693,3.14029,-0.00955293,0.523599,0,0,0,0.0618153,-0.00183957,-0.527065,0.520133,3.13812,2.22542,3.27261,-0.392579,4.18749,3.1403,0.522292,0.00152868,-1.70905,0.852953,1.10667e-05,-0.0806829,-1.64878e-05,0.28435,-0.284352,-0.000709112,0.0477884,0.0119268,1.00013,-13.7863,29.4516,2.01982,-2.19456,0.447724,0.746084,-2.78162,0.540665,1.18591
0.34,-6.46387,-2.00274,0.0679495,0.140138,-0.000352386,0.72915,-0.525975,-0.365318,0.517988,0.111968,3.1393,-2.2311,2.22699,-3.27215,3.27421,0.379179,-0.390979,-4.19175,4.18893,-3.13689,3.14174,-0.536823,0.523769,-5.41386,-2.002,-7.77187,-0.407209,-7.74063,-3.66316,-4.86387,-2.00331,-7.26338,-0.616822,-7.26435,-3.3881,0.15496,0.393031,-0.518919,0.0639819,-0.00277508,0.0376951,-0.00207396,-0.118743,-0.527696,-0.88474,0.519501,-0.0468548,3.13749,-0.0365535,2.22527,-0.0443751,3.27247,-0.0489291,-0.392722,-0.0289754,4.18721,-0.0466283,3.14001,-0.0476671,0.522007,-0.0482324,1.00423,0.0954005,-1.25563,1.2726,-2.50741,10.0838,-20.4428,10.3767,-1.96521,-5.6125,11.3819,-10.3694,4.88313,-0.833806,0.000648249,-0.00131836,-0.979875,1.32966,-25.3151,12.849,0,11.1075,-0.451757,7.78407,-3.95783,3.43143,-0.00728023,0.0046241,-0.00125764,-1.06293,1.48671,-30.9805,15.6879,17.2334,-0.462332,7.75247,-3.92102,-8.61457,4.28882,-0.0104864,0.000795405,-0.000268737,-0.000589749,1.42981,-1.42991,0.200435,0.117075,0.322929,0.506547,7.88345,5.61777,-0.104307,0.101921,-0.642477,-0.0717518,0.242237,-0.648796,0.219789,0.176713,0.222824,-6.46385,-1.99997,-0.00277508,0,161,3.46945e-18,0,4.71628e-18,1.97325e-17,-4.45065e-17,-4.45065e-17,-4.6946e-17,-2.63461e-17,-2.64274e-17,-2.22634e-17,0,-0.527696,-0.135193,0.519498,-0.00934679,3.14159,2.22527,-0.00887501,3.27247,-0.00978583,-0.392699,4.18721,-0.00932566,3.14,-0.00953342,0.523599,0,0,0,0.0638864,-0.00207396,-0.527696,0.519501,3.13749,2.22527,3.27247,-0.392722,4.18721,3.14001,0.522007,0.00172158,-1.72299,0.857789,1.21412e-05,-0.0902148,-0.00011795,0.285963,-0.285982,-0.00041819,0.0478366,0.0119429,1.00013,-13.9842,30.7474,2.22895,-2.22146,0.271329,0.791535,-2.89356,0.382905,1.27412
0.36,-6.45974,-2.00282,0.0702987,0.14678,-0.000393177,0.739635,-0.526476,-0.357547,0.51733,0.114666,3.13881,-2.23344,2.22705,-3.27368,3.27428,0.376688,-0.390926,-4.19332,4.18884,-3.13769,3.14167,-0.538836,0.523682,-5.40973,-2.00187,-7.76769,-0.407281,-7.73659,-3.66316,-4.85974,-2.00345,-7.25919,-0.616869,-7.26028,-3.38815,0.162563,0.391526,-0.519703,0.0661401,-0.00286222,0.0428806,-0.00230776,-0.126452,-0.528391,-0.926787,0.518807,-0.0468771,3.1368,-0.035835,2.22513,-0.037797,3.27233,-0.048987,-0.392864,-0.027178,4.18693,-0.0405053,3.13973,-0.0475689,0.521723,-0.0483079,1.00451,0.102019,-1.25604,1.27485,-2.72125,10.1579,-20.623,10.485,-1.97967,-5.68448,11.5452,-10.477,4.90221,-0.868673,0.000671127,-0.00136732,-0.972588,1.42057,-25.2982,12.8812,0,10.9875,-0.459701,7.7726,-3.97152,3.40295,-0.000360736,0.00469845,-0.00128427,-1.05409,1.58372,-31.0274,15.7143,17.3853,-0.468592,7.77569,-3.92823,-8.69187,4.31507,-0.0018542,0.00147632,-0.000498654,-0.00110222,1.43857,-1.43875,0.200464,0.117462,0.33208,0.52425,8.26973,5.7521,-0.116681,0.0279689,-0.765367,-0.0788567,0.197487,-0.748967,0.220651,0.175244,0.224185,-6.45982,-1.99996,-0.00286222,0,179,6.93889e-18,1.38778e-17,-5.42101e-18,2.9924e-17,5.52943e-18,5.42101e-18,1.08149e-17,2.81893e-17,2.80266e-17,1.82146e-17,0,-0.528391,-0.141514,0.518804,-0.00934915,3.14159,2.22513,-0.00755939,3.27233,-0.00979739,-0.392699,4.18693,-0.00810099,3.13972,-0.00951377,0.523599,0,0,0,0.0660349,-0.00230776,-0.528391,0.518807,3.1368,2.22513,3.27233,-0.392864,4.18693,3.13973,0.521723,0.00191458,-1.73845,0.863041,1.30268e-05,-0.0969699,-0.000220445,0.287714,-0.287751,-7.26044e-05,0.0478847,0.0119591,1.00014,-14.5191,32.277,2.45843,-2.16637,0.0477313,0.836607,-2.90854,0.175819,1.36177
0.38,-6.45545,-2.00292,0.0728339,0.15386,-0.000442692,0.750611,-0.526906,-0.349678,0.516734,0.117784,3.13839,-2.23591,2.2271,-3.27526,3.27437,0.374111,-0.390866,-4.19504,4.18883,-3.13878,3.14168,-0.54078,0.523668,-5.40545,-2.00181,-7.76335,-0.407368,-7.73238,-3.66321,-4.85545,-2.00363,-7.25484,-0.616925,-7.25607,-3.38821,0.170256,0.389973,-0.520761,0.0682958,-0.00296717,0.0482902,-0.00256111,-0.133139,-0.529025,-0.971213,0.518173,-0.0469282,3.13616,-0.0352077,2.22498,-0.0305026,3.27218,-0.0490547,-0.39301,-0.0241969,4.18671,-0.0343036,3.13951,-0.0475825,0.521502,-0.0483872,1.00481,0.108935,-1.25648,1.27728,-2.93464,10.2359,-20.8144,10.6025,-2.00727,-5.76029,11.7184,-10.5939,4.92328,-0.905005,0.00067682,-0.00138159,-0.965112,1.515,-25.2787,12.9163,0,10.8607,-0.46634,7.75966,-3.98653,3.37308,0.00718887,0.00480574,-0.00132085,-1.04483,1.70401,-31.081,15.7452,17.5452,-0.485253,7.80012,-3.93607,-8.77205,4.3415,0.00717529,0.00164416,-0.000555291,-0.00123617,1.44739,-1.44759,0.200494,0.126758,0.35402,0.548773,8.66113,5.90635,-0.123459,-0.0481464,-0.892614,-0.0859423,0.142642,-0.845767,0.221604,0.173704,0.225557,-6.45556,-1.99995,-0.00296717,0,198,-3.46945e-18,0,-7.91468e-18,7.91468e-18,-3.90313e-18,-3.79471e-18,-3.52366e-18,2.14672e-17,2.15756e-17,1.7083e-17,0,-0.529025,-0.148192,0.518171,-0.00935785,3.14159,2.22498,-0.00610052,3.27218,-0.00981093,-0.392699,4.18671,-0.00686059,3.1395,-0.00951649,0.523599,0,0,0,0.0681803,-0.00256111,-0.529025,0.518173,3.13616,2.22498,3.27218,-0.39301,4.18671,3.13951,0.521502,0.00211842,-1.7545,0.868329,1.49359e-05,-0.100335,-0.000247234,0.289478,-0.289518,0.000289377,0.0479357,0.0119761,1.00014,-14.905,33.7992,2.66927,-2.00389,-0.219696,0.882732,-2.88104,-0.0577195,1.43089
0.4,-6.45104,-2.00302,0.0755398,0.16139,-0.000498537,0.7621,-0.527275,-0.341659,0.516193,0.121285,3.13803,-2.23861,2.22718,-3.27709,3.27448,0.371352,-0.390783,-4.19689,4.18885,-3.14003,3.14173,-0.542739,0.523689,-5.40103,-2.00179,-7.75888,-0.407466,-7.72803,-3.66328,-4.85104,-2.00382,-7.25035,-0.616981,-7.25173,-3.38826,0.178093,0.388174,-0.521989,0.0706282,-0.00307768,0.0540322,-0.00283165,-0.140967,-0.529608,-1.01743,0.517589,-0.0469899,3.13558,-0.0343148,2.22485,-0.0230704,3.27205,-0.0491474,-0.393143,-0.022232,4.18651,-0.0272797,3.13932,-0.0476509,0.521306,-0.0484725,1.00514,0.116291,-1.25697,1.27999,-3.17409,10.3193,-21.0211,10.73,-2.01895,-5.8412,11.9048,-10.7208,4.94473,-0.941971,0.000677527,-0.00138599,-0.957221,1.61869,-25.2581,12.9543,0,10.7274,-0.476661,7.74635,-4.0028,3.34161,0.0147493,0.00501338,-0.00138594,-1.03507,1.81026,-31.1411,15.7808,17.7195,-0.490195,7.82649,-3.94487,-8.85888,4.37058,0.0176197,0.00156868,-0.000529805,-0.00118825,1.45709,-1.45728,0.200528,0.135299,0.376511,0.574462,9.0598,6.07917,-0.135034,-0.135425,-1.02885,-0.0926688,0.0808495,-0.943394,0.222571,0.172078,0.227064,-6.45109,-1.99994,-0.00307768,0,218,0,-6.93889e-18,8.5652e-18,1.6263e-17,2.88398e-17,2.88398e-17,3.35018e-17,4.96565e-17,4.98733e-17,6.70172e-17,0,-0.529608,-0.155139,0.517587,-0.0093688,3.14159,2.22485,-0.00461408,3.27205,-0.00982948,-0.392699,4.18651,-0.00545571,3.1393,-0.00953018,0.523599,0,0,0,0.0705007,-0.00283165,-0.529608,0.517589,3.13558,2.22485,3.27205,-0.393143,4.18651,3.13932,0.521306,0.00233312,-1.77187,0.874147,1.59023e-05,-0.104829,-0.00023765,0.291417,-0.291457,0.000707341,0.0479893,0.0119941,1.00015,-15.241,35.3667,2.86445,-1.88789,-0.485932,0.925249,-2.81633,-0.318406,1.49271
0.42,-6.4465,-2.00312,0.0783225,0.169122,-0.000550301,0.773877,-0.527678,-0.333379,0.515617,0.124653,3.13764,-2.24151,2.2273,-3.27916,3.27463,0.368565,-0.390665,-4.19878,4.18886,-3.1413,3.14178,-0.544695,0.523708,-5.3965,-2.00175,-7.7543,-0.407581,-7.72357,-3.66334,-4.8465,-2.004,-7.24574,-0.617037,-7.24727,-3.38832,0.186189,0.386134,-0.523224,0.073133,-0.00318563,0.0601598,-0.00309825,-0.15133,-0.530226,-1.06392,0.516972,-0.0468984,3.13496,-0.0332724,2.22475,-0.0152046,3.27195,-0.0492736,-0.393241,-0.0210824,4.18631,-0.0193224,3.13912,-0.0477153,0.521107,-0.0485614,1.0055,0.124153,-1.2575,1.28303,-3.45761,10.4088,-21.2453,10.8676,-1.9901,-5.9264,12.1031,-10.8556,4.9643,-0.978451,0.000784374,-0.0016083,-0.948988,1.73129,-25.2356,12.9962,0,10.5856,-0.489222,7.73224,-4.0208,3.30812,0.022609,0.00537272,-0.00149466,-1.0247,1.90579,-31.2062,15.8202,17.9089,-0.484428,7.85519,-3.95464,-8.95334,4.40241,0.0295913,0.00151211,-0.000510724,-0.00115463,1.46771,-1.4679,0.200565,0.139131,0.386571,0.588844,9.46309,6.24497,-0.145184,-0.23312,-1.16646,-0.0943939,0.018442,-1.04084,0.223476,0.170348,0.228714,-6.44661,-1.99993,-0.00318563,0,238,0,1.38778e-17,2.28767e-17,-2.28767e-17,-7.58942e-18,-7.58942e-18,-5.71917e-18,1.06252e-16,1.06035e-16,1.18524e-16,0,-0.530226,-0.16216,0.51697,-0.00934436,3.14159,2.22475,-0.00304091,3.27195,-0.00985472,-0.392699,4.18631,-0.00386417,3.1391,-0.00954306,0.523599,0,0,0,0.0729919,-0.00309825,-0.530226,0.516972,3.13496,2.22475,3.27195,-0.393241,4.18631,3.13912,0.521107,0.00254795,-1.79077,0.880514,1.60883e-05,-0.106441,-0.000230925,0.293541,-0.293579,0.00118624,0.048043,0.0120121,1.00015,-15.7573,37.0563,3.06793,-1.71203,-0.78181,0.956986,-2.61678,-0.628688,1.55502
0.44,-6.44187,-2.00322,0.0811969,0.177119,-0.00060503,0.786059,-0.528077,-0.324568,0.51505,0.128246,3.13725,-2.24467,2.22746,-3.28152,3.27482,0.365673,-0.390507,-4.20073,4.18888,-3.1426,3.14183,-0.546726,0.523725,-5.39187,-2.00172,-7.74962,-0.407717,-7.71901,-3.6634,-4.84187,-2.00419,-7.24103,-0.617093,-7.24271,-3.38837,0.194821,0.383804,-0.524495,0.0757049,-0.00329781,0.0664651,-0.00337869,-0.161845,-0.530851,-1.10919,0.516347,-0.0463486,3.13434,-0.0325511,2.22468,-0.00689397,3.27188,-0.0494397,-0.39331,-0.0200448,4.1861,-0.0110522,3.13891,-0.0477798,0.520895,-0.0486553,1.00589,0.132264,-1.25808,1.28631,-3.75563,10.5028,-21.4829,11.0149,-1.94389,-6.01074,12.3024,-10.9931,4.98148,-1.01449,0.00121678,-0.00250112,-0.941195,1.84462,-25.2109,13.0408,0,10.4386,-0.500004,7.71743,-4.04012,3.27335,0.030764,0.00590314,-0.00165316,-1.01395,2.00029,-31.2735,15.8627,18.1049,-0.476051,7.88481,-3.96519,-9.05109,4.43529,0.0422077,0.00146804,-0.000495919,-0.0011302,1.47867,-1.47886,0.200604,0.143723,0.399842,0.609115,9.86598,6.4196,-0.157848,-0.343408,-1.3093,-0.097149,-0.0458755,-1.14202,0.224344,0.168552,0.230419,-6.44192,-1.99992,-0.00329781,0,259,-6.93889e-18,0,-6.17995e-18,5.85469e-18,-2.94903e-17,-2.94903e-17,-3.75405e-17,-1.21431e-17,-1.32273e-17,-2.62784e-17,0,-0.530851,-0.169099,0.516345,-0.0092129,3.14159,2.22468,-0.00137879,3.27188,-0.00988794,-0.392699,4.1861,-0.00221002,3.13889,-0.00955595,0.523599,0,0,0,0.0755488,-0.00337869,-0.530851,0.516347,3.13434,2.22468,3.27188,-0.39331,4.1861,3.13891,0.520895,0.00277366,-1.81032,0.88709,1.64516e-05,-0.109306,-0.00022604,0.295735,-0.295772,0.00169085,0.0480995,0.012031,1.00016,-16.1438,38.6744,3.26663,-1.53848,-1.08932,0.980089,-2.43465,-0.94533,1.62116
0.46,-6.43715,-2.00331,0.0841109,0.185244,-0.000659099,0.79843,-0.528466,-0.315496,0.514495,0.131935,3.13688,-2.24806,2.22765,-3.28418,3.27505,0.362752,-0.390309,-4.20269,4.18889,-3.1439,3.14187,-0.548764,0.523739,-5.38714,-2.00169,-7.74487,-0.407871,-7.71436,-3.66346,-4.83715,-2.00437,-7.23624,-0.617147,-7.23806,-3.38843,0.203712,0.381184,-0.525768,0.0783701,-0.00340847,0.0730221,-0.00365861,-0.172407,-0.531465,-1.15408,0.515732,-0.0453599,3.13372,-0.0320378,2.22466,0.00195967,3.27185,-0.0496419,-0.393338,-0.0189698,4.18589,-0.00238112,3.13869,-0.0478375,0.520679,-0.0487521,1.0063,0.140718,-1.2587,1.28988,-4.07015,10.6025,-21.7372,11.1744,-1.88325,-6.09571,12.5063,-11.1364,4.99696,-1.05091,0.00197682,-0.00407413,-0.933744,1.96127,-25.1838,13.0887,0,10.2851,-0.509965,7.70169,-4.06111,3.23699,0.0392765,0.00660578,-0.00186312,-1.00271,2.09704,-31.3435,15.9086,18.3095,-0.466091,7.91569,-3.97663,-9.15323,4.46947,0.0556123,0.00145529,-0.00049174,-0.0011299,1.49008,-1.49026,0.200646,0.145698,0.406252,0.618552,10.2574,6.59859,-0.169518,-0.466282,-1.45346,-0.098336,-0.110636,-1.24355,0.225199,0.166673,0.232192,-6.43722,-1.99991,-0.00340847,0,280,-6.93889e-18,-1.38778e-17,1.07336e-17,-6.09322e-17,2.34188e-17,2.38524e-17,2.86771e-17,5.55112e-17,5.59448e-17,5.70697e-17,0,-0.531465,-0.176087,0.51573,-0.00897686,3.14159,2.22466,0.000391927,3.27185,-0.00992838,-0.392699,4.18589,-0.000475732,3.13867,-0.0095675,0.523599,0,0,0,0.0781974,-0.00365861,-0.531465,0.515732,3.13372,2.22466,3.27185,-0.393338,4.18589,3.13869,0.520679,0.00299951,-1.83075,0.893926,1.60949e-05,-0.110807,-0.00022598,0.298015,-0.298052,0.00222694,0.048156,0.01205,1.00016,-16.6866,40.3583,3.45545,-1.30832,-1.42594,0.990753,-2.20602,-1.28286,1.68847
0.48,-6.43233,-2.0034,0.0869991,0.193429,-0.000707899,0.810933,-0.528883,-0.30628,0.513911,0.135432,3.13648,-2.25177,2.22789,-3.28719,3.27533,0.359673,-0.390072,-4.20473,4.18889,-3.14525,3.14191,-0.550908,0.523745,-5.38232,-2.00163,-7.74002,-0.408043,-7.7096,-3.66351,-4.83233,-2.00454,-7.23134,-0.617198,-7.23331,-3.38848,0.212744,0.378205,-0.527083,0.0810651,-0.00351377,0.0797262,-0.00394418,-0.183507,-0.532119,-1.19935,0.515079,-0.0443166,3.13307,-0.0318003,2.22466,0.0112853,3.27185,-0.0498818,-0.393337,-0.0178111,4.18565,0.00654908,3.13845,-0.0478872,0.520446,-0.0488535,1.00674,0.149385,-1.25935,1.29369,-4.40481,10.7066,-22.005,11.3436,-1.80595,-6.18382,12.7195,-11.2877,5.012,-1.08726,0.00280656,-0.00580036,-0.926241,2.07908,-25.1543,13.1395,0,10.1271,-0.518555,7.68517,-4.08358,3.19954,0.0480517,0.00748,-0.00212562,-0.991143,2.19563,-31.4149,15.9571,18.5196,-0.455234,7.94734,-3.98878,-9.25821,4.50436,0.0696027,0.00149138,-0.000504113,-0.00116791,1.50172,-1.5019,0.20069,0.144413,0.409256,0.625142,10.6518,6.76782,-0.185492,-0.605245,-1.60554,-0.101998,-0.177832,-1.3504,0.226046,0.164738,0.234002,-6.43231,-1.99989,-0.00351377,0,302,0,-2.08167e-17,-1.64257e-17,-3.38271e-17,-3.72966e-17,-3.81639e-17,-3.44234e-17,7.45931e-17,7.41594e-17,6.02681e-17,0,-0.532119,-0.183167,0.515076,-0.0087245,3.14159,2.22466,0.00225705,3.27185,-0.00997636,-0.392699,4.18565,0.00131038,3.13844,-0.00957744,0.523599,0,0,0,0.0808746,-0.00394418,-0.532119,0.515079,3.13307,2.22466,3.27185,-0.393337,4.18565,3.13845,0.520446,0.00323628,-1.85174,0.900904,1.57145e-05,-0.114751,-0.000233581,0.300343,-0.300381,0.00278592,0.0482152,0.0120698,1.00017,-17.262,42.0752,3.65566,-1.09973,-1.77135,0.992578,-2.03216,-1.61795,1.76124
0.5,-6.42739,-2.00348,0.0897441,0.2014,-0.00074247,0.823092,-0.529245,-0.297528,0.513378,0.13879,3.13613,-2.25572,2.22814,-3.29043,3.27561,0.356419,-0.389828,-4.20682,4.18889,-3.14665,3.14195,-0.553116,0.523747,-5.37738,-2.00156,-7.73509,-0.408215,-7.70472,-3.66356,-4.82739,-2.00467,-7.22636,-0.617246,-7.22842,-3.38853,0.221309,0.375014,-0.528449,0.0837353,-0.00360622,0.0865881,-0.00421567,-0.194216,-0.532718,-1.24543,0.51448,-0.0432378,3.13247,-0.0320246,2.22466,0.0214886,3.27186,-0.0501282,-0.39333,-0.0163458,4.18541,0.015901,3.13822,-0.047929,0.520207,-0.0489561,1.00718,0.158277,-1.26001,1.29772,-4.74993,10.8145,-22.2851,11.5232,-1.72423,-6.27477,12.9414,-11.448,5.02757,-1.12399,0.00369412,-0.00765689,-0.918778,2.19659,-25.1222,13.1945,0,9.96353,-0.523559,7.66705,-4.10791,3.16074,0.0574312,0.0084029,-0.00240761,-0.979165,2.30013,-31.4888,16.0079,18.7367,-0.444767,7.98028,-4.00151,-9.36675,4.53983,0.0844381,0.00156362,-0.000528719,-0.00123523,1.51355,-1.51375,0.200735,0.137246,0.398573,0.607965,11.0201,6.93012,-0.197518,-0.754654,-1.7666,-0.104623,-0.247972,-1.46038,0.226927,0.162734,0.235844,-6.4274,-1.99987,-0.00360622,0,324,6.93889e-18,-6.93889e-18,-1.6025e-17,-3.38271e-17,-2.68882e-17,-2.73219e-17,-1.95156e-17,-1.0842e-17,-1.0842e-17,-1.94343e-17,0,-0.532718,-0.190401,0.514478,-0.00845998,3.14159,2.22466,0.00429774,3.27186,-0.0100256,-0.392699,4.18541,0.00318093,3.1382,-0.00958579,0.523599,0,0,0,0.0835259,-0.00421567,-0.532718,0.51448,3.13247,2.22466,3.27186,-0.39333,4.18541,3.13822,0.520207,0.0034732,-1.87346,0.908001,1.75717e-05,-0.117159,-0.000247047,0.302709,-0.302749,0.0033783,0.0482745,0.0120897,1.00017,-18.2149,43.9631,3.83764,-0.796012,-2.16423,0.992269,-1.8144,-1.98123,1.83545
0.52,-6.42236,-2.00353,0.0921665,0.208868,-0.000749496,0.83461,-0.529573,-0.28922,0.512887,0.141811,3.13582,-2.25989,2.22833,-3.29365,3.27585,0.352718,-0.389635,-4.20901,4.18887,-3.14806,3.14197,-0.555425,0.523737,-5.37235,-2.00144,-7.73009,-0.408357,-7.6997,-3.6636,-4.82236,-2.00473,-7.22132,-0.617291,-7.2234,-3.38857,0.229439,0.371838,-0.529829,0.0862511,-0.00367443,0.0934161,-0.00447057,-0.205703,-0.533294,-1.28925,0.513904,-0.0420495,3.1319,-0.0328371,2.22461,0.0325299,3.27181,-0.0503268,-0.393386,-0.014928,4.18515,0.0257098,3.13796,-0.0479564,0.519945,-0.0490604,1.00762,0.167148,-1.26066,1.30182,-5.113,10.9222,-22.5677,11.7052,-1.6152,-6.36444,13.1628,-11.6091,5.0411,-1.15883,0.00470018,-0.00977078,-0.911634,2.30974,-25.0895,13.2533,0,9.79866,-0.523535,7.64727,-4.13359,3.12151,0.0673213,0.00911427,-0.00263497,-0.967041,2.40177,-31.563,16.0584,18.9567,-0.430694,8.01407,-4.01427,-9.47699,4.57517,0.100163,0.00171214,-0.000579076,-0.00136448,1.52534,-1.52556,0.200778,0.12112,0.373394,0.575907,11.3619,7.07833,-0.20847,-0.906031,-1.95033,-0.109027,-0.319414,-1.57545,0.22773,0.160711,0.237682,-6.42227,-1.99986,-0.00367443,0,347,-1.38778e-17,0,1.29562e-17,-6.39679e-17,6.07153e-18,5.20417e-18,8.94467e-18,3.72966e-17,3.64292e-17,2.55059e-17,0,-0.533294,-0.197333,0.513903,-0.00816592,3.14159,2.22461,0.00650601,3.27181,-0.0100654,-0.392699,4.18515,0.00514278,3.13794,-0.00959128,0.523599,0,0,0,0.086023,-0.00447057,-0.533294,0.513904,3.1319,2.22461,3.27181,-0.393386,4.18515,3.13796,0.519945,0.00372107,-1.8955,0.915068,1.70469e-05,-0.12213,-0.000272895,0.305067,-0.305111,0.00400474,0.0483366,0.0121106,1.00018,-19.4053,45.8969,4.01044,-0.474269,-2.57999,1.01153,-1.63853,-2.3445,1.91637
0.54,-6.41721,-2.00358,0.0943814,0.215989,-0.000753079,0.845658,-0.52988,-0.281173,0.512428,0.14472,3.13553,-2.26421,2.22851,-3.29693,3.27607,0.348837,-0.389458,-4.2112,4.18885,-3.14945,3.14199,-0.557754,0.523716,-5.3672,-2.00133,-7.72498,-0.408491,-7.69456,-3.66363,-4.81721,-2.00478,-7.21617,-0.617335,-7.21826,-3.38862,0.23732,0.368603,-0.531178,0.0884428,-0.00374124,0.100029,-0.00472219,-0.216482,-0.53385,-1.33033,0.513348,-0.0407916,3.13134,-0.0332963,2.22454,0.0439472,3.27173,-0.0505066,-0.393458,-0.0135717,4.18488,0.0361307,3.13768,-0.047965,0.519672,-0.0491606,1.008,0.175757,-1.26125,1.30583,-5.47019,11.0267,-22.8441,11.8855,-1.49965,-6.4501,13.3764,-11.767,5.05328,-1.1917,0.00579627,-0.0120841,-0.905089,2.42424,-25.0542,13.3126,0,9.63721,-0.524566,7.62593,-4.15975,3.08365,0.0773177,0.00974798,-0.00284458,-0.955338,2.49833,-31.6384,16.1074,19.1771,-0.411671,8.04916,-4.02672,-9.58762,4.60942,0.116996,0.00194422,-0.000657598,-0.00156282,1.53676,-1.53701,0.200817,0.110749,0.356019,0.552371,11.6873,7.22209,-0.216114,-1.06121,-2.14297,-0.109844,-0.390037,-1.69154,0.228485,0.158762,0.239466,-6.41714,-1.99984,-0.00374124,0,370,-6.93889e-18,1.38778e-17,5.20417e-18,1.99493e-17,-6.07153e-18,-6.93889e-18,-8.99888e-18,1.29237e-16,1.29237e-16,1.26296e-16,0,-0.53385,-0.203888,0.513346,-0.00785198,3.14159,2.22454,0.00878949,3.27173,-0.0101013,-0.392699,4.18488,0.00722699,3.13767,-0.00959301,0.523599,0,0,0,0.0881974,-0.00472219,-0.53385,0.513348,3.13134,2.22454,3.27173,-0.393458,4.18488,3.13768,0.519672,0.00396911,-1.91762,0.921915,1.5674e-05,-0.123925,-0.000312565,0.307352,-0.307402,0.00467607,0.0483988,0.0121314,1.00018,-20.4046,47.6645,4.17556,-0.0950511,-3.023,1.03533,-1.36165,-2.74539,2.00069
0.56,-6.41192,-2.00362,0.096408,0.222834,-0.000756702,0.856353,-0.530173,-0.273275,0.511992,0.147597,3.13525,-2.26877,2.22869,-3.30044,3.2763,0.344763,-0.389273,-4.21346,4.18882,-3.15093,3.142,-0.560187,0.52369,-5.36191,-2.00121,-7.71972,-0.40862,-7.68928,-3.66365,-4.81192,-2.00483,-7.21087,-0.617371,-7.21297,-3.38865,0.245058,0.365134,-0.532618,0.0904259,-0.0038016,0.106477,-0.00497403,-0.226814,-0.53439,-1.36918,0.512807,-0.0394478,3.1308,-0.0334156,2.22447,0.0554534,3.27167,-0.050688,-0.393522,-0.0118861,4.1846,0.0466814,3.1374,-0.0479669,0.519394,-0.0492581,1.00836,0.18417,-1.26181,1.30981,-5.82602,11.1294,-23.1179,12.066,-1.37596,-6.53279,13.5848,-11.9232,5.06419,-1.22313,0.00700069,-0.0146369,-0.899042,2.54049,-25.017,13.3722,0,9.47914,-0.52759,7.60377,-4.18627,3.04694,0.0871565,0.0103974,-0.00306299,-0.943987,2.59808,-31.7139,16.1558,19.3958,-0.393839,8.08455,-4.03905,-9.69741,4.64251,0.134218,0.0022054,-0.000745934,-0.00178768,1.5478,-1.54808,0.200853,0.101327,0.34229,0.534744,12.0006,7.3654,-0.228131,-1.22779,-2.34513,-0.113087,-0.465421,-1.81283,0.229192,0.15687,0.241189,-6.41201,-1.99982,-0.0038016,0,393,0,0,1.32273e-17,-3.85976e-17,1.73472e-17,1.64799e-17,-4.22839e-18,8.50015e-17,8.50015e-17,8.09763e-17,0,-0.53439,-0.210146,0.512805,-0.00751421,3.14159,2.22447,0.0110908,3.27167,-0.0101376,-0.392699,4.1846,0.00933736,3.13739,-0.00959339,0.523599,0,0,0,0.0901641,-0.00497403,-0.53439,0.512807,3.1308,2.22447,3.27167,-0.393522,4.1846,3.1374,0.519394,0.00421732,-1.93959,0.928537,1.78579e-05,-0.127188,-0.000357537,0.30956,-0.309617,0.00536236,0.048461,0.0121523,1.00018,-21.2692,49.313,4.33396,0.244255,-3.46364,1.05691,-1.12915,-3.15031,2.08623
0.58,-6.40641,-2.00365,0.0982691,0.229653,-0.000763711,0.86712,-0.53046,-0.265164,0.511568,0.150574,3.13498,-2.27384,2.22888,-3.30432,3.27654,0.340199,-0.389083,-4.21594,4.18879,-3.15256,3.14202,-0.562852,0.523666,-5.35639,-2.00109,-7.71423,-0.408741,-7.68379,-3.66366,-4.80641,-2.00487,-7.20535,-0.617395,-7.20747,-3.38868,0.253017,0.361302,-0.534211,0.0921977,-0.0038558,0.11282,-0.00525103,-0.236789,-0.534948,-1.40638,0.51225,-0.0380322,3.13024,-0.0336321,2.22439,0.0674336,3.27159,-0.0508738,-0.393603,-0.0103275,4.1843,0.057711,3.1371,-0.0479742,0.519094,-0.0493584,1.00869,0.192465,-1.26234,1.31377,-6.1833,11.2311,-23.3912,12.248,-1.24441,-6.61347,13.7902,-12.0791,5.07413,-1.25357,0.00831233,-0.0174296,-0.893391,2.65532,-24.9771,13.4327,0,9.32195,-0.52918,7.58023,-4.21347,3.01061,0.0971817,0.0110511,-0.00328761,-0.932755,2.6931,-31.791,16.2042,19.6167,-0.371374,8.12099,-4.05136,-9.80838,4.67515,0.152411,0.00246521,-0.000833742,-0.00201495,1.55869,-1.55901,0.200886,0.0930537,0.340947,0.538348,12.3207,7.51491,-0.253608,-1.41227,-2.57167,-0.123712,-0.548547,-1.94571,0.229866,0.154998,0.242888,-6.40645,-1.99979,-0.0038558,0,418,0,1.38778e-17,1.0842e-17,-3.62124e-17,8.67362e-18,6.93889e-18,-2.6563e-18,-6.59195e-17,-6.41848e-17,-5.12828e-17,0,-0.534948,-0.216193,0.512247,-0.00715556,3.14159,2.22439,0.0134867,3.27159,-0.0101748,-0.392699,4.1843,0.0115434,3.13709,-0.00959485,0.523599,0,0,0,0.0919207,-0.00525103,-0.534948,0.51225,3.13024,2.22439,3.27159,-0.393603,4.1843,3.1371,0.519094,0.00448732,-1.96179,0.935066,1.76295e-05,-0.138437,-0.00040299,0.311738,-0.311802,0.00608547,0.0485287,0.012175,1.00019,-21.713,50.7374,4.49682,0.428607,-3.8767,1.08397,-1.07551,-3.52974,2.17862
0.6,-6.40065,-2.00367,0.0999685,0.236497,-0.000773857,0.878004,-0.530742,-0.25705,0.511145,0.153531,3.13471,-2.27964,2.22913,-3.30901,3.27684,0.3352,-0.388832,-4.21866,4.18876,-3.15436,3.14204,-0.565661,0.523652,-5.35064,-2.00098,-7.70852,-0.408881,-7.67805,-3.66367,-4.80065,-2.00491,-7.19958,-0.617408,-7.20172,-3.38869,0.260973,0.356664,-0.535975,0.0937919,-0.00390328,0.119355,-0.00554219,-0.246722,-0.53551,-1.4447,0.511687,-0.0366995,3.12968,-0.0330306,2.22436,0.0801557,3.27156,-0.0511088,-0.393633,-0.00840968,4.184,0.0698043,3.1368,-0.0479998,0.518794,-0.0494589,1.00898,0.201024,-1.26285,1.31786,-6.55649,11.3358,-23.6745,12.4389,-1.10441,-6.69776,14.0058,-12.2446,5.08498,-1.28443,0.00960466,-0.0202001,-0.887584,2.78221,-24.9309,13.4956,0,9.15922,-0.535483,7.5543,-4.24257,2.97378,0.107606,0.0119357,-0.00358808,-0.921377,2.79574,-31.8744,16.2542,19.8513,-0.34683,8.16061,-4.06409,-9.92609,4.70852,0.172573,0.00265483,-0.000897672,-0.00218869,1.56982,-1.57017,0.200916,0.084974,0.342161,0.5442,12.6458,7.66514,-0.289776,-1.63418,-2.81959,-0.136118,-0.639842,-2.08583,0.230569,0.153099,0.244625,-6.40066,-1.99976,-0.00390328,0,444,6.93889e-18,0,2.19009e-17,3.03577e-18,-2.25514e-17,-2.42861e-17,-2.99782e-17,2.60209e-18,1.73472e-18,5.82759e-19,0,-0.53551,-0.222407,0.511686,-0.00681242,3.14159,2.22436,0.0160313,3.27156,-0.0102218,-0.392699,4.184,0.0139617,3.13679,-0.00959996,0.523599,0,0,0,0.0935007,-0.00554219,-0.53551,0.511687,3.12968,2.22436,3.27156,-0.393633,4.184,3.1368,0.518794,0.00476833,-1.98529,0.941727,1.1592e-05,-0.151382,-0.000437738,0.313964,-0.314033,0.00688659,0.0485993,0.0121987,1.00019,-22.0927,52.1664,4.6623,0.566957,-4.31637,1.09532,-1.04039,-3.93255,2.27096
0.62,-6.39463,-2.00367,0.10147,0.243287,-0.000778371,0.888927,-0.531013,-0.24888,0.510734,0.156493,3.13446,-2.28608,2.22938,-3.31411,3.27715,0.329651,-0.388584,-4.2217,4.18878,-3.15663,3.14211,-0.568803,0.523668,-5.34462,-2.00084,-7.70254,-0.409011,-7.67203,-3.66367,-4.79463,-2.00492,-7.19355,-0.617412,-7.19571,-3.38869,0.268988,0.351624,-0.538184,0.0952124,-0.00394012,0.126158,-0.00583876,-0.257339,-0.536074,-1.48284,0.511124,-0.0352603,3.12911,-0.0332729,2.22432,0.0948707,3.27151,-0.0513339,-0.393679,-0.00539469,4.18372,0.0828018,3.13652,-0.0480777,0.518514,-0.0495596,1.00926,0.209942,-1.26332,1.3221,-6.9582,11.444,-23.9698,12.6397,-0.939504,-6.784,14.2286,-12.4174,5.09498,-1.31538,0.0110433,-0.0232988,-0.881845,2.90751,-24.8779,13.5641,0,8.98608,-0.534029,7.52424,-4.27451,2.93455,0.119425,0.0127822,-0.00388799,-0.909249,2.92175,-31.9663,16.3074,20.1017,-0.328482,8.20348,-4.07729,-10.051,4.74237,0.194547,0.00262523,-0.000887389,-0.00218363,1.58111,-1.58145,0.200943,0.0750746,0.339526,0.546156,12.9678,7.81675,-0.321919,-1.8768,-3.09488,-0.151982,-0.752145,-2.24262,0.23125,0.151076,0.246387,-6.39466,-1.99973,-0.00394012,0,471,0,-1.38778e-17,-1.77809e-17,2.0383e-17,-4.25007e-17,-4.25007e-17,-3.95192e-17,-2.77556e-17,-2.68882e-17,6.91179e-19,0,-0.536074,-0.228645,0.511121,-0.00643928,3.14159,2.22432,0.0189742,3.27151,-0.0102668,-0.392699,4.18372,0.0165619,3.13651,-0.00961555,0.523599,0,0,0,0.0949082,-0.00583876,-0.536074,0.511124,3.12911,2.22432,3.27151,-0.393679,4.18372,3.13652,0.518514,0.00506039,-2.01032,0.948511,1.91055e-05,-0.164471,-0.000436727,0.316222,-0.316291,0.00776102,0.0486726,0.0122233,1.00019,-22.5323,53.6219,4.82731,0.828155,-4.83217,1.11123,-1.01546,-4.39708,2.3577
0.64,-6.38833,-2.00368,0.102857,0.250127,-0.000783234,0.89996,-0.531275,-0.240736,0.510327,0.159455,3.13421,-2.29293,2.2295,-3.31912,3.27734,0.323066,-0.388465,-4.22492,4.1888,-3.15894,3.14219,-0.57197,0.523692,-5.33831,-2.00071,-7.69625,-0.40907,-7.66573,-3.66368,-4.78833,-2.00493,-7.18724,-0.617412,-7.18941,-3.38869,0.27697,0.346683,-0.54044,0.0964222,-0.0039769,0.133166,-0.00614675,-0.268022,-0.536639,-1.52217,0.510559,-0.0339692,3.12855,-0.0345862,2.22413,0.111663,3.27133,-0.0514374,-0.393865,-0.00383842,4.18344,0.0979351,3.13624,-0.0481683,0.51823,-0.0496598,1.00949,0.219137,-1.26376,1.32645,-7.37961,11.555,-24.2752,12.8498,-0.762608,-6.8743,14.4627,-12.6008,5.10602,-1.34653,0.0124067,-0.0262604,-0.875892,3.02891,-24.8213,13.6395,0,8.80494,-0.523463,7.48954,-4.30898,2.89301,0.13257,0.013051,-0.00402246,-0.896375,3.01871,-32.0674,16.3619,20.3747,-0.284317,8.25131,-4.09086,-10.1872,4.77858,0.220358,0.00255255,-0.000862291,-0.00214338,1.59319,-1.59352,0.200966,0.0693303,0.341997,0.551648,13.2958,7.9689,-0.342393,-2.12123,-3.4219,-0.160862,-0.866764,-2.4006,0.231959,0.148938,0.248273,-6.38843,-1.9997,-0.0039769,0,499,-6.93889e-18,-1.38778e-17,-1.30104e-18,-2.42861e-17,1.04083e-17,8.67362e-18,1.2631e-17,-7.80626e-17,-7.80626e-17,-7.61923e-17,0,-0.536639,-0.235046,0.510557,-0.0060974,3.14159,2.22413,0.0223329,3.27133,-0.0102875,-0.392699,4.18344,0.0195886,3.13622,-0.00963365,0.523599,0,0,0,0.0961065,-0.00614675,-0.536639,0.510559,3.12855,2.22413,3.27133,-0.393865,4.18344,3.13624,0.51823,0.00536352,-2.03755,0.95575,1.74887e-05,-0.173824,-0.000428676,0.318638,-0.318705,0.00879073,0.0487487,0.0122488,1.00019,-22.8761,55.0711,4.99442,1.25977,-5.44441,1.16994,-0.774082,-4.948,2.44484
0.66,-6.38171,-2.00367,0.104064,0.257159,-0.000802159,0.911366,-0.531507,-0.232381,0.509948,0.162681,3.134,-2.30066,2.22957,-3.32461,3.27748,0.315423,-0.388391,-4.22848,4.18878,-3.16151,3.14224,-0.575638,0.523676,-5.33169,-2.0006,-7.68963,-0.409079,-7.65915,-3.66365,-4.78171,-2.00495,-7.1806,-0.617385,-7.18282,-3.38867,0.285162,0.34126,-0.542946,0.0974941,-0.00400171,0.14039,-0.00649075,-0.278737,-0.537196,-1.56244,0.510002,-0.0327208,3.12799,-0.0348341,2.22388,0.128912,3.27107,-0.0515088,-0.394119,-0.0029754,4.18309,0.11455,3.1359,-0.0481945,0.517883,-0.0497633,1.0097,0.228632,-1.26419,1.33098,-7.82256,11.6698,-24.5936,13.0715,-0.571948,-6.96812,14.7078,-12.7951,5.11767,-1.37815,0.0137882,-0.0292843,-0.869862,3.16551,-24.762,13.7193,0,8.62098,-0.520366,7.45237,-4.34515,2.85104,0.145632,0.0131419,-0.00410731,-0.88336,3.10111,-32.1739,16.4179,20.6645,-0.224513,8.30281,-4.10504,-10.3324,4.81655,0.248888,0.00278632,-0.00094053,-0.002363,1.60586,-1.60623,0.200987,0.0603911,0.351602,0.570318,13.6354,8.13428,-0.386534,-2.39216,-3.80218,-0.177931,-0.996166,-2.58352,0.232692,0.146778,0.250249,-6.38177,-1.99967,-0.00400171,0,529,-6.93889e-18,-1.38778e-17,5.20417e-18,-5.42101e-18,1.73472e-17,1.56125e-17,1.21431e-17,5.0307e-17,5.20417e-17,5.96582e-17,0,-0.537196,-0.24161,0.509999,-0.00576117,3.14159,2.22388,0.0257827,3.27107,-0.0103018,-0.392699,4.18309,0.022912,3.13588,-0.00963889,0.523599,0,0,0,0.0971681,-0.00649075,-0.537196,0.510002,3.12799,2.22388,3.27107,-0.394119,4.18309,3.1359,0.517883,0.00568859,-2.06662,0.963351,2.04462e-05,-0.193708,-0.0004726,0.321172,-0.321245,0.00992302,0.0488304,0.0122762,1.0002,-22.9197,56.419,5.16048,1.42925,-6.01159,1.25009,-0.7169,-5.51006,2.55044
0.68,-6.37475,-2.00365,0.105205,0.264464,-0.000817005,0.923321,-0.53178,-0.223328,0.509529,0.166109,3.13374,-2.30932,2.22966,-3.33083,3.27764,0.307014,-0.388296,-4.23234,4.18879,-3.16437,3.14232,-0.579524,0.52369,-5.32473,-2.00046,-7.68266,-0.4091,-7.65221,-3.66362,-4.77475,-2.00496,-7.17362,-0.61736,-7.17588,-3.38864,0.294049,0.335106,-0.545742,0.0983634,-0.00402963,0.148126,-0.00685266,-0.291647,-0.537816,-1.60242,0.509382,-0.0313058,3.12737,-0.033354,2.22362,0.147397,3.27082,-0.0516537,-0.394375,-0.000363528,4.18276,0.132572,3.13556,-0.0482782,0.517544,-0.0498689,1.00987,0.238805,-1.26458,1.33578,-8.32891,11.7916,-24.9343,13.3093,-0.324307,-7.06607,14.9667,-13.0009,5.12716,-1.40984,0.0153985,-0.0328239,-0.863766,3.32768,-24.6945,13.8057,0,8.42646,-0.527542,7.4108,-4.38483,2.80749,0.159233,0.0135734,-0.0043076,-0.869903,3.22193,-32.2919,16.4782,20.9808,-0.174918,8.35951,-4.12011,-10.4904,4.85576,0.280294,0.00279224,-0.000941651,-0.00239305,1.61894,-1.61931,0.201004,0.0570091,0.365253,0.597761,13.9987,8.30987,-0.433113,-2.69891,-4.22372,-0.193055,-1.13892,-2.77747,0.233358,0.144536,0.252291,-6.37467,-1.99962,-0.00402963,0,561,0,1.38778e-17,1.30104e-18,-1.51788e-18,2.60209e-17,2.25514e-17,3.18213e-17,9.36751e-17,8.67362e-17,9.89334e-17,0,-0.537816,-0.248206,0.50938,-0.00537927,3.14159,2.22362,0.0294798,3.27082,-0.0103307,-0.392699,4.18276,0.0265172,3.13554,-0.00965564,0.523599,0,0,0,0.0980288,-0.00685266,-0.537816,0.509382,3.12737,2.22362,3.27082,-0.394375,4.18276,3.13556,0.517544,0.00603566,-2.09824,0.971202,2.49335e-05,-0.208144,-0.00047861,0.323788,-0.323861,0.0111748,0.0489177,0.0123055,1.0002,-22.7808,57.7217,5.3439,1.67266,-6.65381,1.33162,-0.544906,-6.15928,2.6542
0.7,-6.36741,-2.00364,0.106373,0.271963,-0.000818712,0.9355,-0.532003,-0.214331,0.509149,0.16973,3.13354,-2.31867,2.22981,-3.33769,3.27787,0.298309,-0.388143,-4.23626,4.1888,-3.16722,3.14241,-0.583375,0.523706,-5.3174,-2.00033,-7.67536,-0.409164,-7.64487,-3.66361,-4.76741,-2.00495,-7.16628,-0.617348,-7.16855,-3.38863,0.302871,0.328326,-0.548509,0.0991533,-0.00406403,0.156362,-0.00721263,-0.30405,-0.538397,-1.64518,0.508801,-0.0297945,3.12679,-0.0312434,2.22341,0.167324,3.27061,-0.0518879,-0.394583,0.00180335,4.18241,0.15261,3.13521,-0.0483647,0.517195,-0.0499761,1.01003,0.249646,-1.26497,1.34094,-8.8674,11.9227,-25.3036,13.5715,-0.0651764,-7.17119,15.2465,-13.2278,5.1382,-1.44408,0.0171825,-0.0367695,-0.857562,3.50516,-24.6188,13.8992,0,8.22105,-0.538507,7.36533,-4.42837,2.76155,0.173416,0.0144547,-0.00466431,-0.855755,3.33495,-32.4201,16.5425,21.3271,-0.109241,8.42154,-4.13618,-10.6633,4.89803,0.315673,0.00279822,-0.000942609,-0.00242544,1.63304,-1.63341,0.20102,0.0584093,0.374947,0.60892,14.3527,8.49577,-0.4673,-3.03431,-4.66249,-0.195942,-1.28047,-2.96963,0.234109,0.142169,0.254489,-6.36735,-1.99958,-0.00406403,0,594,1.38778e-17,0,2.60209e-18,4.77049e-17,2.60209e-17,2.42861e-17,1.58294e-17,-6.93889e-18,-1.04083e-17,-5.6514e-18,0,-0.538397,-0.255289,0.508799,-0.00496678,3.14159,2.22341,0.0334654,3.27061,-0.0103776,-0.392699,4.18241,0.0305253,3.13519,-0.00967293,0.523599,0,0,0,0.0988107,-0.00721263,-0.538397,0.508801,3.12679,2.22341,3.27061,-0.394583,4.18241,3.13521,0.517195,0.00639392,-2.13284,0.979659,2.67011e-05,-0.210582,-0.000485088,0.326608,-0.326682,0.0125889,0.0490079,0.0123358,1.0002,-22.9408,59.2151,5.5143,2.16364,-7.40452,1.39928,0.00407378,-6.94242,2.76004
0.72,-6.35966,-2.00363,0.107557,0.279628,-0.00080763,0.948027,-0.532272,-0.20454,0.508732,0.173661,3.13329,-2.32879,2.23005,-3.3454,3.2782,0.289267,-0.387899,-4.24023,4.18882,-3.17009,3.14251,-0.587279,0.52373,-5.30964,-2.00015,-7.66767,-0.409279,-7.6371,-3.66361,-4.75966,-2.00492,-7.15854,-0.617339,-7.16078,-3.38862,0.312494,0.320703,-0.551305,0.0999493,-0.00409742,0.164871,-0.00758193,-0.318445,-0.539046,-1.68566,0.508152,-0.0278882,3.12614,-0.0291598,2.22328,0.188032,3.27047,-0.05219,-0.394721,0.00428198,4.18205,0.173222,3.13485,-0.0484767,0.516832,-0.0500893,1.01019,0.260875,-1.26537,1.34642,-9.46667,12.0609,-25.6959,13.8499,0.255055,-7.27712,15.5333,-13.4614,5.14532,-1.47844,0.0194686,-0.0418315,-0.851836,3.68811,-24.5374,13.9974,0,8.01062,-0.550493,7.31806,-4.4748,2.71398,0.187558,0.015678,-0.00514781,-0.841113,3.45415,-32.5521,16.6106,21.6877,-0.0419535,8.48524,-4.15315,-10.8432,4.94151,0.352699,0.00271761,-0.000914498,-0.002383,1.64754,-1.6479,0.201037,0.0591926,0.383237,0.626381,14.7214,8.69647,-0.506172,-3.40744,-5.11773,-0.198854,-1.42325,-3.16459,0.234743,0.139716,0.256748,-6.3596,-1.99953,-0.00409742,0,629,6.93889e-18,2.77556e-17,3.46945e-18,9.97466e-18,8.67362e-18,1.04083e-17,9.6494e-18,-5.89806e-17,-5.89806e-17,-6.5025e-17,0,-0.539046,-0.262185,0.50815,-0.00445191,3.14159,2.22328,0.0376069,3.27047,-0.010438,-0.392699,4.18205,0.034648,3.13483,-0.00969534,0.523599,0,0,0,0.0995985,-0.00758193,-0.539046,0.508152,3.12614,2.22328,3.27047,-0.394721,4.18205,3.13485,0.516832,0.0067743,-2.16883,0.988355,2.71151e-05,-0.212762,-0.000476601,0.329508,-0.32958,0.01407,0.0491036,0.0123679,1.0002,-22.9793,60.6359,5.70028,2.68639,-8.18657,1.44552,0.564713,-7.74731,2.87056
0.74,-6.35144,-2.00361,0.108873,0.287653,-0.000795976,0.961065,-0.532552,-0.194183,0.5083,0.177969,3.13303,-2.33963,2.23033,-3.35372,3.27857,0.279608,-0.387621,-4.24424,4.18884,-3.17299,3.14262,-0.59125,0.523756,-5.30142,-1.99996,-7.65952,-0.409417,-7.62885,-3.66362,-4.75144,-2.00489,-7.15034,-0.617336,-7.15254,-3.38862,0.322677,0.312466,-0.554124,0.100739,-0.00414241,0.17362,-0.00797282,-0.331678,-0.539729,-1.7271,0.507469,-0.02576,3.12546,-0.028189,2.22315,0.210124,3.27035,-0.0524802,-0.394846,0.00676325,4.18167,0.194519,3.13447,-0.0485995,0.51645,-0.0502084,1.01035,0.272451,-1.26579,1.35222,-10.0861,12.208,-26.1153,14.1523,0.58095,-7.38661,15.8333,-13.711,5.1526,-1.51538,0.022128,-0.0477493,-0.846564,3.86755,-24.4506,14.1015,0,7.79454,-0.556675,7.26812,-4.52435,2.664,0.202005,0.0168531,-0.00563609,-0.825699,3.57243,-32.6881,16.6827,22.0627,0.0310803,8.55082,-4.17108,-11.0303,4.98627,0.391589,0.00261508,-0.000879164,-0.00232039,1.66247,-1.66282,0.201053,0.0658382,0.401246,0.651892,15.0994,8.91138,-0.542149,-3.80987,-5.60174,-0.200151,-1.56713,-3.36296,0.235432,0.137137,0.259073,-6.35141,-1.99947,-0.00414241,0,666,-6.93889e-18,-1.38778e-17,-1.38778e-17,-3.81639e-17,1.38778e-17,1.04083e-17,3.68629e-18,-6.59195e-17,-6.76542e-17,-6.19757e-17,0,-0.539729,-0.269367,0.507467,-0.00387527,3.14159,2.22315,0.0420254,3.27035,-0.010496,-0.392699,4.18167,0.0389082,3.13444,-0.00971991,0.523599,0,0,0,0.10038,-0.00797282,-0.539729,0.507469,3.12546,2.22315,3.27035,-0.394846,4.18167,3.13447,0.51645,0.00717685,-2.20627,0.997314,2.96021e-05,-0.212718,-0.000464078,0.332494,-0.332564,0.0156275,0.0492051,0.012402,1.0002,-22.8173,61.9816,5.89521,3.31033,-9.02361,1.48758,1.1913,-8.59356,2.98714
0.76,-6.34268,-2.0036,0.110324,0.296174,-0.000795277,0.974835,-0.532913,-0.183139,0.507779,0.18224,3.1327,-2.35148,2.23065,-3.36291,3.27898,0.269175,-0.387299,-4.24837,4.18888,-3.17603,3.14274,-0.595345,0.523798,-5.29266,-1.99975,-7.65083,-0.409566,-7.62009,-3.66362,-4.74268,-2.00487,-7.14158,-0.617321,-7.14378,-3.3886,0.333537,0.303366,-0.557083,0.10164,-0.004192,0.182714,-0.00839693,-0.345665,-0.540515,-1.77097,0.506683,-0.023633,3.12468,-0.027677,2.22305,0.233046,3.27024,-0.0527828,-0.394951,0.00943203,4.18128,0.216292,3.13408,-0.0487559,0.51606,-0.0503357,1.01054,0.284526,-1.26626,1.35849,-10.7628,12.3673,-26.572,14.4832,0.945044,-7.50643,16.1628,-13.9858,5.16057,-1.55427,0.024955,-0.0540971,-0.840965,4.05132,-24.3598,14.2124,0,7.57326,-0.562979,7.21623,-4.57732,2.61162,0.216195,0.0181075,-0.00617306,-0.809535,3.69461,-32.8289,16.7615,22.4535,0.106901,8.61801,-4.19063,-11.225,5.03272,0.432127,0.00239304,-0.000803997,-0.00214919,1.67795,-1.67828,0.201072,0.0725464,0.426086,0.688499,15.5103,9.12556,-0.592302,-4.25347,-6.12347,-0.206601,-1.71735,-3.56758,0.236153,0.134433,0.261483,-6.34278,-1.99941,-0.004192,0,705,1.38778e-17,0,1.64799e-17,-5.76796e-17,2.42861e-17,2.42861e-17,2.75387e-17,-2.25514e-17,-2.42861e-17,-2.4652e-17,0,-0.540515,-0.276971,0.506682,-0.00328985,3.14159,2.22305,0.0466097,3.27024,-0.0105566,-0.392699,4.18128,0.0432634,3.13405,-0.00975119,0.523599,0,0,0,0.101272,-0.00839693,-0.540515,0.506683,3.12468,2.22305,3.27024,-0.394951,4.18128,3.13408,0.51606,0.00760165,-2.24521,1.00661,3.10169e-05,-0.218084,-0.000429839,0.335591,-0.335655,0.0172513,0.0493122,0.0124379,1.00021,-22.3734,63.288,6.12372,3.84743,-9.85617,1.52316,1.68582,-9.43004,3.10618
0.78,-6.33335,-2.00356,0.111701,0.305315,-0.000815704,0.989774,-0.53343,-0.170776,0.507094,0.186341,3.13221,-2.3651,2.23086,-3.37319,3.2793,0.256229,-0.387082,-4.25301,4.18892,-3.17961,3.14288,-0.600081,0.523844,-5.28332,-1.99945,-7.64151,-0.409616,-7.61077,-3.66358,-4.73335,-2.00486,-7.13222,-0.617264,-7.13448,-3.38854,0.345706,0.293195,-0.560568,0.102633,-0.00422415,0.192327,-0.00888631,-0.361592,-0.541501,-1.81699,0.505697,-0.021413,3.12369,-0.0284991,2.22279,0.257868,3.26999,-0.0529774,-0.395206,0.0119587,4.18085,0.239261,3.13366,-0.0489222,0.515629,-0.0504766,1.01074,0.297338,-1.2668,1.36538,-11.5303,12.5431,-27.0787,14.8505,1.37807,-7.63887,16.5292,-14.2908,5.16783,-1.59525,0.0280987,-0.0612183,-0.835,4.23741,-24.265,14.3356,0,7.34209,-0.564366,7.15969,-4.63492,2.555,0.230702,0.0187964,-0.00654312,-0.792015,3.81398,-32.9781,16.8491,22.87,0.193225,8.68875,-4.21234,-11.4324,5.08205,0.475662,0.00217826,-0.000731574,-0.00198116,1.69441,-1.6947,0.201092,0.0688245,0.457025,0.746926,15.9784,9.33128,-0.681298,-4.75623,-6.76964,-0.231982,-1.89395,-3.80405,0.236864,0.131514,0.264044,-6.33329,-1.99933,-0.00422415,0,748,6.93889e-18,1.38778e-17,-1.47451e-17,2.64545e-17,-4.85723e-17,-5.20417e-17,-4.14165e-17,-3.46945e-18,-6.93889e-18,1.82146e-17,0,-0.541501,-0.285,0.505694,-0.00267094,3.14159,2.22279,0.0515747,3.26999,-0.0105955,-0.392699,4.18085,0.0478589,3.13362,-0.00978443,0.523599,0,0,0,0.102254,-0.00888631,-0.541501,0.505697,3.12369,2.22279,3.26999,-0.395206,4.18085,3.13366,0.515629,0.0080706,-2.28674,1.01649,3.94759e-05,-0.246223,-0.000396232,0.338882,-0.33894,0.0189896,0.0494305,0.0124777,1.00021,-21.3958,64.4549,6.41717,4.05424,-10.6616,1.60543,1.66879,-10.2111,3.23807
0.8,-6.32342,-2.00354,0.113365,0.315387,-0.000851954,1.00598,-0.533997,-0.157534,0.506337,0.190816,3.13167,-2.38016,2.23101,-3.3841,3.27956,0.241685,-0.386929,-4.25786,4.18899,-3.18336,3.14305,-0.604912,0.523911,-5.2734,-1.99918,-7.63157,-0.409645,-7.60088,-3.66356,-4.72343,-2.0049,-7.12224,-0.617217,-7.1246,-3.3885,0.358729,0.282393,-0.564216,0.103528,-0.00428898,0.202915,-0.00941398,-0.37723,-0.542559,-1.86897,0.504638,-0.0190564,3.12263,-0.0281523,2.22245,0.28527,3.26965,-0.0531295,-0.395548,0.0147583,4.18043,0.265425,3.13323,-0.0491309,0.515196,-0.0506216,1.01093,0.31147,-1.26735,1.37306,-12.386,12.7417,-27.6545,15.2753,1.85368,-7.78983,16.9488,-14.6455,5.17802,-1.64189,0.0316447,-0.0693289,-0.828593,4.453,-24.1592,14.4755,0,7.09375,-0.573665,7.09505,-4.69978,2.49364,0.245794,0.0192742,-0.00686947,-0.773025,3.94095,-33.148,16.9477,23.3421,0.296599,8.76914,-4.23672,-11.667,5.13634,0.526028,0.0018081,-0.000606999,-0.00166749,1.71252,-1.71276,0.201111,0.0831988,0.503612,0.810173,16.4812,9.55818,-0.752936,-5.29424,-7.49673,-0.2425,-2.07829,-4.04531,0.237735,0.128354,0.266867,-6.32336,-1.99925,-0.00428898,0,793,-6.93889e-18,-1.38778e-17,-1.82146e-17,-3.25261e-17,-3.46945e-18,-1.04083e-17,-1.22515e-17,-7.28584e-17,-7.63278e-17,-7.46744e-17,0,-0.542559,-0.294059,0.504635,-0.00200258,3.14159,2.22245,0.0570555,3.26964,-0.0106259,-0.392699,4.18043,0.0530941,3.13319,-0.00982618,0.523599,0,0,0,0.103139,-0.00941398,-0.542559,0.504638,3.12263,2.22245,3.26965,-0.395548,4.18043,3.13323,0.515196,0.00856203,-2.33373,1.02737,4.93053e-05,-0.255281,-0.000333498,0.342503,-0.342552,0.0210101,0.0495546,0.0125194,1.00021,-20.1904,65.6861,6.73397,4.55458,-11.61,1.71455,2.18674,-11.2155,3.36995
0.82,-6.31292,-2.00353,0.115382,0.326139,-0.00086627,1.0229,-0.534516,-0.143964,0.505609,0.195896,3.13118,-2.39642,2.23123,-3.39597,3.27989,0.226261,-0.386704,-4.2626,4.18904,-3.18685,3.14321,-0.609557,0.523962,-5.26289,-1.99891,-7.62109,-0.409737,-7.59039,-3.66355,-4.71292,-2.00491,-7.11172,-0.617196,-7.11412,-3.38848,0.372056,0.270624,-0.5676,0.104691,-0.00437124,0.214519,-0.00994228,-0.394242,-0.543592,-1.92636,0.503606,-0.0165505,3.1216,-0.0253673,2.22216,0.313223,3.26936,-0.0532153,-0.395841,0.0170464,4.17996,0.293838,3.13276,-0.0493202,0.514725,-0.0507784,1.01118,0.327021,-1.26801,1.38186,-13.3747,12.9678,-28.3162,15.7681,2.41486,-7.96232,17.4323,-15.058,5.18978,-1.69392,0.035683,-0.0786657,-0.821721,4.70723,-24.0462,14.6321,0,6.8335,-0.601778,7.02666,-4.77218,2.42864,0.259772,0.0193975,-0.00709216,-0.752823,4.05548,-33.3292,17.0589,23.8606,0.422935,8.85533,-4.26438,-11.9252,5.19652,0.581871,0.00154745,-0.000519404,-0.00144879,1.73258,-1.7328,0.201136,0.100879,0.537612,0.846322,16.9876,9.81574,-0.813006,-5.87717,-8.26015,-0.236875,-2.25063,-4.27729,0.238701,0.125,0.269985,-6.313,-1.99916,-0.00437124,0,840,-1.38778e-17,-2.77556e-17,-1.04083e-17,-1.47451e-17,-3.81639e-17,-4.51028e-17,-4.36933e-17,1.249e-16,1.21431e-16,1.19838e-16,0,-0.543592,-0.304091,0.503605,-0.00127984,3.14159,2.22216,0.0626458,3.26935,-0.0106431,-0.392699,4.17996,0.0587781,3.13272,-0.00986404,0.523599,0,0,0,0.104289,-0.00994228,-0.543592,0.503606,3.1216,2.22216,3.26936,-0.395841,4.17996,3.13276,0.514725,0.00907601,-2.38541,1.03941,5.27351e-05,-0.246659,-0.000289757,0.346517,-0.346559,0.0232502,0.0496845,0.012563,1.00022,-19.5097,67.3082,7.04042,5.27768,-12.6399,1.8068,3.22053,-12.3832,3.51261
0.84,-6.30183,-2.00348,0.117336,0.337207,-0.000864674,1.04023,-0.534955,-0.130162,0.504947,0.201628,3.13077,-2.41435,2.23126,-3.40854,3.28004,0.207734,-0.386674,-4.2676,4.18909,-3.19068,3.14338,-0.614622,0.52402,-5.2518,-1.99861,-7.61001,-0.409698,-7.57929,-3.66352,-4.70183,-2.00486,-7.10063,-0.617146,-7.10303,-3.38843,0.385607,0.258173,-0.571312,0.106167,-0.00442378,0.226716,-0.0104992,-0.412163,-0.54459,-1.98655,0.502608,-0.0138133,3.1206,-0.0243549,2.22163,0.342761,3.26882,-0.0533087,-0.396375,0.020682,4.17946,0.322031,3.13226,-0.0495319,0.514215,-0.0509539,1.01149,0.343468,-1.26878,1.39167,-14.4816,13.2171,-29.0532,16.3219,3.0586,-8.151,17.9677,-15.5192,5.2019,-1.75057,0.0403647,-0.0895955,-0.814899,4.96353,-23.9326,14.8073,0,6.56624,-0.625712,6.95325,-4.8506,2.35872,0.273208,0.0195497,-0.00734745,-0.731184,4.19955,-33.5123,17.1824,24.397,0.537357,8.94158,-4.29502,-12.1921,5.2587,0.638765,0.00124219,-0.000417149,-0.00118096,1.75332,-1.75349,0.201168,0.097673,0.553391,0.866426,17.4902,10.1079,-0.896132,-6.50431,-9.18898,-0.25001,-2.43902,-4.53025,0.23972,0.121397,0.273207,-6.30177,-1.99905,-0.00442378,0,891,0,-2.77556e-17,-4.94396e-17,2.60209e-17,-4.85723e-17,-4.85723e-17,-4.71628e-17,7.28584e-17,6.93889e-17,9.90283e-17,0,-0.54459,-0.314726,0.502606,-0.000483112,3.14159,2.22163,0.0685542,3.26882,-0.0106617,-0.392699,4.17946,0.0644199,3.13221,-0.00990638,0.523599,0,0,0,0.105748,-0.0104992,-0.54459,0.502608,3.1206,2.22163,3.26882,-0.396375,4.17946,3.13226,0.514215,0.00963456,-2.43887,1.05187,6.48246e-05,-0.260122,-0.000236192,0.350665,-0.350699,0.0255287,0.0498258,0.0126105,1.00022,-19.1151,69.1362,7.33453,5.81402,-13.6748,1.97689,3.68087,-13.4456,3.66767
0.86,-6.29016,-2.00338,0.11893,0.348183,-0.000848075,1.05754,-0.535344,-0.116306,0.504333,0.207909,3.13042,-2.43442,2.23123,-3.42247,3.28014,0.186704,-0.386694,-4.27299,4.18921,-3.19481,3.14362,-0.619716,0.524158,-5.24012,-1.99828,-7.59836,-0.409603,-7.56756,-3.66351,-4.69016,-2.00474,-7.08899,-0.617062,-7.09134,-3.38834,0.399203,0.244364,-0.575342,0.107555,-0.00444296,0.239554,-0.011064,-0.431316,-0.54556,-2.04791,0.501638,-0.0108933,3.11963,-0.0213342,2.22101,0.373329,3.26821,-0.0533576,-0.396984,0.0254782,4.179,0.351862,3.1318,-0.0498418,0.513762,-0.051134,1.01179,0.360832,-1.26956,1.4022,-15.7211,13.4865,-29.8579,16.933,3.80326,-8.35323,18.5488,-16.0252,5.21334,-1.81092,0.0456944,-0.102165,-0.808298,5.24635,-23.8113,14.9977,0,6.29483,-0.661669,6.87386,-4.93527,2.28678,0.285805,0.0194334,-0.00752262,-0.7089,4.36868,-33.7096,17.3167,24.9732,0.652103,9.03328,-4.32801,-12.4774,5.32329,0.700279,0.000552144,-0.000185546,-0.000533358,1.77489,-1.77497,0.201198,0.0797209,0.548803,0.865246,17.981,10.4275,-1.00378,-7.20206,-10.2424,-0.269656,-2.63962,-4.78318,0.240752,0.117696,0.276565,-6.29012,-1.99894,-0.00444296,0,944,-1.38778e-17,-1.38778e-17,-6.93889e-18,-1.34441e-17,-1.38778e-17,-2.08167e-17,-2.84061e-17,-6.245e-17,-6.245e-17,-7.58942e-17,0,-0.54556,-0.325702,0.501639,0.000373621,3.14159,2.22101,0.0746668,3.26821,-0.0106715,-0.392699,4.179,0.0703848,3.13176,-0.00996835,0.523599,0,0,0,0.10712,-0.011064,-0.54556,0.501638,3.11963,2.22101,3.26821,-0.396984,4.179,3.1318,0.513762,0.0102159,-2.49587,1.06477,5.43769e-05,-0.282618,-0.000106672,0.354979,-0.354994,0.0279996,0.049973,0.0126599,1.00022,-19.1966,71.2205,7.61602,6.23824,-14.7269,2.17023,3.95489,-14.4919,3.8051
0.88,-6.27791,-2.00321,0.119751,0.358903,-0.000854626,1.07485,-0.535731,-0.102233,0.50372,0.21457,3.13006,-2.45851,2.23137,-3.44055,3.28041,0.162693,-0.386546,-4.2793,4.18947,-3.20011,3.14401,-0.625451,0.524431,-5.22787,-1.99791,-7.58612,-0.409503,-7.55523,-3.66346,-4.67791,-2.00458,-7.07672,-0.61689,-7.07909,-3.38817,0.413021,0.226412,-0.580531,0.108557,-0.00440471,0.252798,-0.0116749,-0.450157,-0.546551,-2.1091,0.500647,-0.00775146,3.11864,-0.0164814,2.22055,0.405413,3.26775,-0.0536538,-0.397445,0.0324292,4.17865,0.383322,3.13145,-0.050413,0.513424,-0.0513124,1.012,0.378767,-1.27028,1.41311,-17.0595,13.7707,-30.7143,17.5937,4.62084,-8.56364,19.1613,-16.5671,5.22422,-1.87517,0.0517679,-0.116621,-0.802347,5.54573,-23.6745,15.1962,0,6.02213,-0.704953,6.78902,-5.02623,2.21381,0.297832,0.0207265,-0.00827674,-0.686434,4.58883,-33.9287,17.4618,25.5908,0.753763,9.13212,-4.36293,-12.7803,5.38809,0.766607,-0.00120182,0.000404203,0.00117985,1.79653,-1.79637,0.201219,0.0410416,0.535974,0.865419,18.4679,10.7664,-1.20449,-8.09895,-11.4541,-0.315656,-2.89173,-5.0683,0.241802,0.113944,0.279944,-6.27805,-1.99881,-0.00440471,0,999,0,-1.38778e-17,8.67362e-18,-2.55872e-17,-2.42861e-17,-2.42861e-17,-1.88651e-17,4.51028e-17,4.51028e-17,6.1664e-18,0,-0.546551,-0.33683,0.500645,0.00129805,3.14159,2.22055,0.0810839,3.26775,-0.0107308,-0.392699,4.17865,0.0766754,3.13142,-0.0100826,0.523599,0,0,0,0.10811,-0.0116749,-0.546551,0.500647,3.11864,2.22055,3.26775,-0.397445,4.17865,3.13145,0.513424,0.0108202,-2.55638,1.07771,4.52625e-05,-0.33655,0.00023597,0.359307,-0.359273,0.0306977,0.0501262,0.0127114,1.00022,-19.1849,73.2447,7.90457,6.18346,-15.758,2.32116,3.4708,-15.4558,3.90907
0.9,-6.26584,-2.00303,0.119979,0.369218,-0.000846554,1.09184,-0.535918,-0.0874427,0.503327,0.224578,3.1299,-2.48593,2.23162,-3.46188,3.28081,0.13572,-0.3863,-4.28604,4.18976,-3.20578,3.14445,-0.631348,0.524728,-5.2158,-1.9976,-7.57412,-0.409447,-7.54308,-3.66342,-4.66584,-2.00438,-7.06466,-0.616711,-7.06701,-3.38799,0.427576,0.205234,-0.586059,0.108775,-0.00435332,0.266798,-0.0122721,-0.465993,-0.547344,-2.16368,0.499854,-0.00288112,3.11784,-0.0119932,2.22019,0.44314,3.26739,-0.0538674,-0.397808,0.0360681,4.17833,0.421763,3.13114,-0.0510714,0.513108,-0.0514743,1.01205,0.39766,-1.27079,1.42422,-18.4685,14.069,-31.6219,18.3161,5.47073,-8.76062,19.7569,-17.1222,5.22915,-1.95273,0.060938,-0.138341,-0.800185,5.85199,-23.5106,15.4103,0,5.73737,-0.739708,6.69046,-5.12744,2.13571,0.311309,0.0216047,-0.00893354,-0.66228,4.71543,-34.1827,17.6107,26.305,0.945759,9.2488,-4.39869,-13.1304,5.45979,0.848281,-0.00330473,0.00111117,0.00330311,1.82045,-1.82,0.201223,0.0113791,0.51574,0.849513,18.8933,11.2726,-1.37097,-9.1534,-12.8046,-0.336921,-3.16101,-5.3625,0.242821,0.109929,0.283693,-6.26599,-1.99868,-0.00435332,0,1054,0,-4.16334e-17,-4.51028e-17,4.77049e-17,3.81639e-17,4.16334e-17,3.70797e-17,1.38778e-16,1.42247e-16,1.4756e-16,0,-0.547344,-0.347642,0.499851,0.0026613,3.14159,2.22019,0.0886295,3.26738,-0.0107735,-0.392699,4.17833,0.084364,3.1311,-0.0102143,0.523599,0,0,0,0.108326,-0.0122721,-0.547344,0.499854,3.11784,2.22019,3.26739,-0.397808,4.17833,3.13114,0.513108,0.0114255,-2.6264,1.09205,4.39381e-05,-0.363904,0.000660622,0.364091,-0.363999,0.0340383,0.0502798,0.012763,1.00022,-19.7059,75.3144,8.10674,6.80991,-17.1142,2.43879,3.97388,-16.8387,4.00414
0.92,-6.252,-2.00277,0.119422,0.378669,-0.000713011,1.10909,-0.535395,-0.0627188,0.50386,0.254262,3.13047,-2.51641,2.23185,-3.48576,3.28122,0.104593,-0.38606,-4.29315,4.1901,-3.21176,3.14496,-0.637653,0.525076,-5.20196,-1.99742,-7.56051,-0.409412,-7.52896,-3.66343,-4.652,-2.00391,-7.05101,-0.616556,-7.05299,-3.38784,0.452259,0.181529,-0.591879,0.108291,-0.00425455,0.281226,-0.0128442,-0.47035,-0.547526,-2.15461,0.499671,0.0149889,3.11766,-0.00704221,2.21972,0.48451,3.26692,-0.0540966,-0.398278,0.0408958,4.17797,0.46307,3.13078,-0.0518847,0.512741,-0.0516471,1.01194,0.417088,-1.27111,1.43537,-19.7598,14.3734,-32.5598,19.1082,6.15619,-8.78293,19.9655,-17.4523,5.17748,-2.10055,0.0924775,-0.211498,-0.823049,6.16397,-23.3298,15.6377,0,5.45339,-0.77126,6.58156,-5.23585,2.05513,0.324834,0.0224831,-0.00965376,-0.637362,4.86105,-34.4526,17.758,27.0773,1.14862,9.37362,-4.43354,-13.5079,5.5329,0.937672,-0.00593284,0.00199258,0.00604267,1.84483,-1.84401,0.201212,-0.0278201,0.472559,0.862842,19.1295,12.7665,-1.52382,-10.3353,-14.3637,-0.355477,-3.44291,-5.67768,0.242807,0.105786,0.287514,-6.25199,-1.99851,-0.00425455,0,1118,-1.38778e-17,1.38778e-17,1.04083e-17,1.99493e-17,-3.46945e-17,-3.46945e-17,-2.94903e-17,8.67362e-17,9.02056e-17,8.35378e-17,0,-0.547526,-0.352845,0.49967,0.00714603,3.14159,2.21972,0.0969036,3.26691,-0.0108193,-0.392699,4.17797,0.0926283,3.13074,-0.0103769,0.523599,0,0,0,0.107848,-0.0128442,-0.547526,0.499671,3.11766,2.21972,3.26692,-0.398278,4.17797,3.13078,0.512741,0.0121312,-2.70195,1.10668,5.11684e-05,-0.388545,0.00120853,0.368967,-0.368801,0.0377282,0.050459,0.0128232,1.00021,-20.6209,76.0419,7.93986,7.78016,-18.6808,2.59086,4.62471,-18.3635,4.11594
0.94,-6.23817,-2.0025,0.118409,0.387487,-0.000573456,1.12779,-0.535024,-0.0238977,0.504468,0.298126,3.13094,-2.54884,2.23198,-3.51132,3.28155,0.0700503,-0.385923,-4.30028,4.19046,-3.21768,3.1455,-0.64375,0.525445,-5.18814,-1.99713,-7.54691,-0.409322,-7.51484,-3.66344,-4.63817,-2.00341,-7.03738,-0.616398,-7.03897,-3.38768,0.49122,0.15615,-0.597626,0.107023,-0.0041576,0.295527,-0.0134006,-0.45085,-0.547851,-2.07918,0.499346,0.0510603,3.11734,-0.00416895,2.21916,0.529885,3.26635,-0.0542584,-0.398841,0.043957,4.17764,0.507891,3.13044,-0.0527282,0.512406,-0.0518006,1.01166,0.436251,-1.27121,1.44597,-20.6516,14.702,-33.5582,20.0148,6.34611,-8.60825,19.719,-17.5178,5.07903,-2.34693,0.162783,-0.374852,-0.873914,6.4544,-23.1348,15.8697,0,5.17999,-0.786458,6.46312,-5.34737,1.9731,0.338528,0.0230084,-0.0102762,-0.611984,4.94295,-34.7401,17.8995,27.9008,1.4067,9.50795,-4.46695,-13.91,5.60688,1.03591,-0.00868406,0.00291053,0.00901669,1.86952,-1.8683,0.201184,-0.050653,0.440935,0.935075,19.2488,14.9633,-1.62147,-11.607,-16.0949,-0.35632,-3.72086,-5.9818,0.242193,0.10157,0.291382,-6.23822,-1.99834,-0.0041576,0,1181,1.38778e-17,0,2.08167e-17,-2.55872e-17,-1.73472e-17,-1.38778e-17,-1.91904e-17,-9.02056e-17,-1.04083e-16,-1.11239e-16,0,-0.547851,-0.351706,0.499348,0.015595,3.14159,2.21916,0.105978,3.26635,-0.0108517,-0.392699,4.17764,0.101593,3.1304,-0.0105456,0.523599,0,0,0,0.106595,-0.0134006,-0.547851,0.499346,3.11734,2.21916,3.26635,-0.398841,4.17764,3.13044,0.512406,0.0128271,-2.78236,1.12147,4.94876e-05,-0.390485,0.00180334,0.373903,-0.373661,0.041781,0.050636,0.0128827,1.00021,-21.3159,75.079,7.58623,9.29599,-20.4667,2.77167,5.9671,-20.1224,4.21639
0.96,-6.22372,-2.00216,0.116603,0.395787,-0.000446127,1.14354,-0.534286,-0.00569643,0.504985,0.319691,3.13174,-2.58546,2.23226,-3.54166,3.28202,0.0314337,-0.385638,-4.30771,4.19068,-3.22367,3.14591,-0.650548,0.525669,-5.17369,-1.99699,-7.53269,-0.409226,-7.50015,-3.6633,-4.62372,-2.00287,-7.0231,-0.616158,-7.02434,-3.38744,0.509137,0.126005,-0.603426,0.105259,-0.00400678,0.309562,-0.0140037,-0.370742,-0.547843,-2.12965,0.499354,0.0736852,3.11734,-0.000154843,2.21871,0.575539,3.2659,-0.0545094,-0.399291,0.0425946,4.17712,0.55588,3.12992,-0.0533889,0.511888,-0.0519527,1.01128,0.455008,-1.2712,1.45621,-20.3248,15.079,-34.6761,21.182,5.19302,-8.66603,20.0025,-18.0903,5.11973,-2.59864,0.21275,-0.493455,-0.905477,6.73791,-22.9328,16.0989,0,4.92619,-0.803293,6.34393,-5.46048,1.89326,0.350407,0.0240667,-0.0111798,-0.587304,4.87887,-35.029,18.0315,28.7585,1.75992,9.64788,-4.49886,-14.3323,5.68337,1.14241,-0.0106232,0.00355001,0.0112491,1.895,-1.89351,0.201145,-0.0903234,0.414967,0.78731,19.1193,16.042,-1.83136,-13.1098,-18.0297,-0.37145,-4.00927,-6.32285,0.246293,0.0974618,0.295373,-6.22382,-1.99815,-0.00400678,0,1247,-1.38778e-17,0,-3.46945e-18,-9.97466e-18,-6.93889e-18,-1.38778e-17,-9.54098e-18,2.08167e-17,2.08167e-17,4.08202e-17,0,-0.547843,-0.366399,0.499351,0.0209249,3.14159,2.21871,0.115109,3.2659,-0.0109019,-0.392699,4.17712,0.111193,3.12988,-0.0106778,0.523599,0,0,0,0.104852,-0.0140037,-0.547843,0.499354,3.11734,2.21871,3.2659,-0.399291,4.17712,3.12992,0.511888,0.0135576,-2.86685,1.13678,5.22017e-05,-0.42589,0.00224981,0.378999,-0.378701,0.0461829,0.0508219,0.0129452,1.0002,-27.1454,78.3133,7.32419,10.2039,-22.1437,2.91828,6.78312,-21.8331,4.37063
0.98,-6.20877,-2.00167,0.113131,0.402045,-0.000190282,1.15396,-0.532858,-0.00765419,0.505947,0.32474,3.13317,-2.62586,2.23262,-3.57726,3.28259,-0.012835,-0.385282,-4.31564,4.19085,-3.22996,3.14629,-0.65773,0.525857,-5.15875,-1.99689,-7.51817,-0.40913,-7.4848,-3.66311,-4.60877,-2.00198,-7.00851,-0.615882,-7.00903,-3.38716,0.506712,0.0906106,-0.609533,0.102658,-0.00373448,0.324091,-0.0145132,-0.326469,-0.547181,-2.25173,0.500016,0.0732538,3.11801,0.00592521,2.21829,0.624862,3.26549,-0.0547737,-0.399703,0.0456983,4.17653,0.605988,3.12933,-0.0545475,0.5113,-0.0520968,1.01073,0.47426,-1.27094,1.46617,-20.6597,15.4095,-35.6986,22.2349,4.7459,-8.95019,20.8149,-18.9922,5.21308,-2.73924,0.216184,-0.505188,-0.903627,7.03005,-22.7122,16.3372,0,4.68102,-0.820562,6.21508,-5.58014,1.81196,0.361705,0.0252242,-0.0122172,-0.562163,4.91723,-35.3277,18.1535,29.675,2.0785,9.79609,-4.52818,-14.7845,5.75884,1.25615,-0.0145772,0.00485059,0.0157555,1.91982,-1.91777,0.201089,-0.173572,0.312915,0.521049,19.0271,16.3015,-2.01968,-14.8724,-20.2458,-0.396647,-4.31532,-6.69728,0.250795,0.0932805,0.299321,-6.20879,-1.99794,-0.00373448,0,1316,1.38778e-17,-2.77556e-17,-6.93889e-18,-2.25514e-17,0,-1.38778e-17,-1.82146e-17,5.55112e-17,4.16334e-17,5.04154e-17,0,-0.547181,-0.387284,0.500016,0.0212043,3.14159,2.21829,0.124973,3.26549,-0.0109547,-0.392699,4.17653,0.121215,3.12929,-0.0109095,0.523599,0,0,0,0.10228,-0.0145132,-0.547181,0.500016,3.11801,2.21829,3.26549,-0.399703,4.17653,3.12933,0.5113,0.0143229,-2.95729,1.15187,5.01006e-05,-0.479922,0.0031511,0.383964,-0.383554,0.0510555,0.051017,0.0130108,1.00019,-35.5737,84.3753,7.11773,11.6283,-24.1356,3.05333,7.21956,-23.54,4.55296
1,-6.19337,-2.00114,0.108279,0.406581,0.000114709,1.16241,-0.531202,-0.00570547,0.507392,0.334362,3.13481,-2.66891,2.23294,-3.61693,3.28315,-0.0626428,-0.384961,-4.32381,4.19093,-3.23614,3.14658,-0.665398,0.525947,-5.14336,-1.99677,-7.50326,-0.408998,-7.46896,-3.66285,-4.59337,-2.00095,-6.99353,-0.615588,-6.99321,-3.38687,0.508467,0.0511811,-0.615509,0.0983517,-0.00342304,0.337864,-0.0149973,-0.344311,-0.546314,-2.30769,0.500884,0.0722932,3.11888,0.00950913,2.21782,0.680066,3.26502,-0.0550076,-0.400173,0.0470927,4.17581,0.660946,3.12862,-0.0550013,0.510586,-0.0522136,1.00985,0.492124,-1.27022,1.47392,-22.1894,15.6268,-36.4245,22.9214,5.67574,-9.13911,21.3882,-19.5805,5.23746,-2.80951,0.218336,-0.513431,-0.897871,7.27939,-22.474,16.5602,0,4.46097,-0.811105,6.07688,-5.69649,1.73205,0.37406,0.0261727,-0.0132247,-0.537439,4.87648,-35.6414,18.2415,30.651,2.46625,9.95784,-4.5494,-15.2688,5.83201,1.3799,-0.0155998,0.00515415,0.0172183,1.94417,-1.94198,0.201,-0.242632,0.22678,0.422224,19.1288,16.7885,-2.15265,-16.84,-22.7387,-0.408383,-4.62067,-7.08229,0.252,0.0891773,0.303174,-6.19336,-1.99771,-0.00342304,0,1387,0,0,2.08167e-17,3.03577e-18,-2.08167e-17,-2.77556e-17,-3.00324e-17,1.31839e-16,1.249e-16,1.09396e-16,0,-0.546314,-0.396854,0.500881,0.0211814,3.14159,2.21782,0.136014,3.26502,-0.0110015,-0.392699,4.17581,0.132207,3.12858,-0.0110003,0.523599,0,0,0,0.0980194,-0.0149973,-0.546314,0.500884,3.11888,2.21782,3.26502,-0.400173,4.17581,3.12862,0.510586,0.015112,-3.05415,1.1665,4.91793e-05,-0.519953,0.00344366,0.388835,-0.388396,0.0561869,0.0512183,0.0130785,1.00018,-38.8157,87.4375,6.84427,13.604,-26.413,3.20626,8.19818,-25.4755,4.76324
1.02,-6.17759,-2.00056,0.102445,0.40967,0.000474002,1.16915,-0.529351,-0.00477086,0.509072,0.343941,3.13665,-2.71304,2.23319,-3.65948,3.28367,-0.11709,-0.384703,-4.33204,4.19101,-3.24235,3.14689,-0.67314,0.526047,-5.12759,-1.99664,-7.48803,-0.408844,-7.45266,-3.66261,-4.57759,-1.99981,-6.97825,-0.615304,-6.97694,-3.38658,0.509246,0.00889102,-0.621516,0.0926431,-0.00309628,0.350951,-0.0154399,-0.361222,-0.545265,-2.35321,0.501933,0.0715216,3.11993,0.0130637,2.21728,0.738726,3.26447,-0.0552062,-0.40072,0.0532055,4.17509,0.716642,3.1279,-0.0554357,0.509868,-0.0523102,1.00874,0.508709,-1.26916,1.47968,-23.6336,15.7992,-37.0115,23.5123,6.58567,-9.29078,21.8556,-20.0868,5.25748,-2.86965,0.220029,-0.520096,-0.893247,7.50071,-22.2277,16.7659,0,4.27044,-0.787616,5.93388,-5.80702,1.6555,0.386357,0.026863,-0.0141533,-0.513745,4.95979,-35.9678,18.3025,31.6592,2.7963,10.1279,-4.5636,-15.7688,5.89762,1.50591,-0.0165557,0.00542024,0.0186538,1.96604,-1.96371,0.200888,-0.291665,0.154478,0.337228,19.1788,17.2747,-2.20659,-18.9547,-25.4641,-0.411529,-4.92724,-7.46992,0.252985,0.0852422,0.306619,-6.17773,-1.99747,-0.00309628,0,1459,1.38778e-17,2.77556e-17,6.93889e-17,-1.3249e-16,-5.55112e-17,-4.85723e-17,-5.29091e-17,1.52656e-16,1.52656e-16,1.45934e-16,0,-0.545265,-0.404637,0.501932,0.0211671,3.14159,2.21728,0.147747,3.26447,-0.0110412,-0.392699,4.17509,0.143346,3.12786,-0.0110871,0.523599,0,0,0,0.0923648,-0.0154399,-0.545265,0.501933,3.11993,2.21728,3.26447,-0.40072,4.17509,3.1279,0.509868,0.0159139,-3.15413,1.17962,4.56065e-05,-0.5374,0.00373077,0.393207,-0.392742,0.0613697,0.0514232,0.0131474,1.00016,-41.7006,90.0793,6.50759,16.1051,-28.9107,3.38282,9.54419,-27.5436,4.97395
1.04,-6.16149,-2,0.0963103,0.41269,0.000791234,1.17581,-0.527446,-0.00325582,0.510835,0.354193,3.13853,-2.76021,2.23375,-3.70784,3.28451,-0.174195,-0.384139,-4.34037,4.1911,-3.2488,3.14721,-0.681189,0.526162,-5.11149,-1.99662,-7.47248,-0.408823,-7.43609,-3.66235,-4.56149,-1.99874,-6.96259,-0.614996,-6.96039,-3.38628,0.510639,-0.0391989,-0.627755,0.0859171,-0.00279752,0.363092,-0.0159599,-0.374901,-0.544197,-2.39085,0.503,0.0709363,3.12099,0.0170103,2.217,0.798006,3.2642,-0.0555631,-0.400993,0.0599377,4.17435,0.772956,3.12716,-0.0559032,0.50913,-0.0524039,1.00753,0.523758,-1.26797,1.48369,-24.9125,15.9314,-37.4688,24.0133,7.39598,-9.40832,22.2231,-20.5158,5.27554,-2.92192,0.221306,-0.525298,-0.889852,7.6925,-21.9815,16.946,0,4.11272,-0.757408,5.79761,-5.91189,1.58404,0.397327,0.028619,-0.0156862,-0.491668,5.05335,-36.3092,18.3439,32.6906,3.12566,10.3054,-4.57287,-16.2798,5.95773,1.63418,-0.017637,0.005714,0.0202711,1.98606,-1.98359,0.200766,-0.306754,0.150978,0.332987,19.2565,17.7947,-2.35857,-21.3447,-28.3224,-0.416472,-5.24477,-7.87278,0.253863,0.0815609,0.309761,-6.16149,-1.99721,-0.00279752,0,1534,0,5.55112e-17,2.08167e-17,-2.34188e-17,-6.93889e-18,-3.46945e-17,-3.93565e-17,4.85723e-17,4.16334e-17,4.62954e-17,0,-0.544197,-0.41108,0.502998,0.0211678,3.14159,2.217,0.159603,3.2642,-0.0111126,-0.392699,4.17435,0.154609,3.12712,-0.0111806,0.523599,0,0,0,0.0856943,-0.0159599,-0.544197,0.503,3.12099,2.217,3.2642,-0.400993,4.17435,3.12716,0.50913,0.0167511,-3.25632,1.19163,4.36791e-05,-0.550166,0.00405423,0.397213,-0.396718,0.0666216,0.0516374,0.0132194,1.00014,-41.5963,91.2459,6.18875,18.0825,-31.2573,3.47488,10.8554,-29.6583,5.19149
1.06,-6.1451,-1.99937,0.089424,0.415034,0.00114178,1.1807,-0.524384,-0.0069774,0.513686,0.366552,3.14155,-2.80942,2.23406,-3.76119,3.28511,-0.241403,-0.383828,-4.34895,4.19123,-3.25551,3.14757,-0.689378,0.526308,-5.0951,-1.9971,-7.45664,-0.408624,-7.41918,-3.66206,-4.5451,-1.99754,-6.94669,-0.614639,-6.94352,-3.38592,0.506746,-0.0922515,-0.634256,0.0788818,-0.0024412,0.375555,-0.0164597,-0.362839,-0.541986,-2.44543,0.505212,0.0690393,3.1232,0.0192654,2.21646,0.860604,3.26366,-0.0557685,-0.401535,0.0674046,4.17363,0.830927,3.12643,-0.056438,0.508409,-0.0525045,1.00635,0.53909,-1.26683,1.48767,-25.5921,16.0518,-37.9002,24.593,7.57627,-9.51448,22.5658,-21.0087,5.32056,-2.98434,0.219094,-0.522207,-0.890157,7.87263,-21.7326,17.1333,0,3.97089,-0.718911,5.6543,-6.01752,1.50924,0.406511,0.0294,-0.0167823,-0.468514,5.15744,-36.6714,18.3842,33.7882,3.46559,10.4923,-4.58151,-16.8228,6.01901,1.76855,-0.0189954,0.00608572,0.0222794,2.00648,-2.00383,0.200647,-0.344317,0.11721,0.244718,19.0657,18.3111,-2.46015,-23.9965,-31.6859,-0.429432,-5.57418,-8.2826,0.256036,0.077705,0.312942,-6.14506,-1.99692,-0.0024412,0,1610,1.38778e-17,1.38778e-17,-2.08167e-17,1.55719e-17,0,0,3.25261e-18,-4.85723e-17,-4.85723e-17,-5.59448e-17,0,-0.541986,-0.420469,0.505209,0.0208487,3.14159,2.21646,0.172122,3.26366,-0.0111537,-0.392699,4.17363,0.166201,3.1264,-0.0112876,0.523599,0,0,0,0.0787089,-0.0164597,-0.541986,0.505212,3.1232,2.21646,3.26366,-0.401535,4.17363,3.12643,0.508409,0.0176014,-3.36486,1.20388,3.64847e-05,-0.582258,0.00445588,0.401297,-0.400765,0.0721929,0.0518553,0.0132927,1.00013,-44.4941,93.6487,5.51362,20.374,-33.7933,3.65061,11.8199,-31.7296,5.40282
1.08,-6.12852,-1.99872,0.0822233,0.416852,0.00152852,1.18466,-0.520874,-0.00926455,0.517089,0.382995,3.14502,-2.85774,2.23388,-3.81534,3.28524,-0.318477,-0.384008,-4.35734,4.19133,-3.2619,3.14791,-0.69728,0.526428,-5.07852,-1.99777,-7.44056,-0.408198,-7.40202,-3.66177,-4.52852,-1.99628,-6.93064,-0.614308,-6.9264,-3.38559,0.504393,-0.146097,-0.640413,0.0710975,-0.00209901,0.388014,-0.0169252,-0.367916,-0.539327,-2.47258,0.50787,0.0694104,3.12586,0.0219708,2.21542,0.925913,3.26262,-0.0557384,-0.402574,0.0731711,4.17287,0.892474,3.12567,-0.0569218,0.507659,-0.052604,1.00516,0.554152,-1.26564,1.49085,-26.6222,16.1229,-38.197,25.0355,8.15243,-9.55931,22.7524,-21.3485,5.34099,-3.04049,0.221125,-0.52895,-0.892357,8.04234,-21.4843,17.317,0,3.8531,-0.673316,5.5023,-6.11602,1.43498,0.414604,0.0284281,-0.0169002,-0.44546,5.18558,-37.06,18.4111,34.9699,3.87067,10.6936,-4.58663,-17.4082,6.08193,1.91293,-0.0201566,0.00637519,0.0241403,2.02745,-2.02464,0.200527,-0.360037,0.090884,0.197813,18.8758,19.0726,-2.41624,-26.7136,-35.5426,-0.41931,-5.88846,-8.67792,0.257178,0.0738836,0.316214,-6.12866,-1.99663,-0.00209901,0,1686,1.38778e-17,2.77556e-17,3.46945e-17,-2.38524e-17,-3.46945e-17,-4.85723e-17,-5.00901e-17,1.11022e-16,1.17961e-16,1.12215e-16,0,-0.539327,-0.425641,0.507867,0.0209914,3.14159,2.21542,0.185184,3.26262,-0.0111477,-0.392699,4.17287,0.178509,3.12565,-0.0113844,0.523599,0,0,0,0.0709703,-0.0169252,-0.539327,0.50787,3.12586,2.21542,3.26262,-0.402574,4.17287,3.12567,0.507659,0.0184537,-3.48189,1.21644,2.95465e-05,-0.573706,0.00482807,0.40549,-0.404928,0.0780845,0.0520739,0.0133662,1.00011,-45.9746,95.0584,4.65952,23.2366,-36.5271,3.98074,13.853,-34.1347,5.62097
1.1,-6.11192,-1.99808,0.0749148,0.418606,0.00191335,1.18876,-0.517437,-0.00890508,0.520487,0.401164,3.14842,-2.90639,2.2336,-3.87212,3.28528,-0.401551,-0.384273,-4.36557,4.19141,-3.2682,3.14824,-0.70524,0.52653,-5.06192,-1.9984,-7.42444,-0.407719,-7.38487,-3.66147,-4.51193,-1.99501,-6.91457,-0.613968,-6.90927,-3.38524,0.504751,-0.202571,-0.646489,0.0629817,-0.00176432,0.400076,-0.017417,-0.381108,-0.536767,-2.48111,0.51043,0.0715594,3.12842,0.0289919,2.21427,0.988539,3.26147,-0.0556957,-0.403725,0.0798129,4.17207,0.953505,3.12488,-0.0573708,0.506866,-0.0527172,1.00406,0.568532,-1.26456,1.49336,-27.8107,16.172,-38.4231,25.4005,8.91202,-9.56392,22.8321,-21.5824,5.34481,-3.09671,0.226941,-0.544536,-0.896827,8.21261,-21.2482,17.486,0,3.76382,-0.63695,5.35583,-6.20609,1.36684,0.420623,0.0271766,-0.0167848,-0.424294,5.23401,-37.4581,18.4283,36.1779,4.26575,10.8994,-4.58927,-18.007,6.14208,2.05786,-0.0211667,0.00660429,0.0258714,2.0475,-2.04456,0.200415,-0.365424,0.0876961,0.204749,18.7427,19.9256,-2.43253,-29.5663,-39.6989,-0.411648,-6.19946,-9.07604,0.257668,0.0703751,0.319329,-6.11186,-1.99631,-0.00176432,0,1764,1.38778e-17,2.77556e-17,2.77556e-17,-7.97973e-17,6.93889e-18,-1.38778e-17,-8.0231e-18,1.17961e-16,1.11022e-16,1.13733e-16,0,-0.536767,-0.428133,0.510426,0.0214919,3.14159,2.21427,0.197709,3.26147,-0.0111391,-0.392699,4.17207,0.190713,3.12486,-0.0114742,0.523599,0,0,0,0.0628929,-0.017417,-0.536767,0.51043,3.12842,2.21427,3.26147,-0.403725,4.17207,3.12488,0.506866,0.0193304,-3.60162,1.22847,2.44859e-05,-0.56488,0.00517428,0.409501,-0.408912,0.0839773,0.052299,0.0134419,1.00009,-45.5251,95.3418,3.82021,25.5681,-39.0704,4.34677,15.7747,-36.5175,5.85245
1.12,-6.09551,-1.99746,0.068004,0.420617,0.00229193,1.1928,-0.513423,-0.00682967,0.524489,0.423659,3.15241,-2.95368,2.23311,-3.93068,3.28512,-0.492483,-0.384747,-4.3732,4.19138,-3.27373,3.14847,-0.712684,0.526527,-5.04548,-1.99939,-7.40845,-0.407165,-7.36794,-3.66115,-4.49551,-1.9938,-6.89868,-0.613661,-6.89233,-3.38493,0.506843,-0.26081,-0.651793,0.0547872,-0.00147711,0.412174,-0.0178946,-0.372446,-0.53361,-2.48017,0.513588,0.0792924,3.13158,0.0374664,2.21293,1.05077,3.26012,-0.0554557,-0.405066,0.0834341,4.17119,1.01648,3.124,-0.0575978,0.505987,-0.0528375,1.00308,0.58285,-1.26363,1.49583,-28.4544,16.2195,-38.6416,25.8376,9.07582,-9.50229,22.7504,-21.7545,5.35149,-3.20262,0.244335,-0.587958,-0.912095,8.37883,-21.0184,17.6522,0,3.69522,-0.602079,5.20875,-6.29135,1.30007,0.424686,0.0242707,-0.0155599,-0.403435,5.15322,-37.8662,18.4391,37.4413,4.74459,11.1125,-4.59049,-18.6367,6.20523,2.20975,-0.0212687,0.00654122,0.026538,2.06855,-2.06561,0.200315,-0.345539,0.100577,0.202172,18.4626,20.9787,-2.36457,-32.5183,-44.2331,-0.381525,-6.47749,-9.44825,0.258766,0.0669379,0.322592,-6.09553,-1.99599,-0.00147711,0,1840,0,1.38778e-17,3.46945e-17,-2.81893e-17,-2.08167e-17,-3.46945e-17,-3.77302e-17,1.45717e-16,1.249e-16,1.26418e-16,0,-0.53361,-0.430547,0.513583,0.0232166,3.14159,2.21293,0.210154,3.26013,-0.0110911,-0.392699,4.17119,0.203308,3.12398,-0.0115196,0.523599,0,0,0,0.0547282,-0.0178946,-0.53361,0.513588,3.13158,2.21293,3.26012,-0.405066,4.17119,3.124,0.505987,0.0201866,-3.72753,1.24109,2.18888e-05,-0.510694,0.0053076,0.413711,-0.413122,0.0899915,0.0525192,0.0135159,1.00008,-45.8245,95.5016,2.72039,28.1132,-41.6206,4.76978,18.8013,-39.1912,6.10722
1.14,-6.07945,-1.99691,0.0619861,0.423339,0.00266044,1.19665,-0.5093,-0.00868756,0.52852,0.443059,3.15649,-2.99974,2.23277,-3.99219,3.2851,-0.58761,-0.385084,-4.37971,4.19102,-3.2776,3.14837,-0.719542,0.526184,-5.0294,-2.00052,-7.39283,-0.40673,-7.35147,-3.66072,-4.47946,-1.99266,-6.88313,-0.613405,-6.87576,-3.38468,0.504935,-0.322006,-0.655414,0.0470083,-0.00125596,0.424147,-0.018373,-0.362669,-0.530334,-2.5018,0.516864,0.0820779,3.13485,0.049001,2.21173,1.10916,3.25893,-0.0549325,-0.406261,0.0786535,4.16998,1.08162,3.12279,-0.057104,0.504774,-0.0529731,1.00228,0.597015,-1.26293,1.49866,-29.0744,16.2673,-38.8643,26.2879,9.22931,-9.49662,22.8043,-22.0385,5.3775,-3.2825,0.250752,-0.605223,-0.920773,8.54763,-20.8015,17.8141,0,3.64579,-0.578671,5.07094,-6.37486,1.23694,0.426469,0.0187483,-0.0124536,-0.383425,4.72236,-38.2483,18.4361,38.7205,5.42205,11.3226,-4.58906,-19.2856,6.27543,2.36959,-0.0183104,0.00554669,0.0233335,2.09196,-2.08943,0.200234,-0.300894,0.136116,0.192538,18.1887,21.8588,-2.30286,-35.6111,-48.9288,-0.32527,-6.6888,-9.7911,0.26037,0.063685,0.326213,-6.07944,-1.99566,-0.00125596,0,1915,0,1.38778e-17,-1.38778e-17,0,-5.55112e-17,-5.55112e-17,-5.58906e-17,-4.16334e-17,-2.77556e-17,-2.02746e-17,0,-0.530334,-0.435501,0.51686,0.0238626,3.14159,2.21173,0.221834,3.25893,-0.0109865,-0.392699,4.16998,0.216339,3.12277,-0.0114208,0.523599,0,0,0,0.0469706,-0.018373,-0.530334,0.516864,3.13485,2.21173,3.25893,-0.406261,4.16998,3.12279,0.504774,0.0210334,-3.85737,1.25514,2.74016e-05,-0.409778,0.0046667,0.418392,-0.417885,0.0960366,0.0527373,0.0135893,1.00007,-45.9168,96.0392,1.65745,30.443,-43.9793,5.14083,23.1102,-42.1596,6.4575
1.16,-6.06409,-1.99653,0.0582225,0.427358,0.00307894,1.20154,-0.505093,-0.00293755,0.5328,0.468663,3.16068,-3.0366,2.23137,-4.03929,3.28402,-0.702088,-0.386434,-4.38458,4.19076,-3.28004,3.14832,-0.724567,0.525981,-5.014,-2.00178,-7.37776,-0.405987,-7.33558,-3.66058,-4.4641,-1.99161,-6.86835,-0.613364,-6.85982,-3.38463,0.510778,-0.36884,-0.657704,0.0401621,-0.00120823,0.436139,-0.0187692,-0.36843,-0.526942,-2.47828,0.520256,0.0928283,3.13825,0.0571938,2.20953,1.16628,3.25672,-0.0507058,-0.408461,0.0934318,4.16891,1.13343,3.12171,-0.0568852,0.503737,-0.0531209,1.00168,0.611329,-1.26246,1.50248,-30.1323,16.3134,-39.1006,26.7083,9.7552,-9.39828,22.6438,-22.1211,5.36336,-3.40236,0.27547,-0.667075,-0.939181,8.69901,-20.595,17.9873,0,3.60938,-0.545599,4.92004,-6.44581,1.17261,0.43138,-0.0198708,0.013671,-0.360245,5.05233,-38.5882,18.4463,39.8709,5.62889,11.5071,-4.58994,-19.8675,6.32881,2.4987,-0.0165533,0.00495063,0.0214843,2.10975,-2.10747,0.200174,-0.18818,0.200916,0.244693,17.9679,23.0584,-1.84282,-38.0359,-54.1247,-0.243487,-6.82392,-10.0425,0.260676,0.0603778,0.328952,-6.06403,-1.99532,-0.00120823,0,1987,-1.38778e-17,-5.55112e-17,-8.32667e-17,6.15827e-17,6.93889e-18,-2.77556e-17,-2.88398e-17,-1.31839e-16,-1.11022e-16,-1.10914e-16,0,-0.526942,-0.43473,0.520253,0.0261671,3.14159,2.20953,0.23325,3.25673,-0.0101412,-0.392699,4.16891,0.226672,3.12173,-0.011377,0.523599,0,0,0,0.040138,-0.0187692,-0.526942,0.520256,3.13825,2.20953,3.25672,-0.408461,4.16891,3.12171,0.503737,0.0218481,-3.97326,1.26571,-2.56965e-05,-0.196026,0.00429686,0.421949,-0.421493,0.10077,0.0529474,0.0136599,1.00006,-44.1105,95.0365,0.451841,33.829,-46.2438,5.76236,28.6389,-45.1119,6.76215
1.18,-6.04979,-1.99634,0.0575083,0.43256,0.00357671,1.20941,-0.500853,0.0305169,0.537624,0.508673,3.16502,-3.05783,2.22874,-4.04901,3.28158,-0.840583,-0.388974,-4.38764,4.19102,-3.28194,3.14871,-0.72723,0.526288,-4.99966,-2.00313,-7.3636,-0.404855,-7.3205,-3.66094,-4.4498,-1.99062,-6.85474,-0.613571,-6.84483,-3.38483,0.54471,-0.378459,-0.659522,0.0356436,-0.0013329,0.447373,-0.0190198,-0.360128,-0.52345,-2.31073,0.523748,0.143053,3.14174,0.073306,2.20614,1.20749,3.25334,-0.0357059,-0.411842,0.126654,4.16843,1.16481,3.12123,-0.0577887,0.50329,-0.0532787,1.00134,0.625111,-1.26229,1.50808,-30.8777,16.3947,-39.4582,27.2611,9.70583,-8.9204,21.5806,-21.5101,5.25479,-3.75242,0.392888,-0.95493,-1.00558,8.87779,-20.4294,18.1609,0,3.58342,-0.539436,4.7713,-6.49128,1.12263,0.454102,-0.159419,0.113035,-0.333843,6.19577,-38.87,18.5013,40.7785,5.28977,11.6439,-4.59998,-20.3104,6.36148,2.58091,-0.019616,0.00582588,0.0258039,2.12061,-2.11792,0.200141,-0.0357091,0.26011,0.3934,17.6325,24.9779,-1.0616,-38.6537,-58.9295,-0.153276,-6.90578,-10.1768,0.259044,0.0578175,0.330606,-6.04992,-1.99501,-0.0013329,0,2053,0,2.77556e-17,2.77556e-17,-2.08167e-17,0,0,1.73472e-18,-4.16334e-17,-2.77556e-17,-3.6646e-17,0,-0.52345,-0.41689,0.523748,0.0364956,3.14159,2.20614,0.24149,3.25335,-0.00714118,-0.392699,4.16843,0.232916,3.12128,-0.0115577,0.523599,0,0,0,0.035626,-0.0190198,-0.52345,0.523748,3.14174,2.20614,3.25334,-0.411842,4.16843,3.12123,0.50329,0.0225965,-4.06131,1.27214,-7.93229e-05,0.0962316,0.00516077,0.424122,-0.423583,0.10368,0.0531406,0.0137248,1.00007,-41.1212,90.6567,-1.32369,37.2409,-47.6176,6.57104,34.5586,-47.723,6.90508
1.2,-6.03679,-1.99627,0.0596437,0.439059,0.00405666,1.22327,-0.496693,0.112118,0.543294,0.551501,3.1696,-3.06663,2.22554,-4.01848,3.2784,-0.975161,-0.392034,-4.38878,4.1914,-3.2824,3.14918,-0.727927,0.526668,-4.9866,-2.00458,-7.35059,-0.403544,-7.30673,-3.66144,-4.4368,-1.98978,-6.8424,-0.613888,-6.83116,-3.38515,0.627406,-0.348039,-0.659889,0.034235,-0.00156181,0.456568,-0.0192329,-0.263735,-0.519983,-1.89081,0.527215,0.292788,3.14521,0.103419,2.20225,1.22187,3.24945,-0.0111417,-0.415735,0.139062,4.16811,1.18856,3.12091,-0.0588043,0.502975,-0.0534483,1.00126,0.636973,-1.26245,1.51533,-29.2351,16.569,-40.078,28.2785,7.214,-7.71097,18.742,-19.6148,5.08454,-4.48025,0.764182,-1.86504,-1.14615,9.10195,-20.3308,18.3149,0,3.56087,-0.58495,4.65316,-6.51015,1.09921,0.500912,-0.391196,0.283156,-0.311676,6.55919,-39.0596,18.5838,41.4615,5.30049,11.7288,-4.61669,-20.6371,6.40088,2.65033,-0.0231425,0.00685966,0.0307673,2.13374,-2.13056,0.200134,0.106767,0.324937,0.692904,16.6042,27.0097,-0.440303,-37.2868,-61.8882,-0.0570097,-6.90993,-10.2116,0.257844,0.056628,0.332611,-6.03691,-1.99471,-0.00156181,0,2114,0,0,0,-3.1225e-17,6.93889e-18,-4.16334e-17,-3.64292e-17,-9.71445e-17,-1.11022e-16,-7.70868e-17,0,-0.519983,-0.360665,0.527215,0.0652191,3.14159,2.20225,0.244369,3.24946,-0.00222834,-0.392699,4.16811,0.237662,3.12097,-0.0117609,0.523599,0,0,0,0.0342188,-0.0192329,-0.519983,0.527215,3.14521,2.20225,3.24945,-0.415735,4.16811,3.12091,0.502975,0.0232895,-4.12661,1.28001,-8.32936e-05,0.377959,0.00615346,0.426749,-0.426113,0.105965,0.0533196,0.013785,1.00008,-34.8735,80.3915,-4.4212,38.454,-47.4222,7.39937,40.6796,-50.0639,7.01077
1.22,-6.02516,-1.99631,0.064316,0.446043,0.00460977,1.23576,-0.492359,0.180304,0.549033,0.546186,3.17454,-3.06025,2.22145,-3.94669,3.27419,-1.09016,-0.395937,-4.38745,4.19147,-3.27976,3.14932,-0.726314,0.526735,-4.97491,-2.00612,-7.33886,-0.401953,-7.29431,-3.66195,-4.42518,-1.98894,-6.83154,-0.614374,-6.81876,-3.38563,0.696386,-0.276564,-0.657176,0.035747,-0.00187629,0.464293,-0.0193057,0.0158374,-0.516274,-1.51069,0.530923,0.49838,3.14892,0.142981,2.19753,1.21519,3.24473,0.022718,-0.420453,0.129999,4.16755,1.20719,3.12035,-0.0591487,0.502412,-0.0536226,1.00138,0.647642,-1.26284,1.52451,-22.3016,16.9357,-41.2199,30.3391,1.41198,-6.47462,15.826,-17.9165,5.1724,-4.8451,1.28509,-3.15353,-1.27666,9.36155,-20.285,18.4643,0,3.53339,-0.666252,4.55068,-6.50462,1.09531,0.57953,-0.707813,0.519488,-0.296282,6.04847,-39.1155,18.6687,41.9108,5.72329,11.7565,-4.63436,-20.8583,6.45129,2.7117,-0.0237627,0.00705207,0.0318842,2.15055,-2.14726,0.200148,0.233614,0.34921,0.624651,14.2237,26.6324,0.319328,-33.9021,-62.2128,0.0665077,-6.7747,-10.1311,0.26729,0.0564511,0.335194,-6.02519,-1.99444,-0.00187629,0,2169,1.38778e-17,-2.77556e-17,-4.16334e-17,9.19403e-17,-1.38778e-17,-5.55112e-17,-5.0307e-17,1.38778e-17,0,-5.63785e-18,0,-0.516274,-0.298986,0.530924,0.10311,3.14159,2.19753,0.243031,3.24474,0.0045436,-0.392699,4.16755,0.241391,3.12041,-0.0118297,0.523599,0,0,0,0.0357282,-0.0193057,-0.516274,0.530923,3.14892,2.19753,3.24473,-0.420453,4.16755,3.12035,0.502412,0.0239155,-4.17088,1.2901,-7.99661e-05,0.676633,0.00637685,0.430109,-0.429452,0.10785,0.0534815,0.0138394,1.0001,-38.4664,74.9172,-8.54795,38.9491,-46.208,8.38578,47.8705,-52.2797,7.18686
1.24,-6.01488,-1.99653,0.07202,0.453133,0.0052928,1.24192,-0.487873,0.208232,0.554207,0.520918,3.1795,-3.03466,2.21615,-3.83685,3.26864,-1.14,-0.401057,-4.38276,4.19098,-3.2728,3.14886,-0.722111,0.526262,-4.96455,-2.00771,-7.3284,-0.40004,-7.28322,-3.66248,-4.41491,-1.98806,-6.82221,-0.615146,-6.80754,-3.38639,0.724532,-0.16715,-0.650198,0.0398795,-0.00234537,0.469811,-0.0191698,0.301174,-0.512335,-1.32958,0.534862,0.647116,3.15286,0.192825,2.19169,1.18623,3.23889,0.0513941,-0.426297,0.110853,4.16652,1.21381,3.11932,-0.0582953,0.501386,-0.0537991,1.00172,0.656119,-1.26339,1.53456,-14.3567,17.2874,-42.3496,32.4467,-3.78072,-5.79038,14.2393,-17.1995,5.39983,-4.47959,1.64345,-4.0574,-1.35306,9.65404,-20.3055,18.5938,0,3.50325,-0.783195,4.46616,-6.4632,1.11606,0.664171,-0.961364,0.709103,-0.295687,5.14743,-38.9848,18.7267,41.9886,6.25918,11.7095,-4.64599,-20.9147,6.49934,2.74341,-0.0193562,0.00576451,0.0261404,2.16656,-2.16385,0.200184,0.385203,0.354484,0.307827,12.1478,25.3486,1.27928,-28.6752,-60.4021,0.23493,-6.45076,-9.92095,0.280364,0.0575524,0.337654,-6.01498,-1.99419,-0.00234537,0,2217,1.38778e-17,2.77556e-17,6.93889e-17,-3.98986e-17,-4.16334e-17,-2.77556e-17,-3.46945e-17,2.22045e-16,2.08167e-16,1.90494e-16,0,-0.512335,-0.265604,0.534865,0.130565,3.14159,2.19169,0.237238,3.23889,0.0102788,-0.392699,4.16652,0.242709,3.11938,-0.0116591,0.523599,0,0,0,0.0398534,-0.0191698,-0.512335,0.534862,3.15286,2.19169,3.23889,-0.426297,4.16652,3.11932,0.501386,0.0244626,-4.18207,1.29969,-8.94729e-05,1.0471,0.00522808,0.433313,-0.432771,0.108654,0.0536232,0.013887,1.00013,-49.1647,75.5258,-12.258,39.1992,-44.6341,9.9152,56.6923,-54.3368,7.49766
1.26,-6.00578,-1.99705,0.0842455,0.461143,0.00611911,1.24286,-0.483416,0.20099,0.558382,0.517733,3.18401,-2.98665,2.20964,-3.6992,3.26179,-1.12273,-0.407462,-4.37339,4.18971,-3.26021,3.14754,-0.71511,0.524993,-4.95536,-2.00936,-7.31902,-0.39793,-7.27332,-3.66304,-4.40581,-1.98726,-6.81424,-0.616331,-6.79728,-3.38756,0.71695,-0.0299524,-0.637671,0.0471093,-0.00308821,0.471937,-0.0188342,0.436616,-0.50837,-1.40006,0.538828,0.670683,3.15682,0.248674,2.18468,1.1323,3.23188,0.0618435,-0.433305,0.0842613,4.16475,1.20155,3.11755,-0.0556488,0.499611,-0.0539957,1.00238,0.661047,-1.26425,1.54498,-10.314,17.4513,-43.0135,33.5955,-6.65041,-5.83869,14.4461,-17.7121,5.54061,-4.27697,1.67547,-4.16117,-1.38765,9.95782,-20.4189,18.6936,0,3.47315,-0.935335,4.41331,-6.38102,1.16434,0.713011,-1.02711,0.752569,-0.307374,4.02589,-38.6085,18.7395,41.5361,6.7715,11.5651,-4.6481,-20.7351,6.53671,2.72571,-0.0077201,0.00231319,0.0104476,2.17902,-2.17792,0.200255,0.611275,0.400525,0.0471279,11.6203,25.185,2.40078,-22.1183,-58.906,0.468389,-5.88533,-9.57085,0.287655,0.0600781,0.339537,-6.00584,-1.99396,-0.00308821,0,2260,0,0,-2.77556e-17,4.33681e-17,-1.38778e-17,-2.08167e-17,-1.73472e-17,2.77556e-16,2.63678e-16,2.53974e-16,0,-0.50837,-0.279746,0.538828,0.135231,3.14159,2.18468,0.226455,3.23189,0.0123687,-0.392699,4.16475,0.240265,3.1176,-0.0111298,0.523599,0,0,0,0.0470667,-0.0188342,-0.50837,0.538828,3.15682,2.18468,3.23188,-0.433305,4.16475,3.11755,0.499611,0.0249533,-4.1463,1.30719,-7.58577e-05,1.53116,0.00208952,0.435804,-0.435584,0.10827,0.0537503,0.0139297,1.00017,-60.9205,80.6555,-14.1065,39.0956,-42.9464,12.1883,67.628,-56.208,8.0252
1.28,-5.9975,-1.9979,0.102253,0.470816,0.00710414,1.24281,-0.47925,0.195915,0.562554,0.526308,3.18815,-2.91064,2.20236,-3.53537,3.25407,-1.05818,-0.414626,-4.35821,4.1875,-3.24093,3.14517,-0.704887,0.522805,-4.947,-2.01091,-7.3105,-0.395908,-7.26428,-3.66361,-4.39754,-1.98653,-6.80732,-0.617975,-6.78763,-3.38919,0.711907,0.133328,-0.618568,0.0589277,-0.00414277,0.470071,-0.0182949,0.421459,-0.504649,-1.39894,0.542549,0.673208,3.16054,0.305673,2.17696,1.04889,3.22416,0.0716144,-0.441024,0.0560637,4.1621,1.15995,3.11491,-0.0509319,0.496954,-0.0542485,1.00369,0.662115,-1.26581,1.55701,-10.7236,17.4584,-43.3003,33.7794,-6.43489,-5.83101,14.5161,-17.7797,5.54712,-4.32532,1.67956,-4.19668,-1.38931,10.2621,-20.6601,18.7783,0,3.44618,-1.13555,4.41611,-6.27019,1.23863,0.756941,-1.07256,0.770554,-0.326216,3.01198,-37.9369,18.7204,40.3959,7.023,11.2991,-4.64581,-20.243,6.55502,2.63212,0.0116229,-0.00352179,-0.0156585,2.18513,-2.18682,0.200391,0.900374,0.483636,-0.00266871,11.3165,25.6132,3.80026,-14.2903,-55.6812,0.758989,-5.03113,-9.05956,0.287907,0.0639425,0.340376,-5.99756,-1.99375,-0.00414277,0,2299,1.38778e-17,2.77556e-17,0,-8.67362e-18,-2.77556e-17,-2.08167e-17,-2.77556e-17,2.35922e-16,2.498e-16,2.54571e-16,0,-0.504649,-0.27954,0.542549,0.135702,3.14159,2.17696,0.209773,3.22417,0.0143229,-0.392699,4.1621,0.231956,3.11495,-0.0101864,0.523599,0,0,0,0.0588465,-0.0182949,-0.504649,0.542549,3.16054,2.17696,3.22416,-0.441024,4.1621,3.11491,0.496954,0.025399,-4.04802,1.31088,-6.20372e-05,2.0691,-0.0031317,0.437026,-0.437364,0.107037,0.0538658,0.0139685,1.00022,-61.9282,81.225,-15.4529,38.5734,-40.2376,14.7597,78.9953,-57.1494,8.80607
1.3,-5.98964,-1.99909,0.127051,0.482432,0.0083225,1.24217,-0.475173,0.191027,0.566695,0.535817,3.1922,-2.79949,2.19422,-3.35125,3.24537,-0.953629,-0.422645,-4.33597,4.18431,-3.21382,3.14165,-0.690871,0.519644,-4.93905,-2.0124,-7.3025,-0.394,-7.2556,-3.66424,-4.3897,-1.98578,-6.80114,-0.620156,-6.77808,-3.39134,0.707116,0.316767,-0.591816,0.0766027,-0.00553732,0.463886,-0.0174998,0.385164,-0.500995,-1.38306,0.546202,0.673409,3.1642,0.36733,2.1684,0.928326,3.21559,0.085132,-0.449591,0.0317093,4.15849,1.08027,3.11129,-0.0439706,0.493335,-0.0546191,1.00617,0.65931,-1.26872,1.57196,-11.5985,17.4576,-43.5933,33.7811,-5.81838,-5.81271,14.567,-17.7465,5.53221,-4.38328,1.68383,-4.23484,-1.38573,10.5977,-21.0891,18.8645,0,3.44274,-1.42134,4.50035,-6.13399,1.34354,0.802488,-1.13803,0.789155,-0.352869,2.38718,-36.973,18.6896,38.5219,6.81254,10.9083,-4.64683,-19.4104,6.5475,2.44141,0.0383345,-0.0118285,-0.050979,2.18268,-2.18841,0.200646,1.23992,0.580798,-0.0317508,11.0139,26.0925,5.55774,-5.4915,-50.4616,1.11172,-3.83556,-8.35649,0.286975,0.0693768,0.339784,-5.98971,-1.99355,-0.00553732,0,2336,-4.16334e-17,-8.32667e-17,-5.55112e-17,7.28584e-17,1.38778e-17,-1.38778e-17,-6.93889e-18,1.80411e-16,1.8735e-16,1.58944e-16,0,-0.500995,-0.276377,0.546206,0.135691,3.14159,2.1684,0.185661,3.2156,0.0170264,-0.392699,4.15849,0.216023,3.11133,-0.00879411,0.523599,0,0,0,0.0764307,-0.0174998,-0.500995,0.546202,3.1642,2.1684,3.21559,-0.449591,4.15849,3.11129,0.493335,0.0258223,-3.88156,1.30938,-5.93105e-05,2.61258,-0.0101958,0.436536,-0.437682,0.105789,0.0539756,0.0140054,1.0003,-61.6577,81.1258,-16.7606,37.7376,-36.24,17.6355,89.5103,-56.5513,9.85898
1.32,-5.98188,-2.00069,0.159855,0.496314,0.00983744,1.24073,-0.471005,0.185064,0.570941,0.544613,3.19633,-2.64701,2.18536,-3.15844,3.23581,-0.812652,-0.431368,-4.30517,4.18028,-3.1781,3.1371,-0.672212,0.515651,-4.9312,-2.01387,-7.2948,-0.392397,-7.24683,-3.6651,-4.38196,-1.98495,-6.79547,-0.62299,-6.76821,-3.39414,0.701272,0.508736,-0.556652,0.1012,-0.00734105,0.452649,-0.0163971,0.34819,-0.49724,-1.36409,0.549958,0.672643,3.16795,0.439137,2.15912,0.761346,3.20632,0.1033,-0.458868,0.0216616,4.15404,0.950801,3.10685,-0.0354428,0.488889,-0.055201,1.01063,0.652002,-1.27397,1.59061,-12.2499,17.4752,-43.9439,33.6988,-5.25982,-5.79993,14.6338,-17.6751,5.51354,-4.40665,1.6887,-4.27516,-1.38123,11.0121,-21.8091,18.9614,0,3.51569,-1.85753,4.71656,-5.97685,1.48695,0.84361,-1.23218,0.807773,-0.389315,2.54899,-35.7756,18.6786,35.9316,5.85792,10.4068,-4.66266,-18.2306,6.50029,2.12617,0.0687746,-0.0218076,-0.0892376,2.16692,-2.17753,0.201101,1.64018,0.69409,-0.0721199,10.6674,26.5314,7.62391,3.70568,-43.4434,1.5401,-2.25104,-7.42433,0.28573,0.0767708,0.336988,-5.98208,-1.99336,-0.00734105,0,2372,0,0,-2.77556e-17,3.46945e-18,-3.46945e-17,-4.85723e-17,-5.20417e-17,6.245e-17,5.55112e-17,6.07153e-17,0,-0.49724,-0.272605,0.549959,0.13549,3.14159,2.15912,0.152267,3.20632,0.0206601,-0.392699,4.15404,0.190136,3.10688,-0.00708856,0.523599,0,0,0,0.100817,-0.0163971,-0.49724,0.549958,3.16795,2.15912,3.20632,-0.458868,4.15404,3.10685,0.488889,0.0262346,-3.64568,1.29995,-5.30431e-05,3.13528,-0.0178475,0.433384,-0.435506,0.10458,0.0540826,0.0140414,1.0004,-61.6819,80.9906,-18.1188,36.8115,-30.8215,20.8128,98.0413,-53.8609,11.1514
1.34,-5.97409,-2.00263,0.200585,0.512506,0.0116047,1.23823,-0.466456,0.177098,0.575557,0.552658,3.20083,-2.45968,2.17643,-2.97696,3.22599,-0.646888,-0.440134,-4.26522,4.17589,-3.1344,3.13194,-0.648637,0.511302,-4.9233,-2.01548,-7.28736,-0.391331,-7.23776,-3.66633,-4.3742,-1.98407,-6.79012,-0.626371,-6.75796,-3.39747,0.693415,0.689156,-0.513757,0.134058,-0.0094879,0.435239,-0.015054,0.320273,-0.493115,-1.3478,0.554083,0.670967,3.17208,0.5258,2.14977,0.536402,3.19697,0.127148,-0.468218,0.0354383,4.14923,0.758269,3.10203,-0.0265257,0.484075,-0.0561497,1.01848,0.639077,-1.28333,1.61395,-12.2999,17.5211,-44.3442,33.5338,-4.98839,-5.8024,14.7307,-17.5852,5.49929,-4.36603,1.6919,-4.30881,-1.37784,11.5845,-22.9964,19.075,0,3.77729,-2.55694,5.15934,-5.80939,1.6773,0.868132,-1.37069,0.825407,-0.437702,3.69236,-34.4594,18.7434,32.7178,3.98091,9.82343,-4.71128,-16.7245,6.39745,1.66093,0.0983969,-0.0324638,-0.122559,2.13262,-2.14824,0.201891,2.03649,0.809635,-0.1253,10.2634,26.9342,9.36662,12.3332,-35.1932,1.99757,-0.285242,-6.24644,0.28452,0.0865219,0.331092,-5.97425,-1.99315,-0.0094879,0,2409,-4.16334e-17,-8.32667e-17,-2.77556e-17,1.14492e-16,-2.77556e-17,-4.16334e-17,-2.42861e-17,1.11022e-16,1.04083e-16,1.15359e-16,0,-0.493115,-0.269352,0.554085,0.135139,3.14159,2.14977,0.107279,3.19697,0.0254296,-0.392699,4.14923,0.151634,3.10207,-0.00530514,0.523599,0,0,0,0.133196,-0.015054,-0.493115,0.554083,3.17208,2.14977,3.19697,-0.468218,4.14923,3.10203,0.484075,0.0266588,-3.34447,1.27938,-5.48418e-05,3.48232,-0.0245117,0.426524,-0.429648,0.101257,0.0541928,0.0140784,1.00051,-62.0522,80.9137,-19.5747,34.9032,-23.6041,24.0811,100.583,-47.7988,12.5657
1.36,-5.96626,-2.00484,0.248162,0.530214,0.0136222,1.23417,-0.461602,0.167273,0.580512,0.560014,3.20564,-2.25602,2.16779,-2.81939,3.2162,-0.472994,-0.448598,-4.21521,4.17117,-3.08185,3.12623,-0.619388,0.506637,-4.91535,-2.01712,-7.28026,-0.390894,-7.22837,-3.66785,-4.36641,-1.98304,-6.78506,-0.630222,-6.74731,-3.40125,0.683738,0.845418,-0.462255,0.175389,-0.0118992,0.41171,-0.0134498,0.286685,-0.488674,-1.32321,0.558524,0.668152,3.17652,0.634241,2.14072,0.249033,3.18791,0.157441,-0.477273,0.0570017,4.1441,0.51032,3.0969,-0.0174798,0.478955,-0.0576443,1.03139,0.620446,-1.29887,1.64276,-12.2324,17.6155,-44.7939,33.2259,-4.67457,-5.81485,14.8272,-17.422,5.47703,-4.29143,1.69902,-4.34475,-1.37254,12.4987,-24.9044,19.2162,0,4.44076,-3.69957,5.95438,-5.64043,1.91856,0.864348,-1.579,0.842618,-0.498959,5.00717,-33.1748,18.9058,29.2161,1.68891,9.2193,-4.80205,-15.0539,6.25203,1.08197,0.126684,-0.0439353,-0.149058,2.08413,-2.10474,0.20318,2.37886,0.885377,-0.202783,9.76918,27.3012,10.1828,19.78,-26.5231,2.50032,2.1061,-4.78453,0.282677,0.0987921,0.322754,-5.96663,-1.99294,-0.0118992,0,2445,0,2.77556e-17,-2.77556e-17,3.46945e-17,-3.46945e-18,-1.73472e-18,-1.38778e-17,4.85723e-17,3.46945e-17,2.42861e-17,0,-0.488674,-0.264439,0.558526,0.134556,3.14159,2.14072,0.0498062,3.18792,0.0314882,-0.392699,4.1441,0.102047,3.09695,-0.00349596,0.523599,0,0,0,0.173513,-0.0134498,-0.488674,0.558524,3.17652,2.14072,3.18791,-0.477273,4.1441,3.0969,0.478955,0.027072,-3.0103,1.25027,-6.69572e-05,3.64156,-0.0298116,0.416826,-0.420949,0.0957717,0.0543002,0.0141144,1.00065,-63.0343,80.8231,-21.204,32.7591,-14.9217,27.3818,97.5155,-38.5589,14.0869
1.38,-5.95847,-2.00733,0.301943,0.549235,0.0159037,1.22848,-0.456457,0.155646,0.585799,0.566735,3.21073,-2.06079,2.15916,-2.68713,3.20617,-0.305303,-0.457021,-4.15338,4.16603,-3.01864,3.1199,-0.583723,0.501545,-4.90743,-2.01879,-7.27352,-0.391001,-7.21875,-3.66965,-4.35867,-1.98189,-6.7804,-0.634591,-6.73633,-3.40552,0.672307,0.976061,-0.400288,0.224496,-0.0146085,0.381867,-0.0115934,0.24889,-0.483954,-1.2881,0.563244,0.664165,3.18124,0.771934,2.13167,-0.102584,3.17887,0.195088,-0.486322,0.0822204,4.13854,0.211214,3.09134,-0.00836601,0.473393,-0.0598877,1.05115,0.595085,-1.32278,1.6764,-11.981,17.7701,-45.2325,32.7255,-4.33888,-5.8384,14.8965,-17.1607,5.44616,-4.1729,1.71096,-4.37655,-1.36521,14.1728,-27.9869,19.3892,0,5.923,-5.6176,7.31906,-5.46908,2.21685,0.833819,-1.90339,0.860002,-0.574501,6.20232,-32.0359,19.1617,25.6792,-0.795991,8.64256,-4.93814,-13.3458,6.0656,0.417042,0.154435,-0.0566661,-0.168905,2.02195,-2.04749,0.205133,2.68904,0.951046,-0.284465,9.18969,27.639,9.76152,25.9617,-18.1732,3.09151,5.00963,-3.00264,0.280186,0.113855,0.312097,-5.95882,-1.99273,-0.0146085,0,2482,0,0,0,2.42861e-17,-3.98986e-17,-4.2067e-17,-2.08167e-17,-2.60209e-17,-2.77556e-17,-2.1684e-17,0,-0.483954,-0.257422,0.563247,0.133733,3.14159,2.13167,-0.0205159,3.17887,0.0390176,-0.392699,4.13854,0.0422355,3.09139,-0.0016732,0.523599,0,0,0,0.220665,-0.0115934,-0.483954,0.563244,3.18124,2.13167,3.17887,-0.486322,4.13854,3.09134,0.473393,0.0274971,-2.66871,1.21299,-6.8083e-05,3.683,-0.033781,0.40439,-0.409498,0.0889597,0.0544107,0.0141515,1.00079,-63.5573,80.285,-22.9179,32.4205,-5.57465,30.9716,90.2549,-26.627,15.7549
1.4,-5.95063,-2.01017,0.361493,0.570179,0.0183504,1.22182,-0.451033,0.142852,0.591403,0.573686,3.21609,-1.8932,2.15076,-2.57989,3.19605,-0.151382,-0.465199,-4.07756,4.16037,-2.94239,3.11283,-0.540652,0.495921,-4.89945,-2.02069,-7.26697,-0.391718,-7.20899,-3.67164,-4.3509,-1.98081,-6.77592,-0.639442,-6.72507,-3.41026,0.659754,1.08136,-0.325477,0.281374,-0.0176605,0.345527,-0.0095608,0.212481,-0.478944,-1.24384,0.568254,0.659581,3.18625,0.939939,2.12285,-0.519559,3.17005,0.240404,-0.495138,0.111905,4.13246,-0.13947,3.08527,0.000771118,0.467303,-0.0631248,1.08006,0.561864,-1.35791,1.71521,-11.364,18.0155,-45.6579,32.052,-4.09149,-5.88144,14.9346,-16.81,5.41123,-3.99781,1.73043,-4.4036,-1.35698,17.6152,-33.154,19.6054,0,9.07283,-8.98836,9.71461,-5.30359,2.5725,0.828175,-2.43797,0.878304,-0.664272,7.18762,-31.1307,19.5241,22.2727,-3.37346,8.12514,-5.12783,-11.6846,5.83504,-0.313139,0.182988,-0.0713473,-0.182917,1.94508,-1.97543,0.207952,2.97752,1.04723,-0.332847,8.55435,27.9866,8.37961,30.9035,-10.5137,3.79128,8.53924,-0.849885,0.277254,0.13165,0.298967,-5.95122,-1.99252,-0.0176605,0,2518,-1.38778e-17,2.77556e-17,2.77556e-17,-8.67362e-17,1.9082e-17,2.08167e-17,1.38778e-17,1.43115e-17,1.30104e-17,1.9082e-17,0,-0.478944,-0.248581,0.568252,0.132786,3.14159,2.12285,-0.103909,3.17005,0.0480808,-0.392699,4.13246,-0.027891,3.0853,0.000154224,0.523599,0,0,0,0.274032,-0.0095608,-0.478944,0.568254,3.18625,2.12285,3.17005,-0.495138,4.13246,3.08527,0.467303,0.0279112,-2.33668,1.16692,-4.31642e-05,3.63194,-0.0365834,0.389015,-0.395086,0.0815009,0.0545185,0.0141877,1.00096,-61.938,78.7448,-24.5836,38.2561,2.66304,35.1077,78.9138,-12.0678,17.5949
1.42,-5.94249,-2.01321,0.424829,0.593643,0.0207968,1.21574,-0.445391,0.130705,0.597244,0.582938,3.22167,-1.76136,2.14392,-2.50038,3.18721,-0.015518,-0.47181,-3.98746,4.15425,-2.85143,3.10508,-0.489728,0.489865,-4.89115,-2.02291,-7.26048,-0.393426,-7.19901,-3.67361,-4.34283,-1.97994,-6.77113,-0.644505,-6.7135,-3.41519,0.647867,1.15864,-0.236217,0.346425,-0.0209283,0.303201,-0.00756349,0.178597,-0.473752,-1.19444,0.573446,0.655169,3.19144,1.12677,2.11556,-0.997247,3.16276,0.291478,-0.502428,0.151454,4.12589,-0.54427,3.0787,0.00929844,0.460738,-0.0676934,1.12102,0.520501,-1.40803,1.7613,-10.4049,18.4156,-46.1768,31.3063,-3.95261,-5.96585,14.9819,-16.4182,5.37621,-3.78099,1.7644,-4.43884,-1.34879,25.3653,-42.4092,19.819,0,15.8027,-15.2878,14.2105,-5.13585,2.97185,1.05896,-3.38636,0.88943,-0.765014,7.98846,-30.5481,20.0315,19.1362,-5.99738,7.69144,-5.3851,-10.1407,5.5566,-1.08595,0.212497,-0.0883401,-0.190909,1.85225,-1.88695,0.211877,3.16676,1.17318,-0.303916,7.94576,28.4481,6.59173,34.5369,-3.72685,4.50472,12.7813,1.69575,0.274071,0.151375,0.283211,-5.94299,-1.99229,-0.0209283,0,2557,1.38778e-17,2.77556e-17,1.38778e-17,2.08167e-17,3.46945e-18,0,0,5.89806e-17,5.89806e-17,7.28584e-17,0,-0.473752,-0.238707,0.573446,0.131865,3.14159,2.11556,-0.199448,3.16276,0.0582955,-0.392699,4.12589,-0.108841,3.07873,0.00185969,0.523599,0,0,0,0.333133,-0.00756349,-0.473752,0.573446,3.19144,2.11556,3.16276,-0.502428,4.12589,3.0787,0.460738,0.0283603,-2.02789,1.11123,-4.60412e-05,3.41001,-0.0381818,0.370449,-0.377391,0.0704198,0.0546354,0.0142269,1.00114,-56.6737,75.8847,-26.0575,58.0839,6.1649,39.9183,60.8641,5.72551,19.6144
1.44,-5.9346,-2.01499,0.477704,0.610508,0.0230298,1.20645,-0.441316,0.117021,0.601569,0.587043,3.22569,-1.67557,2.13871,-2.44934,3.1799,0.0851285,-0.476824,-3.89512,4.14812,-2.75544,3.09707,-0.440071,0.483797,-4.88316,-2.02335,-7.25432,-0.394511,-7.18956,-3.67413,-4.33502,-1.97815,-6.7663,-0.648141,-6.70248,-3.41869,0.634495,1.20739,-0.142165,0.41866,-0.0229342,0.2573,-0.00575695,0.0978165,-0.470102,-1.13247,0.577095,0.645281,3.19509,1.27021,2.10992,-1.49157,3.15712,0.340071,-0.508074,0.2148,4.11933,-0.999087,3.07213,0.0160794,0.454178,-0.0738459,1.17631,0.472871,-1.47608,1.81714,-10.7594,19.0793,-47.0454,30.5368,-2.97796,-6.13846,15.1533,-16.0129,5.30293,-3.6709,1.82349,-4.5078,-1.33109,43.5313,-61.1027,19.9075,0,30.9237,-27.5075,23.6376,-4.89544,3.34809,2.20436,-5.30267,0.878145,-0.859736,8.77571,-30.3749,20.7275,16.4326,-8.64,7.36224,-5.71913,-8.79546,5.22995,-1.86193,0.242069,-0.107468,-0.193041,1.74336,-1.78137,0.217052,2.64378,0.843235,-0.464613,7.25838,28.6325,4.28961,36.8283,1.31573,4.61729,17.274,4.17827,0.268873,0.169657,0.265058,-5.9352,-1.99207,-0.0229342,0,2594,-1.38778e-17,0,1.38778e-17,6.93889e-18,-2.08167e-17,-1.38778e-17,0,-6.245e-17,-7.63278e-17,-8.32667e-17,0,-0.470102,-0.226318,0.577098,0.129837,3.14159,2.10992,-0.298312,3.15712,0.0680141,-0.392699,4.11933,-0.199789,3.07217,0.00321587,0.523599,0,0,0,0.396042,-0.00575695,-0.470102,0.577095,3.19509,2.10992,3.15712,-0.508074,4.11933,3.07213,0.454178,0.0287868,-1.75885,1.04589,-4.96521e-05,2.72513,-0.0386082,0.348671,-0.356274,0.0353943,0.0547465,0.0142642,1.00126,-59.641,75.6162,-27.73,80.7654,7.56902,44.3164,26.1473,27.9505,21.7803
1.46,-5.92745,-2.01484,0.508123,0.612801,0.0248202,1.18659,-0.436691,0.091225,0.606411,0.570719,3.23029,-1.6315,2.13372,-2.3969,3.17347,0.146061,-0.481713,-3.81871,4.14299,-2.66794,3.09008,-0.40147,0.478712,-4.87587,-2.02288,-7.24835,-0.393421,-7.18121,-3.67284,-4.32794,-1.97513,-6.76159,-0.64948,-6.69282,-3.41991,0.608939,1.25828,-0.0565744,0.481844,-0.0229892,0.211247,-0.00435894,0.0952384,-0.46587,-1.07866,0.581327,0.641473,3.19933,1.17104,2.10454,-1.82236,3.15174,0.364454,-0.513449,0.32537,4.11381,-1.44367,3.06661,0.019218,0.448647,-0.0801965,1.23314,0.417232,-1.54611,1.86035,-8.61509,19.6242,-47.2711,29.6172,-3.40772,-6.25044,15.0688,-15.5354,5.27929,-3.33575,1.86647,-4.50483,-1.32591,74.9411,-98.958,19.7504,0,62.2208,-45.5345,43.1352,-4.57071,3.50864,5.0255,-9.25665,0.849856,-0.898705,9.79461,-30.4415,21.3395,14.3624,-11.0296,7.12033,-6.03066,-7.75133,4.85846,-2.5071,0.266525,-0.124953,-0.190018,1.61951,-1.65888,0.222234,1.52093,0.114674,-0.993263,5.97768,27.7917,2.20373,39.201,4.4102,3.82028,21.3924,6.1077,0.267816,0.177925,0.246308,-5.92804,-1.99186,-0.0229892,0,2628,1.38778e-17,2.77556e-17,5.55112e-17,-9.02056e-17,-1.38778e-17,0,6.93889e-18,8.32667e-17,1.11022e-16,8.32667e-17,0,-0.46587,-0.215561,0.581333,0.129037,3.14159,2.10454,-0.364469,3.15174,0.0728909,-0.392699,4.11381,-0.288702,3.06664,0.00384361,0.523599,0,0,0,0.448525,-0.00435894,-0.46587,0.581327,3.19933,2.10454,3.15174,-0.513449,4.11381,3.06661,0.448647,0.0291792,-1.5501,0.971623,-3.54372e-05,1.88272,-0.0380036,0.323902,-0.331776,-0.0220763,0.0548487,0.0142986,1.00126,-76.0205,79.1085,-30.3935,72.8073,18.5257,45.7849,-19.4481,50.5346,23.7874
1.48,-5.9212,-2.01361,0.517571,0.602016,0.0260793,1.15617,-0.430639,0.0549614,0.612887,0.546778,3.23631,-1.61492,2.12827,-2.3114,3.16773,0.184423,-0.487241,-3.76954,4.14112,-2.60112,3.08669,-0.373054,0.476844,-4.86937,-2.02294,-7.24241,-0.390589,-7.17366,-3.67165,-4.32174,-1.97189,-6.75706,-0.649299,-6.68479,-3.41964,0.573134,1.34358,0.0087244,0.519469,-0.0219413,0.169789,-0.0034348,0.12402,-0.460154,-0.973065,0.587044,0.637144,3.20504,0.733608,2.09876,-1.86244,3.14595,0.350981,-0.519237,0.48439,4.11161,-1.80033,3.06441,0.0162213,0.446436,-0.0844523,1.27073,0.356951,-1.59224,1.86684,-5.63529,19.4836,-45.7177,27.8239,-4.00612,-6.06989,14.2516,-14.5964,5.2457,-2.82811,1.83758,-4.31874,-1.31892,91.2354,-161.064,20.0429,0,110.537,-53.2006,75.2417,-4.6002,3.34517,6.98464,-15.9063,0.893716,-0.854388,11.0595,-30.4129,21.5691,12.9387,-12.7851,6.88337,-6.18255,-7.00387,4.47736,-2.89734,0.27288,-0.13263,-0.178487,1.49254,-1.53024,0.225589,0.472423,-0.539256,-1.52087,4.16795,26.5774,0.828829,43.2036,6.40296,2.45887,24.6402,7.53221,0.268412,0.171137,0.22893,-5.92194,-1.99168,-0.0219413,0,2657,0,-2.77556e-17,-1.38778e-17,2.77556e-17,1.38778e-17,2.77556e-17,-6.93889e-18,6.93889e-17,9.71445e-17,1.11022e-16,0,-0.460154,-0.194461,0.587047,0.128092,3.14159,2.09876,-0.372489,3.14595,0.0701961,-0.392699,4.11161,-0.360044,3.06443,0.00324426,0.523599,0,0,0,0.478609,-0.0034348,-0.460154,0.587044,3.20504,2.09876,3.14595,-0.519237,4.11161,3.06441,0.446436,0.0295141,-1.40069,0.895436,-1.89188e-05,1.26291,-0.0356974,0.298508,-0.306047,-0.0758065,0.0549361,0.0143279,1.00121,-86.126,78.5723,-33.1292,-4.40992,54.5503,41.476,-61.2827,68.2899,24.8115
1.5,-5.91587,-2.01194,0.511526,0.581001,0.0271192,1.11766,-0.424532,0.0125523,0.619725,0.526374,3.24233,-1.61577,2.12189,-2.20041,3.16178,0.205944,-0.493775,-3.74348,4.14016,-2.55831,3.08484,-0.36027,0.475836,-4.86376,-2.02295,-7.23684,-0.386693,-7.16713,-3.67026,-4.31646,-1.96855,-6.75315,-0.648499,-6.678,-3.41876,0.531538,1.45515,0.0506903,0.531106,-0.0204298,0.13634,-0.00269552,0.0877723,-0.454347,-0.790216,0.592851,0.622528,3.21085,0.184855,2.09207,-1.72276,3.13927,0.320184,-0.525924,0.587096,4.11034,-2.00189,3.06314,0.013233,0.445125,-0.0859222,1.28288,0.301382,-1.60657,1.83956,-4.79915,18.7045,-42.8531,25.2751,-3.05652,-5.63852,12.9237,-13.2606,5.1268,-2.40115,1.74514,-4.00348,-1.29138,48.8134,-218.506,22.466,0,149.824,-29.2944,104.34,-5.83747,3.03782,3.03881,-22.3317,1.19191,-0.773225,11.4385,-30.1455,21.3477,12.0826,-13.3784,6.68366,-6.17104,-6.55064,4.19733,-3.03393,0.273838,-0.134886,-0.170543,1.39927,-1.43536,0.226656,-0.302264,-1.05077,-1.92556,2.05054,25.5578,-0.042684,48.434,7.57105,1.30298,26.7322,8.17604,0.265035,0.157047,0.216817,-5.91647,-1.99152,-0.0204298,0,2683,1.38778e-17,-2.77556e-17,-4.16334e-17,-4.51028e-17,-4.16334e-17,-2.77556e-17,-6.93889e-18,-1.11022e-16,-1.11022e-16,-9.02056e-17,0,-0.454347,-0.157921,0.592853,0.125032,3.14159,2.09207,-0.344556,3.13927,0.0640369,-0.392699,4.11034,-0.40041,3.06312,0.00264661,0.523599,0,0,0,0.487757,-0.00269552,-0.454347,0.592851,3.21085,2.09207,3.13927,-0.525924,4.11034,3.06314,0.445125,0.0298147,-1.31023,0.839513,2.36457e-05,0.920468,-0.0341086,0.279853,-0.287073,-0.109565,0.0550145,0.0143542,1.00112,-84.5998,72.3511,-35.321,-156.88,119.08,31.4037,-87.9316,78.2209,25.4476
1.52,-5.91145,-2.01008,0.494466,0.552022,0.0280327,1.07187,-0.418253,-0.0368633,0.626899,0.5074,3.2485,-1.62795,2.11477,-2.14229,3.15499,0.194656,-0.500917,-3.73281,4.13879,-2.53413,3.08313,-0.362455,0.47446,-4.85903,-2.02307,-7.23179,-0.382167,-7.16178,-3.66841,-4.31208,-1.96524,-6.74998,-0.64741,-6.6723,-3.4176,0.483129,1.51361,0.0745411,0.523017,-0.0187083,0.109342,-0.00202494,0.0323753,-0.44831,-0.566397,0.598887,0.603114,3.21688,-0.107998,2.08471,-1.62533,3.13191,0.310784,-0.533286,0.632364,4.10873,-2.07713,3.06153,0.0120668,0.443492,-0.0850958,1.2743,0.252578,-1.59498,1.78885,-4.6226,17.5624,-39.405,22.5674,-1.63132,-5.08489,11.4119,-11.8413,4.96952,-1.99095,1.61748,-3.63294,-1.2547,3.5149,-217.61,25.7806,0,147.203,-5.24627,102.593,-7.57061,2.91567,-1.59346,-22.6004,1.61041,-0.739352,11.1677,-29.6491,20.786,11.5493,-13.2435,6.52415,-6.04868,-6.2752,4.00801,-3.01847,0.275785,-0.135369,-0.167979,1.33622,-1.37165,0.225886,-0.852999,-1.44895,-2.28922,-0.416953,24.609,-0.608794,50.9837,7.02518,0.533235,27.8731,8.07141,0.258999,0.151988,0.208711,-5.91206,-1.99138,-0.0187083,0,2704,1.38778e-17,2.77556e-17,1.38778e-17,1.04083e-17,-4.16334e-17,-2.77556e-17,6.93889e-18,8.32667e-17,9.71445e-17,8.67362e-17,0,-0.44831,-0.113196,0.598888,0.120981,3.14159,2.08471,-0.325073,3.13191,0.0621568,-0.392699,4.10873,-0.41549,3.06149,0.00241336,0.523599,0,0,0,0.481468,-0.00202494,-0.44831,0.598887,3.21688,2.08471,3.13191,-0.533286,4.10873,3.06153,0.443492,0.0300576,-1.25523,0.801683,4.22966e-05,0.71506,-0.0335958,0.267244,-0.274331,-0.128559,0.0550779,0.0143754,1.00103,-76.6884,62.9088,-37.2283,-284.661,171.652,23.3891,-102.224,82.2855,26.0839
1.54,-5.90794,-2.00811,0.469151,0.516323,0.0288824,1.01866,-0.411661,-0.0945924,0.634495,0.490598,3.25495,-1.64662,2.10695,-2.15214,3.1473,0.152633,-0.508622,-3.73321,4.13743,-2.52324,3.08175,-0.374915,0.473118,-4.85516,-2.02334,-7.22734,-0.377144,-7.15741,-3.66642,-4.3086,-1.9619,-6.74762,-0.646148,-6.66759,-3.41627,0.42654,1.50378,0.0854015,0.50117,-0.0168407,0.0867395,-0.00137194,-0.0317775,-0.441915,-0.315257,0.605282,0.580626,3.22328,-0.142779,2.07669,-1.59663,3.12389,0.326557,-0.541307,0.661322,4.10717,-2.07726,3.05998,0.0114422,0.441936,-0.0827271,1.25187,0.210075,-1.56615,1.72456,-4.68276,16.2695,-35.8359,19.9607,-0.0614456,-4.49646,9.90505,-10.4734,4.78795,-1.59254,1.47652,-3.25463,-1.21223,-2.55134,-176.799,27.3014,0,118.797,-2.36538,80.4425,-8.37333,2.99299,-2.25395,-18.4847,1.85376,-0.755764,10.802,-28.993,20.0297,11.1652,-12.8308,6.37938,-5.85749,-6.07969,3.86141,-2.92125,0.27663,-0.134008,-0.167142,1.28743,-1.32248,0.223878,-1.26574,-1.78491,-2.66076,-3.30382,23.762,-0.933378,50.1004,4.92316,-0.0198446,28.3497,7.4538,0.250919,0.156903,0.202178,-5.90849,-1.99128,-0.0168407,0,2721,0,0,-1.38778e-17,2.42861e-17,4.16334e-17,5.55112e-17,2.08167e-17,-1.38778e-17,1.38778e-17,0,0,-0.441915,-0.0630084,0.605283,0.116293,3.14159,2.07669,-0.31933,3.12388,0.0653113,-0.392699,4.10717,-0.415517,3.05993,0.00228844,0.523599,0,0,0,0.464212,-0.00137194,-0.441915,0.605282,3.22328,2.07669,3.12389,-0.541307,4.10717,3.05998,0.441936,0.0302544,-1.21613,0.772365,4.20543e-05,0.567528,-0.0334284,0.257486,-0.264495,-0.13904,0.0551292,0.0143927,1.00093,-65.1987,51.5376,-39.0509,-317.481,183.904,22.6922,-109.826,82.9466,26.6441
1.56,-5.90526,-2.00597,0.436649,0.4743,0.0296431,0.957615,-0.404938,-0.162001,0.642312,0.477546,3.26151,-1.66998,2.09861,-2.21052,3.13892,0.0934115,-0.516726,-3.74251,4.13584,-2.52304,3.08038,-0.397159,0.471544,-4.8521,-2.02365,-7.22345,-0.37165,-7.15407,-3.66407,-4.30597,-1.95854,-6.74598,-0.644645,-6.66384,-3.41471,0.360394,1.44512,0.0858029,0.469632,-0.014781,0.066775,-0.000761865,-0.106469,-0.435343,-0.0418853,0.611854,0.555252,3.22985,0.0211595,2.0682,-1.62291,3.1154,0.363625,-0.549796,0.676883,4.10543,-2.02484,3.05824,0.0114667,0.440189,-0.0794291,1.22119,0.17251,-1.52715,1.6536,-4.8938,14.9571,-32.3934,17.5519,1.5619,-3.92455,8.49961,-9.21044,4.58271,-1.21736,1.33568,-2.89399,-1.1641,12.6312,-138.339,27.1779,0,93.6128,-10.6584,60.0343,-8.33715,3.22903,-0.714342,-14.514,1.92602,-0.811583,10.3657,-28.2529,19.1686,10.868,-12.2458,6.25327,-5.62924,-5.93285,3.7439,-2.7747,0.277923,-0.131923,-0.167988,1.24831,-1.28329,0.221105,-1.62511,-2.10118,-3.05219,-6.67119,23.1093,-1.16823,46.764,1.9624,-0.464913,28.2802,6.34579,0.241012,0.169888,0.196702,-5.90576,-1.99119,-0.014781,0,2734,0,-2.77556e-17,-4.16334e-17,5.55112e-17,-5.55112e-17,-5.55112e-17,-4.16334e-17,-2.77556e-17,-2.77556e-17,-3.29597e-17,0,-0.435343,-0.00837909,0.611855,0.111011,3.14159,2.0682,-0.324589,3.1154,0.072725,-0.392699,4.10543,-0.405042,3.05818,0.00229334,0.523599,0,0,0,0.438746,-0.000761865,-0.435343,0.611854,3.22985,2.0682,3.1154,-0.549796,4.10543,3.05824,0.440189,0.0304049,-1.18678,0.748873,4.74015e-05,0.418039,-0.0335976,0.249662,-0.256659,-0.145881,0.0551685,0.0144059,1.00082,-51.1086,38.7557,-40.7926,-315.446,181.026,25.0558,-113.704,81.3995,27.237
1.58,-5.90341,-2.00377,0.398393,0.426771,0.0303377,0.888561,-0.398055,-0.241052,0.650374,0.471418,3.26819,-1.69586,2.08974,-2.27267,3.13005,0.0331302,-0.525322,-3.75922,4.13444,-2.5312,3.07936,-0.425684,0.470162,-4.84982,-2.02411,-7.2201,-0.365816,-7.15159,-3.66171,-4.30415,-1.95524,-6.74507,-0.643036,-6.66101,-3.41304,0.282721,1.3827,0.0779998,0.43035,-0.0126447,0.0487871,-0.000171462,-0.189773,-0.428564,0.250247,0.618634,0.527355,3.23663,0.244675,2.05923,-1.64022,3.10643,0.407801,-0.55877,0.692209,4.10393,-1.93621,3.05673,0.01161,0.438682,-0.0755862,1.18577,0.139456,-1.48234,1.58044,-5.15591,13.693,-29.1987,15.394,3.14072,-3.39189,7.23269,-8.07814,4.35692,-0.872711,1.20169,-2.56273,-1.111,25.4932,-109.952,26.2983,0,74.8671,-17.6761,45.1685,-7.92306,3.50781,0.587543,-11.568,1.91672,-0.87714,10.009,-27.4854,18.2675,10.6271,-11.5957,6.14018,-5.37908,-5.81428,3.64057,-2.59583,0.278878,-0.12901,-0.169384,1.21404,-1.24904,0.217862,-1.91281,-2.37644,-3.4527,-10.6235,22.802,-1.29404,43.2133,-1.05011,-0.835572,27.802,4.93221,0.229668,0.184982,0.191702,-5.90388,-1.99114,-0.0126447,0,2743,0,-1.38778e-17,-2.77556e-17,5.89806e-17,1.38778e-17,0,-4.16334e-17,-9.71445e-17,-6.93889e-17,-6.93889e-17,0,-0.428564,0.0499992,0.618633,0.105211,3.14159,2.05923,-0.328051,3.10642,0.0815602,-0.392699,4.10393,-0.387315,3.05668,0.002322,0.523599,0,0,0,0.40614,-0.000171462,-0.428564,0.618634,3.23663,2.05923,3.10643,-0.55877,4.10393,3.05673,0.438682,0.0305092,-1.16307,0.728206,4.68184e-05,0.269628,-0.0338769,0.242807,-0.249807,-0.149204,0.0551958,0.014415,1.0007,-34.5862,24.7566,-42.4655,-296.518,170.706,28.928,-114.968,78.3397,27.7336
1.6,-5.90214,-2.00194,0.358858,0.376443,0.0311669,0.812629,-0.3913,-0.333524,0.65839,0.478119,3.27471,-1.72091,2.08268,-2.35115,3.1228,-0.0112042,-0.532032,-3.77616,4.13274,-2.53903,3.07816,-0.454515,0.468513,-4.84811,-2.02463,-7.21799,-0.36134,-7.14956,-3.65969,-4.30291,-1.95208,-6.74493,-0.641899,-6.65857,-3.41183,0.191754,1.30368,0.0706225,0.385568,-0.0108488,0.0324092,0.000576591,-0.29207,-0.42189,0.55959,0.625308,0.496101,3.2433,0.624883,2.05209,-1.70536,3.09928,0.469175,-0.565903,0.701337,4.10215,-1.8184,3.05495,0.0122055,0.436925,-0.0715973,1.14917,0.11066,-1.43609,1.5097,-5.58722,12.5305,-26.3448,13.5054,4.69253,-2.91379,6.1269,-7.08638,4.1051,-0.585872,1.07977,-2.26937,-1.05149,42.0314,-90.1699,24.9187,0,63.05,-26.9992,35.0895,-7.30878,3.91927,2.16377,-9.47609,1.838,-0.975912,9.6674,-26.7455,17.3734,10.4425,-10.895,6.05663,-5.12855,-5.7287,3.55346,-2.3972,0.281016,-0.125997,-0.172128,1.18512,-1.22035,0.214463,-1.97673,-2.51637,-3.79659,-15.2502,23.1318,-1.25242,38.9359,-3.26579,-0.847002,27.3256,3.50057,0.2166,0.206865,0.187275,-5.90241,-1.99109,-0.0108488,0,2750,-2.77556e-17,-2.77556e-17,-2.77556e-17,1.04083e-17,-1.38778e-17,0,1.38778e-17,0,0,6.93889e-18,0,-0.42189,0.111818,0.625305,0.0987267,3.14159,2.05209,-0.341063,3.09929,0.093835,-0.392699,4.10215,-0.363717,3.05492,0.0024411,0.523599,0,0,0,0.367802,0.000576591,-0.42189,0.625308,3.2433,2.05209,3.09928,-0.565903,4.10215,3.05495,0.436925,0.0305903,-1.14585,0.71074,2.44279e-05,0.215211,-0.0344257,0.237024,-0.24407,-0.143575,0.0552169,0.0144221,1.0006,-15.0699,9.5671,-43.9426,-270.244,157.902,33.3792,-110.805,73.6947,28.2581
1.62,-5.90089,-2.00118,0.327778,0.331411,0.0321872,0.739584,-0.387211,-0.431304,0.663816,0.50647,3.27852,-1.73868,2.08031,-2.4296,3.12003,-0.0223421,-0.534055,-3.78341,4.13188,-2.53523,3.07776,-0.469621,0.467685,-4.84661,-2.02447,-7.21746,-0.360317,-7.14707,-3.6593,-4.30172,-1.94969,-6.74507,-0.642001,-6.65588,-3.41185,0.0955798,1.22448,0.0748433,0.340704,-0.0101291,0.0154475,0.00152742,-0.437669,-0.41787,0.881342,0.629327,0.459527,3.24732,1.11015,2.04965,-1.82298,3.09685,0.540513,-0.568346,0.723165,4.10122,-1.70823,3.05402,0.011302,0.436018,-0.0680323,1.11657,0.0832177,-1.39487,1.44688,-6.39488,11.54,-23.9398,11.8886,6.25024,-2.50607,5.20188,-6.23887,3.81283,-0.401255,0.97731,-2.02551,-0.982008,58.7087,-76.813,23.2518,0,56.4025,-37.3275,28.6407,-6.64054,4.43227,3.53044,-7.99657,1.69853,-1.10206,9.47696,-26.1011,16.583,10.2462,-10.2748,5.97571,-4.89828,-5.62864,3.45361,-2.20427,0.279032,-0.121358,-0.17151,1.15185,-1.18656,0.211395,-1.55399,-2.25165,-3.65227,-20.135,24.5486,-0.888539,34.8954,-3.82083,-0.362672,27.4724,2.74742,0.200914,0.233627,0.181764,-5.90115,-1.99105,-0.0101291,0,2756,-1.38778e-17,-1.38778e-17,0,6.245e-17,5.55112e-17,4.16334e-17,0,4.16334e-17,4.16334e-17,4.16334e-17,0,-0.41787,0.176114,0.62933,0.0911674,3.14159,2.04965,-0.3646,3.09685,0.108103,-0.392699,4.10122,-0.341658,3.05401,0.00226039,0.523599,0,0,0,0.328198,0.00152742,-0.41787,0.629327,3.24732,2.04965,3.09685,-0.568346,4.10122,3.05402,0.436018,0.0306598,-1.12576,0.690736,7.42501e-06,0.347342,-0.0343021,0.23037,-0.237312,-0.120242,0.0552351,0.0144282,1.00056,11.5992,-7.45968,-44.1483,-229.23,140.862,38.2507,-100.639,68.4741,28.4463
1.64,-5.89887,-2.00144,0.311617,0.302159,0.0328208,0.686882,-0.386394,-0.513589,0.665852,0.556086,3.27908,-1.74536,2.07989,-2.46931,3.11937,-0.0172259,-0.534257,-3.77874,4.13129,-2.51726,3.07746,-0.470951,0.467109,-4.84456,-2.02416,-7.21618,-0.360919,-7.1443,-3.65976,-4.29973,-1.94894,-6.74391,-0.642799,-6.65297,-3.41259,0.0147707,1.18431,0.093086,0.306245,-0.0104538,-0.00484953,0.00205671,-0.575954,-0.417158,1.16852,0.630039,0.425394,3.24803,1.38557,2.04912,-1.89036,3.09632,0.587889,-0.56887,0.723388,4.10053,-1.63562,3.05333,0.00989438,0.435334,-0.0656077,1.09431,0.0535529,-1.36692,1.39969,-6.92649,10.8149,-22.149,10.6899,7.36404,-2.1977,4.50605,-5.61176,3.5407,-0.288235,0.902547,-1.84601,-0.917287,65.4376,-69.521,22.033,0,53.0733,-42.2763,25.2301,-6.1866,4.78152,3.90624,-7.17275,1.59135,-1.18859,8.96239,-25.6248,16.0073,9.99047,-9.65447,5.8988,-4.73227,-5.49328,3.35084,-2.05436,0.276649,-0.117824,-0.168795,1.11755,-1.1515,0.209279,-0.808071,-1.46256,-2.63509,-24.2388,27.0328,-0.333923,32.8885,-3.56702,0.233746,28.3414,2.67902,0.185763,0.250941,0.175585,-5.89926,-1.99099,-0.0104538,0,2765,0,1.38778e-17,1.38778e-17,-3.46945e-18,-5.55112e-17,-5.55112e-17,-6.93889e-17,4.16334e-17,4.16334e-17,3.29597e-17,0,-0.417158,0.233502,0.630038,0.0841174,3.14159,2.04912,-0.378071,3.09632,0.117578,-0.392699,4.10053,-0.327125,3.05333,0.00197888,0.523599,0,0,0,0.297014,0.00205671,-0.417158,0.630039,3.24803,2.04912,3.09632,-0.56887,4.10053,3.05333,0.435334,0.0307641,-1.09866,0.670167,-4.41871e-09,0.419933,-0.033759,0.223509,-0.230299,-0.0924195,0.0552624,0.0144373,1.00058,44.5156,-24.6546,-42.7797,-183.617,123.177,42.7186,-91.3483,65.1349,28.5486
1.66,-5.8962,-2.00205,0.30819,0.288559,0.0332227,0.653853,-0.384618,-0.575414,0.66847,0.608607,3.28067,-1.74407,2.0804,-2.48784,3.11964,-0.00600533,-0.533619,-3.76521,4.13053,-2.49048,3.07675,-0.464334,0.466338,-4.84178,-2.02509,-7.2142,-0.362105,-7.14125,-3.66028,-4.29708,-1.9489,-6.74178,-0.643744,-6.64973,-3.4135,-0.0460194,1.16542,0.119935,0.288492,-0.0111415,-0.0229015,0.00230787,-0.649803,-0.415532,1.36159,0.631665,0.402972,3.24966,1.53131,2.04949,-1.95296,3.09669,0.617152,-0.568508,0.715714,4.09962,-1.61663,3.05242,0.00885008,0.434408,-0.064489,1.08379,0.0286863,-1.35376,1.3732,-6.92306,10.3934,-21.087,10.0168,7.8801,-2.01272,4.09018,-5.2586,3.36932,-0.20584,0.855997,-1.73415,-0.876643,70.3538,-66.9507,21.4211,0,52.8997,-45.9063,24.0876,-5.9812,5.00476,4.1664,-6.8744,1.53676,-1.24449,8.39353,-25.3267,15.6992,9.72517,-9.22178,5.83294,-4.65304,-5.35381,3.26171,-1.97755,0.27612,-0.116762,-0.166213,1.08776,-1.12113,0.208275,-0.171333,-0.680033,-1.65145,-27.3289,29.5995,0.06458,31.988,-3.009,0.676532,29.6427,3.005,0.175846,0.261283,0.170012,-5.89654,-1.99091,-0.0111415,0,2778,-1.38778e-17,-6.93889e-18,-1.38778e-17,3.1225e-17,0,2.77556e-17,0,9.71445e-17,6.93889e-17,6.59195e-17,0,-0.415532,0.272082,0.631665,0.0794839,3.14159,2.04949,-0.390595,3.09668,0.12343,-0.392699,4.09962,-0.323346,3.0524,0.00177002,0.523599,0,0,0,0.280702,0.00230787,-0.415532,0.631665,3.24966,2.04949,3.09669,-0.568508,4.09962,3.05242,0.434408,0.0309149,-1.07082,0.652368,1.32636e-05,0.430253,-0.0332426,0.217552,-0.224226,-0.0726833,0.0553017,0.0144505,1.00062,69.0159,-36.7136,-42.0201,-155.01,113.007,45.4184,-86.4885,64.3013,28.7628
1.68,-5.89298,-2.00276,0.313664,0.286908,0.0335097,0.635797,-0.381505,-0.620237,0.672117,0.66039,3.28363,-1.73754,2.0813,-2.49255,3.1203,0.00786037,-0.53267,-3.74676,4.12987,-2.45879,3.07595,-0.451318,0.465684,-4.83834,-2.02704,-7.21163,-0.363479,-7.1378,-3.66089,-4.29388,-1.94915,-6.73896,-0.644696,-6.64611,-3.41442,-0.0901535,1.16042,0.151474,0.284607,-0.0119495,-0.0365221,0.00242084,-0.700731,-0.412594,1.48092,0.634603,0.388857,3.2526,1.58669,2.05021,-2.01119,3.09741,0.631942,-0.567787,0.716985,4.09878,-1.64306,3.05158,0.00769353,0.433578,-0.0642951,1.08161,0.0104789,-1.35104,1.36198,-6.93263,10.1834,-20.5343,9.6577,8.17626,-1.91595,3.87088,-5.07033,3.26343,-0.171427,0.830248,-1.67154,-0.851561,74.4456,-67.1008,21.2225,0,54.5016,-48.7047,24.2282,-5.93529,5.12474,4.42171,-6.87993,1.51822,-1.27503,8.00224,-25.156,15.5898,9.48172,-9.03032,5.77159,-4.63635,-5.22524,3.185,-1.96077,0.275143,-0.116812,-0.163094,1.06201,-1.09474,0.20807,0.273657,-0.0825538,-0.902825,-29.5686,32.1352,0.326407,31.7974,-2.32037,0.922461,31.1942,3.64234,0.169669,0.266529,0.165373,-5.89339,-1.99081,-0.0119495,0,2793,-1.38778e-17,-2.08167e-17,-2.77556e-17,6.93889e-18,-2.77556e-17,-5.55112e-17,-2.77556e-17,6.93889e-17,8.32667e-17,6.41848e-17,0,-0.412594,0.295929,0.634602,0.0765685,3.14159,2.05021,-0.40224,3.0974,0.126388,-0.392699,4.09878,-0.328626,3.05157,0.00153871,0.523599,0,0,0,0.277102,0.00242084,-0.412594,0.634603,3.2526,2.05021,3.09741,-0.567787,4.09878,3.05158,0.433578,0.0310889,-1.04509,0.637017,9.14888e-06,0.408836,-0.0326189,0.212402,-0.218948,-0.0614433,0.0553472,0.0144658,1.00066,85.7429,-44.3911,-42.0736,-136.471,107.219,47.0409,-85.7897,65.5426,28.9908
1.7,-5.88985,-2.00311,0.321156,0.288135,0.0339374,0.622936,-0.37862,-0.657522,0.675337,0.70288,3.28639,-1.72872,2.08064,-2.47988,3.11954,0.0191273,-0.533326,-3.7258,4.12837,-2.42492,3.07419,-0.439416,0.464237,-4.835,-2.02828,-7.2089,-0.363894,-7.13441,-3.66086,-4.29077,-1.94882,-6.73641,-0.645411,-6.64237,-3.4151,-0.126982,1.17299,0.185026,0.290355,-0.0124001,-0.0456407,0.00267451,-0.763791,-0.409883,1.55221,0.637314,0.378698,3.25531,1.52107,2.04938,-2.03061,3.09658,0.63119,-0.568607,0.718544,4.0971,-1.6943,3.04991,0.00804973,0.431941,-0.0647121,1.08493,-0.00155028,-1.35509,1.3608,-7.26398,10.1127,-20.3142,9.46328,8.45273,-1.87405,3.77316,-4.96835,3.18533,-0.200353,0.819917,-1.64418,-0.83279,75.19,-69.2929,21.4892,0,56.9661,-48.9614,25.2309,-6.05417,5.11316,4.51365,-7.14188,1.55262,-1.27165,7.71523,-25.0668,15.5937,9.28923,-8.99755,5.73301,-4.66514,-5.13129,3.12891,-1.98825,0.279573,-0.119751,-0.163713,1.04331,-1.07615,0.208392,0.374622,0.0613817,-0.643036,-31.4323,34.2413,0.441033,32.3979,-1.7567,1.04804,32.8124,4.2373,0.16519,0.265251,0.162035,-5.89025,-1.99072,-0.0124001,0,2808,1.38778e-17,1.38778e-17,-1.38778e-17,1.38778e-17,0,0,0,0,0,0,0,-0.409883,0.310176,0.637311,0.0744821,3.14159,2.04938,-0.406105,3.09658,0.126238,-0.392699,4.0971,-0.338826,3.04993,0.00160995,0.523599,0,0,0,0.282401,0.00267451,-0.409883,0.637314,3.25531,2.04938,3.09658,-0.568607,4.0971,3.04991,0.431941,0.0312629,-1.02616,0.625743,-2.0762e-05,0.413861,-0.0327426,0.208662,-0.21523,-0.0600531,0.0553927,0.014481,1.00069,93.6785,-48.2585,-42.6133,-128.266,105.524,47.8688,-87.5474,67.7874,29.502
1.72,-5.88724,-2.00277,0.323307,0.281958,0.0346796,0.601513,-0.376388,-0.702163,0.677843,0.730012,3.28852,-1.72376,2.07986,-2.47382,3.11854,0.0282508,-0.534095,-3.70749,4.12737,-2.39499,3.07286,-0.431158,0.463262,-4.83225,-2.02797,-7.20707,-0.363809,-7.13099,-3.66059,-4.2882,-1.94729,-6.7348,-0.645698,-6.63871,-3.41531,-0.171251,1.17881,0.214602,0.298333,-0.0121404,-0.053174,0.00326574,-0.826645,-0.407802,1.60584,0.639395,0.37027,3.25739,1.51329,2.04845,-2.0815,3.09564,0.636153,-0.569542,0.744577,4.09595,-1.76259,3.04876,0.00760274,0.430806,-0.0652776,1.08962,-0.0114943,-1.36069,1.36204,-7.65194,10.0843,-20.1939,9.32291,8.69287,-1.84765,3.71074,-4.8946,3.1189,-0.245871,0.815171,-1.62891,-0.816696,79.8567,-72.5486,21.938,0,60.7667,-51.5214,26.7293,-6.24904,5.14273,4.95622,-7.5296,1.60733,-1.27839,7.69554,-24.9933,15.6342,9.09729,-9.09809,5.68486,-4.70274,-5.03317,3.05991,-2.02751,0.281852,-0.122136,-0.162912,1.0203,-1.05286,0.20884,0.107537,-0.30885,-1.07114,-33.6647,35.5978,0.247846,32.6617,-1.3003,0.915381,34.259,4.64994,0.161648,0.266623,0.158358,-5.88753,-1.99063,-0.0121404,0,2821,0,0,0,1.04083e-17,1.38778e-17,2.77556e-17,1.38778e-17,1.38778e-17,-1.38778e-17,-2.25514e-17,0,-0.407802,0.320889,0.639398,0.0727561,3.14159,2.04845,-0.416288,3.09565,0.127231,-0.392699,4.09595,-0.352465,3.0488,0.00152055,0.523599,0,0,0,0.289742,0.00326574,-0.407802,0.639395,3.25739,2.04845,3.09564,-0.569542,4.09595,3.04876,0.430806,0.0314139,-1.00649,0.611921,-3.16087e-05,0.482917,-0.0325825,0.20406,-0.210573,-0.0674943,0.0554322,0.0144943,1.00067,92.9116,-49.5335,-43.5216,-145.566,113.903,46.7261,-91.8842,70.3127,29.9096
1.74,-5.88553,-2.00187,0.316915,0.263851,0.0356336,0.558491,-0.371613,-0.777545,0.683029,0.759743,3.29315,-1.72494,2.07934,-2.4753,3.11784,0.0356834,-0.534585,-3.6932,4.12677,-2.3714,3.072,-0.429068,0.462644,-4.8302,-2.02814,-7.20651,-0.363476,-7.12809,-3.6601,-4.28654,-1.94487,-6.73438,-0.64561,-6.63565,-3.41513,-0.246071,1.17713,0.237958,0.300562,-0.0112979,-0.063227,0.00412679,-0.851412,-0.40312,1.68016,0.644078,0.362892,3.26207,1.52085,2.04784,-2.12621,3.09503,0.64455,-0.570153,0.768242,4.09526,-1.81416,3.04806,0.00654593,0.43009,-0.0654553,1.09091,-0.0248101,-1.36199,1.35741,-7.5463,9.97812,-19.8967,9.14377,8.80612,-1.79648,3.59651,-4.80059,3.05911,-0.227418,0.801801,-1.5945,-0.802603,83.8967,-74.5122,22.1916,0,63.5969,-53.8701,27.637,-6.37101,5.19988,5.30864,-7.767,1.64274,-1.29218,7.5909,-24.8666,15.6038,8.89129,-9.08236,5.62583,-4.71442,-4.92385,2.98107,-2.03701,0.281964,-0.123201,-0.16077,0.993996,-1.02599,0.208958,-0.319584,-0.90536,-2.1511,-37.4335,37.0841,-0.0590407,32.5623,-0.926614,0.714513,35.4085,4.75333,0.158799,0.270009,0.154515,-5.88585,-1.99058,-0.0112979,0,2829,-6.93889e-18,-1.38778e-17,-2.77556e-17,1.73472e-17,-2.77556e-17,-4.16334e-17,-2.77556e-17,-2.77556e-17,-5.55112e-17,-4.16334e-17,0,-0.40312,0.335744,0.644077,0.0712241,3.14159,2.04784,-0.425236,3.09504,0.12891,-0.392699,4.09526,-0.362805,3.04808,0.00130919,0.523599,0,0,0,0.2918,0.00412679,-0.40312,0.644078,3.26207,2.04784,3.09503,-0.570153,4.09526,3.04806,0.43009,0.0315068,-0.984697,0.596183,-1.57095e-05,0.59004,-0.0321539,0.198799,-0.205197,-0.0771941,0.0554565,0.0145024,1.00063,88.1806,-50.9,-45.5012,-174.902,126.732,44.4158,-95.6785,71.8328,30.2042
1.76,-5.88467,-2.00044,0.300182,0.232312,0.0366458,0.490003,-0.365371,-0.910361,0.690116,0.83566,3.29911,-1.73329,2.079,-2.48445,3.11742,0.0392179,-0.534897,-3.68362,4.12553,-2.35182,3.07065,-0.437883,0.461403,-4.82887,-2.02848,-7.20692,-0.362742,-7.12611,-3.6588,-4.28574,-1.94182,-6.7349,-0.64504,-6.63336,-3.41446,-0.377764,1.16787,0.257426,0.29353,-0.00989577,-0.0776343,0.00509258,-0.906198,-0.396924,1.82706,0.650274,0.347026,3.26827,1.52157,2.04744,-2.14638,3.09464,0.655188,-0.570547,0.774987,4.09398,-1.83349,3.04678,0.00597914,0.428789,-0.06501,1.08666,-0.0437105,-1.35644,1.34395,-7.50663,9.72427,-19.2805,8.81081,9.02639,-1.68706,3.36396,-4.62456,2.93273,-0.22018,0.772761,-1.52702,-0.77245,84.6163,-73.952,22.0728,0,64.1335,-54.5243,27.3692,-6.34338,5.27536,5.30581,-7.71188,1.64023,-1.31065,7.22345,-24.6419,15.4547,8.65658,-8.84881,5.56718,-4.69452,-4.80318,2.8948,-2.00418,0.284084,-0.124451,-0.159773,0.965252,-0.996884,0.208543,-0.836642,-1.57695,-3.42444,-44.0824,40.8611,-0.417374,32.0874,-0.749013,0.478907,36.3256,4.31452,0.15263,0.274629,0.150416,-5.88502,-1.99055,-0.00989577,0,2833,2.08167e-17,2.08167e-17,1.38778e-17,1.38778e-17,-1.38778e-17,0,4.16334e-17,0,-1.38778e-17,-2.08167e-17,0,-0.396924,0.365101,0.650274,0.0679469,3.14159,2.04744,-0.429268,3.09464,0.131038,-0.392699,4.09398,-0.366693,3.04678,0.00119583,0.523599,0,0,0,0.285362,0.00509258,-0.396924,0.650274,3.26827,2.04744,3.09464,-0.570547,4.09398,3.04678,0.428789,0.0315532,-0.960623,0.578954,-2.78391e-06,0.663946,-0.0319547,0.19305,-0.199377,-0.0884518,0.0554686,0.0145065,1.00055,87.9428,-55.6829,-47.8059,-209.065,140.797,41.5018,-98.7082,72.1691,30.6858
1.78,-5.88428,-1.99885,0.275385,0.191117,0.0375569,0.39975,-0.358818,-1.12427,0.698184,1.00987,3.30518,-1.74635,2.07822,-2.49637,3.11676,0.0376684,-0.535632,-3.67964,4.12415,-2.33319,3.06928,-0.454386,0.460034,-4.82796,-2.02899,-7.20755,-0.361562,-7.12477,-3.65721,-4.28541,-1.93877,-6.73575,-0.644227,-6.63169,-3.41355,-0.589669,1.15602,0.276061,0.275385,-0.00832005,-0.095873,0.00598048,-1.01672,-0.390395,2.05727,0.656803,0.319117,3.27479,1.49333,2.04664,-2.12175,3.09384,0.665886,-0.571347,0.784461,4.09257,-1.82246,3.04537,0.00500028,0.427382,-0.0638772,1.07626,-0.0671016,-1.3434,1.32272,-7.76715,9.32748,-18.3835,8.35886,9.34709,-1.52241,3.02525,-4.38649,2.71584,-0.280247,0.727929,-1.42899,-0.720579,80.2297,-70.6614,21.6054,0,61.7776,-52.3545,25.7965,-6.1645,5.34696,4.8125,-7.34915,1.60386,-1.32781,6.78912,-24.3173,15.2058,8.37821,-8.46321,5.50004,-4.64222,-4.6588,2.78834,-1.92621,0.285571,-0.124913,-0.158026,0.929761,-0.960808,0.207534,-1.23986,-2.05975,-4.51264,-54.7835,49.5043,-0.653111,31.4524,-0.82626,0.198784,37.188,3.48993,0.141748,0.279151,0.145287,-5.8846,-1.99054,-0.00832005,0,2835,-6.93889e-18,-3.46945e-18,-1.38778e-17,-3.46945e-17,-2.77556e-17,-1.38778e-17,0,0,-1.38778e-17,-1.56125e-17,0,-0.390395,0.411112,0.6568,0.0621986,3.14159,2.04664,-0.424342,3.09384,0.133177,-0.392699,4.09257,-0.364488,3.04538,0.00100006,0.523599,0,0,0,0.268606,0.00598048,-0.390395,0.656803,3.27479,2.04664,3.09384,-0.571347,4.09257,3.04537,0.427382,0.0315765,-0.931747,0.557662,-2.84479e-06,0.672719,-0.0316052,0.185952,-0.192162,-0.096404,0.0554747,0.0145085,1.00046,97.7793,-65.3931,-49.7151,-228.129,148.041,39.7424,-101.1,71.5752,31.1913
1.8,-5.884,-1.99756,0.24819,0.146248,0.038484,0.290795,-0.352685,-1.47154,0.707108,1.39468,3.31046,-1.75962,2.07724,-2.51057,3.11595,0.0353808,-0.536555,-3.67773,4.12341,-2.31431,3.06867,-0.471437,0.459256,-4.82717,-2.02955,-7.20824,-0.360591,-7.12338,-3.65621,-4.28519,-1.936,-6.73672,-0.643726,-6.6301,-3.41296,-0.933303,1.14194,0.295097,0.24883,-0.00703862,-0.115551,0.00688426,-1.20222,-0.384285,2.35715,0.662913,0.280552,3.28091,1.49434,2.04564,-2.08363,3.09284,0.681522,-0.572359,0.803105,4.09181,-1.78757,3.04461,0.00312404,0.426575,-0.0623447,1.06228,-0.0916175,-1.32605,1.29949,-8.54504,8.8537,-17.3748,7.89991,9.64616,-1.32684,2.63591,-4.14517,2.4076,-0.492943,0.677408,-1.32331,-0.646534,75.6178,-66.1669,20.9986,0,58.2266,-50.1417,23.6601,-5.9216,5.45264,4.28599,-6.85042,1.55322,-1.35322,6.40547,-23.9596,14.9289,8.08243,-8.00672,5.42679,-4.57126,-4.49953,2.66968,-1.81683,0.28431,-0.123915,-0.154313,0.890202,-0.920247,0.206174,-1.35974,-2.24343,-5.44776,-72.1507,68.7356,-0.663334,30.6933,-0.939926,0.0956192,38.0947,2.63797,0.125876,0.285154,0.139337,-5.88418,-1.99052,-0.00703862,0,2837,0,-5.20417e-18,6.93889e-18,1.04083e-17,-2.77556e-17,-5.55112e-17,-5.55112e-17,-1.38778e-17,-2.77556e-17,-2.08167e-17,0,-0.384285,0.47104,0.662911,0.0542666,3.14159,2.04564,-0.416737,3.09283,0.136304,-0.392699,4.09181,-0.357563,3.04457,0.000624808,0.523599,0,0,0,0.243785,0.00688426,-0.384285,0.662913,3.28091,2.04564,3.09284,-0.572359,4.09181,3.04461,0.426575,0.0315997,-0.900026,0.533986,2.54257e-05,0.699441,-0.0308627,0.17804,-0.184049,-0.094392,0.0554808,0.0145106,1.00039,117.894,-79.3055,-51.0179,-224.724,146.198,39.8993,-100.507,69.801,31.4697
1.82,-5.88303,-1.9971,0.227532,0.108791,0.0392568,0.163961,-0.349721,-2.09874,0.718378,2.23286,3.31112,-1.76797,2.07695,-2.5261,3.11574,0.0378736,-0.536743,-3.67055,4.12303,-2.28572,3.06845,-0.477886,0.458895,-4.82596,-2.02946,-7.20824,-0.360661,-7.12139,-3.65616,-4.28426,-1.93431,-6.73679,-0.643926,-6.62803,-3.41307,-1.54989,1.12639,0.32383,0.220062,-0.00661096,-0.136568,0.00759906,-1.50638,-0.381379,2.71046,0.665818,0.229053,3.28382,1.55367,2.04529,-2.07084,3.09249,0.704107,-0.572699,0.8098,4.09137,-1.74104,3.04417,0.000829837,0.426156,-0.0608683,1.04878,-0.117259,-1.30947,1.27969,-10.1622,8.36141,-16.3732,7.51334,9.78293,-1.13695,2.2663,-3.97506,1.99154,-0.917479,0.618294,-1.20464,-0.554448,74.4339,-62.1541,20.4103,0,55.4881,-50.0501,21.799,-5.69094,5.61703,4.0359,-6.39586,1.49952,-1.39378,5.88738,-23.6342,14.6931,7.78541,-7.47998,5.35853,-4.50708,-4.33674,2.55527,-1.69719,0.281318,-0.122297,-0.149267,0.852009,-0.880858,0.204857,-1.03291,-1.87288,-6.34167,-103.259,110.642,-0.417614,29.9028,-0.816027,0.359233,39.5054,2.31146,0.10409,0.293702,0.13334,-5.88313,-1.99049,-0.00661096,0,2842,0,-1.9082e-17,-1.38778e-17,1.04083e-17,-2.77556e-17,1.38778e-17,1.38778e-17,-4.16334e-17,-4.16334e-17,-3.64292e-17,0,-0.381379,0.541463,0.665821,0.0433621,3.14159,2.04529,-0.414167,3.09249,0.140821,-0.392699,4.09137,-0.348235,3.04415,0.000165967,0.523599,0,0,0,0.216533,0.00759906,-0.381379,0.665818,3.28382,2.04529,3.09249,-0.572699,4.09137,3.04417,0.426156,0.0316578,-0.867411,0.511079,1.34318e-05,0.702566,-0.0298533,0.170402,-0.176172,-0.0801936,0.055496,0.0145156,1.00037,151.736,-97.1985,-50.6101,-202.373,137.472,41.729,-96.5972,67.8196,31.5693
1.84,-5.88128,-1.99732,0.217689,0.0862413,0.0396614,-0.343165,-0.348882,-4.40933,0.684866,0.929269,3.31438,-1.77011,2.07709,-2.53676,3.11584,0.0433785,-0.536517,-3.65716,4.12254,-2.24658,3.06802,-0.474641,0.458425,-4.82417,-2.02949,-7.20708,-0.361296,-7.11919,-3.65646,-4.28254,-1.93388,-6.7356,-0.644494,-6.62571,-3.4136,-3.89726,1.1156,0.363014,0.198398,-0.00688807,-0.156828,0.00791064,-2.01242,-0.380633,2.98978,0.666565,0.178374,3.28456,1.60911,2.04534,-2.08168,3.09254,0.72497,-0.572651,0.804853,4.09079,-1.71349,3.04359,-0.00109296,0.425594,-0.0598907,1.03973,-0.141815,-1.2985,1.26734,-13.1845,7.8807,-15.4245,7.24823,11.5968,-1.40326,2.78976,-4.53828,1.452,-0.349845,0.408945,-0.795026,-0.621037,75.2789,-59.8208,20.0331,0,54.4405,-51.0711,20.7428,-5.54833,5.77341,3.97524,-6.12798,1.46359,-1.43271,5.28235,-23.3796,14.5576,7.50554,-7.0018,5.29577,-4.47597,-4.18404,2.45267,-1.6037,0.279648,-0.121995,-0.144877,0.81779,-0.845638,0.203973,-0.49215,-1.12747,-25.3563,-213.236,45.3916,-0.107005,29.3761,-0.542719,0.669152,41.4381,2.47273,0.0749842,0.30125,0.127716,-5.88146,-1.99044,-0.00688807,0,2850,0,-2.08167e-17,6.93889e-18,-8.67362e-18,2.77556e-17,-1.38778e-17,-5.55112e-17,2.77556e-17,4.16334e-17,2.94903e-17,0,-0.380633,0.585311,0.666562,0.0267877,3.14159,2.04534,-0.416328,3.09254,0.144994,-0.392699,4.09079,-0.342698,3.04359,-0.000218593,0.523599,0,0,0,0.195781,0.00791064,-0.380633,0.666565,3.28456,2.04534,3.09254,-0.572651,4.09079,3.04359,0.425594,0.0317507,-0.83681,0.490534,2.21804e-07,0.614285,-0.0289753,0.163558,-0.169128,-0.0641647,0.0555203,0.0145238,1.00038,191.931,-113.541,-49.2274,-178.249,128.601,43.8244,-93.8119,67.1344,31.6997
1.86,-5.87895,-1.99794,0.218475,0.0778475,0.0399925,0.269674,-0.34713,-0.432568,0.723827,0.928922,3.319,-1.76646,2.07749,-2.54029,3.11612,0.0524794,-0.536059,-3.63585,4.1213,-2.19739,3.06668,-0.464502,0.457184,-4.82169,-2.03053,-7.20531,-0.362383,-7.11669,-3.6567,-4.28023,-1.93397,-6.73371,-0.645394,-6.62291,-3.41446,0.113849,1.11189,0.412106,0.188058,-0.00757948,-0.172195,0.0081139,-5.4784,-0.379009,6.02514,0.668189,-0.147629,3.28618,1.65071,2.04562,-2.11383,3.09281,0.740126,-0.572379,0.800769,4.08942,-1.71674,3.04223,-0.00214695,0.424216,-0.0594842,1.03577,-0.160461,-1.29376,1.26175,-31.6237,6.25292,-12.2944,8.0757,24.3959,-1.73435,3.48501,-8.17034,-2.24739,8.87389,-0.0372406,0.0711857,-1.2325,77.6633,-59.1463,19.8904,0,54.8836,-52.8505,20.4651,-5.50231,5.89076,4.07834,-6.04679,1.44948,-1.46221,4.80439,-23.1961,14.5063,7.28595,-6.69816,5.24893,-4.48103,-4.06946,2.37198,-1.55489,0.28059,-0.123397,-0.142719,0.790771,-0.818012,0.203589,0.0392866,-0.41969,30.6419,5.05601,43.2041,0.18243,29.2201,-0.0903375,1.06557,43.8356,2.96683,-0.100728,0.306627,0.123204,-5.87916,-1.99036,-0.00757948,0,2861,1.04083e-17,-1.38778e-17,6.59195e-17,-6.93889e-17,1.38778e-17,2.77556e-17,0,-2.77556e-17,-5.55112e-17,-3.98986e-17,0,-0.379009,0.890302,0.66819,-0.0161071,3.14159,2.04562,-0.422768,3.09281,0.148025,-0.392699,4.08942,-0.343366,3.04221,-0.000429389,0.523599,0,0,0,0.185811,0.0081139,-0.379009,0.668189,3.28618,2.04562,3.09281,-0.572379,4.08942,3.04223,0.424216,0.0318786,-0.813935,0.474414,9.06926e-06,0.556842,-0.0285437,0.158154,-0.163602,-0.049633,0.0555537,0.014535,1.00042,414.513,-247.042,-45.6505,-157.257,121.583,45.6858,-91.8812,67.5562,32.0849
1.88,-5.87614,-1.9988,0.228125,0.0817197,0.0402046,0.31648,-0.345696,0.0118562,0.694776,-24.3564,3.3161,-1.75753,2.07727,-2.53321,3.11575,0.0631493,-0.536257,-3.60906,4.1199,-2.13801,3.06498,-0.445147,0.455814,-4.81875,-2.03182,-7.20272,-0.363321,-7.11391,-3.65704,-4.27743,-1.93449,-6.73119,-0.646431,-6.6198,-3.41547,0.532123,1.11881,0.471163,0.188725,-0.00852457,-0.183569,0.00817479,-0.79147,-0.377726,-3.19671,0.669472,-0.162303,3.28747,1.63181,2.04524,-2.14498,3.09244,0.746045,-0.572748,0.806674,4.08787,-1.75681,3.04067,-0.00275343,0.422685,-0.0595545,1.03607,-0.17442,-1.29422,1.2601,-3.77754,8.20034,-15.9937,7.76754,-16.8063,-12.7971,24.8886,-20.9255,17.4256,3.25381,2.12754,-4.14811,-0.125758,79.3551,-59.962,19.9818,0,56.5031,-53.9054,20.8452,-5.5468,5.93239,4.19071,-6.145,1.4622,-1.47234,4.49644,-23.0607,14.5175,7.11025,-6.56572,5.19983,-4.51087,-3.98002,2.30082,-1.54695,0.283223,-0.126208,-0.142088,0.767037,-0.793914,0.203624,0.4825,0.193606,2.34031,60.3348,-1220.67,0.446789,29.563,0.443445,1.33985,46.7346,3.93373,0.332393,0.308158,0.11925,-5.87644,-1.99028,-0.00852457,0,2874,-6.93889e-18,-8.67362e-18,2.77556e-17,-4.85723e-17,4.16334e-17,6.93889e-17,5.55112e-17,0,0,0,0,-0.377726,-0.0958085,0.669474,-0.144474,3.14159,2.04524,-0.428982,3.09244,0.149209,-0.392699,4.08787,-0.35135,3.04068,-0.000550687,0.523599,0,0,0,0.186445,0.00817479,-0.377726,0.669472,3.28747,2.04524,3.09244,-0.572748,4.08787,3.04067,0.422685,0.0320298,-0.79598,0.460153,-5.17238e-06,0.490785,-0.0284177,0.153407,-0.158783,-0.039434,0.0555933,0.0145483,1.00047,12.4887,103.715,-44.9574,-137.883,115.609,47.5226,-92.6662,69.6614,32.5338
1.9,-5.87352,-1.99973,0.24369,0.0946981,0.0402869,0.459285,-0.346892,-1.80712,0.774844,1.55719,3.35528,-1.74554,2.0768,-2.52265,3.11504,0.0737264,-0.536716,-3.57939,4.11763,-2.07212,3.06227,-0.423791,0.453597,-4.81625,-2.03197,-7.20008,-0.364099,-7.11171,-3.65693,-4.27482,-1.93529,-6.72868,-0.647432,-6.61706,-3.41646,-1.24597,1.1291,0.536559,0.198596,-0.00953806,-0.191139,0.00810595,-0.416295,-0.379073,26.509,0.668125,-8.24549,3.28612,1.61697,2.04462,-2.20058,3.09181,0.749917,-0.57337,0.81407,4.08545,-1.82312,3.03825,-0.00247127,0.420295,-0.0600208,1.03995,-0.183969,-1.29903,1.26104,-0.687014,8.3866,-16.3028,7.99404,-565.791,42.3183,-81.7989,58.0157,217.108,205.84,-11.5549,22.3197,-3.42931,83.4027,-62.2296,20.2619,0,59.6969,-56.198,21.8886,-5.67077,5.95595,4.54294,-6.41377,1.49603,-1.47776,4.29839,-22.9716,14.5637,6.99051,-6.56711,5.16582,-4.56271,-3.92677,2.24519,-1.57291,0.289173,-0.130815,-0.144074,0.748461,-0.775375,0.20401,0.778261,0.648922,7.14025,-6.25744,68.9838,0.599362,30.0671,0.972906,1.48323,49.9158,4.99767,-1.24928,0.308846,0.116148,-5.87372,-1.99019,-0.00953806,0,2887,6.93889e-18,1.38778e-17,1.11022e-16,2.77556e-17,1.38778e-17,4.16334e-17,9.71445e-17,4.16334e-17,1.38778e-17,1.04083e-17,0,-0.379073,0.054275,0.668125,-0.138936,3.14159,2.04462,-0.440102,3.09182,0.149983,-0.392699,4.08545,-0.36458,3.03829,-0.000494254,0.523599,0,0,0,0.195944,0.00810595,-0.379073,0.668125,3.28612,2.04462,3.09181,-0.57337,4.08545,3.03825,0.420295,0.032181,-0.785263,0.449003,-1.87204e-05,0.408444,-0.0288147,0.149692,-0.155075,-0.0348838,0.0556329,0.0145615,1.00053,32.0456,-955.144,39.0206,-125.951,112.805,48.9283,-95.8691,72.9751,33.2713
1.92,-5.8717,-2.00011,0.257164,0.107482,0.0402988,0.911007,-0.349183,-2.61638,0.723075,-126.017,3.32404,-1.73579,2.07635,-2.51375,3.11429,0.0812226,-0.537161,-3.55668,4.11586,-2.01518,3.05995,-0.406861,0.451862,-4.81466,-2.03109,-7.19815,-0.364276,-7.11029,-3.65646,-4.273,-1.93565,-6.72688,-0.64782,-6.61523,-3.41685,-2.07576,1.1377,0.59291,0.214742,-0.00997504,-0.195046,0.00802469,0.684441,-0.381458,8.12428,0.66574,-2.04536,3.28374,1.60585,2.04407,-2.26986,3.09127,0.751472,-0.573913,0.839712,4.08359,-1.91288,3.03639,-0.00248697,0.41845,-0.0607873,1.04664,-0.189308,-1.30727,1.26411,8.73727,8.95774,-17.3275,8.94256,8.63428,7.6703,-14.7147,8.54133,13.9756,-14.2416,-0.798026,1.51247,0.0274306,89.3351,-65.6857,20.686,0,64.1589,-59.451,23.4854,-5.85807,5.96265,5.09753,-6.81952,1.54516,-1.47901,4.33076,-22.9358,14.6467,6.91628,-6.70544,5.13067,-4.62269,-3.89572,2.19214,-1.62114,0.294019,-0.135232,-0.146055,0.730775,-0.757598,0.204668,0.673691,0.639192,22.5861,-25.4369,-6310.42,0.487694,30.4898,1.34756,1.13562,52.6745,5.84405,-0.370203,0.308782,0.113239,-5.87205,-1.99014,-0.00997504,0,2895,-1.04083e-17,-1.04083e-17,4.16334e-17,7.41594e-17,-1.38778e-17,-1.38778e-17,0,0,-1.38778e-17,-2.25514e-17,0,-0.381458,0.416773,0.665743,-0.00456567,3.14159,2.04407,-0.453958,3.09128,0.150294,-0.392699,4.08359,-0.382507,3.03644,-0.000497394,0.523599,0,0,0,0.211416,0.00802469,-0.381458,0.66574,3.28374,2.04407,3.09127,-0.573913,4.08359,3.03639,0.41845,0.0322741,-0.77901,0.438376,-2.72072e-05,0.337711,-0.0292109,0.146155,-0.15152,-0.0425177,0.0556572,0.0145697,1.00056,61.6131,-324.081,-10.3411,-135.352,118.092,48.5519,-103.178,77.1461,33.8999
1.94,-5.87095,-2.00027,0.266982,0.11895,0.0401083,0.7463,-0.351294,-2.08903,0.751967,-14.2519,3.33355,-1.72891,2.07554,-2.50466,3.11331,0.0840046,-0.537978,-3.54535,4.11512,-1.97899,3.05875,-0.395784,0.451101,-4.81409,-2.03041,-7.19692,-0.363896,-7.11,-3.6561,-4.27224,-1.93611,-6.72587,-0.647821,-6.61475,-3.41687,-1.52901,1.14663,0.628655,0.22884,-0.0101621,-0.196786,0.00778771,6.2465,-0.383614,13.912,0.663583,-2.12694,3.28158,1.56294,2.04322,-2.30795,3.09042,0.748345,-0.574765,0.866594,4.0828,-1.98838,3.0356,-0.00293116,0.417638,-0.0614943,1.0529,-0.192012,-1.31498,1.26748,71.4593,11.5096,-22.1076,19.0208,139.826,10.5249,-20.0868,19.0631,34.0931,-46.777,-0.914812,1.73239,-0.00138567,92.6883,-68.9357,21.1091,0,67.9826,-61.054,24.9632,-6.03839,5.93065,5.46605,-7.20738,1.59525,-1.47033,4.44405,-22.9409,14.7293,6.88078,-6.85176,5.1004,-4.66762,-3.8802,2.15225,-1.66233,0.295918,-0.137885,-0.146812,0.717471,-0.744036,0.20528,0.490906,0.573426,-8.23535,0.236431,-722.934,0.343999,30.9041,1.48692,0.566658,54.4464,6.39737,-0.882142,0.307192,0.111198,-5.87121,-1.99011,-0.0101621,0,2899,-3.46945e-18,-2.77556e-17,5.55112e-17,1.84341e-16,0,-1.38778e-17,0,1.38778e-17,0,-1.56125e-17,0,-0.383614,0.6857,0.663584,0.261361,3.14159,2.04322,-0.461579,3.09043,0.149669,-0.392699,4.0828,-0.397629,3.03563,-0.000586232,0.523599,0,0,0,0.224843,0.00778771,-0.383614,0.663583,3.28158,2.04322,3.09042,-0.574765,4.0828,3.0356,0.417638,0.0323206,-0.775953,0.430416,-1.75734e-05,0.237538,-0.0293623,0.143494,-0.148807,-0.0532529,0.0556694,0.0145738,1.00057,-116.636,-523.587,-1.95304,-148.582,124.152,47.8179,-111.075,80.7628,34.2207
1.96,-5.87157,-2.00032,0.273103,0.129523,0.0396591,0.680988,-0.351764,-2.07097,0.741193,-61.3717,3.3277,-1.72538,2.0748,-2.50033,3.11245,0.081598,-0.538728,-3.54608,4.11517,-1.97125,3.05856,-0.391678,0.451141,-4.81473,-2.03092,-7.19672,-0.363206,-7.11124,-3.65583,-4.27283,-1.93688,-6.72588,-0.647486,-6.616,-3.41659,-1.51588,1.15084,0.636166,0.239238,-0.0101915,-0.19574,0.00737342,3.51999,-0.38405,11.1957,0.663148,-2.11556,3.28113,1.54609,2.04251,-2.33492,3.08971,0.746404,-0.57548,0.881729,4.08288,-2.0342,3.03568,-0.00324626,0.417716,-0.0620241,1.05777,-0.191219,-1.32101,1.27078,37.949,10.4093,-19.9898,13.1887,74.0351,9.41822,-17.9665,13.2247,24.757,-28.2852,-0.918551,1.73784,-0.00165095,95.8516,-71.4787,21.438,0,70.8873,-62.5861,26.1115,-6.17571,5.90791,5.8188,-7.51337,1.6341,-1.46401,4.56685,-22.9865,14.7957,6.89215,-6.98116,5.08585,-4.69186,-3.88632,2.14098,-1.6945,0.295779,-0.138754,-0.146918,0.713705,-0.740108,0.205754,0.306072,0.52863,-3.2656,1.13209,-3073.22,0.176543,31.0833,1.36707,-0.0367704,54.8359,6.60142,-0.640849,0.306218,0.110692,-5.87184,-1.99013,-0.0101915,0,2896,-1.38778e-17,-1.38778e-17,1.38778e-17,-3.7161e-17,0,1.38778e-17,2.77556e-17,0,-4.16334e-17,-2.94903e-17,0,-0.38405,0.549916,0.66314,0.138462,3.14159,2.04251,-0.466981,3.08971,0.149281,-0.392699,4.08288,-0.406803,3.03571,-0.000649252,0.523599,0,0,0,0.234696,0.00737342,-0.38405,0.663148,3.28113,2.04251,3.08971,-0.57548,4.08288,3.03568,0.417716,0.0322857,-0.777195,0.42817,-1.35831e-05,0.107532,-0.0293837,0.142741,-0.148022,-0.064344,0.0556603,0.0145707,1.00057,-28.2566,-428.043,-5.78462,-165.077,130.773,46.8194,-117.791,83.2892,34.2563
1.98,-5.87331,-1.99982,0.271486,0.133589,0.0391651,0.632113,-0.350469,-1.97479,0.742067,-521.198,3.32716,-1.72722,2.07366,-2.4979,3.11135,0.0728274,-0.539883,-3.55663,4.11386,-1.99086,3.05726,-0.409592,0.449825,-4.81631,-2.03191,-7.19746,-0.361747,-7.114,-3.65429,-4.27454,-1.93717,-6.72695,-0.646564,-6.61844,-3.41572,-1.41829,1.15333,0.616574,0.245826,-0.0096358,-0.190995,0.00698408,2.58559,-0.38265,10.2716,0.664548,-2.10374,3.28254,1.50895,2.04148,-2.32452,3.08868,0.74006,-0.576514,0.874847,4.08167,-2.0433,3.03448,-0.00158258,0.416486,-0.0623485,1.06093,-0.185724,-1.32493,1.27404,27.7745,10.0712,-19.3458,11.7151,53.358,9.05871,-17.2878,11.7472,21.6309,-21.5418,-0.916151,1.73411,-0.00162929,95.3215,-72.9758,21.6923,0,71.9892,-61.9309,26.741,-6.26966,5.8488,5.86097,-7.70413,1.66565,-1.44834,4.64909,-23.0573,14.8252,6.95829,-7.10436,5.12427,-4.71227,-3.93155,2.16948,-1.72757,0.301825,-0.141349,-0.150979,0.723197,-0.750351,0.206059,-0.0808543,0.2033,-2.44377,5.94079,-26060.9,-0.09234,31.1479,0.927573,-0.52733,53.7901,5.7047,-0.560388,0.303399,0.112247,-5.87372,-1.99019,-0.0096358,0,2887,-6.93889e-18,-1.38778e-17,4.16334e-17,-1.24141e-16,1.38778e-17,1.38778e-17,1.38778e-17,-4.16334e-17,-5.55112e-17,-5.0307e-17,0,-0.38265,0.503828,0.664543,0.0958164,3.14159,2.04148,-0.464907,3.08868,0.148012,-0.392699,4.08167,-0.408655,3.03448,-0.000316516,0.523599,0,0,0,0.240922,0.00698408,-0.38265,0.664548,3.28254,2.04148,3.08868,-0.576514,4.08167,3.03448,0.416486,0.032181,-0.786302,0.433893,-1.73014e-06,0.0189763,-0.0301958,0.144639,-0.15007,-0.0797307,0.0556329,0.0145615,1.00054,-0.417103,-398.005,-7.56047,-192.031,140.536,44.846,-122.438,84.0699,34.6999
