t,x,y,theta0,phi1,theta1,phi2,theta2,phi3,theta3,phi4,theta4,phi5,theta5,phi6,theta6,phi7,theta7,phi8,theta8,phi9,theta9,phi10,theta10,x1,Y1,x2,y2,x3,y3,Trix[1],Triy[1],Trix[2],Triy[2],Trix[3],Triy[3],varphi1,varphi2,varphi3,z21,z22,z31,z32,z41,z42,z51,z52,z61,z62,z71,z72,z81,z82,z91,z92,z101,z102,z111,z112,z121,z122,al21,al22,al31,al32,al33,al41,al42,al43,al44,al51,al52,al53,al54,al55,al61,al62,al63,al66,al71,al72,al73,al76,al77,al81,al82,al83,al88,al91,al92,al93,al99,al101,al102,al103,al1010,al111,al112,aL113,al1110,al1111,al121,al122,al123,al1210,al1211,al1212,u1,u2,u3,u4,u5,u6,u7,u8,u9,u10,u11,u12,v1,v2,v3,PSx,PSy,d,d0d,Q,nh1,nh2,nh3,nh4,nh5,nh6,nh7,nh8,nh9,nh10,thetap1d,thetap2d,dthetap2d,thetap3d,dthetap3d,thetap4d,thetap5d,dthetap5d,thetap6d,dthetap6d,thetap7d,thetap8d,dthetap8d,thetap9d,dthetap9d,thetap10d,deltap1d,delta2d,delta3d,thetap0,thetap1,thetap2,thetap3,thetap4,thetap5,thetap6,thetap7,thetap8,thetap9,thetap10,thetaT,K81,K82,K83,K84,K91,K92,K93,K94,sr.Cs, sr.Cs1, 1 - sr.d*sr.Cs,nu1,nu2,nu3,nu4,nu5,nu6,nu7,nu8,nu9,nu10,nu11,nu12,lambda1,lambda2,lambda3,lambda4,lambda5,lambda6,lambda7,lambda8,lambda9,lambda10,lambda11,lambda12,lambda13,lambda14,lambda15,lambda16,lambda17,lambda18,Q_phiR1, Q_varphiR1, Q_phiF1, Q_varphiF1, Q_phiR2, Q_varphiR2, Q_phiF2, Q_varphiF2, Q_phiR3, Q_varphiR3, Q_phiF3, Q_varphiF3
0,-6.5,-2.00064,0,0,-2.65047e-05,0.523599,-0.523598,-0.523601,0.5236,-2.2451e-05,3.14159,-2.61799,2.2252,-3.2724,3.2724,0.392704,-0.392796,-3.66519,4.18959,-3.14239,3.14239,-0.523621,0.52439,0,0,0,0,0,0,0,0,0,0,0,0,0,0,0,0,0,0,0,0,0,0,0,0,0,0,0,0,0,0,0,0,0,0,0,0,0,0,0,0,0,0,0,0,0,0,0,0,0,0,0,0,0,0,0,0,0,0,0,0,0,0,0,0,0,0,0,0,0,0,0,0,0,0,0,0,0,0,0,0,0,0,0,0,0,0,0,0,0,0,0,0,0,0,0,0,0,0,0,0,0,0,0,0,0,0,0,0,0,0,0,0,0,0,0,0,0,0,3.14159,0,0,0,0,-0.392699,0,0,0,0,0.523599,0,0,0,0,0,0,0,0,0,0,0,0,0,0,0,0,0,0,0,0,0,0,0,0,0,1,0,0,0,0,0,0,0,0,0,0,0,0,0,0,0,0,0,0,0,0,0,0,0,0,0,0,0,0,0,0,0,0,0,0,0,0,0,0,0,0,0,0
0.04,-6.5,-2.00064,0.00453404,0.0199127,-2.65047e-05,0.561406,-0.523598,-0.476388,0.523598,0.0198468,3.14167,-2.16454,2.2252,-3.15201,3.28487,0.408885,-0.392731,-4.4161,4.18959,10.1318,3.12833,23.0273,0.524366,-5.45,-2.00068,-7.80808,-0.40445,-7.77614,-3.66163,-4.9,-2.00068,-7.29997,-0.614976,-7.30004,-3.38626,0.0471338,0.525587,12.7358,0,-0.000637458,-0.0474405,-2.65047e-05,-0.0469273,-0.523598,-0.0476567,0.5236,-0.0473846,3.14159,-3.45031,2.2252,2.04163,3.2724,-0.0473821,-0.392796,4.40292,4.18959,-2.26959,3.14239,-0.0474061,0.52439,-0.0474088,1.00003,-0.0118406,-1.25004,1.25004,-0.00694208,8.88916,-17.7783,8.88943,-0.0174701,-4.44459,8.88919,-8.88946,4.44501,-0.0121016,1.31684e-05,-2.6338e-05,-1.11118,-27.9585,-22.3174,14.1052,0,6.2478,10.3005,5.93694,-4.77752,0.884474,0.559586,-0.000341612,0.000148839,-0.273992,34.2305,-23.0985,15.4038,5.12504,0.0660085,3.83482,-3.84193,-2.55897,-0.00515949,0.00341869,-0.00341742,0.00170993,0.00113675,-0.00171985,0.00171909,0.150005,0.113351,0.497819,0.945188,1.18033,0.496731,11.3363,3.00965,0.404528,-18.7726,331.855,588.774,0,0,-0,-6.5,-2,-0.000637458,0,0,-0,0,-0,0,-0,0,-0,0,0,0,0,-0.523598,-0.00713916,0.5236,-0.00710769,3.14159,2.2252,0.306245,3.2724,-0.00710731,-0.392699,4.18959,-0.34045,3.14238,-0.00711091,0.523599,0,0,0,0,-2.65047e-05,-0.523598,0.5236,3.14159,2.2252,3.2724,-0.392796,4.18959,3.14239,0.52439,0,-0.383858,-0.000773941,-8.53261e-09,0.164698,0.000170512,-0.000257978,0.000257863,0.000146501,0.0474074,0.0117992,1.00003,1.50378,0,0,0,23.6066,9.93461,0,60.193,8.09055,0,6637.09,11775.5,-0.000122037,-84.0801,-0.00186111,-84.0801,-2.14426,-37.8622,-2.14619,-37.8629,2.14394,-20.9354,2.14439,-20.9352,168.154,0.000142656,-10.3529,4.28949,-7.42362,-4.29386,1.05318,15.1221,2.50257,15.122,0.857689,7.33199,6.38113,6.43158,1248.33,4.30423,703.606,3.33862
0.08,-6.50001,-2.00078,0.00817741,0.032705,-3.40124e-05,0.583001,-0.523598,-0.463208,0.522534,0.0313768,3.14167,-2.22345,2.2252,-3.26816,3.26911,0.37128,-0.392717,-4.29067,4.18982,-3.17379,3.16023,-0.541705,0.52466,-5.45001,-2.00083,-7.80807,-0.404582,-7.77609,-3.66187,-4.90001,-2.00083,-7.29996,-0.615108,-7.30005,-3.38639,0.0592447,0.393664,-0.538222,0.00453424,-0.000775919,-0.0282226,-3.40124e-05,-0.0237992,-0.523598,-0.227603,0.5236,-0.047386,3.14159,0.913027,2.2252,-0.595069,3.2724,-0.0472785,-0.392797,-5.8421,4.18982,2.8864,3.14262,-0.0503598,0.524617,-0.0474111,1.00006,0.0121768,-1.25007,1.25054,-0.145904,9.08785,-18.1825,9.11464,-0.851859,-4.64317,9.28984,-9.11468,4.56229,-0.207977,1.26405e-05,-2.5292e-05,-1.08855,13.0628,-26.0243,12.294,0,14.7834,-11.191,8.21253,-3.66402,4.61974,-0.795468,-0.00042349,0.000100229,-1.4311,-152.945,-41.145,15.4563,45.4227,131.812,12.8372,-3.86347,-22.6709,8.96978,8.73379,-0.00953675,0.00221192,0.0129479,2.98998,-2.98827,0.150007,0.0910842,0.319805,0.539874,1.50983,0.784984,-1.47281,0.10581,-0.535662,3.13561,-0.779173,-0.451878,0.153974,0.178496,0.349556,-6.5,-2,-0.000775919,0,0,4.33681e-19,6.07153e-18,5.40629e-18,-2.25019e-17,-1.9082e-17,-2.08167e-17,-1.19432e-17,-1.38778e-17,-1.38778e-17,2.29309e-17,0,-0.523598,-0.027383,0.5236,-0.00710782,3.14159,2.2252,-0.0892606,3.27239,-0.00709178,-0.392699,4.18982,0.432975,3.14261,-0.00755397,0.523599,0,0,0,0.00453404,-3.40124e-05,-0.523598,0.5236,3.14159,2.2252,3.2724,-0.392797,4.18982,3.14262,0.524617,0,-3.40075,1.3455,1.48076e-05,3.62817,0.00194219,0.448497,-0.448241,0.196486,0.0474074,0.0117992,1.00004,1.50228,-1.13349,-5.05785,-10.2494,38.4661,23.73,-202.497,118.918,108.402,95.0022,-195.317,-115.288,0.0031092,61.135,0.00135288,61.135,32.4776,-173.836,32.4677,-173.84,-32.7663,-207.628,-32.5612,-207.743,-120.021,-9.00486e-05,156.807,-64.9695,113.44,65.6488,2.51564,-8.11298,4.07783,-8.06992,11.4918,29.4814,12.6066,29.8,-12.2219,35.1047,-20.7058,37.1325
0.12,-6.50001,-2.00081,0.0106143,0.0405674,-3.60535e-05,0.595746,-0.523598,-0.45568,0.521974,0.0379686,3.14168,-2.2401,2.2252,-3.27474,3.27194,0.363467,-0.392716,-4.22546,4.18988,-3.15749,3.14805,-0.540097,0.524711,-5.45001,-2.00087,-7.80807,-0.404618,-7.77608,-3.66194,-4.90001,-2.00087,-7.29996,-0.615144,-7.30006,-3.38643,0.0662113,0.389909,-0.534151,0.00817791,-0.000813568,-0.0167775,-3.60535e-05,-0.0263284,-0.523598,-0.322656,0.5236,-0.0473865,3.14159,0.180674,2.2252,-0.124059,3.2724,-0.0472981,-0.392797,-1.71462,4.18988,0.847471,3.14268,-0.0493163,0.52468,-0.0474155,1.00011,0.0264765,-1.25013,1.25139,-0.382004,9.20591,-18.4303,9.25053,-1.14073,-4.76101,9.53159,-9.25057,4.61572,-0.307573,1.24725e-05,-2.49715e-05,-1.07447,3.16012,-25.3151,12.6507,0,12.4363,-2.17577,7.77678,-3.88041,3.91015,-0.104709,-0.000406742,0.000109045,-1.21129,-32.1354,-34.1493,15.4518,23.253,23.4248,9.34334,-3.85778,-11.6045,5.45629,1.61024,-0.00801712,0.00234822,0.00704533,1.8188,-1.81769,0.150011,0.060922,0.19656,0.31861,1.69805,0.949779,-0.416253,-0.0586701,-0.730991,1.63029,-0.370222,-0.411674,0.155776,0.151078,0.212633,-6.5,-2,-0.000813568,0,0,8.67362e-19,-3.46945e-18,-2.63766e-18,-1.46579e-17,-1.24141e-17,-1.12757e-17,-1.89701e-17,-1.38778e-17,-1.38778e-17,-3.99257e-17,0,-0.523598,-0.0380765,0.523599,-0.00710786,3.14159,2.2252,-0.0186088,3.27239,-0.00709472,-0.392699,4.18988,0.127125,3.14267,-0.00739745,0.523599,0,0,0,0.00817741,-3.60535e-05,-0.523598,0.5236,3.14159,2.2252,3.2724,-0.392797,4.18988,3.14268,0.52468,0,-1.74074,0.818462,9.00709e-06,0.5614,0.0010568,0.27282,-0.272654,0.0362263,0.0474074,0.0117992,1.00004,1.50392,-0.910722,-3.24527,-5.33729,39.0885,23.9617,28.6532,-7.98479,-22.5597,-52.0516,0.40635,-8.0879,0.00252992,36.1418,0.000782863,36.1418,26.2346,-149.355,26.2262,-149.358,-26.8052,-155.837,-26.6696,-155.913,-69.0716,-4.97773e-05,126.665,-52.4808,92.794,53.7084,2.54021,-4.11059,4.14382,-4.04911,-2.39158,25.5078,-0.846477,25.5792,-0.857408,26.7538,0.0430776,27.316
0.16,-6.49917,-2.0009,0.0126828,0.0459677,-1.70535e-05,0.604123,-0.523594,-0.450361,0.521658,0.0420137,3.14168,-2.24371,2.22518,-3.27589,3.27259,0.361002,-0.392717,-4.21057,4.18975,-3.15384,3.1439,-0.543797,0.52465,-5.44917,-2.00093,-7.80726,-0.404726,-7.77522,-3.66203,-4.89917,-2.00093,-7.29915,-0.615248,-7.29919,-3.38653,0.071214,0.389418,-0.534586,0.0105725,-0.00090198,-0.00996907,-5.97227e-05,-0.0312171,-0.523637,-0.377103,0.523561,-0.0473976,3.14155,0.0170046,2.22514,-0.0118749,3.27234,-0.0473079,-0.392843,-0.347179,4.18971,0.176671,3.14251,-0.0488209,0.52457,-0.0474305,1.00015,0.0349935,-1.2502,1.25211,-0.557349,9.27736,-18.5832,9.33461,-1.26755,-4.83225,9.67937,-9.33466,4.64435,-0.363245,1.2287e-05,-2.46142e-05,-1.06591,1.24685,-25.136,12.7477,0,11.8477,-0.502252,7.66594,-3.9374,3.72775,0.0291403,-0.000425557,0.000117744,-1.15478,-4.65402,-31.8707,15.4506,17.8727,3.48547,8.20945,-3.85678,-8.92141,4.30842,0.310683,-0.00681849,0.00218371,0.00503989,1.43617,-1.43536,0.150015,0.0517127,0.135009,0.209446,1.83107,1.05079,-0.0901081,-0.0878023,-0.792566,0.372295,-0.28201,-0.504035,0.156742,0.14403,0.1679,-6.4991,-2,-0.00090198,0,4,-8.67362e-19,-1.73472e-18,-6.03207e-19,6.03087e-19,2.51535e-17,2.51535e-17,2.67273e-17,-3.38271e-17,-3.29597e-17,-4.42083e-17,0,-0.523637,-0.0442028,0.523555,-0.00710951,3.14159,2.22514,-0.00178146,3.27235,-0.00709618,-0.392699,4.18971,0.0264948,3.14256,-0.00732314,0.523599,0,0,0,0.0105716,-5.97227e-05,-0.523637,0.523561,3.14155,2.22514,3.27234,-0.392843,4.18971,3.14251,0.52457,4.26693e-05,-1.33798,0.646189,-3.71333e-05,0.0679505,0.000755984,0.215426,-0.215304,0.00698169,0.047418,0.0118027,1.00004,1.10839,-0.608792,-1.99309,-3.05376,39.6923,23.9947,7.946,-3.27319,-17.7994,-35.6264,-4.9257,-13.1663,-0.0129667,21.3027,-0.0157005,21.3027,17.8738,-104.035,17.8658,-104.038,-18.5461,-100.531,-18.4833,-100.565,-39.6551,6.33519e-05,86.3011,-35.7573,64.1842,37.1436,2.5437,-2.17443,4.20783,-2.11797,-1.88693,17.8078,-0.346994,17.8147,-1.39577,17.3884,-0.522179,17.4066
0.2,-6.49684,-2.00099,0.014585,0.0504509,-2.29455e-05,0.610977,-0.523602,-0.445181,0.521441,0.0450702,3.14168,-2.24472,2.22519,-3.2758,3.27272,0.359205,-0.392716,-4.20886,4.1896,-3.15226,3.14296,-0.547121,0.524489,-5.44684,-2.00103,-7.80492,-0.404808,-7.77295,-3.66203,-4.89684,-2.00103,-7.29681,-0.615336,-7.29687,-3.38662,0.0761717,0.389638,-0.533793,0.0125347,-0.000994749,-0.00582559,-0.000172311,-0.0341593,-0.523752,-0.413056,0.523446,-0.0474639,3.14144,-0.00851833,2.22504,0.00866848,3.27223,-0.0473233,-0.392953,-0.0725412,4.18945,0.0444236,3.14225,-0.0485335,0.52429,-0.0474616,1.0002,0.0401959,-1.25027,1.2527,-0.665791,9.32518,-18.6868,9.39253,-1.35552,-4.87973,9.77865,-9.39248,4.6634,-0.399447,-1.16957e-05,2.34437e-05,-1.06031,1.0014,-25.0988,12.7722,0,11.6909,-0.25713,7.64286,-3.95072,3.68222,0.0520776,-0.000473356,0.000131867,-1.14067,0.166604,-31.4258,15.4527,16.976,0.426625,7.99107,-3.85804,-8.47607,4.09281,0.11498,-0.00546848,0.00178385,0.00391158,1.3643,-1.36367,0.150019,0.0475551,0.112078,0.171346,1.96032,1.1262,-0.0251711,-0.0853484,-0.83731,0.0426124,-0.246376,-0.58701,0.157386,0.142271,0.159497,-6.49685,-2,-0.000994749,0,14,1.73472e-18,-1.73472e-18,-3.19752e-18,3.81427e-17,-1.64799e-17,-1.64799e-17,-1.73184e-17,-1.30104e-17,-1.38778e-17,-2.0112e-17,0,-0.523752,-0.0482481,0.523446,-0.00711973,3.14159,2.22504,0.00130015,3.27224,-0.00709849,-0.392699,4.18945,0.00666212,3.14228,-0.00728003,0.523599,0,0,0,0.0125334,-0.000172311,-0.523752,0.523446,3.14144,2.22504,3.27223,-0.392953,4.18945,3.14225,0.52429,0.000149365,-1.27128,0.61388,-2.07059e-05,0.00241463,0.000586736,0.204646,-0.204551,0.00257802,0.0474446,0.0118116,1.00005,0.791624,-0.580342,-1.41223,-1.8798,44.0427,26.3922,1.35416,-2.38395,-18.2441,-8.68139,-5.23283,-13.5581,-0.0872929,35.2164,-0.0268124,35.2164,17.4653,-85.1038,17.4503,-85.1099,-18.1325,-80.0935,-18.1109,-80.1048,-67.9572,0.000211808,84.3402,-34.9452,62.7684,36.3097,2.79787,-4.75214,4.66902,-4.70476,-1.93408,14.437,-0.252726,14.4407,-1.43731,13.7516,-0.554739,13.7444
0.24,-6.49351,-2.00109,0.0164091,0.0546731,-2.4264e-05,0.61746,-0.523603,-0.439852,0.521266,0.0474587,3.14169,-2.24523,2.22518,-3.27511,3.27274,0.357279,-0.392712,-4.20867,4.18944,-3.1505,3.14271,-0.549679,0.524336,-5.44351,-2.00112,-7.80158,-0.404897,-7.76966,-3.66204,-4.89351,-2.00113,-7.29347,-0.615427,-7.29354,-3.38671,0.0813199,0.390343,-0.532128,0.0142772,-0.00108756,-0.0026281,-0.000333735,-0.0358347,-0.523913,-0.442932,0.523285,-0.0475026,3.14128,-0.0107756,2.22488,0.0126571,3.27207,-0.047355,-0.393116,-0.0368255,4.18913,0.0291753,3.14194,-0.0483373,0.523963,-0.0475061,1.00026,0.0442292,-1.25034,1.25325,-0.745166,9.36483,-18.7734,9.44185,-1.43737,-4.91904,9.86133,-9.44178,4.67968,-0.429301,-1.10523e-05,2.21684e-05,-1.05577,1.01929,-25.0896,12.783,0,11.6182,-0.240197,7.63673,-3.95563,3.66251,0.0562848,-0.000507487,0.000141678,-1.13456,0.815858,-31.374,15.455,16.9303,0.0495632,7.96905,-3.85958,-8.45557,4.07913,0.0936609,-0.00428713,0.00140137,0.00306533,1.35975,-1.35925,0.150023,0.0456031,0.105556,0.162071,2.09351,1.18588,-0.0129464,-0.0682367,-0.885336,0.00480824,-0.206301,-0.650853,0.157935,0.141509,0.158964,-6.49348,-2,-0.00108756,0,29,1.73472e-18,-1.73472e-18,-2.45798e-19,-1.72892e-17,1.82146e-17,1.82146e-17,1.32883e-17,2.08167e-17,2.1684e-17,3.97089e-17,0,-0.523913,-0.0516107,0.523285,-0.00712554,3.14159,2.22488,0.00189848,3.27208,-0.00710325,-0.392699,4.18913,0.00437549,3.14196,-0.00725059,0.523599,0,0,0,0.0142755,-0.000333735,-0.523913,0.523285,3.14128,2.22488,3.27207,-0.393116,4.18913,3.14194,0.523963,0.000309471,-1.26825,0.611841,-1.41301e-05,-0.00501428,0.0004598,0.203962,-0.203888,0.00210023,0.0474845,0.011825,1.00005,0.588874,-0.61037,-1.26862,-1.49969,48.8501,28.9877,0.0211933,-2.02809,-19.6687,-1.24153,-4.64502,-14.6527,-0.178442,49.9888,-0.0250276,49.9888,18.6313,-76.5986,18.6051,-76.6094,-19.2777,-70.004,-19.283,-69.9999,-97.8343,0.000399049,89.97,-37.2781,66.7388,38.5916,3.07302,-7.34079,5.17866,-7.29977,-2.0851,12.8593,-0.215,12.8643,-1.55335,11.9044,-0.492424,11.898
0.28,-6.48953,-2.00118,0.0182082,0.0589438,-2.71794e-05,0.624082,-0.523604,-0.434202,0.5211,0.0496414,3.1417,-2.24576,2.22518,-3.27427,3.27275,0.355029,-0.392706,-4.20867,4.18928,-3.1486,3.14253,-0.552324,0.524185,-5.43953,-2.00122,-7.7976,-0.404986,-7.76573,-3.66205,-4.88953,-2.00122,-7.28949,-0.615517,-7.28956,-3.3868,0.0867943,0.391181,-0.530253,0.0159097,-0.00118171,0.00033226,-0.000528874,-0.0367935,-0.524106,-0.471558,0.523092,-0.0475482,3.14109,-0.00865699,2.22468,0.0135372,3.27188,-0.0473964,-0.39331,-0.028418,4.18878,0.0271428,3.14158,-0.0481559,0.523604,-0.0475588,1.00031,0.0479747,-1.25042,1.2538,-0.813953,9.40273,-18.8567,9.49016,-1.52232,-4.95658,9.94061,-9.49005,4.69565,-0.457688,-9.66075e-06,1.93909e-05,-1.05152,1.08534,-25.0856,12.7913,0,11.5622,-0.265178,7.63378,-3.95902,3.64794,0.0570415,-0.000534955,0.000149534,-1.13004,1.0004,-31.3657,15.4573,16.9757,-0.0398828,7.96892,-3.86122,-8.48068,4.08787,0.0908514,-0.00312669,0.00102229,0.00224266,1.36266,-1.3623,0.150027,0.0449769,0.106768,0.165549,2.23468,1.24043,-0.0131829,-0.0472732,-0.941474,-4.88417e-05,-0.162901,-0.71689,0.158474,0.140946,0.159304,-6.48943,-2,-0.00118171,0,47,1.73472e-18,1.73472e-18,3.44827e-18,1.41455e-17,-8.67362e-18,-8.67362e-18,-8.45678e-18,-6.07153e-18,-5.63785e-18,-1.02186e-17,0,-0.524106,-0.0548332,0.523092,-0.00713236,3.14159,2.22468,0.0020305,3.27188,-0.00710946,-0.392699,4.18878,0.00407069,3.1416,-0.00722339,0.523599,0,0,0,0.0159074,-0.000528874,-0.524106,0.523092,3.14109,2.22468,3.27188,-0.39331,4.18878,3.14158,0.523604,0.000501695,-1.27202,0.613154,-1.31818e-05,-0.00853015,0.000336399,0.204399,-0.204345,0.00203943,0.0475323,0.011841,1.00006,0.457662,-0.654141,-1.3043,-1.46314,53.4114,31.317,-0.286735,-1.70429,-21.227,-0.427129,-3.91765,-16.278,-0.264539,62.5867,-0.0212584,62.5867,20.1189,-72.8474,20.0835,-72.8621,-20.7476,-64.6714,-20.7761,-64.6542,-123.238,0.000565214,97.151,-40.2537,71.8387,41.5247,3.31995,-9.50199,5.66221,-9.46495,-2.2503,12.1185,-0.180673,12.1244,-1.72565,10.9004,-0.415315,10.8916
0.32,-6.48512,-2.00127,0.0200051,0.0633139,-3.02302e-05,0.630882,-0.523604,-0.428422,0.520931,0.0517485,3.14171,-2.24638,2.22518,-3.27343,3.27275,0.352599,-0.392699,-4.20877,4.18911,-3.14671,3.14236,-0.555066,0.524036,-5.43512,-2.00132,-7.79319,-0.405076,-7.76138,-3.66206,-4.88512,-2.00132,-7.28508,-0.615607,-7.28516,-3.38689,0.0923941,0.392018,-0.528389,0.0175063,-0.00127715,0.00338415,-0.000734943,-0.0375417,-0.524309,-0.500955,0.522888,-0.0475966,3.14088,-0.00533148,2.22448,0.0140614,3.27167,-0.0474413,-0.393515,-0.021769,4.18841,0.0263689,3.14121,-0.0479787,0.523236,-0.0476147,1.00037,0.0518384,-1.25051,1.25441,-0.883264,9.44185,-18.9432,9.54093,-1.61104,-4.99528,10.0227,-9.54078,4.71218,-0.486601,-8.35812e-06,1.6789e-05,-1.04718,1.16662,-25.0816,12.8003,0,11.506,-0.300361,7.6308,-3.9626,3.63388,0.0574027,-0.000559218,0.00015652,-1.12568,1.15702,-31.3632,15.4603,17.0324,-0.109882,7.97161,-3.86301,-8.51142,4.09862,0.0897847,-0.00197862,0.000646944,0.00142426,1.36625,-1.36602,0.150032,0.0449216,0.109252,0.170006,2.37908,1.29307,-0.0154877,-0.0262807,-1.00213,-0.00235226,-0.119933,-0.785373,0.159032,0.140402,0.159723,-6.48516,-1.99999,-0.00127715,0,66,0,3.46945e-18,2.55423e-18,1.51018e-17,-8.67362e-18,-8.67362e-18,-1.75641e-17,-1.30104e-18,-1.30104e-18,-1.27462e-17,0,-0.524309,-0.0581424,0.522889,-0.00713961,3.14159,2.22448,0.00210913,3.27168,-0.0071162,-0.392699,4.18841,0.0039546,3.14123,-0.0071968,0.523599,0,0,0,0.0175035,-0.000734943,-0.524309,0.522888,3.14088,2.22448,3.27167,-0.393515,4.18841,3.14121,0.523236,0.000704713,-1.27663,0.614767,-1.33751e-05,-0.0116321,0.000213639,0.204937,-0.204903,0.00201742,0.0475829,0.0118579,1.00006,0.369841,-0.704059,-1.42393,-1.58355,57.7234,33.4487,-0.363833,-1.39589,-22.7875,-0.402717,-3.19505,-17.9461,-0.342131,73.6268,-0.0181172,73.6268,21.7435,-71.8382,21.701,-71.8558,-22.3622,-62.1905,-22.4069,-62.164,-145.465,0.000685791,104.994,-43.5035,77.439,44.7447,3.54594,-11.3657,6.11933,-11.3315,-2.41573,11.8625,-0.14798,11.8692,-1.90249,10.4028,-0.338711,10.3916
0.36,-6.48042,-2.00136,0.0218192,0.0678807,-3.40612e-05,0.638034,-0.523604,-0.422304,0.520758,0.0538032,3.14172,-2.24715,2.22518,-3.27257,3.27275,0.349827,-0.392691,-4.20899,4.18895,-3.14484,3.14219,-0.55805,0.523887,-5.43042,-2.00142,-7.78849,-0.405165,-7.75673,-3.66207,-4.88042,-2.00142,-7.28038,-0.615697,-7.28047,-3.38698,0.0983264,0.392869,-0.526533,0.0190794,-0.00137409,0.00655964,-0.0009633,-0.0384408,-0.524534,-0.531115,0.522664,-0.0476503,3.14066,-0.00167198,2.22425,0.0147804,3.27145,-0.047492,-0.393741,-0.0150978,4.18802,0.0259796,3.14082,-0.0478064,0.522847,-0.0476764,1.00043,0.0558631,-1.25061,1.25508,-0.957267,9.48245,-19.0335,9.59437,-1.69954,-5.0354,10.1082,-9.59417,4.72906,-0.515988,-7.00191e-06,1.40765e-05,-1.04271,1.25346,-25.0767,12.8102,0,11.4468,-0.337631,7.62728,-3.96666,3.61936,0.0579734,-0.000582065,0.000163159,-1.12118,1.31644,-31.3634,15.464,17.0947,-0.179293,7.97566,-3.865,-8.54502,4.11004,0.0892467,-0.000835237,0.000273088,0.000603495,1.37006,-1.36996,0.150037,0.0453542,0.11417,0.178795,2.5319,1.34438,-0.0193528,-0.00491131,-1.07134,-0.0054522,-0.0771801,-0.859909,0.159602,0.139841,0.160168,-6.48045,-1.99999,-0.00137409,0,87,0,0,2.55507e-18,1.51644e-17,8.67362e-18,8.67362e-18,1.09538e-17,1.60462e-17,1.64799e-17,3.79301e-17,0,-0.524534,-0.0615379,0.522665,-0.00714766,3.14159,2.22425,0.00221697,3.27145,-0.00712381,-0.392699,4.18802,0.00389619,3.14084,-0.00717096,0.523599,0,0,0,0.0190758,-0.0009633,-0.524534,0.522664,3.14066,2.22425,3.27145,-0.393741,4.18802,3.14082,0.522847,0.000929239,-1.28167,0.616478,-1.38677e-05,-0.0155391,9.05242e-05,0.205509,-0.205494,0.00200705,0.0476389,0.0118767,1.00007,0.310005,-0.754459,-1.55898,-1.72669,61.9526,35.3989,-0.380074,-1.05906,-24.4305,-0.432463,-2.45945,-19.6638,-0.411754,83.2718,-0.0157007,83.2718,23.3582,-72.3441,23.3102,-72.3639,-23.9756,-61.4143,-24.0319,-61.3811,-164.843,0.000751595,112.789,-46.7336,83.0356,47.9603,3.75268,-12.975,6.56767,-12.9425,-2.5899,11.8784,-0.112273,11.8857,-2.08458,10.2107,-0.260729,10.1974
0.4,-6.47553,-2.00146,0.0236583,0.0726385,-3.83799e-05,0.645501,-0.523604,-0.415984,0.520577,0.0558299,3.14173,-2.24808,2.22518,-3.27175,3.27276,0.346816,-0.392683,-4.20932,4.18878,-3.14301,3.14203,-0.561174,0.52374,-5.42553,-2.00152,-7.78359,-0.405254,-7.75189,-3.66208,-4.87553,-2.00152,-7.27548,-0.615787,-7.27559,-3.38707,0.104452,0.393689,-0.524722,0.020659,-0.00147256,0.00996002,-0.00120299,-0.0394924,-0.524769,-0.562821,0.522429,-0.0477069,3.14042,0.00239699,2.22401,0.0158825,3.27121,-0.0475457,-0.393978,-0.00806311,4.18762,0.0260367,3.14042,-0.0476364,0.522448,-0.0477413,1.0005,0.0601734,-1.25072,1.25583,-1.03814,9.5256,-19.1301,9.65206,-1.78998,-5.07803,10.1994,-9.6518,4.74674,-0.546582,-5.7291e-06,1.15281e-05,-1.038,1.34795,-25.0704,12.8218,0,11.3822,-0.377203,7.62281,-3.97146,3.60389,0.0589492,-0.00060435,0.000169716,-1.11638,1.48598,-31.3675,15.4687,17.1654,-0.251157,7.98155,-3.86724,-8.58278,4.12235,0.089329,0.000303908,-9.93541e-05,-0.000220486,1.37416,-1.3742,0.150043,0.0459776,0.118945,0.186674,2.68978,1.39498,-0.0231343,0.0156262,-1.14651,-0.00828423,-0.0356129,-0.93793,0.160199,0.139243,0.160647,-6.47551,-1.99999,-0.00147256,0,109,-3.46945e-18,0,4.5545e-18,-2.23405e-17,-7.80626e-18,-8.23994e-18,2.10064e-19,8.67362e-19,-8.67362e-19,3.9675e-18,0,-0.524769,-0.0651073,0.52243,-0.00715613,3.14159,2.22401,0.00238229,3.27121,-0.00713186,-0.392699,4.18762,0.00390472,3.14044,-0.00714546,0.523599,0,0,0,0.0206546,-0.00120299,-0.524769,0.522429,3.14042,2.22401,3.27121,-0.393978,4.18762,3.14042,0.522448,0.00116461,-1.28733,0.618324,-1.46715e-05,-0.0191789,-3.30729e-05,0.206125,-0.20613,0.00201023,0.0476976,0.0118964,1.00007,0.268916,-0.806164,-1.72195,-1.93079,66.1521,37.2656,-0.369309,-0.744561,-26.1551,-0.457256,-1.75681,-21.4184,-0.475501,92.1114,-0.0140045,92.1115,24.9985,-73.9514,24.9462,-73.9731,-25.6222,-61.8321,-25.6871,-61.7941,-182.585,0.00076577,120.709,-50.0154,88.7472,51.2398,3.95057,-14.4346,7.01286,-14.4032,-2.77274,12.0903,-0.0789318,12.0984,-2.2706,10.2314,-0.186241,10.2163
0.44,-6.47051,-2.00155,0.025523,0.0775226,-4.32636e-05,0.653143,-0.523604,-0.409638,0.520388,0.0578261,3.14175,-2.2491,2.22518,-3.27098,3.27277,0.343711,-0.392674,-4.20971,4.18862,-3.14124,3.14187,-0.564311,0.523594,-5.42051,-2.00162,-7.77856,-0.405344,-7.74692,-3.66209,-4.87051,-2.00162,-7.27045,-0.615877,-7.27057,-3.38716,0.110597,0.394463,-0.522968,0.0222635,-0.00157263,0.0135718,-0.00144341,-0.0408526,-0.525004,-0.59583,0.522194,-0.0477636,3.14019,0.00668859,2.22378,0.0174069,3.27097,-0.0475995,-0.394214,-0.000826031,4.18722,0.0265454,3.14002,-0.0474657,0.522048,-0.0478068,1.00057,0.0647503,-1.25084,1.25667,-1.12729,9.57119,-19.2329,9.71384,-1.87971,-5.12303,10.2961,-9.71351,4.76499,-0.578097,-4.49118e-06,9.04588e-06,-1.03306,1.4477,-25.0627,12.8351,0,11.3124,-0.41752,7.61743,-3.97701,3.58741,0.0603633,-0.0006265,0.000176315,-1.11127,1.66272,-31.375,15.4746,17.2439,-0.324071,7.98911,-3.86975,-8.62454,4.13562,0.0900413,0.0014403,-0.000470776,-0.00104954,1.37859,-1.37875,0.150048,0.0466165,0.122104,0.191049,2.8483,1.4448,-0.0255927,0.0349419,-1.22406,-0.00990297,0.00448752,-1.01629,0.160815,0.138606,0.161163,-6.47057,-1.99998,-0.00157263,0,131,0,-6.93889e-18,-7.68259e-18,-1.01712e-17,1.21431e-17,1.34441e-17,2.00171e-17,1.60462e-17,1.77809e-17,1.88854e-17,0,-0.525004,-0.0688234,0.522195,-0.00716462,3.14159,2.22378,0.00261093,3.27098,-0.00713993,-0.392699,4.18722,0.00398098,3.14004,-0.00711985,0.523599,0,0,0,0.0222582,-0.00144341,-0.525004,0.522194,3.14019,2.22378,3.27097,-0.394214,4.18722,3.14002,0.522048,0.00140014,-1.29358,0.620311,-1.56504e-05,-0.0218757,-0.00015743,0.206788,-0.206813,0.00202738,0.0477563,0.011916,1.00008,0.241885,-0.857376,-1.88611,-2.1312,70.2501,39.0438,-0.344365,-0.445929,-27.8885,-0.478482,-1.07813,-23.1464,-0.533857,100.172,-0.0126465,100.172,26.6164,-76.2962,26.5604,-76.3193,-27.2531,-63.0638,-27.3247,-63.0219,-198.761,0.000725287,128.521,-53.2525,94.4056,54.4862,4.13908,-15.7539,7.4473,-15.7236,-2.95649,12.4354,-0.0472735,12.4441,-2.45378,10.3984,-0.114294,10.3818
0.48,-6.46526,-2.00165,0.0274306,0.0826256,-4.84705e-05,0.661142,-0.523603,-0.402959,0.520197,0.0597443,3.14176,-2.25026,2.22518,-3.27016,3.27277,0.340264,-0.392665,-4.2102,4.18845,-3.13944,3.1417,-0.567682,0.523445,-5.41526,-2.00172,-7.7733,-0.405434,-7.74173,-3.66211,-4.86526,-2.00172,-7.26519,-0.615967,-7.26533,-3.38725,0.11707,0.395278,-0.521184,0.0238722,-0.00167556,0.0173085,-0.00170574,-0.0426375,-0.52526,-0.629461,0.521937,-0.0478256,3.13993,0.0109911,2.22352,0.0192206,3.27072,-0.0476588,-0.394473,0.0063585,4.18679,0.027373,3.1396,-0.0472948,0.521625,-0.0478784,1.00065,0.0694912,-1.25098,1.25759,-1.22433,9.61842,-19.3403,9.77867,-1.96527,-5.16962,10.3968,-9.77828,4.78335,-0.609836,-3.20036e-06,6.45276e-06,-1.02797,1.54924,-25.0542,12.8496,0,11.2391,-0.457267,7.61148,-3.98311,3.5702,0.0620705,-0.000649121,0.000183114,-1.10594,1.84125,-31.3846,15.4813,17.3277,-0.396159,7.9977,-3.8725,-8.66893,4.14961,0.0911984,0.00259683,-0.000848617,-0.00190098,1.38325,-1.38356,0.150055,0.0476912,0.127575,0.19998,3.01513,1.49265,-0.0290149,0.0552749,-1.31012,-0.0121361,0.0452597,-1.10049,0.161434,0.137941,0.161708,-6.46519,-1.99997,-0.00167556,0,155,0,0,1.32391e-18,-1.92471e-17,-1.21431e-17,-1.30104e-17,-1.958e-17,-9.54098e-18,-9.97466e-18,-1.41624e-17,0,-0.52526,-0.0726099,0.521939,-0.00717391,3.14159,2.22352,0.00288298,3.27072,-0.00714881,-0.392699,4.18679,0.00410505,3.13962,-0.00709422,0.523599,0,0,0,0.0238657,-0.00170574,-0.52526,0.521937,3.13993,2.22352,3.27072,-0.394473,4.18679,3.1396,0.521625,0.00165727,-1.30023,0.622409,-1.66274e-05,-0.0253692,-0.000285147,0.207488,-0.207534,0.0020543,0.0478205,0.0119375,1.00008,0.20548,-0.906091,-2.03353,-2.29568,74.3942,40.6953,-0.319201,-0.106574,-29.748,-0.503707,-0.366981,-24.9531,-0.600345,108.354,-0.0165729,108.354,28.1566,-77.9446,28.0966,-77.9695,-28.7978,-63.5646,-28.8758,-63.5191,-215.201,0.000632584,135.96,-56.3352,99.7639,57.5566,4.31416,-17.1029,7.88662,-17.0741,-3.15362,12.6593,-0.011298,12.6687,-2.64531,10.4375,-0.0389041,10.4192
0.52,-6.46022,-2.00174,0.0293491,0.0877309,-5.43163e-05,0.669068,-0.523602,-0.396603,0.519998,0.0616281,3.14178,-2.25145,2.22517,-3.26946,3.27279,0.336982,-0.392657,-4.2107,4.18829,-3.1378,3.14155,-0.570811,0.523303,-5.41022,-2.00183,-7.76825,-0.405521,-7.73673,-3.66212,-4.86022,-2.00183,-7.26014,-0.616056,-7.2603,-3.38734,0.123212,0.395982,-0.519549,0.0255452,-0.00177753,0.0212758,-0.00194745,-0.0446654,-0.525496,-0.664633,0.521702,-0.0478832,3.1397,0.0156647,2.22328,0.0213465,3.27048,-0.0477127,-0.39471,0.0141063,4.1864,0.0284528,3.1392,-0.0471262,0.521229,-0.0479454,1.00074,0.0745187,-1.25112,1.25861,-1.32984,9.6685,-19.4549,9.8485,-2.05111,-5.219,10.5041,-9.84804,4.80245,-0.642651,-2.37497e-06,4.79378e-06,-1.02261,1.65778,-25.0445,12.866,0,11.1608,-0.499198,7.60474,-3.98998,3.55202,0.0640772,-0.000671963,0.000190067,-1.1003,2.03359,-31.3972,15.4895,17.4183,-0.473371,8.00757,-3.87558,-8.71673,4.16433,0.0927211,0.00370913,-0.00121182,-0.00272837,1.38816,-1.3886,0.150062,0.0479618,0.127633,0.198137,3.17387,1.53963,-0.0296711,0.0727566,-1.39208,-0.0124256,0.0823901,-1.17866,0.162079,0.137238,0.162281,-6.46026,-1.99996,-0.00177753,0,177,-3.46945e-18,6.93889e-18,6.32988e-18,-2.43242e-17,9.1073e-18,9.1073e-18,1.28647e-17,-5.9848e-17,-5.94143e-17,-5.09846e-17,0,-0.525496,-0.0765696,0.521704,-0.00718253,3.14159,2.22328,0.00320186,3.27048,-0.00715691,-0.392699,4.1864,0.00426695,3.13922,-0.00706893,0.523599,0,0,0,0.0255375,-0.00194745,-0.525496,0.521702,3.1397,2.22328,3.27048,-0.39471,4.1864,3.1392,0.521229,0.00189313,-1.3074,0.624613,-1.77223e-05,-0.0267921,-0.000409255,0.208224,-0.208289,0.00208971,0.0478794,0.0119573,1.00009,0.213909,-0.965517,-2.22079,-2.52533,78.5497,42.4742,-0.294396,0.145515,-31.5741,-0.538086,0.238612,-26.684,-0.642586,115.747,-0.00690127,115.747,30.0218,-82.8363,29.959,-82.8623,-30.7024,-67.4406,-30.7852,-67.3922,-229.975,0.000492863,144.963,-60.0658,106.375,61.3482,4.50274,-18.276,8.32715,-18.2469,-3.34721,13.4493,0.0154263,13.4592,-2.82881,11.069,0.0252955,11.0495
0.56,-6.45502,-2.00183,0.0312972,0.0929185,-6.03978e-05,0.677094,-0.523602,-0.390137,0.519802,0.0633991,3.14179,-2.25267,2.22517,-3.2687,3.2728,0.333542,-0.392648,-4.2112,4.18813,-3.1361,3.14139,-0.574023,0.523158,-5.40502,-2.00193,-7.76305,-0.40561,-7.73159,-3.66213,-4.85502,-2.00193,-7.25494,-0.616145,-7.2551,-3.38743,0.129467,0.396745,-0.517866,0.0272184,-0.00188232,0.0252344,-0.00220028,-0.0472881,-0.525742,-0.699218,0.521456,-0.0479433,3.13945,0.0199932,2.22303,0.0236186,3.27023,-0.0477693,-0.394958,0.0212508,4.18599,0.0297681,3.13879,-0.0469545,0.52082,-0.0480158,1.00083,0.0795413,-1.25128,1.25971,-1.4425,9.71881,-19.5711,9.91941,-2.12684,-5.26855,10.6123,-9.91887,4.82087,-0.674491,-1.45116e-06,2.93247e-06,-1.01726,1.76227,-25.0347,12.8831,0,11.0821,-0.538053,7.5979,-3.99713,3.53358,0.0662155,-0.000695484,0.000197264,-1.09458,2.21619,-31.4103,15.4984,17.5105,-0.544845,8.01771,-3.87885,-8.76534,4.17953,0.0945736,0.0048424,-0.00158174,-0.00357938,1.39323,-1.3938,0.150069,0.0487012,0.12969,0.200648,3.33536,1.58377,-0.0305164,0.0917062,-1.47798,-0.0125382,0.120626,-1.25888,0.162701,0.136525,0.162873,-6.45511,-1.99995,-0.00188232,0,200,0,6.93889e-18,1.29461e-17,-1.29444e-17,1.30104e-17,1.34441e-17,5.03476e-18,2.55872e-17,2.51535e-17,2.58853e-17,0,-0.525742,-0.0804634,0.521458,-0.00719153,3.14159,2.22303,0.00354266,3.27023,-0.0071654,-0.392699,4.18599,0.00446418,3.13881,-0.00704318,0.523599,0,0,0,0.0272092,-0.00220028,-0.525742,0.521456,3.13945,2.22303,3.27023,-0.394958,4.18599,3.13879,0.52082,0.00213988,-1.31468,0.626891,-1.87448e-05,-0.0286842,-0.000536907,0.208985,-0.20907,0.00213251,0.047941,0.0119779,1.00009,0.207491,-1.00076,-2.32285,-2.6124,82.2313,43.7829,-0.260729,0.496768,-33.3267,-0.553967,0.940199,-28.3221,-0.684521,120.823,-0.0118473,120.823,31.1562,-85.1621,31.0917,-85.1888,-31.8668,-69.1069,-31.9528,-69.0566,-240.142,0.000293497,150.444,-62.3369,110.417,63.6552,4.64148,-19.0947,8.71744,-19.0659,-3.53301,13.8132,0.052663,13.8238,-3.00246,11.3295,0.0996716,11.3086
0.6,-6.44979,-2.00193,0.0332777,0.0982287,-6.69387e-05,0.685292,-0.523601,-0.383544,0.519605,0.0650555,3.14181,-2.25396,2.22517,-3.26791,3.27281,0.329911,-0.392638,-4.21173,4.18796,-3.1344,3.14124,-0.57732,0.523013,-5.39979,-2.00204,-7.75781,-0.405699,-7.72641,-3.66214,-4.84979,-2.00204,-7.2497,-0.616234,-7.24989,-3.38752,0.135847,0.397539,-0.516176,0.0289104,-0.00198868,0.0292618,-0.00246449,-0.0501625,-0.525998,-0.734196,0.521199,-0.0480064,3.13919,0.0244619,2.22277,0.0259063,3.26997,-0.0478284,-0.395217,0.028606,4.18556,0.0310779,3.13837,-0.046784,0.5204,-0.0480896,1.00093,0.0846564,-1.25145,1.26088,-1.56078,9.77047,-19.6912,9.99329,-2.19915,-5.31938,10.724,-9.99266,4.83936,-0.706292,-6.12029e-07,1.23829e-06,-1.01181,1.86918,-25.0248,12.9013,0,11.0021,-0.57796,7.59093,-4.00466,3.51486,0.0683402,-0.000720242,0.000204873,-1.08878,2.40436,-31.4238,15.5084,17.6042,-0.618941,8.028,-3.88239,-8.81475,4.19492,0.0964201,0.00597612,-0.00195176,-0.00443918,1.39836,-1.39907,0.150077,0.0495134,0.132755,0.204952,3.50001,1.62504,-0.0322738,0.111448,-1.56865,-0.0134169,0.15907,-1.34124,0.163325,0.135801,0.163472,-6.44974,-1.99994,-0.00198868,0,224,1.73472e-18,0,-1.1955e-17,-2.43098e-17,-8.23994e-18,-7.37257e-18,-6.76271e-18,7.93636e-17,7.84962e-17,8.34294e-17,0,-0.525998,-0.0844016,0.521201,-0.00720097,3.14159,2.22277,0.00388581,3.26997,-0.00717426,-0.392699,4.18556,0.00466056,3.13839,-0.00701759,0.523599,0,0,0,0.0288996,-0.00246449,-0.525998,0.521199,3.13919,2.22277,3.26997,-0.395217,4.18556,3.13837,0.5204,0.00239755,-1.32208,0.629197,-2.02254e-05,-0.0311375,-0.000665877,0.209755,-0.20986,0.00217497,0.0480054,0.0119995,1.0001,0.201225,-1.04704,-2.45839,-2.76042,86.1647,45.1846,-0.242447,0.840642,-35.2253,-0.592249,1.62314,-30.05,-0.73173,127.286,-0.0132571,127.286,32.627,-88.299,32.5601,-88.3267,-33.3679,-71.3761,-33.458,-71.3235,-253.086,6.38019e-05,157.548,-65.2805,115.628,66.6344,4.79008,-20.1352,9.13442,-20.1067,-3.73427,14.3069,0.0891174,14.3182,-3.18564,11.6868,0.172071,11.6644
0.64,-6.44454,-2.00202,0.0352839,0.103559,-7.34544e-05,0.693451,-0.5236,-0.377139,0.519404,0.0666395,3.14182,-2.25526,2.22517,-3.26715,3.27283,0.326357,-0.392629,-4.21225,4.1878,-3.13275,3.14108,-0.580492,0.522869,-5.39454,-2.00214,-7.75255,-0.405788,-7.72122,-3.66216,-4.84454,-2.00214,-7.24444,-0.616324,-7.24465,-3.38761,0.142036,0.398302,-0.514536,0.0306457,-0.00209662,0.0334119,-0.00271811,-0.0533346,-0.526244,-0.769867,0.520953,-0.0480669,3.13895,0.0291494,2.22252,0.0283094,3.26972,-0.0478848,-0.395465,0.0362057,4.18515,0.0325111,3.13796,-0.0466092,0.51999,-0.0481616,1.00104,0.0899269,-1.25163,1.26216,-1.68646,9.82399,-19.8167,10.0709,-2.26803,-5.37202,10.8403,-10.0702,4.85807,-0.73831,2.04251e-07,-4.13773e-07,-1.00622,1.97996,-25.0145,12.9208,0,10.9197,-0.619256,7.5836,-4.01271,3.49565,0.0705493,-0.000745653,0.000212751,-1.08283,2.59943,-31.4387,15.5196,17.7015,-0.695629,8.03887,-3.88622,-8.86595,4.21074,0.0984414,0.00710986,-0.00232172,-0.005308,1.40364,-1.40448,0.150086,0.0501552,0.133248,0.203981,3.65994,1.66449,-0.0323076,0.130356,-1.65739,-0.0129634,0.196229,-1.42047,0.163957,0.135058,0.164088,-6.4446,-1.99993,-0.00209662,0,247,0,-3.46945e-18,-1.28647e-17,-2.3539e-17,2.42861e-17,2.38524e-17,3.03001e-17,-3.72966e-17,-3.77302e-17,-3.45047e-17,0,-0.526244,-0.0884179,0.520955,-0.00721003,3.14159,2.22252,0.00424627,3.26973,-0.00718273,-0.392699,4.18515,0.00487548,3.13798,-0.00699138,0.523599,0,0,0,0.030633,-0.00271811,-0.526244,0.520953,3.13895,2.22252,3.26972,-0.395465,4.18515,3.13796,0.51999,0.00264466,-1.32976,0.631569,-2.11115e-05,-0.032356,-0.0007962,0.210546,-0.210672,0.00222202,0.0480672,0.0120202,1.0001,0.196612,-1.09526,-2.60801,-2.92688,90.0351,46.5803,-0.215508,1.15509,-37.0997,-0.623936,2.26768,-31.7254,-0.779423,133.906,-0.0143643,133.907,34.1577,-91.6929,34.0883,-91.7216,-34.9301,-73.8323,-35.0242,-73.7774,-266.366,-0.000215003,164.94,-68.3439,121.052,69.7339,4.93803,-21.199,9.54473,-21.1713,-3.93299,14.8439,0.122452,14.8558,-3.36325,12.0754,0.240399,12.0518
0.68,-6.43928,-2.00212,0.0373205,0.108974,-8.05006e-05,0.701716,-0.523599,-0.370625,0.519206,0.0680954,3.14184,-2.25659,2.22517,-3.26634,3.27284,0.322632,-0.39262,-4.21278,4.18763,-3.13108,3.14093,-0.583732,0.522725,-5.38928,-2.00225,-7.74727,-0.405877,-7.71601,-3.66217,-4.83928,-2.00225,-7.23917,-0.616413,-7.23939,-3.38769,0.148335,0.399119,-0.512872,0.032396,-0.00220616,0.0375578,-0.0029832,-0.0569519,-0.526501,-0.805202,0.520696,-0.0481303,3.13869,0.0336565,2.22227,0.0307135,3.26946,-0.0479439,-0.395725,0.0435777,4.18473,0.0339487,3.13753,-0.0464357,0.51957,-0.048237,1.00116,0.0951995,-1.25183,1.26351,-1.81849,9.87807,-19.9445,10.1503,-2.32876,-5.42514,10.9583,-10.1495,4.87633,-0.769578,9.5068e-07,-1.92847e-06,-1.00061,2.08866,-25.0044,12.9411,0,10.8374,-0.659173,7.57634,-4.021,3.47629,0.0727289,-0.000771969,0.000220943,-1.07683,2.79131,-31.4533,15.5317,17.7987,-0.770794,8.04956,-3.89028,-8.91715,4.22675,0.100473,0.00824337,-0.00269172,-0.00618522,1.40898,-1.40996,0.150095,0.0509143,0.135392,0.206617,3.8226,1.70072,-0.0332647,0.150651,-1.75039,-0.0132065,0.233996,-1.50137,0.164573,0.13431,0.164711,-6.43923,-1.99991,-0.00220616,0,271,1.73472e-18,1.38778e-17,1.70474e-17,-5.35884e-17,-2.1684e-17,-2.1684e-17,-2.36729e-17,-1.99493e-17,-1.95156e-17,-1.89464e-17,0,-0.526501,-0.0923965,0.520698,-0.00721951,3.14159,2.22227,0.00460686,3.26947,-0.00719158,-0.392699,4.18473,0.00509103,3.13756,-0.00696535,0.523599,0,0,0,0.0323812,-0.0029832,-0.526501,0.520696,3.13869,2.22227,3.26946,-0.395725,4.18473,3.13753,0.51957,0.0029027,-1.33743,0.633968,-2.22266e-05,-0.0343667,-0.000927782,0.211347,-0.211494,0.00226894,0.0481317,0.0120419,1.00011,0.193445,-1.14164,-2.73072,-3.03058,93.909,47.8635,-0.193864,1.52233,-39.0286,-0.659296,2.9493,-33.4104,-0.825902,140.254,-0.0155911,140.255,35.6364,-95.027,35.5647,-95.0566,-36.4435,-76.3046,-36.5414,-76.2475,-279.083,-0.000541241,172.082,-71.3035,126.307,72.734,5.07406,-22.2176,9.9554,-22.1903,-4.13747,15.3726,0.161384,15.3851,-3.54188,12.4687,0.312659,12.4436
0.72,-6.434,-2.00221,0.0393814,0.11439,-8.79204e-05,0.709908,-0.523598,-0.364308,0.519006,0.0694729,3.14186,-2.2579,2.22517,-3.26555,3.27285,0.319,-0.392611,-4.21327,4.18747,-3.12943,3.14078,-0.586829,0.522581,-5.384,-2.00236,-7.74199,-0.405965,-7.71078,-3.66218,-4.834,-2.00235,-7.23388,-0.616502,-7.23412,-3.38778,0.154435,0.399917,-0.51124,0.0341874,-0.00231727,0.0417833,-0.00323808,-0.06082,-0.526748,-0.840961,0.52045,-0.0481911,3.13845,0.038337,2.22202,0.0331349,3.26921,-0.0480001,-0.395973,0.051123,4.18432,0.0354209,3.13712,-0.0462579,0.519161,-0.0483107,1.00128,0.100575,-1.25204,1.26496,-1.95691,9.93368,-20.077,10.2332,-2.38545,-5.47972,11.0803,-10.2322,4.89469,-0.800797,1.682e-06,-3.41666e-06,-0.994907,2.20012,-24.9941,12.9625,0,10.7538,-0.700329,7.56894,-4.02972,3.45666,0.0748888,-0.00079936,0.000229521,-1.07074,2.98823,-31.4686,15.5451,17.8978,-0.848152,8.06048,-3.89464,-8.96935,4.24302,0.102553,0.00937697,-0.00306185,-0.00707156,1.41441,-1.41552,0.150104,0.0515234,0.135388,0.204811,3.98031,1.73498,-0.0327991,0.170462,-1.84107,-0.0123407,0.270964,-1.57873,0.165193,0.133551,0.165344,-6.4341,-1.9999,-0.00231727,0,294,0,6.93889e-18,6.39679e-18,-6.39849e-18,2.42861e-17,2.42861e-17,2.37339e-17,-3.98986e-17,-3.85976e-17,-4.68917e-17,0,-0.526748,-0.0964229,0.520452,-0.00722861,3.14159,2.22202,0.00497007,3.26922,-0.00720001,-0.392699,4.18432,0.00531179,3.13716,-0.00693868,0.523599,0,0,0,0.0341703,-0.00323808,-0.526748,0.52045,3.13845,2.22202,3.26921,-0.395973,4.18432,3.13712,0.519161,0.00315016,-1.34525,0.636406,-2.34346e-05,-0.0353569,-0.00106073,0.212161,-0.212328,0.00231774,0.0481937,0.0120626,1.00011,0.191498,-1.1896,-2.87141,-3.17529,97.6989,49.1265,-0.171259,1.86425,-40.926,-0.695095,3.60145,-35.0359,-0.872078,146.741,-0.0170082,146.741,37.1645,-98.5642,37.0907,-98.5948,-38.0079,-78.9241,-38.1097,-78.8647,-292.096,-0.000917644,179.463,-74.3622,131.741,75.8345,5.20796,-23.2569,10.3572,-23.2304,-4.33862,15.9354,0.197631,15.9485,-3.7142,12.8865,0.381794,12.8602
0.76,-6.42885,-2.00231,0.04144,0.119786,-9.51367e-05,0.718033,-0.523596,-0.358075,0.518809,0.070713,3.14187,-2.25922,2.22516,-3.26474,3.27286,0.315325,-0.392602,-4.21377,4.18731,-3.12784,3.14063,-0.589876,0.522442,-5.37885,-2.00246,-7.73682,-0.406051,-7.70568,-3.66219,-4.82885,-2.00246,-7.22872,-0.616588,-7.22898,-3.38787,0.160454,0.400726,-0.509656,0.0360034,-0.00242585,0.0459859,-0.00349294,-0.0651051,-0.526994,-0.876249,0.520203,-0.048252,3.1382,0.0428582,2.22177,0.035487,3.26896,-0.0480563,-0.396222,0.0585954,4.18392,0.0367628,3.13672,-0.0460858,0.518757,-0.0483853,1.00141,0.105927,-1.25226,1.26648,-2.10131,9.98967,-20.2114,10.3175,-2.43358,-5.53462,11.2038,-10.3165,4.91253,-0.831148,2.38179e-06,-4.84502e-06,-0.989209,2.30945,-24.9844,12.9847,0,10.6709,-0.740416,7.56175,-4.03862,3.43703,0.0769449,-0.000827387,0.000238337,-1.06465,3.18434,-31.4833,15.5594,17.9956,-0.925807,8.07092,-3.89923,-9.02082,4.25923,0.104457,0.0104756,-0.00342091,-0.00793959,1.41981,-1.42106,0.150115,0.0514658,0.134898,0.20311,4.13592,1.7658,-0.0329675,0.190545,-1.93281,-0.0122783,0.306895,-1.65482,0.165795,0.132792,0.165975,-6.42896,-1.99988,-0.00242585,0,317,-3.46945e-18,-1.04083e-17,-1.53144e-18,1.99358e-17,1.21431e-17,1.21431e-17,7.76899e-18,3.1225e-17,2.94903e-17,3.00866e-17,0,-0.526994,-0.100396,0.520205,-0.00723773,3.14159,2.22177,0.00532287,3.26897,-0.00720845,-0.392699,4.18392,0.00551299,3.13675,-0.00691287,0.523599,0,0,0,0.0359836,-0.00349294,-0.526994,0.520203,3.1382,2.22177,3.26896,-0.396222,4.18392,3.13672,0.518757,0.0033978,-1.35297,0.638835,-2.45926e-05,-0.0368843,-0.00119094,0.212972,-0.213159,0.00236194,0.0482557,0.0120834,1.00012,0.172244,-1.23608,-2.98897,-3.26492,101.403,50.2785,-0.152864,2.23384,-42.8168,-0.735656,4.25545,-36.6162,-0.935974,153.685,-0.0252644,153.685,38.6176,-101.029,38.5408,-101.061,-39.4657,-80.2466,-39.5706,-80.1854,-306.105,-0.00134519,186.484,-77.2716,136.802,78.7197,5.33009,-24.3891,10.7498,-24.3649,-4.53906,16.3096,0.236812,16.3233,-3.88173,13.0755,0.451125,13.0482
0.8,-6.42343,-2.0024,0.0435711,0.125363,-0.000103653,0.726413,-0.523595,-0.351538,0.518614,0.0718272,3.14189,-2.26057,2.22516,-3.2638,3.27288,0.311379,-0.392593,-4.21425,4.18715,-3.1261,3.14047,-0.593116,0.522294,-5.37343,-2.00257,-7.73139,-0.406142,-7.70032,-3.66221,-4.82343,-2.00257,-7.22329,-0.616681,-7.22357,-3.38796,0.166778,0.401669,-0.507923,0.0377955,-0.00254423,0.0501672,-0.00377082,-0.0696168,-0.527262,-0.911196,0.519935,-0.0483184,3.13793,0.0473351,2.2215,0.0378158,3.26869,-0.0481178,-0.396493,0.0656598,4.18348,0.0382586,3.13628,-0.0459032,0.518321,-0.048466,1.00155,0.111263,-1.2525,1.26807,-2.24996,10.0461,-20.3479,10.4036,-2.47558,-5.58985,11.3287,-10.4024,4.93003,-0.860775,3.07144e-06,-6.25728e-06,-0.983528,2.41801,-24.9747,13.0076,0,10.5884,-0.780078,7.55459,-4.04774,3.41745,0.0789523,-0.000856666,0.00024758,-1.05858,3.37372,-31.498,15.5744,18.0938,-0.999623,8.08152,-3.90402,-9.0727,4.2757,0.106564,0.011643,-0.00380263,-0.00886865,1.4253,-1.4267,0.150126,0.0532773,0.139444,0.209509,4.29912,1.79346,-0.0339494,0.213989,-2.03132,-0.0120431,0.346291,-1.73573,0.166386,0.132035,0.166617,-6.42338,-1.99986,-0.00254423,0,342,0,-6.93889e-18,-7.17606e-18,-1.12893e-17,1.38778e-17,1.34441e-17,8.3077e-18,3.98986e-17,3.98986e-17,3.25261e-17,0,-0.527262,-0.104332,0.519937,-0.00724767,3.14159,2.2215,0.00567216,3.2687,-0.00721767,-0.392699,4.18348,0.00573727,3.13632,-0.00688548,0.523599,0,0,0,0.0377729,-0.00377082,-0.527262,0.519935,3.13793,2.2215,3.26869,-0.396493,4.18348,3.13628,0.518321,0.00366717,-1.36074,0.641303,-2.58417e-05,-0.039009,-0.0013303,0.213796,-0.214005,0.00241121,0.0483231,0.012106,1.00012,0.191229,-1.28552,-3.12378,-3.37588,105.483,51.5431,-0.135607,2.6445,-44.8993,-0.773494,4.9502,-38.3435,-0.966437,159.652,-0.0134554,159.652,40.2396,-105.842,40.1611,-105.874,-41.1667,-84.4733,-41.2769,-84.409,-317.955,-0.0018357,194.314,-80.5164,142.716,82.0908,5.46414,-25.3216,11.1824,-25.2958,-4.75983,17.0963,0.280347,17.111,-4.06484,13.777,0.524777,13.7476
0.84,-6.41815,-2.0025,0.0457196,0.130905,-0.000112005,0.734651,-0.523594,-0.34535,0.518414,0.0728823,3.14191,-2.2619,2.22516,-3.26294,3.27289,0.307633,-0.392584,-4.2147,4.18698,-3.12447,3.14031,-0.596109,0.522151,-5.36815,-2.00268,-7.7261,-0.406231,-7.6951,-3.66222,-4.81815,-2.00268,-7.21799,-0.61677,-7.21831,-3.38805,0.172748,0.402531,-0.506305,0.0396819,-0.00266001,0.0545025,-0.00402718,-0.0743498,-0.527509,-0.947291,0.519689,-0.0483796,3.13768,0.0522211,2.22125,0.0400802,3.26844,-0.0481739,-0.396742,0.0735422,4.18307,0.0395282,3.13587,-0.0457209,0.517912,-0.0485426,1.0017,0.116795,-1.25275,1.2698,-2.40712,10.1052,-20.4919,10.4951,-2.51526,-5.64771,11.4603,-10.4938,4.94807,-0.890951,3.73761e-06,-7.62623e-06,-0.977648,2.53282,-24.9651,13.032,0,10.5037,-0.823071,7.54732,-4.05742,3.39739,0.080847,-0.000886538,0.000257093,-1.05237,3.58088,-31.513,15.5911,18.1938,-1.08282,8.09204,-3.90923,-9.12538,4.29225,0.108347,0.0127754,-0.00417347,-0.0097805,1.43083,-1.43236,0.150137,0.0537125,0.138545,0.205949,4.45359,1.81963,-0.0332495,0.235427,-2.12484,-0.0112241,0.382974,-1.81047,0.166994,0.13126,0.167261,-6.41825,-1.99984,-0.00266001,0,365,0,-6.93889e-18,-1.59107e-17,3.44505e-17,-2.60209e-18,-3.46945e-18,-2.34798e-18,-6.67869e-17,-6.72205e-17,-6.14743e-17,0,-0.527509,-0.108396,0.519691,-0.00725682,3.14159,2.22125,0.00601182,3.26845,-0.00722608,-0.392699,4.18307,0.00592762,3.13591,-0.00685814,0.523599,0,0,0,0.039656,-0.00402718,-0.527509,0.519689,3.13768,2.22125,3.26844,-0.396742,4.18307,3.13587,0.517912,0.00391517,-1.36864,0.643784,-2.69733e-05,-0.0398358,-0.00146708,0.214624,-0.214854,0.00245401,0.0483853,0.0121269,1.00013,0.192527,-1.33352,-3.26351,-3.52983,108.956,52.4567,-0.112652,3.03791,-46.8004,-0.814499,5.62487,-39.8629,-1.00316,166.041,-0.0220808,166.041,41.7798,-109.582,41.7005,-109.614,-42.7521,-87.3346,-42.8646,-87.269,-330.778,-0.00238235,201.756,-83.6004,148.222,85.2266,5.561,-26.3418,11.5506,-26.3169,-4.96137,17.6949,0.322052,17.7099,-4.22591,14.2374,0.5963,14.207
0.88,-6.41287,-2.0026,0.0478932,0.136497,-0.000120616,0.742936,-0.523592,-0.339063,0.518218,0.073793,3.14193,-2.26325,2.22516,-3.262,3.2729,0.30373,-0.392575,-4.21514,4.18682,-3.1228,3.14016,-0.599153,0.522009,-5.36287,-2.00279,-7.72081,-0.406319,-7.68987,-3.66223,-4.81287,-2.00279,-7.2127,-0.616859,-7.21303,-3.38814,0.178821,0.403472,-0.504648,0.041575,-0.00277733,0.0587764,-0.00429476,-0.0795731,-0.527766,-0.982559,0.519431,-0.0484434,3.13743,0.0567603,2.22099,0.0423016,3.26818,-0.0482325,-0.397003,0.0809016,4.18265,0.0408054,3.13545,-0.0455396,0.517493,-0.0486228,1.00186,0.122259,-1.25303,1.2716,-2.5707,10.1642,-20.6372,10.5874,-2.54396,-5.70548,11.5925,-10.586,4.96534,-0.919945,4.45395e-06,-9.10247e-06,-0.971817,2.64309,-24.956,13.057,0,10.4202,-0.863557,7.54031,-4.06723,3.37738,0.0826708,-0.000917721,0.000267046,-1.04616,3.77847,-31.5273,15.6087,18.2925,-1.16153,8.10218,-3.91465,-9.17744,4.30894,0.110146,0.0139078,-0.00454487,-0.0107006,1.43639,-1.43807,0.15015,0.054338,0.139792,0.207121,4.61052,1.84219,-0.0335853,0.258824,-2.22228,-0.0110079,0.420634,-1.88649,0.167578,0.130486,0.16791,-6.41291,-1.99982,-0.00277733,0,389,3.46945e-18,-6.93889e-18,7.35563e-18,1.12554e-17,-1.73472e-17,-1.77809e-17,-2.77488e-17,8.67362e-19,4.33681e-19,-5.42101e-20,0,-0.527766,-0.112368,0.519433,-0.00726637,3.14159,2.22099,0.00634501,3.26819,-0.00723488,-0.392699,4.18265,0.0061191,3.13549,-0.00683095,0.523599,0,0,0,0.0415455,-0.00429476,-0.527766,0.519431,3.13743,2.22099,3.26818,-0.397003,4.18265,3.13545,0.517493,0.00417414,-1.37643,0.646285,-2.84116e-05,-0.0415945,-0.00160509,0.215459,-0.21571,0.00249635,0.0484502,0.0121486,1.00013,0.191384,-1.37806,-3.36965,-3.58786,112.644,53.4079,-0.0895922,3.48407,-48.7894,-0.846247,6.32637,-41.4253,-1.04833,172.118,-0.0254131,172.118,43.2156,-112.929,43.1346,-112.963,-44.2298,-89.8627,-44.3457,-89.7951,-342.969,-0.00297548,208.692,-86.475,153.358,88.1469,5.66184,-27.3147,11.9416,-27.2905,-5.17222,18.2279,0.36935,18.2437,-4.39155,14.6419,0.670666,14.6101
0.92,-6.40758,-2.00269,0.0500922,0.142128,-0.000129518,0.751235,-0.523591,-0.332818,0.518022,0.0745893,3.14195,-2.2646,2.22516,-3.26105,3.27291,0.29978,-0.392566,-4.21557,4.18666,-3.12114,3.14,-0.602169,0.521867,-5.35758,-2.00291,-7.71551,-0.406408,-7.68464,-3.66225,-4.80758,-2.0029,-7.2074,-0.616948,-7.20776,-3.38823,0.184851,0.404431,-0.503002,0.0434933,-0.00289624,0.0630915,-0.00456282,-0.0849822,-0.528024,-1.01805,0.519173,-0.0485075,3.13717,0.0614551,2.22073,0.0444566,3.26792,-0.0482911,-0.397264,0.0884247,4.18223,0.0420284,3.13503,-0.0453568,0.517073,-0.048704,1.00203,0.127782,-1.25331,1.27349,-2.74018,10.2246,-20.7867,10.6831,-2.56786,-5.76449,11.7284,-10.6816,4.98263,-0.948683,5.11428e-06,-1.04694e-05,-0.965927,2.75547,-24.9471,13.0831,0,10.3364,-0.905273,7.53332,-4.07739,3.35728,0.0843949,-0.000950035,0.000277415,-1.03993,3.98051,-31.5418,15.6275,18.3916,-1.24263,8.11227,-3.92036,-9.22976,4.32571,0.111862,0.0150401,-0.00491684,-0.0116296,1.44198,-1.4438,0.150163,0.054975,0.140769,0.207486,4.76639,1.86187,-0.0339034,0.282695,-2.32086,-0.0107826,0.45804,-1.9618,0.168161,0.129709,0.168563,-6.40756,-1.9998,-0.00289624,0,413,0,-6.93889e-18,-5.42101e-18,2.40896e-17,2.1684e-17,2.08167e-17,2.49434e-17,-1.99493e-17,-2.1684e-17,-3.50739e-17,0,-0.528024,-0.116364,0.519176,-0.00727595,3.14159,2.22073,0.00666824,3.26793,-0.00724366,-0.392699,4.18223,0.00630247,3.13507,-0.00680352,0.523599,0,0,0,0.0434599,-0.00456282,-0.528024,0.519173,3.13717,2.22073,3.26792,-0.397264,4.18223,3.13503,0.517073,0.0044333,-1.38427,0.648797,-2.96066e-05,-0.0432416,-0.00174444,0.216298,-0.21657,0.0025371,0.0485152,0.0121704,1.00014,0.190193,-1.42659,-3.50216,-3.70401,116.374,54.36,-0.0705427,3.91794,-50.8298,-0.886103,7.00424,-42.9974,-1.09541,178.71,-0.0280888,178.71,44.7755,-116.576,44.6929,-116.61,-45.833,-92.6048,-45.9524,-92.5351,-356.2,-0.00364181,216.229,-89.598,158.931,91.3158,5.76276,-28.37,12.3369,-28.3467,-5.38853,18.8087,0.415345,18.8251,-4.55821,15.0805,0.742528,15.0473
0.96,-6.40229,-2.00279,0.052317,0.147791,-0.000138713,0.759537,-0.523589,-0.326612,0.517826,0.0752748,3.14197,-2.26597,2.22516,-3.26007,3.27293,0.295789,-0.392557,-4.21598,4.1865,-3.11948,3.13985,-0.605147,0.521725,-5.35229,-2.00302,-7.7102,-0.406496,-7.6794,-3.66226,-4.80229,-2.00301,-7.20209,-0.617037,-7.20248,-3.38832,0.190842,0.405415,-0.501359,0.0454374,-0.00301675,0.0674341,-0.00483137,-0.0906898,-0.528282,-1.05354,0.518916,-0.0485716,3.13691,0.0661704,2.22046,0.0465835,3.26766,-0.0483495,-0.397524,0.0959375,4.1818,0.0432405,3.13461,-0.0451723,0.516654,-0.0487863,1.00221,0.133349,-1.25361,1.27549,-2.91666,10.2862,-20.9403,10.7818,-2.58478,-5.82456,11.8676,-10.7801,4.99974,-0.976968,5.7954e-06,-1.18842e-05,-0.959992,2.86834,-24.9383,13.1102,0,10.2522,-0.94715,7.52635,-4.0879,3.33704,0.086059,-0.00098326,0.000288143,-1.03365,4.18359,-31.5564,15.6474,18.4912,-1.32431,8.12233,-3.92637,-9.28234,4.34263,0.113559,0.016172,-0.00528935,-0.0125671,1.44763,-1.44959,0.150177,0.055621,0.141584,0.207552,4.92129,1.87878,-0.0340561,0.307198,-2.4205,-0.0104151,0.49536,-2.03617,0.168739,0.128926,0.169221,-6.40222,-1.99977,-0.00301675,0,437,0,1.38778e-17,-4.27582e-18,-3.31969e-17,1.47451e-17,1.56125e-17,8.05698e-18,-4.0766e-17,-4.2067e-17,-3.91939e-17,0,-0.528282,-0.120362,0.518918,-0.00728554,3.14159,2.22046,0.00698727,3.26767,-0.00725243,-0.392699,4.1818,0.0064842,3.13465,-0.00677585,0.523599,0,0,0,0.0453995,-0.00483137,-0.528282,0.518916,3.13691,2.22046,3.26766,-0.397524,4.1818,3.13461,0.516654,0.00469265,-1.39215,0.651333,-3.08277e-05,-0.0448015,-0.00188507,0.217144,-0.217438,0.00257768,0.0485803,0.0121923,1.00015,0.18934,-1.47589,-3.63276,-3.80654,120.087,55.2585,-0.0473667,4.36756,-52.889,-0.923141,7.68345,-44.5474,-1.14267,185.398,-0.0307994,185.398,46.362,-120.305,46.2777,-120.34,-47.4646,-95.4155,-47.5875,-95.3439,-369.626,-0.00437601,223.893,-92.7743,164.602,94.5394,5.85802,-29.4403,12.7306,-29.4179,-5.60682,19.4032,0.46301,19.4202,-4.72253,15.5304,0.814532,15.4959
1,-6.39699,-2.00289,0.0545635,0.153422,-0.000148375,0.767719,-0.523588,-0.320599,0.517631,0.0758901,3.14198,-2.26728,2.22516,-3.25908,3.27294,0.291911,-0.392548,-4.21635,4.18634,-3.11785,3.1397,-0.607976,0.521582,-5.34699,-2.00313,-7.70489,-0.406584,-7.67416,-3.66227,-4.79699,-2.00312,-7.19678,-0.617126,-7.19719,-3.38841,0.19664,0.4064,-0.499733,0.0474183,-0.00313885,0.0717988,-0.00508975,-0.0966803,-0.528529,-1.08901,0.518669,-0.048633,3.13666,0.0708901,2.22021,0.0486695,3.26741,-0.0484053,-0.397775,0.103438,4.18139,0.0444198,3.1342,-0.0449835,0.516245,-0.048867,1.0024,0.138949,-1.25393,1.27758,-3.10001,10.3488,-21.0977,10.8834,-2.59455,-5.88566,12.0099,-10.8816,5.01666,-1.00476,6.4925e-06,-1.33372e-05,-0.95402,2.98141,-24.9299,13.1383,0,10.1679,-0.989088,7.51946,-4.09873,3.3167,0.087649,-0.00101749,0.000299259,-1.02735,4.38751,-31.571,15.6686,18.591,-1.40658,8.13229,-3.93268,-9.33501,4.35966,0.115203,0.0173041,-0.00566273,-0.0135137,1.45331,-1.45541,0.150191,0.0561624,0.140781,0.204555,5.07134,1.89392,-0.032851,0.331722,-2.51728,-0.00911172,0.532274,-2.1068,0.16931,0.12814,0.169884,-6.3971,-1.99975,-0.00313885,0,460,1.04083e-17,0,1.12147e-17,7.58264e-18,-1.21431e-17,-1.17094e-17,-1.33425e-17,-3.46945e-18,-2.60209e-18,-2.92735e-18,0,-0.528529,-0.124356,0.518671,-0.00729472,3.14159,2.22021,0.00730015,3.26742,-0.00726079,-0.392699,4.18139,0.006661,3.13424,-0.00674752,0.523599,0,0,0,0.0473756,-0.00508975,-0.528529,0.518669,3.13666,2.22021,3.26741,-0.397775,4.18139,3.1342,0.516245,0.00494137,-1.40004,0.653885,-3.21642e-05,-0.0455557,-0.00202705,0.217996,-0.218312,0.00261825,0.0486427,0.0122132,1.00015,0.18889,-1.52588,-3.76193,-3.90347,123.7,56.118,-0.0247895,4.82034,-54.8868,-0.961754,8.358,-46.02,-1.18979,192.161,-0.0336787,192.161,47.9721,-124.128,47.8863,-124.164,-49.1213,-98.2799,-49.2476,-98.2062,-383.214,-0.00518305,231.672,-95.9981,170.362,97.8113,5.94913,-30.5222,13.1136,-30.501,-5.81862,20.0134,0.51101,20.031,-4.87863,15.9891,0.886042,15.9533
1.04,-6.39169,-2.00298,0.0568474,0.159107,-0.000157003,0.775949,-0.523586,-0.314487,0.51744,0.0763507,3.142,-2.26858,2.22515,-3.258,3.27295,0.287895,-0.392539,-4.21674,4.1862,-3.11633,3.13957,-0.61073,0.521465,-5.34169,-2.00324,-7.69957,-0.406675,-7.66891,-3.6623,-4.79169,-2.00323,-7.19147,-0.617217,-7.1919,-3.3885,0.202541,0.407486,-0.498232,0.0494104,-0.00326398,0.076105,-0.0053581,-0.103006,-0.528787,-1.12384,0.518411,-0.0486973,3.13641,0.0754405,2.21995,0.0505964,3.26715,-0.0484637,-0.398036,0.111256,4.181,0.0451803,3.1338,-0.0448334,0.515851,-0.0489515,1.0026,0.144488,-1.25427,1.27974,-3.28899,10.4117,-21.2569,10.9863,-2.59507,-5.94688,12.1535,-10.9843,5.03302,-1.03158,7.18971e-06,-1.47963e-05,-0.948091,3.09195,-24.9222,13.167,0,10.0852,-1.03012,7.51298,-4.10966,3.29654,0.0890572,-0.00105263,0.000310707,-1.0211,4.59748,-31.5851,15.6913,18.6872,-1.49382,8.14124,-3.93922,-9.38551,4.37611,0.11629,0.0182606,-0.00598008,-0.0143286,1.4588,-1.46102,0.150207,0.0570973,0.142122,0.205733,5.22387,1.90518,-0.0326108,0.35878,-2.61752,-0.00970571,0.56676,-2.17556,0.169863,0.12736,0.170524,-6.39177,-1.99972,-0.00326398,0,484,0,6.93889e-18,9.70022e-18,-2.85586e-17,2.25514e-17,2.21177e-17,1.80384e-17,4.33681e-17,4.25007e-17,4.45065e-17,0,-0.528787,-0.128279,0.518413,-0.00730433,3.14159,2.21995,0.00758917,3.26716,-0.00726955,-0.392699,4.181,0.00677499,3.13384,-0.00672502,0.523599,0,0,0,0.0493624,-0.0053581,-0.528787,0.518411,3.13641,2.21995,3.26715,-0.398036,4.181,3.1338,0.515851,0.0052011,-1.40761,0.65635,-3.34612e-05,-0.0472231,-0.00214929,0.218819,-0.219154,0.00264544,0.0487079,0.0122351,1.00016,0.179294,-1.57479,-3.87273,-3.96308,127.332,56.8688,-0.0103471,5.34363,-56.9284,-1.00994,9.00433,-47.4431,-1.24908,199.087,-0.0413269,199.087,49.5248,-127.347,49.437,-127.383,-50.7006,-100.436,-50.8289,-100.361,-397.168,-0.00608444,239.175,-99.1076,175.85,100.931,6.02873,-31.6405,13.4986,-31.6212,-6.03505,20.5179,0.566485,20.5362,-5.0295,16.3233,0.954559,16.2869
1.08,-6.38638,-2.00309,0.0592332,0.164863,-0.000159359,0.784196,-0.523584,-0.308406,0.517248,0.0767007,3.14202,-2.26976,2.22515,-3.25675,3.27295,0.283976,-0.39253,-4.21735,4.18624,-3.11593,3.13961,-0.612434,0.521524,-5.33638,-2.00336,-7.69427,-0.406781,-7.66359,-3.66244,-4.78638,-2.00335,-7.18616,-0.617324,-7.1866,-3.38861,0.208411,0.408734,-0.497854,0.0514402,-0.00340108,0.0804525,-0.00562037,-0.109606,-0.529045,-1.15886,0.518153,-0.0487616,3.13615,0.0802362,2.21969,0.0523578,3.26689,-0.048522,-0.398297,0.121839,4.18078,0.0445537,3.13358,-0.0449612,0.515641,-0.0490373,1.00281,0.150089,-1.25463,1.28201,-3.48578,10.476,-21.4211,11.0929,-2.58866,-6.00953,12.3013,-11.0907,5.04932,-1.05808,7.85914e-06,-1.62043e-05,-0.942094,3.20551,-24.9152,13.1969,0,10.0026,-1.07324,7.5067,-4.12094,3.27638,0.0902731,-0.00108874,0.000322543,-1.01485,4.86255,-31.6054,15.7204,18.7801,-1.61346,8.14833,-3.94624,-9.43148,4.39036,0.115847,0.017921,-0.00587613,-0.0141218,1.46354,-1.46574,0.150223,0.0596442,0.143905,0.206185,5.37561,1.91367,-0.0294161,0.389934,-2.71531,-0.0154345,0.577758,-2.21819,0.170413,0.12658,0.171078,-6.38643,-1.99969,-0.00340108,0,508,-6.93889e-18,-1.38778e-17,-1.65341e-17,-2.38186e-18,1.30104e-17,1.30104e-17,2.40557e-18,3.81639e-17,3.9465e-17,3.00324e-17,0,-0.529045,-0.132224,0.518155,-0.00731395,3.14159,2.21969,0.0078533,3.26689,-0.0072783,-0.392699,4.18078,0.00668069,3.13363,-0.00674418,0.523599,0,0,0,0.0513864,-0.00562037,-0.529045,0.518153,3.13615,2.21969,3.26689,-0.398297,4.18078,3.13358,0.515641,0.00546101,-1.41447,0.658476,-3.86715e-05,-0.047952,-0.00211827,0.219532,-0.21986,0.00264005,0.0487732,0.012257,1.00017,0.185669,-1.63582,-4.02431,-4.08275,131.128,57.7179,0.00269925,5.92714,-58.9631,-1.05749,9.15229,-48.386,-1.29164,206.892,-0.0374584,206.892,51.4591,-132.285,51.3696,-132.322,-52.6935,-104.485,-52.8238,-104.409,-412.791,-0.00712713,248.517,-102.979,182.761,104.91,6.11874,-32.8812,13.901,-32.8622,-6.25075,21.3128,0.628343,21.3318,-5.12945,16.9811,0.970245,16.9474
1.12,-6.38108,-2.0032,0.0616757,0.170668,-0.000164123,0.792448,-0.523582,-0.302356,0.517056,0.0769394,3.14205,-2.27089,2.22515,-3.25546,3.27296,0.280034,-0.392521,-4.21797,4.1863,-3.11565,3.13967,-0.613991,0.521591,-5.33108,-2.00347,-7.68896,-0.406884,-7.65828,-3.66257,-4.78108,-2.00346,-7.18086,-0.617427,-7.18131,-3.38871,0.214247,0.410021,-0.497568,0.0535724,-0.00353756,0.0847728,-0.00588523,-0.116328,-0.529303,-1.19401,0.517894,-0.0488259,3.13589,0.084975,2.21943,0.0536697,3.26663,-0.0485802,-0.398559,0.126292,4.18058,0.046531,3.13338,-0.0450914,0.515439,-0.049125,1.00304,0.155668,-1.25501,1.28439,-3.68737,10.5418,-21.59,11.2029,-2.57762,-6.07344,12.453,-11.2006,5.06563,-1.08426,8.66555e-06,-1.79016e-05,-0.936059,3.31821,-24.9099,13.2273,0,9.92197,-1.11728,7.50138,-4.1322,3.25637,0.0910179,-0.00112643,0.000334877,-1.00864,5.01251,-31.6335,15.7514,18.8918,-1.66519,8.15884,-3.95364,-9.48668,4.40975,0.11948,0.0175573,-0.00576293,-0.0139028,1.47001,-1.47217,0.150241,0.0610639,0.145121,0.206303,5.52655,1.91937,-0.0281885,0.422149,-2.81368,-0.0153996,0.586252,-2.25705,0.170962,0.125806,0.171832,-6.3811,-1.99966,-0.00353756,0,532,0,6.93889e-18,4.96022e-18,-4.96022e-18,-3.20924e-17,-3.29597e-17,-2.70373e-17,6.07153e-17,5.89806e-17,5.22585e-17,0,-0.529303,-0.136184,0.517897,-0.00732355,3.14159,2.21943,0.00805007,3.26663,-0.00728702,-0.392699,4.18058,0.00697712,3.13343,-0.00676371,0.523599,0,0,0,0.053512,-0.00588523,-0.529303,0.517894,3.13589,2.21943,3.26663,-0.398559,4.18058,3.13338,0.515439,0.00572111,-1.42274,0.661382,-4.07584e-05,-0.0481347,-0.00208542,0.220502,-0.220825,0.00272367,0.0488386,0.012279,1.00017,0.18714,-1.70244,-4.1503,-4.16736,134.644,58.2968,-0.00853189,6.59315,-60.9171,-0.899442,9.27764,-49.1033,-1.33415,215.476,-0.0437234,215.477,53.5341,-137.316,53.4442,-137.353,-54.8103,-108.321,-54.9444,-108.242,-430.013,-0.00828613,258.543,-107.134,190.099,109.136,6.18012,-34.2522,14.2738,-34.2343,-6.4579,22.1178,0.698948,22.1373,-5.2055,17.598,0.983534,17.5639
1.16,-6.37579,-2.00331,0.0641585,0.176507,-0.000169277,0.800694,-0.52358,-0.296341,0.516864,0.0770617,3.14207,-2.27199,2.22515,-3.25412,3.27297,0.276071,-0.392512,-4.21856,4.18635,-3.11536,3.13974,-0.615502,0.521657,-5.32579,-2.00359,-7.68366,-0.406985,-7.65297,-3.6627,-4.77579,-2.00358,-7.17555,-0.617529,-7.17602,-3.38881,0.220049,0.411357,-0.497271,0.055762,-0.00367499,0.0890969,-0.00615068,-0.12334,-0.529562,-1.22916,0.517636,-0.0488903,3.13563,0.089705,2.21917,0.0547748,3.26636,-0.0486381,-0.398821,0.129795,4.18037,0.0487767,3.13318,-0.0452214,0.515237,-0.0492144,1.00329,0.161263,-1.25542,1.28689,-3.89653,10.6088,-21.7635,11.3163,-2.55866,-6.13854,12.6084,-11.3138,5.08175,-1.10995,9.42819e-06,-1.95161e-05,-0.929983,3.43089,-24.9056,13.2585,0,9.84208,-1.16181,7.49649,-4.14367,3.23635,0.0915386,-0.00116568,0.00034775,-1.00244,5.14451,-31.6623,15.7837,19.0056,-1.70694,8.16949,-3.96139,-9.54288,4.42999,0.123579,0.0171946,-0.00565025,-0.013683,1.47676,-1.47888,0.15026,0.06207,0.145962,0.206155,5.6766,1.92214,-0.0274713,0.455594,-2.91256,-0.0146177,0.595005,-2.29475,0.171506,0.125032,0.172619,-6.37578,-1.99963,-0.00367499,0,556,-3.46945e-18,6.93889e-18,1.278e-17,-3.18213e-17,0,-8.67362e-19,9.08019e-19,-3.72966e-17,-3.90313e-17,-3.49655e-17,0,-0.529562,-0.140142,0.517639,-0.00733317,3.14159,2.21917,0.00821582,3.26637,-0.00729572,-0.392699,4.18037,0.0073138,3.13323,-0.0067832,0.523599,0,0,0,0.0556943,-0.00615068,-0.529562,0.517636,3.13563,2.21917,3.26636,-0.398821,4.18037,3.13318,0.515237,0.0059814,-1.43116,0.664413,-4.2459e-05,-0.0483774,-0.00205244,0.221514,-0.221831,0.00281692,0.0489041,0.0123009,1.00018,0.187114,-1.76284,-4.28066,-4.25026,138.23,58.8871,-0.00310583,7.26157,-62.9153,-0.889677,9.41268,-49.8799,-1.38141,223.288,-0.0486762,223.288,55.4093,-141.79,55.3188,-141.828,-56.7204,-111.681,-56.8578,-111.601,-445.701,-0.00951656,267.604,-110.889,196.718,112.952,6.24269,-35.5012,14.6539,-35.4845,-6.66973,22.8323,0.769807,22.8524,-5.28783,18.1369,0.99785,18.1019
1.2,-6.37048,-2.00341,0.0666734,0.182374,-0.00017522,0.808934,-0.523578,-0.290356,0.516673,0.0770739,3.14209,-2.27307,2.22515,-3.25274,3.27297,0.272078,-0.392503,-4.21912,4.18641,-3.11506,3.13981,-0.616978,0.521725,-5.32048,-2.00371,-7.67835,-0.407086,-7.64766,-3.66283,-4.77048,-2.00369,-7.17024,-0.617631,-7.17073,-3.38891,0.225821,0.412734,-0.496972,0.0579923,-0.00381365,0.0934263,-0.00641711,-0.130614,-0.52982,-1.26426,0.517378,-0.0489549,3.13537,0.0944309,2.2189,0.0557396,3.2661,-0.048696,-0.399083,0.133231,4.18017,0.0509164,3.13297,-0.0453541,0.515036,-0.0493053,1.00355,0.166878,-1.25585,1.2895,-4.1132,10.6771,-21.9415,11.4329,-2.53176,-6.20479,12.7675,-11.4302,5.09769,-1.13513,1.01509e-05,-2.10555e-05,-0.923875,3.54362,-24.9019,13.2908,0,9.76263,-1.20663,7.49191,-4.1554,3.21631,0.0919048,-0.00120656,0.000361201,-0.996222,5.27527,-31.6907,15.8175,19.1187,-1.74857,8.17982,-3.96948,-9.59872,4.4503,0.127566,0.0168215,-0.00553448,-0.0134516,1.48353,-1.48561,0.15028,0.0628714,0.146672,0.205982,5.82589,1.92215,-0.0270793,0.490083,-3.01222,-0.0140422,0.603844,-2.33158,0.172044,0.124257,0.17341,-6.37046,-1.9996,-0.00381365,0,580,-3.46945e-18,-2.08167e-17,5.54298e-18,-5.54298e-18,1.12757e-17,1.12757e-17,1.23599e-17,-5.72459e-17,-5.72459e-17,-5.45896e-17,0,-0.52982,-0.144097,0.51738,-0.00734282,3.14159,2.2189,0.00836053,3.26611,-0.00730439,-0.392699,4.18017,0.00763461,3.13303,-0.00680311,0.523599,0,0,0,0.0579166,-0.00641711,-0.52982,0.517378,3.13537,2.2189,3.2661,-0.399083,4.18017,3.13297,0.515036,0.00624189,-1.43952,0.667457,-4.40545e-05,-0.0488004,-0.00201773,0.22253,-0.222842,0.00290711,0.0489696,0.0123229,1.00019,0.186892,-1.82122,-4.41059,-4.33117,141.826,59.4421,0.00629473,7.94611,-64.9362,-0.90355,9.54957,-50.6549,-1.43013,230.823,-0.053218,230.823,57.2172,-146.092,57.1261,-146.129,-58.5611,-114.908,-58.7017,-114.826,-460.843,-0.0108632,276.34,-114.51,203.095,116.629,6.30152,-36.7062,15.0352,-36.6909,-6.88396,23.519,0.842377,23.5397,-5.36999,18.6542,1.01236,18.6183
1.24,-6.36518,-2.00352,0.0692154,0.188264,-0.000181758,0.817163,-0.523576,-0.284401,0.516483,0.0769701,3.14211,-2.27415,2.22514,-3.25132,3.27297,0.268047,-0.392494,-4.21965,4.18647,-3.11473,3.13988,-0.618446,0.521789,-5.31518,-2.00382,-7.67303,-0.407186,-7.64235,-3.66296,-4.76518,-2.00381,-7.16493,-0.617732,-7.16543,-3.38901,0.231563,0.414147,-0.49664,0.0602552,-0.00395353,0.0977656,-0.00668432,-0.138141,-0.530078,-1.29932,0.517119,-0.0490195,3.13512,0.0991664,2.21864,0.0566013,3.26584,-0.0487538,-0.399345,0.136539,4.17996,0.0530259,3.13277,-0.045482,0.514831,-0.0493978,1.00382,0.172519,-1.2563,1.29222,-4.33765,10.7467,-22.124,11.5528,-2.49668,-6.2722,12.9304,-11.5499,5.11345,-1.15982,1.09751e-05,-2.28134e-05,-0.917736,3.65659,-24.8988,13.3241,0,9.6834,-1.25169,7.48756,-4.16743,3.19624,0.0921555,-0.00124835,0.000375025,-0.989997,5.40362,-31.7189,15.8525,19.2317,-1.78918,8.19,-3.97791,-9.65454,4.47077,0.131537,0.0164728,-0.00542693,-0.0132369,1.49036,-1.4924,0.150301,0.0635511,0.147271,0.205745,5.97443,1.91925,-0.0268753,0.525486,-3.11277,-0.0133601,0.613411,-2.36821,0.172577,0.123481,0.174206,-6.36514,-1.99956,-0.00395353,0,604,0,0,-1.51246e-17,5.34376e-17,-8.67362e-18,-8.67362e-18,-1.24819e-17,9.28077e-17,9.45424e-17,8.86335e-17,0,-0.530078,-0.148047,0.517122,-0.00735245,3.14159,2.21864,0.00848977,3.26585,-0.00731307,-0.392699,4.17996,0.00795088,3.13282,-0.0068223,0.523599,0,0,0,0.0601708,-0.00668432,-0.530078,0.517119,3.13512,2.21864,3.26584,-0.399345,4.17996,3.13277,0.514831,0.00650256,-1.44789,0.670524,-4.55456e-05,-0.0492917,-0.00198553,0.223554,-0.22386,0.00299672,0.0490352,0.012345,1.00019,0.186706,-1.8784,-4.53984,-4.41002,145.414,59.9437,0.0183669,8.64705,-66.9775,-0.915524,9.70005,-51.4268,-1.47932,238.196,-0.0579027,238.196,58.9871,-150.303,58.8955,-150.341,-60.3633,-118.066,-60.5071,-117.983,-475.664,-0.0122446,284.893,-118.055,209.339,120.23,6.35471,-37.8853,15.4155,-37.8714,-7.10037,24.1913,0.916684,24.2126,-5.45182,19.1606,1.02831,19.1238
1.28,-6.35987,-2.00362,0.0717818,0.194177,-0.00018901,0.825383,-0.523574,-0.278476,0.516293,0.0767522,3.14213,-2.27522,2.22514,-3.24987,3.27298,0.263975,-0.392486,-4.22017,4.18652,-3.11441,3.13995,-0.619889,0.521855,-5.30987,-2.00394,-7.66772,-0.407286,-7.63704,-3.66308,-4.75987,-2.00393,-7.15961,-0.617832,-7.16014,-3.38911,0.237276,0.415594,-0.496311,0.0625459,-0.00409466,0.102116,-0.00695243,-0.145903,-0.530337,-1.33435,0.51686,-0.0490841,3.13486,0.103903,2.21838,0.0573869,3.26558,-0.0488115,-0.399608,0.139993,4.17976,0.0549892,3.13256,-0.0456127,0.514627,-0.0494917,1.00411,0.178187,-1.25677,1.29504,-4.57,10.8175,-22.3112,11.6762,-2.45335,-6.34079,13.0972,-11.6731,5.12905,-1.184,1.17896e-05,-2.45598e-05,-0.911568,3.76971,-24.8962,13.3584,0,9.60429,-1.29687,7.48337,-4.17978,3.17611,0.0923187,-0.0012915,0.000389371,-0.983755,5.53495,-31.7469,15.8889,19.3438,-1.83191,8.19991,-3.98668,-9.70992,4.49116,0.135323,0.0161145,-0.00531643,-0.0130112,1.49716,-1.49917,0.150323,0.0641609,0.147819,0.205481,6.12223,1.91349,-0.0267891,0.561751,-3.21437,-0.0129752,0.622965,-2.40421,0.173103,0.122702,0.175,-6.35982,-1.99953,-0.00409466,0,628,-6.93889e-18,-1.38778e-17,-7.29126e-18,7.28448e-18,-1.12757e-17,-1.21431e-17,-1.37965e-17,2.25514e-17,2.1684e-17,2.61835e-17,0,-0.530337,-0.151993,0.516863,-0.0073621,3.14159,2.21838,0.0086076,3.26558,-0.00732172,-0.392699,4.17976,0.00824523,3.13262,-0.00684191,0.523599,0,0,0,0.062452,-0.00695243,-0.530337,0.51686,3.13486,2.21838,3.26558,-0.399608,4.17976,3.13256,0.514627,0.00676342,-1.45618,0.673581,-4.69469e-05,-0.0498969,-0.00195167,0.224574,-0.224875,0.00308198,0.0491009,0.012367,1.0002,0.186655,-1.9349,-4.66798,-4.48605,148.989,60.3893,0.0324488,9.3648,-69.0405,-0.933034,9.85173,-52.1882,-1.52872,245.465,-0.0627966,245.465,60.7339,-154.465,60.6419,-154.503,-62.1421,-121.198,-62.289,-121.112,-490.28,-0.0137525,293.335,-121.553,215.501,123.786,6.40195,-39.0474,15.7945,-39.035,-7.31907,24.8557,0.992773,24.8776,-5.53253,19.6629,1.04439,19.6252
1.32,-6.35457,-2.00373,0.0743709,0.200109,-0.000196721,0.833589,-0.523571,-0.272579,0.516104,0.0764175,3.14216,-2.27629,2.22514,-3.24838,3.27298,0.259859,-0.392477,-4.22067,4.18658,-3.11407,3.14002,-0.621311,0.52192,-5.30457,-2.00406,-7.6624,-0.407384,-7.63173,-3.66321,-4.75457,-2.00404,-7.15429,-0.617932,-7.15484,-3.38921,0.24296,0.417075,-0.495976,0.0648616,-0.00423703,0.106479,-0.0072212,-0.153907,-0.530596,-1.36933,0.516602,-0.0491488,3.1346,0.108647,2.21812,0.0581088,3.26531,-0.0488691,-0.39987,0.143408,4.17955,0.0569154,3.13236,-0.0457439,0.514423,-0.0495871,1.00441,0.183885,-1.25727,1.29797,-4.81063,10.8897,-22.5031,11.8031,-2.40136,-6.41059,13.2679,-11.7998,5.14448,-1.20767,1.26054e-05,-2.63182e-05,-0.90537,3.88309,-24.894,13.3939,0,9.52521,-1.34215,7.47933,-4.19248,3.15592,0.0924075,-0.00133589,0.000404208,-0.977494,5.66571,-31.7749,15.9267,19.456,-1.87453,8.20974,-3.99579,-9.7653,4.51165,0.139089,0.0157567,-0.00520624,-0.012783,1.50399,-1.50596,0.150346,0.0647257,0.148292,0.20515,6.26928,1.90479,-0.0267448,0.59887,-3.31706,-0.0125702,0.632673,-2.43968,0.173624,0.121921,0.175797,-6.35451,-1.99949,-0.00423703,0,652,-3.46945e-18,-6.93889e-18,-9.09375e-18,2.83722e-17,1.04083e-17,9.54098e-18,1.03406e-17,5.55112e-17,5.46438e-17,4.34765e-17,0,-0.530596,-0.155934,0.516605,-0.00737176,3.14159,2.21812,0.00871587,3.26532,-0.00733037,-0.392699,4.17955,0.00853401,3.13242,-0.00686158,0.523599,0,0,0,0.0647574,-0.0072212,-0.530596,0.516602,3.1346,2.21812,3.26531,-0.39987,4.17955,3.13236,0.514423,0.00702448,-1.46448,0.676652,-4.82568e-05,-0.0505181,-0.00191746,0.225599,-0.225894,0.00316669,0.0491667,0.0123891,1.00021,0.186512,-1.99109,-4.79531,-4.55908,152.549,60.7767,0.0477221,10.0996,-71.1252,-0.944692,10.0064,-52.9362,-1.57864,252.683,-0.0681122,252.684,62.4683,-158.593,62.376,-158.631,-63.908,-124.299,-64.0581,-124.212,-504.8,-0.0153786,301.718,-125.028,221.618,127.316,6.44301,-40.2016,16.1719,-40.1908,-7.54006,25.5147,1.07067,25.5372,-5.61183,20.1603,1.06079,20.1217
1.36,-6.34925,-2.00384,0.0769816,0.206059,-0.000205061,0.841781,-0.523569,-0.26671,0.515916,0.0759663,3.14218,-2.27736,2.22514,-3.24686,3.27298,0.255697,-0.392468,-4.22116,4.18663,-3.11373,3.14008,-0.622713,0.521985,-5.29925,-2.00418,-7.65707,-0.407483,-7.62641,-3.66334,-4.74925,-2.00416,-7.14897,-0.618031,-7.14954,-3.38931,0.248617,0.418589,-0.495634,0.0672005,-0.00438067,0.110853,-0.00749078,-0.162136,-0.530855,-1.40427,0.516343,-0.0492137,3.13434,0.113391,2.21785,0.0587747,3.26505,-0.0489267,-0.400133,0.146813,4.17935,0.058793,3.13215,-0.0458753,0.514219,-0.049684,1.00473,0.189614,-1.25779,1.30101,-5.05962,10.9632,-22.6999,11.9337,-2.34064,-6.48163,13.4427,-11.93,5.15975,-1.23084,1.33976e-05,-2.80364e-05,-0.899146,3.99664,-24.8922,13.4305,0,9.44615,-1.38745,7.47543,-4.20553,3.13567,0.0924308,-0.00138147,0.000419534,-0.971215,5.79645,-31.8031,15.9658,19.5681,-1.91737,8.21949,-4.00525,-9.82061,4.53221,0.142816,0.0154004,-0.00509664,-0.0125532,1.51085,-1.51278,0.150371,0.0652689,0.148743,0.204809,6.41563,1.89318,-0.0267377,0.636842,-3.4209,-0.0121773,0.642568,-2.47466,0.17414,0.121138,0.176596,-6.3492,-1.99945,-0.00438067,0,676,0,1.38778e-17,4.81115e-18,3.38542e-17,-2.86229e-17,-2.60209e-17,-1.87635e-17,5.29091e-17,5.20417e-17,6.55942e-17,0,-0.530855,-0.159872,0.516346,-0.00738144,3.14159,2.21785,0.00881575,3.26506,-0.00733901,-0.392699,4.17935,0.00881552,3.13221,-0.00688129,0.523599,0,0,0,0.0670852,-0.00749078,-0.530855,0.516343,3.13434,2.21785,3.26505,-0.400133,4.17935,3.13215,0.514219,0.00728572,-1.47277,0.679732,-4.95943e-05,-0.0511666,-0.00188299,0.226627,-0.226917,0.00325042,0.0492325,0.0124112,1.00022,0.186341,-2.04738,-4.92203,-4.62952,156.1,61.1086,0.0637112,10.8518,-73.2323,-0.957405,10.1661,-53.6741,-1.62915,259.906,-0.0736911,259.907,64.204,-162.723,64.1114,-162.761,-65.6751,-127.401,-65.8283,-127.312,-519.333,-0.0171473,310.108,-128.505,227.738,130.849,6.4782,-41.3566,16.5484,-41.3475,-7.76344,26.174,1.15041,26.197,-5.69006,20.6576,1.07772,20.6181
1.4,-6.34394,-2.00394,0.0796135,0.212026,-0.000214087,0.84996,-0.523566,-0.260868,0.515728,0.075398,3.14221,-2.27843,2.22514,-3.24531,3.27298,0.251487,-0.39246,-4.22163,4.18669,-3.11338,3.14015,-0.624095,0.52205,-5.29394,-2.0043,-7.65175,-0.40758,-7.6211,-3.66346,-4.74394,-2.00428,-7.14364,-0.618129,-7.14424,-3.38941,0.254247,0.420138,-0.495284,0.0695618,-0.00452557,0.115239,-0.00776125,-0.170584,-0.531113,-1.43918,0.516084,-0.0492786,3.13408,0.118136,2.21759,0.0593886,3.26479,-0.0489843,-0.400397,0.150222,4.17914,0.0606202,3.13194,-0.0460069,0.514013,-0.0497825,1.00506,0.195373,-1.25833,1.30416,-5.31726,11.038,-22.9016,12.0679,-2.27094,-6.55394,13.6217,-12.064,5.17487,-1.2535,1.42028e-05,-2.97915e-05,-0.892895,4.1104,-24.8909,13.4682,0,9.36709,-1.43279,7.47165,-4.21893,3.11536,0.0923932,-0.00142817,0.000435333,-0.964916,5.92746,-31.8313,16.0064,19.68,-1.96058,8.22916,-4.01506,-9.87585,4.55282,0.146498,0.0150457,-0.00498762,-0.0123218,1.51772,-1.51961,0.150396,0.0657976,0.149183,0.204467,6.56131,1.87862,-0.0267659,0.675666,-3.52592,-0.0118057,0.65265,-2.50915,0.174651,0.120353,0.177398,-6.34389,-1.99941,-0.00452557,0,700,3.46945e-18,-6.93889e-18,-9.54098e-18,9.54776e-18,9.54098e-18,1.04083e-17,1.30036e-17,-3.81639e-17,-3.90313e-17,-3.33392e-17,0,-0.531113,-0.163805,0.516087,-0.00739112,3.14159,2.21759,0.00890782,3.26479,-0.00734764,-0.392699,4.17914,0.00908945,3.13201,-0.00690104,0.523599,0,0,0,0.0694345,-0.00776125,-0.531113,0.516084,3.13408,2.21759,3.26479,-0.400397,4.17914,3.13194,0.514013,0.00754716,-1.48105,0.682821,-5.10187e-05,-0.0518426,-0.00184827,0.227658,-0.227942,0.00333309,0.0492984,0.0124333,1.00022,0.186282,-2.10395,-5.04851,-4.69762,159.642,61.3848,0.0801781,11.6214,-75.3628,-0.970529,10.3304,-54.4018,-1.67996,267.15,-0.0794961,267.151,65.9464,-166.874,65.8535,-166.912,-67.4491,-130.522,-67.6056,-130.431,-533.912,-0.019086,318.53,-131.995,233.882,134.397,6.50748,-42.5147,16.9239,-42.5073,-7.9893,26.8367,1.23199,26.8602,-5.7672,21.1582,1.09514,21.1178
1.44,-6.33862,-2.00405,0.0822662,0.218009,-0.00022361,0.858123,-0.523563,-0.255052,0.515541,0.074711,3.14223,-2.2795,2.22513,-3.24372,3.27299,0.247228,-0.392451,-4.22209,4.18674,-3.11303,3.14022,-0.625461,0.522114,-5.28862,-2.00443,-7.64642,-0.407677,-7.61578,-3.66359,-4.73862,-2.0044,-7.13831,-0.618227,-7.13893,-3.38951,0.259852,0.42172,-0.49493,0.071945,-0.00467173,0.119639,-0.0080324,-0.179254,-0.531372,-1.47405,0.515825,-0.0493437,3.13382,0.122889,2.21733,0.0599524,3.26452,-0.0490418,-0.40066,0.153651,4.17893,0.0623946,3.13174,-0.0461389,0.513808,-0.0498825,1.00541,0.201165,-1.25889,1.30743,-5.58394,11.1143,-23.1086,12.2059,-2.19187,-6.62756,13.805,-12.2018,5.18983,-1.27566,1.49206e-05,-3.13729e-05,-0.886616,4.22443,-24.8899,13.5071,0,9.288,-1.47818,7.46799,-4.23271,3.09498,0.0922975,-0.00147613,0.000451654,-0.958596,6.05906,-31.8597,16.0483,19.7919,-2.00434,8.23875,-4.02522,-9.93103,4.57347,0.150131,0.0146925,-0.00487913,-0.0120887,1.52461,-1.52647,0.150422,0.0663159,0.149582,0.204084,6.70633,1.86109,-0.0267979,0.715346,-3.63217,-0.0114557,0.662848,-2.54322,0.175156,0.119565,0.178202,-6.33859,-1.99937,-0.00467173,0,724,0,-2.08167e-17,-1.59039e-17,-2.30054e-17,1.64799e-17,1.64799e-17,2.20229e-17,-3.81639e-17,-3.90313e-17,-4.46149e-17,0,-0.531372,-0.167735,0.515829,-0.00740084,3.14159,2.21733,0.00899238,3.26453,-0.00735626,-0.392699,4.17893,0.00935547,3.1318,-0.00692083,0.523599,0,0,0,0.0718048,-0.0080324,-0.531372,0.515825,3.13382,2.21733,3.26452,-0.40066,4.17893,3.13174,0.513808,0.00780879,-1.48931,0.685917,-5.2263e-05,-0.0525281,-0.00181331,0.228691,-0.22897,0.00341462,0.0493644,0.0124555,1.00023,0.186144,-2.16067,-5.17445,-4.7631,163.173,61.6024,0.0971736,12.4085,-77.5173,-0.983764,10.4983,-55.1201,-1.73137,274.407,-0.085749,274.408,67.6916,-171.028,67.5985,-171.067,-69.2258,-133.642,-69.3855,-133.55,-548.522,-0.0212226,326.966,-135.492,240.035,137.951,6.53054,-43.675,17.2981,-43.6695,-8.2177,27.4999,1.31544,27.524,-5.84335,21.6586,1.11293,21.6173
1.48,-6.33331,-2.00415,0.0849394,0.224009,-0.000233858,0.866272,-0.52356,-0.249259,0.515354,0.0739056,3.14226,-2.28057,2.22513,-3.24209,3.27299,0.242918,-0.392443,-4.22254,4.1868,-3.11267,3.14028,-0.626808,0.522179,-5.28331,-2.00455,-7.64108,-0.407773,-7.61046,-3.66371,-4.73331,-2.00453,-7.13298,-0.618324,-7.13363,-3.3896,0.265432,0.423337,-0.494568,0.0743497,-0.00481917,0.12405,-0.00830446,-0.188133,-0.531631,-1.5089,0.515567,-0.049409,3.13356,0.12764,2.21706,0.0604696,3.26426,-0.0490992,-0.400924,0.15707,4.17873,0.0641289,3.13153,-0.046271,0.513602,-0.0499842,1.00576,0.20699,-1.25948,1.3108,-5.85979,11.1921,-23.3208,12.3479,-2.10333,-6.70253,13.9928,-12.3435,5.20465,-1.29732,1.55999e-05,-3.28826e-05,-0.880311,4.33864,-24.8893,13.5471,0,9.2089,-1.52355,7.46445,-4.24687,3.07453,0.0921479,-0.00152525,0.00046848,-0.952256,6.19064,-31.8882,16.0916,19.9036,-2.04829,8.2483,-4.03574,-9.98617,4.5942,0.153734,0.014341,-0.0047712,-0.0118542,1.53152,-1.53334,0.15045,0.0668318,0.149987,0.203717,6.85073,1.84058,-0.0268499,0.755907,-3.73969,-0.011101,0.673236,-2.5768,0.175656,0.118774,0.179008,-6.33329,-1.99933,-0.00481917,0,748,6.93889e-18,6.93889e-18,9.40545e-18,2.95987e-17,-8.67362e-18,-1.12757e-17,-3.65918e-19,3.1225e-17,3.1225e-17,2.58582e-17,0,-0.531631,-0.171661,0.51557,-0.00741058,3.14159,2.21706,0.00906994,3.26427,-0.00736488,-0.392699,4.17873,0.00961547,3.1316,-0.00694065,0.523599,0,0,0,0.0741956,-0.00830446,-0.531631,0.515567,3.13356,2.21706,3.26426,-0.400924,4.17873,3.13153,0.513602,0.0080706,-1.49758,0.689023,-5.36654e-05,-0.0532323,-0.00177813,0.229728,-0.230001,0.00349544,0.0494305,0.0124777,1.00024,0.186082,-2.21781,-5.3,-4.82624,166.696,61.764,0.114629,13.2139,-79.6964,-0.996654,10.671,-55.8277,-1.78322,281.704,-0.0922312,281.705,69.4476,-175.213,69.3544,-175.251,-71.0138,-136.787,-71.1767,-136.692,-563.216,-0.0235839,335.455,-139.011,246.226,141.527,6.54768,-44.8416,17.6716,-44.838,-8.44872,28.168,1.40082,28.1926,-5.91836,22.1631,1.13124,22.1208
1.52,-6.32798,-2.00426,0.0876332,0.230023,-0.000244601,0.874408,-0.523559,-0.243475,0.515166,0.0729503,3.14228,-2.28165,2.22513,-3.24043,3.27299,0.238556,-0.392434,-4.22297,4.18685,-3.1123,3.14035,-0.628137,0.522243,-5.27798,-2.00467,-7.63575,-0.407869,-7.60513,-3.66384,-4.72798,-2.00465,-7.12764,-0.61842,-7.12832,-3.3897,0.271004,0.424991,-0.4942,0.0767759,-0.00496788,0.128475,-0.00857721,-0.197255,-0.531892,-1.54369,0.515306,-0.0494744,3.1333,0.132397,2.2168,0.060939,3.26399,-0.0491567,-0.401188,0.160509,4.17852,0.0658121,3.13132,-0.0464034,0.513396,-0.0500874,1.00614,0.21285,-1.26009,1.31429,-6.14565,11.2713,-23.5384,12.4939,-2.00438,-6.7789,14.1853,-12.4892,5.2193,-1.31846,1.63143e-05,-3.44757e-05,-0.873977,4.45315,-24.8891,13.5884,0,9.12975,-1.56896,7.46104,-4.26141,3.05402,0.0919443,-0.00157563,0.000485844,-0.945896,6.32286,-31.9168,16.1364,20.0153,-2.09279,8.2578,-4.04662,-10.0413,4.61497,0.157289,0.013991,-0.00466376,-0.0116181,1.53845,-1.54023,0.150478,0.0673448,0.150357,0.203401,6.99493,1.81632,-0.0268896,0.797376,-3.8485,-0.0107569,0.683762,-2.60996,0.176151,0.117981,0.179816,-6.32799,-1.99929,-0.00496788,0,772,0,-6.93889e-18,-1.13028e-17,5.04154e-17,-2.60209e-18,-3.46945e-18,2.48011e-18,3.03577e-17,3.03577e-17,3.36645e-17,0,-0.531892,-0.175583,0.515309,-0.00742033,3.14159,2.2168,0.00914034,3.264,-0.0073735,-0.392699,4.17852,0.0098678,3.13139,-0.00696052,0.523599,0,0,0,0.0766068,-0.00857721,-0.531892,0.515306,3.1333,2.2168,3.26399,-0.401188,4.17852,3.13132,0.513396,0.00833261,-1.50583,0.692135,-5.49844e-05,-0.0539402,-0.00174272,0.230767,-0.231034,0.00357515,0.0494967,0.0124999,1.00025,0.185208,-2.27525,-5.42519,-4.88675,170.218,61.8527,0.132386,14.038,-81.9007,-1.0102,10.8476,-56.5259,-1.83715,289.045,-0.0996714,289.046,71.2069,-179.369,71.1135,-179.407,-72.8014,-139.874,-72.9676,-139.778,-578.006,-0.0248693,343.961,-142.536,252.416,145.104,6.55708,-46.0161,18.045,-46.0146,-8.68239,28.8308,1.48818,28.8559,-5.99237,22.6572,1.14997,22.614
1.56,-6.32252,-2.00436,0.0903747,0.236134,-0.000255996,0.882665,-0.523565,-0.237507,0.514973,0.0717303,3.1423,-2.28275,2.22513,-3.23867,3.27299,0.233999,-0.392425,-4.2234,4.18691,-3.11191,3.14041,-0.629529,0.522309,-5.27252,-2.0048,-7.63026,-0.407966,-7.59967,-3.66396,-4.72252,-2.00477,-7.12216,-0.618518,-7.12287,-3.3898,0.276759,0.426741,-0.493803,0.0792125,-0.00512133,0.132909,-0.00886174,-0.206622,-0.53217,-1.57845,0.515027,-0.0495344,3.13302,0.137151,2.21652,0.0613586,3.26372,-0.0492168,-0.401463,0.163978,4.1783,0.0674321,3.1311,-0.0465413,0.513179,-0.050195,1.00653,0.218743,-1.26072,1.3179,-6.44189,11.3522,-23.7619,12.6441,-1.89467,-6.85673,14.3825,-12.639,5.23376,-1.3391,2.30419e-05,-4.88199e-05,-0.86761,4.56788,-24.8893,13.6308,0,9.05057,-1.61436,7.45774,-4.27633,3.03344,0.0916873,-0.00162738,0.000503795,-0.939514,6.45595,-31.9457,16.1827,20.1268,-2.13801,8.26722,-4.05786,-10.0962,4.63577,0.160784,0.0136318,-0.00455321,-0.0113714,1.54538,-1.54712,0.150508,0.0685368,0.152777,0.206439,7.14368,1.78563,-0.0276403,0.841271,-3.96218,-0.0108276,0.695085,-2.64468,0.17664,0.117185,0.180625,-6.32248,-1.99924,-0.00512133,0,797,6.93889e-18,-6.93889e-18,-2.5411e-17,5.79371e-18,6.93889e-18,5.20417e-18,4.83148e-18,4.51028e-17,4.59702e-17,5.43727e-17,0,-0.53217,-0.179501,0.515031,-0.00742897,3.14159,2.21652,0.00920328,3.26373,-0.00738252,-0.392699,4.1783,0.0101107,3.13117,-0.0069812,0.523599,0,0,0,0.0790275,-0.00886174,-0.53217,0.515027,3.13302,2.21652,3.26372,-0.401463,4.1783,3.1311,0.513179,0.00860574,-1.51407,0.695252,-5.62991e-05,-0.0550793,-0.00170572,0.231807,-0.232069,0.00365343,0.0495657,0.0125231,1.00025,0.171823,-2.33386,-5.5521,-4.9482,173.853,61.831,0.150533,14.9105,-84.2039,-1.02425,11.0402,-57.257,-1.91545,296.769,-0.115999,296.769,72.9393,-182.883,72.8451,-182.922,-74.5155,-141.965,-74.6848,-141.867,-593.658,-0.0224261,352.339,-146.009,258.348,148.533,6.55478,-47.2664,18.4304,-47.2688,-8.92656,29.3799,1.58068,29.4057,-6.06988,22.9752,1.17038,22.9313
1.6,-6.3173,-2.00447,0.0931024,0.242149,-0.000268437,0.890733,-0.523574,-0.231842,0.514771,0.0704113,3.14231,-2.28383,2.22513,-3.23701,3.27299,0.229642,-0.392417,-4.2238,4.18696,-3.11156,3.14047,-0.630747,0.52237,-5.2673,-2.00491,-7.62503,-0.408058,-7.59445,-3.66408,-4.7173,-2.0049,-7.11693,-0.618611,-7.11767,-3.38989,0.282208,0.428397,-0.49346,0.0817199,-0.00526976,0.137436,-0.00912564,-0.216137,-0.532432,-1.61392,0.514766,-0.0495902,3.13276,0.142104,2.21627,0.0617424,3.26347,-0.0492715,-0.401716,0.167526,4.1781,0.0691001,3.1309,-0.0466689,0.512981,-0.0502995,1.00694,0.224771,-1.26138,1.32168,-6.75085,11.436,-23.9949,12.8014,-1.77585,-6.93748,14.5882,-12.796,5.24853,-1.3597,2.90125e-05,-6.16348e-05,-0.861117,4.6857,-24.8898,13.6752,0,8.97012,-1.66113,7.45444,-4.29191,3.01256,0.0913776,-0.00167985,0.000522174,-0.933036,6.59182,-31.9753,16.231,20.2404,-2.18423,8.27694,-4.06964,-10.1523,4.65696,0.164376,0.013296,-0.00445043,-0.0111425,1.55245,-1.55416,0.150539,0.0681929,0.150386,0.201696,7.2849,1.75248,-0.0269163,0.882825,-4.07085,-0.00997257,0.704946,-2.67503,0.177138,0.116377,0.181449,-6.31741,-1.9992,-0.00526976,0,820,0,1.38778e-17,1.25496e-17,-1.25361e-17,-1.82146e-17,-1.9082e-17,-2.60073e-17,8.32667e-17,8.23994e-17,8.53267e-17,0,-0.532432,-0.183498,0.514769,-0.00743699,3.14159,2.21627,0.00926083,3.26348,-0.00739072,-0.392699,4.1781,0.0103607,3.13098,-0.00700034,0.523599,0,0,0,0.0815175,-0.00912564,-0.532432,0.514766,3.13276,2.21627,3.26347,-0.401716,4.1781,3.1309,0.512981,0.0088572,-1.52247,0.698429,-5.75212e-05,-0.0552242,-0.00167137,0.232868,-0.233123,0.00373406,0.0496292,0.0125444,1.00026,0.178295,-2.41702,-5.74098,-5.0759,177.652,62.0285,0.170491,15.7111,-86.4617,-1.04745,11.1694,-57.9472,-1.96422,307.151,-0.110864,307.151,75.5063,-189.34,75.4116,-189.379,-77.1321,-146.987,-77.3065,-146.885,-614.492,-0.0171559,364.744,-151.15,267.415,153.765,6.57571,-48.9191,18.8331,-48.9229,-9.16591,30.4176,1.66555,30.4438,-6.14305,23.7882,1.18409,23.7433
1.64,-6.31179,-2.00457,0.0958854,0.24828,-0.000281834,0.898958,-0.52359,-0.225848,0.514569,0.0687946,3.14232,-2.28493,2.22512,-3.23517,3.27299,0.22498,-0.392409,-4.2242,4.18701,-3.11115,3.14054,-0.6321,0.522436,-5.26179,-2.00503,-7.61951,-0.408153,-7.58895,-3.66421,-4.71179,-2.00502,-7.1114,-0.618708,-7.11219,-3.38999,0.287989,0.430233,-0.493047,0.0841923,-0.00542651,0.141867,-0.00941256,-0.225895,-0.532721,-1.64848,0.514477,-0.049652,3.13247,0.146683,2.21599,0.0621177,3.26319,-0.0493316,-0.401992,0.170874,4.17788,0.0706371,3.13069,-0.0468075,0.512764,-0.0504104,1.00736,0.2307,-1.26207,1.32551,-7.06691,11.5198,-24.2292,12.9596,-1.6448,-7.01806,14.7948,-12.9539,5.26262,-1.37922,3.47512e-05,-7.40271e-05,-0.854718,4.79893,-24.8909,13.72,0,8.89114,-1.70526,7.45139,-4.30757,2.99184,0.0910641,-0.00173387,0.000541163,-0.926613,6.72246,-32.0044,16.2801,20.3512,-2.22874,8.28622,-4.08159,-10.2069,4.67783,0.167801,0.0129394,-0.00434052,-0.010892,1.55941,-1.56108,0.150571,0.0695736,0.153269,0.205615,7.43429,1.71184,-0.0274805,0.928877,-4.18715,-0.00999767,0.716658,-2.70878,0.177615,0.115576,0.182262,-6.3119,-1.99915,-0.00542651,0,845,6.93889e-18,0,7.77915e-18,-2.75049e-17,-1.73472e-18,0,3.08998e-18,-4.42354e-17,-4.33681e-17,-5.77338e-17,0,-0.532721,-0.187394,0.514481,-0.00744592,3.14159,2.21599,0.00931711,3.2632,-0.00739974,-0.392699,4.17788,0.0105911,3.13076,-0.00702112,0.523599,0,0,0,0.0839717,-0.00941256,-0.532721,0.514477,3.13247,2.21599,3.26319,-0.401992,4.17788,3.13069,0.512764,0.00913073,-1.53065,0.701558,-5.87123e-05,-0.0564183,-0.0016338,0.233912,-0.234162,0.00381076,0.0496984,0.0125676,1.00027,0.16256,-2.45854,-5.8163,-5.06997,181.119,61.6459,0.193428,16.6493,-88.7718,-1.05611,11.3981,-58.6259,-2.04473,312.688,-0.134549,312.688,76.6943,-191.447,76.5991,-191.487,-78.2837,-147.925,-78.4606,-147.822,-625.799,-0.00791007,370.495,-153.534,271.394,156.074,6.53516,-49.8223,19.2006,-49.8305,-9.41081,30.7398,1.76501,30.7666,-6.21501,23.9184,1.20833,23.8728
1.68,-6.30653,-2.00468,0.0986634,0.254387,-0.000296452,0.90711,-0.523605,-0.220044,0.514361,0.067052,3.14233,-2.28606,2.22512,-3.23339,3.27299,0.220343,-0.3924,-4.2246,4.18706,-3.11077,3.1406,-0.633379,0.522497,-5.25653,-2.00515,-7.61422,-0.408244,-7.58369,-3.66432,-4.70653,-2.00515,-7.10612,-0.618799,-7.10694,-3.39008,0.293575,0.432003,-0.492668,0.0867323,-0.00557824,0.146405,-0.00968996,-0.235641,-0.532999,-1.68403,0.514199,-0.0497148,3.1322,0.151612,2.21573,0.0623812,3.26293,-0.049389,-0.402257,0.174399,4.17767,0.0721907,3.13047,-0.0469384,0.512554,-0.0505211,1.0078,0.236787,-1.26278,1.32952,-7.39526,11.6072,-24.4746,13.1263,-1.50662,-7.10202,15.0112,-13.1203,5.27728,-1.39889,3.77541e-05,-8.06501e-05,-0.848175,4.9169,-24.8923,13.7668,0,8.81088,-1.75191,7.44841,-4.32391,2.97086,0.0906323,-0.00178908,0.000560747,-0.920106,6.85815,-32.0343,16.3314,20.4642,-2.27546,8.2958,-4.09413,-10.2627,4.6991,0.171275,0.0126064,-0.0042385,-0.0106598,1.56651,-1.56813,0.150605,0.0694504,0.152677,0.203809,7.57896,1.66797,-0.028335,0.973283,-4.30279,-0.00996175,0.727443,-2.74067,0.178109,0.114764,0.183088,-6.30661,-1.9991,-0.00557824,0,869,-6.93889e-18,0,7.65718e-18,3.18823e-17,-6.93889e-18,-7.80626e-18,-1.78622e-17,9.28077e-17,9.28077e-17,9.76866e-17,0,-0.532999,-0.191401,0.514203,-0.00745514,3.14159,2.21573,0.00935664,3.26293,-0.00740835,-0.392699,4.17767,0.010824,3.13055,-0.00704076,0.523599,0,0,0,0.0864919,-0.00968996,-0.532999,0.514199,3.1322,2.21573,3.26293,-0.402257,4.17767,3.13047,0.512554,0.00939351,-1.53901,0.704744,-6.06051e-05,-0.0574161,-0.00159896,0.234976,-0.23522,0.00388796,0.0497648,0.01259,1.00028,0.167799,-2.54876,-6.01966,-5.21267,185.067,61.6978,0.207437,17.5032,-91.1756,-1.08403,11.5424,-59.3548,-2.10128,323.96,-0.128948,323.961,79.4654,-198.325,79.3695,-198.365,-81.0994,-153.221,-81.282,-153.115,-648.434,0.00164359,383.888,-159.085,281.151,161.704,6.54065,-51.6188,19.6192,-51.6287,-9.66563,31.8434,1.85553,31.8707,-6.29227,24.7742,1.22363,24.7272
1.72,-6.30112,-2.00478,0.101476,0.260568,-0.00031158,0.915345,-0.52362,-0.214094,0.514157,0.0651176,3.14235,-2.28724,2.22512,-3.23151,3.27299,0.215493,-0.392392,-4.225,4.18712,-3.11037,3.14066,-0.634734,0.522561,-5.25112,-2.00527,-7.60879,-0.408336,-7.57829,-3.66444,-4.70112,-2.00528,-7.10069,-0.618892,-7.10155,-3.39017,0.299308,0.433871,-0.492271,0.0892572,-0.00573496,0.150936,-0.00997903,-0.245693,-0.533288,-1.71924,0.51391,-0.0497844,3.13191,0.156399,2.21545,0.0627304,3.26265,-0.0494492,-0.402533,0.177965,4.17745,0.073726,3.13025,-0.0470751,0.512335,-0.0506357,1.00825,0.242889,-1.26352,1.33364,-7.73566,11.6957,-24.7249,13.2965,-1.3545,-7.18707,15.2317,-13.2902,5.29157,-1.41781,3.78761e-05,-8.11433e-05,-0.841637,5.03358,-24.8938,13.8148,0,8.73036,-1.79726,7.44532,-4.34069,2.94977,0.0902729,-0.00184525,0.000580845,-0.913564,6.99487,-32.0647,16.3841,20.5771,-2.3228,8.30544,-4.10698,-10.3184,4.7203,0.174755,0.0122636,-0.00413291,-0.0104162,1.57358,-1.57517,0.150639,0.0703036,0.154506,0.205863,7.72728,1.61918,-0.0293745,1.02014,-4.42377,-0.0102207,0.738707,-2.77445,0.178592,0.113949,0.183913,-6.30111,-1.99905,-0.00573496,0,894,0,6.93889e-18,2.07625e-17,-9.21572e-19,-1.82146e-17,-1.99493e-17,-1.38981e-17,7.1991e-17,7.1991e-17,8.49472e-17,0,-0.533288,-0.19537,0.513914,-0.00746552,3.14159,2.21545,0.009409,3.26266,-0.00741738,-0.392699,4.17745,0.0110542,3.13033,-0.00706126,0.523599,0,0,0,0.0889959,-0.00997903,-0.533288,0.51391,3.13191,2.21545,3.26265,-0.402533,4.17745,3.13025,0.512335,0.00966744,-1.54735,0.707923,-6.15665e-05,-0.0587072,-0.00156244,0.236037,-0.236275,0.00396553,0.0498341,0.0126133,1.00029,0.163588,-2.59509,-6.11784,-5.2344,188.582,61.2138,0.24026,18.4377,-93.6122,-1.09042,11.7457,-60.0482,-2.16324,329.859,-0.144274,329.86,80.8527,-201.432,80.7569,-201.472,-82.493,-155.393,-82.6785,-155.285,-660.394,0.0116496,390.6,-161.868,285.971,164.497,6.48935,-52.5664,19.9918,-52.5794,-9.92394,32.3354,1.9546,32.3634,-6.36578,25.1173,1.24518,25.0695
1.76,-6.29554,-2.00489,0.104342,0.266825,-0.000328225,0.923639,-0.523635,-0.208131,0.513949,0.0630447,3.14236,-2.28842,2.22512,-3.22958,3.27299,0.210575,-0.392383,-4.2254,4.18717,-3.10996,3.14073,-0.63604,0.522625,-5.24554,-2.0054,-7.60319,-0.408429,-7.57272,-3.66456,-4.69554,-2.00541,-7.09509,-0.618986,-7.096,-3.39027,0.305051,0.435795,-0.491862,0.0918175,-0.00589695,0.155543,-0.0102698,-0.255911,-0.533577,-1.75497,0.513621,-0.0498582,3.13162,0.161347,2.21517,0.0630759,3.26237,-0.0495093,-0.402809,0.181605,4.17723,0.0753241,3.13003,-0.047214,0.512116,-0.0507526,1.00872,0.249114,-1.26429,1.33792,-8.09052,11.7872,-24.9849,13.4742,-1.19064,-7.27491,15.4607,-13.4674,5.30605,-1.43652,3.48092e-05,-7.4794e-05,-0.835,5.15288,-24.8954,13.8648,0,8.64861,-1.84358,7.44215,-4.35815,2.92839,0.0898959,-0.00190334,0.000601807,-0.906933,7.13433,-32.0961,16.4388,20.6922,-2.37105,8.31546,-4.12037,-10.3751,4.74184,0.178378,0.0119129,-0.00402452,-0.010164,1.58076,-1.58231,0.150675,0.0716732,0.156428,0.207357,7.87589,1.56677,-0.029553,1.06839,-4.54646,-0.00983127,0.7503,-2.80701,0.179081,0.113122,0.184751,-6.29562,-1.99899,-0.00589695,0,919,-1.38778e-17,6.93889e-18,1.07472e-17,-1.07336e-17,-3.46945e-18,-3.46945e-18,-5.59719e-18,4.16334e-17,4.16334e-17,5.00901e-17,0,-0.533577,-0.199399,0.513625,-0.00747673,3.14159,2.21517,0.00946081,3.26238,-0.0074264,-0.392699,4.17723,0.0112937,3.13011,-0.0070821,0.523599,0,0,0,0.0915339,-0.0102698,-0.533577,0.513621,3.13162,2.21517,3.26237,-0.402809,4.17723,3.13003,0.512116,0.00994159,-1.55585,0.711149,-6.37245e-05,-0.0594429,-0.00152461,0.237114,-0.237346,0.00404715,0.0499035,0.0126366,1.00029,0.149219,-2.66523,-6.27359,-5.32115,192.36,60.8804,0.266674,19.3808,-96.1261,-1.10364,11.9286,-60.7513,-2.26129,338.869,-0.162396,338.87,82.8981,-205.695,82.8013,-205.735,-84.502,-157.89,-84.6924,-157.779,-678.68,0.0220237,400.493,-165.969,292.924,168.518,6.454,-54.0239,20.3923,-54.042,-10.1904,33.0041,2.05458,33.0325,-6.44031,25.4983,1.26457,25.4496
1.8,-6.29023,-2.00499,0.107201,0.273027,-0.000345159,0.931809,-0.523646,-0.202375,0.513745,0.0609187,3.14238,-2.28961,2.22511,-3.22769,3.27299,0.205696,-0.392375,-4.22578,4.18722,-3.10959,3.14079,-0.637277,0.522686,-5.24023,-2.00552,-7.59785,-0.408517,-7.56741,-3.66468,-4.69023,-2.00554,-7.08975,-0.619076,-7.09071,-3.39036,0.310585,0.437674,-0.49149,0.0944451,-0.00605347,0.160211,-0.0105501,-0.266409,-0.533851,-1.79107,0.513347,-0.0499363,3.13134,0.16634,2.21491,0.0633574,3.26211,-0.0495668,-0.403075,0.185248,4.17702,0.0768868,3.12982,-0.0473457,0.511905,-0.0508693,1.00922,0.255443,-1.26509,1.34239,-8.46152,11.8815,-25.2547,13.6589,-1.01244,-7.3655,15.6982,-13.6518,5.32059,-1.45488,2.62794e-05,-5.66378e-05,-0.828268,5.27359,-24.8976,13.9166,0,8.56612,-1.89037,7.43915,-4.37623,2.90673,0.0894456,-0.00196194,0.000623169,-0.900217,7.2746,-32.128,16.4958,20.8082,-2.41978,8.3255,-4.13431,-10.4323,4.76368,0.18197,0.0115843,-0.00392349,-0.00992837,1.58804,-1.58956,0.150713,0.0714688,0.15507,0.204254,8.01937,1.51288,-0.0297087,1.11552,-4.66815,-0.00949894,0.760876,-2.83786,0.179571,0.112284,0.185599,-6.29034,-1.99894,-0.00605347,0,943,0,0,1.82281e-17,-3.81639e-17,-1.64799e-17,-1.64799e-17,-1.38913e-17,7.80626e-17,7.80626e-17,8.60314e-17,0,-0.533851,-0.203468,0.513351,-0.0074889,3.14159,2.21491,0.00950302,3.26212,-0.00743503,-0.392699,4.17702,0.0115279,3.1299,-0.00710185,0.523599,0,0,0,0.0941375,-0.0105501,-0.533851,0.513347,3.13134,2.21491,3.26211,-0.403075,4.17702,3.12982,0.511905,0.010205,-1.56442,0.714422,-6.49093e-05,-0.0601387,-0.00148926,0.238207,-0.238433,0.00412725,0.0499702,0.012659,1.0003,0.157944,-2.75754,-6.46831,-5.42474,196.31,60.745,0.291063,20.3005,-98.6378,-1.13194,12.0786,-61.4491,-2.31797,350.326,-0.154961,350.327,85.7466,-212.916,85.6494,-212.956,-87.4125,-163.598,-87.6087,-163.485,-701.672,0.0301336,414.262,-171.676,303.008,174.341,6.43965,-55.8457,20.8111,-55.8653,-10.4567,34.1656,2.15208,34.1946,-6.51429,26.4248,1.28047,26.3748
1.84,-6.28477,-2.0051,0.110092,0.279289,-0.000363588,0.94004,-0.523657,-0.196462,0.513543,0.058596,3.14239,-2.29083,2.22511,-3.22569,3.27299,0.200608,-0.392367,-4.22616,4.18727,-3.10918,3.14085,-0.638574,0.522749,-5.23477,-2.00565,-7.59237,-0.408606,-7.56197,-3.66479,-4.68477,-2.00568,-7.08427,-0.619166,-7.08528,-3.39045,0.316279,0.439662,-0.491082,0.0970546,-0.00621504,0.164836,-0.0108431,-0.277187,-0.534136,-1.82659,0.513061,-0.050022,3.13106,0.171115,2.21463,0.0636718,3.26183,-0.0496271,-0.403352,0.188762,4.1768,0.0784194,3.1296,-0.047483,0.511684,-0.0509901,1.00973,0.261743,-1.26592,1.34694,-8.84439,11.9767,-25.5285,13.8466,-0.819129,-7.45682,15.9392,-13.8391,5.33461,-1.47233,1.39152e-05,-3.0083e-05,-0.821581,5.3919,-24.9,13.9694,0,8.48416,-1.93549,7.43621,-4.39461,2.8851,0.0890231,-0.00202205,0.00064522,-0.893508,7.4118,-32.1599,16.5538,20.923,-2.46728,8.33546,-4.14853,-10.489,4.78541,0.185548,0.0112464,-0.00381898,-0.0096815,1.59529,-1.59676,0.150751,0.0722781,0.156547,0.205777,8.16675,1.45389,-0.0304355,1.16537,-4.79505,-0.00949494,0.772391,-2.87018,0.180046,0.111448,0.186445,-6.28485,-1.99888,-0.00621504,0,968,0,-1.38778e-17,-4.74338e-19,-3.95056e-17,-2.42861e-17,-2.34188e-17,-2.31748e-17,-6.93889e-18,-6.07153e-18,4.71628e-18,0,-0.534136,-0.207472,0.513065,-0.00750247,3.14159,2.21463,0.00955017,3.26184,-0.00744406,-0.392699,4.1768,0.0117577,3.12968,-0.00712244,0.523599,0,0,0,0.0967217,-0.0108431,-0.534136,0.513061,3.13106,2.21463,3.26183,-0.403352,4.1768,3.1296,0.511684,0.0104795,-1.57291,0.717679,-6.65119e-05,-0.0613059,-0.00145223,0.239294,-0.239515,0.00420707,0.0500398,0.0126824,1.00031,0.157066,-2.7992,-6.54537,-5.41746,199.734,59.9891,0.321092,21.3057,-101.17,-1.13594,12.3017,-62.0949,-2.37882,355.539,-0.171396,355.54,87.0015,-215.856,86.9048,-215.896,-88.6874,-165.795,-88.8867,-165.68,-712.25,0.0383742,420.337,-174.195,307.415,176.898,6.35952,-56.6796,21.174,-56.7021,-10.7251,34.6339,2.25864,34.6635,-6.58276,26.7764,1.30412,26.7255
1.88,-6.2793,-2.0052,0.113013,0.285592,-0.000382881,0.94829,-0.523666,-0.190575,0.513341,0.0561251,3.14241,-2.29207,2.22511,-3.22366,3.27299,0.195427,-0.392358,-4.22653,4.18733,-3.10877,3.14091,-0.639851,0.522811,-5.2293,-2.00578,-7.58687,-0.408695,-7.55651,-3.66491,-4.6793,-2.00582,-7.07877,-0.619256,-7.07983,-3.39054,0.321943,0.441685,-0.490671,0.099698,-0.00637819,0.169526,-0.0111371,-0.288073,-0.53442,-1.86259,0.512778,-0.050113,3.13078,0.176071,2.21435,0.0639382,3.26155,-0.0496872,-0.403629,0.192419,4.17657,0.0799472,3.12937,-0.0476201,0.511462,-0.0511132,1.01026,0.268155,-1.26678,1.35165,-9.24235,12.0749,-25.8125,14.042,-0.613218,-7.551,16.189,-14.0342,5.34886,-1.48952,-2.80898e-06,6.09196e-06,-0.814808,5.51284,-24.9028,14.0241,0,8.40133,-1.98176,7.43328,-4.41364,2.86326,0.0885472,-0.00208412,0.000668176,-0.886737,7.553,-32.1926,16.614,21.0392,-2.51667,8.34565,-4.16328,-10.5463,4.80735,0.189151,0.0109116,-0.00371531,-0.00943509,1.60261,-1.60404,0.150791,0.0730105,0.157575,0.20624,8.31349,1.39103,-0.0311628,1.21611,-4.92429,-0.00939611,0.783991,-2.90203,0.180526,0.110603,0.187298,-6.27937,-1.99882,-0.00637819,0,993,0,-2.08167e-17,-1.42302e-18,1.42302e-18,-2.51535e-17,-2.86229e-17,-2.67188e-17,8.23994e-17,7.97973e-17,9.12356e-17,0,-0.53442,-0.211532,0.512782,-0.00751713,3.14159,2.21435,0.00959011,3.26156,-0.00745309,-0.392699,4.17657,0.0119866,3.12946,-0.00714301,0.523599,0,0,0,0.0993381,-0.0111371,-0.53442,0.512778,3.13078,2.21435,3.26155,-0.403629,4.17657,3.12937,0.511462,0.0107543,-1.58149,0.720965,-6.88324e-05,-0.0623437,-0.00141526,0.240391,-0.240606,0.00428758,0.0501095,0.0127058,1.00032,0.155352,-2.86613,-6.68636,-5.48487,203.417,59.3942,0.34577,22.3051,-103.799,-1.15061,12.4966,-62.7704,-2.45497,363.919,-0.182654,363.92,89.0132,-220.592,88.9164,-220.632,-90.7167,-169.236,-90.9209,-169.118,-729.185,0.0456168,430.068,-178.229,314.439,180.963,6.29645,-58.0211,21.5645,-58.0471,-11.0038,35.3888,2.36459,35.4189,-6.65437,27.3258,1.32478,27.2738
1.92,-6.27383,-2.0053,0.115899,0.291884,-0.000406153,0.956514,-0.523671,-0.184737,0.513142,0.0535119,3.14244,-2.2935,2.22512,-3.22188,3.27301,0.190209,-0.392333,-4.22697,4.18738,-3.10843,3.14097,-0.64119,0.522873,-5.22383,-2.00591,-7.58137,-0.40878,-7.55105,-3.66501,-4.67383,-2.00595,-7.07326,-0.619333,-7.07439,-3.39061,0.327558,0.443456,-0.490333,0.102372,-0.0065335,0.174256,-0.0114354,-0.299128,-0.5347,-1.89884,0.512497,-0.0502093,3.1305,0.181144,2.21409,0.0641295,3.26129,-0.0497625,-0.403889,0.196126,4.17635,0.0814619,3.12915,-0.0477569,0.51124,-0.0512386,1.0108,0.274647,-1.26767,1.35653,-9.65586,12.1757,-26.1058,14.2445,-0.392933,-7.64766,16.447,-14.2362,5.36315,-1.50629,-2.395e-05,5.21107e-05,-0.807978,5.63536,-24.9054,14.0801,0,8.31792,-2.02882,7.4305,-4.43326,2.84131,0.087993,-0.00207252,0.000667645,-0.879932,7.69598,-32.2261,16.6763,21.1562,-2.56692,8.356,-4.17857,-10.604,4.82945,0.192765,0.010581,-0.00361288,-0.00918981,1.60998,-1.61137,0.150833,0.0721443,0.157291,0.205603,8.45902,1.32444,-0.0357198,1.26097,-5.05442,-0.0108053,0.793755,-2.93541,0.181009,0.109754,0.188157,-6.27388,-1.99876,-0.0065335,0,1018,0,-1.38778e-17,-1.38371e-17,-6.27482e-18,-2.94903e-17,-3.03577e-17,-2.41371e-17,-2.34188e-17,-2.1684e-17,-3.08998e-17,0,-0.5347,-0.215618,0.512502,-0.00753289,3.14159,2.21409,0.00961879,3.2613,-0.00746437,-0.392699,4.17635,0.0122137,3.12923,-0.00716353,0.523599,0,0,0,0.101984,-0.0114354,-0.5347,0.512497,3.1305,2.21409,3.26129,-0.403889,4.17635,3.12915,0.51124,0.0110292,-1.59014,0.724277,-6.99639e-05,-0.0645964,-0.00137847,0.241497,-0.241706,0.00436647,0.0501792,0.0127292,1.00033,0.158009,-2.9343,-6.82601,-5.53887,207.111,58.7493,0.375738,23.19,-106.446,-1.16554,12.656,-63.4771,-2.52467,372.247,-0.189678,372.248,91.0575,-225.578,90.961,-225.618,-92.7877,-173.076,-92.9963,-172.955,-745.989,0.0506177,439.961,-182.32,321.608,185.111,6.22808,-59.3493,21.9561,-59.3781,-11.2844,36.1872,2.4584,36.2175,-6.72928,27.9455,1.34168,27.8923
1.96,-6.26834,-2.00536,0.118574,0.298109,-0.000453072,0.964728,-0.523674,-0.178937,0.512942,0.0507197,3.14246,-2.29542,2.22512,-3.2203,3.273,0.184032,-0.392334,-4.22761,4.1874,-3.10817,3.14101,-0.642702,0.522924,-5.21834,-2.00605,-7.57581,-0.408799,-7.54562,-3.66507,-4.66834,-2.00609,-7.06772,-0.619361,-7.06897,-3.39064,0.333134,0.445036,-0.490089,0.105012,-0.00666019,0.179011,-0.0117575,-0.309877,-0.534979,-1.93542,0.512219,-0.0503067,3.13022,0.185289,2.21381,0.0650749,3.26101,-0.0497898,-0.404176,0.199029,4.1761,0.0836139,3.1289,-0.0478767,0.511006,-0.0513648,1.01136,0.2812,-1.26858,1.36153,-10.0774,12.2785,-26.4065,14.4536,-0.166466,-7.74618,16.7116,-14.445,5.37785,-1.52283,-4.62714e-05,0.000101015,-0.801151,5.75055,-24.9066,14.1383,0,8.23155,-2.06848,7.42641,-4.45374,2.81834,0.0880715,-0.0023021,0.000745407,-0.872786,7.82235,-32.2617,16.74,21.2777,-2.60613,8.36783,-4.19439,-10.6644,4.85236,0.197434,0.010326,-0.00353571,-0.00900912,1.61762,-1.61899,0.150875,0.0668987,0.155639,0.205338,8.6036,1.25332,-0.0478929,1.30029,-5.20784,-0.0162157,0.800809,-2.97312,0.181506,0.108867,0.189049,-6.2684,-1.9987,-0.00666019,0,1043,0,0,1.27123e-17,-1.27258e-17,-6.07153e-18,-7.80626e-18,-7.3658e-18,1.00614e-16,9.97466e-17,1.03487e-16,0,-0.534979,-0.219743,0.512222,-0.00754894,3.14159,2.21381,0.00976088,3.26102,-0.00746847,-0.392699,4.1761,0.0125353,3.129,-0.0071815,0.523599,0,0,0,0.104594,-0.0117575,-0.534979,0.512219,3.13022,2.21381,3.26101,-0.404176,4.1761,3.1289,0.511006,0.0113044,-1.59911,0.727688,-8.3108e-05,-0.0712169,-0.00135137,0.242643,-0.242848,0.00446334,0.050249,0.0127527,1.00033,0.145377,-2.97845,-6.93393,-5.57016,210.665,57.9074,0.46016,23.9092,-109.614,-1.15264,12.752,-64.2643,-2.63065,377.323,-0.213772,377.325,92.1922,-227.743,92.1008,-227.781,-93.8486,-174.061,-94.068,-173.934,-756.456,0.0551221,445.495,-184.62,325.285,187.245,6.13884,-60.1754,22.3329,-60.2102,-11.6203,36.5217,2.53465,36.5523,-6.81274,28.0874,1.35186,28.0319
2,-6.26284,-2.00542,0.121054,0.304249,-0.0005052,0.972923,-0.52368,-0.173101,0.512743,0.0478096,3.14249,-2.29783,2.22511,-3.219,3.27301,0.177799,-0.392316,-4.22848,4.18742,-3.10808,3.14105,-0.64448,0.522964,-5.21284,-2.00618,-7.57024,-0.408819,-7.54018,-3.6651,-4.66284,-2.00623,-7.06214,-0.619372,-7.06354,-3.39065,0.338743,0.44633,-0.49,0.107441,-0.00677627,0.183965,-0.012085,-0.321361,-0.53526,-1.97172,0.511938,-0.0504067,3.12994,0.19019,2.21353,0.0669796,3.26073,-0.0498668,-0.404444,0.202989,4.17584,0.0866653,3.12864,-0.0479828,0.51076,-0.0514881,1.01188,0.28802,-1.26946,1.36661,-10.5281,12.3831,-26.7148,14.669,0.0892095,-7.84657,16.9831,-14.66,5.39196,-1.53853,-7.10598e-05,0.000155662,-0.794263,5.87387,-24.9023,14.1996,0,8.13899,-2.10932,7.4193,-4.47596,2.79478,0.0889329,-0.00228404,0.000743947,-0.865491,7.9754,-32.3029,16.8046,21.4109,-2.6537,8.38291,-4.21049,-10.7308,4.87541,0.203559,0.0101349,-0.00347928,-0.00888501,1.6253,-1.62665,0.150914,0.0619972,0.153485,0.204883,8.74901,1.17915,-0.0603187,1.3328,-5.36359,-0.0216791,0.803574,-3.01757,0.181988,0.107958,0.18995,-6.26293,-1.99864,-0.00677627,0,1068,-6.93889e-18,0,6.60008e-18,-4.70002e-17,-2.08167e-17,-2.08167e-17,-2.50722e-17,1.0842e-16,1.0842e-16,1.19262e-16,0,-0.53526,-0.223837,0.511942,-0.0075656,3.14159,2.21353,0.010046,3.26075,-0.00748002,-0.392699,4.17584,0.0129921,3.12875,-0.00719742,0.523599,0,0,0,0.106995,-0.012085,-0.53526,0.511938,3.12994,2.21353,3.26073,-0.404444,4.17584,3.12864,0.51076,0.0115798,-1.60901,0.731126,-9.29888e-05,-0.0772435,-0.00133275,0.243796,-0.243998,0.00459422,0.0503189,0.0127762,1.00034,0.15316,-3.00002,-7.08765,-5.63075,214.703,57.3929,0.596345,24.3444,-113.011,-1.13515,12.6407,-65.3125,-2.69741,379.428,-0.203262,379.429,92.8008,-229.438,92.708,-229.477,-94.4707,-175.809,-94.703,-175.675,-760.771,0.0584893,448.415,-185.826,327.454,188.506,6.08429,-60.5014,22.7609,-60.5383,-11.9805,36.7972,2.58078,36.8283,-6.92386,28.3803,1.34005,28.3223
2.04,-6.25735,-2.00546,0.123367,0.3103,-0.000560704,0.981058,-0.523675,-0.167374,0.512552,0.0447876,3.14253,-2.30073,2.22512,-3.21812,3.27304,0.171019,-0.392295,-4.22953,4.18744,-3.10814,3.14109,-0.646469,0.522996,-5.20735,-2.00632,-7.56468,-0.408825,-7.53475,-3.66511,-4.65735,-2.00636,-7.05657,-0.619372,-7.05813,-3.39065,0.344245,0.447215,-0.490055,0.109673,-0.00688483,0.189074,-0.0124161,-0.332834,-0.535531,-2.00824,0.511667,-0.0505105,3.12966,0.195351,2.21327,0.0699641,3.26047,-0.0499504,-0.404709,0.207221,4.17558,0.0908258,3.12838,-0.0480753,0.510505,-0.0516085,1.01237,0.295052,-1.2703,1.37174,-10.9964,12.4895,-27.0302,14.8916,0.360292,-7.94884,17.2614,-14.8821,5.40625,-1.55382,-9.92807e-05,0.000218239,-0.787354,6.00046,-24.8922,14.2638,0,8.04044,-2.14821,7.4092,-4.49991,2.77045,0.090661,-0.0022326,0.000732068,-0.857959,8.13782,-32.3499,16.87,21.5567,-2.7002,8.40124,-4.2268,-10.8037,4.89906,0.211532,0.0100056,-0.00344306,-0.00881659,1.63319,-1.63452,0.150951,0.0578156,0.151277,0.203379,8.89176,1.10205,-0.0724097,1.35499,-5.53308,-0.0262147,0.802337,-3.06731,0.182474,0.10702,0.190875,-6.25745,-1.99858,-0.00688483,0,1093,0,1.38778e-17,2.83248e-17,-6.88333e-17,-3.55618e-17,-3.81639e-17,-4.49944e-17,-3.46945e-17,-3.55618e-17,-4.84638e-17,0,-0.535531,-0.227955,0.51167,-0.00758311,3.14159,2.21327,0.0104935,3.26048,-0.00749257,-0.392699,4.17558,0.0136155,3.1285,-0.00721129,0.523599,0,0,0,0.109199,-0.0124161,-0.535531,0.511667,3.12966,2.21327,3.26047,-0.404709,4.17558,3.12838,0.510505,0.0118554,-1.6199,0.734662,-9.83701e-05,-0.0822699,-0.00132249,0.244978,-0.245178,0.00476812,0.0503889,0.0127997,1.00035,0.165303,-2.98587,-7.15156,-5.6437,218.094,56.3233,0.764138,24.5958,-116.648,-1.08159,12.4805,-66.4031,-2.73185,377.086,-0.205466,377.088,92.3671,-228.8,92.2985,-228.828,-94.089,-176.145,-94.3337,-176.004,-756.166,0.0555268,446.33,-184.957,326.141,187.759,5.9709,-60.1107,23.1204,-60.1491,-12.366,36.7028,2.60743,36.7324,-7.03948,28.4535,1.32307,28.3932
2.08,-6.25173,-2.0055,0.125544,0.316386,-0.000630373,0.989306,-0.523662,-0.161514,0.512371,0.0418022,3.14257,-2.30423,2.22515,-3.21774,3.2731,0.16374,-0.392258,-4.23082,4.18746,-3.10847,3.14114,-0.648726,0.523035,-5.20173,-2.00648,-7.55896,-0.408817,-7.52922,-3.6651,-4.65173,-2.0065,-7.05085,-0.619351,-7.0526,-3.39063,0.349877,0.447618,-0.490358,0.111725,-0.00698741,0.194282,-0.0127726,-0.344192,-0.535804,-2.04468,0.511393,-0.0505903,3.12939,0.200127,2.21301,0.0741239,3.26021,-0.0502202,-0.404968,0.211737,4.17532,0.0958257,3.12812,-0.04816,0.510245,-0.0517289,1.01283,0.302227,-1.27112,1.37693,-11.479,12.5971,-27.3515,15.1204,0.644822,-8.05212,17.5445,-15.11,5.42052,-1.56879,-0.000105904,0.000233626,-0.780511,6.12433,-24.8765,14.3302,0,7.93634,-2.18147,7.39631,-4.52543,2.7451,0.0932283,-0.00124009,0.000409624,-0.850255,8.3095,-32.4027,16.9369,21.7125,-2.74677,8.4222,-4.24342,-10.8812,4.92298,0.220937,0.00992482,-0.00342304,-0.0087917,1.64117,-1.6425,0.150986,0.0544286,0.152149,0.20621,9.0372,1.02616,-0.0876149,1.36534,-5.72004,-0.0323016,0.794973,-3.12343,0.182963,0.106042,0.19181,-6.25177,-1.99851,-0.00698741,0,1119,-6.93889e-18,-1.38778e-17,-2.35814e-18,4.29886e-17,-3.38271e-17,-3.81639e-17,-3.92447e-17,7.80626e-17,7.71952e-17,6.77084e-17,0,-0.535804,-0.232069,0.511399,-0.00759564,3.14159,2.21301,0.0111176,3.26022,-0.00753302,-0.392699,4.17532,0.0143652,3.12824,-0.007224,0.523599,0,0,0,0.111225,-0.0127726,-0.535804,0.511393,3.12939,2.21301,3.26021,-0.404968,4.17532,3.12812,0.510245,0.0121422,-1.63153,0.738249,-9.88409e-05,-0.0882331,-0.00131876,0.246176,-0.246375,0.004974,0.0504618,0.0128242,1.00035,0.134623,-2.96671,-7.19249,-5.62769,221.411,55.1649,0.957967,24.4161,-120.973,-1.02766,12.2153,-67.6162,-2.8767,374.032,-0.251425,374.034,91.3818,-225.09,91.3045,-225.123,-92.9438,-171.977,-93.1797,-171.84,-750.57,0.0433529,441.685,-183.018,322.141,185.468,5.84809,-59.6578,23.4721,-59.706,-12.8245,36.0835,2.58838,36.113,-7.16808,27.7452,1.29496,27.6853
2.12,-6.2464,-2.00552,0.127557,0.322272,-0.000694904,0.997304,-0.523635,-0.156055,0.512201,0.0389406,3.14263,-2.30805,2.22518,-3.21758,3.27316,0.156393,-0.392221,-4.23206,4.1874,-3.10839,3.14112,-0.651184,0.522986,-5.1964,-2.00662,-7.55355,-0.408807,-7.524,-3.66504,-4.6464,-2.00663,-7.04543,-0.619326,-7.04736,-3.39061,0.35511,0.447795,-0.49026,0.113663,-0.00707877,0.199752,-0.0131021,-0.35623,-0.536043,-2.08147,0.511155,-0.0506215,3.12915,0.204812,2.21277,0.079678,3.25997,-0.0504775,-0.405204,0.214026,4.17499,0.103243,3.12779,-0.0481018,0.509916,-0.051842,1.01327,0.309756,-1.27191,1.38229,-11.9974,12.7085,-27.6863,15.3603,0.961635,-8.15895,17.8393,-15.3486,5.43457,-1.58348,-7.68356e-05,0.000170118,-0.773552,6.25038,-24.8549,14.4015,0,7.8239,-2.21057,7.37988,-4.55342,2.71811,0.0968214,-0.000267181,8.89991e-05,-0.842039,8.43538,-32.4596,17.0026,21.8895,-2.75929,8.44801,-4.26036,-10.9712,4.95025,0.234213,0.01043,-0.0036038,-0.00929545,1.65027,-1.65167,0.151019,0.0503278,0.147141,0.199927,9.17205,0.954104,-0.0955333,1.36987,-5.90858,-0.0309471,0.795097,-3.18474,0.183446,0.105,0.192874,-6.24652,-1.99844,-0.00707877,0,1143,0,0,-2.57227e-17,2.57227e-17,-3.46945e-18,-6.07153e-18,-1.10961e-18,1.73472e-17,1.82146e-17,3.25261e-17,0,-0.536043,-0.236231,0.511159,-0.00759846,3.14159,2.21277,0.0119505,3.25999,-0.00757163,-0.392699,4.17499,0.0154771,3.12791,-0.00721527,0.523599,0,0,0,0.113137,-0.0131021,-0.536043,0.511155,3.12915,2.21277,3.25997,-0.405204,4.17499,3.12779,0.509916,0.0124072,-1.645,0.742333,-0.00010177,-0.090515,-0.00139432,0.24754,-0.24775,0.00526899,0.0505291,0.0128468,1.00036,0.151421,-3.02957,-7.44644,-5.76849,225.827,55.1968,1.21391,24.1689,-125.181,-0.970671,11.9533,-69.0327,-2.92523,381.469,-0.230805,381.471,93.4305,-230.424,93.3443,-230.459,-94.9847,-176.778,-95.2358,-176.632,-765.487,0.0248633,451.124,-186.914,329.289,189.555,5.85148,-60.8263,23.9402,-60.8754,-13.2706,36.9486,2.56217,36.9791,-7.31824,28.5384,1.26719,28.474
2.16,-6.24096,-2.00552,0.129285,0.328011,-0.000778253,1.00502,-0.523453,-0.151651,0.512181,0.038326,3.14283,-2.31249,2.22517,-3.21754,3.27319,0.147664,-0.392216,-4.23369,4.18739,-3.10892,3.14115,-0.653809,0.522998,-5.19096,-2.00685,-7.548,-0.408731,-7.51868,-3.66497,-4.64096,-2.00676,-7.03988,-0.619253,-7.04204,-3.39053,0.359292,0.447866,-0.490768,0.115424,-0.00714106,0.205156,-0.0134617,-0.365397,-0.536136,-2.11903,0.511061,-0.0506379,3.12906,0.208543,2.21249,0.0862354,3.25969,-0.0505595,-0.405486,0.220648,4.17471,0.108969,3.12751,-0.0481742,0.509638,-0.0519548,1.01368,0.317209,-1.27268,1.38759,-12.4784,12.8177,-28.0176,15.6052,1.23468,-8.26319,18.1299,-15.5914,5.45101,-1.59927,-3.23582e-05,7.19046e-05,-0.76704,6.36736,-24.8301,14.4741,0,7.70984,-2.23133,7.3612,-4.58211,2.69055,0.101207,-0.000208027,6.99102e-05,-0.833511,8.65802,-32.5165,17.0703,22.0555,-2.82684,8.47224,-4.2774,-11.0545,4.97338,0.244912,0.010394,-0.0035988,-0.00931408,1.65797,-1.65937,0.15105,0.0431989,0.143492,0.192863,9.27957,0.937873,-0.111059,1.37077,-6.12727,-0.0407048,0.781828,-3.25062,0.184015,0.103937,0.193779,-6.24106,-1.99838,-0.00714106,0,1168,-6.93889e-18,0,2.6834e-18,-4.35307e-17,-3.1225e-17,-3.03577e-17,-3.99385e-17,-1.56125e-17,-1.56125e-17,7.10152e-18,0,-0.536136,-0.24049,0.511066,-0.00759793,3.14159,2.21249,0.0129342,3.2597,-0.00758393,-0.392699,4.17471,0.0163353,3.12763,-0.00722613,0.523599,0,0,0,0.114874,-0.0134617,-0.536136,0.511061,3.12906,2.21249,3.25969,-0.405486,4.17471,3.12751,0.509638,0.0126834,-1.65746,0.745795,-0.000106137,-0.0988023,-0.00139711,0.248696,-0.248905,0.00550041,0.0505994,0.0128704,1.00036,0.164284,-2.9961,-7.43268,-5.71012,228.162,55.0404,1.4018,24.1337,-129.582,-1.0277,11.5993,-70.4793,-2.93679,376.55,-0.278601,376.553,92.3999,-228.313,92.2791,-228.363,-94.0488,-176.288,-94.3359,-176.121,-755.883,-0.11356,446.051,-184.815,326.042,187.686,5.8349,-60.0221,24.1877,-60.0757,-13.7371,36.6188,2.55844,36.6524,-7.4716,28.4816,1.22965,28.4137
2.2,-6.23555,-2.00548,0.130633,0.333552,-0.000878553,1.01287,-0.523414,-0.145846,0.512051,0.035961,3.1429,-2.3179,2.22518,-3.21825,3.27324,0.137992,-0.39221,-4.23583,4.18744,-3.11029,3.14125,-0.656904,0.523036,-5.18555,-2.00699,-7.54244,-0.408607,-7.5134,-3.66485,-4.63555,-2.00688,-7.03433,-0.619134,-7.03677,-3.39041,0.3649,0.447199,-0.492076,0.116895,-0.00717157,0.210727,-0.0138384,-0.380134,-0.536374,-2.1507,0.510823,-0.050509,3.12882,0.213149,2.21222,0.093864,3.25941,-0.0506384,-0.405768,0.226663,4.17448,0.116668,3.12729,-0.048233,0.509386,-0.0520616,1.01402,0.324876,-1.27338,1.39288,-13.0651,12.9259,-28.3495,15.8423,1.64014,-8.3646,18.4168,-15.8235,5.46004,-1.61107,0.000136425,-0.000304273,-0.760672,6.49187,-24.798,14.5491,0,7.59051,-2.25325,7.33872,-4.61255,2.66263,0.106348,-0.000164661,5.5875e-05,-0.824872,8.87333,-32.5865,17.1403,22.2442,-2.88023,8.50164,-4.29467,-11.148,4.9979,0.259033,0.0104196,-0.00361429,-0.00939207,1.66617,-1.66757,0.151076,0.0337006,0.13853,0.196192,9.41812,0.878681,-0.135115,1.35312,-6.36945,-0.0536245,0.748893,-3.32738,0.184354,0.102862,0.19474,-6.2356,-1.99831,-0.00717157,0,1193,6.93889e-18,1.38778e-17,1.35525e-17,-3.40168e-17,8.67362e-18,1.04083e-17,1.63435e-17,6.41848e-17,6.15827e-17,4.36933e-17,0,-0.536374,-0.244132,0.510826,-0.00756677,3.14159,2.21222,0.0140788,3.25942,-0.00759576,-0.392699,4.17448,0.0174921,3.12738,-0.00723495,0.523599,0,0,0,0.116325,-0.0138384,-0.536374,0.510823,3.12882,2.21222,3.25941,-0.405768,4.17448,3.12729,0.509386,0.0129598,-1.67166,0.749522,-8.13568e-05,-0.108913,-0.00140881,0.249925,-0.250136,0.0058058,0.0506697,0.0128941,1.00036,0.170317,-2.93251,-7.44446,-5.53307,231.494,54.3015,1.62399,23.3835,-134.838,-0.887413,10.7294,-72.2015,-2.94234,367.613,-0.364579,367.615,90.3245,-223.424,90.2032,-223.474,-91.989,-173.318,-92.2144,-173.186,-738.015,-0.138376,436.023,-180.662,318.812,183.534,5.75657,-58.5831,24.541,-58.6368,-14.2943,35.8391,2.47891,35.8726,-7.65417,28.0187,1.13743,27.9567
2.24,-6.23017,-2.00544,0.131775,0.338964,-0.000984802,1.02064,-0.523395,-0.140298,0.511886,0.0330421,3.14295,-2.32389,2.22517,-3.21926,3.27329,0.127943,-0.392202,-4.23808,4.18744,-3.1115,3.14132,-0.659861,0.523041,-5.18017,-2.00713,-7.53691,-0.408485,-7.50817,-3.66473,-4.63017,-2.00702,-7.0288,-0.619013,-7.03153,-3.39029,0.370229,0.446236,-0.493224,0.117993,-0.007206,0.216529,-0.0142102,-0.391953,-0.53662,-2.18544,0.510577,-0.0503972,3.12858,0.217955,2.21195,0.103561,3.25915,-0.0507146,-0.406036,0.228765,4.17422,0.128518,3.12702,-0.0485247,0.509113,-0.0521571,1.01428,0.332824,-1.27397,1.3981,-13.6305,13.0374,-28.6915,16.0954,2.00722,-8.47005,18.715,-16.072,5.47262,-1.62464,0.000291814,-0.000653246,-0.754258,6.61888,-24.7554,14.6282,0,7.46213,-2.27009,7.31044,-4.64564,2.63339,0.112979,-0.000120314,4.12808e-05,-0.81582,9.00548,-32.669,17.208,22.4702,-2.87228,8.53949,-4.31172,-11.2613,5.02705,0.28118,0.00943635,-0.00327663,-0.00856502,1.67574,-1.67702,0.151095,0.0285387,0.135285,0.19439,9.55101,0.805936,-0.149851,1.32777,-6.62098,-0.056133,0.718545,-3.40506,0.184811,0.101737,0.195885,-6.23036,-1.99824,-0.007206,0,1217,0,0,-2.85687e-17,2.85687e-17,-8.67362e-18,-7.80626e-18,-1.03817e-17,1.31839e-16,1.2837e-16,1.21973e-16,0,-0.53662,-0.248111,0.510582,-0.00753879,3.14159,2.21195,0.0155333,3.25916,-0.00760719,-0.392699,4.17422,0.0192697,3.12711,-0.00727871,0.523599,0,0,0,0.117408,-0.0142102,-0.53662,0.510577,3.12858,2.21195,3.25915,-0.406036,4.17422,3.12702,0.509113,0.0132254,-1.68869,0.753907,-7.54901e-05,-0.113089,-0.00128475,0.251361,-0.251553,0.00630046,0.0507373,0.0129168,1.00037,0.177831,-2.84946,-7.46793,-5.63967,234.564,53.2529,1.99269,22.3592,-140.482,-0.673438,9.83065,-73.9327,-2.94943,356.487,-0.441386,356.489,87.7386,-217.376,87.6136,-217.428,-89.4041,-169.53,-89.6626,-169.38,-715.886,-0.149192,423.527,-175.486,309.929,178.417,5.6454,-56.7923,24.8664,-56.8483,-14.8926,34.8753,2.37032,34.909,-7.8377,27.4259,1.04216,27.3588
2.28,-6.2248,-2.00541,0.132807,0.344322,-0.0010842,1.02839,-0.52337,-0.134768,0.511724,0.0296839,3.14301,-2.33031,2.22517,-3.22035,3.27336,0.117296,-0.392193,-4.24042,4.18744,-3.11273,3.1414,-0.662923,0.523055,-5.1748,-2.00727,-7.53141,-0.408369,-7.50294,-3.66461,-4.6248,-2.00714,-7.0233,-0.618898,-7.0263,-3.39018,0.37554,0.445198,-0.494388,0.118871,-0.00724201,0.222446,-0.0145864,-0.403711,-0.536872,-2.22053,0.510326,-0.0503815,3.12832,0.222921,2.21167,0.114336,3.25887,-0.0507933,-0.406315,0.233017,4.17394,0.140452,3.12675,-0.0486038,0.508835,-0.0522507,1.01449,0.340921,-1.2745,1.40331,-14.2145,13.15,-29.0388,16.3549,2.39121,-8.57762,19.0203,-16.3281,5.48568,-1.63739,0.000369481,-0.000830195,-0.747739,6.74731,-24.7071,14.71,0,7.32977,-2.28453,7.27894,-4.68045,2.60351,0.12027,-7.75688e-05,2.69322e-05,-0.80657,9.18877,-32.7537,17.2756,22.7015,-2.88826,8.57877,-4.3287,-11.3772,5.05498,0.303021,0.00937804,-0.00325937,-0.00857181,1.68504,-1.68631,0.151111,0.0258144,0.133966,0.193639,9.68529,0.720973,-0.160504,1.3004,-6.88748,-0.0585068,0.687979,-3.48194,0.185274,0.100585,0.196978,-6.22491,-1.99816,-0.00724201,0,1242,-1.38778e-17,-1.38778e-17,2.40151e-17,-3.55076e-18,-5.20417e-18,-9.54098e-18,-5.81552e-18,-7.28584e-17,-7.54605e-17,-8.29957e-17,0,-0.536872,-0.252111,0.51033,-0.00753052,3.14159,2.21167,0.0171495,3.25888,-0.00761899,-0.392699,4.17394,0.0210595,3.12683,-0.00729057,0.523599,0,0,0,0.118273,-0.0145864,-0.536872,0.510326,3.12832,2.21167,3.25887,-0.406315,4.17394,3.12675,0.508835,0.0135022,-1.70608,0.7581,-7.37711e-05,-0.115931,-0.00128577,0.252756,-0.252946,0.0067888,0.0508078,0.0129405,1.00037,0.174047,-2.80197,-7.49736,-5.62921,237.747,51.9845,2.3024,21.3641,-146.322,-0.646895,9.0009,-75.678,-3.01145,349.91,-0.519938,349.912,86.152,-213.308,86.0217,-213.362,-87.7874,-166.538,-88.0616,-166.378,-702.988,-0.163835,415.858,-172.309,304.327,175.192,5.51094,-55.7432,25.2038,-55.8041,-15.5118,34.22,2.26483,34.2541,-8.02272,26.9438,0.954196,26.8741
2.32,-6.21927,-2.00536,0.133751,0.349582,-0.00117614,1.03564,-0.523048,-0.131425,0.511838,0.0311012,3.14334,-2.33704,2.22517,-3.22156,3.27342,0.106255,-0.392185,-4.24281,4.18745,-3.11401,3.14148,-0.665997,0.52307,-5.16927,-2.00755,-7.52575,-0.408251,-7.49754,-3.66449,-4.61927,-2.00724,-7.01764,-0.618782,-7.0209,-3.39006,0.378666,0.444047,-0.495608,0.119638,-0.00727438,0.228464,-0.0149554,-0.41066,-0.536827,-2.25858,0.51037,-0.0503563,3.12837,0.228137,2.21139,0.125706,3.25859,-0.0508717,-0.406594,0.23767,4.17367,0.15292,3.12647,-0.0486719,0.50856,-0.0523419,1.01468,0.349159,-1.27501,1.40859,-14.736,13.2624,-29.3896,16.6307,2.69126,-8.68341,19.3248,-16.5978,5.50356,-1.65331,0.000457118,-0.00103098,-0.741835,6.87798,-24.6552,14.7946,0,7.19533,-2.2985,7.24541,-4.71668,2.5732,0.127812,-3.61662e-05,1.27142e-05,-0.79719,9.38354,-32.8413,17.3437,22.9411,-2.90656,8.61961,-4.34584,-11.4972,5.08311,0.32597,0.00936816,-0.00325861,-0.00862412,1.69441,-1.69568,0.151125,0.0235842,0.1315,0.18125,9.76149,0.75237,-0.168266,1.27013,-7.1638,-0.0597392,0.655989,-3.5589,0.185912,0.0994152,0.198076,-6.21946,-1.99809,-0.00727438,0,1267,-1.38778e-17,0,-5.25838e-18,2.57498e-17,-2.42861e-17,-2.60209e-17,-2.65434e-17,7.97973e-17,7.97973e-17,8.78746e-17,0,-0.536827,-0.256486,0.510374,-0.00751991,3.14159,2.21139,0.018855,3.2586,-0.00763075,-0.392699,4.17367,0.0229296,3.12655,-0.00730079,0.523599,0,0,0,0.119028,-0.0149554,-0.536827,0.51037,3.12837,2.21139,3.25859,-0.406594,4.17367,3.12647,0.50856,0.0137793,-1.7241,0.762325,-7.06717e-05,-0.117425,-0.00129362,0.254162,-0.254352,0.00730319,0.0508784,0.0129642,1.00037,0.186059,-2.79789,-7.59638,-5.6947,238.885,53.3011,2.59801,20.2999,-152.375,-0.605507,8.1164,-77.4352,-2.815,348.783,-0.30632,348.785,86.0313,-213.394,85.8957,-213.45,-87.8466,-167.654,-88.136,-167.486,-701.408,-0.389048,415.26,-172.063,304.537,175.313,5.65051,-55.5465,25.3244,-55.6204,-16.1534,34.241,2.15201,34.2755,-8.20899,27.1423,0.860429,27.07
2.36,-6.21401,-2.00532,0.134603,0.354702,-0.00125997,1.04279,-0.522809,-0.127243,0.511908,0.0309224,3.14359,-2.34402,2.22517,-3.22286,3.27349,0.0948737,-0.392176,-4.2452,4.18745,-3.11528,3.14155,-0.669023,0.523086,-5.16401,-2.00777,-7.52037,-0.408136,-7.49239,-3.66438,-4.61401,-2.00733,-7.01226,-0.618668,-7.01575,-3.38995,0.382662,0.442811,-0.496807,0.120314,-0.00730105,0.234495,-0.0153165,-0.425415,-0.536865,-2.29045,0.510332,-0.0506297,3.12833,0.233388,2.21111,0.137451,3.25831,-0.0509497,-0.406874,0.242108,4.17339,0.165876,3.1262,-0.0487383,0.508283,-0.0524311,1.01484,0.35742,-1.27549,1.41388,-15.3992,13.3707,-29.7336,16.8879,3.17033,-8.78872,19.6303,-16.8543,5.51408,-1.6614,0.000281993,-0.000638424,-0.735334,7.00803,-24.601,14.8808,0,7.06099,-2.31134,7.21057,-4.75381,2.54282,0.13543,3.60893e-06,-1.28503e-06,-0.787783,9.57411,-32.9301,17.4117,23.1863,-2.91999,8.66143,-4.36294,-11.62,5.1115,0.349999,0.00936584,-0.00326016,-0.00868451,1.70387,-1.70514,0.151137,0.0213118,0.12799,0.178938,9.86578,0.740913,-0.174282,1.23768,-7.44862,-0.0598611,0.624447,-3.63464,0.18627,0.0982423,0.199185,-6.21402,-1.99801,-0.00730105,0,1292,0,1.38778e-17,2.08167e-17,-2.08709e-17,-1.56125e-17,-1.82146e-17,-2.60717e-17,-6.07153e-17,-6.07153e-17,-6.72205e-17,0,-0.536865,-0.260084,0.510336,-0.00757346,3.14159,2.21111,0.0206168,3.25832,-0.00764246,-0.392699,4.17339,0.0248724,3.12628,-0.00731075,0.523599,0,0,0,0.119694,-0.0153165,-0.536865,0.510332,3.12833,2.21111,3.25831,-0.406874,4.17339,3.1262,0.508283,0.0140565,-1.74252,0.766583,-7.1139e-05,-0.118149,-0.00130268,0.255581,-0.255772,0.00784234,0.050949,0.012988,1.00037,0.162682,-2.76682,-7.60719,-5.41269,242.288,53.4968,2.87326,19.2532,-158.494,-0.554085,7.30518,-79.0824,-3.01504,344.53,-0.885317,344.533,84.7736,-209.426,84.6311,-209.485,-86.5116,-163.582,-86.8193,-163.403,-693.01,-0.550252,409.185,-169.547,299.897,172.643,5.67126,-54.8944,25.6852,-54.9704,-16.8021,33.5886,2.04106,33.6233,-8.38362,26.4574,0.774431,26.3827
2.4,-6.20858,-2.00526,0.135372,0.359595,-0.00133246,1.04972,-0.522627,-0.123021,0.51192,0.0298601,3.1438,-2.35105,2.22516,-3.2242,3.27356,0.0834804,-0.392169,-4.24755,4.18745,-3.11653,3.14163,-0.671923,0.523101,-5.15859,-2.00793,-7.51485,-0.408023,-7.48707,-3.66427,-4.60859,-2.00739,-7.00674,-0.618556,-7.01043,-3.38984,0.386696,0.441532,-0.497995,0.120909,-0.00732389,0.240488,-0.0156553,-0.439868,-0.53695,-2.32209,0.510247,-0.0506249,3.12824,0.238694,2.21084,0.14941,3.25804,-0.0510248,-0.407143,0.246791,4.17313,0.178928,3.12593,-0.0488022,0.508018,-0.0525156,1.01499,0.365633,-1.27593,1.41913,-16.0732,13.4804,-30.0823,17.1498,3.66156,-8.89534,19.9402,-17.1152,5.52444,-1.67043,0.000349246,-0.000793648,-0.728891,7.13681,-24.5453,14.9678,0,6.92826,-2.32343,7.17485,-4.79146,2.51268,0.143005,4.30569e-05,-1.55318e-05,-0.778453,9.77038,-33.0188,17.479,23.4329,-2.93544,8.70344,-4.37986,-11.7436,5.13948,0.374405,0.00936382,-0.00326156,-0.00874525,1.71319,-1.71447,0.151148,0.019209,0.122322,0.17322,9.97068,0.716277,-0.175825,1.2041,-7.73374,-0.0585637,0.593154,-3.70724,0.186625,0.0970789,0.200277,-6.20879,-1.99794,-0.00732389,0,1316,0,0,5.31259e-18,-2.59124e-17,-2.94903e-17,-3.20924e-17,-2.93673e-17,1.14492e-16,1.12757e-16,1.11727e-16,0,-0.53695,-0.263661,0.510251,-0.00756737,3.14159,2.21084,0.0224106,3.25805,-0.00765372,-0.392699,4.17313,0.0268298,3.12601,-0.00732033,0.523599,0,0,0,0.12028,-0.0156553,-0.53695,0.510247,3.12824,2.21084,3.25804,-0.407143,4.17313,3.12593,0.508018,0.0143229,-1.76106,0.770779,-7.13339e-05,-0.117256,-0.00131179,0.256979,-0.25717,0.00839125,0.051017,0.0130108,1.00037,0.156684,-2.8013,-7.77213,-5.49087,246.347,54.3149,3.19322,18.0742,-164.745,-0.550102,6.39227,-80.8375,-3.35926,348.412,-0.597139,348.415,85.6582,-211.316,85.5064,-211.378,-87.4133,-164.706,-87.7454,-164.514,-700.99,-0.683342,413.439,-171.311,303.03,174.447,5.75798,-55.5224,26.1156,-55.6026,-17.4648,33.8864,1.91607,33.9217,-8.56968,26.6291,0.677652,26.5515
2.44,-6.20315,-2.00521,0.136111,0.364442,-0.00140925,1.05657,-0.52244,-0.118882,0.511936,0.0286736,3.144,-2.35825,2.22516,-3.22551,3.27363,0.0717208,-0.39216,-4.24987,4.18745,-3.11774,3.14171,-0.674905,0.523116,-5.15315,-2.0081,-7.5093,-0.407907,-7.48174,-3.66415,-4.60315,-2.00746,-7.00119,-0.618442,-7.0051,-3.38972,0.390642,0.440281,-0.499144,0.121407,-0.00734931,0.246282,-0.0160098,-0.452029,-0.53704,-2.35422,0.510157,-0.0506154,3.12816,0.243551,2.21056,0.161355,3.25776,-0.0511025,-0.407423,0.251179,4.17285,0.191862,3.12566,-0.0488694,0.507742,-0.0526008,1.01511,0.37359,-1.27636,1.42424,-16.7118,13.5888,-30.4273,17.4142,4.11526,-9.00065,20.2474,-17.3785,5.53645,-1.6801,0.000424408,-0.000967996,-0.722723,7.25858,-24.4893,15.0533,0,6.80002,-2.33268,7.13917,-4.82868,2.48323,0.150391,8.15628e-05,-2.98015e-05,-0.769336,9.95779,-33.1061,17.5447,23.6756,-2.94715,8.74481,-4.39641,-11.8652,5.16666,0.398795,0.00936101,-0.00326262,-0.00880378,1.72225,-1.72353,0.151157,0.018485,0.121186,0.171283,10.0735,0.688838,-0.180007,1.17122,-8.02802,-0.0582219,0.562855,-3.78187,0.187035,0.0959421,0.201338,-6.20335,-1.99786,-0.00734931,0,1341,-6.93889e-18,-1.38778e-17,1.27936e-17,-1.26852e-17,-1.73472e-18,-6.93889e-18,-6.47387e-18,-7.11237e-17,-6.93889e-17,-5.24754e-17,0,-0.53704,-0.267293,0.510161,-0.00755981,3.14159,2.21056,0.0242023,3.25777,-0.00766538,-0.392699,4.17285,0.0287695,3.12574,-0.0073304,0.523599,0,0,0,0.120771,-0.0160098,-0.53704,0.510157,3.12816,2.21056,3.25776,-0.407423,4.17285,3.12566,0.507742,0.0146005,-1.77929,0.774857,-7.07474e-05,-0.11743,-0.00132057,0.258337,-0.258529,0.00893954,0.0510878,0.0130346,1.00038,0.151551,-2.80232,-7.82869,-5.50056,249.205,54.4672,3.46856,16.9916,-171.025,-0.539323,5.58155,-82.5353,-3.39945,348.145,-0.595261,348.148,85.5564,-210.83,85.3974,-210.896,-87.3423,-164.24,-87.6949,-164.035,-700.751,-0.814935,412.936,-171.103,302.784,174.306,5.77413,-55.485,26.4185,-55.5709,-18.1306,33.8042,1.8013,33.8401,-8.74966,26.5483,0.591707,26.4677
2.48,-6.19769,-2.00516,0.136849,0.369323,-0.00148588,1.06346,-0.522247,-0.114658,0.511959,0.0273457,3.14422,-2.3657,2.22516,-3.22681,3.2737,0.0594973,-0.392152,-4.2522,4.18746,-3.11891,3.14179,-0.677944,0.523132,-5.14769,-2.00828,-7.50374,-0.407791,-7.47639,-3.66404,-4.59769,-2.00753,-6.99563,-0.618327,-6.99975,-3.38961,0.394674,0.439042,-0.500253,0.121865,-0.00737654,0.25207,-0.0163754,-0.464144,-0.537137,-2.38622,0.510061,-0.0506088,3.12806,0.248656,2.21027,0.173243,3.25747,-0.0511831,-0.407714,0.255712,4.17257,0.204827,3.12537,-0.0489397,0.507454,-0.0526881,1.01522,0.381553,-1.27679,1.4294,-17.3662,13.6984,-30.7778,17.6841,4.58528,-9.10711,20.5598,-17.6472,5.54845,-1.68938,0.000500798,-0.00114647,-0.716589,7.38127,-24.4326,15.1399,0,6.67348,-2.34302,7.10311,-4.86641,2.454,0.157529,0.00011988,-4.43715e-05,-0.760287,10.1491,-33.1934,17.611,23.9198,-2.96022,8.78629,-4.41312,-11.9876,5.19368,0.423463,0.00935747,-0.00326351,-0.00886174,1.73126,-1.73254,0.151166,0.0184599,0.122025,0.172076,10.1784,0.657907,-0.186212,1.13868,-8.3339,-0.0582603,0.533582,-3.85793,0.187444,0.0948132,0.202392,-6.1977,-1.99778,-0.00737654,0,1367,-6.93889e-18,-1.38778e-17,-4.33681e-19,5.42101e-19,5.20417e-18,3.46945e-18,2.4204e-18,5.0307e-17,4.85723e-17,4.53197e-17,0,-0.537137,-0.270912,0.510065,-0.00755244,3.14159,2.21027,0.0259853,3.25748,-0.00767746,-0.392699,4.17257,0.0307135,3.12545,-0.00734096,0.523599,0,0,0,0.121221,-0.0163754,-0.537137,0.510061,3.12806,2.21027,3.25747,-0.407714,4.17257,3.12537,0.507454,0.0148895,-1.79764,0.778909,-7.1642e-05,-0.117999,-0.00132926,0.259688,-0.25988,0.0094941,0.0511615,0.0130594,1.00038,0.147262,-2.81464,-7.92661,-5.50281,252.223,54.6388,3.75241,15.8755,-177.618,-0.525139,4.77351,-84.2654,-3.43747,349.325,-0.596014,349.328,85.8079,-211.212,85.6418,-211.281,-87.6382,-164.489,-88.0121,-164.272,-703.407,-0.953581,414.138,-171.603,303.812,174.898,5.79232,-55.6778,26.7385,-55.7693,-18.8295,33.8611,1.68298,33.8975,-8.93307,26.5836,0.506046,26.4999
2.52,-6.1922,-2.00511,0.137636,0.374229,-0.00156666,1.07014,-0.521942,-0.111529,0.512076,0.0275448,3.14454,-2.37325,2.22516,-3.22815,3.27377,0.0471619,-0.392144,-4.25449,4.18746,-3.12011,3.14188,-0.680872,0.523148,-5.1422,-2.00853,-7.49814,-0.407678,-7.47101,-3.66393,-4.5922,-2.00761,-6.99003,-0.618216,-6.99437,-3.38949,0.397604,0.437765,-0.501384,0.122332,-0.00741189,0.25793,-0.0167343,-0.474174,-0.53711,-2.42112,0.510088,-0.0507139,3.12809,0.253953,2.20999,0.185222,3.25719,-0.05126,-0.407996,0.260587,4.17229,0.217852,3.12509,-0.0490078,0.507177,-0.052773,1.01534,0.389629,-1.27722,1.4347,-18.0049,13.8101,-31.1378,17.9681,5.02715,-9.21768,20.8851,-17.9332,5.56415,-1.69923,0.000473185,-0.00108737,-0.710252,7.50558,-24.3747,15.2287,0,6.54707,-2.35405,7.06634,-4.90515,2.42453,0.164502,0.000154129,-5.78049e-05,-0.751165,10.3502,-33.2819,17.6793,24.1676,-2.97714,8.82822,-4.43031,-12.1117,5.22078,0.448473,0.00935276,-0.00326425,-0.00891904,1.74028,-1.74157,0.151175,0.0196675,0.122646,0.167123,10.2597,0.664909,-0.18891,1.10513,-8.64257,-0.0570666,0.503746,-3.93123,0.187961,0.0936747,0.203448,-6.19227,-1.9977,-0.00741189,0,1392,0,1.38778e-17,-1.46367e-17,-6.28837e-18,-2.08167e-17,-2.42861e-17,-2.54699e-17,1.09288e-16,1.05818e-16,8.26162e-17,0,-0.53711,-0.274812,0.510091,-0.00756974,3.14159,2.20999,0.0277822,3.2572,-0.007689,-0.392699,4.17229,0.0326672,3.12517,-0.00735116,0.523599,0,0,0,0.121682,-0.0167343,-0.53711,0.510088,3.12809,2.20999,3.25719,-0.407996,4.17229,3.12509,0.507177,0.0151676,-1.81627,0.782978,-6.96253e-05,-0.116862,-0.00133786,0.261043,-0.261235,0.0100582,0.0512325,0.0130833,1.00038,0.143469,-2.83265,-8.04147,-5.54337,254.754,55.538,4.06866,14.7175,-184.325,-0.5101,3.94705,-85.9398,-3.49278,351.26,-0.605776,351.262,86.2421,-212.066,86.0692,-212.138,-88.1707,-165.174,-88.5652,-164.945,-707.717,-1.17493,416.222,-172.468,305.658,175.961,5.88765,-55.991,27.0068,-56.0909,-19.5406,33.9943,1.56022,34.0311,-9.11059,26.6889,0.418432,26.6025
2.56,-6.18674,-2.00505,0.138367,0.379027,-0.00163924,1.07672,-0.521689,-0.107993,0.512157,0.0260678,3.14481,-2.381,2.22515,-3.22955,3.27384,0.0345031,-0.392136,-4.25674,4.18745,-3.12124,3.14195,-0.68371,0.523164,-5.13674,-2.00872,-7.49257,-0.407558,-7.46565,-3.66381,-4.58674,-2.00767,-6.98446,-0.618097,-6.98901,-3.38937,0.40095,0.436421,-0.502454,0.122849,-0.00743437,0.2638,-0.0170852,-0.488773,-0.537135,-2.45363,0.510062,-0.0512215,3.12806,0.259311,2.20971,0.197013,3.25691,-0.0513374,-0.408277,0.265012,4.17201,0.230935,3.12481,-0.0490755,0.5069,-0.0528592,1.01547,0.397744,-1.27767,1.44011,-18.745,13.9219,-31.5019,18.2466,5.59081,-9.33225,21.2227,-18.2199,5.57664,-1.70291,7.53171e-05,-0.000173749,-0.703206,7.63005,-24.3174,15.3194,0,6.42241,-2.36584,7.02969,-4.94453,2.39509,0.171116,0.000191375,-7.27304e-05,-0.742048,10.5403,-33.3693,17.7485,24.4168,-2.98799,8.86984,-4.44781,-12.2366,5.24833,0.473866,0.00934851,-0.00326535,-0.00897723,1.74946,-1.75075,0.151184,0.0182837,0.119955,0.16456,10.3585,0.623112,-0.193757,1.06995,-8.95933,-0.0563451,0.47541,-4.00226,0.188337,0.0925366,0.20452,-6.18684,-1.99761,-0.00743437,0,1417,-6.93889e-18,0,-6.17995e-18,6.28837e-18,-3.1225e-17,-3.1225e-17,-3.55076e-17,2.77556e-17,2.60209e-17,3.53992e-17,0,-0.537135,-0.278347,0.510067,-0.00767717,3.14159,2.20971,0.0295507,3.25691,-0.00770061,-0.392699,4.17201,0.0346282,3.12489,-0.00736132,0.523599,0,0,0,0.12219,-0.0170852,-0.537135,0.510062,3.12806,2.20971,3.25691,-0.408277,4.17201,3.12481,0.5069,0.0154459,-1.83497,0.787098,-7.53275e-05,-0.116788,-0.00134658,0.262419,-0.262612,0.0106289,0.0513036,0.0131072,1.00038,0.15909,-2.86314,-8.15154,-5.43125,257.849,55.6235,4.37701,13.5657,-191.143,-0.496855,3.17603,-87.5396,-3.56805,354.847,-0.445648,354.851,87.219,-214.927,87.0415,-215,-89.3404,-168.497,-89.7543,-168.257,-714.934,-1.36871,420.919,-174.415,309.727,178.304,5.89671,-56.5439,27.3349,-56.6447,-20.2633,34.4619,1.43812,34.499,-9.28018,27.2459,0.336694,27.1562
2.6,-6.18128,-2.00498,0.139036,0.383653,-0.00169637,1.08312,-0.521434,-0.10445,0.512247,0.0251697,3.14508,-2.38885,2.22515,-3.23097,3.27391,0.0216299,-0.392127,-4.25897,4.18746,-3.12242,3.14203,-0.686597,0.52318,-5.13128,-2.00889,-7.48703,-0.407444,-7.46027,-3.6637,-4.58128,-2.00769,-6.97893,-0.617984,-6.98363,-3.38926,0.404312,0.435068,-0.503564,0.123309,-0.00745239,0.269632,-0.0174208,-0.502811,-0.537159,-2.48458,0.510039,-0.0514211,3.12804,0.264842,2.20943,0.208819,3.25663,-0.0514155,-0.408557,0.270216,4.17174,0.243706,3.12454,-0.0491445,0.506623,-0.0529441,1.01558,0.405813,-1.27809,1.44551,-19.4913,14.0345,-31.8696,18.53,6.16188,-9.44398,21.5556,-18.5058,5.58765,-1.70831,-4.27489e-05,9.8993e-05,-0.696796,7.75404,-24.2592,15.4107,0,6.29994,-2.37789,6.9926,-4.9843,2.366,0.177551,0.000232567,-8.9574e-05,-0.733042,10.7499,-33.456,17.8175,24.6646,-3.00963,8.91092,-4.46513,-12.3607,5.275,0.498861,0.0093407,-0.00326519,-0.00903128,1.75835,-1.75963,0.151193,0.0167216,0.115642,0.159897,10.4504,0.599391,-0.196043,1.03456,-9.28146,-0.0557608,0.446142,-4.07453,0.188696,0.0914133,0.205561,-6.18142,-1.99753,-0.00745239,0,1442,6.93889e-18,2.77556e-17,-8.67362e-18,2.97071e-17,-1.73472e-17,-2.77556e-17,-2.97995e-17,5.55112e-17,5.0307e-17,4.20128e-17,0,-0.537159,-0.281796,0.510043,-0.00771665,3.14159,2.20943,0.0313216,3.25663,-0.00771233,-0.392699,4.17174,0.0365441,3.12462,-0.00737167,0.523599,0,0,0,0.122643,-0.0174208,-0.537159,0.510039,3.12804,2.20943,3.25663,-0.408557,4.17174,3.12454,0.506623,0.0157244,-1.85361,0.791108,-7.07399e-05,-0.116102,-0.00135469,0.263753,-0.263945,0.0111912,0.0513748,0.0131311,1.00038,0.145968,-2.82866,-8.12719,-5.36612,259.848,55.3093,4.67959,12.4692,-197.963,-0.47986,2.4579,-89.0897,-3.64805,350.19,-0.410709,350.193,85.9891,-211.484,85.8067,-211.559,-88.1003,-165.325,-88.5302,-165.075,-705.978,-1.53105,414.98,-171.955,305.411,175.82,5.86341,-55.815,27.5468,-55.9227,-20.9863,33.902,1.32188,33.9392,-9.44451,26.7189,0.260565,26.6274
2.64,-6.17579,-2.00492,0.1397,0.388235,-0.00176062,1.0895,-0.521226,-0.100567,0.512296,0.0236981,3.14531,-2.3968,2.22515,-3.23236,3.27398,0.00856396,-0.392119,-4.26114,4.18746,-3.12349,3.14211,-0.68937,0.523196,-5.12579,-2.00904,-7.48146,-0.407328,-7.45487,-3.66358,-4.57579,-2.00773,-6.97335,-0.617869,-6.97823,-3.38915,0.408015,0.43374,-0.504575,0.123705,-0.00747527,0.275309,-0.0177638,-0.516053,-0.537229,-2.51461,0.509968,-0.0515366,3.12797,0.269919,2.20915,0.220656,3.25634,-0.0514932,-0.408838,0.27442,4.17146,0.256759,3.12426,-0.0492134,0.506346,-0.0530276,1.01568,0.41368,-1.2785,1.45081,-20.2308,14.1467,-32.2363,18.8144,6.7292,-9.55395,21.8852,-18.7906,5.59817,-1.71399,-8.43661e-05,0.000196094,-0.690732,7.87182,-24.2008,15.501,0,6.18117,-2.38719,6.9555,-5.02379,2.33737,0.183834,0.000271567,-0.000105988,-0.724178,10.9332,-33.542,17.885,24.912,-3.01691,8.95203,-4.4822,-12.4848,5.30171,0.524597,0.00933348,-0.00326503,-0.00908546,1.76725,-1.76854,0.151201,0.0165831,0.11455,0.159466,10.5483,0.561825,-0.198804,0.999783,-9.6084,-0.0543266,0.419294,-4.14395,0.189049,0.0903078,0.206603,-6.176,-1.99744,-0.00747527,0,1467,-6.93889e-18,-1.38778e-17,1.4203e-17,-1.4203e-17,1.73472e-18,-1.73472e-18,-3.80402e-18,4.51028e-17,4.16334e-17,3.57245e-17,0,-0.537229,-0.285169,0.509973,-0.00773747,3.14159,2.20915,0.0330971,3.25635,-0.00772398,-0.392699,4.17146,0.0385009,3.12434,-0.00738201,0.523599,0,0,0,0.123033,-0.0177638,-0.537229,0.509968,3.12797,2.20915,3.25634,-0.408838,4.17146,3.12426,0.506346,0.0160031,-1.87218,0.795107,-7.50646e-05,-0.115296,-0.00136282,0.265088,-0.265281,0.0117705,0.051446,0.0131551,1.00038,0.148568,-2.84714,-8.22866,-5.37612,262.957,55.5402,5.04307,11.2575,-204.995,-0.462113,1.68209,-90.7125,-3.71507,352.262,-0.361909,352.266,86.5015,-212.766,86.3123,-212.844,-88.7077,-166.632,-89.1623,-166.368,-710.296,-1.68891,417.436,-172.974,307.529,177.04,5.88788,-56.1421,27.8764,-56.2532,-21.7318,34.1082,1.19342,34.146,-9.61654,26.9334,0.17832,26.8382
2.68,-6.17034,-2.00485,0.140365,0.392832,-0.00182268,1.09594,-0.521055,-0.0963767,0.512307,0.0212153,3.1455,-2.40497,2.22515,-3.23372,3.27404,-0.00497417,-0.39211,-4.26331,4.18746,-3.12455,3.14219,-0.692252,0.523212,-5.12034,-2.00917,-7.47592,-0.407212,-7.44951,-3.66347,-4.57035,-2.00777,-6.96782,-0.617754,-6.97287,-3.38903,0.412021,0.432439,-0.505576,0.124085,-0.00749832,0.280953,-0.0181159,-0.528796,-0.537348,-2.545,0.509849,-0.0516457,3.12785,0.27519,2.20885,0.232298,3.25605,-0.0515737,-0.40913,0.2793,4.17117,0.269399,3.12397,-0.0492855,0.506057,-0.0531138,1.01578,0.421522,-1.27892,1.45614,-20.9804,14.2615,-32.6117,19.1072,7.30517,-9.66642,22.223,-19.0835,5.60906,-1.71962,-0.000117839,0.000274921,-0.684672,7.98967,-24.1425,15.5919,0,6.06484,-2.39753,6.91842,-5.06359,2.30907,0.189796,0.000310453,-0.000122779,-0.715419,11.1335,-33.6267,17.9532,25.1568,-3.03437,8.99239,-4.49939,-12.6074,5.32767,0.549752,0.00932605,-0.00326507,-0.00913845,1.7759,-1.77719,0.151208,0.0166425,0.114916,0.160999,10.6537,0.499024,-0.204419,0.965717,-9.94714,-0.0542532,0.392761,-4.21609,0.189414,0.0892148,0.207615,-6.17036,-1.99735,-0.00749832,0,1493,0,1.38778e-17,1.09504e-17,-1.11673e-17,0,0,4.24702e-18,9.71445e-17,9.71445e-17,1.00777e-16,0,-0.537348,-0.288589,0.509854,-0.00775673,3.14159,2.20885,0.0348434,3.25606,-0.00773606,-0.392699,4.17117,0.0403964,3.12405,-0.00739283,0.523599,0,0,0,0.123406,-0.0181159,-0.537348,0.509849,3.12785,2.20885,3.25605,-0.40913,4.17117,3.12397,0.506057,0.0162932,-1.89057,0.799,-7.56414e-05,-0.115431,-0.00137077,0.266385,-0.266578,0.0123364,0.0515202,0.01318,1.00039,0.161184,-2.84866,-8.28107,-5.37818,265.677,54.8162,5.36004,10.1236,-212.207,-0.463946,0.97836,-92.3194,-3.72341,352.322,-0.339424,352.326,86.6135,-213.401,86.4212,-213.481,-88.9674,-168.182,-89.4375,-167.91,-710.481,-1.81081,417.961,-173.193,308.437,177.563,5.81113,-56.1339,28.1647,-56.2462,-22.4963,34.217,1.07322,34.255,-9.78689,27.2031,0.103717,27.1051
2.72,-6.16494,-2.00478,0.14102,0.397308,-0.00188311,1.10219,-0.520891,-0.0925121,0.512303,0.0186504,3.14569,-2.41318,2.22515,-3.23521,3.27411,-0.0184168,-0.392102,-4.26542,4.18746,-3.12564,3.14227,-0.694916,0.523228,-5.11494,-2.00929,-7.47044,-0.407097,-7.44419,-3.66335,-4.56494,-2.0078,-6.96233,-0.61764,-6.96755,-3.38892,0.415693,0.431007,-0.506599,0.124489,-0.00752077,0.286649,-0.0184443,-0.540674,-0.537452,-2.5766,0.509746,-0.0517468,3.12774,0.2807,2.20858,0.243933,3.25578,-0.0516485,-0.4094,0.284189,4.1709,0.282174,3.1237,-0.0493522,0.505791,-0.0531948,1.01588,0.429444,-1.27934,1.46158,-21.7399,14.3803,-33.0006,19.4136,7.88472,-9.78288,22.5733,-19.3899,5.62114,-1.72559,-0.000149616,0.000350375,-0.678569,8.10888,-24.0834,15.6849,0,5.94942,-2.40878,6.88089,-5.10423,2.28073,0.19554,0.000349499,-0.000140087,-0.706645,11.3352,-33.7121,18.0227,25.4051,-3.05123,9.0331,-4.51693,-12.7318,5.35388,0.575387,0.00931791,-0.00326498,-0.00919124,1.78463,-1.78592,0.151216,0.016358,0.111904,0.156155,10.7507,0.434142,-0.205184,0.928372,-10.2835,-0.0526159,0.365647,-4.28277,0.189819,0.0881196,0.208636,-6.16517,-1.99727,-0.00752077,0,1517,0,0,-4.98733e-17,7.10152e-17,-2.08167e-17,-2.60209e-17,-2.9204e-17,3.46945e-18,3.46945e-18,-3.68629e-18,0,-0.537452,-0.292144,0.509751,-0.00777472,3.14159,2.20858,0.0365884,3.25579,-0.00774727,-0.392699,4.1709,0.042312,3.12378,-0.00740283,0.523599,0,0,0,0.123804,-0.0184443,-0.537452,0.509746,3.12774,2.20858,3.25578,-0.4094,4.1709,3.1237,0.505791,0.0165612,-1.90922,0.802929,-7.63472e-05,-0.113706,-0.00137869,0.267695,-0.267888,0.0129143,0.0515888,0.0132031,1.00039,0.170182,-2.83294,-8.29542,-5.37164,267.869,53.7469,5.68625,8.95662,-219.374,-0.437734,0.296267,-93.7492,-3.73232,350.184,-0.334127,350.188,86.1755,-212.613,85.9812,-212.693,-88.6445,-168.395,-89.1278,-168.115,-706.346,-1.91629,415.836,-172.313,307.317,176.919,5.69777,-55.7791,28.3971,-55.8942,-23.2561,34.0962,0.949502,34.1342,-9.93847,27.2522,0.0314076,27.152
2.76,-6.15956,-2.00472,0.141675,0.401758,-0.00194183,1.10837,-0.520718,-0.0886285,0.512311,0.0160058,3.14589,-2.42152,2.22514,-3.23661,3.27418,-0.032261,-0.392094,-4.26749,4.18746,-3.12667,3.14234,-0.697631,0.523244,-5.10956,-2.00941,-7.46497,-0.406982,-7.43889,-3.66324,-4.55956,-2.00782,-6.95687,-0.617526,-6.96225,-3.3888,0.419388,0.429662,-0.507567,0.12487,-0.00754379,0.292205,-0.0187824,-0.552042,-0.537558,-2.60764,0.509639,-0.0518534,3.12764,0.285828,2.2083,0.255422,3.2555,-0.0517262,-0.409681,0.288729,4.17062,0.294747,3.12342,-0.0494223,0.505513,-0.0532784,1.01598,0.437195,-1.27975,1.46697,-22.4974,14.4983,-33.3882,19.7206,8.46548,-9.89843,22.9228,-19.697,5.63322,-1.73119,-0.000184425,0.000433503,-0.67263,8.22302,-24.0251,15.7771,0,5.8377,-2.41826,6.84376,-5.14463,2.25283,0.20102,0.000388901,-0.000157959,-0.698006,11.5266,-33.7958,18.0916,25.6495,-3.06408,9.07291,-4.53429,-12.8542,5.37966,0.600843,0.00930805,-0.00326438,-0.00924112,1.79322,-1.79451,0.151223,0.0163938,0.111258,0.154608,10.8483,0.36709,-0.208531,0.893233,-10.6299,-0.0517446,0.339963,-4.35074,0.190226,0.0870418,0.209641,-6.15976,-1.99718,-0.00754379,0,1542,0,1.38778e-17,-1.14925e-17,3.25261e-17,-1.04083e-17,-1.38778e-17,-6.96769e-18,1.2837e-16,1.2837e-16,1.22894e-16,0,-0.537558,-0.295638,0.509644,-0.00779387,3.14159,2.2083,0.0383117,3.25551,-0.00775893,-0.392699,4.17062,0.0441974,3.12351,-0.00741334,0.523599,0,0,0,0.124179,-0.0187824,-0.537558,0.509639,3.12764,2.2083,3.2555,-0.409681,4.17062,3.12342,0.505513,0.0168406,-1.92759,0.806796,-7.63367e-05,-0.113035,-0.00138617,0.268983,-0.269177,0.0134874,0.0516603,0.0132271,1.00039,0.172257,-2.82033,-8.29023,-5.30106,270.189,52.7018,6.00895,7.86757,-226.654,-0.424463,-0.33882,-95.2067,-3.77429,348.387,-0.336241,348.392,85.7663,-211.643,85.5691,-211.725,-88.31,-168.043,-88.8086,-167.754,-702.995,-2.02852,413.852,-171.492,306.154,176.25,5.58698,-55.4877,28.6431,-55.6074,-24.0279,33.9416,0.83405,33.9797,-10.093,27.2008,-0.0359187,27.0981
2.8,-6.15418,-2.00465,0.142341,0.406193,-0.00200019,1.11451,-0.520547,-0.0847367,0.512319,0.0132201,3.14608,-2.43002,2.22514,-3.23802,3.27425,-0.0463824,-0.392085,-4.26953,4.18746,-3.12767,3.14242,-0.700314,0.52326,-5.10418,-2.00953,-7.45951,-0.406868,-7.43359,-3.66313,-4.55418,-2.00785,-6.95141,-0.617412,-6.95695,-3.38869,0.423091,0.428311,-0.508511,0.125252,-0.00756811,0.297746,-0.0191203,-0.563448,-0.537667,-2.63854,0.50953,-0.0519585,3.12753,0.291103,2.20802,0.266763,3.25522,-0.0518038,-0.409963,0.293396,4.17034,0.307204,3.12315,-0.0494927,0.505235,-0.0533621,1.01607,0.444942,-1.28018,1.47241,-23.2752,14.618,-33.7829,20.0342,9.06733,-10.0156,23.2788,-20.0105,5.64518,-1.73639,-0.000218169,0.000514741,-0.666713,8.3371,-23.9666,15.8703,0,5.72804,-2.42845,6.80659,-5.18542,2.22515,0.206219,0.000427963,-0.000176148,-0.689436,11.7215,-33.8789,18.1611,25.8938,-3.07891,9.11245,-4.55184,-12.9766,5.40524,0.626284,0.00929743,-0.00326369,-0.00928989,1.80174,-1.80303,0.15123,0.0166298,0.110877,0.15351,10.9459,0.296474,-0.21231,0.857955,-10.9832,-0.0509171,0.314891,-4.4179,0.190628,0.0859723,0.210638,-6.15435,-1.99708,-0.00756811,0,1567,2.08167e-17,1.38778e-17,1.00831e-17,-5.2367e-17,1.38778e-17,6.93889e-18,7.10661e-18,-2.42861e-17,-2.08167e-17,-1.78893e-17,0,-0.537667,-0.299115,0.509535,-0.00781276,3.14159,2.20802,0.0400128,3.25523,-0.00777057,-0.392699,4.17034,0.0460654,3.12323,-0.0074239,0.523599,0,0,0,0.124555,-0.0191203,-0.537667,0.50953,3.12753,2.20802,3.25522,-0.409963,4.17034,3.12315,0.505235,0.0171201,-1.94594,0.810633,-7.66235e-05,-0.112297,-0.00139348,0.270262,-0.270455,0.0140603,0.0517319,0.0132512,1.00039,0.172917,-2.82456,-8.34452,-5.27491,272.817,51.8526,6.36088,6.69571,-234.179,-0.416447,-1.00654,-96.6979,-3.8327,348.675,-0.330261,348.68,85.8464,-211.802,85.6453,-211.886,-88.4611,-168.423,-88.9778,-168.123,-703.831,-2.15118,414.227,-171.648,306.678,176.553,5.49696,-55.5316,28.9216,-55.6563,-24.8256,33.9666,0.70982,34.0048,-10.2511,27.2642,-0.106705,27.1587
2.84,-6.1488,-2.00458,0.143019,0.410618,-0.0020581,1.12061,-0.520376,-0.0808623,0.512325,0.0102961,3.14628,-2.43866,2.22514,-3.23942,3.27431,-0.0608235,-0.392078,-4.27153,4.18747,-3.12866,3.1425,-0.702965,0.523276,-5.0988,-2.00965,-7.45405,-0.406753,-7.42829,-3.66301,-4.54881,-2.00788,-6.94595,-0.617299,-6.95165,-3.38857,0.426775,0.426969,-0.509434,0.125644,-0.00759362,0.303277,-0.019458,-0.574748,-0.537776,-2.6695,0.509421,-0.0520624,3.12742,0.296416,2.20774,0.278009,3.25494,-0.0518807,-0.410245,0.298098,4.17007,0.319577,3.12287,-0.0495634,0.504957,-0.0534463,1.01617,0.452693,-1.28061,1.47793,-24.0718,14.7398,-34.1859,20.3556,9.68778,-10.1349,23.6426,-20.3318,5.65727,-1.74129,-0.000251329,0.000595217,-0.660805,8.45056,-23.9081,15.9647,0,5.62016,-2.43878,6.76932,-5.22672,2.19756,0.211168,0.000462931,-0.000193098,-0.680894,11.9177,-33.9616,18.2315,26.1382,-3.09442,9.15175,-4.56961,-13.0991,5.43073,0.651777,0.00928609,-0.00326295,-0.00933766,1.81024,-1.81153,0.151238,0.0169694,0.110625,0.152488,11.0431,0.222411,-0.21613,0.822888,-11.3446,-0.0500927,0.290336,-4.48427,0.191035,0.0849063,0.211631,-6.14895,-1.99699,-0.00759362,0,1592,6.93889e-18,2.77556e-17,2.49366e-17,1.74557e-17,-3.46945e-17,-3.64292e-17,-3.39626e-17,5.55112e-17,5.37764e-17,5.56738e-17,0,-0.537776,-0.302601,0.509426,-0.00783151,3.14159,2.20774,0.0416997,3.25495,-0.0077821,-0.392699,4.17007,0.0479209,3.12295,-0.00743451,0.523599,0,0,0,0.124941,-0.019458,-0.537776,0.509421,3.12742,2.20774,3.25494,-0.410245,4.17007,3.12287,0.504957,0.0173999,-1.96431,0.814456,-7.671e-05,-0.111501,-0.00140065,0.271536,-0.271729,0.0146345,0.0518036,0.0132753,1.00039,0.173025,-2.83379,-8.40817,-5.25854,275.49,50.9859,6.73871,5.51438,-241.891,-0.40834,-1.66782,-98.1764,-3.89387,349.582,-0.326329,349.587,86.0713,-212.292,85.8662,-212.377,-88.7565,-169.008,-89.2919,-168.697,-705.921,-2.27811,415.3,-172.094,307.703,177.143,5.40508,-55.6752,29.205,-55.8053,-25.6432,34.0442,0.584586,34.0825,-10.4078,27.3596,-0.176808,27.2514
2.88,-6.14329,-2.00451,0.143722,0.415102,-0.00211711,1.12676,-0.520198,-0.0769188,0.512339,0.00721643,3.14649,-2.44759,2.22514,-3.2408,3.27438,-0.0758257,-0.392069,-4.27353,4.18747,-3.1296,3.14257,-0.705674,0.523293,-5.09329,-2.00978,-7.44846,-0.406635,-7.42286,-3.6629,-4.54329,-2.0079,-6.94035,-0.617182,-6.94622,-3.38846,0.430527,0.425651,-0.510324,0.126038,-0.00762083,0.308794,-0.0198082,-0.585777,-0.537889,-2.70071,0.509308,-0.0521691,3.12731,0.301739,2.20745,0.289154,3.25464,-0.051961,-0.410538,0.302772,4.16978,0.331882,3.12258,-0.0496373,0.504667,-0.0535336,1.01627,0.46045,-1.28105,1.48351,-24.8845,14.8638,-34.5975,20.6855,10.3231,-10.2562,24.0145,-20.6616,5.66969,-1.746,-0.000284922,0.000677347,-0.654911,8.56324,-23.8495,16.0602,0,5.51402,-2.44918,6.73196,-5.26852,2.17004,0.215862,0.000501415,-0.000211967,-0.672374,12.1135,-34.0438,18.3029,26.3828,-3.1097,9.19081,-4.58764,-13.2216,5.45618,0.677357,0.00927358,-0.00326201,-0.00938399,1.81872,-1.82001,0.151246,0.0175655,0.112085,0.153699,11.142,0.144458,-0.223119,0.788481,-11.7199,-0.0499181,0.266665,-4.55208,0.191452,0.083843,0.212623,-6.14333,-1.99689,-0.00762083,0,1618,6.93889e-18,-1.38778e-17,2.00577e-17,-4.13081e-17,-1.04083e-17,-1.56125e-17,-1.05591e-17,4.16334e-17,4.33681e-17,3.8706e-17,0,-0.537889,-0.306114,0.509313,-0.0078508,3.14159,2.20745,0.0433714,3.25465,-0.00779415,-0.392699,4.16978,0.0497661,3.12266,-0.0074456,0.523599,0,0,0,0.125328,-0.0198082,-0.537889,0.509308,3.12731,2.20745,3.25464,-0.410538,4.16978,3.12258,0.504667,0.0176911,-1.98268,0.818273,-7.72183e-05,-0.111504,-0.0014076,0.272808,-0.273001,0.0152101,0.0518782,0.0133004,1.0004,0.179363,-2.84521,-8.47527,-5.24319,278.227,50.0643,7.13079,4.33439,-249.899,-0.400329,-2.31117,-99.6836,-3.93317,350.83,-0.313818,350.835,86.4256,-213.273,86.2176,-213.359,-89.2287,-170.441,-89.7811,-170.121,-708.635,-2.41307,416.996,-172.798,309.346,178.09,5.30738,-55.8648,29.4952,-55.999,-26.4921,34.2038,0.459494,34.2421,-10.5676,27.6012,-0.24501,27.49
2.92,-6.13791,-2.00445,0.144433,0.419496,-0.00217389,1.13276,-0.520032,-0.0731337,0.512338,0.00404113,3.14668,-2.45654,2.22514,-3.24229,3.27444,-0.0907796,-0.392061,-4.27546,4.18747,-3.13057,3.14265,-0.708165,0.523309,-5.08791,-2.00989,-7.443,-0.406521,-7.41755,-3.66279,-4.53791,-2.00792,-6.93489,-0.617069,-6.94092,-3.38834,0.434119,0.424215,-0.51123,0.126479,-0.00764857,0.314402,-0.0201339,-0.597448,-0.537993,-2.73202,0.509205,-0.0522687,3.1272,0.307339,2.20718,0.300305,3.25437,-0.0520355,-0.410809,0.307688,4.16951,0.34424,3.12231,-0.0497055,0.5044,-0.0536163,1.01639,0.468347,-1.2815,1.48927,-25.7437,14.9922,-35.0251,21.0279,11.0042,-10.3819,24.4011,-21.0039,5.68178,-1.75012,-0.000317742,0.000758291,-0.648905,8.67803,-23.7901,16.1585,0,5.4082,-2.46062,6.69403,-5.3115,2.14229,0.220341,0.000539536,-0.000231213,-0.663782,12.317,-34.1268,18.3764,26.6311,-3.12795,9.23015,-4.60619,-13.346,5.48189,0.703267,0.00926131,-0.0032614,-0.00943109,1.82728,-1.82857,0.151254,0.0177863,0.109845,0.150019,11.237,0.0641088,-0.223885,0.751079,-12.094,-0.0482491,0.242547,-4.61446,0.191858,0.0827704,0.213623,-6.13815,-1.9968,-0.00764857,0,1642,1.38778e-17,1.38778e-17,-2.61293e-17,6.863e-17,-6.93889e-18,-1.04083e-17,-1.66052e-17,0,0,-1.10589e-17,0,-0.537993,-0.309638,0.50921,-0.00786902,3.14159,2.20718,0.0450441,3.25438,-0.00780533,-0.392699,4.16951,0.0516192,3.12239,-0.00745583,0.523599,0,0,0,0.125762,-0.0201339,-0.537993,0.509205,3.1272,2.20718,3.25437,-0.410809,4.16951,3.12231,0.5044,0.01796,-2.00133,0.822127,-7.78527e-05,-0.109518,-0.00141466,0.274092,-0.274286,0.0157945,0.0519472,0.0133236,1.0004,0.177735,-2.84768,-8.52607,-5.22157,280.689,48.931,7.53596,3.10534,-257.915,-0.386834,-2.94293,-101.048,-3.99319,350.879,-0.318695,350.884,86.4316,-213.197,86.2206,-213.285,-89.2899,-170.454,-89.8596,-170.123,-709.026,-2.53188,417.015,-172.807,309.554,178.21,5.18724,-55.8737,29.7562,-56.0137,-27.3419,34.1902,0.329201,34.2284,-10.7122,27.6018,-0.311983,27.4882
2.96,-6.13265,-2.00438,0.145161,0.423882,-0.00222878,1.13871,-0.519856,-0.069364,0.51235,0.000797213,3.14688,-2.46564,2.22513,-3.24368,3.27451,-0.106194,-0.392053,-4.27735,4.18747,-3.13147,3.14272,-0.710697,0.523325,-5.08265,-2.01001,-7.43766,-0.40641,-7.41237,-3.66268,-4.53265,-2.00794,-6.92956,-0.616959,-6.93574,-3.38823,0.437697,0.422885,-0.512074,0.126918,-0.00767719,0.319889,-0.0204692,-0.608399,-0.538096,-2.76321,0.509101,-0.0523659,3.1271,0.312553,2.20689,0.31129,3.25409,-0.0521129,-0.411091,0.31224,4.16923,0.356377,3.12203,-0.0497771,0.504121,-0.0537021,1.0165,0.4761,-1.28196,1.495,-26.5995,15.1206,-35.4542,21.3738,11.683,-10.5076,24.7895,-21.3498,5.69426,-1.75416,-0.000345623,0.000827997,-0.643028,8.78827,-23.7315,16.2565,0,5.30568,-2.47049,6.65655,-5.35432,2.11489,0.224558,0.000577682,-0.00025092,-0.655296,12.5097,-34.2079,18.4495,26.8754,-3.14194,9.26854,-4.62465,-13.4684,5.50727,0.728951,0.00924716,-0.00326026,-0.00947509,1.83574,-1.83703,0.151263,0.0181778,0.109654,0.148872,11.3316,-0.0177369,-0.227463,0.716395,-12.4797,-0.0472815,0.220018,-4.67785,0.192278,0.0817115,0.214612,-6.13276,-1.9967,-0.00767719,0,1667,0,-1.38778e-17,8.0231e-18,-2.97071e-17,-3.1225e-17,-3.29597e-17,-3.02255e-17,1.38778e-17,1.38778e-17,3.52366e-18,0,-0.538096,-0.313149,0.509106,-0.00788648,3.14159,2.20689,0.0466917,3.2541,-0.00781693,-0.392699,4.16923,0.0534392,3.12212,-0.00746657,0.523599,0,0,0,0.126193,-0.0204692,-0.538096,0.509101,3.1271,2.20689,3.25409,-0.411091,4.16923,3.12203,0.504121,0.0182404,-2.01969,0.825933,-7.8463e-05,-0.108597,-0.00142126,0.275361,-0.275555,0.016373,0.0520191,0.0133478,1.0004,0.168202,-2.8623,-8.58056,-5.19136,283.379,47.9708,7.95792,1.93034,-266.081,-0.384883,-3.55071,-102.463,-4.09153,352.341,-0.322856,352.347,86.7195,-213.546,86.5032,-213.635,-89.5885,-170.226,-90.1815,-169.882,-712.383,-2.66956,418.395,-173.379,310.584,178.804,5.08544,-56.1192,30.0414,-56.2674,-28.2076,34.2396,0.204638,34.2779,-10.8622,27.5514,-0.376415,27.4347
3,-6.12724,-2.00431,0.145912,0.428279,-0.00228546,1.14465,-0.519679,-0.0655902,0.512363,-0.0025435,3.14709,-2.47492,2.22513,-3.24507,3.27457,-0.121951,-0.392044,-4.27921,4.18747,-3.13236,3.1428,-0.713206,0.523342,-5.07724,-2.01013,-7.43218,-0.406295,-7.40704,-3.66256,-4.52725,-2.00797,-6.92408,-0.616845,-6.93041,-3.38812,0.441278,0.42155,-0.512902,0.127372,-0.00770808,0.325367,-0.0208065,-0.619355,-0.5382,-2.7944,0.508998,-0.0524618,3.127,0.317868,2.20661,0.322116,3.25381,-0.0521902,-0.411373,0.316958,4.16895,0.368348,3.12175,-0.0498491,0.503842,-0.0537885,1.01662,0.483863,-1.28243,1.50081,-27.479,15.2513,-35.8926,21.7281,12.3856,-10.6356,25.1866,-21.7041,5.70676,-1.75785,-0.000372746,0.00089643,-0.637157,8.89826,-23.6729,16.3556,0,5.20504,-2.48087,6.61907,-5.39764,2.08762,0.2285,0.000615677,-0.000271061,-0.646855,12.7073,-34.2885,18.5237,27.1191,-3.15884,9.30659,-4.64339,-13.5905,5.53245,0.754506,0.00923224,-0.00325911,-0.00951775,1.84413,-1.84542,0.151272,0.0187854,0.109927,0.148375,11.4263,-0.101973,-0.231953,0.681583,-12.8739,-0.0465245,0.197931,-4.74066,0.192698,0.0806581,0.215593,-6.12737,-1.9966,-0.00770808,0,1692,-6.93889e-18,-2.77556e-17,-1.02999e-17,5.29091e-17,-6.93889e-18,-1.21431e-17,-1.175e-17,2.08167e-17,2.77556e-17,2.9165e-17,0,-0.5382,-0.31666,0.509003,-0.00790376,3.14159,2.20661,0.0483155,3.25382,-0.00782853,-0.392699,4.16895,0.0552343,3.12184,-0.00747736,0.523599,0,0,0,0.126639,-0.0208065,-0.5382,0.508998,3.127,2.20661,3.25381,-0.411373,4.16895,3.12175,0.503842,0.0185211,-2.03799,0.82971,-7.89241e-05,-0.10775,-0.00142766,0.276619,-0.276813,0.0169487,0.0520912,0.013372,1.0004,0.166223,-2.89491,-8.70007,-5.19697,286.462,47.2883,8.43073,0.640778,-274.55,-0.389297,-4.2065,-103.931,-4.17472,356.114,-0.3127,356.12,87.6173,-215.594,87.396,-215.686,-90.5578,-171.807,-91.1748,-171.449,-720.266,-2.82694,422.712,-175.169,313.951,180.743,5.01309,-56.724,30.3682,-56.8788,-29.1054,34.5654,0.0679296,34.6038,-11.0178,27.8028,-0.445936,27.6828
3.04,-6.12183,-2.00424,0.146687,0.432685,-0.00234233,1.15056,-0.519499,-0.061831,0.512376,-0.00599072,3.14729,-2.48439,2.22513,-3.24646,3.27463,-0.1381,-0.392036,-4.28104,4.18747,-3.13322,3.14287,-0.71568,0.523358,-5.07183,-2.01025,-7.42669,-0.40618,-7.40171,-3.66245,-4.52184,-2.00799,-6.91859,-0.616731,-6.92508,-3.388,0.444844,0.420211,-0.51371,0.127851,-0.00774036,0.330855,-0.0211442,-0.630319,-0.538301,-2.82576,0.508897,-0.0525577,3.1269,0.323246,2.20633,0.332834,3.25353,-0.0522674,-0.411656,0.321684,4.16867,0.380255,3.12147,-0.0499213,0.503563,-0.0538757,1.01674,0.491664,-1.28291,1.50672,-28.3859,15.385,-36.3425,22.0929,13.1147,-10.7665,25.5946,-22.0688,5.71938,-1.76122,-0.000400195,0.00096621,-0.631266,9.00808,-23.6142,16.4564,0,5.10587,-2.49153,6.58145,-5.44165,2.06037,0.232189,0.000653221,-0.000291527,-0.638415,12.9055,-34.3688,18.5992,27.3633,-3.17601,9.34443,-4.66248,-13.7128,5.55768,0.78015,0.00921663,-0.00325798,-0.00955951,1.85253,-1.85383,0.151281,0.0193784,0.110152,0.147847,11.5206,-0.188885,-0.236728,0.646687,-13.2779,-0.0457678,0.176328,-4.80261,0.193122,0.0796047,0.216575,-6.12198,-1.9965,-0.00774036,0,1717,0,2.77556e-17,4.77049e-18,-4.98733e-18,-2.77556e-17,-2.77556e-17,-2.80165e-17,1.35308e-16,1.35308e-16,1.4241e-16,0,-0.538301,-0.320189,0.508901,-0.00792112,3.14159,2.20633,0.0499232,3.25354,-0.0078401,-0.392699,4.16867,0.0570197,3.12156,-0.00748819,0.523599,0,0,0,0.12711,-0.0211442,-0.538301,0.508897,3.1269,2.20633,3.25353,-0.411656,4.16867,3.12147,0.503563,0.0188019,-2.05634,0.833493,-7.95323e-05,-0.106879,-0.00143393,0.27788,-0.278074,0.0175263,0.0521633,0.0133962,1.0004,0.164989,-2.91503,-8.78195,-5.18525,289.241,46.2978,8.89694,-0.602737,-283.189,-0.385324,-4.81149,-105.326,-4.24606,358.348,-0.307832,358.354,88.1519,-216.792,87.927,-216.885,-91.1664,-172.821,-91.8041,-172.451,-725.07,-2.97611,425.279,-176.233,316.063,181.96,4.90808,-57.0818,30.6628,-57.243,-30.0212,34.7555,-0.0638968,34.7939,-11.1657,27.9647,-0.510072,27.8418
3.08,-6.11642,-2.00417,0.147486,0.437098,-0.00239918,1.15645,-0.519318,-0.0580843,0.512391,-0.0095638,3.1475,-2.49405,2.22513,-3.24785,3.2747,-0.154657,-0.392028,-4.28284,4.18748,-3.13407,3.14294,-0.718117,0.523375,-5.06642,-2.01037,-7.42119,-0.406065,-7.39637,-3.66234,-4.51642,-2.00801,-6.91309,-0.616617,-6.91974,-3.38789,0.448395,0.418871,-0.514496,0.128353,-0.00777407,0.336351,-0.0214821,-0.641278,-0.538401,-2.85728,0.508797,-0.0526541,3.1268,0.328649,2.20605,0.343466,3.25324,-0.0523446,-0.411939,0.32641,4.16839,0.392098,3.12119,-0.0499938,0.503284,-0.0539637,1.01687,0.499501,-1.28341,1.51274,-29.3208,15.5217,-36.8043,22.4682,13.871,-10.9003,26.0136,-22.4441,5.73211,-1.76426,-0.000428604,0.00103889,-0.625357,9.11751,-23.5554,16.5589,0,5.00812,-2.50227,6.54367,-5.48636,2.03309,0.23564,0.000690972,-0.000312626,-0.629969,13.1041,-34.4488,18.6761,27.6081,-3.19334,9.38207,-4.68191,-13.8355,5.58294,0.805887,0.00920011,-0.00325675,-0.0096001,1.86095,-1.86224,0.151291,0.0199724,0.110329,0.147277,11.6146,-0.278979,-0.241568,0.611793,-13.6922,-0.0449756,0.155302,-4.86362,0.19355,0.0785506,0.217559,-6.1166,-1.9964,-0.00777407,0,1742,2.77556e-17,1.38778e-17,2.71051e-17,1.58294e-17,-3.81639e-17,-3.64292e-17,-4.13979e-17,-4.85723e-17,-3.81639e-17,-4.64039e-17,0,-0.538401,-0.323737,0.508802,-0.00793872,3.14159,2.20605,0.051518,3.25325,-0.00785168,-0.392699,4.16839,0.0587956,3.12128,-0.00749907,0.523599,0,0,0,0.127604,-0.0214821,-0.538401,0.508797,3.1268,2.20605,3.25324,-0.411939,4.16839,3.12119,0.503284,0.0190829,-2.07472,0.83728,-8.06502e-05,-0.105958,-0.00144002,0.279143,-0.279337,0.0181061,0.0522354,0.0134205,1.00041,0.164021,-2.93404,-8.85885,-5.17009,291.993,45.2256,9.38168,-1.85121,-292.041,-0.381466,-5.39881,-106.695,-4.31641,360.444,-0.30331,360.45,88.6558,-217.925,88.4275,-218.019,-91.7469,-173.808,-92.4053,-173.426,-729.602,-3.12701,427.697,-177.236,318.078,183.12,4.79442,-57.417,30.9546,-57.5848,-30.9596,34.9356,-0.196249,34.9738,-11.3109,28.1226,-0.572334,27.9967
3.12,-6.111,-2.0041,0.148307,0.441515,-0.00245573,1.16232,-0.519138,-0.0543215,0.512403,-0.0133436,3.14771,-2.5039,2.22513,-3.24924,3.27476,-0.171648,-0.39202,-4.28461,4.18748,-3.13489,3.14302,-0.720522,0.523391,-5.061,-2.01049,-7.4157,-0.40595,-7.39103,-3.66222,-4.511,-2.00803,-6.90759,-0.616503,-6.9144,-3.38778,0.451962,0.417542,-0.515265,0.12888,-0.00780905,0.341854,-0.0218199,-0.652302,-0.538503,-2.88891,0.508695,-0.0527511,3.12669,0.33407,2.20576,0.354012,3.25296,-0.0524213,-0.412222,0.331177,4.16811,0.403851,3.12091,-0.0500665,0.503005,-0.0540525,1.01701,0.507372,-1.28392,1.51887,-30.2862,15.6617,-37.2784,22.8544,14.6573,-11.0374,26.4442,-22.8302,5.74488,-1.76691,-0.00045804,0.00111467,-0.619426,9.22645,-23.4964,16.663,0,4.91185,-2.51304,6.50572,-5.53178,2.0058,0.238853,0.000725814,-0.000332949,-0.621518,13.3043,-34.5284,18.7542,27.8531,-3.21154,9.41946,-4.70167,-13.9582,5.60821,0.831654,0.00918275,-0.00325549,-0.00963953,1.86937,-1.87066,0.151301,0.020536,0.110414,0.146727,11.709,-0.374279,-0.246381,0.577163,-14.1172,-0.0442131,0.134736,-4.92386,0.193979,0.0774959,0.218543,-6.11122,-1.9963,-0.00780905,0,1767,-1.38778e-17,0,2.73219e-17,-4.90059e-17,-6.93889e-18,-1.73472e-17,-1.36626e-17,-1.38778e-17,-1.04083e-17,-1.34441e-17,0,-0.538503,-0.327296,0.5087,-0.00795655,3.14159,2.20576,0.0530997,3.25297,-0.00786319,-0.392699,4.16811,0.0605579,3.121,-0.00750998,0.523599,0,0,0,0.128122,-0.0218199,-0.538503,0.508695,3.12669,2.20576,3.25296,-0.412222,4.16811,3.12091,0.503005,0.0193641,-2.09313,0.841068,-8.15757e-05,-0.105021,-0.00144593,0.280405,-0.280599,0.0186866,0.0523077,0.0134448,1.00041,0.16384,-2.95304,-8.93336,-5.15228,294.755,44.0489,9.88411,-3.10283,-301.117,-0.378889,-5.97294,-108.046,-4.38429,362.548,-0.297917,362.554,89.1677,-219.103,88.9365,-219.198,-92.3411,-174.885,-93.0197,-174.491,-734.142,-3.27803,430.153,-178.255,320.14,184.309,4.66968,-57.7525,31.2474,-57.9266,-31.9217,35.1233,-0.328935,35.1614,-11.4541,28.2962,-0.633199,28.1674
3.16,-6.10558,-2.00403,0.149154,0.445985,-0.00251184,1.16825,-0.518961,-0.0504191,0.512413,-0.017519,3.14792,-2.51409,2.22512,-3.25058,3.27482,-0.189331,-0.392012,-4.28637,4.18748,-3.13568,3.14309,-0.722986,0.523408,-5.05558,-2.01061,-7.4102,-0.405835,-7.38569,-3.66211,-4.50559,-2.00805,-6.9021,-0.616388,-6.90906,-3.38766,0.455665,0.416248,-0.516002,0.129418,-0.00784508,0.347357,-0.0221687,-0.663256,-0.538618,-2.92074,0.50858,-0.0528517,3.12658,0.339522,2.20547,0.364451,3.25267,-0.0525014,-0.412517,0.335937,4.16782,0.415527,3.12062,-0.0501425,0.502714,-0.0541448,1.01715,0.515272,-1.28445,1.52509,-31.2798,15.805,-37.7651,23.2519,15.471,-11.1776,26.8866,-23.2277,5.75782,-1.76923,-0.000488696,0.00119407,-0.613477,9.33488,-23.4373,16.7688,0,4.81711,-2.5239,6.46762,-5.57788,1.97852,0.241824,0.000763796,-0.000355265,-0.613073,13.5048,-34.6076,18.8337,28.0983,-3.22991,9.45658,-4.72175,-14.0811,5.63347,0.857481,0.00916449,-0.00325414,-0.00967774,1.87779,-1.87908,0.151312,0.0211616,0.111749,0.14807,11.8069,-0.479516,-0.25457,0.543451,-14.5596,-0.0440483,0.114976,-4.98555,0.194414,0.076442,0.219527,-6.10563,-1.99619,-0.00784508,0,1793,1.38778e-17,1.38778e-17,-7.15573e-18,-3.62124e-17,-2.08167e-17,-1.73472e-17,-2.09132e-17,8.32667e-17,8.67362e-17,9.1344e-17,0,-0.538618,-0.330878,0.508584,-0.00797512,3.14159,2.20547,0.0546655,3.25267,-0.0078752,-0.392699,4.16782,0.0623086,3.12071,-0.00752138,0.523599,0,0,0,0.128651,-0.0221687,-0.538618,0.50858,3.12658,2.20547,3.25267,-0.412517,4.16782,3.12062,0.502714,0.0196569,-2.11155,0.844856,-8.24548e-05,-0.104868,-0.00145166,0.281668,-0.281862,0.0192679,0.052383,0.0134701,1.00041,0.163922,-2.97038,-9.0018,-5.13248,297.56,42.6477,10.3979,-4.34032,-310.538,-0.37531,-6.52375,-109.418,-4.45106,364.445,-0.292931,364.452,89.6334,-220.164,89.3997,-220.261,-92.8907,-175.922,-93.589,-175.517,-738.278,-3.42749,432.387,-179.182,322.048,185.408,4.52113,-58.0543,31.5447,-58.235,-32.9205,35.2922,-0.460122,35.3301,-11.5996,28.4643,-0.691591,28.3324
3.2,-6.10016,-2.00396,0.150018,0.450429,-0.00256741,1.1741,-0.518785,-0.0466511,0.512418,-0.0217807,3.14813,-2.52445,2.22512,-3.25202,3.27488,-0.207327,-0.392004,-4.28809,4.18748,-3.13648,3.14316,-0.725334,0.523425,-5.05016,-2.01072,-7.4047,-0.405719,-7.38035,-3.662,-4.50017,-2.00807,-6.8966,-0.616274,-6.90372,-3.38755,0.45923,0.414866,-0.516748,0.129993,-0.00788216,0.35294,-0.0225059,-0.6742,-0.538723,-2.95324,0.508474,-0.0529502,3.12647,0.34519,2.20518,0.3749,3.25238,-0.0525785,-0.4128,0.340897,4.16754,0.42725,3.12034,-0.0502158,0.502435,-0.0542354,1.0173,0.523307,-1.28499,1.53149,-32.3144,15.9537,-38.2713,23.6669,16.322,-11.3232,27.3474,-23.6427,5.77117,-1.77131,-0.000520847,0.00127785,-0.607435,9.44475,-23.3773,16.8775,0,4.72284,-2.53536,6.42888,-5.62528,1.951,0.244589,0.000801601,-0.000378158,-0.604549,13.7122,-34.6875,18.9153,28.3468,-3.25084,9.49394,-4.7424,-14.2056,5.65899,0.88363,0.00914571,-0.00325287,-0.00971576,1.88629,-1.88758,0.151324,0.0215963,0.1111,0.146417,11.9015,-0.586961,-0.258994,0.507512,-15.0098,-0.0431412,0.0949733,-5.04433,0.194862,0.0753781,0.22052,-6.10026,-1.99608,-0.00788216,0,1818,0,-2.77556e-17,-1.45283e-17,1.45283e-17,-3.46945e-17,-4.16334e-17,-4.11556e-17,-3.1225e-17,-2.42861e-17,-1.19262e-18,0,-0.538723,-0.334536,0.508479,-0.00799361,3.14159,2.20518,0.0562329,3.25239,-0.00788677,-0.392699,4.16754,0.0640665,3.12043,-0.00753237,0.523599,0,0,0,0.129215,-0.0225059,-0.538723,0.508474,3.12647,2.20518,3.25238,-0.4128,4.16754,3.12034,0.502435,0.0199385,-2.13021,0.848682,-8.33098e-05,-0.103618,-0.00145736,0.282943,-0.283137,0.0198571,0.0524554,0.0134945,1.00041,0.163851,-2.98857,-9.08188,-5.12923,300.315,41.2229,10.957,-5.66351,-320.205,-0.369418,-7.08853,-110.736,-4.5206,366.433,-0.288444,366.44,90.1207,-221.291,89.8846,-221.389,-93.4607,-176.961,-94.1788,-176.545,-742.604,-3.57861,434.724,-180.152,324.025,186.547,4.37008,-58.371,31.8368,-58.5585,-33.9453,35.472,-0.600395,35.5095,-11.7392,28.6319,-0.751464,28.4971
3.24,-6.09474,-2.00389,0.150899,0.454855,-0.00262253,1.17991,-0.518608,-0.0428939,0.512423,-0.0262108,3.14834,-2.53498,2.22512,-3.25344,3.27494,-0.225772,-0.391996,-4.28978,4.18748,-3.13726,3.14323,-0.727644,0.523442,-5.04474,-2.01084,-7.3992,-0.405604,-7.375,-3.66188,-4.49475,-2.00809,-6.8911,-0.616159,-6.89837,-3.38743,0.462783,0.413501,-0.517468,0.130585,-0.00792035,0.35849,-0.0228429,-0.685024,-0.538829,-2.98571,0.508369,-0.0530498,3.12637,0.350681,2.2049,0.385283,3.2521,-0.0526555,-0.413084,0.345671,4.16726,0.438897,3.12006,-0.0502893,0.502155,-0.0543265,1.01746,0.531322,-1.28554,1.53796,-33.3735,16.1048,-38.7876,24.0914,17.1979,-11.4712,27.8179,-24.0671,5.78458,-1.77302,-0.000554672,0.00136644,-0.601419,9.55251,-23.3172,16.9874,0,4.63051,-2.546,6.39008,-5.67318,1.92352,0.24714,0.00083925,-0.00040157,-0.59604,13.9143,-34.7667,18.9978,28.5946,-3.26927,9.53093,-4.76324,-14.3297,5.68448,0.909834,0.00912596,-0.00325143,-0.00975219,1.89478,-1.89607,0.151335,0.0220401,0.110654,0.14511,11.9958,-0.698679,-0.263324,0.472039,-15.4712,-0.0422095,0.0756184,-5.10218,0.195313,0.0743162,0.221513,-6.09489,-1.99597,-0.00792035,0,1843,0,1.38778e-17,-4.77049e-17,6.93889e-17,-1.38778e-17,-1.04083e-17,-1.52229e-17,1.42247e-16,1.42247e-16,1.58619e-16,0,-0.538829,-0.33819,0.508374,-0.0080125,3.14159,2.2049,0.0577903,3.25211,-0.00789833,-0.392699,4.16726,0.0658129,3.12015,-0.0075434,0.523599,0,0,0,0.129797,-0.0228429,-0.538829,0.508369,3.12637,2.2049,3.2521,-0.413084,4.16726,3.12006,0.502155,0.0202204,-2.14883,0.852504,-8.41231e-05,-0.102424,-0.00146283,0.284217,-0.284411,0.0204475,0.0525279,0.0135189,1.00042,0.163485,-3.00554,-9.14142,-5.0975,303.061,39.6992,11.5225,-6.95152,-330.017,-0.366088,-7.62354,-112.024,-4.59256,368.264,-0.283914,368.272,90.5692,-222.318,90.3308,-222.417,-93.9897,-177.902,-94.728,-177.474,-746.629,-3.72955,436.875,-181.044,325.861,187.605,4.20856,-58.6633,32.1279,-58.8578,-34.9855,35.6357,-0.736939,35.6729,-11.8758,28.7833,-0.80818,28.6457
3.28,-6.08932,-2.00382,0.151799,0.459268,-0.00267724,1.18567,-0.518433,-0.0391475,0.512427,-0.0308247,3.14855,-2.5457,2.22512,-3.25484,3.275,-0.244666,-0.391987,-4.29144,4.18748,-3.13801,3.1433,-0.729922,0.523458,-5.03931,-2.01095,-7.3937,-0.405488,-7.36965,-3.66177,-4.48932,-2.00811,-6.8856,-0.616045,-6.89302,-3.38732,0.466325,0.412147,-0.518166,0.131196,-0.00795972,0.364018,-0.0231797,-0.69571,-0.538935,-3.01825,0.508263,-0.053151,3.12626,0.356155,2.20462,0.395536,3.25181,-0.0527325,-0.413367,0.350445,4.16698,0.450409,3.11978,-0.0503633,0.501875,-0.0544184,1.01762,0.539332,-1.28611,1.54449,-34.459,16.2589,-39.3155,24.5266,18.1,-11.6221,28.2993,-24.5023,5.79813,-1.7744,-0.000590736,0.00146131,-0.595415,9.65913,-23.2573,17.0985,0,4.54012,-2.55651,6.35126,-5.72162,1.89615,0.249452,0.000877005,-0.000425639,-0.587566,14.1165,-34.8452,19.0811,28.8415,-3.28817,9.56749,-4.78433,-14.4534,5.70985,0.935962,0.00910519,-0.00324984,-0.00978693,1.90323,-1.90452,0.151348,0.022501,0.110341,0.143997,12.0898,-0.81507,-0.268014,0.436842,-15.9439,-0.0413561,0.0568604,-5.15924,0.195768,0.0732588,0.222501,-6.08952,-1.99586,-0.00795972,0,1868,0,0,-2.68882e-17,2.68882e-17,-3.46945e-18,-1.04083e-17,-9.65279e-18,7.97973e-17,7.97973e-17,7.76831e-17,0,-0.538935,-0.341851,0.508267,-0.00803192,3.14159,2.20462,0.0593281,3.25182,-0.00790988,-0.392699,4.16698,0.0675391,3.11987,-0.00755449,0.523599,0,0,0,0.130397,-0.0231797,-0.538935,0.508263,3.12626,2.20462,3.25181,-0.413367,4.16698,3.11978,0.501875,0.0205025,-2.16737,0.856308,-8.49536e-05,-0.101299,-0.00146804,0.285485,-0.285678,0.0210361,0.0526006,0.0135433,1.00042,0.162912,-3.02358,-9.20391,-5.06903,305.824,38.1002,12.0979,-8.25248,-340.054,-0.36622,-8.14697,-113.3,-4.66783,370.222,-0.279201,370.23,91.0471,-223.41,90.8066,-223.51,-94.5481,-178.877,-95.3067,-178.437,-750.919,-3.8831,439.167,-181.994,327.798,188.721,4.03905,-58.9759,32.4208,-59.1776,-36.0495,35.8097,-0.874855,35.8465,-12.0111,28.9398,-0.86367,28.7992
3.32,-6.08389,-2.00375,0.152718,0.463673,-0.00273158,1.19139,-0.518257,-0.0354088,0.512431,-0.0356359,3.14876,-2.55662,2.22512,-3.25624,3.27506,-0.264037,-0.391979,-4.29306,4.18748,-3.13874,3.14337,-0.732171,0.523475,-5.03389,-2.01106,-7.3882,-0.405373,-7.3643,-3.66165,-4.48389,-2.00812,-6.8801,-0.61593,-6.88767,-3.3872,0.469858,0.4108,-0.518842,0.131825,-0.00800029,0.369532,-0.0235164,-0.706268,-0.539042,-3.0509,0.508156,-0.0532543,3.12615,0.361639,2.20433,0.405663,3.25153,-0.0528096,-0.413651,0.355224,4.1667,0.461804,3.1195,-0.0504375,0.501594,-0.0545111,1.01779,0.54735,-1.28668,1.55111,-35.573,16.4162,-39.8559,24.9736,19.0301,-11.7761,28.7928,-24.9493,5.81183,-1.77542,-0.000629744,0.00156428,-0.589415,9.76485,-23.1973,17.2111,0,4.45158,-2.56696,6.31236,-5.77067,1.86889,0.25153,0.000914822,-0.00045037,-0.579123,14.319,-34.9231,19.1656,29.0877,-3.30759,9.60369,-4.80569,-14.5767,5.73514,0.962048,0.00908349,-0.00324811,-0.0098201,1.91166,-1.91295,0.15136,0.022975,0.110112,0.143011,12.1837,-0.936499,-0.273053,0.401829,-16.4285,-0.0405595,0.0386437,-5.21555,0.196228,0.0722052,0.223486,-6.08416,-1.99575,-0.00800029,0,1893,-1.38778e-17,-4.16334e-17,9.75782e-18,-5.35596e-17,-6.93889e-18,-1.04083e-17,-1.18754e-17,1.31839e-16,1.249e-16,1.21973e-16,0,-0.539042,-0.345525,0.508161,-0.00805205,3.14159,2.20433,0.0608471,3.25154,-0.00792143,-0.392699,4.1667,0.0692476,3.11959,-0.00756563,0.523599,0,0,0,0.131015,-0.0235164,-0.539042,0.508156,3.12615,2.20433,3.25153,-0.413651,4.1667,3.1195,0.501594,0.0207848,-2.18585,0.8601,-8.57598e-05,-0.100213,-0.00147302,0.286749,-0.286942,0.0216237,0.0526733,0.0135677,1.00042,0.162243,-3.04262,-9.26824,-5.04168,308.604,36.4171,12.6959,-9.56631,-350.347,-0.36637,-8.65938,-114.561,-4.74633,372.298,-0.274225,372.306,91.5533,-224.568,91.3108,-224.668,-95.1355,-179.895,-95.9145,-179.443,-755.455,-4.03924,441.595,-183.001,329.836,189.895,3.86062,-59.3076,32.7155,-59.5167,-37.1407,35.9942,-1.01414,36.0306,-12.1447,29.103,-0.917991,28.9594
3.36,-6.07846,-2.00368,0.153661,0.468123,-0.00278557,1.19715,-0.518082,-0.0315379,0.512433,-0.0408554,3.14897,-2.5679,2.22512,-3.25758,3.27512,-0.284205,-0.391971,-4.29467,4.18749,-3.13944,3.14344,-0.734478,0.523492,-5.02845,-2.01117,-7.38269,-0.405257,-7.35894,-3.66154,-4.47846,-2.00814,-6.87459,-0.615815,-6.88231,-3.38709,0.47352,0.409509,-0.519487,0.132462,-0.00804207,0.375032,-0.0238642,-0.716703,-0.53916,-3.0837,0.508037,-0.053364,3.12604,0.367133,2.20404,0.415671,3.25123,-0.0528894,-0.413947,0.360003,4.16641,0.473092,3.11921,-0.050515,0.501303,-0.0546072,1.01796,0.555379,-1.28727,1.55782,-36.7172,16.5769,-40.4096,25.4329,19.9898,-11.9335,29.299,-25.4086,5.8257,-1.77609,-0.000673162,0.00167914,-0.583414,9.86971,-23.1371,17.3251,0,4.36478,-2.57734,6.27332,-5.82037,1.84169,0.253378,0.000952654,-0.000475762,-0.570701,14.5218,-35.0004,19.2511,29.3333,-3.32739,9.63955,-4.82732,-14.6998,5.76036,0.988115,0.00906081,-0.00324625,-0.00985174,1.92006,-1.92135,0.151373,0.0235712,0.111257,0.144031,12.2808,-1.06829,-0.281917,0.368257,-16.933,-0.040365,0.0212651,-5.27333,0.196694,0.0711543,0.224468,-6.07859,-1.99564,-0.00804207,0,1919,0,0,-1.04083e-17,3.18755e-17,-2.08167e-17,-2.08167e-17,-2.44081e-17,4.16334e-17,3.46945e-17,3.48571e-17,0,-0.53916,-0.349214,0.508042,-0.00807368,3.14159,2.20404,0.0623482,3.25124,-0.00793342,-0.392699,4.16641,0.0709401,3.1193,-0.00757725,0.523599,0,0,0,0.13164,-0.0238642,-0.53916,0.508037,3.12604,2.20404,3.25123,-0.413947,4.16641,3.11921,0.501303,0.0210786,-2.20431,0.863881,-8.65885e-05,-0.0999424,-0.00147776,0.288009,-0.288202,0.0222105,0.052749,0.0135932,1.00042,0.161502,-3.06217,-9.33324,-5.01365,311.471,34.5398,13.3167,-10.8685,-361.059,-0.366297,-9.15375,-115.85,-4.82863,374.434,-0.26904,374.442,92.0747,-225.748,91.8304,-225.849,-95.7395,-180.951,-96.5391,-180.487,-760.129,-4.19748,444.097,-184.039,331.932,191.103,3.66161,-59.6487,33.0194,-59.8656,-38.2762,36.182,-1.15218,36.218,-12.2814,29.2726,-0.9704,29.1259
3.4,-6.07302,-2.00361,0.154622,0.472545,-0.00283921,1.20284,-0.517907,-0.0277982,0.512432,-0.0461738,3.14918,-2.57937,2.22511,-3.25902,3.27518,-0.304771,-0.391962,-4.29625,4.18749,-3.14014,3.14351,-0.736672,0.523509,-5.02302,-2.01128,-7.37718,-0.405141,-7.35358,-3.66142,-4.47303,-2.00815,-6.86908,-0.6157,-6.87695,-3.38697,0.477047,0.408126,-0.520139,0.133134,-0.00808505,0.380606,-0.0242006,-0.727105,-0.539268,-3.11715,0.507929,-0.0534762,3.12593,0.372857,2.20375,0.425663,3.25095,-0.0529663,-0.414231,0.364983,4.16613,0.484409,3.11893,-0.0505898,0.501022,-0.0547014,1.01814,0.563539,-1.28788,1.5647,-37.9083,16.7435,-40.9853,25.912,20.993,-12.0968,29.8259,-25.8877,5.83998,-1.7764,-0.000723557,0.00181254,-0.577328,9.9758,-23.0761,17.4422,0,4.2787,-2.58827,6.23365,-5.8714,1.8143,0.255017,0.000990255,-0.000501806,-0.562218,14.7317,-35.0782,19.3388,29.5819,-3.34997,9.67561,-4.84952,-14.8243,5.78579,1.01446,0.00903763,-0.00324446,-0.00988303,1.92853,-1.92982,0.151387,0.0240143,0.110552,0.142337,12.3748,-1.20282,-0.286738,0.332357,-17.4474,-0.0394803,0.00367445,-5.32827,0.197174,0.0700956,0.225458,-6.07323,-1.99552,-0.00808505,0,1944,-1.38778e-17,0,-4.55365e-18,4.55365e-18,0,-6.93889e-18,-5.23466e-18,6.245e-17,5.55112e-17,5.06322e-17,0,-0.539268,-0.352976,0.507934,-0.00809653,3.14159,2.20375,0.0638469,3.25096,-0.00794495,-0.392699,4.16613,0.0726372,3.11902,-0.00758847,0.523599,0,0,0,0.1323,-0.0242006,-0.539268,0.507929,3.12593,2.20375,3.25095,-0.414231,4.16613,3.11893,0.501022,0.0213614,-2.22298,0.867693,-8.74564e-05,-0.0985981,-0.00148245,0.28928,-0.289472,0.0228042,0.0528218,0.0136177,1.00043,0.160747,-3.08384,-9.41301,-5.0037,314.308,32.6441,13.9905,-12.2681,-372.078,-0.36392,-9.66374,-117.087,-4.91724,376.82,-0.263694,376.828,92.6566,-227.09,92.4105,-227.192,-96.4051,-182.092,-97.2255,-181.616,-765.31,-4.35996,446.889,-185.197,334.241,192.433,3.46064,-60.0302,33.3202,-60.2549,-39.4444,36.3961,-1.30056,36.4315,-12.4125,29.4553,-1.02446,29.3057
3.44,-6.06758,-2.00353,0.155607,0.477003,-0.00289263,1.20856,-0.517734,-0.0239059,0.512429,-0.0519558,3.14939,-2.59118,2.22511,-3.26036,3.27524,-0.326192,-0.391955,-4.29782,4.18749,-3.14081,3.14358,-0.738918,0.523527,-5.01758,-2.01139,-7.37167,-0.405025,-7.34821,-3.66131,-4.46759,-2.00816,-6.86357,-0.615585,-6.87159,-3.38685,0.480725,0.40683,-0.520754,0.133813,-0.00812944,0.38614,-0.0245482,-0.737393,-0.53939,-3.15054,0.507808,-0.053602,3.12581,0.3784,2.20346,0.435573,3.25065,-0.0530457,-0.414528,0.369774,4.16583,0.495636,3.11864,-0.0506678,0.50073,-0.0547992,1.01833,0.571673,-1.2885,1.57165,-39.1284,16.9132,-41.5729,26.4022,22.0258,-12.2629,30.3644,-26.378,5.8543,-1.77622,-0.000786781,0.00197935,-0.571266,10.0797,-23.0151,17.5604,0,4.1946,-2.59835,6.1939,-5.92295,1.78696,0.256449,0.00102505,-0.000527089,-0.553753,14.9359,-35.1553,19.4274,29.8294,-3.37001,9.71123,-4.87192,-14.9483,5.81116,1.04082,0.00901363,-0.00324255,-0.00991279,1.93698,-1.93827,0.151401,0.0246239,0.111447,0.143021,12.4725,-1.34943,-0.295206,0.298671,-17.9833,-0.0391319,-0.0129539,-5.38454,0.197655,0.0690395,0.226447,-6.06767,-1.9954,-0.00812944,0,1970,1.38778e-17,2.77556e-17,1.64799e-17,5.63785e-18,2.08167e-17,1.04083e-17,6.26127e-18,6.93889e-18,0,4.33681e-19,0,-0.53939,-0.356732,0.507813,-0.00812288,3.14159,2.20346,0.0653334,3.25066,-0.00795686,-0.392699,4.16583,0.0743204,3.11872,-0.00760017,0.523599,0,0,0,0.132966,-0.0245482,-0.53939,0.507808,3.12581,2.20346,3.25065,-0.414528,4.16583,3.11864,0.50073,0.0216556,-2.24156,0.871498,-8.82853e-05,-0.0981049,-0.00148692,0.290548,-0.29074,0.0233976,0.0528977,0.0136432,1.00043,0.158847,-3.10417,-9.47279,-4.96698,317.22,30.4913,14.6722,-13.5981,-383.44,-0.36331,-10.1375,-118.34,-5.01892,379.024,-0.259922,379.033,93.1883,-228.271,92.9405,-228.374,-97.0127,-183.044,-97.8546,-182.556,-770.159,-4.52071,449.44,-186.255,336.348,193.647,3.23242,-60.3839,33.6288,-60.6171,-40.6489,36.5835,-1.44155,36.6185,-12.5453,29.6063,-1.07469,29.4535
3.48,-6.06213,-2.00346,0.156583,0.481393,-0.00294299,1.21422,-0.517595,-0.0198568,0.512395,-0.0586174,3.14957,-2.60318,2.22511,-3.26184,3.2753,-0.348039,-0.391946,-4.29936,4.18749,-3.14149,3.14365,-0.741061,0.523544,-5.01212,-2.01147,-7.36614,-0.404907,-7.34283,-3.66119,-4.46213,-2.00816,-6.85804,-0.615467,-6.8662,-3.38674,0.484559,0.405403,-0.521383,0.134528,-0.00817095,0.391736,-0.0248818,-0.748639,-0.539534,-3.18366,0.507664,-0.0537295,3.12566,0.384216,2.20317,0.445411,3.25037,-0.0531225,-0.414812,0.374784,4.16555,0.50684,3.11836,-0.0507433,0.500449,-0.0548951,1.01852,0.579924,-1.28913,1.57876,-40.4261,17.0893,-42.1841,26.91,23.138,-12.4356,30.9252,-26.8859,5.86781,-1.775,-0.000856611,0.00216435,-0.56507,10.1849,-22.9533,17.6816,0,4.11151,-2.60913,6.15362,-5.97576,1.75954,0.257657,0.00106231,-0.00055442,-0.54526,15.1477,-35.2326,19.5179,30.079,-3.39336,9.74687,-4.89481,-15.0733,5.83667,1.06736,0.00898832,-0.0032404,-0.00994114,1.94548,-1.94677,0.151416,0.0244059,0.109743,0.141457,12.5742,-1.51824,-0.300132,0.26169,-18.5298,-0.0384202,-0.0299515,-5.43821,0.198108,0.0679796,0.22744,-6.06232,-1.99529,-0.00817095,0,1995,-1.38778e-17,-1.38778e-17,2.29851e-17,-2.29851e-17,0,6.93889e-18,1.0161e-17,1.07553e-16,1.14492e-16,1.01969e-16,0,-0.539534,-0.360457,0.507669,-0.00815031,3.14159,2.20317,0.066809,3.25038,-0.00796837,-0.392699,4.16555,0.0760005,3.11844,-0.0076115,0.523599,0,0,0,0.133668,-0.0248818,-0.539534,0.507664,3.12566,2.20317,3.25037,-0.414812,4.16555,3.11836,0.500449,0.0219388,-2.26031,0.875323,-8.90057e-05,-0.096979,-0.00149117,0.291823,-0.292015,0.0239951,0.0529708,0.0136677,1.00043,0.154225,-3.12936,-9.55605,-4.94924,320.33,27.9906,15.4051,-15.063,-395.122,-0.364083,-10.638,-119.558,-5.13969,381.738,-0.259496,381.748,93.8258,-229.658,93.5758,-229.762,-97.6913,-183.851,-98.5573,-183.349,-776.032,-4.66313,452.502,-187.525,338.7,195.002,2.96731,-60.8237,33.9585,-61.0655,-41.8874,36.8031,-1.59685,36.8375,-12.6745,29.7286,-1.12774,29.5727
3.52,-6.0565,-2.00336,0.157465,0.485606,-0.00296998,1.21973,-0.517476,-0.0156894,0.512342,-0.0663951,3.14974,-2.61538,2.22511,-3.26326,3.27535,-0.370658,-0.391938,-4.30088,4.18749,-3.14213,3.14372,-0.743248,0.523561,-5.00649,-2.01148,-7.36048,-0.404788,-7.33724,-3.66108,-4.45651,-2.00811,-6.85238,-0.615349,-6.86061,-3.38662,0.488509,0.404034,-0.521965,0.135222,-0.00819823,0.397293,-0.0252035,-0.760047,-0.53971,-3.21646,0.507488,-0.053847,3.12549,0.390236,2.20288,0.455099,3.25007,-0.0532023,-0.415108,0.37968,4.16526,0.51797,3.11806,-0.0508219,0.500157,-0.0549938,1.01871,0.588137,-1.28975,1.58587,-41.7648,17.2693,-42.8087,27.4288,24.2941,-12.6123,31.4998,-27.4051,5.8809,-1.77322,-0.000913297,0.0023175,-0.558854,10.2893,-22.8914,17.8036,0,4.03085,-2.62017,6.11318,-6.02888,1.73251,0.258678,0.0011004,-0.00058291,-0.536889,15.3556,-35.3081,19.6074,30.3278,-3.41506,9.78181,-4.9174,-15.198,5.86211,1.09393,0.0089623,-0.00323777,-0.00996856,1.95396,-1.95524,0.15143,0.0220619,0.10533,0.137719,12.679,-1.71435,-0.304888,0.226228,-19.0956,-0.038183,-0.0457361,-5.49297,0.198548,0.0669355,0.228432,-6.05676,-1.99516,-0.00819823,0,2021,-2.77556e-17,-1.38778e-17,2.53703e-17,-4.70544e-17,-1.73472e-17,-3.1225e-17,-2.69018e-17,1.73472e-17,1.38778e-17,1.66967e-17,0,-0.53971,-0.364144,0.507492,-0.00817499,3.14159,2.20288,0.0682622,3.25008,-0.00798035,-0.392699,4.16526,0.0776696,3.11815,-0.00762329,0.523599,0,0,0,0.134349,-0.0252035,-0.53971,0.507488,3.12549,2.20288,3.25007,-0.415108,4.16526,3.11806,0.500157,0.0222335,-2.279,0.879138,-8.9287e-05,-0.0969111,-0.00149528,0.293094,-0.293286,0.0245918,0.0530468,0.0136933,1.00043,0.152917,-3.15171,-9.628,-4.93465,323.57,25.0019,16.1889,-16.5078,-407.118,-0.364803,-11.1203,-120.814,-5.23805,384.156,-0.246214,384.167,94.4214,-231.052,94.1695,-231.156,-98.3262,-184.862,-99.2161,-184.346,-781.222,-4.78625,455.359,-188.71,340.906,196.273,2.65049,-61.2117,34.302,-61.4604,-43.1591,37.0258,-1.75002,37.0595,-12.8076,29.889,-1.17888,29.7297
3.56,-6.05112,-2.00327,0.158348,0.489777,-0.00300173,1.22505,-0.517276,-0.0124715,0.51235,-0.0725412,3.14997,-2.62774,2.22511,-3.26463,3.27541,-0.393693,-0.391929,-4.30238,4.1875,-3.14273,3.14379,-0.745421,0.523579,-5.00112,-2.01156,-7.35506,-0.404677,-7.33191,-3.66097,-4.45113,-2.00808,-6.84696,-0.615239,-6.85528,-3.38651,0.491497,0.402715,-0.522515,0.135821,-0.00823417,0.402715,-0.0255302,-0.766466,-0.539805,-3.25252,0.507393,-0.0539604,3.12539,0.395936,2.20258,0.46492,3.24978,-0.0532821,-0.415405,0.384617,4.16497,0.529039,3.11777,-0.0509009,0.499864,-0.05509,1.01888,0.596153,-1.29034,1.5928,-42.9726,17.448,-43.4302,27.9633,25.3017,-12.7879,32.0727,-27.94,5.89911,-1.77389,-0.000965521,0.00246032,-0.552965,10.3889,-22.8288,17.9239,0,3.95339,-2.629,6.07252,-6.08158,1.70594,0.259679,0.0011384,-0.000612015,-0.52866,15.5645,-35.3829,19.6949,30.5743,-3.43772,9.81661,-4.9395,-15.3214,5.88679,1.12042,0.00893619,-0.00323479,-0.0099946,1.96218,-1.96346,0.151442,0.0220738,0.104268,0.132947,12.7601,-1.86936,-0.308925,0.191988,-19.6717,-0.0373808,-0.060737,-5.54739,0.199162,0.0659098,0.229396,-6.0512,-1.99504,-0.00823417,0,2047,0,0,1.43115e-17,3.01408e-17,-3.46945e-18,-1.04083e-17,-1.06591e-17,3.1225e-17,2.42861e-17,3.68629e-17,0,-0.539805,-0.368196,0.507396,-0.00819884,3.14159,2.20258,0.0697353,3.24979,-0.00799232,-0.392699,4.16497,0.0793293,3.11786,-0.00763514,0.523599,0,0,0,0.134937,-0.0255302,-0.539805,0.507393,3.12539,2.20258,3.24978,-0.415405,4.16497,3.11777,0.499864,0.0225284,-2.29751,0.882839,-8.99236e-05,-0.0958526,-0.00149919,0.294327,-0.294519,0.0251884,0.053123,0.0137189,1.00044,0.141648,-3.14373,-9.64891,-4.92848,325.964,22.549,16.9592,-17.9253,-419.224,-0.363163,-11.5699,-122.057,-5.37449,382.703,-0.254348,382.714,94.0334,-229.813,93.7785,-229.919,-97.9303,-183.189,-98.8484,-182.658,-779.074,-4.92858,453.478,-187.931,339.523,195.478,2.39044,-60.9942,34.5559,-61.2575,-44.4424,36.8221,-1.90029,36.8557,-12.9394,29.6029,-1.22654,29.4401
3.6,-6.0456,-2.00318,0.159187,0.493831,-0.00303322,1.23032,-0.517161,-0.00832825,0.512307,-0.0803003,3.15014,-2.64023,2.22511,-3.26615,3.27547,-0.417059,-0.391921,-4.30385,4.1875,-3.14334,3.14386,-0.747506,0.523596,-4.99559,-2.01158,-7.34949,-0.404556,-7.32642,-3.66085,-4.4456,-2.00803,-6.84139,-0.615118,-6.84979,-3.38639,0.495433,0.401244,-0.523081,0.136432,-0.00826401,0.4081,-0.0258455,-0.778377,-0.539973,-3.28317,0.507225,-0.0540832,3.12522,0.401729,2.20229,0.474563,3.24949,-0.0533587,-0.41569,0.389579,4.16468,0.539976,3.11749,-0.0509775,0.499583,-0.0551837,1.01905,0.604137,-1.29093,1.59976,-44.3652,17.6271,-44.0566,28.4846,26.5229,-12.9639,32.6503,-28.4617,5.91071,-1.77075,-0.0010334,0.00264428,-0.546988,10.4873,-22.7664,18.0449,0,3.87823,-2.63791,6.03191,-6.13461,1.67968,0.260476,0.00117476,-0.00064095,-0.520528,15.7742,-35.4569,19.7827,30.8191,-3.46134,9.851,-4.96169,-15.4441,5.91125,1.14679,0.00890857,-0.00323134,-0.0100181,1.97033,-1.97161,0.151455,0.0209724,0.101359,0.131753,12.8643,-2.06534,-0.312449,0.153937,-20.2562,-0.0368268,-0.0760989,-5.59962,0.19955,0.0648951,0.230349,-6.04587,-1.99492,-0.00826401,0,2072,-1.38778e-17,0,-2.05998e-17,6.50521e-17,-6.93889e-18,-1.04083e-17,-1.06286e-17,2.08167e-17,3.1225e-17,3.11708e-17,0,-0.539973,-0.371637,0.50723,-0.00822573,3.14159,2.20229,0.0711817,3.2495,-0.00800381,-0.392699,4.16468,0.0809688,3.11758,-0.00764663,0.523599,0,0,0,0.135536,-0.0258455,-0.539973,0.507225,3.12522,2.20229,3.24949,-0.41569,4.16468,3.11749,0.499583,0.0228123,-2.31589,0.886503,-9.20634e-05,-0.0950744,-0.00150272,0.295549,-0.295741,0.0257816,0.0531963,0.0137435,1.00044,0.137143,-3.18093,-9.7656,-4.83068,329.834,20.0378,17.831,-19.5634,-431.655,-0.372855,-12.0923,-123.321,-5.50772,386.932,-0.235447,386.944,95.0332,-232.102,94.7749,-232.209,-98.9629,-184.602,-99.9122,-184.052,-787.914,-5.07672,458.283,-189.923,343.113,197.546,2.12423,-61.6767,34.966,-61.9474,-45.7603,37.1866,-2.07394,37.2197,-13.0734,29.8219,-1.28192,29.6552
3.64,-6.04005,-2.00309,0.160083,0.497955,-0.00307123,1.23552,-0.516962,-0.00510613,0.512316,-0.0867711,3.15038,-2.65302,2.2251,-3.2675,3.27553,-0.441155,-0.391912,-4.3053,4.1875,-3.14394,3.14393,-0.749679,0.523613,-4.99005,-2.01166,-7.34389,-0.40444,-7.32093,-3.66073,-4.44006,-2.00801,-6.83579,-0.615003,-6.8443,-3.38627,0.498426,0.399943,-0.523623,0.136986,-0.00830585,0.413372,-0.0261789,-0.783949,-0.54007,-3.31881,0.507128,-0.0542009,3.12513,0.407216,2.202,0.484203,3.24919,-0.0534383,-0.415987,0.394545,4.16439,0.550756,3.1172,-0.0510572,0.499289,-0.055279,1.0192,0.611971,-1.29151,1.60661,-45.5923,17.8081,-44.6894,29.034,27.5522,-13.1418,33.2351,-29.0115,5.9292,-1.77091,-0.00109246,0.00280697,-0.541292,10.5817,-22.7038,18.165,0,3.80589,-2.64519,5.99134,-6.18742,1.65376,0.261169,0.00121141,-0.000670695,-0.512501,15.9842,-35.5305,19.8698,31.0611,-3.48593,9.88505,-4.98369,-15.5652,5.93509,1.17291,0.00888147,-0.00322804,-0.0100409,1.97827,-1.97955,0.151467,0.0223871,0.103104,0.130134,12.9456,-2.2288,-0.319729,0.120168,-20.8589,-0.0363138,-0.0908481,-5.65406,0.200173,0.0638942,0.231279,-6.04032,-1.99479,-0.00830585,0,2098,0,0,3.25261e-18,1.88651e-17,-2.77556e-17,-3.81639e-17,-3.68561e-17,7.28584e-17,7.97973e-17,7.65989e-17,0,-0.54007,-0.375642,0.507132,-0.00825125,3.14159,2.202,0.0726275,3.2492,-0.00801575,-0.392699,4.16439,0.0825862,3.11728,-0.00765858,0.523599,0,0,0,0.13608,-0.0261789,-0.54007,0.507128,3.12513,2.202,3.24919,-0.415987,4.16439,3.1172,0.499289,0.0231077,-2.33408,0.890085,-8.93992e-05,-0.0940538,-0.00150613,0.296741,-0.296932,0.0263704,0.0532726,0.0137692,1.00044,0.134678,-3.19146,-9.8195,-4.86997,332.332,17.5155,18.6639,-21.0411,-444.352,-0.374812,-12.553,-124.578,-5.62141,387.942,-0.224877,387.954,95.2926,-232.63,95.0324,-232.737,-99.3018,-185.028,-100.275,-184.464,-790.575,-5.25004,459.518,-190.435,344.29,198.225,1.85684,-61.8403,35.2309,-62.1233,-47.1063,37.2696,-2.23059,37.3022,-13.2067,29.8873,-1.33076,29.7173
3.68,-6.03449,-2.00301,0.161033,0.50213,-0.00310916,1.24075,-0.516756,-0.00163902,0.512348,-0.093063,3.15062,-2.66612,2.2251,-3.26884,3.27558,-0.46604,-0.391904,-4.30671,4.1875,-3.14447,3.14399,-0.751759,0.523631,-4.98448,-2.01175,-7.33827,-0.404324,-7.31542,-3.66062,-4.4345,-2.00798,-6.83018,-0.614888,-6.83879,-3.38616,0.50168,0.398649,-0.524105,0.137598,-0.00835084,0.41871,-0.0265124,-0.792685,-0.540159,-3.35199,0.507038,-0.0543161,3.12503,0.41304,2.2017,0.493616,3.2489,-0.0535176,-0.416284,0.399285,4.1641,0.561633,3.1169,-0.0511372,0.498996,-0.0553762,1.01937,0.619942,-1.29213,1.61369,-46.9597,17.9925,-45.3394,29.5896,28.734,-13.3229,33.8355,-29.5677,5.94451,-1.76906,-0.00114972,0.00296658,-0.535504,10.6778,-22.641,18.2883,0,3.73456,-2.65366,5.95049,-6.24156,1.62777,0.261581,0.00124549,-0.00069987,-0.504453,16.1877,-35.604,19.9594,31.3056,-3.50627,9.91913,-5.00635,-15.6878,5.95948,1.19951,0.00885306,-0.00322457,-0.0100624,1.9864,-1.98767,0.15148,0.0237517,0.104369,0.130681,13.0329,-2.3877,-0.327316,0.0865988,-21.4814,-0.0352585,-0.104099,-5.70616,0.200684,0.0628897,0.232228,-6.03478,-1.99466,-0.00835084,0,2124,1.38778e-17,2.77556e-17,2.97071e-17,-5.22585e-17,-1.38778e-17,-1.38778e-17,-1.28546e-17,3.46945e-17,2.42861e-17,1.68593e-17,0,-0.540159,-0.379371,0.507041,-0.00827624,3.14159,2.2017,0.0740397,3.24891,-0.00802763,-0.392699,4.1641,0.0842163,3.11699,-0.00767058,0.523599,0,0,0,0.136679,-0.0265124,-0.540159,0.507038,3.12503,2.2017,3.2489,-0.416284,4.1641,3.1169,0.498996,0.0234033,-2.35243,0.893737,-9.28734e-05,-0.0926286,-0.00150937,0.297959,-0.29815,0.02697,0.053349,0.0137949,1.00045,0.131039,-3.22393,-9.90847,-4.78554,335.389,15.4023,19.5004,-22.5211,-457.589,-0.374824,-12.9725,-125.754,-5.7302,391.684,-0.211897,391.697,96.1803,-234.646,95.9188,-234.755,-100.283,-186.441,-101.282,-185.862,-798.61,-5.46698,463.785,-192.205,347.693,200.185,1.63281,-62.4429,35.555,-62.7366,-48.5095,37.5905,-2.38749,37.6224,-13.3313,30.1083,-1.37523,29.9347
3.72,-6.02891,-2.00293,0.16204,0.506407,-0.00314992,1.24606,-0.516534,0.001852,0.512391,-0.0993884,3.15089,-2.67972,2.2251,-3.27013,3.27564,-0.492275,-0.391893,-4.30812,4.1875,-3.145,3.14406,-0.753934,0.523649,-4.9789,-2.01186,-7.33264,-0.404208,-7.30989,-3.6605,-4.42892,-2.00797,-6.82454,-0.614772,-6.83327,-3.38604,0.504949,0.397406,-0.524586,0.138254,-0.00839882,0.424081,-0.0268604,-0.80089,-0.540244,-3.38612,0.506953,-0.0544424,3.12495,0.418858,2.20139,0.502912,3.24859,-0.0535089,-0.416591,0.404483,4.16379,0.572183,3.1166,-0.0512205,0.498691,-0.055478,1.01955,0.628005,-1.29278,1.62095,-48.3637,18.1831,-46.0135,30.169,29.9471,-13.5101,34.4587,-30.1475,5.96074,-1.76707,-0.00121808,0.0031565,-0.529683,10.7737,-22.5778,18.4145,0,3.66431,-2.66207,5.90935,-6.29695,1.60159,0.262007,0.000600933,-0.000342782,-0.496268,16.4066,-35.677,20.0515,31.5486,-3.53559,9.95268,-5.02966,-15.8094,5.98364,1.22559,0.00882376,-0.00322126,-0.0100821,1.99444,-1.99572,0.151493,0.0251748,0.106936,0.132651,13.1208,-2.54788,-0.340176,0.0543886,-22.1329,-0.0352754,-0.117274,-5.76063,0.201228,0.0618778,0.233168,-6.02902,-1.99453,-0.00839882,0,2151,0,-2.77556e-17,-6.72205e-18,2.92735e-17,0,-1.04083e-17,-1.04117e-17,-6.93889e-17,-6.59195e-17,-6.10948e-17,0,-0.540244,-0.383203,0.506958,-0.00830433,3.14159,2.20139,0.0754339,3.2486,-0.00802633,-0.392699,4.16379,0.0857985,3.11669,-0.00768307,0.523599,0,0,0,0.137322,-0.0268604,-0.540244,0.506953,3.12495,2.20139,3.24859,-0.416591,4.16379,3.1166,0.498691,0.0237105,-2.37068,0.897361,-9.27552e-05,-0.0923212,-0.00151232,0.299167,-0.299357,0.0275575,0.0534285,0.0138216,1.00045,0.123789,-3.25957,-10.0006,-4.76861,338.341,13.1674,20.4063,-24.01,-471.252,-0.388853,-13.3938,-126.997,-5.87804,395.705,-0.223582,395.719,97.0875,-236.693,96.867,-236.785,-101.295,-187.597,-102.322,-187.003,-807.324,-5.70753,468.273,-194.065,351.198,202.204,1.39589,-63.095,35.8679,-63.4017,-49.9579,37.9142,-2.54533,37.9428,-13.4631,30.2824,-1.41989,30.1052
3.76,-6.02331,-2.00284,0.163067,0.510672,-0.00318913,1.25134,-0.516328,0.00544789,0.512418,-0.106327,3.15114,-2.69364,2.22511,-3.27159,3.2757,-0.519592,-0.391878,-4.30951,4.18751,-3.14554,3.14413,-0.755981,0.523667,-4.9733,-2.01195,-7.32698,-0.404091,-7.30434,-3.66039,-4.42331,-2.00794,-6.81888,-0.614654,-6.82772,-3.38592,0.508322,0.395987,-0.525076,0.138979,-0.00844541,0.42958,-0.0271957,-0.810447,-0.540334,-3.42014,0.506863,-0.0545777,3.12486,0.424982,2.2011,0.512188,3.2483,-0.053362,-0.416884,0.409639,4.1635,0.582921,3.1163,-0.0513009,0.498398,-0.055579,1.01976,0.636294,-1.29345,1.6285,-49.8845,18.3833,-46.7231,30.7754,31.278,-13.7067,35.1155,-30.7545,5.97611,-1.76379,-0.00130274,0.00339082,-0.523664,10.8717,-22.5134,18.5455,0,3.59431,-2.67115,5.8673,-6.35444,1.57497,0.262605,-0.00108267,0.000627169,-0.487835,16.6256,-35.7511,20.1472,31.7969,-3.56314,9.98665,-5.05385,-15.9338,6.00851,1.25237,0.008794,-0.00321813,-0.010102,2.00273,-2.004,0.151509,0.0256872,0.106626,0.1322,13.2115,-2.72398,-0.34805,0.0178747,-22.8044,-0.0345969,-0.130703,-5.8119,0.201742,0.0608487,0.234135,-6.02349,-1.9944,-0.00844541,0,2177,-1.38778e-17,-2.77556e-17,-4.38018e-17,4.38018e-17,3.46945e-18,-3.46945e-18,-9.80525e-18,3.46945e-18,-3.46945e-18,1.01373e-17,0,-0.540334,-0.387023,0.506868,-0.0083358,3.14159,2.2011,0.0768252,3.24831,-0.0080043,-0.392699,4.1635,0.0874084,3.11639,-0.00769513,0.523599,0,0,0,0.138033,-0.0271957,-0.540334,0.506863,3.12486,2.2011,3.2483,-0.416884,4.1635,3.1163,0.498398,0.0240066,-2.38932,0.901089,-9.40078e-05,-0.0911386,-0.00151531,0.300409,-0.3006,0.0281607,0.0535051,0.0138473,1.00045,0.118633,-3.30528,-10.1308,-4.75825,341.665,10.8796,21.4436,-25.7211,-485.479,-0.389164,-13.8604,-128.199,-6.04167,400.96,-0.205758,400.974,98.254,-239.574,98.1103,-239.635,-102.623,-189.465,-103.681,-188.853,-818.416,-5.95487,474.239,-196.536,355.81,204.86,1.15336,-63.9422,36.2203,-64.2601,-51.4662,38.3729,-2.72673,38.3957,-13.5905,30.5731,-1.46935,30.3921
3.8,-6.01767,-2.00275,0.164139,0.514958,-0.00323065,1.25659,-0.516101,0.00877817,0.512456,-0.113088,3.15141,-2.70787,2.22511,-3.27308,3.27576,-0.548059,-0.391858,-4.31086,4.18751,-3.14606,3.14419,-0.758006,0.523684,-4.96766,-2.01205,-7.32128,-0.403978,-7.29876,-3.66027,-4.41767,-2.00792,-6.81319,-0.614536,-6.82214,-3.3858,0.511422,0.394544,-0.525554,0.139726,-0.00849684,0.435061,-0.0275336,-0.818201,-0.540404,-3.45584,0.506794,-0.0547151,3.12479,0.430834,2.20081,0.521482,3.24801,-0.0530936,-0.417173,0.414732,4.16321,0.593563,3.11601,-0.0513816,0.498104,-0.055681,1.01997,0.644592,-1.29414,1.63615,-51.3958,18.5887,-47.4528,31.4067,32.5903,-13.9086,35.7919,-31.3865,5.99359,-1.76104,-0.00139154,0.00363806,-0.517689,10.9674,-22.4485,18.6783,0,3.52595,-2.67898,5.82496,-6.41287,1.54822,0.263442,-0.00373799,0.00219923,-0.47926,16.843,-35.825,20.2442,32.0444,-3.59012,10.0203,-5.07838,-16.0578,6.03333,1.27912,0.00876344,-0.00321491,-0.0101203,2.011,-2.01226,0.151525,0.0267862,0.10715,0.131209,13.2954,-2.89579,-0.355554,-0.0191134,-23.4978,-0.0337877,-0.14381,-5.86262,0.202328,0.059815,0.235101,-6.01795,-1.99426,-0.00849684,0,2203,0,-2.77556e-17,-2.38524e-17,6.85216e-17,1.38778e-17,1.04083e-17,1.21363e-17,4.85723e-17,4.51028e-17,4.43981e-17,0,-0.540404,-0.391031,0.506799,-0.00836835,3.14159,2.20081,0.0782192,3.24802,-0.00796404,-0.392699,4.16321,0.0890045,3.1161,-0.00770724,0.523599,0,0,0,0.138764,-0.0275336,-0.540404,0.506794,3.12479,2.20081,3.24801,-0.417173,4.16321,3.11601,0.498104,0.0243029,-2.40792,0.904813,-9.32822e-05,-0.0896869,-0.00151804,0.301649,-0.30184,0.0287637,0.0535818,0.0138731,1.00046,0.106372,-3.33789,-10.2175,-4.75011,344.595,8.4832,22.4824,-27.3969,-499.985,-0.394511,-14.2908,-129.374,-6.23678,404.409,-0.21045,404.425,98.891,-241.196,98.8816,-241.201,-103.434,-189.763,-104.525,-189.132,-826.147,-6.19851,477.956,-198.072,358.609,206.473,0.899315,-64.511,36.5309,-64.845,-53.004,38.6268,-2.90438,38.6404,-13.7151,30.6,-1.51498,30.4151
3.84,-6.01197,-2.00267,0.165274,0.519318,-0.00327029,1.26183,-0.51582,0.0118009,0.512543,-0.118999,3.15172,-2.72253,2.22513,-3.27451,3.27583,-0.577978,-0.391832,-4.31218,4.18751,-3.14653,3.14426,-0.760051,0.523702,-4.96196,-2.01219,-7.31554,-0.40387,-7.29312,-3.66016,-4.41198,-2.0079,-6.80744,-0.614422,-6.8165,-3.38569,0.514212,0.39315,-0.525973,0.140505,-0.00855334,0.44055,-0.0278812,-0.824979,-0.540431,-3.49256,0.506767,-0.054866,3.12476,0.436679,2.20052,0.530637,3.24771,-0.0527158,-0.417467,0.419698,4.1629,0.604123,3.1157,-0.0514656,0.497798,-0.0557873,1.02019,0.652947,-1.29486,1.64394,-52.9236,18.7984,-48.2018,32.0605,33.913,-14.1147,36.4865,-32.041,6.01247,-1.75837,-0.00149506,0.00392632,-0.511766,11.0624,-22.3834,18.8136,0,3.45911,-2.68665,5.78244,-6.47245,1.52141,0.264461,-0.00733063,0.00438104,-0.470573,17.0566,-35.8982,20.343,32.2917,-3.61534,10.0536,-5.10336,-16.1816,6.05831,1.30592,0.00873178,-0.00321154,-0.0101368,2.01932,-2.02058,0.151542,0.0283878,0.108989,0.131008,13.3718,-3.04692,-0.366483,-0.0546815,-24.2206,-0.0329986,-0.15542,-5.91387,0.20296,0.0587788,0.236073,-6.01221,-1.99412,-0.00855334,0,2230,1.38778e-17,1.38778e-17,-3.29597e-17,3.29597e-17,6.93889e-18,-1.73472e-17,-1.77538e-17,4.85723e-17,4.85723e-17,3.81097e-17,0,-0.540431,-0.395156,0.506771,-0.00840496,3.14159,2.20052,0.0795925,3.24772,-0.00790737,-0.392699,4.1629,0.0905881,3.11579,-0.00771984,0.523599,0,0,0,0.139528,-0.0278812,-0.540431,0.506767,3.12476,2.20052,3.24771,-0.417467,4.1629,3.1157,0.497798,0.0246109,-2.4265,0.908559,-9.33964e-05,-0.0884356,-0.00152053,0.302897,-0.303087,0.029368,0.0536616,0.0138999,1.00046,0.0906188,-3.3929,-10.3594,-4.73572,347.867,6.91952,23.644,-29.2016,-515.173,-0.404483,-14.7437,-130.616,-6.48484,410.528,-0.209394,410.544,100.072,-244.245,100.266,-244.166,-104.876,-190.831,-106.01,-190.175,-839.383,-6.53316,484.634,-200.831,363.604,209.351,0.733547,-65.5118,36.8778,-65.8652,-54.6141,39.1074,-3.09569,39.1075,-13.8468,30.7438,-1.56299,30.5539
3.88,-6.0062,-2.00259,0.166486,0.523736,-0.00330851,1.26709,-0.515525,0.0149009,0.512648,-0.124715,3.15206,-2.73755,2.22515,-3.27598,3.27591,-0.611013,-0.391787,-4.31346,4.18752,-3.14697,3.14433,-0.762052,0.523721,-4.95619,-2.01233,-7.30972,-0.403773,-7.2874,-3.66005,-4.40621,-2.00788,-6.80162,-0.614311,-6.81078,-3.38558,0.517084,0.39172,-0.526364,0.14135,-0.00861558,0.446112,-0.0282276,-0.833308,-0.540444,-3.52847,0.506753,-0.0550254,3.12475,0.442654,2.20024,0.53968,3.24743,-0.0514455,-0.417748,0.424952,4.1626,0.614511,3.1154,-0.0515499,0.497493,-0.0558958,1.02043,0.66146,-1.29561,1.65198,-54.5687,19.0148,-48.9788,32.7352,35.3566,-14.3273,37.2074,-32.7163,6.03006,-1.75438,-0.00161175,0.00425225,-0.505755,11.1581,-22.3174,18.953,0,3.39315,-2.69463,5.73948,-6.53393,1.49431,0.268181,-0.0180234,0.0109446,-0.461062,17.2806,-35.9713,20.4449,32.5395,-3.64608,10.0866,-5.12911,-16.3057,6.08341,1.33259,0.00869887,-0.00320816,-0.0101516,2.02768,-2.02894,0.15156,0.0302861,0.110455,0.131447,13.45,-3.19372,-0.375589,-0.0907045,-24.9718,-0.0319185,-0.166318,-5.96399,0.203549,0.0577309,0.237049,-6.00647,-1.99398,-0.00861558,0,2257,-1.38778e-17,-2.77556e-17,3.31766e-17,-5.55112e-17,1.04083e-17,-6.93889e-18,-6.9931e-18,-2.08167e-17,-1.73472e-17,-1.24141e-17,0,-0.540444,-0.399188,0.506758,-0.00844463,3.14159,2.20024,0.080949,3.24744,-0.00771683,-0.392699,4.1626,0.0921462,3.11549,-0.00773249,0.523599,0,0,0,0.140355,-0.0282276,-0.540444,0.506753,3.12475,2.20024,3.24743,-0.417748,4.1626,3.1154,0.497493,0.0249191,-2.44511,0.912327,-9.24097e-05,-0.0865861,-0.00152274,0.304152,-0.304341,0.0299695,0.0537414,0.0139267,1.00046,0.0748849,-3.46247,-10.5392,-4.71098,351.545,5.73921,24.9383,-31.1471,-529.203,-0.422135,-15.2148,-131.873,-6.75686,418.426,-0.207065,418.445,101.317,-248.489,102.213,-248.123,-106.755,-192.645,-107.937,-191.962,-856.15,-6.91638,493.324,-204.417,370.122,213.105,0.608421,-66.7979,37.2677,-67.1701,-56.1014,39.7786,-3.30194,39.7333,-13.98,31.0064,-1.61294,30.8115
3.92,-6.00034,-2.00255,0.168066,0.528591,-0.00337234,1.27253,-0.515091,0.0168909,0.512858,-0.127214,3.15252,-2.75312,2.22525,-3.27718,3.27607,-0.659449,-0.391639,-4.3146,4.18752,-3.1473,3.1444,-0.764025,0.52374,-4.95033,-2.01263,-7.30379,-0.403734,-7.28163,-3.65996,-4.40035,-2.00795,-6.79566,-0.614224,-6.80501,-3.38549,0.518824,0.390524,-0.526639,0.14226,-0.00872667,0.451669,-0.0286113,-0.835407,-0.54033,-3.57032,0.506868,-0.0552012,3.12487,0.448202,2.20001,0.548578,3.24721,-0.0439788,-0.417972,0.43022,4.16228,0.624656,3.11509,-0.0516375,0.497175,-0.0560099,1.0207,0.67004,-1.29643,1.66025,-56.0547,19.2365,-49.7801,33.4578,36.6072,-14.5448,37.9509,-33.4395,6.05539,-1.75345,-0.00174668,0.00463,-0.49997,11.2514,-22.2508,19.0949,0,3.32831,-2.70194,5.69738,-6.59767,1.4668,0.292454,-0.0783185,0.048329,-0.446496,17.5062,-36.0451,20.551,32.7852,-3.67852,10.1194,-5.156,-16.4286,6.10844,1.35892,0.00866594,-0.00320555,-0.0101648,2.03602,-2.03728,0.15158,0.0395123,0.121379,0.135869,13.5004,-3.26088,-0.389211,-0.118276,-25.7581,-0.0286946,-0.174266,-6.01341,0.204398,0.0566666,0.238021,-6.00053,-1.99383,-0.00872667,0,2285,1.38778e-17,1.38778e-17,-4.64039e-17,6.93889e-17,-3.46945e-17,-3.1225e-17,-3.18755e-17,0,-1.04083e-17,4.66207e-18,0,-0.54033,-0.403888,0.506873,-0.00848966,3.14159,2.20001,0.0822842,3.24722,-0.00659682,-0.392699,4.16228,0.0936695,3.11517,-0.00774562,0.523599,0,0,0,0.141247,-0.0286113,-0.54033,0.506868,3.12487,2.20001,3.24721,-0.417972,4.16228,3.11509,0.497175,0.025239,-2.46358,0.916093,-8.69433e-05,-0.0809894,-0.00152473,0.305403,-0.305592,0.0305687,0.0538243,0.0139546,1.00047,0.0546865,-3.53687,-10.7172,-4.74562,354.372,5.98,26.2793,-32.9553,-532.948,-0.439878,-15.6184,-133.106,-7.09698,426.756,-0.20499,426.776,100.057,-253.967,104.938,-251.986,-108.788,-194.334,-110.019,-193.623,-874.299,-7.44291,502.416,-208.128,377.161,217.158,0.633947,-68.158,37.5674,-68.559,-56.4985,40.6376,-3.49363,40.3416,-14.1108,31.2418,-1.65572,31.0417
3.96,-5.99438,-2.00258,0.170285,0.533952,-0.00342143,1.27824,-0.514574,0.0188648,0.513162,-0.127029,3.15305,-2.77086,2.22592,-3.28595,3.27678,-0.73223,-0.390863,-4.31541,4.18755,-3.14739,3.14448,-0.765703,0.523758,-4.94437,-2.01302,-7.2979,-0.404053,-7.27574,-3.65993,-4.39439,-2.00805,-6.78964,-0.614209,-6.79912,-3.38547,0.520571,0.381695,-0.526672,0.143549,-0.00890164,0.457534,-0.0289805,-0.843237,-0.540133,-3.60994,0.507064,-0.0552773,3.12506,0.455875,2.20036,0.555505,3.24756,-0.0223384,-0.41763,0.436158,4.16199,0.633937,3.11479,-0.0517247,0.496858,-0.056136,1.02108,0.679249,-1.29741,1.66949,-57.8766,19.4748,-50.6525,34.2236,38.2032,-14.7782,38.7586,-34.206,6.07648,-1.75075,-0.00175816,0.00468435,-0.493768,11.3559,-22.1831,19.2435,0,3.26204,-2.72273,5.66399,-6.67172,1.43916,0.366158,-0.254472,0.159603,-0.422193,17.7557,-36.1179,20.6694,33.0287,-3.72616,10.1503,-5.18579,-16.5498,6.13451,1.38389,0.00863264,-0.00320483,-0.010177,2.0447,-2.04596,0.151609,0.0554628,0.134009,0.142968,13.5505,-3.25605,-0.443462,-0.320683,-26.2865,-0.0201916,-0.176039,-6.05546,0.205095,0.0555908,0.239023,-5.99459,-1.99368,-0.00890164,0,2313,0,1.38778e-17,1.23599e-17,-3.51282e-17,-6.93889e-18,-2.08167e-17,-2.25514e-17,9.02056e-17,8.32667e-17,9.1344e-17,0,-0.540133,-0.408336,0.50707,-0.00850502,3.14159,2.20036,0.0833252,3.24756,-0.00335077,-0.392699,4.16199,0.0950695,3.11485,-0.00775871,0.523599,0,0,0,0.142507,-0.0289805,-0.540133,0.507064,3.12506,2.20036,3.24756,-0.41763,4.16199,3.11479,0.496858,0.0255591,-2.48197,0.92005,-6.29626e-05,-0.0669758,-0.00152656,0.306705,-0.306894,0.0311448,0.0539074,0.0139825,1.00048,0.0359954,-3.70357,-11.0292,-4.69521,358.212,8.49574,27.7506,-38.2332,-519.349,-0.489139,-15.907,-134.182,-7.38799,444.981,-0.198026,445.002,93.0296,-267.843,109.996,-261.303,-113.219,-200.244,-114.495,-199.507,-912.082,-8.23693,522.963,-216.234,392.511,225.998,0.900644,-71.0999,37.9745,-71.5266,-55.0568,42.8338,-4.05315,41.8158,-14.2248,32.1533,-1.68632,31.9494
4,-5.98834,-2.00268,0.173444,0.539824,-0.00342332,1.2842,-0.514013,0.020914,0.513512,-0.12607,3.15362,-2.78901,2.22707,-3.29942,3.27798,-0.830004,-0.389539,-4.3156,4.18761,-3.14706,3.14458,-0.766903,0.523775,-4.93832,-2.01344,-7.29209,-0.404729,-7.26972,-3.66002,-4.38835,-2.00816,-6.78359,-0.614312,-6.79308,-3.38558,0.5224,0.368099,-0.52626,0.145489,-0.00916232,0.463529,-0.0293028,-0.854831,-0.539893,-3.64943,0.507305,-0.0553537,3.1253,0.456456,2.20119,0.564629,3.24839,0.0150873,-0.416816,0.442273,4.16173,0.640908,3.11453,-0.0518117,0.49654,-0.0562831,1.02165,0.688947,-1.29864,1.67987,-59.997,19.7387,-51.6225,35.0546,40.0989,-15.0365,39.6559,-35.0378,6.09539,-1.74561,-0.0017725,0.00474859,-0.487051,11.4372,-22.109,19.4081,0,3.18897,-2.72637,5.63365,-6.75964,1.4045,0.501797,-0.566832,0.36191,-0.390579,18.0088,-36.1823,20.8012,33.2484,-3.78788,10.1747,-5.2186,-16.6582,6.1611,1.40439,0.00859742,-0.00320633,-0.0101826,2.05356,-2.05482,0.151653,0.0789854,0.146801,0.148808,13.6024,-3.232,-0.453742,-0.628945,-26.3124,-0.00462014,-0.166351,-6.08557,0.205709,0.0542384,0.240036,-5.98865,-1.99353,-0.00916232,0,2341,1.38778e-17,1.38778e-17,-9.97466e-18,3.25261e-17,-1.04083e-17,-6.93889e-18,-1.04083e-17,-6.93889e-18,-6.93889e-18,2.76472e-18,0,-0.539893,-0.412773,0.507309,-0.00852076,3.14159,2.20119,0.084697,3.24838,0.00226309,-0.392699,4.16173,0.0961352,3.11453,-0.00777175,0.523599,0,0,0,0.144405,-0.0293028,-0.539893,0.507305,3.1253,2.20119,3.24839,-0.416816,4.16173,3.11453,0.49654,0.0258795,-2.49871,0.92416,-2.88227e-06,-0.0421915,-0.0015274,0.308034,-0.308222,0.0316301,0.0539905,0.0140104,1.00049,0.0287822,-3.95027,-11.3578,-4.70432,361.91,11.3188,30.51,-45.8025,-483.473,-0.587359,-15.8526,-134.917,-7.63971,472.064,-0.171892,472.086,73.6595,-290.451,116.558,-275.945,-119.936,-211.073,-121.227,-210.328,-967.204,-9.27555,554.052,-228.352,415.769,239.391,1.19992,-75.4429,38.3665,-75.8882,-51.2536,46.4317,-4.85558,44.1484,-14.3027,33.87,-1.68055,33.6662
4.04,-5.9823,-2.00283,0.17742,0.546126,-0.0034027,1.29017,-0.513315,0.0216671,0.51396,-0.122175,3.15431,-2.81052,2.22906,-3.32767,3.28003,-0.907325,-0.387379,-4.31532,4.18774,-3.14673,3.14473,-0.768192,0.523795,-4.93228,-2.01393,-7.28648,-0.405875,-7.26367,-3.66013,-4.38231,-2.00827,-6.77758,-0.614471,-6.78701,-3.38574,0.522908,0.33974,-0.525795,0.148382,-0.00946136,0.469248,-0.0296144,-0.86144,-0.539527,-3.69565,0.507671,-0.0554282,3.12567,0.45019,2.20285,0.573181,3.25005,0.0607746,-0.415182,0.448833,4.16153,0.643067,3.11433,-0.0519076,0.496213,-0.0564647,1.02252,0.698712,-1.30026,1.69145,-62.0617,20.0276,-52.6866,35.975,41.9044,-15.3183,40.6391,-35.9591,6.12156,-1.74269,-0.0017813,0.00480007,-0.480199,11.4948,-22.0389,19.5799,0,3.11283,-2.72283,5.61855,-6.86245,1.3652,0.678221,-0.962994,0.625808,-0.364418,18.2713,-36.2315,20.9502,33.4072,-3.88205,10.187,-5.25515,-16.7339,6.18571,1.41467,0.00853703,-0.00320325,-0.0101454,2.06176,-2.06301,0.151718,0.0994069,0.157557,0.149434,13.6221,-3.13427,-0.537886,-1.28536,-24.9772,0.00682425,-0.154562,-6.11788,0.206559,0.0526989,0.24096,-5.98251,-1.99337,-0.00946136,0,2370,0,1.38778e-17,2.90566e-17,-5.20417e-17,-3.1225e-17,-3.1225e-17,-2.94903e-17,-9.02056e-17,-9.36751e-17,-1.0983e-16,0,-0.539527,-0.417967,0.507673,-0.00853597,3.14159,2.20285,0.085987,3.25001,0.00911619,-0.392699,4.16153,0.0965053,3.11421,-0.00778613,0.523599,0,0,0,0.147232,-0.0296144,-0.539527,0.507671,3.12567,2.20285,3.25005,-0.415182,4.16153,3.11433,0.496213,0.0262117,-2.51118,0.928125,0.000134212,-0.0220153,-0.00152182,0.309264,-0.309451,0.0318817,0.0540767,0.0140394,1.00051,0.0619571,-4.26946,-11.6174,-4.74968,363.912,14.8368,32.7177,-60.0221,-408.245,-0.755598,-15.4989,-135.477,-7.65994,505.013,-0.0811694,505.035,38.8824,-317.968,123.637,-295.361,-128.52,-229.073,-129.737,-228.37,-1033.25,-10.6283,593.578,-243.279,445.504,256.515,1.57287,-80.6631,38.5788,-81.1113,-43.2785,50.841,-6.36301,47.2532,-14.3621,36.8093,-1.64306,36.6144
4.08,-5.97669,-2.00295,0.181672,0.552555,-0.00342721,1.29586,-0.512418,0.02013,0.514566,-0.111854,3.15517,-2.83659,2.23156,-3.37101,3.28263,-0.939718,-0.384794,-4.31491,4.18789,-3.14656,3.14488,-0.769327,0.52381,-4.92667,-2.01458,-7.28136,-0.407231,-7.25813,-3.66017,-4.3767,-2.00843,-6.77194,-0.614572,-6.78143,-3.38584,0.521116,0.296418,-0.525496,0.152147,-0.00972997,0.474646,-0.0299369,-0.862214,-0.538928,-3.7482,0.50827,-0.0554958,3.12626,0.42733,2.20505,0.587499,3.25225,0.097824,-0.413001,0.451392,4.16138,0.643132,3.11418,-0.0519823,0.495916,-0.0566677,1.02366,0.708469,-1.30228,1.7041,-63.9832,20.3303,-53.8136,36.9663,43.5305,-15.6125,41.6778,-36.9514,6.15582,-1.74274,-0.0017919,0.00485836,-0.47353,11.4941,-21.9606,19.771,0,3.02787,-2.67684,5.60539,-6.98334,1.31306,0.835588,-1.31447,0.87141,-0.348105,18.3918,-36.2729,21.1154,33.5266,-3.91826,10.1922,-5.29581,-16.7895,6.21187,1.42099,0.00852014,-0.00322042,-0.0101511,2.07047,-2.07173,0.151804,0.10628,0.160717,0.142157,13.5845,-2.87588,-0.651758,-2.30624,-22.7426,0.0103671,-0.146732,-6.1463,0.207683,0.0506621,0.241946,-5.977,-1.99322,-0.00972997,0,2396,-1.38778e-17,-5.55112e-17,-7.41594e-17,5.11743e-17,0,-1.38778e-17,0,1.17961e-16,1.14492e-16,1.28098e-16,0,-0.538928,-0.42387,0.50827,-0.00855084,3.14159,2.20505,0.088139,3.25219,0.0146736,-0.392699,4.16138,0.0965685,3.11391,-0.00779735,0.523599,0,0,0,0.150911,-0.0299369,-0.538928,0.50827,3.12626,2.20505,3.25225,-0.413001,4.16138,3.11418,0.495916,0.0265097,-2.5208,0.932368,0.000294028,-0.0157121,-0.00152267,0.310571,-0.310759,0.0320305,0.0541541,0.0140654,1.00053,0.237408,-4.48194,-11.585,-4.61812,362.433,19.654,35.6719,-82.2897,-348.928,-0.819108,-14.8616,-135.486,-6.75306,525.082,0.197072,525.101,-2.75926,-338.476,127.68,-313.403,-135.719,-258.462,-136.683,-257.901,-1069.98,-11.9635,622.547,-253.351,470.544,270.933,2.08354,-83.6039,38.4219,-83.9867,-36.9903,54.2061,-8.72363,50.1931,-14.363,41.838,-1.57549,41.6616
4.12,-5.97178,-2.00301,0.185572,0.558771,-0.00351305,1.30112,-0.511344,0.0168741,0.515352,-0.0946344,3.15618,-2.86918,2.2343,-3.4336,3.28552,-0.936327,-0.382146,-4.31453,4.1879,-3.14584,3.1449,-0.769496,0.523829,-4.92175,-2.01537,-7.2769,-0.408626,-7.25334,-3.66017,-4.37179,-2.00863,-6.76691,-0.614565,-6.77664,-3.38583,0.51764,0.234064,-0.524768,0.156233,-0.00992175,0.479899,-0.0302866,-0.863219,-0.538117,-3.79987,0.50908,-0.0555573,3.12707,0.39024,2.20753,0.608953,3.25472,0.0994718,-0.410518,0.447521,4.16113,0.644967,3.11393,-0.0520613,0.49566,-0.0568756,1.02493,0.718252,-1.3045,1.71726,-65.9284,20.6279,-54.9447,37.9643,45.1791,-15.9009,42.717,-37.9506,6.19053,-1.74302,-0.00180442,0.00492313,-0.467228,11.4447,-21.8677,19.9822,0,2.93703,-2.59289,5.58657,-7.12069,1.24907,0.86189,-1.38445,0.939231,-0.332295,18.285,-36.3096,21.2833,33.6441,-3.83325,10.1979,-5.3381,-16.8479,6.24277,1.4322,0.00844365,-0.00321524,-0.0100873,2.08077,-2.08202,0.151899,0.0975043,0.155397,0.131596,13.504,-2.44515,-0.814719,-3.80267,-21.8987,0.00951086,-0.128369,-6.1506,0.208838,0.048172,0.243136,-5.97213,-1.99309,-0.00992175,0,2419,-2.77556e-17,-1.38778e-17,1.12757e-17,3.46945e-17,-1.73472e-17,-3.1225e-17,-2.42861e-17,6.245e-17,7.28584e-17,6.48895e-17,0,-0.538117,-0.429674,0.509078,-0.00856511,3.14159,2.20753,0.0913563,3.25467,0.0149208,-0.392699,4.16113,0.0968455,3.11365,-0.0078092,0.523599,0,0,0,0.154898,-0.0302866,-0.538117,0.50908,3.12707,2.20753,3.25472,-0.410518,4.16113,3.11393,0.49566,0.0267735,-2.52962,0.937016,0.000300157,-0.0236931,-0.00151309,0.312116,-0.312303,0.0322731,0.0542226,0.0140884,1.00054,0.38851,-4.21235,-10.4906,-3.97749,351.694,20.7776,35.9088,-113.096,-402.051,-0.723146,-12.961,-133.818,-5.61913,486.624,0.154721,486.64,-16.5103,-319.926,118.716,-297.562,-128.258,-260.052,-128.983,-259.625,-990.416,-12.1363,583.783,-235.709,444.632,256.018,2.20266,-77.2147,37.2836,-77.5466,-42.6219,51.3185,-11.9895,47.7,-14.1862,42.3773,-1.37401,42.2115
4.16,-5.96743,-2.00307,0.189163,0.564703,-0.0036045,1.3061,-0.510219,0.0135876,0.516237,-0.0738568,3.15722,-2.90378,2.23682,-3.50322,3.28826,-0.940192,-0.37977,-4.31428,4.18788,-3.1451,3.14488,-0.769718,0.523842,-4.91739,-2.01619,-7.27294,-0.409907,-7.24911,-3.66016,-4.36744,-2.00884,-6.76243,-0.614553,-6.77242,-3.38582,0.5142,0.16481,-0.524058,0.159987,-0.0100999,0.485317,-0.0306191,-0.872654,-0.537233,-3.84245,0.509964,-0.0556199,3.12796,0.341102,2.20981,0.640021,3.25701,0.0892733,-0.408231,0.45047,4.16087,0.645258,3.11367,-0.0521295,0.495422,-0.0570697,1.02613,0.72821,-1.30661,1.73028,-68.2201,20.9115,-56.046,38.9147,47.2182,-16.1757,43.7279,-38.9023,6.21557,-1.73911,-0.00182572,0.00501231,-0.461115,11.3555,-21.7502,20.2183,0,2.84381,-2.47189,5.54856,-7.27127,1.17344,0.841872,-1.36112,0.949454,-0.312377,18.4139,-36.3439,21.448,33.7537,-3.87464,10.2041,-5.37981,-16.9034,6.26869,1.43896,0.00839352,-0.00321919,-0.0100528,2.0894,-2.09065,0.151989,0.0897697,0.148309,0.124407,13.4228,-1.92572,-0.864913,-5.48006,-21.9961,0.00618968,-0.110328,-6.15624,0.209685,0.0452405,0.244154,-5.96769,-1.99297,-0.0100999,0,2440,0,-2.77556e-17,-2.21177e-17,2.25514e-17,-2.42861e-17,-5.20417e-17,-3.81639e-17,6.93889e-17,6.245e-17,3.7676e-17,0,-0.537233,-0.434451,0.509961,-0.00858025,3.14159,2.20981,0.0960159,3.25696,0.013391,-0.392699,4.16087,0.0968799,3.11342,-0.00781942,0.523599,0,0,0,0.158557,-0.0306191,-0.537233,0.509964,3.12796,2.20981,3.25701,-0.408231,4.16087,3.11367,0.495422,0.0270146,-2.53773,0.940849,0.000273287,-0.0315904,-0.00150792,0.313411,-0.313597,0.032418,0.0542853,0.0141094,1.00055,0.519798,-3.81951,-9.45742,-3.32764,342.392,24.8638,36.9749,-150.52,-464.555,-0.739328,-11.4289,-132.773,-4.66748,436.557,0.126368,436.569,-17.2198,-293.11,110.136,-272.189,-117.77,-254.671,-118.33,-254.335,-887.956,-11.8788,530.598,-212.676,408.27,235.083,2.63584,-68.9965,36.2974,-69.2836,-49.248,47.0782,-15.9568,43.6785,-14.0755,41.7658,-1.2116,41.6069
4.2,-5.96357,-2.00314,0.192533,0.570351,-0.00370977,1.31072,-0.509051,0.00940212,0.517165,-0.0499523,3.15828,-2.93763,2.23904,-3.57534,3.29072,-0.952717,-0.377689,-4.31414,4.18786,-3.14458,3.14487,-0.769947,0.523854,-4.91353,-2.01707,-7.26939,-0.411029,-7.24539,-3.66016,-4.36359,-2.00907,-6.75843,-0.61454,-6.76871,-3.3858,0.509876,0.0930698,-0.52357,0.163463,-0.010275,0.490711,-0.030931,-0.880626,-0.536273,-3.88462,0.510925,-0.0556769,3.12891,0.29093,2.21182,0.673092,3.25902,0.0791943,-0.406218,0.455246,4.16064,0.645794,3.11345,-0.052189,0.495218,-0.0572479,1.02726,0.738074,-1.30862,1.74297,-70.4633,21.1863,-57.126,39.8605,49.207,-16.4422,44.7195,-39.8494,6.24161,-1.73589,-0.00185044,0.00511099,-0.455379,11.265,-21.6289,20.4628,0,2.75834,-2.35278,5.50282,-7.42402,1.09707,0.820542,-1.33868,0.961379,-0.292212,18.6085,-36.3827,21.6099,33.8693,-3.94726,10.2126,-5.42085,-16.9618,6.29286,1.4458,0.00834642,-0.00322317,-0.0100215,2.09746,-2.0987,0.152073,0.0842704,0.141197,0.115447,13.319,-1.32838,-0.846367,-7.22753,-22.31,0.00343529,-0.0979322,-6.16206,0.210566,0.042284,0.245103,-5.96389,-1.99287,-0.010275,0,2458,0,4.16334e-17,7.069e-17,-4.72712e-17,-2.77556e-17,-1.38778e-17,-3.1225e-17,4.85723e-17,3.81639e-17,3.40982e-17,0,-0.536273,-0.439183,0.510921,-0.00859509,3.14159,2.21182,0.100977,3.25897,0.0118791,-0.392699,4.16064,0.0969539,3.11321,-0.00782835,0.523599,0,0,0,0.161941,-0.030931,-0.536273,0.510925,3.12891,2.21182,3.25902,-0.406218,4.16064,3.11345,0.495218,0.0272213,-2.54633,0.944438,0.00025486,-0.0365994,-0.00150322,0.314619,-0.314804,0.0325678,0.054339,0.0141275,1.00056,0.646466,-3.46579,-8.52378,-2.88138,332.956,30.8292,36.207,-189.02,-478.133,-0.671204,-10.1631,-131.787,-3.87332,393.645,0.119363,393.655,-15.7712,-270.551,100.955,-251.523,-109.107,-252.096,-109.532,-251.835,-800.111,-11.6372,485.214,-193.236,378.244,217.795,3.26824,-61.9282,35.2971,-62.1765,-50.6874,43.5152,-20.0383,40.4072,-13.9709,41.5963,-1.0774,41.4417
4.24,-5.96029,-2.00319,0.195517,0.57549,-0.00380313,1.31493,-0.507944,0.00559056,0.518072,-0.0262253,3.15928,-2.96891,2.24084,-3.64539,3.29275,-0.974397,-0.375998,-4.31412,4.18785,-3.14421,3.14486,-0.770089,0.523866,-4.91023,-2.01787,-7.26634,-0.411929,-7.24223,-3.66014,-4.3603,-2.00927,-6.75501,-0.614513,-6.76555,-3.38577,0.50597,0.0233626,-0.523214,0.16674,-0.0104121,0.495985,-0.0312083,-0.894141,-0.53535,-3.91961,0.511848,-0.0557327,3.12983,0.245311,2.21343,0.704072,3.26063,0.0700769,-0.404594,0.458813,4.16044,0.647379,3.11324,-0.0522455,0.495039,-0.0574155,1.02835,0.747726,-1.31054,1.7553,-72.929,21.4505,-58.1759,40.7592,51.4566,-16.6985,45.6836,-40.7494,6.2601,-1.72962,-0.0018817,0.00522767,-0.449826,11.192,-21.5152,20.7068,0,2.68402,-2.25127,5.45425,-7.57109,1.02562,0.80084,-1.32027,0.975529,-0.273321,18.7614,-36.4238,21.7665,33.9937,-3.99354,10.2231,-5.46057,-17.0247,6.31746,1.45497,0.00828881,-0.00322154,-0.00997874,2.10565,-2.10689,0.152155,0.0745791,0.128468,0.105414,13.2245,-0.735828,-0.782009,-8.93382,-22.8391,0.000618778,-0.0889753,-6.16571,0.211191,0.0395205,0.246067,-5.96051,-1.99278,-0.0104121,0,2474,-1.38778e-17,-1.38778e-17,4.59702e-17,-9.28077e-17,-2.08167e-17,-4.51028e-17,-2.94903e-17,0,1.73472e-17,2.85145e-17,0,-0.53535,-0.443111,0.511841,-0.00861021,3.14159,2.21343,0.105622,3.2606,0.0105115,-0.392699,4.16044,0.0971831,3.11303,-0.00783682,0.523599,0,0,0,0.165128,-0.0312083,-0.53535,0.511848,3.12983,2.21343,3.26063,-0.404594,4.16044,3.11324,0.495039,0.0274051,-2.55556,0.948079,0.000229705,-0.0426068,-0.00149681,0.315848,-0.316033,0.0327674,0.0543868,0.0141435,1.00057,0.784978,-3.13016,-7.60659,-2.40883,323.999,36.8574,34.0464,-225.213,-492.573,-0.571647,-8.98189,-130.73,-3.13702,355.569,0.123629,355.577,-14.6106,-251.243,93.0056,-233.88,-101.883,-253.214,-102.187,-253.02,-721.823,-11.2953,445.539,-176.503,353.22,203.388,3.9073,-55.6131,34.3476,-55.8203,-52.2182,40.4759,-23.8751,37.6201,-13.8588,42.0416,-0.952181,41.8875
4.28,-5.95738,-2.0032,0.197973,0.579986,-0.00390074,1.31887,-0.507115,0.00380623,0.518759,-0.00865767,3.16005,-3.00522,2.24335,-3.74373,3.29549,-0.965566,-0.373628,-4.31424,4.1878,-3.14393,3.14483,-0.770075,0.523879,-4.90732,-2.01851,-7.26381,-0.413156,-7.23944,-3.6601,-4.35739,-2.00944,-6.75197,-0.61445,-6.76278,-3.38571,0.504111,-0.074604,-0.522975,0.169656,-0.0105061,0.500935,-0.0314553,-0.914462,-0.53467,-3.94494,0.512528,-0.0557912,3.13052,0.209901,2.21579,0.729216,3.26299,0.0621349,-0.402227,0.461543,4.16025,0.649893,3.11305,-0.0523015,0.494897,-0.0575629,1.02934,0.756766,-1.31229,1.76674,-75.6403,21.7033,-59.1781,41.5816,54.0092,-16.9442,46.6069,-41.5733,6.26789,-1.71891,-0.00193025,0.00539132,-0.44437,11.1483,-21.4137,20.929,0,2.62296,-2.18816,5.4266,-7.72057,0.964326,0.782767,-1.30176,0.986775,-0.257173,18.884,-36.4653,21.9112,34.1206,-4.02075,10.2353,-5.49747,-17.0895,6.34109,1.46593,0.00820035,-0.00320547,-0.00989859,2.11352,-2.11475,0.152228,0.0614188,0.112411,0.0982893,13.1808,-0.297558,-0.907594,-11.3295,-22.5982,-0.00296076,-0.0830374,-6.16548,0.21146,0.0371469,0.247,-5.95776,-1.9927,-0.0105061,0,2487,0,0,3.38271e-17,1.21431e-17,-2.08167e-17,-2.42861e-17,-2.60209e-17,1.66533e-16,1.63064e-16,1.5439e-16,0,-0.53467,-0.445934,0.512527,-0.00862743,3.14159,2.21579,0.109392,3.26296,0.00932024,-0.392699,4.16025,0.0975428,3.11289,-0.00784523,0.523599,0,0,0,0.167962,-0.0314553,-0.53467,0.512528,3.13052,2.21579,3.26299,-0.402227,4.16025,3.11305,0.494897,0.0275546,-2.56485,0.951518,0.000177241,-0.0504715,-0.00148479,0.317028,-0.317212,0.0330048,0.0544257,0.0141566,1.00057,0.852449,-2.70488,-6.53385,-1.97194,314.836,38.6307,30.2816,-273.542,-487.357,-0.469291,-7.77657,-129.542,-2.64981,305.094,0.0501031,305.101,-12.854,-221.869,81.6848,-206.718,-90.4517,-240.168,-90.6943,-240.007,-619.985,-10.2201,389.954,-153.349,313.566,180.558,4.09529,-47.425,33.3761,-47.615,-51.6653,35.7996,-28.9986,33.2765,-13.7329,40.0873,-0.824403,39.9324
4.32,-5.95479,-2.00317,0.199793,0.58357,-0.00392701,1.32227,-0.506521,0.00333007,0.519236,0.00162026,3.1606,-3.03479,2.24493,-3.8319,3.29738,-0.994957,-0.372141,-4.31445,4.18776,-3.14362,3.1448,-0.770136,0.523889,-4.90473,-2.01885,-7.26151,-0.413929,-7.23688,-3.66007,-4.35481,-2.00946,-6.74935,-0.614402,-6.76023,-3.38566,0.503562,-0.162375,-0.522707,0.172033,-0.0105504,0.505588,-0.0316311,-0.935395,-0.534225,-3.96603,0.512973,-0.0558322,3.13096,0.161375,2.21723,0.764252,3.26443,0.0536402,-0.400782,0.464857,4.16005,0.653058,3.11285,-0.0523518,0.494751,-0.0576921,1.03015,0.76511,-1.31373,1.77694,-78.3458,21.949,-60.1377,42.3593,56.582,-17.1835,47.4944,-42.3513,6.27141,-1.70732,-0.00195588,0.00548885,-0.439155,11.0533,-21.292,21.1635,0,2.56859,-2.08452,5.37046,-7.86543,0.893647,0.76065,-1.28804,1.00515,-0.238476,19.0244,-36.503,22.0366,34.2512,-4.05468,10.2479,-5.52932,-17.1563,6.3628,1.47782,0.00813658,-0.0031954,-0.00984953,2.12075,-2.12197,0.152288,0.0454922,0.0896028,0.0850494,13.1691,-0.0415105,-0.739309,-13.4942,-23.2824,-0.00524221,-0.0765631,-6.1671,0.211596,0.0344189,0.247867,-5.95502,-1.99263,-0.0105504,0,2500,0,0,-8.58688e-17,8.50015e-17,-6.93889e-18,-2.77556e-17,-1.21431e-17,1.45717e-16,1.249e-16,1.46042e-16,0,-0.534225,-0.448308,0.51297,-0.0086385,3.14159,2.21723,0.114644,3.26441,0.00804603,-0.392699,4.16005,0.0979985,3.11275,-0.00785277,0.523599,0,0,0,0.170269,-0.0316311,-0.534225,0.512973,3.13096,2.21723,3.26443,-0.400782,4.16005,3.11285,0.494751,0.0277041,-2.57441,0.954659,0.000119633,-0.0568586,-0.00147743,0.318113,-0.318296,0.0332636,0.0544646,0.0141696,1.00057,0.876008,-2.41859,-5.91564,-1.84542,310.093,39.9851,32.1815,-326.043,-511.324,-0.408659,-7.15185,-129.079,-2.42898,271.979,0.00919329,271.985,-12.0922,-201.861,74.255,-188.127,-82.6774,-229.179,-82.9072,-229.025,-553.481,-9.45155,352.695,-138.048,286.614,165.04,4.23887,-42.0847,32.8733,-42.2693,-54.206,32.6051,-34.5642,30.2993,-13.6839,38.378,-0.758176,38.2213
4.36,-5.95198,-2.00315,0.201327,0.586466,-0.0038992,1.32529,-0.506218,0.00469171,0.519455,0.00335631,3.1609,-3.06189,2.24667,-3.92521,3.29939,-1.0015,-0.370501,-4.31453,4.1877,-3.14312,3.14477,-0.770336,0.523876,-4.90191,-2.01895,-7.25908,-0.414826,-7.23403,-3.66008,-4.35199,-2.00939,-6.74657,-0.614405,-6.75738,-3.38567,0.504839,-0.255311,-0.522229,0.173754,-0.0106096,0.509567,-0.0317528,-0.954972,-0.534071,-3.98213,0.513126,-0.0558657,3.13112,0.128394,2.21882,0.79022,3.26602,0.0477843,-0.399188,0.468517,4.15985,0.656322,3.11265,-0.0523509,0.494581,-0.0577979,1.03075,0.772117,-1.3148,1.7852,-80.8182,22.1711,-60.987,43.0375,58.9571,-17.401,48.2857,-43.0301,6.27123,-1.69548,-0.00196946,0.0055482,-0.434431,10.9983,-21.1947,21.3536,0,2.531,-2.02284,5.33378,-7.99112,0.840256,0.746823,-1.28416,1.02579,-0.22446,19.1728,-36.5338,22.135,34.3711,-4.09493,10.2596,-5.55424,-17.2179,6.3808,1.48888,0.00827317,-0.00326018,-0.0100418,2.12675,-2.12799,0.152333,0.0383429,0.0724064,0.0754284,13.2035,0.00176661,-0.67745,-15.7833,-23.329,-0.00196499,-0.0654581,-6.17224,0.21161,0.0323573,0.248594,-5.95227,-1.99255,-0.0106096,0,2513,0,2.77556e-17,2.94903e-17,-5.37764e-17,3.46945e-18,-1.38778e-17,-5.20417e-18,6.245e-17,5.89806e-17,7.15031e-17,0,-0.534071,-0.450111,0.513126,-0.00864644,3.14159,2.21882,0.118539,3.266,0.00716765,-0.392699,4.15985,0.098477,3.11257,-0.00785263,0.523599,0,0,0,0.171939,-0.0317528,-0.534071,0.513126,3.13112,2.21882,3.26602,-0.399188,4.15985,3.11265,0.494581,0.0278536,-2.58338,0.957293,8.64042e-05,-0.0543276,-0.00150628,0.319012,-0.319198,0.033512,0.0545035,0.0141827,1.00058,0.782644,-2.21279,-5.53191,-1.81046,308.748,39.1625,29.427,-371.992,-502.812,-0.382552,-6.76333,-129.1,-2.59439,244.875,-0.120081,244.883,-11.5942,-181.835,67.2095,-169.377,-74.5317,-205.975,-74.8061,-205.797,-500.564,-8.70089,318.914,-124.185,258.295,148.726,4.15167,-37.8947,32.7308,-38.104,-53.3037,29.3665,-39.4353,27.264,-13.686,34.4888,-0.716989,34.3345
4.4,-5.94866,-2.00317,0.202996,0.589161,-0.00383377,1.32805,-0.50598,0.00579768,0.51957,0.0017047,3.16115,-3.08729,2.24854,-4.02669,3.30155,-0.993803,-0.36874,-4.3145,4.18775,-3.14286,3.14482,-0.770969,0.5239,-4.89859,-2.01899,-7.25622,-0.415835,-7.23062,-3.66014,-4.34867,-2.0093,-6.74334,-0.614469,-6.75397,-3.38573,0.505809,-0.356396,-0.521934,0.175147,-0.010714,0.51276,-0.0318716,-0.961104,-0.534017,-4.00516,0.51318,-0.0559027,3.13117,0.0956738,2.2205,0.814974,3.2677,0.0464588,-0.397521,0.475787,4.15972,0.656416,3.11252,-0.0524359,0.494413,-0.0579016,1.03124,0.777798,-1.31569,1.79195,-82.4984,22.3734,-61.7424,43.6853,60.508,-17.5995,48.9939,-43.6785,6.28222,-1.68975,-0.00197167,0.00557176,-0.430509,10.9333,-21.107,21.5189,0,2.50264,-1.96571,5.30568,-8.10812,0.791409,0.754666,-1.33499,1.08883,-0.21232,19.4473,-36.5571,22.2179,34.4501,-4.21832,10.2655,-5.57452,-17.256,6.39151,1.49179,0.00812172,-0.00321042,-0.00987472,2.13031,-2.13153,0.15237,0.0417243,0.0673605,0.0691084,13.2315,-0.039271,-0.635013,-18.2739,-22.5379,0.000734217,-0.0574984,-6.18812,0.21199,0.0304691,0.249024,-5.9489,-1.99245,-0.010714,0,2529,0,-1.38778e-17,4.11997e-17,-1.73472e-17,-2.77556e-17,-4.85723e-17,-4.68375e-17,4.85723e-17,3.46945e-17,1.66967e-17,0,-0.534017,-0.452697,0.513179,-0.00865382,3.14159,2.2205,0.122256,3.26767,0.00696882,-0.392699,4.15972,0.0985036,3.11241,-0.00786539,0.523599,0,0,0,0.173289,-0.0318716,-0.534017,0.51318,3.13117,2.2205,3.2677,-0.397521,4.15972,3.11252,0.494413,0.0280378,-2.5894,0.958974,0.000124028,-0.0478499,-0.00148121,0.319547,-0.31973,0.0335836,0.0545514,0.0141988,1.00058,0.689501,-2.40943,-6.0348,-2.09705,314.666,43.1047,32.3997,-430.918,-465.332,-0.489799,-7.304,-130.335,-3.07052,260.027,-0.13652,260.035,-15.6946,-187.877,70.7218,-174.762,-76.6781,-200.623,-77.0165,-200.408,-532.498,-9.38245,334.27,-129.452,265.709,153,4.56958,-40.4662,33.3581,-40.7071,-49.3304,30.2974,-45.6821,28.0934,-13.8169,33.4549,-0.774305,33.3023
4.44,-5.94517,-2.00318,0.20477,0.591594,-0.00372889,1.33049,-0.505769,0.00690084,0.519668,-0.000872752,3.16138,-3.11037,2.25045,-4.13699,3.3038,-0.963563,-0.366921,-4.31428,4.18785,-3.1427,3.14492,-0.771795,0.523902,-4.8951,-2.01895,-7.25325,-0.416893,-7.22701,-3.66019,-4.34518,-2.00914,-6.74,-0.614562,-6.75034,-3.38582,0.506785,-0.466276,-0.521679,0.17668,-0.0108223,0.515486,-0.0319509,-0.966668,-0.533991,-4.02621,0.513207,-0.055951,3.1312,0.0620867,2.22223,0.838527,3.26942,0.0511281,-0.39581,0.479231,4.15963,0.65634,3.11243,-0.0524712,0.494222,-0.0580112,1.03179,0.782849,-1.31661,1.79829,-84.0594,22.5664,-62.458,44.2916,61.9537,-17.7888,49.6657,-44.2857,6.29207,-1.68386,-0.00198934,0.00563754,-0.426851,10.8625,-21.0289,21.6755,0,2.47882,-1.91268,5.28361,-8.22192,0.744568,0.796871,-1.47372,1.22549,-0.202512,19.5841,-36.5773,22.2961,34.5155,-4.27527,10.2683,-5.59316,-17.2858,6.40305,1.49436,0.00815981,-0.00323514,-0.00993494,2.13416,-2.13538,0.15241,0.0443586,0.0608237,0.0611387,13.2596,-0.103949,-0.577006,-20.9837,-20.4035,0.00539055,-0.0510638,-6.20885,0.212315,0.0286564,0.249467,-5.94552,-1.99236,-0.0108223,0,2545,2.77556e-17,2.77556e-17,4.29344e-17,-1.9082e-17,-2.42861e-17,-4.16334e-17,-3.81639e-17,8.32667e-17,6.93889e-17,6.49979e-17,0,-0.533991,-0.455061,0.513204,-0.00866487,3.14159,2.22223,0.125796,3.26938,0.00766921,-0.392699,4.15963,0.0985303,3.11222,-0.00787068,0.523599,0,0,0,0.174774,-0.0319509,-0.533991,0.513207,3.1312,2.22223,3.26942,-0.39581,4.15963,3.11243,0.494222,0.028222,-2.59481,0.960936,0.00023893,-0.0397806,-0.00149024,0.320124,-0.320308,0.033648,0.0545994,0.0142149,1.00059,0.681523,-2.71656,-6.66326,-2.26223,321.542,47.3592,35.713,-496.282,-373.973,-0.523191,-7.83868,-131.456,-3.3314,288.51,-0.0254826,288.519,-27.2274,-203.984,77.3598,-190.677,-83.3039,-211.382,-83.6577,-211.159,-589.703,-10.5138,367.664,-141.584,288.709,166.242,5.02061,-45.0348,34.0871,-45.2805,-39.6453,32.8698,-52.6115,30.6302,-13.9358,35.1616,-0.830987,35.0089
4.48,-5.9418,-2.00315,0.206387,0.593801,-0.0036465,1.33266,-0.505566,0.00757343,0.519747,-0.00357015,3.16159,-3.13426,2.25251,-4.26543,3.30626,-0.911239,-0.364955,-4.31398,4.18789,-3.14217,3.14496,-0.772218,0.52391,-4.89172,-2.0189,-7.2504,-0.417991,-7.22353,-3.66022,-4.34181,-2.00899,-6.73674,-0.614606,-6.74685,-3.38587,0.507318,-0.594215,-0.521122,0.178321,-0.0108965,0.517584,-0.0320528,-0.966327,-0.533973,-4.04918,0.513225,-0.0559956,3.13121,0.0273307,2.22411,0.860519,3.2713,0.0549722,-0.393937,0.477509,4.15948,0.656524,3.11229,-0.0525195,0.494038,-0.0581256,1.03238,0.787036,-1.31759,1.80404,-85.1883,22.7425,-63.1065,44.8569,62.958,-17.9608,50.2739,-44.8515,6.30634,-1.68104,-0.0019995,0.00568033,-0.423776,10.7837,-20.9626,21.8181,0,2.45897,-1.86482,5.27136,-8.33222,0.700228,0.83595,-1.61352,1.3652,-0.194284,19.5315,-36.589,22.365,34.559,-4.23949,10.2683,-5.60988,-17.3064,6.41572,1.49787,0.00814369,-0.00323776,-0.00992612,2.13838,-2.1396,0.152454,0.0404179,0.0551908,0.0541858,13.2767,-0.171563,-0.597222,-24.1431,-17.7196,0.00749637,-0.0369726,-6.21946,0.212791,0.0269406,0.249956,-5.94215,-1.99226,-0.0108965,0,2561,1.38778e-17,-1.38778e-17,8.67362e-18,-3.29597e-17,1.73472e-17,-1.38778e-17,1.56125e-17,-8.32667e-17,-8.32667e-17,-9.93129e-17,0,-0.533973,-0.457644,0.51322,-0.00867445,3.14159,2.22411,0.129098,3.27125,0.00824583,-0.392699,4.15948,0.0985724,3.11203,-0.00787793,0.523599,0,0,0,0.176364,-0.0320528,-0.533973,0.513225,3.13121,2.22411,3.2713,-0.393937,4.15948,3.11229,0.494038,0.0284063,-2.59825,0.962924,0.000282792,-0.0404401,-0.00148892,0.320757,-0.320941,0.0337247,0.0546474,0.014231,1.0006,0.73211,-2.78609,-6.66896,-2.25512,322.42,46.4971,36.2071,-548.206,-296.616,-0.535591,-7.51236,-131.639,-3.1944,293.109,0.0520591,293.118,-38.6326,-206.805,74.8868,-196.57,-84.9926,-219.363,-85.3107,-219.158,-598.224,-10.7857,375.235,-143.614,294.598,169.633,4.92921,-45.6868,34.1801,-45.9195,-31.4446,33.3397,-58.116,31.5767,-13.9552,36.5375,-0.796394,36.383
4.52,-5.93873,-2.00312,0.207762,0.595645,-0.00354434,1.33443,-0.505318,0.00763874,0.519886,-0.00424009,3.16185,-3.15716,2.25446,-4.41231,3.30874,-0.874103,-0.363126,-4.3137,4.18792,-3.14162,3.14498,-0.772689,0.523917,-4.88865,-2.01884,-7.24785,-0.419034,-7.22033,-3.66025,-4.33874,-2.00879,-6.73382,-0.614652,-6.74364,-3.38592,0.507271,-0.740444,-0.520554,0.179813,-0.0109485,0.519526,-0.0321236,-0.966823,-0.533897,-4.0693,0.513301,-0.0560407,3.13129,-0.010103,2.22589,0.884549,3.27308,0.0499666,-0.392163,0.479279,4.15934,0.655028,3.11214,-0.0525651,0.493865,-0.0582317,1.03291,0.790899,-1.31847,1.8093,-86.2592,22.9008,-63.6943,45.3685,63.9195,-18.1157,50.8256,-45.364,6.31866,-1.67808,-0.00201286,0.00573113,-0.421002,10.6931,-20.8935,21.9605,0,2.44312,-1.81285,5.25545,-8.44215,0.654443,0.823246,-1.6366,1.40956,-0.182743,19.6003,-36.5937,22.4263,34.5832,-4.27514,10.2656,-5.62468,-17.3176,6.42459,1.49684,0.00813009,-0.00324074,-0.00991713,2.14133,-2.14256,0.152494,0.0343732,0.0460839,0.0442027,13.2788,-0.18842,-0.572736,-27.7663,-16.4411,0.00709331,-0.0223937,-6.23128,0.213209,0.0251717,0.250308,-5.93899,-1.99217,-0.0109485,0,2576,2.77556e-17,4.16334e-17,4.59702e-17,-9.36751e-17,-4.85723e-17,-2.08167e-17,-3.81639e-17,4.16334e-17,3.81639e-17,2.7864e-17,0,-0.533897,-0.459905,0.513293,-0.00868445,3.14159,2.22589,0.132706,3.27303,0.00749499,-0.392699,4.15934,0.098359,3.11186,-0.00788476,0.523599,0,0,0,0.177808,-0.0321236,-0.533897,0.513301,3.13129,2.22589,3.27308,-0.392163,4.15934,3.11214,0.493865,0.0285792,-2.60021,0.964323,0.000317481,-0.0431745,-0.00148757,0.3212,-0.321383,0.0336984,0.0546924,0.0142461,1.0006,0.840937,-2.62451,-6.26311,-2.06998,319.431,43.5157,35.7899,-549.589,-301.014,-0.574633,-6.79459,-131.518,-2.73016,276.229,0.112035,276.236,-40.3229,-199.602,54.802,-196.092,-82.4308,-225.768,-82.6641,-225.608,-562.918,-10.2873,359.426,-136.762,285.748,164.537,4.61315,-42.8072,33.8632,-43.0101,-31.9108,32.2261,-58.2626,31.5184,-13.9424,37.7743,-0.720303,37.6183
4.56,-5.9364,-2.00304,0.208551,0.596556,-0.00338645,1.33516,-0.504941,0.00550554,0.520156,0.000268681,3.16219,-3.16782,2.25518,-4.52368,3.30998,-0.891282,-0.362479,-4.31343,4.18794,-3.14111,3.14499,-0.772887,0.523921,-4.88632,-2.0187,-7.24588,-0.419449,-7.21779,-3.66029,-4.33641,-2.00846,-6.73171,-0.614698,-6.74109,-3.38596,0.505067,-0.851215,-0.520039,0.181102,-0.0109351,0.52123,-0.0320925,-0.965357,-0.533647,-4.08799,0.513551,-0.0560817,3.13152,-0.0493994,2.22647,0.910106,3.27367,0.0426367,-0.391574,0.480964,4.15923,0.653595,3.11204,-0.0525985,0.493737,-0.0583176,1.03338,0.794234,-1.31915,1.81375,-87.0689,23.0295,-64.1796,45.8052,64.6264,-18.2425,51.2814,-45.8024,6.33173,-1.67655,-0.00203451,0.00580355,-0.418788,10.591,-20.8225,22.0961,0,2.43241,-1.74832,5.21727,-8.52694,0.609484,0.7938,-1.62377,1.42302,-0.170221,19.6623,-36.5927,22.4741,34.6029,-4.30864,10.2617,-5.63595,-17.3269,6.43236,1.49565,0.00811701,-0.00324184,-0.00990903,2.14392,-2.14514,0.152528,0.019733,0.0227907,0.0183236,13.2263,-0.0761189,-0.266358,-30.5325,-16.869,0.00657073,-0.00917576,-6.23629,0.213654,0.0234407,0.25062,-5.93667,-1.99211,-0.0109351,0,2587,-1.38778e-17,-1.38778e-17,5.11743e-17,-7.45931e-17,-3.46945e-18,-4.16334e-17,-1.73472e-17,1.94289e-16,1.9082e-16,2.04697e-16,0,-0.533647,-0.462014,0.513529,-0.00869503,3.14159,2.22647,0.13654,3.27362,0.00639551,-0.392699,4.15923,0.0981514,3.11173,-0.00788977,0.523599,0,0,0,0.179056,-0.0320925,-0.533647,0.513551,3.13152,2.22647,3.27367,-0.391574,4.15923,3.11204,0.493737,0.0287061,-2.60179,0.965536,0.000340838,-0.0470315,-0.00148636,0.321588,-0.321772,0.0336652,0.0547254,0.0142572,1.0006,1.09995,-2.27289,-5.39763,-1.76617,311.15,39.4626,32.6388,-434.213,-320.991,-0.511382,-5.64222,-130.677,-1.85981,246.818,0.174591,246.823,-37.7687,-189.54,6.70374,-193.112,-79.4984,-246.394,-79.5747,-246.317,-501.4,-9.34511,333.387,-126.581,275.622,158.706,4.18348,-37.6775,32.9854,-37.8283,-34.0287,30.7055,-46.0314,31.0904,-13.8532,41.5788,-0.598138,41.4123
4.6,-5.93543,-2.00288,0.208169,0.596271,-0.00329141,1.33447,-0.50437,-0.000371755,0.520596,0.0144318,3.16267,-3.16412,2.25438,-4.53494,3.30933,-0.958985,-0.363241,-4.31361,4.18793,-3.1411,3.14497,-0.77304,0.523934,-4.88534,-2.01868,-7.2449,-0.418966,-7.21668,-3.66022,-4.33544,-2.00814,-6.73087,-0.61461,-6.73999,-3.38588,0.499148,-0.862367,-0.520058,0.181869,-0.0107995,0.521958,-0.0320436,-0.950679,-0.533123,-4.10921,0.514075,-0.056111,3.13203,-0.0717342,2.22563,0.923677,3.27283,0.0390713,-0.3924,0.481324,4.15918,0.652264,3.11198,-0.0526394,0.493702,-0.0583607,1.03365,0.795756,-1.31951,1.81596,-86.7116,23.0749,-64.3681,46.0525,64.147,-18.2875,51.4567,-46.0515,6.35503,-1.68328,-0.00205983,0.00588119,-0.41839,10.5303,-20.7858,22.1647,0,2.42768,-1.70373,5.17727,-8.54814,0.586469,0.778851,-1.62087,1.43276,-0.163765,19.6729,-36.5863,22.4957,34.5999,-4.31991,10.2574,-5.64107,-17.3258,6.43601,1.4938,0.00799966,-0.0031981,-0.00976817,2.14513,-2.14634,0.152548,-0.00954287,-0.00713676,-0.0173167,13.0802,0.277306,0.0924716,-30.8339,-18.5616,-0.00436696,-0.00913401,-6.24019,0.214457,0.0225606,0.250786,-5.93583,-1.99208,-0.0107995,0,2591,1.38778e-17,1.38778e-17,-5.20417e-18,-4.33681e-17,-3.1225e-17,-2.08167e-17,-3.1225e-17,2.77556e-17,2.42861e-17,2.86771e-17,0,-0.533123,-0.464408,0.514037,-0.00870483,3.14159,2.22563,0.138569,3.27279,0.0058607,-0.392699,4.15918,0.0979433,3.1117,-0.0078959,0.523599,0,0,0,0.179799,-0.0320436,-0.533123,0.514075,3.13203,2.22563,3.27283,-0.3924,4.15918,3.11198,0.493702,0.0287522,-2.60141,0.966032,0.000315915,-0.0671931,-0.00146523,0.321769,-0.321951,0.0336024,0.0547374,0.0142612,1.00059,1.44458,-1.40203,-3.29939,-1.02433,290.55,31.0479,19.0356,-160.861,-280.425,-0.34343,-3.54419,-128.519,-1.01886,169.005,0.0417275,169.008,-29.1911,-152.132,-60.6737,-142.487,-66.8121,-258.539,-66.7602,-258.524,-344.684,-6.61533,254.436,-96.8313,231.578,133.348,3.29142,-24.6604,30.8015,-24.7896,-29.7282,24.8389,-17.0531,23.0385,-13.6245,44.1959,-0.375724,44.0001
4.64,-5.93538,-2.00277,0.207279,0.595832,-0.00333353,1.33378,-0.503985,-0.00341134,0.520997,0.028749,3.16301,-3.15728,2.2532,-4.46842,3.30791,-1.01652,-0.364342,-4.31404,4.18781,-3.14088,3.14488,-0.772846,0.523946,-4.88529,-2.01887,-7.24456,-0.418233,-7.21666,-3.66014,-4.33539,-2.0081,-6.73076,-0.614471,-6.74,-3.38574,0.496172,-0.796167,-0.519948,0.181462,-0.0106963,0.521876,-0.0320973,-0.950738,-0.532749,-4.105,0.514449,-0.0561319,3.13243,-0.0647826,2.22444,0.920198,3.27164,0.0404409,-0.393579,0.478682,4.15905,0.654938,3.11185,-0.0526789,0.493703,-0.0583477,1.03349,0.795427,-1.31934,1.81525,-86.4436,23.0119,-64.1766,45.9084,63.8876,-18.2249,51.2695,-45.9068,6.35457,-1.68587,-0.00207923,0.00593578,-0.419526,10.5484,-20.7915,22.1461,0,2.42954,-1.70369,5.16211,-8.51672,0.593889,0.785403,-1.62573,1.43378,-0.165794,19.577,-36.5859,22.4831,34.619,-4.25813,10.2616,-5.63879,-17.3388,6.43792,1.50016,0.0078581,-0.00313913,-0.0096007,2.14576,-2.14695,0.152536,-0.0222477,-0.0109607,-0.0172409,13.0039,0.634627,0.171012,-29.2005,-20.0003,-0.0108878,-0.00650603,-6.23545,0.214487,0.022855,0.250912,-5.93562,-1.99208,-0.0106963,0,2592,0,-1.38778e-17,9.54098e-18,1.38778e-17,-4.16334e-17,-2.08167e-17,-3.29597e-17,2.01228e-16,1.8735e-16,1.90711e-16,0,-0.532749,-0.463909,0.514432,-0.0087106,3.14159,2.22444,0.138042,3.27161,0.00606613,-0.392699,4.15905,0.0982982,3.1117,-0.00790183,0.523599,0,0,0,0.179406,-0.0320973,-0.532749,0.514449,3.13243,2.22444,3.27164,-0.393579,4.15905,3.11185,0.493703,0.0287637,-2.60222,0.966037,0.000174456,-0.0818064,-0.00144011,0.321864,-0.322043,0.0337326,0.0547404,0.0142622,1.00059,1.49001,-0.134188,-0.513743,0.184865,266.719,18.4636,0.583519,-150.573,-217.661,-0.0241875,-0.855392,-125.534,-0.561089,42.6893,-0.00750625,42.6909,-12.7142,-76.5942,-59.8259,-49.4069,-37.1904,-211.773,-37.1886,-211.726,-92.171,-1.80648,109.039,-41.6433,128.917,74.2361,1.95735,-4.37533,28.2752,-4.50589,-23.0745,12.7687,-15.9624,8.15356,-13.308,36.8026,-0.0906811,36.5966
4.68,-5.93509,-2.00268,0.20621,0.595034,-0.00328595,1.33299,-0.503697,-0.00495062,0.521365,0.0392077,3.16324,-3.15568,2.25298,-4.42386,3.30747,-1.00637,-0.364519,-4.31452,4.18774,-3.14082,3.14482,-0.773007,0.523947,-4.88499,-2.01887,-7.24429,-0.41808,-7.21628,-3.66011,-4.33509,-2.00794,-6.73053,-0.614417,-6.73963,-3.38568,0.494764,-0.751872,-0.519946,0.180529,-0.0106127,0.522315,-0.0320612,-0.963874,-0.532472,-4.08971,0.514725,-0.0561512,3.1327,-0.0390133,2.22421,0.90881,3.2714,0.0436968,-0.393797,0.483727,4.15897,0.657139,3.11177,-0.0526945,0.493692,-0.0583141,1.03315,0.795557,-1.31885,1.81423,-86.8728,22.9496,-63.989,45.7176,64.3896,-18.1649,51.0902,-45.7167,6.33952,-1.68176,-0.00209831,0.00598924,-0.420138,10.6283,-20.8084,22.1099,0,2.43397,-1.74088,5.17154,-8.49207,0.613934,0.802742,-1.62955,1.43034,-0.171388,19.7578,-36.5879,22.4643,34.6589,-4.33509,10.2681,-5.63438,-17.3609,6.43614,1.50446,0.0078134,-0.00311714,-0.00955568,2.14516,-2.14634,0.15251,-0.0267252,-0.0199481,-0.0198589,12.9658,0.895605,0.0399796,-28.0921,-19.7447,-0.0118995,-0.00675864,-6.23962,0.213997,0.0236294,0.250866,-5.93541,-1.99207,-0.0106127,0,2593,2.77556e-17,0,-7.80626e-18,7.80626e-18,-2.08167e-17,-3.46945e-17,-3.46945e-17,4.85723e-17,4.51028e-17,3.9736e-17,0,-0.532472,-0.46218,0.514709,-0.00871539,3.14159,2.22421,0.136326,3.27139,0.00655452,-0.392699,4.15897,0.0986019,3.11169,-0.00790417,0.523599,0,0,0,0.178504,-0.0320612,-0.532472,0.514725,3.1327,2.22421,3.2714,-0.393797,4.15897,3.11177,0.493692,0.0287753,-2.60489,0.965609,9.37448e-05,-0.0825987,-0.00143335,0.321774,-0.321951,0.0338284,0.0547435,0.0142632,1.00058,1.39745,0.123647,-0.143269,0.304844,262.972,21.0566,-3.31871,-492.581,-359.875,0.00154994,-0.620706,-125.413,-0.469881,14.0078,-0.031328,14.0093,-8.43703,-56.469,-45.1522,-34.8559,-28.6111,-187.779,-28.6252,-187.726,-34.8705,-0.693512,72.4557,-27.6887,99.1749,57.1091,2.23223,0.0611994,27.878,-0.0703352,-38.1508,9.51699,-52.2191,5.81807,-13.2952,32.7839,-0.0658018,32.5866
4.72,-5.93443,-2.00261,0.205272,0.593989,-0.00316479,1.33174,-0.503288,-0.00856182,0.521788,0.0516239,3.16358,-3.14917,2.25236,-4.38232,3.30673,-1.02828,-0.3651,-4.3148,4.18773,-3.14078,3.14482,-0.773388,0.523945,-4.88432,-2.01882,-7.24368,-0.417791,-7.21545,-3.66014,-4.33443,-2.00768,-6.73004,-0.614446,-6.73881,-3.38571,0.491241,-0.710484,-0.519907,0.179389,-0.0105647,0.522436,-0.0319746,-0.962246,-0.532098,-4.08561,0.5151,-0.0561703,3.13307,-0.0297986,2.22355,0.90792,3.27075,0.0450013,-0.394451,0.488191,4.15892,0.659172,3.11173,-0.0527127,0.493653,-0.058279,1.03274,0.795066,-1.3182,1.81236,-86.4822,22.8767,-63.7493,45.5513,64.0112,-18.0952,50.8648,-45.5512,6.33969,-1.68474,-0.00210468,0.00600409,-0.421325,10.6462,-20.8021,22.0838,0,2.4412,-1.74182,5.15965,-8.46845,0.621473,0.808277,-1.63147,1.43009,-0.173469,19.9172,-36.5882,22.4345,34.6954,-4.40295,10.273,-5.62656,-17.3794,6.43328,1.50814,0.00778261,-0.00309921,-0.00952688,2.1442,-2.14537,0.15248,-0.0234476,-0.0261472,-0.0311849,12.8759,1.20571,0.1627,-27.069,-20.2924,-0.00709785,-0.00615033,-6.24934,0.214008,0.0239228,0.250762,-5.93477,-1.99205,-0.0105647,0,2596,1.38778e-17,2.77556e-17,3.81639e-17,-3.81639e-17,-3.1225e-17,-4.16334e-17,-4.33681e-17,6.93889e-18,1.04083e-17,-6.9931e-18,0,-0.532098,-0.46173,0.515071,-0.00871923,3.14159,2.22355,0.136192,3.27074,0.00675019,-0.392699,4.15892,0.0989051,3.11165,-0.00790691,0.523599,0,0,0,0.177401,-0.0319746,-0.532098,0.5151,3.13307,2.22355,3.27075,-0.394451,4.15892,3.11173,0.493653,0.0288099,-2.60763,0.965169,8.84677e-05,-0.0736546,-0.00142903,0.32163,-0.321806,0.033918,0.0547525,0.0142663,1.00058,1.3518,-0.0878593,-0.713864,-0.00841601,266.442,31.9735,2.80328,-543.532,-401.971,-0.0170159,-1.33344,-126.418,-0.576684,34.4993,-0.0233733,34.5011,-10.9382,-67.572,-53.8154,-42.237,-32.7529,-190.434,-32.7706,-190.38,-75.7783,-1.53718,94.5614,-36.2035,113.541,65.3811,3.38954,-3.29361,28.2458,-3.4239,-42.6135,11.2789,-57.6205,6.99534,-13.4017,33.12,-0.141359,32.9268
4.76,-5.9338,-2.00255,0.204472,0.592924,-0.00306501,1.33033,-0.502866,-0.0121939,0.522244,0.0657079,3.16393,-3.13972,2.25158,-4.32182,3.30576,-1.04848,-0.365839,-4.31501,4.18777,-3.14092,3.14486,-0.773947,0.523947,-4.88369,-2.01884,-7.24303,-0.417404,-7.21469,-3.66015,-4.3338,-2.00746,-6.72955,-0.614469,-6.73804,-3.38574,0.487712,-0.650224,-0.520013,0.178384,-0.0105259,0.521905,-0.0319095,-0.96027,-0.53171,-4.07769,0.515487,-0.0561906,3.13346,-0.0175362,2.22273,0.902461,3.26993,0.0474222,-0.395277,0.490459,4.15892,0.65985,3.11173,-0.0527311,0.493619,-0.0582494,1.03238,0.793673,-1.31762,1.80988,-85.8451,22.7737,-63.4005,45.2818,63.4061,-17.9948,50.5338,-45.2816,6.33784,-1.68872,-0.00211,0.00601379,-0.423153,10.6709,-20.8145,22.0333,0,2.44852,-1.75076,5.15659,-8.4283,0.635756,0.817463,-1.63656,1.42738,-0.177425,19.9961,-36.5843,22.4003,34.7017,-4.44031,10.2738,-5.61745,-17.3816,6.42876,1.50855,0.00775207,-0.00308183,-0.00949144,2.14269,-2.14386,0.152453,-0.0200059,-0.0266127,-0.0352628,12.7851,1.55756,0.236354,-25.5761,-20.7971,-0.00503691,-0.00884435,-6.26341,0.21394,0.024475,0.25058,-5.93414,-1.99203,-0.0105259,0,2599,0,0,3.98986e-17,7.80626e-18,-3.81639e-17,-1.38778e-17,-3.64292e-17,4.16334e-17,3.46945e-17,3.58871e-17,0,-0.53171,-0.460835,0.515461,-0.00872274,3.14159,2.22273,0.135376,3.26991,0.00711333,-0.392699,4.15892,0.0990192,3.11161,-0.00790967,0.523599,0,0,0,0.176428,-0.0319095,-0.53171,0.515487,3.13346,2.22273,3.26993,-0.395277,4.15892,3.11173,0.493619,0.0288445,-2.60825,0.964564,0.000125227,-0.0687685,-0.00142372,0.321403,-0.321578,0.0339314,0.0547615,0.0142693,1.00058,1.38592,-0.24426,-0.97438,0.00459539,267.619,41.675,2.56616,-492.152,-404.885,-0.0554264,-1.65606,-127.019,-0.630862,51.5274,-0.002396,51.5292,-13.3081,-79.1999,-63.754,-48.7773,-37.4813,-201.966,-37.489,-201.916,-109.765,-2.27321,115.51,-44.3288,129.942,74.8257,4.41801,-5.96364,28.3706,-6.09276,-42.9224,13.152,-52.1736,8.0537,-13.4655,35.0313,-0.175561,34.8339
4.8,-5.9333,-2.0025,0.20374,0.5919,-0.00298066,1.3289,-0.502433,-0.0157154,0.522726,0.080308,3.16429,-3.12834,2.25062,-4.24898,3.30457,-1.06951,-0.366735,-4.31512,4.18778,-3.14089,3.14488,-0.774273,0.52395,-4.88319,-2.01888,-7.24246,-0.416921,-7.21408,-3.66016,-4.33331,-2.00727,-6.72917,-0.614481,-6.73743,-3.38575,0.48431,-0.577681,-0.519963,0.177522,-0.0104848,0.52114,-0.0318597,-0.959725,-0.531312,-4.06726,0.515885,-0.0562125,3.13385,-0.00192288,2.22174,0.893535,3.26894,0.0506116,-0.396274,0.489374,4.1589,0.660971,3.1117,-0.0527525,0.493586,-0.0582255,1.03207,0.792012,-1.31712,1.80735,-85.2058,22.6615,-63.0209,44.9739,62.8126,-17.8849,50.1724,-44.974,6.33379,-1.69229,-0.00211664,0.00602683,-0.425147,10.707,-20.8387,21.9726,0,2.45554,-1.76748,5.15764,-8.37879,0.654606,0.829881,-1.64379,1.42366,-0.182645,19.9531,-36.5783,22.3652,34.7017,-4.41548,10.2738,-5.60827,-17.3813,6.42586,1.51033,0.00770721,-0.00305891,-0.00943763,2.14172,-2.14288,0.15243,-0.0182941,-0.0256008,-0.0358159,12.6971,1.92229,0.284365,-23.7792,-21.3228,-0.00285734,-0.00767837,-6.27165,0.213798,0.0252039,0.250461,-5.93351,-1.99202,-0.0104848,0,2602,0,0,0,-2.34188e-17,-3.46945e-18,-2.77556e-17,-1.38778e-17,1.38778e-16,1.31839e-16,1.41055e-16,0,-0.531312,-0.459659,0.51586,-0.00872651,3.14159,2.22174,0.134038,3.26892,0.00759174,-0.392699,4.1589,0.099191,3.11158,-0.00791288,0.523599,0,0,0,0.175593,-0.0318597,-0.531312,0.515885,3.13385,2.22174,3.26894,-0.396274,4.1589,3.1117,0.493586,0.0288791,-2.60829,0.964151,0.000135906,-0.0663343,-0.00141564,0.321258,-0.321432,0.0339731,0.0547705,0.0142723,1.00057,1.41629,-0.181605,-0.721638,0.14171,263.69,47.0577,0.238043,-392.456,-399.154,-0.024395,-1.3085,-126.796,-0.596766,46.0658,-0.00538277,46.0675,-12.6838,-77.1332,-65.2523,-42.9683,-36.7014,-203.572,-36.702,-203.525,-98.8219,-2.08948,110.268,-42.4389,127.236,73.2675,4.98865,-5.04179,27.9541,-5.17049,-42.3148,12.8325,-41.6047,7.13751,-13.4418,35.3469,-0.138716,35.1462
4.84,-5.93285,-2.00244,0.203026,0.59086,-0.00290168,1.32747,-0.502035,-0.0188121,0.52319,0.0942411,3.16463,-3.11722,2.24975,-4.17896,3.30347,-1.07963,-0.36754,-4.31522,4.18779,-3.14088,3.14489,-0.774603,0.523952,-4.88273,-2.01892,-7.24195,-0.416479,-7.21353,-3.66016,-4.33286,-2.00709,-6.72883,-0.614486,-6.73687,-3.38576,0.481345,-0.507949,-0.519944,0.176743,-0.0104407,0.520357,-0.0318038,-0.962461,-0.530937,-4.05385,0.51626,-0.0562318,3.13423,0.018158,2.22085,0.881449,3.26805,0.0544474,-0.397166,0.489773,4.15889,0.66103,3.11169,-0.0527691,0.493564,-0.0582018,1.03179,0.790366,-1.31666,1.80492,-84.7266,22.5506,-62.6471,44.6534,62.3958,-17.7762,49.816,-44.6535,6.32597,-1.69423,-0.00212451,0.00604344,-0.42706,10.7593,-20.8715,21.9066,0,2.46267,-1.79574,5.16549,-8.32745,0.677488,0.845376,-1.6519,1.41882,-0.188992,19.9624,-36.5696,22.3316,34.6902,-4.42304,10.2721,-5.59951,-17.3751,6.42156,1.50948,0.00767048,-0.00303983,-0.00939155,2.14028,-2.14144,0.152409,-0.0178735,-0.0259965,-0.0356065,12.6197,2.27032,0.27798,-22.0504,-21.5761,-0.00239806,-0.0071585,-6.27999,0.21353,0.0260881,0.250289,-5.93309,-1.992,-0.0104407,0,2604,0,-1.38778e-17,6.93889e-18,-2.94903e-17,0,-6.93889e-18,-3.46945e-18,-5.55112e-17,-6.245e-17,-8.16404e-17,0,-0.530937,-0.458146,0.516238,-0.00872981,3.14159,2.22085,0.132226,3.26803,0.00816711,-0.392699,4.15889,0.0992041,3.11156,-0.00791536,0.523599,0,0,0,0.174838,-0.0318038,-0.530937,0.51626,3.13423,2.22085,3.26805,-0.397166,4.15889,3.11169,0.493564,0.0289021,-2.60747,0.963531,0.000148692,-0.0655476,-0.00140873,0.321042,-0.321215,0.0339545,0.0547765,0.0142743,1.00057,1.41023,-0.113161,-0.512064,0.232294,260.206,52.3116,-1.71544,-293.488,-376.903,-0.0424331,-1.03565,-126.707,-0.571095,39.0402,-0.0121644,39.042,-11.7581,-72.9499,-66.0805,-32.9797,-34.898,-199.776,-34.8958,-199.73,-84.7754,-1.82648,101.908,-39.3229,120.978,69.6639,5.54561,-3.92977,27.5847,-4.05851,-39.9559,12.1615,-31.113,5.54769,-13.4324,34.7264,-0.109791,34.5265
4.88,-5.93234,-2.00237,0.202254,0.589606,-0.00278377,1.32581,-0.501599,-0.022465,0.523686,0.108719,3.16498,-3.10646,2.24907,-4.12031,3.3026,-1.07894,-0.368167,-4.31515,4.18776,-3.14049,3.14486,-0.774728,0.523926,-4.88221,-2.0189,-7.24147,-0.416157,-7.21285,-3.66018,-4.33235,-2.00683,-6.72848,-0.614511,-6.73619,-3.38578,0.477829,-0.449541,-0.519554,0.175981,-0.0103864,0.519579,-0.031709,-0.964301,-0.530524,-4.04134,0.516673,-0.056251,3.13464,0.0382531,2.22014,0.869469,3.26734,0.0582358,-0.397869,0.488181,4.15883,0.661898,3.11163,-0.0527224,0.493512,-0.0581788,1.03152,0.788723,-1.31617,1.80248,-84.2128,22.4415,-62.2783,44.3417,61.9404,-17.6696,49.4653,-44.3422,6.31923,-1.69646,-0.00213194,0.0060585,-0.428965,10.8118,-20.9041,21.8413,0,2.47054,-1.82642,5.17617,-8.27968,0.700232,0.860326,-1.65942,1.41361,-0.195306,19.8973,-36.5565,22.2933,34.6822,-4.3898,10.2701,-5.58969,-17.3722,6.41913,1.51056,0.00787184,-0.0031141,-0.00963966,2.13946,-2.14065,0.152389,-0.0192775,-0.0313615,-0.0416525,12.5286,2.63198,0.269072,-20.6011,-21.5587,0.00153841,0.00179957,-6.28318,0.213301,0.0269666,0.250194,-5.93267,-1.99199,-0.0103864,0,2606,0,1.38778e-17,4.68375e-17,-4.77049e-17,-3.1225e-17,-4.85723e-17,-4.16334e-17,-4.16334e-17,-3.46945e-17,-2.41777e-17,0,-0.530524,-0.45674,0.516647,-0.00873312,3.14159,2.22014,0.130428,3.26732,0.00873538,-0.392699,4.15883,0.0993317,3.11151,-0.00790836,0.523599,0,0,0,0.1741,-0.031709,-0.530524,0.516673,3.13464,2.22014,3.26734,-0.397869,4.15883,3.11163,0.493512,0.0289252,-2.60697,0.96315,0.00014082,-0.0624023,-0.00144595,0.32092,-0.321098,0.0339794,0.0547825,0.0142763,1.00057,1.37087,-0.132399,-0.549841,0.199442,258.626,59.7873,-1.37717,-272.86,-367.377,-0.0466003,-0.857802,-126.815,-0.590498,40.3908,-0.0207214,40.3926,-11.8619,-72.659,-68.9614,-25.7007,-34.5454,-195.207,-34.5494,-195.158,-87.4387,-1.92166,101.957,-39.4218,119.758,68.9572,6.33812,-4.21282,27.4172,-4.34087,-38.9461,12.1018,-28.9262,4.38478,-13.4438,33.9169,-0.0909366,33.7218
4.92,-5.9317,-2.00231,0.201497,0.588217,-0.00264484,1.32383,-0.501046,-0.0273703,0.52428,0.126052,3.16544,-3.094,2.24827,-4.06186,3.30164,-1.08488,-0.368909,-4.31508,4.18778,-3.14027,3.14486,-0.775108,0.523927,-4.88157,-2.01891,-7.24086,-0.415789,-7.21203,-3.66022,-4.33171,-2.00654,-6.72803,-0.614556,-6.73536,-3.38583,0.473062,-0.391312,-0.519331,0.17515,-0.0103387,0.518518,-0.0316047,-0.960649,-0.530006,-4.03166,0.517191,-0.0562812,3.13515,0.0542587,2.21931,0.859515,3.26651,0.0617476,-0.398704,0.491338,4.15882,0.659697,3.11162,-0.052736,0.493477,-0.0581566,1.03123,0.786612,-1.31564,1.79953,-83.3253,22.3149,-61.8465,44.0009,61.0964,-17.5462,49.0562,-44.0028,6.31778,-1.70153,-0.00214725,0.00609456,-0.431322,10.8471,-20.9348,21.7721,0,2.48,-1.8484,5.18367,-8.22887,0.721091,0.872593,-1.66712,1.40864,-0.201086,20,-36.5367,22.2506,34.642,-4.45871,10.2633,-5.57835,-17.3515,6.41106,1.50393,0.00785919,-0.00310393,-0.00961882,2.13677,-2.13796,0.152367,-0.0189239,-0.0347207,-0.0494218,12.4066,3.06499,0.311602,-19.1598,-21.7073,0.00177666,0.00772086,-6.29271,0.213251,0.0277737,0.249882,-5.93204,-1.99197,-0.0103387,0,2609,-1.38778e-17,0,-6.07153e-18,5.37764e-17,2.42861e-17,1.38778e-17,1.73472e-17,2.08167e-17,1.04083e-17,3.09269e-17,0,-0.530006,-0.455652,0.517156,-0.00873957,3.14159,2.21931,0.128936,3.26649,0.00926214,-0.392699,4.15882,0.0990088,3.11147,-0.00791041,0.523599,0,0,0,0.173295,-0.0316047,-0.530006,0.517191,3.13515,2.21931,3.26651,-0.398704,4.15882,3.11162,0.493477,0.0289598,-2.60404,0.961984,0.000162675,-0.0608789,-0.00144282,0.320516,-0.320694,0.0338323,0.0547916,0.0142794,1.00057,1.37824,-0.223983,-0.775064,0.147302,258.546,70.5898,0.322674,-322.7,-387.821,-0.144005,-0.968251,-127.438,-0.634492,50.6182,-0.00986716,50.6201,-13.2978,-79.1575,-75.9973,-25.8186,-37.1859,-200.391,-37.1988,-200.342,-107.786,-2.42742,113.893,-44.1412,128.913,74.2287,7.48331,-5.83978,27.4088,-5.96592,-41.1133,13.1449,-34.2098,4.4124,-13.5099,34.7588,-0.102646,34.5622
4.96,-5.93119,-2.00221,0.200542,0.586784,-0.00255264,1.32183,-0.500509,-0.0318043,0.524885,0.143849,3.16589,-3.08174,2.24737,-4.00219,3.30058,-1.09435,-0.369744,-4.31523,4.18782,-3.1404,3.14489,-0.775666,0.523947,-4.88105,-2.01896,-7.24029,-0.415305,-7.21139,-3.6602,-4.33119,-2.0063,-6.72765,-0.614534,-6.73472,-3.38581,0.468784,-0.331871,-0.519455,0.174333,-0.010259,0.517132,-0.0315471,-0.959496,-0.529504,-4.01707,0.517694,-0.0563013,3.13565,0.0703738,2.21838,0.848303,3.26557,0.0656162,-0.39964,0.492124,4.15882,0.657781,3.11162,-0.0527908,0.493462,-0.058135,1.03094,0.784045,-1.31514,1.79626,-82.4323,22.1698,-61.3517,43.5903,60.2691,-17.4032,48.5842,-43.5916,6.31195,-1.7064,-0.00214708,0.00608565,-0.43411,10.8805,-20.9723,21.6939,0,2.49062,-1.87211,5.1939,-8.17196,0.743976,0.885301,-1.67611,1.40289,-0.207424,20.0189,-36.5197,22.2074,34.5967,-4.48463,10.2567,-5.56694,-17.3275,6.40321,1.49817,0.00768997,-0.00303227,-0.00940409,2.13416,-2.13531,0.152345,-0.0238982,-0.0358216,-0.0500891,12.2955,3.5096,0.306553,-17.6906,-21.9442,-0.00362399,0.00541011,-6.30669,0.213056,0.0286591,0.249576,-5.93141,-1.99196,-0.010259,0,2612,2.77556e-17,0,7.80626e-18,1.47451e-17,0,-2.08167e-17,-6.93889e-18,6.245e-17,4.16334e-17,3.81639e-17,0,-0.529504,-0.454014,0.517659,-0.00874178,3.14159,2.21838,0.127255,3.26555,0.00984242,-0.392699,4.15882,0.0987295,3.11146,-0.00791862,0.523599,0,0,0,0.172503,-0.0315471,-0.529504,0.517694,3.13565,2.21838,3.26557,-0.39964,4.15882,3.11162,0.493462,0.0289945,-2.60065,0.960856,0.00018733,-0.0684534,-0.00141061,0.320123,-0.320297,0.0336975,0.0548006,0.0142824,1.00056,1.42515,-0.204997,-0.684812,0.277119,255.989,79.2078,-0.538441,-347.207,-419.91,-0.107989,-0.903076,-127.582,-0.616,49.9946,-0.00467379,49.9964,-13.299,-80.6028,-77.4822,-25.9032,-37.8682,-206.084,-37.8885,-206.036,-106.502,-2.45585,114.862,-44.6362,131.275,75.5921,8.39692,-5.66607,27.1377,-5.79149,-44.5151,13.3932,-36.8078,4.44388,-13.5252,35.7591,-0.0957362,35.5565
5,-5.93083,-2.00213,0.199525,0.585383,-0.00248646,1.31996,-0.500062,-0.0352665,0.52543,0.159859,3.16627,-3.06873,2.24629,-3.93942,3.29933,-1.10824,-0.370745,-4.31532,4.18777,-3.14013,3.14486,-0.775742,0.523935,-4.88068,-2.01903,-7.23982,-0.41473,-7.21094,-3.66018,-4.33084,-2.00611,-6.72738,-0.614507,-6.73427,-3.38578,0.465489,-0.269337,-0.519205,0.173335,-0.0101898,0.515905,-0.0314925,-0.963519,-0.529068,-3.99791,0.51813,-0.0563206,3.1361,0.0885497,2.21728,0.837005,3.26448,0.0696927,-0.400728,0.488608,4.15876,0.659324,3.11157,-0.0527726,0.493438,-0.0581003,1.03059,0.781621,-1.31457,1.7929,-81.8011,22.0255,-60.8612,43.1629,59.7294,-17.2615,48.1174,-43.1641,6.30024,-1.70842,-0.00215495,0.00609956,-0.436722,10.9207,-21.008,21.6167,0,2.50276,-1.8978,5.20034,-8.11301,0.767818,0.899073,-1.6855,1.39778,-0.214017,19.8851,-36.5077,22.16,34.5846,-4.4147,10.2558,-5.55511,-17.3228,6.39998,1.50064,0.0077723,-0.00305819,-0.00950452,2.13308,-2.13425,0.152319,-0.0254251,-0.0350176,-0.0465467,12.2089,3.90954,0.325035,-16.1483,-22.2915,-0.00219813,0.01115,-6.30864,0.212667,0.0295833,0.249457,-5.9312,-1.99195,-0.0101898,0,2613,0,0,-3.20924e-17,3.1225e-17,2.08167e-17,-6.93889e-18,1.21431e-17,-3.46945e-17,-3.81639e-17,-4.30428e-17,0,-0.529068,-0.45185,0.518103,-0.00874465,3.14159,2.21728,0.125557,3.26446,0.0104539,-0.392699,4.15876,0.0989486,3.11143,-0.0079159,0.523599,0,0,0,0.171536,-0.0314925,-0.529068,0.51813,3.1361,2.21728,3.26448,-0.400728,4.15876,3.11157,0.493438,0.029006,-2.59964,0.960297,0.000149878,-0.0697811,-0.00142568,0.319962,-0.320137,0.0337508,0.0548036,0.0142834,1.00056,1.42156,-0.0258017,-0.336318,0.416336,251.329,84.5992,-2.27641,-314.972,-427.109,-0.00903337,-0.491262,-127.191,-0.545359,30.8263,-0.0131074,30.828,-10.7605,-69.2627,-66.7634,-21.4084,-33.0955,-197.384,-33.1294,-197.331,-68.1899,-1.60348,92.7717,-36.1666,114.73,66.0629,8.96846,-2.60805,26.6437,-2.73376,-45.2784,11.5784,-33.3906,3.73384,-13.4837,34.3583,-0.0520793,34.156
5.04,-5.93033,-2.00206,0.19857,0.584014,-0.00238396,1.31816,-0.4996,-0.0387326,0.525976,0.174777,3.16665,-3.05804,2.24555,-3.88909,3.29844,-1.10602,-0.371424,-4.31542,4.18776,-3.13993,3.14484,-0.776147,0.523936,-4.88018,-2.01905,-7.23931,-0.414361,-7.21029,-3.66019,-4.33034,-2.00588,-6.72703,-0.614519,-6.73363,-3.38579,0.462184,-0.219226,-0.51902,0.172251,-0.0101345,0.514863,-0.0314246,-0.966472,-0.52864,-3.98092,0.518557,-0.0563455,3.13652,0.112385,2.21651,0.823109,3.26371,0.0742881,-0.401502,0.491389,4.15872,0.658447,3.11152,-0.052788,0.493403,-0.0580689,1.03021,0.779438,-1.31395,1.78965,-81.193,21.892,-60.4072,42.7752,59.2022,-17.1309,47.687,-42.7766,6.29036,-1.71052,-0.00216268,0.00611347,-0.439144,10.9813,-21.0472,21.5374,0,2.5162,-1.93913,5.21498,-8.05849,0.795249,0.915474,-1.69435,1.39141,-0.221624,19.976,-36.4922,22.114,34.5586,-4.46996,10.2524,-5.54326,-17.3101,6.39234,1.49696,0.00775384,-0.00304492,-0.009479,2.13053,-2.13169,0.152291,-0.0238633,-0.034228,-0.0450954,12.1224,4.28217,0.267411,-14.9086,-22.2361,-0.00250236,0.0159229,-6.31884,0.212335,0.0306441,0.249163,-5.93056,-1.99193,-0.0101345,0,2616,1.38778e-17,1.38778e-17,-3.29597e-17,3.20924e-17,-2.77556e-17,-2.77556e-17,-2.94903e-17,3.46945e-17,1.38778e-17,2.28767e-17,0,-0.52864,-0.449937,0.518529,-0.00874854,3.14159,2.21651,0.123473,3.26369,0.0111432,-0.392699,4.15872,0.0988135,3.1114,-0.0079182,0.523599,0,0,0,0.170484,-0.0314246,-0.52864,0.518557,3.13652,2.21651,3.26371,-0.401502,4.15872,3.11152,0.493403,0.0290406,-2.59765,0.95913,0.000139385,-0.0694212,-0.00142185,0.319579,-0.319754,0.0336695,0.0548126,0.0142864,1.00056,1.38635,-0.017638,-0.366673,0.35187,249.616,92.0942,-2.8242,-290.4,-425.011,-0.0812226,-0.478974,-127.545,-0.54959,29.1138,-0.0201605,29.1155,-10.38,-67.3542,-65.0166,-20.5349,-32.0499,-191.985,-32.0903,-191.93,-64.7351,-1.55204,89.5215,-34.9759,111.104,63.975,9.76301,-2.39449,26.462,-2.51963,-45.0559,11.2614,-30.7856,3.59753,-13.5212,33.4239,-0.0507766,33.225
5.08,-5.92978,-2.00199,0.197633,0.582557,-0.00226977,1.3162,-0.499098,-0.0429218,0.526544,0.190656,3.16707,-3.04656,2.24474,-3.84302,3.29751,-1.11033,-0.372177,-4.3155,4.18778,-3.13988,3.14486,-0.776532,0.52394,-4.87962,-2.01906,-7.23876,-0.413961,-7.20959,-3.66021,-4.32979,-2.00562,-6.72664,-0.614537,-6.73293,-3.38581,0.458144,-0.173333,-0.518962,0.171243,-0.0100769,0.51382,-0.0313335,-0.966381,-0.528162,-3.96705,0.519035,-0.0563665,3.137,0.130112,2.21567,0.812875,3.26287,0.0780549,-0.402339,0.49319,4.15871,0.65778,3.11152,-0.0528054,0.493382,-0.0580375,1.02986,0.777285,-1.31335,1.7865,-80.4724,21.7638,-59.9706,42.4158,58.5456,-17.0057,47.2734,-42.4175,6.28418,-1.71399,-0.00216892,0.00612318,-0.441584,11.0217,-21.0784,21.468,0,2.52923,-1.96729,5.22289,-8.00856,0.8174,0.927846,-1.70227,1.38656,-0.227752,20.0326,-36.4787,22.0699,34.5358,-4.5065,10.2491,-5.5317,-17.2982,6.38552,1.49396,0.00771565,-0.00302412,-0.00942952,2.12825,-2.12941,0.152265,-0.0234183,-0.0364197,-0.0490228,12.0178,4.67885,0.286897,-13.7772,-22.3439,-0.00199651,0.0175539,-6.32851,0.212123,0.0315011,0.248893,-5.93014,-1.99192,-0.0100769,0,2618,-1.38778e-17,-2.77556e-17,1.38778e-17,-3.72966e-17,-1.73472e-17,-6.245e-17,-3.64292e-17,9.71445e-17,8.67362e-17,9.49761e-17,0,-0.528162,-0.44838,0.519003,-0.0087519,3.14159,2.21567,0.121939,3.26285,0.0117082,-0.392699,4.15871,0.0987189,3.11138,-0.00792082,0.523599,0,0,0,0.169506,-0.0313335,-0.528162,0.519035,3.137,2.21567,3.26287,-0.402339,4.15871,3.11152,0.493382,0.0290637,-2.59599,0.958139,0.000155405,-0.0678635,-0.00141443,0.319238,-0.319412,0.0336035,0.0548186,0.0142885,1.00055,1.39879,-0.125066,-0.622253,0.242207,249.579,101.918,-0.605243,-272.713,-430.123,-0.0802112,-0.717916,-128.011,-0.596212,41.2987,-0.0064276,41.3005,-12.0496,-75.3149,-72.672,-23.2937,-35.2811,-198.712,-35.3221,-198.659,-89.0565,-2.17944,103.881,-40.6834,122.312,70.4291,10.8044,-4.32648,26.4581,-4.45086,-45.5979,12.5402,-28.9106,4.05037,-13.5706,34.5229,-0.0761072,34.3221
5.12,-5.92932,-2.00191,0.196654,0.581158,-0.00218167,1.3143,-0.498611,-0.0467612,0.527105,0.206088,3.16748,-3.03607,2.24396,-3.80036,3.29662,-1.11391,-0.372894,-4.31564,4.18779,-3.13985,3.14486,-0.776996,0.523945,-4.87916,-2.01911,-7.23827,-0.413554,-7.20901,-3.6602,-4.32933,-2.0054,-6.7263,-0.614527,-6.73235,-3.3858,0.454452,-0.130846,-0.518929,0.170242,-0.0100103,0.51256,-0.03128,-0.966123,-0.527709,-3.95193,0.519488,-0.0563913,3.13745,0.147431,2.21486,0.802101,3.26206,0.0819544,-0.40315,0.492881,4.15869,0.65751,3.11149,-0.052829,0.493351,-0.0580097,1.02952,0.774835,-1.31278,1.78313,-79.6837,21.6279,-59.5062,42.03,57.8274,-16.8724,46.833,-42.0317,6.27733,-1.71769,-0.00217524,0.00613248,-0.444239,11.0593,-21.1133,21.3937,0,2.54333,-1.99686,5.23383,-7.95715,0.840377,0.939886,-1.71058,1.38106,-0.23411,20.0136,-36.4654,22.0243,34.5098,-4.5038,10.2459,-5.51989,-17.2849,6.37933,1.49199,0.00766475,-0.00299836,-0.00936364,2.12619,-2.12734,0.152239,-0.0244832,-0.0349743,-0.0474144,11.9218,5.06437,0.26233,-12.7301,-22.4335,-0.0035652,0.0185514,-6.34017,0.211891,0.0323903,0.248652,-5.92951,-1.9919,-0.0100103,0,2621,0,-1.38778e-17,-4.33681e-18,5.20417e-18,-1.04083e-17,-4.85723e-17,-2.77556e-17,1.66533e-16,1.56125e-16,1.50785e-16,0,-0.527709,-0.446675,0.519459,-0.00875569,3.14159,2.21486,0.120323,3.26204,0.0122932,-0.392699,4.15869,0.0986805,3.11135,-0.00792434,0.523599,0,0,0,0.168535,-0.03128,-0.527709,0.519488,3.13745,2.21486,3.26206,-0.40315,4.15869,3.11149,0.493351,0.0290983,-2.59405,0.957223,0.000161721,-0.0707197,-0.00140455,0.318928,-0.319101,0.0335573,0.0548276,0.0142915,1.00055,1.42026,-0.0938288,-0.508301,0.312617,246.826,108.902,-1.21661,-251.324,-431.354,-0.0566333,-0.552578,-128.088,-0.580153,38.4411,-0.00591214,38.4429,-11.7707,-74.6046,-72.0812,-22.7385,-34.9448,-200.142,-34.9885,-200.088,-83.3121,-2.07976,101.432,-39.8155,121.146,69.7581,11.5448,-3.83721,26.1664,-3.96101,-45.7284,12.4349,-26.6432,3.97524,-13.5788,34.7915,-0.0585794,34.588
5.16,-5.92892,-2.00183,0.195618,0.579764,-0.00211394,1.31245,-0.498159,-0.0503689,0.527636,0.220999,3.16787,-3.02658,2.24323,-3.76321,3.2958,-1.1162,-0.373566,-4.31584,4.18779,-3.1399,3.14487,-0.777248,0.523963,-4.87875,-2.01917,-7.23781,-0.413155,-7.2085,-3.66018,-4.32893,-2.00521,-6.72599,-0.614499,-6.73185,-3.38577,0.450994,-0.0938508,-0.518993,0.169222,-0.00994042,0.511442,-0.0312238,-0.967702,-0.527268,-3.9359,0.519929,-0.05641,3.1379,0.164419,2.21412,0.792095,3.26132,0.0856656,-0.403889,0.493103,4.15868,0.657629,3.11148,-0.0528764,0.493358,-0.0579751,1.02917,0.772587,-1.31221,1.77992,-79.0249,21.4982,-59.0649,41.6577,57.2438,-16.7453,46.4147,-41.6595,6.26884,-1.72031,-0.00218215,0.00614391,-0.446744,11.0969,-21.1448,21.3245,0,2.5575,-2.02635,5.24361,-7.90968,0.862173,0.951292,-1.71824,1.37601,-0.240139,20.0153,-36.4554,21.9814,34.4918,-4.50851,10.2443,-5.50888,-17.2757,6.3734,1.49102,0.00749964,-0.00292821,-0.00915931,2.12421,-2.12533,0.152213,-0.0259008,-0.0348527,-0.0462036,11.8317,5.43685,0.237324,-11.8196,-22.4909,-0.00514445,0.0173765,-6.3465,0.211605,0.0332341,0.248421,-5.9293,-1.99189,-0.00994042,0,2622,1.38778e-17,-1.38778e-17,6.85216e-17,-9.19403e-17,-2.42861e-17,-3.46945e-17,-2.77556e-17,1.45717e-16,1.45717e-16,1.4943e-16,0,-0.527268,-0.444866,0.519903,-0.00875858,3.14159,2.21412,0.118821,3.2613,0.0128498,-0.392699,4.15868,0.0986936,3.11135,-0.00793146,0.523599,0,0,0,0.167544,-0.0312238,-0.527268,0.519929,3.1379,2.21412,3.26132,-0.403889,4.15868,3.11148,0.493358,0.0291099,-2.59255,0.956305,0.000147218,-0.0731354,-0.0013739,0.318631,-0.3188,0.033534,0.0548307,0.0142925,1.00055,1.43172,-0.0239623,-0.367794,0.363134,243.702,115.179,-1.6102,-233.356,-434.03,-0.0344777,-0.409285,-128.036,-0.550256,30.8864,-0.00883466,30.8881,-10.8394,-70.7685,-68.5063,-21.0471,-33.2586,-198.254,-33.3084,-198.2,-68.204,-1.7337,93.3203,-36.7095,115.301,66.3951,12.2103,-2.61262,25.8351,-2.73636,-46.012,11.8261,-24.7384,3.7159,-13.5733,34.5101,-0.0433888,34.3048
5.2,-5.92855,-2.00176,0.194603,0.578459,-0.00204658,1.31077,-0.497751,-0.0533506,0.528129,0.234131,3.16821,-3.01835,2.24259,-3.73118,3.29507,-1.1176,-0.374155,-4.31604,4.18777,-3.13981,3.14486,-0.777539,0.523966,-4.87837,-2.01922,-7.23741,-0.412809,-7.20804,-3.66017,-4.32856,-2.00503,-6.72572,-0.61448,-6.73139,-3.38576,0.448159,-0.0619552,-0.518918,0.168131,-0.00987843,0.510407,-0.0311795,-0.970664,-0.526884,-3.91904,0.520314,-0.0564307,3.13828,0.180618,2.21346,0.783086,3.26065,0.0891481,-0.404552,0.492552,4.15864,0.658611,3.11144,-0.0528952,0.493336,-0.0579412,1.02879,0.770442,-1.31162,1.77674,-78.4599,21.3737,-58.6411,41.2951,56.759,-16.6234,46.0136,-41.2969,6.25886,-1.722,-0.00218836,0.00615352,-0.449118,11.1322,-21.1725,21.2589,0,2.57187,-2.05467,5.25257,-7.86599,0.882661,0.961742,-1.72508,1.37122,-0.245806,19.99,-36.4468,21.9376,34.4834,-4.49471,10.2443,-5.49779,-17.2721,6.36862,1.49203,0.00745476,-0.00290475,-0.0091041,2.12261,-2.12373,0.152185,-0.0253605,-0.0326374,-0.0421164,11.7571,5.76488,0.205717,-11.0348,-22.5261,-0.00492604,0.0191697,-6.35387,0.21127,0.0340275,0.248237,-5.92888,-1.99188,-0.00987843,0,2624,1.38778e-17,1.38778e-17,6.07153e-18,-4.33681e-18,-3.1225e-17,-1.38778e-17,-2.42861e-17,1.94289e-16,1.83881e-16,1.96756e-16,0,-0.526884,-0.442965,0.520291,-0.00876157,3.14159,2.21346,0.117468,3.26064,0.0133722,-0.392699,4.15864,0.0988336,3.11133,-0.00793427,0.523599,0,0,0,0.166485,-0.0311795,-0.526884,0.520314,3.13828,2.21346,3.26065,-0.404552,4.15864,3.11144,0.493336,0.029133,-2.59183,0.955543,0.000125224,-0.0737625,-0.00136561,0.318391,-0.318559,0.0335565,0.0548367,0.0142945,1.00054,1.42596,0.0226824,-0.284863,0.374343,241.413,121.034,-1.60543,-218.264,-436.17,-0.011085,-0.340213,-128.087,-0.531327,25.3745,-0.0121006,25.3762,-10.1034,-67.5612,-65.5143,-19.6654,-31.772,-195.032,-31.8225,-194.977,-57.1824,-1.47705,86.9188,-34.2557,110.145,63.4263,12.8309,-1.74284,25.5925,-1.86657,-46.2389,11.3118,-23.1384,3.50169,-13.5786,33.9818,-0.0360663,33.7771
5.24,-5.92811,-2.00169,0.193669,0.577167,-0.00195769,1.3091,-0.497337,-0.0565109,0.528616,0.246922,3.16856,-3.01003,2.24196,-3.70159,3.29437,-1.11962,-0.374734,-4.31619,4.18777,-3.13973,3.14486,-0.777876,0.523967,-4.87793,-2.01924,-7.23697,-0.412495,-7.20747,-3.66018,-4.32812,-2.00482,-6.7254,-0.614487,-6.73083,-3.38576,0.445136,-0.03249,-0.518841,0.167064,-0.00982686,0.509534,-0.0311138,-0.972682,-0.526493,-3.90437,0.520705,-0.0564505,3.13868,0.195669,2.21281,0.7753,3.26,0.0923965,-0.405202,0.49402,4.15861,0.65894,3.11142,-0.0529112,0.493313,-0.0579085,1.02843,0.768549,-1.31103,1.77379,-77.9265,21.2608,-58.257,40.9723,56.2945,-16.5132,45.6507,-40.9741,6.25067,-1.72383,-0.00219411,0.00616235,-0.451298,11.1653,-21.1957,21.2005,0,2.58565,-2.08041,5.25877,-7.82633,0.901196,0.971686,-1.73218,1.36798,-0.250965,20.0368,-36.4377,21.8964,34.4744,-4.52,10.2436,-5.48716,-17.2677,6.36298,1.49142,0.00742143,-0.00288614,-0.00906294,2.12073,-2.12184,0.152159,-0.0233526,-0.0322908,-0.0418292,11.6782,6.08439,0.207915,-10.3108,-22.5687,-0.00373868,0.0210798,-6.36239,0.210992,0.0347451,0.248016,-5.92846,-1.99187,-0.00982686,0,2626,2.77556e-17,2.77556e-17,1.10155e-16,-1.32706e-16,-2.08167e-17,-4.16334e-17,-2.77556e-17,6.245e-17,5.89806e-17,6.22332e-17,0,-0.526493,-0.441314,0.520681,-0.00876453,3.14159,2.21281,0.116301,3.25999,0.0138595,-0.392699,4.15861,0.0988814,3.11131,-0.00793667,0.523599,0,0,0,0.165447,-0.0311138,-0.526493,0.520705,3.13868,2.21281,3.26,-0.405202,4.15861,3.11142,0.493313,0.0291561,-2.59113,0.954687,0.000120174,-0.0715411,-0.00135944,0.318109,-0.318276,0.0335449,0.0548427,0.0142965,1.00054,1.40169,0.00445898,-0.345197,0.307165,240.046,127.636,-0.985755,-205.175,-438.206,-0.033637,-0.409843,-128.341,-0.542296,26.7621,-0.0156066,26.7638,-10.202,-67.7765,-65.7614,-19.6658,-31.6805,-192.406,-31.7324,-192.35,-59.9171,-1.57249,87.6157,-34.5937,109.83,63.2453,13.5309,-2.00683,25.4476,-2.12982,-46.4547,11.3386,-21.7509,3.50347,-13.6056,33.5131,-0.0434479,33.3109
5.28,-5.92767,-2.00163,0.192806,0.575894,-0.00186726,1.30741,-0.496925,-0.0597293,0.529095,0.259363,3.16891,-3.00099,2.24128,-3.67107,3.29361,-1.12295,-0.375368,-4.3163,4.18778,-3.13968,3.14486,-0.778239,0.523968,-4.87748,-2.01926,-7.23651,-0.412155,-7.20691,-3.66019,-4.32767,-2.00462,-6.72508,-0.614498,-6.73026,-3.38577,0.442048,-0.00209442,-0.518788,0.166079,-0.00977877,0.508587,-0.0310464,-0.973488,-0.526104,-3.89077,0.521094,-0.0564701,3.13906,0.209623,2.2121,0.767671,3.2593,0.0959602,-0.405911,0.494983,4.1586,0.658973,3.1114,-0.0529264,0.49329,-0.057879,1.0281,0.76659,-1.31049,1.77088,-77.3436,21.1506,-57.8808,40.6591,55.7756,-16.4057,45.2957,-40.6611,6.24376,-1.72611,-0.00219952,0.00617016,-0.453486,11.1951,-21.2201,21.143,0,2.59951,-2.10448,5.2644,-7.78606,0.91929,0.982998,-1.74385,1.36825,-0.256157,20.0653,-36.4279,21.8561,34.4602,-4.53797,10.2421,-5.47671,-17.2603,6.35736,1.49018,0.00739072,-0.00286891,-0.00902389,2.11885,-2.11996,0.152134,-0.0215832,-0.0318355,-0.0420318,11.5978,6.39515,0.226088,-9.56495,-22.6083,-0.00274016,0.0224337,-6.37155,0.210756,0.0354458,0.247794,-5.92804,-1.99186,-0.00977877,0,2628,0,-1.38778e-17,-1.73472e-17,1.82146e-17,-2.77556e-17,-1.38778e-17,-2.42861e-17,2.08167e-16,1.9082e-16,1.64202e-16,0,-0.526104,-0.439785,0.521068,-0.00876748,3.14159,2.2121,0.115157,3.25928,0.014394,-0.392699,4.1586,0.0988892,3.11128,-0.00793896,0.523599,0,0,0,0.16449,-0.0310464,-0.526104,0.521094,3.13906,2.2121,3.2593,-0.405911,4.1586,3.1114,0.49329,0.0291792,-2.5901,0.953861,0.000128783,-0.0696423,-0.00135358,0.317827,-0.317993,0.0335189,0.0548487,0.0142986,1.00054,1.41368,-0.0766171,-0.517548,0.238432,239.811,135.127,-0.272282,-191.564,-437.013,-0.0510737,-0.55859,-128.718,-0.578284,36.2315,-0.00851465,36.2334,-11.5876,-74.0354,-71.7959,-21.8159,-34.2521,-197.957,-34.3002,-197.902,-78.8361,-2.10135,98.8159,-39.0944,118.75,68.3816,14.3249,-3.50498,25.4227,-3.62773,-46.3282,12.345,-20.308,3.85773,-13.6456,34.4231,-0.0592168,34.2192
5.32,-5.92725,-2.00156,0.191949,0.574628,-0.00178291,1.30572,-0.496502,-0.0630824,0.529579,0.272029,3.16927,-2.98947,2.24026,-3.63117,3.29252,-1.13496,-0.376311,-4.31641,4.18778,-3.13963,3.14487,-0.778567,0.523971,-4.87705,-2.01929,-7.236,-0.411636,-7.20637,-3.66019,-4.32725,-2.00442,-6.72478,-0.614499,-6.72972,-3.38578,0.438819,0.037655,-0.51873,0.165167,-0.00972504,0.507574,-0.0309852,-0.973266,-0.525704,-3.87799,0.521493,-0.0564901,3.13946,0.223602,2.21106,0.75957,3.25826,0.100538,-0.40695,0.49509,4.15858,0.658967,3.11138,-0.0529455,0.493269,-0.0578523,1.0278,0.764578,-1.30998,1.76801,-76.7158,21.0415,-57.5085,40.3519,55.2074,-16.299,44.9439,-40.354,6.23796,-1.72888,-0.00220524,0.0061788,-0.455722,11.2259,-21.2479,21.0859,0,2.61389,-2.1274,5.26618,-7.74019,0.938088,0.999071,-1.76617,1.37634,-0.261889,20.0627,-36.4175,21.8167,34.4426,-4.54095,10.2401,-5.46649,-17.2513,6.35211,1.48898,0.00734459,-0.00284598,-0.00896542,2.11709,-2.11819,0.152111,-0.0214376,-0.0316322,-0.0424567,11.5141,6.71153,0.287938,-8.59279,-22.7894,-0.00260339,0.0239507,-6.37984,0.210557,0.0361755,0.247586,-5.92762,-1.99185,-0.00972504,0,2630,1.38778e-17,0,4.25007e-17,-6.67869e-17,1.38778e-17,1.38778e-17,2.08167e-17,1.04083e-16,1.07553e-16,1.20889e-16,0,-0.525704,-0.438345,0.521468,-0.00877058,3.14159,2.21106,0.113941,3.25824,0.0150808,-0.392699,4.15858,0.0988896,3.11126,-0.00794182,0.523599,0,0,0,0.163604,-0.0309852,-0.525704,0.521493,3.13946,2.21106,3.25826,-0.40695,4.15858,3.11138,0.493269,0.0292022,-2.58878,0.953081,0.000132425,-0.0696943,-0.00134481,0.317564,-0.317729,0.033492,0.0548547,0.0143006,1.00053,1.42205,-0.061181,-0.434779,0.264306,237.329,140.736,-0.930271,-171.693,-436.269,-0.0444497,-0.410665,-128.746,-0.571597,34.9263,-0.00942682,34.9281,-11.6933,-73.721,-71.5914,-21.4994,-34.0762,-198.386,-34.1208,-198.333,-76.193,-2.06318,97.6275,-38.739,118.139,68.0303,14.9196,-3.28513,25.1595,-3.40726,-46.2494,12.2981,-18.2014,3.81715,-13.6485,34.5064,-0.0435351,34.3015
5.36,-5.92684,-2.0015,0.19109,0.573384,-0.00170345,1.30405,-0.49609,-0.0662342,0.53006,0.284367,3.16962,-2.98022,2.23959,-3.60063,3.29174,-1.12918,-0.376919,-4.31651,4.18778,-3.13955,3.14487,-0.778877,0.523974,-4.87663,-2.01933,-7.23556,-0.41129,-7.20585,-3.66019,-4.32684,-2.00422,-6.72448,-0.614496,-6.7292,-3.38577,0.435796,0.0680325,-0.518652,0.164262,-0.00967056,0.506563,-0.0309288,-0.974171,-0.525315,-3.86418,0.521882,-0.0565106,3.13985,0.245149,2.21037,0.746682,3.25756,0.107109,-0.407646,0.49516,4.15856,0.658978,3.11136,-0.0529637,0.493248,-0.0578261,1.0275,0.76258,-1.30948,1.76518,-76.1415,20.9332,-57.1392,40.0423,54.6981,-16.193,44.595,-40.0446,6.23087,-1.73104,-0.00221157,0.00618921,-0.457935,11.2832,-21.2868,21.0193,0,2.63068,-2.17451,5.28083,-7.69451,0.963266,1.02374,-1.79958,1.39021,-0.269907,20.0587,-36.407,21.7775,34.4246,-4.54321,10.2381,-5.4564,-17.2423,6.3469,1.48782,0.00730148,-0.00282432,-0.00891065,2.11535,-2.11645,0.152089,-0.0214748,-0.0311203,-0.0416207,11.4353,7.0197,0.231309,-7.84604,-22.4377,-0.00270516,0.0259697,-6.38769,0.210317,0.0371501,0.247383,-5.9272,-1.99183,-0.00967056,0,2632,-1.38778e-17,-1.38778e-17,-1.04083e-17,5.63785e-17,-2.42861e-17,-2.42861e-17,-2.08167e-17,1.31839e-16,1.21431e-16,1.24521e-16,0,-0.525315,-0.436789,0.521859,-0.00877374,3.14159,2.21037,0.112008,3.25755,0.0160663,-0.392699,4.15856,0.0988902,3.11124,-0.00794456,0.523599,0,0,0,0.162723,-0.0309288,-0.525315,0.521882,3.13985,2.21037,3.25756,-0.407646,4.15856,3.11136,0.493248,0.0292253,-2.5874,0.952295,0.00012955,-0.0702588,-0.0013366,0.317303,-0.317467,0.0334656,0.0548608,0.0143026,1.00053,1.41897,-0.0392331,-0.375562,0.296975,235.24,146.449,-2.49568,-155.513,-422.009,-0.0422675,-0.300651,-128.828,-0.563081,32.3559,-0.011499,32.3577,-11.727,-72.2733,-70.332,-20.7558,-33.371,-196.773,-33.414,-196.721,-71.0238,-1.95259,94.6243,-37.6209,115.694,66.6226,15.5253,-2.88144,24.9381,-3.003,-44.7377,12.0651,-16.4861,3.70722,-13.6572,34.2408,-0.0318723,34.0363
5.4,-5.92638,-2.00144,0.19031,0.572155,-0.00159979,1.30241,-0.495672,-0.0692625,0.530549,0.296354,3.16998,-2.97091,2.23892,-3.57214,3.29099,-1.12642,-0.377526,-4.31649,4.18774,-3.13914,3.14483,-0.779196,0.523943,-4.87617,-2.01933,-7.23511,-0.410974,-7.20526,-3.6602,-4.32639,-2.004,-6.72417,-0.614522,-6.7286,-3.3858,0.4329,0.0963797,-0.518251,0.163343,-0.00962774,0.505624,-0.0308598,-0.976211,-0.524932,-3.84974,0.522265,-0.0565337,3.14023,0.261924,2.20966,0.737112,3.25686,0.113777,-0.408351,0.49435,4.15848,0.659571,3.11129,-0.0529115,0.49318,-0.0578027,1.0272,0.760685,-1.30897,1.76241,-75.6402,20.8283,-56.7826,39.7396,54.2655,-16.0906,44.2583,-39.742,6.22271,-1.73249,-0.00221788,0.00619967,-0.460053,11.3246,-21.3167,20.9614,0,2.64633,-2.20925,5.28975,-7.65389,0.983811,1.04938,-1.84024,1.41156,-0.277091,20.022,-36.3939,21.7361,34.4113,-4.52619,10.2362,-5.44586,-17.2368,6.34293,1.48789,0.0075393,-0.00291067,-0.00920089,2.11403,-2.11515,0.152066,-0.019492,-0.0307149,-0.0411558,11.3597,7.3191,0.232636,-7.15061,-22.0931,0.000676284,0.0351336,-6.39575,0.210041,0.0379461,0.247228,-5.92657,-1.99181,-0.00962774,0,2635,0,1.38778e-17,5.20417e-18,-2.86229e-17,-3.46945e-18,-3.46945e-18,-1.38778e-17,9.02056e-17,8.32667e-17,8.02852e-17,0,-0.524932,-0.435165,0.522241,-0.00877725,3.14159,2.20966,0.110572,3.25684,0.0170666,-0.392699,4.15848,0.0989777,3.11117,-0.00793672,0.523599,0,0,0,0.16183,-0.0308598,-0.524932,0.522265,3.14023,2.20966,3.25686,-0.408351,4.15848,3.11129,0.49318,0.02926,-2.58654,0.951689,0.000124873,-0.0671435,-0.00138013,0.317104,-0.317273,0.0334689,0.0548698,0.0143056,1.00053,1.38388,-0.0448438,-0.40011,0.282573,233.862,152.58,-1.34301,-143.085,-414.283,-0.0469688,-0.146503,-129.025,-0.571755,32.3047,-0.018233,32.3065,-12.0742,-71.0922,-69.2973,-20.3141,-32.7474,-192.169,-32.7947,-192.114,-70.8762,-1.9781,93.2193,-37.1348,113.531,65.3717,16.1752,-2.93257,24.792,-3.05329,-43.9186,11.8635,-15.1686,3.63572,-13.6781,33.4344,-0.015531,33.2341
5.44,-5.92575,-2.00138,0.189594,0.570775,-0.00145403,1.30048,-0.495166,-0.0733245,0.53111,0.310141,3.17041,-2.95924,2.23809,-3.53976,3.29009,-1.12842,-0.378289,-4.3164,4.18777,-3.13891,3.14484,-0.779583,0.523942,-4.87553,-2.01931,-7.23451,-0.410604,-7.20443,-3.66025,-4.32575,-2.00371,-6.72373,-0.61458,-6.72776,-3.38586,0.428973,0.128623,-0.518012,0.162507,-0.0095874,0.504671,-0.0307487,-0.975616,-0.524461,-3.83787,0.522737,-0.0565579,3.1407,0.278114,2.2088,0.727717,3.25599,0.11961,-0.409218,0.497846,4.15847,0.657555,3.11127,-0.052919,0.493142,-0.0577824,1.02692,0.758795,-1.30846,1.7597,-75.0366,20.7251,-56.4319,39.4535,53.717,-15.99,43.9277,-39.4564,6.21782,-1.73523,-0.00222472,0.00621147,-0.462224,11.3649,-21.3476,20.9056,0,2.66233,-2.2423,5.29605,-7.61137,1.00413,1.0705,-1.8714,1.42543,-0.28383,20.1368,-36.3762,21.6962,34.3763,-4.59931,10.2303,-5.43522,-17.2186,6.33515,1.48176,0.00755012,-0.00291,-0.00920965,2.11143,-2.11256,0.152046,-0.0179001,-0.0345111,-0.0480714,11.2585,7.66347,0.291742,-6.36171,-21.9542,0.00213947,0.0413778,-6.40545,0.209872,0.038734,0.246921,-5.92593,-1.9918,-0.0095874,0,2638,1.38778e-17,0,1.21431e-17,-5.81132e-17,-4.85723e-17,-5.20417e-17,-6.59195e-17,1.8735e-16,1.70003e-16,1.74855e-16,0,-0.524461,-0.433837,0.522703,-0.00878124,3.14159,2.2088,0.109164,3.25597,0.0179415,-0.392699,4.15847,0.0986843,3.11114,-0.00793785,0.523599,0,0,0,0.161015,-0.0307487,-0.524461,0.522737,3.1407,2.2088,3.25599,-0.409218,4.15847,3.11127,0.493142,0.0292946,-2.58403,0.950577,0.000151793,-0.0635105,-0.00138145,0.316715,-0.316884,0.0333344,0.0548788,0.0143087,1.00053,1.36463,-0.152159,-0.648753,0.186009,233.83,161.329,-0.383829,-128.889,-413.48,-0.129306,-0.327033,-129.585,-0.630726,44.7656,-0.014648,44.7675,-14.2309,-77.8247,-75.8763,-22.7516,-35.5708,-195.05,-35.6022,-194.999,-95.7262,-2.71925,106.419,-42.4958,123.311,71.0028,17.1027,-4.96003,24.7886,-5.0796,-43.8335,12.934,-13.6637,4.02905,-13.7375,33.8561,-0.0346692,33.6581
5.48,-5.92518,-2.0013,0.188753,0.569248,-0.00133527,1.29832,-0.494621,-0.0779079,0.531711,0.325476,3.17087,-2.94692,2.23719,-3.5068,3.2891,-1.13157,-0.379122,-4.31636,4.18779,-3.1388,3.14485,-0.779968,0.523938,-4.87495,-2.01934,-7.23392,-0.410157,-7.2037,-3.66025,-4.32518,-2.00344,-6.72333,-0.614593,-6.72703,-3.38587,0.424525,0.161428,-0.517884,0.161747,-0.00952263,0.503337,-0.030653,-0.972644,-0.523939,-3.8257,0.523259,-0.0565808,3.14122,0.29566,2.20788,0.715985,3.25507,0.124073,-0.41014,0.49772,4.15847,0.655999,3.11127,-0.0529159,0.493114,-0.0577618,1.02667,0.756384,-1.30799,1.75665,-74.2274,20.6075,-56.0306,39.1294,52.9637,-15.875,43.5486,-39.1326,6.2143,-1.73949,-0.00223161,0.00622218,-0.464844,11.4077,-21.3893,20.8389,0,2.68128,-2.28189,5.30778,-7.56213,1.02794,1.08264,-1.88249,1.42126,-0.290538,20.1213,-36.3578,21.6535,34.3334,-4.60613,10.2237,-5.42397,-17.1965,6.32842,1.47685,0.00758901,-0.00292002,-0.00925076,2.10919,-2.11032,0.152027,-0.0210264,-0.0381569,-0.0540719,11.144,8.04654,0.30809,-5.56017,-22.0254,0.0010556,0.0447021,-6.41509,0.20975,0.0396571,0.246656,-5.92551,-1.99178,-0.00952263,0,2640,1.38778e-17,0,8.67362e-19,0,-4.85723e-17,-5.55112e-17,-4.85723e-17,1.11022e-16,1.04083e-16,9.98279e-17,0,-0.523939,-0.432468,0.523223,-0.00878501,3.14159,2.20788,0.107405,3.25505,0.0186109,-0.392699,4.15847,0.0984604,3.11111,-0.00793739,0.523599,0,0,0,0.160276,-0.030653,-0.523939,0.523259,3.14122,2.20788,3.25507,-0.41014,4.15847,3.11127,0.493114,0.0293177,-2.58095,0.949623,0.000180244,-0.0657131,-0.00138761,0.316378,-0.316548,0.0332219,0.0548848,0.0143107,1.00052,1.39922,-0.214939,-0.742875,0.210917,232.632,170.04,-0.759465,-112.984,-421.015,-0.117632,-0.413311,-129.872,-0.656009,53.4508,-0.00323449,53.4528,-15.7526,-84.3507,-82.2502,-24.8474,-38.3786,-203.189,-38.3881,-203.143,-113.014,-3.27179,117.379,-46.9947,133.054,76.612,18.0262,-6.29678,24.6616,-6.41494,-44.6323,13.9909,-11.9776,4.3831,-13.7679,35.2231,-0.0438156,35.0215
5.52,-5.92471,-2.00122,0.187811,0.567758,-0.00124036,1.29624,-0.494103,-0.0817566,0.532312,0.340178,3.17132,-2.93623,2.2364,-3.4782,3.28822,-1.13161,-0.379849,-4.31638,4.18777,-3.13854,3.14484,-0.780308,0.523934,-4.87447,-2.01939,-7.23342,-0.409747,-7.2031,-3.66024,-4.32471,-2.0032,-6.72299,-0.614585,-6.72643,-3.38586,0.420829,0.189864,-0.517635,0.160848,-0.00945321,0.501877,-0.0305927,-0.973061,-0.523455,-3.80879,0.523742,-0.0566082,3.1417,0.314789,2.20705,0.703314,3.25425,0.128762,-0.410965,0.496292,4.15842,0.655262,3.11122,-0.0529156,0.493073,-0.0577396,1.02638,0.753739,-1.30748,1.75327,-73.4949,20.4786,-55.5908,38.7584,52.3117,-15.7484,43.1329,-38.7615,6.20599,-1.74219,-0.00223949,0.00623492,-0.46765,11.4539,-21.4335,20.7657,0,2.70265,-2.32766,5.32335,-7.5121,1.05367,1.09469,-1.8927,1.41542,-0.297751,20.0593,-36.3396,21.6063,34.2938,-4.58587,10.2183,-5.41189,-17.1771,6.32215,1.4738,0.00762822,-0.00292942,-0.00929306,2.1071,-2.10824,0.152005,-0.0235445,-0.0372636,-0.0518925,11.0478,8.41378,0.267122,-4.86514,-22.0265,-0.000464082,0.0509526,-6.42359,0.209474,0.0406554,0.246417,-5.92488,-1.99177,-0.00945321,0,2643,1.38778e-17,2.77556e-17,-2.60209e-18,4.77049e-17,-1.04083e-17,-3.1225e-17,-1.73472e-17,1.31839e-16,1.31839e-16,1.43196e-16,0,-0.523455,-0.430559,0.523711,-0.00878919,3.14159,2.20705,0.105503,3.25423,0.0193143,-0.392699,4.15842,0.0983467,3.11107,-0.00793735,0.523599,0,0,0,0.1594,-0.0305927,-0.523455,0.523742,3.1417,2.20705,3.25425,-0.410965,4.15842,3.11122,0.493073,0.0293524,-2.57795,0.948664,0.00017089,-0.0699758,-0.00139396,0.316065,-0.316236,0.03315,0.0548939,0.0143137,1.00052,1.40187,-0.0940601,-0.460512,0.377843,228.717,175.586,-2.03479,-98.0017,-423.657,-0.0827935,-0.006129,-129.736,-0.600543,39.3413,-0.0101725,39.3432,-13.6605,-76.4648,-74.7663,-21.5873,-34.8497,-197.212,-34.8468,-197.166,-84.7661,-2.49831,101.649,-40.7903,120.819,69.566,18.6141,-4.03827,24.2466,-4.15566,-44.9124,12.7306,-10.3893,3.87229,-13.7535,34.2694,-0.000649743,34.0678
5.56,-5.92419,-2.00114,0.186828,0.566211,-0.00113441,1.29414,-0.493591,-0.0856176,0.53291,0.35468,3.17176,-2.92592,2.23563,-3.45207,3.28737,-1.13221,-0.380562,-4.31642,4.18776,-3.13832,3.14482,-0.780611,0.523933,-4.87395,-2.01942,-7.23289,-0.409356,-7.20243,-3.66025,-4.32419,-2.00295,-6.72262,-0.614589,-6.72576,-3.38587,0.417127,0.215857,-0.517429,0.159857,-0.00938753,0.500635,-0.0305099,-0.974987,-0.522966,-3.7915,0.524231,-0.0566324,3.14219,0.333029,2.20625,0.692324,3.25345,0.133094,-0.411762,0.497416,4.15839,0.654281,3.11119,-0.0529206,0.493048,-0.0577111,1.02606,0.751366,-1.30693,1.75001,-72.8793,20.3557,-55.174,38.4046,51.7784,-15.6283,42.7397,-38.408,6.19658,-1.74395,-0.00224773,0.00624902,-0.470278,11.4982,-21.4708,20.6995,0,2.72349,-2.37025,5.33507,-7.46634,1.07732,1.10582,-1.90184,1.41048,-0.30437,20.0891,-36.3226,21.5601,34.2598,-4.61189,10.2138,-5.4,-17.1604,6.31486,1.47,0.00763744,-0.00292716,-0.00929975,2.10467,-2.10581,0.151981,-0.024571,-0.038669,-0.0525349,10.9514,8.77601,0.257955,-4.2312,-22.0417,-0.0010437,0.0562285,-6.43118,0.209158,0.0415728,0.246136,-5.92446,-1.99175,-0.00938753,0,2645,0,-1.38778e-17,-1.12757e-17,-1.12757e-17,1.73472e-17,-2.42861e-17,1.38778e-17,1.249e-16,1.249e-16,1.29156e-16,0,-0.522966,-0.428612,0.5242,-0.00879293,3.14159,2.20625,0.103855,3.25343,0.0199641,-0.392699,4.15839,0.0981965,3.11104,-0.00793809,0.523599,0,0,0,0.158436,-0.0305099,-0.522966,0.524231,3.14219,2.20625,3.25345,-0.411762,4.15839,3.11119,0.493048,0.0293755,-2.57537,0.947552,0.000161758,-0.071152,-0.00139496,0.3157,-0.315871,0.0330639,0.0548999,0.0143157,1.00052,1.38384,-0.0597892,-0.448108,0.372842,226.603,182.689,-1.61,-86.0044,-425.631,-0.0929192,0.0930761,-129.929,-0.589986,34.9119,-0.0147465,34.9138,-12.9139,-73.4879,-71.9711,-20.3103,-33.4111,-192.831,-33.3983,-192.786,-75.8793,-2.27527,96.0059,-38.6119,115.83,66.6929,19.367,-3.36172,24.0225,-3.47853,-45.1216,12.2486,-9.11743,3.67224,-13.7739,33.5314,0.00986711,33.3319
5.6,-5.92364,-2.00105,0.185812,0.564632,-0.00101968,1.292,-0.49306,-0.0896171,0.53352,0.369002,3.17221,-2.91292,2.23445,-3.41649,3.28611,-1.14499,-0.381661,-4.3165,4.18777,-3.13817,3.14482,-0.781047,0.523936,-4.87338,-2.01944,-7.23225,-0.408762,-7.20172,-3.66026,-4.32364,-2.00268,-6.72222,-0.614597,-6.72505,-3.38588,0.413281,0.251286,-0.517284,0.158813,-0.00931982,0.499361,-0.0304298,-0.975345,-0.52247,-3.77531,0.524727,-0.0566592,3.14269,0.349421,2.20504,0.682693,3.25223,0.137348,-0.412977,0.498624,4.15836,0.653309,3.11116,-0.0529368,0.493016,-0.0576842,1.02572,0.74893,-1.30635,1.74665,-72.1966,20.2329,-54.7556,38.0565,51.1722,-15.5083,42.3458,-38.0601,6.18873,-1.7464,-0.00225479,0.00625955,-0.472976,11.5366,-21.507,20.6367,0,2.74496,-2.40462,5.3388,-7.41598,1.0998,1.1166,-1.9123,1.40717,-0.310626,20.1222,-36.3065,21.513,34.2268,-4.63939,10.2095,-5.38776,-17.1437,6.30733,1.46621,0.00761531,-0.00291271,-0.00926823,2.10216,-2.10329,0.151956,-0.0254042,-0.0394824,-0.0534963,10.8516,9.13373,0.324937,-3.37113,-22.3614,-0.0019819,0.0600864,-6.44208,0.208894,0.0424479,0.245844,-5.92383,-1.99173,-0.00931982,0,2648,0,-1.38778e-17,-5.11743e-17,5.0307e-17,3.46945e-17,2.08167e-17,3.46945e-17,1.52656e-16,1.52656e-16,1.6179e-16,0,-0.52247,-0.426791,0.524693,-0.008797,3.14159,2.20504,0.10241,3.25221,0.0206022,-0.392699,4.15836,0.0980517,3.11101,-0.00794052,0.523599,0,0,0,0.157418,-0.0304298,-0.52247,0.524727,3.14269,2.20504,3.25223,-0.412977,4.15836,3.11116,0.493016,0.0294101,-2.5729,0.946429,0.000164743,-0.0725512,-0.00139023,0.315324,-0.315494,0.032978,0.0549089,0.0143188,1.00051,1.38805,-0.0919124,-0.556716,0.325871,225.528,190.728,-1.0417,-69.862,-431.8,-0.0947202,0.0536057,-130.314,-0.60935,39.2958,-0.0101959,39.2978,-13.5998,-76.4401,-74.8893,-21.1712,-34.6111,-195.205,-34.5832,-195.163,-84.6022,-2.58153,101.003,-40.76,119.996,69.0919,20.2193,-4.05948,23.9084,-4.17553,-45.7756,12.7231,-7.40616,3.82076,-13.8148,33.9172,0.00568281,33.7173
5.64,-5.92312,-2.00097,0.184764,0.563023,-0.000915755,1.28983,-0.492536,-0.0936512,0.534124,0.383436,3.17267,-2.90206,2.23361,-3.39052,3.28518,-1.14242,-0.382425,-4.3166,4.18777,-3.13809,3.14482,-0.781448,0.523938,-4.87286,-2.01948,-7.23171,-0.408336,-7.20106,-3.66026,-4.32312,-2.00243,-6.72185,-0.614596,-6.72439,-3.38588,0.409399,0.277087,-0.517201,0.157746,-0.00925106,0.498067,-0.030349,-0.975585,-0.521969,-3.75892,0.525229,-0.056683,3.14319,0.374353,2.20418,0.667739,3.25138,0.142805,-0.413833,0.499125,4.15834,0.652788,3.11114,-0.0529491,0.492993,-0.0576536,1.02538,0.746456,-1.30577,1.74323,-71.5071,20.1097,-54.3361,37.7079,50.56,-15.3879,41.9508,-37.7116,6.18083,-1.74888,-0.00226159,0.00626912,-0.475728,11.6049,-21.5551,20.5625,0,2.77085,-2.4692,5.35624,-7.36498,1.12965,1.13109,-1.92339,1.40127,-0.318985,20.131,-36.2923,21.4658,34.198,-4.65218,10.206,-5.37554,-17.1291,6.30029,1.46348,0.00759633,-0.00289937,-0.00924099,2.09981,-2.10094,0.15193,-0.026194,-0.0402207,-0.0544216,10.7508,9.49428,0.271534,-2.74268,-22.2971,-0.00256003,0.0622632,-6.45215,0.208628,0.0436051,0.245571,-5.92341,-1.99172,-0.00925106,0,2650,-1.38778e-17,-2.77556e-17,-3.03577e-17,-1.56125e-17,-2.08167e-17,-3.1225e-17,-1.04083e-17,-4.85723e-17,-4.51028e-17,-5.58906e-17,0,-0.521969,-0.424944,0.525196,-0.00880054,3.14159,2.20418,0.100167,3.25136,0.0214208,-0.392699,4.15834,0.0979753,3.11099,-0.00794237,0.523599,0,0,0,0.156379,-0.030349,-0.521969,0.525229,3.14319,2.20418,3.25138,-0.413833,4.15834,3.11114,0.492993,0.0294332,-2.57075,0.945384,0.000170191,-0.07357,-0.00138615,0.314971,-0.315141,0.032916,0.054915,0.0143208,1.00051,1.39717,-0.0703247,-0.515613,0.347033,223.193,197.677,-2.6261,-56.9053,-427.809,-0.0746905,0.172477,-130.465,-0.599217,36.9836,-0.00961413,36.9855,-13.2934,-75.7396,-74.3237,-20.5496,-34.1751,-195.221,-34.145,-195.181,-79.9412,-2.4814,98.777,-39.9576,118.482,68.2206,20.9559,-3.67803,23.661,-3.79336,-45.3525,12.6146,-6.0326,3.73538,-13.8307,33.9354,0.0182845,33.7343
5.68,-5.92262,-2.00088,0.183697,0.561408,-0.000815054,1.28766,-0.492022,-0.0975271,0.534723,0.397426,3.17311,-2.89199,2.23282,-3.36723,3.2843,-1.14254,-0.383161,-4.3167,4.18777,-3.13794,3.14482,-0.781778,0.523939,-4.87235,-2.01952,-7.23119,-0.407926,-7.20042,-3.66026,-4.32262,-2.00219,-6.72149,-0.614593,-6.72375,-3.38587,0.405677,0.300232,-0.517066,0.156648,-0.0091822,0.496763,-0.0302714,-0.976416,-0.521478,-3.74177,0.525719,-0.0567071,3.14368,0.393917,2.20336,0.656228,3.25056,0.147434,-0.414655,0.499028,4.15831,0.652664,3.11111,-0.0529615,0.49297,-0.0576221,1.02503,0.74396,-1.30518,1.73976,-70.8418,19.9866,-53.9167,37.357,49.976,-15.2676,41.5563,-37.3608,6.1721,-1.75094,-0.0022686,0.00627909,-0.47849,11.6539,-21.5945,20.4946,0,2.79519,-2.51881,5.36885,-7.31874,1.15476,1.14228,-1.93302,1.3963,-0.326006,20.1188,-36.2786,21.4176,34.1722,-4.65233,10.2032,-5.36315,-17.1164,6.29372,1.46171,0.00757692,-0.00288566,-0.00921392,2.09762,-2.09875,0.151904,-0.0266897,-0.0403738,-0.0542375,10.654,9.84371,0.251681,-2.18054,-22.3002,-0.00253503,0.0656845,-6.46044,0.208334,0.0445796,0.245316,-5.92299,-1.99171,-0.0091822,0,2652,-1.38778e-17,0,4.33681e-18,-4.33681e-18,-3.46945e-18,-2.77556e-17,-1.04083e-17,1.38778e-17,1.38778e-17,2.13588e-17,0,-0.521478,-0.423013,0.525688,-0.00880408,3.14159,2.20336,0.0984395,3.25054,0.0221152,-0.392699,4.15831,0.0979547,3.11096,-0.00794422,0.523599,0,0,0,0.155308,-0.0302714,-0.521478,0.525719,3.14368,2.20336,3.25056,-0.414655,4.15831,3.11111,0.49297,0.0294563,-2.56879,0.944386,0.00016389,-0.0742834,-0.00138209,0.314643,-0.314812,0.0328756,0.054921,0.0143228,1.0005,1.39379,-0.0372085,-0.441176,0.379739,220.661,204.14,-1.82204,-45.9067,-430.452,-0.0601041,0.327453,-130.544,-0.58468,32.8523,-0.0121937,32.8543,-12.6745,-73.4996,-72.2523,-19.4698,-33.0515,-192.829,-33.0233,-192.788,-71.6438,-2.26077,94.0716,-38.1417,114.585,65.9766,21.6411,-3.02569,23.3925,-3.1403,-45.6328,12.2557,-4.86663,3.57147,-13.8391,33.5439,0.0347137,33.3432
5.72,-5.9221,-2.0008,0.182637,0.559821,-0.000707761,1.28553,-0.491507,-0.101268,0.535322,0.410897,3.17356,-2.88239,2.23204,-3.34534,3.28346,-1.14367,-0.38388,-4.31682,4.18777,-3.13779,3.14481,-0.782213,0.523941,-4.87182,-2.01955,-7.23066,-0.407532,-7.19975,-3.66026,-4.3221,-2.00194,-6.72112,-0.614597,-6.72308,-3.38588,0.402089,0.321991,-0.516918,0.155518,-0.00911573,0.495484,-0.0301988,-0.977336,-0.520998,-3.72466,0.526199,-0.0567341,3.14416,0.412131,2.20254,0.645757,3.24974,0.151822,-0.415469,0.499741,4.15827,0.652278,3.11108,-0.0529773,0.492935,-0.057593,1.02467,0.741499,-1.30458,1.7363,-70.1942,19.8656,-53.5046,37.0127,49.4098,-15.1495,41.1692,-37.0166,6.16331,-1.75283,-0.00227531,0.00628826,-0.481222,11.6986,-21.6308,20.4295,0,2.81938,-2.56517,5.37987,-7.27461,1.17849,1.15251,-1.94215,1.39171,-0.332635,20.1352,-36.2645,21.3695,34.1454,-4.66813,10.2002,-5.35071,-17.103,6.2866,1.45925,0.00755619,-0.00287148,-0.00918511,2.09524,-2.09637,0.151877,-0.0264867,-0.039674,-0.0531426,10.5606,10.1802,0.239897,-1.65277,-22.3286,-0.00282893,0.0694791,-6.47136,0.208037,0.0455007,0.245039,-5.92236,-1.99169,-0.00911573,0,2655,2.77556e-17,0,1.47451e-17,-5.9848e-17,-3.46945e-18,-1.04083e-17,-6.93889e-18,1.66533e-16,1.70003e-16,1.78893e-16,0,-0.520998,-0.421087,0.526167,-0.00880801,3.14159,2.20254,0.0968686,3.24972,0.0227733,-0.392699,4.15827,0.097896,3.11093,-0.0079466,0.523599,0,0,0,0.154206,-0.0301988,-0.520998,0.526199,3.14416,2.20254,3.24974,-0.415469,4.15827,3.11108,0.492935,0.029491,-2.56676,0.943312,0.000161125,-0.0749935,-0.00137777,0.314286,-0.314455,0.0328203,0.05493,0.0143258,1.0005,1.38904,-0.0378027,-0.459815,0.369441,218.907,211.004,-1.43422,-35.7132,-431.759,-0.0703794,0.372041,-130.813,-0.587472,32.8312,-0.012552,32.8331,-12.6558,-73.5862,-72.4084,-19.2907,-32.9557,-192.083,-32.9291,-192.042,-71.5641,-2.29507,93.8833,-38.1505,114.253,65.7857,22.3687,-3.0331,23.2066,-3.14701,-45.7713,12.2686,-3.786,3.55072,-13.8677,33.4133,0.0394405,33.2128
5.76,-5.92158,-2.00072,0.181574,0.558192,-0.000599102,1.28335,-0.490988,-0.105215,0.535922,0.424554,3.17401,-2.87268,2.23124,-3.32418,3.2826,-1.14498,-0.384611,-4.31692,4.18777,-3.13769,3.14481,-0.782597,0.523942,-4.87129,-2.01958,-7.23012,-0.407133,-7.19908,-3.66026,-4.32158,-2.00168,-6.72075,-0.614601,-6.72241,-3.38588,0.398292,0.343031,-0.516818,0.154408,-0.00904864,0.494254,-0.0301132,-0.977791,-0.520502,-3.70835,0.526696,-0.0567577,3.14466,0.429778,2.20173,0.63578,3.24893,0.156094,-0.416284,0.500603,4.15825,0.651929,3.11106,-0.05299,0.492912,-0.0575616,1.02433,0.739117,-1.30399,1.73292,-69.5533,19.7486,-53.1063,36.6825,48.8459,-15.0353,40.7953,-36.6865,6.15526,-1.75484,-0.00228178,0.00629687,-0.483911,11.7422,-21.6658,20.3673,0,2.84349,-2.61059,5.38974,-7.23187,1.20146,1.16233,-1.95112,1.38749,-0.339047,20.1573,-36.2513,21.3225,34.1205,-4.68628,10.1974,-5.33855,-17.0904,6.2796,1.4569,0.00753608,-0.00285767,-0.00915726,2.09291,-2.09403,0.151851,-0.0265849,-0.0407266,-0.0546135,10.462,10.5213,0.242745,-1.14341,-22.3615,-0.00269673,0.072072,-6.48101,0.207764,0.0463926,0.244765,-5.92194,-1.99168,-0.00904864,0,2657,-1.38778e-17,1.38778e-17,-3.90313e-17,-7.80626e-18,-3.46945e-18,-2.42861e-17,-6.93889e-18,6.93889e-18,1.04083e-17,1.40946e-18,0,-0.520502,-0.419251,0.526663,-0.00881146,3.14159,2.20173,0.095372,3.24891,0.0234141,-0.392699,4.15825,0.0978445,3.11091,-0.0079485,0.523599,0,0,0,0.153123,-0.0301132,-0.520502,0.526696,3.14466,2.20173,3.24893,-0.416284,4.15825,3.11106,0.492912,0.0295141,-2.5649,0.942268,0.000163758,-0.0748081,-0.00137359,0.313936,-0.314104,0.0327676,0.0549361,0.0143279,1.0005,1.39051,-0.0486351,-0.496618,0.346748,217.128,218.035,-1.193,-25.8493,-432.779,-0.0703651,0.381449,-131.049,-0.594393,34.2703,-0.0113439,34.2723,-12.8854,-74.7418,-73.5959,-19.4873,-33.344,-192.786,-33.3172,-192.745,-74.401,-2.4247,95.5452,-38.9141,115.6,66.5613,23.1142,-3.26411,23.018,-3.37729,-45.8794,12.4548,-2.74032,3.59181,-13.8926,33.5265,0.0404379,33.3257
5.8,-5.92106,-2.00064,0.180509,0.556594,-0.000493253,1.2812,-0.490469,-0.108997,0.536522,0.437773,3.17446,-2.86323,2.23045,-3.30358,3.28174,-1.14677,-0.385346,-4.31704,4.18777,-3.13756,3.14481,-0.783048,0.523944,-4.87076,-2.01961,-7.22958,-0.406729,-7.19841,-3.66027,-4.32106,-2.00143,-6.72038,-0.614602,-6.72174,-3.38588,0.394659,0.363498,-0.516695,0.153283,-0.00898097,0.492954,-0.030042,-0.978044,-0.520018,-3.69175,0.52718,-0.0567847,3.14514,0.447275,2.2009,0.625711,3.2481,0.160417,-0.417115,0.500887,4.15822,0.651679,3.11102,-0.0530056,0.492878,-0.0575332,1.02398,0.736639,-1.3034,1.72947,-68.8935,19.6304,-52.7037,36.3485,48.2649,-14.92,40.4175,-36.3526,6.14713,-1.75688,-0.00228823,0.00630519,-0.486668,11.7852,-21.7019,20.3042,0,2.86862,-2.6569,5.40015,-7.18885,1.22469,1.17192,-1.96028,1.3832,-0.345525,20.1588,-36.2379,21.2746,34.0944,-4.69383,10.1945,-5.32618,-17.0774,6.27273,1.45479,0.00751605,-0.00284384,-0.00912932,2.09061,-2.09173,0.151825,-0.0266256,-0.0399384,-0.0536916,10.3675,10.8515,0.236314,-0.648438,-22.4065,-0.00304624,0.0752307,-6.49235,0.20749,0.0472945,0.244497,-5.92131,-1.99166,-0.00898097,0,2660,1.38778e-17,-1.38778e-17,-1.73472e-17,-2.86229e-17,-1.04083e-17,1.73472e-17,-3.46945e-18,1.04083e-16,1.00614e-16,1.02267e-16,0,-0.520018,-0.417382,0.527147,-0.00881539,3.14159,2.2009,0.0938616,3.24808,0.0240626,-0.392699,4.15822,0.0978072,3.11087,-0.00795085,0.523599,0,0,0,0.152025,-0.030042,-0.520018,0.52718,3.14514,2.2009,3.2481,-0.417115,4.15822,3.11102,0.492878,0.0295488,-2.56295,0.941238,0.000164529,-0.0757609,-0.0013694,0.313592,-0.31376,0.0327198,0.0549451,0.0143309,1.00049,1.39234,-0.0413177,-0.472289,0.363089,215.071,224.511,-1.2904,-15.9962,-433.656,-0.0649271,0.464925,-131.252,-0.591776,33.4239,-0.0113262,33.4259,-12.7769,-74.5926,-73.5326,-19.1816,-33.1487,-192.511,-33.1226,-192.47,-72.6669,-2.40594,94.694,-38.6553,114.924,66.1718,23.8007,-3.12895,22.7999,-3.24135,-45.9724,12.4324,-1.69578,3.55273,-13.9142,33.4839,0.0492872,33.2826
5.84,-5.92055,-2.00055,0.179438,0.554968,-0.000388035,1.27902,-0.489953,-0.112861,0.53712,0.451042,3.17491,-2.85384,2.22966,-3.28404,3.28088,-1.14786,-0.386074,-4.31716,4.18777,-3.13745,3.14481,-0.783414,0.523945,-4.87024,-2.01964,-7.22905,-0.406329,-7.19776,-3.66027,-4.32055,-2.00118,-6.72001,-0.614604,-6.72109,-3.38588,0.390944,0.382914,-0.516584,0.152168,-0.00891327,0.491717,-0.0299599,-0.978649,-0.519525,-3.67523,0.527673,-0.0568086,3.14563,0.465091,2.20009,0.615665,3.24729,0.164737,-0.417926,0.501418,4.1582,0.651505,3.111,-0.0530182,0.492855,-0.0575022,1.02363,0.73426,-1.30282,1.72611,-68.2723,19.5159,-52.3141,36.0249,47.7218,-14.8082,40.052,-36.0291,6.13885,-1.75862,-0.00229477,0.00631391,-0.489359,11.8303,-21.7374,20.2432,0,2.89397,-2.70514,5.41029,-7.14705,1.24782,1.18152,-1.96936,1.37913,-0.351978,20.1693,-36.2252,21.2278,34.0708,-4.70525,10.1921,-5.31409,-17.0656,6.26598,1.45287,0.00749607,-0.00283011,-0.00910186,2.08836,-2.08948,0.151799,-0.0267748,-0.0406642,-0.0545376,10.271,11.1829,0.234851,-0.179637,-22.4337,-0.00285002,0.0780642,-6.50153,0.207209,0.0481931,0.244234,-5.92089,-1.99165,-0.00891327,0,2662,2.77556e-17,1.38778e-17,7.71952e-17,-3.1225e-17,-4.16334e-17,-1.73472e-17,-3.81639e-17,1.59595e-16,1.45717e-16,1.30321e-16,0,-0.519525,-0.415522,0.52764,-0.00881885,3.14159,2.20009,0.0923544,3.24727,0.0247106,-0.392699,4.1582,0.0977807,3.11085,-0.00795274,0.523599,0,0,0,0.150937,-0.0299599,-0.519525,0.527673,3.14563,2.20009,3.24729,-0.417926,4.1582,3.111,0.492855,0.0295719,-2.56116,0.940222,0.000162959,-0.0757473,-0.00136528,0.313254,-0.313421,0.0326767,0.0549511,0.0143329,1.00049,1.39124,-0.0337968,-0.464371,0.363244,212.987,231.024,-1.33251,-6.72607,-434.495,-0.0636318,0.529873,-131.425,-0.589327,32.4582,-0.0118837,32.4601,-12.6373,-74.2657,-73.2952,-18.8265,-32.8715,-191.811,-32.8465,-191.77,-70.6979,-2.37729,93.6045,-38.2967,113.963,65.6186,24.4912,-2.97931,22.579,-3.09099,-46.0613,12.3805,-0.713039,3.50479,-13.9325,33.3678,0.0561725,33.1664
5.88,-5.92002,-2.00047,0.178354,0.553343,-0.000278414,1.27683,-0.489424,-0.116719,0.537729,0.464146,3.17537,-2.84185,2.22845,-3.2556,3.27961,-1.1596,-0.3872,-4.31729,4.18777,-3.13731,3.14481,-0.78386,0.523947,-4.8697,-2.01967,-7.22842,-0.405716,-7.19707,-3.66027,-4.32002,-2.00091,-6.71963,-0.614606,-6.7204,-3.38589,0.387233,0.411215,-0.516453,0.151036,-0.0088434,0.490445,-0.029885,-0.978769,-0.519031,-3.65889,0.528167,-0.0568357,3.14613,0.481566,2.19884,0.606542,3.24604,0.169145,-0.41917,0.501902,4.15816,0.651262,3.11096,-0.053034,0.49282,-0.057474,1.02329,0.731834,-1.30223,1.7227,-67.6304,19.4012,-51.9238,35.7026,47.1572,-14.6963,39.6863,-35.707,6.13096,-1.76054,-0.00230117,0.00632207,-0.492099,11.8722,-21.774,20.1859,0,2.91996,-2.74649,5.41338,-7.1006,1.27029,1.1916,-1.98069,1.37707,-0.358227,20.1779,-36.212,21.1803,34.0457,-4.71622,10.1894,-5.30181,-17.053,6.25909,1.45077,0.00747564,-0.00281617,-0.00907367,2.08606,-2.08717,0.151773,-0.0271047,-0.0406274,-0.0545734,10.1746,11.5102,0.299632,0.501257,-22.7227,-0.00315478,0.0814201,-6.51275,0.206943,0.0490688,0.243966,-5.92026,-1.99163,-0.0088434,0,2665,0,-5.55112e-17,1.12757e-17,1.21431e-17,6.93889e-18,6.93889e-18,1.38778e-17,-6.93889e-17,-7.63278e-17,-7.06629e-17,0,-0.519031,-0.413682,0.528134,-0.0088228,3.14159,2.19884,0.0909859,3.24602,0.0253718,-0.392699,4.15816,0.0977439,3.11081,-0.0079551,0.523599,0,0,0,0.149831,-0.029885,-0.519031,0.528167,3.14613,2.19884,3.24604,-0.41917,4.15816,3.11096,0.49282,0.0296066,-2.55927,0.939187,0.000161987,-0.0766169,-0.00136105,0.31291,-0.313076,0.0326292,0.0549602,0.014336,1.00049,1.38118,-0.0321839,-0.461262,0.366501,211.035,237.576,-1.32411,6.63062,-440.035,-0.0655756,0.59299,-131.66,-0.592533,32.3323,-0.0161352,32.3343,-12.5871,-74.0636,-73.1726,-18.5676,-32.6701,-190.369,-32.6468,-190.328,-70.3937,-2.40432,93.0373,-38.196,113.264,65.216,25.1857,-2.97837,22.3721,-3.08907,-46.6486,12.3453,0.70292,3.46963,-13.9574,33.1156,0.0628636,32.9152
5.92,-5.91952,-2.00039,0.177278,0.551719,-0.000176962,1.27466,-0.488921,-0.12041,0.538317,0.476766,3.17581,-2.83227,2.22766,-3.23756,3.27873,-1.15562,-0.387918,-4.31742,4.18777,-3.13724,3.14481,-0.784256,0.52395,-4.86919,-2.01971,-7.22789,-0.405316,-7.19643,-3.66027,-4.31952,-2.00067,-6.71927,-0.614605,-6.71976,-3.38589,0.383691,0.429087,-0.516377,0.149903,-0.00877683,0.48919,-0.0298067,-0.979722,-0.518551,-3.64187,0.528647,-0.0568597,3.14661,0.507389,2.19803,0.59162,3.24523,0.175051,-0.419979,0.502677,4.15814,0.650997,3.11094,-0.0530519,0.4928,-0.0574429,1.02294,0.729434,-1.30165,1.71931,-67.0317,19.2885,-51.5404,35.3826,46.6396,-14.5864,39.3273,-35.3871,6.12212,-1.76188,-0.00230752,0.00633008,-0.494795,11.9477,-21.8225,20.1174,0,2.95152,-2.82498,5.43146,-7.05455,1.30056,1.20602,-1.99444,1.37363,-0.366841,20.1973,-36.1999,21.1337,34.0213,-4.73252,10.187,-5.28975,-17.0407,6.25202,1.44861,0.00743555,-0.00279498,-0.00902145,2.08371,-2.08481,0.151748,-0.0268874,-0.0406066,-0.0542484,10.0825,11.8254,0.239448,0.932444,-22.6026,-0.00328897,0.0834434,-6.52269,0.206644,0.0502435,0.24369,-5.91984,-1.99162,-0.00877683,0,2667,0,-2.77556e-17,-5.29091e-17,2.94903e-17,-6.93889e-18,-1.38778e-17,0,2.77556e-17,1.73472e-17,1.9082e-17,0,-0.518551,-0.411766,0.528614,-0.00882618,3.14159,2.19803,0.0887473,3.24521,0.0262577,-0.392699,4.15814,0.0977044,3.11079,-0.00795778,0.523599,0,0,0,0.148724,-0.0298067,-0.518551,0.528647,3.14661,2.19803,3.24523,-0.419979,4.15814,3.11094,0.4928,0.0296297,-2.55743,0.938128,0.000162454,-0.0767593,-0.00135322,0.312556,-0.312721,0.0325807,0.0549662,0.014338,1.00048,1.39417,-0.0498469,-0.527682,0.350679,209.71,244.406,-2.55883,14.8616,-434.014,-0.0712736,0.545715,-131.96,-0.602141,34.9606,-0.0120921,34.9626,-13.072,-76.3842,-75.5227,-19.0511,-33.5683,-193.074,-33.5437,-193.034,-75.6257,-2.62113,96.4558,-39.6881,116.381,67.0115,25.9098,-3.38134,22.2316,-3.49165,-46.0104,12.7215,1.5755,3.56286,-13.9893,33.5714,0.0578519,33.3693
5.96,-5.91901,-2.00031,0.176211,0.55013,-7.26276e-05,1.27253,-0.488411,-0.124063,0.538908,0.489095,3.17626,-2.82323,2.22687,-3.2197,3.27787,-1.15572,-0.388644,-4.31754,4.18777,-3.13708,3.1448,-0.784681,0.523951,-4.86867,-2.01974,-7.22737,-0.404913,-7.19578,-3.66027,-4.31901,-2.00042,-6.71891,-0.614607,-6.71911,-3.38589,0.380181,0.44682,-0.516228,0.148767,-0.0087101,0.487931,-0.029737,-0.979938,-0.518075,-3.62558,0.529122,-0.0568867,3.14708,0.526421,2.1972,0.580878,3.2444,0.18109,-0.42081,0.502753,4.1581,0.651026,3.1109,-0.0530624,0.492764,-0.0574152,1.0226,0.72704,-1.30108,1.71595,-66.4162,19.178,-51.164,35.0715,46.1014,-14.4786,38.9751,-35.076,6.11411,-1.7635,-0.00231385,0.00633807,-0.497492,11.999,-21.8606,20.057,0,2.97964,-2.88133,5.44285,-7.0133,1.32486,1.22195,-2.0166,1.37824,-0.374377,20.1919,-36.1877,21.0867,33.9988,-4.73493,10.1849,-5.27766,-17.0296,6.24555,1.44716,0.00743498,-0.00278857,-0.00901781,2.08155,-2.08265,0.151722,-0.0266684,-0.0397121,-0.0532353,9.9912,12.1333,0.226011,1.35926,-22.5065,-0.00315743,0.0871639,-6.53332,0.206373,0.0511878,0.243437,-5.91921,-1.9916,-0.0087101,0,2670,1.38778e-17,1.38778e-17,-3.46945e-18,3.46945e-18,-1.04083e-17,-1.38778e-17,-1.38778e-17,7.63278e-17,7.63278e-17,8.11796e-17,0,-0.518075,-0.409931,0.52909,-0.00883008,3.14159,2.1972,0.0871358,3.24438,0.0271635,-0.392699,4.1581,0.0977075,3.11076,-0.00795936,0.523599,0,0,0,0.147614,-0.029737,-0.518075,0.529122,3.14708,2.1972,3.2444,-0.42081,4.1581,3.1109,0.492764,0.0296644,-2.55573,0.937149,0.000158183,-0.0772466,-0.00135267,0.312232,-0.312397,0.0325481,0.0549753,0.014341,1.00048,1.39158,-0.0186629,-0.434856,0.369414,207.055,249.794,-1.63817,23.7321,-431.635,-0.056102,0.689741,-132.038,-0.586205,30.8056,-0.0146121,30.8076,-12.6331,-74.1261,-73.4499,-17.9803,-32.4326,-190.742,-32.3998,-190.702,-67.2765,-2.36614,91.8205,-37.8663,112.438,64.741,26.481,-2.7238,21.9501,-2.83329,-45.7582,12.3593,2.51587,3.40026,-13.9975,33.1912,0.0731203,32.9894
6,-5.9185,-2.00022,0.17515,0.548508,3.35079e-05,1.27036,-0.487902,-0.127825,0.539497,0.501506,3.1767,-2.81436,2.22611,-3.2031,3.27705,-1.15443,-0.389332,-4.31766,4.18777,-3.13697,3.1448,-0.785074,0.523951,-4.86815,-2.01977,-7.22684,-0.404531,-7.19512,-3.66028,-4.3185,-2.00017,-6.71854,-0.614611,-6.71845,-3.38589,0.376562,0.463279,-0.516121,0.147652,-0.00864408,0.486732,-0.029654,-0.980471,-0.517589,-3.60943,0.529608,-0.0569107,3.14757,0.544908,2.19642,0.570635,3.24362,0.188194,-0.421591,0.503673,4.15808,0.650778,3.11088,-0.0530692,0.49274,-0.0573853,1.02227,0.724742,-1.30051,1.71268,-65.8366,19.071,-50.8003,34.7704,45.5982,-14.3743,38.6349,-34.7751,6.10601,-1.76486,-0.00232034,0.00634664,-0.500122,12.0493,-21.8969,19.9993,0,3.00737,-2.93704,5.45368,-6.97413,1.34832,1.2424,-2.04821,1.38964,-0.382337,20.2164,-36.1756,21.0411,33.9757,-4.75353,10.1826,-5.26587,-17.018,6.23866,1.44503,0.00743782,-0.00278362,-0.00901805,2.07925,-2.08035,0.151697,-0.0265412,-0.0405472,-0.0543339,9.89724,12.4433,0.221762,1.75516,-22.2996,-0.00291928,0.0898733,-6.54319,0.206098,0.0520992,0.243168,-5.91879,-1.99159,-0.00864408,0,2672,0,-2.77556e-17,-5.20417e-17,3.1225e-17,-1.38778e-17,-2.42861e-17,-1.04083e-17,1.59595e-16,1.52656e-16,1.66669e-16,0,-0.517589,-0.408113,0.529576,-0.00883353,3.14159,2.19642,0.0855992,3.2436,0.028229,-0.392699,4.15808,0.0976705,3.11073,-0.00796038,0.523599,0,0,0,0.146524,-0.029654,-0.517589,0.529608,3.14757,2.19642,3.24362,-0.421591,4.15808,3.11088,0.49274,0.0296875,-2.554,0.936118,0.000159248,-0.0768992,-0.00135271,0.311888,-0.312053,0.0325004,0.0549813,0.014343,1.00048,1.38849,-0.0242539,-0.458618,0.358243,205.273,256.114,-1.41888,31.5257,-423.936,-0.0668528,0.712432,-132.275,-0.590938,31.472,-0.0147286,31.474,-13.0457,-74.5764,-74.006,-17.9196,-32.5415,-190.523,-32.5015,-190.484,-68.569,-2.44655,92.4505,-38.2081,112.824,64.9626,27.151,-2.83837,21.7612,-2.94713,-44.942,12.4301,3.34208,3.39876,-14.0227,33.1483,0.0755258,32.9466
6.04,-5.91798,-2.00014,0.174094,0.546901,0.00014269,1.2682,-0.487386,-0.13152,0.540092,0.513601,3.17715,-2.80552,2.22533,-3.1864,3.27621,-1.15438,-0.39004,-4.31777,4.18776,-3.13682,3.1448,-0.785506,0.523952,-4.86762,-2.01979,-7.22631,-0.40414,-7.19445,-3.66028,-4.31798,-1.99991,-6.71817,-0.614616,-6.71778,-3.3859,0.37301,0.479843,-0.515974,0.146531,-0.00857785,0.485474,-0.0295795,-0.980603,-0.517108,-3.59328,0.530089,-0.0569377,3.14805,0.562467,2.19561,0.560804,3.24281,0.195188,-0.422406,0.504074,4.15804,0.650583,3.11085,-0.0530816,0.492705,-0.0573586,1.02193,0.722369,-1.29994,1.70935,-65.2357,18.9636,-50.4347,34.4686,45.0741,-14.2696,38.2933,-34.4734,6.09813,-1.76632,-0.0023265,0.00635408,-0.502803,12.0963,-21.933,19.9419,0,3.03558,-2.99073,5.46391,-6.93505,1.3713,1.26197,-2.07898,1.40038,-0.390174,20.2223,-36.163,20.9947,33.9513,-4.76276,10.1801,-5.25386,-17.0058,6.23192,1.44306,0.00743019,-0.00277467,-0.00900545,2.077,-2.0781,0.151672,-0.0263857,-0.0401834,-0.0540556,9.80496,12.7454,0.221002,2.15308,-22.1327,-0.00284098,0.0936161,-6.55401,0.205831,0.0529926,0.242905,-5.91815,-1.99157,-0.00857785,0,2675,1.38778e-17,2.77556e-17,1.38778e-17,-3.64292e-17,-2.42861e-17,-1.04083e-17,-3.46945e-17,0,3.46945e-18,-3.65918e-18,0,-0.517108,-0.406297,0.530056,-0.00883741,3.14159,2.19561,0.0841243,3.24279,0.0292782,-0.392699,4.15804,0.0976411,3.1107,-0.00796224,0.523599,0,0,0,0.145428,-0.0295795,-0.517108,0.530089,3.14805,2.19561,3.24281,-0.422406,4.15804,3.11085,0.492705,0.0297222,-2.55216,0.935104,0.000158189,-0.077239,-0.00135082,0.31155,-0.311715,0.0324562,0.0549903,0.0143461,1.00047,1.39,-0.0299639,-0.467978,0.358789,203.512,262.265,-1.2692,39.404,-420.942,-0.0656897,0.771269,-132.51,-0.595325,32.2986,-0.0139956,32.3006,-13.5166,-75.2905,-74.8241,-17.9372,-32.7761,-190.959,-32.7236,-190.923,-70.1796,-2.5402,93.428,-38.6975,113.631,65.4273,27.803,-2.97136,21.5745,-3.07935,-44.6246,12.5449,4.17726,3.41131,-14.0475,33.2188,0.0817632,33.0172
6.08,-5.91746,-2.00006,0.173033,0.54526,0.000249028,1.26599,-0.486873,-0.135306,0.540685,0.525802,3.17761,-2.79679,2.22456,-3.17086,3.27538,-1.15439,-0.390746,-4.31788,4.18777,-3.13672,3.1448,-0.785905,0.523952,-4.86709,-2.01982,-7.22578,-0.403751,-7.19379,-3.66028,-4.31746,-1.99966,-6.71781,-0.614619,-6.71712,-3.3859,0.369365,0.495266,-0.515871,0.145428,-0.00851091,0.484238,-0.0294963,-0.980845,-0.516618,-3.57719,0.530579,-0.0569618,3.14854,0.580436,2.19481,0.550767,3.24201,0.200674,-0.4232,0.504812,4.15802,0.650266,3.11082,-0.0530892,0.492681,-0.0573295,1.02161,0.720035,-1.29938,1.70608,-64.6522,18.8582,-50.0765,34.1728,44.5669,-14.167,37.9587,-34.1776,6.0902,-1.76764,-0.00233277,0.00636185,-0.505464,12.1456,-21.9697,19.8854,0,3.06437,-3.04715,5.47457,-6.89657,1.39453,1.27497,-2.09643,1.40201,-0.397237,20.24,-36.1508,20.9492,33.9264,-4.77851,10.1777,-5.24208,-16.9933,6.22498,1.44078,0.00742996,-0.00276862,-0.00900157,2.07469,-2.07579,0.151647,-0.0265291,-0.0410253,-0.0552001,9.71038,13.0501,0.218408,2.52252,-22.0714,-0.00278704,0.0962469,-6.564,0.205563,0.0538953,0.242634,-5.91773,-1.99155,-0.00851091,0,2677,1.38778e-17,0,5.46438e-17,-2.94903e-17,-1.38778e-17,-1.38778e-17,-1.73472e-17,2.22045e-16,2.18575e-16,2.28983e-16,0,-0.516618,-0.404484,0.530547,-0.00884084,3.14159,2.19481,0.0826187,3.24199,0.0301011,-0.392699,4.15802,0.0975943,3.11067,-0.00796338,0.523599,0,0,0,0.144349,-0.0294963,-0.516618,0.530579,3.14854,2.19481,3.24201,-0.4232,4.15802,3.11082,0.492681,0.0297453,-2.55031,0.934069,0.000160791,-0.0772463,-0.00135024,0.311204,-0.311368,0.032405,0.0549964,0.0143481,1.00047,1.39047,-0.02538,-0.458104,0.36248,201.482,268.256,-1.36498,46.7615,-423.755,-0.0682863,0.835095,-132.701,-0.593883,31.7052,-0.0141952,31.7073,-13.5757,-75.2136,-74.8571,-17.6481,-32.6169,-190.616,-32.557,-190.581,-68.953,-2.53127,92.8181,-38.5287,113.086,65.1133,28.4381,-2.87878,21.3594,-2.98602,-44.9227,12.5333,4.95724,3.37449,-14.0677,33.1628,0.0885295,32.961
6.12,-5.91695,-1.99998,0.171971,0.543645,0.00035551,1.26382,-0.486359,-0.13895,0.54128,0.537582,3.17806,-2.78591,2.2234,-3.14798,3.27416,-1.16387,-0.391825,-4.318,4.18776,-3.13657,3.1448,-0.78634,0.523954,-4.86657,-2.01985,-7.22517,-0.403165,-7.19312,-3.66029,-4.31695,-1.99941,-6.71744,-0.614622,-6.71645,-3.3859,0.365863,0.518003,-0.515726,0.144308,-0.00844361,0.482952,-0.0294245,-0.980988,-0.516139,-3.56085,0.531059,-0.0569892,3.14902,0.596807,2.19362,0.54178,3.24082,0.205187,-0.424394,0.505075,4.15798,0.650061,3.11079,-0.0531025,0.492646,-0.0573034,1.02128,0.717636,-1.29883,1.70275,-64.0597,18.7524,-49.7165,33.8752,44.0524,-14.0638,37.6226,-33.8802,6.08216,-1.7689,-0.00233903,0.00636942,-0.508166,12.1907,-22.0076,19.8328,0,3.09366,-3.09571,5.47879,-6.85421,1.41689,1.28411,-2.10753,1.39984,-0.403473,20.2409,-36.1382,20.9029,33.901,-4.78539,10.1751,-5.23011,-16.9806,6.21821,1.43879,0.00741879,-0.0027584,-0.00898444,2.07243,-2.07353,0.151623,-0.0265605,-0.0403746,-0.0543703,9.61938,13.3443,0.271877,3.06539,-22.3084,-0.00296229,0.0999381,-6.57489,0.205291,0.054768,0.24237,-5.9171,-1.99154,-0.00844361,0,2680,0,1.38778e-17,-6.93889e-17,2.25514e-17,-3.46945e-18,-1.38778e-17,6.93889e-18,-2.77556e-17,-2.77556e-17,-2.98427e-17,0,-0.516139,-0.402645,0.531026,-0.00884474,3.14159,2.19362,0.0812705,3.2408,0.030778,-0.392699,4.15798,0.0975629,3.11064,-0.00796538,0.523599,0,0,0,0.143253,-0.0294245,-0.516139,0.531059,3.14902,2.19362,3.24082,-0.424394,4.15798,3.11079,0.492646,0.02978,-2.54839,0.933048,0.000158406,-0.078044,-0.00134767,0.310865,-0.311029,0.0323599,0.0550054,0.0143511,1.00046,1.38878,-0.0202064,-0.443049,0.373973,199.562,274.072,-1.35379,57.5013,-432.748,-0.0643602,0.920004,-132.907,-0.593521,31.2484,-0.0146046,31.2504,-13.5265,-75.1414,-74.8669,-17.3987,-32.4719,-190.082,-32.4005,-190.05,-67.9964,-2.53115,92.2305,-38.4102,112.576,64.8198,29.0547,-2.81151,21.1558,-2.91793,-45.8761,12.5219,6.09578,3.34348,-14.0896,33.0721,0.0975307,32.8707
6.16,-5.91643,-1.9999,0.170906,0.541994,0.000462574,1.2616,-0.485846,-0.142705,0.541873,0.549471,3.17851,-2.77684,2.2226,-3.13342,3.27327,-1.16126,-0.392559,-4.31811,4.18776,-3.13644,3.14479,-0.786724,0.523954,-4.86604,-2.01988,-7.22463,-0.402761,-7.19246,-3.66029,-4.31643,-1.99916,-6.71707,-0.614625,-6.71579,-3.38591,0.36225,0.532411,-0.515604,0.143199,-0.00837679,0.481722,-0.0293406,-0.981334,-0.515649,-3.54467,0.531549,-0.0570134,3.14951,0.621818,2.19279,0.527548,3.23999,0.210875,-0.425219,0.50577,4.15796,0.649808,3.11076,-0.0531088,0.492621,-0.0572747,1.02096,0.715321,-1.29828,1.6995,-63.495,18.6495,-49.367,33.5865,43.5646,-13.9636,37.2965,-33.5915,6.0741,-1.76998,-0.00234525,0.00637701,-0.510816,12.2682,-22.0557,19.7712,0,3.12872,-3.18129,5.49574,-6.81224,1.44629,1.29601,-2.11897,1.39529,-0.411748,20.2571,-36.1261,20.8575,33.8768,-4.80001,10.1728,-5.21837,-16.9685,6.21135,1.43665,0.00742379,-0.00275427,-0.00898703,2.07014,-2.07124,0.151599,-0.026619,-0.0412643,-0.0555137,9.52558,13.6412,0.226839,3.40939,-22.2432,-0.00270409,0.103014,-6.58451,0.205018,0.0559099,0.242102,-5.91668,-1.99152,-0.00837679,0,2682,-1.38778e-17,-1.38778e-17,4.16334e-17,-6.41848e-17,3.1225e-17,0,3.1225e-17,1.45717e-16,1.249e-16,1.34224e-16,0,-0.515649,-0.400823,0.531516,-0.00884816,3.14159,2.19279,0.0791355,3.23997,0.0316313,-0.392699,4.15796,0.0975251,3.11062,-0.00796631,0.523599,0,0,0,0.142168,-0.0293406,-0.515649,0.531549,3.14951,2.19279,3.23999,-0.425219,4.15796,3.11076,0.492621,0.0298031,-2.54658,0.932019,0.000158551,-0.0778546,-0.00134805,0.310522,-0.310686,0.0323121,0.0550114,0.0143532,1.00046,1.38955,-0.0210386,-0.457934,0.365895,197.728,280.078,-2.54861,63.981,-429.392,-0.0684215,0.926455,-133.124,-0.595384,31.4143,-0.0142641,31.4164,-13.5503,-75.5779,-75.3895,-17.2384,-32.5187,-190.125,-32.4405,-190.093,-68.29,-2.57717,92.458,-38.592,112.743,64.9156,29.6915,-2.83994,20.9613,-2.94567,-45.5204,12.5922,6.7827,3.32941,-14.1127,33.0783,0.0982146,32.8767
6.2,-5.9159,-1.99981,0.169825,0.540344,0.000572596,1.25937,-0.48532,-0.146457,0.542479,0.561219,3.17898,-2.76842,2.22182,-3.1194,3.27243,-1.16143,-0.393277,-4.31824,4.18776,-3.13632,3.14479,-0.787178,0.523957,-4.8655,-2.01991,-7.22409,-0.402367,-7.19178,-3.66029,-4.3159,-1.99889,-6.7167,-0.614628,-6.71511,-3.38591,0.358638,0.546305,-0.515479,0.142076,-0.00830704,0.480439,-0.0292652,-0.981139,-0.515157,-3.52861,0.53204,-0.0570409,3.15,0.641123,2.19198,0.516686,3.23918,0.215691,-0.426035,0.506337,4.15793,0.649465,3.11073,-0.0531258,0.492589,-0.0572489,1.02063,0.712936,-1.29772,1.69619,-62.9051,18.546,-49.015,33.2973,43.051,-13.8628,36.9684,-33.3025,6.06644,-1.77125,-0.00235139,0.00638413,-0.51353,12.3242,-22.0956,19.7146,0,3.16073,-3.24696,5.50794,-6.77383,1.47092,1.30514,-2.12905,1.39154,-0.418667,20.2686,-36.1136,20.8114,33.8505,-4.81289,10.1702,-5.20644,-16.9553,6.20432,1.43434,0.00739848,-0.00273887,-0.00895257,2.0678,-2.06889,0.151574,-0.0270209,-0.0412588,-0.0556254,9.43188,13.9346,0.210445,3.74041,-22.2475,-0.00316476,0.10628,-6.59587,0.204759,0.056868,0.241828,-5.91605,-1.9915,-0.00830704,0,2685,0,-1.38778e-17,9.54098e-18,-1.04083e-17,-6.93889e-18,-3.46945e-17,-3.46945e-18,2.35922e-16,2.15106e-16,2.23644e-16,0,-0.515157,-0.399015,0.532008,-0.00885208,3.14159,2.19198,0.077506,3.23916,0.0323537,-0.392699,4.15793,0.0974735,3.11058,-0.00796887,0.523599,0,0,0,0.141068,-0.0292652,-0.515157,0.53204,3.15,2.19198,3.23918,-0.426035,4.15793,3.11073,0.492589,0.0298378,-2.54459,0.930965,0.000158204,-0.0788614,-0.00134289,0.31017,-0.310334,0.0322595,0.0550205,0.0143562,1.00046,1.38087,-0.016046,-0.440359,0.375816,195.73,285.854,-1.63697,70.8969,-431.218,-0.067807,1.00693,-133.34,-0.594703,30.5263,-0.0159565,30.5284,-13.3736,-75.0052,-74.9059,-16.8323,-32.1252,-188.486,-32.0395,-188.455,-66.4611,-2.54317,91.1652,-38.136,111.377,64.1296,30.3037,-2.7147,20.7495,-2.81942,-45.714,12.4981,7.51587,3.27072,-14.1356,32.7973,0.106746,32.5968
6.24,-5.9154,-1.99973,0.168763,0.538696,0.000675898,1.25716,-0.48482,-0.150045,0.543062,0.572501,3.17942,-2.76012,2.22104,-3.10582,3.27159,-1.16194,-0.393997,-4.31835,4.18776,-3.13619,3.14479,-0.787563,0.523956,-4.86499,-2.01994,-7.22357,-0.401975,-7.19114,-3.66029,-4.3154,-1.99865,-6.71634,-0.614631,-6.71447,-3.38591,0.355193,0.559762,-0.515352,0.140949,-0.00824237,0.479177,-0.0291851,-0.981928,-0.514681,-3.51182,0.532517,-0.0570718,3.15048,0.658989,2.19118,0.506828,3.23837,0.220261,-0.426838,0.506771,4.1579,0.649328,3.1107,-0.0531305,0.492563,-0.0572202,1.02031,0.710581,-1.29717,1.6929,-62.3601,18.4442,-48.6688,33.0093,42.5874,-13.7638,36.6464,-33.015,6.05773,-1.7717,-0.00236473,0.00641081,-0.516163,12.3755,-22.1327,19.6603,0,3.19201,-3.30803,5.5185,-6.73698,1.49417,1.3135,-2.13866,1.38814,-0.425186,20.2758,-36.102,20.7657,33.8266,-4.82242,10.1681,-5.19465,-16.9434,6.19752,1.43245,0.00740934,-0.00273685,-0.00896219,2.06553,-2.06662,0.15155,-0.0265539,-0.041189,-0.0553124,9.34259,14.2164,0.20755,4.06034,-22.2605,-0.00272199,0.109433,-6.60554,0.204464,0.0577726,0.241563,-5.91563,-1.99149,-0.00824237,0,2687,4.16334e-17,5.55112e-17,4.68375e-17,-4.68375e-17,-6.93889e-18,-1.04083e-17,1.04083e-17,6.245e-17,5.89806e-17,4.38018e-17,0,-0.514681,-0.397119,0.532484,-0.00885739,3.14159,2.19118,0.0760271,3.23835,0.0330392,-0.392699,4.1579,0.0974528,3.11056,-0.00796958,0.523599,0,0,0,0.139964,-0.0291851,-0.514681,0.532517,3.15048,2.19118,3.23837,-0.426838,4.1579,3.1107,0.492563,0.029861,-2.5428,0.929943,0.00015778,-0.0784967,-0.00134433,0.30983,-0.309994,0.0322175,0.0550265,0.0143582,1.00045,1.38981,-0.0286316,-0.496107,0.365252,194.372,291.937,-1.23033,77.1728,-431.744,-0.0694033,0.992108,-133.621,-0.604372,32.5198,-0.0131355,32.5218,-13.7504,-76.765,-76.6987,-17.1839,-32.7962,-190.398,-32.6999,-190.37,-70.4208,-2.72993,93.7019,-39.2831,113.706,65.4703,30.9486,-3.0227,20.6056,-3.12698,-45.7697,12.7837,8.18118,3.33979,-14.1653,33.1182,0.105175,32.9167
6.28,-5.91489,-1.99965,0.167696,0.537023,0.000782494,1.2549,-0.484309,-0.153769,0.543653,0.583881,3.17987,-2.75175,2.22024,-3.0923,3.27073,-1.16279,-0.394732,-4.31845,4.18776,-3.13606,3.14479,-0.787932,0.523958,-4.86447,-2.01997,-7.22303,-0.401574,-7.19048,-3.6603,-4.31489,-1.9984,-6.71598,-0.614634,-6.71381,-3.38591,0.351607,0.573166,-0.515233,0.139842,-0.0081753,0.477905,-0.0291016,-0.981794,-0.514193,-3.49575,0.533005,-0.0570898,3.15097,0.676525,2.19036,0.497105,3.23755,0.224807,-0.427657,0.507373,4.15788,0.648993,3.11068,-0.0531437,0.492541,-0.0571924,1.02,0.708225,-1.29663,1.68964,-61.7918,18.3442,-48.3286,32.7296,42.0947,-13.6662,36.3291,-32.7349,6.04991,-1.77287,-0.00236368,0.00639836,-0.518874,12.4263,-22.1702,19.6071,0,3.22366,-3.36909,5.52878,-6.70049,1.51721,1.32166,-2.14838,1.38491,-0.43164,20.2885,-36.0898,20.7203,33.8005,-4.83584,10.1656,-5.18291,-16.9303,6.1905,1.43014,0.00738722,-0.00272275,-0.00893151,2.06319,-2.06428,0.151526,-0.0266662,-0.041827,-0.0563416,9.24924,14.5006,0.209244,4.37852,-22.2818,-0.00262845,0.112525,-6.61479,0.2042,0.0586689,0.241289,-5.91521,-1.99148,-0.0081753,0,2689,0,-2.77556e-17,0,4.51028e-17,2.42861e-17,0,4.16334e-17,2.77556e-17,3.46945e-17,3.05203e-17,0,-0.514193,-0.395316,0.532973,-0.00885888,3.14159,2.19036,0.0745685,3.23753,0.0337211,-0.392699,4.15788,0.0974022,3.11054,-0.00797156,0.523599,0,0,0,0.138879,-0.0291016,-0.514193,0.533005,3.15097,2.19036,3.23755,-0.427657,4.15788,3.11068,0.492541,0.0298841,-2.54083,0.928889,0.000156551,-0.0785714,-0.00133973,0.309479,-0.309642,0.0321658,0.0550326,0.0143602,1.00045,1.39065,-0.0107554,-0.432671,0.373977,191.928,297.079,-1.36988,83.7103,-432.643,-0.0681572,1.13644,-133.718,-0.592919,30.0147,-0.0144348,30.0167,-13.3725,-75.6595,-75.7131,-16.5051,-32.1353,-189.215,-32.0314,-189.187,-65.3703,-2.56763,91.0513,-38.2571,111.414,64.1508,31.4937,-2.62372,20.3466,-2.72718,-45.865,12.6079,8.87423,3.24078,-14.1756,32.9283,0.120475,32.7266
6.32,-5.91439,-1.99957,0.16663,0.535392,0.000886894,1.25271,-0.483801,-0.157301,0.544242,0.59478,3.18032,-2.74377,2.21946,-3.07947,3.26989,-1.16361,-0.395449,-4.31858,4.18776,-3.13593,3.14479,-0.788409,0.523959,-4.86395,-2.02,-7.2225,-0.401181,-7.18983,-3.6603,-4.31439,-1.99815,-6.71561,-0.614635,-6.71316,-3.38592,0.348213,0.585876,-0.515101,0.138718,-0.00810801,0.476593,-0.0290319,-0.981824,-0.51372,-3.47934,0.533477,-0.0571175,3.15144,0.694269,2.18954,0.487162,3.23674,0.229419,-0.42847,0.507756,4.15784,0.648675,3.11065,-0.0531548,0.492506,-0.0571674,1.01968,0.70582,-1.29609,1.68634,-61.2264,18.2441,-47.9878,32.4482,41.608,-13.5687,36.012,-32.4536,6.04181,-1.77367,-0.00236983,0.00640535,-0.521581,12.4781,-22.2084,19.5533,0,3.25635,-3.43257,5.53986,-6.66413,1.54061,1.32969,-2.15818,1.38156,-0.438195,20.2934,-36.0776,20.6746,33.7735,-4.8454,10.1631,-5.17109,-16.9168,6.18348,1.42786,0.00738521,-0.00271606,-0.00892499,2.06085,-2.06194,0.151503,-0.026658,-0.0407773,-0.0549325,9.161,14.7728,0.19946,4.67986,-22.3025,-0.00312725,0.115886,-6.62673,0.203926,0.0595797,0.241015,-5.91458,-1.99146,-0.00810801,0,2692,-1.38778e-17,-2.77556e-17,-5.72459e-17,3.29597e-17,6.93889e-18,-2.08167e-17,1.04083e-17,6.245e-17,5.89806e-17,7.4295e-17,0,-0.51372,-0.393468,0.533446,-0.00886276,3.14159,2.18954,0.073077,3.23672,0.0344129,-0.392699,4.15784,0.0973547,3.1105,-0.00797322,0.523599,0,0,0,0.137778,-0.0290319,-0.51372,0.533477,3.15144,2.18954,3.23674,-0.42847,4.15784,3.11065,0.492506,0.0299188,-2.53881,0.927836,0.000156984,-0.0796866,-0.00133875,0.309128,-0.309291,0.0321139,0.0550416,0.0143633,1.00045,1.39024,-0.00516198,-0.417212,0.387953,190.059,302.45,-1.44944,89.7275,-433.031,-0.066515,1.24963,-133.948,-0.590792,29.1942,-0.0146742,29.1963,-13.2499,-75.4576,-75.5983,-16.1774,-31.8977,-188.645,-31.7867,-188.618,-63.6883,-2.53396,90.1742,-37.9712,110.593,63.678,32.0631,-2.49628,20.1484,-2.59895,-45.9062,12.5763,9.51212,3.1975,-14.2,32.8342,0.132475,32.6325
6.36,-5.91387,-1.99948,0.165563,0.533725,0.000994254,1.25046,-0.483293,-0.160977,0.544831,0.605826,3.18077,-2.73572,2.21868,-3.06688,3.26905,-1.16432,-0.396174,-4.31868,4.18776,-3.13579,3.14478,-0.788771,0.52396,-4.86343,-2.02002,-7.22197,-0.400786,-7.18916,-3.6603,-4.31387,-1.99789,-6.71525,-0.614639,-6.71249,-3.38592,0.344675,0.598343,-0.514967,0.137607,-0.00804127,0.475364,-0.0289477,-0.982086,-0.513234,-3.46326,0.533963,-0.0571419,3.15192,0.711971,2.18873,0.477531,3.23593,0.233959,-0.429279,0.508313,4.15782,0.648509,3.11062,-0.053164,0.492482,-0.0571399,1.01937,0.703538,-1.29556,1.68314,-60.6949,18.1475,-47.6599,32.178,41.1533,-13.4747,35.7072,-32.1835,6.03377,-1.77429,-0.00237583,0.00641215,-0.524206,12.5311,-22.2454,19.5023,0,3.28865,-3.49641,5.54991,-6.62903,1.56352,1.33769,-2.16783,1.37858,-0.444609,20.3049,-36.0662,20.6299,33.7501,-4.85714,10.1611,-5.15954,-16.9051,6.17674,1.42595,0.00737871,-0.00270774,-0.00891372,2.05861,-2.05969,0.151479,-0.0266822,-0.0416885,-0.0560918,9.0692,15.0486,0.201165,4.97485,-22.32,-0.00268509,0.119276,-6.6358,0.203654,0.0604716,0.240752,-5.91416,-1.99145,-0.00804127,0,2694,-1.38778e-17,-2.77556e-17,-6.93889e-18,8.67362e-18,0,0,0,1.52656e-16,1.35308e-16,1.17256e-16,0,-0.513234,-0.391659,0.533931,-0.00886614,3.14159,2.18873,0.0716322,3.23591,0.0350938,-0.392699,4.15782,0.0973289,3.11048,-0.00797459,0.523599,0,0,0,0.136688,-0.0289477,-0.513234,0.533963,3.15192,2.18873,3.23593,-0.429279,4.15782,3.11062,0.492482,0.0299419,-2.53704,0.92682,0.000154302,-0.0793613,-0.00133706,0.308791,-0.308954,0.0320713,0.0550477,0.0143653,1.00044,1.3887,-0.00352674,-0.42747,0.377454,188.201,307.97,-1.36477,95.609,-433.686,-0.0644826,1.33926,-134.139,-0.591082,28.918,-0.0149378,28.9201,-13.2086,-75.512,-75.7279,-15.9622,-31.7878,-188.189,-31.6684,-188.165,-63.0971,-2.54256,89.8398,-37.9135,110.209,63.4569,32.6483,-2.4576,19.9514,-2.55954,-45.9756,12.5852,10.1356,3.17162,-14.2202,32.7562,0.141977,32.5548
6.4,-5.91336,-1.9994,0.164501,0.532084,0.00110193,1.24825,-0.482783,-0.164526,0.545421,0.616489,3.18123,-2.72779,2.21788,-3.05433,3.26819,-1.16557,-0.396911,-4.31881,4.18776,-3.13566,3.14478,-0.789251,0.523961,-4.8629,-2.02005,-7.22143,-0.400386,-7.1885,-3.66031,-4.31336,-1.99764,-6.71488,-0.614643,-6.71183,-3.38592,0.341263,0.610773,-0.514837,0.136483,-0.0079748,0.474076,-0.0288747,-0.98205,-0.51276,-3.44708,0.534438,-0.0571695,3.1524,0.729548,2.1879,0.467833,3.2351,0.23855,-0.430113,0.508963,4.15778,0.648126,3.11059,-0.0531762,0.492447,-0.0571155,1.01906,0.70118,-1.29502,1.67989,-60.1472,18.0505,-47.3301,31.9065,40.6831,-13.3803,35.4007,-31.912,6.02581,-1.77494,-0.00238175,0.00641851,-0.526884,12.584,-22.2834,19.4507,0,3.32199,-3.56122,5.56026,-6.59367,1.58664,1.34553,-2.17772,1.3756,-0.451077,20.3193,-36.0542,20.5847,33.7233,-4.87164,10.1586,-5.14785,-16.8917,6.16961,1.42351,0.00737212,-0.00269942,-0.00890167,2.05623,-2.05731,0.151456,-0.0265407,-0.0410032,-0.05529,8.98057,15.3149,0.198421,5.26862,-22.3514,-0.00305256,0.122628,-6.64782,0.203385,0.061372,0.240474,-5.91353,-1.99143,-0.0079748,0,2697,1.38778e-17,2.77556e-17,2.25514e-17,-4.51028e-17,-1.04083e-17,-3.1225e-17,1.73472e-17,1.38778e-17,0,2.27682e-18,0,-0.51276,-0.389838,0.534406,-0.00886998,3.14159,2.1879,0.0701773,3.23508,0.0357825,-0.392699,4.15778,0.0972722,3.11044,-0.00797644,0.523599,0,0,0,0.135586,-0.0288747,-0.51276,0.534438,3.1524,2.1879,3.2351,-0.430113,4.15778,3.11059,0.492447,0.0299766,-2.53504,0.925754,0.00015619,-0.0801056,-0.00133525,0.308434,-0.308597,0.0320163,0.0550567,0.0143683,1.00044,1.38876,-0.00397463,-0.42527,0.382589,186.431,313.324,-1.37971,101.456,-434.198,-0.0694376,1.40178,-134.395,-0.592628,28.9954,-0.0147658,28.9975,-13.2305,-75.8315,-76.1174,-15.8305,-31.7984,-188.093,-31.6718,-188.07,-63.2098,-2.57937,89.9456,-38.0429,110.246,63.4781,33.2158,-2.47304,19.7638,-2.57421,-46.0299,12.6372,10.7554,3.15984,-14.2474,32.7388,0.148604,32.5374
6.44,-5.91284,-1.99932,0.163433,0.530408,0.00120901,1.24599,-0.482272,-0.168209,0.546011,0.627299,3.18168,-2.71751,2.21668,-3.03511,3.26695,-1.17389,-0.398023,-4.31892,4.18776,-3.13553,3.14478,-0.789629,0.523961,-4.86238,-2.02008,-7.22081,-0.399784,-7.18784,-3.66031,-4.31284,-1.99738,-6.71452,-0.614646,-6.71117,-3.38593,0.337715,0.62986,-0.514715,0.135377,-0.00790762,0.472835,-0.0287908,-0.982075,-0.512272,-3.43117,0.534925,-0.0571939,3.15289,0.74635,2.18668,0.458971,3.23388,0.243281,-0.431331,0.509466,4.15776,0.647933,3.11056,-0.0531852,0.492423,-0.0570888,1.01875,0.698894,-1.2945,1.67672,-59.6192,17.9561,-47.0095,31.6431,40.231,-13.2884,35.103,-31.6487,6.01798,-1.77549,-0.00238766,0.00642498,-0.529516,12.6369,-22.3233,19.4051,0,3.35547,-3.62037,5.5643,-6.55528,1.60912,1.35449,-2.19005,1.37481,-0.457352,20.3288,-36.043,20.5404,33.6993,-4.88255,10.1565,-5.13638,-16.8797,6.16285,1.42155,0.00736663,-0.00269154,-0.00889144,2.05397,-2.05506,0.151433,-0.0266903,-0.041912,-0.0565381,8.88856,15.5849,0.256899,5.71929,-22.5545,-0.00274638,0.125723,-6.6573,0.20312,0.0622505,0.24021,-5.91311,-1.99142,-0.00790762,0,2699,0,1.38778e-17,6.41848e-17,-1.73472e-17,3.46945e-18,-1.04083e-17,2.08167e-17,-6.93889e-17,-6.93889e-17,-5.82217e-17,0,-0.512272,-0.388046,0.534893,-0.00887336,3.14159,2.18668,0.0688479,3.23386,0.0364922,-0.392699,4.15776,0.097243,3.11042,-0.00797778,0.523599,0,0,0,0.134501,-0.0287908,-0.512272,0.534925,3.15289,2.18668,3.23388,-0.431331,4.15776,3.11056,0.492423,0.0299998,-2.53324,0.924739,0.000155715,-0.0799613,-0.00133372,0.308096,-0.308258,0.0319722,0.0550628,0.0143704,1.00044,1.38919,-0.00264837,-0.428609,0.378214,184.541,318.699,-1.42935,110.34,-438.096,-0.0648193,1.45994,-134.581,-0.594074,29.1254,-0.0147996,29.1275,-13.2766,-76.1812,-76.5445,-15.6965,-31.842,-188.094,-31.7082,-188.073,-63.4292,-2.62075,90.0806,-38.2269,110.398,63.5651,33.7856,-2.49627,19.5634,-2.59669,-46.4431,12.694,11.6973,3.14825,-14.2671,32.7377,0.15477,32.5362
6.48,-5.91233,-1.99924,0.162368,0.52876,0.00131608,1.24377,-0.481763,-0.171735,0.546601,0.637704,3.18213,-2.70948,2.21591,-3.02451,3.26608,-1.1707,-0.398728,-4.31904,4.18776,-3.13539,3.14478,-0.790095,0.523963,-4.86185,-2.0201,-7.22028,-0.399395,-7.18718,-3.66031,-4.31233,-1.99713,-6.71415,-0.61465,-6.71051,-3.38593,0.334325,0.640301,-0.514573,0.134254,-0.00784059,0.471541,-0.0287184,-0.982049,-0.511797,-3.41493,0.5354,-0.0572217,3.15336,0.772153,2.18587,0.444307,3.23307,0.249573,-0.43214,0.509921,4.15773,0.647632,3.11053,-0.0531973,0.492388,-0.0570649,1.01845,0.696541,-1.29397,1.67348,-59.0837,17.8612,-46.6867,31.3774,39.7735,-13.196,34.8034,-31.3831,6.00996,-1.77595,-0.00239354,0.00643117,-0.532193,12.7237,-22.3746,19.3474,0,3.39723,-3.72359,5.583,-6.51668,1.63948,1.3664,-2.20455,1.37229,-0.466066,20.3363,-36.0312,20.4954,33.673,-4.89321,10.1542,-5.12474,-16.8666,6.15586,1.41931,0.00736035,-0.00268335,-0.00887983,2.05164,-2.05272,0.15141,-0.0266429,-0.0412011,-0.0556073,8.80049,15.8447,0.200866,5.96487,-22.4562,-0.00304002,0.129332,-6.66897,0.202849,0.063431,0.239937,-5.91248,-1.9914,-0.00784059,0,2702,0,0,2.25514e-17,1.73472e-18,-2.77556e-17,-2.77556e-17,-3.1225e-17,-2.77556e-17,-3.1225e-17,-4.76778e-17,0,-0.511797,-0.386219,0.535368,-0.00887719,3.14159,2.18587,0.066648,3.23305,0.0374359,-0.392699,4.15773,0.0971978,3.11038,-0.0079796,0.523599,0,0,0,0.133399,-0.0287184,-0.511797,0.5354,3.15336,2.18587,3.23307,-0.43214,4.15773,3.11053,0.492388,0.0300345,-2.53126,0.92369,0.000155401,-0.0807711,-0.00133198,0.307747,-0.307908,0.0319216,0.0550718,0.0143734,1.00043,1.38877,0.00239343,-0.413174,0.390739,182.687,323.833,-2.67059,114.719,-433.451,-0.0669695,1.54233,-134.812,-0.592049,28.3448,-0.0149757,28.3469,-13.1759,-76.0408,-76.5173,-15.3085,-31.6133,-187.539,-31.4731,-187.518,-61.8278,-2.58616,89.2549,-37.9581,109.605,63.1086,34.3299,-2.37517,19.3669,-2.47482,-45.9507,12.6715,12.1615,3.09756,-14.2915,32.6458,0.163504,32.4443
6.52,-5.91182,-1.99915,0.161295,0.527077,0.00142244,1.2415,-0.481253,-0.175392,0.54719,0.648235,3.18259,-2.70166,2.21511,-3.01316,3.26523,-1.17041,-0.399453,-4.31916,4.18776,-3.13528,3.14478,-0.790484,0.523964,-4.86133,-2.02013,-7.21975,-0.398996,-7.18652,-3.66031,-4.31182,-1.99688,-6.71379,-0.614652,-6.70985,-3.38593,0.330802,0.651519,-0.514463,0.133145,-0.00777301,0.4703,-0.0286352,-0.982059,-0.511311,-3.39902,0.535887,-0.0572463,3.15385,0.791264,2.18506,0.433884,3.23225,0.255853,-0.432958,0.510599,4.1577,0.64737,3.1105,-0.0532087,0.492366,-0.0570385,1.01815,0.694267,-1.29345,1.67033,-58.5678,17.7689,-46.3735,31.1203,39.3337,-13.1062,34.5129,-31.126,6.00211,-1.77632,-0.00239943,0.00643751,-0.53482,12.7853,-22.4147,19.2977,0,3.43307,-3.79895,5.5945,-6.48244,1.66368,1.37997,-2.22519,1.37588,-0.473648,20.3521,-36.0202,20.4514,33.6486,-4.90752,10.1522,-5.11337,-16.8543,6.14895,1.41718,0.00734544,-0.0026721,-0.00885806,2.04934,-2.05041,0.151387,-0.0268229,-0.0420669,-0.0567629,8.70914,16.1077,0.195468,6.22874,-22.3721,-0.00294351,0.132173,-6.67871,0.202583,0.0643733,0.239667,-5.91206,-1.99138,-0.00777301,0,2704,0,-2.77556e-17,-2.94903e-17,6.93889e-18,0,-2.08167e-17,-3.46945e-18,9.71445e-17,9.36751e-17,9.3648e-17,0,-0.511311,-0.384427,0.535855,-0.00888057,3.14159,2.18506,0.0650845,3.23223,0.038378,-0.392699,4.1577,0.0971584,3.11036,-0.00798131,0.523599,0,0,0,0.13231,-0.0286352,-0.511311,0.535887,3.15385,2.18506,3.23225,-0.432958,4.1577,3.1105,0.492366,0.0300576,-2.52942,0.922652,0.000154982,-0.0807925,-0.00132871,0.307401,-0.307562,0.0318738,0.0550779,0.0143754,1.00043,1.38988,0.00364539,-0.419959,0.383795,180.834,329.09,-1.59302,120.518,-431.343,-0.0663828,1.59035,-135.014,-0.592309,28.1778,-0.0148157,28.1799,-13.3044,-76.2306,-76.8037,-15.1103,-31.5755,-187.462,-31.4283,-187.442,-61.455,-2.60193,89.1458,-37.9953,109.474,63.0335,34.8873,-2.34983,19.1705,-2.44876,-45.7272,12.7023,12.7762,3.07599,-14.313,32.6335,0.168595,32.4318
6.56,-5.91131,-1.99907,0.160219,0.525376,0.0015283,1.2392,-0.480747,-0.179013,0.547778,0.658557,3.18304,-2.694,2.21434,-3.0023,3.2644,-1.16963,-0.40015,-4.31926,4.18776,-3.13514,3.14477,-0.790861,0.523965,-4.86081,-2.02016,-7.21922,-0.398609,-7.18586,-3.66032,-4.31131,-1.99663,-6.71343,-0.614654,-6.70919,-3.38593,0.327316,0.662246,-0.514334,0.132028,-0.00770573,0.469014,-0.0285525,-0.982049,-0.510827,-3.38279,0.53637,-0.0572711,3.15433,0.80959,2.18426,0.423834,3.23146,0.263029,-0.43375,0.510957,4.15768,0.64716,3.11048,-0.0532185,0.492342,-0.0570122,1.01785,0.691934,-1.29293,1.66712,-58.0468,17.6762,-46.0587,30.8613,38.8906,-13.0161,34.2212,-30.8671,5.99406,-1.77657,-0.00240522,0.00644335,-0.537487,12.8441,-22.4542,19.2479,0,3.46922,-3.87269,5.60597,-6.44882,1.68742,1.39667,-2.25238,1.3835,-0.481672,20.3563,-36.009,20.4068,33.6233,-4.91603,10.1501,-5.10184,-16.8417,6.14208,1.41516,0.00733685,-0.0026631,-0.00884377,2.04705,-2.04812,0.151365,-0.0268854,-0.0425236,-0.0573699,8.61869,16.3655,0.191388,6.48099,-22.227,-0.00269886,0.135438,-6.68816,0.202311,0.065298,0.239399,-5.91164,-1.99137,-0.00770573,0,2706,0,0,2.42861e-17,-3.46945e-18,-2.42861e-17,-3.1225e-17,-2.08167e-17,4.85723e-17,4.85723e-17,5.61346e-17,0,-0.510827,-0.3826,0.536338,-0.00888392,3.14159,2.18426,0.0635767,3.23144,0.0394544,-0.392699,4.15768,0.0971264,3.11034,-0.00798277,0.523599,0,0,0,0.131214,-0.0285525,-0.510827,0.53637,3.15433,2.18426,3.23146,-0.43375,4.15768,3.11048,0.492342,0.0300808,-2.52752,0.921618,0.000153433,-0.0808154,-0.00132657,0.307057,-0.307218,0.0318284,0.0550839,0.0143775,1.00042,1.38985,0.0103516,-0.40055,0.396405,178.899,334.149,-1.51745,125.646,-426.123,-0.0636402,1.6383,-135.187,-0.588967,27.1151,-0.0149996,27.1172,-13.3657,-75.8594,-76.5663,-14.6762,-31.2762,-186.819,-31.1233,-186.8,-59.291,-2.54042,88.0432,-37.6054,108.434,62.4345,35.4236,-2.18301,18.9653,-2.28119,-45.1738,12.6429,13.3199,3.01602,-14.3314,32.5284,0.173678,32.3266
6.6,-5.91081,-1.99899,0.159147,0.523719,0.0016331,1.23697,-0.480243,-0.182461,0.548363,0.668444,3.18349,-2.68678,2.2136,-2.99206,3.26359,-1.16913,-0.400825,-4.31939,4.18776,-3.135,3.14477,-0.791341,0.523966,-4.86029,-2.02018,-7.2187,-0.398234,-7.18521,-3.66032,-4.31081,-1.99638,-6.71307,-0.614656,-6.70854,-3.38593,0.324002,0.672356,-0.514197,0.130898,-0.00763851,0.467701,-0.0284824,-0.981982,-0.510358,-3.36645,0.536839,-0.057299,3.1548,0.827498,2.18348,0.413968,3.23068,0.270005,-0.43453,0.511445,4.15764,0.646819,3.11044,-0.053231,0.492307,-0.0569889,1.01755,0.689569,-1.29242,1.6639,-57.5251,17.584,-45.7452,30.6034,38.4476,-12.9264,33.9308,-30.6092,5.98593,-1.77674,-0.00241093,0.0064489,-0.540171,12.9016,-22.4932,19.1983,0,3.50572,-3.94626,5.61759,-6.41583,1.71091,1.41235,-2.27803,1.39012,-0.489562,20.3649,-35.9974,20.3621,33.5961,-4.92747,10.1478,-5.09028,-16.8281,6.13495,1.41281,0.00732939,-0.00265455,-0.00883048,2.04467,-2.04574,0.151342,-0.0268004,-0.0414335,-0.0558792,8.53256,16.6123,0.180592,6.71832,-22.1006,-0.00319918,0.13894,-6.7002,0.202036,0.0662128,0.239122,-5.91101,-1.99135,-0.00763851,0,2709,0,1.38778e-17,5.20417e-18,-2.77556e-17,-1.73472e-17,0,-1.38778e-17,1.31839e-16,1.249e-16,1.23762e-16,0,-0.510358,-0.380761,0.536808,-0.00888771,3.14159,2.18348,0.0620967,3.23066,0.0405007,-0.392699,4.15764,0.0970751,3.1103,-0.00798465,0.523599,0,0,0,0.130104,-0.0284824,-0.510358,0.536839,3.1548,2.18348,3.23068,-0.43453,4.15764,3.11044,0.492307,0.0301155,-2.52547,0.920548,0.000152764,-0.0818762,-0.00132457,0.3067,-0.306861,0.0317753,0.055093,0.0143805,1.00042,1.38957,0.013529,-0.392737,0.402222,177.114,339.05,-1.46436,130.441,-424.322,-0.0673574,1.69468,-135.431,-0.587765,26.5552,-0.0150717,26.5573,-13.4976,-75.7609,-76.588,-14.3619,-31.1046,-186.376,-30.9481,-186.357,-58.1315,-2.52009,87.4703,-37.4379,107.844,62.0947,35.9431,-2.09703,18.7761,-2.19445,-44.9829,12.6271,13.8283,2.97497,-14.3572,32.4548,0.179655,32.2528
6.64,-5.9103,-1.99891,0.158074,0.522032,0.00173903,1.23469,-0.47974,-0.186041,0.548946,0.67845,3.18394,-2.67944,2.21282,-2.98168,3.26276,-1.16966,-0.401543,-4.31951,4.18776,-3.13488,3.14477,-0.791724,0.523968,-4.85978,-2.02021,-7.21817,-0.397841,-7.18456,-3.66032,-4.3103,-1.99612,-6.71271,-0.614659,-6.70789,-3.38594,0.320555,0.682618,-0.514082,0.129783,-0.00757153,0.466465,-0.0283996,-0.982051,-0.509879,-3.35052,0.537319,-0.0573235,3.15528,0.844943,2.18268,0.404656,3.22988,0.275305,-0.435336,0.512113,4.15762,0.646606,3.11042,-0.0532433,0.492285,-0.0569632,1.01725,0.687321,-1.29191,1.66078,-57.0315,17.4952,-45.4438,30.3559,38.0304,-12.84,33.6519,-30.3618,5.97798,-1.77678,-0.00241658,0.00645451,-0.542776,12.9587,-22.5308,19.1519,0,3.54139,-4.018,5.62751,-6.38387,1.73358,1.42207,-2.29251,1.3904,-0.496316,20.3804,-35.9869,20.3186,33.5724,-4.94135,10.146,-5.07903,-16.8162,6.12807,1.4108,0.00731083,-0.00264206,-0.00880439,2.04238,-2.04345,0.15132,-0.0268298,-0.0421817,-0.056844,8.44315,16.8622,0.183353,6.9583,-22.0806,-0.00298899,0.141901,-6.7098,0.201767,0.0670963,0.238853,-5.91059,-1.99134,-0.00757153,0,2711,2.77556e-17,4.16334e-17,2.60209e-17,-1.73472e-18,-1.04083e-17,-3.46945e-18,-6.93889e-18,5.55112e-17,6.245e-17,6.98226e-17,0,-0.509879,-0.378968,0.537287,-0.00889102,3.14159,2.18268,0.0606996,3.22986,0.0412958,-0.392699,4.15762,0.0970426,3.11028,-0.00798649,0.523599,0,0,0,0.129009,-0.0283996,-0.509879,0.537319,3.15528,2.18268,3.22988,-0.435336,4.15762,3.11042,0.492285,0.0301386,-2.52368,0.919513,0.000151099,-0.0817475,-0.00132066,0.306356,-0.306517,0.0317302,0.055099,0.0143825,1.00042,1.38751,0.0146885,-0.402442,0.390599,175.298,344.04,-1.34604,135.286,-427.033,-0.0642898,1.74385,-135.628,-0.587988,26.29,-0.0154194,26.2922,-13.5304,-75.7865,-76.7044,-14.1297,-30.9858,-185.854,-30.8233,-185.836,-57.5622,-2.52441,87.1355,-37.3752,107.429,61.8561,36.4721,-2.0609,18.5836,-2.15759,-45.2703,12.6312,14.3418,2.94599,-14.3781,32.3651,0.184867,32.1634
6.68,-5.9098,-1.99882,0.157004,0.520382,0.00184341,1.23247,-0.479238,-0.189472,0.549528,0.688055,3.18439,-2.67235,2.21203,-2.97162,3.26192,-1.17061,-0.402265,-4.31965,4.18776,-3.13476,3.14477,-0.792207,0.523971,-4.85926,-2.02023,-7.21764,-0.397446,-7.18391,-3.66032,-4.3098,-1.99587,-6.71235,-0.61466,-6.70724,-3.38594,0.317254,0.692561,-0.513966,0.128656,-0.00750439,0.465181,-0.0283299,-0.981854,-0.509411,-3.33454,0.537786,-0.0573512,3.15575,0.862564,2.18186,0.395111,3.22906,0.280042,-0.436154,0.512634,4.15759,0.646331,3.11039,-0.0532596,0.492252,-0.0569406,1.01696,0.685011,-1.2914,1.65762,-56.5257,17.4062,-45.1415,30.1082,37.6016,-12.7535,33.3723,-30.1141,5.97012,-1.77684,-0.00242212,0.0064597,-0.545421,13.0171,-22.5695,19.1048,0,3.57828,-4.09219,5.63808,-6.35172,1.75667,1.42927,-2.30267,1.38785,-0.502801,20.3906,-35.9763,20.2748,33.5469,-4.95303,10.144,-5.06769,-16.8034,6.12106,1.40863,0.00728833,-0.00262819,-0.00877319,2.04004,-2.0411,0.151298,-0.0267601,-0.0412319,-0.0556343,8.35743,17.102,0.177388,7.19023,-22.1046,-0.00348249,0.144919,-6.7219,0.201501,0.0679962,0.23858,-5.90996,-1.99132,-0.00750439,0,2714,-1.38778e-17,0,6.93889e-18,-2.94903e-17,2.42861e-17,3.1225e-17,2.77556e-17,-6.93889e-17,-6.93889e-17,-6.42119e-17,0,-0.509411,-0.377169,0.537755,-0.00889478,3.14159,2.18186,0.0592678,3.22904,0.0420063,-0.392699,4.15759,0.0970014,3.11025,-0.00798895,0.523599,0,0,0,0.127901,-0.0283299,-0.509411,0.537786,3.15575,2.18186,3.22906,-0.436154,4.15759,3.11039,0.492252,0.0301734,-2.52176,0.918462,0.000151265,-0.0827186,-0.00131598,0.306006,-0.306166,0.0316813,0.0551081,0.0143856,1.00041,1.3921,0.013367,-0.405242,0.39398,173.62,348.896,-1.38512,139.886,-429.858,-0.0653812,1.80892,-135.889,-0.589713,26.5721,-0.0145253,26.5742,-13.6301,-76.4123,-77.401,-14.0773,-31.1251,-186.417,-30.9563,-186.4,-58.0889,-2.57673,87.6507,-37.6776,107.917,62.1373,36.9868,-2.10203,18.4056,-2.19805,-45.5697,12.7339,14.8295,2.94903,-14.4058,32.4618,0.191766,32.2594
6.72,-5.90931,-1.99874,0.155927,0.518718,0.00194385,1.23023,-0.478743,-0.192963,0.550101,0.697683,3.18484,-2.66341,2.21089,-2.9561,3.26073,-1.17754,-0.403325,-4.31979,4.18776,-3.13467,3.14477,-0.792602,0.523974,-4.85876,-2.02026,-7.21704,-0.396869,-7.18328,-3.66032,-4.30931,-1.99563,-6.712,-0.614658,-6.70661,-3.38593,0.313893,0.707953,-0.513876,0.127544,-0.00743674,0.463958,-0.0282527,-0.981853,-0.50894,-3.31881,0.538258,-0.0573757,3.15622,0.879174,2.1807,0.386613,3.22789,0.284762,-0.437316,0.513159,4.15756,0.646238,3.11036,-0.0532739,0.49223,-0.0569155,1.01667,0.682797,-1.2909,1.65455,-56.0462,17.3202,-44.8497,29.869,37.1974,-12.6698,33.1026,-29.875,5.96229,-1.77674,-0.00242764,0.00646501,-0.548,13.0746,-22.6096,19.0641,0,3.61472,-4.15938,5.64266,-6.31749,1.77878,1.43725,-2.31443,1.38706,-0.508946,20.4016,-35.9668,20.2323,33.5247,-4.9639,10.1426,-5.05669,-16.7923,6.11437,1.40692,0.00726229,-0.00261314,-0.00873824,2.03781,-2.03887,0.151276,-0.0269205,-0.0416122,-0.0560368,8.27021,17.3425,0.223563,7.5498,-22.2778,-0.00352706,0.147252,-6.7318,0.201236,0.0688609,0.238318,-5.90954,-1.99131,-0.00743674,0,2716,0,-1.38778e-17,-5.0307e-17,2.60209e-17,-1.04083e-17,-3.1225e-17,-6.93889e-18,1.8735e-16,1.73472e-16,1.7949e-16,0,-0.50894,-0.375399,0.538227,-0.00889805,3.14159,2.1807,0.0579929,3.22788,0.0427143,-0.392699,4.15756,0.0969867,3.11022,-0.00799108,0.523599,0,0,0,0.126807,-0.0282527,-0.50894,0.538258,3.15622,2.1807,3.22789,-0.437316,4.15756,3.11036,0.49223,0.0301965,-2.52007,0.917453,0.000148955,-0.0829893,-0.00131074,0.305671,-0.30583,0.0316426,0.0551141,0.0143876,1.00041,1.39522,0.0245224,-0.381258,0.395862,171.604,353.456,-1.43952,147.069,-433.637,-0.0579204,1.90235,-136.041,-0.583783,25.094,-0.014703,25.0961,-13.4271,-75.9982,-77.0937,-13.6188,-30.774,-185.989,-30.5984,-185.974,-55.1017,-2.47158,86.2164,-37.1775,106.696,61.4342,37.4703,-1.86376,18.192,-1.95914,-45.9704,12.6696,15.591,2.88662,-14.4219,32.3972,0.201671,32.1944
6.76,-5.90883,-1.99866,0.154855,0.517054,0.00204339,1.22799,-0.478257,-0.196369,0.550667,0.706997,3.18528,-2.65627,2.21014,-2.94796,3.25989,-1.17483,-0.404014,-4.31993,4.18776,-3.13456,3.14477,-0.792984,0.523977,-4.85826,-2.02029,-7.21653,-0.396487,-7.18266,-3.66032,-4.30883,-1.99539,-6.71166,-0.614657,-6.70599,-3.38593,0.310615,0.715949,-0.513771,0.126425,-0.00737049,0.462722,-0.0281763,-0.981954,-0.508477,-3.3029,0.538721,-0.0574001,3.15668,0.903937,2.17992,0.372954,3.22712,0.29065,-0.438094,0.513552,4.15754,0.646196,3.11034,-0.0532877,0.492209,-0.0568904,1.01638,0.680567,-1.29041,1.65146,-55.5728,17.2348,-44.56,29.6311,36.8006,-12.5869,32.835,-29.637,5.95423,-1.77645,-0.00243308,0.00647004,-0.550578,13.1641,-22.659,19.0133,0,3.65923,-4.26995,5.65998,-6.28348,1.80783,1.44654,-2.32627,1.38371,-0.517136,20.408,-35.9574,20.1895,33.5026,-4.97222,10.1412,-5.04565,-16.7813,6.10772,1.40531,0.0072374,-0.00259851,-0.0087047,2.03559,-2.03664,0.151254,-0.0267923,-0.041593,-0.0558917,8.18511,17.575,0.178387,7.73448,-22.2103,-0.00337014,0.149939,-6.74139,0.200964,0.069992,0.238059,-5.90912,-1.9913,-0.00737049,0,2718,1.38778e-17,2.77556e-17,-5.20417e-18,-3.98986e-17,-1.38778e-17,-2.42861e-17,-6.93889e-18,-3.46945e-17,-3.46945e-17,-4.85452e-17,0,-0.508477,-0.373608,0.538691,-0.00890128,3.14159,2.17992,0.0559439,3.2271,0.0435975,-0.392699,4.15754,0.0969793,3.1102,-0.00799316,0.523599,0,0,0,0.125707,-0.0281763,-0.508477,0.538721,3.15668,2.17992,3.22712,-0.438094,4.15754,3.11034,0.492209,0.0302197,-2.51839,0.916448,0.00014517,-0.0830612,-0.00130571,0.305338,-0.305497,0.0316067,0.0551202,0.0143896,1.00041,1.39402,0.0348751,-0.353631,0.405464,169.684,357.911,-2.48703,150.228,-430.816,-0.0543394,1.96292,-136.2,-0.577242,23.295,-0.0152338,23.2971,-13.125,-75.2798,-76.4968,-13.0227,-30.2476,-184.849,-30.0701,-184.833,-51.4711,-2.33383,84.3141,-36.4327,104.873,60.3846,37.9426,-1.58085,17.9884,-1.67556,-45.6713,12.5545,15.9258,2.80189,-14.4388,32.2103,0.208091,32.0074
6.8,-5.90834,-1.99858,0.153796,0.515442,0.00214362,1.22582,-0.477775,-0.199619,0.551229,0.715875,3.18571,-2.64981,2.20941,-2.93957,3.2591,-1.17473,-0.404686,-4.32008,4.18776,-3.13445,3.14477,-0.793462,0.523981,-4.85777,-2.02031,-7.21603,-0.396117,-7.18203,-3.66032,-4.30834,-1.99515,-6.71131,-0.614658,-6.70537,-3.38593,0.307492,0.724211,-0.513667,0.1253,-0.00730491,0.461483,-0.0281108,-0.981922,-0.508029,-3.28717,0.539168,-0.0574274,3.15713,0.922521,2.17915,0.362992,3.22635,0.295582,-0.438862,0.514159,4.1575,0.646021,3.11031,-0.0533076,0.492177,-0.0568686,1.0161,0.678343,-1.28992,1.6484,-55.1023,17.1509,-44.2748,29.3972,36.4059,-12.5053,32.5718,-29.4033,5.94633,-1.77614,-0.00243833,0.00647458,-0.553141,13.2289,-22.6984,18.9679,0,3.69788,-4.35292,5.67167,-6.25307,1.83145,1.45394,-2.33696,1.38152,-0.52382,20.4218,-35.9479,20.1472,33.4794,-4.98493,10.1397,-5.03468,-16.7696,6.10087,1.40341,0.00720124,-0.00257996,-0.00865739,2.0333,-2.03435,0.151233,-0.0264904,-0.0403151,-0.0541369,8.10393,17.7967,0.16146,7.9257,-22.2037,-0.00385444,0.152682,-6.75338,0.200697,0.0709124,0.237792,-5.90849,-1.99128,-0.00730491,0,2721,-1.38778e-17,-2.77556e-17,3.46945e-18,-2.77556e-17,-1.04083e-17,-2.42861e-17,0,1.8735e-16,1.80411e-16,1.65314e-16,0,-0.508029,-0.371837,0.539139,-0.00890493,3.14159,2.17915,0.0544495,3.22633,0.0443373,-0.392699,4.1575,0.0969525,3.11017,-0.00799613,0.523599,0,0,0,0.124601,-0.0281108,-0.508029,0.539168,3.15713,2.17915,3.22635,-0.438862,4.1575,3.11031,0.492177,0.0302544,-2.51662,0.915417,0.000143293,-0.0839323,-0.00129861,0.304996,-0.305153,0.0315637,0.0551292,0.0143927,1.0004,1.39434,0.033686,-0.358498,0.400243,168.062,362.362,-1.56483,154.645,-432.036,-0.0579021,2.00185,-136.455,-0.578575,23.3827,-0.0150962,23.3848,-13.1659,-75.6226,-76.913,-12.8919,-30.2607,-184.786,-30.0777,-184.771,-51.6107,-2.36512,84.4626,-36.5703,104.918,60.4114,38.4144,-1.59742,17.8164,-1.69147,-45.8006,12.6102,16.3941,2.7905,-14.4658,32.1988,0.212218,31.9957
6.84,-5.90787,-1.9985,0.152736,0.513821,0.00224022,1.22365,-0.477298,-0.202957,0.551781,0.724797,3.18614,-2.64344,2.20866,-2.93106,3.2583,-1.17539,-0.405375,-4.32024,4.18776,-3.1344,3.14477,-0.793867,0.523987,-4.85728,-2.02034,-7.21552,-0.395738,-7.18142,-3.66032,-4.30787,-1.99492,-6.71097,-0.614655,-6.70476,-3.38593,0.304277,0.732619,-0.513614,0.1242,-0.00723897,0.460315,-0.0280373,-0.981849,-0.507576,-3.27204,0.539622,-0.0574512,3.15759,0.939538,2.17838,0.354162,3.22558,0.300124,-0.439632,0.514863,4.15748,0.645977,3.11029,-0.0533282,0.492158,-0.0568446,1.01582,0.67623,-1.28944,1.64545,-54.6534,17.0703,-44.0018,29.1743,36.0296,-12.427,32.32,-29.1804,5.9388,-1.77582,-0.00244343,0.00647901,-0.555624,13.2886,-22.7346,18.926,0,3.7344,-4.42887,5.68108,-6.22432,1.85331,1.46062,-2.34668,1.37956,-0.529954,20.4398,-35.9398,20.1065,33.4595,-4.99867,10.1388,-5.02414,-16.7596,6.0943,1.40185,0.00714997,-0.00255619,-0.00859237,2.03111,-2.03215,0.151212,-0.0264878,-0.0405157,-0.0543883,8.02054,18.0195,0.159315,8.11999,-22.2194,-0.00402505,0.15415,-6.76352,0.200441,0.0717645,0.237535,-5.90807,-1.99126,-0.00723897,0,2723,1.38778e-17,2.77556e-17,-2.08167e-17,-2.25514e-17,-2.77556e-17,-5.55112e-17,-1.38778e-17,1.11022e-16,1.07553e-16,1.24656e-16,0,-0.507576,-0.370134,0.539592,-0.00890807,3.14159,2.17838,0.0531249,3.22556,0.0450186,-0.392699,4.15748,0.0969455,3.11015,-0.00799922,0.523599,0,0,0,0.123518,-0.0280373,-0.507576,0.539622,3.15759,2.17838,3.22558,-0.439632,4.15748,3.11029,0.492158,0.0302775,-2.5151,0.914429,0.000142027,-0.0841487,-0.00128886,0.304667,-0.304823,0.0315287,0.0551353,0.0143947,1.0004,1.39903,0.0337266,-0.366287,0.386099,166.34,366.777,-1.30955,158.707,-432.885,-0.0528673,2.01457,-136.652,-0.578952,23.3843,-0.0145764,23.3864,-13.2122,-76.1004,-77.4669,-12.7729,-30.3245,-185.232,-30.1338,-185.219,-51.5833,-2.38853,84.6996,-36.7481,105.14,60.5396,38.8825,-1.59338,17.6339,-1.68687,-45.8907,12.6892,16.8248,2.78266,-14.4866,32.2771,0.213567,32.0733
6.88,-5.90742,-1.99842,0.151664,0.512227,0.00232709,1.22152,-0.476836,-0.206156,0.552319,0.733328,3.18656,-2.63743,2.20793,-2.92309,3.25752,-1.17599,-0.406045,-4.32045,4.18777,-3.13443,3.14478,-0.794263,0.524004,-4.85682,-2.02038,-7.21504,-0.395359,-7.18085,-3.66032,-4.30742,-1.9947,-6.71064,-0.614643,-6.70419,-3.38592,0.301198,0.740471,-0.513647,0.1231,-0.00717103,0.459124,-0.0279736,-0.981652,-0.507137,-3.25694,0.540061,-0.057475,3.15803,0.956278,2.17763,0.345408,3.22483,0.30462,-0.440383,0.515543,4.15747,0.645907,3.11028,-0.0533725,0.492152,-0.0568209,1.01554,0.674094,-1.28897,1.6425,-54.2032,16.9906,-43.7312,28.9534,35.6521,-12.3496,32.0706,-28.9594,5.93131,-1.77545,-0.00244841,0.0064831,-0.558112,13.3476,-22.7707,18.8842,0,3.77125,-4.50505,5.69076,-6.19603,1.87502,1.46698,-2.3562,1.37748,-0.536036,20.4576,-35.933,20.0667,33.4395,-5.01229,10.1381,-5.01381,-16.7491,6.08761,1.40031,0.00700518,-0.00249928,-0.00841462,2.02888,-2.0299,0.151191,-0.0268161,-0.0398519,-0.053278,7.94059,18.2325,0.150276,8.30083,-22.2346,-0.00515853,0.153756,-6.77348,0.200188,0.0726112,0.237274,-5.90765,-1.99125,-0.00717103,0,2725,1.38778e-17,-1.38778e-17,3.98986e-17,-6.245e-17,-2.42861e-17,-3.64292e-17,-6.93889e-18,1.80411e-16,1.70003e-16,1.6591e-16,0,-0.507137,-0.368433,0.540033,-0.00891119,3.14159,2.17763,0.0518115,3.22481,0.0456931,-0.392699,4.15747,0.0969337,3.11015,-0.00800587,0.523599,0,0,0,0.122435,-0.0279736,-0.507137,0.540061,3.15803,2.17763,3.22483,-0.440383,4.15747,3.11028,0.492152,0.0303007,-2.51351,0.913418,0.000138215,-0.0855159,-0.00126219,0.304332,-0.304485,0.0314937,0.0551413,0.0143967,1.0004,1.41058,0.0452355,-0.330405,0.397741,164.454,370.768,-1.35952,162.407,-433.662,-0.0441246,2.02882,-136.798,-0.571218,21.5778,-0.0137057,21.5799,-13.0096,-75.8946,-77.3742,-12.3154,-30.0058,-185.666,-29.8044,-185.655,-47.9514,-2.24263,83.3357,-36.2285,104.035,59.9058,39.3056,-1.28954,17.434,-1.38261,-45.9731,12.6614,17.2169,2.72413,-14.5021,32.3663,0.215078,32.1611
6.92,-5.90705,-1.99834,0.150593,0.510743,0.00239403,1.21956,-0.476417,-0.208929,0.552816,0.741021,3.18694,-2.63223,2.20725,-2.91618,3.25679,-1.17648,-0.406664,-4.32068,4.18777,-3.13441,3.14478,-0.794673,0.524009,-4.85644,-2.02043,-7.21461,-0.394996,-7.18038,-3.6603,-4.30705,-1.99451,-6.71036,-0.614619,-6.70373,-3.38589,0.298538,0.747278,-0.51364,0.121986,-0.00710463,0.457972,-0.0279298,-0.981889,-0.506741,-3.24179,0.540457,-0.057498,3.15843,0.972548,2.17693,0.337027,3.22413,0.30897,-0.441081,0.515042,4.15744,0.64664,3.11025,-0.0533931,0.492132,-0.0567971,1.01527,0.672021,-1.28852,1.63961,-53.7821,16.9136,-43.4698,28.7386,35.3039,-12.2747,31.8297,-28.7446,5.92343,-1.77475,-0.00245305,0.00648658,-0.560525,13.4051,-22.8047,18.8433,0,3.8072,-4.58002,5.70023,-6.16919,1.89603,1.47298,-2.36517,1.37537,-0.541928,20.4356,-35.9283,20.0276,33.427,-5.00175,10.1389,-5.00383,-16.7431,6.08213,1.40058,0.00695327,-0.00247556,-0.00834985,2.02705,-2.02806,0.15117,-0.0267654,-0.0370976,-0.0489283,7.8712,18.4246,0.130077,8.45675,-22.2468,-0.00591902,0.153948,-6.78379,0.199923,0.0734306,0.23706,-5.90723,-1.99124,-0.00710463,0,2727,-1.38778e-17,0,-2.08167e-17,6.59195e-17,-6.93889e-18,-5.20417e-18,-6.93889e-18,2.08167e-17,1.73472e-17,3.68629e-18,0,-0.506741,-0.366724,0.540433,-0.00891411,3.14159,2.17693,0.0505543,3.22411,0.0463454,-0.392699,4.15744,0.0970396,3.11013,-0.00800896,0.523599,0,0,0,0.12134,-0.0279298,-0.506741,0.540457,3.15843,2.17693,3.22413,-0.441081,4.15744,3.11025,0.492132,0.0303239,-2.51251,0.912572,0.000126446,-0.0872465,-0.00125248,0.304058,-0.304209,0.031499,0.0551474,0.0143988,1.00039,1.42231,0.0731569,-0.258487,0.413275,162.461,374.014,-1.41559,165.701,-434.631,-0.0189543,2.14913,-136.88,-0.551643,16.8896,-0.0134055,16.8917,-12.346,-74.1287,-75.7678,-11.2614,-28.8938,-184.761,-28.6905,-184.748,-38.5753,-1.82049,78.992,-34.4035,100.186,57.6896,39.6496,-0.524274,17.2226,-0.617164,-46.0757,12.384,17.5662,2.57008,-14.5108,32.2416,0.227831,32.0346
6.96,-5.90665,-1.99827,0.149597,0.509325,0.0024738,1.21771,-0.476021,-0.211534,0.553288,0.748196,3.1873,-2.62735,2.20663,-2.90989,3.25613,-1.1766,-0.407231,-4.32087,4.18775,-3.1343,3.14477,-0.795002,0.524011,-4.85603,-2.02045,-7.21419,-0.394682,-7.17987,-3.6603,-4.30666,-1.99432,-6.71008,-0.614616,-6.70322,-3.38589,0.296046,0.753473,-0.513541,0.120876,-0.0070495,0.457019,-0.0278732,-0.983167,-0.506368,-3.22715,0.54083,-0.0575198,3.1588,0.988487,2.17629,0.329463,3.22348,0.313113,-0.441721,0.515529,4.15741,0.647443,3.11021,-0.05341,0.49211,-0.0567736,1.01499,0.670231,-1.28806,1.63694,-53.4394,16.8435,-43.2321,28.542,35.0314,-12.2066,31.6112,-28.5479,5.91517,-1.77346,-0.0024576,0.00649046,-0.562686,13.4624,-22.834,18.8069,0,3.84011,-4.65257,5.70783,-6.14514,1.91559,1.47918,-2.37373,1.37398,-0.547466,20.4491,-35.9243,19.9904,33.4207,-5.00782,10.1403,-4.99428,-16.7403,6.07689,1.40103,0.00691552,-0.00245697,-0.00830345,2.0253,-2.02631,0.15115,-0.0248872,-0.0354397,-0.0462773,7.80612,18.6037,0.121883,8.59857,-22.2453,-0.00469972,0.156354,-6.79208,0.199643,0.0741932,0.236855,-5.90681,-1.99123,-0.0070495,0,2729,0,-1.38778e-17,-5.72459e-17,1.00614e-16,-1.04083e-17,-5.20417e-18,-6.93889e-18,0,-6.93889e-18,1.02186e-17,0,-0.506368,-0.365076,0.540807,-0.00891687,3.14159,2.17629,0.0494196,3.22347,0.0469669,-0.392699,4.15741,0.0971549,3.1101,-0.0080115,0.523599,0,0,0,0.120246,-0.0278732,-0.506368,0.54083,3.1588,2.17629,3.22348,-0.441721,4.15741,3.11021,0.49211,0.030347,-2.51196,0.911755,0.000111006,-0.0857319,-0.00124552,0.303795,-0.303946,0.0315104,0.0551534,0.0144008,1.00039,1.40672,0.0972727,-0.207016,0.395692,160.563,376.984,-1.31737,168.79,-435.537,-0.0159613,2.31795,-136.954,-0.532003,12.1062,-0.0161053,12.1082,-11.4993,-71.0876,-72.8503,-10.0516,-27.2951,-180.42,-27.0965,-180.405,-28.9909,-1.37972,73.435,-32.0372,94.6392,54.496,39.9646,0.214562,17.0215,0.122203,-46.1718,11.8924,17.8937,2.37626,-14.5187,31.5162,0.245729,31.3107
7,-5.9062,-1.99821,0.148674,0.507899,0.00256925,1.21582,-0.475612,-0.214376,0.553762,0.755403,3.18767,-2.62206,2.20599,-2.90287,3.25545,-1.17731,-0.407824,-4.32101,4.18776,-3.13423,3.14478,-0.795396,0.524012,-4.85558,-2.02046,-7.21373,-0.394368,-7.17929,-3.66031,-4.30621,-1.9941,-6.70976,-0.614628,-6.70264,-3.3859,0.293309,0.760397,-0.513468,0.119842,-0.00699852,0.456102,-0.0278009,-0.983353,-0.505982,-3.21416,0.541215,-0.057541,3.15918,1.00316,2.17562,0.322553,3.22282,0.31743,-0.44239,0.516914,4.15739,0.647579,3.11019,-0.053424,0.492087,-0.0567525,1.01474,0.66852,-1.28763,1.6344,-53.0859,16.7776,-43.0087,28.3605,34.7401,-12.1429,31.406,-28.3665,5.9085,-1.77277,-0.00246181,0.00649369,-0.564763,13.516,-22.8623,18.7736,0,3.87151,-4.71971,5.71408,-6.12207,1.9339,1.48654,-2.38477,1.37451,-0.552871,20.493,-35.9189,19.9548,33.4091,-5.03241,10.1404,-4.98502,-16.7344,6.07106,1.39997,0.00688995,-0.00244311,-0.00827084,2.02336,-2.02436,0.151131,-0.0230791,-0.03566,-0.0472833,7.73514,18.7836,0.132232,8.75785,-22.2409,-0.00345511,0.158202,-6.80203,0.199416,0.0749067,0.236626,-5.90639,-1.99121,-0.00699852,0,2731,1.38778e-17,0,-5.20417e-18,4.85723e-17,0,-1.56125e-17,2.77556e-17,0,0,-4.60786e-19,0,-0.505982,-0.363617,0.541191,-0.00891965,3.14159,2.17562,0.048383,3.2228,0.0476144,-0.392699,4.15739,0.0971765,3.11008,-0.0080136,0.523599,0,0,0,0.119227,-0.0278009,-0.505982,0.541215,3.15918,2.17562,3.22282,-0.44239,4.15739,3.11019,0.492087,0.0303702,-2.51111,0.910889,0.000114526,-0.083404,-0.00124063,0.303503,-0.303653,0.0314885,0.0551595,0.0144028,1.00039,1.39935,0.050725,-0.322977,0.324565,159.839,381.259,-0.94036,172.02,-434.429,-0.0425395,2.23343,-137.306,-0.56565,19.7281,-0.016047,19.7303,-12.7268,-75.1453,-76.8362,-11.4781,-29.2539,-183.022,-29.0491,-183.011,-44.1836,-2.12077,81.1276,-35.4556,101.432,58.4075,40.4177,-1.01873,16.9447,-1.11046,-46.0544,12.5395,18.2361,2.60809,-14.556,31.9171,0.236768,31.7127
7.04,-5.90576,-1.99814,0.147775,0.506459,0.00266286,1.21387,-0.475191,-0.217358,0.554245,0.762745,3.18805,-2.61642,2.20531,-2.89541,3.25473,-1.17801,-0.408443,-4.32112,4.18776,-3.13417,3.14478,-0.795775,0.524014,-4.85512,-2.02047,-7.21327,-0.394034,-7.17872,-3.66032,-4.30576,-1.99388,-6.70944,-0.614636,-6.70207,-3.38591,0.290431,0.767758,-0.513399,0.118881,-0.00694451,0.455078,-0.0277305,-0.982587,-0.505584,-3.20163,0.541614,-0.0575624,3.15958,1.0177,2.17492,0.315138,3.22212,0.322684,-0.443091,0.517376,4.15737,0.647574,3.11017,-0.0534403,0.492065,-0.0567334,1.01451,0.666692,-1.28722,1.63186,-52.6944,16.7113,-42.7835,28.179,34.4089,-12.0786,31.1991,-28.185,5.90267,-1.77253,-0.00246588,0.00649639,-0.566919,13.57,-22.8942,18.7396,0,3.90475,-4.78883,5.72167,-6.09812,1.95274,1.4967,-2.40164,1.3779,-0.558907,20.5035,-35.9122,19.9195,33.3923,-5.04158,10.1396,-4.97582,-16.7258,6.06545,1.39869,0.00685445,-0.00242597,-0.00822545,2.02148,-2.02248,0.151113,-0.0224938,-0.0359939,-0.0486136,7.66067,18.9669,0.140901,8.9275,-22.2003,-0.00283011,0.15997,-6.81159,0.199217,0.0756416,0.236405,-5.90597,-1.9912,-0.00694451,0,2733,1.38778e-17,0,3.46945e-18,1.9082e-17,-4.85723e-17,-4.33681e-17,-4.16334e-17,-1.04083e-16,-9.36751e-17,-1.01427e-16,0,-0.505584,-0.362207,0.541588,-0.00892247,3.14159,2.17492,0.0472707,3.2221,0.0484026,-0.392699,4.15737,0.0971781,3.11006,-0.00801604,0.523599,0,0,0,0.118281,-0.0277305,-0.505584,0.541614,3.15958,2.17492,3.22212,-0.443091,4.15737,3.11017,0.492065,0.0303933,-2.50987,0.910059,0.000120956,-0.0825177,-0.00123382,0.303222,-0.303371,0.0314605,0.0551655,0.0144048,1.00038,1.40765,0.0206545,-0.366088,0.313894,158.648,385.238,-0.972096,175.362,-431.504,-0.0479466,2.2309,-137.537,-0.588431,25.072,-0.0147863,25.0741,-13.7508,-78.6311,-80.3245,-12.4784,-30.8539,-186.484,-30.6406,-186.477,-54.8282,-2.6548,87.0623,-38.1195,106.981,61.6031,40.8396,-1.86363,16.8184,-1.9548,-45.7442,13.1005,18.5903,2.78032,-14.5805,32.4849,0.2365,32.2798
7.08,-5.90529,-1.99808,0.146915,0.504937,0.00277771,1.21182,-0.474763,-0.22038,0.554743,0.770225,3.18844,-2.60855,2.2043,-2.88288,3.25367,-1.18283,-0.409377,-4.3211,4.18774,-3.13383,3.14476,-0.796049,0.523993,-4.85464,-2.02046,-7.21273,-0.393551,-7.17809,-3.66033,-4.30529,-1.99363,-6.70913,-0.614664,-6.70143,-3.38593,0.287518,0.780167,-0.513057,0.117945,-0.00689445,0.454035,-0.0276388,-0.983146,-0.50518,-3.1877,0.542018,-0.0575847,3.15999,1.03237,2.17388,0.30785,3.22108,0.329018,-0.444128,0.516593,4.15733,0.647968,3.11013,-0.0534059,0.492018,-0.0567152,1.01429,0.664841,-1.28681,1.62931,-52.3391,16.6445,-42.5568,27.9916,34.121,-12.0138,30.9908,-27.9976,5.89519,-1.77143,-0.00247096,0.00650147,-0.569071,13.6277,-22.9313,18.7096,0,3.93983,-4.85695,5.72565,-6.07106,1.97208,1.51092,-2.42576,1.38557,-0.565515,20.4689,-35.9024,19.8817,33.3759,-5.02685,10.1383,-4.96605,-16.7183,6.06087,1.39825,0.0070185,-0.00247897,-0.00842064,2.01995,-2.02097,0.151096,-0.0214949,-0.0380494,-0.0514243,7.58516,19.1537,0.196862,9.21543,-22.2279,0.00064796,0.167929,-6.81851,0.198963,0.0763989,0.236225,-5.90555,-1.99119,-0.00689445,0,2735,0,1.38778e-17,-2.60209e-17,-2.08167e-17,-2.77556e-17,-4.33681e-17,-6.93889e-18,5.55112e-17,4.85723e-17,5.09846e-17,0,-0.50518,-0.360639,0.541993,-0.00892539,3.14159,2.17388,0.0461774,3.22106,0.0493527,-0.392699,4.15733,0.0972375,3.11001,-0.00801088,0.523599,0,0,0,0.117358,-0.0276388,-0.50518,0.542018,3.15999,2.17388,3.22108,-0.444128,4.15733,3.11013,0.492018,0.0304165,-2.50875,0.909374,0.000122019,-0.0791442,-0.0012631,0.302993,-0.303145,0.0314521,0.0551716,0.0144069,1.00038,1.36052,0.0322074,-0.30644,0.349054,156.706,388.571,-1.25138,181.07,-430.506,-0.0450733,2.51222,-137.582,-0.581075,22.2759,-0.0236909,22.2781,-13.1466,-75.179,-76.952,-11.45,-29.2942,-179.213,-29.0942,-179.203,-49.1759,-2.40224,82.1792,-36.0808,101.571,58.4844,41.1929,-1.49099,16.6126,-1.5809,-45.6385,12.5306,19.1955,2.59891,-14.5853,31.231,0.266324,31.0317
7.12,-5.90461,-1.998,0.146037,0.503249,0.00293327,1.20946,-0.474221,-0.224295,0.555345,0.778907,3.18892,-2.60067,2.20345,-2.87369,3.25274,-1.18206,-0.410154,-4.32108,4.18778,-3.13367,3.14479,-0.796625,0.523999,-4.85395,-2.02042,-7.21207,-0.393164,-7.17721,-3.66037,-4.30461,-1.99331,-6.70867,-0.61471,-6.70054,-3.38598,0.283725,0.789205,-0.51288,0.117025,-0.00683667,0.452856,-0.0275296,-0.981069,-0.504684,-3.17525,0.542514,-0.0576156,3.16047,1.0551,2.17299,0.295201,3.22018,0.336746,-0.445031,0.519453,4.15731,0.645897,3.11012,-0.0534316,0.491976,-0.0567038,1.01407,0.66281,-1.28639,1.62663,-51.8821,16.5739,-42.3177,27.8021,33.7247,-11.9456,30.7715,-27.8086,5.89039,-1.77174,-0.00247682,0.00650805,-0.571435,13.7195,-22.9824,18.6701,0,3.98634,-4.97166,5.74077,-6.04111,1.99915,1.52642,-2.45125,1.39111,-0.574358,20.5572,-35.887,19.8431,33.3356,-5.08666,10.1328,-4.95569,-16.6971,6.05243,1.39215,0.00697079,-0.0024576,-0.00835731,2.01714,-2.01815,0.15108,-0.0219333,-0.0422049,-0.0590301,7.48767,19.3704,0.196895,9.42383,-22.1198,0.000395373,0.172814,-6.83293,0.198799,0.0774547,0.235896,-5.90472,-1.99116,-0.00683667,0,2739,-2.77556e-17,-4.16334e-17,-2.08167e-17,4.16334e-17,2.08167e-17,1.04083e-17,0,3.46945e-17,2.77556e-17,2.98698e-17,0,-0.504684,-0.359247,0.542478,-0.00892992,3.14159,2.17299,0.0442796,3.22016,0.0505119,-0.392699,4.15731,0.0969377,3.10997,-0.00801473,0.523599,0,0,0,0.116452,-0.0275296,-0.504684,0.542514,3.16047,2.17299,3.22018,-0.445031,4.15731,3.11012,0.491976,0.0304628,-2.50583,0.90817,0.000153222,-0.0783406,-0.0012536,0.30257,-0.302722,0.0313159,0.0551837,0.0144109,1.00038,1.34555,-0.0633732,-0.588664,0.270562,156.942,395.137,-1.72826,184.158,-424.665,-0.132822,2.28403,-138.385,-0.661978,39.244,-0.0208693,39.2464,-15.9954,-83.9151,-85.5361,-14.6362,-33.7479,-185.372,-33.5437,-185.369,-83.0005,-4.09871,99.1029,-43.6125,117.008,67.374,41.8889,-4.23162,16.6376,-4.32023,-45.0192,13.9225,19.5229,3.11116,-14.6704,32.1858,0.242132,31.9892
7.16,-5.90404,-1.99791,0.145023,0.501439,0.00304923,1.20689,-0.473652,-0.228517,0.55598,0.788655,3.18943,-2.59297,2.20255,-2.86446,3.25177,-1.18226,-0.41098,-4.32115,4.18781,-3.13368,3.14481,-0.797104,0.524008,-4.85336,-2.02045,-7.21147,-0.39271,-7.17648,-3.66036,-4.30405,-1.99303,-6.70826,-0.614711,-6.69981,-3.38598,0.279625,0.798291,-0.512879,0.116112,-0.00676101,0.451387,-0.0274368,-0.978036,-0.504138,-3.16136,0.543059,-0.057642,3.16102,1.07466,2.17206,0.283557,3.21926,0.343287,-0.445955,0.519263,4.15732,0.644631,3.11013,-0.0534584,0.491961,-0.0566866,1.01385,0.660378,-1.28598,1.62366,-51.3388,16.4945,-42.0487,27.5885,33.249,-11.8683,30.5239,-27.5951,5.88542,-1.77243,-0.00248248,0.00651306,-0.574197,13.7978,-23.0344,18.6277,0,4.03432,-5.07456,5.75565,-6.00992,2.0251,1.53714,-2.47059,1.39279,-0.582258,20.5393,-35.8738,19.8028,33.2946,-5.09022,10.128,-4.94507,-16.6756,6.045,1.38796,0.00689383,-0.00242587,-0.00825813,2.01466,-2.01566,0.151063,-0.0253683,-0.0452437,-0.0641961,7.3822,19.6138,0.192686,9.63205,-22.0817,-0.00167716,0.173233,-6.84493,0.198631,0.0784679,0.235606,-5.9043,-1.99115,-0.00676101,0,2741,1.38778e-17,2.77556e-17,1.56125e-17,5.20417e-18,-2.08167e-17,-3.29597e-17,0,-6.93889e-17,-7.97973e-17,-9.42985e-17,0,-0.504138,-0.357683,0.543023,-0.00893361,3.14159,2.17206,0.0425328,3.21924,0.051493,-0.392699,4.15732,0.0967567,3.10995,-0.00801876,0.523599,0,0,0,0.115551,-0.0274368,-0.504138,0.543059,3.16102,2.17206,3.21926,-0.445955,4.15732,3.11013,0.491961,0.030486,-2.50282,0.907107,0.000179115,-0.0815815,-0.00123872,0.302199,-0.302348,0.0312193,0.0551897,0.014413,1.00037,1.39877,-0.0841252,-0.640062,0.331089,155.503,400.791,-1.43637,188.378,-425.25,-0.107717,2.14857,-138.714,-0.678434,44.6898,-0.0119801,44.6922,-17.375,-89.4893,-91.2189,-15.8132,-36.1489,-194.434,-35.9325,-194.437,-93.8306,-4.68698,106.89,-47.1542,125.333,72.1686,42.4883,-5.02499,16.485,-5.11274,-45.0813,14.8346,19.9702,3.339,-14.7052,33.7333,0.227772,33.5304
7.2,-5.90362,-1.99781,0.143909,0.499693,0.00313136,1.20448,-0.473145,-0.231917,0.556578,0.797412,3.1899,-2.58674,2.20178,-2.85791,3.25094,-1.18095,-0.411677,-4.32127,4.18779,-3.13349,3.14479,-0.797405,0.524009,-4.85293,-2.02051,-7.21099,-0.392304,-7.17594,-3.66035,-4.30363,-1.9928,-6.70795,-0.614686,-6.69927,-3.38595,0.276355,0.80471,-0.512705,0.115059,-0.00668284,0.449857,-0.0273778,-0.978087,-0.503654,-3.14357,0.543543,-0.0576697,3.16151,1.09471,2.17127,0.271787,3.21847,0.34891,-0.44674,0.517095,4.15728,0.644771,3.11008,-0.0534735,0.491939,-0.0566659,1.0136,0.657826,-1.28554,1.62049,-50.8616,16.4102,-41.7638,27.352,32.8587,-11.7861,30.2615,-27.3584,5.87622,-1.77108,-0.00248915,0.00652031,-0.577043,13.8769,-23.0843,18.5813,0,4.08382,-5.1823,5.77221,-5.97947,2.05164,1.54381,-2.48293,1.39019,-0.589752,20.454,-35.8626,19.7592,33.2634,-5.05333,10.1258,-4.93398,-16.6605,6.03896,1.3869,0.00686237,-0.00240952,-0.00821545,2.01265,-2.01364,0.151045,-0.0278471,-0.0436681,-0.0602324,7.29712,19.8324,0.155732,9.77686,-22.0482,-0.00298155,0.177608,-6.85253,0.198324,0.0795042,0.235374,-5.90388,-1.99114,-0.00668284,0,2743,0,0,2.60209e-17,-5.20417e-18,-2.42861e-17,-3.29597e-17,-2.08167e-17,1.45717e-16,1.42247e-16,1.39754e-16,0,-0.503654,-0.355676,0.543513,-0.00893721,3.14159,2.17127,0.0407673,3.21845,0.0523365,-0.392699,4.15728,0.0967708,3.10993,-0.00802103,0.523599,0,0,0,0.114513,-0.0273778,-0.503654,0.543543,3.16151,2.17127,3.21847,-0.44674,4.15728,3.11008,0.491939,0.0305092,-2.50039,0.906163,0.000159085,-0.0857287,-0.00123232,0.301897,-0.302046,0.0311923,0.0551958,0.014415,1.00037,1.4032,0.0502308,-0.262362,0.517567,151.254,402.681,-2.08768,191.61,-428.494,-0.0463261,2.62884,-138.346,-0.573602,20.341,-0.0148478,20.3432,-13.3787,-76.8706,-79.0478,-10.5978,-29.4334,-183.092,-29.2368,-183.082,-45.1652,-2.27934,81.9658,-36.2337,102.051,58.7626,42.6887,-1.12587,16.0346,-1.21306,-45.4252,12.8183,20.3128,2.51751,-14.6662,31.9241,0.278686,31.7191
7.24,-5.90313,-1.99773,0.142805,0.498001,0.00323258,1.2022,-0.472659,-0.235043,0.557154,0.805394,3.19034,-2.5813,2.2011,-2.85206,3.2502,-1.18012,-0.412304,-4.32141,4.18778,-3.13327,3.14478,-0.797842,0.524012,-4.85242,-2.02053,-7.21049,-0.391958,-7.1753,-3.66035,-4.30314,-1.99256,-6.7076,-0.614684,-6.69864,-3.38595,0.273362,0.810444,-0.512502,0.113895,-0.00661457,0.448584,-0.0273114,-0.979495,-0.503203,-3.12597,0.543994,-0.0576994,3.16196,1.11326,2.17055,0.262101,3.21775,0.353916,-0.44746,0.518175,4.15723,0.644412,3.11003,-0.0534923,0.491905,-0.0566458,1.01333,0.655601,-1.28508,1.61745,-50.4693,16.3317,-41.4987,27.1308,32.5519,-11.7099,30.0183,-27.1373,5.86628,-1.76895,-0.00249579,0.00652798,-0.579634,13.9499,-23.1242,18.54,0,4.1276,-5.27954,5.78436,-5.95277,2.07533,1.54997,-2.49318,1.38808,-0.596422,20.483,-35.8523,19.7165,33.2368,-5.07497,10.1243,-4.92302,-16.6476,6.03154,1.38448,0.00683005,-0.00239282,-0.0081726,2.01017,-2.01115,0.151024,-0.027595,-0.0423022,-0.0568681,7.21906,20.0317,0.135876,9.90596,-22.0276,-0.00359967,0.182803,-6.86355,0.19799,0.080429,0.235088,-5.90325,-1.99112,-0.00661457,0,2746,-1.38778e-17,-4.16334e-17,1.73472e-18,-4.51028e-17,-1.04083e-17,-2.25514e-17,0,7.63278e-17,6.59195e-17,5.48064e-17,0,-0.503203,-0.353695,0.543965,-0.00894113,3.14159,2.17055,0.0393143,3.21773,0.0530874,-0.392699,4.15723,0.0967111,3.1099,-0.00802384,0.523599,0,0,0,0.113365,-0.0273114,-0.503203,0.543994,3.16196,2.17055,3.21775,-0.44746,4.15723,3.11003,0.491905,0.0305439,-2.49831,0.905015,0.000141924,-0.0869389,-0.00122589,0.301525,-0.301673,0.0311378,0.0552048,0.014418,1.00037,1.37608,0.0854613,-0.246766,0.492087,149.462,406.424,-1.62453,194.513,-429.749,-0.0659786,2.72851,-138.61,-0.545491,12.93,-0.0185126,12.9322,-11.9853,-71.9442,-74.2597,-8.78784,-26.8953,-176.004,-26.71,-175.99,-30.3291,-1.54538,73.2706,-32.45,93.2492,53.6945,43.0855,0.0155345,15.8446,-0.0710334,-45.5582,12.0209,20.6206,2.22191,-14.6943,30.737,0.289252,30.5345
7.28,-5.90257,-1.99765,0.141712,0.496203,0.00335439,1.19978,-0.472148,-0.238692,0.557743,0.81381,3.1908,-2.57534,2.20035,-2.84502,3.2494,-1.18045,-0.412996,-4.32153,4.18778,-3.13314,3.14478,-0.798262,0.524014,-4.85185,-2.02053,-7.20993,-0.391595,-7.17458,-3.66036,-4.30258,-1.99228,-6.70721,-0.614698,-6.69792,-3.38596,0.269841,0.817377,-0.512379,0.112752,-0.00654778,0.447422,-0.0272127,-0.979497,-0.502715,-3.11049,0.544482,-0.0577241,3.16244,1.12986,2.16978,0.254011,3.21698,0.358521,-0.448233,0.519928,4.15721,0.643967,3.11002,-0.0535077,0.491882,-0.0566235,1.01307,0.653531,-1.2846,1.61454,-50.0659,16.2579,-41.2492,26.9281,32.2232,-11.6384,29.7899,-26.9347,5.85844,-1.76767,-0.00250075,0.00653144,-0.582132,14.0161,-23.16,18.5037,0,4.16792,-5.36532,5.79269,-5.92753,2.09676,1.55599,-2.503,1.38686,-0.602427,20.5364,-35.8432,19.6752,33.2138,-5.10847,10.1229,-4.91224,-16.636,6.02413,1.38189,0.00679951,-0.00237683,-0.00813241,2.0077,-2.00868,0.151004,-0.0273196,-0.0449357,-0.0606815,7.128,20.2418,0.148969,10.0632,-22.036,-0.0028789,0.185992,-6.87411,0.197724,0.0812658,0.234798,-5.90283,-1.9911,-0.00654778,0,2748,-1.38778e-17,-1.38778e-17,5.20417e-18,1.73472e-17,1.04083e-17,8.67362e-18,6.93889e-18,1.66533e-16,1.52656e-16,1.54472e-16,0,-0.502715,-0.351956,0.544449,-0.00894429,3.14159,2.16978,0.0381007,3.21696,0.0537781,-0.392699,4.15721,0.0966455,3.10988,-0.00802615,0.523599,0,0,0,0.112238,-0.0272127,-0.502715,0.544482,3.16244,2.16978,3.21698,-0.448233,4.15721,3.11002,0.491882,0.0305671,-2.4966,0.90391,0.000145298,-0.0854436,-0.00121986,0.301154,-0.301301,0.0310808,0.0552109,0.0144201,1.00036,1.37477,0.0368277,-0.431563,0.391817,148.85,411.832,-0.992047,197.733,-429.41,-0.0790059,2.55022,-139.093,-0.586632,21.7842,-0.0159791,21.7864,-13.4627,-76.9199,-79.1749,-10.4723,-29.3286,-179.977,-29.1351,-179.967,-47.9816,-2.46926,82.374,-36.5555,101.69,58.555,43.6588,-1.40612,15.7797,-1.49209,-45.5223,12.8176,20.962,2.49936,-14.7455,31.3681,0.270352,31.1659
7.32,-5.90204,-1.99756,0.140615,0.494426,0.00346627,1.19735,-0.47163,-0.242245,0.55834,0.822014,3.19128,-2.56916,2.19953,-2.8373,3.24853,-1.18176,-0.413753,-4.32167,4.18779,-3.13307,3.14479,-0.79883,0.524016,-4.85131,-2.02055,-7.20938,-0.391186,-7.1739,-3.66036,-4.30205,-1.99202,-6.70684,-0.614703,-6.69724,-3.38597,0.266411,0.824984,-0.512303,0.11161,-0.00647857,0.446064,-0.0271356,-0.978386,-0.502232,-3.09474,0.544966,-0.0577525,3.16293,1.14632,2.16893,0.245407,3.21612,0.363368,-0.449088,0.520499,4.15719,0.643505,3.10999,-0.053526,0.491848,-0.0566045,1.01281,0.651203,-1.28414,1.61146,-49.6019,16.1806,-40.9868,26.7163,31.8359,-11.5633,29.5496,-26.7229,5.85105,-1.76678,-0.00250541,0.00653352,-0.584832,14.0826,-23.2005,18.465,0,4.21179,-5.45366,5.80234,-5.90043,2.11921,1.56197,-2.51391,1.38555,-0.608706,20.5478,-35.8337,19.6328,33.1855,-5.12178,10.121,-4.90117,-16.6214,6.01668,1.37928,0.00676928,-0.00236103,-0.00809143,2.00521,-2.00618,0.150985,-0.0274372,-0.0444256,-0.0606396,7.03919,20.4466,0.154694,10.2357,-22.0688,-0.00356058,0.18803,-6.88839,0.197474,0.0821429,0.234507,-5.9022,-1.99108,-0.00647857,0,2751,0,-1.38778e-17,-4.33681e-17,-1.73472e-18,-1.38778e-17,-2.77556e-17,0,8.32667e-17,7.63278e-17,6.35071e-17,0,-0.502232,-0.350183,0.544933,-0.00894794,3.14159,2.16893,0.0368098,3.2161,0.0545052,-0.392699,4.15719,0.0965802,3.10984,-0.0080289,0.523599,0,0,0,0.11111,-0.0271356,-0.502232,0.544966,3.16293,2.16893,3.21612,-0.449088,4.15719,3.10999,0.491848,0.0306019,-2.49451,0.902816,0.000156985,-0.0864161,-0.00121372,0.300781,-0.300928,0.0310216,0.05522,0.0144231,1.00036,1.3866,0.0345,-0.409597,0.418741,147.035,415.923,-1.15941,201.108,-429.619,-0.0708743,2.6049,-139.36,-0.58894,22.4589,-0.0143176,22.4611,-13.6668,-78.1094,-80.4498,-10.5037,-29.6979,-181.603,-29.4978,-181.595,-49.2893,-2.56219,83.5931,-37.1787,102.97,59.2924,44.0925,-1.49934,15.5874,-1.58458,-45.5444,13.0135,21.3197,2.52036,-14.7738,31.648,0.276148,31.4443
7.36,-5.90155,-1.99748,0.139501,0.492642,0.00356904,1.19492,-0.471122,-0.245785,0.55893,0.83025,3.19174,-2.5616,2.1984,-2.82587,3.24735,-1.18678,-0.414799,-4.32181,4.18779,-3.13295,3.14479,-0.79922,0.524018,-4.85081,-2.02058,-7.20877,-0.390618,-7.17326,-3.66036,-4.30156,-1.99177,-6.70649,-0.6147,-6.6966,-3.38596,0.262998,0.836285,-0.512186,0.110474,-0.00640814,0.44474,-0.027056,-0.977957,-0.501747,-3.07855,0.545451,-0.0577783,3.16341,1.16336,2.16778,0.236875,3.21497,0.368491,-0.450237,0.520289,4.15716,0.643573,3.10997,-0.0535411,0.491826,-0.0565829,1.01255,0.648928,-1.28369,1.60843,-49.1668,16.1044,-40.729,26.5065,31.4794,-11.4894,29.3136,-26.5131,5.843,-1.76544,-0.00251064,0.00653721,-0.587495,14.1552,-23.2456,18.4308,0,4.25734,-5.54341,5.80873,-5.87118,2.14218,1.56927,-2.52686,1.38564,-0.615066,20.5328,-35.8254,19.5907,33.1622,-5.11915,10.1199,-4.8903,-16.6098,6.01008,1.37792,0.00673904,-0.00234518,-0.00805139,2.00301,-2.00398,0.150965,-0.0278301,-0.0446136,-0.0608493,6.95074,20.6522,0.188852,10.4933,-22.1944,-0.00337768,0.190981,-6.8982,0.197202,0.0830428,0.23425,-5.90178,-1.99107,-0.00640814,0,2753,0,0,-5.20417e-18,5.20417e-18,-1.38778e-17,-1.9082e-17,6.93889e-18,1.31839e-16,1.249e-16,1.38344e-16,0,-0.501747,-0.34836,0.54542,-0.00895122,3.14159,2.16778,0.0355299,3.21495,0.0552736,-0.392699,4.15716,0.0965892,3.10982,-0.00803117,0.523599,0,0,0,0.10999,-0.027056,-0.501747,0.545451,3.16341,2.16778,3.21497,-0.450237,4.15716,3.10997,0.491826,0.030625,-2.49274,0.901819,0.000153371,-0.0868738,-0.00120771,0.300451,-0.300597,0.0309908,0.055226,0.0144251,1.00035,1.38736,0.0591245,-0.33582,0.452938,144.69,419.486,-1.49171,206.14,-432.388,-0.0521556,2.75892,-139.429,-0.569452,17.9472,-0.015178,17.9494,-12.9444,-76.0135,-78.5054,-9.39588,-28.4364,-179.367,-28.2376,-179.357,-40.241,-2.11241,79.0167,-35.2499,98.5961,56.7737,44.4702,-0.779488,15.3388,-0.864031,-45.8379,12.6795,21.8532,2.35332,-14.7811,31.2894,0.292476,31.0854
7.4,-5.90104,-1.99739,0.138392,0.490889,0.00367657,1.19254,-0.470618,-0.249142,0.559518,0.838067,3.1922,-2.55571,2.19765,-2.82061,3.24652,-1.18438,-0.41548,-4.32195,4.18779,-3.13279,3.14478,-0.799693,0.524021,-4.85028,-2.0206,-7.20825,-0.390245,-7.1726,-3.66036,-4.30105,-1.99151,-6.70613,-0.614702,-6.69594,-3.38596,0.259767,0.841394,-0.512029,0.109312,-0.00633901,0.443432,-0.0269833,-0.977997,-0.501278,-3.06199,0.54592,-0.0578071,3.16388,1.1883,2.16699,0.223481,3.21419,0.374716,-0.45102,0.520745,4.15713,0.643407,3.10993,-0.0535594,0.491792,-0.056564,1.0123,0.646678,-1.28323,1.6054,-48.751,16.029,-40.4741,26.2979,31.1442,-11.4162,29.0804,-26.3045,5.83444,-1.76371,-0.00251579,0.00654073,-0.590131,14.2613,-23.2978,18.3876,0,4.312,-5.68258,5.82658,-5.84249,2.17169,1.57683,-2.53954,1.38331,-0.623376,20.5406,-35.8163,19.5484,33.1372,-5.1291,10.1187,-4.87936,-16.5974,6.00301,1.37599,0.00670857,-0.00232929,-0.00801095,2.00065,-2.00161,0.150946,-0.0277368,-0.0438031,-0.0594133,6.86687,20.8474,0.147416,10.606,-22.1344,-0.00358341,0.19499,-6.91009,0.196913,0.0841934,0.233974,-5.90115,-1.99105,-0.00633901,0,2756,1.38778e-17,6.93889e-17,7.28584e-17,-7.28584e-17,-3.46945e-18,-3.46945e-18,1.38778e-17,1.59595e-16,1.56125e-16,1.47533e-16,0,-0.501278,-0.346497,0.545889,-0.00895489,3.14159,2.16699,0.0335206,3.21417,0.0562073,-0.392699,4.15713,0.0965626,3.10979,-0.0080339,0.523599,0,0,0,0.108842,-0.0269833,-0.501278,0.54592,3.16388,2.16699,3.21419,-0.45102,4.15713,3.10993,0.491792,0.0306598,-2.49084,0.900747,0.000147842,-0.0876317,-0.00120164,0.300097,-0.300242,0.0309472,0.0552351,0.0144282,1.00035,1.38184,0.0669623,-0.325709,0.460273,142.933,423.333,-2.26806,207.801,-430.046,-0.061624,2.84326,-139.681,-0.562788,16.0882,-0.01581,16.0904,-12.5991,-75.1011,-77.7056,-8.77118,-27.8023,-177.624,-27.6047,-177.613,-36.4943,-1.93416,76.9425,-34.3936,96.398,55.5081,44.878,-0.493557,15.1525,-0.577468,-45.5897,12.532,22.0292,2.26143,-14.8078,30.9979,0.301417,30.7942
7.44,-5.90052,-1.99731,0.137284,0.489088,0.00378807,1.19009,-0.47011,-0.252707,0.560106,0.846069,3.19266,-2.54987,2.19687,-2.81417,3.24569,-1.1843,-0.416199,-4.32208,4.18779,-3.13268,3.14478,-0.800126,0.524023,-4.84975,-2.02062,-7.2077,-0.389858,-7.17193,-3.66037,-4.30053,-1.99125,-6.70576,-0.614707,-6.69527,-3.38597,0.256327,0.847718,-0.511923,0.108165,-0.00627048,0.442185,-0.0268949,-0.977792,-0.500793,-3.04609,0.546405,-0.0578324,3.16437,1.20701,2.16619,0.213991,3.21339,0.379835,-0.451824,0.52174,4.1571,0.643132,3.10991,-0.0535746,0.49177,-0.0565427,1.01204,0.644515,-1.28278,1.60245,-48.3449,15.9561,-40.2278,26.0978,30.8152,-11.3456,28.8553,-26.1045,5.8264,-1.76211,-0.00252069,0.00654368,-0.59271,14.3409,-23.3395,18.3506,0,4.35827,-5.78676,5.83752,-5.81677,2.19545,1.58313,-2.55056,1.38205,-0.630026,20.5674,-35.808,19.5072,33.1134,-5.14877,10.1175,-4.86865,-16.5854,5.99579,1.37379,0.00667837,-0.00231362,-0.00797091,1.99824,-1.9992,0.150927,-0.0277015,-0.0450415,-0.0612041,6.77781,21.0472,0.145937,10.7475,-22.1326,-0.00333971,0.197727,-6.92099,0.196641,0.0851213,0.233692,-5.90073,-1.99104,-0.00627048,0,2758,0,2.77556e-17,2.60209e-17,0,-6.93889e-18,-1.04083e-17,6.93889e-18,0,-6.93889e-18,-6.07153e-18,0,-0.500793,-0.344708,0.546372,-0.00895805,3.14159,2.16619,0.032097,3.21337,0.0569752,-0.392699,4.1571,0.0965218,3.10976,-0.00803619,0.523599,0,0,0,0.107709,-0.0268949,-0.500793,0.546405,3.16437,2.16619,3.21339,-0.451824,4.1571,3.10991,0.49177,0.030683,-2.48905,0.899667,0.000149288,-0.0872105,-0.00119564,0.299735,-0.299879,0.0308983,0.0552412,0.0144302,1.00035,1.381,0.059101,-0.365772,0.434968,141.363,427.553,-1.41381,211.295,-431.142,-0.066991,2.84468,-139.963,-0.569862,17.4386,-0.015431,17.4408,-12.8389,-76.0776,-78.7391,-8.88767,-28.15,-178.023,-27.9494,-178.014,-39.1577,-2.09523,78.3378,-35.0908,97.6044,56.2029,45.3254,-0.713967,14.9861,-0.797259,-45.7059,12.6889,22.3996,2.28908,-14.8376,31.0581,0.301568,30.8543
7.48,-5.90001,-1.99722,0.136178,0.487313,0.003898,1.18767,-0.4696,-0.256148,0.560698,0.853766,3.19313,-2.54416,2.19608,-2.80762,3.24484,-1.18477,-0.416926,-4.32223,4.18779,-3.13255,3.14478,-0.800635,0.524025,-4.84922,-2.02064,-7.20716,-0.389465,-7.17126,-3.66037,-4.30002,-1.99099,-6.7054,-0.61471,-6.6946,-3.38597,0.253011,0.854147,-0.511798,0.107008,-0.00620144,0.440856,-0.0268198,-0.977264,-0.500318,-3.02994,0.54688,-0.057861,3.16484,1.22484,2.16536,0.2048,3.21256,0.384896,-0.452649,0.522111,4.15707,0.642922,3.10988,-0.0535928,0.491736,-0.0565245,1.01179,0.642249,-1.28233,1.59944,-47.9208,15.8822,-39.9777,25.8948,30.4698,-11.2739,28.6269,-25.9015,5.81837,-1.76051,-0.00252545,0.00654607,-0.595364,14.4173,-23.3815,18.3132,0,4.40514,-5.88818,5.84837,-5.79098,2.21888,1.58913,-2.56167,1.38082,-0.636573,20.5723,-35.7993,19.4652,33.0879,-5.15744,10.1162,-4.85775,-16.5726,5.98867,1.37177,0.00664824,-0.00229799,-0.00793069,1.99586,-1.99682,0.150907,-0.0276518,-0.0443786,-0.0604773,6.69184,21.2393,0.142718,10.8915,-22.1445,-0.00357993,0.200958,-6.93378,0.19637,0.0860365,0.233415,-5.9001,-1.99102,-0.00620144,0,2761,-1.38778e-17,-1.38778e-17,-3.1225e-17,5.20417e-17,3.46945e-18,0,6.93889e-18,9.02056e-17,9.02056e-17,9.82558e-17,0,-0.500318,-0.342891,0.546848,-0.00896168,3.14159,2.16536,0.0307182,3.21254,0.0577344,-0.392699,4.15707,0.0964909,3.10973,-0.00803892,0.523599,0,0,0,0.106566,-0.0268198,-0.500318,0.54688,3.16484,2.16536,3.21256,-0.452649,4.15707,3.10988,0.491736,0.0307178,-2.48714,0.898602,0.000150951,-0.0879031,-0.0011896,0.299379,-0.299522,0.0308524,0.0552502,0.0144333,1.00034,1.38337,0.0599701,-0.355035,0.448926,139.613,431.392,-1.35807,214.258,-431.403,-0.0628132,2.91241,-140.214,-0.569261,17.1663,-0.0149948,17.1685,-12.8254,-76.3397,-79.0874,-8.67767,-28.0933,-178.022,-27.8902,-178.013,-38.5784,-2.08397,78.21,-35.1077,97.4082,56.0901,45.7323,-0.670004,14.8006,-0.752637,-45.7335,12.7329,22.7137,2.26632,-14.8643,31.0599,0.308748,30.8557
7.52,-5.8995,-1.99714,0.135065,0.485505,0.00400585,1.18521,-0.469093,-0.259702,0.561286,0.861569,3.1936,-2.53849,2.1953,-2.80133,3.244,-1.1849,-0.417648,-4.32236,4.18779,-3.13244,3.14478,-0.801056,0.524027,-4.84869,-2.02066,-7.20662,-0.389073,-7.1706,-3.66037,-4.29951,-1.99073,-6.70504,-0.614712,-6.69394,-3.38597,0.249581,0.86032,-0.511688,0.105865,-0.00613185,0.439573,-0.0267351,-0.976947,-0.499834,-3.01398,0.547364,-0.057911,3.16533,1.24288,2.16456,0.195622,3.21175,0.389954,-0.453456,0.522604,4.15705,0.642781,3.10985,-0.0536079,0.491714,-0.0565038,1.01154,0.64005,-1.28189,1.59649,-47.5148,15.8101,-39.734,25.6969,30.1422,-11.2042,28.4049,-25.704,5.81038,-1.75848,-0.00255351,0.00660886,-0.597944,14.4958,-23.4232,18.277,0,4.45201,-5.99172,5.85907,-5.76582,2.24225,1.59515,-2.57271,1.37969,-0.6431,20.5817,-35.7912,19.4241,33.0641,-5.16786,10.1152,-4.84708,-16.5607,5.98168,1.3699,0.0066182,-0.00228247,-0.00789086,1.99353,-1.99448,0.150889,-0.027831,-0.0451793,-0.0616169,6.60337,21.4334,0.141849,11.0291,-22.148,-0.00340381,0.203775,-6.94436,0.196098,0.0869493,0.233142,-5.89968,-1.99101,-0.00613185,0,2763,1.38778e-17,1.38778e-17,1.56125e-17,5.20417e-18,-3.46945e-18,-1.73472e-18,-6.93889e-18,5.55112e-17,5.55112e-17,5.52943e-17,0,-0.499834,-0.34109,0.547332,-0.00897115,3.14159,2.16456,0.0293413,3.21174,0.0584932,-0.392699,4.15705,0.0964697,3.10971,-0.00804119,0.523599,0,0,0,0.105437,-0.0267351,-0.499834,0.547364,3.16533,2.16456,3.21175,-0.453456,4.15705,3.10985,0.491714,0.030741,-2.48535,0.897553,0.000150327,-0.0879076,-0.00118363,0.299029,-0.299172,0.0308106,0.0552563,0.0144353,1.00034,1.38337,0.066068,-0.343479,0.4516,137.702,435.15,-1.38003,217.044,-431.667,-0.060837,2.98418,-140.406,-0.56849,15.7638,-0.0152006,15.7661,-12.6106,-75.8897,-78.7354,-8.22667,-27.6773,-177.176,-27.4733,-177.167,-35.7433,-1.94901,76.8377,-34.5642,95.9661,55.2597,46.1308,-0.448745,14.598,-0.530743,-45.7615,12.662,23.0091,2.20356,-14.8846,30.9223,0.316356,30.7179
7.56,-5.89898,-1.99705,0.133949,0.483674,0.00411494,1.18272,-0.468588,-0.263124,0.561874,0.868895,3.19406,-2.53284,2.19452,-2.79522,3.24317,-1.18488,-0.418365,-4.32249,4.18779,-3.13231,3.14478,-0.801466,0.524029,-4.84817,-2.02068,-7.20609,-0.388685,-7.16994,-3.66037,-4.299,-1.99047,-6.70468,-0.614715,-6.69327,-3.38597,0.246288,0.86632,-0.511561,0.104715,-0.00606253,0.438253,-0.0266492,-0.976721,-0.499353,-2.9975,0.547845,-0.0583006,3.16581,1.26075,2.16376,0.186476,3.21095,0.395028,-0.454258,0.52301,4.15703,0.642601,3.10983,-0.053623,0.491691,-0.0564832,1.0113,0.637805,-1.28144,1.5935,-47.109,15.7378,-39.4894,25.4976,29.8159,-11.1339,28.1813,-25.5043,5.80191,-1.75316,-0.00290667,0.00751135,-0.600614,14.5744,-23.4653,18.2406,0,4.49966,-6.09613,5.86999,-5.74077,2.26567,1.60104,-2.58378,1.37855,-0.649638,20.5876,-35.7828,19.3824,33.0389,-5.17693,10.114,-4.83627,-16.548,5.97458,1.36793,0.00658807,-0.00226693,-0.00785072,1.99116,-1.9921,0.15087,-0.0278959,-0.0457952,-0.0623094,6.51757,21.6008,0.141015,11.1625,-22.1474,-0.00313035,0.20702,-6.95468,0.195813,0.0878644,0.232865,-5.89926,-1.99099,-0.00606253,0,2765,0,0,-2.77556e-17,8.67362e-18,-1.04083e-17,-6.93889e-18,-1.38778e-17,2.08167e-17,2.42861e-17,4.61057e-17,0,-0.499353,-0.339241,0.547813,-0.00906743,3.14159,2.16376,0.0279693,3.21093,0.0592542,-0.392699,4.15703,0.0964422,3.10969,-0.00804346,0.523599,0,0,0,0.104301,-0.0266492,-0.499353,0.547845,3.16581,2.16376,3.21095,-0.454258,4.15703,3.10983,0.491691,0.0307641,-2.48344,0.896484,0.000148882,-0.0878492,-0.00117761,0.298674,-0.298815,0.0307664,0.0552624,0.0144373,1.00034,1.38174,0.0704368,-0.332054,0.463351,135.929,437.904,-1.37664,219.749,-431.677,-0.0617802,3.05344,-140.614,-0.651061,14.6318,-0.0308399,14.6348,-12.4294,-75.5113,-78.4477,-7.82639,-27.3094,-176.258,-27.1048,-176.249,-33.4476,-1.84075,75.6772,-34.113,94.6905,54.5254,46.4228,-0.27331,14.41,-0.354752,-45.7626,12.602,23.2958,2.14793,-14.9067,30.77,0.323698,30.5657
7.6,-5.89847,-1.99697,0.132831,0.481866,0.00422616,1.18028,-0.468089,-0.265925,0.56246,0.874238,3.1945,-2.52735,2.19374,-2.78913,3.24234,-1.18518,-0.419084,-4.32263,4.18779,-3.13217,3.14478,-0.801978,0.524032,-4.84763,-2.02069,-7.20555,-0.388297,-7.16926,-3.66037,-4.29848,-1.9902,-6.70431,-0.614718,-6.6926,-3.38597,0.243627,0.872293,-0.511423,0.103552,-0.00599252,0.436902,-0.0265728,-0.976449,-0.498888,-2.98096,0.54831,-0.0608266,3.16627,1.27849,2.16294,0.177359,3.21014,0.400116,-0.455074,0.52352,4.15699,0.642281,3.1098,-0.0536413,0.491658,-0.0564657,1.01105,0.635523,-1.28101,1.59049,-46.7019,15.6657,-39.2455,25.2987,29.4899,-11.064,27.959,-25.3054,5.79342,-1.72802,-0.00528538,0.0136373,-0.6033,14.6534,-23.5077,18.2043,0,4.54806,-6.20143,5.88101,-5.71582,2.28913,1.60685,-2.59496,1.37745,-0.656182,20.5968,-35.7738,19.3404,33.0117,-5.18844,10.1126,-4.82539,-16.5344,5.96723,1.36563,0.00655787,-0.00225142,-0.00781022,1.9887,-1.98964,0.150851,-0.027936,-0.045197,-0.0609323,6.4476,21.6307,0.137403,11.2952,-22.155,-0.00350769,0.210587,-6.96755,0.195526,0.088781,0.232578,-5.89863,-1.99098,-0.00599252,0,2768,0,-1.38778e-17,2.77556e-17,-3.46945e-18,-4.85723e-17,-4.85723e-17,-4.85723e-17,5.55112e-17,4.51028e-17,4.05221e-17,0,-0.498888,-0.33738,0.548278,-0.00970743,3.14159,2.16294,0.0266016,3.21012,0.0600174,-0.392699,4.15699,0.0963944,3.10965,-0.00804619,0.523599,0,0,0,0.10315,-0.0265728,-0.498888,0.54831,3.16627,2.16294,3.21014,-0.455074,4.15699,3.1098,0.491658,0.0307989,-2.48139,0.895382,0.000149143,-0.0887039,-0.00117153,0.298306,-0.298447,0.0307144,0.0552714,0.0144404,1.00033,1.38021,0.071028,-0.332552,0.465361,134.546,435.241,-1.35935,222.431,-431.777,-0.0661859,3.11542,-140.892,-1.23074,14.2656,-0.103211,14.2761,-12.3736,-75.5432,-78.5594,-7.58244,-27.1581,-175.722,-26.9522,-175.713,-32.672,-1.81444,75.2946,-34.0113,94.1665,54.2237,46.1404,-0.22061,14.2634,-0.302219,-45.7732,12.6077,23.5802,2.11735,-14.9362,30.6791,0.33027,30.4747
7.64,-5.89794,-1.99688,0.131696,0.479997,0.00433972,1.17781,-0.467599,-0.267748,0.563036,0.876206,3.19491,-2.52027,2.1926,-2.77864,3.24115,-1.19003,-0.420144,-4.32276,4.18779,-3.13206,3.14478,-0.802408,0.524034,-4.8471,-2.02069,-7.20492,-0.38773,-7.16858,-3.66038,-4.29796,-1.98993,-6.70395,-0.614722,-6.69192,-3.38598,0.24197,0.882655,-0.511309,0.102398,-0.00592059,0.435603,-0.0264824,-0.976068,-0.498421,-2.96491,0.548776,-0.0679723,3.16674,1.29515,2.16178,0.169448,3.20897,0.405225,-0.456236,0.524142,4.15697,0.642059,3.10977,-0.0536564,0.491635,-0.0564457,1.01081,0.633315,-1.28057,1.58754,-46.3068,15.5961,-39.0096,25.1071,29.1734,-10.9966,27.7443,-25.1138,5.78523,-1.6611,-0.0120136,0.0309502,-0.606098,14.7317,-23.553,18.1748,0,4.59592,-6.29755,5.88652,-5.68922,2.31161,1.61401,-2.60812,1.37827,-0.662359,20.6103,-35.7656,19.2991,32.9869,-5.20139,10.1115,-4.81465,-16.5219,5.96004,1.36356,0.0065279,-0.00223604,-0.00777039,1.98631,-1.98724,0.150833,-0.0283954,-0.0467285,-0.0617752,6.40208,21.3864,0.177073,11.529,-22.2766,-0.00333473,0.213516,-6.97836,0.195249,0.0896631,0.232298,-5.89821,-1.99096,-0.00592059,0,2770,-1.38778e-17,-1.38778e-17,2.60209e-17,-3.46945e-18,-1.04083e-17,-1.38778e-17,6.93889e-18,-4.85723e-17,-5.89806e-17,-7.97973e-17,0,-0.498421,-0.335574,0.548744,-0.011515,3.14159,2.16178,0.0254148,3.20896,0.0607838,-0.392699,4.15697,0.0963613,3.10963,-0.00804845,0.523599,0,0,0,0.102009,-0.0264824,-0.498421,0.548776,3.16674,2.16178,3.20897,-0.456236,4.15697,3.10977,0.491635,0.0308221,-2.47953,0.894306,0.000149757,-0.0886768,-0.00116556,0.297946,-0.298086,0.0306679,0.0552775,0.0144424,1.00033,1.3784,0.0715538,-0.344893,0.44568,133.662,424.08,-1.34441,227.075,-434.212,-0.0645376,3.15469,-141.127,-2.81205,14.2112,-0.179655,14.2665,-12.3761,-75.7206,-78.8189,-7.38979,-27.1021,-175.328,-26.8946,-175.32,-32.5363,-1.82288,75.1942,-34.0692,93.9726,54.1122,44.9572,-0.218754,14.1697,-0.305799,-46.0313,12.6366,24.0725,2.09504,-14.961,30.6103,0.334432,30.4061
7.68,-5.89741,-1.99679,0.13054,0.478115,0.00445691,1.17539,-0.46712,-0.268144,0.563603,0.874264,3.19529,-2.5146,2.19183,-2.77399,3.2403,-1.18774,-0.420848,-4.3229,4.1878,-3.13191,3.14478,-0.802919,0.524036,-4.84655,-2.02067,-7.20438,-0.387346,-7.16789,-3.66038,-4.29743,-1.98966,-6.70358,-0.614726,-6.69123,-3.38598,0.241764,0.887155,-0.511168,0.101215,-0.0058466,0.434236,-0.0264,-0.974823,-0.497977,-2.94924,0.549221,-0.0796954,3.16718,1.32027,2.16097,0.1561,3.20817,0.411629,-0.457044,0.524538,4.15694,0.641811,3.10974,-0.0536745,0.491601,-0.0564283,1.01056,0.631015,-1.28012,1.5845,-45.8846,15.5267,-38.7727,24.9164,28.8288,-10.9293,27.5292,-24.9231,5.77767,-1.55441,-0.0229748,0.0590958,-0.60944,14.8476,-23.6075,18.1346,0,4.65594,-6.45143,5.90458,-5.66226,2.34161,1.62103,-2.62141,1.3765,-0.670765,20.6155,-35.7568,19.2566,32.9602,-5.2106,10.1101,-4.80361,-16.5085,5.95271,1.36141,0.00649782,-0.00222055,-0.00773019,1.98386,-1.98479,0.150815,-0.0288975,-0.047029,-0.0604511,6.39224,20.8593,0.141668,11.6259,-22.2196,-0.00360564,0.217132,-6.99121,0.194994,0.0908334,0.232012,-5.89759,-1.99094,-0.0058466,0,2773,-1.38778e-17,1.38778e-17,3.81639e-17,-3.81639e-17,-6.93889e-18,-2.08167e-17,1.38778e-17,-2.77556e-17,-3.1225e-17,-1.52601e-17,0,-0.497977,-0.33381,0.549189,-0.0144589,3.14159,2.16097,0.0234123,3.20815,0.0617444,-0.392699,4.15694,0.0963243,3.1096,-0.00805118,0.523599,0,0,0,0.100839,-0.0264,-0.497977,0.549221,3.16718,2.16097,3.20817,-0.457044,4.15694,3.10974,0.491601,0.0308569,-2.47752,0.893207,0.000150248,-0.0895261,-0.00115953,0.297579,-0.297719,0.0306192,0.0552866,0.0144454,1.00032,1.37655,0.0759342,-0.337177,0.433874,133.461,408.083,-2.16037,228.304,-431.64,-0.0649542,3.21795,-141.403,-5.20769,12.9294,-0.182932,13.1268,-12.1616,-75.3334,-78.5435,-6.90859,-26.6997,-174.327,-26.4918,-174.318,-30.0518,-1.69813,73.9427,-33.5711,92.5773,53.3088,43.2613,-0.021106,14.1483,-0.128344,-45.7587,12.5747,24.2028,2.02837,-14.9903,30.4442,0.341139,30.24
7.72,-5.89688,-1.9967,0.129363,0.476213,0.00457537,1.17296,-0.466642,-0.268876,0.56416,0.873512,3.19567,-2.50935,2.19107,-2.76881,3.23948,-1.18711,-0.421539,-4.32306,4.1878,-3.13178,3.14478,-0.803446,0.524039,-4.846,-2.02065,-7.20383,-0.386972,-7.16719,-3.66038,-4.29689,-1.98937,-6.70321,-0.614729,-6.69053,-3.38598,0.241202,0.89221,-0.511036,0.100011,-0.00577124,0.432882,-0.0263163,-0.972176,-0.497534,-2.93498,0.549664,-0.0897222,3.16763,1.33961,2.16018,0.146257,3.20738,0.417245,-0.457834,0.525138,4.15691,0.641577,3.10971,-0.0536927,0.491568,-0.0564108,1.01032,0.628733,-1.27968,1.58147,-45.4362,15.4593,-38.5417,24.7347,28.4513,-10.8641,27.32,-24.7415,5.77171,-1.46574,-0.0322306,0.082773,-0.613022,14.937,-23.6518,18.0982,0,4.70791,-6.57104,5.917,-5.63784,2.36645,1.62771,-2.6342,1.37603,-0.677844,20.628,-35.7484,19.2141,32.9343,-5.22327,10.109,-4.79255,-16.4955,5.94528,1.35926,0.00646789,-0.00220512,-0.00769029,1.98138,-1.98231,0.150796,-0.0294266,-0.0475715,-0.0608476,6.37398,20.436,0.131095,11.7364,-22.195,-0.00392101,0.220541,-7.00444,0.194793,0.0918041,0.231723,-5.89696,-1.99092,-0.00577124,0,2776,0,-1.38778e-17,1.9082e-17,-5.89806e-17,0,-3.46945e-18,2.08167e-17,-3.46945e-17,-3.1225e-17,-4.75965e-17,0,-0.497534,-0.332205,0.549631,-0.0169449,3.14159,2.16018,0.0219359,3.20736,0.0625867,-0.392699,4.15691,0.0962894,3.10956,-0.0080539,0.523599,0,0,0,0.099648,-0.0263163,-0.497534,0.549664,3.16763,2.16018,3.20738,-0.457834,4.15691,3.10971,0.491568,0.0308917,-2.47557,0.892093,0.00015065,-0.0903205,-0.00115354,0.297207,-0.297346,0.0305706,0.0552957,0.0144485,1.00032,1.37654,0.0808004,-0.342082,0.398241,133.099,403.235,-1.45272,231.168,-431.854,-0.0659173,3.26574,-141.697,-6.94531,11.4883,-0.0160194,11.8595,-11.9763,-74.9287,-78.2399,-6.4666,-26.2887,-173.482,-26.0803,-173.473,-27.3168,-1.55667,72.6515,-33.051,91.1528,52.4887,42.7474,0.205244,14.11,0.0726503,-45.7814,12.511,24.5064,1.96747,-15.0215,30.3066,0.346205,30.1021
7.76,-5.89634,-1.9966,0.128173,0.474253,0.00469213,1.17036,-0.466161,-0.272251,0.564712,0.879806,3.19611,-2.50396,2.19028,-2.76306,3.23864,-1.18718,-0.422271,-4.32321,4.1878,-3.13166,3.14478,-0.803889,0.524041,-4.84546,-2.02064,-7.20328,-0.386577,-7.16649,-3.66038,-4.29636,-1.9891,-6.70284,-0.614732,-6.68983,-3.38598,0.237949,0.897846,-0.51092,0.0987981,-0.00569662,0.431527,-0.0262227,-0.969226,-0.497076,-2.92088,0.550122,-0.0912014,3.16808,1.35727,2.15936,0.137538,3.20656,0.422595,-0.458653,0.525721,4.15688,0.641431,3.10969,-0.0537078,0.491545,-0.0563903,1.01007,0.626447,-1.27923,1.57843,-44.9834,15.3922,-38.3117,24.5549,28.0685,-10.7993,27.1118,-24.5616,5.76602,-1.45472,-0.0334294,0.0857147,-0.61583,15.0198,-23.6938,18.0635,0,4.75805,-6.68093,5.92723,-5.61393,2.38986,1.63421,-2.64667,1.37591,-0.684489,20.64,-35.7407,19.1715,32.9094,-5.23526,10.1082,-4.78148,-16.483,5.93785,1.35729,0.00643822,-0.00218976,-0.00765078,1.9789,-1.97982,0.150777,-0.0297434,-0.048984,-0.0648493,6.28967,20.5396,0.134843,11.8603,-22.1888,-0.00362518,0.223516,-7.01559,0.1946,0.0927194,0.231433,-5.89654,-1.99091,-0.00569662,0,2778,1.38778e-17,1.38778e-17,3.64292e-17,-5.89806e-17,-3.46945e-17,-4.0766e-17,0,2.77556e-17,2.08167e-17,2.27954e-17,0,-0.497076,-0.330619,0.55009,-0.0172802,3.14159,2.15936,0.0206279,3.20654,0.0633892,-0.392699,4.15688,0.0962674,3.10954,-0.00805616,0.523599,0,0,0,0.0984477,-0.0262227,-0.497076,0.550122,3.16808,2.15936,3.20656,-0.458653,4.15688,3.10969,0.491545,0.0309149,-2.4737,0.890978,0.000150456,-0.0901471,-0.00114762,0.296835,-0.296973,0.0305263,0.0553017,0.0144505,1.00032,1.37967,0.0888909,-0.333136,0.399684,131.357,413.757,-1.27574,233.822,-431.98,-0.0627665,3.32196,-141.925,-6.81504,9.49545,-0.0220074,9.87591,-11.7043,-74.3371,-77.7658,-5.90122,-25.742,-172.694,-25.5329,-172.685,-23.2863,-1.33824,70.8472,-32.2983,89.2581,51.3978,43.8629,0.525491,13.9253,0.392769,-45.7947,12.4189,24.7878,1.88853,-15.0457,30.184,0.352165,29.9787
7.8,-5.89581,-1.99651,0.126948,0.472267,0.00481323,1.16769,-0.465638,-0.276109,0.565315,0.887713,3.19658,-2.49877,2.1895,-2.75778,3.23781,-1.18697,-0.422983,-4.32337,4.1878,-3.13152,3.14478,-0.804422,0.524043,-4.84491,-2.02064,-7.20274,-0.386191,-7.16579,-3.66038,-4.29583,-1.98881,-6.70247,-0.614734,-6.68913,-3.38598,0.234216,0.903013,-0.510782,0.097561,-0.00561715,0.430107,-0.0261364,-0.967282,-0.496587,-2.90508,0.55061,-0.091379,3.16857,1.37545,2.15855,0.128371,3.20575,0.427877,-0.459462,0.526125,4.15685,0.641218,3.10965,-0.0537259,0.491511,-0.0563727,1.00983,0.624075,-1.27878,1.57531,-44.5422,15.3217,-38.0719,24.3643,27.7053,-10.731,26.8944,-24.371,5.75888,-1.45487,-0.033397,0.085492,-0.618613,15.1059,-23.7374,18.0275,0,4.81041,-6.79663,5.93869,-5.5898,2.41407,1.63989,-2.65811,1.37495,-0.691227,20.6452,-35.7321,19.1278,32.8822,-5.24448,10.107,-4.77012,-16.4693,5.93024,1.35514,0.00640844,-0.00217433,-0.00761086,1.97636,-1.97728,0.150759,-0.0306194,-0.0496663,-0.0668929,6.19326,20.7371,0.129746,11.9731,-22.1838,-0.00406536,0.227063,-7.02897,0.194359,0.0936657,0.231137,-5.89591,-1.99089,-0.00561715,0,2781,0,2.77556e-17,-1.9082e-17,6.245e-17,-2.08167e-17,-1.21431e-17,-2.08167e-17,1.52656e-16,1.52656e-16,1.73581e-16,0,-0.496587,-0.328842,0.550578,-0.0172874,3.14159,2.15855,0.0192526,3.20573,0.0641816,-0.392699,4.15685,0.0962352,3.10951,-0.00805888,0.523599,0,0,0,0.0972232,-0.0261364,-0.496587,0.55061,3.16857,2.15855,3.20575,-0.459462,4.15685,3.10965,0.491511,0.0309497,-2.47165,0.889835,0.000149644,-0.0912942,-0.00114163,0.296454,-0.296591,0.0304775,0.0553108,0.0144536,1.00031,1.37643,0.099771,-0.295725,0.46986,129.276,420.842,-1.37913,236.053,-432.328,-0.0615392,3.42793,-142.162,-6.50409,6.64971,-0.1438,7.01693,-11.2365,-72.9911,-76.532,-5.14921,-24.839,-170.689,-24.6314,-170.679,-17.5194,-1.01601,67.9117,-31.0235,86.1264,49.5946,44.6139,0.972594,13.7047,0.843114,-45.8316,12.2037,25.0243,1.77575,-15.0707,29.8547,0.363398,29.6494
7.84,-5.89528,-1.99641,0.125709,0.470222,0.00493344,1.16492,-0.465111,-0.280036,0.565929,0.89588,3.19706,-2.49349,2.18871,-2.75238,3.23696,-1.18678,-0.423712,-4.32352,4.1878,-3.13139,3.14478,-0.80488,0.524045,-4.84436,-2.02064,-7.20219,-0.385798,-7.16509,-3.66039,-4.2953,-1.98852,-6.70211,-0.614737,-6.68843,-3.38598,0.230423,0.908298,-0.510661,0.0963005,-0.00553948,0.428697,-0.0260394,-0.966638,-0.496083,-2.88786,0.551114,-0.0915543,3.16908,1.3933,2.15774,0.119603,3.20493,0.433115,-0.460276,0.526758,4.15683,0.641053,3.10963,-0.053741,0.491489,-0.0563518,1.00958,0.621709,-1.27833,1.57217,-44.1332,15.2502,-37.8296,24.1683,27.381,-10.6617,26.6747,-24.1751,5.75016,-1.45424,-0.0333641,0.0852662,-0.621417,15.1915,-23.78,17.9923,0,4.86254,-6.91083,5.94923,-5.56597,2.43795,1.64559,-2.66949,1.37418,-0.697859,20.6587,-35.7242,19.0838,32.8561,-5.25746,10.1062,-4.75872,-16.4563,5.92247,1.35306,0.00637887,-0.00215894,-0.00757128,1.97377,-1.97468,0.15074,-0.030968,-0.0511184,-0.0691347,6.09513,20.9411,0.132079,12.0883,-22.1792,-0.00381032,0.230164,-7.0405,0.194065,0.0945992,0.230834,-5.89549,-1.99088,-0.00553948,0,2783,0,0,-2.08167e-17,6.59195e-17,-6.93889e-18,-1.99493e-17,3.46945e-17,-4.85723e-17,-4.85723e-17,-2.95716e-17,0,-0.496083,-0.326904,0.551081,-0.0172924,3.14159,2.15774,0.0179373,3.20491,0.0649672,-0.392699,4.15683,0.0962102,3.10948,-0.00806115,0.523599,0,0,0,0.0959752,-0.0260394,-0.496083,0.551114,3.16908,2.15774,3.20493,-0.460276,4.15683,3.10963,0.491489,0.0309729,-2.46968,0.888668,0.000148624,-0.0911756,-0.00113569,0.296066,-0.296202,0.0304307,0.0553169,0.0144556,1.00031,1.36373,0.106427,-0.305247,0.505651,127.444,425.132,-1.30179,238.394,-432.211,-0.0621717,3.45517,-142.439,-6.31383,4.41605,-0.143094,4.77602,-10.8047,-71.5157,-75.1355,-4.50099,-23.959,-167.842,-23.755,-167.829,-13.0048,-0.761069,65.2123,-29.8528,83.0738,47.8368,45.0687,1.30771,13.5105,1.18019,-45.8193,11.9643,25.2725,1.67313,-15.1002,29.373,0.366287,29.169
7.88,-5.89473,-1.99632,0.124449,0.468158,0.00505848,1.16214,-0.464583,-0.283832,0.566549,0.903702,3.19755,-2.48827,2.18791,-2.74703,3.23611,-1.18671,-0.424445,-4.32369,4.1878,-3.13125,3.14478,-0.805432,0.524048,-4.84379,-2.02063,-7.20163,-0.385403,-7.16437,-3.66039,-4.29475,-1.98822,-6.70172,-0.61474,-6.68771,-3.38599,0.226763,0.913531,-0.51052,0.0950145,-0.00545915,0.427221,-0.0259492,-0.966304,-0.49559,-2.86982,0.551607,-0.0917359,3.16957,1.41134,2.1569,0.110621,3.2041,0.438466,-0.461108,0.527252,4.15679,0.640808,3.10959,-0.0537591,0.491455,-0.0563338,1.00933,0.619259,-1.27787,1.56896,-43.7245,15.1775,-37.5835,23.9679,27.0613,-10.5913,26.4515,-23.9747,5.74074,-1.45326,-0.0333311,0.0850375,-0.62428,15.2792,-23.824,17.9563,0,4.91652,-7.02853,5.96038,-5.54185,2.46234,1.6513,-2.68115,1.37337,-0.704635,20.6667,-35.7157,19.0389,32.8277,-5.26841,10.1051,-4.74704,-16.442,5.9145,1.35077,0.00634954,-0.00214359,-0.00753168,1.97111,-1.97201,0.150721,-0.031502,-0.0515881,-0.0693952,6.00025,21.1364,0.130571,12.2021,-22.1775,-0.00410006,0.23378,-7.05435,0.193747,0.095553,0.230524,-5.89486,-1.99086,-0.00545915,0,2786,0,-1.38778e-17,-5.20417e-18,6.93889e-18,-1.73472e-17,-2.60209e-17,1.38778e-17,6.93889e-17,7.63278e-17,7.07713e-17,0,-0.49559,-0.324875,0.551574,-0.0172973,3.14159,2.1569,0.0165898,3.20408,0.0657699,-0.392699,4.15679,0.0961737,3.10945,-0.00806386,0.523599,0,0,0,0.0947017,-0.0259492,-0.49559,0.551607,3.16957,2.1569,3.2041,-0.461108,4.15679,3.10959,0.491455,0.0310077,-2.46754,0.887473,0.000148995,-0.0920063,-0.00112975,0.295667,-0.295802,0.0303789,0.055326,0.0144587,1.0003,1.37683,0.0937751,-0.364578,0.50928,126.043,429.58,-1.24769,240.625,-431.516,-0.0716256,3.42373,-142.851,-6.51972,7.1727,-0.14052,7.54003,-11.3644,-73.9458,-77.64,-4.93117,-24.9386,-170.618,-24.7278,-170.608,-18.4962,-1.09223,68.623,-31.4803,86.4747,49.7953,45.5403,0.882558,13.362,0.754344,-45.7455,12.3597,25.509,1.76057,-15.1438,29.8389,0.362954,29.6332
7.92,-5.89419,-1.99622,0.123185,0.466055,0.00517995,1.1593,-0.464056,-0.287753,0.567166,0.911586,3.19803,-2.48149,2.18674,-2.73739,3.23489,-1.19106,-0.425535,-4.32384,4.1878,-3.13112,3.14478,-0.805897,0.52405,-4.84324,-2.02063,-7.201,-0.384821,-7.16366,-3.66039,-4.29421,-1.98793,-6.70136,-0.614744,-6.68701,-3.38599,0.222977,0.923043,-0.51039,0.093719,-0.00538092,0.425748,-0.0258509,-0.965665,-0.495087,-2.85198,0.55211,-0.0919151,3.17007,1.42814,2.15571,0.102904,3.20291,0.443887,-0.462303,0.527799,4.15677,0.640631,3.10957,-0.0537741,0.491433,-0.0563129,1.00908,0.616811,-1.27741,1.56574,-43.3125,15.1055,-37.3395,23.7703,26.7373,-10.5216,26.2306,-23.777,5.7316,-1.45231,-0.0332984,0.0848088,-0.627156,15.3657,-23.8719,17.9266,0,4.97064,-7.13587,5.96621,-5.51582,2.4859,1.65857,-2.69508,1.37451,-0.711069,20.6767,-35.7078,18.994,32.8001,-5.28001,10.1044,-4.73539,-16.4282,5.90648,1.3486,0.00632054,-0.00212837,-0.00749254,1.96844,-1.96933,0.150702,-0.0315969,-0.0525738,-0.0710039,5.90225,21.3334,0.16927,12.4138,-22.2867,-0.00377179,0.23711,-7.06604,0.193438,0.0964777,0.230211,-5.89444,-1.99085,-0.00538092,0,2788,0,1.38778e-17,1.56125e-17,6.93889e-18,-4.16334e-17,-3.72966e-17,-4.85723e-17,-4.16334e-17,-4.16334e-17,-4.23652e-17,0,-0.495087,-0.322869,0.552078,-0.0173021,3.14159,2.15571,0.0154322,3.20289,0.0665831,-0.392699,4.15677,0.0961467,3.10943,-0.00806612,0.523599,0,0,0,0.0934184,-0.0258509,-0.495087,0.55211,3.17007,2.15571,3.20291,-0.462303,4.15677,3.10957,0.491433,0.0310309,-2.46546,0.886267,0.000147606,-0.0918146,-0.00112388,0.295265,-0.2954,0.0303303,0.055332,0.0144607,1.0003,1.37717,0.121813,-0.275577,0.533001,123.445,432.888,-1.37899,244.842,-434.28,-0.0605377,3.60136,-142.955,-6.12286,0.519538,-0.139168,0.875094,-10.3185,-70.8016,-74.6792,-3.41016,-22.9989,-167.143,-22.7921,-167.13,-5.15443,-0.307103,62.0642,-28.5596,79.7474,45.9216,45.891,1.94402,13.0866,1.81837,-46.0385,11.8583,25.956,1.52757,-15.1549,29.2808,0.381785,29.0744
7.96,-5.89365,-1.99613,0.121918,0.463977,0.00530139,1.1565,-0.463532,-0.291503,0.567784,0.919069,3.19851,-2.47621,2.18597,-2.73375,3.23404,-1.18826,-0.426236,-4.32401,4.1878,-3.13098,3.14478,-0.806475,0.524053,-4.84269,-2.02063,-7.20045,-0.384438,-7.16295,-3.66039,-4.29368,-1.98764,-6.70099,-0.614746,-6.6863,-3.38599,0.219363,0.926532,-0.510256,0.0924083,-0.00530182,0.424221,-0.0257643,-0.965149,-0.494598,-2.83367,0.5526,-0.0920999,3.17056,1.45404,2.1549,0.0893112,3.2021,0.450673,-0.463109,0.528326,4.15674,0.64032,3.10954,-0.0537923,0.491399,-0.0562952,1.00883,0.614297,-1.27696,1.56249,-42.8998,15.0331,-37.094,23.5707,26.4153,-10.4515,26.0085,-23.5774,5.72206,-1.45112,-0.0332655,0.0845784,-0.630072,15.4947,-23.9291,17.886,0,5.03848,-7.30997,5.98539,-5.48972,2.51742,1.66517,-2.70898,1.37287,-0.719876,20.6855,-35.6994,18.9488,32.77,-5.29185,10.1033,-4.72364,-16.4131,5.89819,1.34611,0.0062911,-0.00211307,-0.00745244,1.96567,-1.96656,0.150683,-0.0316834,-0.0519622,-0.0700434,5.80854,21.5202,0.132029,12.4855,-22.2168,-0.00423887,0.240562,-7.08055,0.193116,0.0977077,0.229888,-5.89381,-1.99083,-0.00530182,0,2791,0,1.38778e-17,1.56125e-17,-1.73472e-17,-1.38778e-17,-1.9082e-17,-2.77556e-17,4.16334e-17,3.81639e-17,5.06593e-17,0,-0.494598,-0.320808,0.552567,-0.0173071,3.14159,2.1549,0.013393,3.20208,0.0676009,-0.392699,4.15674,0.0961003,3.10939,-0.00806884,0.523599,0,0,0,0.0921197,-0.0257643,-0.494598,0.5526,3.17056,2.1549,3.2021,-0.463109,4.15674,3.10954,0.491399,0.0310657,-2.4632,0.885026,0.000148472,-0.0927657,-0.00111787,0.294851,-0.294985,0.0302741,0.0553411,0.0144637,1.00029,1.37386,0.126271,-0.259452,0.551865,121.495,436.58,-2.19928,245.542,-431.593,-0.0624438,3.68035,-143.244,-5.99946,-1.20342,-0.138081,-0.85208,-10.0189,-70.1259,-74.1213,-2.82537,-22.4121,-165.67,-22.206,-165.656,-1.67249,-0.100527,60.3103,-27.8089,77.7124,44.7499,46.2823,2.21122,12.8798,2.08689,-45.7537,11.7501,26.0302,1.44377,-15.1854,29.0362,0.390158,28.8299
8,-5.89311,-1.99603,0.120647,0.461898,0.00542552,1.1537,-0.463006,-0.295286,0.568403,0.926505,3.19899,-2.47127,2.1852,-2.72917,3.23321,-1.18746,-0.426941,-4.32418,4.1878,-3.13082,3.14478,-0.807017,0.524055,-4.84212,-2.02062,-7.1999,-0.384057,-7.16224,-3.66039,-4.29313,-1.98735,-6.70061,-0.61475,-6.68558,-3.38599,0.215716,0.930985,-0.510101,0.0910944,-0.00522256,0.422746,-0.0256749,-0.964676,-0.494107,-2.81566,0.553091,-0.0922814,3.17105,1.47351,2.1541,0.0796548,3.2013,0.456587,-0.463914,0.528804,4.1567,0.640197,3.1095,-0.0538102,0.491366,-0.0562777,1.00858,0.611861,-1.27651,1.5593,-42.5011,14.9626,-36.8551,23.3769,26.1056,-10.3832,25.7924,-23.3836,5.71268,-1.44983,-0.0332323,0.0843502,-0.632938,15.5931,-23.9749,17.8504,0,5.09592,-7.44211,5.99786,-5.46629,2.54302,1.67193,-2.72253,1.37285,-0.727178,20.6933,-35.6918,18.904,32.743,-5.30204,10.1027,-4.71202,-16.3996,5.89024,1.34407,0.00626241,-0.00209803,-0.00741385,1.96302,-1.9639,0.150664,-0.0317665,-0.0519728,-0.0700165,5.71401,21.706,0.123552,12.5807,-22.1864,-0.0042334,0.244529,-7.09415,0.192799,0.0987084,0.229578,-5.89318,-1.99081,-0.00522256,0,2794,1.38778e-17,1.38778e-17,5.20417e-18,3.1225e-17,-4.16334e-17,-4.51028e-17,-4.16334e-17,-4.16334e-17,-3.81639e-17,-6.41848e-17,0,-0.494107,-0.318783,0.553058,-0.017312,3.14159,2.1541,0.0119445,3.20128,0.0684881,-0.392699,4.1567,0.0960811,3.10936,-0.00807153,0.523599,0,0,0,0.0908176,-0.0256749,-0.494107,0.553091,3.17105,2.1541,3.2013,-0.463914,4.1567,3.1095,0.491366,0.0311005,-2.46116,0.883827,0.000145816,-0.0932116,-0.00111208,0.294453,-0.294586,0.0302281,0.0553502,0.0144668,1.00029,1.37455,0.125351,-0.281858,0.540567,119.708,440.411,-1.45318,248.18,-431.653,-0.060743,3.72336,-143.553,-5.9712,-1.58273,-0.136617,-1.23235,-10.0044,-70.305,-74.3912,-2.58429,-22.2789,-165.36,-22.0716,-165.346,-0.882852,-0.0535305,60.0714,-27.7548,77.2516,44.4846,46.6885,2.26941,12.6904,2.14583,-45.7601,11.7803,26.3099,1.41583,-15.2182,28.9854,0.394717,28.7787
8.04,-5.89255,-1.99593,0.119354,0.459741,0.00555165,1.15079,-0.462471,-0.299179,0.569029,0.93395,3.19948,-2.46621,2.18439,-2.72417,3.23236,-1.18718,-0.427682,-4.32434,4.1878,-3.13072,3.14478,-0.807525,0.524058,-4.84155,-2.02061,-7.19933,-0.383658,-7.16151,-3.6604,-4.29258,-1.98705,-6.70023,-0.614753,-6.68485,-3.38599,0.211961,0.935863,-0.509998,0.0897892,-0.00514092,0.421287,-0.025572,-0.964002,-0.493595,-2.79787,0.553603,-0.092949,3.17156,1.49164,2.15327,0.0709012,3.20047,0.462164,-0.464742,0.529667,4.15668,0.639936,3.10948,-0.0538252,0.491343,-0.0562577,1.00834,0.609449,-1.27606,1.55613,-42.1039,14.8929,-36.6193,23.1866,25.796,-10.3157,25.5793,-23.1932,5.70355,-1.44454,-0.0336374,0.0852322,-0.635864,15.6863,-24.019,17.8166,0,5.15161,-7.56612,6.00855,-5.44342,2.56741,1.67829,-2.73523,1.37285,-0.734039,20.7143,-35.6844,18.8597,32.7155,-5.31936,10.102,-4.70048,-16.3857,5.88202,1.34169,0.00623361,-0.00208305,-0.00737494,1.96028,-1.96116,0.150646,-0.0323272,-0.053933,-0.0727706,5.6167,21.8727,0.126612,12.6854,-22.1735,-0.00417464,0.247181,-7.10691,0.192491,0.099662,0.229257,-5.89276,-1.99079,-0.00514092,0,2796,0,-2.77556e-17,-1.9082e-17,5.89806e-17,-6.93889e-18,-1.99493e-17,2.77556e-17,1.249e-16,1.21431e-16,1.29725e-16,0,-0.493595,-0.316781,0.55357,-0.0174346,3.14159,2.15327,0.0106312,3.20045,0.0693246,-0.392699,4.15668,0.0960429,3.10934,-0.00807378,0.523599,0,0,0,0.0895237,-0.025572,-0.493595,0.553603,3.17156,2.15327,3.20047,-0.464742,4.15668,3.10948,0.491343,0.0311237,-2.45909,0.882599,0.00014819,-0.0931831,-0.00110624,0.294041,-0.294174,0.0301747,0.0553563,0.0144688,1.00028,1.36325,0.130198,-0.273704,0.542939,117.682,442.934,-1.32035,250.44,-431.629,-0.0627394,3.78123,-143.809,-5.89151,-3.65539,-0.157693,-3.3014,-9.62069,-68.9989,-73.1662,-1.97348,-21.4591,-162.744,-21.2548,-162.729,3.29662,0.201658,57.6357,-26.6858,74.4072,42.8468,46.956,2.58078,12.4756,2.45746,-45.7575,11.5686,26.5495,1.31992,-15.2454,28.5433,0.400852,28.3377
8.08,-5.89202,-1.99584,0.11808,0.457642,0.00567126,1.14801,-0.461972,-0.301916,0.569629,0.939006,3.19993,-2.4613,2.1836,-2.71938,3.2315,-1.18694,-0.428414,-4.32451,4.1878,-3.13057,3.14478,-0.808088,0.52406,-4.84101,-2.0206,-7.19878,-0.383263,-7.16081,-3.6604,-4.29205,-1.98676,-6.69987,-0.614755,-6.68415,-3.38599,0.20938,0.940535,-0.50985,0.08845,-0.00506347,0.419728,-0.0254872,-0.963925,-0.49313,-2.77887,0.554067,-0.0962725,3.17203,1.50983,2.15244,0.0618959,3.19964,0.467678,-0.465574,0.52988,4.15665,0.639805,3.10945,-0.0538431,0.49131,-0.0562405,1.0081,0.606908,-1.27562,1.55286,-41.7108,14.8222,-36.3791,22.9899,25.4974,-10.2472,25.3625,-22.9965,5.69323,-1.41731,-0.0363963,0.0920608,-0.639166,15.7811,-24.0645,17.7813,0,5.20958,-7.69364,6.02018,-5.42018,2.59236,1.68393,-2.74723,1.3722,-0.740949,20.7125,-35.677,18.8143,32.6865,-5.3251,10.1014,-4.68872,-16.3712,5.87383,1.33959,0.0062054,-0.00206822,-0.00733647,1.95755,-1.95842,0.150628,-0.0318586,-0.0524631,-0.0695225,5.54828,21.8762,0.122729,12.7853,-22.1675,-0.00424212,0.250987,-7.12105,0.192142,0.100638,0.228938,-5.89214,-1.99077,-0.00506347,0,2799,0,2.77556e-17,2.25514e-17,-6.59195e-17,-2.08167e-17,-1.56125e-17,-2.77556e-17,1.11022e-16,1.00614e-16,1.11673e-16,0,-0.49313,-0.314645,0.554035,-0.0181913,3.14159,2.15244,0.00928035,3.19962,0.0701517,-0.392699,4.15665,0.0960228,3.1093,-0.00807646,0.523599,0,0,0,0.0881958,-0.0254872,-0.49313,0.554067,3.17203,2.15244,3.19964,-0.465574,4.15665,3.10945,0.49131,0.0311585,-2.4569,0.881369,0.000146825,-0.0937404,-0.00110047,0.293632,-0.293763,0.0301273,0.0553654,0.0144719,1.00028,1.37379,0.123056,-0.317887,0.553443,116.73,439.535,-1.29568,252.395,-431.362,-0.0654244,3.7655,-144.206,-6.60071,-2.33017,-0.231536,-1.90357,-9.94309,-70.5934,-74.8532,-2.10939,-21.9912,-164.495,-21.7821,-164.482,0.597336,0.0368392,59.5531,-27.6312,76.2558,43.9114,46.5957,2.38014,12.3747,2.24611,-45.7292,11.8296,26.7567,1.35912,-15.2875,28.8401,0.399185,28.6331
8.12,-5.89148,-1.99574,0.116794,0.455476,0.00579752,1.14521,-0.461475,-0.303447,0.570221,0.941427,3.20033,-2.45642,2.18282,-2.7149,3.23067,-1.18619,-0.42913,-4.32467,4.1878,-3.13043,3.14478,-0.808566,0.524062,-4.84044,-2.02058,-7.19823,-0.38288,-7.16009,-3.6604,-4.2915,-1.98646,-6.6995,-0.61476,-6.68343,-3.38599,0.208035,0.944901,-0.509718,0.0871417,-0.00498321,0.418255,-0.0253842,-0.963001,-0.492657,-2.76141,0.55454,-0.104875,3.1725,1.52841,2.15164,0.0528655,3.19883,0.473167,-0.466376,0.530574,4.15662,0.639601,3.10943,-0.0538579,0.491287,-0.0562212,1.00787,0.604491,-1.27518,1.54971,-41.3194,14.7552,-36.1514,22.8063,25.193,-10.1825,25.1574,-22.8128,5.68426,-1.34879,-0.0438065,0.110613,-0.643169,15.879,-24.1093,17.7476,0,5.26699,-7.82428,6.03164,-5.39784,2.6172,1.68961,-2.75903,1.37166,-0.747824,20.7275,-35.6697,18.7701,32.659,-5.33927,10.1009,-4.67721,-16.3574,5.86569,1.33734,0.00617719,-0.00205352,-0.00729833,1.95483,-1.9557,0.15061,-0.0321616,-0.0541457,-0.0701226,5.51003,21.6092,0.122006,12.8779,-22.1491,-0.00387527,0.254361,-7.13307,0.191839,0.101609,0.22862,-5.89172,-1.99076,-0.00498321,0,2801,-1.38778e-17,2.77556e-17,-5.20417e-18,-3.46945e-18,-2.42861e-17,-1.64799e-17,-4.85723e-17,2.77556e-17,1.73472e-17,1.26581e-17,0,-0.492657,-0.31268,0.554508,-0.0201986,3.14159,2.15164,0.00792566,3.19882,0.070975,-0.392699,4.15662,0.095992,3.10928,-0.00807868,0.523599,0,0,0,0.0868983,-0.0253842,-0.492657,0.55454,3.1725,2.15164,3.19883,-0.466376,4.15662,3.10943,0.491287,0.0311817,-2.45483,0.880146,0.00014617,-0.0934459,-0.00109475,0.293224,-0.293355,0.030077,0.0553715,0.0144739,1.00028,1.37095,0.136174,-0.265232,0.52539,115.463,426.588,-1.35405,254.314,-431.611,-0.0620887,3.91993,-144.344,-7.78002,-6.46636,-0.290458,-5.84833,-9.29798,-68.7012,-73.0905,-1.13307,-20.7331,-161.904,-20.5266,-161.889,8.6953,0.540592,55.5587,-25.8305,71.8917,41.3985,45.2232,3.03309,12.2404,2.87048,-45.7556,11.5274,26.9602,1.2108,-15.302,28.4177,0.415556,28.2105
8.16,-5.89091,-1.99564,0.11549,0.453295,0.00592732,1.14248,-0.460994,-0.303313,0.570799,0.940627,3.2007,-2.4515,2.182,-2.71001,3.2298,-1.18615,-0.42988,-4.32483,4.18781,-3.13029,3.14478,-0.809153,0.524065,-4.83986,-2.02053,-7.19765,-0.382478,-7.15934,-3.6604,-4.29094,-1.98616,-6.69911,-0.614765,-6.68268,-3.386,0.20838,0.949674,-0.509576,0.0858098,-0.00490078,0.416701,-0.0252892,-0.960839,-0.492211,-2.74465,0.554987,-0.118127,3.17295,1.54625,2.15079,0.0441379,3.19799,0.478646,-0.467225,0.531112,4.15659,0.639272,3.10939,-0.0538758,0.491254,-0.0562049,1.00763,0.60197,-1.27474,1.54648,-40.8955,14.6888,-35.9238,22.6251,24.8536,-10.1182,24.9529,-22.6316,5.6763,-1.2455,-0.0552229,0.139194,-0.648312,15.9751,-24.1548,17.714,0,5.32534,-7.9523,6.04272,-5.37522,2.64184,1.69534,-2.77113,1.37129,-0.75463,20.7363,-35.6618,18.7249,32.6283,-5.35129,10.0999,-4.66545,-16.3419,5.85726,1.33479,0.00614859,-0.00203869,-0.00725928,1.95202,-1.95288,0.150592,-0.0325887,-0.0545341,-0.0682333,5.51341,21.0862,0.123002,12.9798,-22.1484,-0.00417789,0.258022,-7.1478,0.19157,0.102573,0.228291,-5.89109,-1.99074,-0.00490078,0,2804,1.38778e-17,1.38778e-17,2.25514e-17,-1.73472e-17,-3.81639e-17,-4.29344e-17,-3.46945e-17,6.245e-17,6.245e-17,7.64905e-17,0,-0.492211,-0.310795,0.554954,-0.0232681,3.14159,2.15079,0.00661623,3.19797,0.0717968,-0.392699,4.15659,0.0959435,3.10925,-0.00808137,0.523599,0,0,0,0.085577,-0.0252892,-0.492211,0.554987,3.17295,2.15079,3.19799,-0.467225,4.15659,3.10939,0.491254,0.0312165,-2.45253,0.878885,0.000148472,-0.0942173,-0.00108889,0.292802,-0.292932,0.0300193,0.0553806,0.014477,1.00027,1.36685,0.138408,-0.261132,0.50237,115.556,410.239,-1.31015,256.41,-431.485,-0.0647903,3.97762,-144.668,-9.71931,-8.05187,-0.263039,-7.07092,-9.07178,-68.1276,-72.6057,-0.687654,-20.2256,-160.493,-20.0199,-160.477,11.4948,0.720185,54.133,-25.2213,70.1316,40.385,43.4899,3.27554,12.2503,3.05789,-45.7422,11.4358,27.1823,1.14647,-15.3365,28.1815,0.421672,27.9746
8.2,-5.89033,-1.99554,0.114159,0.451056,0.00606415,1.13965,-0.460498,-0.304226,0.571376,0.941702,3.2011,-2.44527,2.18084,-2.70143,3.2286,-1.18996,-0.430959,-4.325,4.18781,-3.13012,3.14478,-0.809706,0.524068,-4.83927,-2.02048,-7.19699,-0.381907,-7.15857,-3.66041,-4.29036,-1.98583,-6.69872,-0.614772,-6.68191,-3.386,0.207644,0.958125,-0.509406,0.084461,-0.00481581,0.415159,-0.0251872,-0.95655,-0.49175,-2.72996,0.555448,-0.128159,3.17341,1.56358,2.14959,0.0363135,3.19679,0.48428,-0.468421,0.531585,4.15656,0.639064,3.10936,-0.0538937,0.49122,-0.0561886,1.0074,0.599467,-1.2743,1.54325,-40.4322,14.6247,-35.7023,22.4547,24.4651,-10.0563,24.7546,-22.4613,5.67078,-1.17061,-0.0636948,0.160262,-0.653248,16.0736,-24.2053,17.6865,0,5.38465,-8.07435,6.04941,-5.35092,2.66621,1.70279,-2.78552,1.37274,-0.761237,20.7431,-35.6539,18.6793,32.5992,-5.36165,10.0992,-4.65356,-16.3273,5.84896,1.3325,0.0061203,-0.0020239,-0.00722096,1.94925,-1.95011,0.150574,-0.0332683,-0.0559775,-0.0706737,5.49059,20.7396,0.155778,13.1653,-22.2445,-0.00404571,0.262366,-7.16169,0.191384,0.103529,0.227968,-5.89046,-1.99072,-0.00481581,0,2807,1.38778e-17,0,-2.25514e-17,1.38778e-17,-2.42861e-17,-3.16587e-17,-6.93889e-18,-2.77556e-17,-2.77556e-17,-3.54263e-17,0,-0.49175,-0.309144,0.555415,-0.0255405,3.14159,2.14959,0.00544251,3.19677,0.0726421,-0.392699,4.15656,0.0959121,3.10921,-0.00808405,0.523599,0,0,0,0.0842386,-0.0251872,-0.49175,0.555448,3.17341,2.14959,3.19679,-0.468421,4.15656,3.10936,0.49122,0.0312513,-2.45034,0.87764,0.000147914,-0.0945867,-0.00108314,0.292387,-0.292517,0.0299678,0.0553897,0.01448,1.00027,1.35766,0.140362,-0.277559,0.447812,115.182,409.037,-1.35482,260.025,-433.132,-0.0648263,4.02486,-144.995,-10.7786,-9.44369,0.00151989,-8.17845,-8.84272,-67.3759,-71.9349,-0.248267,-19.6874,-158.56,-19.4841,-158.543,13.9732,0.882418,52.6296,-24.5953,68.2647,39.3101,43.3625,3.48037,12.2106,3.22006,-45.9168,11.3137,27.5655,1.07983,-15.3711,27.8526,0.42668,27.6466
8.24,-5.88978,-1.99543,0.112815,0.448832,0.00619035,1.13674,-0.46002,-0.307869,0.571935,0.947802,3.20153,-2.44041,2.18007,-2.69842,3.22774,-1.18723,-0.431663,-4.32519,4.18781,-3.12999,3.14478,-0.810337,0.52407,-4.83871,-2.02044,-7.19644,-0.381521,-7.15785,-3.66041,-4.28981,-1.98553,-6.69835,-0.614772,-6.68119,-3.386,0.204124,0.960985,-0.509284,0.0830851,-0.00473122,0.413556,-0.0250958,-0.952804,-0.491306,-2.71419,0.555891,-0.129009,3.17385,1.58945,2.14879,0.0229771,3.19598,0.491168,-0.46923,0.532275,4.15653,0.638692,3.10933,-0.0539115,0.491186,-0.0561723,1.00716,0.596883,-1.27386,1.53995,-39.9763,14.5594,-35.4772,22.2795,24.089,-9.99301,24.5526,-22.2857,5.66421,-1.16805,-0.0640834,0.160948,-0.656342,16.214,-24.2636,17.6483,0,5.45787,-8.26396,6.06855,-5.32662,2.69809,1.70897,-2.79948,1.3714,-0.770076,20.7569,-35.6464,18.6336,32.5673,-5.37652,10.0984,-4.64167,-16.3113,5.84014,1.32978,0.0060927,-0.00200942,-0.00718279,1.9463,-1.94716,0.150556,-0.0336161,-0.055595,-0.0727555,5.39924,20.8724,0.121299,13.2212,-22.178,-0.00481229,0.265548,-7.17751,0.191163,0.104774,0.227624,-5.88983,-1.9907,-0.00473122,0,2810,-1.38778e-17,1.38778e-17,-2.94903e-17,6.93889e-17,1.38778e-17,9.54098e-18,3.46945e-17,1.249e-16,1.249e-16,1.23111e-16,0,-0.491306,-0.307374,0.555858,-0.0256698,3.14159,2.14879,0.00344141,3.19596,0.0736752,-0.392699,4.15653,0.095857,3.10918,-0.00808672,0.523599,0,0,0,0.0828731,-0.0250958,-0.491306,0.555891,3.17385,2.14879,3.19598,-0.46923,4.15653,3.10933,0.491186,0.0312862,-2.44794,0.876319,0.000149556,-0.0958497,-0.00107742,0.291946,-0.292074,0.0299061,0.0553988,0.0144831,1.00026,1.36307,0.138389,-0.313124,0.464044,113.687,421.079,-2.00358,260.445,-430.232,-0.0747324,4.00992,-145.423,-10.5474,-9.61033,-0.109928,-8.36084,-8.85214,-67.9618,-72.6424,0.00780243,-19.6762,-158.884,-19.4708,-158.867,14.3974,0.916116,52.7999,-24.7246,68.2282,39.2892,44.6391,3.51132,12.0521,3.25491,-45.6094,11.411,27.6101,1.05487,-15.4165,27.9115,0.425097,27.7045
8.28,-5.88927,-1.99534,0.11149,0.44662,0.00630967,1.13379,-0.45953,-0.311743,0.572515,0.954781,3.20198,-2.43585,2.17931,-2.69461,3.22692,-1.18604,-0.432364,-4.32537,4.18781,-3.1299,3.14478,-0.810877,0.524073,-4.83817,-2.02042,-7.19591,-0.381141,-7.15717,-3.6604,-4.2893,-1.98524,-6.69799,-0.614773,-6.68051,-3.386,0.20038,0.964677,-0.509188,0.0817072,-0.00465163,0.411995,-0.0249997,-0.95106,-0.490839,-2.69671,0.556358,-0.129355,3.17432,1.6088,2.148,0.01357,3.19519,0.496884,-0.470017,0.532828,4.1565,0.638585,3.10931,-0.053926,0.491164,-0.0561532,1.00693,0.59436,-1.27342,1.53671,-39.5707,14.4932,-35.2513,22.0991,23.7718,-9.92913,24.3503,-22.1055,5.65564,-1.16833,-0.0640178,0.160495,-0.659263,16.3213,-24.3103,17.6142,0,5.51986,-8.40785,6.0811,-5.30469,2.72404,1.71457,-2.81147,1.37075,-0.777234,20.7673,-35.6406,18.5887,32.5394,-5.38803,10.0985,-4.63003,-16.2972,5.83164,1.32765,0.0060661,-0.00199533,-0.00714625,1.94347,-1.94432,0.150538,-0.0331176,-0.0553018,-0.0737692,5.30268,21.0467,0.114071,13.2974,-22.1495,-0.00463997,0.268012,-7.19108,0.190872,0.105789,0.227292,-5.88941,-1.99069,-0.00465163,0,2812,1.38778e-17,1.38778e-17,8.67362e-18,-2.77556e-17,-3.46945e-17,-3.1225e-17,-1.38778e-17,9.71445e-17,1.11022e-16,1.01536e-16,0,-0.490839,-0.305403,0.556325,-0.0256798,3.14159,2.148,0.00203052,3.19517,0.0745326,-0.392699,4.1565,0.0958415,3.10916,-0.0080889,0.523599,0,0,0,0.0815052,-0.0249997,-0.490839,0.556358,3.17432,2.148,3.19519,-0.470017,4.1565,3.10931,0.491164,0.0313094,-2.44585,0.875047,0.000150894,-0.0956651,-0.00107194,0.29152,-0.291648,0.0298585,0.0554048,0.0144851,1.00026,1.37806,0.15238,-0.280408,0.533005,111.546,427.009,-1.37524,262.693,-431.038,-0.0616879,4.0972,-145.636,-10.0742,-13.8909,-0.197546,-12.6674,-8.30605,-66.881,-71.7519,1.00032,-18.6084,-158.26,-18.4018,-158.242,23.0423,1.47754,49.3658,-23.1626,64.5268,37.1578,45.2678,4.21433,11.8251,3.96292,-45.6948,11.2458,27.8484,0.917573,-15.4391,27.8362,0.434349,27.6267
8.32,-5.88874,-1.99524,0.110155,0.444418,0.00643492,1.13088,-0.459048,-0.31537,0.573094,0.961359,3.20243,-2.43186,2.17864,-2.69176,3.22621,-1.18439,-0.432971,-4.32556,4.18781,-3.12973,3.14478,-0.811436,0.524075,-4.83762,-2.02039,-7.19539,-0.38081,-7.15646,-3.66041,-4.28877,-1.98494,-6.69764,-0.614774,-6.6798,-3.386,0.196888,0.967411,-0.509026,0.0803381,-0.00456801,0.410438,-0.0249093,-0.950717,-0.490392,-2.67793,0.556805,-0.129694,3.17477,1.62722,2.1473,0.00452669,3.1945,0.502337,-0.470717,0.533001,4.15647,0.638589,3.10927,-0.0539435,0.49113,-0.0561378,1.00671,0.591856,-1.273,1.53351,-39.2017,14.4273,-35.0273,21.9166,23.4968,-9.86535,24.1492,-21.9229,5.64541,-1.16786,-0.0639577,0.16006,-0.662171,16.4241,-24.354,17.5796,0,5.58015,-8.54777,6.09389,-5.28397,2.74908,1.7195,-2.82241,1.36972,-0.784146,20.7643,-35.6343,18.5438,32.512,-5.3925,10.0984,-4.61838,-16.2836,5.82351,1.32582,0.006039,-0.0019811,-0.00710948,1.94076,-1.9416,0.150521,-0.0333713,-0.0550378,-0.0727303,5.21201,21.211,0.0998885,13.3519,-22.1099,-0.00469345,0.272132,-7.20512,0.190527,0.106767,0.226975,-5.88879,-1.99067,-0.00456801,0,2815,-1.38778e-17,-4.16334e-17,-4.16334e-17,9.02056e-17,-1.38778e-17,-1.99493e-17,1.38778e-17,9.02056e-17,9.36751e-17,7.92281e-17,0,-0.490392,-0.303291,0.556772,-0.0256848,3.14159,2.1473,0.00067318,3.19447,0.0753506,-0.392699,4.15647,0.0958404,3.10912,-0.00809153,0.523599,0,0,0,0.0801457,-0.0249093,-0.490392,0.556805,3.17477,2.1473,3.1945,-0.470717,4.15647,3.10927,0.49113,0.0313442,-2.44376,0.873817,0.000145762,-0.0964257,-0.00106642,0.291114,-0.291241,0.029817,0.0554139,0.0144882,1.00025,1.38028,0.169797,-0.19057,0.583404,109.084,429.72,-1.33152,264.001,-430.808,-0.0501999,4.31612,-145.751,-9.41924,-19.638,-0.195585,-18.4516,-7.42448,-64.3876,-69.4229,2.29382,-16.8995,-155.35,-16.6964,-155.329,34.6099,2.23606,43.9657,-20.6645,58.5999,33.7448,45.5552,5.1334,11.5642,4.8884,-45.6705,10.8496,27.987,0.72217,-15.4512,27.3719,0.457557,27.1614
8.36,-5.88819,-1.99514,0.108832,0.44216,0.00656551,1.12788,-0.458565,-0.319201,0.573672,0.968035,3.20287,-2.42743,2.17788,-2.68743,3.22539,-1.18421,-0.433679,-4.32572,4.18781,-3.12956,3.14477,-0.811914,0.524077,-4.83706,-2.02035,-7.19484,-0.380437,-7.15573,-3.66041,-4.28822,-1.98464,-6.69727,-0.614782,-6.67907,-3.386,0.19319,0.971646,-0.508866,0.0789707,-0.0044878,0.408926,-0.0248019,-0.950072,-0.489932,-2.65971,0.557266,-0.130026,3.17523,1.64294,2.14651,-0.00261185,3.19371,0.507452,-0.471507,0.533837,4.15644,0.638424,3.10924,-0.0539581,0.491108,-0.0561197,1.00648,0.589415,-1.27257,1.53035,-38.8366,14.3631,-34.809,21.7399,23.2228,-9.80331,23.9535,-21.7462,5.63568,-1.16741,-0.0638984,0.159628,-0.665038,16.5147,-24.3944,17.5491,0,5.63582,-8.66709,6.1025,-5.26383,2.7716,1.72515,-2.8337,1.36981,-0.790362,20.784,-35.628,18.4993,32.4845,-5.4089,10.0984,-4.60679,-16.2699,5.81504,1.32358,0.00601189,-0.00196692,-0.00707268,1.93793,-1.93878,0.150504,-0.0330792,-0.0564687,-0.0749866,5.11625,21.3778,0.110567,13.4412,-22.1041,-0.00388857,0.276213,-7.21712,0.190198,0.107649,0.226644,-5.88837,-1.99066,-0.0044878,0,2817,1.38778e-17,4.16334e-17,1.38778e-17,-4.85723e-17,3.46945e-18,1.51788e-17,0,-6.245e-17,-5.89806e-17,-6.30735e-17,0,-0.489932,-0.301242,0.557232,-0.0256899,3.14159,2.14651,-0.000397534,3.19368,0.0761178,-0.392699,4.15644,0.0958145,3.1091,-0.00809371,0.523599,0,0,0,0.0787876,-0.0248019,-0.489932,0.557266,3.17523,2.14651,3.19371,-0.471507,4.15644,3.10924,0.491108,0.0313674,-2.44168,0.872541,0.000142511,-0.0954734,-0.0010609,0.29069,-0.290816,0.0297673,0.05542,0.0144902,1.00025,1.37973,0.178107,-0.176397,0.572815,107.027,432.905,-1.09731,266.063,-431.224,-0.0547914,4.41186,-145.986,-9.0102,-23.0317,-0.192594,-21.8698,-6.91193,-62.9614,-68.1186,3.11342,-15.8384,-153.306,-15.6378,-153.283,41.4586,2.69864,40.7626,-19.1972,54.9203,31.626,45.8928,5.67194,11.3461,5.4314,-45.7146,10.6233,28.2056,0.599871,-15.4761,27.0411,0.467707,26.8301
8.4,-5.88764,-1.99504,0.107496,0.439918,0.0066923,1.1249,-0.458076,-0.322935,0.574256,0.974418,3.20332,-2.42326,2.17715,-2.68393,3.22462,-1.18333,-0.434342,-4.32591,4.18782,-3.12947,3.14478,-0.812587,0.52408,-4.83649,-2.02031,-7.1943,-0.380078,-7.155,-3.66041,-4.28767,-1.98433,-6.69689,-0.614784,-6.67835,-3.386,0.189589,0.975031,-0.508767,0.0776037,-0.00440393,0.40731,-0.0247099,-0.948911,-0.489478,-2.64131,0.557719,-0.130371,3.17568,1.66024,2.14575,-0.0110776,3.19295,0.51282,-0.472265,0.534663,4.15641,0.637921,3.10922,-0.0539757,0.491074,-0.0561052,1.00626,0.586848,-1.27216,1.52713,-38.4513,14.298,-34.5873,21.561,22.9301,-9.74028,23.7548,-21.5673,5.62611,-1.16705,-0.0638369,0.159187,-0.668,16.6153,-24.4387,17.516,0,5.69654,-8.80236,6.11425,-5.2432,2.79603,1.73027,-2.84496,1.36916,-0.797063,20.8022,-35.6209,18.4547,32.4512,-5.42655,10.0976,-4.59517,-16.253,5.80602,1.32056,0.00598526,-0.00195307,-0.00703543,1.93493,-1.93576,0.150488,-0.0333967,-0.0560377,-0.0745396,5.02289,21.5372,0.10435,13.5105,-22.0841,-0.00485747,0.278827,-7.234,0.189875,0.108604,0.226292,-5.88774,-1.99064,-0.00440393,0,2820,1.38778e-17,4.16334e-17,3.81639e-17,-6.93889e-18,0,-3.68629e-18,2.08167e-17,-6.93889e-18,-6.93889e-18,-1.83501e-17,0,-0.489478,-0.299174,0.557685,-0.0256966,3.14159,2.14575,-0.00166808,3.19293,0.076923,-0.392699,4.15641,0.0957414,3.10907,-0.00809635,0.523599,0,0,0,0.0774296,-0.0247099,-0.489478,0.557719,3.17568,2.14575,3.19295,-0.472265,4.15641,3.10922,0.491074,0.0314022,-2.4392,0.871201,0.000149106,-0.0967986,-0.00105532,0.290239,-0.290364,0.029699,0.0554291,0.0144932,1.00024,1.37004,0.177481,-0.160912,0.591429,105.11,436.062,-1.2879,267.311,-431.177,-0.0594633,4.47495,-146.325,-8.77406,-24.2412,-0.190142,-23.0981,-6.67701,-62.1944,-67.4154,3.51296,-15.2735,-151.275,-15.0749,-151.251,43.9419,2.88182,39.2967,-18.5415,52.9597,30.4971,46.2275,5.8477,11.1428,5.61093,-45.7096,10.4988,28.3379,0.538207,-15.5121,26.6954,0.474395,26.4853
8.44,-5.8871,-1.99494,0.106166,0.437636,0.00682098,1.12185,-0.457586,-0.326811,0.574841,0.981,3.20378,-2.41769,2.17605,-2.67633,3.22348,-1.18653,-0.435363,-4.32607,4.18781,-3.1293,3.14478,-0.813047,0.524082,-4.83594,-2.02027,-7.19369,-0.37954,-7.15429,-3.66042,-4.28714,-1.98403,-6.69654,-0.61479,-6.67763,-3.38601,0.185847,0.98251,-0.508604,0.0762359,-0.00432281,0.405749,-0.0246045,-0.948112,-0.489011,-2.62285,0.558186,-0.130708,3.17615,1.67553,2.14463,-0.0176136,3.19182,0.518161,-0.473386,0.534761,4.15639,0.637984,3.10919,-0.0539899,0.491052,-0.0560879,1.00605,0.584356,-1.27174,1.52397,-38.0843,14.2341,-34.3702,21.3856,22.6557,-9.67845,23.5604,-21.3918,5.6163,-1.1664,-0.0637772,0.158753,-0.67092,16.7107,-24.4858,17.4911,0,5.75504,-8.91891,6.11967,-5.22144,2.81868,1.73763,-2.85874,1.3709,-0.803179,20.7968,-35.6153,18.4101,32.4245,-5.42947,10.0978,-4.58359,-16.2397,5.79793,1.31885,0.00595922,-0.00193931,-0.00700001,1.93223,-1.93306,0.150471,-0.0332502,-0.0570596,-0.0762773,4.92597,21.7016,0.139338,13.6729,-22.1641,-0.00386343,0.282941,-7.24555,0.189543,0.109493,0.225976,-5.88732,-1.99062,-0.00432281,0,2822,0,1.38778e-17,2.94903e-17,-6.93889e-18,1.04083e-17,1.60462e-17,2.77556e-17,1.249e-16,1.11022e-16,1.3623e-16,0,-0.489011,-0.297098,0.558152,-0.0257019,3.14159,2.14463,-0.00264735,3.19181,0.0777242,-0.392699,4.15639,0.0957497,3.10905,-0.00809848,0.523599,0,0,0,0.0760705,-0.0246045,-0.489011,0.558186,3.17615,2.14463,3.19182,-0.473386,4.15639,3.10919,0.491052,0.0314255,-2.43717,0.86998,0.000145407,-0.096028,-0.00105,0.289834,-0.289959,0.029661,0.0554352,0.0144953,1.00024,1.38052,0.171956,-0.217737,0.581441,103.539,439.732,-1.16693,270.603,-432.499,-0.0519414,4.4603,-146.652,-8.93873,-23.3696,-0.187522,-22.2134,-6.93535,-63.563,-68.8919,3.48282,-15.6584,-152.749,-15.4557,-152.727,42.2056,2.78873,40.7563,-19.2849,54.2976,31.2676,46.6165,5.71967,10.9763,5.48132,-45.8497,10.724,28.687,0.560958,-15.5467,26.9476,0.472842,26.7361
8.48,-5.88658,-1.99484,0.104834,0.435392,0.00694597,1.11885,-0.457095,-0.330529,0.575429,0.987236,3.20423,-2.41381,2.17546,-2.67531,3.22281,-1.18231,-0.435897,-4.32625,4.18782,-3.12917,3.14478,-0.813697,0.524085,-4.83541,-2.02025,-7.1932,-0.379246,-7.15359,-3.66041,-4.28662,-1.98373,-6.69619,-0.614792,-6.67694,-3.38601,0.182262,0.983394,-0.508477,0.0748626,-0.00424017,0.404117,-0.0245143,-0.94711,-0.488556,-2.60414,0.558642,-0.131073,3.1766,1.70054,2.144,-0.0306461,3.1912,0.524937,-0.474015,0.535492,4.15636,0.637509,3.10916,-0.0540072,0.491018,-0.0560741,1.00584,0.581781,-1.27134,1.52076,-37.7086,14.1697,-34.1516,21.2089,22.3741,-9.61612,23.3646,-21.215,5.60643,-1.16554,-0.0637321,0.158355,-0.673904,16.8549,-24.5408,17.4534,0,5.82979,-9.11733,6.13996,-5.20009,2.84982,1.74305,-2.87188,1.36936,-0.81189,20.8114,-35.6084,18.3657,32.3908,-5.44533,10.0971,-4.57204,-16.2227,5.7889,1.31589,0.0059335,-0.00192586,-0.00696384,1.92921,-1.93004,0.150455,-0.0332988,-0.0560956,-0.0750301,4.833,21.8567,0.0967767,13.6837,-22.0571,-0.00468336,0.286254,-7.26184,0.18921,0.110708,0.225624,-5.88669,-1.9906,-0.00424017,0,2825,0,5.55112e-17,4.33681e-17,-6.93889e-18,-1.04083e-17,-1.09504e-17,-6.93889e-18,6.245e-17,5.89806e-17,4.76507e-17,0,-0.488556,-0.294994,0.558608,-0.0257121,3.14159,2.144,-0.00460288,3.19118,0.0787405,-0.392699,4.15636,0.0956794,3.10901,-0.00810108,0.523599,0,0,0,0.0747057,-0.0245143,-0.488556,0.558642,3.1766,2.144,3.1912,-0.474015,4.15636,3.10916,0.491018,0.0314603,-2.43465,0.868631,0.00014806,-0.0972661,-0.00104458,0.289382,-0.289506,0.0295941,0.0554443,0.0144983,1.00024,1.37542,0.18606,-0.142243,0.614603,101.189,442.349,-1.95015,270.081,-429.47,-0.0592179,4.63199,-146.88,-8.24863,-28.9273,-0.185095,-27.8131,-6.018,-60.8504,-66.3361,4.80485,-13.8691,-149.017,-13.6718,-148.991,53.4094,3.55534,35.2722,-16.7157,48.091,27.6935,46.8939,6.59779,10.7272,6.3668,-45.5287,10.2896,28.6316,0.357189,-15.571,26.3381,0.491043,26.1265
8.52,-5.88606,-1.99474,0.103494,0.433121,0.00706896,1.11581,-0.456609,-0.334344,0.576012,0.993573,3.20468,-2.40985,2.17474,-2.67181,3.22205,-1.18162,-0.436554,-4.32643,4.18781,-3.12901,3.14477,-0.814177,0.524087,-4.83487,-2.02022,-7.19268,-0.378892,-7.1529,-3.66042,-4.2861,-1.98343,-6.69584,-0.614792,-6.67625,-3.386,0.17858,0.98679,-0.508323,0.0734993,-0.00415725,0.402552,-0.0244146,-0.946342,-0.488092,-2.58566,0.559105,-0.131453,3.17707,1.71623,2.14326,-0.0379565,3.19046,0.530163,-0.474753,0.535728,4.15633,0.637494,3.10913,-0.0540214,0.490996,-0.0560577,1.00563,0.579303,-1.27094,1.51764,-37.3513,14.1072,-33.9396,21.0376,22.1094,-9.55558,23.1749,-21.0436,5.59657,-1.16429,-0.06371,0.158018,-0.676829,16.9504,-24.5817,17.423,0,5.8878,-9.24385,6.14966,-5.18097,2.87256,1.74876,-2.88341,1.36947,-0.818207,20.8104,-35.6028,18.3219,32.363,-5.45092,10.0973,-4.56067,-16.2089,5.78066,1.314,0.00590749,-0.00191228,-0.00692829,1.92647,-1.92729,0.150439,-0.0334955,-0.0567641,-0.0759947,4.73759,22.0133,0.0990677,13.7532,-22.0365,-0.00431789,0.290173,-7.27389,0.188877,0.111597,0.225302,-5.88627,-1.99059,-0.00415725,0,2827,1.38778e-17,4.16334e-17,-1.21431e-17,1.38778e-17,-3.81639e-17,-4.4886e-17,-2.08167e-17,6.93889e-18,0,4.06576e-18,0,-0.488092,-0.292915,0.559072,-0.025727,3.14159,2.14326,-0.00569926,3.19044,0.0795244,-0.392699,4.15633,0.0956749,3.10899,-0.00810321,0.523599,0,0,0,0.0733505,-0.0244146,-0.488092,0.559105,3.17707,2.14326,3.19046,-0.474753,4.15633,3.10913,0.490996,0.0314835,-2.43253,0.867382,0.000141604,-0.0973271,-0.00103924,0.28897,-0.289093,0.0295515,0.0554504,0.0145004,1.00023,1.38018,0.183562,-0.177448,0.602693,99.4625,445.613,-1.08535,272.385,-430.248,-0.0522598,4.65401,-147.171,-8.21893,-29.4096,-0.182856,-28.2949,-6.0252,-61.2216,-66.804,5.02156,-13.7511,-149.093,-13.5524,-149.067,54.3974,3.64775,35.1839,-16.7046,47.6835,27.459,47.24,6.67811,10.5441,6.44755,-45.6111,10.353,28.8759,0.335523,-15.6018,26.356,0.493378,26.1436
8.56,-5.88554,-1.99465,0.102173,0.430877,0.00719772,1.1128,-0.456123,-0.338024,0.576596,0.999517,3.20513,-2.40607,2.17407,-2.66885,3.22133,-1.18055,-0.437173,-4.32662,4.18782,-3.12891,3.14478,-0.814857,0.52409,-4.83433,-2.02018,-7.19217,-0.378563,-7.1522,-3.66042,-4.28558,-1.98313,-6.69549,-0.6148,-6.67554,-3.38601,0.175035,0.989647,-0.508219,0.0721167,-0.00407719,0.400968,-0.0243207,-0.945751,-0.487641,-2.56687,0.559556,-0.131855,3.17752,1.73281,2.14255,-0.0458373,3.18975,0.535387,-0.475463,0.536819,4.1563,0.637019,3.10911,-0.0540387,0.490962,-0.0560445,1.00543,0.576805,-1.27054,1.51451,-36.9989,14.0448,-33.7281,20.8662,21.8514,-9.49525,22.9859,-20.8723,5.58639,-1.16267,-0.0637008,0.157714,-0.679762,17.0517,-24.6236,17.3918,0,5.94784,-9.37926,6.16065,-5.16199,2.89614,1.75385,-2.8942,1.36899,-0.82468,20.838,-35.597,18.2784,32.3314,-5.4729,10.097,-4.5493,-16.1928,5.77158,1.31102,0.00588218,-0.00189908,-0.00689285,1.92344,-1.92426,0.150423,-0.0330254,-0.0561002,-0.0750889,4.64562,22.1595,0.0946476,13.8104,-22.0109,-0.0047861,0.29291,-7.29095,0.188533,0.11252,0.224948,-5.88564,-1.99057,-0.00407719,0,2830,0,0,2.25514e-17,-6.245e-17,-3.46945e-18,-6.50521e-19,-1.38778e-17,4.85723e-17,5.20417e-17,5.3153e-17,0,-0.487641,-0.290804,0.559522,-0.0257457,3.14159,2.14255,-0.00688247,3.18973,0.0803081,-0.392699,4.1563,0.0956065,3.10896,-0.0081058,0.523599,0,0,0,0.0719758,-0.0243207,-0.487641,0.559556,3.17752,2.14255,3.18975,-0.475463,4.1563,3.10911,0.490962,0.0315184,-2.43018,0.866036,0.000149466,-0.0977105,-0.00103393,0.288516,-0.288638,0.0294849,0.0554595,0.0145034,1.00023,1.38215,0.194007,-0.139176,0.620917,97.3786,448.26,-1.17288,273.485,-429.823,-0.0568403,4.75462,-147.476,-7.7086,-33.9299,-0.179656,-32.8428,-5.3498,-59.3844,-65.1117,6.05511,-12.3803,-146.733,-12.1844,-146.705,63.4953,4.2887,31.0552,-14.7701,42.9292,24.7212,47.5205,7.40047,10.3232,7.17477,-45.566,10.062,28.9925,0.181191,-15.6341,25.9791,0.504043,25.7656
8.6,-5.88503,-1.99454,0.100785,0.428515,0.0073296,1.10967,-0.455629,-0.341653,0.577186,1.00529,3.20558,-2.40319,2.17365,-2.66851,3.22086,-1.17681,-0.437556,-4.32683,4.18783,-3.1289,3.14479,-0.815486,0.524092,-4.8338,-2.02013,-7.19174,-0.378346,-7.15151,-3.66041,-4.28507,-1.98281,-6.69516,-0.614799,-6.67485,-3.38601,0.171548,0.989904,-0.508197,0.0707649,-0.00398602,0.399414,-0.024212,-0.94491,-0.48717,-2.54857,0.560027,-0.133376,3.17798,1.74985,2.14211,-0.054313,3.18931,0.540915,-0.475915,0.537375,4.15629,0.636821,3.1091,-0.0540526,0.49094,-0.0560291,1.00523,0.574355,-1.27015,1.51143,-36.6504,13.9839,-33.5218,20.7,21.5948,-9.43638,22.8016,-20.706,5.57665,-1.15325,-0.0646261,0.159721,-0.682922,17.1535,-24.6612,17.3572,0,6.00712,-9.52173,6.1744,-5.1447,2.91981,1.75906,-2.90533,1.36834,-0.83153,20.8482,-35.5924,18.2356,32.3033,-5.48461,10.0972,-4.5381,-16.1784,5.76311,1.30873,0.00585767,-0.00188618,-0.00685886,1.92061,-1.92143,0.150408,-0.0347044,-0.0590639,-0.0783521,4.55493,22.2602,0.0718001,13.8085,-21.9051,-0.00539639,0.293543,-7.30672,0.188204,0.113442,0.224617,-5.88523,-1.99056,-0.00398602,0,2832,0,-2.77556e-17,-2.08167e-17,-6.93889e-18,-2.08167e-17,-2.55804e-17,-2.77556e-17,9.02056e-17,8.67362e-17,9.5193e-17,0,-0.48717,-0.288747,0.55999,-0.0260136,3.14159,2.14211,-0.00815671,3.18928,0.0811373,-0.392699,4.15629,0.0955813,3.10893,-0.00810789,0.523599,0,0,0,0.0706316,-0.024212,-0.48717,0.560027,3.17798,2.14211,3.18931,-0.475915,4.15629,3.1091,0.49094,0.0315416,-2.42812,0.864789,0.000161693,-0.0986195,-0.00102883,0.288092,-0.288214,0.0294325,0.0554656,0.0145055,1.00022,1.38432,0.194394,-0.130744,0.6149,95.4471,448.487,-1.11061,273.581,-425.923,-0.0426111,4.7833,-147.749,-7.66538,-35.6357,-0.213684,-34.5222,-5.12214,-59.0069,-64.8273,6.5157,-11.8534,-145.859,-11.657,-145.83,66.911,4.55244,29.702,-14.1421,41.1014,23.6687,47.5446,7.67262,10.1185,7.44344,-45.1526,10.0042,29.0027,0.118421,-15.663,25.8402,0.507083,25.6262
8.64,-5.88452,-1.99445,0.099459,0.426295,0.00744522,1.10676,-0.455162,-0.343921,0.577755,1.00951,3.20599,-2.39985,2.17301,-2.66504,3.22019,-1.17662,-0.438132,-4.32699,4.18781,-3.12859,3.14477,-0.815913,0.524095,-4.83328,-2.02011,-7.19125,-0.378042,-7.15083,-3.66042,-4.28456,-1.98253,-6.69481,-0.614801,-6.67418,-3.38601,0.169434,0.993285,-0.507913,0.0693343,-0.00390961,0.397748,-0.0241312,-0.9437,-0.486739,-2.52965,0.560459,-0.137867,3.17842,1.75999,2.14144,-0.0586489,3.18863,0.545373,-0.476576,0.536292,4.15624,0.637393,3.10904,-0.0540695,0.490906,-0.056016,1.00502,0.571755,-1.26976,1.50822,-36.2821,13.9216,-33.3096,20.5292,21.3219,-9.37585,22.6121,-20.5349,5.56662,-1.12369,-0.0679825,0.167708,-0.686921,17.2207,-24.6926,17.3271,0,6.05745,-9.61059,6.18013,-5.12725,2.93818,1.76463,-2.91561,1.36875,-0.836726,20.8028,-35.5879,18.1904,32.2781,-5.46566,10.0983,-4.52646,-16.1663,5.75549,1.30812,0.00583243,-0.00187274,-0.00682467,1.91807,-1.91888,0.150393,-0.03315,-0.0554892,-0.0727691,4.49801,22.215,0.0836323,13.8793,-21.8921,-0.00399437,0.300605,-7.31745,0.187867,0.114162,0.224321,-5.8846,-1.99054,-0.00390961,0,2835,0,0,1.9082e-17,-6.93889e-18,-2.42861e-17,-1.70762e-17,-4.85723e-17,-2.77556e-17,-3.46945e-17,-2.96258e-17,0,-0.486739,-0.286615,0.560428,-0.026928,3.14159,2.14144,-0.00880289,3.18862,0.0818059,-0.392699,4.15624,0.0956594,3.1089,-0.00811043,0.523599,0,0,0,0.0692086,-0.0241312,-0.486739,0.560459,3.17842,2.14144,3.18863,-0.476576,4.15624,3.10904,0.490906,0.0315765,-2.42612,0.863603,0.000139949,-0.098303,-0.0010237,0.287711,-0.287832,0.0294192,0.0554747,0.0145085,1.00022,1.3829,0.216541,-0.0842795,0.645538,94.1443,443.501,-0.646801,275.499,-426.245,-0.0287934,4.94369,-147.943,-7.0821,-44.2579,-0.235608,-43.0806,-3.78752,-54.9086,-60.905,8.32668,-9.20515,-140.986,-9.0186,-140.952,84.1378,5.76453,21.5358,-10.2705,31.919,18.3809,47.016,9.04576,9.98035,8.80767,-45.1867,9.35074,29.206,-0.164792,-15.6836,25.0551,0.524087,24.8404
8.68,-5.88396,-1.99434,0.0981049,0.423948,0.00758269,1.10376,-0.454696,-0.345428,0.578318,1.01261,3.20637,-2.39614,2.17233,-2.66171,3.21947,-1.1761,-0.438768,-4.32717,4.18782,-3.12846,3.14477,-0.816489,0.524097,-4.8327,-2.02004,-7.19071,-0.377707,-7.15008,-3.66042,-4.28401,-1.98221,-6.69444,-0.614809,-6.67343,-3.38601,0.168109,0.996519,-0.507785,0.0679781,-0.00382405,0.396257,-0.024017,-0.942534,-0.486295,-2.51223,0.560902,-0.145796,3.17886,1.77444,2.14073,-0.0649994,3.18792,0.550152,-0.477288,0.538343,4.15622,0.636641,3.10902,-0.0540838,0.490884,-0.0560014,1.00483,0.569403,-1.26938,1.50523,-35.9462,13.8642,-33.1145,20.373,21.0738,-9.32048,22.4384,-20.3788,5.55747,-1.0712,-0.0741533,0.182611,-0.691633,17.313,-24.7301,17.2997,0,6.11267,-9.73067,6.18812,-5.10985,2.95942,1.76991,-2.92571,1.36882,-0.842517,20.8624,-35.5815,18.148,32.2457,-5.50474,10.0978,-4.51538,-16.15,5.74608,1.30453,0.00580708,-0.00185974,-0.00678938,1.91493,-1.91574,0.150378,-0.0338545,-0.0586879,-0.0748815,4.46036,22.0176,0.0928235,13.9452,-21.8803,-0.00435329,0.303994,-7.3319,0.187556,0.114993,0.223953,-5.88418,-1.99052,-0.00382405,0,2837,1.38778e-17,1.38778e-17,3.64292e-17,-8.32667e-17,-1.04083e-17,-1.56125e-17,6.93889e-18,3.46945e-17,3.81639e-17,2.32019e-17,0,-0.486295,-0.284658,0.560869,-0.0285838,3.14159,2.14073,-0.0097563,3.1879,0.0825228,-0.392699,4.15622,0.0955472,3.10888,-0.00811256,0.523599,0,0,0,0.0678593,-0.024017,-0.486295,0.560902,3.17886,2.14073,3.18792,-0.477288,4.15622,3.10902,0.490884,0.0315997,-2.4237,0.862194,0.0001415,-0.0982527,-0.00101841,0.28724,-0.287361,0.0293388,0.0554808,0.0145106,1.00021,1.35737,0.20231,-0.12458,0.582963,93.4444,435.064,-0.953837,276.535,-427.888,-0.0708036,4.99472,-148.3,-7.90579,-42.0902,-0.242285,-40.6849,-4.0171,-55.0367,-60.9746,7.98287,-9.42747,-138.884,-9.24357,-138.85,79.6038,5.49098,22.7814,-10.8838,32.6862,18.8228,46.1216,8.65792,9.90615,8.3853,-45.3609,9.36303,29.3158,-0.122074,-15.7214,24.6695,0.529496,24.458
8.72,-5.88342,-1.99425,0.0967823,0.421639,0.00771533,1.10082,-0.454244,-0.346806,0.578862,1.01519,3.20675,-2.39239,2.17164,-2.65863,3.21874,-1.17518,-0.439394,-4.32733,4.18782,-3.1283,3.14478,-0.817113,0.5241,-4.83215,-2.01998,-7.1902,-0.377381,-7.14936,-3.66043,-4.28347,-1.9819,-6.69409,-0.61482,-6.67271,-3.38602,0.166901,0.999503,-0.507626,0.0665822,-0.00374512,0.394606,-0.0239192,-0.939374,-0.485879,-2.49563,0.561319,-0.153308,3.17928,1.78984,2.14001,-0.072281,3.18721,0.555252,-0.478004,0.538798,4.15619,0.63633,3.10899,-0.0541005,0.49085,-0.0559897,1.00464,0.566842,-1.269,1.50209,-35.5557,13.8062,-32.915,20.2168,20.7687,-9.26436,22.2613,-20.2225,5.54981,-1.02355,-0.0799041,0.196413,-0.696531,17.4133,-24.7716,17.2697,0,6.17329,-9.86292,6.19841,-5.09153,2.98235,1.77512,-2.93639,1.3685,-0.848772,20.8678,-35.5759,18.1041,32.2137,-5.51517,10.0977,-4.50393,-16.1338,5.7372,1.30193,0.00578332,-0.00184713,-0.00675583,1.91197,-1.91277,0.150363,-0.033063,-0.0577305,-0.0735919,4.42591,21.8262,0.0936897,14.0053,-21.8594,-0.00406308,0.308069,-7.34755,0.187298,0.11589,0.223607,-5.88355,-1.9905,-0.00374512,0,2840,-6.93889e-18,-1.38778e-17,-1.38778e-17,5.55112e-17,-2.42861e-17,-3.02492e-17,-6.93889e-18,1.11022e-16,1.07553e-16,1.13245e-16,0,-0.485879,-0.282793,0.561284,-0.0301242,3.14159,2.14001,-0.0108487,3.18719,0.0832877,-0.392699,4.15619,0.0955023,3.10884,-0.00811508,0.523599,0,0,0,0.0664703,-0.0239192,-0.485879,0.561319,3.17928,2.14001,3.18721,-0.478004,4.15619,3.10899,0.49085,0.0316345,-2.42131,0.860871,0.000146043,-0.0980686,-0.00101338,0.286796,-0.286916,0.0292807,0.0554899,0.0145136,1.00021,1.37158,0.185529,-0.232009,0.53593,93.6402,433.046,-0.986665,277.625,-425.946,-0.0661476,4.85905,-148.859,-9.143,-38.1829,-0.10376,-36.5027,-4.79402,-58.266,-64.2763,7.31474,-10.8146,-142.416,-10.623,-142.385,71.4868,4.96341,27.5137,-13.1677,37.5021,21.5962,45.9077,8.04859,9.92691,7.73396,-45.155,9.8879,29.4313,0.00574865,-15.7807,25.2574,0.515114,25.0441
8.76,-5.88292,-1.99414,0.0953731,0.419244,0.00784066,1.09766,-0.453767,-0.350533,0.579418,1.02051,3.20718,-2.38878,2.17095,-2.65574,3.218,-1.17445,-0.440034,-4.32756,4.18783,-3.12827,3.14478,-0.817765,0.524102,-4.83163,-2.01993,-7.1897,-0.377023,-7.14868,-3.66042,-4.28297,-1.98159,-6.69376,-0.614812,-6.67203,-3.38601,0.163298,1.0023,-0.507594,0.06523,-0.00365098,0.392973,-0.0238171,-0.935142,-0.485425,-2.48022,0.561772,-0.154828,3.17973,1.80548,2.1393,-0.0797609,3.18649,0.560594,-0.478725,0.539391,4.15617,0.635897,3.10898,-0.0541142,0.490828,-0.0559759,1.00446,0.564318,-1.26863,1.49903,-35.152,13.7494,-32.7205,20.0675,20.4446,-9.20954,22.0887,-20.0731,5.54357,-1.01718,-0.0807234,0.19807,-0.6998,17.5164,-24.8141,17.2405,0,6.23462,-9.99851,6.20904,-5.07348,3.0054,1.78108,-2.94823,1.36872,-0.855175,20.8777,-35.5706,18.0617,32.1807,-5.52834,10.0974,-4.49285,-16.1171,5.72826,1.29908,0.00576011,-0.00183492,-0.00672269,1.90899,-1.90979,0.150349,-0.0352303,-0.0598704,-0.0790859,4.3327,21.92,0.0901725,14.0603,-21.8372,-0.00562838,0.308985,-7.3639,0.187087,0.116792,0.223258,-5.88313,-1.99049,-0.00365098,0,2842,-1.38778e-17,-2.77556e-17,-4.16334e-17,2.77556e-17,1.38778e-17,3.79471e-18,1.38778e-17,8.32667e-17,7.97973e-17,9.39732e-17,0,-0.485425,-0.28106,0.561737,-0.0303732,3.14159,2.1393,-0.0119734,3.18647,0.0840892,-0.392699,4.15617,0.0954402,3.10882,-0.00811713,0.523599,0,0,0,0.0651245,-0.0238171,-0.485425,0.561772,3.17973,2.1393,3.18649,-0.478725,4.15617,3.10898,0.490828,0.0316578,-2.41885,0.859546,0.000153722,-0.10035,-0.0010084,0.286348,-0.286468,0.0292152,0.055496,0.0145156,1.0002,1.38108,0.195539,-0.157334,0.53815,91.1762,440.368,-1.09259,278.717,-425.248,-0.0591544,5.00796,-149.028,-8.47024,-42.896,-0.0874568,-41.2408,-4.14675,-56.7525,-62.9346,8.37827,-9.48361,-140.804,-9.29268,-140.771,81.0162,5.66383,23.5645,-11.2979,32.8854,18.9376,46.6839,8.8125,9.6657,8.50331,-45.081,9.6518,29.5472,-0.147191,-15.7986,25.0136,0.5309,24.7984
8.8,-5.88242,-1.99405,0.0940543,0.417004,0.00795863,1.09465,-0.453305,-0.35408,0.579978,1.02595,3.20761,-2.3852,2.17026,-2.65266,3.21727,-1.17356,-0.44066,-4.32771,4.18781,-3.12798,3.14477,-0.818224,0.524105,-4.83112,-2.01991,-7.1892,-0.376694,-7.14802,-3.66043,-4.28247,-1.98131,-6.69342,-0.614818,-6.67137,-3.38601,0.159877,1.00527,-0.507317,0.0637794,-0.00357762,0.391315,-0.023734,-0.933743,-0.484998,-2.4615,0.562199,-0.155267,3.18016,1.82108,2.13857,-0.0869479,3.18577,0.565928,-0.479444,0.538711,4.15612,0.636374,3.10892,-0.0541309,0.490794,-0.0559643,1.00427,0.561755,-1.26826,1.49588,-34.7987,13.6898,-32.5177,19.905,20.186,-9.15171,21.9082,-19.9104,5.53369,-1.0166,-0.0806529,0.197536,-0.702816,17.62,-24.8555,17.2107,0,6.29613,-10.1342,6.21896,-5.05539,3.02851,1.78706,-2.95976,1.36886,-0.861586,20.8462,-35.5671,18.0173,32.1554,-5.51669,10.0989,-4.48141,-16.1049,5.72033,1.29821,0.00573584,-0.001822,-0.00668959,1.90635,-1.90714,0.150335,-0.03297,-0.0559867,-0.075157,4.24388,22.0559,0.0895033,14.12,-21.8117,-0.00398137,0.315914,-7.3754,0.186755,0.117697,0.222949,-5.88251,-1.99047,-0.00357762,0,2845,0,-1.38778e-17,-2.42861e-17,2.08167e-17,-6.93889e-18,-1.38778e-17,-6.93889e-18,9.02056e-17,9.02056e-17,1.03108e-16,0,-0.484998,-0.278953,0.562168,-0.0303802,3.14159,2.13857,-0.0130483,3.18575,0.0848892,-0.392699,4.15612,0.0955051,3.10879,-0.00811964,0.523599,0,0,0,0.0636805,-0.023734,-0.484998,0.562199,3.18016,2.13857,3.18577,-0.479444,4.15612,3.10892,0.490794,0.0316926,-2.41687,0.858321,0.000135385,-0.099324,-0.00100344,0.285952,-0.286071,0.0291966,0.0555051,0.0145187,1.0002,1.38042,0.229969,-0.0783177,0.650438,89.0226,445.858,-1.11539,279.877,-425.096,-0.0316928,5.21704,-149.159,-6.42469,-56.2291,-0.16066,-54.7293,-2.05456,-50.2882,-56.7266,11.1578,-5.36873,-133.456,-5.19273,-133.414,107.953,7.59748,10.8506,-5.21137,18.6155,10.7201,47.266,10.9411,9.43739,10.6574,-45.0649,8.61967,29.6701,-0.583156,-15.8125,23.8336,0.553065,23.6171
8.84,-5.88192,-1.99395,0.0927395,0.414631,0.00810346,1.09149,-0.452848,-0.357855,0.580534,1.0314,3.20804,-2.38207,2.16977,-2.65166,3.21673,-1.17023,-0.441104,-4.32786,4.18782,-3.12785,3.14477,-0.818804,0.524107,-4.8306,-2.01983,-7.18878,-0.376472,-7.14731,-3.66044,-4.28197,-1.98099,-6.69312,-0.614839,-6.67066,-3.38603,0.156235,1.00617,-0.507179,0.0624314,-0.00349739,0.38982,-0.0236124,-0.934023,-0.484564,-2.44268,0.562633,-0.155714,3.18059,1.83875,2.13806,-0.0953954,3.18525,0.571123,-0.479956,0.540792,4.15611,0.635556,3.10891,-0.0541446,0.490772,-0.0559514,1.00409,0.559426,-1.26789,1.49296,-34.5065,13.634,-32.329,19.7507,19.9882,-9.09782,21.7405,-19.7561,5.52279,-1.01485,-0.0806266,0.197125,-0.705597,17.7334,-24.8949,17.1805,0,6.35754,-10.2875,6.23185,-5.03913,3.05245,1.79149,-2.96925,1.36785,-0.868184,20.9065,-35.5612,17.9758,32.1227,-5.55631,10.0984,-4.47049,-16.0882,5.71087,1.29449,0.00571251,-0.00180987,-0.00665665,1.90319,-1.90398,0.150321,-0.0328716,-0.0593232,-0.0790934,4.14952,22.1902,0.0782953,14.1327,-21.7303,-0.00355466,0.319526,-7.38995,0.186385,0.11863,0.222579,-5.88209,-1.99046,-0.00349739,0,2847,6.93889e-18,2.77556e-17,-5.20417e-18,4.85723e-17,-1.73472e-17,-1.9082e-17,-4.85723e-17,6.93889e-18,-3.46945e-18,9.18861e-18,0,-0.484564,-0.276839,0.562599,-0.0303913,3.14159,2.13806,-0.0143161,3.18524,0.0856684,-0.392699,4.15611,0.0953854,3.10877,-0.0081217,0.523599,0,0,0,0.0623384,-0.0236124,-0.484564,0.562633,3.18059,2.13806,3.18525,-0.479956,4.15611,3.10891,0.490772,0.0317159,-2.41445,0.856918,0.000143643,-0.0980073,-0.000998498,0.285479,-0.285597,0.029114,0.0555112,0.0145207,1.00019,1.38287,0.209587,-0.117199,0.627233,87.1777,448.534,-1.13617,280.188,-424.592,-0.0698322,5.28594,-149.492,-7.13911,-51.3097,-0.163732,-49.7573,-2.89869,-53.3301,-59.7837,10.3043,-6.84119,-136.061,-6.65748,-136.023,98.037,6.94439,15.9211,-7.65622,23.7219,13.6607,47.5496,10.1538,9.24181,9.86178,-45.0115,9.10952,29.7031,-0.435141,-15.8479,24.2519,0.560369,24.035
8.88,-5.88142,-1.99385,0.0913911,0.412325,0.00822238,1.08837,-0.452371,-0.361601,0.581105,1.03676,3.20848,-2.37949,2.16933,-2.65066,3.21625,-1.16787,-0.441502,-4.32804,4.18782,-3.12767,3.14477,-0.819421,0.52411,-4.83008,-2.0198,-7.18834,-0.376248,-7.14665,-3.66044,-4.28148,-1.98069,-6.69279,-0.614834,-6.67,-3.38602,0.152615,1.00709,-0.507016,0.061076,-0.00341107,0.38809,-0.0235284,-0.931636,-0.484122,-2.42479,0.563076,-0.156242,3.18104,1.85117,2.13758,-0.101746,3.18478,0.576,-0.480432,0.540503,4.15607,0.635259,3.10887,-0.0541611,0.490738,-0.0559419,1.00392,0.556803,-1.26755,1.48989,-34.1387,13.5759,-32.1319,19.5944,19.7119,-9.04148,21.5652,-19.5997,5.51397,-1.01394,-0.0806226,0.196759,-0.708659,17.8191,-24.9293,17.1482,0,6.41445,-10.4056,6.24292,-5.02314,3.07303,1.79657,-2.97949,1.36739,-0.874094,20.8852,-35.5552,17.9331,32.0872,-5.55395,10.098,-4.45942,-16.0705,5.70219,1.29197,0.00568945,-0.00179784,-0.00662355,1.9003,-1.90108,0.150308,-0.0337084,-0.0576697,-0.0778562,4.05578,22.3212,0.0645675,14.1468,-21.6614,-0.00467748,0.323721,-7.40543,0.186088,0.119434,0.22224,-5.88146,-1.99044,-0.00341107,0,2850,-1.38778e-17,-4.16334e-17,-4.16334e-17,5.55112e-17,-3.1225e-17,-4.57533e-17,3.46945e-17,6.245e-17,5.89806e-17,6.46456e-17,0,-0.484122,-0.274826,0.563043,-0.0304192,3.14159,2.13758,-0.0152691,3.18476,0.0864001,-0.392699,4.15607,0.0953394,3.10873,-0.00812417,0.523599,0,0,0,0.0609887,-0.0235284,-0.484122,0.563076,3.18104,2.13758,3.18478,-0.480432,4.15607,3.10887,0.490738,0.0317507,-2.41176,0.855607,0.000139393,-0.100454,-0.000993533,0.285044,-0.285162,0.0290562,0.0555203,0.0145238,1.00019,1.40487,0.213768,-0.0656606,0.646917,85.0912,450.818,-0.830413,280.903,-423.574,-0.0498986,5.4178,-149.731,-6.91057,-54.3406,-0.157567,-52.7878,-2.62921,-53.3985,-60.0388,11.0013,-6.20821,-136.78,-6.02148,-136.741,104.136,7.42648,14.2217,-6.84673,21.529,12.3979,47.7918,10.666,9.02062,10.3746,-44.9036,9.13215,29.7789,-0.519556,-15.8731,24.4033,0.574347,24.1832
8.92,-5.88092,-1.99375,0.0900235,0.410016,0.00833861,1.08527,-0.451906,-0.365301,0.581668,1.04217,3.20891,-2.37696,2.16886,-2.64911,3.21574,-1.16623,-0.441934,-4.32826,4.18782,-3.12755,3.14476,-0.819983,0.524112,-4.82957,-2.01977,-7.18789,-0.376007,-7.14599,-3.66043,-4.28098,-1.98041,-6.69245,-0.614827,-6.66934,-3.38601,0.149045,1.00856,-0.506897,0.0596989,-0.00332559,0.386507,-0.0234354,-0.930975,-0.48368,-2.4061,0.563517,-0.15677,3.18148,1.86206,2.13708,-0.106594,3.18428,0.580277,-0.480929,0.541171,4.15604,0.63506,3.10884,-0.0541746,0.490716,-0.0559294,1.00375,0.554373,-1.2672,1.48693,-33.8233,13.5195,-31.9415,19.4409,19.4906,-8.9868,21.3959,-19.446,5.50372,-1.01198,-0.0806374,0.19645,-0.711591,17.8953,-24.9587,17.1192,0,6.46531,-10.5073,6.2504,-5.00815,3.09151,1.80128,-2.98804,1.36702,-0.879267,20.8985,-35.5513,17.8917,32.0575,-5.56751,10.0987,-4.44869,-16.0558,5.69346,1.28962,0.0056666,-0.0017859,-0.0065914,1.89738,-1.89816,0.150295,-0.03419,-0.0577127,-0.0775198,3.9632,22.4525,0.063192,14.1735,-21.6165,-0.0053213,0.326793,-7.41954,0.185742,0.120156,0.2219,-5.88104,-1.99042,-0.00332559,0,2852,0,-2.77556e-17,-1.04083e-17,6.93889e-18,-3.1225e-17,-3.46945e-17,-1.38778e-17,8.32667e-17,7.97973e-17,9.00972e-17,0,-0.48368,-0.272726,0.563484,-0.030446,3.14159,2.13708,-0.0159952,3.18426,0.0870415,-0.392699,4.15604,0.0953073,3.10871,-0.00812619,0.523599,0,0,0,0.0596171,-0.0234354,-0.48368,0.563517,3.18148,2.13708,3.18428,-0.480929,4.15604,3.10884,0.490716,0.031774,-2.40949,0.854285,0.000133016,-0.101575,-0.00098871,0.284608,-0.284724,0.0290029,0.0555264,0.0145258,1.00018,1.37679,0.245491,0.0422949,0.69142,82.4206,452.664,-0.731982,281.583,-424.107,-0.0348844,5.65288,-149.8,-4.61219,-68.0556,-0.150879,-66.6884,-0.280925,-45.1859,-51.9497,13.7725,-1.52364,-125.961,-1.35829,-125.912,131.867,9.46576,-0.0372149,0.0179381,5.27794,3.03942,47.9875,12.8171,8.73751,12.5559,-44.9601,7.80899,29.8509,-0.979679,-15.8805,22.6188,0.599269,22.4008
8.96,-5.88038,-1.99365,0.0886676,0.407703,0.00847026,1.08221,-0.451459,-0.368715,0.582217,1.04694,3.20933,-2.37397,2.16824,-2.64617,3.2151,-1.16624,-0.442507,-4.32848,4.18783,-3.12747,3.14477,-0.820698,0.524115,-4.82901,-2.01971,-7.18739,-0.375706,-7.14527,-3.66043,-4.28044,-1.9801,-6.69209,-0.614834,-6.66862,-3.38602,0.145763,1.01143,-0.506814,0.058291,-0.00324293,0.384968,-0.0233386,-0.9311,-0.483268,-2.38698,0.56393,-0.157538,3.18189,1.87292,2.13643,-0.110932,3.18363,0.584424,-0.481584,0.542305,4.15602,0.634815,3.10882,-0.0541911,0.490682,-0.0559201,1.00358,0.552004,-1.26685,1.48399,-33.5317,13.4642,-31.7549,19.2888,19.295,-8.93333,21.2302,-19.2939,5.49266,-1.00793,-0.0808549,0.196635,-0.71452,17.9734,-24.9898,17.0936,0,6.51592,-10.6064,6.25574,-4.99284,3.1098,1.80638,-2.99665,1.36713,-0.884208,20.9285,-35.5486,17.8506,32.0301,-5.58917,10.0996,-4.4379,-16.0418,5.68458,1.28715,0.0056442,-0.00177409,-0.00656002,1.89443,-1.8952,0.150282,-0.0338968,-0.057828,-0.0765513,3.87779,22.5592,0.0748348,14.2316,-21.6183,-0.00559771,0.328956,-7.43744,0.185369,0.120873,0.221554,-5.88041,-1.9904,-0.00324293,0,2855,1.38778e-17,1.38778e-17,8.67362e-18,0,-1.73472e-17,-2.25514e-17,0,1.11022e-16,1.11022e-16,1.34956e-16,0,-0.483268,-0.270576,0.563896,-0.030522,3.14159,2.13643,-0.0166466,3.18361,0.0876636,-0.392699,4.15602,0.0952737,3.10868,-0.00812867,0.523599,0,0,0,0.0582147,-0.0233386,-0.483268,0.56393,3.18189,2.13643,3.18363,-0.481584,4.15602,3.10882,0.490682,0.0318089,-2.40747,0.852971,0.000141591,-0.101667,-0.000984003,0.284164,-0.28428,0.0289475,0.0555355,0.0145289,1.00018,1.37198,0.227119,-0.107541,0.657728,81.7459,455.389,-0.624115,282.776,-423.045,-0.0481183,5.43257,-150.474,-5.1544,-63.9856,-0.158456,-62.5755,-0.934151,-47.3532,-54.1011,13.0543,-2.62186,-127.273,-2.45388,-127.226,123.672,8.93301,3.88576,-1.87596,9.08922,5.23424,48.2764,12.1555,8.66598,11.8876,-44.8475,8.1563,29.9774,-0.861326,-15.9519,22.8172,0.575914,22.5998
9,-5.87985,-1.99356,0.0873604,0.405322,0.00861144,1.07901,-0.451001,-0.37245,0.58277,1.05193,3.20976,-2.37076,2.16767,-2.64403,3.21449,-1.16453,-0.443031,-4.3286,4.18783,-3.12726,3.14477,-0.821128,0.524117,-4.82847,-2.01964,-7.18692,-0.375446,-7.14454,-3.66045,-4.27991,-1.97978,-6.69176,-0.614856,-6.66789,-3.38603,0.142157,1.01349,-0.506602,0.0569068,-0.00316725,0.383431,-0.0232207,-0.930223,-0.482834,-2.36884,0.564364,-0.158282,3.18232,1.88711,2.13583,-0.11724,3.18303,0.589132,-0.482178,0.542376,4.15599,0.635027,3.1088,-0.0542041,0.49066,-0.0559084,1.00341,0.54964,-1.26651,1.48108,-33.2254,13.4103,-31.5721,19.1422,19.0803,-8.88121,21.0683,-19.1472,5.48274,-1.00444,-0.0810546,0.196771,-0.717442,18.072,-25.0258,17.0665,0,6.57297,-10.7349,6.26467,-4.97729,3.13098,1.81139,-3.00587,1.36684,-0.889981,20.9228,-35.5458,17.8089,32.0063,-5.59101,10.1009,-4.42696,-16.0299,5.67664,1.28576,0.00562294,-0.00176251,-0.00653076,1.89178,-1.89255,0.150269,-0.0326801,-0.0595358,-0.0800243,3.78436,22.6721,0.0800465,14.2708,-21.5776,-0.00306876,0.334277,-7.44822,0.185034,0.121701,0.221244,-5.87999,-1.99039,-0.00316725,0,2857,0,0,5.20417e-18,-6.93889e-18,-3.46945e-18,-1.73472e-18,-6.93889e-18,1.17961e-16,1.07553e-16,1.27204e-16,0,-0.482834,-0.268538,0.564329,-0.0305954,3.14159,2.13583,-0.017593,3.18301,0.0883698,-0.392699,4.15599,0.0953052,3.10865,-0.00813061,0.523599,0,0,0,0.0568355,-0.0232207,-0.482834,0.564364,3.18232,2.13583,3.18303,-0.482178,4.15599,3.1088,0.49066,0.0318321,-2.40567,0.851777,0.00014031,-0.0988062,-0.000979615,0.283766,-0.283882,0.0289177,0.0555416,0.0145309,1.00018,1.3891,0.222911,-0.128396,0.627415,79.9957,457.722,-0.857258,283.312,-421.63,-0.0394692,5.49786,-150.722,-5.24622,-64.5025,-0.139836,-63.067,-1.02186,-48.4579,-55.3503,13.2696,-2.67267,-128.745,-2.50034,-128.698,124.681,9.06309,4.41772,-2.13589,9.26814,5.33729,48.5237,12.2585,8.48044,11.987,-44.6975,8.3427,30.0342,-0.872254,-15.9782,23.0805,0.582835,22.8605
9.04,-5.87934,-1.99344,0.0859623,0.402983,0.00872487,1.0759,-0.450541,-0.375681,0.583327,1.05641,3.21018,-2.36753,2.16695,-2.64072,3.21374,-1.16497,-0.443688,-4.32884,4.18782,-3.12714,3.14477,-0.821844,0.52412,-4.82793,-2.0196,-7.18638,-0.375072,-7.14387,-3.66043,-4.2794,-1.97949,-6.69139,-0.614837,-6.66722,-3.38601,0.139059,1.01671,-0.506497,0.05556,-0.0030728,0.381697,-0.0231421,-0.928126,-0.482408,-2.35074,0.56479,-0.160114,3.18275,1.89931,2.13509,-0.12305,3.18228,0.594056,-0.482928,0.542694,4.15596,0.634403,3.10876,-0.0542204,0.490626,-0.0559006,1.00326,0.547044,-1.26619,1.47809,-32.8803,13.3547,-31.3841,18.9927,18.8279,-8.82726,20.9015,-18.9975,5.47354,-0.994904,-0.0820775,0.198899,-0.720854,18.1649,-25.0661,17.0403,0,6.63234,-10.8525,6.2731,-4.96067,3.15157,1.81786,-3.01757,1.36757,-0.895673,20.9212,-35.5398,17.7676,31.9675,-5.60004,10.1003,-4.41627,-16.0105,5.6674,1.28249,0.0056008,-0.00175111,-0.00649828,1.88869,-1.88946,0.150257,-0.0349534,-0.0584553,-0.0777781,3.70346,22.7359,0.080862,14.3357,-21.584,-0.00595382,0.337071,-7.46617,0.184723,0.122507,0.220883,-5.87937,-1.99037,-0.0030728,0,2860,0,0,-1.9082e-17,-2.08167e-17,-3.46945e-18,-3.46945e-18,4.16334e-17,-2.08167e-17,-3.81639e-17,-3.8706e-17,0,-0.482408,-0.266503,0.564756,-0.0308915,3.14159,2.13509,-0.0184652,3.18226,0.0891084,-0.392699,4.15596,0.0952103,3.10862,-0.00813306,0.523599,0,0,0,0.0554935,-0.0231421,-0.482408,0.56479,3.18275,2.13509,3.18228,-0.482928,4.15596,3.10876,0.490626,0.031867,-2.40273,0.850383,0.00013664,-0.103328,-0.000974742,0.283304,-0.283419,0.0288421,0.0555507,0.014534,1.00017,1.38921,0.228546,-0.0137947,0.678063,77.6573,456.82,-0.960297,284.619,-422.405,-0.0566316,5.74389,-150.903,-4.66993,-68.901,-0.177145,-67.4743,-0.372542,-46.6239,-53.642,14.2412,-1.26677,-126.141,-1.09789,-126.092,133.556,9.77025,0.447426,-0.216717,4.39077,2.52854,48.4281,12.9584,8.23254,12.6893,-44.7797,8.05191,30.1728,-1.01907,-15.9974,22.6607,0.608916,22.4402
9.08,-5.87881,-1.99335,0.0846035,0.400608,0.00885639,1.07282,-0.450102,-0.377689,0.58387,1.06006,3.21056,-2.36442,2.16635,-2.63877,3.21309,-1.16328,-0.444241,-4.32904,4.18783,-3.12704,3.14477,-0.822422,0.524122,-4.82739,-2.01953,-7.18589,-0.374783,-7.14316,-3.66044,-4.27887,-1.97918,-6.69105,-0.614847,-6.66651,-3.38602,0.137216,1.01856,-0.506388,0.0541338,-0.0029932,0.380175,-0.0230338,-0.927891,-0.481992,-2.33197,0.565206,-0.165626,3.18317,1.91593,2.13446,-0.13046,3.18166,0.599234,-0.483555,0.543705,4.15594,0.634385,3.10874,-0.0542335,0.490604,-0.0558892,1.0031,0.544709,-1.26585,1.47519,-32.5933,13.3015,-31.204,18.8471,18.6352,-8.77574,20.742,-18.8519,5.46283,-0.962161,-0.0859973,0.20803,-0.725212,18.2803,-25.1057,17.0134,0,6.69417,-11.0025,6.28338,-4.94488,3.17479,1.82339,-3.02769,1.36739,-0.902014,20.9477,-35.5383,17.7267,31.9429,-5.61877,10.102,-4.40556,-15.9981,5.65871,1.28049,0.00557966,-0.00173972,-0.00646876,1.8858,-1.88656,0.150245,-0.03397,-0.0593937,-0.0768555,3.65317,22.6511,0.0778286,14.3694,-21.5432,-0.00495623,0.339849,-7.48067,0.184362,0.123415,0.220545,-5.87895,-1.99036,-0.0029932,0,2862,0,2.77556e-17,4.16334e-17,-6.93889e-17,-3.46945e-18,-1.21431e-17,1.38778e-17,-5.55112e-17,-4.51028e-17,-5.07407e-17,0,-0.481992,-0.264393,0.565172,-0.0319384,3.14159,2.13446,-0.0195775,3.18164,0.0898851,-0.392699,4.15594,0.0952089,3.1086,-0.00813503,0.523599,0,0,0,0.0540721,-0.0230338,-0.481992,0.565206,3.18317,2.13446,3.18166,-0.483555,4.15594,3.10874,0.490604,0.0318902,-2.4009,0.849087,0.000140033,-0.101743,-0.000970314,0.28287,-0.282984,0.0287981,0.0555568,0.014536,1.00017,1.3781,0.25411,-0.0208265,0.675684,76.6643,450.302,-1.11782,285.038,-421.439,-0.0328796,5.75563,-151.214,-2.93523,-81.3315,-0.204384,-79.9185,1.62781,-40.1215,-47.3326,16.7828,2.76644,-117.993,2.91789,-117.934,158.548,11.6684,-11.6452,5.64922,-9.59729,-5.52687,47.7371,14.9274,8.12728,14.6615,-44.6772,7.00908,30.2172,-1.42628,-16.0303,21.3342,0.610161,21.1135
9.12,-5.87826,-1.99324,0.0832057,0.398209,0.00898762,1.06984,-0.449675,-0.378262,0.584394,1.06223,3.2109,-2.36167,2.16582,-2.63728,3.21251,-1.16143,-0.444727,-4.32926,4.18783,-3.12691,3.14477,-0.823084,0.524125,-4.82682,-2.01945,-7.1854,-0.374519,-7.14242,-3.66043,-4.27832,-1.97886,-6.69068,-0.614847,-6.66577,-3.38602,0.136827,1.01996,-0.506262,0.0527357,-0.00290348,0.378551,-0.0229375,-0.925465,-0.4816,-2.31492,0.565597,-0.175059,3.18356,1.93072,2.13389,-0.137409,3.18109,0.604126,-0.484124,0.543936,4.15591,0.6343,3.10871,-0.0542496,0.49057,-0.0558816,1.00294,0.542258,-1.26553,1.47227,-32.2629,13.2496,-31.0268,18.7077,18.3924,-8.72551,20.5856,-18.7123,5.45428,-0.90768,-0.0929236,0.224385,-0.730982,18.3867,-25.1437,16.9853,0,6.75495,-11.1422,6.29404,-4.92949,3.19691,1.82837,-3.03713,1.36684,-0.908061,20.9461,-35.5353,17.6855,31.9139,-5.62444,10.1028,-4.39478,-15.9835,5.65016,1.2784,0.00555865,-0.00172849,-0.00643896,1.88295,-1.8837,0.150233,-0.0349459,-0.0599625,-0.0745076,3.63878,22.397,0.0685939,14.3934,-21.4987,-0.00551469,0.343096,-7.49724,0.184074,0.12428,0.220211,-5.87832,-1.99034,-0.00290348,0,2865,0,-1.38778e-17,1.9082e-17,-2.08167e-17,0,8.67362e-19,3.46945e-17,-3.46945e-17,-4.51028e-17,-4.14978e-17,0,-0.4816,-0.262476,0.565563,-0.0337667,3.14159,2.13389,-0.0206194,3.18107,0.090619,-0.392699,4.15591,0.0951964,3.10856,-0.00813743,0.523599,0,0,0,0.0526784,-0.0229375,-0.4816,0.565597,3.18356,2.13389,3.18109,-0.484124,4.15591,3.10871,0.49057,0.0319251,-2.39871,0.847806,0.000140779,-0.103083,-0.000965844,0.282442,-0.282556,0.0287505,0.0555659,0.0145391,1.00016,1.37719,0.237898,-0.0666546,0.615999,76.7012,440.556,-0.966238,285.749,-420.274,-0.0423872,5.73954,-151.65,-3.80573,-78.0114,-0.159396,-76.3045,1.05248,-42.2038,-49.4328,16.2186,1.80272,-119.417,1.95811,-119.361,151.657,11.2263,-8.17315,3.97027,-6.25399,-3.60154,46.7039,14.3902,8.13118,14.0794,-44.5538,7.34433,30.2926,-1.32804,-16.0766,21.5575,0.608456,21.337
9.16,-5.8777,-1.99314,0.081833,0.395836,0.00911904,1.06686,-0.449258,-0.379675,0.584896,1.0647,3.21125,-2.35885,2.16524,-2.63513,3.2119,-1.16047,-0.445257,-4.32946,4.18783,-3.12673,3.14477,-0.823701,0.524128,-4.82625,-2.01937,-7.18488,-0.374239,-7.14168,-3.66044,-4.27777,-1.97855,-6.69031,-0.614853,-6.66504,-3.38602,0.135566,1.02203,-0.506085,0.0512986,-0.00282108,0.376949,-0.0228409,-0.921271,-0.481218,-2.29961,0.565979,-0.1818,3.18394,1.94368,2.13328,-0.143022,3.18048,0.608762,-0.484737,0.544398,4.15587,0.634317,3.10867,-0.0542654,0.490536,-0.0558741,1.00279,0.539835,-1.2652,1.46934,-31.9071,13.1998,-30.8549,18.5766,18.1161,-8.67717,20.4342,-18.5808,5.44768,-0.870991,-0.0977145,0.235531,-0.736026,18.4829,-25.1785,16.9589,0,6.81182,-11.2655,6.30199,-4.91446,3.21734,1.83386,-3.04647,1.36681,-0.91364,20.9529,-35.533,17.644,31.8868,-5.63373,10.1042,-4.38396,-15.97,5.64154,1.27649,0.00553852,-0.00171746,-0.00641044,1.88007,-1.88083,0.150221,-0.0343175,-0.0593321,-0.0746421,3.60305,22.2454,0.0704584,14.4326,-21.4747,-0.00504391,0.347586,-7.5127,0.183853,0.125079,0.219874,-5.87769,-1.99032,-0.00282108,0,2868,2.08167e-17,2.77556e-17,0,3.46945e-17,3.46945e-18,5.63785e-18,6.93889e-18,-2.77556e-17,-1.73472e-17,-1.80249e-17,0,-0.481218,-0.260759,0.565945,-0.0350318,3.14159,2.13328,-0.0214618,3.18045,0.0913143,-0.392699,4.15587,0.0951978,3.10853,-0.00813981,0.523599,0,0,0,0.0512457,-0.0228409,-0.481218,0.565979,3.18394,2.13328,3.18048,-0.484737,4.15587,3.10867,0.490536,0.03196,-2.39666,0.846505,0.000137223,-0.102854,-0.000961565,0.282011,-0.282124,0.0287078,0.055575,0.0145422,1.00016,1.37724,0.249951,-0.0616714,0.560094,75.955,441.03,-0.810353,286.7,-419.998,-0.0417062,5.81114,-151.99,-2.5567,-85.5665,0.022605,-83.8166,2.18882,-38.7946,-46.1874,17.7796,4.18239,-115.133,4.32898,-115.072,166.841,12.4202,-15.0839,7.3381,-14.5063,-8.35391,46.7542,15.5949,8.05208,15.2793,-44.5245,6.80145,30.3934,-1.5695,-16.1126,20.8691,0.616046,20.6476
9.2,-5.87715,-1.99304,0.0804557,0.393408,0.00924992,1.06363,-0.448824,-0.38346,0.585409,1.06907,3.21165,-2.3559,2.16464,-2.6329,3.21127,-1.15943,-0.44581,-4.32967,4.18784,-3.12664,3.14478,-0.82433,0.52413,-4.82568,-2.01929,-7.18436,-0.373945,-7.14095,-3.66044,-4.27722,-1.97824,-6.68993,-0.614857,-6.6643,-3.38602,0.131893,1.02418,-0.505998,0.0498986,-0.00273643,0.375362,-0.0227333,-0.917236,-0.480807,-2.28436,0.56639,-0.182617,3.18435,1.95707,2.13265,-0.148891,3.17985,0.61348,-0.485362,0.545438,4.15585,0.633993,3.10865,-0.0542783,0.490514,-0.0558643,1.00264,0.537441,-1.26488,1.46647,-31.5598,13.1503,-30.6852,18.4471,17.8485,-8.62949,20.2852,-18.4514,5.44115,-0.869507,-0.0978796,0.235511,-0.738985,18.5834,-25.2149,16.9335,0,6.86987,-11.3934,6.31027,-4.8995,3.2381,1.83953,-3.05615,1.36692,-0.919293,20.9786,-35.5306,17.6037,31.8571,-5.6539,10.1052,-4.37339,-15.9549,5.63246,1.27383,0.00551831,-0.00170662,-0.00638133,1.87705,-1.8778,0.150209,-0.0344323,-0.060697,-0.0805582,3.5086,22.344,0.0738927,14.4734,-21.4492,-0.00511077,0.349854,-7.52846,0.183631,0.125891,0.21952,-5.87728,-1.9903,-0.00273643,0,2870,6.93889e-18,0,2.25514e-17,-6.93889e-18,-1.38778e-17,-1.86483e-17,-3.46945e-17,1.38778e-17,2.42861e-17,2.5533e-17,0,-0.480807,-0.259042,0.566356,-0.035111,3.14159,2.13265,-0.0223427,3.17983,0.092022,-0.392699,4.15585,0.0951514,3.10851,-0.00814175,0.523599,0,0,0,0.0498497,-0.0227333,-0.480807,0.56639,3.18435,2.13265,3.17985,-0.485362,4.15585,3.10865,0.490514,0.0319832,-2.39445,0.845156,0.000143057,-0.102722,-0.000957199,0.281557,-0.28167,0.0286481,0.0555811,0.0145442,1.00015,1.37683,0.246682,-0.0635515,0.570897,74.0383,449.442,-0.861357,287.493,-419.45,-0.0493486,5.86024,-152.311,-2.08135,-87.2056,-0.0546584,-85.506,2.41251,-38.3171,-45.7964,18.2092,4.78197,-113.889,4.92685,-113.826,170.261,12.7491,-16.4493,8.01459,-16.5855,-9.55131,47.6459,15.853,7.84889,15.5467,-44.4664,6.72741,30.4775,-1.63018,-16.1466,20.6662,0.621251,20.4442
9.24,-5.87658,-1.99293,0.0790708,0.390986,0.00938272,1.06041,-0.448386,-0.387078,0.585945,1.07337,3.21206,-2.35229,2.16381,-2.62862,3.2104,-1.16064,-0.446577,-4.32986,4.18783,-3.12645,3.14477,-0.824927,0.524133,-4.8251,-2.01922,-7.18378,-0.37354,-7.14019,-3.66044,-4.27665,-1.97792,-6.68954,-0.614861,-6.66354,-3.38602,0.128399,1.02836,-0.505808,0.0484826,-0.00265036,0.373706,-0.0226354,-0.915921,-0.480405,-2.26584,0.566793,-0.183183,3.18475,1.96978,2.13179,-0.154166,3.17899,0.618357,-0.486225,0.545347,4.15581,0.634042,3.10862,-0.054294,0.49048,-0.0558579,1.0025,0.534965,-1.26457,1.46356,-31.255,13.0981,-30.5083,18.3056,17.6381,-8.57885,20.129,-18.3098,5.43107,-0.868115,-0.0978479,0.235011,-0.741938,18.6854,-25.2565,16.9118,0,6.92994,-11.5158,6.31646,-4.88347,3.25879,1.84677,-3.0678,1.36822,-0.924834,20.966,-35.5279,17.5624,31.8284,-5.65365,10.1064,-4.3626,-15.9406,5.62403,1.27202,0.0054986,-0.00169583,-0.00635315,1.87423,-1.87498,0.150198,-0.0346224,-0.0605512,-0.0806268,3.41802,22.4495,0.0901541,14.5597,-21.4801,-0.00482302,0.354677,-7.54344,0.183291,0.126702,0.219191,-5.87665,-1.99028,-0.00265036,0,2873,0,1.38778e-17,-1.04083e-17,0,-3.46945e-17,-4.51028e-17,-2.77556e-17,0,-3.46945e-18,5.20417e-18,0,-0.480405,-0.25696,0.566759,-0.035127,3.14159,2.13179,-0.0231336,3.17897,0.0927535,-0.392699,4.15581,0.0951571,3.10847,-0.0081441,0.523599,0,0,0,0.0484375,-0.0226354,-0.480405,0.566793,3.18475,2.13179,3.17899,-0.486225,4.15581,3.10862,0.49048,0.0320181,-2.39227,0.843881,0.000138546,-0.103195,-0.000952973,0.281135,-0.281247,0.0286073,0.0555902,0.0145473,1.00015,1.34786,0.250512,-0.0476041,0.676737,72.2242,453.179,-0.924388,289.159,-419.958,-0.0393577,5.95992,-152.599,-0.746345,-92.2989,-0.0887187,-90.7528,3.39348,-34.4314,-41.9236,19.2968,6.89721,-107.468,7.02845,-107.401,180.704,13.6106,-22.4239,10.9486,-23.9255,-13.7783,48.0421,16.6241,7.65658,16.3427,-44.5202,6.09573,30.6541,-1.82178,-16.1772,19.5843,0.631819,19.3654
9.28,-5.87605,-1.99283,0.0776985,0.388567,0.00950733,1.05719,-0.447974,-0.390583,0.586458,1.07738,3.21245,-2.34943,2.16327,-2.62773,3.20981,-1.15777,-0.447066,-4.33006,4.18783,-3.12633,3.14477,-0.825548,0.524135,-4.82455,-2.01914,-7.18328,-0.373273,-7.13948,-3.66044,-4.27612,-1.97762,-6.68918,-0.614862,-6.66284,-3.38602,0.125018,1.02914,-0.505696,0.0470708,-0.00256759,0.372067,-0.0225341,-0.915104,-0.480016,-2.24699,0.567182,-0.1838,3.18514,1.98885,2.13123,-0.163419,3.17842,0.624109,-0.486789,0.546285,4.15579,0.633676,3.1086,-0.0543066,0.490458,-0.0558488,1.00236,0.532517,-1.26427,1.46068,-30.9648,13.0467,-30.3342,18.1653,17.4438,-8.529,19.9754,-18.1693,5.42047,-0.86599,-0.0978666,0.234635,-0.74487,18.8239,-25.3017,16.8834,0,7.00068,-11.698,6.33086,-4.86789,3.28473,1.8524,-3.07878,1.36767,-0.93197,20.9875,-35.5254,17.5221,31.7966,-5.67222,10.1074,-4.35208,-15.9246,5.61476,1.26923,0.00547977,-0.00168551,-0.00632535,1.87114,-1.87189,0.150187,-0.0343081,-0.0604809,-0.0804068,3.33027,22.5459,0.0716407,14.5684,-21.409,-0.00502811,0.357577,-7.55898,0.182934,0.127715,0.218829,-5.87623,-1.99027,-0.00256759,0,2875,0,0,1.21431e-17,0,-2.42861e-17,-1.73472e-17,0,1.38778e-17,6.93889e-18,1.14383e-17,0,-0.480016,-0.254842,0.567148,-0.0351522,3.14159,2.13123,-0.024522,3.1784,0.0936163,-0.392699,4.15579,0.0951028,3.10845,-0.00814599,0.523599,0,0,0,0.0470294,-0.0225341,-0.480016,0.567182,3.18514,2.13123,3.17842,-0.486789,4.15579,3.1086,0.490458,0.0320414,-2.38988,0.842494,0.000139977,-0.103322,-0.000948802,0.280672,-0.280783,0.0285448,0.0555963,0.0145493,1.00014,1.38042,0.234375,-0.196545,0.658196,71.4885,455.961,-1.20384,288.996,-416.584,-0.0730009,5.74852,-153.267,-1.81775,-88.382,-0.0871599,-86.7063,2.49008,-38.7698,-46.4341,18.7048,5.24352,-113.071,5.38696,-113.007,172.682,13.078,-16.886,8.25599,-18.1823,-10.4709,48.337,16.0387,7.57859,15.7369,-44.1626,6.80632,30.6368,-1.68741,-16.2481,20.5355,0.609407,20.3122
9.32,-5.87551,-1.99273,0.0763416,0.386196,0.0096344,1.05403,-0.447549,-0.394053,0.586981,1.08135,3.21285,-2.34673,2.16271,-2.62597,3.20921,-1.15641,-0.447577,-4.33026,4.18783,-3.12614,3.14477,-0.826166,0.524138,-4.824,-2.01907,-7.18279,-0.373002,-7.13877,-3.66044,-4.27558,-1.97732,-6.68882,-0.614866,-6.66212,-3.38602,0.12167,1.03082,-0.505511,0.0456602,-0.00248531,0.370423,-0.0224419,-0.913816,-0.479626,-2.22861,0.567572,-0.184451,3.18553,2.00274,2.13063,-0.169778,3.17783,0.628949,-0.487383,0.546467,4.15576,0.633621,3.10856,-0.0543219,0.490424,-0.0558433,1.00222,0.530074,-1.26397,1.45783,-30.6697,12.9959,-30.1626,18.0281,17.2425,-8.47978,19.824,-18.032,5.41043,-0.86381,-0.0979052,0.234312,-0.747822,18.9315,-25.3394,16.8575,0,7.06159,-11.8357,6.34051,-4.85331,3.30618,1.85804,-3.0885,1.36755,-0.937824,20.984,-35.5232,17.4818,31.7672,-5.67695,10.1086,-4.34157,-15.91,5.60614,1.26719,0.00546167,-0.00167539,-0.00629889,1.86827,-1.86901,0.150177,-0.0339207,-0.0592618,-0.079108,3.24337,22.6402,0.0675124,14.5985,-21.3755,-0.00489856,0.362286,-7.57447,0.182595,0.128554,0.218493,-5.8756,-1.99025,-0.00248531,0,2878,1.38778e-17,1.38778e-17,-1.73472e-18,6.93889e-18,-1.04083e-17,-9.54098e-18,2.77556e-17,1.04083e-16,1.00614e-16,1.11348e-16,0,-0.479626,-0.252776,0.567538,-0.0351855,3.14159,2.13063,-0.0254755,3.17781,0.0943424,-0.392699,4.15576,0.095093,3.10842,-0.00814828,0.523599,0,0,0,0.0456222,-0.0224419,-0.479626,0.567572,3.18553,2.13063,3.17783,-0.487383,4.15576,3.10856,0.490424,0.0320763,-2.38765,0.841192,0.000135454,-0.103739,-0.000944834,0.280241,-0.280352,0.0284988,0.0556055,0.0145524,1.00014,1.38114,0.257769,-0.022437,0.686254,68.5296,456.61,-0.925848,289.998,-418.121,-0.0406246,6.14337,-153.192,0.522269,-101.447,-0.0766735,-99.976,4.48388,-32.6146,-40.5223,21.3459,9.35788,-105.834,9.48761,-105.762,199.161,15.1686,-29.0065,14.2021,-32.4545,-18.6901,48.4058,18.1265,7.26491,17.8578,-44.3255,5.82437,30.7431,-2.10073,-16.24,19.3757,0.651266,19.1509
9.36,-5.87496,-1.99263,0.0749839,0.383834,0.00976359,1.05089,-0.447134,-0.397458,0.587495,1.08514,3.21324,-2.3441,2.16215,-2.62413,3.20861,-1.15534,-0.448092,-4.33048,4.18784,-3.12603,3.14477,-0.82688,0.524141,-4.82343,-2.01899,-7.18228,-0.372727,-7.13804,-3.66044,-4.27504,-1.97701,-6.68845,-0.61487,-6.66139,-3.38602,0.118386,1.03257,-0.505395,0.0442652,-0.00240152,0.368839,-0.0223476,-0.913055,-0.479245,-2.21024,0.567952,-0.185112,3.18591,2.01618,2.13004,-0.175741,3.17723,0.633649,-0.487981,0.547507,4.15573,0.633261,3.10853,-0.0543376,0.49039,-0.0558384,1.00209,0.527719,-1.26368,1.45506,-30.3947,12.9467,-29.9963,17.8944,17.0607,-8.43203,19.6774,-17.8982,5.40007,-0.861162,-0.0979639,0.234047,-0.750696,19.0367,-25.3757,16.833,0,7.12049,-11.9692,6.34926,-4.83926,3.32692,1.86377,-3.09798,1.36761,-0.943468,21.0094,-35.5212,17.4428,31.737,-5.69715,10.1097,-4.33134,-15.8947,5.5971,1.26447,0.00544213,-0.001665,-0.0062706,1.86525,-1.86599,0.150167,-0.0339428,-0.0590564,-0.0784625,3.15809,22.7294,0.065625,14.6304,-21.3494,-0.00552898,0.365313,-7.59236,0.182245,0.129365,0.21814,-5.87498,-1.99023,-0.00240152,0,2881,0,1.38778e-17,2.25514e-17,-4.16334e-17,-6.93889e-18,3.46945e-18,6.93889e-18,9.71445e-17,9.02056e-17,9.32414e-17,0,-0.479245,-0.250712,0.567919,-0.0352211,3.14159,2.13004,-0.0263707,3.17721,0.0950474,-0.392699,4.15573,0.0950404,3.10838,-0.00815064,0.523599,0,0,0,0.0442304,-0.0223476,-0.479245,0.567952,3.18591,2.13004,3.17723,-0.487981,4.15573,3.10853,0.49039,0.0321112,-2.38539,0.839843,0.000139191,-0.104496,-0.00094059,0.279788,-0.279898,0.0284376,0.0556146,0.0145554,1.00013,1.37634,0.257244,-0.02696,0.683894,66.7847,458.302,-0.87341,290.724,-417.784,-0.0481106,6.20553,-153.557,1.20263,-104.756,-0.0725924,-103.349,4.99368,-31.0621,-39.0567,22.0806,10.5394,-103.192,10.664,-103.117,205.888,15.767,-32.0991,15.7387,-36.5524,-21.0501,48.5851,18.6456,7.07993,18.3874,-44.2898,5.57639,30.82,-2.2144,-16.2787,18.9415,0.657855,18.7165
9.4,-5.8744,-1.99253,0.0736148,0.381406,0.0098939,1.04765,-0.446716,-0.401066,0.588008,1.08906,3.21364,-2.34152,2.16162,-2.62258,3.20804,-1.15371,-0.448575,-4.33067,4.18783,-3.12586,3.14477,-0.827399,0.524143,-4.82286,-2.01891,-7.18177,-0.37247,-7.1373,-3.66044,-4.27448,-1.9767,-6.68807,-0.614873,-6.66065,-3.38602,0.114899,1.03404,-0.505235,0.0428812,-0.0023168,0.367279,-0.0222406,-0.91202,-0.47885,-2.19227,0.568347,-0.18577,3.18631,2.02967,2.12948,-0.181702,3.17668,0.638313,-0.488533,0.547739,4.1557,0.63337,3.1085,-0.0543497,0.490368,-0.0558309,1.00197,0.525399,-1.2634,1.45233,-30.1203,12.8984,-29.8332,17.7641,16.8776,-8.38523,19.5337,-17.7678,5.39011,-0.858521,-0.0980272,0.233792,-0.753553,19.1425,-25.4111,16.8086,0,7.17897,-12.1038,6.3581,-4.82559,3.34757,1.86937,-3.10715,1.36757,-0.949098,21.0087,-35.52,17.4037,31.7115,-5.70209,10.1115,-4.32111,-15.882,5.58887,1.26282,0.0054245,-0.00165512,-0.00624527,1.86251,-1.86324,0.150157,-0.0342283,-0.0607093,-0.0810556,3.06777,22.8216,0.0645778,14.6558,-21.3092,-0.00476632,0.369352,-7.60535,0.181909,0.130172,0.217819,-5.87456,-1.99022,-0.0023168,0,2883,-6.93889e-18,0,-1.04083e-17,5.55112e-17,1.04083e-17,1.47451e-17,3.46945e-17,1.04083e-16,1.04083e-16,1.13164e-16,0,-0.47885,-0.248693,0.568313,-0.0352579,3.14159,2.12948,-0.0272641,3.17666,0.0957469,-0.392699,4.1557,0.0950552,3.10836,-0.00815246,0.523599,0,0,0,0.0428495,-0.0222406,-0.47885,0.568347,3.18631,2.12948,3.17668,-0.488533,4.1557,3.1085,0.490368,0.0321344,-2.38345,0.8386,0.000134595,-0.104054,-0.00093679,0.279377,-0.279487,0.0284006,0.0556207,0.0145575,1.00013,1.37547,0.257133,-0.0497878,0.672345,65.1136,460.22,-0.841784,291.287,-416.815,-0.0387373,6.23674,-153.858,1.87907,-108.309,-0.0667365,-106.962,5.51065,-29.6225,-37.7238,22.8637,11.7377,-100.876,11.8577,-100.798,213.101,16.4088,-35.2295,17.2966,-40.7081,-23.4434,48.7885,19.2094,6.90277,18.961,-44.1871,5.34819,30.8796,-2.33225,-16.3107,18.5664,0.661164,18.3409
9.44,-5.87384,-1.99243,0.072259,0.37901,0.0100239,1.04445,-0.446301,-0.404499,0.588523,1.09266,3.21403,-2.33897,2.16108,-2.62086,3.20747,-1.15253,-0.449069,-4.33087,4.18783,-3.1257,3.14477,-0.828107,0.524143,-4.82229,-2.01883,-7.18126,-0.372208,-7.13656,-3.66044,-4.27392,-1.97639,-6.68769,-0.614878,-6.65992,-3.38602,0.111588,1.03567,-0.505073,0.0414743,-0.00223442,0.36564,-0.0221455,-0.910986,-0.47847,-2.17373,0.568728,-0.186459,3.18669,2.04223,2.12891,-0.187314,3.17611,0.642905,-0.489108,0.548424,4.15566,0.633066,3.10847,-0.0543579,0.490331,-0.0558267,1.00184,0.522983,-1.26312,1.44954,-29.8405,12.8493,-29.6675,17.6313,16.6923,-8.33757,19.3877,-17.6348,5.37975,-0.855612,-0.0981001,0.233554,-0.756489,19.2448,-25.4465,16.7839,0,7.23763,-12.2329,6.36669,-4.81182,3.36782,1.8751,-3.11638,1.36755,-0.954609,21.0215,-35.5178,17.3642,31.68,-5.71606,10.1125,-4.31079,-15.8663,5.57984,1.26018,0.00543708,-0.00165452,-0.00625381,1.8595,-1.86023,0.150148,-0.0338952,-0.0598978,-0.0800071,2.98178,22.9052,0.0637065,14.6853,-21.2801,-0.00497965,0.373437,-7.62307,0.18156,0.130965,0.217467,-5.87393,-1.9902,-0.00223442,0,2886,-6.93889e-18,-1.38778e-17,-2.25514e-17,-1.38778e-17,-3.1225e-17,-3.55618e-17,-2.77556e-17,8.32667e-17,8.67362e-17,7.10152e-17,0,-0.47847,-0.246608,0.568694,-0.0352973,3.14159,2.12891,-0.0281066,3.17608,0.0964358,-0.392699,4.15566,0.0950107,3.10832,-0.00815369,0.523599,0,0,0,0.0414454,-0.0221455,-0.47847,0.568728,3.18669,2.12891,3.17611,-0.489108,4.15566,3.10847,0.490331,0.0321693,-2.38111,0.837251,0.000137571,-0.10452,-0.000938072,0.278925,-0.279035,0.0283412,0.0556298,0.0145605,1.00012,1.37707,0.262408,-0.0331724,0.69924,63.3624,461.862,-0.804092,291.944,-416.229,-0.050663,6.32065,-154.242,2.98633,-114.43,-0.060591,-113.178,6.40688,-27.0441,-35.2964,24.1419,13.6995,-97.4475,13.8117,-97.3644,225.507,17.4584,-40.6587,19.9895,-47.5108,-27.3608,48.9626,20.1873,6.71713,19.9544,-44.1249,4.93903,30.9494,-2.52711,-16.3513,18.0175,0.67006,17.7907
9.48,-5.87329,-1.99233,0.0709178,0.376636,0.0101541,1.04127,-0.445888,-0.407913,0.589034,1.09617,3.21442,-2.33648,2.16055,-2.61926,3.20691,-1.15123,-0.44955,-4.33106,4.18783,-3.1255,3.14476,-0.828745,0.524143,-4.82171,-2.01875,-7.18076,-0.371955,-7.13582,-3.66044,-4.27337,-1.97608,-6.68731,-0.614885,-6.65917,-3.38602,0.108293,1.0372,-0.504875,0.040081,-0.00215305,0.364038,-0.0220501,-0.910011,-0.478092,-2.15546,0.569105,-0.187153,3.18706,2.05505,2.12835,-0.19302,3.17554,0.647496,-0.489669,0.54889,4.15563,0.632931,3.10843,-0.054369,0.490295,-0.0558231,1.00173,0.520625,-1.26285,1.44681,-29.5695,12.8014,-29.506,17.502,16.5143,-8.2911,19.2455,-17.5054,5.36951,-0.852516,-0.0981841,0.23335,-0.75938,19.3492,-25.4817,16.7597,0,7.29616,-12.3646,6.37537,-4.7984,3.3881,1.88082,-3.12551,1.36754,-0.960128,21.0274,-35.5159,17.3253,31.6509,-5.72573,10.1139,-4.30062,-15.8518,5.5712,1.25796,0.00543719,-0.00165013,-0.0062484,1.85662,-1.85735,0.150138,-0.0335282,-0.0593467,-0.0793818,2.89625,22.9863,0.0621622,14.7122,-21.2481,-0.00473353,0.378408,-7.63904,0.181215,0.131757,0.217129,-5.8733,-1.99018,-0.00215305,0,2889,0,0,-1.73472e-18,4.85723e-17,-1.73472e-17,-2.25514e-17,-1.38778e-17,1.52656e-16,1.52656e-16,1.43359e-16,0,-0.478092,-0.244555,0.569071,-0.035339,3.14159,2.12835,-0.0289625,3.17552,0.0971243,-0.392699,4.15563,0.0949895,3.10829,-0.00815534,0.523599,0,0,0,0.0400547,-0.0220501,-0.478092,0.569105,3.18706,2.12835,3.17554,-0.489669,4.15563,3.10843,0.490295,0.0322043,-2.37891,0.835949,0.000134826,-0.104647,-0.00093726,0.278493,-0.278603,0.0282914,0.0556389,0.0145636,1.00012,1.37452,0.263018,-0.0289006,0.694928,61.5711,463.369,-0.813975,292.496,-415.707,-0.0461917,6.43103,-154.539,3.80884,-118.652,-0.0554419,-117.474,7.03876,-25.1734,-33.5317,25.0454,15.1381,-94.5607,15.2444,-94.4742,234.077,18.2189,-44.4802,21.8974,-52.5007,-30.2343,49.1223,20.8557,6.52722,20.6349,-44.0696,4.64118,31.0079,-2.66597,-16.3829,17.548,0.681761,17.3208
9.52,-5.87272,-1.99223,0.0695622,0.374205,0.0102831,1.03801,-0.445477,-0.411481,0.589541,1.09977,3.21481,-2.33406,2.16005,-2.61794,3.20637,-1.14952,-0.450004,-4.33125,4.18783,-3.12536,3.14476,-0.829333,0.524146,-4.82113,-2.01867,-7.18025,-0.371712,-7.13508,-3.66044,-4.27281,-1.97578,-6.68693,-0.614887,-6.65843,-3.38602,0.104845,1.03844,-0.504738,0.0387141,-0.00206889,0.362457,-0.0219445,-0.908991,-0.477705,-2.13743,0.569493,-0.187854,3.18745,2.06777,2.12783,-0.198716,3.17502,0.652028,-0.490189,0.549773,4.1556,0.632595,3.10841,-0.0543806,0.490273,-0.0558171,1.00161,0.5183,-1.26258,1.44413,-29.3035,12.7545,-29.3479,17.3757,16.34,-8.24556,19.1064,-17.3788,5.35944,-0.849282,-0.09828,0.233176,-0.762246,19.4535,-25.5161,16.7358,0,7.35417,-12.4966,6.38419,-4.78537,3.40816,1.88641,-3.13436,1.36744,-0.965598,21.047,-35.5141,17.2873,31.6204,-5.74301,10.115,-4.29065,-15.8365,5.56229,1.25532,0.00542183,-0.00164117,-0.00622493,1.85365,-1.85438,0.15013,-0.033891,-0.0607683,-0.0815567,2.80689,23.0692,0.0604772,14.7328,-21.2059,-0.00479164,0.381944,-7.65376,0.180875,0.132542,0.216781,-5.87289,-1.99016,-0.00206889,0,2891,6.93889e-18,1.38778e-17,1.04083e-17,-2.08167e-17,0,-8.67362e-19,-6.93889e-18,3.46945e-17,3.46945e-17,2.16027e-17,0,-0.477705,-0.242529,0.569459,-0.0353829,3.14159,2.12783,-0.0298168,3.175,0.0978042,-0.392699,4.1556,0.094939,3.10827,-0.00815709,0.523599,0,0,0,0.0386903,-0.0219445,-0.477705,0.569493,3.18745,2.12783,3.17502,-0.490189,4.1556,3.10841,0.490273,0.0322275,-2.37662,0.834611,0.000134259,-0.1048,-0.00093374,0.278047,-0.278157,0.028232,0.055645,0.0145656,1.00012,1.374,0.260707,-0.043295,0.690204,59.844,465.043,-0.789974,292.968,-414.81,-0.0536355,6.47793,-154.872,4.37938,-121.593,-0.0504516,-120.464,7.4532,-24.0705,-32.5259,25.6984,16.1472,-92.5967,16.2496,-92.5078,240.045,18.7827,-46.9878,23.1609,-56.0001,-32.2497,49.2997,21.3219,6.34414,21.1093,-43.9745,4.46708,31.0579,-2.76293,-16.4181,17.2297,0.686733,17.002
9.56,-5.87216,-1.99213,0.0682111,0.371804,0.0104122,1.03479,-0.445069,-0.414878,0.59005,1.10304,3.2152,-2.33102,2.15931,-2.61434,3.20561,-1.15052,-0.450693,-4.33145,4.18783,-3.12518,3.14476,-0.829996,0.524149,-4.82055,-2.01858,-7.17968,-0.37135,-7.13433,-3.66045,-4.27225,-1.97547,-6.68654,-0.614891,-6.65769,-3.38602,0.101569,1.04196,-0.50457,0.0373212,-0.00198603,0.360814,-0.0218503,-0.907988,-0.477331,-2.11886,0.569867,-0.188575,3.18783,2.07837,2.12705,-0.202911,3.17424,0.656476,-0.490968,0.550205,4.15557,0.632363,3.10837,-0.0543952,0.490239,-0.0558143,1.0015,0.515903,-1.26232,1.44141,-29.0341,12.707,-29.1879,17.2476,16.1649,-8.19929,18.9654,-17.2503,5.34896,-0.845813,-0.0983888,0.233028,-0.765195,19.55,-25.5538,16.7163,0,7.41116,-12.6086,6.38938,-4.7715,3.42688,1.89379,-3.14494,1.36874,-0.970578,21.0512,-35.5124,17.2487,31.5894,-5.75239,10.1163,-4.28056,-15.8209,5.55345,1.25289,0.00540681,-0.00163228,-0.00620178,1.8507,-1.85143,0.150121,-0.0337779,-0.0600234,-0.0804284,2.72151,23.1434,0.0760835,14.8042,-21.2314,-0.00498034,0.38625,-7.67036,0.180523,0.133276,0.216437,-5.87226,-1.99014,-0.00198603,0,2894,6.93889e-18,-1.38778e-17,-8.67362e-18,6.93889e-18,-3.46945e-17,-4.0766e-17,-2.08167e-17,-4.85723e-17,-4.51028e-17,-4.3097e-17,0,-0.477331,-0.240446,0.569833,-0.0354275,3.14159,2.12705,-0.0304461,3.17422,0.0984714,-0.392699,4.15557,0.094904,3.10823,-0.00815928,0.523599,0,0,0,0.0372998,-0.0218503,-0.477331,0.569867,3.18783,2.12705,3.17424,-0.490968,4.15557,3.10837,0.490239,0.0322624,-2.37428,0.833285,0.000133512,-0.105439,-0.000930267,0.277606,-0.277714,0.0281774,0.0556542,0.0145687,1.00011,1.37357,0.267011,-0.0271507,0.713993,58.0969,466.478,-0.750887,294.449,-415.342,-0.0480572,6.56381,-155.205,5.78118,-129.154,-0.042949,-128.149,8.57621,-20.6592,-29.2771,27.2451,18.6057,-88.1271,18.6983,-88.0324,255.373,20.0871,-53.8191,26.5779,-64.5262,-37.1599,49.4519,22.5275,6.15892,22.3349,-44.0309,3.92384,31.2149,-3.00288,-16.4535,16.5107,0.695838,16.2818
9.6,-5.87158,-1.99202,0.0668464,0.369393,0.0105437,1.03156,-0.444654,-0.418365,0.590562,1.1064,3.21559,-2.32864,2.15883,-2.6137,3.20507,-1.14798,-0.451129,-4.33166,4.18783,-3.12503,3.14476,-0.830673,0.524152,-4.81996,-2.01849,-7.17916,-0.371114,-7.13357,-3.66045,-4.27167,-1.97515,-6.68614,-0.614894,-6.65692,-3.38602,0.0981997,1.0425,-0.504416,0.035933,-0.00190071,0.359219,-0.0217536,-0.906921,-0.476951,-2.10079,0.570247,-0.189312,3.18821,2.09563,2.12653,-0.211132,3.17373,0.661836,-0.491486,0.550873,4.15554,0.632133,3.10834,-0.0544098,0.490205,-0.0558119,1.0014,0.513574,-1.26207,1.43875,-28.7714,12.6606,-29.0319,17.1232,15.9946,-8.15439,18.8286,-17.126,5.33889,-0.8422,-0.0984961,0.232883,-0.768067,19.6866,-25.5954,16.6913,0,7.47923,-12.785,6.40238,-4.75807,3.45095,1.8996,-3.15505,1.3684,-0.97718,21.0638,-35.5112,17.2108,31.5599,-5.76571,10.1177,-4.27061,-15.8061,5.54466,1.25048,0.00539192,-0.00162349,-0.00617901,1.84778,-1.8485,0.150113,-0.0341185,-0.0602867,-0.0808513,2.63439,23.2196,0.0595962,14.8081,-21.1686,-0.00532768,0.390209,-7.68729,0.180183,0.134216,0.216094,-5.87163,-1.99012,-0.00190071,0,2897,0,1.38778e-17,3.81639e-17,-2.08167e-17,1.04083e-17,9.54098e-18,0,1.38778e-17,2.08167e-17,3.03035e-17,0,-0.476951,-0.238413,0.570213,-0.0354776,3.14159,2.12653,-0.0316795,3.17371,0.0992754,-0.392699,4.15554,0.0948694,3.1082,-0.00816147,0.523599,0,0,0,0.0359138,-0.0217536,-0.476951,0.570247,3.18821,2.12653,3.17373,-0.491486,4.15554,3.10834,0.490205,0.0322973,-2.37206,0.831966,0.000133219,-0.106208,-0.000926851,0.277166,-0.277275,0.028123,0.0556633,0.0145717,1.00011,1.34334,0.268617,-0.032543,0.706912,56.3454,467.953,-1.11017,294.114,-413.529,-0.0489056,6.63317,-155.556,7.16102,-134.525,-0.038398,-133.674,9.62136,-16.5569,-25.172,28.3595,20.8472,-81.4069,20.9246,-81.3065,266.358,21.0624,-60.0287,29.6805,-72.3042,-41.6392,49.6082,23.3422,5.97325,23.1743,-43.8387,3.25619,31.1793,-3.20119,-16.4907,15.3792,0.703191,15.1535
9.64,-5.87102,-1.99192,0.0654931,0.367028,0.0106678,1.0284,-0.444262,-0.421629,0.591053,1.10933,3.21596,-2.3265,2.15836,-2.61267,3.20457,-1.14634,-0.451553,-4.33189,4.18783,-3.12488,3.14476,-0.831356,0.524154,-4.81939,-2.01841,-7.17867,-0.370885,-7.13284,-3.66044,-4.27112,-1.97485,-6.68576,-0.614895,-6.6562,-3.38602,0.0950537,1.04346,-0.50427,0.0345313,-0.00181837,0.357621,-0.0216644,-0.906155,-0.476594,-2.08241,0.570603,-0.190054,3.18856,2.10834,2.12603,-0.216809,3.17322,0.66636,-0.491988,0.551434,4.1555,0.63202,3.1083,-0.054424,0.490171,-0.0558099,1.00129,0.511248,-1.26182,1.4361,-28.5168,12.6148,-28.8776,16.9995,15.8335,-8.1098,18.6929,-17.0021,5.32838,-0.838261,-0.0986192,0.232777,-0.770942,19.7936,-25.6292,16.6674,0,7.53777,-12.9202,6.41135,-4.74551,3.47104,1.90524,-3.16366,1.3682,-0.98266,21.0734,-35.5109,17.1733,31.5316,-5.77694,10.1196,-4.26078,-15.792,5.53595,1.24831,0.0053786,-0.0016152,-0.00615809,1.84487,-1.84559,0.150105,-0.0338305,-0.0591215,-0.0788378,2.5526,23.2847,0.0533975,14.8223,-21.1281,-0.00562997,0.393956,-7.70439,0.179828,0.135001,0.215754,-5.87101,-1.9901,-0.00181837,0,2900,0,-1.38778e-17,5.20417e-18,2.77556e-17,-1.38778e-17,-1.9082e-17,-2.77556e-17,7.63278e-17,6.93889e-17,5.66767e-17,0,-0.476594,-0.236347,0.570569,-0.0355269,3.14159,2.12603,-0.032531,3.1732,0.0999541,-0.392699,4.1555,0.094852,3.10817,-0.0081636,0.523599,0,0,0,0.0345141,-0.0216644,-0.476594,0.570603,3.18856,2.12603,3.17322,-0.491988,4.1555,3.1083,0.490171,0.0323323,-2.36992,0.830656,0.000131525,-0.106877,-0.000923713,0.276731,-0.276839,0.028074,0.0556725,0.0145748,1.0001,1.37438,0.259353,-0.17557,0.696867,55.7112,470.136,-0.706142,294.926,-411.814,-0.066536,6.42205,-156.254,6.78413,-134.316,-0.0330118,-133.396,9.28103,-18.9738,-27.7969,28.4423,20.3835,-84.7853,20.4678,-84.6853,265.841,21.1262,-58.0196,28.7208,-70.6879,-40.7085,49.8397,23.3475,5.90601,23.1687,-43.6569,3.65949,31.2654,-3.17643,-16.5647,15.9713,0.680809,15.7409
9.68,-5.87047,-1.99183,0.0641746,0.364635,0.0107965,1.02517,-0.443862,-0.425121,0.591547,1.11258,3.21634,-2.32428,2.15789,-2.61142,3.20407,-1.14474,-0.45198,-4.33205,4.18782,-3.12464,3.14475,-0.831885,0.52415,-4.81881,-2.01833,-7.17817,-0.370665,-7.13211,-3.66045,-4.27056,-1.97455,-6.68538,-0.614905,-6.65546,-3.38602,0.0916764,1.04463,-0.504041,0.0331529,-0.0017409,0.356092,-0.021559,-0.90515,-0.476218,-2.06472,0.57098,-0.190795,3.18894,2.11995,2.12554,-0.2217,3.17273,0.670624,-0.492478,0.551767,4.15547,0.632163,3.10827,-0.0544219,0.490142,-0.0558055,1.0012,0.509014,-1.26158,1.43353,-28.2678,12.5705,-28.7285,16.8809,15.6743,-8.06675,18.562,-16.8834,5.31843,-0.834355,-0.0987538,0.232702,-0.773763,19.8933,-25.6605,16.645,0,7.59266,-13.0441,6.41877,-4.73353,3.48984,1.91092,-3.1718,1.36819,-0.987771,21.0761,-35.5108,17.1359,31.5069,-5.78339,10.1218,-4.25103,-15.7799,5.5278,1.24667,0.00542214,-0.00162389,-0.00620291,1.84215,-1.84288,0.150097,-0.0329641,-0.0598067,-0.0807822,2.46506,23.3572,0.0555913,14.8417,-21.0884,-0.00407171,0.399535,-7.71763,0.179493,0.135736,0.215436,-5.87059,-1.99009,-0.0017409,0,2902,0,0,-3.81639e-17,1.38778e-17,-1.04083e-17,-7.80626e-18,-4.16334e-17,1.45717e-16,1.38778e-16,1.33303e-16,0,-0.476218,-0.234359,0.570947,-0.0355789,3.14159,2.12554,-0.033264,3.17271,0.100594,-0.392699,4.15547,0.0948716,3.10814,-0.00816329,0.523599,0,0,0,0.0331376,-0.021559,-0.476218,0.57098,3.18894,2.12554,3.17273,-0.492478,4.15547,3.10827,0.490142,0.0323555,-2.36806,0.829423,0.000126496,-0.10535,-0.000930436,0.276323,-0.276432,0.0280378,0.0556785,0.0145769,1.0001,1.37339,0.275506,-0.0290899,0.699103,52.8768,470.551,-0.683484,295.343,-412.738,-0.0421332,6.81662,-156.162,9.17849,-147.281,-0.0219602,-146.574,11.2467,-12.8333,-21.8793,31.007,24.5522,-77.309,24.621,-77.2,292.116,23.3321,-69.9185,34.6517,-85.15,-49.0364,49.8837,25.417,5.60553,25.2726,-43.7548,2.67919,31.3096,-3.58022,-16.5549,14.7704,0.722638,14.5385
9.72,-5.86989,-1.99173,0.0628428,0.362243,0.0109267,1.02196,-0.44347,-0.428455,0.592039,1.11538,3.21672,-2.32212,2.15742,-2.61017,3.20357,-1.1434,-0.452409,-4.33226,4.18783,-3.12451,3.14475,-0.832631,0.524153,-4.81823,-2.01823,-7.17766,-0.370436,-7.13135,-3.66045,-4.26999,-1.97424,-6.68498,-0.614909,-6.6547,-3.38602,0.0884602,1.04581,-0.503911,0.0317978,-0.00165763,0.354483,-0.0214638,-0.904356,-0.47586,-2.04648,0.571338,-0.191563,3.1893,2.13112,2.12503,-0.226707,3.17223,0.674895,-0.492983,0.553043,4.15544,0.631475,3.10824,-0.0544356,0.490108,-0.0558047,1.0011,0.506692,-1.26134,1.43095,-28.0191,12.5258,-28.5785,16.7607,15.5186,-8.02333,18.4304,-16.763,5.30798,-0.830084,-0.0989003,0.232654,-0.776624,19.993,-25.6932,16.6224,0,7.64905,-13.1678,6.42691,-4.72148,3.50867,1.91668,-3.18022,1.36816,-0.992886,21.1073,-35.5087,17.0994,31.4723,-5.8082,10.1225,-4.24141,-15.7624,5.5184,1.24327,0.00541148,-0.00161661,-0.00618422,1.83902,-1.83974,0.15009,-0.0332933,-0.0598021,-0.0803006,2.38151,23.4182,0.0539549,14.8611,-21.0555,-0.00515161,0.40297,-7.73629,0.179141,0.136472,0.215069,-5.86996,-1.99007,-0.00165763,0,2905,-6.93889e-18,0,-1.04083e-17,4.16334e-17,-1.38778e-17,-1.64799e-17,1.38778e-17,6.93889e-18,3.46945e-18,-5.50233e-18,0,-0.47586,-0.23231,0.571304,-0.0356334,3.14159,2.12503,-0.0340162,3.17221,0.101234,-0.392699,4.15544,0.0947703,3.1081,-0.00816534,0.523599,0,0,0,0.0317841,-0.0214638,-0.47586,0.571338,3.1893,2.12503,3.17223,-0.492983,4.15544,3.10824,0.490108,0.0323905,-2.36548,0.828024,0.000131591,-0.106575,-0.000927632,0.275853,-0.275962,0.0279611,0.0556877,0.0145799,1.00009,1.36881,0.269253,-0.0225984,0.721828,51.1875,471.738,-0.694948,295.774,-412.007,-0.0627478,6.89515,-156.56,9.5993,-149.009,-0.0185107,-148.343,11.4998,-12.0945,-21.1964,31.4003,25.2565,-75.5123,25.3213,-75.4014,295.637,23.7299,-71.4418,35.4485,-87.5923,-50.443,50.0095,25.6838,5.42645,25.546,-43.6774,2.5616,31.3554,-3.64011,-16.5972,14.4717,0.730963,14.2398
9.76,-5.86931,-1.99162,0.0615035,0.359853,0.0110562,1.01875,-0.443076,-0.431812,0.59253,1.11817,3.21709,-2.32013,2.157,-2.60932,3.20312,-1.14162,-0.452791,-4.33246,4.18782,-3.12431,3.14475,-0.833253,0.524156,-4.81762,-2.01814,-7.17715,-0.370233,-7.13058,-3.66045,-4.2694,-1.97393,-6.68458,-0.614912,-6.65394,-3.38602,0.0852186,1.04659,-0.50372,0.0304295,-0.00157442,0.352896,-0.0213692,-0.903312,-0.475501,-2.02858,0.571697,-0.192334,3.18966,2.14256,2.12457,-0.231824,3.17177,0.679149,-0.49344,0.553205,4.1554,0.631459,3.1082,-0.0544491,0.490074,-0.0558042,1.00101,0.504404,-1.26111,1.42839,-27.7708,12.4819,-28.431,16.6432,15.3616,-7.98061,18.3009,-16.6452,5.29787,-0.825837,-0.0990488,0.232612,-0.779475,20.0941,-25.7247,16.5993,0,7.70516,-13.2945,6.43533,-4.70976,3.52758,1.92219,-3.1882,1.36791,-0.998044,21.1033,-35.5084,17.0626,31.4446,-5.81227,10.1244,-4.23177,-15.7486,5.5101,1.24137,0.0054006,-0.00160912,-0.00616629,1.83625,-1.83697,0.150083,-0.0334823,-0.0597587,-0.0802651,2.29737,23.4787,0.0496119,14.872,-21.0115,-0.00500033,0.407805,-7.75184,0.178801,0.137211,0.214745,-5.86933,-1.99005,-0.00157442,0,2908,-6.93889e-18,0,-5.20417e-18,-6.93889e-18,-3.46945e-18,-6.93889e-18,2.77556e-17,1.17961e-16,1.14492e-16,1.16091e-16,0,-0.475501,-0.230299,0.571663,-0.0356891,3.14159,2.12457,-0.0347832,3.17175,0.101872,-0.392699,4.1554,0.0947663,3.10807,-0.00816737,0.523599,0,0,0,0.0304175,-0.0213692,-0.475501,0.571697,3.18966,2.12457,3.17177,-0.49344,4.1554,3.1082,0.490074,0.0324254,-2.36338,0.826769,0.000127327,-0.107076,-0.000924943,0.275438,-0.275546,0.0279181,0.0556968,0.014583,1.00009,1.36803,0.273408,-0.0406939,0.715102,49.6254,473.013,-0.675469,296.029,-410.949,-0.0455984,6.93864,-156.903,10.9772,-156.282,-0.00946792,-155.739,12.5818,-8.82489,-18.0739,32.8642,27.6458,-71.139,27.7006,-71.0223,310.38,25.0363,-77.966,38.7267,-95.8782,-55.2149,50.1447,26.8428,5.26085,26.7249,-43.5652,2.04077,31.3823,-3.86765,-16.6335,13.7676,0.735573,13.5347
9.8,-5.8689,-1.99155,0.0603323,0.357752,0.0111474,1.01581,-0.442687,-0.434956,0.593011,1.12115,3.21746,-2.31816,2.15656,-2.60816,3.20265,-1.14044,-0.453195,-4.33264,4.18783,-3.12421,3.14475,-0.833908,0.524158,-4.8172,-2.01814,-7.17676,-0.370019,-7.13005,-3.66045,-4.269,-1.97372,-6.68429,-0.614917,-6.6534,-3.38603,0.0821869,1.04768,-0.50362,0.0290655,-0.00151784,0.351282,-0.0213012,-0.901267,-0.475136,-2.01144,0.572062,-0.193122,3.19002,2.15221,2.12411,-0.236055,3.17131,0.683128,-0.493905,0.554095,4.15538,0.631109,3.10818,-0.0544598,0.490052,-0.0558011,1.00093,0.50209,-1.2609,1.42585,-27.5067,12.4383,-28.2849,16.5288,15.1854,-7.93811,18.1727,-16.5306,5.28886,-0.821972,-0.0991943,0.232574,-0.782385,20.1846,-25.7541,16.5765,0,7.75853,-13.4056,6.44239,-4.69817,3.54507,1.92779,-3.19585,1.36769,-1.00279,21.1234,-35.5099,17.0282,31.4136,-5.82981,10.1266,-4.22281,-15.7329,5.50095,1.23866,0.00539007,-0.00160209,-0.00614765,1.83321,-1.83392,0.150076,-0.0292801,-0.0525212,-0.0734145,2.21852,23.5437,0.0493809,14.8898,-20.9824,-0.00468058,0.410438,-7.76823,0.178497,0.137895,0.214388,-5.86892,-1.99004,-0.00151784,0,2910,0,-1.38778e-17,-1.73472e-18,0,-6.93889e-18,-1.73472e-18,2.77556e-17,8.32667e-17,8.67362e-17,9.67108e-17,0,-0.475136,-0.228373,0.572028,-0.0357503,3.14159,2.12411,-0.0354183,3.17129,0.102469,-0.392699,4.15538,0.0947149,3.10805,-0.00816898,0.523599,0,0,0,0.0290549,-0.0213012,-0.475136,0.572062,3.19002,2.12411,3.17131,-0.493905,4.15538,3.10818,0.490052,0.0324487,-2.36106,0.825402,0.000129959,-0.1058,-0.000922148,0.274981,-0.275088,0.0278587,0.0557029,0.014585,1.00008,1.36745,0.277992,-0.0401381,0.720418,48.0424,474.295,-0.602388,296.484,-410.471,-0.0545507,6.98079,-157.263,12.3935,-163.753,0.000219068,-163.336,13.6903,-5.45691,-14.8526,34.3546,30.1005,-66.6659,30.1448,-66.5431,325.538,26.3865,-84.6589,42.0978,-104.39,-60.1172,50.2806,28.0341,5.09303,27.9366,-43.5145,1.50432,31.4306,-4.09977,-16.6716,13.0478,0.740042,12.8137
9.84,-5.86835,-1.99146,0.0591207,0.35556,0.0112661,1.01281,-0.442301,-0.438242,0.593489,1.12429,3.21783,-2.31634,2.15618,-2.60747,3.20224,-1.13865,-0.453542,-4.33282,4.18783,-3.12407,3.14475,-0.834409,0.52416,-4.81664,-2.01806,-7.17628,-0.369833,-7.12933,-3.66045,-4.26845,-1.97343,-6.68391,-0.614918,-6.65269,-3.38602,0.079012,1.04831,-0.503475,0.0278698,-0.00144004,0.349909,-0.0212058,-0.901624,-0.474773,-1.99436,0.572424,-0.193858,3.19038,2.1633,2.1237,-0.241018,3.1709,0.68705,-0.49431,0.554311,4.15536,0.631114,3.10816,-0.05447,0.49003,-0.0557994,1.00086,0.500112,-1.26071,1.42365,-27.3126,12.3989,-28.1546,16.4232,15.0768,-7.8998,18.058,-16.4249,5.27854,-0.817119,-0.0993589,0.232617,-0.784945,20.2821,-25.7835,16.557,0,7.80994,-13.5275,6.45037,-4.68798,3.5625,1.93289,-3.20323,1.36758,-1.00754,21.1225,-35.5099,16.9962,31.3901,-5.83451,10.1283,-4.2144,-15.7212,5.49369,1.23703,0.00537985,-0.00159533,-0.00613128,1.83079,-1.8315,0.15007,-0.0302913,-0.0548083,-0.0751908,2.13609,23.6124,0.0453772,14.8976,-20.9383,-0.00441778,0.414101,-7.78076,0.178149,0.138575,0.214104,-5.8685,-1.99002,-0.00144004,0,2912,-1.38778e-17,-1.38778e-17,1.73472e-18,2.77556e-17,2.08167e-17,2.08167e-17,0,1.11022e-16,1.04083e-16,1.22813e-16,0,-0.474773,-0.226455,0.57239,-0.0358043,3.14159,2.1237,-0.0361626,3.17088,0.103057,-0.392699,4.15536,0.0947146,3.10802,-0.0081705,0.523599,0,0,0,0.0278604,-0.0212058,-0.474773,0.572424,3.19038,2.1237,3.1709,-0.49431,4.15536,3.10816,0.49003,0.0324719,-2.35928,0.824308,0.00012712,-0.106067,-0.000919693,0.274618,-0.274725,0.0278218,0.055709,0.0145871,1.00008,1.33739,0.238403,-0.111948,0.690027,46.4903,475.76,-0.622252,296.728,-409.713,-0.0508486,7.04566,-157.466,9.70731,-146.6,-0.0138246,-145.973,11.2352,-12.4867,-21.5527,31.0581,25.2449,-72.3058,25.3039,-72.1946,290.869,23.6893,-69.8145,34.7495,-87.5563,-50.4227,50.4359,25.246,4.92849,25.1146,-43.4341,2.6175,31.4565,-3.59562,-16.6931,13.8951,0.746919,13.667
9.88,-5.86778,-1.99136,0.0578857,0.353348,0.0113887,1.00978,-0.441909,-0.441507,0.593973,1.1272,3.2182,-2.31405,2.15559,-2.60486,3.20163,-1.13919,-0.454087,-4.33301,4.18783,-3.1239,3.14475,-0.83505,0.524163,-4.81606,-2.01799,-7.17574,-0.369546,-7.1286,-3.66045,-4.26789,-1.97314,-6.68351,-0.614921,-6.65195,-3.38602,0.0758571,1.05086,-0.503318,0.0266221,-0.00136169,0.348462,-0.0211182,-0.901013,-0.474415,-1.97756,0.572782,-0.194626,3.19074,2.17179,2.12308,-0.244209,3.17028,0.690779,-0.494934,0.554908,4.15532,0.630862,3.10812,-0.0544832,0.489997,-0.0558008,1.00078,0.498042,-1.26051,1.42136,-27.0969,12.359,-28.022,16.3174,14.9461,-7.86098,17.9415,-16.3189,5.2689,-0.812511,-0.0995284,0.23266,-0.787602,20.3671,-25.8143,16.541,0,7.85897,-13.6239,6.45456,-4.67709,3.57819,1.93963,-3.21184,1.36866,-1.0117,21.1331,-35.5094,16.9633,31.3628,-5.84639,10.1297,-4.20573,-15.7075,5.48573,1.23477,0.00536982,-0.00158858,-0.00611452,1.82813,-1.82885,0.150065,-0.0308742,-0.0552883,-0.0755843,2.05423,23.6749,0.0573603,14.9482,-20.9523,-0.00485321,0.418152,-7.79677,0.177824,0.139191,0.213793,-5.86787,-1.99,-0.00136169,0,2915,-6.93889e-18,-2.77556e-17,-2.08167e-17,-6.93889e-18,2.77556e-17,1.9082e-17,2.77556e-17,7.63278e-17,7.28584e-17,7.42678e-17,0,-0.474415,-0.224568,0.572748,-0.0358641,3.14159,2.12308,-0.0366413,3.17026,0.103617,-0.392699,4.15532,0.0946768,3.10799,-0.00817248,0.523599,0,0,0,0.0266138,-0.0211182,-0.474415,0.572782,3.19074,2.12308,3.17028,-0.494934,4.15532,3.10812,0.489997,0.0325069,-2.35722,0.823113,0.000126698,-0.107021,-0.000917179,0.27422,-0.274327,0.0277706,0.0557182,0.0145901,1.00008,1.33682,0.239645,-0.228673,0.678152,45.7751,477.77,-0.472865,297.958,-408.642,-0.0783519,6.84882,-158.164,10.8641,-152.634,-0.00544464,-152.11,12.1134,-9.81873,-19.0139,32.2702,27.246,-68.641,27.2941,-68.5233,303.096,24.8049,-75.1527,37.4618,-94.4916,-54.4169,50.649,26.2076,4.85267,26.0926,-43.3206,2.19281,31.5869,-3.78355,-16.7672,13.3049,0.726052,13.0757
9.92,-5.86697,-1.99122,0.0564031,0.350673,0.0115704,1.00632,-0.441519,-0.444879,0.594461,1.12963,3.21857,-2.31208,2.15517,-2.60431,3.20118,-1.13694,-0.45446,-4.33325,4.18783,-3.12373,3.14475,-0.835769,0.524167,-4.81523,-2.01777,-7.17508,-0.369349,-7.12753,-3.66045,-4.26708,-1.97271,-6.68295,-0.614929,-6.65089,-3.38602,0.072603,1.05133,-0.503138,0.0253394,-0.00124757,0.347094,-0.0209831,-0.90218,-0.474072,-1.95948,0.573125,-0.196056,3.19109,2.18666,2.12262,-0.250787,3.16982,0.695415,-0.495395,0.555849,4.15528,0.630645,3.10808,-0.0544997,0.489951,-0.0558053,1.00071,0.496064,-1.26029,1.41907,-26.9172,12.3198,-27.8911,16.21,14.8566,-7.8229,17.8267,-16.2113,5.25733,-0.803629,-0.100202,0.233861,-0.790393,20.4924,-25.8494,16.5218,0,7.91809,-13.7815,6.46464,-4.66651,3.59893,1.94543,-3.22048,1.36882,-1.01737,21.1555,-35.5073,16.9279,31.3389,-5.86367,10.1307,-4.19623,-15.6954,5.47797,1.23262,0.00535861,-0.00158108,-0.00609749,1.82555,-1.82625,0.150059,-0.0370649,-0.0668791,-0.08664,1.96967,23.7042,0.0491411,14.9516,-20.8965,-0.00586439,0.422766,-7.81475,0.177435,0.140001,0.213491,-5.86704,-1.98997,-0.00124757,0,2919,0,0,1.9082e-17,0,-1.38778e-17,-1.9082e-17,0,-6.93889e-18,-2.42861e-17,-3.24719e-17,0,-0.474072,-0.222536,0.573092,-0.0360415,3.14159,2.12262,-0.0376287,3.1698,0.104312,-0.392699,4.15528,0.0946458,3.10794,-0.00817495,0.523599,0,0,0,0.0253323,-0.0209831,-0.474072,0.573125,3.19109,2.12262,3.16982,-0.495395,4.15528,3.10808,0.489951,0.0325535,-2.35543,0.821957,0.000130867,-0.109629,-0.000914623,0.273832,-0.273938,0.0277201,0.0557304,0.0145942,1.00007,1.37561,0.248758,-0.222106,0.686612,44.0623,477.443,-0.752635,297.69,-407.07,-0.0750891,6.92898,-158.541,12.5699,-164.059,-0.0119633,-163.634,13.5104,-7.00565,-16.616,34.6313,30.3416,-66.5106,30.3851,-66.3859,326.108,26.8165,-83.554,41.6928,-105.221,-60.5962,50.6143,28.0843,4.67109,27.9848,-43.1539,1.76304,31.5585,-4.11416,-16.8071,13.0289,0.734549,12.7926
9.96,-5.86646,-1.99113,0.0550253,0.348231,0.0116844,1.00308,-0.441135,-0.447442,0.594942,1.13173,3.21892,-2.3103,2.15478,-2.60368,3.20075,-1.13512,-0.454819,-4.33346,4.18782,-3.12349,3.14474,-0.836462,0.524166,-4.8147,-2.0177,-7.17463,-0.369156,-7.12686,-3.66045,-4.26657,-1.97243,-6.68259,-0.61493,-6.65021,-3.38602,0.0701697,1.05189,-0.502911,0.0238208,-0.00117221,0.345303,-0.020904,-0.898668,-0.473723,-1.94198,0.573474,-0.199173,3.19144,2.19658,2.12219,-0.255175,3.16939,0.699612,-0.495825,0.555834,4.15523,0.63072,3.10804,-0.054506,0.489913,-0.055806,1.00063,0.493522,-1.26008,1.41633,-26.6193,12.2751,-27.7396,16.0937,14.6503,-7.77936,17.6946,-16.0947,5.2487,-0.789061,-0.101972,0.237564,-0.794364,20.5897,-25.8791,16.4964,0,7.97549,-13.9014,6.47251,-4.65463,3.61758,1.95133,-3.22802,1.36828,-1.02245,21.1447,-35.5089,16.8893,31.3079,-5.86473,10.1335,-4.1862,-15.6802,5.46872,1.23065,0.00538023,-0.001583,-0.00611555,1.82247,-1.82318,0.150052,-0.0344448,-0.0610644,-0.0810455,1.90536,23.6755,0.0445948,14.9575,-20.8515,-0.00536259,0.428397,-7.83207,0.177145,0.14073,0.213131,-5.86641,-1.98995,-0.00117221,0,2922,6.93889e-18,4.16334e-17,2.77556e-17,-2.77556e-17,-3.81639e-17,-4.51028e-17,-4.16334e-17,-3.46945e-17,-4.16334e-17,-5.65682e-17,0,-0.473723,-0.220569,0.573441,-0.0365248,3.14159,2.12219,-0.0382859,3.16937,0.104942,-0.392699,4.15523,0.0946541,3.10791,-0.0081759,0.523599,0,0,0,0.0238147,-0.020904,-0.473723,0.573474,3.19144,2.12219,3.16939,-0.495825,4.15523,3.10804,0.489913,0.0325884,-2.35308,0.820554,0.000122616,-0.109426,-0.000917332,0.27337,-0.273476,0.0276762,0.0557395,0.0145973,1.00007,1.34526,0.328025,0.0839518,0.757526,41.2861,473.535,-0.629976,297.792,-408.135,-0.0347494,7.41114,-158.488,23.1155,-217.357,0.0302219,-217.905,21.9251,20.9699,10.7637,44.8304,47.7864,-33.4434,47.7529,-33.2777,434.362,35.8862,-134.315,67.0884,-165.732,-95.4429,50.2,36.5672,4.37679,36.6246,-43.2668,-2.72413,31.5693,-5.76956,-16.8015,7.68197,0.785664,7.44332
10,-5.86592,-1.99103,0.0536827,0.34583,0.0118014,0.999932,-0.440779,-0.449635,0.595396,1.13386,3.21924,-2.30855,2.15438,-2.60294,3.20033,-1.13351,-0.455182,-4.33368,4.18782,-3.12334,3.14474,-0.837129,0.524164,-4.81415,-2.01762,-7.17415,-0.368959,-7.12616,-3.66044,-4.26603,-1.97215,-6.68222,-0.614929,-6.64952,-3.38602,0.0681118,1.05256,-0.502767,0.0224188,-0.00109338,0.343723,-0.0208103,-0.897245,-0.47339,-1.92444,0.573807,-0.203038,3.19177,2.20643,2.12177,-0.25926,3.16896,0.703568,-0.496248,0.556971,4.15521,0.630445,3.10801,-0.0545076,0.489887,-0.0558047,1.00056,0.491269,-1.25988,1.41385,-26.3807,12.234,-27.6012,15.9844,14.5015,-7.73926,17.5736,-15.9853,5.23887,-0.770149,-0.10431,0.242606,-0.798361,20.6841,-25.907,16.4745,0,8.02837,-14.0164,6.47926,-4.64384,3.63505,1.95711,-3.23522,1.36808,-1.0272,21.1728,-35.5101,16.8541,31.2785,-5.8859,10.136,-4.17698,-15.6656,5.45958,1.22803,0.00540943,-0.00158746,-0.00614256,1.81942,-1.82013,0.150047,-0.0335654,-0.0600127,-0.0785915,1.85025,23.6229,0.0437024,14.9658,-20.8117,-0.00547162,0.432005,-7.84875,0.176814,0.141413,0.212774,-5.86599,-1.98994,-0.00109338,0,2924,0,0,-3.1225e-17,0,1.04083e-17,1.38778e-17,0,4.16334e-17,3.46945e-17,4.84096e-17,0,-0.47339,-0.2186,0.573774,-0.0371412,3.14159,2.12177,-0.0388994,3.16894,0.105535,-0.392699,4.15521,0.0946121,3.10788,-0.00817614,0.523599,0,0,0,0.0224136,-0.0208103,-0.47339,0.573807,3.19177,2.12177,3.16896,-0.496248,4.15521,3.10801,0.489887,0.0326117,-2.35088,0.819179,0.00012066,-0.10935,-0.000921384,0.272913,-0.27302,0.0276177,0.0557456,0.0145993,1.00006,1.36614,0.29514,-0.112365,0.727873,41.2357,472.467,-0.524089,298.209,-406.109,-0.0723288,7.18609,-159.187,20.9518,-204.518,0.0626243,-204.814,19.7215,12.8814,2.68482,42.4719,43.5248,-42.481,43.5113,-42.3245,408.381,33.8859,-121.025,60.5109,-150.946,-86.9273,50.0868,34.5373,4.37144,34.5549,-43.0521,-1.41742,31.6135,-5.36402,-16.8756,9.16121,0.761806,8.92067
10.04,-5.86534,-1.99093,0.0523062,0.343469,0.0119167,0.996974,-0.440534,-0.4518,0.59574,1.13402,3.21948,-2.30727,2.15409,-2.60306,3.20001,-1.13124,-0.455441,-4.33395,4.18781,-3.12317,3.14473,-0.83781,0.524167,-4.81356,-2.01746,-7.17366,-0.368805,-7.12542,-3.66043,-4.26546,-1.97186,-6.6818,-0.614916,-6.64878,-3.386,0.0660515,1.05239,-0.502608,0.0210404,-0.00100559,0.342158,-0.0207299,-0.896814,-0.473181,-1.90667,0.574017,-0.204501,3.19198,2.21649,2.12144,-0.263742,3.16864,0.707436,-0.496572,0.557357,4.15516,0.630463,3.10796,-0.0545181,0.489853,-0.0558069,1.0005,0.48905,-1.2597,1.41144,-26.1673,12.1953,-27.4696,15.8779,14.379,-7.70142,17.4588,-15.8784,5.22803,-0.76186,-0.10499,0.243789,-0.801289,20.779,-25.9331,16.4513,0,8.08084,-14.1356,6.48726,-4.63365,3.65253,1.9621,-3.2416,1.36733,-1.032,21.1766,-35.5116,16.8194,31.2517,-5.89362,10.1387,-4.16793,-15.6525,5.45118,1.22616,0.00541213,-0.00158415,-0.00613994,1.81662,-1.81733,0.150042,-0.0344141,-0.0590374,-0.0739404,1.79561,23.5957,0.0321714,14.9557,-20.7553,-0.00660046,0.436031,-7.86575,0.176449,0.142095,0.212446,-5.86537,-1.98992,-0.00100559,0,2927,6.93889e-18,-1.38778e-17,-2.25514e-17,0,-6.93889e-18,-6.93889e-18,-2.77556e-17,1.66533e-16,1.59595e-16,1.68241e-16,0,-0.473181,-0.216606,0.573983,-0.037317,3.14159,2.12144,-0.0395697,3.16862,0.106115,-0.392699,4.15516,0.0946109,3.10785,-0.00817772,0.523599,0,0,0,0.0210361,-0.0207299,-0.473181,0.574017,3.19198,2.12144,3.16864,-0.496572,4.15516,3.10796,0.489853,0.0326466,-2.34882,0.817898,0.000110156,-0.111512,-0.00092099,0.272493,-0.2726,0.0275746,0.0557548,0.0146024,1.00006,1.35959,0.296066,-0.0205243,0.701273,39.4423,473.148,-0.547187,297.984,-406.055,-0.0491473,7.4641,-159.257,22.5775,-211.372,0.113171,-211.829,20.785,16.3225,6.02338,43.8191,45.891,-37.6454,45.8691,-37.4848,422.347,35.1487,-127.423,63.7558,-159.158,-91.6566,50.1589,35.6218,4.18133,35.6652,-43.0464,-1.96839,31.5896,-5.57959,-16.883,8.37317,0.791278,8.13268
10.08,-5.86475,-1.99084,0.0510495,0.341187,0.0120452,0.993939,-0.4402,-0.454879,0.596154,1.13563,3.2198,-2.30564,2.15371,-2.60203,3.19961,-1.13029,-0.455792,-4.33416,4.18782,-3.12307,3.14474,-0.838605,0.524167,-4.81296,-2.01735,-7.17315,-0.368633,-7.12465,-3.66044,-4.26487,-1.97157,-6.68138,-0.614935,-6.648,-3.38602,0.0630649,1.05338,-0.502502,0.0196281,-0.000938864,0.340714,-0.0206364,-0.893727,-0.472882,-1.89194,0.574316,-0.205287,3.19228,2.22428,2.12102,-0.266267,3.16822,0.710849,-0.496992,0.559042,4.15514,0.630309,3.10794,-0.0545237,0.489815,-0.0558095,1.00044,0.486985,-1.25951,1.40909,-25.9228,12.1585,-27.344,15.7825,14.2114,-7.66572,17.3499,-15.7829,5.22077,-0.758255,-0.105157,0.243786,-0.803944,20.8569,-25.955,16.4316,0,8.12554,-14.2271,6.49093,-4.62394,3.66745,1.96779,-3.24765,1.36737,-1.03602,21.2258,-35.5158,16.7859,31.2291,-5.92371,10.142,-4.15901,-15.6408,5.44231,1.22383,0.00543736,-0.00158741,-0.00616305,1.81366,-1.81438,0.150037,-0.0314167,-0.0570405,-0.0758842,1.71857,23.6263,0.0406986,14.9719,-20.732,-0.00544842,0.438714,-7.8856,0.176205,0.142678,0.2121,-5.86474,-1.9899,-0.000938864,0,2930,0,-2.77556e-17,-3.29597e-17,6.245e-17,-2.77556e-17,-2.08167e-17,-2.77556e-17,1.17961e-16,1.11022e-16,1.14681e-16,0,-0.472882,-0.214949,0.574283,-0.0373823,3.14159,2.12102,-0.0399513,3.1682,0.106627,-0.392699,4.15514,0.0945929,3.10781,-0.00817856,0.523599,0,0,0,0.0196246,-0.0206364,-0.472882,0.574316,3.19228,2.12102,3.16822,-0.496992,4.15514,3.10794,0.489815,0.0326816,-2.34719,0.816593,0.000123279,-0.108992,-0.000924457,0.27205,-0.272157,0.0275241,0.0557639,0.0146055,1.00005,1.35537,0.305952,-0.0562882,0.628155,38.0944,475.625,-0.351817,298.541,-405.625,-0.0494973,7.43535,-159.755,25.3621,-224.901,0.102206,-225.634,22.8418,22.924,12.4256,46.4265,50.3661,-29.3659,50.3212,-29.1924,449.879,37.5916,-139.851,70.0416,-174.674,-100.591,50.4215,37.7776,4.03843,37.8657,-43.0008,-3.02396,31.6486,-5.99511,-16.9359,7.03831,0.78823,6.79587
10.12,-5.86415,-1.99074,0.0497486,0.338886,0.0121664,0.990664,-0.439716,-0.458935,0.596714,1.13953,3.22026,-2.30426,2.1534,-2.60178,3.19928,-1.1284,-0.456069,-4.33439,4.18781,-3.12288,3.14473,-0.839201,0.52417,-4.81234,-2.01732,-7.17265,-0.368478,-7.12388,-3.66043,-4.26427,-1.97127,-6.68095,-0.61493,-6.64724,-3.38601,0.0591151,1.05357,-0.502321,0.0183359,-0.000854697,0.339226,-0.0205502,-0.889794,-0.472432,-1.87751,0.574765,-0.206104,3.19273,2.23342,2.12068,-0.270279,3.16788,0.714485,-0.497334,0.558707,4.1551,0.630583,3.1079,-0.054535,0.489782,-0.055813,1.00038,0.484887,-1.25934,1.40684,-25.6628,12.1202,-27.2167,15.6881,14.026,-7.62828,17.2384,-15.6882,5.21455,-0.755102,-0.105297,0.24374,-0.806806,20.9465,-25.9805,16.411,0,8.17513,-14.3373,6.49806,-4.61442,3.68373,1.97292,-3.25398,1.36695,-1.04047,21.2066,-35.5176,16.753,31.2062,-5.91851,10.1447,-4.15039,-15.6295,5.43494,1.22266,0.0054358,-0.00158299,-0.00615627,1.81121,-1.81192,0.150032,-0.0325232,-0.0575331,-0.0818779,1.61672,23.714,0.0344928,14.9704,-20.6853,-0.00556342,0.443264,-7.90048,0.175996,0.143313,0.211812,-5.86411,-1.98988,-0.000854697,0,2933,-6.93889e-18,-1.38778e-17,-6.93889e-18,4.85723e-17,-1.73472e-17,-2.60209e-17,-1.38778e-17,9.02056e-17,9.71445e-17,9.29161e-17,0,-0.472432,-0.213331,0.574731,-0.0374524,3.14159,2.12068,-0.0405516,3.16786,0.107173,-0.392699,4.1551,0.0946311,3.10778,-0.00818025,0.523599,0,0,0,0.018333,-0.0205502,-0.472432,0.574765,3.19273,2.12068,3.16788,-0.497334,4.1551,3.1079,0.489782,0.0327165,-2.34542,0.815472,0.000115507,-0.110305,-0.000923441,0.271682,-0.271789,0.0274971,0.0557731,0.0146085,1.00005,1.35646,0.27797,-0.0909576,0.684716,36.1775,477.625,-0.476189,298.47,-404.323,-0.0463728,7.51052,-160.044,23.2928,-213.849,0.100104,-214.382,21.0727,16.9635,6.56131,44.3438,46.9579,-35.216,46.9288,-35.0514,427.48,35.9281,-129.154,64.7336,-162.855,-93.7856,50.6336,36.0076,3.83522,36.0646,-42.8628,-2.06717,31.6412,-5.65445,-16.9664,7.97337,0.796199,7.73214
10.16,-5.86358,-1.99065,0.048505,0.336609,0.0122838,0.987576,-0.439387,-0.461846,0.597153,1.14135,3.22058,-2.30238,2.15292,-2.6,3.19879,-1.12811,-0.456507,-4.33458,4.18781,-3.12274,3.14473,-0.839804,0.524171,-4.81175,-2.01722,-7.17211,-0.368251,-7.12314,-3.66044,-4.2637,-1.97099,-6.68054,-0.614936,-6.64649,-3.38601,0.0563227,1.05529,-0.502181,0.0170111,-0.000783825,0.33777,-0.020456,-0.892111,-0.472127,-1.85752,0.57507,-0.206899,3.19303,2.24049,2.12018,-0.272573,3.16738,0.717884,-0.497831,0.559795,4.15507,0.630418,3.10788,-0.054542,0.489759,-0.0558137,1.00033,0.482827,-1.25917,1.40458,-25.5036,12.0808,-27.087,15.5796,13.9655,-7.58967,17.1242,-15.5793,5.20109,-0.748255,-0.105491,0.243809,-0.809471,21.0237,-26.0054,16.3941,0,8.22042,-14.4235,6.50126,-4.60467,3.69816,1.97939,-3.261,1.36756,-1.04432,21.2344,-35.5202,16.7207,31.181,-5.93841,10.1475,-4.14187,-15.6169,5.42649,1.22044,0.0054412,-0.00158066,-0.00615674,1.8084,-1.80911,0.150028,-0.0310896,-0.0569217,-0.077197,1.54337,23.7492,0.0470002,15.0029,-20.6783,-0.00485202,0.446834,-7.91553,0.175543,0.143879,0.211482,-5.8637,-1.98987,-0.000783825,0,2935,0,0,-1.04083e-17,2.77556e-17,-6.93889e-18,-1.56125e-17,-2.77556e-17,0,-6.93889e-18,-1.11131e-18,0,-0.472127,-0.211087,0.575037,-0.0374971,3.14159,2.12018,-0.0408956,3.16736,0.107683,-0.392699,4.15507,0.0946065,3.10775,-0.00818129,0.523599,0,0,0,0.0170087,-0.020456,-0.472127,0.57507,3.19303,2.12018,3.16738,-0.497831,4.15507,3.10788,0.489759,0.0327398,-2.34353,0.814205,0.000115494,-0.109054,-0.00092351,0.271259,-0.271366,0.027448,0.0557792,0.0146106,1.00004,1.32848,0.292487,-0.0765231,0.824811,34.6667,478.545,-0.385375,299.205,-404.404,-0.0587063,7.58083,-160.381,27.0441,-230.847,0.108214,-231.776,23.8481,26.7865,16.2666,47.5461,52.8972,-22.3403,52.8367,-22.1608,462.052,38.9869,-145.909,73.2179,-183.457,-105.65,50.7311,38.6869,3.67506,38.8063,-42.8713,-3.64956,31.7191,-6.1899,-17.0022,5.86205,0.803653,5.62211
10.2,-5.86272,-1.9905,0.0470311,0.333979,0.0124595,0.984214,-0.439063,-0.464937,0.597577,1.14223,3.2209,-2.30094,2.15261,-2.6,3.19845,-1.12584,-0.456783,-4.33484,4.18782,-3.12255,3.14474,-0.840654,0.524175,-4.81088,-2.01698,-7.17142,-0.368101,-7.12204,-3.66043,-4.26285,-1.97057,-6.67992,-0.614939,-6.64539,-3.38601,0.0533366,1.05523,-0.501988,0.0157088,-0.000671136,0.336345,-0.0203386,-0.893167,-0.471861,-1.83939,0.575336,-0.207699,3.1933,2.25285,2.11981,-0.278082,3.16701,0.722038,-0.4982,0.560525,4.15502,0.630199,3.10782,-0.054558,0.489701,-0.0558239,1.00028,0.480818,-1.25899,1.40237,-25.3336,12.0443,-26.9648,15.4792,13.8864,-7.554,17.0173,-15.4784,5.18927,-0.742025,-0.105714,0.243939,-0.812013,21.1368,-26.0353,16.3746,0,8.27555,-14.5649,6.51048,-4.59529,3.71691,1.98485,-3.26822,1.36735,-1.04946,21.2492,-35.5192,16.6866,31.1557,-5.95212,10.1487,-4.1327,-15.6041,5.41861,1.21826,0.00544563,-0.0015778,-0.00615693,1.80577,-1.80648,0.150024,-0.0368462,-0.0657544,-0.084055,1.46554,23.7606,0.0359692,14.9952,-20.6219,-0.00660348,0.451757,-7.93677,0.175147,0.144611,0.211175,-5.86265,-1.98983,-0.000671136,0,2940,-6.93889e-18,0,1.73472e-18,5.55112e-17,-1.73472e-17,-1.9082e-17,0,1.11022e-16,1.11022e-16,9.98821e-17,0,-0.471861,-0.209053,0.575303,-0.0375501,3.14159,2.11981,-0.0417229,3.16699,0.108306,-0.392699,4.15502,0.0945753,3.10769,-0.0081837,0.523599,0,0,0,0.0157069,-0.0203386,-0.471861,0.575336,3.1933,2.11981,3.16701,-0.4982,4.15502,3.10782,0.489701,0.0327981,-2.34165,0.81303,0.000119736,-0.11276,-0.00092354,0.270865,-0.270972,0.0273962,0.0557944,0.0146157,1.00004,1.3594,0.275523,-0.204986,0.720419,33.945,479.22,-0.582463,298.94,-401.561,-0.0777259,7.42648,-161.119,26.2413,-228.29,0.111817,-229.105,23.147,23.0999,12.3925,47.1945,51.7088,-26.9253,51.6568,-26.7473,456.734,38.6873,-141.626,71.1239,-179.325,-103.271,50.8027,38.3155,3.59855,38.4162,-42.5699,-3.04242,31.6909,-6.09423,-17.0804,6.64625,0.78729,6.40178
10.24,-5.86211,-1.99041,0.0456483,0.331486,0.0125848,0.980906,-0.438734,-0.468072,0.598,1.14323,3.22122,-2.29962,2.15234,-2.60002,3.19815,-1.12352,-0.457026,-4.33507,4.18781,-3.12231,3.14473,-0.841313,0.524178,-4.81026,-2.01686,-7.17091,-0.367974,-7.12125,-3.66044,-4.26224,-1.97027,-6.67948,-0.614944,-6.64461,-3.38601,0.0503037,1.05515,-0.501763,0.0141995,-0.000594251,0.334663,-0.0202482,-0.890124,-0.471567,-1.82246,0.575631,-0.208584,3.19359,2.2611,2.1195,-0.28143,3.1667,0.725707,-0.498507,0.560902,4.15498,0.630362,3.10778,-0.0545696,0.489667,-0.0558278,1.00023,0.478458,-1.25882,1.39985,-25.0747,12.0046,-26.8301,15.3756,13.7158,-7.51526,16.9002,-15.3746,5.1805,-0.737325,-0.105919,0.243988,-0.814978,21.2233,-26.0582,16.3506,0,8.32622,-14.6704,6.51688,-4.58526,3.73344,1.99026,-3.27394,1.36655,-1.05399,21.2528,-35.523,16.6503,31.1292,-5.95942,10.1525,-4.12317,-15.591,5.40961,1.21651,0.00544441,-0.001573,-0.0061494,1.80277,-1.80348,0.15002,-0.0345698,-0.0623064,-0.0826975,1.38679,23.7744,0.0330684,14.9878,-20.5645,-0.00553949,0.45745,-7.95321,0.174852,0.145256,0.210824,-5.86203,-1.98981,-0.000594251,0,2943,0,1.38778e-17,2.77556e-17,-4.85723e-17,0,5.20417e-18,-1.38778e-17,0,0,-1.62088e-17,0,-0.471567,-0.207152,0.575598,-0.0376206,3.14159,2.1195,-0.0422238,3.16668,0.108856,-0.392699,4.15498,0.0945964,3.10766,-0.00818545,0.523599,0,0,0,0.0141981,-0.0202482,-0.471567,0.575631,3.19359,2.1195,3.1667,-0.498507,4.15498,3.10778,0.489667,0.032833,-2.33961,0.811663,0.000111001,-0.111682,-0.000922411,0.270416,-0.270522,0.027358,0.0558036,0.0146188,1.00003,1.35881,0.342993,0.0291569,0.74382,31.2296,478.366,-0.418494,298.81,-402.098,-0.0408604,7.82106,-161.14,37.1006,-283.559,0.172619,-285.423,31.5622,50.0239,38.5479,57.7552,69.4548,4.06317,69.3312,4.28227,568.982,48.384,-192.372,96.6739,-240.876,-138.717,50.7121,47.1543,3.31069,47.4233,-42.6268,-7.34749,31.6772,-7.77817,-17.0826,1.68385,0.82912,1.43265
10.28,-5.86151,-1.9903,0.0442574,0.329003,0.0127022,0.977608,-0.438418,-0.47119,0.598413,1.14431,3.22152,-2.29831,2.15203,-2.59974,3.19783,-1.12184,-0.457307,-4.33534,4.18782,-3.12228,3.14473,-0.842095,0.524179,-4.80965,-2.01674,-7.1704,-0.367811,-7.12049,-3.66042,-4.26164,-1.96998,-6.67904,-0.614935,-6.64384,-3.38599,0.0472916,1.0554,-0.501723,0.012793,-0.000508648,0.333057,-0.0201542,-0.888797,-0.471274,-1.80477,0.575923,-0.209445,3.19388,2.26807,2.11917,-0.284145,3.16637,0.729096,-0.498839,0.562202,4.15496,0.629966,3.10776,-0.0545753,0.489643,-0.0558295,1.00019,0.476212,-1.25866,1.39748,-24.8533,11.9661,-26.7008,15.2735,13.5851,-7.47757,16.7874,-15.2722,5.17032,-0.731763,-0.106134,0.24408,-0.817818,21.3012,-26.0803,16.3291,0,8.37334,-14.7625,6.5221,-4.57574,3.74848,1.99579,-3.27964,1.36609,-1.05807,21.286,-35.5261,16.6169,31.099,-5.98355,10.1553,-4.11436,-15.5757,5.40017,1.21364,0.00545638,-0.00157245,-0.00615616,1.79963,-1.80034,0.150017,-0.0347737,-0.0620768,-0.0824537,1.30831,23.7902,0.0325929,14.9873,-20.5229,-0.00679043,0.458537,-7.97272,0.17451,0.145843,0.210456,-5.86161,-1.9898,-0.000508648,0,2945,0,0,-1.04083e-17,0,3.46945e-18,1.04083e-17,-1.38778e-17,-2.08167e-17,-1.73472e-17,-1.56125e-17,0,-0.471274,-0.205166,0.57589,-0.0376841,3.14159,2.11917,-0.0426324,3.16635,0.109364,-0.392699,4.15496,0.0945393,3.10764,-0.0081863,0.523599,0,0,0,0.012792,-0.0201542,-0.471274,0.575923,3.19388,2.11917,3.16637,-0.498839,4.15496,3.10776,0.489643,0.0328564,-2.33737,0.81026,0.000116922,-0.112819,-0.000923424,0.269944,-0.270051,0.027293,0.0558097,0.0146208,1.00003,1.3509,0.323449,-0.00309637,0.771337,29.6972,478.789,-0.361356,298.94,-401.422,-0.0577062,7.83982,-161.538,36.3757,-278.671,0.172596,-280.48,30.813,47.7132,36.3062,56.8132,68.1374,2.635,68.0158,2.85207,559.111,47.7226,-187.855,94.4763,-236.306,-136.085,50.757,46.3585,3.14823,46.6185,-42.5552,-6.97862,31.691,-7.62986,-17.1248,1.89558,0.831109,1.64546
10.32,-5.86088,-1.99018,0.0427683,0.326399,0.0128385,0.974115,-0.43803,-0.474792,0.598896,1.14614,3.2219,-2.2974,2.15185,-2.60045,3.19762,-1.11896,-0.457463,-4.33561,4.1878,-3.12203,3.14472,-0.842663,0.524182,-4.809,-2.01661,-7.16991,-0.367716,-7.11966,-3.66041,-4.26101,-1.96964,-6.6786,-0.614925,-6.64302,-3.38598,0.0437973,1.05463,-0.501491,0.0113668,-0.000408354,0.331502,-0.0200528,-0.886985,-0.470922,-1.78731,0.576276,-0.210286,3.19424,2.27647,2.11895,-0.287643,3.16615,0.732561,-0.499054,0.561739,4.15491,0.630586,3.10771,-0.054586,0.48961,-0.0558345,1.00015,0.474034,-1.2585,1.39514,-24.6289,11.9278,-26.5728,15.1742,13.4481,-7.4395,16.6744,-15.1716,5.16054,-0.726486,-0.106358,0.24419,-0.820776,21.3865,-26.1006,16.3059,0,8.4211,-14.8689,6.52891,-4.56679,3.76439,2.00046,-3.28447,1.36505,-1.06247,21.2633,-35.5297,16.5818,31.0788,-5.97537,10.1592,-4.10514,-15.5661,5.39259,1.21304,0.00545824,-0.00156856,-0.00615343,1.7971,-1.79781,0.150013,-0.0372275,-0.0651113,-0.0873226,1.21642,23.8251,0.0228453,14.9648,-20.4512,-0.00674992,0.46432,-7.98689,0.174187,0.146464,0.21016,-5.86098,-1.98978,-0.000408354,0,2948,0,-1.38778e-17,1.38778e-17,2.77556e-17,-3.81639e-17,-4.51028e-17,-1.38778e-17,-2.08167e-17,-1.73472e-17,-3.32579e-17,0,-0.470922,-0.203218,0.576243,-0.0377426,3.14159,2.11895,-0.0431541,3.16614,0.109884,-0.392699,4.15491,0.0946253,3.1076,-0.0081879,0.523599,0,0,0,0.0113661,-0.0200528,-0.470922,0.576276,3.19424,2.11895,3.16615,-0.499054,4.15491,3.10771,0.48961,0.0328913,-2.33577,0.809085,9.82268e-05,-0.114537,-0.000923014,0.269565,-0.269672,0.0272782,0.0558189,0.0146239,1.00002,1.34299,0.327796,-0.0356897,0.775376,28.0745,479.677,-0.360585,298.524,-399.618,-0.0379215,7.86894,-161.887,38.9215,-290.527,0.194517,-292.595,32.63,53.6456,42.0891,59.0565,72.167,10.4632,72.0304,10.6879,583.232,50.0092,-198.775,100.013,-250.288,-144.138,50.8512,48.2415,2.97621,48.5433,-42.364,-7.92876,31.6469,-7.99116,-17.1619,0.62647,0.834195,0.376189
10.36,-5.86022,-1.99008,0.0413634,0.323837,0.012988,0.970333,-0.437436,-0.479747,0.599573,1.15119,3.22246,-2.29577,2.15141,-2.59876,3.19718,-1.11893,-0.457867,-4.33587,4.18781,-3.12192,3.14473,-0.843641,0.524184,-4.80831,-2.0166,-7.16935,-0.367519,-7.1188,-3.66042,-4.26035,-1.9693,-6.67814,-0.614946,-6.64215,-3.38599,0.0389627,1.05629,-0.501376,0.00983084,-0.000328834,0.32992,-0.0199499,-0.883021,-0.470374,-1.77158,0.576824,-0.211307,3.19479,2.28112,2.11848,-0.288273,3.16567,0.73563,-0.499538,0.564079,4.15488,0.630099,3.10768,-0.0545976,0.489563,-0.0558428,1.00012,0.471818,-1.25834,1.39271,-24.3632,11.8864,-26.4366,15.0741,13.2677,-7.40082,16.5594,-15.0741,5.15411,-0.721899,-0.106433,0.243959,-0.823722,21.4489,-26.12,16.2876,0,8.46228,-14.9331,6.52963,-4.55727,3.77737,2.00725,-3.29036,1.36555,-1.06592,21.3322,-35.5343,16.5467,31.0511,-6.01722,10.1626,-4.09574,-15.5518,5.38245,1.20984,0.00547201,-0.00156813,-0.00616237,1.79372,-1.79443,0.15001,-0.0351216,-0.0640342,-0.0945321,1.0962,23.9402,0.04071,14.9962,-20.4507,-0.00656721,0.46733,-8.01131,0.173955,0.146972,0.209764,-5.86015,-1.98975,-0.000328834,0,2952,1.38778e-17,1.38778e-17,-3.1225e-17,6.93889e-18,-3.1225e-17,-3.46945e-17,-4.16334e-17,1.45717e-16,1.42247e-16,1.32137e-16,0,-0.470374,-0.201416,0.576792,-0.0378444,3.14159,2.11848,-0.0432516,3.16565,0.110345,-0.392699,4.15488,0.0945582,3.10756,-0.00818965,0.523599,0,0,0,0.00983034,-0.0199499,-0.470374,0.576824,3.19479,2.11848,3.16567,-0.499538,4.15488,3.10768,0.489563,0.0329379,-2.33376,0.807594,0.000113698,-0.113098,-0.000924355,0.269059,-0.269165,0.0272077,0.0558311,0.014628,1.00002,1.34067,0.355308,-0.034471,0.840483,25.8339,482.228,-0.17234,299.353,-399.477,-0.0643661,7.84484,-162.554,45.5266,-323.522,0.246792,-326.237,37.5846,69.5427,57.5284,65.289,82.9424,29.5113,82.7542,29.7653,650.271,56.1475,-228.676,115.183,-287.649,-165.653,51.1216,53.5144,2.73868,53.9202,-42.349,-10.4704,31.7347,-8.98526,-17.2325,-2.42831,0.831641,-2.68357
10.4,-5.85955,-1.98995,0.0397839,0.321036,0.0131383,0.966337,-0.436894,-0.484424,0.600231,1.1553,3.22297,-2.29468,2.1512,-2.59953,3.19694,-1.1158,-0.458055,-4.33617,4.18781,-3.12177,3.14473,-0.844329,0.524187,-4.80762,-2.01652,-7.16883,-0.367403,-7.11792,-3.66041,-4.25969,-1.96892,-6.67768,-0.614935,-6.64128,-3.38598,0.0344283,1.05546,-0.501226,0.0083908,-0.000216234,0.328301,-0.0198346,-0.88438,-0.469867,-1.75016,0.57733,-0.212251,3.19529,2.29172,2.11822,-0.293032,3.16542,0.739611,-0.499789,0.563732,4.15484,0.630508,3.10764,-0.0546075,0.489529,-0.0558488,1.00008,0.469567,-1.25818,1.39034,-24.1765,11.843,-26.297,14.9614,13.1873,-7.35862,16.4371,-14.9615,5.14074,-0.714204,-0.106593,0.243917,-0.826807,21.554,-26.1458,16.2645,0,8.51701,-15.0646,6.53853,-4.54792,3.79557,2.01253,-3.29635,1.36464,-1.07094,21.3122,-35.5377,16.5113,31.0281,-6.01154,10.1662,-4.08634,-15.5404,5.37442,1.20876,0.0054777,-0.00156529,-0.00616341,1.79105,-1.79176,0.150007,-0.0394881,-0.0700251,-0.0999097,0.979521,24.0316,0.0272109,14.9716,-20.3726,-0.00750798,0.471084,-8.02848,0.173503,0.147682,0.209451,-5.85952,-1.98973,-0.000216234,0,2955,0,1.38778e-17,-3.46945e-18,-2.08167e-17,-3.46945e-17,-4.16334e-17,-2.77556e-17,1.59595e-16,1.56125e-16,1.40865e-16,0,-0.469867,-0.199004,0.577298,-0.0379049,3.14159,2.11822,-0.0439639,3.1654,0.110942,-0.392699,4.15484,0.0946169,3.10752,-0.00819113,0.523599,0,0,0,0.0083905,-0.0198346,-0.469867,0.57733,3.19529,2.11822,3.16542,-0.499789,4.15484,3.10764,0.489529,0.0329729,-2.33199,0.806377,0.000106665,-0.116019,-0.000924511,0.268658,-0.268764,0.027181,0.0558402,0.014631,1.00001,1.33924,0.337831,-0.0497804,1.00799,23.5409,484.445,-0.512829,298.527,-397.293,-0.0435183,7.91199,-162.854,45.2725,-321.366,0.252184,-324.065,37.1863,68.0374,56.0168,64.8757,82.4303,28.9147,82.2454,29.1665,645.871,56.1195,-226.183,113.989,-285.875,-164.632,51.3566,53.1641,2.49559,53.5664,-42.1175,-10.2273,31.6472,-8.91389,-17.2644,-2.33845,0.83876,-2.59324
10.44,-5.85891,-1.98977,0.0378152,0.317657,0.0133223,0.961224,-0.435991,-0.491772,0.601238,1.16355,3.22382,-2.29383,2.15096,-2.60006,3.19669,-1.11312,-0.458257,-4.3366,4.18779,-3.12163,3.14472,-0.845097,0.524193,-4.80694,-2.01655,-7.16839,-0.367268,-7.11701,-3.66039,-4.25905,-1.96845,-6.6773,-0.614909,-6.64038,-3.38594,0.0272405,1.05489,-0.501106,0.00677613,-6.09766e-05,0.326617,-0.0196856,-0.879773,-0.468999,-1.72966,0.578199,-0.213139,3.19616,2.29915,2.11796,-0.295493,3.16515,0.743106,-0.50005,0.564403,4.15479,0.63081,3.10759,-0.0546224,0.489498,-0.0558547,1.00005,0.467212,-1.258,1.38778,-23.8845,11.7955,-26.1453,14.8525,12.9862,-7.30814,16.2944,-14.8456,5.13083,-0.70942,-0.1069,0.244151,-0.831207,21.6358,-26.1649,16.241,0,8.56461,-15.1621,6.54338,-4.53854,3.81141,2.01817,-3.30125,1.36393,-1.0753,21.3254,-35.5409,16.4717,31.0041,-6.02312,10.1701,-4.07579,-15.5288,5.36523,1.20723,0.00546207,-0.00155576,-0.00614035,1.78799,-1.7887,0.150004,-0.0492177,-0.084484,-0.127823,0.785654,24.226,0.0213937,14.9525,-20.306,-0.0107377,0.474183,-8.04763,0.173209,0.1483,0.209093,-5.8589,-1.98971,-6.09766e-05,0,2958,6.93889e-18,1.38778e-17,1.21431e-17,-6.93889e-18,-3.46945e-17,-3.29597e-17,1.38778e-17,-1.38778e-17,-2.08167e-17,-2.49095e-17,0,-0.468999,-0.196784,0.57817,-0.0379422,3.14159,2.11796,-0.0443309,3.16514,0.111466,-0.392699,4.15479,0.0946556,3.10749,-0.00819337,0.523599,0,0,0,0.006776,-0.0196856,-0.468999,0.578199,3.19616,2.11796,3.16515,-0.50005,4.15479,3.10759,0.489498,0.0330079,-2.33009,0.804962,8.8974e-05,-0.122377,-0.000921053,0.268199,-0.268305,0.027142,0.0558494,0.0146341,1,1.31932,0.385703,0.0097002,1.03531,19.5302,488.17,-0.257906,298.388,-396.208,-0.0498139,7.94627,-163.339,55.8217,-372.658,0.319285,-376.42,45.0247,93.8682,81.2534,74.4583,99.425,60.2745,99.17,60.5641,750.098,65.8612,-273.441,137.883,-344.826,-198.583,51.7515,61.3407,2.07042,61.913,-42.0025,-14.3666,31.6325,-10.4622,-17.3158,-7.39355,0.842393,-7.6519
10.48,-5.8582,-1.98958,0.035542,0.313496,0.0135772,0.954633,-0.434772,-0.501835,0.602591,1.17602,3.22495,-2.29231,2.15062,-2.59968,3.19634,-1.11056,-0.458577,-4.33698,4.18778,-3.12136,3.14471,-0.845933,0.524189,-4.80619,-2.01662,-7.16795,-0.367115,-7.11595,-3.6604,-4.25835,-1.96786,-6.67694,-0.614928,-6.63932,-3.38595,0.0173975,1.05523,-0.500841,0.00477233,0.000104919,0.324717,-0.0194657,-0.878082,-0.467815,-1.70323,0.579383,-0.214367,3.19735,2.30627,2.11757,-0.296582,3.16477,0.746924,-0.500434,0.565814,4.15474,0.63145,3.10754,-0.0546211,0.489457,-0.0558608,1.00002,0.464533,-1.25778,1.38473,-23.5943,11.7354,-25.9574,14.7124,12.822,-7.24909,16.1271,-14.7043,5.11714,-0.701113,-0.107014,0.243861,-0.835865,21.7185,-26.1837,16.216,0,8.6142,-15.2538,6.54505,-4.52773,3.82827,2.02562,-3.30677,1.36382,-1.07988,21.3644,-35.547,16.4231,30.9833,-6.04646,10.1761,-4.0627,-15.5187,5.35436,1.20583,0.00552135,-0.0015661,-0.00620146,1.78437,-1.78508,0.150001,-0.0568297,-0.104033,-0.164777,0.532175,24.5247,0.0379659,14.9533,-20.2424,-0.00963712,0.480604,-8.06849,0.172755,0.148959,0.20867,-5.85827,-1.98969,0.000104919,0,2961,6.93889e-18,-1.38778e-17,1.38778e-17,-6.93889e-18,1.04083e-17,1.21431e-17,0,0,0,6.83047e-18,0,-0.467815,-0.193826,0.579355,-0.0380202,3.14159,2.11757,-0.0444949,3.16476,0.112039,-0.392699,4.15474,0.0947493,3.10745,-0.00819316,0.523599,0,0,0,0.00477232,-0.0194657,-0.467815,0.579383,3.19735,2.11757,3.16477,-0.500434,4.15474,3.10754,0.489457,0.0330429,-2.32853,0.80332,8.29311e-05,-0.122746,-0.000930219,0.267655,-0.267762,0.0271085,0.0558586,0.0146372,0.999994,1.31015,0.487903,0.0760551,1.42332,14.7476,495.064,-0.152762,298.386,-393.875,-0.0382749,7.85205,-164.115,77.1981,-479.226,0.456966,-485.101,61.0742,145.712,131.716,94.4261,134.187,121.539,133.785,121.912,966.468,86.0475,-370.153,186.812,-465.391,-268.012,52.4823,78.375,1.56341,79.2844,-41.7551,-22.662,31.6322,-13.6599,-17.3981,-17.2156,0.832405,-17.4865
10.52,-5.85742,-1.98921,0.031896,0.307126,0.0139686,0.944135,-0.432555,-0.519999,0.604945,1.20027,3.227,-2.2912,2.15034,-2.60106,3.19603,-1.10535,-0.45882,-4.33769,4.18771,-3.12092,3.14464,-0.847135,0.524152,-4.8053,-2.01684,-7.16764,-0.366934,-7.11462,-3.66032,-4.25757,-1.96686,-6.67669,-0.614877,-6.63798,-3.38589,-0.000456732,1.05379,-0.500432,0.00245243,0.000450031,0.322295,-0.0191209,-0.869335,-0.465645,-1.67317,0.581553,-0.215854,3.19953,2.31773,2.11725,-0.300392,3.16444,0.752182,-0.500753,0.565234,4.15462,0.632388,3.10742,-0.0545629,0.489369,-0.0558701,0.999981,0.461145,-1.2575,1.38102,-23.1264,11.6556,-25.7149,14.547,12.4926,-7.16896,15.9057,-14.5342,5.10642,-0.694475,-0.107039,0.243226,-0.842719,21.8437,-26.2121,16.1835,0,8.68386,-15.4034,6.55279,-4.51486,3.85179,2.03429,-3.31432,1.36324,-1.08644,21.3282,-35.5421,16.3582,30.9493,-6.03493,10.1795,-4.04529,-15.5037,5.34263,1.20449,0.00584722,-0.00164953,-0.00656163,1.78046,-1.78121,0.149997,-0.0911509,-0.159253,-0.262444,0.0709715,25.1182,0.0277234,14.9117,-20.1098,-0.0176039,0.489768,-8.09855,0.172422,0.149878,0.208214,-5.85743,-1.98966,0.000450031,0,2965,-1.38778e-17,0,2.42861e-17,-2.08167e-17,-1.73472e-17,-1.9082e-17,4.16334e-17,1.04083e-16,9.02056e-17,9.07477e-17,0,-0.465645,-0.190498,0.581532,-0.0381108,3.14159,2.11725,-0.0450617,3.16444,0.112827,-0.392699,4.15462,0.0948785,3.10736,-0.00818443,0.523599,0,0,0,0.00245249,-0.0191209,-0.465645,0.581553,3.19953,2.11725,3.16444,-0.500753,4.15462,3.10742,0.489369,0.0330895,-2.32601,0.8015,5.28733e-05,-0.141582,-0.000984244,0.267069,-0.267182,0.0270605,0.0558708,0.0146413,0.999975,1.3002,0.571155,0.240708,1.8496,5.28847,507.536,-0.376823,297.234,-389.852,-0.0504664,7.9953,-164.927,99.868,-591.575,0.606192,-599.705,77.7432,199.368,183.944,115.141,171.305,187.039,170.76,187.493,1194.49,109.027,-470.378,237.555,-594.17,-342.141,53.8045,96.3317,0.560637,97.6013,-41.3287,-31.2464,31.5101,-16.9754,-17.4841,-27.7181,0.847591,-28.0008
10.56,-5.85608,-1.98817,0.0231105,0.293194,0.0148297,0.923863,-0.429187,-0.551713,0.608577,1.23383,3.23012,-2.29294,2.15026,-2.60746,3.19593,-1.09537,-0.458857,-4.34043,4.18767,-3.12201,3.1446,-0.850316,0.524166,-4.80381,-2.01628,-7.16747,-0.366571,-7.11207,-3.65998,-4.25626,-1.96444,-6.67654,-0.614544,-6.63544,-3.38552,-0.0316623,1.04732,-0.501578,-0.00127508,0.00144451,0.31914,-0.0183414,-0.871223,-0.462358,-1.61716,0.58484,-0.218008,3.20282,2.33689,2.11709,-0.304914,3.16429,0.760865,-0.500902,0.570362,4.15449,0.632645,3.1073,-0.0545972,0.489294,-0.0558878,0.999921,0.456618,-1.25696,1.37543,-22.6728,11.5346,-25.3495,14.2747,12.2987,-7.05176,15.5807,-14.261,5.07566,-0.675144,-0.106891,0.241763,-0.851814,22.0255,-26.237,16.1349,0,8.77292,-15.6293,6.56098,-4.49854,3.88605,2.04949,-3.32646,1.3641,-1.09698,21.4757,-35.5313,16.2515,30.9096,-6.11986,10.1831,-4.01561,-15.4849,5.32259,1.2004,0.00580879,-0.00162333,-0.00651294,1.77378,-1.77453,0.149988,-0.219636,-0.348298,-0.506814,-0.723568,25.9427,-0.0436094,14.7499,-19.827,-0.0684091,0.461424,-8.17802,0.171395,0.151216,0.207439,-5.85597,-1.98961,0.00144451,0,2972,6.93889e-18,0,6.93889e-18,-2.08167e-17,-6.93889e-18,-8.67362e-18,-1.38778e-17,9.02056e-17,9.02056e-17,1.00587e-16,0,-0.462358,-0.184201,0.584827,-0.0382017,3.14159,2.11709,-0.0457356,3.16429,0.11413,-0.392699,4.15449,0.0949001,3.10729,-0.00818958,0.523599,0,0,0,-0.00127518,-0.0183414,-0.462358,0.58484,3.20282,2.11709,3.16429,-0.500902,4.15449,3.1073,0.489294,0.0331711,-2.32281,0.798406,8.55117e-06,-0.226584,-0.000976941,0.266067,-0.266179,0.0269024,0.0558922,0.0146484,0.999919,1.26553,0.927019,0.748801,3.0146,-11.5769,525.595,-0.195703,293.616,-379.042,-0.0327104,7.27955,-167.119,188.495,-1033.2,1.10362,-1050.12,144.172,411.856,391.126,196.683,316.443,442.166,315.358,442.926,2090.63,197.944,-866.46,437.661,-1097.67,-632.08,55.7189,166.934,-1.22729,169.606,-40.1827,-65.253,31.1266,-30.0449,-17.7165,-68.6064,0.771713,-68.935
10.6,-5.85505,-1.98699,0.010231,0.273982,0.0156081,0.89675,-0.425552,-0.587824,0.612776,1.25941,3.23358,-2.29798,2.15066,-2.61889,3.19637,-1.0817,-0.458261,-4.34525,4.18761,-3.12468,3.1446,-0.856256,0.524165,-4.80261,-2.01585,-7.16761,-0.366235,-7.10995,-3.65942,-4.25525,-1.96202,-6.67658,-0.614004,-6.63333,-3.38495,-0.0670325,1.03575,-0.504247,-0.0101178,0.00258923,0.312037,-0.0176214,-0.872959,-0.458781,-1.51046,0.588416,-0.221726,3.20641,2.34591,2.11743,-0.297739,3.16463,0.804408,-0.500552,0.57351,4.15438,0.642013,3.10718,-0.0545956,0.489223,-0.0559104,0.999958,0.446665,-1.2564,1.36376,-21.7718,11.326,-24.6838,13.7639,11.9205,-6.8503,15.0044,-13.7534,5.01318,-0.634997,-0.106585,0.238962,-0.867527,22.1559,-26.2147,16.0082,0,8.88794,-15.7849,6.55411,-4.46583,3.93219,2.17829,-3.45934,1.41027,-1.13271,21.5992,-35.6208,16.0718,30.9294,-6.16064,10.2366,-3.96712,-15.4964,5.28354,1.20782,0.00594703,-0.00163273,-0.0066508,1.76077,-1.76153,0.149986,-0.321988,-0.480301,-0.677811,-1.62206,26.5648,-0.126011,14.4743,-18.7223,-0.120725,0.393274,-8.32648,0.169261,0.153002,0.205908,-5.85493,-1.98958,0.00258923,0,2977,-1.38778e-17,-2.77556e-17,-1.38778e-17,1.38778e-17,-6.93889e-18,-8.67362e-18,4.16334e-17,1.17961e-16,1.249e-16,9.35124e-17,0,-0.458781,-0.172149,0.588413,-0.0383203,3.14159,2.11743,-0.0446543,3.16464,0.120661,-0.392699,4.15438,0.0962881,3.10722,-0.00818934,0.523599,0,0,0,-0.0101189,-0.0176214,-0.458781,0.588416,3.20641,2.11743,3.16463,-0.500552,4.15438,3.10718,0.489223,0.0332295,-2.32416,0.792461,-3.49911e-05,-0.309346,-0.00099762,0.264116,-0.264229,0.0270063,0.0559075,0.0146536,0.999855,1.2473,2.25056,2.49314,5.30026,-32.1423,539.256,0.913267,286.809,-326.296,0.414941,5.13633,-171.8,505.346,-2616.49,2.89947,-2664.79,417.21,1154.78,1126.72,489.197,835.829,1345.09,832.876,1346.92,5303.36,521.635,-2279.12,1150.05,-2899.53,-1669.61,57.1672,420.218,-3.40744,427.904,-34.5911,-184.13,30.405,-76.8492,-18.2127,-213.119,0.544508,-213.618
10.64,-5.85427,-1.98558,-0.00669986,0.251097,0.0161566,0.865477,-0.421959,-0.625597,0.617169,1.27306,3.23709,-2.30741,2.15175,-2.63193,3.19758,-1.06324,-0.456446,-4.35252,4.18719,-3.12796,3.14433,-0.865714,0.52389,-4.80164,-2.01553,-7.16786,-0.365828,-7.10845,-3.65833,-4.25447,-1.95973,-6.67655,-0.613043,-6.63177,-3.38396,-0.103921,1.02209,-0.507517,-0.0230441,0.00397343,0.302809,-0.0171195,-0.877351,-0.455235,-1.36598,0.591962,-0.22619,3.20996,2.3497,2.11848,-0.280567,3.16567,0.958789,-0.499487,0.565305,4.15391,0.666771,3.10672,-0.0540341,0.48887,-0.0559653,1.00031,0.433921,-1.25622,1.34877,-20.6946,11.0737,-23.8656,13.1327,11.5384,-6.59985,14.2902,-13.119,4.92343,-0.573585,-0.106474,0.236052,-0.888167,22.236,-26.1407,15.8295,0,8.99932,-15.8812,6.53343,-4.42607,3.98422,2.6808,-4.00972,1.62265,-1.26804,21.4167,-35.8172,15.8429,31.0947,-5.98788,10.3508,-3.90703,-15.5904,5.24345,1.23898,0.00867298,-0.00232111,-0.00968419,1.74744,-1.74852,0.150007,-0.423271,-0.572112,-0.781825,-2.57249,26.8843,-0.235787,14.1754,-15.2701,-0.181562,0.300916,-8.56222,0.166229,0.154993,0.204315,-5.8541,-1.98955,0.00397343,0,2981,0,0,6.93889e-18,6.93889e-18,1.38778e-17,1.38778e-17,1.38778e-17,-4.85723e-17,-5.20417e-17,-5.33156e-17,0,-0.455235,-0.155923,0.591962,-0.0383723,3.14159,2.11848,-0.042066,3.1657,0.143818,-0.392699,4.15391,0.0999605,3.10686,-0.00810511,0.523599,0,0,0,-0.0230451,-0.0171195,-0.455235,0.591962,3.20996,2.11848,3.16567,-0.499487,4.15391,3.10672,0.48887,0.0332761,-2.33737,0.78625,-0.000133668,-0.415906,-0.00145263,0.262116,-0.262278,0.0275257,0.0559197,0.0146577,0.999778,1.39509,3.33775,3.7676,7.03849,-53.6722,547.442,1.99307,279.896,-166.74,0.880171,3.14448,-177.881,798.317,-4075.9,4.75916,-4153.31,870.01,1729.52,1781.57,758.76,1317.06,2168,1313.1,2170.41,8263.1,842.764,-3553.28,1788.04,-4570.32,-2629.83,58.035,653.897,-5.68985,666.235,-17.6763,-276.046,29.6721,-119.797,-18.8574,-344.547,0.333351,-345.162
10.68,-5.85404,-1.98406,-0.0268974,0.225903,0.0165078,0.828209,-0.4161,-0.680387,0.623756,1.31283,3.24265,-2.31534,2.15256,-2.62971,3.19858,-1.03616,-0.453854,-4.36366,4.18733,-3.13758,3.14461,-0.878453,0.524083,-4.80108,-2.01668,-7.16832,-0.365007,-7.10768,-3.65718,-4.25426,-1.95765,-6.6768,-0.611813,-6.63106,-3.38272,-0.157691,1.02272,-0.517054,-0.0399967,0.00548386,0.293809,-0.01678,-0.855225,-0.449388,-1.23011,0.59781,-0.232701,3.21583,2.3578,2.11928,-0.24926,3.16647,1.35315,-0.498676,0.593433,4.15404,0.690335,3.10684,-0.0543761,0.489036,-0.0560814,1.00129,0.421537,-1.25683,1.33255,-19.2428,10.801,-22.9823,12.5146,10.7825,-6.34522,13.5602,-12.525,4.86212,-0.512877,-0.105043,0.230114,-0.911068,22.3032,-26.0271,15.6447,0,9.07552,-15.9227,6.48091,-4.38429,4.03833,4.07692,-5.45672,2.19766,-1.79617,22.5619,-36.1965,15.6261,31.3946,-6.46107,10.5335,-3.84758,-15.7371,5.17279,1.26388,0.00730794,-0.00189956,-0.00812924,1.72389,-1.72478,0.150074,-0.504939,-0.629851,-0.931716,-3.90172,27.8584,-0.198213,14.2513,-8.25278,-0.278538,0.0637743,-8.88079,0.163954,0.157041,0.201499,-5.85389,-1.98954,0.00548386,0,2982,-6.93889e-18,-6.93889e-18,1.04083e-17,-1.38778e-17,-2.08167e-17,-2.86229e-17,1.38778e-17,1.38778e-16,1.38778e-16,1.39401e-16,0,-0.449388,-0.140366,0.597836,-0.0388129,3.14159,2.11928,-0.0373545,3.16652,0.202973,-0.392699,4.15404,0.103477,3.10703,-0.00815642,0.523599,0,0,0,-0.0399876,-0.01678,-0.449388,0.59781,3.21583,2.11928,3.16647,-0.498676,4.15404,3.10684,0.489036,0.0332878,-2.35902,0.775579,-0.000169723,-0.536095,-0.00121939,0.258583,-0.258716,0.0280633,0.0559228,0.0146587,0.999693,1.41131,4.32697,5.22974,7.98913,-86.3905,566.036,2.74056,279.116,108.202,1.29179,-0.000379685,-184.085,1076.48,-5441.98,6.85248,-5547.39,1711.29,1939.13,2380.28,1012.4,1780.73,2972.2,1778.99,2973.26,11030,1190.58,-4709.64,2365.08,-6179.2,-3557.07,60.0061,872.464,-9.15836,889.282,11.4707,-309.693,29.5894,-160.337,-19.5151,-473.208,-4.02508e-05,-473.62
10.72,-5.85335,-1.98241,-0.049795,0.198478,0.0168814,0.791744,-0.413045,-0.72092,0.628165,1.30198,3.24589,-2.31919,2.15212,-2.61677,3.19826,-1.04388,-0.451886,-4.37689,4.18732,-3.14845,3.14495,-0.891608,0.524121,-4.80022,-2.01611,-7.16803,-0.363443,-7.10646,-3.65583,-4.25358,-1.9554,-6.67663,-0.610467,-6.62985,-3.38135,-0.197049,1.03338,-0.527619,-0.0602808,0.00711335,0.286263,-0.016453,-0.924014,-0.44638,-1.00201,0.600818,-0.238458,3.21884,2.4225,2.11879,-0.229194,3.16598,1.87208,-0.499166,0.586555,4.15399,0.748405,3.10679,-0.0540266,0.488998,-0.0563131,1.00324,0.411245,-1.25862,1.31663,-19.0038,10.5325,-22.1051,11.7761,11.5432,-6.06951,12.7885,-11.7798,4.68213,-0.371637,-0.105811,0.228701,-0.934145,22.7869,-25.9797,15.4845,0,9.21798,-16.4414,6.42932,-4.33814,4.13426,6.10923,-7.27111,2.91428,-2.88697,22.78,-36.8233,15.3955,32.2092,-6.30666,10.8375,-3.78228,-16.1456,5.1409,1.35363,0.00927045,-0.00231554,-0.0103548,1.71348,-1.71458,0.150213,-0.572438,-0.685625,-0.911616,-4.92639,27.5388,-0.096242,14.5638,-3.14131,-0.330802,-0.208098,-9.20405,0.157852,0.1607,0.200161,-5.85306,-1.98951,0.00711335,0,2986,-1.38778e-17,-3.46945e-17,-3.1225e-17,5.55112e-17,-2.08167e-17,-2.51535e-17,4.16334e-17,6.93889e-18,6.93889e-18,2.69153e-17,0,-0.44638,-0.114782,0.60085,-0.0386876,3.14159,2.11879,-0.0343331,3.16603,0.280813,-0.392699,4.15399,0.112176,3.10699,-0.00810399,0.523599,0,0,0,-0.0602319,-0.016453,-0.44638,0.600818,3.21884,2.11879,3.16598,-0.499166,4.15399,3.10679,0.488998,0.0333345,-2.42013,0.770772,-0.000181584,-0.632852,-0.00155322,0.257022,-0.257187,0.0298989,0.055935,0.0146628,0.999602,1.28571,5.18248,5.87297,10.708,-110.454,564.061,0.408063,280.314,82.9417,2.64388,-7.0931,-189.839,1455.22,-7241.68,8.8247,-7386.43,2786.97,2044.69,3179.56,1356.96,2392.59,4042.66,2392.69,4042.63,14679.9,1630.03,-6251.82,3143,-8299.55,-4777.75,59.7968,1160.23,-11.7094,1183.3,8.79275,-326.74,29.7164,-215.56,-20.125,-644.705,-0.751948,-644.926
10.76,-5.85229,-1.98061,-0.0751216,0.167713,0.0174486,0.750767,-0.409792,-0.769247,0.632629,1.28279,3.24929,-2.33386,2.15129,-2.64067,3.19739,-1.03941,-0.452289,-4.39194,4.18746,-3.16124,3.14548,-0.905463,0.524321,-4.79897,-2.01518,-7.16754,-0.361701,-7.10455,-3.65457,-4.25253,-1.95269,-6.67634,-0.609136,-6.62799,-3.38,-0.244314,1.009,-0.540082,-0.0833388,0.00887501,0.279875,-0.0159442,-0.957861,-0.443185,-0.799235,0.604012,-0.243996,3.22203,2.56447,2.1179,-0.23606,3.16509,1.9446,-0.500058,0.592844,4.15406,0.813723,3.10687,-0.0539451,0.489115,-0.0566892,1.00645,0.40281,-1.26194,1.30148,-18.4092,10.3047,-21.3163,11.1658,11.8073,-5.81995,12.0808,-11.1493,4.53297,-0.23601,-0.107316,0.228552,-0.958891,23.8771,-26.0268,15.3369,0,9.47536,-17.7368,6.41017,-4.29022,4.29126,6.3434,-7.2824,2.89426,-2.99263,23.6223,-37.6533,15.1638,33.3,-6.41741,11.2307,-3.71362,-16.6884,5.10422,1.45427,0.0100855,-0.00240311,-0.0113295,1.70149,-1.70265,0.150446,-0.633166,-0.769122,-1.02442,-6.17312,26.9991,-0.366564,13.9454,-3.03892,-0.376237,-0.524476,-9.54441,0.152863,0.166706,0.198609,-5.85201,-1.98948,0.00887501,0,2991,0,-6.93889e-18,-1.38778e-17,4.16334e-17,1.38778e-17,6.07153e-18,2.08167e-17,2.08167e-17,6.93889e-18,-9.75782e-18,0,-0.443185,-0.0921299,0.604041,-0.0386038,3.14159,2.1179,-0.0353649,3.16513,0.29169,-0.392699,4.15406,0.121949,3.10711,-0.00809176,0.523599,0,0,0,-0.0831878,-0.0159442,-0.443185,0.604012,3.22203,2.1179,3.16509,-0.500058,4.15406,3.10687,0.489115,0.0333928,-2.50117,0.765205,-0.000214309,-0.723306,-0.00169942,0.255224,-0.255397,0.0320405,0.0559503,0.0146679,0.999503,1.22311,6.10317,6.13293,10.1903,-133.837,550.389,-2.56712,263.934,-53.5539,3.02895,-16.8585,-199.527,2045.78,-10020.1,12.2763,-10226.8,3829.92,2861.38,4415.46,1833.57,3340.36,5688.68,3341.81,5687.86,20317,2322.83,-8613.22,4339.14,-11581.7,-6669.88,58.3474,1604.66,-14.1882,1637.62,-5.67732,-457.432,27.98,-291.845,-21.1521,-908.182,-1.78719,-908.275
10.8,-5.85059,-1.97851,-0.103632,0.134568,0.0177754,0.706352,-0.406592,-0.823126,0.637111,1.25446,3.25269,-2.34791,2.14697,-2.6368,3.1935,-1.04861,-0.456321,-4.41085,4.18816,-3.1807,3.14658,-0.921589,0.525102,-4.79708,-2.01432,-7.16522,-0.357754,-7.10216,-3.65312,-4.25084,-1.95007,-6.67509,-0.607307,-6.62583,-3.37815,-0.297109,1.01302,-0.559219,-0.108982,0.0109154,0.272429,-0.0157225,-0.986983,-0.44009,-0.590243,0.607108,-0.25086,3.22514,2.59047,2.11347,-0.165357,3.16067,1.9719,-0.504482,0.611848,4.15467,0.880093,3.10747,-0.0551686,0.489785,-0.0572567,1.01127,0.393709,-1.2673,1.28709,-17.7134,10.0837,-20.5368,10.5726,12.0254,-5.58451,11.4076,-10.5576,4.38503,-0.0830362,-0.108146,0.226891,-0.983873,24.1375,-26.0231,15.2665,0,9.52695,-17.6771,6.27454,-4.23872,4.35625,6.44619,-7.26889,2.90486,-3.01875,25.1308,-38.7628,14.9712,34.6133,-6.84711,11.7307,-3.65316,-17.3254,5.05019,1.55663,0.00426357,-0.000966127,-0.00480339,1.68356,-1.68402,0.150797,-0.71275,-0.828632,-1.11036,-7.51902,26.2389,-0.351268,13.9343,-3.31081,-0.472698,-0.99336,-9.94562,0.147755,0.169138,0.196353,-5.85014,-1.98942,0.0109154,0,3000,3.46945e-18,2.08167e-17,2.08167e-17,1.38778e-17,-3.46945e-17,-3.38271e-17,2.08167e-17,9.71445e-17,9.71445e-17,9.75917e-17,0,-0.44009,-0.0685829,0.607148,-0.038705,3.14159,2.11347,-0.024759,3.16071,0.295785,-0.392699,4.15467,0.131863,3.10778,-0.00827529,0.523599,0,0,0,-0.108619,-0.0157225,-0.44009,0.607108,3.22514,2.11347,3.16067,-0.504482,4.15467,3.10747,0.489785,0.0334979,-2.59602,0.756984,-0.00027213,-0.885016,-0.000720509,0.252533,-0.252603,0.0346885,0.0559778,0.0146771,0.999389,1.04493,6.96465,6.94283,11.7213,-163.296,536.576,3.03991,258.536,-55.2334,3.57575,-27.9605,-209.492,3511.03,-16951.3,20.1789,-17311.1,6441.28,4886.52,7459.14,3119.54,5713.62,9816.01,5714.5,9815.54,34379.5,4042.49,-14474.2,7370.32,-19801.4,-11424,56.8831,2713.41,-17.3112,2770.84,-5.85536,-781.509,27.4077,-497.777,-22.2085,-1568.86,-2.96412,-1568.99
10.84,-5.84816,-1.9759,-0.137096,0.0981181,0.0178767,0.657681,-0.403472,-0.885617,0.641664,1.21163,3.25604,-2.36487,2.1411,-2.63036,3.18806,-1.06356,-0.461703,-4.43441,4.18902,-3.20596,3.14802,-0.940051,0.52603,-4.79445,-2.01323,-7.16147,-0.35237,-7.09933,-3.65105,-4.24842,-1.94729,-6.6728,-0.604777,-6.62326,-3.37562,-0.358405,1.0194,-0.58397,-0.138034,0.0134463,0.266273,-0.0157613,-1.02742,-0.43711,-0.364496,0.610088,-0.257967,3.22811,2.65506,2.10746,-0.0951403,3.15466,2.01836,-0.510469,0.604528,4.15538,0.976994,3.10818,-0.0567292,0.490563,-0.0580812,1.01831,0.386949,-1.27545,1.27456,-17.1991,9.88413,-19.8036,10.014,12.4533,-5.36048,10.767,-9.99993,4.21973,0.100069,-0.109141,0.225513,-1.00948,24.72,-26.1,15.2319,0,9.62273,-17.9196,6.13219,-4.1826,4.44963,6.64423,-7.30679,2.93559,-3.07567,26.0941,-40.3538,14.8055,36.671,-6.84926,12.4464,-3.59729,-18.3282,5.02577,1.72027,-0.00397378,0.000846927,0.00451585,1.67543,-1.67501,0.15131,-0.836601,-0.911249,-1.21679,-9.08092,25.114,-0.424201,13.9485,-3.68281,-0.589105,-1.6035,-10.4069,0.142033,0.17263,0.195195,-5.84764,-1.98933,0.0134463,0,3012,3.46945e-18,6.93889e-18,-3.46945e-18,0,-2.42861e-17,-2.88398e-17,-2.77556e-17,6.93889e-18,0,2.66714e-17,0,-0.43711,-0.0431547,0.610113,-0.0387479,3.14159,2.10746,-0.0142046,3.15472,0.302754,-0.392699,4.15538,0.14635,3.10856,-0.00850938,0.523599,0,0,0,-0.13727,-0.0157613,-0.43711,0.610088,3.22811,2.10746,3.15466,-0.510469,4.15538,3.10818,0.490563,0.033638,-2.74569,0.753219,-0.0003231,-1.13955,0.000677378,0.251314,-0.251252,0.0390891,0.0560146,0.0146894,0.999247,0.898776,8.38382,7.4338,14.229,-196.205,519.185,1.82483,221.8,-58.08,5.09654,-44.443,-221.466,9689.08,-46164.7,50.6898,-47170.5,17441.7,13338.5,19935.8,9203.07,15730.9,27187.6,15729.5,27188.4,93653.2,11307.1,-39071.2,20183.8,-54493.1,-31505.3,55.0394,7387.36,-20.8,7548.11,-6.15713,-2133.89,23.5133,-1471.28,-23.4778,-4348.55,-4.71145,-4348.88
10.88,-5.84356,-1.97032,-0.191892,0.0437093,0.0175483,0.590541,-0.400362,-0.975291,0.646403,1.13625,3.25948,-2.40982,2.13541,-2.64778,3.18282,-1.08298,-0.466822,-4.47479,4.19007,-3.25115,3.14983,-0.977155,0.52717,-4.78963,-2.00987,-7.15497,-0.343758,-7.09488,-3.64574,-4.2438,-1.94225,-6.66775,-0.598934,-6.61912,-3.36979,-0.44678,1.00186,-0.62849,-0.172506,0.0188601,0.262337,-0.0163583,-1.08089,-0.434268,-0.11864,0.612929,-0.265132,3.23094,2.76514,2.10151,-0.0222849,3.1487,2.07947,-0.516419,0.597869,4.15617,1.10145,3.10897,-0.0584991,0.491369,-0.0593193,1.02873,0.383925,-1.28781,1.26417,-16.8789,9.71127,-19.1115,9.48869,13.0985,-5.1493,10.1538,-9.47613,4.03429,0.319543,-0.110063,0.223909,-1.03578,25.6236,-26.2122,15.2071,0,9.72212,-18.5087,5.98829,-4.13035,4.57025,6.90119,-7.35449,2.96657,-3.15644,27.6791,-42.7045,14.681,39.7885,-7.0027,13.5032,-3.55047,-19.85,5.01218,1.93459,-0.0144118,0.00284627,0.0165964,1.67095,-1.66955,0.152059,-1.3699,-1.36022,-1.67849,-11.321,23.1827,-1.12364,13.3707,-4.1504,-1.00943,-2.70686,-11.3331,0.135576,0.177082,0.194368,-5.84285,-1.98917,0.0188601,0,3035,1.04083e-17,-6.93889e-18,0,1.38778e-17,-3.81639e-17,-2.19009e-17,-3.46945e-17,1.04083e-16,9.02056e-17,8.52725e-17,0,-0.434268,-0.0154605,0.612942,-0.0386935,3.14159,2.10151,-0.00326794,3.14877,0.31192,-0.392699,4.15617,0.164981,3.10936,-0.00877487,0.523599,0,0,0,-0.171002,-0.0163583,-0.434268,0.612929,3.23094,2.10151,3.1487,-0.516419,4.15617,3.10897,0.491369,0.0339066,-2.97345,0.751145,-0.000341092,-2.10013,0.00248947,0.250643,-0.250433,0.045909,0.056085,0.014713,0.998942,0.908678,10.5401,8.38251,17.2674,-246.535,485.557,2.14118,118.513,-65.819,6.81031,-71.4627,-244.058,118328,-558074,604.595,-570480,209478,160496,224147,139277,191993,332594,191919,332637,1.1323e+06,140266,-467580,244923,-664626,-385209,51.4744,89292.8,-26.1355,91277.5,-6.97755,-25679,12.5637,-22283.1,-25.8728,-53213.5,-7.57585,-53220.6
10.92,-5.84088,-1.96632,-0.248574,-0.0112842,0.0170121,0.514126,-0.396869,-1.09568,0.652293,1.02266,3.26347,-2.45553,2.12738,-2.65148,3.17592,-1.11127,-0.474256,-4.51772,4.19152,-3.3001,3.15265,-1.01065,0.528656,-4.78669,-2.00864,-7.14949,-0.335407,-7.09256,-3.642,-4.24111,-1.9391,-6.66433,-0.594487,-6.61719,-3.36537,-0.565266,0.9987,-0.676106,-0.229582,0.0227723,0.264339,-0.0170465,-1.16234,-0.430928,0.213811,0.61627,-0.273489,3.23429,2.87506,2.09332,0.163436,3.14052,2.12668,-0.524601,0.59958,4.15746,1.32739,3.11027,-0.0608348,0.492654,-0.0619001,1.0515,0.391288,-1.31516,1.25551,-16.7765,9.57687,-18.3271,8.89347,14.1786,-4.92974,9.44422,-8.88769,3.77908,0.648189,-0.111399,0.221075,-1.06935,26.4236,-26.3035,15.2401,0,9.58476,-18.4135,5.6857,-4.07406,4.6639,7.12164,-7.35867,3.01796,-3.20811,31.9801,-47.915,14.5505,47.0219,-7.92662,15.8695,-3.48931,-23.3997,5.02511,2.33654,-0.0321461,0.00548356,0.0381677,1.67533,-1.67259,0.153715,-1.41707,-1.37484,-1.91039,-14.316,20.3191,-1.14266,13.0774,-4.85842,-1.07333,-3.89432,-12.1687,0.12621,0.179701,0.193723,-5.84014,-1.98908,0.0227723,0,3048,8.67362e-18,6.93889e-18,6.93889e-18,-6.93889e-18,-1.38778e-17,-2.60209e-17,0,6.245e-17,6.245e-17,5.63785e-17,0,-0.430928,0.0219635,0.616295,-0.0384211,3.14159,2.09332,0.0245871,3.14059,0.319001,-0.392699,4.15746,0.198833,3.11065,-0.00912521,0.523599,0,0,0,-0.22595,-0.0170465,-0.430928,0.61627,3.23429,2.09332,3.14052,-0.524601,4.15746,3.11027,0.492654,0.0340586,-3.50531,0.753104,-0.000330916,-2.67826,0.00572515,0.251299,-0.250889,0.0582742,0.0561249,0.0147264,0.998722,1.19265,16.8937,13.5124,23.8421,-326.85,435.994,9.64168,-16.6103,-92.0153,12.0882,-102.716,-264.76,-18150.8,85132.4,-71.324,87045.8,-31665.9,-24329.7,-27951.7,-28519.7,-29622,-51411.6,-29585.5,-51432.5,-172708,-22009.6,70381.9,-37589.9,102443,59571.3,46.2203,-13619.9,-34.6497,-13926.3,-9.75465,3893.11,-1.76087,4564.74,-28.0675,8227.81,-10.889,8230.89
10.96,-5.83879,-1.9626,-0.303672,-0.0645658,0.0164436,0.420876,-0.392803,-1.28167,0.659691,0.84789,3.26808,-2.49411,2.11666,-2.64093,3.16648,-1.14586,-0.484229,-4.55978,4.19339,-3.35082,3.15608,-1.03963,0.530527,-4.78431,-2.00803,-7.14381,-0.326024,-7.09076,-3.6387,-4.239,-1.93629,-6.66146,-0.590301,-6.6159,-3.36121,-0.748465,1.00977,-0.725267,-0.290116,0.0264171,0.270128,-0.0177435,-1.32288,-0.42699,0.606645,0.620207,-0.290986,3.23821,3.01064,2.08248,0.369606,3.12967,2.18033,-0.535462,0.58916,4.1592,1.58436,3.11201,-0.0639993,0.494362,-0.0654297,1.08281,0.406325,-1.35303,1.25454,-17.4579,9.49734,-17.6486,8.33887,16.0969,-4.75134,8.82823,-8.36763,3.44949,1.09701,-0.11584,0.224189,-1.10417,27.6323,-26.6171,15.378,0,9.50015,-18.4498,5.37024,-4.01215,4.7686,7.43811,-7.44233,3.09906,-3.26265,37.9026,-56.0138,14.5227,58.4172,-9.41633,19.5713,-3.45101,-28.9759,5.06786,2.82142,-0.0636213,0.00903682,0.0782725,1.68959,-1.68502,0.155971,-1.37743,-1.33204,-2.33123,-18.8773,15.784,-0.964504,13.0732,-5.72171,-1.05137,-5.11576,-12.8932,0.114538,0.183105,0.194642,-5.83785,-1.989,0.0264171,0,3059,3.25261e-18,1.04083e-17,1.21431e-17,-6.93889e-18,-2.77556e-17,-4.85723e-17,0,-1.38778e-17,2.77556e-17,1.45283e-17,0,-0.42699,0.0658829,0.620212,-0.0389544,3.14159,2.08248,0.0554937,3.12973,0.32705,-0.392699,4.1592,0.237355,3.11236,-0.0095999,0.523599,0,0,0,-0.282762,-0.0177435,-0.42699,0.620207,3.23821,2.08248,3.12967,-0.535462,4.1592,3.11201,0.494362,0.0341872,-4.3411,0.759565,-0.000306575,-3.35025,0.0117409,0.253438,-0.252754,0.0748215,0.0561586,0.0147377,0.998516,1.23812,17.0329,14.1812,27.6122,-446.022,338.271,8.03484,-86.7609,-128.77,13.6394,-122.561,-270.745,-7648.92,34707.2,-6.43975,35540.1,-12793.2,-9865.75,-7429.68,-14345.9,-12257.5,-21332,-12237.9,-21343.2,-70490.8,-9273.17,28267.1,-15489.2,42342.5,24726.7,35.8605,-5551.9,-47.2833,-5685.54,-13.6511,1578.88,-9.19763,2297.02,-28.702,3415.17,-12.9928,3416.67
11,-5.8373,-1.96381,-0.327636,-0.0874867,0.0164263,0.33395,-0.393187,-1.52078,0.665372,0.529496,3.26822,-2.51174,2.11312,-2.65122,3.16376,-1.15425,-0.487196,-4.5824,4.19716,-3.39199,3.16113,-1.05122,0.533501,-4.78285,-2.00902,-7.14128,-0.325375,-7.08863,-3.64104,-4.23752,-1.93753,-6.65995,-0.591498,-6.61443,-3.36241,-0.982042,0.999732,-0.764356,-0.350925,0.0251549,0.278937,-0.0178427,-1.67388,-0.427456,1.16438,0.619741,-0.474578,3.23771,3.2752,2.07885,0.503829,3.12605,2.26751,-0.539244,0.697282,4.16289,1.79325,3.11569,-0.0605916,0.4973,-0.069827,1.12191,0.428244,-1.40055,1.26111,-19.6338,9.43638,-17.0169,7.76821,19.4252,-4.52539,8.14475,-7.79318,2.90501,2.17659,-0.208995,0.393263,-1.23905,29.9503,-27.128,15.5058,0,9.57346,-20.1626,5.25213,-4.01054,4.96123,7.87626,-7.53456,3.13615,-3.37574,56.586,-68.741,14.7184,75.4745,-17.3288,25.3671,-3.48022,-37.1904,5.02064,3.14115,-0.0456199,0.00526321,0.0574365,1.67872,-1.67611,0.158768,-0.599105,-0.573023,-2.17315,-24.8601,4.05026,-0.440867,12.7274,-5.96551,-0.56548,-6.05073,-13.057,0.0961621,0.189906,0.192207,-5.83639,-1.98895,0.0251549,0,3066,-7.80626e-18,-1.64799e-17,-1.21431e-17,-6.93889e-18,2.08167e-17,3.1225e-17,2.08167e-17,5.55112e-17,8.32667e-17,7.64363e-17,0,-0.427456,0.128463,0.619711,-0.0541197,3.14159,2.07885,0.0754788,3.12595,0.340126,-0.392699,4.16289,0.26937,3.11529,-0.00908874,0.523599,0,0,0,-0.337941,-0.0178427,-0.427456,0.619741,3.23771,2.07885,3.12605,-0.539244,4.16289,3.11569,0.4973,0.034269,-5.58624,0.753785,0.000345753,-2.10534,0.00861548,0.251808,-0.251416,0.0743231,0.0561801,0.0147449,0.998587,1.11845,16.2963,14.058,38.4775,-630.99,-27.5713,3.1261,58.7007,-135.657,13.2561,-140.808,-273.496,-13363.5,34650.5,16.571,37138.1,-13402.5,-10365.7,-6050.09,-15826.5,-12939.2,-22208.2,-12776,-22302.6,-73657.9,-9658.42,29587.1,-16355.1,44176.6,25977,-2.92287,-5543.14,-66.892,-5941.57,-14.3811,1658.81,6.22293,2533.77,-28.9937,3555.18,-14.9272,3570.03
11.04,-5.83587,-1.96719,-0.321626,-0.0764995,0.0161056,16.6138,-0.391658,62.3334,0.666256,56.7859,3.27175,-2.53601,2.12465,-2.71767,3.17513,-1.12568,-0.47569,-4.57782,4.19785,-3.3727,3.16373,-1.00359,0.534104,-4.78131,-2.01374,-7.14247,-0.334082,-7.08745,-3.64451,-4.23608,-1.94142,-6.65809,-0.594611,-6.61345,-3.36553,62.8695,0.933155,-0.743066,-0.378197,0.0217317,0.283464,-0.0182336,-2.15181,-0.425997,1.74132,0.6212,-0.8921,3.23916,3.4793,2.09031,0.48225,3.13751,2.3196,-0.527754,0.294572,4.16351,2.11068,3.11632,-0.0619842,0.497942,-0.0721047,1.14199,0.439917,-1.42496,1.26655,-22.6087,9.26103,-16.4672,7.33337,22.8651,-4.26077,7.54531,-7.34951,2.28808,4.31889,-0.419895,0.781058,-1.72874,31.4728,-27.2948,15.4374,0,9.62426,-22.3648,5.45627,-4.11326,5.09055,8.00907,-7.47175,3.06429,-3.47566,27.6979,-78.5596,14.7591,92.6676,-1.01698,30.0051,-3.47287,-45.6065,5.39539,3.93277,-0.0646597,0.00643401,0.0860647,1.80416,-1.80073,0.160198,0.150236,0.274681,406.996,1571.47,1403.34,-0.606633,11.3546,-5.27622,0.114445,-5.55104,-11.8628,0.0764492,0.196524,0.208379,-5.83515,-1.98891,0.0217317,0,3072,-6.93889e-18,-6.93889e-18,-1.73472e-18,-2.08167e-17,-6.93889e-18,-1.04083e-17,-2.77556e-17,1.52656e-16,1.52656e-16,1.82146e-16,0,-0.425997,0.193376,0.621167,-0.0687523,3.14159,2.09031,0.0722679,3.13744,0.34794,-0.392699,4.16351,0.317032,3.11594,-0.00929763,0.523599,0,0,0,-0.361975,-0.0182336,-0.425997,0.6212,3.23916,2.09031,3.13751,-0.527754,4.16351,3.11632,0.497942,0.0343392,-6.85,0.810017,0.000355802,0.879417,0.0129097,0.270624,-0.270109,0.0872953,0.0561986,0.014751,0.998779,0.831347,8.78622,6.79398,607.874,43028.2,22814.5,2.5134,215.471,-89.2209,10.4983,-119.624,-228.331,43997.8,-58578.9,-611.31,-73259.1,26793,20575,11854.4,31633.4,25668.4,43797.3,25341.3,43987.3,147215,19532.2,-59553.8,32027,-87582.4,-51584.8,2418.59,9407.59,4561.47,11786.9,-9.45842,-3291.77,22.8423,-5060.29,-24.2057,-7006.16,-12.6815,-7036.83
11.08,-5.83385,-1.97182,-0.290382,-0.0326287,0.0150907,16.4399,-0.387235,-0.440616,0.642162,1.17939,3.26119,-2.55157,2.13626,-2.75386,3.18695,-1.11023,-0.464972,-4.56109,4.19925,-3.36972,3.1643,-0.998906,0.535426,-4.77893,-2.02242,-7.14204,-0.343526,-7.08644,-3.64904,-4.23403,-1.94768,-6.65467,-0.598409,-6.61285,-3.36937,0.0819529,0.898058,-0.740851,-0.371568,0.017033,0.287588,-0.0193538,3.83637,-0.421679,-2.98857,0.625518,-1.37699,3.24349,3.31959,2.10181,0.518613,3.14901,2.22752,-0.516246,0.553114,4.16481,1.97253,3.11761,-0.064068,0.499262,-0.0716192,1.13724,0.4435,-1.41917,1.26495,38.6772,12.2554,-22.1161,17.1491,-65.6791,-5.7866,10.4854,-14.3764,7.98032,1.99365,-1.07042,1.97014,-3.10334,29.8485,-26.8094,15.2858,0,9.24269,-20.6982,5.51119,-4.19748,4.90538,7.57174,-7.22976,2.97997,-3.3681,50.808,-76.6468,15.0472,87.8561,-13.2779,28.9986,-3.59429,-43.132,5.18993,3.58842,-0.0886792,0.00947014,0.114975,1.73557,-1.7309,0.159885,0.781102,1.09677,-4.34752,-1.70471,9.53264,-0.388986,10.7399,-4.89117,0.418102,-5.44175,-11.743,0.290248,0.191374,0.202642,-5.83327,-1.98884,0.017033,0,3081,0,2.77556e-17,-2.498e-16,2.77556e-16,-2.08167e-17,-2.08167e-17,-1.38778e-17,8.32667e-17,6.93889e-17,7.10152e-17,0,-0.421679,-0.390065,0.625498,-0.124417,3.14159,2.10181,0.0777339,3.14895,0.334128,-0.392699,4.16481,0.296254,3.11726,-0.0096102,0.523599,0,0,0,-0.356071,-0.0193538,-0.421679,0.625518,3.24349,2.10181,3.14901,-0.516246,4.16481,3.11761,0.499262,0.0344445,-6.47776,0.779125,0.000318323,2.83443,0.0172463,0.260336,-0.259636,0.0719072,0.0562262,0.0147603,0.999042,0.542077,2.75168,-1.1594,-4260.15,3179.8,-4273.62,15.0954,224.451,-76.0765,-0.121734,-132.583,-263.018,-306.47,-5580.39,4075.95,-3818.47,1304.94,977.713,548.79,1535.58,1256.06,2097.29,1239.24,2107.24,7253.74,995.177,-2917.79,1525.72,-4281.91,-2530.21,-453.051,892.383,337.094,610.055,-8.06497,-156.281,23.7943,-245.12,-27.8829,-334.595,-14.0553,-336.269
11.12,-5.83343,-1.97248,-0.267036,0.00325484,0.0142543,14.7545,-0.390366,6.08404,0.641483,-2692.53,3.26681,-2.56209,2.13968,-2.74768,3.19062,-1.11832,-0.462351,-4.54824,4.1999,-3.35738,3.16475,-0.966791,0.536564,-4.77872,-2.02272,-7.14142,-0.345313,-7.0867,-3.64987,-4.23359,-1.94967,-6.6531,-0.598384,-6.6136,-3.36938,6.6003,0.905298,-0.729194,-0.336471,0.016358,0.297997,-0.0202136,0.83414,-0.424834,8.7512,0.622363,-1.89584,3.24034,3.03021,2.10521,0.561119,3.15241,2.0816,-0.512688,0.406732,4.16543,1.94237,3.11823,-0.0648201,0.500487,-0.0688435,1.1124,0.448439,-1.3893,1.25844,1.81403,10.8088,-19.73,11.4879,22.2169,9.62379,-17.8933,11.4904,17.7953,-516.323,-0.928351,1.76639,-0.102017,27.0987,-26.044,15.1705,0,8.70595,-17.6468,5.37293,-4.20623,4.59143,6.96315,-6.98441,2.94377,-3.16297,33.408,-69.1849,15.1797,79.3039,-4.68689,25.4755,-3.66471,-38.8892,5.36704,3.63789,-0.0838435,0.0102774,0.109906,1.79583,-1.7907,0.158133,0.583663,0.897088,-42.1343,125.919,-67351.6,-0.263053,10.98,-5.07812,0.321252,-5.11714,-10.9155,0.350556,0.180731,0.211465,-5.83286,-1.98883,0.016358,0,3083,-4.33681e-18,2.70617e-16,-1.31839e-16,1.49552e-16,6.93889e-18,0,4.16334e-17,6.93889e-17,5.55112e-17,4.03323e-17,0,-0.424834,0.321794,0.622343,-0.00835115,3.14159,2.10521,0.0842449,3.1525,0.31224,-0.392699,4.16543,0.291094,3.11848,-0.00972301,0.523599,0,0,0,-0.32485,-0.0202136,-0.424834,0.622363,3.24034,2.10521,3.15241,-0.512688,4.16543,3.11823,0.500487,0.0344679,-5.82831,0.804591,-0.000233067,1.94403,0.016486,0.269375,-0.268605,0.075895,0.0562323,0.0147624,0.99908,1.77821,-2.4413,-9.57857,-259.059,3604.85,-6.83629e+08,17.6902,202.603,-74.1012,-0.524129,-119.369,-230.019,-604.802,248.564,-546.746,301.795,-240.125,-284.606,-222.285,-308.115,-176.506,-446.301,-174.064,-447.422,-966.902,-129.57,536.822,-278.262,600.06,355.591,-7.24724e+07,-36.9964,382.155,-43.3103,-7.85556,46.064,21.4782,51.5614,-24.3846,74.4027,-12.6544,74.1694
11.16,-5.83802,-1.96939,-0.272641,-0.00394369,0.0152543,15.4552,-0.378908,0.927034,0.635212,4.80901,3.25765,-2.57334,2.13933,-2.743,3.1904,-1.12409,-0.463291,-4.55274,4.20067,-3.36698,3.16513,-0.962937,0.537463,-4.78246,-2.02431,-7.14729,-0.342853,-7.08959,-3.64807,-4.23821,-1.94498,-6.65907,-0.596113,-6.61679,-3.36707,1.44619,0.910692,-0.739315,-0.31036,0.0196054,0.312135,-0.0189562,-13.9614,-0.413118,-6.03659,0.634079,-1.85205,3.2521,2.89752,2.10512,0.580491,3.15232,1.99623,-0.512798,0.423319,4.16646,1.87553,3.11926,-0.0663646,0.50169,-0.0668451,1.09533,0.460065,-1.369,1.25577,12.751,3.4929,-5.91364,18.6813,-186.558,2.24805,-3.91927,18.7593,-33.2364,76.7921,-0.89383,1.71744,-0.00251203,25.7255,-25.5699,15.1598,0,8.33778,-16.1696,5.23232,-4.19779,4.40152,6.64156,-6.85704,2.95272,-3.03897,32.1741,-64.4027,15.1518,73.6239,-4.32521,23.2211,-3.6556,-36.0545,5.42408,3.56372,-0.0909615,0.0120582,0.119916,1.81503,-1.80893,0.1569,-0.140119,-0.179963,17.5167,-3.03418,110.006,-0.281383,11.0884,-5.19918,-0.112342,-5.33775,-10.8164,-0.651355,0.172705,0.213028,-5.83743,-1.98899,0.0196054,0,3061,-4.33681e-19,-9.71445e-17,-6.93889e-16,4.81115e-16,0,-3.46945e-18,3.46945e-17,6.93889e-17,6.93889e-17,6.89553e-17,0,-0.413118,-0.231773,0.634104,-0.424313,3.14159,2.10512,0.0871285,3.15239,0.299435,-0.392699,4.16646,0.280903,3.11968,-0.0099547,0.523599,0,0,0,-0.301246,-0.0189562,-0.413118,0.634079,3.2521,2.10512,3.15232,-0.512798,4.16646,3.11926,0.50169,0.0342105,-5.40024,0.812821,-0.000396633,-0.192592,0.0179875,0.272255,-0.27134,0.08177,0.0561648,0.0147397,0.998899,2.46395,-6.98185,-9.17255,-1318.51,1477.38,-1.30543e+09,5.98105,123.42,-122.199,-3.53192,-96.2053,-203.458,-770.977,4055.07,-4029.02,-2612.26,-1594.7,-1368.64,-592.452,-2017.96,-1492.25,-2751.22,-1483.01,-2756.16,-8408.48,-1225.41,3570.83,-1852.6,5075.66,3014.29,-1.3839e+08,-638.496,156.619,392.022,-12.9545,219.639,13.0839,325.945,-21.5688,444.434,-10.1988,444.577
11.2,-5.83918,-1.96975,-0.274048,-0.00653282,0.0152676,16.1939,-0.375877,1.64377,0.687496,-17.109,3.28259,-2.565,2.13545,-2.71472,3.18697,-1.13658,-0.46726,-4.55383,4.20109,-3.36858,3.16581,-0.96029,0.537637,-4.78337,-2.02626,-7.14743,-0.341261,-7.09073,-3.64844,-4.23936,-1.94532,-6.66024,-0.596486,-6.61793,-3.36744,2.19027,0.939518,-0.740404,-0.316452,0.0192826,0.310813,-0.0188845,-6.69334,-0.410029,1.27106,0.637168,-1.94891,3.25515,2.8134,2.1013,0.654624,3.14849,1.97214,-0.516704,0.375429,4.16693,1.91879,3.11974,-0.0664624,0.501933,-0.0672566,1.09917,0.45962,-1.37361,1.25591,-37.1409,7.0858,-12.7771,6.72062,-127.633,5.80435,-10.7233,6.71068,-8.0028,599.218,-0.921805,1.76689,7.11884,25.2511,-25.5756,15.209,0,8.27069,-15.1496,5.12115,-4.17318,4.34313,6.58413,-6.87073,2.98256,-2.99652,29.2231,-65.9192,15.1834,75.9843,-2.59669,23.9114,-3.6652,-37.1829,5.45809,3.66106,-0.0938399,0.0121692,0.124355,1.82658,-1.8204,0.157177,-0.0351838,-0.0647284,18.4674,14.9249,-388.714,0.208498,11.6982,-5.49987,-0.0273468,-5.36715,-10.7463,-0.15578,0.168817,0.212318,-5.83847,-1.98902,0.0192826,0,3056,-2.60209e-18,-6.93889e-17,-5.20417e-17,-5.48606e-17,0,-3.46945e-18,2.77556e-17,-2.77556e-17,-2.77556e-17,-4.05492e-17,0,-0.410029,0.0414238,0.637157,-0.00844707,3.14159,2.1013,0.0981896,3.14849,0.295821,-0.392699,4.16693,0.287623,3.11993,-0.00996936,0.523599,0,0,0,-0.306793,-0.0188845,-0.410029,0.637168,3.25515,2.1013,3.14849,-0.516704,4.16693,3.11974,0.501933,0.0341521,-5.57376,0.818354,-0.000179692,0.158005,0.0186533,0.273987,-0.27306,0.0827509,0.0561494,0.0147346,0.998917,1.29839,-2.87757,1.08164,-259.818,1079.56,2.47653e+06,-0.376595,162.913,-152.721,-0.517481,-84.5309,-190.008,1687.95,9738.38,-1794,-9328.75,-669.308,-581.14,-202.035,-864.677,-627.723,-1179.11,-622.429,-1181.94,-3500.38,-520.834,1492.11,-781.652,2133.29,1267.43,262540,-1922.96,114.445,1492.81,-16.1902,93.379,17.2706,139.914,-20.143,190.884,-8.96123,191.059
11.24,-5.83699,-1.97003,-0.272714,-0.0108291,0.0162742,17.554,-0.382863,-0.704203,0.686307,-1.26336,3.29475,-2.56107,2.13872,-2.73536,3.1899,-1.11945,-0.463957,-4.5526,4.20176,-3.369,3.16648,-0.960787,0.537724,-4.78176,-2.02117,-7.14745,-0.34392,-7.08725,-3.64932,-4.23721,-1.94399,-6.65944,-0.59759,-6.61434,-3.3685,-0.171048,0.918494,-0.740241,-0.318134,0.0189315,0.310752,-0.0179948,-1.78739,-0.417132,6.13838,0.630065,-11.4316,3.24809,2.91919,2.10446,0.597651,3.15165,2.0099,-0.513592,0.386037,4.16749,1.91777,3.1203,-0.0666053,0.501903,-0.0674155,1.10025,0.459911,-1.37493,1.25568,-22.1015,9.52366,-17.4246,8.0141,-38.5716,8.26807,-15.4059,7.94836,8.92622,69846.1,-5.62813,10.746,21157.2,25.9887,-25.6697,15.1777,0,8.3857,-16.3157,5.22766,-4.19305,4.42995,6.70999,-6.88772,2.96344,-3.05777,30.2325,-66.2734,15.1465,76.4706,-3.08752,24.0453,-3.64575,-37.3762,5.44875,3.65555,-0.0956006,0.0122617,0.126732,1.82346,-1.81721,0.157256,0.033342,-0.107408,34.0039,-43.7256,7.67448,0.0984535,11.2641,-5.08216,0.030804,-5.36078,-10.7583,0.17456,0.172384,0.212219,-5.83639,-1.98895,0.0189315,0,3066,-3.25261e-18,1.52656e-16,2.77556e-17,2.77556e-17,-2.77556e-17,-2.08167e-17,-4.16334e-17,1.38778e-16,1.38778e-16,1.40296e-16,0,-0.417132,0.22576,0.630096,-0.00842707,3.14159,2.10446,0.0896083,3.1516,0.301485,-0.392699,4.16749,0.288077,3.1199,-0.0099908,0.523599,0,0,0,-0.308317,-0.0179948,-0.417132,0.630065,3.24809,2.10446,3.15165,-0.513592,4.16749,3.1203,0.501903,0.034269,-5.61421,0.818065,0.000377039,0.417119,0.0190098,0.273519,-0.272582,0.0815742,0.0561801,0.0147449,0.998936,0.66733,1.65433,0.877646,-1050.62,1546.71,-22448.5,-2.84803,219.879,-91.8013,1.13226,-113.756,-221.219,-1428.51,-432422,1917.82,345833,812.848,586.358,99.9777,997.714,799.399,1308.08,792.898,1312,4598.32,651.598,-1817.74,944.771,-2716.25,-1614.1,-2379.79,84070.9,163.969,-55320.9,-9.73197,-93.6209,23.3096,-158.8,-23.4517,-208.171,-12.0595,-208.964
11.28,-5.83201,-1.96992,-0.271435,-0.0150774,0.0169287,17.7911,-0.39902,1.00203,0.536972,-1.8554,3.19798,-2.57537,2.14788,-2.78983,3.19873,-1.09091,-0.455132,-4.55016,4.20175,-3.36238,3.16651,-0.953998,0.5379,-4.77799,-2.01111,-7.14567,-0.348833,-7.08125,-3.64988,-4.23224,-1.94283,-6.65535,-0.598017,-6.60844,-3.3689,1.48261,0.86403,-0.733772,-0.316977,0.0188712,0.304308,-0.0176211,-27.1191,-0.43357,-19.1834,0.613628,-1.85497,3.23156,2.92441,2.11333,0.547555,3.16053,2.01568,-0.504711,0.317303,4.1672,1.92537,3.12,-0.0670655,0.501814,-0.0674218,1.09952,0.452134,-1.37392,1.25561,326.35,-3.82112,7.97867,84.0487,-71.286,-4.87257,9.62904,83.9775,-78.6763,137.827,-0.949218,1.80752,0.000404526,25.9693,-25.63,15.084,0,8.4351,-16.7517,5.40743,-4.25656,4.4529,6.66007,-6.83099,2.90702,-3.08553,24.6958,-65.7996,15.0839,75.8055,-0.336548,23.8252,-3.62,-37.0521,5.47516,3.68017,-0.0978582,0.0125435,0.129658,1.83231,-1.82583,0.157203,0.0319849,-0.106207,5.92766,-1.12315,-34.9958,-0.35766,10.1311,-4.37256,0.0609354,-5.19572,-10.5884,-1.53421,0.173344,0.213426,-5.8314,-1.98878,0.0188712,0,3090,-1.72388e-17,-6.03684e-16,1.97065e-15,5.8593e-16,-5.55112e-17,-5.89806e-17,5.55112e-17,1.249e-16,1.11022e-16,1.03433e-16,0,-0.43357,-0.726296,0.613564,-0.804407,3.14159,2.11333,0.0820992,3.16048,0.302353,-0.392699,4.1672,0.289005,3.11981,-0.0100598,0.523599,0,0,0,-0.307264,-0.0176211,-0.43357,0.613628,3.23156,2.11333,3.16053,-0.504711,4.1672,3.12,0.501814,0.0345498,-5.56153,0.821638,0.000182614,0.474186,0.0194487,0.274847,-0.273875,0.0821345,0.0562538,0.0147696,0.998938,0.477398,3.87898,1.89585,939.843,-75.2119,4.77152e+08,5.77186,201.088,-57.8352,2.49617,-123.826,-231.113,2469.45,-4524.78,2974.31,-3243.93,1143.39,848.852,174.021,1413.45,1030.59,1719.84,1021.12,1725.45,6113.28,765.156,-2565.89,1303.9,-3501.31,-2081.52,5.05835e+07,716.747,-7.97331,541.007,-6.13118,-135.621,21.3176,-225.633,-24.5006,-274.389,-13.1269,-275.466
11.32,-5.82969,-1.96924,-0.274245,-0.0225537,0.0172353,18.3418,-0.394484,0.969454,0.606193,23.6096,3.23533,-2.58571,2.15105,-2.80392,3.20233,-1.08362,-0.452423,-4.55124,4.20183,-3.36436,3.16632,-0.957573,0.538209,-4.77535,-2.01249,-7.1446,-0.350041,-7.07836,-3.64968,-4.22993,-1.94166,-6.65346,-0.597592,-6.6057,-3.36846,1.48191,0.850829,-0.736247,-0.315701,0.0194686,0.297571,-0.0174433,-16.1686,-0.429162,-8.23129,0.618035,-1.8707,3.23604,2.73431,2.11638,0.61794,3.16357,1.95174,-0.501579,0.354432,4.16715,1.88119,3.11995,-0.0664565,0.501997,-0.0673674,1.09868,0.443904,-1.37278,1.25561,43.3383,2.03166,-3.16966,26.044,-188.478,0.943378,-1.44747,25.9898,-40.8377,87.1023,-0.937661,1.78738,0.00110559,24.6287,-25.4559,15.0656,0,8.27814,-14.9755,5.38571,-4.28534,4.319,6.38954,-6.74921,2.89343,-2.99711,27.3162,-65.0443,15.0682,73.9209,-1.96538,23.4605,-3.61337,-36.1258,5.40721,3.55699,-0.0919765,0.0119189,0.120412,1.8102,-1.80409,0.157141,-0.0702443,-0.186907,13.767,-1.92859,588.994,-0.258539,9.85831,-4.19042,-0.0269262,-5.24325,-10.6629,-0.796892,0.168113,0.210791,-5.82911,-1.9887,0.0194686,0,3101,-5.42101e-18,-3.98986e-16,1.20737e-15,-6.599e-16,-2.08167e-17,-3.1225e-17,1.38778e-17,2.77556e-17,0,-1.27936e-17,0,-0.429162,-0.31565,0.618042,-0.585613,3.14159,2.11638,0.0927183,3.16361,0.292761,-0.392699,4.16715,0.282137,3.11999,-0.00996848,0.523599,0,0,0,-0.306114,-0.0174433,-0.429162,0.618035,3.23604,2.11638,3.16357,-0.501579,4.16715,3.11995,0.501997,0.0346786,-5.41812,0.811006,-3.76107e-05,0.105524,0.0180619,0.27153,-0.270614,0.0806672,0.0562876,0.0147809,0.998904,1.44922,4.74181,2.12478,239.811,-35.8899,2.26471e+07,16.5616,196.42,-49.7082,1.8497,-131.074,-241.339,-145.205,-4072.36,4060.06,25.215,1461.72,1045.26,165.393,1790.16,1358.57,2192.94,1354.37,2195.55,8043.16,1044.36,-3292.74,1659.78,-4610.83,-2743.07,2.40085e+06,651.745,-3.80473,-10.1095,-5.26963,-166.751,20.8227,-284.713,-25.5846,-348.419,-13.8953,-349.135
11.36,-5.82991,-1.96857,-0.28,-0.0334786,0.0175875,19.5165,-0.392742,0.829154,0.651939,11.0844,3.26018,-2.55611,2.13924,-2.72001,3.19133,-1.11626,-0.46415,-4.55464,4.20222,-3.36972,3.16665,-0.960581,0.53864,-4.77545,-2.01226,-7.14234,-0.343878,-7.07795,-3.64952,-4.23016,-1.94044,-6.65416,-0.597217,-6.60542,-3.36807,1.36251,0.935472,-0.741716,-0.318779,0.0201406,0.292475,-0.0170911,-8.45556,-0.427421,-0.537217,0.619777,-1.87857,3.23783,2.53656,2.10456,0.748146,3.15175,1.90166,-0.513399,0.371657,4.16754,1.86889,3.12035,-0.0668656,0.502441,-0.0675817,1.1006,0.438382,-1.37502,1.25585,-32.7821,6.01485,-10.7508,8.25195,-148.848,4.90341,-8.98309,8.22254,-14.2684,39.2376,-0.93198,1.77319,0.00212557,23.436,-25.4846,15.2005,0,8.18755,-12.7966,5.12801,-4.20269,4.19724,6.21631,-6.81558,2.97432,-2.89968,28.8509,-65.4665,15.0725,73.9732,-2.83775,23.6329,-3.61194,-36.1261,5.36471,3.51312,-0.097136,0.0125018,0.126339,1.79615,-1.78979,0.157275,-0.143872,-0.273122,29.3676,-5.42532,270.498,0.74018,11.6607,-4.99697,-0.0851326,-5.36743,-10.7338,-0.278286,0.163267,0.208871,-5.82911,-1.9887,0.0201406,0,3101,-2.38524e-18,-1.66533e-16,-3.747e-16,2.49665e-16,-2.08167e-17,-3.46945e-17,6.93889e-18,5.55112e-17,6.93889e-17,4.94396e-17,0,-0.427421,-0.0265911,0.619832,-0.279893,3.14159,2.10456,0.112245,3.15179,0.285248,-0.392699,4.16754,0.280243,3.12043,-0.0100298,0.523599,0,0,0,-0.308923,-0.0170911,-0.427421,0.619777,3.23783,2.10456,3.15175,-0.513399,4.16754,3.12035,0.502441,0.0346786,-5.41724,0.804541,-8.26382e-05,-0.133811,0.0189509,0.269423,-0.268469,0.0806294,0.0562876,0.0147809,0.998866,1.93177,1.27481,2.01987,184.03,-236.413,2.29361e+06,7.72711,232.728,-96.449,0.59751,-110.672,-218.28,508.879,-3232.26,3252.78,-64.8453,1131.7,763.915,74.5431,1364.85,1094.47,1704.02,1094.46,1704.1,6429.58,846.55,-2530.05,1313.06,-3713.43,-2211.42,243148,517.526,-25.0624,2.39828,-10.2247,-121.485,24.6718,-216.196,-23.1401,-269.379,-11.7325,-269.811
11.4,-5.83214,-1.96735,-0.291334,-0.0505691,0.0177998,20.0098,-0.389338,0.281584,0.691816,3.76262,3.28916,-2.48331,2.11217,-2.56061,3.1646,-1.17987,-0.48974,-4.56234,4.20299,-3.38157,3.16741,-0.963222,0.539652,-4.77745,-2.01246,-7.13783,-0.329735,-7.07952,-3.64907,-4.23239,-1.93887,-6.65668,-0.596169,-6.60735,-3.36701,0.825834,1.09373,-0.753805,-0.324959,0.0214396,0.286941,-0.01675,0.189805,-0.423888,8.06875,0.62331,-2.46679,3.24127,2.58759,2.07762,0.787874,3.12482,1.97834,-0.54031,0.390514,4.16844,1.86732,3.12125,-0.0685451,0.503625,-0.0679779,1.10452,0.432863,-1.37968,1.25653,-4.58447,10.3986,-19.0363,10.3076,5.96299,9.24761,-17.1958,10.2759,15.4193,7112.72,-1.21735,2.30886,213.942,24.2982,-26.0496,15.4767,0,8.52154,-12.7898,4.79706,-3.98819,4.32546,6.63793,-7.1862,3.15337,-2.96385,30.9301,-66.7478,15.1264,75.1183,-3.90972,24.1865,-3.62755,-36.6351,5.31733,3.49577,-0.116399,0.0147611,0.150406,1.78033,-1.77294,0.157549,-0.283351,-0.427264,12.3318,-19.1181,54.7278,1.81994,14.9688,-6.53494,-0.192501,-5.64429,-10.7988,0.300393,0.168249,0.206841,-5.8314,-1.98878,0.0214396,0,3090,5.63785e-18,-2.63678e-16,-7.63278e-17,1.31839e-16,1.38778e-17,2.08167e-17,3.46945e-17,1.66533e-16,1.52656e-16,1.52656e-16,0,-0.423888,0.297225,0.623276,-0.00843779,3.14159,2.07762,0.118221,3.12488,0.296751,-0.392699,4.16844,0.279724,3.12162,-0.0102818,0.523599,0,0,0,-0.314549,-0.01675,-0.423888,0.62331,3.24127,2.07762,3.12482,-0.54031,4.16844,3.12125,0.503625,0.0345498,-5.48815,0.796916,-0.000342727,-0.590695,0.0225609,0.26705,-0.265941,0.082656,0.0562538,0.0147696,0.998794,2.26633,-0.213943,2.32294,-1214.38,896.911,670090,-19.3601,278.398,-135.432,0.254529,-104.725,-207.3,-7957.21,-13192.4,-8098.43,-40444.4,-2951.68,-2379.35,-606.9,-3742.98,-2802.98,-4958.6,-2801.69,-4959.27,-15794,-2132.81,6505.76,-3602.93,9506.63,5675,71037,3137.91,95.0826,6471.64,-14.3574,381.691,29.5133,601.313,-21.9761,797.19,-11.102,796.752
11.44,-5.83476,-1.96751,-0.297701,-0.0574846,0.0171505,19.866,-0.391719,0.832747,0.749747,1.4658,3.30848,-2.40042,2.08075,-2.42944,3.1325,-1.23377,-0.518394,-4.56847,4.20417,-3.39567,3.16871,-0.966734,0.54077,-4.78022,-2.0124,-7.13096,-0.314373,-7.08273,-3.64927,-4.235,-1.94007,-6.65841,-0.595795,-6.61088,-3.36667,1.4156,1.22145,-0.767728,-0.337357,0.0213696,0.280339,-0.0172472,10.0902,-0.426117,17.9273,0.621081,-0.0133996,3.23908,3.04702,2.04635,0.661511,3.09355,2.23116,-0.571584,0.414264,4.16977,1.88596,3.12257,-0.0703826,0.504942,-0.0688506,1.11275,0.427304,-1.38951,1.2588,161.118,15.4008,-28.3867,40.341,312.032,14.2433,-26.5524,40.237,49.4437,-45105.8,0.0216397,-0.0408794,2572.68,28.6423,-27.325,15.8663,0,9.51915,-16.9081,4.6532,-3.75455,4.8285,7.98016,-7.86261,3.38755,-3.26686,34.3884,-69.8585,15.3227,78.4841,-5.53833,25.5665,-3.69642,-38.1967,5.25896,3.51305,-0.142826,0.0176496,0.183167,1.76081,-1.75227,0.158135,-0.159195,-0.172887,-3.59475,-5.34264,-2.60664,2.07227,17.4625,-7.83185,-0.153034,-5.96746,-10.8861,0.961108,0.187458,0.204164,-5.83411,-1.98887,0.0213696,0,3077,1.73472e-18,-2.77556e-17,4.57967e-16,-4.996e-16,-6.93889e-18,-6.93889e-18,5.20417e-17,1.38778e-16,1.249e-16,9.62772e-17,0,-0.426117,0.667682,0.621085,-0.00843209,3.14159,2.04635,0.0992773,3.09361,0.334674,-0.392699,4.16977,0.282525,3.12294,-0.0105574,0.523599,0,0,0,-0.325731,-0.0172472,-0.426117,0.621081,3.23908,2.04635,3.09355,-0.571584,4.16977,3.12257,0.504942,0.0343977,-5.72228,0.788186,-0.000329508,-0.340611,0.027475,0.264122,-0.26284,0.0819964,0.0562139,0.0147562,0.998799,1.58994,-0.45041,3.26915,-74.0167,64.6161,-7989.18,-49.3619,289.156,-161.298,0.874014,-102.795,-199.424,-545.324,-30636.7,-584.446,-31119.9,-249.284,-279.715,-150.803,-351.839,-205.788,-479.018,-204.568,-479.652,-1081.83,-143.509,536.643,-319.631,697.477,417.463,-846.942,6094.66,6.85003,4989.91,-17.0994,45.2754,30.6538,58.3973,-21.1412,79.2865,-10.8974,79.0318
11.48,-5.8331,-1.96945,-0.289554,-0.051772,0.0178253,19.809,-0.396144,0.739012,0.718827,1.49506,3.28101,-2.32465,2.05814,-2.37314,3.10826,-1.24492,-0.53819,-4.56579,4.20675,-3.4054,3.1713,-0.962796,0.542326,-4.7789,-2.0108,-7.12365,-0.306105,-7.0799,-3.6521,-4.23336,-1.94093,-6.65768,-0.598289,-6.60828,-3.36913,1.31842,1.27331,-0.776427,-0.344601,0.0193761,0.281384,-0.016666,5.71024,-0.430636,13.5102,0.616562,4.17749,3.23451,3.81047,2.02365,0.397882,3.07085,2.58024,-0.594461,0.477643,4.17225,1.88582,3.12506,-0.0633189,0.506438,-0.0694497,1.11779,0.430137,-1.3957,1.2598,70.3094,13.2864,-24.2874,23.1768,157.789,12.1368,-22.465,23.0246,34.1515,-30379.8,2.16442,-4.06731,10820.7,35.6861,-28.8624,16.2617,0,10.9794,-25.3927,4.78942,-3.6191,5.54307,9.74466,-8.61989,3.61176,-3.71209,41.1781,-72.5524,15.5307,81.6073,-8.7836,26.6824,-3.7644,-39.5345,5.20606,3.44374,-0.0752588,0.00915811,0.0961505,1.74875,-1.74441,0.158502,0.203681,0.142815,-1.42459,-7.65708,-1.87933,1.89429,18.3051,-8.07039,0.0669284,-6.14623,-10.6479,0.666108,0.215378,0.202384,-5.83244,-1.98881,0.0193761,0,3085,-6.07153e-18,-8.32667e-17,1.94289e-16,-1.16573e-15,-6.93889e-18,-6.93889e-18,-1.38778e-17,-2.77556e-17,-1.38778e-17,-2.27682e-18,0,-0.430636,0.503743,0.616516,-0.00843594,3.14159,2.02365,0.0595492,3.07073,0.387035,-0.392699,4.17225,0.283506,3.12443,-0.00949784,0.523599,0,0,0,-0.332193,-0.016666,-0.430636,0.616562,3.23451,2.02365,3.07085,-0.594461,4.17225,3.12506,0.506438,0.0344913,-5.94306,0.782032,0.000566972,0.835009,0.0144226,0.262312,-0.261661,0.0753809,0.0562385,0.0147644,0.99891,0.827448,1.60179,1.73181,63.6412,-210.404,-116.47,-52.9983,241.873,-143.247,2.5281,-121.182,-207.853,435.625,147149,449.449,145496,-346.965,-316.394,-136.734,-458.477,-331.914,-624.604,-326.805,-627.353,-1769.13,-226.63,738.531,-462.99,1110.17,666.871,-12.3471,-29142.2,-22.3052,-23276.5,-15.1857,50.6226,25.6412,74.9797,-22.0347,101.309,-12.8467,101.625
11.52,-5.83008,-1.96981,-0.281754,-0.0488113,0.0186344,19.7173,-0.391469,1.05175,0.730277,-6.83446,3.29974,-2.28861,2.05363,-2.39856,3.1014,-1.21633,-0.540635,-4.55767,4.2064,-3.38192,3.17159,-0.93016,0.542416,-4.77556,-2.01243,-7.12045,-0.305111,-7.07558,-3.65335,-4.23035,-1.94,-6.65576,-0.59932,-6.60412,-3.37012,1.62388,1.24347,-0.752748,-0.335723,0.0189079,0.278252,-0.0160325,4.50975,-0.426136,12.3065,0.621061,-1.8824,3.23902,4.53715,2.01897,0.0324203,3.06616,2.89098,-0.599059,0.160499,4.17173,1.9938,3.12454,-0.0642692,0.506414,-0.0688319,1.11177,0.424633,-1.38837,1.25861,50.4318,12.5694,-23.0346,19.5105,120.774,11.3868,-21.1333,19.3501,29.9714,-53.2915,-0.917953,1.73048,0.00622235,42.5553,-30.0758,16.4549,0,12.6067,-35.9177,5.27943,-3.64301,6.19978,10.9825,-9.15731,3.70448,-4.13385,13.938,-71.0804,15.3946,81.8418,5.29131,26.0417,-3.71216,-39.6725,5.46559,3.78308,-0.0790228,0.00966771,0.103576,1.83578,-1.83089,0.158076,0.194992,0.0740171,-2.29293,0.173395,-185.609,0.900892,17.5566,-7.36887,0.202966,-5.56792,-9.83571,0.588,0.242062,0.213541,-5.82932,-1.98871,0.0189079,0,3100,6.93889e-18,-1.94289e-16,1.249e-16,-6.94974e-17,-2.77556e-17,-2.47198e-17,-5.20417e-17,-5.55112e-17,-6.93889e-17,-7.69784e-17,0,-0.426136,0.459035,0.621027,0.121602,3.14159,2.01897,0.00481711,3.06613,0.433647,-0.392699,4.17173,0.299209,3.12441,-0.00964038,0.523599,0,0,0,-0.324221,-0.0160325,-0.426136,0.621061,3.23902,2.01897,3.06616,-0.599059,4.17173,3.12454,0.506414,0.0346669,-5.95355,0.820082,0.000123078,1.17022,0.0155364,0.275367,-0.274633,0.0829154,0.0562846,0.0147798,0.998936,0.806719,1.69154,-0.249659,7.10951,-8.1486,-32365.3,-40.5356,218.321,-119.53,3.66932,-122.056,-201.244,-231.433,773.893,-771.646,108.444,-313.574,-304.158,-95.8726,-435.178,-310.592,-585.341,-307.177,-587.111,-1640.89,-218.023,677.711,-429.049,1040.93,625.495,-3431.09,-124.908,-0.863843,-15.4757,-12.6715,48.7103,23.1445,71.1867,-21.3341,94.9737,-12.9393,95.0449
11.56,-5.82695,-1.97024,-0.273748,-0.0454181,0.0191589,20.1516,-0.391802,-0.599581,0.6939,-56.2883,3.28927,-2.28148,2.06146,-2.44608,3.10762,-1.18264,-0.532245,-4.55111,4.20614,-3.37721,3.17066,-0.935203,0.542137,-4.77248,-2.0118,-7.12033,-0.309615,-7.07181,-3.65404,-4.22724,-1.93959,-6.65335,-0.60018,-6.60026,-3.37095,-0.0533572,1.19379,-0.748688,-0.327278,0.0183727,0.271828,-0.0156836,2.93464,-0.426644,10.6942,0.620553,-1.89947,3.23848,4.89254,2.02662,-0.219593,3.07382,3.04144,-0.591411,0.277585,4.1713,1.88378,3.1241,-0.0635309,0.505948,-0.0682631,1.10619,0.415299,-1.3815,1.25796,27.4825,11.7095,-21.5072,15.3781,75.1247,10.4932,-19.5281,15.1524,24.3854,53.5006,-0.913341,1.72843,0.102502,46.0248,-30.512,16.397,0,13.5402,-42.4215,5.7313,-3.72714,6.51923,11.3416,-9.31211,3.6637,-4.36927,22.7282,-68.0032,15.3144,76.1657,0.201748,24.6113,-3.68222,-36.9383,5.33089,3.50005,-0.0695019,0.00884477,0.0891181,1.79058,-1.78617,0.157681,0.200172,0.0848306,10.8581,-41.0628,-1374.85,0.178343,16.5646,-6.52703,0.164055,-5.45669,-9.96086,0.479869,0.25456,0.20824,-5.8262,-1.9886,0.0183727,0,3115,-8.67362e-19,-1.249e-16,2.08167e-16,1.93855e-16,-1.38778e-17,-6.07153e-18,-2.08167e-17,2.77556e-17,2.77556e-17,4.6187e-17,0,-0.426644,0.400754,0.620491,0.00135818,3.14159,2.02662,-0.0329988,3.07378,0.456216,-0.392699,4.1713,0.282728,3.12394,-0.00952964,0.523599,0,0,0,-0.316597,-0.0156836,-0.426644,0.620553,3.23848,2.02662,3.07382,-0.591411,4.1713,3.1241,0.505948,0.0348425,-5.5438,0.799926,0.00014745,0.992803,0.0133677,0.268586,-0.267925,0.0767767,0.0563307,0.0147953,0.998965,0.836521,1.69988,0.413126,93.9329,-1034.48,58697.9,-16.8871,287.581,-104.637,-0.644896,-128.028,-221.358,974.416,340.347,-1030.74,-161.489,-353.209,-335.407,-76.5544,-486.7,-345.966,-647.983,-341.959,-650.082,-1841.49,-244.001,762.38,-474.337,1159.88,696.511,6222.63,-68.0387,-109.667,34.4943,-11.0927,53.7621,30.4868,79.3868,-23.4664,105.04,-13.5724,105.196
11.6,-5.82284,-1.96889,-0.276107,-0.0610623,0.0210941,19.9831,-0.402775,0.82131,0.755284,-1.56374,5.35635,-2.27971,2.0666,-2.46312,3.11238,-1.16441,-0.527404,-4.54976,4.20626,-3.37297,3.17049,-0.932841,0.542249,-4.76919,-2.00144,-7.12037,-0.312286,-7.06496,-3.65424,-4.2232,-1.93515,-6.65189,-0.600437,-6.59344,-3.3711,-0.638167,1.17666,-0.744732,-0.318667,0.0195734,0.267465,-0.013971,18.3764,-0.43784,19.7711,0.609358,41.6665,3.22735,4.88217,2.03154,-0.281528,3.07874,3.04055,-0.586481,0.272969,4.1712,1.83579,3.124,-0.0637203,0.505844,-0.0676996,1.10056,0.408482,-1.37469,1.25665,414.866,20.004,-37.2237,90.2684,363.415,14.1632,-26.5457,64.4999,58.0845,9317.64,70.946,-131.352,-43061.2,46.0509,-30.4563,16.3382,0,13.6551,-42.9259,5.87153,-3.76423,6.51973,11.2907,-9.2822,3.6339,-4.38415,21.6029,-65.5512,15.1332,72.6431,0.44245,23.4716,-3.60976,-35.2223,5.31295,3.40213,-0.0681131,0.00881937,0.0868341,1.78458,-1.78009,0.157274,-0.0589885,-0.391105,-4.21194,-3.25137,0.152475,0.0441683,16.2669,-6.07154,0.0336131,-5.34773,-9.90103,1.3176,0.254641,0.207556,-5.82226,-1.98846,0.0195734,0,3134,-1.73472e-18,1.66533e-16,-1.8735e-16,1.77636e-15,0,-5.20417e-18,-5.55112e-17,2.77556e-17,4.16334e-17,6.76542e-17,0,-0.43784,0.994022,0.609355,-0.00838781,3.14159,2.03154,-0.0422728,3.07871,0.456082,-0.392699,4.1712,0.275528,3.12384,-0.00955804,0.523599,0,0,0,-0.308813,-0.013971,-0.43784,0.609358,3.22735,2.03154,3.07874,-0.586481,4.1712,3.124,0.505844,0.0350651,-5.28631,0.797238,0.000148991,0.295469,0.0130251,0.267687,-0.267014,0.0766331,0.0563892,0.0148149,0.998896,0.58788,1.39473,0.196236,39.1361,91.827,665.429,-1.55011,332.234,-95.5561,0.485075,-121.919,-213.639,259314,-9.98583e+07,-570768,-9.87967e+07,-290.107,-261.805,-46.3575,-390.974,-269.754,-496.127,-266.923,-497.623,-1466.63,-178.068,619.548,-381.056,903.543,542.727,70.5429,1.59976e+07,9.7347,1.58075e+07,-10.13,41.9905,35.2205,63.6327,-22.6481,80.2824,-12.9248,80.3654
11.64,-5.81804,-1.96763,-0.284046,-0.0867831,0.0229873,19.8016,-0.41506,0.682553,0.67331,1.33931,3.27188,-2.27791,2.07058,-2.47633,3.11631,-1.14784,-0.523763,-4.55112,4.20612,-3.36964,3.17017,-0.936102,0.542117,-4.76524,-1.99034,-7.11928,-0.314439,-7.05754,-3.65436,-4.21846,-1.93085,-6.64968,-0.600742,-6.58598,-3.37129,1.22558,1.16374,-0.741583,-0.321555,0.0206703,0.253388,-0.0123592,9.02135,-0.450407,6.87489,0.596791,1.86361,3.21469,4.79433,2.03523,-0.288333,3.08243,3.03456,-0.582806,0.261432,4.17077,1.80655,3.12358,-0.0634249,0.505417,-0.0679884,1.10235,0.392023,-1.37679,1.2581,136.468,15.2029,-28.0959,35.592,22.0136,5.05764,-9.44422,8.75105,19.922,31.0165,2.38697,-4.42358,-0.704074,45.9737,-30.5116,16.3241,0,13.7696,-42.3813,5.9765,-3.79701,6.50947,11.4427,-9.28298,3.61844,-4.38797,20.713,-65.0649,14.9612,71.1199,0.586131,23.2448,-3.53679,-34.4925,5.25037,3.30803,-0.0648648,0.00825667,0.0816921,1.76358,-1.75931,0.157397,-0.198477,-0.643021,-4.53764,-0.711008,44.5037,0.0449218,16.0361,-5.65807,-0.0339826,-5.26782,-9.98216,0.587816,0.253411,0.204422,-5.81727,-1.98828,0.0206703,0,3158,-8.67362e-19,-1.11022e-16,-2.77556e-16,3.33067e-16,4.16334e-17,4.33681e-17,9.71445e-17,6.93889e-17,8.32667e-17,8.95551e-17,0,-0.450407,0.588515,0.596698,0.403273,3.14159,2.03523,-0.0433246,3.08239,0.455184,-0.392699,4.17077,0.271144,3.12341,-0.00951373,0.523599,0,0,0,-0.311454,-0.0123592,-0.450407,0.596791,3.21469,2.03523,3.08243,-0.582806,4.17077,3.12358,0.505417,0.0353465,-5.17684,0.787855,0.000151217,-0.065165,0.0122538,0.264536,-0.263897,0.0755654,0.0564631,0.0148396,0.998833,0.389282,5.17503,5.59198,-3.991,322.766,-116.135,0.395617,327.903,-77.7756,2.32343,-127.863,-224.192,444.326,2129.26,-2076.74,509.012,-830.723,-658.609,-6.30203,-1060.59,-765.259,-1309.07,-756.994,-1313.85,-4305.76,-468.779,1778.07,-1083.94,2564.52,1539.91,-12.3117,-335.827,34.2168,-92.7435,-8.24508,105.474,34.7614,170.454,-23.7669,209.977,-13.555,210.589
11.68,-5.81179,-1.9663,-0.295262,-0.120754,0.0253559,19.6665,-0.417331,0.380783,0.662492,1.5842,4.28982,-2.28127,2.07907,-2.51191,3.12455,-1.11806,-0.515567,-4.55355,4.20564,-3.36376,3.16958,-0.941408,0.54171,-4.75921,-1.98404,-7.1187,-0.319116,-7.04808,-3.65466,-4.21231,-1.92574,-6.64667,-0.601392,-6.5764,-3.37178,-0.104958,1.12821,-0.735894,-0.330698,0.0217716,0.234899,-0.0103425,4.73809,-0.453029,5.97136,0.594169,95.7327,3.21212,4.76203,2.04337,-0.330235,3.09057,3.05701,-0.574633,0.248532,4.16994,1.78823,3.12274,-0.0625688,0.504627,-0.0687641,1.10826,0.371201,-1.38401,1.26215,52.5331,12.7441,-23.4004,19.2914,31.9495,4.62032,-8.57342,4.98508,13.5085,25518.1,229.459,-421.525,-43896.5,46.5154,-30.6167,16.2727,0,14.0091,-43.0162,6.19051,-3.86404,6.5621,11.6304,-9.26892,3.57115,-4.44665,20.0373,-65.4739,14.7323,70.5657,0.641005,23.4441,-3.43612,-34.253,5.16682,3.21866,-0.0572808,0.00697818,0.0711427,1.73556,-1.73188,0.157814,-0.280406,-0.849263,-3.37891,-8.46161,0.280881,-0.0838365,15.3589,-4.91432,-0.0606657,-5.13294,-10.1137,0.394999,0.255028,0.200797,-5.81105,-1.98806,0.0217716,0,3188,-5.20417e-18,2.77556e-17,1.94289e-16,-2.66454e-14,-6.93889e-18,-2.94903e-17,4.16334e-17,-2.77556e-17,-1.38778e-17,-3.11166e-17,0,-0.453029,0.503318,0.59413,-0.00829493,3.14159,2.04337,-0.0495521,3.09056,0.458552,-0.392699,4.16994,0.268353,3.12262,-0.00938533,0.523599,0,0,0,-0.319745,-0.0103425,-0.453029,0.594169,3.21212,2.04337,3.09057,-0.574633,4.16994,3.12274,0.504627,0.0356984,-5.14016,0.775244,0.000111297,-0.267034,0.0106714,0.260334,-0.259782,0.0739401,0.0565556,0.0148706,0.998769,0.201752,7.71277,8.99452,31.0902,-194.603,117.899,-0.645036,313.226,-55.6569,3.42178,-131.392,-234.696,114701,-3.74955e+07,2.64949e+07,2.82546e+07,-1238.73,-960.075,27.4786,-1567.05,-1131.38,-1904.92,-1119.33,-1912.03,-6445.19,-687.256,2670.86,-1597.13,3792.63,2275.09,12.4986,5.97557e+06,-20.6301,-4.52075e+06,-5.90025,153.737,33.2055,251.123,-24.8804,304.95,-13.929,305.923
11.72,-5.80541,-1.96549,-0.305262,-0.160183,0.028468,19.6121,-0.419246,0.262906,0.65727,1.46895,3.11038,-2.27749,2.08674,-2.5375,3.13228,-1.08846,-0.508426,-4.55683,4.20688,-3.37019,3.17026,-0.952144,0.542656,-4.75307,-1.97724,-7.11869,-0.324489,-7.03711,-3.65658,-4.20606,-1.91995,-6.64453,-0.603183,-6.56565,-3.37334,0.95139,1.1032,-0.742587,-0.34357,0.0223559,0.211439,-0.00759444,3.03221,-0.455308,5.48626,0.591889,-7.51817,3.20988,4.63554,2.05068,-0.322782,3.09788,3.05417,-0.567379,0.390327,4.17082,1.6946,3.12362,-0.0638303,0.505241,-0.0698563,1.11692,0.344672,-1.39483,1.27007,27.3837,11.6588,-21.3145,14.1699,25.197,4.26986,-7.87424,3.46361,10.536,373.686,-44.1783,80.7004,-806.99,46.4023,-30.7242,16.2896,0,14.1408,-42.2304,6.35703,-3.93472,6.56311,11.8279,-9.25116,3.54522,-4.46581,30.6637,-66.4925,14.6294,69.1907,-5.31822,23.8251,-3.3684,-33.511,4.92008,2.93143,-0.0730133,0.00854655,0.087459,1.65277,-1.64837,0.158427,-0.249989,-0.985728,-1.35959,-11.1784,-2.30853,0.0944526,14.911,-4.17863,-0.0821021,-5.2626,-10.3796,0.310168,0.254776,0.190969,-5.80462,-1.98783,0.0223559,0,3219,5.20417e-18,4.16334e-17,-2.22045e-16,4.88498e-15,-6.93889e-18,-1.73472e-17,6.93889e-18,5.55112e-17,5.55112e-17,5.87638e-17,0,-0.455308,0.469642,0.591888,-0.00907736,3.14159,2.05068,-0.0485328,3.09781,0.458125,-0.392699,4.17082,0.254547,3.12323,-0.00957454,0.523599,0,0,0,-0.331325,-0.00759444,-0.455308,0.591889,3.20988,2.05068,3.09788,-0.567379,4.17082,3.12362,0.505241,0.0360625,-5.03345,0.738675,0.000334057,-0.274304,0.0131188,0.247915,-0.247255,0.0674313,0.0566514,0.0149026,0.998734,0.156974,9.67479,12.2699,31.8434,-322.277,-70.3615,2.0636,300.339,-34.9524,3.37378,-142.016,-252.064,-2179.71,70725.3,-51339.5,-50296.1,-1590.16,-1220.06,62.4736,-2003.35,-1426.59,-2395.53,-1409.66,-2405.53,-8202.1,-859.022,3438.87,-2020.98,4777.23,2872.08,-7.45911,-11294,-34.165,8047.62,-3.70535,195.389,31.8393,320.886,-26.7216,383.317,-15.0553,384.874
11.76,-5.79811,-1.96348,-0.321351,-0.216936,0.0328696,19.5407,-0.435525,0.179746,0.638406,1.48931,3.07831,-2.26491,2.09225,-2.55395,3.13778,-1.0557,-0.503299,-4.56185,4.20808,-3.36847,3.17133,-0.946487,0.543816,-4.74685,-1.9593,-7.11892,-0.328817,-7.02325,-3.6585,-4.19898,-1.9109,-6.64322,-0.604884,-6.55215,-3.37467,0.881434,1.08713,-0.740952,-0.355218,0.0240957,0.180802,-0.003616,2.73908,-0.472011,4.95571,0.575187,-11.2855,3.1932,4.49204,2.05576,-0.323839,3.10296,3.06458,-0.562282,0.32578,4.17159,1.6743,3.1244,-0.0656024,0.506042,-0.0709013,1.12498,0.308367,-1.4054,1.28251,23.4324,11.4362,-20.9077,12.9467,19.3064,3.69551,-6.78665,2.17097,9.09298,515.173,-51.8614,94.8021,-1117.81,46.6125,-31.0199,16.4345,0,14.4807,-41.5487,6.5536,-4.01493,6.59246,12.2136,-9.32359,3.56766,-4.49675,26.3684,-67.6101,14.4271,68.8722,-3.56556,24.2679,-3.24961,-33.2855,4.81401,2.84272,-0.0935439,0.0102888,0.109564,1.61723,-1.6118,0.158989,-0.402224,-1.41883,-1.78443,-11.9261,-1.77953,0.314533,14.6374,-3.36735,-0.125321,-5.18969,-10.2356,0.279647,0.256006,0.186909,-5.79717,-1.98756,0.0240957,0,3255,-6.93889e-18,9.02056e-17,1.66533e-16,4.44089e-15,-2.08167e-17,-8.67362e-18,7.63278e-17,1.38778e-17,1.38778e-17,8.0231e-18,0,-0.472011,0.463029,0.575202,-0.00919987,3.14159,2.05576,-0.0486675,3.10291,0.459687,-0.392699,4.17159,0.251471,3.12404,-0.00984036,0.523599,0,0,0,-0.341748,-0.003616,-0.472011,0.575187,3.1932,2.05576,3.10296,-0.562282,4.17159,3.1244,0.506042,0.0364856,-4.99907,0.722699,0.000301275,-0.617552,0.0164346,0.242585,-0.24177,0.0674152,0.0567627,0.0149398,0.998632,-0.152169,9.83053,14.8505,-10.7144,-285.206,-34.8382,-0.205412,268.029,-18.1902,5.64211,-136.363,-241.148,-2098.28,11734.5,-5502.44,-2525.46,-1522.06,-1140.28,139.97,-1896.62,-1279.48,-2115.14,-1265.38,-2123.62,-7591.01,-670.42,3294.57,-1911.79,4279.85,2580.2,-3.69323,-1993.68,-30.235,403.55,-1.92837,182.623,28.4141,303.414,-25.5644,337.831,-14.456,339.137
11.8,-5.78766,-1.95951,-0.351624,-0.301764,0.0387489,19.3821,-0.462203,-0.024098,0.605696,1.51532,3.01957,-2.25212,2.0983,-2.5808,3.14353,-1.01328,-0.497414,-4.57729,4.20956,-3.37895,3.17234,-0.959896,0.5452,-4.73782,-1.93129,-7.11808,-0.332704,-7.00409,-3.65958,-4.18886,-1.89753,-6.64073,-0.605903,-6.53338,-3.3751,0.703618,1.06015,-0.751806,-0.374029,0.0276814,0.137791,0.00166298,2.45719,-0.499289,3.672,0.547909,-25.237,3.16592,4.41767,2.06121,-0.373822,3.10841,3.12797,-0.556852,0.363736,4.17247,1.59576,3.12527,-0.0672947,0.506864,-0.0726269,1.13854,0.256238,-1.4237,1.30784,20.1543,11.1816,-20.5292,11.7478,8.91151,2.02535,-3.7071,-0.568322,6.78037,1137.47,-63.7064,116.926,-1676.91,48.3033,-31.6765,16.773,0,15.257,-42.6327,6.89125,-4.14883,6.74686,12.9606,-9.50843,3.63262,-4.59946,29.4488,-69.5194,14.1963,67.7771,-5.85424,25.0418,-3.08812,-32.6695,4.55266,2.58932,-0.119598,0.0119634,0.133807,1.52953,-1.52313,0.159928,-0.756817,-2.12069,-3.96618,-12.6197,-1.00204,0.319653,14.1174,-2.34518,-0.386048,-5.41473,-10.5682,0.232919,0.261388,0.176343,-5.78661,-1.98717,0.0276814,0,3306,-6.93889e-18,0,1.52656e-16,-3.55271e-15,-2.77556e-17,-3.46945e-17,-6.93889e-17,0,2.77556e-17,3.90313e-17,0,-0.499289,0.431184,0.547925,-0.0100344,3.14159,2.06121,-0.0561976,3.10834,0.469195,-0.392699,4.17247,0.239722,3.12486,-0.0100942,0.523599,0,0,0,-0.358437,0.00166298,-0.499289,0.547909,3.16592,2.06121,3.10841,-0.556852,4.17247,3.12527,0.506864,0.0370859,-4.9075,0.68355,0.000328448,-1.77911,0.0200711,0.229429,-0.22847,0.0680311,0.0569208,0.0149927,0.998424,-0.779249,13.3925,22.4018,-13.5258,-276.028,-25.8028,-5.89851,207.824,9.40469,5.78676,-152.904,-266.75,-2768.53,13851.7,-11318,-6486.77,-1892.03,-1369.99,378.072,-2304.67,-1442.07,-2326.07,-1427.52,-2335.1,-9006.41,-553.801,4109.9,-2351.89,4816.93,2913.34,-2.73539,-2239.33,-29.262,1034.98,0.997003,219.288,22.0317,367.83,-28.2785,370.386,-16.2096,371.837
11.84,-5.77345,-1.95324,-0.401666,-0.42034,0.0463097,19.1758,-0.49566,-0.346109,0.569043,1.51914,2.97924,-2.24962,2.10883,-2.63441,3.15353,-0.956809,-0.486806,-4.61114,4.21088,-3.40079,3.17332,-0.991352,0.546703,-4.72495,-1.89456,-7.11696,-0.338006,-6.97869,-3.65969,-4.17517,-1.87918,-6.63674,-0.606124,-6.50845,-3.37443,0.385285,1.00592,-0.774174,-0.409728,0.033412,0.0784892,0.00839853,1.65555,-0.533571,2.96793,0.513627,-36.144,3.13165,4.40559,2.07092,-0.463121,3.11811,3.25651,-0.547101,0.403715,4.17297,1.53569,3.12577,-0.068694,0.507547,-0.0760436,1.16629,0.181913,-1.46162,1.36373,12.5902,10.4739,-19.4955,9.91299,5.17786,0.826932,-1.48615,-2.3548,4.86808,1526.61,-83.885,155.728,-2349.88,51.53,-32.7226,17.4485,0,16.3998,-45.5729,7.4268,-4.41046,7.03425,14.1265,-9.79851,3.75766,-4.81907,34.3596,-76.073,13.7995,70.5931,-9.08562,27.958,-2.77675,-33.9458,4.20231,2.33578,-0.159317,0.0125948,0.168196,1.41191,-1.40477,0.161838,-1.25105,-2.96441,-5.15623,-16.0091,-0.900797,0.0624871,13.0404,-0.942508,-0.846169,-5.92764,-11.352,0.179418,0.27087,0.161797,-5.77215,-1.98663,0.033412,0,3376,-6.93889e-18,7.37257e-17,-2.91434e-16,1.11022e-16,1.04083e-17,1.04083e-17,-4.16334e-17,-7.63278e-17,-5.55112e-17,-6.72205e-17,0,-0.533571,0.406984,0.513652,-0.0102902,3.14159,2.07092,-0.0695124,3.11809,0.488477,-0.392699,4.17297,0.230546,3.12554,-0.0103041,0.523599,0,0,0,-0.389535,0.00839853,-0.533571,0.513627,3.13165,2.07092,3.11811,-0.547101,4.17297,3.12577,0.507547,0.0379112,-5.09597,0.630682,0.000168993,-4.01882,0.0252294,0.211787,-0.210716,0.0768518,0.0571383,0.0150654,0.998091,-1.38331,21.567,37.0281,22.3934,-417.345,-25.3957,-9.78385,162.65,55.5855,8.14509,-189.836,-320.207,-4729.36,10090.6,-10373,-1777.48,-3002.86,-2183.08,1030.86,-3566.2,-2005.36,-3211,-1987.22,-3222.44,-13419.5,-375.362,6582.42,-3674.94,6694.22,4062.55,-2.69223,-1629.57,-44.2433,281.053,5.89268,349.269,17.2427,568.692,-33.9455,510.807,-20.1247,512.629
11.88,-5.75587,-1.94644,-0.463053,-0.553966,0.054673,18.9837,-0.531654,-0.713994,0.534921,1.50315,2.98564,-2.25605,2.12422,-2.70734,3.16861,-0.893503,-0.471408,-4.66969,4.21243,-3.45468,3.17415,-1.07904,0.548357,-4.70824,-1.85455,-7.11468,-0.345891,-6.94874,-3.65974,-4.15826,-1.859,-6.63039,-0.606585,-6.47895,-3.37373,-0.0231214,0.932684,-0.828882,-0.470435,0.0395376,-0.00304898,0.0157456,1.00778,-0.570582,3.1118,0.476616,-36.5737,3.09459,4.32135,2.08529,-0.516235,3.13249,3.40857,-0.532725,0.656134,4.1735,1.41211,3.12631,-0.0688899,0.508113,-0.0824605,1.21954,0.0697988,-1.53497,1.48504,8.19266,9.67111,-18.6603,8.97093,5.98054,0.552642,-0.949767,-3.14365,3.76189,1291.15,-86.5645,166.014,-2349.42,54.7179,-34.233,18.8487,0,17.6261,-48.0993,8.13924,-4.91036,7.3696,15.4685,-10.1784,4.01027,-5.09934,65.0217,-97.247,12.6964,83.5906,-25.183,37.6671,-1.95397,-40.0836,3.54649,1.93779,-0.245634,0.00951583,0.234535,1.19166,-1.18454,0.165461,-1.53468,-3.34065,-4.80216,-22.1255,-1.29724,-0.160801,11.6019,0.657872,-1.46385,-7.23613,-13.5409,0.141302,0.280787,0.135146,-5.75442,-1.98595,0.0395376,0,3462,-6.93889e-18,8.32667e-17,2.35922e-16,-3.10862e-15,1.38778e-17,1.38778e-17,5.55112e-17,2.08167e-17,2.08167e-17,1.34441e-17,0,-0.570582,0.45304,0.476591,-0.0102488,3.14159,2.08529,-0.0774781,3.13247,0.511286,-0.392699,4.1735,0.211969,3.12611,-0.0103335,0.523599,0,0,0,-0.440593,0.0157456,-0.570582,0.476616,3.09459,2.08529,3.13249,-0.532725,4.1735,3.12631,0.508113,0.0389274,-6.0167,0.532217,0.000122358,-8.09312,0.0351802,0.178749,-0.177682,0.0953771,0.0574064,0.0151549,0.99773,-1.75881,32.3628,57.3038,61.8179,-674.803,-36.2983,-7.56269,191.576,103.852,3.20991,-296.629,-499.059,-8571.07,8552.82,-12110.6,2514.19,-4896.51,-3633.33,1932.44,-5783.98,-2800.04,-4515.27,-2773.14,-4532.04,-20360.4,164.518,10837.3,-5833.48,9340.39,5688.68,-3.84803,-1362.28,-71.5367,-404.938,11.0095,581.18,20.3092,922.823,-52.9058,718.876,-31.446,721.629
11.92,-5.73578,-1.94026,-0.524035,-0.677731,0.06299,18.735,-0.563358,-1.27584,0.508489,1.49789,2.96317,-2.27007,2.14547,-2.79839,3.18974,-0.826352,-0.450325,-4.75867,4.21289,-3.56699,3.17329,-1.3077,0.549155,-4.68852,-1.81766,-7.11114,-0.357372,-6.91662,-3.65974,-4.13896,-1.83954,-6.62142,-0.607723,-6.44697,-3.37351,-0.588927,0.84168,-0.942857,-0.548977,0.0449205,-0.104437,0.0228896,0.753539,-0.603458,3.35369,0.443739,-50.154,3.06171,4.13914,2.10537,-0.541447,3.15257,3.55662,-0.512655,1.17432,4.17279,1.18203,3.12559,-0.0662987,0.507406,-0.0920684,1.29957,-0.0963467,-1.64703,1.70165,8.29758,9.03705,-18.6388,9.22254,6.66463,0.217954,-0.237617,-4.61667,3.14509,1678.08,-92.731,188.646,-3244.75,56.7767,-36.2087,21.2629,0,18.8285,-49.5928,9.08102,-5.76457,7.71775,16.571,-10.602,4.41453,-5.39748,235.687,-207.826,1.86903,162.994,-108.524,90.0659,3.76389,-78.095,2.55227,1.75053,-0.575105,-0.0257517,0.474938,0.857638,-0.852316,0.170776,-1.52455,-3.09411,-6.21788,-31.8791,-1.4332,-0.350317,9.85701,2.34022,-2.22443,-10.0325,-19.2549,0.118753,0.291029,0.0963416,-5.73406,-1.98514,0.0449205,0,3561,-2.77556e-17,-8.46545e-16,-5.82867e-16,-3.88578e-16,-2.08167e-17,-2.77556e-17,0,4.85723e-17,2.77556e-17,2.9165e-17,0,-0.603458,0.503087,0.44372,-0.0104804,3.14159,2.10537,-0.0812799,3.15254,0.533494,-0.392699,4.17279,0.177427,3.1254,-0.0099448,0.523599,0,0,0,-0.503153,0.0228896,-0.603458,0.443739,3.06171,2.10537,3.15257,-0.512655,4.17279,3.12559,0.507406,0.0401005,-11.722,0.383008,8.37327e-05,-24.6799,0.0712407,0.128646,-0.127847,0.182855,0.0577163,0.0152584,0.997407,-2.19072,39.9457,71.1342,76.5218,-969.927,-42.0583,-3.18392,215.525,140.913,-55.3693,-876.637,-1609.64,-13002.3,9913.97,-12624.5,8015.28,-7533.16,-5574.44,2953.98,-8894.69,-3677.5,-5921.36,-3642.96,-5942.97,-29325.4,1167.12,16832.3,-8604.41,12269.9,7480.7,-4.45866,-1637.58,-102.823,-1286.87,14.9383,891.41,22.8481,1419.61,-170.64,943.451,-92.9333,945.113
11.96,-5.71271,-1.93595,-0.57267,-0.773866,0.0707156,18.309,-0.588539,-3.48946,0.364252,1.38202,3.01562,-2.29238,2.17515,-2.91326,3.21921,-0.756389,-0.42109,-4.84253,4.21358,-3.52018,3.17684,-1.23969,0.549682,-4.66554,-1.78711,-7.10553,-0.37456,-6.88229,-3.66115,-4.11671,-1.8229,-6.60862,-0.610295,-6.41281,-3.37465,-2.99923,0.727043,-0.893025,-0.632845,0.048286,-0.215155,0.0292601,-0.294908,-0.629995,4.51261,0.417203,-50.6458,3.0351,3.90739,2.13369,-0.580073,3.18089,3.69171,-0.48436,0.228893,4.17212,1.65655,3.12492,-0.0679464,0.50667,-0.104089,1.39881,-0.323505,-1.78894,2.01507,0.356813,7.89304,-17.8694,10.3937,13.2182,0.769426,-1.30741,-6.23657,1.97697,1586.66,-84.9346,187.261,-3251.26,57.1611,-38.3442,24.5218,0,19.8791,-50.5558,10.2734,-7.00816,8.06882,17.0567,-10.9456,4.87775,-5.71544,-45.161,150.006,49.3993,-148.647,25.6858,-81.9857,-18.2075,71.1323,2.77238,1.46725,0.498033,0.11316,-0.458662,0.931614,-0.925485,0.177158,-1.21588,-2.40338,-10.6501,-84.3614,-4.32759,-0.557742,7.7271,4.09032,-2.09648,-8.84514,-17.5542,0.0737787,0.302135,0.104118,-5.71067,-1.98419,0.048286,0,3675,2.77556e-17,9.15934e-16,4.96131e-16,2.498e-15,-3.46945e-18,-6.93889e-18,-5.55112e-17,4.85723e-17,4.16334e-17,3.62124e-17,0,-0.629995,0.668095,0.417105,-0.0102497,3.14159,2.13369,-0.0871411,3.18083,0.553756,-0.392699,4.17212,0.248715,3.12466,-0.010192,0.523599,0,0,0,-0.56549,0.0292601,-0.629995,0.417203,3.0351,2.13369,3.18089,-0.48436,4.17212,3.12492,0.50667,0.0414554,10.6795,0.416104,0.00012466,22.3465,-0.0687992,0.139742,-0.138823,-0.0986135,0.0580748,0.0153779,0.997196,-2.78575,43.7695,73.2838,194.821,-3681.94,-122.922,0.776703,181.344,178.676,64.8089,-174.815,-223.347,-30590.2,18314.4,-12406.4,28505.2,-16837.4,-12582.5,6464.54,-20001.4,-6976.51,-11487.7,-6895.73,-11536.4,-61706.8,4018.97,38196.3,-18117.8,23241.1,14189.4,-13.0311,-3207.64,-390.327,-4571.98,18.9416,2012.19,19.2245,3195.26,-23.6773,1833.7,-18.5323,1842.2
12,-5.69058,-1.93762,-0.58715,-0.825436,0.0769665,18.7244,-0.607417,-0.410393,0.492966,1.55338,3.34083,-2.31808,2.21777,-3.05965,3.26128,-0.67909,-0.379224,-4.91004,4.21565,-3.3323,3.18122,-1.29762,0.56157,-4.64339,-1.7686,-7.10132,-0.403387,-6.85024,-3.66866,-4.09531,-1.81459,-6.59475,-0.617594,-6.38167,-3.38067,-0.116667,0.58085,-0.712651,-0.70512,0.0456837,-0.322928,0.0342233,-4.73657,-0.65016,9.43325,0.397037,-162.237,3.01508,3.6588,2.17503,-0.6768,3.22222,3.78983,-0.442873,-0.63348,4.17291,2.0603,3.12571,1.60775,0.508058,-0.116003,1.49586,-0.597456,-1.93125,2.37674,-56.4898,4.4224,-11.5745,15.5831,96.786,2.18905,-4.18879,-18.1542,-3.40002,-2257.41,-91.1137,204.732,-10327.1,55.5706,-39.8192,27.6988,0,20.5793,-51.5078,11.6169,-8.48921,8.40108,16.5863,-10.9096,5.10974,-6.03879,24.3388,36.7133,40.4401,-52.0439,-6.73168,-28.3958,-12.9547,24.8111,2.93174,-15.3618,-24.1546,-12.5096,25.6335,1.97146,-6.89053,0.183213,-0.361997,-1.28927,10.3853,6.11111,-0.0436704,-0.642534,5.13284,6.02148,-1.68787,-4.09631,-1.40494,-0.101621,0.314174,0.110438,-5.68858,-1.98326,0.0456837,0,3783,-1.38778e-17,-8.32667e-17,-3.1225e-16,-6.66134e-16,0,3.46945e-18,-5.55112e-17,-8.32667e-17,-8.32667e-17,-1.11022e-16,0,-0.65016,0.886746,0.397085,-0.0108415,3.14159,2.17503,-0.101299,3.22232,0.568475,-0.392699,4.17291,0.308964,3.12605,0.241163,0.523599,0,0,0,-0.615413,0.0342233,-0.65016,0.397037,3.01508,2.17503,3.22222,-0.442873,4.17291,3.12571,0.508058,0.0427432,3.7218,0.439589,-0.0012261,3.91106,3.84502,0.295719,-1.03358,3.38517,0.058416,0.0154916,0.997331,-2.70557,43.5801,65.5571,201.502,87.2591,-155.2,4.00504,139.961,220.899,47.3278,111.131,726.189,33798.1,28594.8,-60372,-16656.8,15568.9,12093.7,-5696.12,18874.2,10130.4,3580.19,8078.95,7083.42,53188.1,-4466.05,-36072.6,15256.7,-17351.6,-10657.5,-16.4529,-4109.67,9.25045,2674.94,23.4178,-1935.64,14.8374,-3025.49,76.9842,-577.428,11.7811,-1140.09
12.04,-5.6727,-1.94335,-0.566758,-0.838595,0.0809314,20.2324,-0.626368,-4.28728,0.457957,2.66281,3.04832,-2.346,2.26614,-3.22549,3.30935,-0.582008,-0.333188,-346.27,4.21123,2148.55,3.22356,-3.57609,1.21692,-4.62503,-1.75752,-7.09842,-0.437428,-6.82786,-3.67512,-4.07793,-1.814,-6.5821,-0.62692,-6.35806,-3.38913,-3.73605,0.417053,2150.56,-0.728847,0.0391847,-0.415536,0.0371599,1.35456,-0.670139,10.9752,0.377058,-11.3497,2.995,3.13206,2.22237,-0.727145,3.26957,3.65491,-0.395561,-0.332212,4.16746,1.76644,3.12026,674.933,0.502703,-0.120605,1.53014,-0.848524,-1.98835,2.63566,25.975,8.30231,-22.0224,12.5556,-51.2888,11.7537,-29.7588,13.9935,13.5554,-5358.25,-8.27265,20.3918,-481.066,47.962,-39.2438,29.1516,0,20.6041,-46.7969,12.4816,-9.59156,8.45596,13.841,-10.0059,4.75499,-5.94383,2.17802,12.596,41.8829,-27.8485,0.354259,-17.185,-13.1727,13.3829,2.17292,-279756,-6830.75,-6764.27,7495.61,396.157,-851200,0.185335,0.509785,-0.328972,37.6991,-55.6037,27.6918,-0.698114,2.19635,8.11795,-8534,53793,-50.1522,-0.246848,0.320972,0.0836904,-5.67104,-1.9825,0.0391847,0,3869,-1.38778e-17,-1.94289e-16,-2.46331e-16,-2.35922e-16,-4.85723e-17,-5.20417e-17,-1.66533e-16,6.93889e-18,0,0,0,-0.670139,0.361071,0.377002,-0.00890885,3.14159,2.22237,-0.108934,3.26963,0.548236,-0.392699,4.16746,0.41625,3.1207,101.24,0.523599,0,0,0,-0.630921,0.0371599,-0.670139,0.377058,2.995,2.22237,3.26957,-0.395561,4.16746,3.12026,0.502703,0.0437715,3.68895,0.414479,-191.294,35230.2,1124.34,59.4235,-127680,-6483.06,0.0586889,0.0155824,0.9977,-1.70265,33.8434,48.5828,-245.301,52.708,18057.9,11.7028,86.3226,259.332,-106396,-131651,2.43303e+06,5018.92,-51285.4,-9884.79,13062.9,3618.06,2980.35,-1224.58,4527.62,596848,-3.06304e+08,-5.13733e+07,1.76276e+08,11561.7,-1193.04,-8628.54,3167.17,-3064.39,-1863.96,1914.34,9518.94,5.58763,-2129.81,27.4921,-476.537,9.15116,-728.78,257929,5.1366e+07,-13956.5,-2.82216e+07
12.08,-5.66056,-1.9459,-0.539965,-0.841547,0.0836788,20.0836,-0.654739,-2.12561,0.912526,1.31996,3.41214,-2.35731,2.29343,-3.33223,3.3388,-0.497736,-0.308934,-344.506,4.20187,-2.6732,3.14864,-1.46635,0.498904,-4.61143,-1.74024,-7.09484,-0.456522,-6.81484,-3.67439,-4.06615,-1.81217,-6.57357,-0.631971,-6.34194,-3.39356,-1.48363,0.315504,-0.0234624,-0.699272,0.0361038,-0.485049,0.0392003,70.699,-0.699218,91.4975,0.34798,-28.2876,2.96597,1.93533,2.24895,-0.363377,3.29615,3.31584,-0.369102,4.8186,4.15739,-1.04191,3.11019,-6.2566,0.491768,-0.116058,1.4879,-1.00442,-1.93953,2.71229,-177.476,54.683,-142.928,368.808,1540.51,65.8551,-171.049,425.311,293.384,-63305.4,-19.7438,51.1485,-1389.04,27.4717,-37.2126,29.2603,0,19.6306,-26.3643,12.3171,-10.018,7.82241,8.36333,-9.15116,4.49395,-5.49268,-0.247757,-36.5762,31.3585,-1.52142,20.085,7.065,-8.21015,0.743481,-2.66087,-64.3219,48.3543,-28.2783,3.06947,-4.49598,66.4383,0.182775,0.669829,-0.0737964,-3.71943,-1.80667,-5.89818,-0.282789,0.209896,10.1709,44.0969,12.0367,0.114723,-5.37984,0.303016,-0.105141,-5.65902,-1.98197,0.0361038,0,3928,1.38778e-17,-1.22125e-15,3.21965e-15,1.33227e-15,1.9082e-17,1.9082e-17,8.32667e-17,-2.05651e-15,4.98213e-15,5.4956e-15,0,-0.699218,2.9484,0.347975,-0.00684337,3.14159,2.24895,-0.0546224,3.29609,0.497376,-0.392699,4.15739,-0.155127,3.10976,-0.93849,0.523599,0,0,0,-0.611237,0.0392003,-0.699218,0.34798,2.96597,2.24895,3.29615,-0.369102,4.15739,3.11019,0.491768,0.0444785,0.111005,-0.398722,-0.0147728,3.37319,0.46042,-0.674397,9.96574,3.72415,0.0588767,0.0156449,0.997874,-0.490625,18.7875,30.2678,811.986,363.531,-1648.77,26.483,29.19,307.294,-472380,-42708.4,-814.706,-18891.7,-494591,22174,-487632,1497.67,1249.49,-492.759,1889,-12020,124627,29968.8,-120559,4602.06,-607.023,-3653.8,1229.61,-981.392,-583.279,-174.788,79105.8,38.5384,78165.7,32.5766,-199.307,3.09447,-303.712,-86.368,-19960.9,-4527.57,19293.4
12.12,-5.65449,-1.94724,-0.51552,-0.843299,0.0859833,19.8277,-0.66471,-2.14688,0.703984,1.52942,5.08179,-2.34585,2.30471,-3.37969,3.35212,-0.40709,-0.29997,-344.4,4.1899,-4.15353,3.14312,3.83135,0.52213,-4.60493,-1.73243,-7.09376,-0.465913,-6.80849,-3.67209,-4.0604,-1.80983,-6.57053,-0.635415,-6.33254,-3.39646,-3.3831,0.272405,-1.53254,-0.660709,0.0344979,-0.539317,0.0411449,40.7635,-0.709549,57.4938,0.337649,-476.417,2.95559,0.897471,2.25988,-0.0240914,3.30707,2.96696,-0.358122,2.05073,4.14507,0.00293949,3.09787,-0.0198701,0.479989,-0.110086,1.43539,-1.10648,-1.87531,2.73089,201.073,32.9514,-90.1377,120.707,872.885,41.1119,-111.268,140.082,174.294,-5.87308e+06,-322.58,868.591,-831668,9.25705,-35.5966,29.2141,0,19.0454,-9.36176,11.9745,-10.1624,7.2391,2.83806,-8.42489,4.28527,-4.89721,-24.0165,-15.5401,38.7102,-2.86247,11.834,-2.65843,-12.1907,1.42847,-0.556395,-0.96003,-0.19407,1.28601,-0.174217,-0.163,0.151317,0.179529,0.611125,-0.0437997,-6.39725,-2.38392,-1.0204,0.286537,-0.694358,12.0511,2.66045,-25.2707,103.017,-3.19779,0.280887,-0.0220753,-5.65292,-1.9817,0.0344979,0,3958,-1.38778e-17,4.44089e-16,-1.55431e-15,0,3.46945e-18,3.25261e-18,5.55112e-17,-2.21351e-15,-2.1272e-15,-1.67488e-15,0,-0.709549,1.83753,0.337599,-0.00881439,3.14159,2.25988,-0.00361797,3.30707,0.445044,-0.392699,4.14507,0.000439562,3.09798,-0.00298052,0.523599,0,0,0,-0.584804,0.0411449,-0.709549,0.337649,2.95559,2.25988,3.30707,-0.358122,4.14507,3.09787,0.479989,0.0448384,0.214175,-0.0834358,9.02804e-06,0.102644,-0.0261325,-0.0244501,0.0226976,-0.0478398,0.0589723,0.0156767,0.997966,0.904683,8.42863,17.8871,-95.138,-55.4439,-196.31,22.2921,-1.70048,309.572,-806.304,-5886.55,22246.6,-756932,-2.71592e+07,1.22398e+06,-1.97795e+07,790.628,555.701,-316.333,911.121,25.3995,310.248,304.575,39.3065,2576.09,-366.078,-1959.12,634.659,-536.795,-310.799,-20.811,4.48624e+06,-5.87767,3.16473e+06,32.8181,-87.2785,-0.18027,-144.311,2358.38,-50.0687,-624.04,-6.21856
12.16,-5.65288,-1.94894,-0.491681,-0.842898,0.0876707,19.4536,-0.665663,-2.26244,0.574489,2.53047,3.03684,-2.30949,2.30134,-3.35858,3.3499,-0.270474,-0.30552,-344.475,4.17857,-7.2331,3.13029,1.91468,0.50969,-4.60348,-1.73097,-7.09379,-0.467429,-6.80751,-3.66955,-4.05903,-1.80885,-6.57113,-0.638672,-6.32848,-3.39931,-1.5832,0.29684,-4.61249,-0.626355,0.032718,-0.585715,0.0427482,23.2262,-0.710585,37.1709,0.336613,-5.55825,2.9546,0.169985,2.25642,0.167322,3.30361,2.53213,-0.361555,1.43269,4.13365,0.0482182,3.08645,0.34777,0.4686,-0.104938,1.39115,-1.18758,-1.82081,2.7429,220.151,20.6504,-58.9632,42.9743,443.34,26.7578,-75.0756,49.7608,102.888,-365.668,-3.59502,9.99325,-0.40886,-3.9633,-34.7857,29.4398,0,19.1331,1.56769,11.6762,-10.1669,6.87303,-1.36456,-7.45998,3.92267,-3.98387,-19.2855,-11.9533,41.5308,-3.15348,7.2436,-4.00201,-14.0001,1.60466,-0.277493,-14.6998,0.228266,30.1741,-4.00365,0.141608,2.00462,0.17675,0.595982,0.010035,-9.35287,-5.25682,44.8122,0.908993,-0.250973,13.7946,-1.88587,-102.543,13.2886,-1.88565,0.266257,-0.0109837,-5.6515,-1.98163,0.032718,0,3965,-1.38778e-17,1.02696e-15,-1.38778e-16,-1.00614e-15,1.38778e-17,2.08167e-17,-8.32667e-17,-5.20417e-16,3.03577e-17,1.49186e-16,0,-0.710585,1.18829,0.336606,0.35109,3.14159,2.25642,0.0251255,3.30364,0.379819,-0.392699,4.13365,0.00725532,3.08659,0.0521655,0.523599,0,0,0,-0.560443,0.0427482,-0.710585,0.336613,2.9546,2.25642,3.30361,-0.361555,4.13365,3.08645,0.4686,0.0449225,0.240275,-0.0415924,0.000151186,-0.208897,-0.600548,0.0212411,0.300693,-0.26492,0.0589947,0.0156841,0.99807,1.21262,-0.43986,6.77192,-70.6302,-155.982,-13005.4,8.39338,4.68074,272.606,36.395,-5481.84,-5797.41,668.214,99.4022,-374.513,-60.2031,137.655,15.9764,-76.4894,93.0604,-71.2463,161.174,100.009,93.4216,654.799,-93.6588,-387.379,126.927,-160.478,-90.5083,-1378.71,-19.4017,-16.5359,3.51263,28.8993,-0.507838,0.496211,-12.8146,-614.591,-26.8625,-581.137,-15.0912
12.2,-5.65287,-1.95055,-0.468935,-0.84506,0.0904543,19.1399,-0.661268,-2.31946,0.512217,-2.6271,3.05701,-2.25053,2.28679,-3.27404,3.33515,-0.0846069,-0.322049,-617.657,4.17998,-584.131,3.13008,1.15142,0.657635,-4.60421,-1.73055,-7.09489,-0.464032,-6.80301,-3.67383,-4.05941,-1.80602,-6.57477,-0.642835,-6.32444,-3.40279,-1.72266,0.383165,-581.658,-0.59373,0.0311181,-0.621575,0.0455318,12.8408,-0.70619,25.1155,0.341007,-4.40222,2.95902,-0.17651,2.24187,0.13592,3.28907,2.04198,-0.376075,1.34521,4.13506,-0.115536,3.08786,139.662,0.47015,-0.100266,1.35133,-1.24099,-1.77369,2.73962,162.225,13.6811,-40.5523,19.9944,196.905,18.5885,-53.57,23.0823,60.5329,243.901,-2.75737,7.82473,-1.11616,-10.6338,-34.7057,29.7976,0,19.9897,5.74462,11.5023,-10.0219,6.77138,-3.00973,-6.22369,3.35299,-3.01699,-16.1397,-14.5483,40.1452,-1.56742,5.1022,-2.39596,-13.2971,0.795671,-0.414314,-13455.8,-797.802,6539.95,-457.807,80.1806,187407,0.17421,0.568641,-0.0540616,-7.84233,-6.66072,-37.2554,1.47406,1.49881,14.9671,-6829.53,-14525,-10.4659,-1.10998,0.262796,-0.016381,-5.6515,-1.98163,0.0311181,0,3965,-1.38778e-17,1.66533e-16,9.71445e-17,-7.87564e-16,5.89806e-17,5.81132e-17,1.66533e-16,-2.41127e-16,-4.14599e-16,-3.55271e-15,0,-0.70619,0.803266,0.341025,0.0313297,3.14159,2.24187,0.0204359,3.28912,0.306296,-0.392699,4.13506,0.00320828,3.08814,20.9493,0.523599,0,0,0,-0.536603,0.0455318,-0.70619,0.341007,2.95902,2.24187,3.28907,-0.376075,4.13506,3.08786,0.47015,0.0449225,0.051964,-0.0503045,27.5374,1520.18,-68.6711,12.0271,28111.1,-423.838,0.0589947,0.0156841,0.998164,1.79057,-2.46468,3.76727,79.3291,-204.183,-31834.6,-9.70921,34.7507,253.134,-133490,-253784,119311,35.1666,-748.38,-282.034,-26.6309,85.4475,-71.141,-55.5674,-18.7465,233.545,-1.01549e+06,-1179.5,252902,566.325,-78.4516,-247.017,84.9278,-161.756,-91.5601,-3374.83,119.844,-21.6457,-8.94359,26.835,14.3942,3.68396,5.90972,12648.4,186768,-26903.9,-40439.2
12.24,-5.65401,-1.95091,-0.453288,-0.851867,0.092818,19.088,-0.663794,-2.44423,0.474545,-1.59932,1.9622,-2.21027,2.28096,-3.22433,3.32649,-0.00905074,-0.328196,-618.078,4.18065,-10.7218,3.13339,10.1376,0.515067,-4.6055,-1.72576,-7.09805,-0.463493,-6.80062,-3.67593,-4.06089,-1.80261,-6.57899,-0.645378,-6.32214,-3.40473,-0.790287,0.430356,-8.10347,-0.563314,0.0308091,-0.662404,0.0479676,7.74816,-0.708644,19.3365,0.338553,930.8,2.95656,0.123759,2.23611,-0.337551,3.2833,1.92745,-0.381892,0.788747,4.1358,-0.0468352,3.0886,-0.0113377,0.47071,-0.0960925,1.31608,-1.30625,-1.73212,2.75275,115.756,10.2273,-31.6092,14.9866,78.1876,14.6133,-43.4216,17.2826,39.9406,-2.0752e+07,574.17,-1670.37,-4.66668e+06,-3.56003,-34.8854,29.8294,0,22.3998,-2.38424,11.7198,-9.81728,7.2842,-1.81767,-5.59178,2.94359,-2.82084,-10.9604,-8.44529,43.5935,-1.82163,0.926338,-5.23298,-15.0249,0.923662,-0.17187,-0.860393,0.743695,6.1792,-0.437291,-0.0296419,0.0556096,0.171925,0.391175,-0.170165,-1.29725,-9.77222,-0.718054,1.00638,2.59548,14.5013,-10.5303,-189.708,241.12,-0.731881,0.282656,-0.00678679,-5.65272,-1.98169,0.0308091,0,3959,-1.38778e-17,3.747e-16,5.27356e-16,-3.55271e-15,7.97973e-17,7.45931e-17,0,7.5287e-16,-1.10773e-15,1.12757e-17,0,-0.708644,0.61759,0.338561,-0.00884681,3.14159,2.23611,-0.0506377,3.2833,0.289118,-0.392699,4.1358,-0.00702333,3.0887,-0.00170065,0.523599,0,0,0,-0.513786,0.0479676,-0.708644,0.338553,2.95656,2.23611,3.2833,-0.381892,4.1358,3.0886,0.47071,0.0448505,0.138475,-0.0257727,3.05386e-06,0.0973113,-0.0655937,-0.00444629,0.00834144,-0.133444,0.0589755,0.0156778,0.998183,1.75082,-6.13726,-0.201244,165.737,-298.5,10539.1,-25.0018,50.5886,245.049,-367165,1.193e+07,-1.48334e+07,1380.28,-4.81153e+07,-1.30578e+06,4.2066e+07,-276.515,-587.414,133.635,-630.991,-457.228,-366.893,-106.488,-585.688,-983.573,138.795,942.123,-330.131,197.479,111.908,1117.26,7.81383e+06,-31.6443,-6.73058e+06,25.9779,97.0251,5.36296,104.086,-1.57251e+06,58.4226,1.26471e+06,93.6648
12.28,-5.65372,-1.95124,-0.44191,-0.858683,0.0943642,19.0896,-0.663961,-2.47635,0.47103,-1.60345,2.81712,-2.18279,2.27943,-3.19435,3.32285,-0.0137957,-0.329023,-622.363,4.17263,-9.193,3.12579,6.59251,0.507584,-4.60543,-1.7235,-7.09953,-0.464535,-6.80016,-3.67362,-4.06084,-1.80048,-6.58073,-0.647142,-6.3196,-3.40609,-1.68085,0.45753,-6.57479,-0.542942,0.0304643,-0.70502,0.0494898,7.29826,-0.708836,18.9122,0.338362,244.485,2.95633,0.299375,2.23455,-0.692772,3.28175,2.02621,-0.383369,0.617126,4.12776,-0.146912,3.08056,-0.047704,0.462859,-0.0934528,1.29352,-1.38618,-1.70632,2.79589,113.838,9.63646,-30.7575,14.8549,63.866,13.9259,-42.5997,17.124,37.9201,-1.36937e+06,146.321,-437.578,-327973,1.67165,-35.0521,30.1026,0,24.5596,-8.75321,11.9538,-9.78178,7.69476,-1.27278,-5.6438,2.92823,-2.95779,-13.9633,-20.02,38.2643,-0.260375,1.8404,0.941926,-12.5009,0.133831,-0.267122,-0.235471,-0.312924,0.733466,-0.00952274,-0.0817749,0.0775701,0.170446,0.284466,-0.170407,0.038879,-10.5723,-0.83538,0.687102,3.30696,14.2472,-107.122,-151.689,174.087,-0.691841,0.297312,-0.010499,-5.65231,-1.98167,0.0304643,0,3961,1.38778e-17,1.94289e-16,5.13478e-16,0,-1.04083e-17,-1.04083e-17,5.55112e-17,9.58435e-16,-1.3366e-15,-1.19761e-15,0,-0.708836,0.60423,0.338332,-0.00884834,3.14159,2.23455,-0.103814,3.28182,0.303932,-0.392699,4.12776,-0.0220218,3.08085,-0.0071556,0.523599,0,0,0,-0.498163,0.0494898,-0.708836,0.338362,2.95633,2.23455,3.28175,-0.383369,4.12776,3.08056,0.462859,0.0448745,0.020053,-0.0400403,1.17397e-05,0.401461,-0.00142841,-0.0122662,0.0116355,-0.0373987,0.0589819,0.0156799,0.998203,1.58387,-4.33887,1.19999,23.7747,-222.946,136.007,-15.238,66.3782,267.177,-4423.49,-5185.51,-2395.15,-314.563,91187.6,-68.4004,-6095.64,-158.921,-403.642,69.7558,-422.931,-19.8091,-42.3418,-46.6445,2.23454,-490.773,69.3571,540.323,-190.218,92.9476,51.7148,14.4183,-16225.9,-23.6347,968.193,28.3238,67.4551,7.03683,70.7276,-253.912,6.65082,-549.722,-0.505707
12.32,-5.65259,-1.94891,-0.446872,-0.870659,0.0948294,19.0734,-0.661734,-2.48235,0.474615,-5.16164,3.03438,-2.18075,2.2836,-3.20608,3.32504,-0.0221753,-0.324433,-636.25,4.16879,-13.4259,3.12089,9.6196,0.504863,-4.60454,-1.72167,-7.09974,-0.464764,-6.79945,-3.6696,-4.05978,-1.79741,-6.5802,-0.64524,-6.31779,-3.40407,-1.90052,0.443391,-10.8099,-0.528334,0.0327442,-0.742538,0.0498829,7.65844,-0.706681,19.1338,0.340517,-4.55765,2.95851,0.504748,2.23865,-1.02651,3.28585,2.13101,-0.379308,0.253646,4.12384,-0.111926,3.07665,-0.0600708,0.458777,-0.0916177,1.27775,-1.4588,-1.68745,2.84114,120.924,9.56217,-31.3264,15.1174,66.9523,13.5898,-42.6532,17.0402,38.1412,47.2408,-2.59497,7.9553,-0.23166,8.34789,-34.9956,30.1401,0,26.4953,-16.2403,12.1647,-9.74011,8.11213,-0.517395,-5.63953,2.8525,-3.12073,-19.0601,-28.0766,33.4022,-0.0916088,3.73109,5.28925,-10.0039,0.0473913,-0.168058,0.0488284,0.0920769,-0.0819634,0.000505182,-0.0559945,0.0565896,0.169392,-0.124052,-0.299408,-0.403577,-10.5616,-114.182,0.0509541,3.11789,14.0405,-347.185,-257.608,253.561,-0.702694,0.31243,-0.00658884,-5.65109,-1.98161,0.0327442,0,3967,1.38778e-17,-1.38778e-16,2.77556e-17,-5.48173e-16,1.14492e-16,1.11022e-16,5.55112e-17,-6.88468e-17,2.09468e-16,2.09874e-16,0,-0.706681,0.626627,0.340516,0.0194953,3.14159,2.23865,-0.153917,3.28588,0.319651,-0.392699,4.12384,-0.0167856,3.07677,-0.00901062,0.523599,0,0,0,-0.486856,0.0498829,-0.706681,0.340517,2.95851,2.23865,3.28585,-0.379308,4.12384,3.07665,0.458777,0.0449465,0.00710567,-0.0252015,3.64375e-06,0.434838,7.57774e-05,-0.00839918,0.00848844,0.00306636,0.0590011,0.0156863,0.998068,1.60452,-2.36818,2.6004,-10.2652,-199.889,-6078.8,-9.26375,66.3337,271.281,23824.2,-3170.46,6887.46,180.771,-446.416,-267.741,-36.2917,45.5148,-104.416,-43.9089,-78.8289,34.2536,62.3461,40.8409,58.2486,421.014,-58.5303,-157.988,54.8861,-118.022,-65.0472,-644.421,73.4921,-21.1905,-1.52341,28.7588,19.6927,7.03212,15.8777,730.147,-10.0185,-336.105,-9.43044
12.36,-5.65026,-1.94677,-0.460323,-0.880027,0.0936148,19.0706,-0.664923,-2.48134,0.472405,2.65969,3.03055,-2.19686,2.29035,-3.24198,3.33119,-0.0238758,-0.317773,-1055.94,4.1757,3176.61,3.13514,0.595571,-0.204867,-4.60178,-1.71972,-7.09701,-0.464917,-6.7972,-3.66969,-4.05727,-1.7972,-6.57629,-0.641977,-6.31723,-3.40112,-1.89789,0.406978,3179.95,-0.534811,0.0347747,-0.771169,0.0485242,7.73335,-0.710014,19.3437,0.337183,-5.82208,2.95517,0.534427,2.24526,-1.12553,3.29245,2.17223,-0.372802,-2.06153,4.13061,1.02001,3.08342,-718.67,0.465219,-0.0924683,1.28456,-1.5401,-1.69625,2.92312,125.193,9.47016,-31.772,15.2968,64.9682,13.5221,-43.4847,17.2679,38.3143,-801.544,-3.27815,10.3012,-7.10145,9.69344,-34.9557,30.5522,0,27.1501,-18.2788,12.2874,-9.90609,8.31961,-0.464045,-5.57427,2.79627,-3.2032,35.3064,51.5208,85.1684,-25.4136,-19.4689,-35.6389,-36.0446,12.9948,1.67883,-271629,23314,24530.2,-9422.31,-411.102,-1.22042e+06,0.169833,-0.336282,-0.234179,-0.0712502,-10.5468,31.038,-0.402695,2.389,13.9953,-10492.2,79493.6,54.1739,-0.699139,0.317195,0.0652507,-5.64865,-1.98151,0.0347747,0,3979,2.77556e-17,3.05311e-16,3.19189e-16,3.747e-16,-2.08167e-17,-2.08167e-17,-5.55112e-17,-7.25114e-16,1.29757e-15,-1.42109e-14,0,-0.710014,0.632565,0.337174,-0.00780656,3.14159,2.24526,-0.16894,3.29239,0.325835,-0.392699,4.13061,0.229112,3.08321,-107.801,0.523599,0,0,0,-0.491962,0.0485242,-0.710014,0.337183,2.95517,2.24526,3.29245,-0.372802,4.13061,3.08342,0.465219,0.0450906,2.94705,0.295479,129.066,40421.6,-1413.35,-61.6654,-183063,-8149.33,0.0590394,0.015699,0.997947,1.22546,1.68412,3.77324,-0.187081,-215.293,-37366.6,1.1067,50.0391,283.845,-9.36654e+07,3.69324e+08,3.253e+06,474.867,-1874.88,-808.101,3010.33,317.853,345.356,-186.464,427.076,35955.2,-4.72538e+07,-4.7459e+07,-2.87071e+06,1561.44,-222.165,-1089.56,370.419,-362.06,-202.669,-3961.28,396.184,-22.8235,-487.288,30.0907,-52.9314,5.3047,-65.8578,344854,7.55641e+06,3.91525e+07,456465
12.4,-5.64829,-1.94598,-0.471771,-0.885594,0.0930068,19.0382,-0.66536,-2.43976,0.474682,0.602291,3.03186,-2.21518,2.29583,-3.27534,3.33738,-0.0134105,-0.312641,-1059.41,4.17052,-14.6596,3.12382,9.38069,0.505784,-4.59969,-1.71969,-7.09521,-0.46643,-6.79739,-3.6662,-4.0552,-1.79738,-6.57352,-0.640622,-6.31614,-3.39993,-1.85534,0.374686,-12.0416,-0.55235,0.0354769,-0.777189,0.0477961,7.87279,-0.710571,19.5315,0.336627,-4.89702,2.95464,0.421932,2.25061,-1.0043,3.29781,2.14369,-0.36743,0.00326279,4.12531,0.0130509,3.07812,-0.0695014,0.460144,-0.0947589,1.30364,-1.58421,-1.72187,2.98808,128.511,9.59594,-32.4055,15.4204,65.8425,13.6921,-44.3444,17.3968,38.6922,-97.689,-2.76414,8.75009,-0.225547,6.02363,-35.0113,31.0799,0,26.4835,-14.8302,12.3227,-10.1754,8.25722,-0.978808,-5.5125,2.80044,-3.1817,-20.9739,-28.9186,35.021,-0.305673,3.99567,5.4765,-10.3822,0.157672,-0.137784,0.799626,1.13667,-1.01996,0.0200457,-0.0514105,0.060117,0.171086,-0.286207,-0.139189,-0.810873,-9.50298,1.39538,-0.457898,1.69216,14.2578,-86.6701,-288.407,252.173,-0.70292,0.312979,-0.0053294,-5.64662,-1.98141,0.0354769,0,3989,1.38778e-17,3.46945e-16,-4.16334e-17,-1.15359e-15,-3.46945e-18,-6.93889e-18,0,1.27936e-16,-2.5327e-16,-2.60209e-16,0,-0.710571,0.639126,0.33665,0.0193277,3.14159,2.25061,-0.150729,3.29776,0.321553,-0.392699,4.12531,0.00195672,3.07814,-0.0104252,0.523599,0,0,0,-0.505534,0.0477961,-0.710571,0.336627,2.95464,2.25061,3.29781,-0.36743,4.12531,3.07812,0.460144,0.0452107,0.0236493,-0.0206667,6.67645e-07,0.0720791,0.00300685,-0.00771158,0.00901755,-0.00951176,0.0590713,0.0157096,0.997904,1.55155,6.50674,6.3045,-17.9378,-192.163,-67696.2,6.37095,35.3113,304.17,979627,5.82889e+06,-5.08885e+06,1253.43,-1291.73,-1754.47,-44.5835,704.114,897.904,-398.836,1066.76,204.357,381.784,422.894,-90.482,3302.69,-471.276,-2426.23,810.008,-737.693,-408.147,-7176.55,208.823,-20.3714,0.117619,32.2455,-140.735,3.74339,-167.544,-539475,-60.9921,617927,14.3012
12.44,-5.64957,-1.94704,-0.473453,-0.883751,0.0920737,19.0796,-0.665987,-2.49862,0.46946,-1.70875,3.03022,-2.22139,2.2954,-3.28163,3.33843,-0.000861945,-0.313406,-1399.91,4.17268,-251.557,3.12514,1.87854,0.401782,-4.60079,-1.7219,-7.09522,-0.466466,-6.79947,-3.66765,-4.05635,-1.79993,-6.57358,-0.640825,-6.31878,-3.40037,-1.91778,0.370214,-248.834,-0.567293,0.0344705,-0.776081,0.0469471,7.46252,-0.711113,19.0914,0.336084,7.5278,2.95409,0.153754,2.25027,-0.756273,3.29747,2.07406,-0.367713,0.268642,4.12756,-0.0663612,3.08036,-102.38,0.462354,-0.0967051,1.32044,-1.60586,-1.74351,3.02842,124.378,9.44462,-31.9812,15.2795,55.7389,13.5504,-43.9795,17.2501,37.035,4123.84,4.36571,-13.8466,-917.057,-1.71506,-35.1511,31.6824,0,25.4535,-7.37694,12.2685,-10.4399,8.00035,-2.09084,-5.50546,2.87918,-3.08007,-23.1645,-32.0294,33.7668,-0.593409,5.13728,6.89215,-9.55283,0.304983,-0.356492,-2222.84,5053.82,-3496.5,147.541,-58.6621,116534,0.17219,-0.0420323,0.0460731,1.03623,-10.9796,-3.78496,-0.155291,1.52428,14.5559,-8512.64,-6210.78,7.67152,-0.673171,0.303546,-0.013802,-5.64804,-1.98148,0.0344705,0,3982,1.38778e-17,6.93889e-17,-2.63678e-16,2.77556e-16,1.73472e-17,1.04083e-17,-2.77556e-17,-3.90313e-17,5.7891e-16,-3.55271e-15,0,-0.711113,0.624107,0.336098,-0.0088633,3.14159,2.25027,-0.113432,3.29748,0.311109,-0.392699,4.12756,-0.00937566,3.08035,-15.357,0.523599,0,0,0,-0.516898,0.0469471,-0.711113,0.336084,2.95409,2.25027,3.29747,-0.367713,4.12756,3.08036,0.462354,0.0451266,0.0449149,-0.0531442,-0.658933,815.961,22.1311,-8.79932,17480.1,-106.042,0.059049,0.0157022,0.997965,2.00375,4.08965,2.90587,10.4471,-234.261,14988.8,7.62196,29.3528,305.215,1.27085e+06,688158,425483,-1208.7,-12176.5,-2208.42,46800,572.596,652.29,-329.831,797.561,3103.28,-3.48378e+06,2.55747e+06,-1.56638e+06,2784.82,-399.187,-1973.97,659.824,-632.313,-351.602,1588.98,1276.05,-24.8343,-7496.58,32.3562,-100.573,3.11172,-123.647,45106,566696,72952.5,250649
12.48,-5.65093,-1.94764,-0.471799,-0.88049,0.0917391,19.0643,-0.662336,-2.46596,0.477212,-1.60174,2.58572,-2.22579,2.29659,-3.29049,3.3399,0.0118894,-0.312465,-1400.36,4.18169,-1.48681,3.1399,-1.5205,0.517176,-4.60238,-1.72502,-7.09635,-0.467386,-6.79888,-3.67234,-4.05766,-1.80106,-6.5745,-0.64111,-6.32063,-3.40074,-1.43288,0.361878,1.13591,-0.569422,0.0339374,-0.768265,0.0466966,8.08279,-0.707378,19.6317,0.339819,425.526,2.95783,0.140477,2.25155,-0.7094,3.29875,2.03202,-0.366425,-0.955023,4.13665,0.582829,3.08945,-0.256472,0.471448,-0.0969591,1.32289,-1.58835,-1.7459,3.01509,130.87,9.832,-33.0229,15.4728,68.9158,13.8649,-44.7159,17.3239,39.0397,-5.36044e+06,244.735,-771.695,-1.20745e+06,-2.22646,-35.0651,31.5317,0,25.0928,-6.61539,12.2298,-10.4227,7.94439,-2.12912,-5.40947,2.82537,-3.02681,-6.18246,-8.29833,47.5977,-3.35814,-2.45826,-5.38704,-16.3194,1.69972,0.746648,0.826336,0.760392,6.42697,-0.769098,0.134333,-0.231611,0.172353,0.0413517,0.0815345,-0.382021,-10.1036,-0.782536,-0.110006,1.33247,14.6724,-11.3382,41.1922,-49.3137,-0.716719,0.303009,0.0290696,-5.64946,-1.98154,0.0339374,0,3975,2.77556e-17,3.747e-16,7.63278e-16,-1.77636e-15,3.81639e-17,3.81639e-17,0,4.80518e-16,8.56953e-16,-3.46945e-17,0,-0.707378,0.647803,0.33984,-0.00885451,3.14159,2.25155,-0.106381,3.29877,0.304804,-0.392699,4.13665,0.0874285,3.08944,-0.0384708,0.523599,0,0,0,-0.518495,0.0466966,-0.707378,0.339819,2.95783,2.25155,3.29875,-0.366425,4.13665,3.08945,0.471448,0.0450425,0.254969,0.112,1.12362e-06,-0.23342,-0.115365,0.0201499,-0.0347416,0.101912,0.0590266,0.0156947,0.997997,1.91746,-1.18055,-2.45852,-12.1531,-185.598,-1320.83,2.3128,24.1797,288.029,-428011,1.38619e+06,-1.74078e+06,-12533,3.05343e+06,23125.3,-1.93459e+06,158.165,40.8005,-102.73,93.7531,-2570.62,-1110.19,-53.7152,2807.02,966.751,-134.971,-554.603,184.641,-241.53,-137.167,-140.023,-509971,-19.6755,309526,30.5343,-2.92523,2.56332,-11.2437,-184542,177.765,146952,-448.596
12.52,-5.65094,-1.94839,-0.467005,-0.877478,0.0921868,19.0655,-0.657124,-2.48094,0.480001,-5.16004,3.03887,-2.22513,2.29729,-3.29337,3.34089,0.0320761,-0.312116,-1402.07,4.17786,9.7578,3.13223,-15.3573,0.510793,-4.60284,-1.72788,-7.09705,-0.468885,-6.79932,-3.67149,-4.05773,-1.8011,-6.5751,-0.642277,-6.31998,-3.40179,-1.89822,0.359638,12.3792,-0.567262,0.0331861,-0.760427,0.0471443,7.81589,-0.702167,19.2508,0.345031,-4.61381,2.96302,0.0973382,2.25225,-0.662003,3.29945,1.97671,-0.365758,-0.167763,4.13282,0.198371,3.08562,-0.0591819,0.467533,-0.0966773,1.32046,-1.5645,-1.74293,2.99089,126.634,9.71458,-32.4447,15.2635,62.9556,13.6786,-43.8258,17.0907,37.9118,58.4929,-2.62288,8.2111,-0.237381,-3.38315,-34.9291,31.3138,0,24.7547,-5.37936,12.1745,-10.3743,7.86164,-2.29989,-5.29524,2.7658,-2.95436,-14.8634,-20.6216,40.4364,-0.670863,0.978827,0.939773,-12.8984,0.34178,0.10853,-0.014443,-0.0111271,0.0260499,-0.000831376,0.0358587,-0.0357739,0.172198,0.119843,0.0752855,0.0286,-10.4785,-112.946,0.0165294,1.27812,14.907,-42.7314,322.212,-371.227,-0.697269,0.300362,0.00423307,-5.64946,-1.98154,0.0331861,0,3975,1.38778e-17,2.22045e-16,3.60822e-16,-1.2837e-16,-5.55112e-17,-5.89806e-17,-1.11022e-16,3.48679e-16,-2.44596e-16,-2.46063e-16,0,-0.702167,0.635101,0.345031,0.0140884,3.14159,2.25225,-0.0993216,3.29943,0.296506,-0.392699,4.13282,0.0297685,3.08553,-0.00887728,0.523599,0,0,0,-0.516841,0.0471443,-0.702167,0.345031,2.96302,2.25225,3.29945,-0.365758,4.13282,3.08562,0.467533,0.0450425,0.0512841,0.0162831,1.78742e-06,-0.101604,-0.000124706,0.00537881,-0.00536609,-0.000230816,0.0590266,0.0156947,0.998041,1.61256,-1.60615,-2.31896,16.3902,-215.688,3303.85,2.18356,24.3128,295.801,-886.088,29022.8,-13200.4,85.0808,-547.6,-386.939,-39.8897,92.2361,-22.1427,-63.5305,12.1173,48.048,83.9216,-96.696,0.309156,646.488,-86.8394,-331.43,110.095,-171.361,-96.4326,350.245,89.891,-22.8653,-0.860086,31.3582,6.56213,2.57743,1.17899,-1399.39,-13.3381,3076.74,-0.0720977
12.56,-5.65068,-1.94634,-0.474433,-0.883772,0.0930093,19.0239,-0.660675,-2.425,0.478627,-2.92682,3.0321,-2.22779,2.2969,-3.2955,3.34061,0.0367102,-0.312703,-1402.54,4.18889,-5.18987,3.14036,1.62347,0.524402,-4.60243,-1.72259,-7.09777,-0.467318,-6.795,-3.67503,-4.05759,-1.79774,-6.57591,-0.640993,-6.31853,-3.4003,-1.83689,0.357814,-2.57391,-0.560913,0.0352167,-0.757965,0.0479428,7.71085,-0.705741,19.2173,0.341456,-4.78711,2.95945,0.0392947,2.25183,-0.641556,3.29903,1.95808,-0.366258,0.566152,4.14382,-0.184496,3.09662,-0.0815957,0.478264,-0.0958232,1.3132,-1.54842,-1.73429,2.96829,124.909,9.64954,-32.1458,15.2381,62.7351,13.6916,-43.7293,17.1375,37.8713,-63.1287,-2.73363,8.53028,-0.175679,-4.73668,-34.7935,31.1326,0,24.6524,-4.2282,12.1236,-10.3107,7.79599,-2.54706,-5.27476,2.75759,-2.92622,-24.4449,-35.3606,31.9142,-0.828181,6.05717,8.16982,-8.32426,0.41402,-0.518487,0.607557,0.90039,-0.479897,0.0312111,-0.185818,0.202766,0.171714,-0.18571,-0.157331,-1.03991,-9.1117,-81.1534,-0.0664721,1.21481,15.0009,-11.5626,-51.2045,56.6907,-0.696212,0.29845,-0.020263,-5.64906,-1.98152,0.0352167,0,3977,0,4.30211e-16,1.52656e-16,-9.42822e-16,5.89806e-17,5.55112e-17,-5.55112e-17,5.91974e-16,-1.17267e-15,-1.20737e-15,0,-0.705741,0.630942,0.341458,0.0228639,3.14159,2.25183,-0.0963633,3.29893,0.293713,-0.392699,4.14382,-0.027694,3.09626,-0.0122393,0.523599,0,0,0,-0.512071,0.0479428,-0.705741,0.341456,2.95945,2.25183,3.29903,-0.366258,4.14382,3.09662,0.478264,0.0450666,0.0621758,-0.0778362,-3.85252e-05,0.106113,0.00468166,-0.0278728,0.0304149,-8.6294e-05,0.059033,0.0156969,0.997921,2.09487,-0.565053,0.0300767,-3.06167,-185.084,-39318.7,0.543492,25.5045,305.48,2312.62,1848.16,-121.204,655.387,-564.527,-742.103,15.4836,211.635,115.198,-133.922,178.479,101.313,144.636,-176.493,-0.156467,1241.68,-171.277,-754.019,250.871,-300.275,-173.256,-4168.22,94.6156,-19.621,-12.1183,32.3843,-14.4989,2.70376,-24.5227,-12.849,-23.1428,195.926,-0.142116
12.6,-5.65073,-1.94526,-0.484324,-0.892453,0.0937521,19.0725,-0.65921,-2.51832,0.473567,4.61122,3.03507,-2.22964,2.29605,-3.2941,3.33996,0.0365506,-0.313447,-8996.01,4.19068,-22031.4,3.13795,-7.62053,2.51922,-4.60271,-1.72112,-7.09867,-0.466559,-6.79329,-3.67561,-4.05776,-1.79547,-6.57693,-0.640593,-6.3175,-3.3997,-1.93823,0.359303,-22030.8,-0.570672,0.0363055,-0.762196,0.0486855,7.2093,-0.704277,18.6498,0.342921,-5.14693,2.96092,0.0228217,2.25099,-0.609985,3.29819,1.95974,-0.367017,2.16997,4.14561,-0.953226,3.09842,2014.2,0.480431,-0.0971133,1.32422,-1.57714,-1.75152,3.01081,119.968,9.40806,-31.5241,15.074,50.1202,13.4382,-43.0719,16.9297,35.728,-320.006,-2.95618,9.24665,-1.26198,-5.43808,-35.1219,31.6898,0,24.6096,-3.59227,12.2089,-10.5001,7.79645,-2.6136,-5.3287,2.82744,-2.92607,-40.5747,-62.3946,18.7189,-11.1571,19.5935,21.5083,-1.60185,5.56027,-1.93141,-2.37818e+06,-45907.1,-656.353,-10076.9,1163.59,8.40961e+06,0.172427,-0.247272,-0.217036,1.21521,-11.4349,85.0033,-0.0464022,1.22872,14.9964,-189837,-550708,-151.237,-0.652732,0.296447,-0.0749575,-5.64906,-1.98152,0.0363055,0,3977,0,-3.05311e-16,-5.55112e-16,-3.36536e-16,3.46945e-18,3.46945e-18,2.77556e-17,-3.54924e-15,5.7454e-15,4.26326e-14,0,-0.704277,0.613002,0.34293,-0.00703003,3.14159,2.25099,-0.0915117,3.29817,0.293961,-0.392699,4.14561,-0.134472,3.09842,302.131,0.523599,0,0,0,-0.5195,0.0486855,-0.704277,0.342921,2.96092,2.25099,3.29819,-0.367017,4.14561,3.09842,0.480431,0.0450666,0.791456,-0.284788,35.5198,316498,-1511.53,174.538,1.26144e+06,-51785.1,0.059033,0.0156969,0.997857,1.85953,-0.543946,-1.35013,32.279,-238.587,9362.76,0.966639,21.953,291.906,2.44543e+07,2.33579e+07,-1.88329e+07,750.472,112.677,-664.054,68.641,191.241,109.408,-120.317,166.203,-136138,-6.09866e+07,67832.7,-7.08103e+07,1122.85,-153.201,-682.731,227.728,-274.57,-159.219,992.557,-14.7798,-25.2929,-18.7176,30.9454,-14.0212,2.32727,-23.0304,-1.9965e+06,9.56713e+06,2.4762e+06,1.1335e+07
12.64,-5.65093,-1.94511,-0.490954,-0.898066,0.0938277,19.0331,-0.654426,-2.46318,0.4857,4.03837,3.04173,-2.23076,2.29557,-3.29298,3.33953,0.0320754,-0.313814,-9770.16,4.18983,8195.11,3.11962,-8.60505,2.86685,-4.60326,-1.72339,-7.0989,-0.466249,-6.79364,-3.67507,-4.05797,-1.7952,-6.57724,-0.640513,-6.31759,-3.3996,-1.87761,0.360363,8195.36,-0.583823,0.0364643,-0.770994,0.0487732,8.20191,-0.699481,19.7504,0.347717,-4.92198,2.96564,0.0371796,2.25051,-0.600246,3.29771,1.97503,-0.367466,-8.26995,4.14477,4.28405,3.09758,2355.11,0.479551,-0.0988953,1.33943,-1.62377,-1.77358,3.07355,133.328,9.98423,-33.5827,15.4946,68.0478,14.0745,-45.379,17.4142,39.3255,-112.248,-2.82727,8.90336,-0.244329,-5.39453,-35.535,32.4,0,24.7157,-3.68186,12.3335,-10.7384,7.85159,-2.56019,-5.39212,2.90003,-2.94666,85.7875,90.9437,99.8742,-148.894,39.4533,-55.0914,-41.9607,74.3131,7.06282,-3.25432e+06,-29648.2,-23107.1,42998.3,1362.83,-3.14597e+06,0.173414,-0.165744,-0.140328,-0.984787,-10.0611,85.2795,-0.0278533,1.24459,14.8849,-19353.7,204956,-175.875,-0.717072,0.298109,0.27368,-5.64926,-1.98153,0.0364643,0,3976,-1.38778e-17,1.20737e-15,4.85723e-16,-1.02349e-15,-3.81639e-17,-3.46945e-17,5.55112e-17,-1.43344e-13,-2.42639e-13,-3.41061e-13,0,-0.699481,0.649266,0.34765,0.0209723,3.14159,2.25051,-0.0900187,3.29773,0.296255,-0.392699,4.14477,0.606326,3.09755,353.266,0.523599,0,0,0,-0.529379,0.0487732,-0.699481,0.347717,2.96564,2.25051,3.29771,-0.367466,4.14477,3.09758,0.479551,0.0450546,10.4845,1.0385,48.5527,430815,6449.74,204.425,-471896,-71998.6,0.0590298,0.0156958,0.997848,1.73446,1.78128,1.39872,-25.7825,-178.128,-60923.9,0.180058,23.5076,292.471,-1.30256e+11,7.10364e+11,-6.07932e+08,896.17,-610.542,-1021.13,40.398,348.703,371.649,-207.997,459.204,-300475,4.47765e+08,318500,4.47795e+08,1834.54,-241.512,-1241.88,414.872,-439.185,-254.154,-6458.62,101.629,-18.8836,-14.455,31.0052,-56.2149,2.49207,-70.1436,-6.44476e+07,-7.1641e+07,7.53065e+10,-7.16488e+07
