t,x,y,theta0,phi1,theta1,phi2,theta2,phi3,theta3,phi4,theta4,phi5,theta5,phi6,theta6,phi7,theta7,phi8,theta8,phi9,theta9,phi10,theta10,x1,Y1,x2,y2,x3,y3,Trix[1],Triy[1],Trix[2],Triy[2],Trix[3],Triy[3],varphi1,varphi2,varphi3,z21,z22,z31,z32,z41,z42,z51,z52,z61,z62,z71,z72,z81,z82,z91,z92,z101,z102,z111,z112,z121,z122,al21,al22,al31,al32,al33,al41,al42,al43,al44,al51,al52,al53,al54,al55,al61,al62,al63,al66,al71,al72,al73,al76,al77,al81,al82,al83,al88,al91,al92,al93,al99,al101,al102,al103,al1010,al111,al112,aL113,al1110,al1111,al121,al122,al123,al1210,,al1211,al1212u1,u2,u3,u4,u5,u6,u7,u8,u9,u10,u11,u12,v1,v2,v3,PSx,PSy,d,d0d,Q,nh1,nh2,nh3,nh4,nh5,nh6,nh7,nh8,nh9,nh10,thetap1d,thetap2d,dthetap2d,thetap3d,dthetap3d,thetap4d,thetap5d,dthetap5d,thetap6d,dthetap6d,thetap7d,thetap8d,dthetap8d,thetap9d,dthetap9d,thetap10d,deltap1d,delta2d,delta3d,thetap0,thetap1,thetap2,thetap3,thetap4,thetap5,thetap6,thetap7,thetap8,thetap9,thetap10,thetaT,K81,K82,K83,K84,K91,K92,K93,K94,sr.Cs, sr.Cs1, 1 - sr.d*sr.Cs,b4,b5,b6,b7,b8,b9,b10,b11,b12
0,-6.50019,-2.00307,0,0,-7.41308e-05,0.523599,-0.523605,-0.523605,0.523592,-5.29874e-05,3.14159,-2.61799,2.22706,-3.27426,3.27426,0.392274,-0.390937,-3.66519,4.19121,-3.14401,3.14401,-0.523831,0.526019,0,0,0,0,0,0,0,0,0,0,0,0,0,0,0,0,0,0,0,0,0,0,0,0,0,0,0,0,0,0,0,0,0,0,0,0,0,0,0,0,0,0,0,0,0,0,0,0,0,0,0,0,0,0,0,0,0,0,0,0,0,0,0,0,0,0,0,0,0,0,0,0,0,0,0,0,0,0,0,0,0,0,0,0,0,0,0,0,0,0,0,0,0,0,0,0,0,0,0,0,0,0,0,0,0,0,0,0,0,0,0,0,0,0,0,0,0,0,3.14159,0,0,0,0,-0.392699,0,0,0,0,0.523599,0,0,0,0,0,0,0,0,0,0,0,0,0,0,0,0,0,0,0,0,0,0,0,0,0,1,0,0,0,0,0,0,0,0,0
0.02,-6.50019,-2.00307,0.0308397,0.0466686,-7.41308e-05,0.587256,-0.523605,-0.455226,0.52359,0.0546061,3.14161,-2.15231,2.22706,-3.13092,3.28255,0.525863,-0.390943,-4.37849,4.19121,-4.60139,3.13258,-1.61308,0.52601,-5.45019,-2.00318,-7.80859,-0.407785,-7.77593,-3.6648,-4.90019,-2.00318,-7.30008,-0.617365,-7.30029,-3.38865,0.0683452,0.542568,-1.99482,0,-0.00306544,-0.0475001,-7.41308e-05,-0.0461482,-0.523605,-0.0480666,0.523592,-0.0473555,3.14159,-3.43609,2.22706,2.03827,3.27426,-0.0477789,-0.390937,4.41512,4.19121,-2.26962,3.14401,-0.047396,0.526019,-0.0474143,1.00015,-0.011915,-1.25018,1.25018,0.00104347,8.89018,-17.7804,8.89091,-0.0267494,-4.44514,8.89028,-8.89098,4.44621,-0.0125894,2.99485e-05,-5.99048e-05,-1.11136,-27.869,-22.3056,14.0862,0,6.26379,10.4093,5.96376,-4.78783,0.897275,0.582332,0.00492622,-0.00214104,-0.278003,34.2935,-23.1087,15.4203,5.11127,0.223729,3.80638,-3.82785,-2.54494,-0.0156057,0.0323098,-0.00975147,0.00488622,0.00322994,-0.00520259,0.00519598,0.200029,1.54198,2.33343,3.18288,3.41898,2.73295,23.2841,7.16651,6.67945,-35.6648,-72.8689,-54.4623,0,0,-0,-6.5,-2,-0.00306544,0,0,-0,-0,-0,0,-0,0,0,0,0,0,0,-0.523605,-0.00958035,0.523592,-0.0094711,3.14159,2.22706,0.407655,3.27425,-0.00955578,-0.392699,4.19121,-0.453916,3.14401,-0.0094792,0.523599,0,0,0,0,-7.41308e-05,-0.523605,0.523592,3.14159,2.22706,3.27426,-0.390937,4.19121,3.14401,0.526019,0,-0.508979,-0.0031211,2.02285e-08,0.080684,0.000645987,-0.00104052,0.0010392,0.0005654,0.0474074,0.0117992,1.00015,38.1237,-13.8601,0.762529,229.195,-83.4296,0.0814302,-274.192,91.9211,-0.0190731
0.04,-6.50021,-2.00333,0.0519303,0.0771922,-8.25831e-05,0.625229,-0.523606,-0.434121,0.522456,0.0740385,3.14161,-2.18645,2.22722,-3.25012,3.2722,0.411975,-0.390782,-4.25245,4.19143,-3.14857,3.15362,-0.517912,0.526205,-5.45021,-2.00345,-7.80863,-0.408124,-7.77591,-3.66516,-4.90021,-2.00346,-7.30009,-0.61762,-7.30032,-3.3889,0.0883146,0.412862,-0.521155,0.0308543,-0.00332657,-0.0276914,-8.25831e-05,-0.0349756,-0.523606,-0.337239,0.523592,-0.0473551,3.14159,0.762163,2.22722,-0.604444,3.27442,-0.049435,-0.390771,-4.88367,4.19143,2.30164,3.14423,-0.0538801,0.52624,-0.0475039,1.00111,0.0128284,-1.25139,1.25292,-0.261479,9.23874,-18.5001,9.27498,-1.22737,-4.78939,9.59055,-9.27507,4.61969,-0.322349,3.13318e-05,-6.27488e-05,-1.07125,11.2531,-26.1605,12.1848,0,14.8429,-9.85739,8.33292,-3.61061,4.49918,-0.789277,0.00688965,-0.00156777,-1.39399,-114.069,-38.6384,15.5529,37.5889,96.2608,11.5239,-3.88237,-18.7086,8.14328,6.31811,-0.021309,0.00540303,0.0258751,2.71483,-2.71107,0.200127,1.05453,1.52618,1.89865,4.47427,3.70474,-1.70701,1.21528,0.987424,6.30203,-0.217315,0.297172,0.207784,0.231612,0.422929,-6.5,-2,-0.00332657,0,0,0,-5.20417e-18,-3.99418e-18,-1.90735e-17,-3.46945e-17,-3.46945e-17,-4.52112e-17,3.46945e-17,-1.38778e-17,1.92988e-17,0,-0.523606,-0.0529559,0.523591,-0.00947062,3.14159,2.22722,-0.120889,3.27442,-0.00988701,-0.392699,4.19143,0.460319,3.14423,-0.010776,0.523599,0,0,0,0.0308397,-8.25831e-05,-0.523606,0.523592,3.14159,2.22722,3.27442,-0.390771,4.19143,3.14423,0.52624,0,-3.74166,1.62863,-1.05536e-05,5.86456,0.00517502,0.542966,-0.542214,0.24988,0.0474074,0.0117992,1.00016,16.4383,2.20297,0.824543,-46.4051,20.7411,0.327011,356.556,-118.44,-1.23256
0.06,-6.50021,-2.0034,0.0653128,0.096142,-8.48534e-05,0.647909,-0.523606,-0.422275,0.52183,0.0848911,3.14161,-2.18881,2.22727,-3.24375,3.27365,0.419545,-0.390734,-4.18121,4.19149,-3.12831,3.147,-0.504266,0.526271,-5.45021,-2.00353,-7.80864,-0.408222,-7.7759,-3.66527,-4.90021,-2.00354,-7.30009,-0.617694,-7.30033,-3.38898,0.0995342,0.420633,-0.507589,0.0519854,-0.0034024,-0.0157977,-8.48534e-05,-0.0527833,-0.523606,-0.497927,0.523592,-0.0473558,3.14159,0.117191,2.22727,-0.252448,3.27447,-0.0491963,-0.390723,-1.61234,4.19149,0.628656,3.14429,-0.0517824,0.526304,-0.0476692,1.00286,0.0277237,-1.25359,1.25768,-0.664229,9.47202,-19.0058,9.54148,-1.64055,-5.01485,10.0625,-9.54157,4.7022,-0.482886,3.17317e-05,-6.36792e-05,-1.04549,2.49806,-25.7673,12.4507,0,12.9849,-2.23823,8.07821,-3.7601,3.87272,-0.256461,0.00689537,-0.00170246,-1.1999,-27.7727,-32.8862,15.5776,21.2014,19.6796,8.64552,-3.87914,-10.5511,5.37378,1.18886,-0.0177611,0.00553111,0.0149485,1.79153,-1.78899,0.200302,0.669125,0.947491,1.13399,5.06659,4.24741,-0.11767,1.5359,1.36653,3.56188,0.798882,0.979801,0.211413,0.199284,0.278984,-6.5,-2,-0.0034024,0,0,0,3.46945e-18,6.78685e-18,-3.02594e-17,-1.73472e-17,-1.9082e-17,-1.40946e-17,-1.38778e-17,-1.38778e-17,-2.49366e-17,0,-0.523606,-0.0770589,0.523591,-0.00947052,3.14159,2.22727,-0.0504896,3.27447,-0.00983927,-0.392699,4.19149,0.125729,3.1443,-0.0103565,0.523599,0,0,0,0.0519303,-8.48534e-05,-0.523606,0.523592,3.14159,2.22727,3.27447,-0.390723,4.19149,3.14429,0.526304,0,-2.11019,1.07474,-6.96404e-06,1.27321,0.0029897,0.358306,-0.357798,0.0462258,0.0474074,0.0117992,1.00016,3.04368,12.0943,0.856675,-8.41688,6.68586,0.203077,108.805,-33.0206,-0.268389
0.08,-6.49991,-2.00347,0.0740269,0.108141,-8.59114e-05,0.662148,-0.523798,-0.414344,0.521284,0.0909707,3.14142,-2.1848,2.22738,-3.23924,3.27398,0.424758,-0.390627,-4.1583,4.19167,-3.11774,3.14465,-0.495588,0.526426,-5.44991,-2.0035,-7.80836,-0.408347,-7.77556,-3.6654,-4.89991,-2.00361,-7.29979,-0.617763,-7.30003,-3.38904,0.107109,0.425366,-0.499515,0.0654166,-0.00347277,-0.00871724,-8.59114e-05,-0.0718141,-0.523798,-0.589285,0.523399,-0.047253,3.14139,-0.0200129,2.22738,-0.198132,3.27458,-0.0491378,-0.390614,-0.403506,4.19167,-0.00288334,3.14447,-0.0509588,0.52646,-0.0478182,1.00444,0.0366384,-1.25556,1.26183,-0.998206,9.62278,-19.3416,9.71558,-1.76943,-5.15766,10.3669,-9.71446,4.74358,-0.569927,9.67011e-05,-0.000194394,-1.02956,0.843256,-25.7766,12.5036,0,12.6226,-0.936235,8.07404,-3.78097,3.71779,-0.183544,0.00694557,-0.00172578,-1.15184,-5.1426,-30.8061,15.6201,16.6248,2.98788,7.59336,-3.88506,-8.2709,4.36476,0.0544073,-0.0162776,0.00554044,0.0117148,1.45527,-1.45321,0.20046,0.435701,0.59993,0.711957,5.45774,4.55098,0.2002,1.76704,1.63204,1.14541,1.33664,1.42154,0.213305,0.191325,0.22662,-6.5,-2,-0.00347277,0,0,-3.46945e-18,-3.46945e-18,7.10491e-18,-7.12185e-18,3.1225e-17,3.38271e-17,3.78387e-17,-5.24754e-17,-5.33427e-17,-6.63532e-17,0,-0.523798,-0.0907728,0.523398,-0.00944825,3.14159,2.22738,-0.0396266,3.27458,-0.00982756,-0.392699,4.19167,-0.000575984,3.14445,-0.0101918,0.523599,0,0,0,0.0653128,-8.59114e-05,-0.523798,0.523399,3.14139,2.22738,3.27458,-0.390614,4.19167,3.14447,0.52646,0,-1.6543,0.872994,2.06792e-05,0.315392,0.00234295,0.291055,-0.290642,0.00142263,0.0474074,0.0117992,1.00016,-4.75338,17.9682,0.934347,-2.48618,4.85959,0.15361,22.6818,-3.53223,-0.107205
0.1,-6.49903,-2.00353,0.0798545,0.116361,-0.000100059,0.672116,-0.523992,-0.408324,0.520869,0.0950599,3.14123,-2.1814,2.2275,-3.23671,3.27407,0.427679,-0.390507,-4.15225,4.19179,-3.11353,3.1441,-0.491635,0.526543,-5.44903,-2.00347,-7.80749,-0.408457,-7.77467,-3.6655,-4.89903,-2.00369,-7.2989,-0.617811,-7.29917,-3.38909,0.112904,0.427865,-0.49597,0.0741319,-0.0035321,-0.00453484,-0.000142729,-0.0833979,-0.524034,-0.646821,0.523163,-0.0471648,3.14116,-0.0431288,2.22746,-0.204905,3.27466,-0.0491467,-0.390535,-0.111269,4.19174,-0.169088,3.14455,-0.050872,0.526535,-0.047944,1.00566,0.0419422,-1.2571,1.26493,-1.20628,9.72241,-19.5661,9.83324,-1.84981,-5.25089,10.5675,-9.83092,4.76968,-0.62334,0.000160453,-0.00032298,-1.01959,0.611325,-25.8536,12.5064,0,12.5868,-0.792665,8.1147,-3.77437,3.67774,-0.189283,0.0070414,-0.00173534,-1.13937,-0.369422,-30.2657,15.6578,15.616,-0.175628,7.31197,-3.8926,-7.76748,4.13411,-0.175219,-0.0163169,0.00570291,0.011299,1.37841,-1.37641,0.200582,0.29138,0.411043,0.498406,5.7535,4.7551,0.169906,1.89935,1.78347,0.302321,1.55301,1.62184,0.214531,0.189296,0.214683,-6.4991,-2,-0.0035321,0,4,0,0,5.19062e-18,-5.19062e-18,2.08167e-17,1.73472e-17,9.48677e-18,-6.85216e-17,-7.02563e-17,-7.10152e-17,0,-0.524034,-0.0994158,0.523161,-0.00942867,3.14159,2.22746,-0.040981,3.27466,-0.00982933,-0.392699,4.19174,-0.033819,3.14453,-0.0101744,0.523599,0,0,0,0.0739842,-0.000142729,-0.524034,0.523163,3.14116,2.22746,3.27466,-0.390535,4.19174,3.14455,0.526535,4.26693e-05,-1.55359,0.826855,1.69497e-05,0.101025,0.0022598,0.275682,-0.275281,-0.00749082,0.047418,0.0118027,1.00017,-9.02412,21.4379,1.01937,-3.52946,5.53781,0.130218,0.64877,4.16023,-0.0882042
0.12,-6.4976,-2.00359,0.0839409,0.122579,-0.00011511,0.680054,-0.524198,-0.403075,0.520509,0.0981926,3.14103,-2.17932,2.22761,-3.23536,3.27414,0.429162,-0.390399,-4.15027,4.19189,-3.1122,3.14406,-0.490274,0.526649,-5.4476,-2.00344,-7.80606,-0.408557,-7.77322,-3.6656,-4.8976,-2.00377,-7.29744,-0.617856,-7.29776,-3.38914,0.117994,0.429172,-0.49479,0.0799201,-0.00358885,-0.00149334,-0.000232463,-0.0913629,-0.524315,-0.687106,0.522883,-0.0470799,3.14088,-0.0472474,2.22749,-0.215667,3.27469,-0.0491577,-0.390501,-0.0631196,4.19178,-0.206206,3.14458,-0.0509432,0.526567,-0.0480472,1.00656,0.0458206,-1.25823,1.26727,-1.35621,9.79402,-19.729,9.91952,-1.90264,-5.31747,10.7118,-9.91594,4.78788,-0.660122,0.000227986,-0.000459421,-1.01263,0.602942,-25.9157,12.5052,0,12.5871,-0.809669,8.14843,-3.76762,3.65949,-0.200565,0.00706784,-0.00172934,-1.13365,0.422746,-30.1494,15.6888,15.4514,-0.711416,7.24427,-3.89923,-7.68415,4.10875,-0.224419,-0.0165771,0.00583816,0.0114202,1.37,-1.36796,0.200672,0.204323,0.310895,0.396885,6.01057,4.91155,0.10413,1.97221,1.86296,0.0990878,1.62469,1.69256,0.215397,0.188384,0.213401,-6.49753,-2,-0.00358885,0,11,-6.93889e-18,-1.73472e-17,-1.4447e-17,1.43928e-17,2.42861e-17,2.60209e-17,3.17671e-17,3.81639e-17,3.98986e-17,2.6563e-17,0,-0.524315,-0.105473,0.522881,-0.00940949,3.14159,2.22749,-0.0431335,3.27469,-0.00983153,-0.392699,4.19178,-0.0412431,3.14456,-0.0101886,0.523599,0,0,0,0.0797371,-0.000232463,-0.524315,0.522883,3.14088,2.22749,3.27469,-0.390501,4.19178,3.14458,0.526567,0.000117353,-1.53693,0.821785,1.70431e-05,0.0284699,0.00228404,0.274,-0.273593,-0.00929115,0.0474366,0.011809,1.00017,-11.3732,23.6275,1.11504,-5.09917,6.28748,0.122367,-4.38338,6.00245,-0.0883982
0.14,-6.49563,-2.00365,0.0870023,0.12777,-0.000138351,0.687097,-0.52444,-0.398088,0.520144,0.100799,3.14079,-2.17827,2.22772,-3.23479,3.27422,0.429826,-0.390291,-4.14969,4.19204,-3.11204,3.14416,-0.489799,0.526794,-5.44563,-2.0034,-7.80408,-0.408651,-7.77125,-3.66571,-4.89563,-2.00387,-7.29544,-0.617895,-7.29582,-3.38918,0.122854,0.429717,-0.494671,0.083949,-0.00364698,0.00119802,-0.000341077,-0.0972714,-0.524643,-0.719261,0.522554,-0.047006,3.14055,-0.0482406,2.22752,-0.222649,3.27471,-0.0491723,-0.390478,-0.0561443,4.19184,-0.217183,3.14464,-0.0511423,0.526628,-0.0481313,1.00722,0.0492586,-1.25908,1.26916,-1.47871,9.85154,-19.861,9.99077,-1.94432,-5.37074,10.8281,-9.98566,4.80246,-0.689145,0.000290862,-0.000586701,-1.00714,0.629391,-25.9557,12.5074,0,12.5739,-0.836342,8.17038,-3.76442,3.6451,-0.207683,0.00708276,-0.00172518,-1.12912,0.569063,-30.1262,15.7159,15.4469,-0.821204,7.22361,-3.90479,-7.67999,4.11719,-0.239556,-0.0173611,0.00613441,0.0119715,1.37283,-1.37069,0.200738,0.153069,0.259555,0.352151,6.25337,5.04015,0.0523849,2.00625,1.90157,0.0292507,1.64009,1.71739,0.216094,0.187662,0.213864,-6.49573,-2,-0.00364698,0,19,3.46945e-18,3.46945e-18,8.99888e-18,-3.3014e-17,3.29597e-17,3.29597e-17,3.48571e-17,5.0307e-17,4.68375e-17,2.71051e-17,0,-0.524643,-0.110314,0.522553,-0.00939252,3.14159,2.22752,-0.04453,3.27471,-0.00983447,-0.392699,4.19184,-0.0434386,3.14462,-0.0102285,0.523599,0,0,0,0.0837382,-0.000341077,-0.524643,0.522554,3.14055,2.22752,3.27471,-0.390478,4.19184,3.14464,0.526628,0.000202726,-1.53609,0.823471,1.64743e-05,-0.0105877,0.0023943,0.274566,-0.274138,-0.00979529,0.0474579,0.0118161,1.00017,-12.742,25.1749,1.22477,-6.24847,6.79017,0.116961,-6.07647,6.63,-0.102099
0.16,-6.49327,-2.00371,0.0895258,0.132788,-0.000175048,0.694392,-0.524739,-0.392531,0.519737,0.103431,3.1405,-2.17805,2.22777,-3.23465,3.27426,0.429554,-0.39024,-4.14992,4.19211,-3.11227,3.14422,-0.490216,0.526868,-5.44327,-2.00336,-7.80168,-0.408711,-7.76892,-3.66578,-4.89327,-2.00399,-7.29303,-0.61793,-7.29351,-3.38921,0.128297,0.429842,-0.494918,0.0869152,-0.00371155,0.00385909,-0.000495196,-0.102146,-0.525059,-0.747923,0.522139,-0.0469556,3.14013,-0.0495247,2.22745,-0.225536,3.27465,-0.0491885,-0.390545,-0.0571365,4.19179,-0.220307,3.14459,-0.0512856,0.526585,-0.048209,1.00773,0.0526647,-1.25974,1.2708,-1.59081,9.90261,-19.9794,10.0559,-1.98096,-5.41808,10.9322,-10.0491,4.81552,-0.714745,0.000344351,-0.000695297,-1.00229,0.652502,-25.9801,12.5148,0,12.5413,-0.845982,8.18275,-3.76465,3.63,-0.210102,0.00706621,-0.00171762,-1.12441,0.591514,-30.1305,15.7389,15.4883,-0.838398,7.21962,-3.90991,-7.69959,4.13236,-0.244505,-0.017833,0.00631165,0.0123296,1.37789,-1.37568,0.200789,0.126174,0.250857,0.36474,6.52419,5.16878,0.0110886,2.01562,1.89076,-0.0114373,1.63205,1.69661,0.216716,0.186898,0.214668,-6.49325,-2,-0.00371155,0,30,0,-6.93889e-18,-3.90313e-18,-2.02475e-17,-8.67362e-18,-1.04083e-17,-1.85941e-17,3.46945e-18,6.93889e-18,2.49366e-18,0,-0.525059,-0.114634,0.522137,-0.00938042,3.14159,2.22745,-0.0451073,3.27465,-0.0098377,-0.392699,4.19179,-0.0440633,3.14458,-0.0102571,0.523599,0,0,0,0.0866821,-0.000495196,-0.525059,0.522139,3.14013,2.22745,3.27465,-0.390545,4.19179,3.14459,0.526585,0.000320147,-1.54,0.826502,1.48917e-05,-0.043558,0.00246592,0.275578,-0.275136,-0.00991357,0.0474871,0.0118259,1.00018,-13.2055,26.2558,1.36214,-7.09195,7.09162,0.139376,-7.00978,6.91762,-0.0853578
0.18,-6.49064,-2.00378,0.0917968,0.137887,-0.000216111,0.701991,-0.524986,-0.386937,0.519373,0.10632,3.14026,-2.17837,2.22778,-3.23478,3.27427,0.428751,-0.390224,-4.15057,4.19208,-3.11255,3.1442,-0.491249,0.526843,-5.44064,-2.00336,-7.799,-0.408756,-7.76636,-3.6658,-4.89064,-2.00413,-7.29034,-0.617967,-7.29094,-3.38925,0.13377,0.429718,-0.495191,0.0893299,-0.00378276,0.00697507,-0.0006644,-0.105746,-0.525435,-0.778635,0.521763,-0.0469182,3.13975,-0.0499034,2.22734,-0.225465,3.27453,-0.0491817,-0.390659,-0.0588085,4.19163,-0.219603,3.14444,-0.0512885,0.526429,-0.0482818,1.00816,0.056648,-1.26031,1.27246,-1.70103,9.95508,-20.1025,10.1262,-2.03298,-5.46741,11.0415,-10.1181,4.83061,-0.742016,0.000391728,-0.000791843,-0.997335,0.69426,-25.993,12.5283,0,12.4859,-0.853953,8.18785,-3.76827,3.61274,-0.209098,0.00694226,-0.00168758,-1.11903,0.608813,-30.1496,15.7597,15.5593,-0.836382,7.22617,-3.91529,-7.73526,4.15052,-0.24457,-0.0176313,0.00624453,0.0122378,1.38395,-1.38176,0.200832,0.113553,0.254967,0.379975,6.79843,5.31135,-0.0159491,2.01024,1.8527,-0.0327169,1.617,1.64524,0.217418,0.186016,0.21562,-6.49056,-2,-0.00378276,0,42,-6.93889e-18,6.93889e-18,2.57498e-18,-5.09033e-17,2.08167e-17,2.25514e-17,2.81893e-17,2.42861e-17,2.77556e-17,1.4962e-17,0,-0.525435,-0.11926,0.521761,-0.00937093,3.14159,2.22734,-0.0450931,3.27453,-0.00983634,-0.392699,4.19163,-0.0439222,3.14442,-0.0102577,0.523599,0,0,0,0.0890775,-0.0006644,-0.525435,0.521763,3.13975,2.22734,3.27453,-0.390659,4.19163,3.14444,0.526429,0.000448289,-1.54713,0.830131,1.33505e-05,-0.0650749,0.00244756,0.27679,-0.276352,-0.00986481,0.047519,0.0118366,1.00018,-13.6157,27.355,1.48747,-7.58433,7.20973,0.175442,-7.47387,7.00036,-0.0358774
0.2,-6.48775,-2.00385,0.0938876,0.142949,-0.000250693,0.709755,-0.525309,-0.381126,0.518933,0.108898,3.13994,-2.17905,2.22781,-3.23516,3.2743,0.427752,-0.390197,-4.15152,4.19205,-3.11303,3.14418,-0.49248,0.526817,-5.43775,-2.00331,-7.79607,-0.408808,-7.76352,-3.66583,-4.88775,-2.00425,-7.2874,-0.618006,-7.2881,-3.38929,0.139457,0.429339,-0.495666,0.091491,-0.00385108,0.0105292,-0.00082717,-0.111313,-0.525886,-0.809688,0.521312,-0.0468586,3.1393,-0.0491726,2.22723,-0.223732,3.27443,-0.0491877,-0.390762,-0.0580853,4.19148,-0.217765,3.14428,-0.0512909,0.526274,-0.0483514,1.00855,0.0611882,-1.26083,1.27421,-1.84241,10.0101,-20.2331,10.2002,-2.05844,-5.51934,11.1575,-10.1907,4.84467,-0.769098,0.000454402,-0.000919646,-0.992028,0.756865,-25.9981,12.5462,0,12.4138,-0.866485,8.18862,-3.77432,3.59378,-0.206147,0.00687088,-0.00167252,-1.11313,0.668554,-30.1777,15.7817,15.6455,-0.849476,7.23751,-3.92097,-7.7785,4.16894,-0.243035,-0.0174348,0.00617699,0.0121553,1.3901,-1.38792,0.200872,0.104537,0.253109,0.388176,7.08335,5.43941,-0.0340567,1.99225,1.80475,-0.0474731,1.59159,1.584,0.218069,0.185043,0.21658,-6.48786,-2,-0.00385108,0,54,0,-6.93889e-18,9.75782e-19,2.33103e-17,-6.93889e-18,-8.67362e-18,-2.0112e-17,9.71445e-17,9.71445e-17,9.15067e-17,0,-0.525886,-0.123938,0.52131,-0.0093564,3.14159,2.22723,-0.0447464,3.27443,-0.00983755,-0.392699,4.19148,-0.0435543,3.14427,-0.0102582,0.523599,0,0,0,0.0912204,-0.00082717,-0.525886,0.521312,3.1393,2.22723,3.27443,-0.390762,4.19148,3.14428,0.526274,0.000576477,-1.55577,0.833811,1.189e-05,-0.0773115,0.00243106,0.278019,-0.277584,-0.00977323,0.047551,0.0118472,1.00018,-14.1615,28.5479,1.63618,-7.84303,7.21227,0.207974,-7.74755,6.99109,0.0134151
0.22,-6.48464,-2.00391,0.0958872,0.14816,-0.00028387,0.717908,-0.525663,-0.374979,0.518459,0.111427,3.1396,-2.18017,2.22789,-3.23604,3.2744,0.426515,-0.390112,-4.15287,4.19209,-3.11395,3.14422,-0.493906,0.526856,-5.43464,-2.00323,-7.79292,-0.408892,-7.76044,-3.66589,-4.88464,-2.00437,-7.28424,-0.618047,-7.28503,-3.38933,0.145475,0.428471,-0.496584,0.0934494,-0.00392026,0.0142675,-0.00100996,-0.116602,-0.526389,-0.841752,0.520809,-0.0468009,3.1388,-0.0478416,2.22717,-0.221087,3.27436,-0.0492695,-0.390827,-0.0561056,4.19137,-0.215277,3.14417,-0.051388,0.526162,-0.0484238,1.00892,0.0659711,-1.26133,1.27601,-1.98719,10.0667,-20.3686,10.2782,-2.08657,-5.57309,11.2781,-10.2674,4.85943,-0.796765,0.00052029,-0.00105437,-0.986601,0.830198,-25.9966,12.5654,0,12.3325,-0.881382,8.18679,-3.78171,3.5742,-0.202101,0.00709439,-0.00173034,-1.10706,0.750278,-30.2136,15.806,15.7408,-0.870172,7.25127,-3.92676,-7.82539,4.18727,-0.240415,-0.0176618,0.00625893,0.0123706,1.39621,-1.394,0.200909,0.0999804,0.260565,0.407637,7.38554,5.5657,-0.0559205,1.95256,1.74472,-0.0674618,1.54717,1.51303,0.218749,0.184035,0.217536,-6.48471,-1.99999,-0.00392026,0,68,0,6.93889e-18,-9.54098e-18,3.38813e-17,-3.46945e-18,-1.73472e-18,-7.91468e-18,9.88792e-17,1.02349e-16,1.11239e-16,0,-0.526389,-0.128768,0.520806,-0.00934192,3.14159,2.22717,-0.0442174,3.27436,-0.00985391,-0.392699,4.19137,-0.0430567,3.14416,-0.0102776,0.523599,0,0,0,0.0931615,-0.00100996,-0.526389,0.520809,3.1388,2.22717,3.27436,-0.390827,4.19137,3.14417,0.526162,0.00072609,-1.56514,0.837476,1.12992e-05,-0.0907265,0.00247411,0.279243,-0.278801,-0.00964359,0.0475882,0.0118597,1.00019,-14.5392,29.6988,1.80193,-8.09351,7.1744,0.22946,-8.06853,6.95617,0.0501776
0.24,-6.48132,-2.00398,0.0978349,0.153563,-0.000319388,0.726479,-0.526059,-0.368535,0.517936,0.113873,3.13921,-2.18161,2.22797,-3.2371,3.27449,0.424979,-0.390036,-4.15449,4.19212,-3.11506,3.14427,-0.495604,0.526886,-5.43132,-2.00314,-7.78957,-0.408968,-7.75716,-3.66594,-4.88132,-2.00449,-7.28088,-0.618085,-7.28176,-3.38937,0.151784,0.42743,-0.497679,0.0953057,-0.00398931,0.0183138,-0.00120585,-0.122219,-0.526945,-0.875694,0.520252,-0.0467839,3.13824,-0.0476122,2.22708,-0.21645,3.27428,-0.049342,-0.390912,-0.0555594,4.19123,-0.21077,3.14404,-0.0514776,0.52603,-0.0484978,1.00927,0.0711524,-1.26182,1.27794,-2.14487,10.1268,-20.5135,10.3624,-2.11254,-5.6307,11.4081,-10.3509,4.87515,-0.825579,0.000561893,-0.0011403,-0.980824,0.89526,-25.9895,12.5889,0,12.236,-0.882207,8.18146,-3.79122,3.55179,-0.195757,0.00727307,-0.00177942,-1.1001,0.813167,-30.2589,15.8317,15.8548,-0.872498,7.26993,-3.93299,-7.88171,4.20848,-0.235113,-0.0178353,0.00631987,0.0125591,1.40329,-1.40105,0.200944,0.0973848,0.270148,0.428559,7.70482,5.68824,-0.0721262,1.9034,1.6697,-0.0812818,1.493,1.42848,0.219465,0.18288,0.218639,-6.48134,-1.99999,-0.00398931,0,83,0,-1.38778e-17,-4.11997e-18,2.82977e-17,6.93889e-18,8.67362e-18,-3.46945e-18,-7.11237e-17,-7.11237e-17,-8.08815e-17,0,-0.526945,-0.133875,0.520251,-0.00933623,3.14159,2.22708,-0.04329,3.27428,-0.00986841,-0.392699,4.19123,-0.0421552,3.14402,-0.0102955,0.523599,0,0,0,0.0950007,-0.00120585,-0.526945,0.520252,3.13824,2.22708,3.27428,-0.390912,4.19123,3.14404,0.52603,0.000886461,-1.5764,0.841718,1.08936e-05,-0.102289,0.00251183,0.280658,-0.280211,-0.00941045,0.0476282,0.0118731,1.00019,-14.9124,30.9057,1.98533,-8.18698,7.04787,0.256551,-8.21289,6.83119,0.0927243
0.26,-6.4778,-2.00405,0.099768,0.159205,-0.000358317,0.735541,-0.526483,-0.361564,0.517384,0.116382,3.1388,-2.18334,2.22803,-3.23831,3.27458,0.423143,-0.389971,-4.15636,4.19214,-3.11633,3.14431,-0.497527,0.526912,-5.4278,-2.00303,-7.78601,-0.409036,-7.75369,-3.66599,-4.8778,-2.00462,-7.2773,-0.618121,-7.2783,-3.3894,0.158617,0.426241,-0.498932,0.0970993,-0.00405962,0.022673,-0.00141592,-0.128162,-0.527541,-0.909865,0.519657,-0.0464585,3.13765,-0.047513,2.22697,-0.210558,3.27417,-0.049401,-0.39102,-0.0550464,4.19108,-0.205075,3.14389,-0.0515647,0.525882,-0.0485742,1.00962,0.0767403,-1.2623,1.28002,-2.31612,10.1907,-20.6689,10.4537,-2.12874,-5.68915,11.5414,-10.4374,4.88982,-0.854841,0.000814185,-0.00165487,-0.975094,0.964354,-25.9787,12.6161,0,12.128,-0.879337,8.17355,-3.80248,3.52738,-0.188024,0.00738699,-0.0018145,-1.09253,0.879065,-30.3109,15.8594,15.9827,-0.870518,7.29208,-3.93974,-7.94497,4.23139,-0.228163,-0.0179824,0.00637035,0.0127374,1.41094,-1.40867,0.200979,0.096656,0.282095,0.453085,8.03425,5.81369,-0.0862792,1.84605,1.5798,-0.093302,1.43048,1.33268,0.220175,0.181622,0.21983,-6.47775,-1.99999,-0.00405962,0,99,-3.46945e-18,0,-5.96311e-18,3.04661e-17,6.93889e-18,8.67362e-18,7.58942e-18,-7.45931e-17,-7.45931e-17,-5.99564e-17,0,-0.527541,-0.139065,0.519655,-0.00926083,3.14159,2.22697,-0.0421117,3.27417,-0.0098802,-0.392699,4.19108,-0.0410161,3.14388,-0.0103129,0.523599,0,0,0,0.0967773,-0.00141592,-0.527541,0.519657,3.13765,2.22697,3.27417,-0.39102,4.19108,3.14389,0.525882,0.0010576,-1.58905,0.846299,1.03073e-05,-0.112871,0.00254748,0.282187,-0.281735,-0.00911475,0.0476709,0.0118874,1.00019,-15.2321,32.113,2.1766,-8.20315,6.86629,0.29045,-8.28566,6.65438,0.13982
0.28,-6.47407,-2.00411,0.101701,0.165008,-0.000399002,0.744935,-0.526926,-0.354189,0.516813,0.118917,3.13836,-2.18525,2.22809,-3.23961,3.27466,0.421134,-0.389916,-4.15837,4.19216,-3.11771,3.14436,-0.499553,0.526935,-5.42407,-2.00292,-7.78224,-0.409097,-7.75002,-3.66603,-4.87407,-2.00475,-7.27352,-0.618155,-7.27463,-3.38944,0.165852,0.424963,-0.50028,0.0988788,-0.00413085,0.0273651,-0.00162783,-0.134187,-0.528155,-0.944059,0.519042,-0.0457078,3.13703,-0.0472476,2.22686,-0.203683,3.27405,-0.0494462,-0.391138,-0.0543929,4.19093,-0.198368,3.14374,-0.0516491,0.525732,-0.0486509,1.00997,0.0827598,-1.26279,1.28227,-2.49957,10.2592,-20.8367,10.5535,-2.13627,-5.74782,11.6771,-10.5268,4.90309,-0.884743,0.0013632,-0.00277542,-0.969555,1.04148,-25.9647,12.6471,0,12.0095,-0.876198,8.16348,-3.81541,3.50118,-0.179245,0.00744572,-0.00183767,-1.0844,0.950802,-30.3691,15.8892,16.1239,-0.866257,7.31735,-3.94708,-8.01487,4.25594,-0.219771,-0.0181137,0.00641436,0.0129124,1.41913,-1.41684,0.201015,0.0966628,0.290145,0.469711,8.36066,5.93936,-0.0957001,1.78346,1.48127,-0.100245,1.36285,1.23173,0.22088,0.180271,0.221105,-6.47416,-1.99998,-0.00413085,0,115,-6.93889e-18,0,-1.06794e-17,-1.36609e-17,-3.98986e-17,-4.16334e-17,-5.45896e-17,-2.42861e-17,-2.42861e-17,-1.65883e-17,0,-0.528155,-0.144336,0.519041,-0.00908824,3.14159,2.22686,-0.0407367,3.27405,-0.00988925,-0.392699,4.19093,-0.0396745,3.14373,-0.0103298,0.523599,0,0,0,0.0985392,-0.00162783,-0.528155,0.519042,3.13703,2.22686,3.27405,-0.391138,4.19093,3.14374,0.525732,0.00122883,-1.60303,0.851209,9.81169e-06,-0.119253,0.00258248,0.283826,-0.283368,-0.00876881,0.0477136,0.0119017,1.0002,-15.6744,33.3835,2.36756,-8.10206,6.6254,0.327336,-8.22023,6.41607,0.187594
0.3,-6.47017,-2.00419,0.103684,0.171216,-0.000451422,0.754785,-0.527205,-0.346905,0.516396,0.122283,3.1381,-2.18754,2.22816,-3.24128,3.27476,0.418748,-0.389844,-4.16065,4.19219,-3.11931,3.14442,-0.501882,0.526961,-5.42016,-2.00292,-7.77827,-0.409161,-7.74617,-3.66607,-4.87017,-2.00491,-7.26954,-0.618183,-7.27079,-3.38946,0.172986,0.423326,-0.501858,0.100637,-0.00420627,0.0322552,-0.00187298,-0.137976,-0.528626,-0.981158,0.518571,-0.044993,3.13656,-0.0467288,2.22674,-0.196351,3.27393,-0.0495205,-0.39126,-0.0537361,4.19077,-0.191038,3.14357,-0.0517447,0.525563,-0.0487335,1.01033,0.0890467,-1.2633,1.28468,-2.66774,10.331,-21.0139,10.6628,-2.17481,-5.8095,11.8206,-10.6253,4.91944,-0.917065,0.00190405,-0.00388366,-0.963988,1.12575,-25.9479,12.68,0,11.8849,-0.874862,8.15214,-3.82936,3.47402,-0.17002,0.00760846,-0.00188749,-1.07597,1.02457,-30.4317,15.9214,16.2737,-0.859708,7.34453,-3.95498,-8.08898,4.28156,-0.210414,-0.0182705,0.00646735,0.0131109,1.42768,-1.42536,0.20105,0.0991606,0.310393,0.492527,8.68233,6.10534,-0.114198,1.7038,1.36371,-0.114202,1.28383,1.11567,0.221724,0.178871,0.222436,-6.47013,-1.99998,-0.00420627,0,133,0,1.38778e-17,5.63785e-18,1.91904e-17,-2.51535e-17,-2.60209e-17,-2.38524e-17,-1.04083e-17,-1.12757e-17,2.05998e-18,0,-0.528626,-0.150054,0.51857,-0.00892161,3.14159,2.22674,-0.0392703,3.27393,-0.0099041,-0.392699,4.19077,-0.0382087,3.14356,-0.0103489,0.523599,0,0,0,0.10028,-0.00187298,-0.528626,0.518571,3.13656,2.22674,3.27393,-0.39126,4.19077,3.14357,0.525563,0.00142156,-1.61786,0.856334,1.07036e-05,-0.131567,0.00262218,0.285536,-0.285072,-0.00837742,0.0477617,0.0119178,1.0002,-15.9628,34.6414,2.5135,-8.11311,6.39012,0.365704,-8.27932,6.17943,0.241169
0.32,-6.46627,-2.00422,0.105316,0.177295,-0.000515505,0.764769,-0.527608,-0.339368,0.515854,0.125106,3.1377,-2.19072,2.22838,-3.24418,3.27501,0.416187,-0.389623,-4.16354,4.19229,-3.12166,3.14455,-0.504485,0.527065,-5.41626,-2.00283,-7.77433,-0.409254,-7.74234,-3.6661,-4.86627,-2.00504,-7.26555,-0.618164,-7.26698,-3.38944,0.180375,0.420459,-0.50417,0.102458,-0.00424355,0.0376043,-0.00211919,-0.145905,-0.529212,-1.01817,0.517986,-0.0443374,3.13598,-0.0446729,2.22677,-0.188755,3.27397,-0.0497506,-0.391221,-0.0518369,4.19069,-0.183105,3.14349,-0.051951,0.525484,-0.0488151,1.0107,0.0959278,-1.26383,1.28735,-2.89566,10.408,-21.2059,10.7784,-2.15574,-5.87612,11.9769,-10.7301,4.9332,-0.94827,0.00241663,-0.00493906,-0.957821,1.23594,-25.9234,12.714,0,11.7486,-0.88649,8.13915,-3.84483,3.44567,-0.160452,0.00846228,-0.0021106,-1.06723,1.12374,-30.5043,15.9594,16.4391,-0.861752,7.37442,-3.96373,-8.16974,4.30853,-0.199933,-0.0189474,0.00670494,0.0136927,1.43668,-1.43427,0.201087,0.0815659,0.303961,0.499184,9.01718,6.24195,-0.158979,1.56996,1.23735,-0.14439,1.17182,0.98593,0.22245,0.177405,0.223835,-6.46631,-1.99997,-0.00424355,0,150,6.93889e-18,0,-4.78404e-18,-4.43439e-17,-2.60209e-18,-2.60209e-18,-8.67362e-19,1.13624e-16,1.14492e-16,1.17636e-16,0,-0.529212,-0.155768,0.517984,-0.00876669,3.14159,2.22677,-0.0377512,3.27397,-0.00995012,-0.392699,4.19069,-0.0366219,3.14348,-0.0103902,0.523599,0,0,0,0.102081,-0.00211919,-0.529212,0.517986,3.13598,2.22677,3.27397,-0.391221,4.19069,3.14349,0.525484,0.00160368,-1.63401,0.861728,1.05904e-05,-0.152756,0.00273855,0.287336,-0.286854,-0.0078988,0.0478071,0.0119331,1.0002,-16.5532,36.0723,2.69722,-8.42931,6.20643,0.355054,-8.60233,5.961,0.267471
0.34,-6.46176,-2.00426,0.106896,0.18382,-0.000594209,0.775568,-0.527962,-0.331031,0.515365,0.128741,3.13736,-2.19454,2.22857,-3.2474,3.27525,0.412932,-0.389427,-4.16691,4.19239,-3.12435,3.14469,-0.5076,0.527164,-5.41176,-2.00281,-7.76976,-0.409334,-7.73792,-3.66613,-4.86176,-2.00521,-7.26094,-0.618145,-7.26259,-3.38943,0.188563,0.417282,-0.506822,0.10389,-0.00429575,0.0432211,-0.00241227,-0.1524,-0.52978,-1.05451,0.517417,-0.043472,3.13541,-0.0455242,2.22676,-0.177153,3.27395,-0.0499502,-0.391241,-0.0517933,4.19057,-0.172032,3.14337,-0.0521592,0.525366,-0.0488981,1.011,0.103163,-1.26429,1.29007,-3.11915,10.4865,-21.404,10.9011,-2.14225,-5.94016,12.1297,-10.8361,4.94615,-0.979481,0.00310258,-0.00635465,-0.952224,1.31767,-25.8868,12.7544,0,11.5891,-0.865186,8.11877,-3.86393,3.41295,-0.146633,0.00916409,-0.00230275,-1.05712,1.19477,-30.5908,15.9983,16.6307,-0.835585,7.41169,-3.97281,-8.2635,4.33855,-0.184914,-0.019591,0.00692701,0.0142701,1.4467,-1.4442,0.201117,0.079034,0.326254,0.539969,9.36932,6.40834,-0.191223,1.41856,1.07655,-0.168607,1.04194,0.830621,0.223206,0.175722,0.225403,-6.46183,-1.99997,-0.00429575,0,170,0,0,1.71846e-17,7.15573e-18,-2.42861e-17,-2.42861e-17,-3.17671e-17,-7.80626e-18,-8.67362e-18,-6.07153e-18,0,-0.52978,-0.161471,0.517415,-0.00856166,3.14159,2.22676,-0.0354308,3.27395,-0.00999004,-0.392699,4.19057,-0.0344076,3.14336,-0.0104318,0.523599,0,0,0,0.103498,-0.00241227,-0.52978,0.517417,3.13541,2.22676,3.27395,-0.391241,4.19057,3.14337,0.525366,0.00181807,-1.65278,0.867738,1.38664e-05,-0.173514,0.00285402,0.289339,-0.288839,-0.00725425,0.0478606,0.011951,1.00021,-16.5444,37.2302,2.87198,-8.42475,5.84667,0.361921,-8.71811,5.60841,0.305389
0.36,-6.45724,-2.0043,0.108377,0.190426,-0.000659489,0.786543,-0.528352,-0.32298,0.514821,0.131882,3.13699,-2.19877,2.22875,-3.2508,3.27549,0.409369,-0.38925,-4.17051,4.19249,-3.12719,3.14485,-0.510828,0.527265,-5.40724,-2.00274,-7.76519,-0.409409,-7.73346,-3.66616,-4.85724,-2.00535,-7.25633,-0.61813,-7.25816,-3.38941,0.196449,0.413931,-0.509609,0.105272,-0.00434094,0.0495113,-0.00269207,-0.16063,-0.530385,-1.09595,0.516813,-0.0429369,3.1348,-0.04597,2.22672,-0.163511,3.27391,-0.0501227,-0.391279,-0.0514318,4.19046,-0.158848,3.14326,-0.0523764,0.52525,-0.0489805,1.01129,0.11127,-1.26474,1.29311,-3.38487,10.573,-21.6241,11.0382,-2.11382,-6.01597,12.3102,-10.9615,4.96214,-1.01333,0.00356702,-0.0073233,-0.94545,1.41675,-25.8435,12.8027,0,11.4091,-0.84432,8.0938,-3.88667,3.37662,-0.130827,0.0097632,-0.00247599,-1.04588,1.27762,-30.6899,16.0412,16.8508,-0.804109,7.45529,-3.98288,-8.37141,4.37187,-0.166692,-0.0202668,0.00715783,0.0148948,1.45781,-1.45522,0.201147,0.0740505,0.330276,0.548732,9.72894,6.55524,-0.211336,1.25717,0.90046,-0.1799,0.904978,0.669707,0.224038,0.173848,0.227134,-6.45735,-1.99996,-0.00434094,0,190,-6.93889e-18,-6.93889e-18,-5.31259e-18,-1.9082e-17,-3.90313e-17,-3.81639e-17,-3.83808e-17,-3.64292e-17,-3.64292e-17,-4.87891e-17,0,-0.530385,-0.167882,0.516811,-0.00842977,3.14159,2.22672,-0.0327023,3.27391,-0.0100245,-0.392699,4.19046,-0.0317707,3.14324,-0.0104753,0.523599,0,0,0,0.104864,-0.00269207,-0.530385,0.516813,3.1348,2.22672,3.27391,-0.391279,4.19046,3.14326,0.52525,0.00203258,-1.67437,0.874404,1.5209e-05,-0.183279,0.00297896,0.291563,-0.291044,-0.00649502,0.0479142,0.0119689,1.00021,-17.0915,38.7677,3.06397,-8.14398,5.35911,0.373694,-8.49419,5.12042,0.342041
0.38,-6.45249,-2.00428,0.109297,0.196255,-0.000663694,0.796013,-0.528268,-0.317711,0.514727,0.135451,3.13707,-2.20358,2.22894,-3.25467,3.27573,0.405289,-0.389059,-4.17438,4.19259,-3.13023,3.145,-0.514348,0.527364,-5.40248,-2.00277,-7.76046,-0.409485,-7.72868,-3.66618,-4.85249,-2.00534,-7.25157,-0.61811,-7.25341,-3.38939,0.201534,0.410124,-0.512593,0.106531,-0.00433452,0.0561231,-0.00293239,-0.16556,-0.530537,-1.14369,0.516661,-0.0429382,3.13465,-0.045267,2.22667,-0.149149,3.27387,-0.0503063,-0.391325,-0.0503645,4.19032,-0.144655,3.14312,-0.0526003,0.525111,-0.0490663,1.01155,0.119805,-1.26515,1.29631,-3.628,10.6612,-21.8521,11.1871,-2.13917,-6.09991,12.5099,-11.1067,4.98596,-1.05082,0.00364284,-0.00749751,-0.93806,1.53605,-25.7964,12.8562,0,11.2205,-0.832276,8.06658,-3.91184,3.33936,-0.114566,0.0103988,-0.00266463,-1.03435,1.3745,-30.7933,16.0845,17.0856,-0.773867,7.50174,-3.99315,-8.48662,4.4063,-0.146705,-0.0209431,0.00738629,0.015538,1.4693,-1.46661,0.201173,0.0459799,0.291445,0.4735,9.9823,6.72875,-0.240688,1.07343,0.698729,-0.193442,0.757876,0.494095,0.225143,0.171927,0.228926,-6.45243,-1.99995,-0.00433452,0,212,6.93889e-18,0,8.67362e-18,1.56125e-17,-4.51028e-17,-4.59702e-17,-3.7405e-17,6.15827e-17,5.9848e-17,7.20994e-17,0,-0.530537,-0.175133,0.516659,-0.0084197,3.14159,2.22667,-0.0298298,3.27387,-0.0100613,-0.392699,4.19032,-0.0289321,3.1431,-0.0105201,0.523599,0,0,0,0.106109,-0.00293239,-0.530537,0.516661,3.13465,2.22667,3.27387,-0.391325,4.19032,3.14312,0.525111,0.00226869,-1.69742,0.881294,1.64991e-05,-0.193562,0.0031076,0.293861,-0.293322,-0.00563025,0.0479732,0.0119887,1.00021,-18.9236,40.9325,3.11979,-7.95215,4.86293,0.388543,-8.28642,4.5952,0.385899
0.4,-6.44746,-2.00428,0.110085,0.201837,-0.000670228,0.80524,-0.528293,-0.311803,0.514564,0.138954,3.13705,-2.20863,2.22919,-3.25886,3.27605,0.401336,-0.388804,-4.17825,4.19272,-3.1333,3.1452,-0.517715,0.527498,-5.39746,-2.00277,-7.75548,-0.409612,-7.72363,-3.66624,-4.84746,-2.00536,-7.24653,-0.618107,-7.24839,-3.38939,0.2073,0.405997,-0.515605,0.107222,-0.00434882,0.0624541,-0.0031752,-0.177344,-0.530798,-1.18064,0.516399,-0.0429417,3.13439,-0.0447397,2.22669,-0.133347,3.27389,-0.0505481,-0.391307,-0.0492808,4.19022,-0.12915,3.14302,-0.0528764,0.525006,-0.0491409,1.0117,0.12798,-1.26542,1.29923,-3.94354,10.7384,-22.0559,11.3145,-2.03929,-6.17339,12.6877,-11.2308,4.99955,-1.0781,0.00371626,-0.00766685,-0.931183,1.64984,-25.7385,12.9089,0,11.0304,-0.814379,8.03502,-3.93808,3.30331,-0.0971562,0.0112954,-0.00292667,-1.02322,1.46664,-30.9024,16.1256,17.3256,-0.735569,7.5509,-4.00263,-8.60383,4.43923,-0.124321,-0.0218648,0.00769798,0.0163733,1.48029,-1.47747,0.201188,0.0393903,0.279099,0.461347,10.268,6.89919,-0.252674,0.876712,0.50368,-0.193693,0.610893,0.32621,0.225794,0.170075,0.23065,-6.44751,-1.99993,-0.00434882,0,234,0,0,5.69206e-18,1.91904e-17,-3.72966e-17,-3.64292e-17,-3.26887e-17,6.85216e-17,6.85216e-17,5.95227e-17,0,-0.530798,-0.180756,0.516397,-0.00841161,3.14159,2.22669,-0.0266696,3.27388,-0.0101096,-0.392699,4.19022,-0.0258309,3.143,-0.0105753,0.523599,0,0,0,0.106792,-0.0031752,-0.530798,0.516399,3.13439,2.22669,3.27389,-0.391307,4.19022,3.14302,0.525006,0.00250497,-1.72087,0.887882,1.78777e-05,-0.192568,0.00327465,0.296058,-0.295494,-0.00471541,0.0480323,0.0120085,1.00021,-19.6563,42.4526,3.20914,-7.40406,4.23399,0.382953,-7.73449,3.95924,0.419162
0.42,-6.44214,-2.00428,0.11077,0.207406,-0.000675948,0.814522,-0.528315,-0.30583,0.514405,0.142392,3.13704,-2.21406,2.22947,-3.26338,3.27639,0.397044,-0.38853,-4.18225,4.19285,-3.13646,3.14539,-0.52126,0.527631,-5.39213,-2.00277,-7.75021,-0.409744,-7.71828,-3.6663,-4.84214,-2.00536,-7.2412,-0.618099,-7.24308,-3.38938,0.213131,0.401539,-0.518701,0.107759,-0.00435988,0.0686425,-0.00343885,-0.187732,-0.531078,-1.2175,0.516119,-0.0429736,3.13411,-0.045203,2.22671,-0.116849,3.2739,-0.0508057,-0.391291,-0.0489605,4.19009,-0.113182,3.14289,-0.0531593,0.524879,-0.049218,1.01182,0.135986,-1.26566,1.30212,-4.24606,10.8147,-22.2588,11.444,-1.95121,-6.24633,12.8651,-11.357,5.01394,-1.10499,0.0037726,-0.00780177,-0.924514,1.75182,-25.6776,12.9621,0,10.8408,-0.788306,8.00216,-3.96498,3.2671,-0.0793861,0.0122515,-0.00321072,-1.01203,1.54244,-31.012,16.1663,17.5677,-0.686802,7.60058,-4.01204,-8.72206,4.47207,-0.100904,-0.0227889,0.00800909,0.0172232,1.49125,-1.4883,0.2012,0.0342667,0.278458,0.464098,10.558,7.06617,-0.27143,0.664232,0.291846,-0.199805,0.459533,0.149372,0.22647,0.168208,0.23236,-6.44214,-1.99992,-0.00435988,0,258,6.93889e-18,6.93889e-18,1.11673e-17,1.35525e-17,-6.93889e-18,-6.93889e-18,-8.67362e-18,2.25514e-17,2.21177e-17,2.3744e-17,0,-0.531078,-0.186365,0.516117,-0.0084098,3.14159,2.22671,-0.0233699,3.2739,-0.0101611,-0.392699,4.19009,-0.0226371,3.14287,-0.0106319,0.523599,0,0,0,0.107322,-0.00343885,-0.531078,0.516119,3.13411,2.22671,3.2739,-0.391291,4.19009,3.14289,0.524879,0.0027629,-1.74453,0.894452,1.96026e-05,-0.198333,0.00344464,0.298249,-0.29766,-0.0037463,0.0480968,0.0120301,1.00021,-20.1007,43.8342,3.30465,-6.93025,3.60917,0.37852,-7.3081,3.33824,0.459525
0.44,-6.43649,-2.00428,0.111431,0.213087,-0.000682346,0.824002,-0.52835,-0.299733,0.514233,0.145748,3.13701,-2.21984,2.22976,-3.26821,3.27675,0.392506,-0.388238,-4.18635,4.19299,-3.1397,3.1456,-0.524871,0.527774,-5.38649,-2.00275,-7.74462,-0.409885,-7.7126,-3.66636,-4.83649,-2.00537,-7.23555,-0.618092,-7.23744,-3.38937,0.219086,0.396781,-0.521873,0.10818,-0.00437419,0.0749562,-0.00371414,-0.198317,-0.531382,-1.25487,0.515815,-0.0430304,3.13381,-0.0457866,2.22673,-0.0994804,3.27393,-0.0510789,-0.391268,-0.0484559,4.18996,-0.0965147,3.14276,-0.0534637,0.524751,-0.0492956,1.01191,0.144165,-1.26587,1.30509,-4.56128,10.8928,-22.4678,11.5788,-1.85348,-6.32139,13.0487,-11.489,5.0286,-1.13167,0.00381299,-0.00790496,-0.917725,1.85624,-25.6124,13.0177,0,10.6466,-0.760969,7.96718,-3.99337,3.22999,-0.0611054,0.0132816,-0.00352271,-1.00057,1.62108,-31.1259,16.2084,17.8196,-0.635283,7.65226,-4.02176,-8.84493,4.50541,-0.0760507,-0.0237944,0.00834714,0.0181529,1.50237,-1.49929,0.201209,0.0330205,0.284069,0.474019,10.8562,7.22976,-0.289119,0.437414,0.0676876,-0.204979,0.304738,-0.0307925,0.227152,0.166292,0.234095,-6.43655,-1.9999,-0.00437419,0,283,0,-1.38778e-17,-1.01373e-17,-1.4962e-17,2.38524e-17,2.34188e-17,3.31766e-17,-3.42608e-17,-3.42608e-17,-2.38524e-17,0,-0.531382,-0.192045,0.515812,-0.0084135,3.14159,2.22673,-0.0198961,3.27392,-0.0102158,-0.392699,4.18996,-0.0193035,3.14275,-0.0106927,0.523599,0,0,0,0.107738,-0.00371414,-0.531382,0.515815,3.13381,2.22673,3.27393,-0.391268,4.18996,3.14276,0.524751,0.00303179,-1.76911,0.901123,2.05339e-05,-0.203123,0.00363058,0.300475,-0.299857,-0.00272494,0.048164,0.0120527,1.00021,-20.4007,45.1702,3.40858,-6.39311,2.94294,0.372034,-6.83881,2.68571,0.500276
0.46,-6.43047,-2.00425,0.111871,0.218583,-0.00066193,0.83336,-0.5284,-0.293748,0.514042,0.148676,3.13697,-2.22612,2.23006,-3.27344,3.27713,0.387516,-0.387934,-4.19061,4.19313,-3.14303,3.14581,-0.528702,0.527909,-5.38046,-2.00267,-7.73868,-0.41003,-7.70651,-3.66641,-4.83047,-2.00531,-7.22955,-0.618082,-7.23139,-3.38936,0.224921,0.391626,-0.525135,0.108554,-0.00436686,0.0814931,-0.00398434,-0.21005,-0.531723,-1.29306,0.515475,-0.0430806,3.13347,-0.0460979,2.22674,-0.0814597,3.27394,-0.0513627,-0.391255,-0.0478632,4.1898,-0.0791139,3.14261,-0.0537639,0.524592,-0.0493778,1.01199,0.152645,-1.26607,1.30822,-4.90434,10.9742,-22.6871,11.7205,-1.73261,-6.40044,13.2429,-11.6288,5.0432,-1.15821,0.00386295,-0.00802941,-0.910596,1.9692,-25.5443,13.0772,0,10.4471,-0.736346,7.93057,-4.0236,3.19176,-0.0425836,0.0143541,-0.00385606,-0.988762,1.70178,-31.2429,16.2516,18.0834,-0.580183,7.70595,-4.03184,-8.97378,4.53988,-0.049727,-0.0247493,0.00866524,0.0190666,1.51388,-1.51066,0.201217,0.0220186,0.27478,0.467886,11.1524,7.37666,-0.313882,0.191266,-0.17912,-0.213039,0.144859,-0.22196,0.227821,0.164318,0.235888,-6.43052,-1.99988,-0.00436686,0,310,6.93889e-18,-6.93889e-18,-5.80048e-18,5.64869e-17,1.60462e-17,1.66967e-17,9.54098e-18,3.40439e-17,3.40439e-17,3.84892e-17,0,-0.531723,-0.197833,0.515473,-0.00841504,3.14159,2.22674,-0.016292,3.27394,-0.0102725,-0.392699,4.1898,-0.0158231,3.14259,-0.0107528,0.523599,0,0,0,0.108108,-0.00398434,-0.531723,0.515475,3.13347,2.22674,3.27394,-0.391255,4.1898,3.14261,0.524592,0.00332242,-1.79489,0.90802,2.15923e-05,-0.210772,0.00381331,0.302775,-0.302131,-0.00162186,0.0482368,0.0120771,1.00021,-20.9892,46.6699,3.52324,-5.91687,2.26881,0.368892,-6.42201,2.01886,0.550542
0.48,-6.42401,-2.00419,0.111861,0.223529,-0.000604795,0.84215,-0.528443,-0.288218,0.513859,0.15099,3.13693,-2.23304,2.23039,-3.27921,3.27753,0.381973,-0.387611,-4.19512,4.19326,-3.14657,3.14602,-0.532805,0.528047,-5.374,-2.00249,-7.73237,-0.410176,-7.69994,-3.66645,-4.82401,-2.00516,-7.22317,-0.618064,-7.22485,-3.38935,0.230304,0.385929,-0.528605,0.108684,-0.00432644,0.0881237,-0.00423963,-0.222038,-0.532078,-1.33084,0.515119,-0.0431115,3.13311,-0.0461063,2.22675,-0.0624305,3.27395,-0.0516639,-0.391245,-0.0466721,4.18963,-0.0608817,3.14243,-0.0540789,0.524415,-0.0494606,1.01202,0.161253,-1.2662,1.31134,-5.26068,11.0557,-22.9085,11.865,-1.59708,-6.48014,13.4399,-11.7718,5.05745,-1.18391,0.00393179,-0.00819392,-0.90346,2.08856,-25.471,13.1397,0,10.2433,-0.712841,7.89124,-4.05569,3.1531,-0.0235135,0.0154975,-0.00422055,-0.976829,1.79216,-31.3634,16.2939,18.3577,-0.525092,7.76188,-4.0417,-9.10773,4.57435,-0.0216949,-0.0257451,0.00899405,0.0200328,1.52538,-1.52202,0.201219,-0.000490226,0.247285,0.439487,11.4274,7.49585,-0.346095,-0.08125,-0.453488,-0.225583,-0.0253677,-0.426699,0.228475,0.162325,0.237685,-6.42405,-1.99986,-0.00432644,0,339,-1.38778e-17,0,1.09504e-17,-3.63208e-17,-2.6563e-17,-2.63461e-17,-2.01662e-17,9.35666e-17,9.36751e-17,8.70614e-17,0,-0.532078,-0.203553,0.515119,-0.0084116,3.14159,2.22675,-0.0124861,3.27395,-0.0103328,-0.392699,4.18963,-0.0121764,3.14241,-0.0108158,0.523599,0,0,0,0.108236,-0.00423963,-0.532078,0.515119,3.13311,2.22675,3.27395,-0.391245,4.18963,3.14243,0.524415,0.00363484,-1.82169,0.91492,2.42601e-05,-0.221666,0.00400656,0.305075,-0.304404,-0.000420455,0.048315,0.0121033,1.00021,-21.9696,48.3234,3.64205,-5.48168,1.5695,0.367009,-6.07979,1.33227,0.606229
0.5,-6.41706,-2.00415,0.111885,0.228773,-0.000568849,0.851391,-0.528481,-0.282238,0.513689,0.1536,3.1369,-2.24049,2.23076,-3.28546,3.27798,0.376169,-0.38724,-4.19978,4.19342,-3.15021,3.14625,-0.536976,0.528209,-5.36705,-2.00237,-7.72555,-0.410357,-7.6929,-3.66652,-4.81706,-2.00506,-7.21627,-0.618056,-7.21785,-3.38934,0.236147,0.379758,-0.532168,0.108335,-0.00431586,0.0945859,-0.00453796,-0.232429,-0.53245,-1.36709,0.514747,-0.0431408,3.13274,-0.0466781,2.22679,-0.0418076,3.27399,-0.0520083,-0.391208,-0.0458334,4.18945,-0.0412186,3.14226,-0.0544362,0.524239,-0.0495391,1.01194,0.169641,-1.26622,1.31421,-5.59853,11.1326,-23.1193,12.0063,-1.47229,-6.55589,13.6284,-11.9117,5.07184,-1.20831,0.00400395,-0.00836589,-0.896771,2.20036,-25.388,13.2016,0,10.0375,-0.681704,7.84786,-4.08891,3.11466,-0.00334651,0.0168251,-0.0046483,-0.964971,1.87223,-31.4907,16.3346,18.6421,-0.457882,7.82123,-4.05104,-9.24626,4.60824,0.0090209,-0.0269127,0.00937842,0.0211519,1.53668,-1.53317,0.201212,0.00117953,0.262227,0.462061,11.7257,7.63059,-0.37206,-0.375402,-0.74079,-0.233055,-0.199406,-0.634857,0.229138,0.160346,0.239458,-6.41714,-1.99984,-0.00431586,0,370,0,1.38778e-17,7.31836e-18,-7.04731e-18,-4.58618e-17,-4.58075e-17,-3.85976e-17,-2.96529e-17,-2.95445e-17,-3.01408e-17,0,-0.53245,-0.209044,0.514743,-0.00840761,3.14159,2.22679,-0.00836151,3.27398,-0.0104017,-0.392699,4.18945,-0.00824351,3.14223,-0.0108872,0.523599,0,0,0,0.107892,-0.00453796,-0.53245,0.514747,3.13274,2.22679,3.27399,-0.391208,4.18945,3.14226,0.524239,0.00396911,-1.8494,0.921698,2.45282e-05,-0.228923,0.00423038,0.307337,-0.306633,0.000846342,0.0483988,0.0121314,1.00021,-21.9626,49.4967,3.7678,-4.87635,0.785019,0.35678,-5.58066,0.57399,0.661987
0.52,-6.40956,-2.0041,0.111845,0.234269,-0.0005216,0.861131,-0.528539,-0.27584,0.513492,0.156197,3.13685,-2.24864,2.23113,-3.29225,3.27844,0.369638,-0.386865,-4.20467,4.19356,-3.15397,3.14647,-0.541499,0.528347,-5.35955,-2.00222,-7.71819,-0.410534,-7.68529,-3.66657,-4.80956,-2.00493,-7.20884,-0.618042,-7.21028,-3.38932,0.242396,0.37306,-0.535845,0.107988,-0.0042955,0.101419,-0.0048577,-0.244265,-0.532876,-1.40499,0.514322,-0.0432104,3.13231,-0.0474017,2.2268,-0.0200414,3.27399,-0.0523535,-0.391201,-0.0453438,4.18922,-0.020365,3.14202,-0.0547718,0.524006,-0.049626,1.01187,0.178526,-1.26625,1.31734,-5.97507,11.2154,-23.3474,12.1591,-1.31837,-6.63756,13.8327,-12.0636,5.08633,-1.23299,0.0040543,-0.00849474,-0.889607,2.31913,-25.3015,13.2688,0,9.82297,-0.650314,7.80212,-4.12465,3.07388,0.0173686,0.0181488,-0.00509136,-0.952386,1.94721,-31.6236,16.3777,18.9456,-0.380732,7.88393,-4.06116,-9.39459,4.64443,0.0420099,-0.0279351,0.00970921,0.0221894,1.54876,-1.5451,0.201204,-0.00199578,0.274808,0.486998,12.0462,7.76477,-0.407665,-0.695936,-1.06446,-0.244478,-0.380528,-0.860639,0.229791,0.158238,0.241338,-6.40956,-1.9998,-0.0042955,0,404,0,2.77556e-17,3.75676e-17,-1.20346e-17,-4.27176e-17,-4.27176e-17,-4.2826e-17,6.87384e-17,6.83047e-17,7.47015e-17,0,-0.532876,-0.214775,0.51432,-0.00841241,3.14159,2.2268,-0.00400823,3.27399,-0.0104707,-0.392699,4.18922,-0.00407243,3.142,-0.0109544,0.523599,0,0,0,0.107549,-0.0048577,-0.532876,0.514322,3.13231,2.2268,3.27399,-0.391201,4.18922,3.14202,0.524006,0.0043361,-1.87907,0.928938,2.58725e-05,-0.24144,0.00443788,0.309752,-0.309019,0.00222518,0.0484908,0.0121623,1.00021,-21.9137,50.7293,3.90952,-4.34468,-0.0159611,0.356158,-5.16121,-0.205562,0.734999
0.54,-6.40149,-2.00404,0.111727,0.240136,-0.000486694,0.871572,-0.528652,-0.268938,0.513233,0.158638,3.13675,-2.25771,2.23149,-3.29972,3.2789,0.362131,-0.386507,-4.20993,4.19371,-3.15808,3.14671,-0.546383,0.528498,-5.35148,-2.00204,-7.71024,-0.410681,-7.67713,-3.66661,-4.80149,-2.00482,-7.20081,-0.618008,-7.20216,-3.38929,0.249141,0.365681,-0.539869,0.107554,-0.0042702,0.10866,-0.00521178,-0.256796,-0.533377,-1.4454,0.51382,-0.0433329,3.13181,-0.0484957,2.22677,0.00347397,3.27396,-0.0526627,-0.391233,-0.0441622,4.18898,0.00166509,3.14178,-0.0551391,0.523764,-0.0497168,1.01177,0.187948,-1.26627,1.32071,-6.38436,11.3045,-23.5942,12.326,-1.14534,-6.72617,14.0552,-12.2301,5.10192,-1.25853,0.00406979,-0.00855293,-0.881922,2.44359,-25.209,13.3421,0,9.59758,-0.616066,7.75256,-4.16337,3.0303,0.0390786,0.0193095,-0.00550743,-0.938918,2.0367,-31.7655,16.4247,19.2707,-0.303134,7.95075,-4.07219,-9.55331,4.68219,0.0774421,-0.0290707,0.0100769,0.0233494,1.56136,-1.55754,0.201195,-0.00589979,0.293332,0.522049,12.3948,7.89152,-0.453414,-1.05175,-1.43619,-0.263265,-0.578584,-1.10451,0.230489,0.155989,0.243302,-6.40155,-1.99977,-0.0042702,0,440,6.93889e-18,2.77556e-17,3.08998e-17,-5.59448e-17,3.59955e-17,3.59955e-17,2.63461e-17,-2.08167e-17,-2.08167e-17,-1.79978e-17,0,-0.533377,-0.22087,0.513818,-0.00842913,3.14159,2.22677,0.000694978,3.27396,-0.0105325,-0.392699,4.18898,0.000334066,3.14176,-0.0110278,0.523599,0,0,0,0.10712,-0.00521178,-0.533377,0.51382,3.13181,2.22677,3.27396,-0.391233,4.18898,3.14178,0.523764,0.00472509,-1.91084,0.936495,2.87339e-05,-0.259984,0.00466987,0.312271,-0.311507,0.00372316,0.0485884,0.012195,1.00021,-21.6615,51.9524,4.07732,-3.86033,-0.858642,0.367302,-4.87924,-1.00477,0.810784
0.56,-6.39284,-2.00394,0.11129,0.246379,-0.000473685,0.88278,-0.528704,-0.261727,0.513019,0.161446,3.1367,-2.26803,2.23162,-3.30741,3.27913,0.352445,-0.386377,-4.21588,4.19381,-3.16272,3.14691,-0.552132,0.528602,-5.34283,-2.00189,-7.70164,-0.410659,-7.66844,-3.66656,-4.79284,-2.0047,-7.19218,-0.617922,-7.1935,-3.3892,0.256182,0.358101,-0.544407,0.107007,-0.0042161,0.116471,-0.00562066,-0.268749,-0.533851,-1.48963,0.513346,-0.0434294,3.13134,-0.0516431,2.22647,0.0303392,3.27367,-0.0527956,-0.391529,-0.0442173,4.18866,0.0264029,3.14147,-0.0554347,0.52344,-0.0498137,1.01165,0.198123,-1.26629,1.3244,-6.81829,11.4019,-23.8653,12.5135,-0.969937,-6.82235,14.2986,-12.4165,5.11999,-1.28635,0.00411501,-0.0086768,-0.873835,2.56224,-25.1133,13.428,0,9.35531,-0.566095,7.69623,-4.2064,2.98138,0.0630048,0.0196417,-0.0057092,-0.923773,2.10409,-31.9199,16.4753,19.631,-0.199096,8.02489,-4.08449,-9.73013,4.72406,0.117654,-0.0298369,0.0103119,0.0242578,1.57533,-1.5714,0.201183,-0.0218208,0.312149,0.560385,12.7565,8.03634,-0.516392,-1.4296,-1.9192,-0.297148,-0.80525,-1.39122,0.231305,0.15347,0.245481,-6.39288,-1.99973,-0.0042161,0,479,6.93889e-18,1.38778e-17,3.25261e-19,-4.33681e-19,-3.98986e-17,-3.90313e-17,-4.54281e-17,8.06646e-17,8.1532e-17,6.26669e-17,0,-0.533851,-0.227557,0.513344,-0.00843821,3.14159,2.22647,0.00606807,3.27366,-0.0105591,-0.392699,4.18866,0.00528247,3.14143,-0.0110869,0.523599,0,0,0,0.10658,-0.00562066,-0.533851,0.513346,3.13134,2.22647,3.27367,-0.391529,4.18866,3.14147,0.52344,0.00514697,-1.94625,0.944885,3.6467e-05,-0.297087,0.00485157,0.315066,-0.31428,0.00548014,0.0486943,0.0122305,1.00021,-21.3003,53.2264,4.2366,-3.56205,-1.72869,0.459757,-4.92033,-1.82319,0.910424
0.58,-6.38363,-2.00385,0.110754,0.253356,-0.000483927,0.89529,-0.528805,-0.253441,0.51275,0.16458,3.13661,-2.27991,2.23169,-3.31608,3.27932,0.341086,-0.386297,-4.22238,4.19388,-3.16762,3.14709,-0.558394,0.528675,-5.33362,-2.00176,-7.69242,-0.410592,-7.65922,-3.66649,-4.78363,-2.00462,-7.18296,-0.617818,-7.1843,-3.3891,0.264286,0.349539,-0.549202,0.106105,-0.0041699,0.125169,-0.0060858,-0.283417,-0.534407,-1.53626,0.512791,-0.0435316,3.13078,-0.0514283,2.22609,0.0591179,3.27329,-0.0529148,-0.391909,-0.0440698,4.18827,0.0550451,3.14108,-0.055692,0.523051,-0.0499119,1.01146,0.209446,-1.26624,1.32845,-7.33093,11.5085,-24.1652,12.7217,-0.732773,-6.92778,14.5678,-12.6233,5.13776,-1.3145,0.00416697,-0.00881903,-0.865003,2.7314,-25.0062,13.5241,0,9.09571,-0.538472,7.63247,-4.25433,2.93003,0.0877025,0.0198799,-0.00590182,-0.907887,2.17784,-32.095,16.5302,20.0442,-0.0758435,8.11074,-4.09824,-9.93384,4.77047,0.164867,-0.0303908,0.0104662,0.0250478,1.59083,-1.58681,0.201163,-0.0268129,0.348859,0.625494,13.1715,8.19757,-0.593894,-1.85952,-2.48762,-0.32515,-1.04712,-1.70342,0.232114,0.150831,0.247902,-6.38355,-1.99968,-0.0041699,0,521,6.93889e-18,1.38778e-17,-1.85941e-17,1.88651e-17,-1.73472e-18,-1.73472e-18,2.49366e-18,-5.81132e-17,-5.89806e-17,-4.2067e-17,0,-0.534407,-0.234607,0.512789,-0.00844744,3.14159,2.22609,0.011824,3.27328,-0.010583,-0.392699,4.18827,0.0110115,3.14104,-0.0111384,0.523599,0,0,0,0.105689,-0.0060858,-0.534407,0.512791,3.13078,2.22609,3.27329,-0.391909,4.18827,3.14108,0.523051,0.00560187,-1.98699,0.954166,3.55497e-05,-0.330809,0.00500956,0.318165,-0.317362,0.00748792,0.0488086,0.0122689,1.0002,-20.388,54.3813,4.42161,-3.30069,-2.68017,0.579018,-4.75178,-2.79436,1.02907
0.6,-6.37387,-2.00375,0.110248,0.260832,-0.000482282,0.908536,-0.528903,-0.24496,0.512462,0.167611,3.13653,-2.293,2.2318,-3.32563,3.27955,0.328907,-0.386186,-4.2291,4.19394,-3.17265,3.14728,-0.564803,0.528742,-5.32386,-2.00161,-7.68269,-0.410553,-7.64945,-3.66642,-4.77387,-2.00452,-7.1732,-0.617725,-7.17454,-3.38901,0.272565,0.340107,-0.554107,0.105091,-0.00413231,0.135009,-0.00655049,-0.3002,-0.534971,-1.58854,0.512227,-0.0436718,3.13022,-0.0488021,2.22573,0.0903587,3.27293,-0.0530652,-0.39227,-0.0420016,4.18787,0.0866387,3.14067,-0.0559409,0.522643,-0.0500109,1.01124,0.222257,-1.26617,1.33312,-7.93286,11.6309,-24.512,12.9649,-0.439791,-7.04911,14.8795,-12.8651,5.15756,-1.34491,0.00419749,-0.00892078,-0.855041,2.94522,-24.8862,13.6336,0,8.81305,-0.527066,7.56132,-4.30883,2.8741,0.113437,0.0202809,-0.00616501,-0.890598,2.29384,-32.2902,16.5928,20.5124,0.0455052,8.20685,-4.11402,-10.1648,4.82132,0.217954,-0.0308897,0.010597,0.0258474,1.6078,-1.60371,0.201142,-0.0253287,0.373782,0.662313,13.5972,8.35299,-0.654602,-2.33193,-3.09759,-0.335782,-1.29535,-2.02274,0.233007,0.147951,0.250547,-6.374,-1.99962,-0.00413231,0,564,0,0,-3.79471e-18,3.68629e-18,8.67362e-19,-8.67362e-19,-6.50521e-18,-8.84709e-17,-8.76035e-17,-5.89806e-17,0,-0.534971,-0.242507,0.512227,-0.00846444,3.14159,2.22573,0.0180722,3.27292,-0.010613,-0.392699,4.18787,0.017331,3.14064,-0.0111882,0.523599,0,0,0,0.104686,-0.00655049,-0.534971,0.512227,3.13022,2.22573,3.27293,-0.39227,4.18787,3.14067,0.522643,0.00606821,-2.03319,0.964337,3.68649e-05,-0.344527,0.00516948,0.32156,-0.320742,0.00966682,0.0489259,0.0123083,1.0002,-19.9866,55.9317,4.6103,-2.64212,-3.81873,0.691872,-4.0551,-3.98469,1.15254
0.62,-6.36358,-2.00361,0.109406,0.268781,-0.000505304,0.922718,-0.528993,-0.235925,0.51217,0.170699,3.13645,-2.30841,2.23194,-3.33716,3.27983,0.314679,-0.386035,-4.23673,4.19416,-3.17879,3.14763,-0.57171,0.528978,-5.31357,-2.00145,-7.6724,-0.41047,-7.63912,-3.66638,-4.76358,-2.00442,-7.16288,-0.617566,-7.16428,-3.38885,0.281384,0.328706,-0.560137,0.104063,-0.00405729,0.145466,-0.00708393,-0.318015,-0.535571,-1.64447,0.511626,-0.043842,3.12962,-0.0465529,2.22536,0.12363,3.27256,-0.0533123,-0.392634,-0.0364659,4.18758,0.118351,3.14038,-0.056474,0.522362,-0.0501211,1.01103,0.2359,-1.26614,1.3383,-8.59805,11.7649,-24.8941,13.2359,-0.103966,-7.18181,15.2231,-13.1347,5.17889,-1.37628,0.00421623,-0.0090019,-0.844401,3.16829,-24.7572,13.7519,0,8.51846,-0.514682,7.48546,-4.36795,2.81418,0.139665,0.0211367,-0.00658869,-0.872127,2.48346,-32.5029,16.6677,21.0102,0.134975,8.30677,-4.13183,-10.4074,4.87243,0.272921,-0.0326094,0.0111492,0.0277082,1.62487,-1.62054,0.20112,-0.0420667,0.397466,0.709133,14.0513,8.51119,-0.77037,-2.90111,-3.81345,-0.381757,-1.59144,-2.36679,0.233965,0.144864,0.253203,-6.36358,-1.99955,-0.00405729,0,611,1.38778e-17,1.38778e-17,-5.80048e-18,-4.55365e-17,-3.1225e-17,-3.1225e-17,-3.18755e-17,1.11022e-16,1.11022e-16,1.43332e-16,0,-0.535571,-0.250953,0.511626,-0.00848739,3.14159,2.22536,0.0247263,3.27256,-0.0106625,-0.392699,4.18758,0.0236733,3.14036,-0.0112948,0.523599,0,0,0,0.103669,-0.00708393,-0.535571,0.511626,3.12962,2.22536,3.27256,-0.392634,4.18758,3.14038,0.522362,0.00657863,-2.08168,0.974544,2.93015e-05,-0.388743,0.00554164,0.324974,-0.324108,0.0120775,0.0490544,0.0123514,1.0002,-19.3064,57.4737,4.81191,-2.46593,-4.90422,0.807815,-4.23928,-5.02008,1.23901
0.64,-6.35275,-2.0035,0.108705,0.277446,-0.000523753,0.937896,-0.529085,-0.226278,0.511862,0.17394,3.13637,-2.32526,2.232,-3.34932,3.28005,0.298826,-0.385968,-4.24446,4.19431,-3.18481,3.14794,-0.578869,0.529132,-5.30274,-2.00132,-7.66156,-0.410371,-7.62828,-3.66632,-4.75275,-2.00433,-7.15202,-0.617436,-7.15347,-3.38872,0.290803,0.316692,-0.566008,0.102673,-0.00401583,0.157023,-0.00763529,-0.338607,-0.536197,-1.70398,0.511001,-0.0440242,3.12899,-0.0445999,2.22489,0.161823,3.27209,-0.0535234,-0.393106,-0.0359945,4.1872,0.157268,3.14,-0.0568873,0.521975,-0.0502301,1.01074,0.25097,-1.26604,1.34401,-9.37296,11.9128,-25.32,13.541,0.317926,-7.32853,15.6065,-13.4382,5.20065,-1.40799,0.00423514,-0.00908802,-0.832846,3.41097,-24.6113,13.888,0,8.19769,-0.497499,7.39786,-4.43537,2.74737,0.168347,0.0218421,-0.00700736,-0.851541,2.5668,-32.7465,16.7478,21.5976,0.318554,8.4245,-4.15156,-10.6956,4.93379,0.341189,-0.0337438,0.0114865,0.0291866,1.64537,-1.64087,0.201091,-0.0350732,0.433259,0.758868,14.536,8.67693,-0.8424,-3.50617,-4.61349,-0.386667,-1.88507,-2.72306,0.23495,0.141428,0.2564,-6.35274,-1.99948,-0.00401583,0,660,6.93889e-18,0,6.83047e-18,-5.85469e-17,1.73472e-18,1.73472e-18,6.93889e-18,-5.89806e-17,-6.07153e-17,-7.82794e-17,0,-0.536197,-0.259942,0.511,-0.00851203,3.14159,2.22489,0.032365,3.27209,-0.0107047,-0.392699,4.1872,0.0314579,3.13997,-0.0113775,0.523599,0,0,0,0.102295,-0.00763529,-0.536197,0.511001,3.12899,2.22489,3.27209,-0.393106,4.1872,3.14,0.521975,0.00711154,-2.13934,0.986826,3.34384e-05,-0.39978,0.00583733,0.329073,-0.328174,0.0148796,0.0491886,0.0123964,1.0002,-18.4749,59.089,5.02175,-1.55399,-6.30839,0.956705,-3.18554,-6.52016,1.35527
0.66,-6.34141,-2.00334,0.107806,0.286602,-0.000565762,0.95388,-0.529179,-0.216284,0.511537,0.177032,3.1363,-2.34434,2.23201,-3.36311,3.28022,0.280602,-0.385955,-4.25278,4.19456,-3.19158,3.14835,-0.586306,0.529399,-5.2914,-2.00118,-7.65016,-0.410186,-7.61693,-3.66625,-4.74141,-2.00425,-7.14063,-0.617248,-7.1422,-3.38853,0.300549,0.303057,-0.572629,0.101403,-0.00394507,0.169379,-0.00823281,-0.36071,-0.536846,-1.7684,0.510351,-0.0442329,3.12834,-0.0424889,2.22434,0.201826,3.27154,-0.053823,-0.393656,-0.031798,4.1869,0.196298,3.1397,-0.0575612,0.52168,-0.0503475,1.01048,0.267115,-1.26601,1.35047,-10.2443,12.0779,-25.7989,13.8874,0.809213,-7.49204,16.0373,-13.7829,5.22437,-1.44078,0.00424208,-0.00915383,-0.820362,3.67172,-24.4592,14.0376,0,7.86754,-0.485548,7.30512,-4.50841,2.67607,0.196595,0.023028,-0.00761728,-0.829663,2.72905,-33.0062,16.8418,22.2214,0.469142,8.54657,-4.17418,-10.9996,4.99614,0.411906,-0.0360045,0.0122095,0.0317114,1.66615,-1.66135,0.201064,-0.0449255,0.457802,0.799215,15.0386,8.83497,-0.953969,-4.19542,-5.54076,-0.415878,-2.2106,-3.09499,0.236011,0.137756,0.259637,-6.34146,-1.9994,-0.00394507,0,711,1.38778e-17,0,2.07083e-17,5.85469e-18,-3.29597e-17,-3.1225e-17,-3.63208e-17,1.73472e-18,-3.46945e-18,-1.14925e-17,0,-0.536846,-0.269668,0.51035,-0.00854183,3.14159,2.22434,0.0403656,3.27154,-0.0107646,-0.392699,4.1869,0.0392641,3.13967,-0.0115122,0.523599,0,0,0,0.101038,-0.00823281,-0.536846,0.510351,3.12834,2.22434,3.27154,-0.393656,4.1869,3.1397,0.52168,0.00766705,-2.20012,0.999287,2.97709e-05,-0.431326,0.00634229,0.333231,-0.332269,0.0179177,0.0493287,0.0124435,1.00019,-17.7283,60.8903,5.23977,-0.930931,-7.70687,1.13248,-2.77073,-7.91542,1.44546
0.68,-6.32957,-2.00318,0.10682,0.296383,-0.000618219,0.970804,-0.529262,-0.205722,0.511209,0.180174,3.13623,-2.36591,2.23201,-3.37865,3.28039,0.259907,-0.385948,-4.26151,4.19485,-3.19875,3.14881,-0.594096,0.529694,-5.27956,-2.00105,-7.63824,-0.409981,-7.60508,-3.66618,-4.72957,-2.00417,-7.12871,-0.617043,-7.13042,-3.38832,0.31085,0.287687,-0.579634,0.0998995,-0.00387608,0.182683,-0.00887439,-0.385146,-0.537518,-1.83639,0.50968,-0.0444615,3.12767,-0.039126,2.22375,0.244767,3.27095,-0.0539924,-0.394245,-0.0292562,4.1866,0.239874,3.1394,-0.0583067,0.521377,-0.0504694,1.01017,0.284514,-1.26596,1.35757,-11.2376,12.2589,-26.3288,14.2752,1.40017,-7.67133,16.5145,-14.1688,5.24881,-1.47338,0.00424401,-0.00921392,-0.807034,3.96097,-24.2931,14.2022,0,7.52412,-0.482057,7.20382,-4.58881,2.60019,0.224921,0.023559,-0.00805599,-0.806261,2.85083,-33.2944,16.9463,22.9214,0.669563,8.68196,-4.19938,-11.3404,5.06495,0.492656,-0.0385262,0.0130112,0.0346053,1.6891,-1.68394,0.201034,-0.0493019,0.48905,0.846184,15.5698,8.9953,-1.07827,-4.97231,-6.58473,-0.436663,-2.55494,-3.48448,0.237112,0.133853,0.263218,-6.32953,-1.9993,-0.00387608,0,765,-1.38778e-17,-1.38778e-17,-4.50486e-17,4.57533e-17,-2.42861e-17,-2.94903e-17,-3.08998e-17,1.37043e-16,1.38778e-16,1.29237e-16,0,-0.537518,-0.279932,0.509678,-0.0085753,3.14159,2.22375,0.0489538,3.27095,-0.0107985,-0.392699,4.1866,0.0479803,3.13937,-0.0116613,0.523599,0,0,0,0.0995501,-0.00887439,-0.537518,0.50968,3.12767,2.22375,3.27095,-0.394245,4.1866,3.1394,0.521377,0.00825617,-2.26829,1.01305,3.09675e-05,-0.45729,0.00692106,0.337821,-0.336788,0.0213587,0.0494774,0.0124934,1.00019,-16.6986,62.6966,5.46542,-0.213599,-9.21803,1.31863,-2.01936,-9.52569,1.537
0.7,-6.31717,-2.00301,0.105847,0.306646,-0.000659355,0.988403,-0.529381,-0.194719,0.510833,0.182866,3.13613,-2.38979,2.23202,-3.39596,3.28059,0.236963,-0.385925,-4.2703,4.1951,-3.20581,3.14926,-0.601951,0.529954,-5.26716,-2.00088,-7.6258,-0.409786,-7.59267,-3.6661,-4.71717,-2.00406,-7.11626,-0.616841,-7.11809,-3.38812,0.321576,0.270553,-0.586512,0.0982852,-0.00381283,0.197025,-0.00952749,-0.41329,-0.53825,-1.90806,0.508948,-0.0447512,3.12694,-0.0345671,2.22315,0.290549,3.27035,-0.0541284,-0.394841,-0.0282054,4.18623,0.287729,3.13904,-0.0590053,0.521017,-0.0505954,1.00985,0.303289,-1.26592,1.36549,-12.3947,12.4599,-26.9227,14.7123,2.1329,-7.87083,17.0503,-14.6042,5.2732,-1.50488,0.00420409,-0.00918808,-0.79258,4.27853,-24.1132,14.3841,0,7.16885,-0.487516,7.09429,-4.67749,2.51926,0.252851,0.0239374,-0.00848481,-0.781259,2.92932,-33.6058,17.0602,23.6983,0.921245,8.82976,-4.22735,-11.7196,5.14058,0.583391,-0.0407896,0.0137152,0.0374236,1.71434,-1.70886,0.201001,-0.0486405,0.513151,0.879953,16.1247,9.13193,-1.19443,-5.8372,-7.73896,-0.439123,-2.8954,-3.8767,0.238203,0.129688,0.26715,-6.31719,-1.9992,-0.00381283,0,821,-6.93889e-18,0,2.40422e-17,-2.42861e-17,-3.46945e-18,-3.46945e-18,-1.05168e-17,-5.20417e-17,-4.85723e-17,-6.33174e-17,0,-0.53825,-0.290739,0.508948,-0.00862354,3.14159,2.22315,0.0581104,3.27035,-0.0108257,-0.392699,4.18623,0.0575523,3.13901,-0.0118011,0.523599,0,0,0,0.0979521,-0.00952749,-0.53825,0.508948,3.12694,2.22315,3.27035,-0.394841,4.18623,3.13904,0.521017,0.00886814,-2.34414,1.02818,3.14497e-05,-0.466287,0.00748473,0.342867,-0.341771,0.02514,0.049632,0.0125453,1.00019,-15.8265,64.7227,5.71004,0.834416,-10.9035,1.50646,-0.667709,-11.3823,1.64459
0.72,-6.30422,-2.00282,0.104863,0.317298,-0.000688088,1.00647,-0.52948,-0.183583,0.510464,0.185121,3.13605,-2.41614,2.23203,-3.41513,3.28079,0.211307,-0.385913,-4.27913,4.19535,-3.21291,3.14971,-0.609934,0.530213,-5.25421,-2.00069,-7.61281,-0.40958,-7.57969,-3.66601,-4.70422,-2.00392,-7.10327,-0.616632,-7.10518,-3.38791,0.332421,0.251574,-0.593418,0.0966506,-0.00374624,0.212098,-0.0102021,-0.442845,-0.538994,-1.98364,0.508204,-0.0450621,3.1262,-0.0300871,2.22251,0.338619,3.26971,-0.054248,-0.395483,-0.0257328,4.18584,0.337085,3.13864,-0.0597131,0.520621,-0.0507302,1.00953,0.323055,-1.26592,1.37415,-13.6861,12.68,-27.5783,15.2008,2.97844,-8.08921,17.6425,-15.091,5.29905,-1.53585,0.00415586,-0.00914777,-0.777348,4.60822,-23.9236,14.5816,0,6.81037,-0.495749,6.97834,-4.77331,2.43397,0.279656,0.0242338,-0.00892322,-0.754897,3.02878,-33.9303,17.184,24.526,1.17762,8.98394,-4.2579,-12.1236,5.21887,0.679579,-0.0430449,0.0144127,0.0403657,1.74047,-1.73466,0.200969,-0.0492282,0.532583,0.903456,16.687,9.24671,-1.31745,-6.7954,-9.02871,-0.44141,-3.23764,-4.27487,0.239355,0.125297,0.271218,-6.30419,-1.99908,-0.00374624,0,880,0,1.38778e-17,5.23128e-18,-3.20924e-17,6.93889e-18,6.93889e-18,7.15573e-18,6.59195e-17,6.59195e-17,8.78204e-17,0,-0.538994,-0.302129,0.508204,-0.0086762,3.14159,2.22251,0.0677246,3.26971,-0.0108496,-0.392699,4.18584,0.0674247,3.13861,-0.0119426,0.523599,0,0,0,0.0963335,-0.0102021,-0.538994,0.508204,3.1262,2.22251,3.26971,-0.395483,4.18584,3.13864,0.520621,0.00951402,-2.42495,1.04384,3.37918e-05,-0.473116,0.00807313,0.348093,-0.346933,0.0291421,0.0497953,0.0126002,1.00019,-15.0232,66.8918,5.95952,2.00517,-12.6861,1.70872,0.720679,-13.308,1.76263
0.74,-6.29073,-2.00263,0.103929,0.328307,-0.0007092,1.02491,-0.529572,-0.172265,0.510092,0.186913,3.13598,-2.44494,2.23202,-3.43617,3.28099,0.182928,-0.385911,-4.28786,4.19559,-3.21985,3.15015,-0.617829,0.530464,-5.24072,-2.00048,-7.59929,-0.409366,-7.56616,-3.66591,-4.69073,-2.00376,-7.08975,-0.616421,-7.09172,-3.3877,0.34344,0.230739,-0.600163,0.0949813,-0.00368454,0.227816,-0.0108922,-0.474521,-0.539755,-2.06176,0.507443,-0.0453938,3.12544,-0.0254201,2.22184,0.388638,3.26904,-0.0543557,-0.396157,-0.0231915,4.18541,0.388446,3.13821,-0.0604308,0.520193,-0.0508708,1.0092,0.343702,-1.26594,1.38354,-15.1349,12.9188,-28.2959,15.7408,3.96702,-8.32616,18.2918,-15.6295,5.32516,-1.56503,0.00409595,-0.00908475,-0.761414,4.94936,-23.7248,14.7943,0,6.45328,-0.508225,6.85632,-4.87608,2.34505,0.304819,0.0244804,-0.0093823,-0.727406,3.11473,-34.2685,17.3171,25.4083,1.45895,9.14506,-4.29098,-12.5544,5.30054,0.78242,-0.0453019,0.0151066,0.0434501,1.76772,-1.7616,0.200937,-0.0467052,0.55046,0.921847,17.2593,9.33834,-1.43981,-7.84734,-10.4549,-0.436879,-3.57267,-4.66869,0.240517,0.12072,0.275462,-6.29078,-1.99894,-0.00368454,0,941,0,1.38778e-17,1.9685e-17,-1.99493e-17,-1.04083e-17,-1.73472e-17,-1.51788e-17,1.49186e-16,1.45717e-16,1.50921e-16,0,-0.539755,-0.313898,0.507441,-0.00873385,3.14159,2.22184,0.0777283,3.26903,-0.0108711,-0.392699,4.18541,0.0776972,3.13819,-0.0120862,0.523599,0,0,0,0.0946799,-0.0108922,-0.539755,0.507443,3.12544,2.22184,3.26904,-0.396157,4.18541,3.13821,0.520193,0.010183,-2.51111,1.06017,3.13458e-05,-0.471593,0.00869002,0.353544,-0.352319,0.0333831,0.0499647,0.0126571,1.00018,-14.1715,69.129,6.21489,3.35085,-14.5638,1.92155,2.35332,-15.3422,1.88989
0.76,-6.27678,-2.00242,0.103036,0.339782,-0.000734852,1.04383,-0.529623,-0.160697,0.509751,0.188508,3.13595,-2.47675,2.232,-3.45964,3.28119,0.150996,-0.385922,-4.29659,4.19582,-3.2268,3.15059,-0.625867,0.530702,-5.22677,-2.00028,-7.58529,-0.409127,-7.55218,-3.66579,-4.67678,-2.0036,-7.07576,-0.616191,-7.0778,-3.38747,0.354694,0.207475,-0.606915,0.093329,-0.00362262,0.244055,-0.0116211,-0.50709,-0.540509,-2.14287,0.506688,-0.0457325,3.12468,-0.0206648,2.22112,0.440021,3.26832,-0.0544527,-0.396879,-0.0201447,4.18493,0.440991,3.13774,-0.0611553,0.519716,-0.0510211,1.00889,0.36508,-1.26602,1.39369,-16.7347,13.1769,-29.0787,16.3378,5.09086,-8.58218,19.0011,-16.2249,5.35258,-1.59284,0.00403789,-0.00902872,-0.744929,5.298,-23.5186,15.0214,0,6.10261,-0.525083,6.72935,-4.98534,2.25317,0.327711,0.0246638,-0.00985464,-0.698987,3.1963,-34.6166,17.4601,26.3366,1.75645,9.31108,-4.32675,-13.008,5.38455,0.890609,-0.0475368,0.0157925,0.046649,1.79575,-1.7893,0.200905,-0.0446233,0.573727,0.946237,17.8447,9.421,-1.59051,-9.02173,-12.0589,-0.436547,-3.90897,-5.06989,0.241735,0.115989,0.279826,-6.27673,-1.9988,-0.00362262,0,1005,1.38778e-17,2.77556e-17,1.04405e-17,-1.01915e-17,-2.08167e-17,-2.42861e-17,-2.56956e-17,5.89806e-17,4.85723e-17,3.18755e-17,0,-0.540509,-0.326109,0.506688,-0.00879256,3.14159,2.22112,0.0880051,3.26831,-0.0108905,-0.392699,4.18493,0.0882071,3.13771,-0.0122311,0.523599,0,0,0,0.0930426,-0.0116211,-0.540509,0.506688,3.12468,2.22112,3.26832,-0.396879,4.18493,3.13774,0.519716,0.0108862,-2.60182,1.07697,3.1701e-05,-0.474419,0.0093298,0.35915,-0.357861,0.0378607,0.0501429,0.012717,1.00018,-12.9639,71.3007,6.46709,4.6042,-16.4603,2.15003,3.87382,-17.4011,2.03168
0.78,-6.26241,-2.0022,0.102193,0.35166,-0.000768911,1.06314,-0.529669,-0.148922,0.509407,0.189601,3.13593,-2.51159,2.23187,-3.48527,3.28127,0.114665,-0.386051,-4.30507,4.19588,-3.23319,3.15087,-0.633818,0.530775,-5.2124,-2.00009,-7.57085,-0.408808,-7.53784,-3.66557,-4.66241,-2.00343,-7.06134,-0.615942,-7.06347,-3.38722,0.366147,0.182051,-0.613091,0.0917066,-0.00356263,0.260993,-0.0123707,-0.542047,-0.541271,-2.22675,0.505927,-0.0461231,3.12392,-0.0161115,2.22026,0.493517,3.26746,-0.0544577,-0.397732,-0.0210832,4.18427,0.497518,3.13708,-0.0620888,0.519062,-0.0511757,1.00859,0.387425,-1.26615,1.40474,-18.5447,13.4588,-29.9424,17.0026,6.40901,-8.86162,19.7843,-16.8876,5.38022,-1.61819,0.00393632,-0.00887808,-0.727701,5.65509,-23.3042,15.2679,0,5.75677,-0.544559,6.59473,-5.10233,2.15707,0.348402,0.024349,-0.0101658,-0.669231,3.14664,-34.9728,17.6092,27.3334,2.15059,9.48587,-4.36519,-13.499,5.47579,1.0104,-0.0505928,0.0167418,0.0508585,1.82592,-1.81903,0.200875,-0.0421751,0.593899,0.965474,18.4402,9.47501,-1.74225,-10.3106,-13.8829,-0.42372,-4.22546,-5.47986,0.242963,0.111044,0.284566,-6.26249,-1.99864,-0.00356263,0,1070,-1.38778e-17,-1.38778e-17,1.16619e-17,4.2067e-17,-6.93889e-18,-1.38778e-17,-1.72388e-17,-5.89806e-17,-5.89806e-17,-8.37004e-17,0,-0.541271,-0.338737,0.505926,-0.00886559,3.14159,2.22026,0.0987042,3.26746,-0.0108915,-0.392699,4.18427,0.0995116,3.13706,-0.0124178,0.523599,0,0,0,0.0914345,-0.0123707,-0.541271,0.505927,3.12392,2.22026,3.26746,-0.397732,4.18427,3.13708,0.519062,0.0116018,-2.69999,1.09521,2.60995e-05,-0.469128,0.0101717,0.365184,-0.363807,0.0428315,0.0503245,0.012778,1.00018,-11.6668,73.5241,6.72242,5.99452,-18.4435,2.4194,5.83762,-19.6491,2.23115
0.8,-6.24765,-2.00197,0.101506,0.364078,-0.000801841,1.08297,-0.529687,-0.136775,0.509081,0.190328,3.13594,-2.54986,2.23165,-3.51353,3.28129,0.0734148,-0.386256,-4.31338,4.19589,-3.23942,3.15111,-0.641948,0.530809,-5.19764,-1.99991,-7.556,-0.408447,-7.52312,-3.66533,-4.64765,-2.00326,-7.04654,-0.615691,-7.04876,-3.38697,0.37796,0.154013,-0.619112,0.0900994,-0.00351411,0.278562,-0.0131538,-0.578853,-0.542039,-2.31338,0.505159,-0.0465203,3.12315,-0.0102299,2.2193,0.547958,3.2665,-0.0544138,-0.398698,-0.0172416,4.18354,0.553454,3.13634,-0.062664,0.51833,-0.05134,1.00829,0.410657,-1.26634,1.41673,-20.5805,13.7662,-30.8929,17.7421,7.93738,-9.16582,20.6471,-17.6246,5.40838,-1.64118,0.00383645,-0.00873291,-0.709834,6.02663,-23.0823,15.5326,0,5.42157,-0.573376,6.4539,-5.22663,2.0585,0.366081,0.0237017,-0.0103593,-0.638688,3.20133,-35.3312,17.7687,28.3648,2.49742,9.66272,-4.40649,-14.0079,5.56629,1.13198,-0.0520674,0.0171713,0.0536171,1.85601,-1.8489,0.200846,-0.0343368,0.620939,0.991181,19.0536,9.51018,-1.91328,-11.7342,-15.9525,-0.415683,-4.5361,-5.89059,0.244217,0.105972,0.289268,-6.24761,-1.99846,-0.00351411,0,1138,1.38778e-17,1.38778e-17,3.46674e-17,-7.80626e-18,-3.46945e-17,-4.16334e-17,-4.31512e-17,-6.245e-17,-7.63278e-17,-7.7412e-17,0,-0.542039,-0.351781,0.505158,-0.0089401,3.14159,2.2193,0.109592,3.26649,-0.0108828,-0.392699,4.18354,0.110699,3.13632,-0.0125328,0.523599,0,0,0,0.0898409,-0.0131538,-0.542039,0.505159,3.12315,2.2193,3.2665,-0.398698,4.18354,3.13634,0.51833,0.012352,-2.80177,1.11331,2.48351e-05,-0.461127,0.0107234,0.371201,-0.369779,0.0477692,0.0505151,0.0128421,1.00018,-9.93532,75.6446,6.97925,7.35462,-20.4516,2.72417,7.63714,-21.8762,2.44976
0.82,-6.23253,-2.00174,0.101028,0.377009,-0.000842737,1.10319,-0.52969,-0.124437,0.508757,0.190437,3.13596,-2.59185,2.23142,-3.54521,3.2813,0.0269996,-0.386473,-4.32156,4.19595,-3.24563,3.1514,-0.649894,0.53089,-5.18252,-1.99974,-7.54077,-0.408069,-7.50803,-3.6651,-4.63253,-2.00309,-7.03136,-0.615428,-7.03369,-3.38671,0.38995,0.122559,-0.625124,0.0886379,-0.00347666,0.296836,-0.0139574,-0.617603,-0.542805,-2.40372,0.504393,-0.0469234,3.12238,-0.00304592,2.21831,0.603148,3.2655,-0.0543633,-0.399688,-0.010044,4.18284,0.609327,3.13564,-0.0631998,0.517634,-0.0515108,1.00803,0.434896,-1.26662,1.42986,-22.8892,14.1052,-31.9515,18.5739,9.71833,-9.50099,21.6092,-18.4534,5.43757,-1.66176,0.00373403,-0.0085841,-0.691167,6.41107,-22.852,15.8175,0,5.09793,-0.611202,6.30729,-5.35964,1.95706,0.380326,0.0229914,-0.0105404,-0.60725,3.33048,-35.7001,17.9451,29.4425,2.81545,9.84294,-4.45188,-14.5386,5.6576,1.25713,-0.0533651,0.0175538,0.0562964,1.88644,-1.87913,0.200819,-0.0238924,0.646501,1.01129,19.6764,9.51385,-2.09936,-13.3295,-18.2803,-0.408979,-4.84388,-6.28835,0.245515,0.100752,0.294009,-6.23254,-1.99827,-0.00347666,0,1207,-1.38778e-17,-4.16334e-17,2.71051e-19,-5.55112e-17,-1.38778e-17,-2.77556e-17,-2.87314e-17,8.32667e-17,7.63278e-17,7.35089e-17,0,-0.542805,-0.365385,0.504391,-0.00901627,3.14159,2.21831,0.12063,3.2655,-0.0108727,-0.392699,4.18284,0.121872,3.13563,-0.01264,0.523599,0,0,0,0.0883914,-0.0139574,-0.542805,0.504393,3.12238,2.21831,3.2655,-0.399688,4.18284,3.13564,0.517634,0.0131147,-2.90786,1.13156,1.81448e-05,-0.447396,0.0112593,0.377289,-0.375827,0.0528098,0.0507091,0.0129073,1.00018,-8.06114,77.8095,7.23535,8.75515,-22.4949,3.03743,9.41857,-24.1147,2.65594
0.84,-6.21708,-2.00151,0.100783,0.390454,-0.000886073,1.12383,-0.529691,-0.111736,0.508426,0.189782,3.13599,-2.63797,2.23116,-3.58097,3.28127,-0.0260178,-0.386727,-4.32968,4.19612,-3.25208,3.15179,-0.65767,0.531076,-5.16707,-1.99957,-7.52521,-0.407664,-7.4926,-3.66491,-4.61708,-2.00292,-7.01586,-0.615157,-7.01831,-3.38644,0.402289,0.0870289,-0.631364,0.0873635,-0.00344906,0.31574,-0.0147873,-0.658807,-0.543592,-2.49705,0.503606,-0.0473538,3.1216,0.00464637,2.21726,0.659154,3.26445,-0.0542995,-0.400738,-0.000335748,4.18222,0.665121,3.13502,-0.0639487,0.51702,-0.0516915,1.00781,0.460067,-1.267,1.4442,-25.5198,14.4789,-33.1302,19.5074,11.8051,-9.87011,22.6822,-19.3834,5.46704,-1.67895,0.00360959,-0.00838599,-0.671715,6.80045,-22.6135,16.124,0,4.78848,-0.653755,6.1546,-5.50176,1.85253,0.390934,0.022151,-0.0106732,-0.574844,3.51707,-36.0837,18.1421,30.5699,3.11329,10.0265,-4.50193,-15.0908,5.75002,1.38636,-0.0555588,0.0182467,0.0600386,1.91725,-1.90962,0.200797,-0.0122666,0.672298,1.03168,20.317,9.47758,-2.30611,-15.1309,-20.9383,-0.406059,-5.15782,-6.67751,0.246825,0.0953724,0.298805,-6.21707,-1.99806,-0.00344906,0,1278,0,1.38778e-17,-8.94467e-19,1.0842e-18,-6.93889e-18,-1.38778e-17,-1.45283e-17,-3.46945e-17,-2.77556e-17,-8.67362e-18,0,-0.543592,-0.379437,0.503604,-0.00910056,3.14159,2.21726,0.131831,3.26445,-0.0108599,-0.392699,4.18222,0.13303,3.13501,-0.0127897,0.523599,0,0,0,0.087127,-0.0147873,-0.543592,0.503606,3.1216,2.21726,3.26445,-0.400738,4.18222,3.13502,0.51702,0.0139012,-3.01828,1.15003,1.48614e-05,-0.43176,0.0120077,0.38345,-0.381923,0.0580442,0.0509095,0.0129747,1.00018,-5.85342,79.9236,7.49741,10.1503,-24.5634,3.37038,11.1176,-26.3681,2.83827
0.86,-6.20132,-2.00128,0.100934,0.40446,-0.000931491,1.1448,-0.529681,-0.0988197,0.508092,0.188233,3.13604,-2.68815,2.23087,-3.62128,3.28124,-0.0863966,-0.387008,-4.33746,4.19629,-3.25818,3.1522,-0.665048,0.53126,-5.15131,-1.99942,-7.50933,-0.407252,-7.47686,-3.66473,-4.60133,-2.00277,-7.00003,-0.614894,-7.00261,-3.38617,0.414828,0.0469628,-0.637245,0.0863108,-0.00344685,0.335285,-0.015632,-0.701749,-0.544382,-2.59418,0.502816,-0.0477892,3.12081,0.0129008,2.21617,0.71588,3.26337,-0.0542238,-0.401827,0.00567062,4.18159,0.723839,3.13439,-0.0647218,0.51639,-0.0518798,1.00762,0.486202,-1.26748,1.45986,-28.5146,14.893,-34.4489,20.5618,14.2355,-10.2788,23.885,-20.4336,5.4977,-1.69297,0.00348131,-0.00817951,-0.651475,7.19281,-22.366,16.4543,0,4.49548,-0.700252,5.99552,-5.65394,1.74492,0.397624,0.0211907,-0.0107547,-0.541471,3.56634,-36.4818,18.3568,31.7705,3.50788,10.2166,-4.55659,-15.6789,5.84903,1.52629,-0.0577956,0.0189625,0.0640187,1.95025,-1.94229,0.200779,0.00756603,0.700264,1.04879,20.968,9.39576,-2.50894,-17.1607,-23.9641,-0.388833,-5.45452,-7.04676,0.248189,0.089834,0.303943,-6.2014,-1.99783,-0.00344685,0,1350,0,-1.38778e-17,-2.35543e-17,5.11743e-17,-6.93889e-18,-2.08167e-17,-1.78893e-17,1.94289e-16,2.01228e-16,1.86049e-16,0,-0.544382,-0.394064,0.502814,-0.00918677,3.14159,2.21617,0.143176,3.26336,-0.0108448,-0.392699,4.18159,0.144773,3.13438,-0.0129444,0.523599,0,0,0,0.0860824,-0.015632,-0.544382,0.502816,3.12081,2.21617,3.26337,-0.401827,4.18159,3.13439,0.51639,0.0147005,-3.13588,1.16983,1.27901e-05,-0.396238,0.0128037,0.390051,-0.388457,0.0636199,0.0511133,0.0130432,1.00018,-3.37053,82.0145,7.76003,11.6845,-26.6797,3.71633,13.4547,-28.8314,3.02423
0.88,-6.18524,-2.00107,0.101733,0.419193,-0.000971746,1.16623,-0.52967,-0.0854446,0.507749,0.185638,3.13609,-2.74234,2.23058,-3.6668,3.28121,-0.155132,-0.387284,-4.34462,4.19636,-3.26357,3.15251,-0.672098,0.531336,-5.13523,-1.99929,-7.49313,-0.406869,-7.46082,-3.66452,-4.58524,-2.00263,-6.9839,-0.614656,-6.98659,-3.38594,0.427811,0.00169637,-0.642395,0.085634,-0.00348489,0.355369,-0.0164956,-0.74695,-0.545193,-2.69466,0.502004,-0.0482751,3.12,0.0217511,2.21506,0.772365,3.26226,-0.0541536,-0.402935,0.00873027,4.18083,0.784137,3.13364,-0.0653114,0.515628,-0.0520814,1.00751,0.513222,-1.26811,1.47702,-31.9452,15.3533,-35.9301,21.7542,17.0843,-10.7327,25.2387,-21.6209,5.52892,-1.70267,0.00330227,-0.00785265,-0.630428,7.58458,-22.1117,16.8091,0,4.22269,-0.750875,5.83176,-5.81663,1.63491,0.39984,0.0201902,-0.0108135,-0.507344,3.4875,-36.877,18.5863,33.019,3.9871,10.4078,-4.61548,-16.2931,5.95353,1.67418,-0.0591541,0.019403,0.0671884,1.98509,-1.9769,0.200768,0.0399237,0.73664,1.07136,21.6416,9.25747,-2.70963,-19.4507,-27.4067,-0.357791,-5.7203,-7.39964,0.249576,0.0841707,0.309363,-6.18532,-1.99759,-0.00348489,0,1424,0,1.38778e-17,8.64651e-18,-6.37511e-17,-2.77556e-17,-4.16334e-17,-3.62124e-17,-2.77556e-17,-1.38778e-17,-4.77049e-18,0,-0.545193,-0.409197,0.502003,-0.00928944,3.14159,2.21506,0.154474,3.26226,-0.0108307,-0.392699,4.18083,0.156837,3.13362,-0.0130623,0.523599,0,0,0,0.0854104,-0.0164956,-0.545193,0.502004,3.12,2.21506,3.26226,-0.402935,4.18083,3.13364,0.515628,0.0155239,-3.25879,1.19075,2.14391e-05,-0.33744,0.0134377,0.397018,-0.39538,0.0693536,0.0513235,0.0131139,1.00018,-0.270289,83.9163,8.02918,13.2796,-28.7905,4.0692,16.4143,-31.4754,3.24899
0.9,-6.16879,-2.00089,0.103372,0.434722,-0.00100008,1.18809,-0.529654,-0.0716523,0.507395,0.181472,3.13614,-2.80045,2.23035,-3.71855,3.28123,-0.233408,-0.387513,-4.35097,4.1963,-3.26796,3.15269,-0.678617,0.531292,-5.11878,-1.99916,-7.47659,-0.406547,-7.44442,-3.66429,-4.56879,-2.00249,-6.9674,-0.614454,-6.97018,-3.38573,0.441192,-0.0498025,-0.646568,0.085585,-0.00356755,0.375973,-0.0173714,-0.794253,-0.546025,-2.79969,0.501173,-0.0489284,3.11917,0.0311252,2.21398,0.827642,3.26117,-0.0541114,-0.404019,0.0116055,4.17993,0.843608,3.13273,-0.065673,0.514719,-0.0523006,1.00751,0.541192,-1.26894,1.49603,-35.9031,15.8717,-37.6155,23.1186,20.4378,-11.2434,26.7826,-22.9795,5.56145,-1.70681,0.00293561,-0.00707159,-0.608404,7.97377,-21.8526,17.1923,0,3.97177,-0.806082,5.66481,-5.99153,1.52263,0.397023,0.0193085,-0.0109336,-0.472509,3.36414,-37.2534,18.8324,34.2814,4.49442,10.5928,-4.6791,-16.9179,6.06109,1.825,-0.0594479,0.0195176,0.0692295,2.02094,-2.01267,0.200768,0.0819593,0.776462,1.09306,22.336,9.02684,-2.90544,-22.05,-31.3255,-0.317919,-5.94315,-7.72603,0.251017,0.0783881,0.314934,-6.16885,-1.99733,-0.00356755,0,1500,2.77556e-17,2.77556e-17,1.58022e-17,1.19262e-17,-6.93889e-18,0,-3.63208e-18,6.93889e-17,5.55112e-17,8.10983e-17,0,-0.546025,-0.425013,0.501172,-0.0094482,3.14159,2.21398,0.16553,3.26117,-0.0108223,-0.392699,4.17993,0.168731,3.13271,-0.0131346,0.523599,0,0,0,0.0853613,-0.0173714,-0.546025,0.501173,3.11917,2.21398,3.26117,-0.404019,4.17993,3.13273,0.514719,0.0163714,-3.38375,1.21226,2.14026e-05,-0.258666,0.0138459,0.404188,-0.402533,0.0750564,0.0515402,0.0131867,1.00018,3.33101,85.6919,8.30617,14.8975,-30.8527,4.41569,19.7465,-34.1606,3.51715
0.92,-6.15195,-2.00072,0.105779,0.451083,-0.00104141,1.21045,-0.529634,-0.0573991,0.507025,0.175301,3.13621,-2.86342,2.23011,-3.77874,3.28126,-0.325163,-0.387744,-4.35687,4.19625,-3.27217,3.15286,-0.684944,0.531261,-5.10194,-1.99907,-7.45965,-0.406217,-7.42765,-3.66406,-4.55195,-2.00239,-6.95051,-0.614246,-6.95339,-3.38553,0.455008,-0.10974,-0.650573,0.0863588,-0.00367581,0.39698,-0.0182846,-0.842324,-0.546877,-2.91056,0.50032,-0.0497739,3.11831,0.0398616,2.21287,0.881242,3.26006,-0.0540813,-0.40513,0.0209699,4.17901,0.897906,3.13181,-0.0660553,0.513798,-0.052541,1.00765,0.570058,-1.27004,1.51716,-40.4582,16.4593,-39.5467,24.6925,24.3599,-11.8216,28.5557,-24.5464,5.59685,-1.70498,0.00232813,-0.00568703,-0.585436,8.35256,-21.5904,17.6077,0,3.74404,-0.862096,5.49472,-6.17961,1.40783,0.388938,0.0184416,-0.011062,-0.436891,3.43941,-37.6074,19.1061,35.513,4.87849,10.7649,-4.74943,-17.5271,6.16512,1.96875,-0.0597917,0.0196938,0.0713002,2.05562,-2.04725,0.200782,0.120357,0.818045,1.11774,23.053,8.67793,-3.14869,-25.0716,-35.9183,-0.294788,-6.15588,-8.0428,0.252584,0.072475,0.320317,-6.15197,-1.99704,-0.00367581,0,1578,1.38778e-17,2.77556e-17,3.67273e-17,-3.62124e-17,6.93889e-18,-2.08167e-17,-1.63715e-17,-6.93889e-18,-6.93889e-18,-1.69136e-17,0,-0.546877,-0.44171,0.50032,-0.00967684,3.14159,2.21287,0.17625,3.26006,-0.0108163,-0.392699,4.17901,0.179592,3.13179,-0.0132111,0.523599,0,0,0,0.0861287,-0.0182846,-0.546877,0.50032,3.11831,2.21287,3.26006,-0.40513,4.17901,3.13181,0.513798,0.0172432,-3.50562,1.23307,2.37965e-05,-0.194037,0.01426,0.411124,-0.409451,0.0805327,0.0517634,0.0132618,1.00019,7.69069,87.2235,8.5911,16.2195,-32.7801,4.77212,22.3183,-36.5754,3.79046
0.94,-6.1347,-2.00056,0.10903,0.468304,-0.00108609,1.23328,-0.529584,-0.0425078,0.506663,0.165874,3.13631,-2.93163,2.22986,-3.84978,3.28128,-0.434624,-0.387988,-4.36226,4.1962,-3.27592,3.15302,-0.69079,0.531232,-5.08469,-1.99901,-7.44228,-0.405895,-7.41047,-3.66384,-4.5347,-2.0023,-6.93319,-0.614051,-6.9362,-3.38533,0.469434,-0.180516,-0.654128,0.0878821,-0.00382174,0.418613,-0.0192256,-0.891621,-0.547723,-3.02799,0.499474,-0.0513004,3.11747,0.0489392,2.21172,0.933561,3.25892,-0.0540523,-0.406277,0.0299478,4.17806,0.951377,3.13086,-0.0664531,0.512855,-0.052802,1.00792,0.600174,-1.2714,1.54071,-45.7798,17.1318,-41.7819,26.5276,29.0143,-12.483,30.6143,-26.3732,5.63534,-1.69093,0.000847516,-0.00210176,-0.561371,8.7257,-21.3205,18.0623,0,3.53941,-0.919132,5.31847,-6.38415,1.29004,0.375665,0.0174928,-0.0111466,-0.400339,3.47608,-37.9529,19.4101,36.7625,5.28755,10.9316,-4.8273,-18.1454,6.2728,2.11574,-0.0601202,0.0199019,0.0733942,2.09151,-2.08305,0.20081,0.162543,0.861065,1.14161,23.8017,8.10257,-3.41028,-28.6364,-41.3958,-0.269423,-6.3459,-8.33546,0.254292,0.0664089,0.32589,-6.1347,-1.99674,-0.00382174,0,1658,0,-4.16334e-17,-1.62901e-17,-1.18178e-17,-2.77556e-17,-4.85723e-17,-4.75965e-17,-2.77556e-17,-2.08167e-17,-5.20417e-18,0,-0.547723,-0.459398,0.499473,-0.010155,3.14159,2.21172,0.186714,3.25891,-0.0108105,-0.392699,4.17806,0.190285,3.13085,-0.0132906,0.523599,0,0,0,0.0876396,-0.0192256,-0.547723,0.499474,3.11747,2.21172,3.25892,-0.406277,4.17806,3.13086,0.512855,0.0181395,-3.62925,1.2546,2.03525e-05,-0.120909,0.0146788,0.418303,-0.41661,0.0861025,0.0519932,0.0133391,1.0002,12.7954,88.4983,8.88075,17.4119,-34.6236,5.14149,25.015,-38.9886,4.07087
0.96,-6.11708,-2.00046,0.113579,0.486668,-0.00113894,1.25649,-0.529258,-0.0263632,0.506531,0.146622,3.13669,-3.00414,2.22948,-3.9329,3.2812,-0.567948,-0.388355,-4.36693,4.19619,-3.27912,3.15322,-0.695886,0.531247,-5.06707,-1.99917,-7.42451,-0.405559,-7.39293,-3.6637,-4.51708,-2.00228,-6.9155,-0.613907,-6.91866,-3.38519,0.485065,-0.263345,-0.657144,0.0902434,-0.00404714,0.440899,-0.0201881,-0.934097,-0.548307,-3.15856,0.49889,-0.0569969,3.11688,0.0579136,2.21043,0.984626,3.25763,-0.0538129,-0.407563,0.0411963,4.17714,1.0025,3.12995,-0.0669517,0.511944,-0.0530834,1.00835,0.631678,-1.27306,1.56699,-51.8038,17.9045,-44.3831,28.7093,34.2925,-13.2402,33.011,-28.5399,5.68589,-1.62822,-0.00612856,0.0154486,-0.537004,9.08881,-21.0415,18.5629,0,3.35968,-0.973142,5.13304,-6.60657,1.16888,0.357596,0.0145305,-0.00986878,-0.362584,3.57438,-38.2888,19.7509,38.0143,5.66086,11.0906,-4.91415,-18.7635,6.38189,2.26243,-0.0608188,0.0202801,0.0759633,2.12788,-2.11926,0.200855,0.227462,0.918179,1.16081,24.6056,6.63077,-3.62565,-32.811,-48.0422,-0.233813,-6.50626,-8.59069,0.256562,0.0601702,0.33153,-6.11724,-1.99641,-0.00404714,0,1739,0,2.77556e-17,-1.22244e-17,4.03323e-17,-2.77556e-17,-4.16334e-17,-3.83265e-17,6.93889e-17,5.55112e-17,3.90313e-17,0,-0.548307,-0.479144,0.49889,-0.0121886,3.14159,2.21043,0.196925,3.25763,-0.0107626,-0.392699,4.17714,0.200506,3.12994,-0.0133903,0.523599,0,0,0,0.0899807,-0.0201881,-0.548307,0.49889,3.11688,2.21043,3.25763,-0.407563,4.17714,3.12995,0.511944,0.0190492,-3.75279,1.2764,1.10444e-05,-0.0129648,0.0151927,0.425576,-0.423852,0.0914544,0.0522268,0.0134176,1.00021,18.5701,89.3521,9.13158,18.6468,-36.3795,5.55169,28.248,-41.4787,4.3436
0.98,-6.09916,-2.0006,0.121539,0.508324,-0.00126369,1.28481,-0.528134,0.0248731,0.507783,0.251403,3.13772,-3.07802,2.22817,-4.01778,3.28019,-0.742172,-0.389629,-4.36982,4.19608,-3.28029,3.15332,-0.699234,0.531188,-5.04915,-2.00013,-7.40615,-0.404941,-7.37519,-3.66372,-4.49916,-2.00262,-6.89741,-0.613947,-6.90091,-3.38523,0.536532,-0.347957,-0.658163,0.0938808,-0.00453695,0.46371,-0.0212586,-0.953513,-0.548129,-3.09965,0.499069,-0.0512466,3.11707,0.0643185,2.20818,1.03356,3.25537,-0.0518336,-0.409809,0.0474269,4.17609,1.05289,3.12889,-0.0672847,0.510923,-0.0534013,1.00905,0.664696,-1.27521,1.59678,-58.1366,18.7903,-47.4213,31.3718,37.9427,-13.3933,34.001,-29.8207,5.53169,-1.8724,0.00214627,-0.00548858,-0.605117,9.43156,-20.757,19.1219,0,3.20556,-1.0136,4.92633,-6.83935,1.04388,0.338872,-0.006372,0.00462944,-0.32235,3.45948,-38.6018,20.1341,39.2541,6.14951,11.2386,-5.01219,-19.3791,6.49811,2.41316,-0.0606784,0.0204352,0.0775082,2.16664,-2.15797,0.200927,0.397987,1.08283,1.4158,25.2299,10.4777,-3.69406,-37.1205,-56.5007,-0.144323,-6.57032,-8.75773,0.254899,0.0537377,0.337522,-6.09918,-1.99606,-0.00453695,0,1823,-1.38778e-17,-5.55112e-17,-5.0307e-17,-5.20417e-18,1.38778e-17,-1.38778e-17,-1.61275e-17,6.245e-17,8.32667e-17,1.0018e-16,0,-0.548129,-0.490105,0.499072,-0.0100858,3.14159,2.20818,0.206707,3.25538,-0.0103667,-0.392699,4.17609,0.210559,3.12892,-0.0134569,0.523599,0,0,0,0.0935843,-0.0212586,-0.548129,0.499069,3.11707,2.20818,3.25537,-0.409809,4.17609,3.12889,0.510923,0.0199949,-3.87547,1.29954,-3.88127e-05,0.22892,0.0155016,0.433328,-0.431594,0.0961221,0.0524699,0.0134994,1.00024,30.7631,82.3949,9.04795,19.6059,-37.6828,6.23439,34.2285,-44.55,4.65221
1,-6.08118,-2.00118,0.136103,0.535832,-0.0015022,1.32499,-0.525562,0.171757,0.511834,0.543022,3.14019,-3.14989,2.22593,-4.08664,3.27819,-0.990659,-0.391792,-4.36876,4.19531,-3.27659,3.15275,-0.699762,0.530453,-5.03118,-2.00251,-7.38737,-0.404195,-7.35775,-3.66376,-4.48118,-2.00359,-6.8791,-0.614341,-6.88326,-3.38562,0.684991,-0.416659,-0.654293,0.100977,-0.00548912,0.487951,-0.0224339,-0.817407,-0.546493,-2.612,0.500704,0.0372504,3.1187,0.078538,2.20499,1.06832,3.25219,-0.0409427,-0.41299,0.0341696,4.17438,1.10434,3.12718,-0.0660562,0.509227,-0.0537934,1.01048,0.70149,-1.27857,1.63439,-60.9004,20.04,-51.686,35.7171,32.3469,-11.8507,30.7411,-28.4595,5.10152,-3.48916,0.240841,-0.626977,-0.905236,9.81536,-20.4838,19.7826,0,3.06555,-1.076,4.70543,-7.09456,0.920109,0.345051,-0.13052,0.101834,-0.275776,2.52847,-38.818,20.5825,40.4129,7.08186,11.354,-5.12925,-19.9783,6.63924,2.57514,-0.0538192,0.0183903,0.0703516,2.21376,-2.20596,0.201075,0.728197,1.3754,2.00923,25.0965,22.3864,-3.59318,-40.6756,-67.0361,0.0527874,-6.42388,-8.78158,0.25058,0.0473625,0.344724,-6.08137,-1.9957,-0.00548912,0,1906,0,0,-6.93889e-18,-1.04083e-17,-1.38778e-17,-6.93889e-17,-6.85216e-17,2.42861e-16,2.28983e-16,2.31152e-16,0,-0.546493,-0.468593,0.500708,0.0119592,3.14159,2.20499,0.213656,3.2522,-0.00818855,-0.392699,4.17438,0.220833,3.12722,-0.0132112,0.523599,0,0,0,0.100607,-0.0224339,-0.546493,0.500704,3.1187,2.20499,3.25219,-0.41299,4.17438,3.12718,0.509227,0.0209317,-3.99507,1.32772,-6.52724e-05,0.715614,0.0140703,0.442752,-0.441192,0.100226,0.0527111,0.0135804,1.00029,47.76,64.9539,8.11391,19.6402,-37.6905,7.034,45.8303,-48.8589,5.15458
1.02,-6.06348,-2.0025,0.161915,0.571856,-0.00176288,1.37097,-0.521375,0.342923,0.518842,0.699591,3.1451,-3.21646,2.22431,-4.11664,3.27662,-1.33523,-0.393226,-4.36126,4.19387,-3.26595,3.15143,-0.695477,0.529052,-5.01348,-2.00655,-7.36896,-0.404482,-7.3408,-3.66419,-4.46348,-2.00532,-6.86103,-0.615451,-6.86592,-3.38673,0.858256,-0.446795,-0.643572,0.114775,-0.00718532,0.514352,-0.0236337,-0.22834,-0.543246,-1.78465,0.503952,0.369232,3.12195,0.112947,2.20244,1.0713,3.24964,-0.0117166,-0.415547,0.0273951,4.172,1.13355,3.12481,-0.0633075,0.50686,-0.0543567,1.01355,0.745049,-1.28436,1.6863,-46.6249,22.286,-59.1371,45.0251,11.4482,-8.63037,23.0158,-24.5646,5.20649,-6.51525,1.37315,-3.67133,-1.33346,10.3141,-20.2543,20.6127,0,2.91689,-1.211,4.50926,-7.41799,0.804027,0.443337,-0.511729,0.430532,-0.222955,1.86904,-38.8337,21.1668,41.1592,7.75348,11.3787,-5.28182,-20.3984,6.7867,2.69181,-0.0408017,0.0143007,0.0543837,2.26296,-2.25692,0.201389,1.29062,1.8012,2.2986,19.7751,25.9717,-3.32868,-42.2568,-77.6532,0.375372,-5.9637,-8.56609,0.269742,0.0413618,0.352093,-6.0636,-1.99532,-0.00718532,0,1989,2.77556e-17,2.77556e-17,0,-6.245e-17,0,-2.77556e-17,-2.42861e-17,1.38778e-17,6.93889e-18,-1.60462e-17,0,-0.543246,-0.355963,0.503958,0.0726177,3.14159,2.20244,0.214254,3.24964,-0.00234333,-0.392699,4.172,0.22667,3.12485,-0.0126615,0.523599,0,0,0,0.114232,-0.0236337,-0.543246,0.503952,3.12195,2.20244,3.24964,-0.415547,4.172,3.12481,0.50686,0.0218708,-4.07899,1.35719,-7.56662e-05,1.54274,0.0108767,0.452592,-0.451384,0.102292,0.0529532,0.0136618,1.00038,60.7239,47.2214,6.52097,18.312,-35.3175,7.29514,63.5718,-53.9886,5.85778
1.04,-6.04531,-2.00459,0.202108,0.616547,-0.00186805,1.40084,-0.515077,0.421229,0.531471,0.561173,3.15377,-3.27137,2.22355,-4.07619,3.27562,-1.65602,-0.39368,-4.34573,4.19218,-3.24785,3.14965,-0.684755,0.527372,-4.99529,-2.01227,-7.35049,-0.406104,-7.32325,-3.66538,-4.44531,-2.00758,-6.84272,-0.617456,-6.8479,-3.38873,0.940519,-0.406895,-0.625574,0.140056,-0.00968,0.542764,-0.024703,0.816162,-0.537912,-0.212848,0.509285,0.983636,3.12729,0.162366,2.20072,1.02716,3.24792,0.032003,-0.417266,0.0444939,4.16934,1.11241,3.12215,-0.0598113,0.504194,-0.055297,1.02012,0.798971,-1.29503,1.76202,0.459249,25.9538,-71.517,62.3793,-7.2489,-2.94053,8.10703,-13.6547,6.90408,-1.33324,3.6076,-10.0047,-1.40765,10.9504,-20.1203,21.7291,0,2.72206,-1.42842,4.35676,-7.85518,0.693642,0.71014,-1.20405,1.09823,-0.183754,2.37208,-38.591,22.0136,41.1162,7.51163,11.2562,-5.499,-20.4374,6.92404,2.69079,-0.0252556,0.00925472,0.0339885,2.30877,-2.30493,0.202054,2.00962,2.23456,1.49346,5.36845,13.2618,-2.74546,-40.2719,-80.3758,0.776203,-5.1435,-8.02947,0.340097,0.0356248,0.358597,-6.04544,-1.99491,-0.00968,0,2074,0,-2.77556e-17,-2.77556e-17,6.93889e-17,0,3.46945e-17,3.1225e-17,2.498e-16,2.498e-16,2.27682e-16,0,-0.537912,-0.0395218,0.509291,0.177687,3.14159,2.20072,0.205426,3.24793,0.0064006,-0.392699,4.16934,0.22245,3.12219,-0.0119623,0.523599,0,0,0,0.13908,-0.024703,-0.537912,0.509285,3.12729,2.20072,3.24792,-0.417266,4.16934,3.12215,0.504194,0.022835,-4.08691,1.38468,-6.39295e-05,2.55708,0.00679771,0.461754,-0.460985,0.101617,0.0532022,0.0137455,1.00051,77.5759,19.7513,4.21307,15.8829,-30.5301,7.17307,83.3838,-58.1359,6.65856
1.06,-6.02867,-2.0073,0.256108,0.666067,-0.00166453,1.42807,-0.508569,0.457934,0.545546,0.760683,3.16193,-3.29626,2.22269,-3.89851,3.27411,-1.62517,-0.394273,-4.32152,4.1904,-3.2218,3.14754,-0.666153,0.525613,-4.97861,-2.01823,-7.33395,-0.408536,-7.30682,-3.66741,-4.42867,-2.00996,-6.82636,-0.620326,-6.83098,-3.3916,0.983144,-0.230122,-0.59987,0.180437,-0.0127738,0.571511,-0.025375,0.905746,-0.53228,1.73121,0.514918,1.12331,3.13292,0.215991,2.19898,0.924294,3.24617,0.0871646,-0.419006,0.0702251,4.16669,1.02916,3.1195,-0.0559801,0.501547,-0.0569098,1.03322,0.866046,-1.31433,1.86992,5.37912,29.5729,-85.2871,76.7501,8.3038,4.06692,-11.8542,5.28197,9.3107,1.24194,4.75688,-13.7962,-0.895034,11.7278,-20.1599,23.2267,0,2.44664,-1.71144,4.25467,-8.41939,0.591815,1.28548,-2.31101,2.28956,-0.192676,3.55585,-38.1582,23.2278,40.1508,6.51024,10.9913,-5.80703,-20.0193,7.05496,2.53833,-0.00938976,0.00367536,0.0125761,2.35243,-2.35095,0.203364,2.70002,2.47599,1.3617,-6.16095,17.7254,-1.24441,-31.4312,-58.8079,1.21083,-3.9295,-7.09902,0.401769,0.0303024,0.364225,-6.02902,-1.99453,-0.0127738,0,2151,0,0,2.77556e-17,-4.16334e-17,5.20417e-17,6.93889e-18,5.20417e-17,8.32667e-17,7.63278e-17,7.4051e-17,0,-0.53228,0.238668,0.514925,0.221343,3.14159,2.19898,0.184853,3.24619,0.0174329,-0.392699,4.16669,0.205797,3.11954,-0.011196,0.523599,0,0,0,0.178397,-0.025375,-0.53228,0.514918,3.13292,2.19898,3.24617,-0.419006,4.16669,3.1195,0.501547,0.0237105,-4.00323,1.41084,-7.4419e-05,3.48274,0.00251523,0.470487,-0.470191,0.0982828,0.0534285,0.0138216,1.00068,129.47,-27.6918,5.86987,13.6935,-24.0763,7.33731,100.569,-59.4233,7.46079
1.08,-6.01278,-2.01078,0.324511,0.719647,-0.00123889,1.45638,-0.501315,0.4488,0.554208,1.02506,3.16914,-3.26012,2.22064,-3.44471,3.27113,-1.33625,-0.396148,-4.2872,4.1884,-3.18671,3.14494,-0.63945,0.523606,-4.96264,-2.02503,-7.31821,-0.411321,-7.2909,-3.67028,-4.41278,-2.01276,-6.81106,-0.624152,-6.81449,-3.39543,0.975462,0.222561,-0.565374,0.235994,-0.0166423,0.596105,-0.0257927,0.808086,-0.525869,2.14031,0.521329,1.12981,3.13933,0.258999,2.19609,0.75741,3.24329,0.165753,-0.421897,0.081027,4.16384,0.88133,3.11664,-0.05126,0.498691,-0.0596104,1.05654,0.944574,-1.347,2.01082,-3.51382,34.4727,-104.373,94.6289,11.6557,6.76755,-20.6579,13.4734,10.2639,-0.699222,5.51956,-16.7982,-0.792692,12.6437,-20.5175,25.0568,0,2.06857,-2.0484,4.244,-9.05462,0.512031,2.49108,-4.22452,4.47378,-0.330885,4.6023,-37.7072,24.8176,38.3108,5.13359,10.6445,-6.21229,-19.1685,7.1756,2.21804,0.00843979,-0.00358352,-0.0110358,2.39276,-2.39414,0.205668,3.42017,2.67898,1.41541,-9.47024,29.0414,1.80673,-8.84362,-22.9481,1.71603,-2.27541,-5.76039,0.423554,0.0260985,0.368679,-6.01327,-1.99415,-0.0166423,0,2225,-2.77556e-17,-5.55112e-17,0,1.249e-16,1.73472e-17,1.38778e-17,1.9082e-17,-6.93889e-17,-8.32667e-17,-7.16658e-17,0,-0.525869,0.272324,0.521334,0.227052,3.14159,2.19609,0.151479,3.24329,0.0331506,-0.392699,4.16384,0.176239,3.11669,-0.010252,0.523599,0,0,0,0.231554,-0.0257927,-0.525869,0.521329,3.13933,2.19609,3.24329,-0.421897,4.16384,3.11664,0.498691,0.0245538,-3.83315,1.43498,-6.81294e-05,4.27795,-0.00220716,0.478551,-0.478827,0.0925748,0.0536468,0.0138949,1.00089,164.456,-34.9033,8.91174,10.5446,-15.4643,8.6566,114.955,-57.5488,8.32772
1.1,-5.99835,-2.0147,0.4029,0.774047,-0.000673189,1.48445,-0.494164,0.464634,0.560858,1.03341,3.17646,-3.1209,2.21792,-2.80167,3.26738,-1.32158,-0.398688,-4.24386,4.18621,-3.1444,3.14185,-0.606364,0.521433,-4.94812,-2.03197,-7.30399,-0.41431,-7.27629,-3.67361,-4.39835,-2.01578,-6.79742,-0.628522,-6.79929,-3.3998,0.990622,0.864402,-0.52398,0.308786,-0.0209189,0.615383,-0.0260036,0.765672,-0.519495,2.00076,0.527703,1.21657,3.1457,0.29368,2.19259,0.513514,3.23978,0.194201,-0.4254,0.0839788,4.16088,0.6543,3.11369,-0.0459628,0.495738,-0.0640758,1.09637,1.03989,-1.40123,2.19419,-10.9139,42.5542,-135.199,123.151,9.84995,8.00941,-25.62,17.6771,10.562,-2.06223,7.03096,-22.4416,-0.844822,13.9067,-21.4795,27.2159,0,1.55762,-2.54919,4.45554,-9.73393,0.462263,3.59704,-5.57834,6.05922,-0.438449,5.95,-37.4835,26.9117,35.7229,3.05932,10.2871,-6.75167,-17.9412,7.27251,1.6856,0.0269573,-0.0125677,-0.0335435,2.42518,-2.42972,0.209533,3.91944,2.72003,1.40357,-8.72167,29.5902,6.9613,23.1724,-15.318,2.16693,-0.268991,-4.10222,0.432383,0.0233971,0.370918,-5.99883,-1.99379,-0.0209189,0,2293,0,0,-5.55112e-17,0,2.08167e-17,0,2.51535e-17,9.02056e-17,9.02056e-17,1.1666e-16,0,-0.519495,0.253966,0.52771,0.239132,3.14159,2.19259,0.102701,3.23979,0.0388402,-0.392699,4.16088,0.130837,3.11373,-0.00919257,0.523599,0,0,0,0.299181,-0.0260036,-0.519495,0.527703,3.1457,2.19259,3.23978,-0.4254,4.16088,3.11369,0.495738,0.0253304,-3.58766,1.45435,-7.81883e-05,4.58056,-0.00670871,0.485036,-0.485944,0.0817186,0.0538481,0.0139626,1.00113,199.057,-27.4255,13.1162,6.71848,-7.8958,12.0202,118.234,-50.0757,9.2422
1.12,-5.98388,-2.01936,0.490362,0.8292,6.84107e-05,1.51047,-0.486468,0.488837,0.568199,1.00536,3.18464,-2.67279,2.21483,-1.97803,3.26332,-1.39436,-0.401956,-4.18975,4.18359,-3.09272,3.13806,-0.565742,0.518826,-4.9335,-2.03967,-7.28988,-0.418001,-7.2615,-3.67762,-4.38388,-2.01925,-6.78397,-0.633775,-6.78379,-3.40506,1.01399,1.68725,-0.473488,0.396265,-0.02595,0.628849,-0.0260287,0.967482,-0.512565,1.89573,0.534632,1.35421,3.15263,0.26572,2.18873,0.233781,3.23593,0.118314,-0.429252,0.0670537,4.1575,0.362105,3.1103,-0.0394982,0.492359,-0.0709285,1.15821,1.15504,-1.4841,2.4219,16.2704,56.6118,-187.495,173.367,13.3402,10.1686,-33.8557,25.084,11.2127,3.13511,9.66548,-32.1358,-0.930877,15.7007,-23.4176,29.5401,0,0.970223,-3.27584,5.07048,-10.3533,0.395313,3.44141,-5.06706,5.24845,-0.261223,7.21091,-37.7594,29.5193,32.8482,0.593841,10.0238,-7.43579,-16.5719,7.35325,0.972916,0.048717,-0.0249474,-0.056286,2.4522,-2.46054,0.215391,4.37309,2.75763,1.30091,-7.55418,28.2831,22.4052,64.1999,-25.3591,2.70534,2.18361,-2.06768,0.454642,0.0198377,0.371689,-5.98462,-1.99342,-0.02595,0,2360,0,8.32667e-17,5.55112e-17,-1.11022e-16,-2.77556e-17,-2.60209e-17,-1.99493e-17,6.93889e-18,3.46945e-18,-1.38778e-17,0,-0.512565,0.240102,0.534638,0.260089,3.14159,2.18873,0.0467555,3.23594,0.0236628,-0.392699,4.1575,0.0724061,3.11035,-0.00789964,0.523599,0,0,0,0.376803,-0.0260287,-0.512565,0.534632,3.15263,2.18873,3.23593,-0.429252,4.1575,3.1103,0.492359,0.0260971,-3.31377,1.47047,-9.17141e-05,4.71116,-0.0112572,0.49044,-0.492108,0.0677663,0.054047,0.0140294,1.0014,244.93,-19.9238,20.5238,9.50619,-4.5694,16.8011,117.634,-39.0661,10.29
1.14,-5.9708,-2.02437,0.580713,0.882256,0.000924872,1.53573,-0.479184,0.504469,0.574966,1.01163,3.19217,0.0456591,2.2117,1.28059,3.25861,-1.56379,-0.405876,-4.12619,4.18076,-3.03382,3.13373,-0.519257,0.515989,-4.92026,-2.04732,-7.27731,-0.422113,-7.24801,-3.68195,-4.3708,-2.02289,-6.77208,-0.639472,-6.76952,-3.41075,1.02886,4.94508,-0.416078,0.500746,-0.0313056,0.636438,-0.0258716,0.978423,-0.505981,1.75382,0.541217,1.46134,3.15922,0.0261765,2.1849,-0.00181914,3.2321,-0.000832276,-0.433086,0.0499208,4.15396,-0.0137132,3.10677,-0.032456,0.488813,-0.0812493,1.25202,1.2983,-1.6087,2.70794,26.0334,83.319,-284.623,260.651,13.8765,14.2778,-48.9561,38.0716,11.6375,5.01403,14.6797,-50.2961,-0.998395,19.1789,-28.0579,31.1662,0,0.383382,-4.81889,7.046,-10.3543,0.180482,3.02776,-4.42938,3.50292,-0.0703692,9.21692,-38.8011,32.8335,29.8234,-2.78628,9.90719,-8.31984,-15.1191,7.39882,0.0329741,0.0730168,-0.0409597,-0.0760086,2.46746,-2.47988,0.223977,4.51755,2.6528,1.26332,-6.82365,28.5934,135.923,226.974,-47.8824,3.17798,4.98741,0.258848,0.46611,0.00895661,0.369704,-5.97171,-1.99308,-0.0313056,0,2421,0,-2.77556e-17,0,-2.77556e-17,2.47198e-17,1.73472e-18,4.77049e-17,1.76942e-16,1.76508e-16,1.86916e-16,0,-0.505981,0.221473,0.541225,0.274775,3.14159,2.1849,-0.000363823,3.23211,-0.000166455,-0.392699,4.15396,-0.00274316,3.10681,-0.00649121,0.523599,0,0,0,0.463565,-0.0258716,-0.505981,0.541217,3.15922,2.1849,3.2321,-0.433086,4.15396,3.10677,0.488813,0.0267965,-3.0234,1.47963,-6.88635e-05,4.42507,-0.0152017,0.493493,-0.495977,0.0455589,0.0542286,0.0140904,1.0017,337.577,-13.3284,37.0841,42.5185,-13.4576,23.049,105.922,-22.5699,11.4228
1.16,-5.9571,-2.03025,0.673522,0.93444,0.00194395,1.55575,-0.471178,0.542562,0.583018,0.913102,3.20147,-3.01955,2.20704,-6.40868,3.25405,-0.78614,-0.410883,-4.05045,4.17721,-2.96344,3.12841,-0.464558,0.512454,-4.90634,-2.05596,-7.264,-0.426452,-7.23385,-3.68694,-4.3571,-2.02714,-6.75979,-0.646165,-6.7544,-3.41744,1.0657,-2.74374,-0.347486,0.618753,-0.0375508,0.63795,-0.0255876,1.87782,-0.498709,1.74716,0.548488,1.74127,3.16649,-0.650757,2.17951,-0.0477791,3.2267,-0.134844,-0.438483,0.0185,4.14968,-0.453723,3.10248,-0.0236981,0.48452,-0.0957874,1.38412,1.47044,-1.78337,3.0523,443.994,150.251,-521.833,496.535,74.6089,24.4239,-85.0116,73.1313,13.2823,84.9727,27.3586,-95.1985,-1.17941,19.8356,-28.2121,37.1747,0,-0.439849,-4.82106,5.96551,-12.7388,-0.381459,2.01842,-2.9723,3.19797,0.113746,11.4551,-40.7714,36.8255,26.9884,-6.6614,9.99561,-9.41448,-13.7649,7.41977,-1.08207,0.105664,-0.0641337,-0.0967878,2.4745,-2.49191,0.235537,4.64043,2.60922,1.00069,-4.96424,23.6621,-153.261,-157.722,-21.7644,3.78724,8.32854,2.99546,0.525688,-0.0187289,0.366596,-5.95818,-1.99271,-0.0375508,0,2485,-2.77556e-17,0,-2.77556e-17,4.16334e-17,-3.38271e-17,-2.77014e-17,2.25514e-17,5.89806e-17,6.245e-17,5.37764e-17,0,-0.498709,0.220292,0.548495,0.320524,3.14159,2.17951,-0.00955609,3.22671,-0.0269687,-0.392699,4.14968,-0.0907347,3.10251,-0.00473961,0.523599,0,0,0,0.553181,-0.0255876,-0.498709,0.548488,3.16649,2.17951,3.2267,-0.438483,4.14968,3.10248,0.48452,0.0275316,-2.75267,1.48384,-5.74329e-05,4.1226,-0.0193576,0.4949,-0.498383,0.0213145,0.0544197,0.0141545,1.00204,483.652,-7.58399,68.616,47.557,-1.99863,21.8532,92.5466,-3.11316,12.778
1.18,-5.94473,-2.03586,0.758735,0.981715,0.00286292,1.58668,-0.463649,0.499919,0.588778,1.18838,3.20686,-4.61665,2.19927,-4.96807,3.24598,-0.663846,-0.418682,-3.9683,4.17332,-2.88702,3.12237,-0.406159,0.508603,-4.89375,-2.06425,-7.25118,-0.428895,-7.22126,-3.69142,-4.34474,-2.03128,-6.7487,-0.65252,-6.74076,-3.42379,1.02343,-1.3034,-0.27325,0.754638,-0.04351,0.633517,-0.0253361,-0.0299559,-0.491848,1.30754,0.55535,1.49211,3.17335,-1.4313,2.17107,-0.128524,3.21826,-0.166979,-0.446922,-0.00228989,4.14512,-0.985469,3.09792,-0.0142701,0.479965,-0.11629,1.5705,1.68285,-2.02981,3.47912,-981.36,379.458,-1318.89,1087.21,-139.228,58.5958,-203.854,160.523,11.1579,-187.549,71.0628,-247.212,-1.01507,24.1969,-32.6112,42.0937,0,-1.31757,-7.73119,6.88658,-14.0585,-1.00054,1.26256,-1.85949,1.91982,0.262503,14.751,-43.9895,41.8362,24.3543,-11.5707,10.3211,-10.8177,-12.5035,7.39229,-2.42715,0.146735,-0.0953867,-0.115077,2.46541,-2.48812,0.250937,4.26069,2.36375,1.54655,-7.10987,37.4221,-79.8546,-86.0803,-34.0318,4.10711,11.9553,5.91819,0.435811,-0.0485311,0.360499,-5.94594,-1.99237,-0.04351,0,2543,0,0,2.77556e-17,-6.93889e-17,-2.42861e-17,-4.85723e-17,-4.16334e-17,2.08167e-16,2.08167e-16,2.28116e-16,0,-0.491848,0.163801,0.555361,0.270599,3.14159,2.17107,-0.0257049,3.21827,-0.0333957,-0.392699,4.14512,-0.197069,3.09796,-0.00285401,0.523599,0,0,0,0.645323,-0.0253361,-0.491848,0.55535,3.17335,2.17107,3.21826,-0.446922,4.14512,3.09792,0.479965,0.028199,-2.50038,1.47833,-6.47326e-05,3.34839,-0.0230153,0.493082,-0.497623,-0.0171421,0.0545934,0.0142129,1.00238,1563.79,-26.417,285.044,81.2845,0.774075,23.1552,63.005,22.7467,14.2769
1.2,-5.93308,-2.0416,0.834965,1.02404,0.00379674,1.73794,-0.456214,2.16638,0.586139,-8.85049,3.20617,-4.52725,2.18728,-2.9803,3.17968,0.888576,-0.438799,-3.88172,4.16904,-2.80304,3.11569,-0.343136,0.504362,-4.88185,-2.07257,-7.23811,-0.429376,-7.20946,-3.69583,-4.33309,-2.03552,-6.73834,-0.659006,-6.72782,-3.43027,2.68794,0.638173,-0.191708,0.897191,-0.0495742,0.625865,-0.0250247,-10.1443,-0.485035,-0.343589,0.562162,-0.327787,3.18017,21.0986,2.15846,-13.7978,3.20566,-1.69091,-0.459528,0.0141748,4.14021,-1.57179,3.09302,-0.00431503,0.475049,-0.142184,1.80549,1.92712,-2.34066,3.96821,11934.5,-384.299,1322.34,-449.066,1629.24,-53.8716,185.188,-66.36,-2.0421,2307.61,-75.4818,259.455,0.179146,-479.264,57.3141,93.9619,0,-242.296,-319.639,-47.5434,-42.2088,18.7512,-9.29422,-5.5585,-5.21092,-7.98154,19.2718,-48.3023,47.6118,22.199,-17.3064,10.8685,-12.4797,-11.4793,7.3087,-3.88691,0.199141,-0.136615,-0.132731,2.4376,-2.46579,0.269101,3.81146,2.11626,7.56311,76.2084,-464.524,4.46985,12.7087,10.8888,4.32939,15.9402,9.07162,-0.0792353,0.904658,0.354067,-5.93456,-1.99205,-0.0495742,0,2597,0,-1.38778e-17,-6.93889e-18,-3.98986e-17,5.55112e-17,0,2.77556e-17,-9.71445e-17,-8.32667e-17,-9.45424e-17,0,-0.485035,-0.0479938,0.562173,-0.0616484,3.14159,2.15846,-2.75951,3.20566,-0.338181,-0.392699,4.14021,-0.31433,3.09304,-0.000863005,0.523599,0,0,0,0.729914,-0.0250247,-0.485035,0.562162,3.18017,2.15846,3.20566,-0.459528,4.14021,3.09302,0.475049,0.0288214,-2.29566,1.46165,-4.47074e-05,2.6508,-0.0265462,0.48752,-0.493158,-0.0614957,0.0547555,0.0142673,1.00271,-2995.81,133.958,-730,-1950.2,784.678,82.5122,29.3095,50.8909,15.9124
1.22,-5.9221,-2.04729,0.901508,1.06146,0.0047003,1.63245,-0.449687,0.928633,0.592107,-1.48173,3.20703,-4.36531,2.1733,-3.08298,3.1797,1.19575,-0.463152,-3.79317,4.16431,-2.71122,3.10835,-0.275601,0.499705,-4.87061,-2.08039,-7.22511,-0.428824,-7.19846,-3.69996,-4.32211,-2.03977,-6.7286,-0.665424,-6.71557,-3.43668,1.45531,0.55987,-0.102569,1.04432,-0.0555823,0.615477,-0.0247098,-15.3353,-0.479097,-1.2714,0.5681,-1.06914,3.1861,14.3123,2.14389,-10.279,3.19108,-3.73348,-0.474105,0.0575219,4.1349,-2.19811,3.0877,0.00613994,0.469734,-0.173652,2.09035,2.19972,-2.71821,4.51761,1729.39,-27.327,94.7545,-17.2649,-33.7093,-0.696574,2.56256,-2.55256,-8.59291,332.31,-6.54437,22.2212,0.909258,-237.528,16.8273,77.5146,0,-93.8435,-149.036,-26.0976,-29.9975,12.8585,81.0436,-8.65004,-12.1108,-11.6558,24.5212,-53.6713,54.1361,20.5274,-23.4624,11.6249,-14.4146,-10.6989,7.17966,-5.40282,0.266408,-0.190529,-0.151251,2.39467,-2.42851,0.289602,3.32716,1.87096,-5.2745,14.3185,-104.239,8.09718,6.8755,9.49356,4.42732,20.2948,12.4524,-0.332223,0.618921,0.346554,-5.92383,-1.99173,-0.0555823,0,2648,5.55112e-17,3.81639e-17,2.77556e-17,-1.66533e-16,2.77556e-17,5.55112e-17,-5.55112e-17,2.77556e-17,4.16334e-17,5.89806e-17,0,-0.479097,-0.166982,0.568104,-0.167067,3.14159,2.14389,-2.0558,3.19109,-0.746695,-0.392699,4.1349,-0.439583,3.08773,0.00122799,0.523599,0,0,0,0.805554,-0.0247098,-0.479097,0.5681,3.1861,2.14389,3.19108,-0.474105,4.1349,3.0877,0.469734,0.0294101,-2.13961,1.43585,-4.20286e-05,2.07626,-0.0302502,0.478934,-0.485702,-0.11013,0.0549089,0.0143188,1.00305,144.613,79.8706,-83.3979,-1280.24,399.357,121.016,-7.45374,80.653,17.689
1.24,-5.91107,-2.05322,0.960354,1.09525,0.0055998,1.78373,-0.443509,-11.4821,0.611421,95.2791,3.22675,-4.13759,2.15628,-2.8697,3.17444,1.26682,-0.473829,-3.70329,4.15912,-2.60869,3.10036,-0.201285,0.494619,-4.85934,-2.08827,-7.21123,-0.427074,-7.18754,-3.70411,-4.3111,-2.04426,-6.71882,-0.672083,-6.7033,-3.44332,-10.9558,0.778569,-0.00295064,1.19298,-0.0618392,0.603503,-0.0244115,-5.52687,-0.47352,1.67824,0.573677,0.584799,3.19168,8.20948,2.12627,-7.29404,3.17347,-2.43838,-0.491717,0.131441,4.12911,-2.85173,3.08191,0.0167212,0.46396,-0.210404,2.42177,2.4958,-3.15862,5.12081,1965.93,-117.441,386.766,-220.019,1109.06,-67.8203,222.376,-128.675,8.4289,248.527,-16.6811,54.6529,-0.180142,-88.7938,-10.9345,72.7812,0,-36.176,-48.7193,-13.1201,-24.345,7.57187,37.113,-2.58903,-11.0196,-7.71668,30.4208,-59.9693,61.3365,19.3054,-29.8667,12.5689,-16.6231,-10.1489,7.00769,-6.92148,0.350659,-0.259084,-0.17142,2.33738,-2.37681,0.31177,2.94233,1.68944,7.56409,-618.957,4730.28,11.3858,16.6891,11.1603,4.49383,25.1616,16.1709,0.253819,0.36477,0.338089,-5.9129,-1.99141,-0.0618392,0,2700,0,0,-6.93889e-18,-1.04083e-17,-2.77556e-17,0,5.55112e-17,1.38778e-17,2.77556e-17,3.64292e-17,0,-0.47352,0.123918,0.573683,0.108719,3.14159,2.12627,-1.45878,3.17347,-0.487676,-0.392699,4.12911,-0.57026,3.08195,0.00334424,0.523599,0,0,0,0.871496,-0.0244115,-0.47352,0.573677,3.19168,2.12627,3.17347,-0.491717,4.12911,3.08191,0.46396,0.0300113,-2.02948,1.4014,-7.16623e-05,1.72472,-0.0342841,0.467477,-0.475361,-0.158049,0.0550658,0.0143714,1.00341,-300.814,-338.889,-118.341,-766.304,264.906,89.5118,-43.9453,111.11,19.607
1.26,-5.90091,-2.05915,1.01177,1.12585,0.00625315,1.52846,-0.435911,0.875731,0.591213,11.2472,3.21943,-3.91583,2.13661,-2.38142,3.16059,1.4525,-0.492671,-3.61483,4.15332,-2.49601,3.09152,-0.121525,0.488904,-4.84883,-2.09732,-7.19706,-0.423894,-7.17799,-3.70773,-4.30095,-2.04915,-6.70956,-0.678542,-6.69223,-3.44977,1.3891,1.27183,0.10661,1.34535,-0.0680759,0.589512,-0.0243024,-14.6196,-0.466467,-5.66287,0.580731,0.276166,3.19873,4.0602,2.10606,-5.55357,3.15325,-1.97115,-0.511932,0.212805,4.12276,-3.52973,3.07556,0.0278593,0.457594,-0.2532,2.80694,2.81611,-3.67321,5.7893,1421.91,-22.9993,76.669,-25.8422,1091.23,-25.4138,82.3665,-25.8156,-17.1173,112.845,-2.79297,8.83955,-0.000118329,-17.3102,-30.0535,75.2177,0,-17.7698,-13.8813,-6.12532,-22.3254,3.98708,24.2619,2.84825,-16.1957,-6.90046,36.5641,-67.3324,69.3717,18.4775,-36.2713,13.735,-19.1738,-9.80663,6.80817,-8.43116,0.458771,-0.347982,-0.195488,2.27091,-2.31605,0.335708,2.57076,1.53015,-12.7637,-8.55849,542.463,11.0881,40.1193,13.8095,4.42306,30.5055,20.1617,-0.413222,0.192231,0.328331,-5.90304,-1.99111,-0.0680759,0,2747,2.77556e-17,4.85723e-17,6.245e-17,-1.18517e-17,1.38778e-17,-5.55112e-17,-2.77556e-17,1.11022e-16,1.11022e-16,1.07553e-16,0,-0.466467,-0.291711,0.580737,-0.19292,3.14159,2.10606,-1.1107,3.15326,-0.39423,-0.392699,4.12276,-0.705886,3.07559,0.00557185,0.523599,0,0,0,0.929799,-0.0243024,-0.466467,0.580731,3.19873,2.10606,3.15325,-0.511932,4.12276,3.07556,0.457594,0.0305555,-1.96116,1.36156,-3.87609e-05,1.49678,-0.0390975,0.454182,-0.46321,-0.207861,0.0552079,0.014419,1.00376,252.287,-6.42864,-51.6179,-462.713,183.383,82.3002,-82.5721,142.596,21.715
1.28,-5.89104,-2.06513,1.05679,1.15399,0.00660075,1.32981,-0.429135,0.990208,0.439085,0.79519,3.14485,-3.84218,2.11528,-0.590313,3.10668,1.77209,-0.516842,-3.53073,4.14724,-2.37214,3.08214,-0.0346887,0.482945,-4.83862,-2.10644,-7.18212,-0.419811,-7.16919,-3.71102,-4.29107,-2.05457,-6.70017,-0.684799,-6.68188,-3.45602,1.42604,3.03321,0.227056,1.4993,-0.0743527,0.575569,-0.0244881,-55.8264,-0.460224,-46.5842,0.586974,0.333448,3.20497,1.54076,2.08419,-4.80639,3.13139,-0.883274,-0.533797,0.317263,4.11615,-4.22618,3.06895,0.0383533,0.450983,-0.301779,3.2428,3.16426,-4.26043,6.52562,-27858.7,286.314,-873.677,-826.56,-29556.1,282.594,-864.495,-824.482,-158.22,553.774,-2.95905,9.0772,-0.000306401,18.594,-44.1981,81.4893,0,-12.4586,-6.91461,-2.85094,-21.8914,1.79652,6.97754,7.14475,-16.3604,-3.0108,43.3453,-75.7151,78.3006,18.0048,-42.7821,15.1178,-22.0889,-9.65065,6.57898,-9.90143,0.58977,-0.457689,-0.22246,2.19454,-2.24489,0.360896,2.25092,1.40685,-9.93232,-2.81317,25.5187,3.68261,128.608,30.0129,4.20535,36.3949,24.5065,-3.82858,0.0868159,0.31772,-5.89339,-1.99081,-0.0743527,0,2793,5.55112e-17,-5.55112e-17,5.55112e-16,1.39862e-16,-2.08167e-17,5.55112e-17,2.77556e-17,1.38778e-16,1.94289e-16,2.13371e-16,0,-0.460224,-2.34337,0.586973,-2.08086,3.14159,2.08419,-0.961264,3.13139,-0.176655,-0.392699,4.11615,-0.845163,3.06898,0.00767067,0.523599,0,0,0,0.980681,-0.0244881,-0.460224,0.586974,3.20497,2.08419,3.13139,-0.533797,4.11615,3.06895,0.450983,0.0310889,-1.92997,1.31572,-3.82268e-05,1.39904,-0.044492,0.438908,-0.448979,-0.259333,0.0553472,0.0144658,1.00412,6159.14,6597.37,-142.479,-300.694,189.995,64.8225,-123.126,174.937,23.9201
1.3,-5.88147,-2.07013,1.09365,1.17766,0.00695954,0.165544,-0.422473,0.962178,0.549729,3.18214,3.20502,-3.82784,2.09546,0.851191,3.18068,2.05179,-0.494465,-3.45505,4.1409,-2.24109,3.07218,0.0549887,0.476746,-4.82869,-2.11452,-7.16769,-0.415592,-7.16072,-3.71322,-4.2815,-2.05899,-6.69109,-0.690089,-6.6718,-3.4613,1.44848,4.52633,0.354344,1.65447,-0.0796504,0.565857,-0.0246518,-29.2742,-0.454085,-19.9173,0.593113,0.457769,3.21111,1.09481,2.06384,-5.1825,3.11104,-0.668027,-0.554152,0.458596,4.10928,-4.93608,3.06209,0.0480168,0.444133,-0.356237,3.72964,3.56567,-4.92019,7.34703,-2666.69,80.7209,-235.583,-32.0313,-3529.21,76.8713,-226.645,-31.9644,-65.1545,283.782,-3.59768,10.7274,-0.000343892,27.3234,-52.56,90.0402,0,-12.858,-7.43036,-3.35245,-22.2077,1.3634,6.11858,8.89823,-17.4891,-2.2599,51.3729,-85.128,88.3214,17.8659,-49.6464,16.7485,-25.4515,-9.67455,6.33107,-11.3314,0.746375,-0.591897,-0.253523,2.11186,-2.16682,0.387098,1.843,1.18366,-58.2134,-4.2208,143.349,0.716969,199.692,43.9985,3.78363,42.6305,28.9909,-1.57983,0.0660488,0.306353,-5.88397,-1.99052,-0.0796504,0,2838,0,2.77556e-17,0,-1.03758e-16,9.71445e-17,5.55112e-17,-2.77556e-17,2.77556e-16,2.498e-16,2.42861e-16,0,-0.454085,-1.00626,0.593114,-0.815493,3.14159,2.06384,-1.03651,3.11104,-0.133605,-0.392699,4.10928,-0.987078,3.06213,0.00960335,0.523599,0,0,0,1.02518,-0.0246518,-0.454085,0.593113,3.21111,2.06384,3.11104,-0.554152,4.10928,3.06209,0.444133,0.0316113,-1.93465,1.2661,-5.97098e-05,1.60404,-0.0507046,0.422372,-0.433365,-0.318265,0.0554838,0.0145116,1.00442,1402.25,1343.4,-92.3929,-286.099,211.446,65.4313,-165.665,207.04,26.2522
1.32,-5.87381,-2.0726,1.11901,1.19435,0.00709054,-9.34203,-0.416009,0.927516,0.581351,-39.0542,3.22464,-3.81315,2.08244,0.840877,3.17236,1.9999,-0.506926,-3.39651,4.13516,-2.11854,3.0627,0.135797,0.471115,-4.82067,-2.12032,-7.1566,-0.41199,-7.15432,-3.71297,-4.27385,-2.06125,-6.68361,-0.692664,-6.66396,-3.46388,1.42582,4.52016,0.473046,1.79942,-0.0823612,0.55619,-0.0249392,-23.116,-0.448038,-13.5378,0.599159,0.535389,3.21716,1.25076,2.05041,-5.83495,3.09761,-0.855199,-0.567582,0.615862,4.10313,-5.61561,3.05594,0.0550628,0.437968,-0.412071,4.22772,3.9612,-5.60076,8.17175,-82.218,35.9445,-98.6791,-2.18383,-744.037,31.3566,-88.2372,-2.17223,-42.455,222.552,-4.06193,11.8052,-0.000910983,28.2047,-59.2643,99.0618,0,-14.3309,-8.40144,-4.70522,-23.0326,1.46352,11.787,12.2965,-23.3298,-3.20009,59.654,-94.7749,98.4847,17.9488,-56.1376,18.4475,-28.932,-9.80879,6.067,-12.5968,0.911344,-0.736438,-0.284327,2.02372,-2.08184,0.412169,1.26832,0.834177,-475.379,-5.90723,-1950.74,0.734169,198.526,38.6386,2.92703,48.4712,33.0291,-1.03868,0.0714159,0.295649,-5.87644,-1.99028,-0.0823612,0,2874,-2.77556e-17,-1.21431e-17,5.55112e-17,1.85114e-16,6.93889e-18,0,1.38778e-17,0,5.55112e-17,6.93889e-17,0,-0.448038,-0.688819,0.599162,-0.565612,3.14159,2.05041,-1.16699,3.09761,-0.17104,-0.392699,4.10313,-1.12302,3.05596,0.0110126,0.523599,0,0,0,1.06162,-0.0249392,-0.448038,0.599159,3.21716,2.05041,3.09761,-0.567582,4.10313,3.05594,0.437968,0.0320298,-1.96159,1.21333,-3.73794e-05,2.06239,-0.0568653,0.404743,-0.416368,-0.395559,0.0555933,0.0145483,1.00458,784.671,618.472,-81.9525,-306.219,224.544,71.1538,-212.806,236.865,28.4985
1.34,-5.86768,-2.07382,1.13574,1.20642,0.00656523,-18.4935,-0.40855,0.920717,0.587999,-4.38444,3.23176,-3.76389,2.07312,0.579651,3.18639,1.79886,-0.499182,-3.35661,4.12994,-2.0144,3.05422,0.200325,0.465982,-4.81408,-2.12645,-7.14712,-0.408389,-7.15022,-3.7112,-4.26771,-2.06331,-6.67676,-0.693458,-6.65857,-3.46468,1.41855,4.26523,0.573841,1.91039,-0.0837774,0.544703,-0.025802,-23.6105,-0.440918,-13.8123,0.60628,0.572809,3.22428,1.25518,2.04075,-6.29291,3.08795,-1.85576,-0.577238,0.739407,4.09757,-6.15031,3.05037,0.0606514,0.432399,-0.45816,4.63729,4.25061,-6.173,8.83343,-37.2213,38.57,-103.198,-2.27977,-729.936,33.1392,-91.0201,-2.26602,-43.1266,238.608,-4.40524,12.535,-0.00154567,30.1832,-65.1892,106.35,0,-15.344,-9.18322,-5.67824,-23.7007,1.45371,37.2476,31.0099,-56.6962,-11.7034,65.9897,-102.764,106.714,18.1091,-60.9186,19.9309,-31.8652,-9.97855,5.82872,-13.5061,1.06699,-0.873771,-0.314095,1.94419,-2.00468,0.431691,0.836425,0.60398,-457.574,-6.23675,-190.797,2.46312,184.999,20.2034,1.99493,53.4171,36.2534,-1.07302,0.0721045,0.288672,-5.87038,-1.99008,-0.0837774,0,2903,-8.32667e-17,1.21431e-16,-7.49401e-16,-3.57787e-18,-1.249e-16,5.55112e-17,1.38778e-16,1.94289e-16,2.77556e-16,2.98372e-16,0,-0.440918,-0.703128,0.606283,-0.410396,3.14159,2.04075,-1.25858,3.08795,-0.371152,-0.392699,4.09757,-1.22999,3.05039,0.0121303,0.523599,0,0,0,1.08665,-0.025802,-0.440918,0.60628,3.22428,2.04075,3.08795,-0.577238,4.09757,3.05037,0.432399,0.0323672,-1.99559,1.1657,-2.49098e-05,2.39312,-0.062819,0.388838,-0.400936,-0.467301,0.0556816,0.0145779,1.00466,789.171,651.279,-87.2317,-324.928,197.533,89.6011,-255.305,260.897,30.5501
1.36,-5.86327,-2.07452,1.14683,1.2166,0.00504058,-26.693,-0.406461,0.918921,0.586138,-4.6462,3.23184,-3.71555,2.0663,2.52987,3.13116,1.80445,-0.543057,-3.33789,4.12719,-1.94323,3.049,0.246144,0.463284,-4.80952,-2.13073,-7.13864,-0.404657,-7.1486,-3.70935,-4.26329,-2.06645,-6.67024,-0.692926,-6.65627,-3.46417,1.41481,6.20408,0.642488,1.98941,-0.0846206,0.535661,-0.0275711,-24.7828,-0.439073,-14.907,0.608125,0.623906,3.22611,0.64508,2.03369,-6.33378,3.08089,-2.39332,-0.584303,0.835271,4.09458,-6.53433,3.04738,0.0620194,0.429408,-0.492746,4.94389,4.46571,-6.6242,9.34584,-214.007,46.4498,-122.625,-2.75824,-959.4,40.3954,-109.371,-2.74574,-46.6005,263.402,-4.70763,13.1772,-0.00228581,41.7307,-72.1705,112.312,0,-15.1583,-9.63993,-5.28075,-24.3827,0.911028,61.6615,74.5251,-124.289,-27.5923,70.8567,-109.042,113.181,18.281,-64.2137,21.0327,-34.0557,-10.117,5.64788,-14.0877,1.17282,-0.970501,-0.331368,1.88382,-1.94472,0.445745,0.554565,0.508816,-409.973,-6.34824,-187.404,2.41702,282.169,16.1926,0.935938,56.8383,38.5419,-1.17521,0.0458278,0.28368,-5.86599,-1.98994,-0.0846206,0,2924,-5.55112e-17,2.98372e-16,1.77636e-15,3.05745e-16,1.17961e-16,0,-5.55112e-17,2.22045e-16,1.11022e-16,1.249e-16,0,-0.439073,-0.757097,0.608121,-0.246916,3.14159,2.03369,-1.26675,3.08089,-0.478663,-0.392699,4.09458,-1.30678,3.0474,0.0124039,0.523599,0,0,0,1.10313,-0.0275711,-0.439073,0.608125,3.22611,2.03369,3.08089,-0.584303,4.09458,3.04738,0.429408,0.0326117,-2.02326,1.12953,-2.51987e-05,2.32743,-0.0662736,0.376764,-0.388944,-0.53219,0.0557456,0.0145993,1.00472,855.589,772.269,-93.804,-311.128,165.306,109.185,-294.419,279.737,31.8096
1.38,-5.86036,-2.07479,1.15395,1.22579,0.00283452,-26.7683,-0.410944,1.00484,1.57764,-1.91054,3.73441,-3.72158,2.06286,12.4245,2.72962,2.06577,-0.554252,-3.33946,4.12693,-1.91969,3.04737,0.263624,0.462996,-4.80688,-2.13209,-7.13168,-0.401539,-7.14883,-3.70771,-4.26036,-2.07026,-6.66428,-0.691424,-6.65642,-3.46269,1.98966,15.7083,0.664685,2.04469,-0.0849898,0.539799,-0.0299403,233.27,-0.443719,242.223,0.603478,1.00254,3.22147,0.107248,2.03009,-6.28548,3.07729,-1.39189,-0.58791,0.908099,4.09416,-6.76883,3.04696,0.0611067,0.428954,-0.517797,5.16575,4.72819,-6.97703,9.79968,-533720,-1611.86,4483.21,-24384.2,-522911,-1612.67,4481.32,-24302.8,844.723,-3671.13,-6.86144,19.0539,-0.00156403,53.2844,-78.557,117.948,0,-14.7873,-10.4665,-4.34931,-25.414,0.38352,54.9891,114.589,-177.671,-20.7706,75.7972,-114.143,118.897,18.487,-66.9998,21.8645,-35.7415,-10.2352,5.58125,-14.5097,1.22888,-1.02728,-0.336609,1.86158,-1.922,0.455642,0.355628,0.459302,-3.76757,-2.06968,-64.0939,-0.301513,776.726,28.1155,-0.0783431,58.002,39.4154,21.5057,0.0194857,0.283168,-5.86307,-1.98984,-0.0849898,0,2938,2.77556e-17,-6.66134e-15,1.68754e-14,1.7087e-15,-1.73472e-17,-5.55112e-17,-1.38778e-17,8.32667e-17,1.11022e-16,1.07553e-16,0,-0.443719,12.1433,0.60348,8.0531,3.14159,2.03009,-1.25712,3.07728,-0.278378,-0.392699,4.09416,-1.35382,3.04695,0.0122213,0.523599,0,0,0,1.11406,-0.0299403,-0.443719,0.603478,3.22147,2.03009,3.07729,-0.58791,4.09416,3.04696,0.428954,0.0327748,-2.0471,1.11628,1.42587e-05,2.05587,-0.0673217,0.372316,-0.3844,-0.58735,0.0557883,0.0146136,1.00474,68905.9,78416.6,686.311,-291.328,181.189,114.594,-325.984,292.28,32.2455
1.4,-5.85837,-2.07522,1.15907,1.23379,0.000992981,-26.9939,-0.418914,0.984963,0.384438,0.0458858,3.12299,-3.66537,2.05849,4.96614,3.13778,1.86272,-0.556882,-3.3497,4.12623,-1.92982,3.04633,0.254617,0.462345,-4.80536,-2.1311,-7.12588,-0.398459,-7.14955,-3.70636,-4.25837,-2.07363,-6.65974,-0.690377,-6.65699,-3.46166,1.388,8.66081,0.654167,2.08147,-0.0854862,0.565816,-0.0318867,-73.517,-0.451793,-63.6611,0.595404,0.789113,3.2134,0.627486,2.02561,-6.59719,3.07281,-2.32777,-0.59238,0.973535,4.09335,-6.86209,3.04616,0.0637196,0.428186,-0.534843,5.31673,5.13861,-7.23209,10.2496,-28348.1,328.831,-908.545,-753.45,-30973.9,321.546,-892.699,-751.031,-214.02,855.367,-4.98869,13.9238,-0.000791497,49.9906,-80.7539,123.105,0,-15.3128,-9.87482,-4.92329,-26.0875,0.65767,83.7439,116.285,-183.843,-35.1699,82.2757,-118.194,124.38,18.7487,-70.3974,22.7412,-37.3692,-10.3914,5.64719,-14.9576,1.28567,-1.08712,-0.345038,1.88359,-1.94529,0.462259,0.255961,0.400288,-11.2802,-3.06534,7.2264,2.81033,403.591,17.9796,-0.51167,57.461,38.9656,-5.48961,0.0336626,0.28867,-5.86119,-1.98978,-0.0854862,0,2947,2.77556e-17,1.11022e-16,1.77636e-15,-8.22428e-16,-1.04083e-17,5.55112e-17,5.55112e-17,5.55112e-17,5.55112e-17,5.20417e-17,0,-0.451793,-3.20166,0.595404,-2.99184,3.14159,2.02561,-1.31942,3.07281,-0.465553,-0.392699,4.09335,-1.3723,3.04618,0.0127439,0.523599,0,0,0,1.12107,-0.0318867,-0.451793,0.595404,3.2134,2.02561,3.07281,-0.59238,4.09335,3.04616,0.428186,0.0328797,-2.07812,1.12938,-3.26729e-05,2.00257,-0.0690077,0.376718,-0.389058,-0.619518,0.0558158,0.0146229,1.00477,6378.78,7075.94,-210.973,-328.639,157.389,128.219,-339.379,297.2,32.6101
1.42,-5.85739,-2.07537,1.16243,1.23999,-0.000408674,-28.0118,-0.423753,0.708749,0.551682,2.73116,3.15106,-3.69963,2.05308,38.5623,3.14477,2.94326,-0.565024,-3.36191,4.12474,-1.95584,3.045,0.230428,0.460866,-4.80466,-2.13085,-7.12138,-0.394961,-7.15089,-3.70464,-4.25739,-2.07602,-6.65683,-0.689401,-6.65796,-3.46068,1.25096,42.2721,0.628298,2.10869,-0.0856638,0.599813,-0.0333466,-37.2231,-0.456691,-20.3683,0.590506,-1.40821,3.2085,0.308538,2.02014,-6.45216,3.06734,-0.605426,-0.597852,1.00951,4.0918,-6.87948,3.0446,0.0693975,0.426622,-0.547619,5.43019,5.60604,-7.42987,10.6771,-3188.5,110.033,-300.683,-43.1025,-3700.72,77.3785,-214.751,-30.8661,-65.6715,149.62,3.29729,-8.87511,0.190273,60.7652,-85.6844,128.292,0,-14.578,-9.52896,-4.01384,-26.6716,0.159201,56.3183,128.289,-192.103,-8.53914,88.8094,-121.587,129.476,19.0297,-73.875,23.6736,-38.9619,-10.5719,5.78243,-15.4288,1.35417,-1.15707,-0.358375,1.92867,-1.99312,0.467168,0.168311,0.309878,-50.8913,-12.1614,108.77,-1.71279,2083.13,71.9954,-0.610866,56.085,37.7549,-1.95864,0.00817843,0.296697,-5.86015,-1.98975,-0.0856638,0,2952,2.77556e-17,1.41553e-15,-2.64198e-15,2.84495e-15,9.54098e-17,-5.55112e-17,-1.04083e-16,1.66533e-16,5.55112e-17,6.245e-17,0,-0.456691,-1.37814,0.590506,-0.851887,3.14159,2.02014,-1.29044,3.06734,-0.121085,-0.392699,4.0918,-1.37583,3.04462,0.0138795,0.523599,0,0,0,1.12613,-0.0333466,-0.456691,0.590506,3.2085,2.02014,3.06734,-0.597852,4.0918,3.0446,0.426622,0.0329379,-2.11428,1.15645,-1.73062e-05,2.11777,-0.071675,0.385734,-0.398624,-0.643279,0.0558311,0.014628,1.00478,1629.69,1336.97,-26.6077,-295.079,218.038,102.008,-342.378,297.627,33.1386
1.44,-5.85738,-2.07555,1.16477,1.24509,-0.00176253,-33.6752,-0.42524,0.998735,0.57263,-0.133888,3.21913,-3.60029,2.05083,3.14024,3.11617,1.81723,-0.562503,-3.37407,4.1231,-1.98541,3.04378,0.203323,0.459259,-4.80472,-2.13239,-7.11882,-0.393026,-7.15315,-3.70294,-4.25738,-2.07837,-6.65493,-0.688505,-6.65982,-3.45978,1.49383,6.81891,0.599108,2.12712,-0.0858499,0.629731,-0.0347005,-26.8756,-0.458178,-11.8526,0.58902,-0.436109,3.20702,1.23547,2.01789,-6.8643,3.06509,-2.92271,-0.600098,1.00193,4.09016,-6.85115,3.04297,0.0758847,0.424987,-0.556261,5.50785,6.01308,-7.57619,11.0237,-155.426,52.3112,-138.781,-4.04825,-967.928,33.3843,-91.8072,-2.59421,-35.5497,157.296,-0.54122,1.83642,1.68257,51.1817,-85.2648,132.117,0,-15.3807,-9.53872,-5.07445,-27.1977,0.785262,114.768,131.921,-208.835,-46.9495,93.6922,-124.217,133.557,19.2739,-76.5409,24.5007,-40.266,-10.735,5.93572,-15.8235,1.41905,-1.2218,-0.371998,1.97977,-2.04734,0.4705,0.116974,0.255148,-283.171,3.86267,-73.058,4.96687,311.913,15.5129,-0.607825,54.5245,36.3986,-1.10899,0.0404761,0.305585,-5.86015,-1.98975,-0.0858499,0,2952,-5.55112e-17,-2.46331e-16,2.23779e-15,-2.2482e-15,4.16334e-17,5.55112e-17,0,2.77556e-17,0,-1.38778e-17,0,-0.458178,-0.873703,0.589026,-0.0309619,3.14159,2.01789,-1.37285,3.06509,-0.584543,-0.392699,4.09016,-1.37016,3.04298,0.0151769,0.523599,0,0,0,1.12949,-0.0347005,-0.458178,0.58902,3.20702,2.01789,3.06509,-0.600098,4.09016,3.04297,0.424987,0.0329379,-2.14689,1.18711,-2.03054e-05,2.10532,-0.0743995,0.395955,-0.409468,-0.66209,0.0558311,0.014628,1.00479,884.103,681.854,-45.8232,-356.637,152.216,128.03,-341.868,296.515,33.6521
1.46,-5.85794,-2.076,1.16693,1.2505,-0.00361921,-36.7645,-0.422899,0.921723,0.566988,1.56654,6.68558,-3.77062,2.05037,-27.9563,3.0722,1.16727,-0.565207,-3.38696,4.12106,-2.01733,3.04233,0.1734,0.457245,-4.80516,-2.13708,-7.11666,-0.391779,-7.15678,-3.70088,-4.25795,-2.08179,-6.65292,-0.687477,-6.66295,-3.45874,-2.05528,-24.3189,0.56776,2.14031,-0.0862814,0.651975,-0.0365222,-30.9043,-0.455802,-14.3816,0.591395,478.063,3.20939,0.0757364,2.01747,-6.31766,3.06467,2.01347,-0.600527,0.922657,4.08815,-6.78447,3.04096,0.0837783,0.422971,-0.562386,5.5638,6.33653,-7.70204,11.3054,-972.073,72.2149,-196.086,-9.55281,-1711.3,45.9055,-128.121,-6.12173,-44.7262,1.78306e+06,-449.298,1031.86,1.50347e+06,73.4628,-92.3203,136.356,0,-13.8893,-9.40431,-2.37619,-28.3491,-0.347534,57.6583,247.648,-353.455,53.4263,96.0959,-126.492,136.848,19.4826,-78.0535,25.305,-41.3537,-10.8859,6.10771,-16.1464,1.48977,-1.28842,-0.387417,2.0371,-2.10841,0.472889,0.107906,0.270331,-154.467,0.0119077,-0.196641,-8.51655,-1242.94,-18.1873,-0.644719,52.8265,34.9007,-1.3981,-0.0179497,0.315038,-5.86077,-1.98977,-0.0862814,0,2949,2.77556e-17,-1.30451e-15,3.96211e-15,-1.42109e-14,2.2031e-16,5.55112e-17,-1.66533e-16,3.05311e-16,1.11022e-16,1.31839e-16,0,-0.455802,-1.05864,0.591394,-0.0111284,3.14159,2.01747,-1.26355,3.06466,0.402694,-0.392699,4.08815,-1.35685,3.04096,0.0167557,0.523599,0,0,0,1.13187,-0.0365222,-0.455802,0.591395,3.20939,2.01747,3.06467,-0.600527,4.08815,3.04096,0.422971,0.032903,-2.17711,1.22152,-1.27178e-05,1.72442,-0.0774833,0.407419,-0.421683,-0.683365,0.0558219,0.0146249,1.00482,1129.92,944.978,-364514,-259.044,285.745,91.5851,-342.219,295.39,34.2773
1.48,-5.85899,-2.07649,1.16899,1.25641,-0.00583468,-39.568,-0.419588,0.916716,0.56822,1.56666,5.76738,-493.182,2.05027,1695.9,2.99346,-0.00515774,-1.10681,-3.40366,4.11994,-2.05074,3.04179,0.145445,0.456142,-4.80604,-2.14292,-7.11461,-0.390463,-7.16116,-3.69902,-4.25901,-2.08582,-6.65089,-0.686203,-6.66706,-3.45744,-1.14085,1700,0.534911,2.15276,-0.0867304,0.676662,-0.0386794,-31.9019,-0.452433,-14.9419,0.594765,255.618,3.21276,3.01793,2.01743,-7.65707,3.06462,-805.344,-0.600565,0.878765,4.0871,-6.72379,3.0399,0.0897935,0.421906,-0.568124,5.61687,6.69896,-7.83432,11.6116,-1141.66,76.3945,-208.794,-11.0893,-1882.91,48.2716,-135.675,-7.10619,-46.6727,507855,-302.087,732.872,404760,30.5474,-84.0357,138.93,0,-17.2214,-15.4272,-6.72668,-28.7256,2.06772,437836,13115.4,-23335.9,-1.29086e+06,99.6495,-128.869,140.479,19.6943,-79.8532,26.0466,-42.4278,-11.0233,6.26755,-16.437,1.54495,-1.34448,-0.398104,2.09042,-2.16464,0.475145,0.103263,0.295606,-140.176,-0.238114,-0.174952,-24470.5,84949.8,-78.7665,-0.834606,51.1002,33.5035,-1.45941,0.106828,0.323357,-5.86182,-1.9898,-0.0867304,0,2944,-5.55112e-17,1.17961e-15,6.59889e-15,-1.38556e-13,1.04083e-16,0,0,3.05311e-16,4.44089e-16,4.47559e-16,0,-0.452433,-1.09962,0.594763,-0.0110865,3.14159,2.01743,-1.53287,3.06463,-161.069,-0.392699,4.0871,-1.34475,3.0399,0.0179587,0.523599,0,0,0,1.13408,-0.0386794,-0.452433,0.594765,3.21276,2.01743,3.06462,-0.600565,4.0871,3.0399,0.421906,0.0328447,-2.20465,1.25351,-1.60236e-06,1.26822,-0.0796208,0.418084,-0.432928,-0.705059,0.0558067,0.0146198,1.00484,1189.63,1007.16,-105869,440362,50128,-69071.2,-345.909,294.843,34.6301
1.5,-5.86025,-2.07709,1.17118,1.26272,-0.00817355,-40.5884,-0.416383,0.882477,0.552013,1.56009,3.71516,-5346.16,2.04867,-4901.35,3.0342,5.52664,0.75432,-3.42316,4.11922,-2.08948,3.04176,0.115151,0.455428,-4.80714,-2.14902,-7.11215,-0.388475,-7.16583,-3.69736,-4.2603,-2.09017,-6.6489,-0.684954,-6.67155,-3.45614,0.860924,-4899.07,0.496847,2.16487,-0.0872885,0.707939,-0.0409483,-40.0838,-0.449158,-20.1873,0.598039,21.434,3.21604,-5.36324,2.0159,-3.75532,3.0631,1975.78,-0.60209,0.84563,4.08645,-6.64557,3.03925,0.0957772,0.421248,-0.573698,5.66881,7.14794,-7.97216,11.9662,-3566.33,115.996,-325.667,-46.3819,-3960.48,73.6087,-210.772,-29.8606,-65.7891,7062.81,-58.9723,164.68,2053.9,150.96,-118.999,147.55,0,-11.3845,-48.3378,8.72903,-31.567,-5.38727,2.48197e+06,23227.7,-24032.7,2.98602e+06,104.42,-131.443,144.683,19.954,-82.0884,26.8377,-43.6145,-11.1811,6.4566,-16.7456,1.59598,-1.3997,-0.407625,2.15349,-2.23064,0.477343,0.109507,0.315585,-51.0173,-2.01291,0.0407546,-242649,-244913,197.825,-0.975049,49.1273,31.9892,-2.05404,-0.27835,0.333142,-5.86307,-1.98984,-0.0872885,0,2938,0,3.69149e-15,-5.26662e-15,1.59872e-14,-3.13638e-15,-3.88578e-16,5.68434e-14,5.55112e-17,1.11022e-16,1.31839e-16,0,-0.449158,-1.47826,0.598043,-0.00938311,3.14159,2.0159,-0.745451,3.0631,395.155,-0.392699,4.08645,-1.32916,3.03924,0.0191554,0.523599,0,0,0,1.13622,-0.0409483,-0.449158,0.598039,3.21604,2.0159,3.0631,-0.60209,4.08645,3.03925,0.421248,0.0327748,-2.23629,1.29135,1.49417e-05,0.848734,-0.0815249,0.430697,-0.446128,-0.723213,0.0557883,0.0146136,1.00487,1801.93,1656.51,-1824.84,2.71478e+06,570553,-522898,-347.563,293.261,34.8359
1.52,-5.86176,-2.07802,1.174,1.26943,-0.0104932,-46.2086,-0.413806,0.94673,0.581894,1.24629,3.24077,-35757.8,2.04385,-22620.7,3.10208,16.4057,4.38725,-3.44213,4.1182,-2.12856,3.04148,0.0845083,0.454442,-4.80853,-2.15507,-7.10899,-0.385355,-7.17077,-3.69592,-4.26185,-2.09481,-6.64717,-0.684062,-6.67625,-3.45519,1.42944,-22621.9,0.458473,2.17798,-0.0881723,0.744747,-0.0431748,-28.6524,-0.446488,-12.7592,0.60071,-0.125552,3.2187,-16.9409,2.01117,1.55428,3.05836,7435.08,-0.606819,0.804626,4.08552,-6.54896,3.03832,0.103356,0.420334,-0.5797,5.72529,7.68246,-8.12067,12.3714,-175.94,57.4568,-155.567,-4.40632,-1099.15,35.6132,-100.694,-2.83733,-38.0885,98.2977,-0.0881443,0.335284,5.29311,227.942,-166.877,158.95,0,-25.2934,-354.704,29.4933,-35.0635,-15.6726,3.57835e+07,49501.1,-34840.1,1.45803e+07,109.993,-134.281,149.453,20.2737,-84.6667,27.7612,-44.9973,-11.3783,6.68098,-17.095,1.6584,-1.46682,-0.420255,2.22836,-2.3092,0.479727,0.140549,0.335318,-281.01,1.1971,-9.40359,-1.52058e+06,-1.13088e+06,741.773,-0.94853,47.1222,30.4585,-1.18867,-0.809291,0.344569,-5.86474,-1.9899,-0.0881723,0,2930,5.55112e-17,-1.17961e-16,2.55351e-15,-2.60209e-15,2.2482e-15,-8.00748e-15,0,2.22045e-16,2.22045e-16,2.08167e-16,0,-0.446488,-0.936815,0.600707,-0.0123677,3.14159,2.01117,0.358636,3.05837,1487.02,-0.392699,4.08552,-1.30977,3.03833,0.0206712,0.523599,0,0,0,1.1385,-0.0431748,-0.446488,0.60071,3.2187,2.01117,3.05836,-0.606819,4.08552,3.03832,0.420334,0.0326816,-2.27561,1.33618,-8.62731e-06,0.507855,-0.084051,0.445672,-0.46184,-0.735554,0.0557639,0.0146055,1.00492,949.703,756.948,-42.4255,3.82824e+07,7.4494e+06,-7.27087e+06,-344.839,290.546,35.0689
1.54,-5.86398,-2.07883,1.17689,1.27588,-0.0126994,-49.1012,-0.409272,0.914843,0.574902,1.17594,3.23941,-36406.9,2.03397,-1628.3,3.11962,3.05079,-0.0976069,-3.45916,4.11648,-2.16408,3.04042,0.0546748,0.452774,-4.81052,-2.16189,-7.10516,-0.379885,-7.17644,-3.69409,-4.26411,-2.09915,-6.64632,-0.683142,-6.68152,-3.4542,1.39193,-1625.08,0.423573,2.19493,-0.0889083,0.784402,-0.0452645,-33.682,-0.441837,-15.8804,0.60536,-0.273543,3.22335,-1.32551,2.00141,-5.53832,3.0486,732.126,-0.616582,0.761323,4.08392,-6.45715,3.03672,0.11288,0.418745,-0.587542,5.79891,8.29368,-8.29642,12.8342,-1236.16,80.4092,-225.217,-11.3811,-2079.4,49.9799,-144.682,-7.32868,-49.4036,179.988,0.258639,-0.623037,7.47461,117.464,-111.025,156.29,0,-12.1588,-11.7973,2.31879,-31.2395,-2.3937,348297,16960.1,-21141.6,932622,116.368,-137.553,154.877,20.6416,-87.6583,28.8641,-46.6631,-11.6157,6.91784,-17.5023,1.74199,-1.55452,-0.437993,2.30734,-2.39271,0.48281,0.144727,0.322625,-144.631,-0.397483,-12.3029,-32456.1,-81261,74.039,-0.851721,45.2604,28.9659,-1.53959,-0.12336,0.356232,-5.86683,-1.98997,-0.0889083,0,2920,-2.77556e-17,1.30451e-15,-1.4988e-15,1.49186e-15,5.18516e-13,1.88738e-14,4.68958e-13,-2.77556e-16,-2.22045e-16,-2.11636e-16,0,-0.441837,-1.16423,0.605359,-0.0147379,3.14159,2.00141,-1.10523,3.04861,146.425,-0.392699,4.08392,-1.29134,3.03674,0.0225759,0.523599,0,0,0,1.14143,-0.0452645,-0.441837,0.60536,3.22335,2.00141,3.0486,-0.616582,4.08392,3.03672,0.418745,0.0325651,-2.32298,1.3835,-3.32805e-05,0.299083,-0.0875987,0.461468,-0.478542,-0.749977,0.0557334,0.0145952,1.00496,1258.79,1088.25,-57.6207,376752,94811.9,-76935.6,-340.558,287.5,35.4971
1.56,-5.86656,-2.07908,1.17884,1.28107,-0.0145677,-50.63,-0.404523,0.891083,0.567865,1.17962,3.24054,-50386.1,2.02498,-12011.4,3.06239,13.8331,3.61687,-3.47548,4.11499,-2.19533,3.03944,0.0281396,0.451285,-4.81284,-2.16772,-7.10239,-0.374562,-7.18196,-3.69204,-4.26673,-2.10239,-6.6463,-0.681934,-6.68666,-3.45292,1.36,-12012,0.392822,2.21272,-0.089075,0.825622,-0.0469815,-38.8493,-0.436937,-19.0813,0.610261,-0.356073,3.22825,-20.7319,1.99256,3.03024,3.03976,6155.34,-0.625426,0.765995,4.08258,-6.39086,3.03538,0.121377,0.417374,-0.595787,5.87693,8.94868,-8.4738,13.3155,-2634.5,103.236,-296.512,-27.6617,-3319.46,64.2633,-189.676,-17.8119,-61.0146,267.328,0.661993,-1.84996,10.6844,286.317,-192.494,177.104,0,-37.7301,-538.797,36.5,-37.8289,-19.5625,2.55709e+07,39619.6,-26784.9,8.11858e+06,124.217,-140.82,160.526,21.0135,-91.2546,29.9353,-48.3952,-11.8522,7.12328,-17.9154,1.82198,-1.64212,-0.454846,2.37579,-2.46516,0.486049,0.0974347,0.259429,-76.4389,-1.58519,-12.1561,-698956,-600417,613.155,-0.815698,43.623,27.6366,-1.90091,-1.00729,0.366669,-5.86954,-1.99006,-0.089075,0,2907,2.77556e-17,-3.91354e-15,-1.22246e-14,1.16643e-14,-1.90917e-13,-3.95906e-13,-3.97904e-13,1.38778e-16,2.22045e-16,2.498e-16,0,-0.436937,-1.39752,0.610253,-0.0155011,3.14159,1.99256,0.630682,3.03977,1231.07,-0.392699,4.08258,-1.27822,3.03537,0.0242754,0.523599,0,0,0,1.14448,-0.0469815,-0.436937,0.610261,3.22825,1.99256,3.03976,-0.625426,4.08258,3.03538,0.417374,0.0324137,-2.37053,1.42469,1.84235e-05,0.298676,-0.0909692,0.475158,-0.493033,-0.766314,0.0556938,0.014582,1.00496,1612.16,1467.83,-75.0821,2.6224e+07,5.3573e+06,-5.2095e+06,-337.558,284.525,35.8814
1.58,-5.86928,-2.07937,1.18028,1.28584,-0.0166144,-54.9734,-0.400184,0.970537,0.599055,0.993068,3.25132,-57924.4,2.01884,12899.1,3.75665,-12.1521,-5.2344,-3.49213,4.11409,-2.22746,3.03914,0.00273727,0.450401,-4.81532,-2.17366,-7.10034,-0.370457,-7.1877,-3.6902,-4.2695,-2.10595,-6.64615,-0.680627,-6.69219,-3.45153,1.45986,12908.1,0.361286,2.22514,-0.0892732,0.857863,-0.0488769,-27.6185,-0.432447,-11.7257,0.614751,-0.137888,3.23275,27.0631,1.98658,-17.8076,3.03378,-6916.32,-0.631415,0.718468,4.08183,-6.3005,3.03463,0.128745,0.416619,-0.60144,5.93173,9.48462,-8.62098,13.708,347.983,49.148,-132.461,-5.00089,-729.796,29.0167,-83.1122,-3.22032,-33.7756,94.5069,-0.375529,1.32435,2.92664,-441.974,-3.66102,143.534,0,-87.0328,-849.1,-47.1461,-21.2514,21.8361,3.29983e+07,-12330.4,-17140.7,-9.22492e+06,129.513,-143.581,165.154,21.3416,-93.4788,30.8313,-49.7414,-12.0541,7.32925,-18.1978,1.884,-1.71007,-0.46761,2.4445,-2.5374,0.488311,0.0720782,0.238628,-217.169,2.38685,-21.4844,-376919,645110,-686.105,-0.832596,41.9716,26.3668,-1.05441,1.12616,0.378017,-5.87226,-1.99014,-0.0892732,0,2894,5.55112e-17,-2.91434e-16,-3.44082e-15,3.49026e-15,-1.29102e-12,-3.63687e-12,-2.84217e-12,-1.66533e-16,-1.11022e-16,-9.02056e-17,0,-0.432447,-0.861456,0.614754,-0.0133616,3.14159,1.98658,-3.55141,3.03378,-1383.26,-0.392699,4.08183,-1.26017,3.03461,0.0257491,0.523599,0,0,0,1.14658,-0.0488769,-0.432447,0.614751,3.23275,1.98658,3.03378,-0.631415,4.08183,3.03463,0.416619,0.0322624,-2.41093,1.4659,2.64311e-05,0.0591396,-0.0935221,0.488899,-0.507481,-0.782368,0.0556542,0.0145687,1.00497,833.812,630.582,-46.1537,3.29693e+07,6.31891e+06,-6.48394e+06,-335.44,281.571,36.0855
1.6,-5.87218,-2.07949,1.18114,1.29048,-0.0189351,-55.081,-0.39507,1.89411,8.65425,5.31964,3.42609,-66979,2.01444,-7612.16,3.07118,7.30189,1.33062,-3.5105,4.11306,-2.2617,3.03882,-0.0250425,0.449343,-4.81793,-2.18027,-7.09862,-0.36678,-7.19406,-3.68784,-4.27247,-2.10978,-6.6458,-0.67895,-6.69827,-3.44973,10.2639,-7610.42,0.327773,2.23462,-0.0893019,0.887028,-0.0510463,937.856,-0.427181,610.113,0.620016,18.1379,3.238,-5.49356,1.98233,-3.64683,3.02953,2864.69,-0.635669,0.638381,4.08095,-6.1882,3.03375,0.136987,0.415686,-0.605679,5.97379,9.98521,-8.75823,14.0723,-6.17855e+06,-4516.72,13998.1,-215186,-4.43306e+06,-2911.53,9016.94,-138563,2261.69,359338,-86.8026,268.823,-645.03,192.942,-138.512,175.702,0,-12.7435,-50.0005,10.4272,-33.6228,-6.71126,5.6317e+06,33313.8,-34321.6,5.1655e+06,133.613,-146.179,169.449,21.6659,-95.0026,31.7194,-50.9857,-12.2566,7.54616,-18.4172,1.94973,-1.78038,-0.481653,2.51687,-2.61371,0.490039,0.0427595,0.231939,-5.37965,48.5664,194.848,-452727,-380455,286.583,-0.91865,40.208,24.9787,70.6857,-0.346388,0.389607,-5.87498,-1.99023,-0.0893019,0,2881,0,-8.88178e-15,-1.03251e-13,1.3145e-13,-8.84237e-13,3.93408e-13,-4.26326e-13,2.22045e-16,2.77556e-16,2.77556e-16,0,-0.427181,44.4512,0.620008,0.166424,3.14159,1.98233,-0.745496,3.02952,572.939,-0.392699,4.08095,-1.23795,3.03368,0.0273974,0.523599,0,0,0,1.14817,-0.0510463,-0.427181,0.620016,3.238,1.98233,3.02953,-0.635669,4.08095,3.03375,0.415686,0.0321112,-2.4519,1.50948,0.000129069,-0.349484,-0.0963305,0.503373,-0.522742,-0.802601,0.0556146,0.0145554,1.00497,874540,860836,-72247.3,5.70028e+06,1.23456e+06,-1.16556e+06,-334.647,278.322,36.3533
1.62,-5.87505,-2.07986,1.18205,1.29575,-0.0217325,-55.4274,-0.390793,0.811654,0.505467,1.06149,3.22327,-67408.8,2.01139,-1569.77,3.09303,2.79287,-0.209063,-3.53027,4.11137,-2.29659,3.03798,-0.0545636,0.447722,-4.82059,-2.18747,-7.09663,-0.363619,-7.20115,-3.68509,-4.27543,-2.11463,-6.64475,-0.677165,-6.70498,-3.44779,1.23545,-1566.46,0.293662,2.24074,-0.0895833,0.915335,-0.0536809,-72.0153,-0.422741,-40.0212,0.624456,-0.971142,3.24246,0.497162,1.97944,-6.17976,3.02664,601.443,-0.638555,0.514958,4.07942,-6.03844,3.03222,0.147687,0.414187,-0.608223,6.00101,10.4778,-8.88847,14.4257,-21260.5,258.506,-785.216,-409.328,-18184.1,162.816,-501.157,-263.56,-138.295,1323.37,3.55824,-10.9005,32.4795,119.978,-117.133,175.019,0,-12.572,-6.10595,0.536988,-32.014,-1.66477,248234,21264.3,-28194.6,920327,136.531,-148.678,173.579,22.0118,-95.791,32.6943,-52.2322,-12.4847,7.79272,-18.5733,2.03054,-1.86394,-0.50021,2.59915,-2.70102,0.491157,0.0459349,0.263127,-17.3194,-5.5559,-18.0583,-21494,-78335.4,61.1364,-0.988293,38.3788,23.5044,-4.32768,-0.0860102,0.40279,-5.8779,-1.99032,-0.0895833,0,2867,2.77556e-17,-4.71845e-15,-7.49401e-15,6.07153e-15,-2.18879e-12,5.08593e-13,-1.47793e-12,-1.11022e-16,-5.55112e-17,-9.02056e-17,0,-0.422741,-2.92334,0.624462,-0.0215396,3.14159,1.97944,-1.236,3.02664,120.289,-0.392699,4.07942,-1.20786,3.03218,0.0295374,0.523599,0,0,0,1.14919,-0.0536809,-0.422741,0.624456,3.24246,1.97944,3.02664,-0.638555,4.07942,3.03222,0.414187,0.0319484,-2.49728,1.55869,7.52066e-05,-0.977076,-0.100042,0.519831,-0.540204,-0.822369,0.055572,0.0145411,1.00498,5359.98,5360.38,-278.707,255451,67519.4,-52749.3,-333.206,274.653,36.7607
1.64,-5.87771,-2.08083,1.184,1.30222,-0.0249218,-57.3157,-0.390303,1.00593,0.546747,8.30652,3.22343,-120747,2.00774,-43026.8,3.09438,15.8451,4.1384,-3.55199,4.11036,-2.33048,3.03779,-0.0810454,0.446754,-4.82333,-2.19379,-7.09366,-0.360486,-7.2084,-3.68291,-4.27821,-2.1207,-6.64293,-0.67568,-6.71199,-3.4461,1.47084,-43027.8,0.260553,2.24727,-0.0904606,0.948907,-0.056719,-39.7854,-0.4221,-28.4078,0.625097,1.23984,3.24308,-5.48042,1.97595,-3.58303,3.02315,7136.49,-0.642052,0.431383,4.07856,-5.89219,3.03137,0.156734,0.413341,-0.610973,6.03002,11.0729,-9.03952,14.8448,-2579.12,104.687,-306.191,-23.571,-4169.84,91.914,-277.582,-23.5905,-89.3151,112.336,-6.03335,18.9787,0.038176,209.434,-145.174,186.079,0,-13.3087,-51.3939,11.6557,-35.1532,-7.08811,3.55471e+07,83249.5,-86173.5,3.04973e+07,141.484,-151.548,178.574,22.3998,-97.2095,33.7024,-53.6252,-12.7245,8.03576,-18.7153,2.10131,-1.94411,-0.51559,2.68023,-2.78641,0.492354,0.09712,0.32385,-94.416,-2.07524,341.354,-2.66689e+06,-2.15119e+06,713.727,-1.08614,36.6342,22.1809,-2.31387,-0.366035,0.415255,-5.88062,-1.99041,-0.0904606,0,2854,-8.32667e-17,3.33067e-16,-5.82867e-15,6.17594e-15,-1.09496e-12,-4.86527e-13,5.68434e-13,-2.77556e-17,-1.11022e-16,-1.11022e-16,0,-0.4221,-1.42758,0.62509,-0.0207816,3.14159,1.97595,-0.742653,3.02314,1427.3,-0.392699,4.07856,-1.17857,3.03134,0.0313469,0.523599,0,0,0,1.15026,-0.056719,-0.4221,0.625097,3.24308,1.97595,3.02315,-0.642052,4.07856,3.03137,0.413341,0.0317972,-2.54516,1.60727,6.02572e-05,-1.63688,-0.103118,0.536047,-0.557281,-0.833716,0.0555324,0.0145279,1.00502,1673.75,2046.98,-80.3423,3.53212e+07,7.37522e+06,-7.2037e+06,-332.563,271.261,36.9433
1.66,-5.87973,-2.08132,1.18582,1.30854,-0.0279409,-59.6551,-0.389888,1.22869,0.587304,3.35673,3.25085,-129467,2.00622,-6308.75,3.01145,8.05462,1.46384,-3.57464,4.10886,-2.36494,3.03706,-0.10946,0.445275,-4.82544,-2.19934,-7.09095,-0.357992,-7.2149,-3.68011,-4.28035,-2.12602,-6.6407,-0.67387,-6.71813,-3.44407,1.70674,-6307.2,0.226842,2.25972,-0.090891,0.994887,-0.0596335,-26.7206,-0.421581,-15.1361,0.625617,1.1599,3.24361,-8.71868,1.97453,-2.14884,3.02172,3247.32,-0.643469,0.388212,4.07717,-5.75179,3.02997,0.168138,0.411924,-0.616828,6.08575,11.912,-9.24097,15.4192,858.537,43.3292,-112.791,-8.95072,-111.787,29.7331,-82.1054,-8.92618,-42.961,-2004.8,-5.56824,17.7298,-11.9639,265.203,-163.295,196.732,0,-16.9571,-116.446,18.4696,-37.965,-10.1781,7.37248e+06,31105.4,-29308,4.40598e+06,150.029,-155.297,185.364,22.9124,-100.199,35.0181,-55.6237,-13.0456,8.30679,-18.9782,2.19976,-2.0576,-0.537652,2.77066,-2.88219,0.494629,0.0913936,0.315941,-116.973,9.11434,89.7652,-436037,-315285,324.228,-1.13263,34.8361,20.7611,-1.11255,-0.524392,0.428276,-5.88251,-1.99047,-0.090891,0,2845,-8.32667e-17,2.56739e-15,-3.13638e-15,3.16414e-15,1.22519e-12,-8.50195e-13,-2.67164e-12,0,0,-6.93889e-18,0,-0.421581,-0.767207,0.625615,-0.0111402,3.14159,1.97453,-0.435403,3.02172,649.465,-0.392699,4.07717,-1.15057,3.02992,0.0336276,0.523599,0,0,0,1.1523,-0.0596335,-0.421581,0.625617,3.24361,1.97453,3.02172,-0.643469,4.07717,3.02997,0.411924,0.0316926,-2.60958,1.66156,0.000104269,-2.02633,-0.10753,0.554132,-0.576438,-0.848934,0.0555051,0.0145187,1.00504,764.256,648.812,344.663,7.31575e+06,1.59809e+06,-1.51996e+06,-330.151,266.861,37.2905
1.68,-5.88186,-2.08178,1.1875,1.31421,-0.0305749,-65.6136,-0.3865,1.12537,0.575059,7.13595,3.24399,-175160,2.00291,-36350.1,3.04701,21.6853,6.08234,-3.59559,4.10719,-2.3961,3.03614,-0.135413,0.443676,-4.82745,-2.20586,-7.08833,-0.354971,-7.22101,-3.67755,-4.28261,-2.13069,-6.63913,-0.672329,-6.72385,-3.44231,1.59803,-36353.1,0.196373,2.27172,-0.0912812,1.04654,-0.0621397,-32.0681,-0.418065,-20.2192,0.629133,1.2735,3.24712,-15.5588,1.97135,0.791266,3.01855,10074.2,-0.646639,0.375579,4.07563,-5.60935,3.02843,0.180405,0.410404,-0.62242,6.13977,12.8535,-9.43534,16.0315,-24.5082,66.485,-187.499,-4.76484,-1275.08,51.9607,-154.233,-4.75187,-60.3316,-361.01,-5.98415,19.3367,-0.755082,377.584,-196.775,211.901,0,-30.8773,-345.493,31.4182,-42.1921,-16.4575,7.16677e+07,77070.2,-62453.4,2.62802e+07,160.271,-158.994,192.544,23.4896,-103.868,36.3777,-57.78,-13.4084,8.58294,-19.2548,2.30417,-2.18119,-0.562795,2.86285,-2.9801,0.496824,0.0839599,0.283521,-297.922,3.9481,280.137,-2.28463e+06,-1.81735e+06,1005.75,-1.04758,33.1951,19.4659,-1.56266,-0.847821,0.442535,-5.88481,-1.99054,-0.0912812,0,2834,0,-1.59595e-16,2.44249e-15,-2.59688e-15,-1.02578e-12,-4.05519e-12,-5.11591e-12,1.11022e-16,2.77556e-16,2.84495e-16,0,-0.418065,-1.02204,0.629131,-0.012112,3.14159,1.97135,0.199573,3.01855,2014.84,-0.392699,4.07563,-1.12201,3.0284,0.036081,0.523599,0,0,0,1.15426,-0.0621397,-0.418065,0.629133,3.24712,1.97135,3.01855,-0.646639,4.07563,3.02843,0.410404,0.0315648,-2.68198,1.71673,7.16332e-05,-2.17526,-0.112559,0.57257,-0.59602,-0.855184,0.0554716,0.0145075,1.00506,1055.37,1100.9,13.0757,7.03017e+07,1.47253e+07,-1.44834e+07,-323.597,261.346,37.6119
1.7,-5.88426,-2.08289,1.19013,1.32026,-0.0333427,-71.2994,-0.38257,0.952313,0.581488,6.19964,3.24394,-175530,1.99961,1089.32,3.01315,0.295151,-1.05603,-3.61273,4.10535,-2.42292,3.0351,-0.157743,0.441911,-4.82968,-2.21355,-7.08577,-0.352507,-7.22759,-3.67543,-4.28515,-2.13623,-6.63762,-0.671355,-6.73,-3.4411,1.43145,1093.39,0.170267,2.28298,-0.0923217,1.09002,-0.0647798,-34.3257,-0.414007,-22.2109,0.633191,1.31174,3.25119,5.66765,1.96817,-8.05393,3.01537,-656.248,-0.649823,0.292712,4.07391,-5.44846,3.02671,0.194007,0.408709,-0.627628,6.19058,13.711,-9.63126,16.5989,-429.581,75.8962,-218.425,-5.4951,-1811.37,60.3942,-182.561,-5.47985,-67.1218,356.541,-6.11908,19.9979,-0.0139071,87.477,-113.702,198.388,0,-14.864,-37.7652,-4.4872,-34.5117,1.82339,329416,18889.7,-31442.2,-1.00942e+06,167.802,-162.654,199.192,24.0573,-106.077,37.7473,-59.801,-13.7711,8.87419,-19.4369,2.41573,-2.30777,-0.589728,2.96013,-3.08369,0.498889,0.131546,0.302197,-284.29,-4.70411,245.764,-18510.5,54618.5,-63.7498,-0.856772,31.7616,18.3533,-1.73907,0.0939301,0.45761,-5.88711,-1.99062,-0.0923217,0,2823,-5.55112e-17,-1.47451e-15,5.35683e-15,-6.00681e-15,1.77379e-12,-7.0588e-13,-2.13163e-12,1.66533e-16,1.66533e-16,1.38778e-16,0,-0.414007,-1.12192,0.633198,-0.0774054,3.14159,1.96817,-1.60923,3.01537,-131.25,-0.392699,4.07391,-1.08974,3.0267,0.0388015,0.523599,0,0,0,1.15607,-0.0647798,-0.414007,0.633191,3.25119,1.96817,3.01537,-0.649823,4.07391,3.02671,0.408709,0.0314371,-2.75433,1.77489,2.57019e-05,-2.45277,-0.117946,0.592026,-0.616738,-0.853401,0.0554382,0.0144963,1.00512,1182.83,1284.2,-132.606,290467,32957.2,-48284.1,-314.279,255.729,37.9277
1.72,-5.8865,-2.0841,1.19345,1.32675,-0.0364199,-74.1765,-0.37862,1.00293,0.561644,7.29076,3.23718,-181668,1.99635,-8973.87,3.01161,6.25447,0.937128,-3.62836,4.10389,-2.44662,3.0343,-0.176645,0.440507,-4.83179,-2.2218,-7.08262,-0.349941,-7.23434,-3.6733,-4.28756,-2.14236,-6.63551,-0.670245,-6.73642,-3.43969,1.46898,-8971.8,0.147175,2.3003,-0.0934526,1.12879,-0.0677292,-40.0138,-0.409929,-27.6149,0.637268,1.31234,3.25525,-0.363027,1.96504,-5.51127,3.01224,2334.65,-0.652951,0.198657,4.07259,-5.31631,3.02539,0.206009,0.407384,-0.635911,6.26932,14.6089,-9.89108,17.2283,-1950.11,101.238,-301.007,-14.6446,-3644.03,84.5267,-262.09,-14.6026,-85.7593,232.531,-6.13473,20.1956,-0.0789629,188.399,-143.969,212.757,0,-12.5466,-8.77059,6.83258,-38.3477,-3.68634,3.87596e+06,49249.4,-61267.5,6.33474e+06,175.619,-167.212,206.71,24.6002,-108.26,39.249,-62.0259,-14.1131,9.147,-19.6354,2.52874,-2.43731,-0.613271,3.05109,-3.18019,0.502067,0.165809,0.324714,-143.856,-2.17202,291.966,-306870,-448542,234.202,-0.781493,30.504,17.4072,-2.21717,-0.189422,0.470583,-5.88941,-1.99069,-0.0934526,0,2812,-2.77556e-17,4.73233e-15,-1.44884e-14,1.55311e-14,2.27091e-12,8.98615e-13,-1.13687e-12,0,5.55112e-17,6.93889e-17,0,-0.409929,-1.39308,0.637253,-0.0266006,3.14159,1.96504,-1.10318,3.01224,466.93,-0.392699,4.07259,-1.0633,3.02538,0.0412018,0.523599,0,0,0,1.15883,-0.0677292,-0.409929,0.637268,3.25525,1.96504,3.01224,-0.652951,4.07259,3.02539,0.407384,0.0313094,-2.82271,1.82944,2.29145e-05,-2.83131,-0.122654,0.610219,-0.636038,-0.859844,0.0554048,0.0144851,1.00518,1585.22,1899.12,-109.414,3.79383e+06,857084,-800735,-309.284,251.858,38.1919
1.74,-5.88889,-2.08534,1.1972,1.33357,-0.0397437,-75.5888,-0.372562,1.06747,0.535654,1.08937,3.2323,-213019,1.99287,-63273,3.14802,48.4983,15.1138,-3.64288,4.10218,-2.46829,3.0332,-0.194429,0.438867,-4.83389,-2.23167,-7.07919,-0.347151,-7.24162,-3.67088,-4.29015,-2.14892,-6.6332,-0.66901,-6.74331,-3.4381,1.51242,-63284.9,0.126037,2.32228,-0.0946239,1.16755,-0.0709138,-47.0351,-0.403732,-34.2699,0.643465,0.995271,3.26146,-53.1992,1.9617,16.2479,3.0089,23542.1,-0.656294,0.0905598,4.07101,-5.19116,3.02382,0.219348,0.405826,-0.646585,6.37012,15.6133,-10.2084,17.9446,-4516.58,133.672,-407.281,-41.2699,-6606.35,115.404,-364.462,-41.154,-108.867,-13037,-4.77551,15.8207,-88.3314,1254.45,-371.745,279.081,0,-244.974,-3895.71,99.0442,-63.2429,-50.1639,4.0047e+08,129348,-70927.1,4.74767e+07,184.265,-172.613,215.298,25.1664,-110.617,40.9884,-64.6017,-14.4755,9.42768,-19.8689,2.6643,-2.59139,-0.639872,3.14473,-3.27993,0.506103,0.187367,0.340864,-70.6169,1.05422,-23.894,-1.56759e+06,-3.1635e+06,2346.4,-0.72632,29.3346,16.5183,-2.80984,-2.57249,0.484149,-5.89193,-1.99077,-0.0946239,0,2800,-2.77556e-17,-3.33067e-15,-1.27121e-14,1.26704e-14,1.14953e-11,2.16153e-11,2.13731e-11,1.38778e-16,2.77556e-16,2.84495e-16,0,-0.403732,-1.7266,0.643467,-0.0110876,3.14159,1.9617,3.25116,3.0089,4708.41,-0.392699,4.07101,-1.03821,3.02382,0.0438697,0.523599,0,0,0,1.16228,-0.0709138,-0.403732,0.643465,3.26146,1.9617,3.0089,-0.656294,4.07101,3.02382,0.405826,0.0311701,-2.89506,1.88552,-1.09685e-05,-3.23653,-0.127974,0.628947,-0.655985,-0.871579,0.0553684,0.0144729,1.00524,2183.28,2792.5,2548.61,3.83452e+08,8.10359e+07,-8.04706e+07,-305.346,248.536,38.5356
1.76,-5.89105,-2.08709,1.20195,1.34107,-0.0433261,-81.2727,-0.367083,0.948,0.603788,8.58297,3.26286,-213769,1.98989,1548.62,3.06028,-0.293366,-1.26673,-3.65687,4.10132,-2.48827,3.03285,-0.208819,0.438016,-4.83583,-2.24212,-7.07532,-0.344911,-7.24885,-3.6691,-4.29256,-2.15639,-6.63029,-0.668099,-6.75032,-3.43678,1.43053,1552.94,0.10657,2.34732,-0.0963019,1.20655,-0.0743802,-33.5177,-0.398137,-20.4537,0.64906,1.31766,3.26706,7.65865,1.95884,-8.80231,3.00603,-952.695,-0.659159,0.00234066,4.07027,-5.08484,3.02307,0.229916,0.405052,-0.658966,6.48605,16.7261,-10.577,18.7425,215.282,73.2205,-204.683,-4.9958,-1178.91,53.5159,-158.597,-4.98467,-61.0291,350.51,-6.3258,21.0481,-0.0168481,97.4688,-122.77,223.603,0,-15.8411,-68.4583,-5.11623,-37.8699,2.84456,689728,18751.4,-32978.4,-1.37474e+06,194.753,-178.811,225.04,25.7345,-113.52,42.8212,-67.3855,-14.8216,9.69303,-20.1178,2.79085,-2.74254,-0.660915,3.23323,-3.37336,0.51071,0.237592,0.375079,-284.193,-4.92767,362.196,-37504,77582.7,-93.1735,-0.699071,28.2928,15.7984,-1.57303,0.145675,0.497213,-5.89402,-1.99083,-0.0963019,0,2790,2.77556e-17,8.95117e-16,-1.03251e-14,1.1695e-14,-3.30226e-12,1.60411e-12,-1.8332e-12,1.11022e-16,1.66533e-16,1.66533e-16,0,-0.398137,-1.03326,0.649062,-0.0502129,3.14159,1.95884,-1.75894,3.00603,-190.539,-0.392699,4.07027,-1.01706,3.02305,0.0459832,0.523599,0,0,0,1.16614,-0.0743802,-0.398137,0.64906,3.26706,1.95884,3.00603,-0.659159,4.07027,3.02307,0.405052,0.0310541,-2.96456,1.93871,5.56923e-05,-3.64709,-0.132183,0.646645,-0.674671,-0.877829,0.0553381,0.0144627,1.00533,1076.59,1093.61,-137.724,616501,92304.7,-114703,-302.615,245.959,38.6455
1.78,-5.89389,-2.08924,1.20779,1.34964,-0.0476512,-87.2403,-0.364037,0.915047,0.59593,3.46377,3.25924,-239260,1.98613,-24611.2,2.85511,11.8509,2.7888,-3.66952,4.10029,-2.50947,3.03246,-0.223684,0.437025,-4.83872,-2.25284,-7.07079,-0.342208,-7.25775,-3.667,-4.29571,-2.16546,-6.62698,-0.667071,-6.75898,-3.43521,1.39333,-24611.1,0.0859651,2.37983,-0.098369,1.24006,-0.0785429,-37.2142,-0.394928,-23.8495,0.652269,1.32979,3.27026,-2.38479,1.95524,-4.76296,3.00244,5136.3,-0.66276,-0.204033,4.0694,-4.95089,3.0222,0.242991,0.404172,-0.675187,6.63838,17.9421,-11.0565,19.6617,-620.102,92.0882,-262.782,-5.7816,-2234.79,70.4763,-212.511,-5.7663,-72.6888,514.622,-6.49671,21.5743,-0.00222332,267.203,-172.95,246.433,0,-14.4645,-24.1387,13.1253,-44.2158,-6.18186,1.92372e+07,81147.7,-94505.6,1.84363e+07,203.501,-186.719,236.367,26.353,-114.871,45.1082,-70.6209,-15.2016,10.0242,-20.318,2.94962,-2.92268,-0.684465,3.34361,-3.48982,0.516701,0.291755,0.428512,-298.378,-6.56925,132.685,-1.27455e+06,-1.23041e+06,514.018,-0.632837,27.1812,15.0531,-1.86909,-0.315636,0.512818,-5.89696,-1.99092,-0.098369,0,2776,8.32667e-17,-4.03497e-15,-1.31561e-14,1.36326e-14,2.22933e-12,1.77403e-12,-2.27374e-13,1.38778e-16,3.33067e-16,3.40006e-16,0,-0.394928,-1.20393,0.652266,-0.444184,3.14159,1.95524,-0.984239,3.00243,1027.26,-0.392699,4.0694,-0.990304,3.02217,0.0485981,0.523599,0,0,0,1.17106,-0.0785429,-0.394928,0.652269,3.27026,1.95524,3.00244,-0.66276,4.0694,3.0222,0.404172,0.0308917,-3.04067,2.005,8.44418e-05,-4.27734,-0.136893,0.668722,-0.697963,-0.891087,0.0552957,0.0144485,1.00544,1309.63,1384.64,-172.724,1.83121e+07,4.03629e+06,-3.91272e+06,-298.796,243.305,38.784
1.8,-5.89757,-2.09185,1.21474,1.35969,-0.0530938,-91.7671,-0.362966,0.917177,0.586964,2.98841,3.25498,-242579,1.98237,-4347.61,3.10817,5.18095,0.568177,-3.68302,4.09977,-2.53245,3.03259,-0.23847,0.436526,-4.84275,-2.26473,-7.06549,-0.33918,-7.26888,-3.6646,-4.29983,-2.17676,-6.62291,-0.665708,-6.76998,-3.43308,1.39075,-4345.07,0.0636122,2.42085,-0.10086,1.26889,-0.0837768,-40.1664,-0.393649,-26.5527,0.653549,1.35721,3.27154,-0.170241,1.95168,-5.78059,2.99888,1798.3,-0.666314,-0.48596,4.06909,-4.81233,3.02189,0.255705,0.403839,-0.695941,6.83362,19.337,-11.6912,20.7683,-1365.53,109.557,-312.631,-8.86473,-3164.68,85.6363,-257.799,-8.84079,-81.8453,578.642,-6.77855,22.3001,-0.00193507,248.652,-173.02,257.909,0,-13.8487,-11.728,10.351,-45.4796,-4.4591,2.35925e+06,38167.8,-47599.7,3.14456e+06,212.645,-196.989,250.276,26.9886,-115.416,47.9127,-74.4692,-15.5805,10.3891,-20.5026,3.13301,-3.13015,-0.705123,3.46529,-3.61753,0.524278,0.347976,0.502732,-226.344,-6.46199,113.689,-165942,-217229,180.536,-0.674895,26.0059,14.3131,-2.0985,-0.226921,0.529923,-5.90073,-1.99104,-0.10086,0,2758,-2.77556e-17,-5.27356e-15,-1.70974e-14,1.83805e-14,1.7385e-12,9.48186e-13,-5.68434e-13,2.77556e-16,3.60822e-16,3.747e-16,0,-0.393649,-1.3395,0.65355,-0.604907,3.14159,1.95168,-1.15949,2.99888,359.66,-0.392699,4.06909,-0.962658,3.02183,0.051141,0.523599,0,0,0,1.1771,-0.0837768,-0.393649,0.653549,3.27154,1.95168,2.99888,-0.666314,4.06909,3.02189,0.403839,0.030683,-3.11666,2.07808,0.000137102,-5.2112,-0.141025,0.693059,-0.723507,-0.916787,0.0552412,0.0144302,1.00557,1520.7,1655.02,-187.88,2.25459e+06,533387,-489887,-298.953,241.877,38.8157
1.82,-5.90219,-2.09489,1.22275,1.37018,-0.0585228,-94.7408,-0.362559,0.871392,0.617629,6.75857,3.27124,-247490,1.97772,6476.05,3.0942,-9.34117,-4.29215,-3.69449,4.09883,-2.54983,3.03212,-0.249482,0.435691,-4.84782,-2.27666,-7.06084,-0.336253,-7.28096,-3.66246,-4.30493,-2.18847,-6.61978,-0.664828,-6.78187,-3.43136,1.35937,6483.44,0.0465904,2.4714,-0.103755,1.31876,-0.0889509,-32.6974,-0.392988,-18.814,0.65421,1.43025,3.2722,33.9924,1.94729,-19.4937,2.99449,-5517.73,-0.6707,-0.636756,4.0684,-4.71296,3.0212,0.269505,0.403209,-0.721973,7.07877,21.4026,-12.4815,22.2691,940.381,76.7812,-197.85,-8.34425,-458.73,50.2959,-137.86,-8.32117,-54.5828,480.041,-7.22354,23.6036,-0.00130047,-94.5478,-38.7024,237.769,0,-84.7528,-1495.58,-46.7072,-32.8208,25.193,2.29165e+07,-5930.43,-20277.9,-5.26414e+06,232.635,-209.673,268.963,27.7702,-120.59,51.4404,-79.7873,-16.0546,10.748,-20.9834,3.36722,-3.4128,-0.732414,3.58494,-3.74359,0.53364,0.400449,0.524365,-148.683,-8.7503,322.558,-245537,323954,-545.546,-0.573651,25.0897,13.7608,-1.39515,1.27736,0.546466,-5.90535,-1.99118,-0.103755,0,2736,5.55112e-17,5.32907e-15,9.02056e-15,-6.92686e-15,1.66478e-13,-9.4047e-13,-3.97904e-13,-3.33067e-16,-2.498e-16,-1.59595e-16,0,-0.392988,-0.951579,0.654206,-0.592605,3.14159,1.94729,-3.92182,2.99449,-1103.55,-0.392699,4.0684,-0.942581,3.0212,0.053901,0.523599,0,0,0,1.18432,-0.0889509,-0.392988,0.65421,3.2722,1.94729,2.99449,-0.6707,4.0684,3.0212,0.403209,0.0304281,-3.21089,2.14959,-8.01231e-06,-5.63141,-0.146483,0.716989,-0.748717,-0.927568,0.0551746,0.0144079,1.00572,953.045,850.095,-170.171,2.09413e+07,4.35069e+06,-4.48191e+06,-294.802,240.023,38.8505
1.84,-5.9075,-2.09718,1.23013,1.37922,-0.0632336,-98.5324,-0.364118,0.864893,0.609333,-6.56946,3.2662,-657359,1.97481,-1.50866e+07,1.48649,3366.87,1123.37,-3.70319,4.09809,-2.56319,3.03156,-0.257622,0.434985,-4.85372,-2.28562,-7.05844,-0.333894,-7.29273,-3.66022,-4.3107,-2.19829,-6.61834,-0.663758,-6.79346,-3.4295,1.34961,-1.50877e+07,0.0333847,2.53164,-0.105888,1.38189,-0.0933723,-34.9275,-0.394257,-20.7774,0.652941,1.53982,3.27093,-1168.26,1.94467,456.521,2.99187,1.68447e+06,-0.673326,-0.665334,4.06795,-4.67866,3.02075,0.281886,0.402747,-0.753773,7.37787,24.0576,-13.4106,24.094,694.586,90.7381,-236.176,-7.19397,-860.34,61.4523,-170.295,-7.17397,-60.6194,555.131,-7.78933,25.2724,-0.00139753,340587,-5273.11,1663.86,0,-95878.2,-1.8946e+06,2022.3,-592.398,-1031.4,2.1278e+12,7.45838e+06,-2.18166e+06,1.19977e+10,262.689,-224.453,291.62,28.6072,-130.359,55.4841,-86.2783,-16.5569,11.0705,-21.8004,3.6317,-3.74622,-0.760375,3.69241,-3.8568,0.544827,0.368921,0.451917,-189.578,-9.07502,-313.117,-2.04934e+07,-7.54329e+08,168265,-0.434936,24.3851,13.3517,-1.54475,-52.118,0.561112,-5.91059,-1.99134,-0.105888,0,2711,0,-4.64906e-15,1.11577e-14,-2.21139e-15,-4.36611e-11,-8.01101e-11,-8.73115e-11,5.55112e-17,2.77556e-17,4.85723e-17,0,-0.394257,-1.05003,0.652933,-0.66241,3.14159,1.94467,83.0915,2.99187,336893,-0.392699,4.06795,-0.935771,3.02074,0.0563772,0.523599,0,0,0,1.19262,-0.0933723,-0.394257,0.652941,3.27093,1.94467,2.99187,-0.673326,4.06795,3.02075,0.402747,0.0301386,-3.3115,2.21415,2.98172e-05,-5.50911,-0.152075,0.738482,-0.771359,-0.942649,0.055099,0.0143825,1.00583,1047.98,988.204,-185.598,1.96482e+12,4.2563e+11,-4.2559e+11,-289.607,238.28,38.8757
1.86,-5.91275,-2.09869,1.23604,1.38668,-0.0676097,-98.8915,-0.367998,0.590471,0.643622,-21.6485,3.28162,-670042,1.97936,-10645.5,3.02576,13.3073,3.3015,-3.70957,4.09741,-2.57646,3.03112,-0.26608,0.434336,-4.85976,-2.29202,-7.05891,-0.334312,-7.30396,-3.65748,-4.3164,-2.20678,-6.61731,-0.662168,-6.80453,-3.42712,1.09406,-10645.7,0.0203252,2.5895,-0.107237,1.42925,-0.0974591,-25.7498,-0.397847,-11.4985,0.64935,1.66949,3.26734,-14.9129,1.94951,-0.206116,2.9967,5885.16,-0.668487,-0.797111,4.06756,-4.62933,3.02036,0.294432,0.40234,-0.784977,7.67207,26.5467,-14.3558,25.8294,2313.05,49.8935,-97.4421,-34.8232,1297.02,18.157,-27.0944,-34.7272,-27.6539,417.131,-8.50459,27.2246,-0.00559318,677.232,-277.802,336.698,0,-38.0651,-384.393,42.1987,-64.1442,-18.4083,2.5642e+07,55225.9,-51109.2,8.18049e+06,288.29,-239.319,313.288,29.3413,-137.558,59.5293,-92.4761,-16.9992,11.3981,-22.4795,3.89835,-4.07194,-0.785601,3.80161,-3.97183,0.555602,0.295159,0.372922,-17.9592,-22.7965,-1029.77,-634157,-532121,586.863,-0.318898,23.6876,12.9275,-0.705507,-0.931775,0.578352,-5.91584,-1.9915,-0.107237,0,2686,8.32667e-17,-4.91274e-15,-5.4956e-15,-3.34054e-15,-2.10665e-14,-2.47244e-11,-4.01883e-11,1.11022e-16,8.32667e-17,2.08167e-17,0,-0.397847,-0.584762,0.649349,-0.0667852,3.14159,1.94951,-0.0388745,2.9967,1177.03,-0.392699,4.06756,-0.925962,3.02033,0.0588864,0.523599,0,0,0,1.20028,-0.0974591,-0.397847,0.64935,3.26734,1.94951,2.9967,-0.668487,4.06756,3.02036,0.40234,0.0298494,-3.40015,2.27976,7.80121e-05,-5.5265,-0.15712,0.760322,-0.794366,-0.972756,0.0550235,0.0143572,1.0059,537.143,228.315,-158.021,2.39978e+07,5.36114e+06,-5.21971e+06,-284.793,236.457,38.9558
1.88,-5.91719,-2.10024,1.24116,1.39331,-0.0717517,-98.9465,-0.373933,0.916323,0.922053,-1.67517,3.45852,-674804,1.98917,-4771.16,3.05308,6.45007,1.00684,-3.7144,4.09677,-2.58666,3.03071,-0.272597,0.433735,-4.86516,-2.29696,-7.06059,-0.337302,-7.31405,-3.655,-4.32131,-2.21494,-6.6158,-0.660809,-6.81447,-3.42496,1.52145,-4769.11,0.0103181,2.63769,-0.108651,1.46403,-0.101347,53.763,-0.403528,67.7417,0.64367,4.04848,3.26167,-2.22043,1.95958,-5.38279,3.00677,2436.33,-0.658419,-0.93929,4.06717,-4.58002,3.01998,0.305204,0.401951,-0.811379,7.92206,28.7366,-15.2316,27.371,-29734.1,-340.909,1137.92,-1365.29,-25744.3,-373.433,1207.53,-1360.52,247.693,-137997,-20.4742,64.5035,-2382.25,411.12,-235.33,341.381,0,-17.593,-42.1725,24.3082,-65.4584,-7.42519,4.2715e+06,42561.3,-50619.6,3.44694e+06,310.335,-252.906,332.694,29.9159,-143.194,63.2289,-98.0046,-17.3488,11.6705,-23.015,4.14425,-4.37176,-0.80635,3.89242,-4.06761,0.564601,0.256213,0.331395,-2.74941,-6.49328,-5.26417,-238113,-238406,243.999,-0.241433,23.1455,12.6003,6.34375,-0.377574,0.594226,-5.92047,-1.99163,-0.108651,0,2664,0,-1.66533e-15,1.25455e-14,1.24345e-14,1.61323e-11,1.17315e-11,-2.55795e-12,2.77556e-16,3.88578e-16,3.747e-16,0,-0.403528,3.39058,0.64368,-0.0109848,3.14159,1.95958,-1.08012,3.00677,487.267,-0.392699,4.06717,-0.916107,3.01995,0.0610409,0.523599,0,0,0,1.20644,-0.101347,-0.403528,0.64367,3.26167,1.95958,3.00677,-0.658419,4.06717,3.01998,0.401951,0.029595,-3.47011,2.33426,8.60786e-05,-5.67681,-0.16127,0.778485,-0.813522,-0.997992,0.0549572,0.0143349,1.00597,2837.14,2132.46,27480,4.13033e+06,946123,-887327,-281.556,235.275,39.0339
1.9,-5.92171,-2.10202,1.24609,1.40008,-0.0763795,-99.0772,-0.380654,1.50969,2.23793,-1.27571,32.0189,-687202,2.00045,-10273.3,3.10394,11.939,2.8395,-3.71885,4.09633,-2.59815,3.03066,-0.279761,0.433327,-4.87077,-2.30246,-7.06206,-0.340906,-7.3248,-3.65239,-4.32638,-2.22411,-6.61365,-0.659376,-6.82511,-3.42258,-25.1297,-10273,-0.000818847,2.68103,-0.110302,1.47967,-0.105732,457.689,-0.410007,243.697,0.637191,17105.8,3.25519,-11.5194,1.9711,-1.62779,3.01829,5195.46,-0.646898,-1.21803,4.06698,-4.49431,3.01978,0.315806,0.401747,-0.835417,8.15073,30.5606,-16.1257,28.7701,-1.33773e+06,-2398.14,7448.74,-36517.9,-831343,-1257.53,3888,-19008.4,984.263,1.53884e+09,-88201,272650,-2.11559e+07,640.381,-282.474,360.339,0,-30.3889,-265.71,43.5519,-73.804,-15.5921,1.90931e+07,54920.5,-53855.7,7.3957e+06,324.774,-266.601,350.635,30.3716,-144.498,66.9034,-103.006,-17.6247,11.9582,-23.2757,4.38601,-4.65282,-0.822381,3.98833,-4.16846,0.572716,0.246441,0.338686,-6.53546,32.1289,14.7138,-619897,-513512,518.444,-0.222517,22.549,12.2409,32.6228,-0.795186,0.609946,-5.92488,-1.99177,-0.110302,0,2643,0,4.70735e-14,-1.37224e-13,2.27374e-13,-1.70796e-11,-2.53148e-11,-1.37561e-11,1.11022e-16,1.94289e-16,1.38778e-16,0,-0.410007,20.3983,0.637192,-0.00720773,3.14159,1.9711,-0.327366,3.01829,1039.09,-0.392699,4.06698,-0.898989,3.01974,0.0631612,0.523599,0,0,0,1.21181,-0.105732,-0.410007,0.637191,3.25519,1.9711,3.01829,-0.646898,4.06698,3.01978,0.401747,0.0293524,-3.52539,2.39185,0.000109764,-6.25423,-0.164476,0.797665,-0.833692,-1.03002,0.0548939,0.0143137,1.00605,181141,155500,-3.08112e+08,1.87131e+07,4.02186e+06,-3.89696e+06,-280.356,234.477,39.0899
1.92,-5.92596,-2.10389,1.25097,1.40686,-0.0811113,-99.4974,-0.388064,0.574511,0.507483,-1.62054,-2.24964,-695869,2.01166,16687.6,2.8797,-5.47416,-2.9791,-3.72356,4.09602,-2.60761,3.03062,-0.285415,0.433048,-4.87618,-2.30784,-7.06302,-0.344567,-7.33535,-3.64982,-4.33122,-2.23353,-6.61106,-0.657991,-6.8356,-3.42016,6.47322,16693.5,-0.0100419,2.72401,-0.11205,1.50093,-0.110221,-101.892,-0.417174,-42.0951,0.630023,-4005.66,3.24802,11.3606,1.98255,-11.4556,3.02975,-3549.35,-0.635445,-1.41084,4.06691,-4.43577,3.01971,0.324563,0.401679,-0.859577,8.38108,32.6785,-17.0973,30.3337,-36040,460.494,-1315.98,-528.078,-26247.7,203.024,-595.358,-239.195,-160.12,7.16704e+07,18954.8,-55156.4,5.7186e+06,226.775,-207.778,373.322,0,-19.8138,-172.067,11.3722,-79.5884,4.30412,8.85472e+06,76753.6,-134241,-1.23856e+07,345.247,-281.347,370.752,30.809,-148.409,70.8388,-108.586,-17.8869,12.2009,-23.6704,4.64005,-4.96261,-0.836851,4.06924,-4.25348,0.580778,0.243848,0.338967,-21.0057,-12.932,-2.52199,-433347,834534,-352.234,-0.235465,22.0605,11.9574,-5.51797,0.219789,0.62249,-5.9293,-1.99189,-0.11205,0,2622,2.77556e-17,-1.57652e-14,-1.82632e-14,2.84217e-14,1.43816e-11,2.38128e-11,3.69482e-12,6.66134e-16,7.21645e-16,7.42462e-16,0,-0.417174,-3.81411,0.630022,-0.0116239,3.14159,1.98255,-2.28471,3.02975,-709.87,-0.392699,4.06691,-0.887283,3.01967,0.0649126,0.523599,0,0,0,1.21698,-0.110221,-0.417174,0.630023,3.24802,1.98255,3.02975,-0.635445,4.06691,3.01971,0.401679,0.0291099,-3.57784,2.44041,0.000115866,-6.70359,-0.16737,0.813848,-0.850695,-1.05695,0.0548307,0.0142925,1.00614,8424.57,7082.98,-1.42559e+07,8.67082e+06,1.6027e+06,-1.68729e+06,-280.657,234.265,39.1061
1.94,-5.93012,-2.10584,1.25586,1.41361,-0.0859366,-101.596,-0.393655,0.870178,0.510511,-9.28183,3.20071,-699866,2.02409,-4893.43,3.03178,6.07031,0.900132,-3.72776,4.09594,-2.61701,3.03083,-0.29053,0.433001,-4.88138,-2.31444,-7.06405,-0.348867,-7.34587,-3.64733,-4.33602,-2.24317,-6.60823,-0.656649,-6.84609,-3.4177,1.32157,-4891.29,-0.0191865,2.76758,-0.113875,1.52178,-0.114827,-53.8502,-0.422546,-40.2674,0.624651,2.23065,3.24264,-1.09416,1.9952,-6.25985,3.0424,2243.95,-0.622796,-1.61589,4.06705,-4.37236,3.01986,0.332297,0.401826,-0.884519,8.61826,34.9851,-18.1634,32.0301,-3969.14,220.784,-576.594,-28.8454,-6818.36,181.463,-497.254,-29.1977,-124.2,1478.12,-12.1342,35.6057,0.241409,462.496,-266.939,392.735,0,-17.822,-56.9816,36.4253,-88.6086,-6.61691,3.35246e+06,46598.6,-57178.4,3.19183e+06,367.809,-297.47,392.705,31.2575,-152.524,75.1075,-114.606,-18.1493,12.4514,-24.0583,4.90197,-5.28625,-0.848801,4.15256,-4.34044,0.588966,0.244471,0.337599,-104.911,-9.02616,-394.799,-199862,-244518,225.011,-0.210225,21.5867,11.697,-3.16262,-0.338207,0.635251,-5.9333,-1.99201,-0.113875,0,2603,-8.32667e-17,-3.2474e-15,-1.12133e-14,-9.51322e-15,-2.20502e-11,1.34825e-11,-6.90648e-12,3.60822e-16,3.88578e-16,3.40006e-16,0,-0.422546,-1.99724,0.62465,-0.0623487,3.14159,1.9952,-1.25758,3.0424,448.79,-0.392699,4.06705,-0.874589,3.01982,0.0664594,0.523599,0,0,0,1.22207,-0.114827,-0.422546,0.624651,3.24264,1.9952,3.0424,-0.622796,4.06705,3.01986,0.401826,0.0288906,-3.6303,2.49048,0.000106747,-7.10043,-0.16976,0.830511,-0.868088,-1.07958,0.0547735,0.0142733,1.00624,2305.87,3078.21,-372.704,3.50771e+06,752622,-698411,-279.2,233.552,39.0484
1.96,-5.93433,-2.10756,1.26043,1.41994,-0.0906466,-102.019,-0.394343,0.515702,0.611824,-26.2469,3.25312,-707528,2.03912,9453.91,3.13868,-7.74345,-3.70457,-3.73119,4.09611,-2.62539,3.0312,-0.294599,0.433187,-4.88631,-2.32329,-7.066,-0.354293,-7.35621,-3.6448,-4.3409,-2.2524,-6.60561,-0.65519,-6.85648,-3.41509,1.016,9460.76,-0.0273708,2.81266,-0.115473,1.5449,-0.119295,-27.8603,-0.422991,-13.6563,0.624207,2.16719,3.2422,22.9349,2.01048,-17.2578,3.05767,-4704.07,-0.607524,-1.7862,4.06746,-4.32714,3.02027,0.338547,0.402236,-0.910659,8.86773,37.5702,-19.3293,33.8928,2184.93,87.0522,-173.157,-32.8227,1019.08,41.9309,-82.0696,-32.736,-31.6855,516.467,-12.463,36.0711,-0.00923268,146.458,-205.677,434.156,0,-39.4295,-684.396,8.79434,-108.57,14.2051,1.46461e+07,25195.3,-63659.5,-6.46243e+06,394.904,-315.014,416.888,31.7002,-158.31,79.6961,-121.184,-18.4017,12.684,-24.5512,5.17457,-5.63092,-0.858519,4.22993,-4.42084,0.597453,0.228587,0.316337,-21.1853,-26.5366,-1255.96,-383094,472850,-465.676,-0.171269,21.1764,11.4896,-0.812591,0.726519,0.646928,-5.93772,-1.99214,-0.115473,0,2582,-8.32667e-17,-2.86576e-15,4.95437e-15,3.47162e-15,1.52153e-11,8.7198e-12,2.24532e-11,3.33067e-16,3.05311e-16,2.77556e-16,0,-0.422991,-0.692816,0.624208,-0.054402,3.14159,2.01048,-3.43407,3.05767,-940.814,-0.392699,4.06746,-0.865546,3.02023,0.0677095,0.523599,0,0,0,1.22721,-0.119295,-0.422991,0.624207,3.2422,2.01048,3.05767,-0.607524,4.06746,3.02027,0.402236,0.0286484,-3.68078,2.53701,0.000112192,-7.34014,-0.171704,0.845986,-0.884168,-1.10173,0.0547104,0.0142521,1.00632,623.609,374.836,-178.725,1.52171e+07,2.72753e+06,-2.8395e+06,-277.212,232.825,38.9279
1.98,-5.93811,-2.10909,1.26459,1.42544,-0.0947457,-102.07,-0.396215,0.997731,0.913717,-0.103898,3.41432,-708704,2.05748,3211.87,3.02661,-1.06502,-1.45538,-3.73419,4.09733,-2.63113,3.03237,-0.295139,0.434413,-4.89082,-2.33034,-7.06927,-0.361582,-7.36505,-3.64317,-4.34528,-2.26045,-6.60343,-0.653976,-6.8656,-3.41283,1.63872,3216.35,-0.0331676,2.85582,-0.116889,1.57528,-0.123187,53.8307,-0.424656,67.8909,0.622541,2.32578,3.24055,10.4641,2.02904,-11.9061,3.07624,-1345.1,-0.588956,-1.80257,4.06889,-4.34299,3.02169,0.33781,0.403688,-0.936148,9.11033,40.4464,-20.5066,35.8542,-26359.9,-380.364,1164.4,-1172.56,-22125.4,-427.556,1257.22,-1168.64,251.29,-1435.29,-13.8256,39.3698,-0.00579428,331.868,-263.389,451.33,0,-20.3789,-175.417,35.6458,-119.352,3.29287,1.1786e+06,48083.9,-79179.8,-2.2503e+06,430.341,-332.742,442.578,32.091,-168.466,84.0859,-127.907,-18.5944,12.8282,-25.2629,5.39306,-5.93659,-0.857409,4.27801,-4.46902,0.605592,0.208002,0.274976,-2.52317,-2.42495,38.9586,-58819.9,160749,-131.761,-0.150126,20.9504,11.4623,6.45176,0.168688,0.654867,-5.94152,-1.99225,-0.116889,0,2564,-8.32667e-17,-6.55032e-15,-1.25455e-14,-6.84956e-15,-1.96605e-11,8.87046e-12,2.58638e-11,1.66533e-16,2.498e-16,3.05311e-16,0,-0.424656,3.39765,0.622556,1.55071,3.14159,2.02904,-2.37717,3.07624,-269.021,-0.392699,4.06889,-0.868638,3.02168,0.067562,0.523599,0,0,0,1.23199,-0.123187,-0.424656,0.622541,3.24055,2.02904,3.07624,-0.588956,4.06889,3.02169,0.403688,0.0284409,-3.71903,2.56572,3.82064e-05,-7.23916,-0.171482,0.855603,-0.893804,-1.11265,0.0546564,0.014234,1.00639,2228.92,1268.31,210.229,1.23036e+06,170681,-202364,-276.376,233.019,38.5297
2,-5.94042,-2.11029,1.26821,1.42981,-0.097924,-102.177,-0.401895,0.964335,1.10416,-2.41123,4.64372,-729245,2.07776,-44092.1,3.06081,41.3342,12.6929,-3.73774,4.10086,-2.63686,3.03558,-0.291961,0.437831,-4.89402,-2.33349,-7.07279,-0.370186,-7.3707,-3.64315,-4.34808,-2.26672,-6.60112,-0.653073,-6.87206,-3.41108,0.566373,-44101.7,-0.0391188,2.89552,-0.118027,1.60892,-0.126238,218.754,-0.43021,107.953,0.616988,48.0601,3.23498,-63.8112,2.04945,23.8846,3.09665,19983.1,-0.56855,-1.67586,4.07255,-4.42555,3.02535,0.324834,0.407319,-0.96021,9.3368,43.3859,-21.6157,37.7652,-290353,-1363.27,3902.71,-8183.24,-168847,-655.909,1857.05,-3881.68,466.832,-47125,-291.563,824.709,-12.9208,2448.22,-456.595,322.004,0,-269.206,-6086.29,130.815,-60.3118,-61.1215,2.39862e+08,90499.4,-22457.6,2.6418e+07,471.676,-349.751,468.254,32.4126,-181.835,87.703,-133.929,-18.6808,12.879,-26.0738,5.4667,-6.09516,-0.833463,4.29509,-4.48114,0.61309,0.181195,0.218664,-5.34746,6.00734,-89.9503,-1.02704e+06,-2.20445e+06,1988.21,-0.177418,20.8401,11.6239,15.9179,-3.13669,0.658474,-5.94383,-1.99231,-0.118027,0,2553,1.11022e-16,2.22045e-14,-5.92859e-14,-4.88498e-15,4.45195e-11,-8.18647e-11,-9.04947e-11,2.498e-16,3.88578e-16,4.30211e-16,0,-0.43021,9.52285,0.61699,9.93321,3.14159,2.04945,4.73022,3.09664,3996.61,-0.392699,4.07255,-0.885235,3.02531,0.0649667,0.523599,0,0,0,1.23627,-0.126238,-0.43021,0.616988,3.23498,2.04945,3.09665,-0.56855,4.07255,3.02535,0.407319,0.0283142,-3.73663,2.57603,0.000116917,-6.82591,-0.166693,0.859017,-0.896228,-1.1114,0.0546234,0.0142229,1.00645,34005.2,19863.8,8498.65,2.76004e+08,4.87835e+07,-4.83036e+07,-277.495,234.144,37.5693
2.02,-5.9419,-2.11128,1.27132,1.43353,-0.100736,-102.48,-0.409454,0.322507,0.458359,-0.69847,3.03249,-733336,2.10013,-5543.54,3.11666,6.33717,1.07116,-3.74259,4.10689,-2.64899,3.04142,-0.288893,0.443727,-4.89643,-2.33484,-7.07637,-0.37994,-7.37442,-3.64453,-4.35001,-2.27218,-6.59849,-0.65221,-6.87719,-3.40944,0.889973,-5541.49,-0.0512931,2.93063,-0.118974,1.62201,-0.128969,-160.92,-0.437687,-51.5933,0.60951,-34.4424,3.22752,-1.98237,2.07189,-6.22892,3.11909,2378,-0.546105,-1.70692,4.07866,-4.47813,3.03146,0.302061,0.41344,-0.981893,9.53965,45.5844,-22.6313,39.3263,-94783.2,912.626,-2421.93,-1573.68,-56329.5,302.489,-817.057,-515.774,-234.849,-17263.6,200.495,-539.737,14.2644,599.034,-321.644,468.02,0,-19.5356,-124.624,68.5188,-136.944,-7.49044,3.16397e+06,48244.3,-58385,3.01278e+06,500.848,-365.895,490.478,32.6805,-188.559,90.3853,-138.057,-18.6634,12.9716,-26.3877,5.35549,-6.01629,-0.783429,4.3261,-4.50317,0.61973,0.155452,0.185946,-15.1607,-22.0149,1.35882,-204524,-277020,238.358,-0.242743,20.5353,11.7799,-8.72715,-0.385039,0.664569,-5.94531,-1.99235,-0.118974,0,2546,0,3.10862e-15,1.04361e-14,8.88178e-16,3.76144e-13,-1.9677e-12,-1.87583e-12,5.55112e-17,1.11022e-16,9.02056e-17,0,-0.437687,-5.3976,0.609521,-5.25039,3.14159,2.07189,-1.25388,3.11909,475.6,-0.392699,4.07866,-0.895709,3.03143,0.0604122,0.523599,0,0,0,1.23998,-0.128969,-0.437687,0.60951,3.22752,2.07189,3.11909,-0.546105,4.07866,3.03146,0.41344,0.0282335,-3.73299,2.59448,7.8646e-05,-6.70061,-0.156686,0.86522,-0.900634,-1.11275,0.0546024,0.0142159,1.0065,18203.4,8944.59,4045.51,3.93809e+06,724846,-667436,-278.861,234.926,35.9815
2.04,-5.9424,-2.11164,1.27352,1.4364,-0.103105,-103.673,-0.415506,0.827964,0.466165,-1.51947,3.15701,-739922,2.12578,-12003.5,3.14274,7.53111,1.51248,-3.75114,4.11508,-2.66603,3.04937,-0.286101,0.451716,-4.89769,-2.33565,-7.08025,-0.391098,-7.37605,-3.64674,-4.3509,-2.27631,-6.59554,-0.651018,-6.88077,-3.40758,1.27871,-12001.8,-0.0683759,2.96084,-0.119319,1.63287,-0.131315,-66.8397,-0.443716,-45.8546,0.603481,0.165777,3.22147,0.094996,2.09757,-7.39587,3.14477,2970.71,-0.520426,-1.70342,4.08687,-4.54573,3.03967,0.268855,0.421655,-1.00101,9.71632,47.5686,-23.5534,40.7333,-7806.6,352.12,-865.568,-67.3111,-10722.4,257.915,-660.43,-57.2887,-141.524,978.787,-2.97259,10.2188,-0.0127395,583.663,-328.259,488.888,0,-18.8762,-125.706,76.4121,-155.285,-5.58096,4.65135e+06,79899.7,-101924,6.22212e+06,529.465,-381.188,511.596,32.9335,-194.631,92.1865,-140.997,-18.573,13.0363,-26.4865,5.06126,-5.72757,-0.711517,4.34777,-4.51103,0.625448,0.110006,0.143364,-59.6375,-8.64135,-51.8172,-329301,-600015,298.04,-0.42725,20.0923,11.9216,-3.93211,-0.287202,0.669369,-5.94573,-1.99237,-0.119319,0,2544,5.55112e-17,-1.28231e-14,1.69309e-14,1.85962e-15,5.54251e-13,-4.49529e-13,1.42109e-13,4.16334e-16,6.38378e-16,6.31439e-16,0,-0.443716,-2.67839,0.603479,-1.76273,3.14159,2.09757,-1.4827,3.14477,594.143,-0.392699,4.08687,-0.909212,3.03965,0.0537709,0.523599,0,0,0,1.24311,-0.131315,-0.443716,0.603481,3.22147,2.09757,3.14477,-0.520426,4.08687,3.03967,0.421655,0.0282105,-3.71484,2.60737,6.12182e-05,-6.5881,-0.142303,0.869554,-0.902206,-1.11233,0.0545964,0.0142139,1.00651,3022.82,3448.37,-225.109,6.14428e+06,1.04361e+06,-971937,-283.951,235.982,33.882
2.06,-5.94167,-2.11066,1.27389,1.43744,-0.10436,-107.445,-0.416375,0.899978,0.521339,3.43639,3.19944,-756778,2.1519,30669.7,3.01938,-20.633,-7.92065,-3.76405,4.12368,-2.68509,3.05769,-0.285014,0.460107,-4.89722,-2.33619,-7.08431,-0.402049,-7.37487,-3.64884,-4.35038,-2.27733,-6.59298,-0.649219,-6.88166,-3.40542,1.36347,30680.6,-0.0875072,2.98186,-0.11836,1.66238,-0.132605,-44.2354,-0.44462,-30.1921,0.602578,2.62603,3.22058,41.7832,2.12366,-30.3493,3.17085,-11187.9,-0.494338,-1.5074,4.09544,-4.62751,3.04824,0.232342,0.430229,-1.01478,9.84086,49.7549,-24.2213,42.0064,-150.323,215.53,-492.388,-9.37041,-2426.92,158.515,-382.938,-9.3449,-85.6586,778.84,-16.9059,45.5522,-0.00231099,144.12,-299.81,685.625,0,-102.017,-2275.22,66.1075,-271.517,30.6523,6.36008e+07,43586.3,-128836,-1.5872e+07,565.972,-393.246,531.163,33.2842,-204.754,93.0654,-143.27,-18.5215,13.0432,-26.5441,4.65893,-5.32921,-0.636836,4.35031,-4.49767,0.629427,0.0184277,0.0519935,-188.601,-7.32161,157.245,-842796,1.53364e+06,-1110.16,-0.645473,19.5696,11.9804,-2.21442,1.58006,0.672034,-5.9451,-1.99235,-0.11836,0,2547,1.38778e-16,1.11022e-15,4.10783e-15,-3.16761e-15,-5.13909e-11,-9.75691e-11,-9.89075e-11,-1.11022e-16,-8.32667e-17,-5.55112e-17,0,-0.44462,-1.5219,0.602581,-0.900543,3.14159,2.12366,-6.05965,3.17085,-2237.57,-0.392699,4.09544,-0.925559,3.04822,0.0464683,0.523599,0,0,0,1.24527,-0.132605,-0.44462,0.602578,3.22058,2.12366,3.17085,-0.494338,4.09544,3.04824,0.430229,0.0282451,-3.70451,2.60875,5.33664e-05,-6.06456,-0.127367,0.870063,-0.899533,-1.10001,0.0546054,0.0142169,1.00646,1359.49,1583.34,-225.116,8.62462e+07,1.22684e+07,-1.25352e+07,-288.703,235.545,31.6609
2.08,-5.94043,-2.10948,1.27299,1.43771,-0.105293,-109.231,-0.416303,0.888072,0.546575,3.97104,3.21309,-808328,2.17503,-53813.2,3.22815,24.0921,7.07234,-3.78281,4.1335,-2.71441,3.06772,-0.289868,0.469705,-4.89613,-2.33654,-7.08729,-0.411702,-7.37241,-3.65163,-4.34929,-2.27764,-6.59037,-0.647436,-6.88163,-3.40337,1.36316,-53817,-0.116392,2.98463,-0.11722,1.66935,-0.133607,-37.493,-0.444618,-23.4311,0.60258,2.637,3.22058,-15.2456,2.14672,1.30008,3.19391,11279.3,-0.471271,-1.54534,4.10519,-4.59351,3.05799,0.191834,0.439999,-1.01701,9.85775,50.3913,-24.4476,42.4108,1152.99,174.728,-380.626,-14.3866,-674.725,116.971,-269.959,-14.35,-62.2065,614.99,-17.0918,45.9501,-0.00308924,870.194,-344.424,426.604,0,-34.2928,-564.864,96.9073,-136.716,-18.8261,6.02034e+07,93012.7,-74184.3,2.60054e+07,576.864,-399.562,540.449,33.6748,-203.265,92.2453,-142.253,-18.4514,13.1497,-25.728,4.0683,-4.67482,-0.548265,4.38582,-4.51481,0.629948,-0.0448509,0.013585,-89.3055,-7.91949,166.533,-2.57751e+06,-2.6905e+06,1126.09,-0.938192,18.5948,11.7378,-1.61689,-0.97425,0.681669,-5.94383,-1.99231,-0.11722,0,2553,1.11022e-16,-1.11022e-15,-4.21885e-15,5.51902e-15,1.99046e-11,-3.48398e-11,-2.51248e-11,5.82867e-16,6.93889e-16,6.59195e-16,0,-0.444618,-1.18272,0.602582,-0.415594,3.14159,2.14672,0.303741,3.19392,2255.85,-0.392699,4.10519,-0.918689,3.05799,0.0383668,0.523599,0,0,0,1.24557,-0.133607,-0.444618,0.60258,3.22058,2.14672,3.19391,-0.471271,4.10519,3.05799,0.439999,0.0283142,-3.69024,2.62991,-1.19022e-05,-6.17145,-0.109653,0.877164,-0.902962,-1.07832,0.0546234,0.0142229,1.0064,1000.59,1070.36,-191.855,8.81194e+07,1.24867e+07,-1.22159e+07,-293.417,232.752,29.074
2.1,-5.93889,-2.10916,1.27219,1.43808,-0.106023,-112.233,-0.416071,0.933638,0.488304,2.05194,3.1835,-847948,2.18902,-46900.4,3.26265,26.1367,7.83797,-3.80386,4.14345,-2.74585,3.07819,-0.296112,0.47946,-4.89469,-2.3375,-7.08793,-0.417878,-7.36929,-3.65553,-4.34787,-2.27847,-6.58776,-0.646635,-6.88103,-3.40236,1.38003,-46905,-0.147114,2.97487,-0.116937,1.68071,-0.134429,-52.7204,-0.444477,-38.5673,0.60272,2.61752,3.22072,-23.7551,2.16061,6.48953,3.20781,12318,-0.457371,-1.61344,4.11504,-4.48215,3.06785,0.150743,0.449907,-1.01118,9.80005,50.6776,-24.4029,42.4946,-2350.88,270.626,-639.911,-16.7305,-5200.22,212.403,-527.798,-16.6849,-114.664,855.318,-16.9229,45.6394,-0.00498797,1019.69,-340.24,372.929,0,-53.1573,-1073.41,98.9907,-110.509,-26.2715,6.93292e+07,70797.8,-35385.8,2.21107e+07,582.168,-402.611,546.128,34.2517,-199.028,90.7973,-140.265,-18.4717,13.3109,-24.5289,3.40999,-3.9378,-0.458647,4.43963,-4.54918,0.628098,-0.0402039,0.0185614,-150.117,-5.63863,59.441,-1.98099e+06,-2.34486e+06,1228.32,-1.05243,17.5203,11.4264,-2.99191,-1.363,0.692978,-5.94215,-1.99226,-0.116937,0,2561,2.77556e-17,-6.52256e-16,3.38618e-15,-4.04841e-15,1.33591e-11,8.97804e-12,-1.92131e-11,3.05311e-16,4.44089e-16,4.44089e-16,0,-0.444477,-1.94181,0.602721,-0.597715,3.14159,2.16061,1.3751,3.20782,2463.59,-0.392699,4.11504,-0.89626,3.0679,0.0301485,0.523599,0,0,0,1.24459,-0.134429,-0.444477,0.60272,3.22072,2.16061,3.20781,-0.457371,4.11504,3.06785,0.449907,0.0284063,-3.69367,2.66185,-0.000167118,-6.23713,-0.0917295,0.887926,-0.909836,-1.02319,0.0546474,0.014231,1.00639,1909.8,2471.87,-239.791,1.05009e+08,1.4355e+07,-1.40594e+07,-288.657,226.365,26.2856
2.12,-5.93693,-2.10894,1.27157,1.43829,-0.106407,-114.723,-0.413861,0.930378,0.48082,1.64355,3.18004,-847947,2.19464,-232.763,3.42489,1.70752,-0.43443,-3.821,4.1508,-2.77241,3.08626,-0.303449,0.486619,-4.89267,-2.33911,-7.08669,-0.420226,-7.36597,-3.65852,-4.34598,-2.27887,-6.58524,-0.64617,-6.87957,-3.40178,1.37275,-228.904,-0.172767,2.96598,-0.116776,1.70421,-0.134917,-55.5824,-0.442372,-41.265,0.604826,2.603,3.22282,6.45865,2.16613,-11.0475,3.21333,-17.2281,-0.451854,-1.70848,4.12229,-4.31728,3.07509,0.121313,0.457138,-1.00597,9.74762,51.3685,-24.3502,42.7088,-3233.13,286.74,-687.872,-22.1326,-6287.28,227.98,-573.749,-22.0728,-124.099,953.519,-16.7346,45.47,-0.00352451,533.613,-335.475,540.565,0,-20.0839,-186.015,98.1994,-210.26,0.0305008,-13531.1,82667.6,-124114,-36940.2,590.061,-405.571,552.846,35.0558,-195.741,90.1941,-139.553,-18.6819,13.5467,-23.4288,2.91817,-3.38936,-0.394971,4.51826,-4.61342,0.626414,-0.0309201,0.0103872,-124.508,-5.80187,47.618,37.2997,-11476.1,6.85963,-0.857122,16.5596,11.0593,-3.23724,0.00158115,0.705289,-5.94025,-1.99221,-0.116776,0,2570,1.11022e-16,5.13478e-15,1.70974e-14,-1.7942e-14,7.08222e-12,1.2181e-11,1.87474e-11,1.66533e-16,1.66533e-16,1.76942e-16,0,-0.442372,-2.07701,0.604831,-0.917267,3.14159,2.16613,-2.20953,3.21334,-3.44562,-0.392699,4.12229,-0.863328,3.07513,0.0242625,0.523599,0,0,0,1.24368,-0.134917,-0.442372,0.604826,3.22282,2.16613,3.21333,-0.451854,4.12229,3.07509,0.457138,0.0285101,-3.73585,2.70907,-0.000133102,-5.94692,-0.0789941,0.903653,-0.922685,-0.962237,0.0546744,0.01424,1.00638,2093.53,2700.72,-259.336,-839.041,-6756.31,6846.1,-270.356,216.202,24.1378
2.14,-5.93525,-2.10836,1.27069,1.4379,-0.106283,-114.987,-0.41184,0.970623,-0.119486,-0.632491,2.87552,-861731,2.19495,-15614.3,3.26338,11.5002,2.88227,-3.83361,4.15564,-2.79111,3.09168,-0.30947,0.491331,-4.89085,-2.33944,-7.08525,-0.419878,-7.36288,-3.6604,-4.34428,-2.2781,-6.58374,-0.645675,-6.87773,-3.40132,1.11721,-15613.9,-0.19076,2.95899,-0.116249,1.73124,-0.134886,-213.792,-0.440443,-198.829,0.606755,2.43479,3.22475,-8.41286,2.16635,-2.21851,3.21355,4971.39,-0.451647,-1.73768,4.12704,-4.18424,3.07984,0.101611,0.461872,-1.00196,9.70668,52.1274,-24.2645,42.9145,-176557,1268.98,-3384.54,-3068.14,-190097,1206.94,-3260.49,-3058.77,-669.936,3766.12,-15.5352,42.6014,-0.00466233,762.836,-334.678,456.29,0,-25.0399,-323.613,98.1744,-160.355,-13.1399,1.10316e+07,55478.8,-55045.1,7.18643e+06,599.647,-407.288,558.352,35.7884,-194.886,89.9034,-139.448,-18.9219,13.7336,-22.632,2.5843,-3.01871,-0.353144,4.58057,-4.66584,0.625089,-0.0441954,-0.0195431,-13.2109,-3.78458,-72.2986,-689213,-780551,496.504,-0.63007,15.8669,10.7577,-17.469,-0.680761,0.714737,-5.93857,-1.99216,-0.116249,0,2578,5.55112e-17,-2.42029e-14,7.54952e-14,-8.61828e-14,-1.78507e-11,2.73718e-11,1.43814e-11,2.498e-16,3.33067e-16,3.19189e-16,0,-0.440443,-9.9801,0.606755,-4.4596,3.14159,2.16635,-0.451059,3.21354,994.278,-0.392699,4.12704,-0.836781,3.07987,0.0203222,0.523599,0,0,0,1.24297,-0.134886,-0.440443,0.606755,3.22475,2.16635,3.21355,-0.451647,4.12704,3.07984,0.461872,0.0286023,-3.78409,2.74657,-7.39106e-05,-5.49957,-0.0706288,0.916113,-0.933169,-0.916326,0.0546984,0.0142481,1.00636,30415.9,41531.5,-818.646,1.71383e+07,2.40394e+06,-2.28446e+06,-252.365,207.123,22.7083
2.16,-5.93363,-2.10737,1.2692,1.43668,-0.105521,-115.997,-0.410722,0.957532,0.415005,1.40092,3.14823,-861749,2.19091,-6675.17,28.9893,148.866,54.3098,-3.8445,4.15958,-2.80451,3.0959,-0.313367,0.495184,-4.88903,-2.33785,-7.08384,-0.417364,-7.35925,-3.66205,-4.34253,-2.27589,-6.58324,-0.645178,-6.87512,-3.40105,1.3659,-6700.49,-0.203788,2.9494,-0.115304,1.75765,-0.134215,-73.481,-0.439416,-58.8792,0.607781,2.59576,3.22578,-10646.7,2.16222,6209.01,3.20942,93382,-0.45577,-1.63396,4.13089,-4.11823,3.08369,0.084592,0.46573,-0.996338,9.65074,52.5851,-24.0296,42.8982,-10635.8,388.423,-984.069,-94.9126,-14938.7,329.782,-867.6,-94.6698,-185.063,1153.42,-16.2676,45.0902,-0.00803698,1.67316e+07,-1609.79,-58883.1,0,-5.96631e+06,-1.56537e+08,842.207,34486.6,-9312.71,4.72191e+09,12663.9,518669,3.6684e+06,609.324,-406.06,560.213,36.3097,-196.557,89.043,-138.761,-19.0737,13.8017,-22.0658,2.29698,-2.69846,-0.317679,4.6035,-4.68007,0.62327,-0.0740803,-0.060615,-50.4818,-4.44633,17.4122,-882.291,-333597,7366.03,-0.544591,15.3937,10.5669,-4.82829,-483.056,0.718942,-5.93688,-1.99211,-0.115304,0,2586,-2.77556e-17,-2.498e-15,1.09912e-14,-1.34935e-14,-7.19919e-09,1.17071e-08,1.26638e-08,-3.05311e-16,-2.498e-16,-2.81025e-16,0,-0.439416,-2.95968,0.607785,-0.601084,3.14159,2.16222,1242.08,3.20942,18676.4,-0.392699,4.13089,-0.82354,3.08372,0.0169184,0.523599,0,0,0,1.24199,-0.134215,-0.439416,0.607781,3.22578,2.16222,3.20942,-0.45577,4.13089,3.08369,0.46573,0.0286945,-3.81426,2.7601,-0.00011723,-5.05144,-0.0635358,0.9207,-0.936013,-0.883952,0.0547224,0.0142562,1.00631,3613.99,5114.21,-297.627,5.23073e+09,9.79145e+08,-9.45843e+08,-242.595,201.262,21.5844
2.18,-5.93208,-2.1061,1.26704,1.43445,-0.103848,-120.01,-0.410649,0.975395,0.510373,4.27462,3.19927,-861748,2.18388,-1.66058,3.16632,2.12152,-0.415119,-3.85276,4.1614,-2.81218,3.09795,-0.317024,0.496942,-4.8872,-2.33394,-7.08312,-0.413657,-7.35507,-3.66321,-4.3407,-2.27195,-6.58413,-0.644991,-6.87141,-3.40134,1.42809,1.92086,-0.211172,2.9342,-0.114073,1.78925,-0.132624,-47.7758,-0.439424,-33.173,0.607773,2.629,3.22576,10.6307,2.1551,-13.0275,3.2023,-2.76616,-0.462889,-1.43882,4.13262,-4.06525,3.08542,0.0782773,0.467445,-0.987124,9.56236,52.7649,-23.5628,42.6069,-740.427,223.942,-539.363,-10.0335,-3304.58,167.219,-425.278,-9.99748,-95.8089,489.969,-16.0204,45.1258,-0.0524416,494.23,-323.238,553.976,0,-21.7592,-248.421,90.4233,-212.672,3.08732,61.9601,124.326,-204.992,-12.6214,616.873,-400.655,557.209,36.7712,-199.748,87.8082,-137.725,-19.2582,13.8141,-21.7334,2.16969,-2.56337,-0.306875,4.60869,-4.68211,0.620389,-0.108244,-0.111682,-200.663,-3.53821,146.808,21.5159,78.5249,40.3044,-0.413011,15.1011,10.4037,-2.50524,0.160522,0.720864,-5.93541,-1.99207,-0.114073,0,2593,-8.32667e-17,1.1241e-15,-1.35447e-14,1.47714e-14,-6.95097e-12,1.37725e-11,1.98322e-11,2.22045e-16,3.33067e-16,4.23273e-16,0,-0.439424,-1.67286,0.607766,-0.0698438,3.14159,2.1551,-2.6055,3.2023,-0.553232,-0.392699,4.13262,-0.813006,3.08544,0.0156555,0.523599,0,0,0,1.24043,-0.132624,-0.439424,0.607773,3.22576,2.1551,3.2023,-0.462889,4.13262,3.08542,0.467445,0.0287753,-3.85143,2.76272,-5.13029e-05,-4.43548,-0.061375,0.921738,-0.936422,-0.859051,0.0547435,0.0142632,1.00624,1526.57,1948.73,-163.686,-981.063,468.004,44.891,-231.739,195.551,21.0119
2.2,-5.9305,-2.10472,1.26433,1.43168,-0.101835,-121.894,-0.409709,1.13328,0.535212,1.65013,3.21527,-861748,2.17701,-5.99111,2.95991,1.1175,-0.422845,-3.85924,4.16186,-2.81863,3.09875,-0.322148,0.49739,-4.88523,-2.32989,-7.08288,-0.410175,-7.35076,-3.66394,-4.33879,-2.26738,-6.5855,-0.644935,-6.86722,-3.40186,1.59482,-2.60836,-0.217267,2.91256,-0.112747,1.80222,-0.130702,-38.5587,-0.438577,-23.9809,0.608621,3.74406,3.22662,2.54733,2.14815,-8.2011,3.19534,5.72655,-0.469854,-1.38449,4.13299,-3.9829,3.0858,0.0775051,0.467804,-0.97393,9.43711,51.91,-22.9017,41.8122,1218.28,163.221,-377.021,-14.4552,-717.142,108.758,-266.209,-14.4081,-64.0037,32937.8,-22.03,63.0019,-466.918,588.606,-317.504,500.442,0,-18.8252,-148.932,87.1543,-180.337,-4.08955,-145.114,199.288,-271.247,38.1725,605.933,-391.622,546.752,37.0946,-196.816,86.0243,-135.325,-19.4126,13.8514,-21.3212,2.10818,-2.49194,-0.306996,4.62169,-4.69479,0.616292,-0.135351,-0.13835,-94.1709,4.35115,3.84948,-5.47981,-138.345,-14.2779,-0.324296,14.8017,10.1579,-1.67665,-0.213183,0.724263,-5.93372,-1.99202,-0.112747,0,2601,2.77556e-17,-6.4948e-15,7.13318e-15,-7.13318e-15,3.51444e-12,1.67355e-12,-1.59672e-12,-2.77556e-16,-3.05311e-16,-3.08781e-16,0,-0.438577,-1.21113,0.60863,-0.0109586,3.14159,2.14815,-1.64028,3.19534,1.14531,-0.392699,4.13299,-0.796574,3.0858,0.015501,0.523599,0,0,0,1.23817,-0.130702,-0.438577,0.608621,3.22662,2.14815,3.19534,-0.469854,4.13299,3.0858,0.467804,0.0288675,-3.88249,2.77027,-7.31696e-06,-4.17239,-0.0613992,0.924338,-0.938959,-0.840967,0.0547675,0.0142713,1.00617,1000.55,1078.37,-6668.94,-403.646,555.257,-48.4653,-223.348,190.5,20.819
2.22,-5.92884,-2.10305,1.26094,1.42837,-0.0995334,-125.275,-0.407414,1.04363,0.490449,1.48679,3.21409,-861748,2.1702,-6.78665,3.31991,0.0869142,-0.443471,-3.86615,4.16194,-2.82391,3.09908,-0.32705,0.497491,-4.88306,-2.32579,-7.08297,-0.406634,-7.34609,-3.66447,-4.33676,-2.26204,-6.58719,-0.644773,-6.86257,-3.40234,1.46158,-3.02327,-0.222318,2.88611,-0.111123,1.81232,-0.128493,-52.1647,-0.436374,-37.4501,0.610824,-2.01236,3.22881,4.96571,2.14124,-9.39877,3.18843,1.35162,-0.476757,-1.27478,4.13298,-3.92388,3.08578,0.0764278,0.467813,-0.957833,9.28528,50.7268,-22.1329,40.8238,-1971.23,233.078,-589.877,-14.27,-4840.43,180.291,-480.517,-14.2073,-110.862,-129668,11.0145,-32.0765,-6328.8,539.622,-306.419,499.333,0,-18.5717,-148.005,81.2899,-178.764,-2.08387,-38.6704,92.0264,-133.125,5.67485,592.479,-380.516,533.366,37.2865,-194.178,83.7976,-132.317,-19.5104,13.8274,-20.9309,2.03951,-2.41106,-0.306657,4.61348,-4.686,0.611288,-0.169648,-0.165669,-169.077,-0.115002,-4.16386,7.34473,-178.463,-58.5043,-0.345436,14.5419,9.909,-2.91024,-0.108854,0.724113,-5.93204,-1.99197,-0.111123,0,2609,-5.55112e-17,4.85723e-16,-3.05311e-15,3.10862e-15,-2.53251e-11,-1.2394e-11,7.61227e-12,6.38378e-16,6.93889e-16,6.21031e-16,0,-0.436374,-1.889,0.610818,-0.0109578,3.14159,2.14124,-1.87975,3.18843,0.270325,-0.392699,4.13298,-0.784713,3.08581,0.0152856,0.523599,0,0,0,1.23537,-0.128493,-0.436374,0.610824,3.22881,2.14124,3.18843,-0.476757,4.13298,3.08578,0.467813,0.0289598,-3.90178,2.76534,-7.32194e-05,-4.00868,-0.0613313,0.922696,-0.9372,-0.82655,0.0547916,0.0142794,1.00609,1810.06,2414.87,25934.5,-585.469,442.502,6.564,-220.682,187.055,20.7613
2.24,-5.92727,-2.10092,1.25657,1.42412,-0.0965708,-129.256,-0.403205,1.05762,0.505687,0.70248,3.20543,-861748,2.16316,-4.77552,3.16534,-0.106827,-0.451462,-3.87456,4.16207,-2.8285,3.09933,-0.331684,0.497617,-4.88075,-2.32124,-7.08403,-0.402982,-7.34063,-3.66516,-4.33473,-2.25519,-6.58994,-0.644597,-6.85715,-3.40297,1.49947,-1.15872,-0.22679,2.85375,-0.109037,1.83177,-0.125623,-49.1573,-0.432257,-34.3483,0.614941,2.18999,3.23293,2.77692,2.1341,-7.93442,3.1813,0.753477,-0.48388,-1.01159,4.13302,-3.89547,3.08582,0.0745098,0.467849,-0.938242,9.10146,49.5463,-21.2276,39.7358,-1113.71,205.923,-527.031,-10.7227,-3785.74,155.63,-420.618,-10.689,-100.426,-14349.5,-12.1411,36.2225,-59.3254,556.714,-296.91,474.761,0,-18.4424,-131.184,76.792,-164.106,-4.14285,-11.3733,26.1335,-35.6745,2.72824,583.874,-367.227,518.46,37.456,-194.76,81.0814,-128.961,-19.595,13.7239,-20.6111,1.95863,-2.32105,-0.305893,4.57876,-4.65024,0.605173,-0.218511,-0.212566,-199.027,0.566485,-43.0999,4.70688,-78.2582,-50.0101,-0.420642,14.3186,9.67378,-2.63965,-0.21693,0.720062,-5.93035,-1.99192,-0.109037,0,2617,-5.55112e-17,2.27856e-15,1.17129e-14,-1.15533e-14,1.51796e-11,1.60782e-11,1.16804e-11,-1.11022e-16,-5.55112e-17,-8.67362e-17,0,-0.432257,-1.73107,0.614936,-0.0110038,3.14159,2.1341,-1.58682,3.18131,0.150695,-0.392699,4.13302,-0.779032,3.08584,0.014902,0.523599,0,0,0,1.23189,-0.125623,-0.432257,0.614941,3.23293,2.1341,3.1813,-0.48388,4.13302,3.08582,0.467849,0.0290522,-3.91869,2.74463,-7.33569e-05,-3.66726,-0.0611785,0.915751,-0.930047,-0.811366,0.0548156,0.0142874,1.00598,1598.01,2073.53,2810.67,-459.586,355.268,17.5243,-220.49,184.044,20.7046
2.26,-5.92524,-2.09822,1.2509,1.41876,-0.092951,-131.846,-0.398825,0.960442,0.550224,6.14431,3.22481,-861748,2.15826,-4.36456,3.17191,0.053848,-0.456406,-3.88441,4.16201,-2.83475,3.0995,-0.338243,0.497567,-4.87787,-2.31517,-7.08607,-0.400274,-7.33389,-3.6658,-4.33214,-2.24673,-6.59317,-0.644306,-6.85039,-3.40362,1.42745,-0.736245,-0.232818,2.81304,-0.106398,1.84945,-0.122119,-40.9792,-0.427993,-26.0712,0.619204,2.51229,3.2372,1.57123,2.1291,-7.01026,3.17629,0.714549,-0.488891,-0.765214,4.13284,-3.83929,3.08565,0.0734607,0.46768,-0.913884,8.87311,47.9253,-20.154,38.3693,828.789,152.119,-381.805,-11.114,-1285.09,104.769,-279.09,-11.0784,-72.1112,473.901,-13.2572,40.7051,-0.0365821,556.358,-285.115,452.37,0,-18.6122,-123.974,72.2221,-152.396,-5.31604,-7.25252,18.8731,-24.8773,2.90208,568.616,-351.326,499.686,37.6736,-193.177,77.8699,-124.755,-19.7107,13.6312,-20.1647,1.87634,-2.22642,-0.307322,4.54762,-4.61851,0.597491,-0.283517,-0.267888,-129.497,-4.29148,241.579,2.39029,-57.9547,-37.9318,-0.492179,14.003,9.34164,-1.90063,-0.279211,0.717148,-5.92825,-1.99186,-0.106398,0,2627,-1.11022e-16,6.80012e-15,3.13638e-14,-3.55639e-14,-2.4736e-12,-4.09517e-12,-3.90583e-12,6.38378e-16,6.66134e-16,6.245e-16,0,-0.427993,-1.31596,0.619204,-0.0619112,3.14159,2.1291,-1.40202,3.1763,0.14291,-0.392699,4.13284,-0.76778,3.08567,0.0146921,0.523599,0,0,0,1.2274,-0.122119,-0.427993,0.619204,3.2372,2.1291,3.17629,-0.488891,4.13284,3.08565,0.46768,0.0291676,-3.94176,2.72606,-9.22665e-05,-3.337,-0.0614643,0.909524,-0.923702,-0.793696,0.0548457,0.0142975,1.00584,1098.6,1250.49,-158.425,-377.28,313.312,19.4856,-219.103,179.892,20.687
2.28,-5.92302,-2.095,1.24368,1.4122,-0.0887058,-135.995,-0.394095,1.01272,0.532109,5.1529,3.21933,-861748,2.15609,-4.11817,3.17417,-0.137264,-0.461114,-3.89597,4.16191,-2.84289,3.09975,-0.34671,0.497475,-4.8747,-2.30777,-7.08948,-0.398824,-7.32614,-3.66644,-4.32931,-2.23674,-6.59712,-0.643932,-6.84262,-3.40432,1.46709,-0.482893,-0.240615,2.76205,-0.103241,1.86351,-0.117989,-46.046,-0.423378,-31.0306,0.62382,2.44064,3.24181,1.20969,2.12681,-6.52823,3.174,-0.0852889,-0.491186,-0.530776,4.13263,-3.75691,3.08543,0.0728165,0.467465,-0.883699,8.59161,45.8058,-18.9159,36.7053,-345.854,166.252,-444.957,-8.87186,-2809.93,122.169,-346.362,-8.84792,-89.7402,211.48,-12.2108,38.7469,-0.117076,537.501,-270.481,430.36,0,-18.5692,-116.35,67.4196,-142.785,-5.71427,12.618,-0.66622,0.866658,1.80951,546.327,-332.797,476.879,37.913,-189.282,74.1019,-119.575,-19.8392,13.5367,-19.5767,1.7866,-2.12005,-0.309944,4.516,-4.58653,0.587887,-0.360931,-0.327793,-207.442,-1.68496,185.58,2.91945,-45.7443,-29.1248,-0.577856,13.5915,8.91639,-2.37281,-0.301199,0.714622,-5.92614,-1.9918,-0.103241,0,2637,0,0,-3.78031e-14,4.02869e-14,-2.55437e-11,-1.88476e-11,-1.91281e-11,3.60822e-16,3.88578e-16,3.98986e-16,0,-0.423378,-1.56396,0.623818,-0.0283155,3.14159,2.12681,-1.30564,3.17401,-0.0170578,-0.392699,4.13263,-0.75131,3.08546,0.0145633,0.523599,0,0,0,1.22161,-0.117989,-0.423378,0.62382,3.24181,2.12681,3.174,-0.491186,4.13263,3.08543,0.467465,0.0292831,-3.96747,2.70718,-8.74686e-05,-3.04887,-0.0619888,0.9032,-0.917307,-0.773047,0.0548758,0.0143076,1.00567,1387.63,1730.15,-105.123,-345.612,261.001,30.4004,-217.34,174.785,20.6628
2.3,-5.92069,-2.09177,1.23529,1.40524,-0.084696,-136.948,-0.388601,1.21068,0.57275,1.57334,3.18416,-861748,2.15665,-3.98053,3.17865,-0.0334872,-0.460607,-3.90925,4.16201,-2.85577,3.10054,-0.358728,0.497556,-4.87142,-2.30115,-7.0931,-0.398587,-7.31854,-3.66692,-4.32642,-2.22713,-6.6006,-0.643424,-6.83504,-3.40477,1.74087,-0.34127,-0.252779,2.69964,-0.100089,1.85429,-0.114118,-33.9067,-0.418022,-18.8545,0.629175,28.2849,3.24717,0.4155,2.12722,-5.83007,3.17442,-0.0875181,-0.490772,-0.534161,4.13259,-3.58665,3.08539,0.0722516,0.467399,-0.847391,8.25369,42.8056,-17.5956,34.659,1982.39,98.8707,-244.282,-22.0822,358.951,58.2328,-151.027,-22.0186,-48.3247,1.46663e+06,-132.119,432.537,-333132,515.712,-254.795,403.013,0,-18.6185,-111.476,63.1983,-132.383,-6.34148,12.5011,-0.613476,0.777031,2.00863,505.002,-312.909,449.393,38.1634,-176.756,70.001,-113.102,-19.9671,13.5302,-18.5816,1.68028,-1.98287,-0.310848,4.51373,-4.58398,0.576162,-0.419233,-0.348151,-47.6447,8.21603,0.123128,1.83396,-38.8342,-23.9365,-0.664463,12.9522,8.31396,-1.28291,-0.335568,0.717099,-5.92362,-1.99173,-0.100089,0,2649,-5.55112e-17,-4.31599e-15,-1.16573e-15,-4.88498e-15,8.39637e-12,6.41409e-12,6.49945e-12,5.55112e-16,6.93889e-16,6.76542e-16,0,-0.418022,-0.953661,0.62918,-0.0109824,3.14159,2.12722,-1.16602,3.17442,-0.0175036,-0.392699,4.13259,-0.717319,3.08539,0.0144503,0.523599,0,0,0,1.21426,-0.114118,-0.418022,0.629175,3.24717,2.12722,3.17442,-0.490772,4.13259,3.08539,0.467399,0.0294217,-3.99336,2.70601,-1.26837e-05,-3.2092,-0.0621696,0.902745,-0.916795,-0.746081,0.054912,0.0143198,1.0055,754.734,652.031,-293717,-299.329,234.885,30.2966,-213.869,167.955,20.5583
2.32,-5.9174,-2.08861,1.22607,1.39819,-0.0809629,-137.899,-0.385568,1.00352,0.443454,0.930006,3.18434,-861748,2.15744,-3.91191,3.18181,0.0247651,-0.459828,-3.92478,4.16246,-2.87058,3.10178,-0.371823,0.497972,-4.86741,-2.29368,-7.09541,-0.398361,-7.31024,-3.66735,-4.32264,-2.21801,-6.60271,-0.642807,-6.82684,-3.40501,1.40423,-0.270271,-0.266773,2.63007,-0.0970214,1.84294,-0.11057,-71.3016,-0.415174,-56.2836,0.632023,1.27531,3.25001,0.0654834,2.12784,-5.35917,3.17503,-0.0866234,-0.49016,-0.53443,4.13285,-3.39528,3.08565,0.0695426,0.467631,-0.807928,7.88589,39.815,-16.3071,32.6311,-11067.9,256.618,-789.879,-100.149,-15215.1,219.341,-701.888,-100.042,-178.591,-184771,-5.88089,19.8349,-1373.9,486.62,-238.789,377.62,0,-18.4524,-105.025,58.9501,-123.211,-6.57198,11.8708,-0.544204,0.679022,2.0828,464.305,-293.404,422.493,38.441,-163.849,65.9426,-106.62,-20.0973,13.51,-17.4436,1.55205,-1.82229,-0.307008,4.50666,-4.57548,0.563132,-0.461035,-0.352829,-47.5593,-2.16864,-32.0036,1.54102,-35.3633,-21.0349,-0.776398,12.2341,7.65271,-4.74981,-0.348697,0.717994,-5.92026,-1.99163,-0.0970214,0,2665,5.55112e-17,-3.16414e-15,-7.43849e-15,6.38378e-15,-2.17349e-11,-1.73684e-11,-1.75634e-11,5.82867e-16,5.82867e-16,6.38378e-16,0,-0.415174,-2.82545,0.632021,-0.0109927,3.14159,2.12784,-1.07185,3.17503,-0.0173247,-0.392699,4.13285,-0.679126,3.08562,0.0139085,0.523599,0,0,0,1.20569,-0.11057,-0.415174,0.632023,3.25001,2.12784,3.17503,-0.49016,4.13285,3.08565,0.467631,0.0296066,-4.01986,2.70218,9.09315e-05,-3.44732,-0.0614017,0.901332,-0.915095,-0.712261,0.0549602,0.014336,1.00533,3580.98,5145.65,36903.3,-276.618,217.991,30.1881,-210.747,160.527,20.3583
2.34,-5.91342,-2.08561,1.21637,1.39121,-0.0774913,-142.226,-0.388017,1.00665,0.537458,5.33806,3.22391,-861748,2.15725,-3.8653,3.18341,0.0709456,-0.460025,-3.94106,4.16277,-2.88594,3.103,-0.385275,0.498274,-4.86317,-2.28382,-7.09639,-0.397659,-7.30161,-3.66765,-4.31822,-2.20948,-6.60375,-0.6422,-6.81828,-3.40517,1.46179,-0.221862,-0.281223,2.55702,-0.0941469,1.83415,-0.107318,-46.1018,-0.417844,-31.3512,0.629354,2.23086,3.24735,-0.0818164,2.12742,-4.98323,3.17462,-0.0864468,-0.490574,-0.5456,4.13294,-3.17314,3.08574,0.0657466,0.467714,-0.767607,7.50986,37.0657,-15.1005,30.742,-793.991,135.738,-400.334,-8.975,-3214.98,102.33,-319.717,-8.95562,-92.3626,251.224,-9.52542,33.0491,-0.0821645,457.1,-223.562,354.583,0,-18.2205,-97.8311,54.8133,-114.772,-6.64783,11.162,-0.505057,0.624118,2.10763,426.157,-275.086,397.535,38.85,-151.054,62.2314,-100.624,-20.3008,13.5105,-16.1833,1.41844,-1.65838,-0.300942,4.50546,-4.57216,0.5495,-0.485393,-0.348757,-216.358,-1.99628,194.986,1.48986,-33.0426,-18.7498,-0.814084,11.4812,6.95405,-2.46184,-0.353302,0.719197,-5.91626,-1.99151,-0.0941469,0,2684,-2.77556e-17,-4.96478e-15,-3.4639e-14,3.72033e-14,-6.09474e-12,-4.93627e-12,-4.98849e-12,5.55112e-17,8.32667e-17,1.38778e-16,0,-0.417844,-1.5792,0.629354,-0.0301833,3.14159,2.12742,-0.996654,3.17462,-0.0172894,-0.392699,4.13294,-0.634705,3.08571,0.0131493,0.523599,0,0,0,1.19625,-0.107318,-0.417844,0.629354,3.24735,2.12742,3.17462,-0.490574,4.13294,3.08574,0.467714,0.0298263,-4.06064,2.70231,0.000108207,-3.61155,-0.0601885,0.901093,-0.914433,-0.669357,0.0550175,0.0143552,1.00518,1464.31,1830.91,-112.878,-261.862,204.271,30.4432,-203.288,151.465,20.178
2.36,-5.90921,-2.08329,1.20708,1.38496,-0.0746378,-143.322,-0.392226,0.921446,0.5851,7.84524,3.24439,-861748,2.15679,-3.82544,3.18463,0.111343,-0.460487,-3.95639,4.16306,-2.90077,3.10431,-0.398103,0.498583,-4.85892,-2.27465,-7.09619,-0.397081,-7.29355,-3.66805,-4.31366,-2.20259,-6.60365,-0.641848,-6.8103,-3.40541,1.40374,-0.18032,-0.295047,2.48393,-0.0919454,1.8208,-0.104695,-33.4381,-0.422283,-19.0384,0.624914,2.23279,3.24291,-0.239999,2.12673,-4.62021,3.17393,-0.0874637,-0.491266,-0.625305,4.13301,-2.92475,3.08581,0.0629699,0.467789,-0.728319,7.14391,34.4767,-14.0214,28.9905,1713.11,77.8583,-211.189,-18.5334,143.063,48.006,-137.932,-18.4792,-49.7714,440.793,-9.00933,32.034,-0.0136973,429.632,-209.781,333.308,0,-17.998,-91.6152,51.1504,-107.046,-6.71063,10.4723,-0.488407,0.597337,2.12742,387.888,-258.62,374.6,39.3209,-137.033,58.9324,-95.0658,-20.5367,13.5425,-14.8559,1.30715,-1.52076,-0.29703,4.51523,-4.58041,0.535914,-0.464125,-0.312258,-54.7802,-6.24531,333.046,1.44103,-31.0727,-16.7377,-0.766072,10.7549,6.295,-1.32782,-0.356839,0.721292,-5.91206,-1.99138,-0.0919454,0,2704,-5.55112e-17,-1.24067e-14,-2.8727e-14,3.36447e-14,8.6183e-12,7.23399e-12,7.3049e-12,1.11022e-16,8.32667e-17,4.85723e-17,0,-0.422283,-0.962953,0.624918,-0.0805124,3.14159,2.12673,-0.924042,3.17393,-0.0174927,-0.392699,4.13301,-0.585006,3.08578,0.012594,0.523599,0,0,0,1.18631,-0.104695,-0.422283,0.624914,3.24291,2.12673,3.17393,-0.491266,4.13301,3.08581,0.467789,0.0300576,-4.10771,2.70867,8.45163e-05,-3.77802,-0.059406,0.903046,-0.916082,-0.620597,0.0550779,0.0143754,1.00506,786.28,714.754,-150.484,-248.824,192.082,30.8062,-191.516,141.426,19.9546
2.38,-5.90475,-2.08071,1.19762,1.3786,-0.071576,-144.582,-0.394585,1.01416,0.465588,1.591,3.18533,-861748,2.15639,-3.79394,3.18551,0.146291,-0.460886,-3.97098,4.16313,-2.91282,3.10514,-0.409383,0.498669,-4.85428,-2.26589,-7.09604,-0.396438,-7.28501,-3.66827,-4.30885,-2.19513,-6.60361,-0.641405,-6.80179,-3.40559,1.43601,-0.147545,-0.306345,2.41706,-0.0895052,1.82391,-0.101888,-62.1478,-0.424897,-47.8877,0.6223,2.19143,3.24029,-0.20907,2.12607,-4.34005,3.17327,-0.0880915,-0.491923,-0.531025,4.13282,-2.73595,3.08562,0.0611008,0.467613,-0.693479,6.81842,32.5787,-13.09,27.6044,-6850.62,179.226,-593.352,-58.1894,-10261.9,151.91,-524.36,-58.0326,-149.76,237.26,-8.35105,30.5378,-0.109457,407.417,-197.936,316.465,0,-17.8531,-85.8686,48.0474,-100.848,-6.70118,9.84621,-0.473951,0.576647,2.1243,364.284,-244.229,356.191,39.8249,-129.416,56.091,-90.6704,-20.7975,13.508,-13.84,1.22411,-1.42349,-0.296999,4.50306,-4.56722,0.523529,-0.473061,-0.318149,-63.0076,-1.61299,7.34188,1.33972,-29.5179,-14.9962,-0.729626,10.1559,5.71841,-3.9883,-0.355756,0.718263,-5.90744,-1.99124,-0.0895052,0,2726,5.55112e-17,-1.76525e-14,-4.19664e-14,4.45864e-14,-1.11259e-11,-9.07976e-12,-9.17552e-12,4.996e-16,5.82867e-16,6.03684e-16,0,-0.424897,-2.40917,0.622293,-0.0417622,3.14159,2.12607,-0.868021,3.17327,-0.0176183,-0.392699,4.13282,-0.547219,3.08561,0.0122202,0.523599,0,0,0,1.17677,-0.101888,-0.424897,0.6223,3.24029,2.12607,3.17327,-0.491923,4.13282,3.08562,0.467613,0.0303123,-4.15973,2.7017,4.86455e-05,-3.63029,-0.0593997,0.900613,-0.913444,-0.578838,0.0551443,0.0143977,1.00494,2756.09,3863.96,-108.332,-234.97,179.899,31.1511,-181.424,132.528,19.832
2.4,-5.90035,-2.07742,1.18678,1.37126,-0.0681102,-148.723,-0.393289,1.09769,0.54163,1.5776,3.46732,-861748,2.15589,-3.76579,3.18609,0.180702,-0.461381,-3.98559,4.16328,-2.92493,3.10596,-0.420947,0.498806,-4.8494,-2.25777,-7.09651,-0.395329,-7.27599,-3.66813,-4.30406,-2.18631,-6.6042,-0.640543,-6.7928,-3.4054,1.31359,-0.118315,-0.317781,2.352,-0.0863483,1.8299,-0.0986657,-41.2061,-0.423845,-27.0739,0.623353,-68.9444,3.24134,-0.0939975,2.12533,-4.1013,3.17253,-0.0885347,-0.492668,-0.393806,4.13272,-2.57068,3.08553,0.0596222,0.467498,-0.66047,6.51044,30.8514,-12.218,26.318,109.049,95.0352,-300.069,-7.85053,-1948.3,70.2271,-235.734,-7.83104,-77.9679,4.17903e+06,242.777,-916.146,-3.1913e+06,386.083,-186.858,301.094,0,-17.6968,-79.9766,45.1359,-95.1685,-6.63291,9.23382,-0.461839,0.560314,2.10253,344.397,-230.592,338.935,40.3359,-123.488,53.3537,-86.5248,-21.0593,13.4536,-12.9492,1.15125,-1.33871,-0.298348,4.4847,-4.54808,0.511526,-0.541906,-0.367333,-207.057,2.56036,0.341436,1.30556,-28.1352,-13.284,-0.730743,9.55733,5.13611,-2.07578,-0.352077,0.715238,-5.90304,-1.99111,-0.0863483,0,2747,5.55112e-17,1.79023e-15,1.38778e-15,-1.77636e-15,-6.16768e-12,-5.27814e-12,-5.32745e-12,3.88578e-16,4.71845e-16,5.51642e-16,0,-0.423845,-1.36538,0.623344,-0.0110416,3.14159,2.12533,-0.820275,3.17252,-0.0177069,-0.392699,4.13272,-0.514198,3.08549,0.0119244,0.523599,0,0,0,1.16707,-0.0986657,-0.423845,0.623353,3.24134,2.12533,3.17253,-0.492668,4.13272,3.08553,0.467498,0.0305555,-4.21235,2.69092,0.000107561,-3.40701,-0.0596696,0.89694,-0.909616,-0.54439,0.0552079,0.014419,1.00477,1209.19,1421.85,-834940,-222.51,167.887,31.5153,-173.459,124.249,19.7204
2.42,-5.89544,-2.07363,1.174,1.36259,-0.0641476,-149.211,-0.395355,1.38463,0.579971,1.74657,3.25725,-861748,2.15502,-3.74006,3.18627,0.216679,-0.462237,-4.00029,4.16338,-2.93721,3.10675,-0.432774,0.498906,-4.84421,-2.24654,-7.09707,-0.393915,-7.26578,-3.66791,-4.29873,-2.1762,-6.60497,-0.639557,-6.78262,-3.40514,1.84894,-0.091552,-0.329369,2.28102,-0.0827141,1.83135,-0.0949813,-27.0798,-0.426188,-13.2075,0.621009,-1.50606,3.23901,0.0595091,2.12418,-3.86792,3.17138,-0.0893778,-0.493814,-0.26014,4.13255,-2.40143,3.08535,0.0572211,0.467311,-0.625458,6.18395,28.9532,-11.3201,24.933,2200.5,41.8467,-108.826,-33.4762,1048.65,19.8027,-50.1288,-33.3804,-30.0125,-52248.4,4.8033,-18.71,-7325.39,362.335,-175.359,284.902,0,-17.4633,-73.3992,42.0911,-89.2101,-6.50486,8.57787,-0.457267,0.553659,2.06153,322.265,-216.265,320.24,40.8267,-116.825,50.4264,-82.0013,-21.312,13.3825,-12.0139,1.06811,-1.24021,-0.297424,4.46027,-4.52233,0.498487,-0.639009,-0.433275,-24.4122,16.913,8.81361,1.33821,-26.892,-11.4947,-0.734857,8.94857,4.53023,-0.801291,-0.346207,0.713335,-5.898,-1.99096,-0.0827141,0,2771,-5.55112e-17,-3.69843e-15,4.32987e-15,-4.32987e-15,9.40636e-14,5.86475e-14,5.97968e-14,3.60822e-16,3.88578e-16,3.67761e-16,0,-0.426188,-0.670546,0.621011,-0.0110561,3.14159,2.12418,-0.773598,3.17138,-0.0178756,-0.392699,4.13255,-0.480359,3.08531,0.0114442,0.523599,0,0,0,1.15595,-0.0949813,-0.426188,0.621009,3.23901,2.12418,3.17138,-0.493814,4.13255,3.08535,0.467311,0.0308337,-4.26302,2.67677,0.000134074,-3.17446,-0.0594849,0.892054,-0.904466,-0.50959,0.0552805,0.0144434,1.00457,547.362,307.293,10437.6,-211.214,155.823,32.0191,-165.435,115.771,19.6444
2.44,-5.89066,-2.06996,1.15973,1.35318,-0.0603082,-149.347,-0.401957,1.03639,2.6643,3.08926,3.52954,-861748,2.15393,-3.71383,3.1864,0.254076,-0.463305,-4.01462,4.16357,-2.95006,3.10775,-0.444498,0.499101,-4.8395,-2.23313,-7.09752,-0.392449,-7.25584,-3.66773,-4.29357,-2.1664,-6.60569,-0.638622,-6.77272,-3.40486,3.31274,-0.0641242,-0.341404,2.20224,-0.079194,1.81712,-0.0914087,496.266,-0.433058,508.36,0.61414,-0.960963,3.23213,0.107545,2.12283,-3.59054,3.17003,-0.0902497,-0.495164,-0.228147,4.13247,-2.20131,3.08528,0.0524439,0.467239,-0.587621,5.83309,26.7156,-10.4113,23.3799,-1.36809e+06,-1574.6,6347.34,-36825,-1.33445e+06,-1589.63,6382.97,-36731,1776.85,2.50767e+06,2.79845,-11.2009,-6568.81,336.273,-163.519,266.871,0,-17.1503,-67.1138,39.0161,-82.7531,-6.3804,7.85393,-0.450182,0.541852,2.02185,292.655,-201.487,299.493,41.2418,-106.579,47.3386,-76.8869,-21.5217,13.3188,-10.888,0.962601,-1.11175,-0.289251,4.43715,-4.49653,0.484093,-0.713751,-0.470573,-6.78761,-0.503458,75.9505,1.37491,-25.6348,-9.64346,-0.716651,8.31601,3.90727,47.5973,-0.340788,0.712416,-5.89318,-1.99081,-0.079194,0,2794,5.55112e-17,-2.31815e-13,-4.01457e-13,3.73923e-13,-2.80054e-14,-2.79166e-13,-2.74726e-13,1.38778e-16,1.249e-16,6.59195e-17,0,-0.433058,25.4752,0.614134,-0.0110727,3.14159,2.12283,-0.718114,3.17003,-0.0180499,-0.392699,4.13247,-0.440329,3.08523,0.0104888,0.523599,0,0,0,1.1429,-0.0914087,-0.433058,0.61414,3.23213,2.12283,3.17003,-0.495164,4.13247,3.08528,0.467239,0.0311005,-4.30498,2.66403,0.000134269,-3.0811,-0.0578501,0.887431,-0.899307,-0.468299,0.0553502,0.0144668,1.00438,187467,248425,-501551,-200.149,143.972,32.5955,-155.755,106.645,19.5376
2.46,-5.88511,-2.06504,1.14182,1.34128,-0.055287,-149.728,-0.4096,1.03414,0.273224,-2.64375,3.08167,-861748,2.15239,-3.69059,3.18583,0.296595,-0.464822,-4.0307,4.16406,-2.96295,3.1088,-0.456947,0.499582,-4.83399,-2.21601,-7.09877,-0.390377,-7.24345,-3.66745,-4.28756,-2.15345,-6.60732,-0.637306,-6.76046,-3.40435,1.36729,-0.0399415,-0.353731,2.11924,-0.0744461,1.81445,-0.0867008,-105.109,-0.441013,-91.9541,0.606184,2.15251,3.22417,0.363486,2.12098,-3.3676,3.16818,-0.0916745,-0.497017,0.00599376,4.13264,-2.06237,3.08544,0.0478957,0.467407,-0.549248,5.47684,24.6956,-9.5013,21.9041,-34837,257.262,-1021.69,-545.032,-40650.5,240.437,-973.867,-543.63,-302.419,-67.3294,-6.28445,26.041,-0.139238,309.928,-151.699,250.092,0,-16.7961,-59.7718,35.9157,-76.6303,-6.13712,7.14646,-0.457191,0.550398,1.94377,273.363,-186.397,279.492,41.6146,-101.867,44.094,-71.9119,-21.6989,13.148,-10.0495,0.868816,-1.00136,-0.283399,4.3797,-4.43664,0.469018,-0.895427,-0.594814,-19.048,-0.615522,-205.284,1.48762,-24.5503,-7.52646,-0.803637,7.69556,3.27378,-8.12007,-0.328591,0.704936,-5.88753,-1.99063,-0.0744461,0,2821,2.77556e-17,9.65894e-15,-3.29736e-14,3.52337e-14,1.43353e-11,1.35844e-11,1.36818e-11,2.91434e-16,3.46945e-16,3.88578e-16,0,-0.441013,-4.61792,0.60618,-0.0597259,3.14159,2.12098,-0.673521,3.16817,-0.0183349,-0.392699,4.13264,-0.412538,3.0854,0.00957913,0.523599,0,0,0,1.12832,-0.0867008,-0.441013,0.606184,3.22417,2.12098,3.16818,-0.497017,4.13264,3.08544,0.467407,0.0314139,-4.34043,2.62987,0.000135979,-2.79969,-0.0566799,0.87594,-0.887328,-0.43845,0.0554322,0.0144943,1.00413,7788.65,11426.2,-37.538,-189.404,131.08,33.3371,-152.078,99.212,19.4074
2.48,-5.87918,-2.05951,1.11951,1.32664,-0.0496837,-151.245,-0.414316,0.800926,0.532486,1.43369,3.27631,-861748,2.15049,-3.66607,3.1851,0.34575,-0.46669,-4.04812,4.16537,-2.97856,3.11083,-0.470327,0.500888,-4.82788,-2.19896,-7.10036,-0.387988,-7.22965,-3.66745,-4.28116,-2.13897,-6.60938,-0.635849,-6.74701,-3.40371,1.1987,-0.014277,-0.368621,2.02242,-0.0691094,1.79561,-0.0814344,-53.0792,-0.446066,-26.549,0.601131,2.20698,3.21913,0.558335,2.11874,-3.09695,3.16594,-0.0933074,-0.49925,0.157516,4.13362,-1.8866,3.08643,0.0401036,0.468393,-0.506152,5.07839,22.2802,-8.53716,20.1899,-3805.56,100.544,-393.831,-33.9989,-5309.69,57.697,-236.297,-20.7511,-82.3284,634.061,-3.7425,13.9033,65.338,280.011,-138.955,230.745,0,-16.3026,-52.3099,32.6363,-69.7607,-5.85397,6.34496,-0.464995,0.5581,1.85284,246.683,-170.232,256.638,41.9638,-93.6395,40.5021,-66.0661,-21.833,12.9708,-8.99996,0.748852,-0.857457,-0.268066,4.32034,-4.37314,0.45157,-1.11554,-0.732027,-75.8561,-5.37347,-3.17388,1.61496,-23.4188,-5.07776,-0.870966,6.9808,2.59792,-2.73262,-0.315437,0.699835,-5.88146,-1.99044,-0.0691094,0,2850,8.32667e-17,5.63438e-15,2.31898e-14,-2.24543e-14,1.53424e-11,1.38097e-11,1.39338e-11,6.66134e-16,6.93889e-16,6.97359e-16,0,-0.446066,-2.01527,0.601132,-0.00287703,3.14159,2.11874,-0.61939,3.16594,-0.0186615,-0.392699,4.13362,-0.377373,3.08639,0.00802071,0.523599,0,0,0,1.11007,-0.0814344,-0.446066,0.601131,3.21913,2.11874,3.16594,-0.49925,4.13362,3.08643,0.468393,0.0317507,-4.36718,2.5944,0.000117323,-2.59541,-0.0536131,0.864068,-0.874628,-0.401538,0.0555203,0.0145238,1.00384,1954.39,2016.52,-180.932,-177.865,117.327,34.2101,-146.124,90.5309,19.0318
2.5,-5.87291,-2.05408,1.09326,1.30981,-0.044116,-153.478,-0.41991,0.675105,0.584041,1.56571,6.85579,-861748,2.14841,-3.64198,3.1844,0.399076,-0.468746,-4.06577,4.16706,-2.99522,3.1134,-0.483955,0.502554,-4.82151,-2.18157,-7.10148,-0.385619,-7.21543,-3.66765,-4.27446,-2.12464,-6.61102,-0.634505,-6.73324,-3.40309,-2.45505,0.0111633,-0.384376,1.91176,-0.0638815,1.75637,-0.0762272,-33.7388,-0.452021,-11.4653,0.595176,662.255,3.21317,0.641717,2.11629,-2.77107,3.16349,-0.0948493,-0.501701,0.199432,4.13495,-1.66663,3.08775,0.0310812,0.469722,-0.459124,4.64543,19.5654,-7.56496,18.2902,718.782,45.5665,-169.774,-9.44509,-1110.21,20.3303,-83.7836,-3.83154,-31.205,1.59225e+06,-36.7758,-1273.39,1.26835e+06,248.151,-125.777,209.273,0,-15.676,-45.3918,29.357,-62.3964,-5.55345,5.47428,-0.46836,0.557209,1.75638,212.892,-153.605,231.66,42.2258,-81.6906,36.7618,-59.6099,-21.9077,12.7829,-7.74584,0.625942,-0.708129,-0.248133,4.25752,-4.30553,0.43183,-1.31229,-0.841447,-111.656,-6.63316,-0.22835,1.70315,-22.3188,-2.42077,-0.882969,6.23196,1.91237,-1.17184,-0.301316,0.694414,-5.87498,-1.99023,-0.0638815,0,2881,-5.55112e-17,6.21725e-15,8.88178e-16,-2.41585e-13,1.79897e-11,1.58714e-11,1.6031e-11,2.77556e-17,4.16334e-17,5.20417e-18,0,-0.452021,-1.10106,0.595176,-0.0110277,3.14159,2.11629,-0.554215,3.16349,-0.0189699,-0.392699,4.13495,-0.333366,3.08772,0.00621624,0.523599,0,0,0,1.0874,-0.0762272,-0.452021,0.595176,3.21317,2.11629,3.16349,-0.501701,4.13495,3.08775,0.469722,0.0321112,-4.38205,2.55677,0.000100635,-2.48521,-0.0496265,0.851504,-0.861105,-0.354947,0.0556146,0.0145554,1.00355,827.004,634.618,-330189,-165.244,103.388,35.1575,-136.3,80.4881,18.518
2.52,-5.86628,-2.04904,1.06395,1.29143,-0.0389151,-156.69,-0.429222,0.665929,0.565221,1.55986,6.11615,-861748,2.14619,-3.62104,3.18364,0.454508,-0.470921,-4.0829,4.16874,-3.01124,3.11602,-0.497154,0.504209,-4.81505,-2.16313,-7.10168,-0.383357,-7.20133,-3.66788,-4.26749,-2.11129,-6.61177,-0.633329,-6.71959,-3.40251,-1.7434,0.0335145,-0.399427,1.79358,-0.0590638,1.70348,-0.0713986,-39.6015,-0.461705,-14.0217,0.585492,842.089,3.20349,0.658027,2.11371,-2.42476,3.1609,-0.0961068,-0.504288,0.192343,4.13625,-1.43174,3.08905,0.0222242,0.471028,-0.411622,4.20966,16.875,-6.65421,16.386,-637.928,55.0791,-224.689,-9.31605,-2076.6,24.4827,-106.608,-3.77867,-43.1231,2.84985e+06,-908.633,3352.91,1.084e+06,217.304,-113.134,187.705,0,-14.9686,-39.3542,26.3112,-55.1989,-5.23613,4.61452,-0.467719,0.548854,1.65465,178.348,-137.645,206.829,42.3622,-68.815,33.1565,-53.1789,-21.917,12.5626,-6.45883,0.516721,-0.575294,-0.227691,4.184,-4.22728,0.411024,-1.46579,-0.919073,-160.585,-7.0904,-0.507604,1.733,-21.3827,0.341448,-0.856305,5.5149,1.24946,-1.62705,-0.285467,0.685676,-5.86829,-1.99002,-0.0590638,0,2913,-5.55112e-17,9.31026e-15,-2.93099e-14,2.4869e-13,6.56958e-12,7.37241e-12,7.38922e-12,-9.71445e-17,-9.71445e-17,-1.19696e-16,0,-0.461705,-1.34534,0.585498,-0.0109327,3.14159,2.11371,-0.484953,3.1609,-0.0192214,-0.392699,4.13625,-0.28638,3.08902,0.00444483,0.523599,0,0,0,1.06078,-0.0713986,-0.461705,0.585492,3.20349,2.11371,3.1609,-0.504288,4.13625,3.08905,0.471028,0.0324836,-4.38388,2.5127,9.50169e-05,-2.40493,-0.0455382,0.836801,-0.845457,-0.304086,0.0557121,0.0145881,1.00329,1159.05,911.921,-581713,-152.038,89.9555,36.142,-124.332,70.0613,17.9875
2.54,-5.85968,-2.04415,1.03157,1.27146,-0.0339747,-160.014,-0.435469,0.676859,0.562097,1.56088,6.02064,-861748,2.14439,-3.60325,3.18322,0.512296,-0.472674,-4.09977,4.17038,-3.02654,3.11855,-0.510052,0.50584,-4.80847,-2.14691,-7.10161,-0.381287,-7.1876,-3.66798,-4.2606,-2.0985,-6.61215,-0.632139,-6.70629,-3.40182,-1.64009,0.052643,-0.413829,1.67439,-0.0543915,1.64568,-0.0668427,-37.2584,-0.468337,-13.142,0.578861,771.741,3.19685,0.671608,2.11153,-2.09326,3.15872,-0.0961318,-0.506468,0.201444,4.13752,-1.21238,3.09032,0.0134213,0.472297,-0.36666,3.79815,14.4435,-5.84251,14.6141,-448.584,46.2814,-194.592,-8.32029,-1800.09,21.0002,-94.2044,-3.37663,-40.112,2.38355e+06,-691.282,2570,995314,189.241,-101.625,167.571,0,-14.2247,-34.2092,23.6447,-48.6682,-4.89384,3.81475,-0.455921,0.525948,1.54544,148.368,-123.079,183.825,42.3819,-57.5548,29.8467,-47.2136,-21.8666,12.2987,-5.28857,0.422148,-0.461571,-0.20669,4.09594,-4.1345,0.390368,-1.61895,-0.998296,-166.212,-6.55003,-0.45677,1.76399,-20.5831,3.22281,-0.843598,4.83227,0.600996,-1.51655,-0.267412,0.672758,-5.8614,-1.98979,-0.0543915,0,2946,5.55112e-17,-5.11917e-15,-1.77636e-14,7.10543e-15,-1.37935e-11,-1.33541e-11,-1.34466e-11,-2.35922e-16,-2.22045e-16,-1.50921e-16,0,-0.468337,-1.26104,0.578854,-0.0109688,3.14159,2.11153,-0.418654,3.15872,-0.0192264,-0.392699,4.13752,-0.2425,3.09029,0.00268427,0.523599,0,0,0,1.03108,-0.0668427,-0.468337,0.578861,3.19685,2.11153,3.15872,-0.506468,4.13752,3.09032,0.472297,0.032868,-4.37373,2.45989,7.85963e-05,-2.33157,-0.0413381,0.819188,-0.826899,-0.256073,0.0558128,0.0146218,1.00304,1075.07,823.443,-487628,-139.456,77.3955,36.9683,-113.636,60.3948,17.4823
2.56,-5.85286,-2.03867,0.99392,1.24832,-0.0286289,-163.613,-0.434474,0.693732,0.567933,1.56236,5.93483,-861748,2.14264,-3.58857,3.18268,0.579999,-0.474376,-4.11751,4.17234,-3.04252,3.12127,-0.52337,0.507767,-4.80133,-2.13342,-7.10189,-0.378983,-7.17298,-3.66794,-4.25351,-2.08447,-6.61286,-0.630693,-6.69219,-3.40084,-1.53157,0.0684771,-0.429023,1.55592,-0.0491315,1.58951,-0.0618817,-34.2164,-0.467727,-11.7902,0.57947,691.855,3.19746,0.765105,2.10939,-1.80271,3.15659,-0.0951877,-0.508607,0.273846,4.13909,-1.02364,3.09189,0.00342354,0.473868,-0.324929,3.417,12.3249,-5.119,13.0039,-156.27,37.1896,-160.453,-6.799,-1448.33,17.1568,-79.187,-2.76021,-35.6307,1.89389e+06,-445.857,1561.3,919757,163.726,-91.2493,149.366,0,-13.4336,-29.4246,21.2882,-42.8442,-4.48925,3.10333,-0.441914,0.500964,1.41674,125.18,-109.848,162.931,42.3503,-49.1896,26.8025,-41.7703,-21.7785,11.9882,-4.29405,0.333549,-0.357663,-0.181584,3.99233,-4.02549,0.37021,-1.88244,-1.15721,-179.929,-5.71032,-0.383944,1.89452,-19.9368,6.59974,-0.886861,4.13099,-0.0692039,-1.34898,-0.245684,0.656752,-5.85451,-1.98956,-0.0491315,0,2979,-2.77556e-17,1.81799e-15,-1.33227e-15,1.98952e-13,-1.13429e-11,-1.11898e-11,-1.12551e-11,-1.66533e-16,-1.59595e-16,-1.30104e-16,0,-0.467727,-1.13174,0.579468,-0.0110166,3.14159,2.10939,-0.360543,3.15658,-0.0190375,-0.392699,4.13909,-0.204748,3.09186,0.000684708,0.523599,0,0,0,0.998316,-0.0618817,-0.467727,0.57947,3.19746,2.10939,3.15659,-0.508607,4.13909,3.09189,0.473868,0.0332528,-4.35614,2.39779,8.25825e-05,-2.24507,-0.0363169,0.798467,-0.805098,-0.214561,0.0559136,0.0146556,1.00275,955.993,699.721,-388899,-128.741,65.5497,37.7407,-106.402,51.9055,16.9319
2.58,-5.84586,-2.03287,0.949528,1.22095,-0.0230449,-166.924,-0.426462,0.722937,0.583412,1.56468,6.29063,-861748,2.14078,-3.57782,3.18198,0.661859,-0.476173,-4.13586,4.17453,-3.05924,3.12424,-0.537045,0.509922,-4.79369,-2.12307,-7.10227,-0.376538,-7.15778,-3.66786,-4.24629,-2.06973,-6.61372,-0.629158,-6.67758,-3.3997,-1.84268,0.0803347,-0.444926,1.43267,-0.0435681,1.52539,-0.0566945,-29.8429,-0.460111,-9.72375,0.587086,752.164,3.20508,0.862626,2.10713,-1.52052,3.15433,-0.0934926,-0.510865,0.321225,4.14088,-0.82787,3.09368,-0.00720869,0.475658,-0.284637,3.04998,10.3491,-4.45288,11.4458,321.767,26.5733,-115.544,-5.99547,-956.319,12.5346,-59.0388,-2.43516,-28.6653,2.19525e+06,-99.8814,-228.487,1.42628e+06,139.754,-81.555,131.771,0,-12.5473,-25.1283,19.136,-37.3184,-4.03646,2.45077,-0.426468,0.472417,1.27297,103.283,-97.4393,142.799,42.2823,-40.9007,23.9331,-36.5189,-21.6635,11.6566,-3.31701,0.252103,-0.26358,-0.153357,3.88169,-3.90906,0.34971,-2.21962,-1.36849,-165.592,-4.25535,-0.279146,2.08593,-19.492,10.6832,-0.917288,3.40433,-0.758112,-1.08944,-0.221797,0.641135,-5.84743,-1.98933,-0.0435681,0,3013,5.55112e-17,-3.41394e-15,1.38778e-14,-2.13163e-14,1.54458e-11,1.51452e-11,1.52277e-11,5.06539e-16,5.13478e-16,5.58581e-16,0,-0.460111,-0.934218,0.587082,-0.0111111,3.14159,2.10713,-0.304105,3.15433,-0.0186985,-0.392699,4.14088,-0.16559,3.09365,-0.00144174,0.523599,0,0,0,0.960271,-0.0566945,-0.460111,0.587086,3.20508,2.10713,3.15433,-0.510865,4.14088,3.09368,0.475658,0.0336496,-4.33311,2.33147,7.46742e-05,-2.17222,-0.0306715,0.776338,-0.781813,-0.172454,0.0560176,0.0146905,1.00244,783.175,525.005,-451639,-118.99,54.2986,38.5187,-98.3437,43.2358,16.3187
2.6,-5.83869,-2.02702,0.897566,1.18859,-0.0173903,-170.172,-0.415472,0.752318,0.599073,1.5654,5.63526,-861747,2.13897,-3.57377,3.1813,0.763622,-0.47791,-4.1543,4.1766,-3.07576,3.12712,-0.551061,0.511952,-4.78572,-2.11419,-7.10257,-0.37417,-7.14232,-3.66767,-4.23893,-2.05484,-6.61448,-0.627675,-6.66267,-3.39854,-1.14228,0.0854424,-0.460586,1.30373,-0.0379671,1.45097,-0.0514605,-27.5004,-0.449542,-8.4143,0.597655,499.518,3.21565,0.946471,2.1049,-1.24317,3.15209,-0.0908013,-0.513099,0.338436,4.14252,-0.624437,3.09533,-0.016919,0.477295,-0.245918,2.69824,8.51395,-3.84384,9.93519,433.712,20.7697,-91.6189,-5.52812,-759.98,9.85147,-47.2582,-2.24581,-25.4441,937165,42.0559,-638.477,668633,117.48,-72.5556,114.668,0,-11.5518,-21.3976,17.2014,-32.0672,-3.53883,1.86202,-0.407738,0.437123,1.11531,82.5132,-85.8241,123.346,42.1185,-32.6311,21.2467,-31.4641,-21.5041,11.2946,-2.36896,0.185429,-0.187462,-0.126644,3.76094,-3.783,0.328876,-2.59809,-1.61806,-162.37,-2.7887,-0.232306,2.34208,-19.3804,15.7607,-0.922368,2.68204,-1.46351,-0.971284,-0.195338,0.624016,-5.83993,-1.98907,-0.0379671,0,3049,-5.55112e-17,-3.46945e-16,-6.46705e-15,-1.27898e-13,1.06531e-11,1.11211e-11,1.11432e-11,6.45317e-16,6.45317e-16,6.53991e-16,0,-0.449542,-0.809125,0.597654,-0.0111077,3.14159,2.1049,-0.248636,3.15209,-0.0181603,-0.392699,4.14252,-0.124904,3.09529,-0.0033838,0.523599,0,0,0,0.915458,-0.0514605,-0.449542,0.597655,3.21565,2.1049,3.15209,-0.513099,4.14252,3.09533,0.477295,0.0340702,-4.3014,2.25912,0.000101989,-2.11238,-0.0253287,0.752188,-0.756601,-0.130445,0.056128,0.0147274,1.00213,712.963,435.463,-196373,-110.212,43.9002,39.2564,-88.9807,34.387,15.7403
2.62,-5.83059,-2.02062,0.834902,1.14859,-0.0111203,-173.665,-0.403252,0.783746,0.615243,1.56543,5.35997,-861747,2.13708,-3.5816,3.18044,0.906937,-0.47969,-4.1734,4.17872,-3.09242,3.13,-0.565581,0.514055,-4.77671,-2.10444,-7.10274,-0.371743,-7.12502,-3.66744,-4.23069,-2.03841,-6.61513,-0.626169,-6.64595,-3.39728,-0.819385,0.0785283,-0.476471,1.17079,-0.0318504,1.37044,-0.0456584,-25.6659,-0.43779,-7.30777,0.609408,466.818,3.2274,1.07545,2.10254,-0.99289,3.14974,-0.0865935,-0.515455,0.380019,4.14418,-0.437606,3.09699,-0.0268418,0.478957,-0.209737,2.37009,6.8794,-3.29591,8.5125,467.263,16.4756,-73.6385,-4.74766,-633.163,7.83392,-38.0705,-1.92913,-23.2255,819562,85.2701,-753.081,577411,97.1046,-64.4446,98.593,0,-10.4294,-18.0515,15.5187,-27.2143,-2.96712,1.35566,-0.385598,0.395867,0.93479,65.7092,-75.1146,105.024,41.8201,-25.9773,18.7506,-26.7112,-21.2747,10.8788,-1.5421,0.127277,-0.123232,-0.0979169,3.62212,-3.63873,0.308177,-3.1332,-2.00017,-174.641,-1.2195,-0.227506,2.81693,-19.8663,22.8984,-0.95504,1.95548,-2.19829,-0.889733,-0.164382,0.603216,-5.83161,-1.98879,-0.0318504,0,3089,0,8.11851e-16,1.44468e-14,-1.42109e-14,1.74062e-13,5.17628e-13,5.04766e-13,1.73472e-17,1.73472e-17,1.73472e-17,0,-0.43779,-0.703438,0.609407,-0.0111307,3.14159,2.10254,-0.198577,3.14974,-0.0173187,-0.392699,4.14418,-0.0875314,3.09695,-0.00536837,0.523599,0,0,0,0.863028,-0.0456584,-0.43779,0.609408,3.2274,2.10254,3.14974,-0.515455,4.14418,3.09699,0.478957,0.0345381,-4.25546,2.17594,9.02814e-05,-2.08042,-0.0195834,0.724424,-0.727745,-0.0921438,0.0562508,0.0147685,1.00179,663.659,365.103,-172648,-104.1,34.7416,39.98,-81.5346,26.416,15.1755
2.64,-5.82235,-2.01437,0.76101,1.09957,-0.00486014,-176.011,-0.390813,0.833342,0.633301,1.56611,5.33121,-861747,2.13532,-3.61346,3.17966,1.12251,-0.481293,-4.19267,4.18073,-3.1085,3.13276,-0.580365,0.51605,-4.76753,-2.09496,-7.10277,-0.369575,-7.1076,-3.66724,-4.22237,-2.02215,-6.61561,-0.624861,-6.62908,-3.39611,-0.722977,0.0474856,-0.491796,1.03093,-0.0258942,1.27618,-0.0398667,-22.745,-0.425819,-5.76352,0.621378,517.78,3.23937,1.18235,2.10031,-0.751589,3.14751,-0.08135,-0.517687,0.396659,4.14572,-0.248874,3.09852,-0.0354848,0.480508,-0.175716,2.06272,5.39695,-2.80511,7.14321,756.816,9.7961,-41.6881,-5.95703,-353.303,4.89396,-23.3865,-2.42085,-19.2047,998477,357.55,-2133.8,786698,78.8119,-57.2364,83.0064,0,-9.1573,-15.3569,14.1346,-22.6182,-2.34042,0.935479,-0.365381,0.350852,0.736992,50.5439,-65.2898,87.5098,41.325,-19.6394,16.4556,-22.185,-20.9511,10.4086,-0.774352,0.0827149,-0.0755011,-0.0718286,3.46542,-3.47725,0.287453,-3.69459,-2.45063,-117.308,1.25883,-0.20128,3.57666,-21.5475,33.6582,-0.96341,1.25122,-2.94115,-0.739082,-0.13027,0.579821,-5.8233,-1.9885,-0.0258942,0,3129,-5.55112e-17,-3.86843e-15,-1.86934e-14,2.13163e-14,4.55277e-12,6.08774e-12,6.02662e-12,-1.45717e-16,-1.45717e-16,-1.71304e-16,0,-0.425819,-0.556016,0.621376,-0.0111925,3.14159,2.10031,-0.150319,3.1475,-0.01627,-0.392699,4.14572,-0.0497778,3.0985,-0.00709695,0.523599,0,0,0,0.799896,-0.0398667,-0.425819,0.621378,3.23937,2.10031,3.14751,-0.517687,4.14572,3.09852,0.480508,0.0350065,-4.19052,2.08182,5.05171e-05,-2.06533,-0.0143657,0.693084,-0.695451,-0.0550886,0.0563738,0.0148097,1.00146,567.637,259.717,-211919,-100.721,27.3473,40.6205,-73.0222,18.5756,14.6323
2.66,-5.81379,-2.00808,0.674196,1.03855,0.00160514,-188.209,-0.377927,0.838651,0.646496,1.56369,5.02182,-861747,2.13359,-3.70684,3.17875,1.52817,-0.482635,-4.2124,4.18256,-3.12425,3.13529,-0.596024,0.51786,-4.75796,-2.08535,-7.10274,-0.367607,-7.08959,-3.66701,-4.21379,-2.00551,-6.61601,-0.623728,-6.61156,-3.39501,-0.395085,-0.0454605,-0.506816,0.887864,-0.0199097,1.17279,-0.0338938,-23.369,-0.413426,-5.67385,0.633772,588.664,3.25177,1.32104,2.09809,-0.548097,3.14529,-0.0741488,-0.519898,0.421325,4.14706,-0.0752639,3.09986,-0.0428141,0.481842,-0.145288,1.78854,4.13204,-2.38309,5.88604,38.2696,14.2182,-65.142,-1.30669,-667.856,6.51216,-31.4492,-0.531053,-21.7363,1.38328e+06,-98.6465,315.846,740575,63.1548,-51.4438,68.6134,0,-7.73675,-13.3089,13.22,-18.4484,-1.63747,0.60999,-0.340506,0.295395,0.515911,38.9388,-56.6435,71.5024,40.6186,-14.6686,14.4297,-18.0627,-20.5284,9.87969,-0.13186,0.0498836,-0.0421089,-0.0487421,3.28925,-3.29703,0.267623,-4.3407,-3.05113,-609.93,1.52359,-0.315287,5.21423,-26.3026,53.8703,-0.986548,0.555928,-3.72606,-0.838057,-0.0913195,0.551392,-5.81458,-1.98819,-0.0199097,0,3171,5.55112e-17,6.8695e-16,-1.60566e-14,1.42109e-14,7.67893e-12,8.91663e-12,8.84342e-12,-7.71952e-17,-7.84962e-17,-1.13191e-16,0,-0.413426,-0.547445,0.633775,-0.0111816,3.14159,2.09809,-0.109619,3.14529,-0.0148298,-0.392699,4.14706,-0.0150534,3.09984,-0.00856282,0.523599,0,0,0,0.725511,-0.0338938,-0.413426,0.633772,3.25177,2.09809,3.14529,-0.519898,4.14706,3.09986,0.481842,0.035499,-4.10609,1.97607,6.56715e-05,-2.09146,-0.00974841,0.65785,-0.659406,-0.0228844,0.0565032,0.014853,1.00112,649.672,290.599,-285574,-104.951,23.419,41.1914,-65.818,11.5831,14.1616
2.68,-5.80494,-2.00183,0.573282,0.961423,0.00824638,-280.806,-0.364476,0.882055,0.664513,1.56341,5.33854,-861747,2.13186,-4.08103,3.17749,2.78449,-0.499818,-4.23295,4.18429,-3.13975,3.13764,-0.612665,0.519574,-4.74804,-2.07578,-7.10261,-0.365866,-7.07104,-3.66685,-4.20499,-1.98864,-6.61633,-0.622834,-6.59348,-3.39402,-0.650377,-0.403721,-0.521688,0.742307,-0.0139774,1.06068,-0.0277691,-21.1819,-0.400492,-4.45863,0.646706,985.407,3.2647,1.53718,2.09584,-0.409439,3.14304,-0.0637161,-0.522151,0.458144,4.14827,0.0811813,3.10107,-0.0492304,0.483053,-0.118898,1.55138,3.08548,-2.0299,4.75583,-165.716,13.5968,-60.8317,-0.157316,-636.732,6.11914,-28.4547,-0.0639347,-19.2826,3.95049e+06,-298.163,1223.73,2.05116e+06,50.5245,-47.9965,55.519,0,-6.14841,-12.2113,13.2407,-14.6984,-0.821707,0.325586,-0.263518,0.192329,0.26086,30.9394,-49.2757,57.2046,39.6958,-11.1323,12.7016,-14.3908,-20.0028,9.28997,0.382976,0.0251431,-0.0191334,-0.0274163,3.09284,-3.09707,0.249207,-5.04572,-3.8564,-4629.84,3.69381,-0.345423,9.70801,-45.0987,116.256,-1.02748,-0.133282,-4.56004,-0.743314,-0.0458203,0.518388,-5.80545,-1.98786,-0.0139774,0,3215,-5.55112e-17,-3.15926e-15,-1.60011e-14,-1.49214e-13,-1.65242e-12,-1.23006e-12,-1.23106e-12,2.04697e-16,2.01228e-16,1.82796e-16,0,-0.400492,-0.431482,0.646703,-0.0112612,3.14159,2.09584,-0.0818879,3.14304,-0.0127432,-0.392699,4.14827,0.0162385,3.10105,-0.00984607,0.523599,0,0,0,0.638181,-0.0277691,-0.400492,0.646706,3.2647,2.09584,3.14304,-0.522151,4.14827,3.10107,0.483053,0.0360155,-4.0009,1.8581,5.3654e-05,-2.16153,-0.00548325,0.618569,-0.619413,0.00470324,0.056639,0.0148985,1.00079,604.831,224.571,-802690,-128.529,27.0487,41.7911,-60.1014,5.57555,13.7387
2.7,-5.79571,-1.99564,0.457837,0.861766,0.0152702,-279.191,-0.347973,0.885226,0.681951,1.56122,5.8812,-861746,2.12937,-1.40107,3.17403,-4.45515,-0.489066,-4.25378,4.18554,-3.15377,3.13948,-0.630141,0.520841,-4.73744,-2.06731,-7.10241,-0.364198,-7.05167,-3.66678,-4.1959,-1.97121,-6.61678,-0.622377,-6.57446,-3.39334,-1.17243,2.26203,-0.535132,0.595262,-0.00812671,0.941289,-0.021286,-21.4271,-0.384529,-4.22654,0.662669,1684.88,3.28066,2.14292,2.09281,-0.499031,3.14001,-0.064422,-0.525184,0.497174,4.14899,0.225935,3.10179,-0.0537097,0.483784,-0.0969561,1.35463,2.25161,-1.74455,3.76831,1050.34,0.716905,-0.408533,8.19986,-147.623,0.760061,-2.80446,3.33319,-21.3296,1.14588e+07,1042.22,-4795.1,4.78716e+06,41.2188,-52.7186,43.6411,0,-3.78949,-13.5439,17.2264,-11.2267,0.370035,-0.556733,0.749543,-0.361211,-0.129646,25.8192,-43.2454,44.7527,38.6075,-8.69374,11.3046,-11.2069,-19.4122,8.65594,0.788173,0.00987987,-0.00654635,-0.0118646,2.88167,-2.88342,0.232831,-5.77226,-4.98286,80.7655,3.85007,-0.461407,36.9013,88.7748,-250.242,-1.04119,-0.77109,-5.43674,-0.819456,0.0205673,0.481408,-5.79592,-1.98752,-0.00812671,0,3261,-2.77556e-17,-2.04433e-14,-3.93435e-14,-1.98952e-13,2.39372e-12,3.63349e-12,3.75919e-12,-5.20417e-17,-4.16334e-17,-2.41777e-17,0,-0.384529,-0.4093,0.662671,-0.0112999,3.14159,2.09281,-0.0998075,3.14001,-0.0128844,-0.392699,4.14899,0.0451895,3.10178,-0.0107419,0.523599,0,0,0,0.536726,-0.021286,-0.384529,0.662669,3.28066,2.09281,3.14001,-0.525184,4.14899,3.10179,0.483784,0.0365562,-3.88262,1.73124,2.57991e-05,-2.21907,-0.00237292,0.576333,-0.576684,0.026645,0.0567813,0.014946,1.00046,556.956,186.738,-2.33665e+06,-246.843,60.9413,46.0641,-53.7351,0.0706103,13.4667
2.72,-5.78667,-1.99007,0.333064,0.733645,0.0223428,-275.669,-0.33224,1.05867,0.708938,1.56448,4.79755,-861745,2.12576,-6.05974,3.19247,6.95651,-0.491849,-4.27363,4.18618,-3.16453,3.1406,-0.647981,0.521502,-4.72703,-2.05892,-7.10214,-0.362722,-7.03254,-3.667,-4.18707,-1.95432,-6.61743,-0.622645,-6.55552,-3.39323,0.111642,-2.37543,-0.545436,0.447561,-0.00288924,0.812891,-0.0147313,-15.1301,-0.369314,-1.38402,0.677884,1041.56,3.29587,0.638692,2.08869,0.493946,3.13589,-0.0203959,-0.529302,0.554777,4.14911,0.345696,3.10191,-0.0560372,0.483923,-0.0797063,1.20044,1.60676,-1.52616,2.92933,-160.92,10.4003,-39.2937,2.6377,-375.494,4.61277,-17.7975,1.07215,-11.6398,4.43458e+06,-319.019,1165.31,2.60235e+06,4.14309,-5.69805,36.8107,0,4.36858,6.53638,-6.49816,-10.0342,-0.221021,0.522736,-0.532693,-2.67543,0.135266,23.8452,-38.6014,34.2456,37.2038,-7.66587,10.2542,-8.53142,-18.6859,7.95293,1.04747,0.00276696,-0.00152941,-0.00356709,2.64751,-2.64801,0.219147,-6.23864,-6.40605,176.112,12.5226,-0.295907,49.7417,-144.339,304.31,-0.992532,-1.2772,-6.33258,-0.443894,-0.0121957,0.439049,-5.78682,-1.98718,-0.00288924,0,3305,0,2.78163e-15,-6.44623e-15,1.42109e-14,1.17644e-12,4.38295e-14,2.82854e-13,-1.11022e-16,-1.00614e-16,-8.45136e-17,0,-0.369314,-0.138043,0.677878,-0.0113448,3.14159,2.08869,0.0987878,3.13589,-0.00407918,-0.392699,4.14911,0.0691376,3.10192,-0.0112074,0.523599,0,0,0,0.420762,-0.0147313,-0.369314,0.677884,3.29587,2.08869,3.13589,-0.529302,4.14911,3.10191,0.483923,0.0370741,-3.7371,1.59056,-1.13493e-05,-2.14818,-0.000713417,0.529502,-0.529602,0.0404059,0.0569177,0.0149916,1.00016,427.38,42.9387,-898156,299.953,-106.126,23.4726,-45.3149,-5.00201,13.3909
2.74,-5.7784,-1.98478,0.202751,0.569892,0.0291262,-275.195,-0.316455,1.39388,0.739553,1.59782,2.91012,-861744,2.12501,-2.93892,3.17454,0.669032,-0.493883,-4.29485,4.18667,-3.17534,3.14138,-0.669314,0.522017,-4.71733,-2.05129,-7.10293,-0.362732,-7.0146,-3.66714,-4.17908,-1.93818,-6.61842,-0.62302,-6.53771,-3.39313,2.3649,0.729502,-0.555983,0.304383,0.00209017,0.675765,-0.00843109,-10.0239,-0.354013,1.47361,0.693185,19.7876,3.31117,0.840753,2.08745,0.524818,3.13465,-0.630141,-0.530538,0.640449,4.14911,0.419371,3.10192,-0.0574439,0.483947,-0.0676193,1.09254,1.13132,-1.37601,2.25972,-190.438,10.9177,-35.732,6.78364,-170.665,2.97093,-9.8528,1.17951,-3.22647,1252.01,-21.5445,70.5068,919.826,15.0898,-19.9451,27.8391,0,1.79562,-1.66219,1.84627,-7.34825,0.706824,-5.66029,8.08086,-9.77706,-2.67537,24.7991,-35.4558,25.9661,35.3134,-8.14544,9.56923,-6.42647,-17.7215,7.17193,1.12417,-0.00128325,0.000568667,0.00170102,2.38753,-2.3873,0.209037,-6.51565,-8.18766,23.7015,36.631,2.49477,50.8194,11.6643,-31.9816,-1.0613,-1.79356,-7.39884,-0.138714,0.038486,0.390688,-5.77835,-1.98686,0.00209017,0,3346,-2.77556e-17,-2.31065e-15,2.6576e-15,-1.77636e-15,-4.41324e-13,7.82707e-15,-3.38812e-13,-6.93889e-17,-8.67362e-17,-9.98686e-17,0,-0.354013,0.179275,0.693178,-0.00977433,3.14159,2.08745,0.10496,3.13465,-0.126028,-0.392699,4.14911,0.0838662,3.10194,-0.0114888,0.523599,0,0,0,0.295506,-0.00843109,-0.354013,0.693185,3.31117,2.08745,3.13465,-0.530538,4.14911,3.10192,0.483947,0.0375573,-3.54401,1.43431,-3.98933e-05,-2.24053,0.000340204,0.477505,-0.477459,0.0457078,0.057045,0.0150342,0.999881,271.338,-88.3373,-184.359,131.052,-67.7251,27.9236,-43.4234,-7.4347,13.3792
2.76,-5.77045,-1.97951,0.0696572,0.363783,0.0356079,-275.38,-0.303751,0.344771,0.757062,1.3507,3.34284,-861693,2.12577,67.7187,3.17514,1.86193,-0.384334,-4.3206,4.18727,-3.18953,3.14219,-0.697244,0.522596,-4.70823,-2.04249,-7.10398,-0.363301,-6.99735,-3.66702,-4.17147,-1.92255,-6.61927,-0.62323,-6.52061,-3.39275,0.900587,71.2782,-0.569941,0.166161,0.00704962,0.532477,-0.00242128,3.28739,-0.34178,3.58641,0.705417,-3.73092,3.3234,3.03807,2.08774,-0.547293,3.13494,137.385,-0.530258,0.718386,4.14924,0.471197,3.10204,-0.0585606,0.484042,-0.0603221,1.02722,0.789741,-1.28601,1.76188,96.032,15.8097,-43.3919,48.7678,30.4544,2.93584,-8.07847,5.40705,12.881,47.9054,-5.92744,16.2852,-37.8737,23.6078,-27.7918,21.8069,0,6.3774,-17.8076,6.49495,-5.73714,3.38993,10508.3,-700.193,386.024,-21768.6,26.4714,-33.7971,19.87,33.1986,-8.96649,9.27895,-4.87393,-16.643,6.35753,1.11014,-0.00483876,0.00166668,0.00629156,2.11651,-2.11571,0.202663,-6.65467,-10.3054,-9.25457,-13.4777,-3.8701,2577.31,3544.58,14.2418,-1.28734,-2.47297,-8.79152,0.564145,0.181597,0.340737,-5.77009,-1.98655,0.00704962,0,3386,1.38778e-17,3.60822e-16,7.09155e-15,-5.7454e-15,-1.29388e-12,2.74019e-12,2.60236e-12,-2.08167e-17,-2.42861e-17,-7.58942e-18,0,-0.34178,0.475182,0.70541,-0.0312275,3.14159,2.08774,-0.110318,3.13493,27.477,-0.392699,4.14924,0.0942422,3.10204,-0.0117121,0.523599,0,0,0,0.164721,-0.00242128,-0.34178,0.705417,3.3234,2.08774,3.13494,-0.530258,4.14924,3.10204,0.484042,0.0380292,-3.32869,1.27153,1.12546e-05,-2.62393,0.00125831,0.423301,-0.423142,0.0474106,0.0571694,0.0150758,0.999597,-348.242,-222.605,120.315,13085.5,8288.02,-4937.23,-48.441,-7.65488,13.3581
2.78,-5.76817,-1.97809,-0.0264501,0.177644,0.0374221,-275.562,-0.300831,0.255762,0.761566,1.25275,3.3543,-861658,2.12571,-32.2009,3.13497,1.16889,-0.594022,-4.34471,4.18742,-3.20296,3.14257,-0.729663,0.522759,-4.7057,-2.03974,-7.10414,-0.363393,-6.99246,-3.66704,-4.16929,-1.91823,-6.61945,-0.623355,-6.51577,-3.3927,0.804617,-28.4719,-0.583152,0.0314934,0.00837884,0.37818,-0.000736966,2.20659,-0.338991,4.11639,0.708207,-1.89131,3.32619,-7.17133,2.08755,4.85207,3.13475,-187.898,-0.530455,0.736598,4.14926,0.529875,3.10206,-0.0586889,0.484062,-0.0572937,1.00051,0.533922,-1.25099,1.43047,31.5026,12.0523,-27.5739,24.3364,25.9058,2.72382,-6.23786,3.32474,10.3312,36.7063,-3.58754,8.20969,-19.3776,-6.61442,-8.59272,17.4501,0,12.4869,-58.7748,-3.42161,-4.50905,-4.63313,16823.4,-33.2612,304.782,29750.9,26.5208,-33.8254,15.9517,31.0038,-8.97791,9.50492,-3.87858,-15.5387,5.52421,1.07274,-0.00600259,0.00161869,0.00721919,1.83908,-1.83823,0.200003,-4.80537,-9.30697,-9.11597,-18.9068,-8.76727,1736.62,-1451.4,-20.4099,-1.20571,-3.1371,-10.4124,0.438286,-0.243826,0.290863,-5.76782,-1.98647,0.00837884,0,3397,0,-4.44089e-15,-9.78384e-15,8.47933e-15,-3.95745e-12,9.41697e-12,8.39506e-12,-6.93889e-18,-1.73472e-17,-2.89211e-17,0,-0.338991,0.530466,0.7082,-0.0242848,3.14159,2.08755,0.971616,3.13474,-37.5796,-0.392699,4.14926,0.105978,3.10206,-0.0117378,0.523599,0,0,0,0.0314981,-0.000736966,-0.338991,0.708207,3.32619,2.08755,3.13475,-0.530455,4.14926,3.10206,0.484062,0.0381591,-3.10781,1.10486,9.77857e-06,-2.22653,0.00144384,0.367817,-0.367646,0.0456655,0.0572036,0.0150872,0.999521,-150.68,-221.094,23.0152,26391.5,-7068.76,2362.54,-38.7864,-11.9572,13.3624
