t,x,y,theta0,phi1,theta1,phi2,theta2,phi3,theta3,phi4,theta4,phi5,theta5,phi6,theta6,phi7,theta7,phi8,theta8,phi9,theta9,phi10,theta10,x1,Y1,x2,y2,x3,y3,Trix[1],Triy[1],Trix[2],Triy[2],Trix[3],Triy[3],varphi1,varphi2,varphi3,z21,z22,z31,z32,z41,z42,z51,z52,z61,z62,z71,z72,z81,z82,z91,z92,z101,z102,z111,z112,z121,z122,al21,al22,al31,al32,al33,al41,al42,al43,al44,al51,al52,al53,al54,al55,al61,al62,al63,al66,al71,al72,al73,al76,al77,al81,al82,al83,al88,al91,al92,al93,al99,al101,al102,al103,al1010,al111,al112,aL113,al1110,al1111,al121,al122,al123,al1210,,al1211,al1212u1,u2,u3,u4,u5,u6,u7,u8,u9,u10,u11,u12,v1,v2,v3,PSx,PSy,d,d0d,Q,nh1,nh2,nh3,nh4,nh5,nh6,nh7,nh8,nh9,nh10,thetap1d,thetap2d,dthetap2d,thetap3d,dthetap3d,thetap4d,thetap5d,dthetap5d,thetap6d,dthetap6d,thetap7d,thetap8d,dthetap8d,thetap9d,dthetap9d,thetap10d,deltap1d,delta2d,delta3d,thetap0,thetap1,thetap2,thetap3,thetap4,thetap5,thetap6,thetap7,thetap8,thetap9,thetap10,thetaT,K81,K82,K83,K84,K91,K92,K93,K94,sr.Cs, sr.Cs1, 1 - sr.d*sr.Cs,b4,b5,b6,b7,b8,b9,b10,b11,b12
0,-6.50009,-2.00164,0,0,-3.20569e-05,0.523599,-0.523603,-0.5236,0.523594,-4.08282e-05,3.14159,-2.61799,2.22615,-3.27335,3.27335,0.392498,-0.391846,-3.66519,4.19,-3.1428,3.1428,-0.52371,0.524809,0,0,0,0,0,0,0,0,0,0,0,0,0,0,0,0,0,0,0,0,0,0,0,0,0,0,0,0,0,0,0,0,0,0,0,0,0,0,0,0,0,0,0,0,0,0,0,0,0,0,0,0,0,0,0,0,0,0,0,0,0,0,0,0,0,0,0,0,0,0,0,0,0,0,0,0,0,0,0,0,0,0,0,0,0,0,0,0,0,0,0,0,0,0,0,0,0,0,0,0,0,0,0,0,0,0,0,0,0,0,0,0,0,0,0,0,0,0,3.14159,0,0,0,0,-0.392699,0,0,0,0,0.523599,0,0,0,0,0,0,0,0,0,0,0,0,0,0,0,0,0,0,0,0,0,0,0,0,0,1,0,0,0,0,0,0,0,0,0
0.02,-6.50009,-2.00164,0.0165422,0.0320186,-3.20569e-05,0.572328,-0.523603,-0.470153,0.523593,0.0396965,3.14161,-2.16791,2.22615,-3.17899,3.28166,0.457936,-0.391838,-4.39444,4.19,-0.716535,3.12023,5.19331,0.524798,-5.45009,-2.00168,-7.80836,-0.405926,-7.77611,-3.66283,-4.90009,-2.00169,-7.30004,-0.615969,-7.30013,-3.38725,0.05342,0.494508,1.87889,0,-0.00163538,-0.0474475,-3.20569e-05,-0.0468765,-0.523603,-0.0476763,0.523594,-0.0473625,3.14159,-3.44274,2.22615,2.03981,3.27335,-0.0475873,-0.391846,4.40616,4.19,-2.26967,3.1428,-0.0474045,0.524809,-0.0474111,1.00008,-0.0118493,-1.2501,1.2501,-0.00636673,8.88958,-17.7792,8.88988,-0.0180709,-4.44479,8.88959,-8.88989,4.44525,-0.0121479,2.59183e-05,-5.18394e-05,-1.11124,-27.909,-22.3114,14.0956,0,6.25585,10.3556,5.95058,-4.78274,0.891098,0.571405,0.00240367,-0.00104598,-0.276071,34.2488,-23.1014,15.4082,5.12169,0.105773,3.82779,-3.8385,-2.5555,-0.00781939,0.0103083,-0.00489108,0.00244816,0.00162522,-0.00260663,0.00260497,0.200016,0.827109,1.60093,2.43644,2.67235,1.98686,22.5041,4.71784,3.27192,-36.4623,121.313,285.851,0,0,-0,-6.5,-2,-0.00163538,0,0,-0,-0,-0,0,-0,0,0,0,0,0,0,-0.523603,-0.00952182,0.523594,-0.0094725,3.14159,2.22615,0.407962,3.27335,-0.00951746,-0.392699,4.19,-0.453925,3.1428,-0.00948091,0.523599,0,0,0,0,-3.20569e-05,-0.523603,0.523594,3.14159,2.22615,3.27335,-0.391846,4.19,3.1428,0.524809,0,-0.51109,-0.00156386,1.0145e-08,0.0926826,0.000325043,-0.000521326,0.000520995,0.000387106,0.0474074,0.0117992,1.00008,28.9957,-10.5423,0.761807,223.127,-82.7181,0.373891,-278.978,91.8617,0.369157
0.04,-6.5001,-2.00187,0.0288574,0.0535742,-3.85581e-05,0.602048,-0.523604,-0.452484,0.522716,0.0560855,3.14161,-2.20851,2.2263,-3.26443,3.27161,0.393129,-0.391684,-4.27362,4.1902,-3.15619,3.15327,-0.528702,0.525011,-5.4501,-2.00193,-7.80839,-0.406239,-7.77608,-3.66316,-4.9001,-2.00194,-7.30005,-0.616203,-7.30016,-3.38748,0.0702109,0.398862,-0.527936,0.0165452,-0.00187479,-0.0280967,-3.85581e-05,-0.0352916,-0.523604,-0.270407,0.523594,-0.0473626,3.14159,0.715273,2.2263,-0.520643,3.2735,-0.0484537,-0.391692,-5.20225,4.1902,2.51951,3.143,-0.0509888,0.525012,-0.0474372,1.00036,0.0123244,-1.25045,1.25139,-0.254468,9.14972,-18.3132,9.17621,-0.933406,-4.70367,9.41441,-9.17622,4.58059,-0.252867,2.65843e-05,-5.32121e-05,-1.08077,10.3785,-25.9603,12.2967,0,14.426,-8.86605,8.19504,-3.67448,4.45187,-0.664917,0.00355361,-0.000843366,-1.37924,-127.323,-39.5903,15.4809,40.4168,108.206,12.0458,-3.86801,-20.1591,8.41657,7.16186,-0.0117563,0.00286729,0.0148941,2.80575,-2.80367,0.200045,0.615759,1.07778,1.486,3.55584,2.80641,-2.03009,0.453503,0.0338906,6.04106,-0.659677,-0.248345,0.206096,0.229283,0.437273,-6.5,-2,-0.00187479,0,0,-1.73472e-18,8.67362e-18,5.42609e-18,-2.83028e-17,-1.9082e-17,-1.38778e-17,-1.86754e-17,-4.16334e-17,-5.55112e-17,-8.67362e-17,0,-0.523604,-0.0429314,0.523594,-0.00947226,3.14159,2.2263,-0.104129,3.2735,-0.00969075,-0.392699,4.1902,0.503892,3.14301,-0.0101978,0.523599,0,0,0,0.0165422,-3.85581e-05,-0.523604,0.523594,3.14159,2.2263,3.2735,-0.391692,4.1902,3.143,0.525012,0,-4.03175,1.68329,-1.0918e-05,5.89337,0.00297881,0.561149,-0.560735,0.285645,0.0474074,0.0117992,1.00009,12.3336,1.8178,0.810074,-49.3131,19.4423,0.584678,371.493,-126.27,-1.06463
0.06,-6.50011,-2.00195,0.0369559,0.0671667,-4.13318e-05,0.619987,-0.523604,-0.44249,0.522216,0.0653049,3.14162,-2.21643,2.22635,-3.26387,3.27307,0.394329,-0.39164,-4.20576,4.19026,-3.14177,3.14629,-0.522547,0.525069,-5.45011,-2.00201,-7.80841,-0.40633,-7.77607,-3.66326,-4.90011,-2.00201,-7.30005,-0.616273,-7.30017,-3.38755,0.0797032,0.400835,-0.52055,0.0288681,-0.00194632,-0.0165062,-4.13318e-05,-0.0445884,-0.523604,-0.398302,0.523594,-0.0473639,3.14159,0.119669,2.22635,-0.166259,3.27354,-0.0483681,-0.391649,-1.69573,4.19026,0.758705,3.14306,-0.0498325,0.525072,-0.0474901,1.00093,0.0268069,-1.25116,1.25371,-0.562928,9.3201,-18.6782,9.37163,-1.29511,-4.87154,9.76297,-9.37166,4.64908,-0.384148,2.63412e-05,-5.27933e-05,-1.06097,2.4606,-25.4791,12.5648,0,12.602,-1.88678,7.89569,-3.83259,3.86624,-0.153455,0.0036503,-0.000946926,-1.19782,-30.5856,-33.5339,15.4913,22.3384,22.0929,9.0189,-3.86527,-11.1408,5.44168,1.44393,-0.00997382,0.00300165,0.00862158,1.81404,-1.81263,0.200102,0.404925,0.679625,0.896945,4.05553,3.26738,-0.395918,0.483475,0.0939241,3.39297,0.0647374,0.0594252,0.209149,0.199093,0.282678,-6.5,-2,-0.00194632,0,0,1.73472e-18,1.73472e-17,1.21854e-17,-1.2182e-17,-9.97466e-18,-1.12757e-17,3.06287e-18,7.97973e-17,8.32667e-17,6.82505e-17,0,-0.523604,-0.0621156,0.523594,-0.00947236,3.14159,2.22635,-0.0332517,3.27354,-0.00967361,-0.392699,4.19026,0.151738,3.14307,-0.00996651,0.523599,0,0,0,0.0288574,-4.13318e-05,-0.523604,0.523594,3.14159,2.22635,3.27354,-0.391649,4.19026,3.14306,0.525072,0,-2.22811,1.08832,-7.05875e-06,1.17928,0.00172432,0.362808,-0.362527,0.0573573,0.0474074,0.0117992,1.00009,1.80178,9.57245,0.836342,-9.92673,4.46981,0.467573,113.241,-37.4871,0.0389727
0.08,-6.49981,-2.00202,0.042589,0.0761349,-4.10094e-05,0.631704,-0.523804,-0.435336,0.52173,0.0706389,3.14142,-2.216,2.22644,-3.26239,3.27345,0.396312,-0.391546,-4.18534,4.1904,-3.13589,3.14383,-0.519588,0.52521,-5.44981,-2.00198,-7.80813,-0.406456,-7.77574,-3.6634,-4.89981,-2.00209,-7.29976,-0.61635,-7.29987,-3.38763,0.086569,0.402602,-0.517272,0.0369656,-0.00202372,-0.00958892,-5.16762e-05,-0.0568266,-0.523815,-0.471692,0.523383,-0.0472514,3.14138,-0.0120218,2.22643,-0.095273,3.27363,-0.0484268,-0.391563,-0.410347,4.19039,0.107697,3.14319,-0.0495503,0.525203,-0.0475433,1.00146,0.0354669,-1.25183,1.25577,-0.817323,9.42836,-18.9161,9.49737,-1.42539,-4.97649,9.98439,-9.49619,4.68402,-0.456934,9.72777e-05,-0.000195185,-1.04862,0.919299,-25.4004,12.6283,0,12.1716,-0.607918,7.84518,-3.86627,3.71434,-0.0658423,0.00400106,-0.00105516,-1.15077,-5.5155,-31.3503,15.5132,17.3478,3.66212,7.92183,-3.86787,-8.64968,4.36544,0.214625,-0.0100437,0.00330621,0.00736553,1.45527,-1.45403,0.200156,0.281654,0.44841,0.585859,4.40779,3.53411,0.0214794,0.562357,0.193759,1.02095,0.365869,0.207769,0.210737,0.191271,0.226773,-6.49978,-2,-0.00202372,0,1,0,3.46945e-18,1.66696e-18,-4.84503e-17,3.16587e-17,3.20924e-17,4.18773e-17,-4.85723e-17,-4.85723e-17,-4.9277e-17,0,-0.523815,-0.0731324,0.523382,-0.00944843,3.14159,2.22643,-0.0190546,3.27363,-0.00968535,-0.392699,4.19039,0.0215391,3.1432,-0.00991005,0.523599,0,0,0,0.0369452,-5.16762e-05,-0.523815,0.523383,3.14138,2.22643,3.27363,-0.391563,4.19039,3.14319,0.525203,1.06668e-05,-1.72992,0.873081,-3.02528e-06,0.249273,0.00147311,0.291053,-0.290806,0.00831574,0.0474101,0.0118001,1.0001,-4.12999,14.1129,0.91675,-1.66656,1.50404,0.423949,24.9448,-7.47156,0.237855
0.1,-6.49895,-2.0021,0.0467699,0.0826675,-4.52142e-05,0.64025,-0.524004,-0.429742,0.521342,0.0743657,3.14122,-2.2145,2.22656,-3.26118,3.27358,0.397854,-0.391434,-4.18082,4.19054,-3.13408,3.14331,-0.518288,0.525323,-5.44895,-2.00195,-7.80729,-0.406589,-7.77486,-3.66352,-4.89895,-2.00217,-7.29889,-0.616426,-7.29902,-3.38771,0.0919731,0.403838,-0.516093,0.0425655,-0.00210246,-0.00538883,-9.85516e-05,-0.0639352,-0.524058,-0.520022,0.52314,-0.0471783,3.14113,-0.0353358,2.2265,-0.0897847,3.2737,-0.0484239,-0.391493,-0.100773,4.19049,-0.0554311,3.14329,-0.04956,0.525275,-0.0475962,1.00191,0.0407436,-1.2524,1.25739,-0.973014,9.50162,-19.0791,9.58503,-1.5197,-5.04684,10.1341,-9.58268,4.70744,-0.503954,0.000149934,-0.000301114,-1.04063,0.695292,-25.414,12.6396,0,12.0732,-0.428828,7.85252,-3.86938,3.67239,-0.0589319,0.00399535,-0.00105313,-1.1377,-0.261838,-30.8067,15.5348,16.2896,0.235353,7.64364,-3.87179,-8.12012,4.11981,-0.020119,-0.0103926,0.00350742,0.00732558,1.37341,-1.37217,0.200201,0.209047,0.326632,0.427294,4.68226,3.71925,0.0753379,0.628679,0.276625,0.226146,0.463111,0.274146,0.211813,0.189116,0.214023,-6.49888,-2,-0.00210246,0,5,-1.73472e-18,-6.93889e-18,-9.14118e-18,9.14796e-18,-6.93889e-18,-6.93889e-18,-1.78893e-17,4.98733e-18,4.77049e-18,3.25261e-19,0,-0.524058,-0.080392,0.523138,-0.00943249,3.14159,2.2265,-0.017957,3.2737,-0.00968478,-0.392699,4.19049,-0.0110863,3.14327,-0.009912,0.523599,0,0,0,0.0425356,-9.85516e-05,-0.524058,0.52314,3.14113,2.2265,3.2737,-0.391493,4.19049,3.14329,0.525275,5.33374e-05,-1.62413,0.824,1.87386e-05,0.0760693,0.00146512,0.274681,-0.274434,-0.00101014,0.0474207,0.0118036,1.0001,-7.45193,16.8787,1.00313,-0.839687,1.34912,0.400137,3.61223,-0.189922,0.261523
0.12,-6.49763,-2.00218,0.0500614,0.0880275,-6.47953e-05,0.647511,-0.524263,-0.424479,0.520949,0.0773231,3.14097,-2.21329,2.22663,-3.26028,3.27364,0.398724,-0.391362,-4.17937,4.1906,-3.13315,3.14325,-0.517501,0.525386,-5.44763,-2.00191,-7.80595,-0.406687,-7.77354,-3.66361,-4.89763,-2.00228,-7.29754,-0.616486,-7.29772,-3.38777,0.0970963,0.404726,-0.51529,0.0466912,-0.00217847,-0.00244815,-0.000182148,-0.0690632,-0.52438,-0.555141,0.522818,-0.0470764,3.14081,-0.0403109,2.22651,-0.0938406,3.27371,-0.0483946,-0.391485,-0.0537596,4.19048,-0.0859075,3.14329,-0.0496092,0.525274,-0.0476471,1.00228,0.0444523,-1.25287,1.2587,-1.0857,9.55643,-19.2019,9.65148,-1.58751,-5.09888,10.2455,-9.64776,4.72428,-0.537722,0.000224417,-0.000451057,-1.03482,0.677163,-25.4385,12.6421,0,12.0386,-0.418492,7.86635,-3.86778,3.65309,-0.0632956,0.00384034,-0.00100953,-1.13165,0.541462,-30.7013,15.5526,16.1465,-0.281814,7.5864,-3.87567,-8.04791,4.09487,-0.0612586,-0.0105688,0.0035883,0.00741903,1.36511,-1.36386,0.200239,0.164577,0.267999,0.36306,4.93932,3.86678,0.0603018,0.677463,0.325482,0.0720604,0.512493,0.314939,0.212594,0.188128,0.212735,-6.49753,-2,-0.00217847,0,11,3.46945e-18,-1.38778e-17,-1.11808e-17,1.11944e-17,3.59955e-17,3.55618e-17,3.41253e-17,-4.03323e-17,-4.11997e-17,-4.79759e-17,0,-0.52438,-0.0856728,0.522816,-0.00941018,3.14159,2.22651,-0.0187681,3.27371,-0.00967892,-0.392699,4.19048,-0.017182,3.14327,-0.00992184,0.523599,0,0,0,0.0466525,-0.000182148,-0.52438,0.522818,3.14081,2.22651,3.27371,-0.391485,4.19048,3.14329,0.525274,0.000117353,-1.60969,0.819009,1.7647e-05,0.0308867,0.00148381,0.273023,-0.272771,-0.00260589,0.0474366,0.011809,1.0001,-9.20483,18.6431,1.11149,-1.30229,1.63027,0.397968,-0.355215,1.24804,0.270615
0.14,-6.49599,-2.00226,0.0528512,0.0928472,-8.9715e-05,0.654126,-0.524437,-0.419726,0.520657,0.0802847,3.1408,-2.21241,2.22663,-3.25943,3.27363,0.399057,-0.39136,-4.17854,4.19053,-3.13222,3.14315,-0.51733,0.525314,-5.44599,-2.00194,-7.80428,-0.406746,-7.77196,-3.66364,-4.89599,-2.0024,-7.29586,-0.616544,-7.29611,-3.38783,0.101726,0.405551,-0.514383,0.0499161,-0.00225725,0.000127095,-0.000281768,-0.0716649,-0.524629,-0.586,0.522569,-0.0470457,3.14056,-0.0421479,2.22644,-0.0975024,3.27363,-0.0483406,-0.391558,-0.0496796,4.19034,-0.0926747,3.14314,-0.0495348,0.525127,-0.0476954,1.0026,0.0477076,-1.25328,1.25985,-1.16719,9.60353,-19.308,9.71087,-1.66499,-5.14366,10.3417,-9.70606,4.74021,-0.56713,0.000256581,-0.000516092,-1.03,0.692205,-25.4598,12.6462,0,12.0095,-0.428723,7.87712,-3.86692,3.63816,-0.06727,0.0035678,-0.000936079,-1.12696,0.643222,-30.6722,15.5654,16.1547,-0.351828,7.57126,-3.87933,-8.05304,4.10515,-0.0707206,-0.0100766,0.00342841,0.00708709,1.36854,-1.36734,0.20027,0.13949,0.240986,0.330747,5.17215,4.01256,0.043918,0.719564,0.345266,0.0418048,0.555609,0.323466,0.213329,0.187364,0.213276,-6.49595,-2,-0.00225725,0,18,6.93889e-18,0,6.36969e-18,1.7293e-17,-4.2067e-17,-4.25007e-17,-3.5345e-17,-4.03323e-17,-4.03323e-17,-2.3473e-17,0,-0.524629,-0.0903132,0.522567,-0.00940296,3.14159,2.22644,-0.0195005,3.27363,-0.00966812,-0.392699,4.19034,-0.0185355,3.14312,-0.00990695,0.523599,0,0,0,0.0498694,-0.000281768,-0.524629,0.522569,3.14056,2.22644,3.27363,-0.391558,4.19034,3.14314,0.525127,0.000192053,-1.6107,0.821062,1.61862e-05,0.0104353,0.00141742,0.273708,-0.273467,-0.0029447,0.0474552,0.0118152,1.00011,-10.3652,20.0219,1.19634,-1.76598,1.87189,0.421528,-1.26896,1.62582,0.318384
0.16,-6.49396,-2.00233,0.0552741,0.0973834,-0.000106902,0.660436,-0.52452,-0.415298,0.520465,0.0833805,3.14072,-2.21207,2.22669,-3.25919,3.27368,0.399099,-0.391293,-4.17819,4.19049,-3.1317,3.14309,-0.517459,0.525281,-5.44396,-2.00199,-7.80224,-0.406837,-7.76996,-3.66368,-4.89396,-2.0025,-7.29381,-0.616602,-7.2941,-3.38788,0.106043,0.405776,-0.513884,0.0526174,-0.00232856,0.00265939,-0.000395021,-0.074192,-0.524808,-0.614353,0.52239,-0.0470655,3.14038,-0.0411683,2.22641,-0.101072,3.2736,-0.0483891,-0.391588,-0.0475474,4.1902,-0.0966635,3.143,-0.0495114,0.524996,-0.0477458,1.00288,0.0509158,-1.25364,1.26095,-1.24757,9.64676,-19.4063,9.76641,-1.73211,-5.18526,10.4316,-9.76123,4.75496,-0.59381,0.000260398,-0.00052417,-1.02554,0.740786,-25.4752,12.6503,0,11.9795,-0.459424,7.8859,-3.86686,3.6257,-0.0710483,0.00368242,-0.000964666,-1.12309,0.712928,-30.6587,15.5783,16.1818,-0.394789,7.56323,-3.88279,-8.06711,4.11691,-0.0763863,-0.00981217,0.00334344,0.00691767,1.37246,-1.37129,0.200299,0.121144,0.22681,0.315523,5.39208,4.16616,0.0168141,0.734857,0.349428,0.0172531,0.579711,0.317213,0.214,0.186724,0.21389,-6.49393,-2,-0.00232856,0,27,3.46945e-18,1.38778e-17,9.6765e-18,-9.70361e-18,-9.54098e-18,-9.1073e-18,-2.10064e-17,9.45424e-17,9.49761e-17,1.00289e-16,0,-0.524808,-0.0945724,0.522388,-0.00940651,3.14159,2.22641,-0.0202143,3.2736,-0.00967782,-0.392699,4.1902,-0.0193332,3.14299,-0.00990227,0.523599,0,0,0,0.0525631,-0.000395021,-0.524808,0.52239,3.14038,2.22641,3.2736,-0.391588,4.1902,3.143,0.524996,0.000288119,-1.6135,0.823407,1.28636e-05,-0.00836625,0.00138353,0.274493,-0.274257,-0.00314152,0.0474791,0.0118232,1.00011,-11.2012,21.2013,1.25934,-2.33902,2.10781,0.432638,-1.96833,1.88667,0.360761
0.18,-6.49157,-2.0024,0.0574661,0.101802,-0.000121633,0.666725,-0.5246,-0.410818,0.520284,0.0864853,3.14064,-2.21224,2.22684,-3.25956,3.27382,0.399006,-0.391146,-4.17826,4.19051,-3.13161,3.1431,-0.517768,0.525302,-5.44157,-2.00204,-7.79986,-0.406969,-7.76758,-3.66375,-4.89157,-2.00259,-7.2914,-0.616659,-7.29174,-3.38794,0.11042,0.405402,-0.513809,0.0549407,-0.00239836,0.0052987,-0.000516523,-0.0777401,-0.524995,-0.640829,0.522203,-0.0470928,3.1402,-0.0399338,2.22645,-0.103036,3.27364,-0.048542,-0.391547,-0.0454961,4.19011,-0.0988647,3.14291,-0.0495657,0.52491,-0.0477963,1.00313,0.0542626,-1.25398,1.26204,-1.34074,9.68829,-19.5015,9.81999,-1.77875,-5.22528,10.5186,-9.81446,4.76803,-0.618382,0.000261136,-0.000526071,-1.02121,0.794135,-25.482,12.6556,0,11.9391,-0.486664,7.89131,-3.86841,3.61269,-0.0728888,0.00420962,-0.00110192,-1.11907,0.782768,-30.6586,15.5925,16.2247,-0.430222,7.56059,-3.8862,-8.08825,4.12931,-0.0795226,-0.00991544,0.00338231,0.00700976,1.3766,-1.37541,0.200324,0.109599,0.220954,0.314448,5.61467,4.32004,-0.00810872,0.723894,0.346378,-0.00310247,0.584928,0.302027,0.214594,0.186053,0.214538,-6.49168,-2,-0.00239836,0,37,-3.46945e-18,-1.38778e-17,-1.70762e-17,4.09286e-17,-2.73219e-17,-2.68882e-17,-2.11148e-17,-1.43115e-17,-1.43115e-17,-1.88651e-17,0,-0.524995,-0.0985501,0.522202,-0.00941165,3.14159,2.22645,-0.0206073,3.27364,-0.0097084,-0.392699,4.19011,-0.0197733,3.1429,-0.00991315,0.523599,0,0,0,0.0548792,-0.000516523,-0.524995,0.522203,3.1402,2.22645,3.27364,-0.391547,4.19011,3.14291,0.52491,0.000394891,-1.61771,0.825883,1.00701e-05,-0.0228806,0.00140195,0.275321,-0.275082,-0.00324878,0.0475057,0.0118321,1.00011,-11.8024,22.2514,1.32432,-2.77159,2.2525,0.422282,-2.49086,2.05066,0.389781
0.2,-6.48888,-2.00247,0.0595463,0.106271,-0.00012723,0.673253,-0.524706,-0.40605,0.520078,0.0895617,3.14054,-2.21261,2.22692,-3.2598,3.2739,0.398469,-0.391069,-4.17857,4.19051,-3.13166,3.14311,-0.518382,0.525308,-5.43888,-2.00206,-7.79718,-0.407074,-7.76491,-3.66382,-4.88888,-2.00267,-7.28871,-0.616725,-7.28906,-3.38801,0.115084,0.405168,-0.51386,0.0570114,-0.00247,0.00808998,-0.00065029,-0.0818955,-0.525229,-0.666921,0.521968,-0.047123,3.13996,-0.0409736,2.2264,-0.102221,3.27359,-0.0486252,-0.391598,-0.0448449,4.18999,-0.099004,3.14279,-0.0496052,0.524786,-0.0478506,1.00337,0.057807,-1.25429,1.26315,-1.44399,9.72999,-19.5979,9.87423,-1.8147,-5.26553,10.6065,-9.86836,4.7805,-0.642312,0.000263482,-0.000531243,-1.01684,0.823104,-25.4844,12.6658,0,11.8847,-0.487846,7.89263,-3.87209,3.5966,-0.0716325,0.00443779,-0.00116232,-1.11409,0.831883,-30.6679,15.6065,16.2843,-0.446498,7.56324,-3.88965,-8.11792,4.14376,-0.0798971,-0.00992003,0.00338596,0.00703667,1.38142,-1.38022,0.200348,0.104011,0.223429,0.326402,5.85165,4.47266,-0.0186932,0.715863,0.320862,-0.0157964,0.582669,0.271496,0.215161,0.185224,0.21529,-6.48898,-2,-0.00247,0,49,3.46945e-18,1.04083e-17,1.59649e-17,-1.5992e-17,9.54098e-18,9.97466e-18,1.07607e-17,-7.1991e-17,-7.28584e-17,-7.20452e-17,0,-0.525229,-0.102471,0.521967,-0.00941731,3.14159,2.2264,-0.0204442,3.27359,-0.00972503,-0.392699,4.18999,-0.0198011,3.14278,-0.00992104,0.523599,0,0,0,0.0569431,-0.00065029,-0.525229,0.521968,3.13996,2.2264,3.27359,-0.391598,4.18999,3.14279,0.524786,0.000523059,-1.62364,0.82877,8.99097e-06,-0.0340036,0.00140733,0.276285,-0.276045,-0.00325094,0.0475377,0.0118428,1.00012,-12.2157,23.2268,1.40459,-2.93357,2.27149,0.439907,-2.79997,2.1126,0.430075
0.22,-6.48597,-2.00254,0.0615905,0.110947,-0.000140475,0.680227,-0.524852,-0.400894,0.519829,0.092684,3.14039,-2.2133,2.22702,-3.26036,3.274,0.397712,-0.390967,-4.17913,4.1905,-3.13187,3.1431,-0.519254,0.525303,-5.43597,-2.00207,-7.79427,-0.407188,-7.76201,-3.66388,-4.88597,-2.00276,-7.28578,-0.616787,-7.28617,-3.38807,0.120133,0.404616,-0.514068,0.0589597,-0.00254434,0.011076,-0.000802438,-0.0859821,-0.525514,-0.694157,0.521684,-0.0471515,3.13968,-0.0408056,2.22636,-0.101109,3.27356,-0.0487389,-0.391636,-0.044381,4.18984,-0.0980134,3.14264,-0.0496333,0.524641,-0.0479069,1.0036,0.0616015,-1.2546,1.26432,-1.55194,9.77364,-19.6993,9.93203,-1.85269,-5.3077,10.699,-9.92578,4.79363,-0.667075,0.000268686,-0.000542237,-1.01231,0.869668,-25.4837,12.6771,0,11.8251,-0.497864,7.89256,-3.87656,3.58038,-0.0700289,0.00478136,-0.00125347,-1.10907,0.880361,-30.6836,15.6211,16.3554,-0.457253,7.56932,-3.89336,-8.15342,4.15941,-0.0787448,-0.00985726,0.00336582,0.00701861,1.38664,-1.38545,0.200371,0.102211,0.233794,0.348703,6.10798,4.62767,-0.0345896,0.693132,0.284282,-0.0279548,0.571853,0.228108,0.215756,0.184387,0.216104,-6.48606,-2,-0.00254434,0,62,-6.93889e-18,-1.38778e-17,-1.33899e-17,3.72966e-17,2.0383e-17,2.12504e-17,2.81622e-17,4.16334e-17,4.2067e-17,5.71917e-17,0,-0.525514,-0.106564,0.521683,-0.00942254,3.14159,2.22636,-0.0202218,3.27356,-0.00974778,-0.392699,4.18984,-0.019603,3.14263,-0.00992666,0.523599,0,0,0,0.0588844,-0.000802438,-0.525514,0.521684,3.13968,2.22636,3.27356,-0.391636,4.18984,3.14264,0.524641,0.000661962,-1.63073,0.831898,8.39563e-06,-0.0452827,0.00140372,0.277329,-0.27709,-0.00319391,0.0475723,0.0118544,1.00012,-12.4945,24.1811,1.50111,-3.14247,2.28011,0.453335,-3.06377,2.12977,0.476728
0.24,-6.48287,-2.00261,0.0636135,0.115854,-0.000156605,0.687692,-0.52505,-0.395325,0.519521,0.0957573,3.1402,-2.21433,2.22715,-3.26123,3.27414,0.396737,-0.390839,-4.17994,4.1905,-3.13228,3.14311,-0.520354,0.525301,-5.43287,-2.00206,-7.79118,-0.407312,-7.75894,-3.66393,-4.88287,-2.00286,-7.28266,-0.616845,-7.28309,-3.38813,0.125588,0.403747,-0.51447,0.0608615,-0.0026183,0.0143678,-0.000968217,-0.0905327,-0.525861,-0.723181,0.521336,-0.0471391,3.13933,-0.0404953,2.22634,-0.098994,3.27353,-0.0488819,-0.391658,-0.0435618,4.18969,-0.096115,3.14249,-0.0496667,0.524486,-0.0479663,1.00383,0.0657864,-1.25492,1.2656,-1.67259,9.82072,-19.8094,9.99519,-1.88835,-5.35322,10.7994,-9.9885,4.80746,-0.693237,0.000301989,-0.000610067,-1.00744,0.92282,-25.4787,12.6906,0,11.7552,-0.506832,7.89048,-3.8824,3.5625,-0.0672781,0.00523862,-0.00137542,-1.10355,0.938493,-30.7059,15.6373,16.439,-0.468142,7.57858,-3.89744,-8.19519,4.17639,-0.0763293,-0.00980676,0.00334927,0.00701236,1.39231,-1.39112,0.200395,0.101148,0.245339,0.37326,6.38474,4.78217,-0.0515577,0.655648,0.236892,-0.0406008,0.551207,0.173299,0.216383,0.183463,0.216986,-6.48292,-1.99999,-0.0026183,0,76,-3.46945e-18,-6.93889e-18,1.02999e-18,4.6946e-17,-7.80626e-18,-7.37257e-18,-1.82959e-17,9.84456e-17,9.88792e-17,9.94213e-17,0,-0.525861,-0.110926,0.521334,-0.00941873,3.14159,2.22634,-0.0197988,3.27353,-0.00977638,-0.392699,4.18969,-0.0192233,3.14248,-0.00993333,0.523599,0,0,0,0.0607789,-0.000968217,-0.525861,0.521336,3.13933,2.22634,3.27353,-0.391658,4.18969,3.14249,0.524486,0.000811612,-1.63909,0.835294,8.22429e-06,-0.0563562,0.00140247,0.278461,-0.278223,-0.00308722,0.0476096,0.0118669,1.00012,-12.7744,25.1947,1.61757,-3.31494,2.24679,0.462075,-3.30228,2.1087,0.526085
0.26,-6.47962,-2.00268,0.0656092,0.120952,-0.000170977,0.695586,-0.525301,-0.389408,0.519153,0.0987173,3.13996,-2.21569,2.2273,-3.26241,3.27431,0.395574,-0.390684,-4.18098,4.19049,-3.13284,3.14311,-0.521656,0.525297,-5.42961,-2.00202,-7.78793,-0.407448,-7.7557,-3.66399,-4.87962,-2.00295,-7.27938,-0.616903,-7.27985,-3.38818,0.131381,0.40258,-0.515027,0.0627316,-0.00269039,0.0179838,-0.001143,-0.0955142,-0.526273,-0.754228,0.520925,-0.0471018,3.13892,-0.0402207,2.22633,-0.0957653,3.27353,-0.0490555,-0.391663,-0.0426676,4.18952,-0.0931707,3.14232,-0.0497017,0.52432,-0.0480286,1.00406,0.0703856,-1.25524,1.267,-1.80647,9.87168,-19.9293,10.0645,-1.92233,-5.40255,10.9086,-10.0573,4.82213,-0.720937,0.000353717,-0.000715371,-1.00221,0.980841,-25.4695,12.7068,0,11.6742,-0.513232,7.88629,-3.88974,3.54268,-0.063275,0.00581711,-0.00153063,-1.09743,1.00186,-30.7348,15.655,16.5366,-0.476321,7.59118,-3.9019,-8.24393,4.19503,-0.0724521,-0.00975085,0.00333021,0.00700577,1.39853,-1.39734,0.200419,0.0997831,0.254908,0.394676,6.6787,4.93229,-0.067864,0.604405,0.180096,-0.0517789,0.522584,0.108427,0.217047,0.182438,0.217954,-6.47955,-1.99999,-0.00269039,0,91,3.46945e-18,-6.93889e-18,-1.6778e-17,-7.26415e-18,2.12504e-17,2.08167e-17,2.69966e-17,-6.33174e-17,-6.33174e-17,-5.6758e-17,0,-0.526273,-0.115593,0.520923,-0.00940922,3.14159,2.22633,-0.019153,3.27353,-0.0098111,-0.392699,4.18952,-0.0186344,3.14231,-0.00994034,0.523599,0,0,0,0.0626415,-0.001143,-0.526273,0.520925,3.13892,2.22633,3.27353,-0.391663,4.18952,3.14232,0.52432,0.000972022,-1.64883,0.839023,7.94829e-06,-0.0662238,0.00140115,0.279705,-0.279468,-0.0029229,0.0476495,0.0118803,1.00013,-13.1362,26.3071,1.7541,-3.42133,2.16338,0.465691,-3.47543,2.04014,0.578975
0.28,-6.47617,-2.00276,0.0676782,0.126308,-0.000192265,0.70384,-0.525543,-0.383363,0.518785,0.101824,3.13972,-2.21724,2.22749,-3.26379,3.27451,0.394406,-0.390499,-4.18211,4.19049,-3.13347,3.14312,-0.523001,0.525294,-5.42617,-2.002,-7.7845,-0.407603,-7.75229,-3.66405,-4.87617,-2.00307,-7.27591,-0.616964,-7.27644,-3.38824,0.137294,0.401215,-0.515637,0.0645747,-0.00277151,0.0218744,-0.00132477,-0.100017,-0.526675,-0.787554,0.520522,-0.0470731,3.13852,-0.0401758,2.22636,-0.091441,3.27355,-0.0492592,-0.391638,-0.041803,4.18935,-0.0892589,3.14216,-0.0497375,0.524154,-0.0480914,1.0043,0.0753357,-1.25558,1.26852,-1.94368,9.92613,-20.0583,10.1405,-1.96554,-5.45534,11.026,-10.1329,4.83839,-0.750383,0.000400492,-0.000810961,-0.996714,1.04079,-25.4559,12.7252,0,11.5831,-0.515625,7.88008,-3.89847,3.52107,-0.058068,0.00652797,-0.00172243,-1.09077,1.06794,-30.7701,15.6743,16.6466,-0.480982,7.60682,-3.9068,-8.29885,4.21517,-0.0671972,-0.00969812,0.00331176,0.00700433,1.40524,-1.40406,0.200443,0.103454,0.267785,0.412688,6.9792,5.08949,-0.0772569,0.54455,0.123024,-0.0565239,0.491131,0.041444,0.217783,0.18132,0.219,-6.47618,-1.99999,-0.00277151,0,106,3.46945e-18,6.93889e-18,7.53521e-18,-3.17129e-17,-2.77556e-17,-2.68882e-17,-3.73508e-17,7.50268e-17,7.45931e-17,7.87673e-17,0,-0.526675,-0.120601,0.520522,-0.00940143,3.14159,2.22636,-0.0182882,3.27355,-0.00985184,-0.392699,4.18935,-0.017852,3.14215,-0.00994751,0.523599,0,0,0,0.0644767,-0.00132477,-0.526675,0.520522,3.13852,2.22636,3.27355,-0.391638,4.18935,3.14216,0.524154,0.00113251,-1.65981,0.843048,7.30016e-06,-0.0708692,0.00140087,0.281049,-0.280811,-0.00271118,0.0476896,0.0118937,1.00013,-13.5532,27.5002,1.88811,-3.36347,2.0087,0.459901,-3.48026,1.90771,0.631573
0.3,-6.47255,-2.00284,0.0698051,0.131951,-0.000218239,0.712532,-0.52579,-0.377062,0.518408,0.105055,3.13948,-2.21904,2.22771,-3.26547,3.27475,0.393087,-0.390283,-4.18339,4.19048,-3.13421,3.14313,-0.524507,0.525291,-5.42254,-2.00198,-7.78088,-0.40777,-7.7487,-3.6641,-4.87255,-2.00318,-7.27224,-0.61702,-7.27285,-3.3883,0.143459,0.399559,-0.51637,0.0664812,-0.0028536,0.0259985,-0.00152201,-0.105223,-0.527093,-0.822204,0.520104,-0.0470937,3.1381,-0.0403482,2.2264,-0.0865447,3.2736,-0.0494965,-0.391592,-0.0408886,4.18918,-0.0849314,3.14198,-0.0497762,0.523978,-0.0481584,1.00456,0.080589,-1.25594,1.2702,-2.0957,9.98391,-20.1962,10.2221,-2.00148,-5.51133,11.1512,-10.2139,4.85498,-0.780469,0.00041755,-0.000846635,-0.990923,1.10243,-25.4399,12.7454,0,11.4851,-0.515927,7.87295,-3.9082,3.49795,-0.0522557,0.00737744,-0.00195255,-1.08365,1.13751,-30.8086,15.6957,16.7646,-0.484903,7.62392,-3.91219,-8.35774,4.23651,-0.0613129,-0.00964526,0.00329329,0.0070047,1.41236,-1.41118,0.200469,0.106345,0.282193,0.434595,7.29237,5.25043,-0.0903977,0.47157,0.0584715,-0.0640998,0.453467,-0.0336344,0.218533,0.180123,0.220107,-6.47259,-1.99998,-0.0028536,0,122,3.46945e-18,0,-1.51788e-18,1.51788e-18,-2.84061e-17,-2.81893e-17,-2.95987e-17,8.19657e-17,8.17488e-17,9.30788e-17,0,-0.527093,-0.12581,0.520103,-0.00940436,3.14159,2.2264,-0.0173089,3.2736,-0.0098993,-0.392699,4.18918,-0.0169865,3.14197,-0.00995525,0.523599,0,0,0,0.0663745,-0.00152201,-0.527093,0.520104,3.1381,2.2264,3.2736,-0.391592,4.18918,3.14198,0.523978,0.00130377,-1.67159,0.847316,7.17888e-06,-0.0778726,0.00140094,0.282472,-0.282235,-0.00247179,0.0477323,0.011908,1.00014,-13.9129,28.7126,2.02852,-3.32745,1.84134,0.447883,-3.53149,1.76937,0.687473
0.32,-6.46874,-2.00291,0.0719623,0.137856,-0.000245681,0.721642,-0.526036,-0.370501,0.518025,0.10844,3.13924,-2.22108,2.2279,-3.26725,3.27496,0.391433,-0.390093,-4.18485,4.19048,-3.13511,3.14315,-0.52619,0.525288,-5.41874,-2.00197,-7.77708,-0.407921,-7.74494,-3.66415,-4.86874,-2.0033,-7.2684,-0.617074,-7.26909,-3.38836,0.149875,0.397809,-0.517244,0.0684354,-0.00293483,0.0304201,-0.00173151,-0.111125,-0.527522,-0.858512,0.519676,-0.0471131,3.13767,-0.0413381,2.22641,-0.0804448,3.27361,-0.0497054,-0.391583,-0.0398882,4.18899,-0.079949,3.14179,-0.0498186,0.523791,-0.0482295,1.00482,0.0862278,-1.25632,1.27204,-2.26454,10.0457,-20.3449,10.3104,-2.03018,-5.5711,11.2858,-10.3017,4.87206,-0.811522,0.000437624,-0.000888643,-0.984791,1.16022,-25.422,12.7693,0,11.3772,-0.50816,7.86399,-3.91946,3.47238,-0.0452264,0.00811051,-0.00215474,-1.07576,1.2119,-30.8518,15.7193,16.8936,-0.487526,7.64318,-3.91813,-8.42212,4.25936,-0.0544472,-0.00959582,0.00327584,0.00701023,1.41999,-1.4188,0.200496,0.107857,0.295246,0.45554,7.61815,5.41901,-0.101807,0.392332,-0.0229118,-0.0729566,0.408668,-0.117541,0.219306,0.1788,0.221293,-6.46878,-1.99998,-0.00293483,0,139,-3.46945e-18,-6.93889e-18,1.30104e-17,-1.31188e-17,-4.98733e-18,-4.77049e-18,-4.71628e-18,9.75782e-18,9.75782e-18,2.43403e-17,0,-0.527522,-0.131268,0.519677,-0.00940684,3.14159,2.22641,-0.016089,3.27361,-0.00994108,-0.392699,4.18899,-0.01599,3.14178,-0.00996372,0.523599,0,0,0,0.0683193,-0.00173151,-0.527522,0.519676,3.13767,2.22641,3.27361,-0.391583,4.18899,3.14179,0.523791,0.00148583,-1.68447,0.851888,7.6926e-06,-0.0858661,0.00140205,0.283997,-0.283761,-0.00219145,0.0477777,0.0119232,1.00014,-14.2969,29.999,2.17138,-3.23447,1.62912,0.447058,-3.58765,1.60856,0.746558
0.34,-6.46476,-2.00298,0.0740486,0.144012,-0.000285471,0.731228,-0.526296,-0.363675,0.517623,0.111848,3.13899,-2.22354,2.22806,-3.26928,3.27516,0.389294,-0.389926,-4.18665,4.19047,-3.13631,3.14317,-0.528214,0.525287,-5.41476,-2.00195,-7.77308,-0.408039,-7.74101,-3.66418,-4.86476,-2.00343,-7.26436,-0.617108,-7.26515,-3.38839,0.156553,0.395805,-0.518422,0.0704096,-0.00300671,0.0351278,-0.00196417,-0.117554,-0.527974,-0.896503,0.519223,-0.0471248,3.13722,-0.0424534,2.22638,-0.0735014,3.27358,-0.0498911,-0.39161,-0.0390027,4.18879,-0.0741362,3.1416,-0.0498644,0.523593,-0.0483043,1.0051,0.0922386,-1.25672,1.27406,-2.44883,10.1114,-20.5044,10.406,-2.05302,-5.63467,11.4298,-10.3965,4.88975,-0.843525,0.000464995,-0.000945758,-0.978337,1.22217,-25.4023,12.7966,0,11.2611,-0.498673,7.85335,-3.93206,3.44501,-0.0374095,0.00874652,-0.00233398,-1.06731,1.28746,-30.9006,15.7454,17.0346,-0.48628,7.66504,-3.9247,-8.49248,4.28384,-0.0463291,-0.00954898,0.00325914,0.0070204,1.42815,-1.42697,0.200524,0.104318,0.307781,0.479258,7.95672,5.58872,-0.122778,0.299089,-0.128688,-0.0900113,0.348507,-0.218452,0.220108,0.177386,0.222564,-6.46475,-1.99997,-0.00300671,0,157,-3.46945e-18,1.38778e-17,1.25225e-17,3.63208e-17,1.97325e-17,1.95156e-17,1.57209e-17,3.81639e-17,3.77302e-17,4.16876e-17,0,-0.527974,-0.136983,0.519223,-0.00940742,3.14159,2.22638,-0.0147003,3.27358,-0.00997822,-0.392699,4.18879,-0.0148274,3.14159,-0.00997289,0.523599,0,0,0,0.0702836,-0.00196417,-0.527974,0.519223,3.13722,2.22638,3.27358,-0.39161,4.18879,3.1416,0.523593,0.0016787,-1.69855,0.856787,9.22331e-06,-0.101042,0.00140408,0.28563,-0.285394,-0.00185177,0.0478259,0.0119393,1.00014,-14.6362,31.3156,2.32314,-3.26531,1.42556,0.457129,-3.79072,1.44856,0.808813
0.36,-6.46059,-2.00304,0.07608,0.150397,-0.00032676,0.741421,-0.526709,-0.356125,0.517064,0.11483,3.13858,-2.22641,2.22822,-3.2716,3.27535,0.386761,-0.389766,-4.18873,4.19047,-3.13771,3.14319,-0.530488,0.525282,-5.41059,-2.00185,-7.76889,-0.40815,-7.7369,-3.66421,-4.86059,-2.00356,-7.26014,-0.617138,-7.26104,-3.38842,0.163948,0.393522,-0.519801,0.0723024,-0.00307691,0.0402508,-0.00220917,-0.126449,-0.528592,-0.935381,0.518606,-0.0471434,3.1366,-0.0429012,2.22634,-0.0654031,3.27354,-0.0500693,-0.391654,-0.038059,4.18858,-0.0667934,3.14139,-0.0499089,0.523382,-0.0483816,1.00537,0.0987849,-1.25712,1.27627,-2.67271,10.1819,-20.6768,10.5084,-2.04256,-5.70293,11.5854,-10.4981,4.90635,-0.87543,0.000490382,-0.000999167,-0.971357,1.29936,-25.3782,12.8282,0,11.1332,-0.492688,7.83988,-3.94672,3.41576,-0.0284991,0.00935031,-0.00250854,-1.05827,1.36847,-30.9587,15.7738,17.1952,-0.47988,7.69159,-3.93188,-8.57266,4.31049,-0.0359332,-0.0094825,0.00323493,0.00702065,1.43704,-1.43586,0.200551,0.101566,0.31924,0.509656,8.33152,5.73707,-0.143701,0.191293,-0.254233,-0.10426,0.277823,-0.331878,0.220863,0.175877,0.223948,-6.46049,-1.99996,-0.00307691,0,176,-6.93889e-18,0,3.79471e-18,4.53197e-17,-3.1984e-17,-3.1984e-17,-4.15792e-17,-1.13841e-17,-1.12757e-17,-2.06541e-17,0,-0.528592,-0.142831,0.518606,-0.00940936,3.14159,2.22634,-0.0130806,3.27354,-0.0100139,-0.392699,4.18858,-0.0133588,3.14138,-0.00998178,0.523599,0,0,0,0.0721662,-0.00220917,-0.528592,0.518606,3.1366,2.22634,3.27354,-0.391654,4.18858,3.14139,0.523382,0.00188241,-1.7146,0.86212,1.0916e-05,-0.113961,0.00140413,0.287408,-0.287172,-0.00142341,0.0478767,0.0119564,1.00015,-14.9181,32.6729,2.52739,-3.23972,1.16759,0.472277,-3.88417,1.2163,0.875041
0.38,-6.45627,-2.0031,0.0780733,0.156839,-0.000359636,0.751776,-0.527166,-0.348592,0.516451,0.117401,3.13814,-2.22947,2.22835,-3.27391,3.27552,0.384034,-0.389632,-4.19092,4.19046,-3.13914,3.14322,-0.532771,0.525276,-5.40627,-2.00171,-7.76455,-0.408253,-7.73263,-3.66424,-4.85627,-2.00368,-7.25577,-0.617173,-7.25677,-3.38845,0.171314,0.391243,-0.521199,0.0741402,-0.00314663,0.0457596,-0.00244586,-0.134839,-0.529252,-0.977329,0.517945,-0.0471377,3.13594,-0.043265,2.22627,-0.0559435,3.27347,-0.0502146,-0.391725,-0.036917,4.18837,-0.058152,3.14117,-0.0499512,0.523169,-0.0484589,1.00565,0.105829,-1.25752,1.27866,-2.90569,10.2581,-20.8645,10.6219,-2.03984,-5.77668,11.7544,-10.6106,4.92484,-0.909456,0.000532895,-0.00108786,-0.963997,1.3849,-25.3506,12.865,0,10.9935,-0.485453,7.82353,-3.96359,3.38429,-0.0183433,0.00982542,-0.00265308,-1.04854,1.45666,-31.0244,15.8043,17.3734,-0.470197,7.72212,-3.93961,-8.66164,4.33902,-0.0235356,-0.00940555,0.00320649,0.00701699,1.44655,-1.44538,0.200579,0.0996681,0.322092,0.517745,8.70425,5.86494,-0.152876,0.0821495,-0.389432,-0.10904,0.205901,-0.445719,0.221705,0.174254,0.225431,-6.45623,-1.99995,-0.00314663,0,195,6.93889e-18,0,-5.42101e-19,6.50521e-19,-1.35525e-18,-1.35525e-18,3.14419e-18,-7.88215e-17,-7.89299e-17,-6.41306e-17,0,-0.529252,-0.149144,0.517945,-0.0094056,3.14159,2.22627,-0.0111887,3.27347,-0.0100429,-0.392699,4.18837,-0.0116304,3.14116,-0.00999024,0.523599,0,0,0,0.0739937,-0.00244586,-0.529252,0.517945,3.13594,2.22627,3.27347,-0.391725,4.18837,3.14117,0.523169,0.00208623,-1.73239,0.867824,1.0097e-05,-0.118656,0.0014034,0.289311,-0.289076,-0.000922355,0.0479276,0.0119734,1.00015,-15.562,34.2537,2.74547,-2.99513,0.819066,0.495422,-3.73231,0.896559,0.941317
0.4,-6.45179,-2.00317,0.0801529,0.16364,-0.000409417,0.762434,-0.52742,-0.341213,0.516036,0.120928,3.13789,-2.2328,2.22849,-3.27645,3.27569,0.380997,-0.3895,-4.19324,4.19045,-3.14071,3.14325,-0.535217,0.525271,-5.40179,-2.00173,-7.76003,-0.40835,-7.72822,-3.66427,-4.8518,-2.00383,-7.25123,-0.617204,-7.25236,-3.38848,0.178523,0.38874,-0.522729,0.0759295,-0.00322689,0.0513797,-0.00271032,-0.140456,-0.529721,-1.02045,0.517477,-0.0468846,3.13547,-0.0434903,2.22619,-0.0460836,3.27338,-0.0503576,-0.391809,-0.0358644,4.18815,-0.0489624,3.14095,-0.0499969,0.522946,-0.0485389,1.00592,0.113028,-1.25793,1.28119,-3.11679,10.3365,-21.0591,10.7443,-2.06678,-5.85,11.9243,-10.7286,4.94502,-0.944899,0.000747185,-0.00152842,-0.957051,1.47507,-25.3209,12.9036,0,10.8506,-0.479391,7.80603,-3.98137,3.35226,-0.00796764,0.0102868,-0.0027966,-1.03863,1.54381,-31.0938,15.8369,17.5585,-0.45704,7.75427,-3.94787,-8.75404,4.36822,-0.0101716,-0.00933247,0.0031795,0.00701674,1.4563,-1.45513,0.200607,0.103978,0.340067,0.532897,9.05571,6.04012,-0.166484,-0.0383538,-0.540066,-0.116169,0.127322,-0.567724,0.222658,0.172601,0.226948,-6.45176,-1.99994,-0.00322689,0,215,3.46945e-18,6.93889e-18,-6.07153e-18,-1.8323e-17,2.49366e-18,2.53432e-18,8.51099e-18,-6.83318e-17,-6.83522e-17,-7.00937e-17,0,-0.529721,-0.15568,0.517477,-0.00934483,3.14159,2.22619,-0.00921671,3.27338,-0.0100715,-0.392699,4.18815,-0.00979248,3.14094,-0.00999939,0.523599,0,0,0,0.0757724,-0.00271032,-0.529721,0.517477,3.13547,2.22619,3.27338,-0.391809,4.18815,3.14095,0.522946,0.0023009,-1.75087,0.873666,1.10698e-05,-0.125539,0.00140335,0.291259,-0.291025,-0.000384691,0.0479813,0.0119914,1.00015,-15.9996,35.7515,2.89852,-2.79215,0.463448,0.52225,-3.61291,0.562407,1.01072
0.42,-6.44715,-2.00323,0.0821927,0.170654,-0.00046044,0.773766,-0.527851,-0.332346,0.515467,0.124288,3.13748,-2.23653,2.22861,-3.27926,3.27585,0.377525,-0.389379,-4.19579,4.19044,-3.14246,3.14328,-0.537884,0.525266,-5.39714,-2.00163,-7.75534,-0.408429,-7.72365,-3.66428,-4.84715,-2.00397,-7.24651,-0.617222,-7.24779,-3.3885,0.187237,0.385974,-0.524447,0.077795,-0.00329754,0.0573641,-0.0029869,-0.151298,-0.530378,-1.05778,0.51682,-0.0458147,3.13481,-0.0435916,2.22608,-0.0355069,3.27328,-0.0504839,-0.391915,-0.0346807,4.18791,-0.0390431,3.14072,-0.050046,0.522712,-0.0486235,1.00621,0.120705,-1.25838,1.28398,-3.3993,10.4194,-21.2674,10.8712,-1.99936,-5.91934,12.0888,-10.8399,4.9561,-0.976449,0.00153837,-0.00315377,-0.95058,1.57397,-25.2893,12.9467,0,10.6991,-0.47471,7.78695,-4.00093,3.31823,0.0029154,0.0106757,-0.00292415,-1.0281,1.63657,-31.1683,15.8729,17.7573,-0.442173,7.78878,-3.95698,-8.85324,4.39925,0.00445367,-0.00926123,0.0031532,0.00702068,1.46665,-1.46548,0.200636,0.101989,0.350698,0.566625,9.43773,6.2064,-0.186677,-0.17274,-0.712229,-0.127732,0.0391559,-0.700745,0.223313,0.170845,0.228558,-6.44706,-1.99993,-0.00329754,0,236,6.93889e-18,6.93889e-18,1.20346e-17,-1.21431e-17,2.90566e-17,2.9165e-17,1.75641e-17,6.34258e-17,6.35342e-17,6.23416e-17,0,-0.530378,-0.161505,0.51682,-0.00909506,3.14159,2.22608,-0.00710137,3.27328,-0.0100968,-0.392699,4.18791,-0.00780852,3.14071,-0.0100092,0.523599,0,0,0,0.0776264,-0.0029869,-0.530378,0.51682,3.13481,2.22608,3.27328,-0.391915,4.18791,3.14072,0.522712,0.00252646,-1.77072,0.879873,1.17078e-05,-0.136342,0.00140414,0.293329,-0.293096,0.000210402,0.0480376,0.0120103,1.00016,-16.173,37.084,3.09854,-2.65626,0.102927,0.556066,-3.57127,0.219636,1.08346
0.44,-6.44234,-2.00329,0.0842514,0.177878,-0.000517394,0.785177,-0.528137,-0.324377,0.515012,0.127836,3.1372,-2.24049,2.22868,-3.28206,3.27597,0.373697,-0.389305,-4.19847,4.19043,-3.14431,3.14332,-0.54062,0.525262,-5.39234,-2.00163,-7.75047,-0.408482,-7.71893,-3.66429,-4.84234,-2.00412,-7.24162,-0.617239,-7.24306,-3.38852,0.195025,0.383217,-0.526256,0.079621,-0.0033725,0.063683,-0.00326955,-0.157881,-0.530889,-1.10316,0.516309,-0.0452016,3.1343,-0.0439469,2.22593,-0.0235884,3.27312,-0.0505539,-0.392069,-0.0334595,4.18768,-0.0279528,3.14048,-0.0500955,0.522478,-0.0487083,1.0065,0.128822,-1.25883,1.28699,-3.65128,10.5088,-21.4933,11.0158,-2.00214,-5.9993,12.2777,-10.9744,4.97571,-1.01358,0.0020283,-0.00416802,-0.94341,1.67729,-25.2548,12.9951,0,10.5375,-0.466885,7.765,-4.02264,3.28199,0.0148685,0.0108289,-0.00299152,-1.01687,1.73264,-31.2499,15.9119,17.9723,-0.42253,7.82681,-3.96683,-8.96055,4.43202,0.0210278,-0.00919116,0.00312702,0.0070285,1.47758,-1.47642,0.200665,0.102938,0.361188,0.570539,9.79795,6.382,-0.198179,-0.309313,-0.902083,-0.133891,-0.0537358,-0.837229,0.224295,0.168977,0.230261,-6.44236,-1.99992,-0.0033725,0,257,0,1.38778e-17,1.35525e-17,3.62124e-17,-3.92481e-17,-3.85976e-17,-3.17129e-17,-2.64545e-17,-2.64545e-17,-7.91468e-18,0,-0.530889,-0.168474,0.516309,-0.00894746,3.14159,2.22593,-0.00471766,3.27312,-0.0101108,-0.392699,4.18768,-0.00559037,3.14047,-0.0100191,0.523599,0,0,0,0.0794405,-0.00326955,-0.530889,0.516309,3.1343,2.22593,3.27312,-0.392069,4.18768,3.14048,0.522478,0.00275215,-1.79219,0.886429,1.25134e-05,-0.142259,0.0014057,0.295515,-0.295283,0.000877776,0.0480941,0.0120292,1.00016,-16.7841,38.7398,3.26002,-2.36164,-0.331039,0.604361,-3.3679,-0.19418,1.15576
0.46,-6.43736,-2.00334,0.0862354,0.1852,-0.000571978,0.79701,-0.528569,-0.315331,0.51443,0.131223,3.13678,-2.24481,2.22871,-3.28503,3.27606,0.369362,-0.389266,-4.20133,4.19043,-3.14631,3.14336,-0.543534,0.525257,-5.38736,-2.00153,-7.74542,-0.408509,-7.71403,-3.6643,-4.83736,-2.00426,-7.23657,-0.617247,-7.23816,-3.38853,0.203907,0.3803,-0.528213,0.0814555,-0.00343838,0.0702692,-0.00356073,-0.169448,-0.531558,-1.14352,0.515639,-0.0442454,3.13363,-0.0437578,2.22573,-0.0112498,3.27292,-0.0505843,-0.39227,-0.0321403,4.18744,-0.0161558,3.14024,-0.0501478,0.522233,-0.0487968,1.0068,0.137298,-1.2593,1.29023,-3.97288,10.6014,-21.7301,11.1635,-1.91492,-6.077,12.4648,-11.1048,4.98778,-1.04648,0.00278701,-0.0057416,-0.936513,1.79256,-25.2192,13.048,0,10.3709,-0.463987,7.74162,-4.04594,3.24465,0.0269217,0.0108,-0.00301111,-1.00528,1.8322,-31.336,15.9536,18.1991,-0.400339,7.86696,-3.9774,-9.07376,4.46614,0.0389161,-0.00912168,0.00310109,0.00703877,1.48896,-1.4878,0.200695,0.0992011,0.366098,0.591652,10.185,6.54139,-0.215666,-0.45568,-1.11697,-0.143093,-0.154157,-0.982592,0.225006,0.167053,0.232032,-6.43745,-1.99991,-0.00343838,0,279,-6.93889e-18,0,6.41035e-18,4.35849e-17,-3.42608e-17,-3.36103e-17,-2.64003e-17,9.19403e-17,9.21572e-17,8.37546e-17,0,-0.531558,-0.174799,0.515639,-0.00871818,3.14159,2.22573,-0.00224993,3.27292,-0.0101169,-0.392699,4.18744,-0.00323086,3.14023,-0.0100296,0.523599,0,0,0,0.0812627,-0.00356073,-0.531558,0.515639,3.13363,2.22573,3.27292,-0.39227,4.18744,3.14024,0.522233,0.00298875,-1.81483,0.893253,1.31749e-05,-0.151001,0.00140775,0.297791,-0.29756,0.00160273,0.0481533,0.0120491,1.00017,-17.132,40.2308,3.46605,-2.13819,-0.765015,0.666566,-3.21403,-0.621457,1.23136
0.48,-6.43222,-2.0034,0.0881974,0.192727,-0.000632558,0.808981,-0.528856,-0.306876,0.513974,0.134972,3.13651,-2.24953,2.22874,-3.28825,3.27614,0.364612,-0.389234,-4.20437,4.19042,-3.14844,3.1434,-0.546596,0.525254,-5.38222,-2.00152,-7.7402,-0.408527,-7.70897,-3.6643,-4.83222,-2.00441,-7.23135,-0.61725,-7.2331,-3.38853,0.21218,0.377124,-0.530295,0.0832043,-0.00350613,0.0770888,-0.00386884,-0.17726,-0.532092,-1.18923,0.515106,-0.0435239,3.1331,-0.0430399,2.22551,0.00177364,3.2727,-0.0506164,-0.392488,-0.0308453,4.18718,-0.00332708,3.13998,-0.0502043,0.521978,-0.0488873,1.00709,0.14609,-1.25977,1.29367,-4.26766,10.6991,-21.9815,11.3272,-1.88192,-6.16134,12.6683,-11.2531,5.00579,-1.0832,0.00339909,-0.00702138,-0.929377,1.91881,-25.1804,13.1046,0,10.1984,-0.464824,7.7161,-4.07096,3.20636,0.0393482,0.0107679,-0.00303203,-0.993396,1.93243,-31.428,15.998,18.4396,-0.37276,7.91008,-3.98863,-9.19378,4.50152,0.0586464,-0.00905875,0.00307721,0.00705617,1.50076,-1.4996,0.200725,0.0980966,0.37637,0.598578,10.5522,6.71707,-0.236078,-0.615534,-1.35299,-0.151884,-0.260987,-1.13532,0.225962,0.165082,0.233871,-6.43231,-1.99989,-0.00350613,0,302,6.93889e-18,0,-1.1601e-17,1.19262e-17,8.23994e-18,8.67362e-18,1.34983e-17,4.0766e-17,3.98986e-17,4.26091e-17,0,-0.532092,-0.181914,0.515106,-0.00854014,3.14159,2.22551,0.000354782,3.2727,-0.0101233,-0.392699,4.18718,-0.000665012,3.13997,-0.0100409,0.523599,0,0,0,0.0829992,-0.00386884,-0.532092,0.515106,3.1331,2.22551,3.2727,-0.392488,4.18718,3.13998,0.521978,0.00323628,-1.83884,0.900329,1.29586e-05,-0.159662,0.00141123,0.300151,-0.299921,0.00239976,0.0482152,0.0120698,1.00017,-17.6523,41.8764,3.63307,-1.9196,-1.22259,0.734591,-3.02218,-1.08823,1.30979
0.5,-6.4272,-2.00339,0.0895481,0.199299,-0.000632975,0.819417,-0.528918,-0.300748,0.513726,0.138194,3.13645,-2.25472,2.22875,-3.29183,3.27621,0.359336,-0.389222,-4.20763,4.19042,-3.15075,3.14346,-0.54974,0.525267,-5.37719,-2.00147,-7.73518,-0.408521,-7.70395,-3.66429,-4.8272,-2.0044,-7.22632,-0.617241,-7.22808,-3.38852,0.218117,0.373603,-0.532554,0.084931,-0.00351365,0.0843034,-0.00411695,-0.186758,-0.532402,-1.23903,0.514796,-0.0437708,3.13279,-0.0412146,2.22527,0.0154634,3.27247,-0.0506445,-0.392727,-0.0283907,4.18694,0.0101878,3.13974,-0.0502834,0.521739,-0.0489782,1.00738,0.155402,-1.26023,1.29736,-4.6008,10.7998,-22.2445,11.4995,-1.82938,-6.25648,12.8974,-11.4205,5.02765,-1.11947,0.00330349,-0.00684312,-0.921033,2.06462,-25.1394,13.1677,0,10.0178,-0.473894,7.68847,-4.09855,3.16673,0.0520778,0.0107202,-0.00305217,-0.98111,2.05662,-31.5245,16.0443,18.6954,-0.352485,7.95552,-4.00025,-9.32126,4.538,0.079787,-0.00909852,0.00308771,0.00715749,1.51293,-1.51177,0.200754,0.0675374,0.328609,0.521795,10.8438,6.85564,-0.259747,-0.793707,-1.61613,-0.162873,-0.376061,-1.29213,0.226988,0.163041,0.235767,-6.42718,-1.99987,-0.00351365,0,325,6.93889e-18,2.08167e-17,1.2116e-17,-6.19079e-17,1.56125e-17,1.56125e-17,1.05168e-17,6.59195e-17,6.54858e-17,5.70832e-17,0,-0.532402,-0.189496,0.514796,-0.00858772,3.14159,2.22527,0.0030928,3.27246,-0.0101289,-0.392699,4.18694,0.00203792,3.13973,-0.0100567,0.523599,0,0,0,0.0847134,-0.00411695,-0.532402,0.514796,3.13279,2.22527,3.27247,-0.392727,4.18694,3.13974,0.521739,0.00348398,-1.86431,0.907618,8.84688e-06,-0.169042,0.0014315,0.302586,-0.302353,0.00327151,0.0482772,0.0120906,1.00017,-19.5655,44.1882,3.74324,-1.69426,-1.71693,0.809121,-2.85654,-1.57166,1.38328
0.52,-6.42149,-2.00339,0.0907255,0.205751,-0.00064539,0.829609,-0.528852,-0.29457,0.513634,0.142167,3.13653,-2.26035,2.22879,-3.29573,3.2763,0.353767,-0.389183,-4.21101,4.19041,-3.15309,3.14351,-0.553061,0.525267,-5.37148,-2.00154,-7.72946,-0.408535,-7.69825,-3.66429,-4.82149,-2.00443,-7.22059,-0.617236,-7.22238,-3.38852,0.224131,0.369757,-0.534846,0.0860206,-0.00353974,0.0910521,-0.0043988,-0.197277,-0.532606,-1.28161,0.514592,-0.0437856,3.13259,-0.0398807,2.22504,0.0304001,3.27223,-0.050723,-0.392961,-0.0271526,4.18666,0.0252596,3.13946,-0.0503487,0.521465,-0.0490647,1.00757,0.164124,-1.26057,1.30071,-4.93694,10.8886,-22.4803,11.655,-1.73752,-6.34083,13.1032,-11.5718,5.04518,-1.14994,0.0033754,-0.00701093,-0.91359,2.19832,-25.0909,13.2289,0,9.84125,-0.474488,7.65756,-4.12641,3.12903,0.0657668,0.0108662,-0.00312943,-0.969442,2.15142,-31.6251,16.0864,18.954,-0.311297,8.00405,-4.01093,-9.45033,4.57308,0.103561,-0.00905592,0.00306888,0.00719308,1.52463,-1.52347,0.200773,0.0588666,0.322602,0.509594,11.1414,7.04785,-0.281408,-0.987064,-1.89483,-0.169,-0.493675,-1.45785,0.22782,0.161108,0.237602,-6.4216,-1.99985,-0.00353974,0,350,-6.93889e-18,-1.38778e-17,-2.29038e-17,7.30752e-17,8.67362e-18,9.54098e-18,1.15468e-17,3.29597e-17,3.20924e-17,3.1225e-17,0,-0.532606,-0.195977,0.514593,-0.00858137,3.14159,2.22504,0.00608017,3.27223,-0.0101446,-0.392699,4.18666,0.00505216,3.13946,-0.0100697,0.523599,0,0,0,0.0857947,-0.0043988,-0.532606,0.514592,3.13259,2.22504,3.27223,-0.392961,4.18666,3.13946,0.521465,0.00375341,-1.8901,0.914626,5.00346e-06,-0.176216,0.00143862,0.304926,-0.304694,0.00423383,0.0483447,0.0121133,1.00017,-20.2516,45.8312,3.81446,-1.38983,-2.26209,0.882531,-2.54268,-2.12762,1.46711
0.54,-6.41589,-2.00338,0.0916097,0.21191,-0.000643362,0.839586,-0.528856,-0.288317,0.513484,0.14568,3.13653,-2.26652,2.22884,-3.30005,3.27641,0.347757,-0.389131,-4.21467,4.19046,-3.15588,3.14361,-0.556672,0.525305,-5.36588,-2.00151,-7.72387,-0.408546,-7.69264,-3.66429,-4.81589,-2.00441,-7.215,-0.617222,-7.21678,-3.3885,0.230233,0.365493,-0.537575,0.0869244,-0.00354635,0.0978999,-0.00467721,-0.210795,-0.532889,-1.32153,0.514308,-0.043996,3.1323,-0.0382917,2.2248,0.0461804,3.272,-0.0508176,-0.393193,-0.0242867,4.18642,0.0404927,3.13922,-0.0504752,0.521219,-0.0491511,1.00773,0.172983,-1.26087,1.30413,-5.31944,10.9772,-22.7183,11.81,-1.58707,-6.42523,13.311,-11.7229,5.05939,-1.17679,0.00330498,-0.00688358,-0.906059,2.33724,-25.0379,13.2929,0,9.66113,-0.475722,7.62431,-4.15584,3.09087,0.0799045,0.0110758,-0.00322887,-0.957639,2.27683,-31.7305,16.1303,19.2197,-0.283724,8.05392,-4.02173,-9.58214,4.60728,0.128027,-0.00928062,0.0031405,0.0074429,1.53604,-1.53484,0.200788,0.0442127,0.307959,0.498827,11.4435,7.20721,-0.308399,-1.20084,-2.19566,-0.182995,-0.631253,-1.63803,0.228493,0.159144,0.239382,-6.4158,-1.99983,-0.00354635,0,376,6.93889e-18,2.77556e-17,2.26598e-17,2.85145e-17,1.21431e-17,1.12757e-17,2.78098e-17,2.51535e-17,2.51535e-17,1.22515e-17,0,-0.532889,-0.20206,0.514307,-0.00862195,3.14159,2.2248,0.00923614,3.272,-0.0101635,-0.392699,4.18642,0.00809933,3.13921,-0.010095,0.523599,0,0,0,0.0866916,-0.00467721,-0.532889,0.514308,3.1323,2.2248,3.272,-0.393193,4.18642,3.13922,0.521219,0.00403384,-1.91651,0.921482,1.30996e-05,-0.186699,0.00148858,0.307207,-0.306969,0.00523246,0.048415,0.0121368,1.00017,-20.9113,47.4193,3.91448,-1.1066,-2.8284,0.955527,-2.36212,-2.698,1.54313
0.56,-6.41016,-2.00337,0.0923946,0.217973,-0.000652754,0.849431,-0.528861,-0.282201,0.513331,0.149038,3.13653,-2.27301,2.22889,-3.30468,3.27654,0.341516,-0.389074,-4.2183,4.19046,-3.15845,3.14369,-0.560097,0.525321,-5.36016,-2.00152,-7.71815,-0.408557,-7.68693,-3.66428,-4.81016,-2.00441,-7.20926,-0.617206,-7.21107,-3.38849,0.236195,0.36093,-0.540077,0.0875436,-0.00356108,0.104745,-0.00495645,-0.223012,-0.533165,-1.36156,0.514033,-0.0440441,3.13203,-0.0370306,2.22459,0.0632863,3.27179,-0.0509179,-0.393408,-0.0238373,4.18616,0.0580612,3.13896,-0.0505603,0.52096,-0.0492303,1.00784,0.18184,-1.26112,1.3075,-5.69508,11.0653,-22.9567,11.9686,-1.44423,-6.50963,13.5199,-11.8778,5.07451,-1.20375,0.00335218,-0.00700115,-0.898696,2.47357,-24.9788,13.3587,0,9.47776,-0.472031,7.58789,-4.18667,3.0523,0.0949084,0.0113261,-0.00334466,-0.945713,2.35355,-31.8432,16.1731,19.5037,-0.220451,8.10871,-4.03251,-9.72361,4.64355,0.156443,-0.0093288,0.00315094,0.00755736,1.54814,-1.54693,0.200799,0.0392445,0.303109,0.49228,11.7402,7.36915,-0.324332,-1.42962,-2.50833,-0.181753,-0.759087,-1.80875,0.229205,0.157161,0.241272,-6.41023,-1.99981,-0.00356108,0,401,6.93889e-18,1.38778e-17,9.75782e-19,2.4503e-17,-1.12757e-17,-1.12757e-17,-1.64257e-17,2.34188e-17,2.25514e-17,1.65341e-17,0,-0.533165,-0.208152,0.514032,-0.00862376,3.14159,2.22459,0.0126575,3.27178,-0.0101836,-0.392699,4.18616,0.0116128,3.13895,-0.0101121,0.523599,0,0,0,0.087306,-0.00495645,-0.533165,0.514033,3.13203,2.22459,3.27179,-0.393408,4.18616,3.13896,0.52096,0.0043037,-1.94477,0.928725,7.61259e-06,-0.188001,0.00151147,0.309628,-0.309387,0.00637552,0.0484827,0.0121595,1.00017,-21.4626,48.9582,4.00868,-0.60747,-3.48972,1.02328,-1.7872,-3.37903,1.62147
0.58,-6.40457,-2.00334,0.0929507,0.223687,-0.000646887,0.858853,-0.528881,-0.276419,0.513166,0.151929,3.13651,-2.2799,2.22901,-3.30982,3.27673,0.335227,-0.38895,-4.22199,4.19046,-3.16115,3.14376,-0.563722,0.525321,-5.35457,-2.00147,-7.71259,-0.408596,-7.68133,-3.66425,-4.80457,-2.00438,-7.20368,-0.617183,-7.20547,-3.38846,0.241825,0.355855,-0.542709,0.0880625,-0.00355875,0.111627,-0.00522065,-0.236005,-0.533455,-1.40103,0.513743,-0.0441398,3.13174,-0.0351449,2.22444,0.0805272,3.27164,-0.0510703,-0.393556,-0.0221131,4.18589,0.0754847,3.13869,-0.0506226,0.520684,-0.0493079,1.00793,0.190754,-1.26135,1.31093,-6.09083,11.1542,-23.1988,12.1302,-1.27839,-6.59543,13.7334,-12.0366,5.08901,-1.2294,0.0033631,-0.00704355,-0.891251,2.61705,-24.9161,13.4254,0,9.29448,-0.472954,7.55062,-4.21851,3.01403,0.109659,0.0118216,-0.00353716,-0.933887,2.45327,-31.9554,16.2159,19.7897,-0.168527,8.16367,-4.04334,-9.86618,4.67892,0.184991,-0.00927594,0.00312722,0.00759016,1.55994,-1.55874,0.200808,0.0278074,0.285712,0.471071,12.0236,7.50847,-0.344792,-1.68064,-2.82285,-0.184319,-0.894227,-1.98963,0.229877,0.155189,0.243112,-6.40467,-1.99978,-0.00355875,0,426,-6.93889e-18,0,-1.04626e-17,6.12574e-17,2.08167e-17,2.08167e-17,2.51535e-17,5.0307e-17,5.0307e-17,6.74374e-17,0,-0.533455,-0.214148,0.513743,-0.00863699,3.14159,2.22444,0.0161057,3.27163,-0.0102141,-0.392699,4.18589,0.0150981,3.13868,-0.0101245,0.523599,0,0,0,0.0878208,-0.00522065,-0.533455,0.513743,3.13174,2.22444,3.27164,-0.393556,4.18589,3.13869,0.520684,0.00457376,-1.97332,0.935812,1.38893e-05,-0.19019,0.00151803,0.311988,-0.311747,0.00752673,0.0485504,0.0121823,1.00017,-22.2729,50.5984,4.10789,-0.117354,-4.1575,1.07023,-1.28195,-4.07046,1.70497
0.6,-6.39818,-2.00332,0.0935441,0.229988,-0.000678256,0.869284,-0.528961,-0.269476,0.512948,0.155197,3.13644,-2.28757,2.22906,-3.31529,3.27685,0.327696,-0.388901,-4.22601,4.19046,-3.16411,3.14383,-0.567773,0.525321,-5.34817,-2.00146,-7.70616,-0.408577,-7.67498,-3.6642,-4.79818,-2.00441,-7.19724,-0.617142,-7.19912,-3.38842,0.248622,0.350466,-0.545599,0.0883072,-0.00357226,0.118303,-0.00556555,-0.24831,-0.533848,-1.43883,0.513349,-0.0441613,3.13134,-0.0356707,2.22417,0.0994939,3.27137,-0.0511626,-0.393825,-0.0211217,4.18557,0.0935741,3.13838,-0.0506956,0.520365,-0.049392,1.00797,0.199417,-1.26154,1.31425,-6.48063,11.2408,-23.4361,12.2906,-1.10969,-6.67855,13.9419,-12.1935,5.10274,-1.2537,0.00343906,-0.00722313,-0.884169,2.73567,-24.8502,13.4936,0,9.11078,-0.455175,7.51037,-4.25105,2.9746,0.125516,0.0119936,-0.00363808,-0.921688,2.53489,-32.0705,16.2586,20.0788,-0.104154,8.22013,-4.05415,-10.0104,4.71384,0.214982,-0.00922472,0.00310401,0.00762306,1.57159,-1.57039,0.200813,0.0296696,0.31508,0.521545,12.3626,7.66894,-0.383541,-1.95146,-3.19968,-0.200866,-1.04238,-2.19177,0.230524,0.153162,0.244933,-6.39821,-1.99975,-0.00357226,0,455,0,0,2.09793e-17,-7.24247e-17,1.73472e-18,2.60209e-18,8.18573e-18,5.11743e-17,4.94396e-17,3.93565e-17,0,-0.533848,-0.219903,0.513349,-0.00863188,3.14159,2.22417,0.0198992,3.27137,-0.0102325,-0.392699,4.18557,0.0187164,3.13836,-0.0101391,0.523599,0,0,0,0.0880635,-0.00556555,-0.533848,0.513349,3.13134,2.22417,3.27137,-0.393825,4.18557,3.13838,0.520365,0.00488729,-2.00219,0.942804,1.7581e-05,-0.207993,0.00152461,0.314318,-0.314078,0.00874016,0.0486291,0.0122087,1.00017,-21.7045,51.6167,4.2393,0.153328,-4.8021,1.15447,-1.13002,-4.70508,1.80221
0.62,-6.39186,-2.00328,0.0938855,0.236017,-0.000665626,0.879365,-0.528993,-0.263365,0.512758,0.157827,3.13642,-2.29574,2.22907,-3.32094,3.27694,0.319583,-0.388887,-4.23018,4.19048,-3.16716,3.14393,-0.57176,0.525345,-5.34185,-2.00137,-7.69986,-0.408546,-7.66863,-3.66418,-4.79186,-2.00434,-7.19093,-0.617106,-7.19278,-3.38839,0.254571,0.344891,-0.548575,0.0885889,-0.0035581,0.125781,-0.00586672,-0.261766,-0.534194,-1.48173,0.513003,-0.0443087,3.13099,-0.0340391,2.22387,0.119511,3.27107,-0.0511778,-0.394128,-0.018472,4.18528,0.113127,3.13808,-0.0508112,0.52007,-0.0494769,1.00802,0.209122,-1.26173,1.31804,-6.92472,11.3388,-23.7065,12.4754,-0.914944,-6.77421,14.1824,-12.3762,5.11909,-1.28027,0.00341997,-0.00720546,-0.876115,2.88989,-24.7797,13.5719,0,8.91287,-0.452788,7.46619,-4.28761,2.93245,0.141653,0.0118081,-0.00363729,-0.908598,2.6548,-32.1967,16.3063,20.4009,-0.0488735,8.28188,-4.0661,-10.1706,4.75161,0.247959,-0.00936177,0.00314353,0.00782057,1.58419,-1.58297,0.200818,0.017068,0.301422,0.50408,12.6661,7.79669,-0.408521,-2.23352,-3.6033,-0.208714,-1.19386,-2.39083,0.231267,0.150991,0.246895,-6.39177,-1.99972,-0.0035581,0,484,1.38778e-17,2.77556e-17,1.23599e-17,-1.20346e-17,8.67362e-18,1.21431e-17,8.67362e-18,7.63278e-17,7.63278e-17,7.45931e-17,0,-0.534194,-0.226405,0.513,-0.00865652,3.14159,2.22387,0.0239026,3.27106,-0.0102356,-0.392699,4.18528,0.022627,3.13806,-0.0101622,0.523599,0,0,0,0.088343,-0.00586672,-0.534194,0.513003,3.13099,2.22387,3.27107,-0.394128,4.18528,3.13808,0.52007,0.0052011,-2.03423,0.950354,1.56726e-05,-0.215093,0.00156411,0.316837,-0.316594,0.0100759,0.0487079,0.0122351,1.00017,-22.4192,53.3117,4.3586,0.660845,-5.5507,1.24882,-0.707676,-5.44169,1.89169
0.64,-6.38529,-2.00327,0.0944346,0.242421,-0.00067821,0.889905,-0.529061,-0.256635,0.512541,0.16079,3.13636,-2.30429,2.22918,-3.32715,3.27714,0.311657,-0.388772,-4.23429,4.19051,-3.17025,3.14404,-0.575738,0.525375,-5.33528,-2.00135,-7.6933,-0.40858,-7.66208,-3.66416,-4.78529,-2.00435,-7.18435,-0.617082,-7.18623,-3.38836,0.261141,0.338756,-0.551584,0.0886166,-0.0035801,0.133207,-0.00619339,-0.275543,-0.534577,-1.52283,0.512621,-0.0443674,3.13061,-0.0317384,2.22367,0.13992,3.27086,-0.051297,-0.39433,-0.0164532,4.18499,0.133838,3.1378,-0.0509395,0.519781,-0.0495576,1.00803,0.218763,-1.26189,1.32178,-7.3821,11.4355,-23.9753,12.6605,-0.698394,-6.86834,14.421,-12.5588,5.13412,-1.30517,0.00346991,-0.00733365,-0.868289,3.04904,-24.7025,13.649,0,8.71627,-0.453752,7.42044,-4.32501,2.89107,0.157706,0.0121134,-0.00378958,-0.895783,2.75935,-32.3297,16.3546,20.7349,0.0204742,8.34669,-4.07815,-10.3366,4.78965,0.283314,-0.00955621,0.00320167,0.00807042,1.59687,-1.59563,0.200819,0.0274531,0.320221,0.52701,12.9991,7.9449,-0.427156,-2.53864,-3.99816,-0.205662,-1.34695,-2.58952,0.23196,0.148861,0.248876,-6.38532,-1.99969,-0.0035801,0,513,0,1.38778e-17,4.15792e-17,1.01915e-17,-4.85723e-17,-4.85723e-17,-4.18502e-17,1.02349e-16,1.00614e-16,9.92045e-17,0,-0.534577,-0.23264,0.512621,-0.00865953,3.14159,2.22367,0.0279845,3.27086,-0.0102594,-0.392699,4.18499,0.0267704,3.13777,-0.0101879,0.523599,0,0,0,0.0883703,-0.00619339,-0.534577,0.512621,3.13061,2.22367,3.27086,-0.39433,4.18499,3.1378,0.519781,0.00551518,-2.06747,0.957979,2.42766e-05,-0.20982,0.00161408,0.319375,-0.319125,0.0114851,0.0487868,0.0122616,1.00017,-22.3213,54.6401,4.48617,1.3174,-6.35256,1.31203,0.0616774,-6.30491,1.97933
0.66,-6.37841,-2.00318,0.09449,0.248027,-0.000616227,0.899489,-0.5291,-0.250874,0.512347,0.162693,3.13633,-2.31326,2.22922,-3.33352,3.27726,0.302761,-0.388732,-4.23852,4.19055,-3.17338,3.14416,-0.579776,0.525416,-5.3284,-2.00114,-7.68651,-0.408567,-7.6551,-3.66415,-4.77841,-2.00417,-7.17755,-0.617052,-7.17926,-3.38833,0.266738,0.332475,-0.554636,0.0888311,-0.0035389,0.140982,-0.00646746,-0.291318,-0.534951,-1.56538,0.512247,-0.0444407,3.13024,-0.0299621,2.22337,0.161004,3.27057,-0.0513874,-0.39463,-0.0139144,4.1847,0.154492,3.1375,-0.0510916,0.51948,-0.0496471,1.00806,0.228878,-1.26207,1.32588,-7.89409,11.5397,-24.2667,12.8605,-0.435349,-6.97,14.68,-12.7566,5.1488,-1.32988,0.00351597,-0.0074555,-0.859932,3.21136,-24.6268,13.7343,0,8.51483,-0.453698,7.37333,-4.36492,2.84728,0.173659,0.0122699,-0.00390244,-0.882233,2.87529,-32.4615,16.4053,21.0798,0.0858967,8.41109,-4.09069,-10.5078,4.82913,0.319251,-0.00982762,0.00328545,0.00839348,1.61004,-1.60875,0.200822,0.00277325,0.280295,0.479174,13.2849,8.04078,-0.448461,-2.85499,-4.4437,-0.211342,-1.50169,-2.79118,0.232626,0.146604,0.250925,-6.37844,-1.99965,-0.0035389,0,544,0,0,4.06576e-18,2.19009e-17,-1.9082e-17,-1.9082e-17,-2.28225e-17,1.12757e-16,1.11022e-16,1.13136e-16,0,-0.534951,-0.23909,0.512245,-0.00866535,3.14159,2.22337,0.0322015,3.27056,-0.0102775,-0.392699,4.1847,0.030902,3.13747,-0.0102183,0.523599,0,0,0,0.0885833,-0.00646746,-0.534951,0.512247,3.13024,2.22337,3.27057,-0.39463,4.1847,3.1375,0.51948,0.00585123,-2.10174,0.965882,2.75172e-05,-0.215381,0.0016787,0.322008,-0.321751,0.0129488,0.0488713,0.0122899,1.00017,-23.6273,56.6143,4.61216,1.95264,-7.17767,1.40658,0.576709,-7.10189,2.07075
0.68,-6.37118,-2.00314,0.0946618,0.254087,-0.00060157,0.909707,-0.529159,-0.244326,0.512142,0.165101,3.13628,-2.32285,2.2293,-3.34035,3.27742,0.293502,-0.388652,-4.24283,4.19058,-3.1766,3.14428,-0.58403,0.525444,-5.32117,-2.00105,-7.67932,-0.408574,-7.64785,-3.66412,-4.77118,-2.0041,-7.17035,-0.617019,-7.17201,-3.3883,0.27313,0.325722,-0.557766,0.0885261,-0.00353838,0.148277,-0.00681089,-0.304551,-0.535369,-1.60531,0.511829,-0.0445395,3.12982,-0.0288222,2.22309,0.182891,3.27028,-0.0515214,-0.394912,-0.0127708,4.18437,0.176335,3.13717,-0.051229,0.519144,-0.0497333,1.00801,0.238368,-1.26215,1.32956,-8.36505,11.6357,-24.5369,13.0508,-0.198077,-7.06457,14.9223,-12.9455,5.16366,-1.35266,0.00354162,-0.00753361,-0.852282,3.35927,-24.5451,13.815,0,8.32137,-0.446183,7.32427,-4.40413,2.80541,0.189897,0.0126053,-0.00407522,-0.869291,2.9553,-32.5976,16.4521,21.4274,0.174727,8.47812,-4.10237,-10.6805,4.86728,0.357521,-0.0100123,0.00333889,0.00864525,1.62276,-1.62145,0.200817,0.00858622,0.303009,0.510881,13.6129,8.16374,-0.479887,-3.19309,-4.90748,-0.215425,-1.66116,-3.00368,0.233306,0.144453,0.252918,-6.37112,-1.9996,-0.00353838,0,577,0,0,3.16045e-17,1.97325e-17,0,1.73472e-18,1.73472e-18,1.56125e-16,1.5439e-16,1.63931e-16,0,-0.535369,-0.245128,0.511829,-0.00867765,3.14159,2.22309,0.036579,3.27028,-0.0103043,-0.392699,4.18437,0.035272,3.13714,-0.0102458,0.523599,0,0,0,0.0882807,-0.00681089,-0.535369,0.511829,3.12982,2.22309,3.27028,-0.394912,4.18437,3.13717,0.519144,0.00620932,-2.13634,0.973527,3.50727e-05,-0.219912,0.00172905,0.324552,-0.32429,0.014486,0.0489614,0.0123202,1.00017,-23.2793,57.7928,4.75167,2.49869,-7.98767,1.49578,1.16934,-7.95726,2.17279
0.7,-6.36363,-2.00311,0.0950375,0.260296,-0.000545881,0.919984,-0.52919,-0.237929,0.511959,0.167307,3.13625,-2.3325,2.22939,-3.34717,3.27761,0.28421,-0.388553,-4.24688,4.1906,-3.17946,3.1444,-0.58792,0.525477,-5.31362,-2.0009,-7.67186,-0.408631,-7.64022,-3.66414,-4.76363,-2.00398,-7.16287,-0.617028,-7.16439,-3.38831,0.279369,0.318996,-0.560541,0.088327,-0.00355094,0.156102,-0.00712451,-0.319629,-0.535769,-1.64724,0.511429,-0.0445634,3.12942,-0.0263368,2.22281,0.205187,3.27001,-0.0516327,-0.395186,-0.0105294,4.18402,0.19877,3.13683,-0.0513795,0.518802,-0.0498243,1.00797,0.248559,-1.26227,1.33366,-8.89775,11.741,-24.8351,13.2608,0.0879879,-7.16749,15.1878,-13.1531,5.17838,-1.37601,0.0036351,-0.00775867,-0.844127,3.52888,-24.4603,13.903,0,8.12109,-0.449202,7.27331,-4.44643,2.76172,0.205737,0.0128271,-0.00421945,-0.855754,3.05988,-32.7378,16.5028,21.7957,0.256814,8.54742,-4.11498,-10.8636,4.90734,0.397509,-0.0102394,0.00340612,0.0089436,1.63612,-1.63477,0.200813,0.0187868,0.310432,0.513889,13.9302,8.27793,-0.482223,-3.52892,-5.37068,-0.202597,-1.80273,-3.19803,0.233976,0.1422,0.254996,-6.36358,-1.99955,-0.00355094,0,611,0,1.38778e-17,6.9931e-18,-3.28513e-17,-3.64292e-17,-3.29597e-17,-2.82977e-17,1.02349e-16,9.88792e-17,1.09179e-16,0,-0.535769,-0.251489,0.511426,-0.00867024,3.14159,2.22281,0.0410383,3.27001,-0.0103265,-0.392699,4.18402,0.0397595,3.1368,-0.0102759,0.523599,0,0,0,0.0880831,-0.00712451,-0.535769,0.511429,3.12942,2.22281,3.27001,-0.395186,4.18402,3.13683,0.518802,0.00657863,-2.17296,0.981538,3.52694e-05,-0.204449,0.00178872,0.327224,-0.326954,0.0160734,0.0490544,0.0123514,1.00017,-23.4954,59.2827,4.88569,3.41112,-8.90898,1.58184,2.23089,-8.92242,2.27675
0.72,-6.35575,-2.00302,0.0951017,0.266312,-0.000496821,0.930189,-0.529278,-0.23147,0.511719,0.168993,3.13618,-2.34297,2.22944,-3.35456,3.27775,0.273741,-0.388502,-4.25122,4.19065,-3.18271,3.14453,-0.592136,0.525534,-5.30574,-2.00069,-7.66406,-0.40861,-7.63226,-3.66412,-4.75575,-2.00382,-7.15506,-0.616982,-7.15644,-3.38826,0.285662,0.311691,-0.56371,0.088322,-0.0035193,0.163881,-0.00745602,-0.335485,-0.536237,-1.6895,0.510961,-0.0446487,3.12895,-0.0252161,2.22248,0.227386,3.26967,-0.0516963,-0.39552,-0.00772664,4.18369,0.220002,3.1365,-0.0515611,0.518471,-0.0499216,1.00797,0.258722,-1.26243,1.33798,-9.459,11.8505,-25.1466,13.4799,0.402758,-7.27477,15.466,-13.3703,5.19284,-1.39842,0.00368285,-0.00788826,-0.835746,3.68741,-24.3785,13.9936,0,7.92487,-0.447029,7.22286,-4.48919,2.71715,0.220809,0.0128074,-0.00428655,-0.841932,3.17468,-32.8739,16.5571,22.1574,0.328956,8.61366,-4.12834,-11.0429,4.94664,0.436112,-0.0105889,0.00351531,0.00935225,1.64923,-1.64784,0.200813,0.00321003,0.300815,0.510223,14.2528,8.36528,-0.523696,-3.89613,-5.89236,-0.21707,-1.96266,-3.40836,0.234627,0.139902,0.257035,-6.35583,-1.9995,-0.0035193,0,646,6.93889e-18,1.38778e-17,-1.46367e-17,1.48536e-17,5.20417e-18,8.67362e-18,1.77267e-17,5.55112e-17,5.37764e-17,3.07371e-17,0,-0.536237,-0.257884,0.51096,-0.00867783,3.14159,2.22248,0.0454779,3.26967,-0.0103393,-0.392699,4.18369,0.0440063,3.13647,-0.0103122,0.523599,0,0,0,0.0880783,-0.00745602,-0.536237,0.510961,3.12895,2.22248,3.26967,-0.39552,4.18369,3.1365,0.518471,0.0069592,-2.20883,0.989401,3.60397e-05,-0.219492,0.00187045,0.329847,-0.329567,0.0176492,0.0491502,0.0123836,1.00017,-23.8453,60.8564,5.0408,3.8728,-9.7098,1.68687,2.50285,-9.68898,2.37751
0.74,-6.34755,-2.00297,0.0953515,0.272865,-0.000465869,0.941115,-0.529389,-0.224374,0.511453,0.170872,3.13608,-2.35409,2.22945,-3.36221,3.27786,0.262468,-0.388483,-4.25561,4.1907,-3.18594,3.14467,-0.596396,0.525588,-5.29754,-2.00053,-7.65591,-0.408587,-7.624,-3.66412,-4.74755,-2.00371,-7.14691,-0.616953,-7.1482,-3.38823,0.29259,0.304135,-0.566857,0.0879808,-0.00352433,0.171793,-0.00782782,-0.350707,-0.536751,-1.73227,0.510446,-0.0447507,3.12844,-0.0237363,2.22209,0.250988,3.26929,-0.0517521,-0.395909,-0.00579801,4.18334,0.243315,3.13614,-0.0517571,0.518116,-0.0500188,1.00791,0.269053,-1.26254,1.34229,-10.0329,11.9615,-25.4641,13.707,0.727131,-7.38415,15.7511,-13.5959,5.20804,-1.4205,0.00372131,-0.00799931,-0.82735,3.8515,-24.2902,14.0875,0,7.72626,-0.444914,7.16837,-4.53378,2.67193,0.236363,0.0127187,-0.00433511,-0.827911,3.26793,-33.0208,16.6117,22.5443,0.423844,8.68559,-4.14185,-11.2348,4.98744,0.478897,-0.0109766,0.00363545,0.00980747,1.66284,-1.66138,0.200807,0.0124921,0.327645,0.546322,14.609,8.46348,-0.555665,-4.27781,-6.45516,-0.219244,-2.12195,-3.62121,0.235316,0.137577,0.259162,-6.34765,-1.99944,-0.00352433,0,683,6.93889e-18,-1.38778e-17,-2.60209e-18,3.03577e-18,-2.42861e-17,-2.25514e-17,-2.68882e-17,1.17961e-16,1.12757e-16,1.0121e-16,0,-0.536751,-0.264347,0.510448,-0.00868905,3.14159,2.22209,0.0501985,3.26928,-0.0103504,-0.392699,4.18334,0.0486694,3.13611,-0.0103514,0.523599,0,0,0,0.0877397,-0.00782782,-0.536751,0.510446,3.12844,2.22209,3.26929,-0.395909,4.18334,3.13614,0.518116,0.00736196,-2.24721,0.99756,3.64254e-05,-0.220718,0.00196149,0.332567,-0.332277,0.0193667,0.0492517,0.0124176,1.00017,-23.3031,62.0579,5.21096,4.48516,-10.5874,1.80916,3.17838,-10.6055,2.48563
0.76,-6.33896,-2.00289,0.0956065,0.279702,-0.000423464,0.9523,-0.529377,-0.217738,0.511292,0.172824,3.1361,-2.36609,2.22945,-3.37043,3.27796,0.250189,-0.388475,-4.26011,4.19074,-3.18926,3.14481,-0.600837,0.525633,-5.28895,-2.00039,-7.64738,-0.408551,-7.61534,-3.6641,-4.73896,-2.00357,-7.13838,-0.616916,-7.13955,-3.3882,0.299046,0.296005,-0.570086,0.0878043,-0.00351774,0.180228,-0.00821044,-0.365598,-0.537164,-1.78015,0.510033,-0.0449284,3.12803,-0.021252,2.22167,0.274891,3.26886,-0.0518082,-0.396331,-0.00354103,4.18295,0.267348,3.13576,-0.0519373,0.517729,-0.0501246,1.00788,0.280095,-1.2627,1.34711,-10.6485,12.0836,-25.8158,13.9628,1.0676,-7.50586,16.0699,-13.8524,5.22696,-1.44457,0.00370095,-0.00798697,-0.818204,4.03397,-24.1998,14.1895,0,7.52212,-0.451753,7.11191,-4.58151,2.62463,0.251281,0.0126098,-0.00438099,-0.813247,3.36874,-33.1721,16.6722,22.9531,0.521544,8.75981,-4.15686,-11.4378,5.03075,0.523766,-0.0112654,0.0037229,0.010188,1.67729,-1.67579,0.200804,0.0127472,0.341851,0.559259,14.9493,8.56812,-0.600041,-4.68879,-7.06853,-0.225334,-2.286,-3.84292,0.236145,0.13514,0.261409,-6.33903,-1.99938,-0.00351774,0,722,6.93889e-18,0,2.46656e-17,-7.69784e-17,6.93889e-18,3.46945e-18,-1.73472e-18,2.77556e-17,3.1225e-17,2.14672e-17,0,-0.537164,-0.271544,0.510031,-0.00871836,3.14159,2.22167,0.0549791,3.26886,-0.0103616,-0.392699,4.18295,0.0534768,3.13572,-0.0103875,0.523599,0,0,0,0.0875646,-0.00821044,-0.537164,0.510033,3.12803,2.22167,3.26886,-0.396331,4.18295,3.13576,0.517729,0.00778698,-2.28782,1.00623,3.82351e-05,-0.226913,0.0020376,0.335457,-0.335158,0.0211765,0.0493589,0.0124536,1.00017,-23.1754,63.555,5.35209,5.00493,-11.4606,1.94222,3.75214,-11.5263,2.60336
0.78,-6.32998,-2.00286,0.0963025,0.287536,-0.000415182,0.964761,-0.529411,-0.209768,0.511089,0.175479,3.13608,-2.37889,2.22941,-3.37894,3.27802,0.236891,-0.38851,-4.26461,4.19077,-3.19258,3.14494,-0.605357,0.52567,-5.27997,-2.00033,-7.6384,-0.408502,-7.60634,-3.66408,-4.72998,-2.00352,-7.12941,-0.616887,-7.13056,-3.38817,0.306833,0.287588,-0.573303,0.0876106,-0.0035544,0.189023,-0.00864952,-0.383406,-0.537645,-1.82743,0.509552,-0.0451304,3.12755,-0.0192973,2.22118,0.300188,3.26838,-0.0518653,-0.396819,-0.00148447,4.18254,0.292618,3.13534,-0.0521097,0.517311,-0.050236,1.00785,0.291628,-1.2629,1.35229,-11.3459,12.2126,-26.1909,14.2342,1.48994,-7.6331,16.4071,-14.1228,5.24351,-1.46674,0.00366863,-0.00795083,-0.808792,4.21954,-24.1046,14.2985,0,7.3124,-0.456432,7.05177,-4.63223,2.57472,0.266333,0.0124839,-0.00442567,-0.797794,3.46353,-33.3316,16.7381,23.3857,0.631217,8.83792,-4.17331,-11.6527,5.07616,0.571648,-0.0114926,0.00379008,0.0105245,1.69243,-1.6909,0.200801,0.034802,0.391699,0.623046,15.3512,8.70201,-0.640334,-5.11653,-7.73485,-0.22491,-2.4501,-4.06853,0.236883,0.132571,0.263769,-6.32998,-1.9993,-0.0035544,0,763,-6.93889e-18,-1.38778e-17,-3.49655e-18,2.9924e-17,-3.81639e-17,-4.16334e-17,-4.42354e-17,0,0,-1.78893e-18,0,-0.537645,-0.278676,0.509552,-0.00875385,3.14159,2.22118,0.0600385,3.26837,-0.0103731,-0.392699,4.18254,0.0585325,3.1353,-0.0104219,0.523599,0,0,0,0.0873721,-0.00864952,-0.537645,0.509552,3.12755,2.22118,3.26838,-0.396819,4.18254,3.13534,0.517311,0.00823434,-2.33084,1.01532,4.33073e-05,-0.223736,0.00210489,0.338487,-0.338181,0.0230828,0.0494718,0.0124916,1.00018,-21.8745,64.5875,5.51331,5.59937,-12.3777,2.09612,4.55821,-12.5468,2.73049
0.8,-6.32055,-2.00284,0.0974959,0.296521,-0.000432314,0.978524,-0.529361,-0.201358,0.510944,0.178748,3.13614,-2.39292,2.22942,-3.38843,3.27813,0.222564,-0.3885,-4.26912,4.1908,-3.19587,3.14507,-0.609914,0.525701,-5.27054,-2.00036,-7.62895,-0.40847,-7.59693,-3.66406,-4.72055,-2.00353,-7.11995,-0.616853,-7.12115,-3.38813,0.315038,0.278199,-0.576495,0.0878389,-0.00361361,0.198612,-0.00913643,-0.401274,-0.538065,-1.88173,0.509133,-0.0453412,3.12713,-0.0161663,2.22071,0.325472,3.26791,-0.0519585,-0.397284,0.00073738,4.18209,0.318584,3.1349,-0.0522751,0.516864,-0.0503605,1.00789,0.304262,-1.26322,1.35842,-12.1207,12.3615,-26.6274,14.5545,1.95159,-7.7791,16.7974,-14.4411,5.26411,-1.49201,0.00363824,-0.00792342,-0.798456,4.42957,-24.0063,14.419,0,7.09387,-0.473683,6.99009,-4.68777,2.52142,0.280182,0.0125302,-0.0045373,-0.781296,3.56287,-33.497,16.8163,23.8463,0.74653,8.91842,-4.19293,-11.8817,5.12565,0.621973,-0.0116567,0.00383849,0.0108165,1.70894,-1.70739,0.200806,0.0596688,0.449243,0.688124,15.7733,8.86465,-0.701228,-5.59064,-8.45251,-0.225502,-2.61337,-4.29584,0.237801,0.129821,0.26633,-6.32049,-1.99922,-0.00361361,0,806,-6.93889e-18,1.38778e-17,-5.3397e-18,5.85469e-18,1.38778e-17,1.04083e-17,6.93889e-18,8.67362e-17,7.97973e-17,8.95551e-17,0,-0.538065,-0.286882,0.509131,-0.00879008,3.14159,2.22071,0.0650955,3.26791,-0.0103917,-0.392699,4.18209,0.0637264,3.13486,-0.010455,0.523599,0,0,0,0.0875984,-0.00913643,-0.538065,0.509133,3.12713,2.22071,3.26791,-0.397284,4.18209,3.1349,0.516864,0.00870412,-2.37665,1.02522,4.45297e-05,-0.221411,0.0021633,0.341789,-0.341477,0.0250847,0.0495905,0.0125314,1.00018,-20.4043,65.727,5.65679,6.04971,-13.2677,2.24375,5.34028,-13.582,2.86612
0.82,-6.31062,-2.00282,0.099137,0.306599,-0.000466898,0.993593,-0.529301,-0.192143,0.510792,0.182363,3.13621,-2.40838,2.22942,-3.39893,3.27824,0.206708,-0.38849,-4.27371,4.19084,-3.19929,3.14522,-0.614567,0.525746,-5.26061,-2.00043,-7.61897,-0.408429,-7.58703,-3.66403,-4.71062,-2.00357,-7.10997,-0.616809,-7.11126,-3.38809,0.324028,0.267799,-0.579813,0.0885459,-0.00368698,0.209163,-0.0096633,-0.423339,-0.538498,-1.94089,0.5087,-0.045594,3.12669,-0.0131103,2.22023,0.351827,3.26742,-0.0520731,-0.397771,0.00402716,4.18164,0.345089,3.13444,-0.052466,0.516409,-0.0504994,1.00802,0.318234,-1.26369,1.3657,-13.0543,12.5332,-27.1363,14.9259,2.54428,-7.94704,17.2514,-14.81,5.28507,-1.51747,0.00358218,-0.00784521,-0.78683,4.65836,-23.9031,14.5557,0,6.86153,-0.496617,6.9248,-4.74994,2.46267,0.293321,0.0126878,-0.00470113,-0.763125,3.68867,-33.6704,16.9101,24.339,0.856418,9.00147,-4.21639,-12.1264,5.17932,0.674705,-0.0118988,0.00391537,0.0111958,1.72685,-1.72526,0.200819,0.0820529,0.503902,0.753466,16.2353,9.04246,-0.772973,-6.11554,-9.24807,-0.229518,-2.78235,-4.52776,0.238734,0.126791,0.269107,-6.31058,-1.99914,-0.00368698,0,851,0,1.38778e-17,2.19009e-17,-2.1684e-17,-3.46945e-18,-6.93889e-18,-1.11673e-17,4.51028e-17,4.51028e-17,2.29309e-17,0,-0.538498,-0.295822,0.508699,-0.00883623,3.14159,2.22023,0.0703667,3.26742,-0.0104146,-0.392699,4.18164,0.0690289,3.1344,-0.0104932,0.523599,0,0,0,0.0882995,-0.0096633,-0.538498,0.5087,3.12669,2.22023,3.26742,-0.397771,4.18164,3.13444,0.516409,0.00919641,-2.42561,1.03596,4.79592e-05,-0.221086,0.00223916,0.345371,-0.345052,0.0271875,0.049715,0.0125732,1.00018,-18.7924,66.9971,5.80474,6.4811,-14.1836,2.39899,6.04325,-14.6317,3.00428
0.84,-6.30016,-2.00278,0.100871,0.317394,-0.000514625,1.00964,-0.529259,-0.182392,0.510602,0.185772,3.13627,-2.42593,2.22943,-3.41106,3.27836,0.188633,-0.388482,-4.27873,4.19099,-3.20334,3.14548,-0.619416,0.525904,-5.25015,-2.00049,-7.60844,-0.408349,-7.5766,-3.66402,-4.70016,-2.0036,-7.09945,-0.616727,-7.10087,-3.38801,0.333533,0.255782,-0.58377,0.0896815,-0.00374173,0.220692,-0.0102259,-0.449004,-0.53897,-2.00551,0.508227,-0.045853,3.12622,-0.0098752,2.21971,0.37934,3.26691,-0.0522177,-0.398283,0.00987197,4.18128,0.371637,3.13408,-0.0528528,0.516044,-0.0506519,1.00823,0.333579,-1.2643,1.3742,-14.1575,12.7304,-27.7264,15.3566,3.27611,-8.13954,17.7773,-15.2378,5.307,-1.54331,0.00353086,-0.00778232,-0.773896,4.90805,-23.7942,14.7104,0,6.61606,-0.526394,6.85517,-4.81946,2.39856,0.305629,0.0130096,-0.00494222,-0.743322,3.87887,-33.8572,17.0236,24.8659,0.939514,9.08715,-4.24416,-12.3856,5.23592,0.729304,-0.0129586,0.00426519,0.0123697,1.74575,-1.744,0.20084,0.0866953,0.539761,0.802128,16.724,9.21017,-0.87791,-6.72164,-10.1568,-0.250717,-2.97766,-4.76919,0.239712,0.123486,0.272038,-6.30023,-1.99904,-0.00374173,0,898,-6.93889e-18,-1.38778e-17,-3.23092e-17,3.20924e-17,0,0,1.89735e-18,5.20417e-17,5.20417e-17,7.95262e-17,0,-0.53897,-0.305589,0.508227,-0.00888279,3.14159,2.21971,0.0758691,3.26691,-0.0104435,-0.392699,4.18128,0.0743399,3.13404,-0.0105706,0.523599,0,0,0,0.0894257,-0.0102259,-0.53897,0.508227,3.12622,2.21971,3.26691,-0.398283,4.18128,3.13408,0.516044,0.00971129,-2.47749,1.04729,5.08602e-05,-0.238093,0.00247394,0.349149,-0.3488,0.0294079,0.0498452,0.012617,1.00019,-17.4229,68.569,5.96532,6.72663,-15.0976,2.56289,6.25344,-15.6016,3.11614
0.86,-6.28917,-2.00275,0.102977,0.328997,-0.000547648,1.0266,-0.529211,-0.172095,0.510404,0.189049,3.13633,-2.44523,2.22949,-3.42455,3.27854,0.168996,-0.388415,-4.28354,4.191,-3.20677,3.14562,-0.624198,0.52593,-5.23916,-2.00054,-7.59742,-0.408329,-7.56565,-3.66398,-4.68917,-2.00363,-7.08841,-0.616676,-7.08993,-3.38796,0.343568,0.242404,-0.587075,0.0908772,-0.00382702,0.233191,-0.0108075,-0.477758,-0.539471,-2.07445,0.507727,-0.0461399,3.12572,-0.00548253,2.21923,0.408817,3.26643,-0.0524234,-0.39877,0.00916428,4.18074,0.40407,3.13355,-0.0530284,0.515512,-0.0508148,1.00845,0.350269,-1.26496,1.38371,-15.4362,12.9507,-28.392,15.8453,4.15785,-8.35472,18.3713,-15.7233,5.32961,-1.56855,0.00346567,-0.00769257,-0.759887,5.18359,-23.6733,14.8827,0,6.35766,-0.564443,6.77906,-4.89738,2.32983,0.317561,0.0136564,-0.00533224,-0.722109,3.89906,-34.0593,17.1445,25.4675,1.14511,9.18428,-4.2746,-12.6849,5.30345,0.796447,-0.013047,0.00429336,0.0126602,1.76828,-1.76651,0.200862,0.105286,0.580151,0.848298,17.2404,9.37056,-0.964975,-7.39331,-11.1449,-0.240586,-3.1481,-5.00741,0.240727,0.119945,0.275544,-6.28925,-1.99893,-0.00382702,0,948,6.93889e-18,-1.38778e-17,5.69206e-18,-3.27429e-17,-2.42861e-17,-3.1225e-17,-3.07371e-17,9.71445e-17,9.71445e-17,1.01915e-16,0,-0.539471,-0.316007,0.507725,-0.00893577,3.14159,2.21923,0.0817647,3.26642,-0.0104847,-0.392699,4.18074,0.0808268,3.13351,-0.0106057,0.523599,0,0,0,0.090611,-0.0108075,-0.539471,0.507727,3.12572,2.21923,3.26643,-0.39877,4.18074,3.13355,0.515512,0.0102599,-2.53734,1.06079,4.9105e-05,-0.227865,0.00253204,0.353656,-0.353302,0.0320813,0.0499842,0.0126637,1.00019,-15.932,70.2393,6.13553,7.30076,-16.1552,2.7197,7.51924,-16.9199,3.27588
0.88,-6.27767,-2.00265,0.10462,0.340773,-0.000596289,1.0441,-0.529235,-0.161396,0.510119,0.191316,3.13633,-2.46797,2.22951,-3.4409,3.27869,0.145214,-0.388387,-4.28929,4.19126,-3.21176,3.146,-0.629686,0.526193,-5.22766,-2.0005,-7.58586,-0.408194,-7.55415,-3.66395,-4.67767,-2.0036,-7.07685,-0.616531,-7.0785,-3.38781,0.353987,0.226181,-0.591954,0.0924137,-0.00384184,0.246417,-0.0114385,-0.509584,-0.540077,-2.14765,0.50712,-0.0464475,3.12511,-0.00235353,2.21867,0.439862,3.26587,-0.0525793,-0.39933,0.019225,4.18042,0.431999,3.13322,-0.0536295,0.515186,-0.050993,1.00873,0.368038,-1.26576,1.3944,-16.9063,13.1972,-29.1442,16.3989,5.20856,-8.59561,19.0433,-16.2735,5.35273,-1.59267,0.00339233,-0.0075885,-0.74476,5.46537,-23.5462,15.0739,0,6.09129,-0.601361,6.69786,-4.98295,2.25586,0.328524,0.0140277,-0.00564117,-0.699244,4.19448,-34.2697,17.2898,26.0672,1.1927,9.2775,-4.30977,-12.9777,5.36538,0.857105,-0.0149336,0.00492186,0.0147169,1.78895,-1.78692,0.200891,0.0821733,0.588775,0.874679,17.7777,9.48066,-1.13657,-8.20949,-12.339,-0.287463,-3.3845,-5.28066,0.241758,0.116133,0.278753,-6.27761,-1.99881,-0.00384184,0,1001,0,-1.38778e-17,-7.86047e-18,6.15827e-17,-1.04083e-17,-1.73472e-17,-1.59378e-17,1.45717e-16,1.35308e-16,1.20889e-16,0,-0.540077,-0.327061,0.507119,-0.00899343,3.14159,2.21867,0.0879744,3.26586,-0.0105159,-0.392699,4.18042,0.086415,3.13318,-0.0107259,0.523599,0,0,0,0.0921343,-0.0114385,-0.540077,0.50712,3.12511,2.21867,3.26587,-0.39933,4.18042,3.13322,0.515186,0.0108422,-2.59596,1.07319,5.58661e-05,-0.274684,0.00294339,0.35779,-0.357384,0.0346183,0.0501318,0.0127133,1.00019,-14.7719,72.2064,6.33949,7.31995,-17.1425,2.89972,6.93794,-17.8057,3.37719
0.9,-6.26568,-2.00253,0.105983,0.352782,-0.000657596,1.06194,-0.529205,-0.150772,0.509872,0.193391,3.13638,-2.49392,2.22949,-3.45952,3.27882,0.117903,-0.388402,-4.29542,4.19151,-3.21678,3.14639,-0.635106,0.526464,-5.21567,-2.0005,-7.57378,-0.408016,-7.54217,-3.66391,-4.66568,-2.00358,-7.06477,-0.616362,-7.06659,-3.38764,0.364315,0.207703,-0.596852,0.0934722,-0.00385583,0.260576,-0.0120942,-0.541144,-0.540641,-2.22541,0.506556,-0.0467538,3.12455,0.00118164,2.21805,0.475334,3.26525,-0.0527221,-0.399946,0.0213014,4.18008,0.468605,3.13288,-0.0542584,0.514854,-0.0511662,1.00893,0.387056,-1.26648,1.40576,-18.5283,13.4645,-29.9671,17.0179,6.38319,-8.85711,19.7807,-16.8885,5.37877,-1.61675,0.00332231,-0.00749353,-0.729072,5.76498,-23.3992,15.2849,0,5.81263,-0.637096,6.60397,-5.07819,2.17658,0.340171,0.0143431,-0.00596192,-0.674742,4.27339,-34.5194,17.4444,26.7804,1.4029,9.39095,-4.34749,-13.327,5.43918,0.936656,-0.0168998,0.00557338,0.0169531,1.81358,-1.81127,0.20091,0.0681396,0.600449,0.892168,18.3111,9.58115,-1.29754,-9.14154,-13.7113,-0.3065,-3.62325,-5.55037,0.242939,0.112057,0.282599,-6.26577,-1.99867,-0.00385583,0,1055,1.38778e-17,-1.38778e-17,1.70491e-17,9.54098e-18,-1.04083e-17,-1.38778e-17,-2.22804e-17,5.20417e-17,4.85723e-17,6.63532e-17,0,-0.540641,-0.338807,0.506554,-0.00905035,3.14159,2.21805,0.0950678,3.26525,-0.0105444,-0.392699,4.18008,0.0937327,3.13285,-0.0108517,0.523599,0,0,0,0.0931835,-0.0120942,-0.540641,0.506556,3.12455,2.21805,3.26525,-0.399946,4.18008,3.13288,0.514854,0.0114366,-2.66571,1.08792,4.0612e-05,-0.300148,0.00339063,0.362717,-0.362255,0.0379053,0.0502826,0.0127639,1.00019,-13.6338,74.2905,6.52994,7.69646,-18.3355,3.09708,7.41673,-19.0998,3.47697
0.92,-6.25314,-2.00242,0.107421,0.365202,-0.000689627,1.0803,-0.529204,-0.139505,0.509593,0.194828,3.1364,-2.52268,2.22946,-3.48022,3.27895,0.087183,-0.388423,-4.30155,4.19173,-3.22169,3.14677,-0.640672,0.52669,-5.20313,-2.00044,-7.56119,-0.407866,-7.52961,-3.66388,-4.65314,-2.00352,-7.05218,-0.616226,-7.0541,-3.38751,0.37528,0.187151,-0.601613,0.0942023,-0.00389262,0.275582,-0.0127656,-0.577284,-0.54128,-2.30394,0.505917,-0.0471343,3.12391,0.00633904,2.21738,0.513592,3.26458,-0.0528889,-0.400613,0.0234089,4.17965,0.508872,3.13245,-0.054852,0.514432,-0.0513453,1.00907,0.407239,-1.26716,1.41791,-20.407,13.7537,-30.867,17.6973,7.80783,-9.14125,20.5908,-17.565,5.40266,-1.63663,0.00319141,-0.00726177,-0.712505,6.08686,-23.2361,15.5153,0,5.52911,-0.678952,6.50025,-5.18268,2.09362,0.351204,0.0147688,-0.00636425,-0.649116,4.3378,-34.7868,17.6069,27.5618,1.64682,9.51478,-4.38744,-13.7108,5.51753,1.02552,-0.0186478,0.00615165,0.0190651,1.83972,-1.83716,0.200925,0.0719282,0.620986,0.918224,18.8796,9.64852,-1.43827,-10.1783,-15.2562,-0.306695,-3.85806,-5.82797,0.24401,0.107789,0.286678,-6.25308,-1.99852,-0.00389262,0,1113,-1.38778e-17,-2.77556e-17,-2.37169e-17,2.35272e-17,-3.46945e-18,-1.38778e-17,-1.21973e-17,1.83881e-16,1.73472e-16,1.82688e-16,0,-0.54128,-0.350644,0.505915,-0.00912801,3.14159,2.21738,0.102719,3.26458,-0.0105778,-0.392699,4.17965,0.101785,3.13243,-0.0109704,0.523599,0,0,0,0.0939068,-0.0127656,-0.54128,0.505917,3.12391,2.21738,3.26458,-0.400613,4.17965,3.13245,0.514432,0.012076,-2.74242,1.10358,3.47874e-05,-0.298155,0.00381302,0.367944,-0.367432,0.0415165,0.050445,0.0128185,1.0002,-12.0699,76.2649,6.74446,8.44513,-19.7087,3.3113,8.63082,-20.6852,3.60332
0.94,-6.24001,-2.00228,0.10875,0.377765,-0.000712263,1.09885,-0.529224,-0.12816,0.509281,0.195263,3.13641,-2.55456,2.22938,-3.50349,3.27904,0.0520107,-0.388493,-4.30773,4.19188,-3.22659,3.14709,-0.646552,0.526843,-5.19,-2.00032,-7.54801,-0.407666,-7.51647,-3.66378,-4.64001,-2.00342,-7.03902,-0.616065,-7.04099,-3.38735,0.386306,0.164043,-0.606347,0.0949855,-0.00391278,0.291231,-0.0134509,-0.614633,-0.541963,-2.38632,0.505235,-0.0475369,3.12323,0.011382,2.21664,0.553642,3.26384,-0.0529873,-0.401352,0.0251785,4.17914,0.550993,3.13194,-0.055298,0.513911,-0.0515318,1.00922,0.428377,-1.2679,1.43107,-22.5137,14.0717,-31.8647,18.4584,9.43962,-9.45365,21.4909,-18.3226,5.42794,-1.6547,0.0030421,-0.00698719,-0.695181,6.4167,-23.0631,15.7657,0,5.24642,-0.722014,6.38926,-5.29567,2.00684,0.360688,0.0147837,-0.00662018,-0.622263,4.37528,-35.0596,17.7797,28.3863,1.92101,9.64302,-4.43034,-14.1173,5.59963,1.1204,-0.0197248,0.00651036,0.0205659,1.86713,-1.86441,0.20094,0.0664206,0.628189,0.927208,19.4521,9.66456,-1.59373,-11.3456,-17.0212,-0.308686,-4.09559,-6.12057,0.245136,0.103322,0.290942,-6.23997,-1.99836,-0.00391278,0,1173,-1.38778e-17,0,4.14165e-17,-1.39862e-17,-3.81639e-17,-2.77556e-17,-2.8135e-17,1.52656e-16,1.52656e-16,1.73147e-16,0,-0.541963,-0.363058,0.505235,-0.0092123,3.14159,2.21664,0.110729,3.26384,-0.0105975,-0.392699,4.17914,0.110213,3.13191,-0.0110596,0.523599,0,0,0,0.0946827,-0.0134509,-0.541963,0.505235,3.12323,2.21664,3.26384,-0.401352,4.17914,3.13194,0.513911,0.0127387,-2.82379,1.12001,4.3572e-05,-0.300782,0.00411318,0.373426,-0.372881,0.0453718,0.0506135,0.0128752,1.0002,-10.7676,78.4673,6.97213,9.24346,-21.1526,3.54792,9.81615,-22.3339,3.75788
0.96,-6.2263,-2.00212,0.110091,0.390717,-0.000752323,1.11779,-0.529232,-0.116586,0.508969,0.19507,3.13642,-2.59004,2.22927,-3.52975,3.27911,0.0119079,-0.388599,-4.31387,4.19193,-3.23126,3.14732,-0.652476,0.526916,-5.17629,-2.00023,-7.53422,-0.407425,-7.50281,-3.66363,-4.6263,-2.00333,-7.02526,-0.615881,-7.02734,-3.38716,0.397551,0.137957,-0.610853,0.095634,-0.00393991,0.307364,-0.014177,-0.651754,-0.542657,-2.47186,0.50454,-0.0479743,3.12253,0.0164266,2.21584,0.595595,3.26304,-0.0530668,-0.402151,0.026244,4.17851,0.595425,3.13131,-0.0558424,0.513286,-0.0517222,1.00934,0.450241,-1.26865,1.44502,-24.8308,14.4151,-32.9518,19.3001,11.2643,-9.79108,22.4744,-19.1602,5.45522,-1.67085,0.00285751,-0.00662816,-0.677458,6.75012,-22.8787,16.0336,0,4.96902,-0.764735,6.2707,-5.4166,1.91717,0.368584,0.0146597,-0.00683665,-0.594504,4.37079,-35.3384,17.9597,29.2549,2.23559,9.77686,-4.47566,-14.5478,5.68496,1.22276,-0.021172,0.00699196,0.0225255,1.89547,-1.89254,0.200952,0.0670402,0.647604,0.946914,20.0358,9.64628,-1.77433,-12.6642,-19.0329,-0.3074,-4.32621,-6.42161,0.246357,0.098708,0.295379,-6.22644,-1.99818,-0.00393991,0,1235,-1.38778e-17,0,-4.0251e-17,1.26852e-17,-6.93889e-18,-1.38778e-17,-1.00831e-17,1.59595e-16,1.52656e-16,1.5374e-16,0,-0.542657,-0.37595,0.504539,-0.00930776,3.14159,2.21584,0.11912,3.26304,-0.0106134,-0.392699,4.17851,0.119099,3.13128,-0.0111685,0.523599,0,0,0,0.0953251,-0.014177,-0.542657,0.50454,3.12253,2.21584,3.26304,-0.402151,4.17851,3.13131,0.513286,0.0134247,-2.90987,1.13707,4.01212e-05,-0.300442,0.00450509,0.379095,-0.378508,0.0495323,0.0507881,0.0129339,1.0002,-8.88683,80.4657,7.20483,10.0183,-22.6384,3.8035,11.1319,-24.0683,3.946
0.98,-6.21205,-2.00196,0.111558,0.404228,-0.000788901,1.13729,-0.529204,-0.10457,0.508683,0.194361,3.13648,-2.62976,2.22913,-3.55962,3.27916,-0.0342798,-0.388731,-4.32005,4.19196,-3.23596,3.14753,-0.658585,0.526961,-5.16204,-2.00014,-7.51989,-0.407165,-7.4886,-3.66346,-4.61205,-2.00323,-7.01096,-0.615693,-7.01314,-3.38697,0.409223,0.108272,-0.615382,0.0962491,-0.00397718,0.324216,-0.0149453,-0.690624,-0.543361,-2.56071,0.503837,-0.048405,3.12183,0.0225017,2.21497,0.639113,3.26217,-0.0531388,-0.403023,0.0304228,4.17781,0.640498,3.13061,-0.056524,0.512586,-0.0519241,1.00946,0.473177,-1.26946,1.4601,-27.4568,14.792,-34.1572,20.2431,13.3781,-10.1614,23.5673,-20.0986,5.48344,-1.68444,0.00268517,-0.00629424,-0.659034,7.09562,-22.6821,16.324,0,4.69675,-0.811919,6.14397,-5.54748,1.82418,0.374337,0.014426,-0.00702456,-0.565709,4.43606,-35.623,18.1529,30.1631,2.52558,9.91428,-4.52444,-14.9986,5.77147,1.32945,-0.0231279,0.00764573,0.0251175,1.92411,-1.92089,0.200965,0.0733478,0.675524,0.975362,20.6412,9.60274,-1.98564,-14.1644,-21.3489,-0.308588,-4.55948,-6.73631,0.247619,0.0939223,0.299875,-6.21206,-1.99799,-0.00397718,0,1301,1.38778e-17,2.77556e-17,-1.92988e-17,-8.13152e-18,-2.77556e-17,-3.46945e-17,-3.5345e-17,-9.02056e-17,-9.02056e-17,-9.69277e-17,0,-0.543361,-0.389344,0.503836,-0.00940159,3.14159,2.21497,0.127823,3.26217,-0.0106278,-0.392699,4.17781,0.128114,3.13058,-0.0113048,0.523599,0,0,0,0.0959342,-0.0149453,-0.543361,0.503837,3.12183,2.21497,3.26217,-0.403023,4.17781,3.13061,0.512586,0.0141564,-3.00003,1.15437,3.86359e-05,-0.297524,0.0050235,0.384823,-0.384178,0.0538716,0.0509745,0.0129965,1.0002,-6.40403,82.2894,7.43954,10.7547,-24.1632,4.08261,12.3811,-25.8455,4.159
1,-6.19727,-2.0018,0.11328,0.418316,-0.000826572,1.15731,-0.529164,-0.0922028,0.508394,0.19279,3.13656,-2.67384,2.22898,-3.59375,3.2792,-0.0873161,-0.388875,-4.32618,4.19203,-3.24066,3.14778,-0.66466,0.527042,-5.14726,-2.00006,-7.50502,-0.406898,-7.47385,-3.6633,-4.59727,-2.00313,-6.99612,-0.615502,-6.99841,-3.38678,0.421229,0.0743326,-0.619921,0.0969678,-0.00403164,0.341922,-0.0157383,-0.731837,-0.544076,-2.65387,0.503122,-0.0488411,3.12111,0.0293924,2.21407,0.684282,3.26126,-0.0532081,-0.403929,0.0371745,4.17712,0.686455,3.12992,-0.0570178,0.511898,-0.0521347,1.00961,0.4974,-1.27035,1.47662,-30.4775,15.2124,-35.5145,21.3143,15.8618,-10.5744,24.8012,-21.1645,5.51281,-1.69495,0.0025077,-0.00594507,-0.639658,7.4523,-22.472,16.6414,0,4.4302,-0.862779,6.00841,-5.6904,1.72699,0.377512,0.0141477,-0.00721446,-0.535608,4.55989,-35.9196,18.3657,31.1211,2.7991,10.0562,-4.57802,-15.4733,5.86027,1.44079,-0.0242627,0.00803522,0.0269074,1.95367,-1.95027,0.200979,0.0861124,0.704416,1.00072,21.2643,9.5158,-2.20398,-15.8785,-24.0075,-0.306501,-4.79166,-7.04223,0.248929,0.0889193,0.304485,-6.19727,-1.99777,-0.00403164,0,1369,1.38778e-17,1.38778e-17,1.97867e-17,7.69784e-18,-2.08167e-17,-2.08167e-17,-2.34188e-17,4.85723e-17,4.16334e-17,4.67291e-17,0,-0.544076,-0.403385,0.503121,-0.00949789,3.14159,2.21407,0.136857,3.26126,-0.0106416,-0.392699,4.17712,0.137305,3.12989,-0.0114036,0.523599,0,0,0,0.0966458,-0.0157383,-0.544076,0.503122,3.12111,2.21407,3.26126,-0.403929,4.17712,3.12992,0.511898,0.0149118,-3.09494,1.17213,3.67589e-05,-0.283246,0.00538148,0.390734,-0.390054,0.0583456,0.0511672,0.0130613,1.00021,-3.6233,84.103,7.67735,11.6312,-25.7682,4.37315,13.8018,-27.7025,4.36469
1.02,-6.18197,-2.00163,0.115246,0.432965,-0.000873623,1.1778,-0.529127,-0.0794365,0.508087,0.190019,3.13663,-2.72284,2.22879,-3.63309,3.27922,-0.149126,-0.389056,-4.33232,4.19216,-3.24554,3.14811,-0.670626,0.527193,-5.13196,-1.99999,-7.48962,-0.406593,-7.45857,-3.66316,-4.58197,-2.00303,-6.98076,-0.615293,-6.98318,-3.38657,0.433614,0.0351861,-0.624623,0.0979204,-0.00409436,0.360373,-0.0165646,-0.775091,-0.544818,-2.75152,0.502379,-0.049316,3.12037,0.0364144,2.2131,0.730661,3.2603,-0.0532613,-0.404896,0.0454709,4.17647,0.732995,3.12927,-0.0577098,0.511258,-0.0523566,1.0098,0.522822,-1.27137,1.49472,-33.952,15.6827,-37.048,22.5344,18.7744,-11.0365,26.1992,-22.3785,5.54356,-1.70173,0.00228623,-0.00548627,-0.619335,7.81319,-22.2502,16.9878,0,4.17335,-0.914779,5.86446,-5.84572,1.6257,0.377617,0.0137247,-0.00735026,-0.504224,4.71513,-36.2282,18.6022,32.1252,3.06846,10.2013,-4.63725,-15.9688,5.95162,1.55714,-0.0261807,0.00869512,0.0296538,1.98405,-1.98036,0.200998,0.0983301,0.732426,1.02473,21.9075,9.36581,-2.45036,-17.8553,-27.1048,-0.307292,-5.02854,-7.34373,0.250298,0.0837042,0.309224,-6.18207,-1.99754,-0.00409436,0,1439,0,-1.38778e-17,-7.7927e-18,-4.78133e-17,0,-2.08167e-17,-2.56956e-17,6.93889e-17,6.245e-17,7.58942e-17,0,-0.544818,-0.418099,0.502379,-0.00960788,3.14159,2.2131,0.146133,3.2603,-0.0106523,-0.392699,4.17647,0.146611,3.12925,-0.011542,0.523599,0,0,0,0.0975888,-0.0165646,-0.544818,0.502379,3.12037,2.2131,3.2603,-0.404896,4.17647,3.12927,0.511258,0.015691,-3.194,1.19039,3.07676e-05,-0.269321,0.00593076,0.39681,-0.396073,0.0630443,0.0513662,0.0131282,1.00021,-0.43586,85.8492,7.9236,12.4908,-27.4006,4.68377,15.1514,-29.5782,4.55728
1.04,-6.16616,-2.00146,0.117596,0.448252,-0.000916539,1.19879,-0.529071,-0.066254,0.507782,0.185821,3.13673,-2.77711,2.22857,-3.67858,3.27922,-0.221533,-0.389267,-4.3383,4.1923,-3.25023,3.14844,-0.676433,0.527343,-5.11615,-1.99992,-7.47371,-0.406279,-7.44279,-3.66302,-4.56616,-2.00293,-6.96489,-0.61509,-6.96743,-3.38637,0.446395,-0.0100893,-0.629132,0.0990846,-0.00417956,0.379615,-0.0174219,-0.820101,-0.545577,-2.85411,0.501621,-0.0498895,3.11961,0.0442338,2.21207,0.778055,3.25926,-0.0533086,-0.40593,0.0516186,4.17579,0.782109,3.12859,-0.0584107,0.51058,-0.0525926,1.01003,0.549532,-1.27251,1.51453,-37.9637,16.2113,-38.7884,23.9317,22.1964,-11.5559,27.7908,-23.7688,5.57617,-1.70387,0.00194941,-0.00473933,-0.598055,8.17921,-22.0153,17.366,0,3.92918,-0.968596,5.71135,-6.01476,1.52062,0.37435,0.0131868,-0.00743991,-0.471658,4.77784,-36.5489,18.8605,33.1927,3.40946,10.3518,-4.70201,-16.4956,6.04904,1.68316,-0.028064,0.00935402,0.0324867,2.01646,-2.01249,0.201022,0.117482,0.764383,1.04956,22.5714,9.13609,-2.71342,-20.1406,-30.732,-0.299095,-5.2564,-7.63686,0.25175,0.0782944,0.314278,-6.16625,-1.99728,-0.00417956,0,1512,1.38778e-17,4.16334e-17,1.0842e-19,-2.81893e-17,-6.93889e-18,-1.38778e-17,-2.18467e-17,7.63278e-17,7.63278e-17,7.97973e-17,0,-0.545577,-0.433559,0.50162,-0.00975231,3.14159,2.21207,0.155612,3.25926,-0.0106617,-0.392699,4.17579,0.156433,3.12857,-0.0116821,0.523599,0,0,0,0.0987411,-0.0174219,-0.545577,0.501621,3.11961,2.21207,3.25926,-0.40593,4.17579,3.12859,0.51058,0.0165054,-3.29934,1.20986,2.66767e-05,-0.241345,0.00649733,0.403292,-0.402497,0.0680972,0.0515745,0.0131983,1.00022,3.32025,87.4466,8.17555,13.3877,-29.0652,5.01599,16.9367,-31.6225,4.76005
1.06,-6.14983,-2.00131,0.120557,0.464318,-0.000953816,1.22033,-0.528986,-0.0526152,0.507486,0.179915,3.13686,-2.83678,2.22832,-3.73144,3.27921,-0.306967,-0.389507,-4.34394,4.1924,-3.25456,3.14875,-0.682007,0.527465,-5.09983,-1.99987,-7.45728,-0.405969,-7.42648,-3.66289,-4.54983,-2.00284,-6.94851,-0.614906,-6.95115,-3.38619,0.459607,-0.0627277,-0.633276,0.1006,-0.00430197,0.399641,-0.0183089,-0.866591,-0.546341,-2.96249,0.500857,-0.0505758,3.11885,0.0527469,2.21097,0.825971,3.25817,-0.0533434,-0.407026,0.057301,4.17505,0.832395,3.12785,-0.0590863,0.509838,-0.052846,1.01034,0.577599,-1.27383,1.53633,-42.6218,16.8105,-40.7807,25.5457,26.2328,-12.1446,29.6191,-25.3747,5.61129,-1.70063,0.00146498,-0.00361181,-0.575746,8.54714,-21.7677,17.78,0,3.70076,-1.02318,5.54917,-6.19911,1.41177,0.367257,0.0124626,-0.00743132,-0.437906,4.79661,-36.8729,19.1427,34.3064,3.7895,10.5039,-4.77291,-17.0458,6.15105,1.81606,-0.0297695,0.00996832,0.0352323,2.05039,-2.04616,0.201054,0.148071,0.803292,1.07669,23.2583,8.81046,-2.98339,-22.796,-35.0093,-0.281869,-5.46762,-7.91855,0.253312,0.0726893,0.319566,-6.14981,-1.99701,-0.00430197,0,1588,0,1.38778e-17,-2.43132e-17,2.43945e-17,2.77556e-17,2.08167e-17,1.92446e-17,1.38778e-16,1.45717e-16,1.32706e-16,0,-0.546341,-0.449887,0.500856,-0.00993944,3.14159,2.21097,0.165195,3.25817,-0.0106687,-0.392699,4.17505,0.16649,3.12783,-0.0118173,0.523599,0,0,0,0.100241,-0.0183089,-0.546341,0.500857,3.11885,2.21097,3.25817,-0.407026,4.17505,3.12785,0.509838,0.0173551,-3.40939,1.23026,2.63366e-05,-0.194053,0.00704646,0.410079,-0.409231,0.0733623,0.0517921,0.0132714,1.00022,7.82535,88.8174,8.42975,14.3333,-30.7429,5.36887,19.1591,-33.8088,4.98189
1.08,-6.13296,-2.00118,0.124365,0.481293,-0.00099543,1.24235,-0.528802,-0.0388496,0.507258,0.172152,3.13709,-2.9019,2.22805,-3.79341,3.27918,-0.408618,-0.389771,-4.34908,4.19247,-3.25839,3.14902,-0.687203,0.527552,-5.08296,-1.99991,-7.4403,-0.405668,-7.40965,-3.66276,-4.53296,-2.00277,-6.93158,-0.614742,-6.93434,-3.38602,0.472911,-0.12446,-0.636917,0.102711,-0.00447188,0.420426,-0.0192247,-0.912131,-0.547031,-3.07943,0.500166,-0.0514891,3.11816,0.0616459,2.20982,0.873589,3.25702,-0.0533768,-0.408172,0.063251,4.17425,0.882532,3.12705,-0.0597111,0.509036,-0.0531195,1.01078,0.60711,-1.27541,1.56054,-48.0079,17.4966,-43.086,27.4364,30.9499,-12.8181,31.7407,-27.2551,5.65217,-1.69142,0.000663626,-0.00166107,-0.552472,8.91306,-21.5089,18.235,0,3.49086,-1.07744,5.37846,-6.40079,1.29914,0.355778,0.0116336,-0.00735605,-0.402974,4.79512,-37.1926,19.4536,35.4466,4.18888,10.6537,-4.85121,-17.6102,6.25686,1.95313,-0.0312004,0.0105115,0.0377533,2.08559,-2.08112,0.201098,0.190352,0.848742,1.10135,23.9504,8.36821,-3.25625,-25.9079,-40.0971,-0.257101,-5.65543,-8.18133,0.25513,0.0668882,0.325041,-6.13297,-1.99671,-0.00447188,0,1666,-1.38778e-17,0,3.98715e-17,-9.65889e-17,-6.93889e-18,-2.08167e-17,-2.30122e-17,2.01228e-16,2.08167e-16,2.20744e-16,0,-0.547031,-0.467517,0.500165,-0.0102152,3.14159,2.20982,0.174718,3.25702,-0.0106754,-0.392699,4.17425,0.176518,3.12703,-0.0119422,0.523599,0,0,0,0.102328,-0.0192247,-0.547031,0.500166,3.11816,2.20982,3.25702,-0.408172,4.17425,3.12705,0.509036,0.0182292,-3.52225,1.25142,2.51776e-05,-0.127326,0.00755065,0.417118,-0.416224,0.0787217,0.0520163,0.0133468,1.00023,13.0526,89.9831,8.66206,15.2836,-32.3889,5.73827,21.7465,-36.0794,5.22171
1.1,-6.11557,-2.00108,0.129252,0.499305,-0.00104219,1.2648,-0.528405,-0.0250556,0.507205,0.161847,3.13754,-2.9726,2.22776,-3.86699,3.27913,-0.531316,-0.390059,-4.35359,4.19249,-3.26157,3.14924,-0.691935,0.527587,-5.06557,-2.0001,-7.42278,-0.405382,-7.39231,-3.66263,-4.51557,-2.00275,-6.91413,-0.614607,-6.91701,-3.38589,0.486203,-0.197801,-0.639915,0.105653,-0.00469896,0.441953,-0.0201701,-0.954954,-0.547533,-3.20689,0.499664,-0.0531284,3.11766,0.0709998,2.20863,0.919889,3.25583,-0.0534152,-0.409366,0.0693586,4.17336,0.931613,3.12617,-0.0602333,0.508157,-0.0534193,1.01141,0.638199,-1.27732,1.58762,-54.2393,18.2868,-45.7746,29.6735,36.45,-13.5926,34.2202,-29.4779,5.70128,-1.67016,-0.00116479,0.00296374,-0.528414,9.2748,-21.2401,18.7376,0,3.30198,-1.13086,5.19957,-6.62235,1.18299,0.339479,0.0107288,-0.00721898,-0.366946,4.76987,-37.5005,19.7982,36.5955,4.60398,10.7975,-4.93816,-18.1804,6.36647,2.09251,-0.0321423,0.0109159,0.0397567,2.12206,-2.11742,0.201162,0.244384,0.900571,1.12226,24.6408,7.72256,-3.53502,-29.602,-46.2371,-0.225399,-5.8135,-8.42069,0.257321,0.0609047,0.330705,-6.11574,-1.99638,-0.00469896,0,1746,0,-1.38778e-17,3.21737e-17,-3.36103e-18,2.08167e-17,-2.77556e-17,-2.98698e-17,1.04083e-16,1.11022e-16,9.38919e-17,0,-0.547533,-0.486765,0.499664,-0.0107761,3.14159,2.20863,0.183978,3.25583,-0.010683,-0.392699,4.17336,0.186334,3.12615,-0.0120467,0.523599,0,0,0,0.105237,-0.0201701,-0.547533,0.499664,3.11766,2.20863,3.25583,-0.409366,4.17336,3.12617,0.508157,0.0191279,-3.63629,1.27334,2.38242e-05,-0.041214,0.00795135,0.424412,-0.423485,0.0840955,0.052247,0.0134244,1.00025,19.088,90.8768,8.84092,16.1538,-33.9503,6.12405,24.6672,-38.3982,5.4846
1.12,-6.09774,-2.00113,0.13654,0.519553,-0.00111903,1.288,-0.527247,-0.0120762,0.507822,0.149244,3.13874,-3.04696,2.22696,-3.94835,3.27861,-0.685352,-0.39084,-4.35681,4.19242,-3.26339,3.14936,-0.695642,0.527535,-5.04774,-2.00092,-7.40467,-0.40497,-7.37461,-3.6626,-4.49774,-2.00293,-6.89619,-0.6146,-6.89929,-3.38588,0.498595,-0.278898,-0.641566,0.109655,-0.00510226,0.464189,-0.0211816,-0.97673,-0.54731,-3.3588,0.499888,-0.0571479,3.11788,0.0788824,2.2069,0.964944,3.2541,-0.0532563,-0.411096,0.074916,4.17236,0.979037,3.12516,-0.0605675,0.507155,-0.0537557,1.01229,0.671037,-1.27969,1.61813,-60.8732,19.1946,-48.916,32.3995,42.1776,-14.4716,37.0992,-32.1669,5.77823,-1.625,-0.00650874,0.0168597,-0.50573,9.62312,-20.9615,19.2991,0,3.13579,-1.17418,5.00385,-6.8614,1.06233,0.318769,0.00768145,-0.00552282,-0.329434,4.69596,-37.7895,20.1824,37.7344,5.04396,10.9323,-5.0355,-18.7485,6.48035,2.2329,-0.03224,0.0110626,0.0407469,2.15996,-2.15527,0.201252,0.364369,1.01243,1.15982,25.2641,6.68934,-3.71784,-33.7093,-53.9361,-0.160796,-5.90816,-8.60828,0.260836,0.0546917,0.336576,-6.09789,-1.99603,-0.00510226,0,1829,0,2.77556e-17,8.58688e-17,-1.43548e-16,0,-2.08167e-17,-2.06541e-17,9.02056e-17,8.32667e-17,1.11239e-16,0,-0.54731,-0.510005,0.499888,-0.0122994,3.14159,2.2069,0.19299,3.2541,-0.0106513,-0.392699,4.17236,0.195816,3.12515,-0.0121135,0.523599,0,0,0,0.10919,-0.0211816,-0.54731,0.499888,3.11788,2.2069,3.2541,-0.411096,4.17236,3.12516,0.507155,0.0200625,-3.74987,1.29611,1.88245e-05,0.128582,0.00814938,0.431992,-0.431054,0.0892068,0.0524873,0.0135052,1.00027,27.3001,90.7596,8.81208,16.9769,-35.3131,6.67814,29.2065,-41.0575,5.78521
1.14,-6.0796,-2.00155,0.149032,0.544682,-0.00131531,1.31769,-0.525146,0.044309,0.510125,0.302013,3.14067,-3.12282,2.22509,-4.02511,3.27698,-0.882753,-0.392678,-4.35746,4.19219,-3.26254,3.14929,-0.6972,0.527335,-5.0296,-2.0028,-7.38587,-0.404278,-7.3568,-3.66276,-4.4796,-2.00365,-6.87778,-0.614856,-6.88142,-3.38613,0.55536,-0.355447,-0.640585,0.11607,-0.00588749,0.487437,-0.0223374,-0.98232,-0.546168,-3.26953,0.501029,-0.0452964,3.11903,0.0875824,2.20407,1.00279,3.25126,-0.0523851,-0.413924,0.0796512,4.17116,1.02096,3.12397,-0.0605021,0.505979,-0.0541619,1.01378,0.706793,-1.2831,1.65474,-68.3377,20.2697,-52.7307,35.8062,45.8286,-14.5683,38.1285,-33.6393,5.5949,-2.04969,0.0149373,-0.0393389,-0.599977,9.97717,-20.6841,19.9491,0,2.98766,-1.21539,4.78607,-7.11805,0.938642,0.294606,-0.0038547,0.00297455,-0.290522,4.57441,-38.0356,20.6394,38.7925,5.48632,11.0448,-5.1521,-19.2822,6.6002,2.36605,-0.0306543,0.0106782,0.0395386,2.1999,-2.19539,0.201404,0.624644,1.25645,1.48465,25.6957,13.0206,-3.79316,-37.6409,-63.7227,-0.0326448,-5.87755,-8.6865,0.259052,0.0483207,0.342695,-6.07966,-1.99566,-0.00588749,0,1914,1.38778e-17,2.77556e-17,4.68375e-17,-4.68375e-17,-6.93889e-18,-2.77556e-17,-3.20721e-17,9.71445e-17,1.04083e-16,1.30755e-16,0,-0.546168,-0.52215,0.501031,-0.00802144,3.14159,2.20407,0.200556,3.25127,-0.010477,-0.392699,4.17116,0.204188,3.12397,-0.0121004,0.523599,0,0,0,0.115517,-0.0223374,-0.546168,0.501029,3.11903,2.20407,3.25126,-0.413924,4.17116,3.12397,0.505979,0.0210221,-3.85636,1.32002,-8.85379e-06,0.466643,0.00790771,0.43998,-0.439078,0.0934958,0.0527344,0.0135883,1.00031,45.2634,80.5454,8.39637,17.042,-35.9449,7.5699,36.8963,-44.3025,6.13896
1.16,-6.06154,-2.00265,0.17157,0.577733,-0.00157422,1.36169,-0.521574,0.227776,0.515652,0.641356,3.14422,-3.19677,2.22346,-4.08259,3.27548,-1.12609,-0.394237,-4.3527,4.1916,-3.25592,3.14883,-0.693981,0.526789,-5.01154,-2.00629,-7.3671,-0.404359,-7.33924,-3.66339,-4.46154,-2.00517,-6.85935,-0.615755,-6.86372,-3.38703,0.740805,-0.412871,-0.633882,0.127798,-0.00738123,0.512947,-0.023547,-0.801765,-0.543547,-2.63004,0.503651,0.093462,3.12165,0.111678,2.20148,1.0174,3.24868,-0.0457634,-0.416495,0.0810184,4.16963,1.05133,3.12243,-0.059569,0.504466,-0.0547172,1.01672,0.748934,-1.28867,1.70381,-71.1748,21.9172,-58.5251,41.7639,36.5378,-12.4207,33.3594,-31.3687,5.11112,-4.69732,0.449156,-1.20975,-0.98262,10.421,-20.4323,20.7554,0,2.83976,-1.3084,4.57702,-7.43458,0.817606,0.289754,-0.0892551,0.0743245,-0.247768,4.31945,-38.1853,21.2338,39.6563,5.94264,11.1083,-5.30445,-19.7315,6.73499,2.48014,-0.0255744,0.00912368,0.0336016,2.24487,-2.24105,0.201704,1.12686,1.65255,2.20006,25.499,27.2928,-3.69733,-40.5967,-74.5906,0.237924,-5.57585,-8.52387,0.254697,0.0420681,0.349439,-6.06168,-1.99527,-0.00738123,0,1998,1.38778e-17,2.77556e-17,2.08167e-17,-8.67362e-17,-2.08167e-17,-1.38778e-17,-1.30104e-17,4.16334e-17,2.77556e-17,6.02816e-17,0,-0.543547,-0.486031,0.503656,0.0244219,3.14159,2.20148,0.20347,3.2487,-0.00915269,-0.392699,4.16963,0.210246,3.12246,-0.0119138,0.523599,0,0,0,0.12706,-0.023547,-0.543547,0.503651,3.12165,2.20148,3.24868,-0.416495,4.16963,3.12243,0.504466,0.0219728,-3.94594,1.34692,-4.08155e-05,1.15892,0.00672031,0.448974,-0.44821,0.0964572,0.0529795,0.0136707,1.00039,70.4733,58.616,7.31891,16.261,-35.0291,8.26684,51.6786,-48.8412,6.59334
1.18,-6.04383,-2.00446,0.20693,0.619122,-0.00179188,1.40596,-0.516478,0.39679,0.524587,0.715222,3.15061,-3.26642,2.22306,-4.10174,3.27499,-1.48678,-0.394481,-4.34068,4.19049,-3.24178,3.14771,-0.684899,0.52571,-4.99381,-2.01125,-7.34901,-0.405786,-7.32213,-3.66452,-4.44383,-2.00733,-6.84134,-0.617391,-6.84631,-3.38867,0.912357,-0.432266,-0.619785,0.149836,-0.00958812,0.540711,-0.0247064,0.0135647,-0.539393,-1.55558,0.507805,0.597128,3.1258,0.148371,2.20014,0.991405,3.24734,-0.0220933,-0.417844,0.0813195,4.16758,1.04942,3.12038,-0.0572905,0.502429,-0.0556187,1.02295,0.801141,-1.29889,1.77504,-44.3642,25.2207,-69.7459,56.041,6.07033,-8.04844,22.3612,-25.283,5.57799,-8.03697,2.33843,-6.5119,-1.43348,10.9875,-20.2607,21.8342,0,2.6575,-1.4776,4.411,-7.86933,0.697767,0.394664,-0.441889,0.399686,-0.195727,4.11854,-38.1368,22.0658,39.9745,6.18107,11.064,-5.51772,-19.9283,6.88261,2.52488,-0.0153846,0.00571035,0.0204606,2.29416,-2.29181,0.202334,1.76801,2.06943,2.21346,17.0222,26.5786,-3.48235,-41.574,-86.494,0.600915,-4.92454,-8.0664,0.288481,0.0358455,0.356518,-6.04395,-1.99488,-0.00958812,0,2081,-2.77556e-17,0,-5.55112e-17,6.245e-17,4.85723e-17,-3.46945e-17,-2.25514e-17,9.71445e-17,1.04083e-16,1.28044e-16,0,-0.539393,-0.310156,0.507809,0.113234,3.14159,2.20014,0.198276,3.24735,-0.00441865,-0.392699,4.16758,0.20985,3.12042,-0.0114581,0.523599,0,0,0,0.148655,-0.0247064,-0.539393,0.507805,3.1258,2.20014,3.24734,-0.417844,4.16758,3.12038,0.502429,0.0229145,-3.98506,1.37638,-6.93952e-05,2.04519,0.00409211,0.458833,-0.458362,0.0979186,0.0532227,0.0137524,1.00051,82.3059,41.2609,6.44757,14.0899,-31.6199,8.275,69.8821,-53.0701,7.20125
1.2,-6.02683,-2.00671,0.253708,0.664411,-0.00167519,1.43108,-0.511057,0.446548,0.535531,0.579955,3.15821,-3.31898,2.22348,-4.04341,3.275,-1.86425,-0.393748,-4.32106,4.18892,-3.22015,3.14592,-0.66976,0.52416,-4.97679,-2.01629,-7.33226,-0.40834,-7.3054,-3.66611,-4.42683,-2.00939,-6.82451,-0.619731,-6.82915,-3.39101,0.965466,-0.374661,-0.598387,0.185313,-0.0122306,0.569918,-0.0254882,1.05034,-0.53487,-0.20369,0.512328,1.09877,3.13033,0.192245,2.19966,0.914526,3.24686,0.0145967,-0.418321,0.08824,4.16511,0.995998,3.11791,-0.0538311,0.499966,-0.0571276,1.03497,0.866748,-1.31679,1.87644,16.3987,30.4357,-87.9284,80.0701,-11.0915,-2.86193,8.27165,-14.592,7.5216,1.18285,4.45518,-12.9467,-1.46854,11.6933,-20.2236,23.2925,0,2.41385,-1.71363,4.29251,-8.45517,0.581006,0.709892,-1.14384,1.13102,-0.153661,4.41233,-37.8924,23.2188,39.5149,5.83555,10.893,-5.81207,-19.7529,7.03202,2.44696,-0.00137464,0.000540682,0.00182998,2.34403,-2.34382,0.203534,2.33889,2.26447,1.25605,4.74414,13.1198,-2.62797,-38.6366,-91.8699,0.981093,-3.92138,-7.30708,0.364751,0.0297623,0.36324,-6.02711,-1.99448,-0.0122306,0,2160,1.38778e-17,5.55112e-17,8.32667e-17,0,-3.46945e-18,-4.16334e-17,-2.77556e-17,8.32667e-17,7.63278e-17,6.40357e-17,0,-0.53487,-0.0371699,0.512331,0.195784,3.14159,2.19966,0.182899,3.24687,0.00291934,-0.392699,4.16511,0.199164,3.11796,-0.0107662,0.523599,0,0,0,0.183117,-0.0254882,-0.53487,0.512328,3.13033,2.19966,3.24686,-0.418321,4.16511,3.11791,0.499966,0.023813,-3.94992,1.40624,-7.95709e-05,2.84891,0.000365995,0.468807,-0.468763,0.0974801,0.053455,0.0138305,1.00065,84.8151,21.1909,4.68589,12.2189,-26.5007,7.9375,85.7131,-54.8911,7.93638
1.22,-6.01066,-2.00924,0.309071,0.709625,-0.00116846,1.45805,-0.506798,0.446733,0.53968,0.694049,3.16161,-3.32852,2.22264,-3.79114,3.27341,-1.80435,-0.394284,-4.29426,4.18709,-3.19212,3.14364,-0.649306,0.522329,-4.96058,-2.02035,-7.31661,-0.410845,-7.28904,-3.66817,-4.41066,-2.01111,-6.80904,-0.622663,-6.81227,-3.39394,0.966394,-0.123452,-0.57081,0.233308,-0.0151499,0.596013,-0.0258478,0.685886,-0.531478,-0.231124,0.51572,0.885821,3.13372,0.224749,2.19796,0.788017,3.24516,0.0648137,-0.420026,0.0972511,4.16241,0.882426,3.11521,-0.0495491,0.497257,-0.0595129,1.0552,0.942375,-1.34526,2.00555,-14.7207,35.2873,-106.688,95.6687,-5.62017,-3.18083,9.62614,-15.9234,7.46072,-3.6321,4.32062,-13.1334,-1.61719,12.4783,-20.402,25.0669,0,2.09972,-1.96347,4.21739,-9.11882,0.479068,1.43669,-2.41382,2.59118,-0.160648,5.16675,-37.5773,24.6701,38.234,4.83671,10.633,-6.18339,-19.1734,7.1625,2.21181,0.0145654,-0.00615013,-0.0190937,2.38759,-2.38997,0.20553,2.76819,2.26067,1.34876,3.95437,11.2297,-0.476954,-26.0652,-66.289,1.34033,-2.61133,-6.28202,0.358252,0.0244489,0.36856,-6.01094,-1.99409,-0.0151499,0,2236,0,2.77556e-17,0,-9.71445e-17,4.85723e-17,-1.38778e-17,4.16334e-17,1.8735e-16,1.80411e-16,1.73039e-16,0,-0.531478,-0.0416353,0.515728,0.137363,3.14159,2.19796,0.1576,3.24517,0.0129627,-0.392699,4.16241,0.17646,3.11525,-0.00990982,0.523599,0,0,0,0.229028,-0.0258478,-0.531478,0.51572,3.13372,2.19796,3.24516,-0.420026,4.16241,3.11521,0.497257,0.0246793,-3.83416,1.43237,-6.41878e-05,3.4045,-0.00381874,0.477519,-0.477994,0.0937556,0.0536793,0.0139059,1.00081,121.575,10.7467,6.80189,10.8725,-20.1188,8.2444,95.6411,-53.1557,8.75346
1.24,-5.99537,-2.01137,0.364507,0.747746,-0.000105195,1.48451,-0.506269,0.458514,0.539572,0.779187,3.16138,-3.22973,2.22,-3.14396,3.26983,-1.29506,-0.396758,-4.26287,4.18499,-3.16028,3.14086,-0.626146,0.520249,-4.94529,-2.02107,-7.30224,-0.412483,-7.27285,-3.67015,-4.39537,-2.01154,-6.79523,-0.625642,-6.79552,-3.39692,0.978303,0.52263,-0.539667,0.291713,-0.0176623,0.615817,-0.0255957,0.169073,-0.531759,-0.387904,0.515438,0.708198,3.13343,0.252773,2.19451,0.607076,3.24171,0.191731,-0.42348,0.0966431,4.1595,0.712258,3.1123,-0.0444428,0.494352,-0.0630318,1.08597,1.02465,-1.38685,2.15722,-81.261,43.441,-137.014,118.794,4.47284,-4.4817,14.1629,-19.8738,7.14119,-11.1438,4.5258,-14.3397,-1.74864,13.4284,-20.951,26.9905,0,1.7021,-2.27832,4.25133,-9.7527,0.415559,3.70417,-5.91641,6.68172,-0.472453,5.98748,-37.3406,26.3491,36.3166,3.39555,10.3434,-6.61744,-18.2777,7.26723,1.82053,0.0322424,-0.0146753,-0.0408841,2.42261,-2.42803,0.208519,2.77176,1.90609,1.32257,4.58629,10.9246,4.93924,6.16204,-11.3538,1.56912,-1.12414,-5.12019,0.34142,0.0211159,0.372201,-5.99586,-1.99371,-0.0176623,0,2307,0,-2.77556e-17,-2.77556e-17,-9.71445e-17,-4.16334e-17,-3.46945e-17,-3.03577e-17,4.85723e-17,4.16334e-17,3.9465e-17,0,-0.531759,-0.0689882,0.51544,0.096642,3.14159,2.19451,0.121414,3.24171,0.0383461,-0.392699,4.1595,0.14243,3.11235,-0.00888857,0.523599,0,0,0,0.283581,-0.0255957,-0.531759,0.515438,3.13343,2.19451,3.24171,-0.42348,4.1595,3.1123,0.494352,0.0254905,-3.65502,1.45331,-7.04591e-05,3.42586,-0.00817682,0.484522,-0.485606,0.0851003,0.0538896,0.0139765,1.00095,150.453,7.7043,8.29665,10.9691,-12.2665,9.70427,93.8276,-46.4938,9.64447
1.26,-5.98091,-2.01343,0.418218,0.779052,0.00132238,1.50308,-0.505987,0.47357,0.53894,0.787188,3.16178,-1.74425,2.21651,3.12017,3.26255,-1.51793,-0.39103,-4.22722,4.18285,-3.12532,3.13787,-0.600725,0.518114,-4.93083,-2.02101,-7.28901,-0.413922,-7.257,-3.67233,-4.38091,-2.01131,-6.78274,-0.628849,-6.77908,-3.40013,0.992324,6.77375,-0.50557,0.352138,-0.0200991,0.624621,-0.0249466,0.303321,-0.532256,-0.611232,0.514941,0.762316,3.13294,0.284889,2.19024,0.383739,3.23744,3.20588,-0.427747,0.0946767,4.15658,0.499755,3.10938,-0.0393185,0.491427,-0.0674513,1.12495,1.09854,-1.43828,2.30646,-89.1589,56.7101,-184.376,162.012,3.50331,-6.59008,21.4732,-27.1099,7.43515,-12.8318,6.08883,-19.8676,-1.85066,14.666,-22.1794,28.5037,0,1.26961,-2.81127,4.61389,-10.1097,0.419749,59.5021,-83.9184,91.5872,-93.3597,7.09885,-37.2647,27.9797,34.052,1.47528,10.0769,-7.04794,-17.2012,7.31384,1.3018,0.0493472,-0.0239945,-0.0595679,2.43817,-2.44661,0.212243,2.68554,1.5653,0.928517,5.34094,11.499,74.2741,319.194,0.921376,1.78265,0.516449,-3.8485,0.354321,0.0212685,0.373363,-5.98145,-1.99334,-0.0200991,0,2375,2.77556e-17,2.77556e-17,0,6.93889e-17,1.73472e-18,-5.20417e-17,-2.77556e-17,-6.93889e-18,-3.46945e-18,3.46945e-18,0,-0.532256,-0.107914,0.514948,0.1036,3.14159,2.19024,0.0767541,3.23744,0.641176,-0.392699,4.15658,0.0999365,3.10942,-0.00786371,0.523599,0,0,0,0.338238,-0.0249466,-0.532256,0.514941,3.13294,2.19024,3.23744,-0.427747,4.15658,3.10938,0.491427,0.026269,-3.43978,1.46264,-6.54789e-05,3.30481,-0.0119136,0.487634,-0.489322,0.071065,0.0540916,0.0140444,1.00109,135.77,16.6915,7.88437,17.49,46.7832,30.0261,87.584,-37.4552,10.5688
1.28,-5.96722,-2.01563,0.470936,0.806001,0.00290596,1.5166,-0.50483,0.483359,0.539393,0.795578,3.16301,-1.37185,2.21222,0.0753959,2.82913,-1.45574,-0.348419,-4.18641,4.18026,-3.08576,3.13431,-0.572876,0.515541,-4.91713,-2.02131,-7.27658,-0.415228,-7.24181,-3.67455,-4.36722,-2.01098,-6.77124,-0.632321,-6.76319,-3.40359,1.00134,3.25295,-0.466989,0.412983,-0.0226641,0.622597,-0.0240971,0.420993,-0.531833,-0.78289,0.515364,0.800966,3.13336,5.17419,2.18522,-2.80003,3.23242,16.0316,-0.432768,0.0817539,4.15326,0.257415,3.10606,-0.0330995,0.488101,-0.0727106,1.17158,1.15934,-1.49889,2.44642,-91.1122,73.2694,-242.337,213.428,1.94998,-9.23468,30.6064,-35.722,7.6763,-13.6534,7.99765,-26.5277,-1.93826,37.552,-53.5158,10.2138,0,29.8657,-50.6668,23.0339,1.46982,4.75046,126.8,-128.646,-17.0992,-194.458,8.05101,-37.3457,29.4766,31.628,-0.589485,9.84853,-7.46067,-16.0477,7.31118,0.695199,0.0699344,-0.0359137,-0.0793654,2.43734,-2.44939,0.216612,2.6359,1.34744,0.675999,5.83234,11.9241,18.6201,166.741,1.73764,2.04042,2.36526,-2.45404,0.364842,0.240186,0.372224,-5.9679,-1.99298,-0.0226641,0,2439,0,0,2.77556e-17,-6.93889e-17,-5.55112e-17,0,-4.44089e-16,7.28584e-17,6.59195e-17,5.33427e-17,0,-0.531833,-0.13784,0.51537,0.108189,3.14159,2.18522,-0.559902,3.23242,3.20632,-0.392699,4.15326,0.0514759,3.10609,-0.00661989,0.523599,0,0,0,0.391214,-0.0240971,-0.531833,0.515364,3.13336,2.18522,3.23242,-0.432768,4.15326,3.10606,0.488101,0.0270031,-3.20915,1.46212,-5.90932e-05,3.16913,-0.0158731,0.487467,-0.489878,0.0549977,0.0542823,0.0141084,1.00123,123.461,23.7815,7.21199,99.0775,363.94,93.0945,79.9823,-27.065,11.6139
1.3,-5.95422,-2.01725,0.51709,0.8278,0.00433264,1.52505,-0.50284,0.487913,0.540748,0.795175,3.16513,-1.32771,2.20896,-2.91464,3.26343,-1.36284,-0.418772,-4.14547,4.17761,-3.047,3.13053,-0.547203,0.512911,-4.90411,-2.02175,-7.26484,-0.416342,-7.22755,-3.67603,-4.35423,-2.01032,-6.76021,-0.635093,-6.74821,-3.40635,1.00512,0.767565,-0.429386,0.475357,-0.0246425,0.611746,-0.0233829,0.6731,-0.530555,-0.938116,0.516642,0.849605,3.13464,-2.87965,2.18124,1.77155,3.22844,-2.06566,-0.436755,0.0866774,4.1499,-0.0261645,3.1027,-0.0269783,0.484734,-0.0789574,1.227,1.20873,-1.57071,2.58122,-46.2141,93.8653,-312.416,276.503,-7.60979,-12.5385,41.8083,-46.2911,8.02606,-9.0965,10.3734,-34.6056,-2.04842,-0.226839,3.18877,48.9463,0,13.2508,-3.74116,-11.5691,-21.2902,-2.23479,-11.2491,10.9693,25.3785,5.83365,9.68717,-37.6278,30.9391,29.0944,-3.27287,9.65649,-7.88022,-14.8289,7.24331,-0.0148423,0.0909116,-0.0489856,-0.0956355,2.41476,-2.43034,0.221689,2.30773,1.08993,0.422626,6.06228,11.9101,2.20672,17.076,-5.75617,2.04702,4.17057,-1.16845,0.380408,-0.11272,0.36773,-5.9548,-1.99262,-0.0246425,0,2501,0,0,-2.77556e-17,1.38778e-16,-4.85723e-17,-5.55112e-17,2.42861e-17,9.49761e-17,9.47593e-17,9.71445e-17,0,-0.530555,-0.164901,0.516651,0.114315,3.14159,2.18124,0.354319,3.22844,-0.413133,-0.392699,4.1499,-0.00523291,3.10273,-0.00539567,0.523599,0,0,0,0.44322,-0.0233829,-0.530555,0.516642,3.13464,2.18124,3.22844,-0.436755,4.1499,3.1027,0.484734,0.0277156,-2.96547,1.44856,-4.96555e-05,2.60795,-0.0191271,0.482953,-0.486067,0.0306879,0.0544676,0.0141706,1.00134,87.9194,34.6567,4.22789,84.9371,-52.1188,-3.57679,59.7018,-12.8612,12.7149
1.32,-5.94188,-2.01811,0.552775,0.843773,0.00549317,1.52939,-0.500016,0.488587,0.543123,0.79413,3.16806,-1.19189,2.20822,-3.59011,3.25836,-1.34321,-0.412928,-4.10979,4.17532,-3.01357,3.12708,-0.526487,0.510622,-4.89175,-2.0223,-7.25394,-0.417761,-7.21423,-3.67669,-4.3419,-2.00932,-6.74948,-0.636886,-6.73425,-3.40813,1.00524,0.0811792,-0.397104,0.532479,-0.0258443,0.597031,-0.0228901,0.876907,-0.528399,-1.04798,0.518799,0.887495,3.1368,-1.46985,2.17984,0.659829,3.22704,-0.740314,-0.43816,0.119818,4.14694,-0.314488,3.09974,-0.0221411,0.481753,-0.0854646,1.28455,1.24613,-1.64527,2.7012,14.0738,114.65,-381.042,336.678,-19.349,-15.8758,52.849,-56.3801,8.3068,-2.60186,12.7708,-42.5268,-2.1341,6.20078,-1.93272,47.5809,0,3.11147,0.403694,-8.96426,-20.0499,-0.894028,-1.80388,6.23072,20.1896,1.68294,11.9019,-38.0704,32.2734,26.8494,-6.24175,9.51823,-8.27409,-13.7379,7.12853,-0.720646,0.108956,-0.0610499,-0.106031,2.37647,-2.39481,0.226836,1.78424,0.79866,0.217119,6.09817,11.8643,6.79096,-16.7344,-7.77728,1.78421,5.72796,-0.133662,0.393806,-0.0451072,0.361972,-5.94257,-1.99228,-0.0258443,0,2559,-2.77556e-17,-2.77556e-17,0,5.55112e-17,-7.11237e-17,-1.38778e-17,3.98986e-17,8.1532e-17,7.80626e-17,6.07153e-17,0,-0.528399,-0.184056,0.518809,0.119156,3.14159,2.17984,0.13197,3.22703,-0.148063,-0.392699,4.14694,-0.0628967,3.09975,-0.00442822,0.523599,0,0,0,0.488707,-0.0228901,-0.528399,0.518799,3.1368,2.17984,3.22704,-0.43816,4.14694,3.09974,0.481753,0.0283833,-2.74753,1.42569,-6.97579e-06,1.83708,-0.0212061,0.475294,-0.478961,0.000303378,0.0546414,0.014229,1.00141,35.5677,47.8061,-0.968539,18.8257,2.79259,-0.488471,31.5843,2.57748,13.7433
1.34,-5.93021,-2.01895,0.582155,0.856141,0.00667213,1.53216,-0.49684,0.488508,0.546141,0.802178,3.1712,-2.17998,2.2096,-5.86311,3.26024,-1.516,-0.40949,-4.07746,4.17329,-2.98204,3.12405,-0.506917,0.508623,-4.88005,-2.023,-7.24421,-0.420258,-7.20146,-3.6775,-4.33025,-2.00828,-6.73944,-0.638679,-6.72095,-3.4099,1.00504,-2.19338,-0.366616,0.578417,-0.0270183,0.583122,-0.0223454,0.829635,-0.525858,-1.08654,0.52134,0.891567,3.13934,-0.897382,2.18058,0.0983191,3.22778,-0.282292,-0.437408,0.164917,4.14427,-0.563329,3.09707,-0.0181793,0.479099,-0.0912835,1.33555,1.27208,-1.71096,2.79652,4.09784,130.435,-431.33,374.476,-17.9547,-18.3979,60.9298,-62.725,8.31827,-3.88109,14.5867,-48.3206,-2.14374,11.0671,-11.4019,43.6124,0,-0.629551,-0.924039,-3.6938,-17.4082,-0.296616,2.11056,0.163389,17.1061,0.558725,13.978,-38.5175,33.3255,25.1377,-8.84101,9.42896,-8.59788,-12.9064,7.0082,-1.31136,0.124881,-0.0719252,-0.113805,2.33633,-2.35692,0.231303,1.46901,0.618424,0.138412,6.09625,12.2686,-49.4042,-130.316,-16.4145,1.61642,7.20239,0.843952,0.395718,-0.0150147,0.35708,-5.93098,-1.99194,-0.0270183,0,2614,0,0,-5.55112e-17,5.55112e-17,-2.29851e-17,-1.12757e-17,2.74303e-17,3.01842e-16,3.01842e-16,3.09648e-16,0,-0.525858,-0.190791,0.521347,0.11952,3.14159,2.18058,0.0196625,3.22778,-0.0564584,-0.392699,4.14427,-0.112658,3.09709,-0.00363585,0.523599,0,0,0,0.523757,-0.0223454,-0.525858,0.52134,3.13934,2.18058,3.22778,-0.437408,4.14427,3.09707,0.479099,0.0290175,-2.58109,1.40157,-3.4847e-05,1.39425,-0.0227609,0.467267,-0.471384,-0.0246603,0.0548066,0.0142844,1.00148,10.9952,54.0632,-4.31358,11.117,12.4031,7.58258,11.0208,14.9595,14.6541
1.36,-5.91927,-2.02025,0.610986,0.867583,0.00804004,1.5341,-0.493685,0.487844,0.549177,0.808694,3.17434,-4.35714,2.2112,-3.71414,3.26074,-1.37917,-0.410732,-4.04359,4.17148,-2.94833,3.12135,-0.484507,0.506857,-4.86907,-2.02385,-7.2355,-0.423478,-7.18908,-3.67904,-4.31932,-2.00739,-6.73038,-0.641091,-6.7081,-3.41228,1.00427,-0.0426675,-0.333838,0.617572,-0.0286428,0.569638,-0.0215781,0.817511,-0.523303,-1.11616,0.523895,0.896607,3.1419,-1.89109,2.18158,0.505809,3.22878,-0.882124,-0.43641,0.208931,4.14186,-0.784683,3.09467,-0.0147917,0.476716,-0.096656,1.38237,1.29001,-1.77053,2.87553,5.05392,143.645,-471.7,403.863,-18.3735,-20.5192,67.4735,-67.7129,8.35024,-3.87972,16.097,-52.9436,-2.15712,18.2769,-36.8833,29.698,0,-0.940046,-7.9538,11.2692,-8.8278,-1.07766,5.6584,-16.7294,7.40188,2.03488,15.6993,-38.9543,34.1875,23.7643,-11.0471,9.36535,-8.87418,-12.2384,6.89172,-1.81945,0.1394,-0.0819307,-0.119999,2.29754,-2.32005,0.235333,1.44153,0.572058,0.0971245,6.07121,12.5933,-108.858,-22.7873,-9.55391,1.69342,8.79759,1.96579,0.398151,-0.054663,0.351919,-5.92005,-1.99162,-0.0286428,0,2666,-2.77556e-17,2.77556e-17,2.77556e-17,-5.55112e-17,-3.62124e-17,-3.81639e-17,-1.64799e-17,3.46945e-17,4.16334e-17,2.60209e-17,0,-0.523303,-0.195982,0.523901,0.120071,3.14159,2.18158,0.101156,3.22878,-0.176425,-0.392699,4.14186,-0.156914,3.09471,-0.00295834,0.523599,0,0,0,0.552537,-0.0215781,-0.523303,0.523895,3.1419,2.18158,3.22878,-0.43641,4.14186,3.09467,0.476716,0.0296181,-2.44731,1.37821,-6.87772e-05,1.32481,-0.0239997,0.459508,-0.464009,-0.0419621,0.0549632,0.014337,1.00157,-3.54006,58.0195,-6.58401,139.337,-83.8584,46.8513,0.340733,24.457,15.4489
1.38,-5.90904,-2.02215,0.64301,0.879982,0.00959626,1.53728,-0.49091,0.489221,0.551998,0.825486,3.17699,-4.45395,2.21188,1.05621,3.26271,-0.911838,-0.405215,-4.00399,4.16985,-2.90921,3.11881,-0.456521,0.505239,-4.85882,-2.02477,-7.22757,-0.426976,-7.17712,-3.68137,-4.30911,-2.00679,-6.7223,-0.644246,-6.69571,-3.4154,1.00582,4.72413,-0.295638,0.657446,-0.0308384,0.554153,-0.0205771,0.583139,-0.521084,-1.10467,0.526114,0.876187,3.14411,-0.38413,2.18171,-0.600634,3.2289,0.212996,-0.436283,0.243604,4.13968,-1.01041,3.09248,-0.0119098,0.474531,-0.102469,1.4332,1.30319,-1.8346,2.95312,-83.1496,156.018,-507.369,421.427,-2.83858,-22.4845,73.2121,-70.7025,8.15432,-13.9623,17.5345,-57.1053,-2.10763,11.5212,-10.9925,46.7186,0,-4.38466,-0.877007,-4.71491,-18.8265,0.348859,2.22613,1.0108,18.5626,-0.660627,17.0375,-39.483,35.0452,22.4896,-13.0407,9.31823,-9.15407,-11.6137,6.772,-2.31818,0.153027,-0.091552,-0.124285,2.25765,-2.28179,0.239636,1.60121,0.619949,0.158966,6.14545,13.4631,-4.84077,215.764,13.8396,1.98008,10.6723,3.3661,0.388497,0.0176791,0.345504,-5.90996,-1.99132,-0.0308384,0,2714,0,2.77556e-17,0,0,6.245e-17,-1.73472e-17,7.52436e-17,2.498e-16,2.70617e-16,2.85362e-16,0,-0.521084,-0.193998,0.526121,0.117278,3.14159,2.18171,-0.120124,3.22891,0.0425991,-0.392699,4.13968,-0.202054,3.09252,-0.00238197,0.523599,0,0,0,0.580812,-0.0205771,-0.521084,0.526114,3.14411,2.18171,3.2289,-0.436283,4.13968,3.09248,0.474531,0.0301734,-2.32241,1.35427,-6.48645e-05,1.46538,-0.024857,0.45153,-0.456358,-0.0550728,0.0551081,0.0143856,1.0017,28.7939,51.9878,-4.70773,-41.2631,65.5217,-3.03254,-4.741,33.1095,16.1676
1.4,-5.89955,-2.02457,0.679506,0.894253,0.0112959,1.54046,-0.488532,0.49022,0.554189,0.829053,3.1794,-4.44413,2.21154,-1.37462,3.25067,-1.26728,-0.399902,-3.95609,4.16822,-2.86204,3.11613,-0.421343,0.503612,-4.84932,-2.02579,-7.22035,-0.430619,-7.1657,-3.68434,-4.29965,-2.0065,-6.71515,-0.648057,-6.68385,-3.41916,1.0066,2.27595,-0.249525,0.703673,-0.0335533,0.534941,-0.0193987,0.663353,-0.519227,-1.15023,0.527971,0.892939,3.14598,0.734788,2.18085,-1.51026,3.22805,1.41149,-0.43714,0.266457,4.13752,-1.26593,3.09032,-0.00914552,0.472372,-0.109614,1.49609,1.31411,-1.91364,3.04207,-47.1618,177.169,-568.5,466.662,-9.44137,-25.8929,83.1783,-78.3403,8.26978,-10.0034,20.0003,-64.2584,-2.14138,0.646385,-3.74826,52.2342,0,-12.0851,3.48925,-9.58819,-21.8251,1.45766,-8.2041,8.18444,28.6798,-4.79678,18.0436,-40.2252,36.056,21.1931,-14.9871,9.29445,-9.48532,-10.9742,6.64044,-2.86074,0.167739,-0.102167,-0.127468,2.21386,-2.23954,0.244856,1.82479,0.71358,0.15895,6.20062,13.6776,0.490887,94.206,0.835635,2.39508,12.9487,5.12761,0.392663,0.0736191,0.33762,-5.90052,-1.99103,-0.0335533,0,2759,-2.77556e-17,0,0,2.77556e-17,9.02056e-17,-2.77556e-17,1.17961e-16,1.17961e-16,1.31839e-16,1.16226e-16,0,-0.519227,-0.201954,0.527982,0.119536,3.14159,2.18085,-0.302041,3.22805,0.282297,-0.392699,4.13752,-0.253148,3.09037,-0.0018291,0.523599,0,0,0,0.612315,-0.0193987,-0.519227,0.527971,3.14598,2.18085,3.22805,-0.43714,4.13752,3.09032,0.472372,0.0306946,-2.19452,1.32796,-6.62784e-05,1.65748,-0.0254935,0.442772,-0.447909,-0.067793,0.0552442,0.0144312,1.00185,35.7905,52.0187,-4.33153,-146.82,183.013,-42.122,-8.93561,42.8233,16.8779
1.42,-5.89085,-2.02752,0.720473,0.91066,0.013126,1.54684,-0.486575,0.495821,0.556273,0.859443,3.18112,-4.45035,2.21032,-1.33538,3.24598,-1.32703,-0.396726,-3.89807,4.16633,-2.80436,3.113,-0.377781,0.501738,-4.84061,-2.02688,-7.21389,-0.434439,-7.15494,-3.68781,-4.29098,-2.00652,-6.70897,-0.652497,-6.67259,-3.42354,1.01257,2.30732,-0.193092,0.759124,-0.0367662,0.511614,-0.0180441,0.220869,-0.517745,-1.11838,0.529453,0.849768,3.14745,1.23585,2.17915,-2.09493,3.22635,2.43262,-0.43884,0.28286,4.13516,-1.56604,3.08796,-0.00601616,0.470007,-0.118763,1.57713,1.3245,-2.0154,3.15105,-260.355,205.195,-646.906,504.707,27.6659,-30.4176,95.9885,-84.7945,7.86967,-34.5075,23.2673,-73.4326,-2.04008,-4.90193,-4.65461,53.0949,0,-15.707,4.0938,-9.70097,-21.9124,2.04888,-17.4994,9.61457,34.793,-9.96809,18.8816,-41.2802,37.3224,19.8649,-17.0309,9.30865,-9.90377,-10.319,6.48913,-3.47176,0.186133,-0.115523,-0.130906,2.16354,-2.19095,0.251423,2.04834,0.820351,0.318801,6.48742,15.2333,-0.310677,96.1067,0.450288,2.90079,15.7385,7.31074,0.371852,0.102986,0.328295,-5.89193,-1.99077,-0.0367662,0,2800,0,0,2.77556e-17,5.55112e-17,2.77556e-17,0,6.93889e-17,-5.55112e-17,-2.77556e-17,-3.55618e-17,0,-0.517745,-0.19643,0.529459,0.113587,3.14159,2.17915,-0.418977,3.22635,0.486525,-0.392699,4.13516,-0.313161,3.088,-0.00120323,0.523599,0,0,0,0.648336,-0.0180441,-0.517745,0.529453,3.14745,2.17915,3.22635,-0.43884,4.13516,3.08796,0.470007,0.0311701,-2.0635,1.2977,-6.49847e-05,1.84421,-0.0261811,0.432708,-0.43819,-0.0815717,0.0553684,0.0144729,1.00204,135.348,32.2353,4.01134,-189.097,262.872,-68.8935,-14.5635,54.5421,17.6536
1.44,-5.88332,-2.03081,0.764136,0.928724,0.0149761,1.55107,-0.485293,0.497011,0.556954,0.842968,3.18264,-4.59368,2.20807,-0.208037,3.1931,-1.44538,-0.37925,-3.83058,4.16435,-2.73567,3.10953,-0.325255,0.499772,-4.83309,-2.02791,-7.20842,-0.438111,-7.14535,-3.69158,-4.2835,-2.00685,-6.70398,-0.657301,-6.66248,-3.42827,1.01292,3.36431,-0.12591,0.825322,-0.0402888,0.48369,-0.0166004,0.741773,-0.516869,-1.26487,0.530328,0.918981,3.14833,2.12956,2.1765,-2.96819,3.2237,7.75464,-0.441492,0.303665,4.13277,-1.92308,3.08557,-0.00319805,0.467616,-0.130523,1.68187,1.33352,-2.147,3.28551,15.786,274.269,-845.48,666.38,-21.1569,-41.8776,129.189,-112.269,8.42916,-3.15301,31.2764,-96.4917,-2.19851,-20.2482,-3.71788,55.1379,0,-22.1273,6.57293,-11.1116,-22.5753,3.01102,-64.6477,24.5884,77.0338,-71.1669,19.7664,-42.7546,38.9304,18.5346,-19.2953,9.36961,-10.4334,-9.65977,6.30517,-4.15708,0.207084,-0.131134,-0.133163,2.10229,-2.13123,0.259664,2.18319,0.903189,0.211767,6.5705,14.4229,-7.16657,152.362,0.986105,3.37469,19.0738,9.94071,0.396064,0.150514,0.317134,-5.8846,-1.99054,-0.0402888,0,2835,-2.77556e-17,0,2.77556e-17,-8.32667e-17,4.16334e-17,0,0,6.93889e-17,6.93889e-17,8.84709e-17,0,-0.516869,-0.222054,0.530332,0.122795,3.14159,2.1765,-0.593604,3.2237,1.55093,-0.392699,4.13277,-0.384564,3.08561,-0.000639609,0.523599,0,0,0,0.688896,-0.0166004,-0.516869,0.530328,3.14833,2.1765,3.2237,-0.441492,4.13277,3.08557,0.467616,0.0315765,-1.9317,1.26092,-5.71501e-05,1.94509,-0.0266327,0.420459,-0.426246,-0.0995501,0.0554747,0.0145085,1.00224,108.243,40.8721,2.64019,-205.21,582.584,-218.789,-25.107,69.2015,18.4635
1.46,-5.87583,-2.03492,0.812001,0.949132,0.017163,1.56929,-0.484445,0.527506,0.559024,1.00302,3.18232,-5.24266,2.20439,4.54985,3.28379,-1.34764,-0.306377,-3.74932,4.16181,-2.64864,3.10525,-0.258862,0.497273,-4.82564,-2.029,-7.20312,-0.442166,-7.13547,-3.69617,-4.27606,-2.00746,-6.69949,-0.663212,-6.65193,-3.43409,1.0458,8.14003,-0.0406593,0.901033,-0.0446376,0.45296,-0.0148202,-1.49921,-0.516428,-0.960886,0.530769,0.668097,3.14877,12.0857,2.17241,-9.27701,3.21961,62.0669,-0.445581,0.335085,4.12983,-2.33136,3.08263,0.000139,0.46468,-0.14516,1.81233,1.34218,-2.31006,3.44722,-1700.14,357.125,-1072.14,704.411,271.767,-55.5905,166.983,-118.864,6.25673,-200.969,40.8886,-122.826,-1.63346,-432.631,38.094,75.2757,0,-137.693,43.5905,-37.0731,-33.8426,11.9299,-1108.26,244.886,241.935,-1180.44,20.7591,-44.6617,40.8742,17.3109,-21.7436,9.49678,-11.091,-9.06,6.09226,-4.89206,0.23472,-0.151591,-0.137214,2.03135,-2.06205,0.26958,2.39321,1.0204,0.910717,8.10869,22.4353,-32.4489,390.072,8.58017,4.0627,23.2989,13.2622,0.292485,0.593484,0.304809,-5.87728,-1.9903,-0.0446376,0,2870,0,0,-2.77556e-17,-8.32667e-17,-2.77556e-17,5.55112e-17,-1.33227e-15,1.38778e-16,1.94289e-16,2.01228e-16,0,-0.516428,-0.169059,0.530778,0.0883055,3.14159,2.17241,-1.85518,3.21961,12.4134,-0.392699,4.12983,-0.466205,3.08267,2.78e-05,0.523599,0,0,0,0.732153,-0.0148202,-0.516428,0.530769,3.14877,2.17241,3.21961,-0.445581,4.12983,3.08263,0.46468,0.0319832,-1.81174,1.21833,-6.04434e-05,2.1652,-0.0274429,0.40627,-0.412411,-0.114272,0.0555811,0.0145442,1.00248,686.795,-81.7456,54.6832,2475.9,3579.59,-1587.43,-34.7933,85.7116,19.4233
1.48,-5.86983,-2.03875,0.857873,0.969239,0.0191771,1.51742,-0.483821,0.797957,0.495746,0.875245,3.21407,-6.48597,2.20153,-1.49055,3.26432,-1.62206,-41.663,-3.6611,4.15904,-2.54732,3.10035,-0.182269,0.494552,-4.81969,-2.02994,-7.19925,-0.446218,-7.12737,-3.70023,-4.27012,-2.00807,-6.69625,-0.668701,-6.64311,-3.43947,1.22123,43.4368,0.0584747,0.991329,-0.048656,0.415457,-0.0131319,83.721,-0.51613,-15.4514,0.531067,10.6302,3.14907,-9.15892,2.16923,2.89008,3.21642,-33.6471,-0.448763,0.366176,4.12673,-2.81466,3.07954,0.00306672,0.461592,-0.164231,1.98279,1.34232,-2.5237,3.64708,854483,4948.39,-14379.2,65763.6,-153365,-831.399,2416,-11117.2,90.8982,99167.4,576.828,-1676.23,-24.1404,-33.0247,-56.4151,38.0157,0,-9.64236,-59.8725,17.7165,-10.8808,-6.45395,25.9201,-180.041,66.129,638.382,21.5952,-47.2734,43.3386,16.1879,-24.2782,9.70906,-11.9263,-8.51111,5.8358,-5.6862,0.26838,-0.176838,-0.141217,1.94583,-1.97803,0.282004,2.2936,1.00536,-2.59352,21.6466,16.052,-62.1656,87.909,-5.14001,4.41104,28.2262,17.0917,4.21764,-0.318744,0.289749,-5.87142,-1.99012,-0.048656,0,2898,-2.77556e-17,-2.22045e-16,-4.44089e-16,1.33227e-15,2.42861e-17,-1.11022e-16,-2.22045e-16,5.55112e-17,8.32667e-17,8.1532e-17,0,-0.51613,-2.69784,0.531072,1.44558,3.14159,2.16923,0.577881,3.21643,-6.72942,-0.392699,4.12673,-0.562833,3.07959,0.000613344,0.523599,0,0,0,0.779692,-0.0131319,-0.51613,0.531067,3.14907,2.16923,3.21642,-0.448763,4.12673,3.07954,0.461592,0.032309,-1.70193,1.16702,-6.88905e-05,2.18422,-0.0282434,0.389166,-0.395607,-0.139893,0.0556664,0.0145728,1.00271,-197656,44299.1,-19643.8,1522.29,-1820.47,897.571,-55.7557,106.687,20.4927
1.5,-5.86402,-2.04253,0.900491,0.988394,0.0211993,7.06958,-0.483555,0.206562,0.568652,-0.216359,3.17695,-6.86696,2.20053,-1.17083,3.24845,-1.56821,-0.518847,-3.56856,4.15521,-2.42699,3.0941,-0.0955337,0.49076,-4.81394,-2.03064,-7.19598,-0.451166,-7.11974,-3.70369,-4.26438,-2.00862,-6.69322,-0.67416,-6.63447,-3.44482,0.739857,2.59647,0.176342,1.08623,-0.0526274,0.375881,-0.011424,-15.4793,-0.516178,1.22489,0.53102,-0.939715,3.14902,-5.22277,2.1679,0.0608772,3.2151,-14.417,-0.450088,0.4214,4.12259,-3.33454,3.07539,0.00714864,0.457419,-0.186251,2.17939,1.33074,-2.76939,3.86568,-4748.18,169.013,-472.607,5.86883,530.967,-22.8215,63.8715,-0.987901,-7.49814,-553.963,18.7753,-52.5593,1.99161,39.5567,-41.1623,48.2717,0,-3.15289,-39.6459,7.05865,-16.182,-2.75524,150.468,-103.275,106.759,273.399,22.5696,-50.296,46.0506,15.307,-26.7922,10.0052,-12.8949,-8.09875,5.53962,-6.44766,0.315862,-0.211916,-0.150682,1.8471,-1.88134,0.295688,2.13091,0.957724,277.608,-7.95932,-38.5322,-19.0497,103.845,-2.44302,4.62703,34.0511,21.4293,-0.347007,-0.135773,0.274372,-5.86578,-1.98993,-0.0526274,0,2925,0,-1.64799e-17,0,1.249e-16,-1.38778e-17,4.0766e-17,-1.11022e-16,1.11022e-16,1.38778e-16,1.50921e-16,0,-0.516178,0.212208,0.531027,-0.131573,3.14159,2.1679,0.0121621,3.2151,-2.88339,-0.392699,4.12259,-0.666863,3.07541,0.00142973,0.523599,0,0,0,0.825249,-0.011424,-0.516178,0.53102,3.14902,2.1679,3.2151,-0.450088,4.12259,3.07539,0.457419,0.0326233,-1.61964,1.10788,-2.50331e-05,2.26949,-0.0301364,0.369419,-0.376268,-0.163883,0.0557487,0.0146004,1.00293,1809.54,-277.967,133.78,381.748,-658.457,336.768,-80.3226,129.274,21.8826
1.52,-5.85875,-2.0447,0.9329,1.00153,0.0231847,-46.7305,-0.483458,0.695344,0.56096,-0.480743,3.17348,-7.01853,2.1998,-1.77819,3.24278,-1.55524,-0.471855,-3.48303,4.15118,-2.2958,3.08731,-0.00464247,0.486799,-4.80873,-2.02968,-7.19326,-0.454616,-7.11272,-3.70543,-4.25918,-2.00761,-6.69065,-0.677978,-6.62641,-3.44851,1.22441,1.93644,0.304714,1.18313,-0.054968,0.334958,-0.00972995,-16.1148,-0.516373,-0.728509,0.530825,-1.39056,3.14882,-4.38567,2.16688,-0.940505,3.21408,-9.23604,-0.451111,0.515348,4.11826,-3.88633,3.07106,0.0101973,0.453092,-0.210858,2.39859,1.30326,-3.04239,4.09667,-276.211,25.7932,-68.6524,-0.235465,-328.38,6.72837,-18.1321,-0.0175346,-10.1292,-14.0887,2.32445,-6.19402,1.4228,51.9452,-39.6511,53.0247,0,-5.16709,-38.6881,4.38357,-18.1796,-1.76476,172.281,-88.0009,121.561,174.434,23.8399,-53.6644,48.9698,14.6793,-29.2162,10.3516,-13.9677,-7.81805,5.19644,-7.12569,0.369724,-0.252354,-0.161746,1.73269,-1.76838,0.310222,1.62044,0.657005,-2690,5.48248,-53.2683,-7.57855,73.4401,-1.79937,4.27636,40.409,25.9752,-0.418055,-0.0869183,0.257182,-5.86056,-1.98976,-0.054968,0,2950,0,-3.03577e-17,-1.38778e-16,2.91434e-16,4.33681e-18,4.16334e-17,-1.11022e-16,0,-2.77556e-17,-3.29597e-17,0,-0.516373,-0.104593,0.530827,-0.205774,3.14159,2.16688,-0.188109,3.21408,-1.84721,-0.392699,4.11826,-0.777205,3.07109,0.00203945,0.523599,0,0,0,0.867576,-0.00972995,-0.516373,0.530825,3.14882,2.16688,3.21408,-0.451111,4.11826,3.07106,0.453092,0.0329146,-1.56349,1.03923,-2.7173e-05,2.45435,-0.0323493,0.346539,-0.353675,-0.198364,0.055825,0.0146259,1.00307,635.813,48.105,23.0565,191.929,-347.518,194.747,-113.764,153.159,23.3909
1.54,-5.85295,-2.04555,0.954618,1.00652,0.0255908,-128.497,-0.479187,0.788703,0.559656,0.387505,3.17908,-7.19879,2.19464,-3.29443,3.23524,-1.55138,-0.453856,-3.40809,4.14827,-2.15541,3.08154,0.093229,0.483939,-4.80293,-2.02904,-7.18959,-0.454885,-7.10429,-3.7067,-4.25348,-2.00461,-6.68815,-0.680836,-6.61724,-3.45121,1.31087,0.394661,0.442182,1.26322,-0.0560118,0.296045,-0.00765029,-16.1672,-0.512428,-2.08214,0.53477,-0.934389,3.15277,-3.8531,2.1614,-1.70236,3.2086,-5.62585,-0.456595,0.682454,4.11503,-4.40668,3.06783,0.00968357,0.449848,-0.23293,2.59387,1.24683,-3.28101,4.27421,-120.158,22.0169,-56.6463,-0.157017,-347.946,9.43398,-24.5266,-0.0376761,-12.169,24.7361,0.769211,-1.96261,1.97349,57.7955,-39.1418,56.0498,0,-7.45535,-38.2448,2.35125,-19.0978,-1.07399,179.895,-78.7159,130.059,105.63,25.7004,-56.4724,51.2937,14.27,-31.246,10.5728,-14.864,-7.63604,4.80527,-7.56418,0.410773,-0.28448,-0.168972,1.6022,-1.63745,0.322614,1.08589,0.249124,-4088.35,4.08238,-28.9387,-9.01307,-2.62963,-1.61049,3.74721,47.2828,30.8651,-0.462272,-0.0533931,0.239902,-5.85472,-1.98957,-0.0560118,0,2978,2.77556e-17,7.16278e-16,-4.2466e-15,4.38538e-15,1.56125e-17,1.38778e-17,-1.11022e-16,8.32667e-17,1.66533e-16,1.68268e-16,0,-0.512428,-0.245418,0.534779,-0.0792244,3.14159,2.1614,-0.340471,3.2086,-1.12517,-0.392699,4.11503,-0.881302,3.06784,0.00193671,0.523599,0,0,0,0.899659,-0.00765029,-0.512428,0.53477,3.15277,2.1614,3.2086,-0.456595,4.11503,3.06783,0.449848,0.0332411,-1.52715,0.96103,-1.23756e-05,3.00815,-0.0337944,0.320439,-0.32749,-0.227531,0.0559105,0.0146546,1.00313,573.451,132.778,6.07912,103.823,-164.184,127.557,-145.114,174.01,24.5831
1.56,-5.84769,-2.04635,0.970431,1.00762,0.0276859,-800.477,-0.47404,0.798827,0.565217,0.370038,3.18427,-7.51888,2.18886,14.1162,3.2482,-1.45422,-0.424274,-3.34268,4.14675,-2.00764,3.07723,0.20047,0.482477,-4.79763,-2.02931,-7.18587,-0.454545,-7.09646,-3.70837,-4.24831,-2.00206,-6.68574,-0.683388,-6.60903,-3.45361,1.32137,17.7887,0.587107,1.32042,-0.056986,0.252148,-0.00584702,-16.0256,-0.507573,-1.97345,0.539624,-0.942526,3.15762,-2.50279,2.15532,-2.86567,3.20252,1.72917,-0.462666,0.822275,4.11321,-4.83688,3.06602,0.00660633,0.448056,-0.249672,2.74116,1.13068,-3.45805,4.35046,-93.3342,22.1539,-55.1744,-0.0186297,-336.154,9.64177,-24.2171,-0.0044467,-11.9574,26.8355,0.711785,-1.75755,1.93999,52.0514,-34.9379,58.1172,0,-12.0373,-30.463,-1.46089,-19.7311,0.344617,147.551,-54.8918,137.389,-33.8608,26.2972,-58.3359,52.4344,13.9834,-31.9583,10.5968,-15.3677,-7.50117,4.41923,-7.71821,0.433951,-0.302651,-0.171828,1.47352,-1.50707,0.331657,0.790661,0.0550975,-33599,4.6307,-29.501,-16.0045,867.615,3.24931,3.27068,54.5954,36.2294,-0.459831,0.0173409,0.223171,-5.84951,-1.9894,-0.056986,0,3003,0,-6.67042e-16,4.85723e-15,-4.85723e-15,-2.08167e-16,-1.38778e-16,1.94289e-16,0,-2.77556e-17,-3.1225e-17,0,-0.507573,-0.233181,0.53963,-0.0804882,3.14159,2.15532,-0.573116,3.20253,0.345834,-0.392699,4.11321,-0.967261,3.06605,0.00132127,0.523599,0,0,0,0.921085,-0.00584702,-0.507573,0.539624,3.15762,2.15532,3.20252,-0.462666,4.11321,3.06602,0.448056,0.0335329,-1.50006,0.883776,-3.56737e-05,3.47801,-0.0343656,0.294704,-0.301413,-0.243442,0.055987,0.0146802,1.00319,562.74,123.95,4.11732,5.79211,185.819,1.04337,-170.978,191.45,25.2852
1.58,-5.84295,-2.04715,0.982878,1.00772,0.0292663,-748.473,-0.468932,0.812391,0.570975,0.360774,3.18956,-8.40682,2.18599,3.52897,3.2526,-1.41431,-0.355963,-3.28717,4.14592,-1.85736,3.07359,0.312309,0.481662,-4.79281,-2.03039,-7.18262,-0.45523,-7.08971,-3.70996,-4.24363,-2.00033,-6.68315,-0.68551,-6.60206,-3.4556,1.3354,7.13754,0.734565,1.36404,-0.0579405,0.207209,-0.00452352,-15.7111,-0.502721,-1.80733,0.544476,-0.936556,3.16248,4.55844,2.1522,-7.27568,3.1994,34.905,-0.465793,0.916692,4.11213,-5.19124,3.06493,0.00179658,0.44696,-0.262992,2.85782,0.986802,-3.59784,4.37274,-195.767,27.35,-66.0506,0.243046,-349.309,11.0159,-26.7471,0.0579931,-11.5546,13.6807,1.23266,-2.97136,1.89601,-128.921,-11.4412,63.3872,0,-43.7876,17.6528,-16.0933,-22.535,6.75935,-327.969,55.1237,160.546,-662.581,25.8361,-59.6746,52.9268,13.8119,-31.7742,10.5289,-15.6416,-7.41909,4.07196,-7.68899,0.439812,-0.307508,-0.170251,1.35719,-1.38809,0.338651,0.622349,0.00514983,2600.19,5.31157,-29.8001,-44.3967,338.108,5.24279,2.77509,62.0679,41.7869,-0.447381,0.342531,0.207025,-5.84493,-1.98924,-0.0579405,0,3025,2.77556e-17,7.91468e-15,-1.80411e-16,2.35922e-16,-5.55112e-17,0,-4.44089e-16,-8.32667e-17,-5.55112e-17,-6.76542e-17,0,-0.502721,-0.213971,0.544487,-0.0798604,3.14159,2.1522,-1.45511,3.1994,6.981,-0.392699,4.11213,-1.03816,3.06495,0.000359315,0.523599,0,0,0,0.936641,-0.00452352,-0.502721,0.544476,3.16248,2.1522,3.1994,-0.465793,4.11213,3.06493,0.44696,0.0337898,-1.48369,0.814346,-2.38173e-05,3.75969,-0.0340502,0.271437,-0.277618,-0.253133,0.0560544,0.0147028,1.00325,571.018,118.796,4.81281,785.286,1663.37,-504.629,-193.803,206.388,25.7613
1.6,-5.8389,-2.04706,0.990318,1.00521,0.0305948,-730.38,-0.464823,0.81314,0.575184,0.381442,3.19345,-11.3516,2.18487,-2.94227,3.25358,-1.70286,-0.215601,-3.24433,4.14616,-1.71569,3.07095,0.420852,0.481922,-4.7887,-2.03042,-7.18013,-0.45571,-7.08372,-3.71101,-4.23965,-1.99812,-6.68091,-0.686543,-6.59614,-3.45653,1.33647,0.526908,0.873335,1.39958,-0.0579933,0.167328,-0.00341703,-15.9451,-0.498834,-1.78281,0.548363,-0.986487,3.16635,-17.6856,2.15086,5.33313,3.19806,-64.5773,-0.467126,1.00346,4.11215,-5.49338,3.06495,-0.00341414,0.446993,-0.274219,2.95571,0.850133,-3.71462,4.3803,235.447,9.65412,-22.4029,0.624196,-254.927,6.90678,-16.2577,0.148954,-11.9805,62.7849,-0.804165,1.91991,1.99448,-173.898,-84.5471,48.6215,0,-17.9285,-214.943,25.4117,-13.8766,-12.4405,62.3091,-272.526,94.0212,1226.64,25.3444,-60.7436,53.228,13.7435,-31.3079,10.3988,-15.8017,-7.37944,3.76579,-7.57241,0.436559,-0.30578,-0.166863,1.25487,-1.283,0.344403,0.372015,-0.125322,904.636,5.3482,-28.7241,-147.239,14.4898,-9.17668,2.14207,69.1638,47.1952,-0.465737,-0.633031,0.192233,-5.84097,-1.98911,-0.0579933,0,3044,2.77556e-17,1.35456e-14,-4.85723e-15,5.02376e-15,2.74086e-16,3.88578e-16,-1.77636e-15,-8.32667e-17,-5.55112e-17,-4.33681e-17,0,-0.498834,-0.21114,0.548356,-0.0832335,3.14159,2.15086,1.06638,3.19807,-12.9155,-0.392699,4.11215,-1.09855,3.06499,-0.000682828,0.523599,0,0,0,0.948866,-0.00341703,-0.498834,0.548363,3.16635,2.15086,3.19806,-0.467126,4.11215,3.06495,0.446993,0.0340118,-1.47572,0.753098,-3.06345e-05,4.09297,-0.0333726,0.250973,-0.256601,-0.262751,0.0561126,0.0147223,1.00325,514.636,103.667,-4.15557,4347.28,-2865.31,1157.76,-215.183,218.767,25.8822
1.62,-5.83599,-2.04559,0.99023,0.996828,0.0319459,-730.433,-0.462672,0.361162,0.587672,0.741517,3.19808,-14.1445,2.18722,-4.27185,3.27566,-1.77737,-0.296947,-3.21263,4.14562,-1.59708,3.06781,0.503789,0.481383,-4.78578,-2.02798,-7.17959,-0.45655,-7.07905,-3.71029,-4.2368,-1.99449,-6.67984,-0.686212,-6.59132,-3.45608,0.892347,-0.699244,0.989349,1.42116,-0.0566244,0.133836,-0.00224124,-26.9449,-0.496859,0.753385,0.550338,-0.679749,3.16833,-23.7216,2.15303,8.68125,3.20023,-90.9373,-0.464957,1.0623,4.11143,-5.70841,3.06424,-0.00647466,0.446268,-0.281284,3.01649,0.725251,-3.78391,4.35239,10388.4,-254.667,586.472,287.586,-1138.87,13.823,-31.8228,-8.17396,-21.4188,333.413,-8.64015,19.8929,8.93317,-512.689,-103.818,44.7374,0,-41.431,-303.753,36.2819,-11.7779,-17.5173,-530.164,-357.816,77.2323,1727.32,24.5764,-61.2182,53.0416,13.7097,-30.6015,10.2736,-15.8396,-7.36774,3.51926,-7.41089,0.440176,-0.308091,-0.167932,1.1726,-1.19909,0.347912,-0.0043904,-0.419319,-2.64886,-6.87363,-10.8654,-139.646,-51.8717,-12.903,1.58505,75.0674,51.3334,-0.967577,-0.897162,0.180853,-5.83785,-1.989,-0.0566244,0,3059,2.77556e-17,1.63758e-15,-3.08642e-14,3.10307e-14,8.32667e-17,-1.11022e-16,8.88178e-16,-1.11022e-16,-5.55112e-17,-5.20417e-17,0,-0.496859,0.113648,0.55034,-0.0515787,3.14159,2.15303,1.73606,3.20023,-18.1875,-0.392699,4.11143,-1.14158,3.06426,-0.00129493,0.523599,0,0,0,0.956131,-0.00224124,-0.496859,0.550338,3.16833,2.15303,3.20023,-0.464957,4.11143,3.06424,0.446268,0.0341872,-1.47342,0.703809,-2.19535e-05,4.59965,-0.0335864,0.23452,-0.239818,-0.270984,0.0561586,0.0147377,1.00318,-896.702,192.634,-56.0601,8236.3,-4065.61,1614.97,-230.752,226.299,26.2044
1.64,-5.83385,-2.04395,0.985042,0.984529,0.0330531,-730.487,-0.462376,0.621909,0.582918,1.05553,3.20683,-16.0187,2.18903,-168.552,6.24015,-10.3604,-2.40713,-3.19013,4.14518,-1.49429,3.06518,0.57206,0.48093,-4.78369,-2.02473,-7.17938,-0.456751,-7.07547,-3.70926,-4.23472,-1.99108,-6.6792,-0.685507,-6.58762,-3.45527,1.13959,-159.905,1.08996,1.42042,-0.0550575,0.102502,-0.00125097,35.4924,-0.49668,-0.518544,0.550517,1.5425,3.16852,-688.193,2.15473,395.478,3.20193,-3103.59,-0.46326,1.10828,4.11087,-5.82334,3.06368,-0.00907709,0.445695,-0.28125,3.01448,0.594909,-3.77538,4.24553,41262.8,881.04,-1982.13,3938.41,-2269.09,-10.541,23.7149,-76.248,48.9838,1519.41,32.3544,-72.7919,-19.3482,-980326,-2301.49,-385.216,0,-92099.8,-38530.9,1315.95,238.151,-597.975,-2.08324e+06,-10325.2,-1869.61,58983.2,23.445,-60.6039,51.8528,13.6032,-29.465,10.0217,-15.557,-7.3157,3.30274,-7.14674,0.437538,-0.304818,-0.168367,1.10045,-1.12555,0.347782,-0.259397,-0.614948,-2.70613,5.76193,4.95451,-93.7102,-8265.81,-442.056,1.12504,80.1843,54.7463,2.22633,-30.9443,0.171517,-5.83577,-1.98893,-0.0550575,0,3069,-2.77556e-17,-2.16493e-14,1.23013e-13,-1.23013e-13,0,7.10543e-15,-5.68434e-14,-1.11022e-16,5.55112e-17,5.9848e-17,0,-0.49668,-0.0819306,0.550522,0.0944538,3.14159,2.15473,79.0872,3.20193,-620.719,-0.392699,4.11087,-1.16461,3.06369,-0.00181542,0.523599,0,0,0,0.955926,-0.00125097,-0.49668,0.550517,3.16852,2.15473,3.20193,-0.46326,4.11087,3.06368,0.445695,0.0343041,-1.46307,0.660528,-1.06278e-05,4.89872,-0.0336733,0.22009,-0.225109,-0.271079,0.0561893,0.014748,1.00309,-11033.6,617.291,-373.548,8.71277e+06,-544589,462500,-241.283,230.168,26.4298
1.66,-5.83186,-2.04199,0.975546,0.969137,0.0339088,-730.49,-0.457525,1.39524,0.620867,-8.65732,3.22009,-16.8263,2.18868,-1.44963,3.23719,-1.59341,-0.719441,-3.17693,4.14513,-1.41683,3.06356,0.620272,0.480841,-4.78158,-2.02405,-7.17846,-0.455325,-7.07229,-3.70789,-4.23278,-1.98775,-6.67837,-0.684269,-6.58442,-3.45396,1.93761,2.50699,1.1659,1.40441,-0.0531656,0.0739715,-0.000512295,-0.59666,-0.491946,5.44576,0.555252,0.303708,3.17324,-9.29259,2.15426,0.184594,3.20146,-23.5328,-0.463742,1.13686,4.1107,-5.86093,3.06351,-0.0115961,0.445493,-0.2764,2.96947,0.472201,-3.71469,4.09301,-170.143,181.134,-399.182,210.44,-65.7535,129.118,-284.57,148.491,17.8782,-24.4636,11.7604,-25.9188,-0.15401,84.7122,-53.0229,51.298,0,-5.36751,-117.708,7.22292,-16.4547,-4.5798,362.657,-128.107,113.138,440.488,22.0814,-59.2976,50.0715,13.4387,-28.1106,9.68864,-15.0632,-7.22788,3.12312,-6.83622,0.426935,-0.295226,-0.166609,1.04059,-1.06436,0.345157,-0.474809,-0.769613,-0.143921,22.3681,-483.667,-40.3788,89.3124,-3.73829,0.660196,84.055,57.1562,0.546092,-0.238717,0.16336,-5.83369,-1.98886,-0.0531656,0,3079,-2.77556e-17,-1.77081e-14,2.46123e-14,-2.78874e-14,-1.38778e-17,-5.46438e-16,2.22045e-16,5.55112e-17,5.55112e-17,5.37764e-17,0,-0.491946,0.3633,0.555244,0.0685106,3.14159,2.15426,0.0370875,3.20145,-4.70655,-0.392699,4.1107,-1.17227,3.06349,-0.00231921,0.523599,0,0,0,0.950621,-0.000512295,-0.491946,0.555252,3.17324,2.15426,3.20146,-0.463742,4.1107,3.06351,0.445493,0.0344211,-1.44567,0.624653,1.48176e-05,5.01554,-0.0333217,0.208118,-0.212872,-0.26855,0.05622,0.0147582,1.00299,-42.4769,-338.031,-24.4565,751.914,-888.122,352.973,-248.886,231.22,26.5221
1.68,-5.83009,-2.03943,0.961053,0.94885,0.0349402,-730.524,-0.451127,1.0264,0.643743,-2.65424,3.23681,-17.0593,2.18931,0.576055,3.29351,-1.35097,-0.412005,-3.16946,4.14459,-1.36846,3.06228,0.640891,0.480304,-4.77962,-2.02336,-7.17824,-0.453965,-7.06921,-3.70584,-4.23107,-1.98354,-6.67801,-0.682586,-6.5812,-3.45218,1.57493,4.28157,1.21351,1.37608,-0.0506708,0.0510255,0.000413745,3.892,-0.485654,12.0345,0.561544,-0.413262,3.17953,-1.43101,2.15478,-4.355,3.20198,4.85777,-0.463212,1.15384,4.11007,-5.82914,3.06287,-0.0132615,0.444853,-0.267797,2.89107,0.371978,-3.61166,3.9151,763.162,168.208,-364.659,259.838,956.361,167.054,-362.134,259.307,39.3531,-74.5738,-2.88594,6.25567,0.000894024,42.894,-23.9624,54.0805,0,-24.3839,-33.0006,-9.05502,-18.6636,2.41277,46.4827,-0.383234,51.9324,-34.5619,20.7738,-57.4778,47.9358,13.2237,-26.789,9.35678,-14.4742,-7.1183,2.9858,-6.527,0.415746,-0.284829,-0.165197,0.99472,-1.01758,0.340547,-0.724652,-1.01434,-1.70123,-1.01043,-186.032,-11.6516,190.628,4.21689,0.373146,86.4466,58.177,1.03733,0.126496,0.157093,-5.83182,-1.98879,-0.0506708,0,3088,0,1.74583e-14,-1.86656e-14,2.22814e-14,4.02456e-16,-1.11022e-16,4.996e-16,-1.38778e-16,-1.11022e-16,-1.16226e-16,0,-0.485654,0.594539,0.561537,0.113069,3.14159,2.15478,-0.870987,3.20198,0.971554,-0.392699,4.11007,-1.16592,3.06285,-0.00265229,0.523599,0,0,0,0.94102,0.000413745,-0.485654,0.561544,3.17953,2.15478,3.20198,-0.463212,4.11007,3.06287,0.444853,0.0345264,-1.42377,0.597191,1.643e-05,5.1962,-0.0330393,0.198944,-0.203517,-0.263551,0.0562477,0.0147675,1.00285,-332.148,-873.635,13.6408,-10.3488,306.519,-12.0571,-250.54,228.727,26.7286
1.7,-5.82874,-2.03674,0.942386,0.92398,0.0359941,-730.551,-0.44518,1.02781,0.641925,-3.76806,3.23843,-17.1024,2.19096,-2.13662,3.19471,-0.916103,-0.399559,-3.16642,4.14437,-1.33801,3.06197,0.649434,0.480054,-4.77809,-2.02224,-7.17869,-0.452982,-7.06643,-3.70382,-4.22978,-1.97916,-6.67809,-0.680786,-6.57836,-3.45027,1.57289,1.45765,1.24391,1.33457,-0.0480248,0.028929,0.00138577,1.87279,-0.479789,10.0536,0.567409,-0.514532,3.1854,8.42918,2.15635,-10.0229,3.20355,6.33601,-0.461652,1.16539,4.10976,-5.74049,3.06256,-0.0169969,0.444533,-0.255376,2.77898,0.277568,-3.46701,3.69925,233.895,113.743,-242.687,150.658,370.273,112.577,-240.131,150.247,31.7827,-56.8318,-2.75207,5.86854,0.00157832,-454.841,13.9062,57.8467,0,-92.0162,106.937,-30.2468,-21.6261,11.1529,-311.306,18.4021,17.1904,-11.7122,19.3717,-55.0857,45.3137,12.9333,-25.3171,8.9499,-13.7174,-6.96453,2.86347,-6.13712,0.378904,-0.256456,-0.153918,0.952738,-0.9735,0.333856,-0.933348,-1.24351,-1.35279,-0.930127,-242.058,-2.15441,55.0767,6.61033,0.152267,87.9579,58.4924,0.843437,0.588383,0.151623,-5.83036,-1.98874,-0.0480248,0,3095,2.77556e-17,1.77636e-15,-2.09832e-14,2.57254e-14,-3.88578e-16,1.11022e-16,-1.52656e-16,-5.55112e-17,1.11022e-16,1.12757e-16,0,-0.479789,0.495623,0.567405,0.0828499,3.14159,2.15635,-2.00469,3.20354,1.2672,-0.392699,4.10976,-1.14823,3.06253,-0.00339939,0.523599,0,0,0,0.926445,0.00138577,-0.479789,0.567409,3.1854,2.15635,3.20355,-0.461652,4.10976,3.06256,0.444533,0.0346083,-1.39307,0.572739,2.27691e-05,5.26823,-0.0307836,0.190548,-0.1947,-0.252433,0.0562692,0.0147747,1.0027,-153.591,-640.35,10.3098,-300.29,477.012,21.502,-248.861,223.969,26.8351
1.72,-5.82774,-2.03371,0.919133,0.893472,0.0371557,-730.584,-0.439354,1.02617,0.648768,-3.98769,3.2444,-17.1454,2.19274,-2.2018,3.19044,-0.900575,-0.392446,-3.16554,4.14377,-1.32485,3.06193,0.637902,0.479439,-4.77689,-2.02055,-7.17967,-0.451834,-7.06394,-3.70136,-4.22884,-1.97428,-6.67866,-0.678746,-6.57571,-3.44811,1.57213,1.38109,1.25764,1.28358,-0.0450337,0.00705148,0.00248883,2.11323,-0.474021,10.3233,0.573177,-0.623983,3.19117,11.2538,2.15807,-11.5652,3.20527,7.59179,-0.459929,1.15796,4.1091,-5.60467,3.0619,-0.0184126,0.443863,-0.240572,2.64594,0.190058,-3.29652,3.46147,206.496,88.7837,-186.4,117.26,342.148,87.6648,-183.937,116.952,31.9592,-60.5042,-2.61485,5.48289,0.00202585,-749.46,29.4101,57.1864,0,-129.882,190.597,-38.2947,-22.0875,13.7436,-484.031,24.885,17.1079,-13.6702,17.7468,-52.3554,42.4035,12.5871,-23.7482,8.53193,-12.8807,-6.78467,2.7599,-5.77867,0.359909,-0.239921,-0.149886,0.917973,-0.937943,0.325739,-1.16266,-1.52539,-1.64176,-1.01342,-253.964,-2.14913,51.9068,6.58133,0.043777,88.5861,57.887,0.852136,0.728395,0.146833,-5.82932,-1.98871,-0.0450337,0,3100,0,-1.26843e-14,3.55549e-14,-4.42257e-14,5.55112e-16,-3.33067e-16,5.27356e-16,2.77556e-17,-5.55112e-17,-5.29091e-17,0,-0.474021,0.509096,0.573174,0.0747291,3.14159,2.15807,-2.31317,3.20526,1.51836,-0.392699,4.1091,-1.12111,3.06186,-0.00368253,0.523599,0,0,0,0.907719,0.00248883,-0.474021,0.573177,3.19117,2.15807,3.20527,-0.459929,4.1091,3.0619,0.443863,0.0346669,-1.35714,0.552037,2.93409e-05,5.32102,-0.0299772,0.183595,-0.187589,-0.241643,0.0562846,0.0147798,1.00253,-145.38,-634.308,11.544,-270.853,498.088,51.8802,-243.675,217.173,27.0184
1.74,-5.8268,-2.03056,0.891554,0.857307,0.0383342,-730.623,-0.43246,1.02693,0.656492,-3.32784,3.25115,-17.223,2.1945,-1.86166,3.17729,-1.11038,-0.362753,-3.16593,4.14271,-1.31677,3.06177,0.615565,0.478377,-4.7757,-2.01929,-7.18073,-0.450558,-7.06161,-3.69856,-4.22798,-1.96924,-6.67932,-0.676595,-6.57311,-3.44584,1.57386,1.67839,1.26662,1.22346,-0.041914,-0.0163205,0.00360875,2.29206,-0.467185,10.528,0.580012,-0.746854,3.198,15.4386,2.15978,-13.8843,3.20697,14.9619,-0.458236,1.1398,4.10799,-5.4325,3.06079,-0.0189581,0.442738,-0.223825,2.49569,0.105856,-3.10559,3.2041,174.747,69.5759,-143.506,91.2144,306.734,68.4676,-141.067,90.967,31.8167,-57.1343,-2.45002,5.04214,0.00123524,-1344.05,52.6293,57.5498,0,-202.245,370.9,-50.7828,-23.2142,17.5312,-1220.78,54.7976,27.8407,-41.1158,15.9705,-49.3337,39.2441,12.1831,-22.0615,8.09611,-11.9754,-6.57802,2.65803,-5.40961,0.346874,-0.227043,-0.148541,0.884052,-0.903698,0.316328,-1.37893,-1.80826,-1.93855,-0.974217,-208.846,-3.87884,69.0021,5.98604,-0.019403,88.9372,56.7663,0.852371,0.933354,0.142074,-5.82828,-1.98867,-0.041914,0,3105,0,-1.09079e-14,1.10884e-14,-1.39419e-14,7.77156e-16,-8.88178e-16,6.38378e-16,-1.38778e-16,0,-2.60209e-18,0,-0.467185,0.519398,0.580008,0.159144,3.14159,2.15978,-2.77722,3.20696,2.99239,-0.392699,4.10799,-1.08672,3.06073,-0.00379162,0.523599,0,0,0,0.884407,0.00360875,-0.467185,0.580012,3.198,2.15978,3.20697,-0.458236,4.10799,3.06079,0.442738,0.0347254,-1.31586,0.531678,3.64498e-05,5.27802,-0.0297081,0.17681,-0.18074,-0.229937,0.0562999,0.014785,1.00236,-133.78,-592.437,11.0646,35.2288,597.571,151.641,-236.804,209.197,27.3283
1.76,-5.82562,-2.02687,0.857918,0.813851,0.0394305,-730.667,-0.425275,1.02549,0.664043,-3.85415,3.25807,-17.4287,2.19689,0.639122,3.60761,-1.07156,-0.225653,-3.17073,4.14208,-1.31764,3.06235,0.584505,0.477778,-4.77421,-2.01778,-7.18157,-0.449017,-7.05902,-3.69541,-4.22687,-1.9638,-6.67962,-0.673846,-6.57038,-3.44297,1.57305,4.47239,1.26693,1.15646,-0.0382725,-0.0411692,0.00463487,2.38089,-0.46007,10.6314,0.587127,-0.877005,3.20511,44.3257,2.16209,-30.7574,3.20929,76.1325,-0.455909,1.12477,4.10728,-5.23891,3.06008,-0.0199037,0.442071,-0.206102,2.33667,0.0275241,-2.90517,2.94015,142.302,55.0707,-111.408,71.0847,267.326,53.9717,-109.004,70.8908,31.2713,-60.9169,-2.27503,4.58673,0.00204896,-9030.1,181.341,77.0146,0,-998.248,2493.81,-125.459,-35.6518,42.9516,-15031.4,311.341,90.4839,-460.947,14.2661,-46.1672,36.0032,11.7332,-20.3116,7.61749,-11.0218,-6.34159,2.54929,-5.01473,0.329876,-0.211555,-0.145463,0.847939,-0.867081,0.306053,-1.6818,-2.17281,-2.22847,-1.04615,-241.553,-10.2867,194.16,17.1161,-0.239771,88.862,55.2188,0.840874,2.29465,0.136763,-5.82704,-1.98863,-0.0382725,0,3111,-2.77556e-17,1.01585e-14,-1.27814e-14,1.7738e-14,-8.88178e-16,1.9984e-15,-3.55271e-15,1.11022e-16,5.55112e-17,4.77049e-17,0,-0.46007,0.524593,0.58712,0.104406,3.14159,2.16209,-6.15188,3.20928,15.2265,-0.392699,4.10728,-1.04785,3.06007,-0.00398073,0.523599,0,0,0,0.856759,0.00463487,-0.46007,0.587127,3.20511,2.16209,3.20929,-0.455909,4.10728,3.06008,0.442071,0.0347957,-1.2684,0.50988,1.11069e-05,5.18966,-0.0290925,0.169588,-0.173416,-0.219613,0.0563184,0.0147912,1.00216,-120.287,-592.063,12.0287,7978.26,-238.145,2528.61,-230.882,200.55,27.5053
1.78,-5.82461,-2.02245,0.8154,0.760569,0.0403285,-730.719,-0.418968,1.02079,0.670417,-5.74784,3.26384,-17.7975,2.20104,-3.19798,3.29728,-1.62654,-0.808256,-3.18554,4.1426,-1.34976,3.06491,0.532263,0.478297,-4.7729,-2.01538,-7.1827,-0.447455,-7.0566,-3.69193,-4.22591,-1.95795,-6.67982,-0.670194,-6.56809,-3.43922,1.56896,0.907554,1.23686,1.08035,-0.0338907,-0.0663647,0.0054626,2.44155,-0.453834,10.6838,0.593364,-1.01066,3.21135,-28.1196,2.16617,12.229,3.21337,-36.5022,-0.451823,1.11125,4.10774,-5.01035,3.06054,-0.0217885,0.442537,-0.187161,2.16685,-0.0404791,-2.69285,2.67143,115.307,44.0373,-87.3194,55.8408,231.573,42.9656,-85.0009,55.6923,30.5237,-72.1932,-2.09429,4.1332,0.00504785,-2000.39,-119.306,18.4009,0,-114.339,312.523,53.4159,-2.06249,-20.3338,-3605.3,-159.255,2.12895,223.008,12.6609,-42.8421,32.6975,11.2254,-18.5129,7.07756,-10.0046,-6.06199,2.44513,-4.59269,0.303052,-0.189907,-0.137653,0.813323,-0.831505,0.294685,-2.12593,-2.66408,-2.56419,-1.28186,-346.478,-18.4396,2.51266,-10.553,-0.740637,87.2825,52.6101,0.824718,-1.0911,0.131813,-5.82579,-1.98858,-0.0338907,0,3117,0,3.60822e-15,-2.52159e-14,3.12879e-14,1.38778e-16,-0,4.44089e-16,8.32667e-17,5.55112e-17,4.59702e-17,0,-0.453834,0.527185,0.593355,0.0383641,3.14159,2.16617,2.44577,3.21337,-7.30045,-0.392699,4.10774,-1.00211,3.06053,-0.0043577,0.523599,0,0,0,0.823052,0.0054626,-0.453834,0.593364,3.21135,2.16617,3.21337,-0.451823,4.10774,3.06054,0.442537,0.0348659,-1.21244,0.489037,5.87733e-06,5.02935,-0.0275305,0.162665,-0.166301,-0.211376,0.0563369,0.0147974,1.00191,-109.502,-596.191,14.8461,3409.09,-2291.86,991.123,-226.227,190.561,27.3453
1.8,-5.82436,-2.01747,0.761657,0.693551,0.0413509,-730.779,-0.414532,0.999929,0.674151,-11.6828,3.26768,-19.0414,2.20688,-2.76783,3.27226,-1.5585,-0.513607,-3.20947,4.14348,-1.42656,3.0688,0.445825,0.479125,-4.77246,-2.01119,-7.18513,-0.446283,-7.05469,-3.68811,-4.22573,-1.95133,-6.68096,-0.666086,-6.56639,-3.435,1.54799,1.01805,1.16311,0.991885,-0.0289196,-0.0891282,0.00646149,2.452,-0.449421,10.658,0.597776,-1.14309,3.21577,-14.4764,2.172,4.48057,3.21919,-15.0903,-0.446007,1.08598,4.1086,-4.72007,3.0614,-0.0235383,0.443363,-0.166695,1.98387,-0.0908907,-2.46453,2.40087,91.9575,35.3792,-68.8801,44.0343,197.472,34.3788,-66.7273,43.9217,29.5049,-106.729,-1.90858,3.69225,0.0210551,-251.619,-57.1971,25.8146,0,-7.75663,-52.9365,18.3371,-7.46667,-8.27109,-545.151,-64.967,16.6751,93.4032,11.1037,-39.3495,29.3476,10.6489,-16.7316,6.53443,-8.96189,-5.74255,2.36969,-4.17232,0.273474,-0.166731,-0.12793,0.788226,-0.805518,0.281929,-2.68714,-3.35091,-3.01309,-2.32646,-652.845,-62.1962,24.3128,-7.04457,-1.1965,83.4862,48.2876,0.802269,-0.446385,0.128572,-5.82537,-1.98857,-0.0289196,0,3119,0,-9.52016e-15,2.23571e-14,-2.66643e-14,-2.09902e-16,4.996e-16,-4.44089e-16,1.11022e-16,5.55112e-17,4.85723e-17,0,-0.449421,0.525827,0.597774,0.000812171,3.14159,2.172,0.896231,3.21918,-3.01806,-0.392699,4.1086,-0.944145,3.06136,-0.00470766,0.523599,0,0,0,0.78051,0.00646149,-0.449421,0.597776,3.21577,2.172,3.21919,-0.446007,4.1086,3.0614,0.443363,0.0348894,-1.14867,0.473983,2.24605e-05,4.88233,-0.0255859,0.157645,-0.161104,-0.202126,0.056343,0.0147994,1.00163,-103.907,-595.597,23.1429,971.962,-738.342,248.835,-217.474,177.645,27.0626
1.82,-5.82446,-2.01223,0.695527,0.611768,0.0421655,-730.827,-0.411964,0.71467,0.670451,-7.87156,3.26945,-24.1118,2.21402,-2.68853,3.27207,-1.57571,-0.47975,-3.2456,4.14503,-1.53907,3.07382,0.334857,0.480617,-4.77246,-2.00605,-7.18789,-0.44534,-7.05326,-3.68421,-4.22589,-1.94478,-6.68216,-0.661543,-6.56534,-3.43036,1.25727,1.06329,1.05413,0.890299,-0.0236776,-0.112835,0.00727615,2.51527,-0.446853,10.6551,0.600344,-1.2437,3.21833,-10.766,2.17913,2.64071,3.22633,-10.1031,-0.438875,1.04329,4.11014,-4.37164,3.06294,-0.0255204,0.444887,-0.145306,1.79291,-0.13216,-2.22752,2.13033,74.7938,28.4053,-54.286,34.8614,169.27,27.4924,-52.3376,34.7648,28.5157,-700.762,-1.66741,3.16095,2.00453,34.7448,-33.4537,26.5546,0,-1.20886,-125.808,5.85619,-8.95806,-4.90043,-32.7668,-33.3027,23.2142,71.0955,9.44819,-35.7666,25.989,10.0007,-14.8649,5.97809,-7.89927,-5.37962,2.30999,-3.7342,0.24074,-0.142034,-0.115786,0.768373,-0.784668,0.267978,-3.3065,-4.08916,-2.39878,-16.5863,-471.012,-253.517,28.6344,-7.00507,-1.80669,77.9381,42.7399,0.78051,-0.265976,0.126158,-5.82537,-1.98857,-0.0236776,0,3119,0,-6.71685e-15,9.53404e-15,-9.73787e-15,-1.42247e-16,-6.38378e-16,4.996e-16,-2.77556e-17,-8.32667e-17,-8.93383e-17,0,-0.446853,0.525803,0.600339,-0.0111324,3.14159,2.17913,0.528238,3.22632,-2.02063,-0.392699,4.11014,-0.874514,3.06288,-0.00510408,0.523599,0,0,0,0.726768,0.00727615,-0.446853,0.600344,3.21833,2.17913,3.22633,-0.438875,4.11014,3.06294,0.444887,0.0348894,-1.07615,0.462064,3.36378e-05,4.53095,-0.0231571,0.153675,-0.156934,-0.192409,0.056343,0.0147994,1.00133,-98.1512,-585.384,142.907,631.939,-493.246,167.791,-207.858,163.197,26.5581
1.84,-5.82462,-2.00748,0.620004,0.518468,0.0428476,-730.922,-0.410077,1.00673,0.681362,-7.86576,3.27234,-28.9172,2.22184,-2.62253,3.28311,-1.58204,-0.482308,-3.29445,4.14823,-1.67786,3.08054,0.218616,0.483777,-4.77255,-2.00126,-7.19064,-0.445145,-7.05163,-3.68154,-4.22609,-1.93895,-6.68324,-0.657382,-6.56453,-3.42612,1.55734,1.14288,0.918901,0.777956,-0.018929,-0.13552,0.00795818,3.25614,-0.444966,11.3167,0.602231,-1.43161,3.22023,-11.3517,2.18695,3.42851,3.23415,-10.9654,-0.431051,0.99802,4.11334,-3.97577,3.06614,-0.0286103,0.4481,-0.124312,1.60564,-0.161035,-1.99578,1.8787,79.4497,23.5718,-44.3212,30.7169,174.482,22.7535,-42.5872,30.6335,29.7877,-94.8794,-1.54716,2.88141,0.0113291,-194.151,-44.7068,19.8666,0,-1.2877,-0.859948,14.4381,-5.87836,-5.3132,-461.554,-56.3896,14.0495,77.3147,7.94777,-32.3173,22.8579,9.31022,-13.0182,5.42456,-6.87751,-4.98233,2.26594,-3.28295,0.201082,-0.114361,-0.0988438,0.75367,-0.768416,0.253563,-3.77613,-4.66503,-4.75628,-1.98423,-456.036,-240.269,32.3252,-7.31964,-2.44249,71.1584,36.922,0.819016,-0.289411,0.124333,-5.82537,-1.98857,-0.018929,0,3119,5.55112e-17,1.26288e-14,-1.29063e-14,1.86895e-14,9.09429e-16,-1.30451e-15,1.22125e-15,0,-5.55112e-17,-6.07153e-17,0,-0.444966,0.558914,0.60224,0.016901,3.14159,2.18695,0.685775,3.23414,-2.19307,-0.392699,4.11334,-0.795287,3.06609,-0.00572207,0.523599,0,0,0,0.660638,0.00795818,-0.444966,0.602231,3.22023,2.18695,3.23415,-0.431051,4.11334,3.06614,0.4481,0.0348894,-0.996631,0.453238,2.60455e-05,3.95897,-0.0197688,0.150734,-0.153683,-0.176481,0.056343,0.0147994,1.00107,-114.331,-594.391,24.3162,670.189,-493.418,132.636,-196.175,147.91,25.4999
1.86,-5.82457,-2.00324,0.538203,0.418637,0.0432583,-731.018,-0.404163,1.01704,0.685933,-5.66685,3.27677,-19.3922,2.22705,-2.59788,3.28883,-1.59314,-0.475563,-3.35945,4.1543,-1.84604,3.08994,0.107449,0.489831,-4.77215,-1.99958,-7.19225,-0.443931,-7.0494,-3.68061,-4.22607,-1.93405,-6.68374,-0.653492,-6.5639,-3.42218,1.5678,1.16651,0.75407,0.663035,-0.0146906,-0.156978,0.00835725,2.90084,-0.439064,10.8933,0.608133,-1.58915,3.22612,-10.8602,2.19215,3.54972,3.23935,-9.91315,-0.425818,0.944037,4.1194,-3.55945,3.0722,-0.0336546,0.454228,-0.105749,1.44008,-0.180878,-1.79145,1.66737,55.5553,18.6704,-34.712,23.0859,130.481,17.8868,-33.0743,23.0243,27.2504,-52.5855,-1.38034,2.53706,0.00215319,78.3392,-23.155,21.8279,0,0.695597,-157.4,2.68805,-7.87369,-4.79522,33.4572,-19.8819,20.0596,69.946,6.5759,-29.3458,20.2289,8.64229,-11.2672,4.90603,-5.97128,-4.57938,2.24314,-2.84394,0.152689,-0.0835986,-0.0758023,0.745977,-0.758173,0.240106,-4.09005,-4.99155,-4.81822,-1.46913,-320.312,476.247,33.8186,-7.87137,-3.25007,63.0533,31.3509,0.748663,-0.260819,0.123016,-5.82517,-1.98856,-0.0146906,0,3120,1.38778e-17,6.10623e-16,1.96926e-14,-3.2091e-14,-2.09874e-16,-1.66533e-16,1.66533e-16,0,-2.77556e-17,-2.51535e-17,0,-0.439064,0.537683,0.608128,0.119917,3.14159,2.19215,0.709739,3.23937,-1.98263,-0.392699,4.1194,-0.711844,3.07222,-0.00673093,0.523599,0,0,0,0.585103,0.00835725,-0.439064,0.608133,3.22612,2.19215,3.23935,-0.425818,4.1194,3.0722,0.454228,0.0349011,-0.915816,0.448607,-9.95684e-06,3.21956,-0.0151605,0.149195,-0.151635,-0.155201,0.0563461,0.0148004,1.00083,-87.3263,-519.696,15.9121,697.324,-547.418,181.328,-184.4,132.807,23.5132
1.88,-5.8245,-1.99927,0.451768,0.318628,0.0430486,-731.111,-0.396567,1.01802,0.692805,-36.5241,3.2834,-15.2606,2.23034,-2.58609,3.29403,-1.59852,-0.473313,-3.45081,4.16405,-2.05935,3.10275,-0.00446049,0.499452,-4.77155,-2.0001,-7.19257,-0.441423,-7.04708,-3.68121,-4.22598,-1.93041,-6.68339,-0.649341,-6.56412,-3.41805,1.56902,1.18126,0.543947,0.550915,-0.0107248,-0.175812,0.00813576,2.78619,-0.43148,10.7003,0.615718,-1.73637,3.23371,-10.9739,2.19543,4.02259,3.24263,-9.6738,-0.422573,0.868515,4.12914,-3.1331,3.08194,-0.0415712,0.463967,-0.09048,1.30393,-0.193552,-1.62396,1.50503,43.7395,15.315,-28.3532,18.4486,103.75,14.5237,-26.7305,18.3924,25.5638,-33.0107,-1.23258,2.2535,0.00149801,52.1611,-21.9945,19.4942,0,1.63758,-145.16,3.12182,-7.03478,-4.82951,-22.6889,-19.1788,17.1632,65.9678,5.26683,-27.039,18.2166,8.05881,-9.66731,4.45708,-5.21282,-4.2021,2.2579,-2.43734,0.0925851,-0.0488146,-0.0457064,0.750458,-0.758526,0.228448,-4.32176,-5.00042,-4.61499,-1.41486,-1831.19,206.578,34.5728,-8.37049,-4.56778,52.8751,25.7059,0.699123,-0.261321,0.123273,-5.82496,-1.98855,-0.0107248,0,3121,0,-2.30371e-15,-1.01308e-14,1.45699e-14,-2.28983e-16,-6.10623e-16,5.55112e-16,0,-2.77556e-17,-2.60209e-17,0,-0.43148,0.528203,0.61572,0.188246,3.14159,2.19543,0.804623,3.24262,-1.93476,-0.392699,4.12914,-0.626574,3.08196,-0.00831425,0.523599,0,0,0,0.50329,0.00813576,-0.43148,0.615718,3.23371,2.19543,3.24263,-0.422573,4.12914,3.08194,0.463967,0.0349128,-0.840359,0.451557,-1.12867e-05,2.29818,-0.00914127,0.150092,-0.151705,-0.128701,0.0563492,0.0148015,1.0006,-67.9819,-468.82,10.8468,714.5,-548.006,171.815,-175.383,118.19,20.3907
1.9,-5.82476,-1.99554,0.362355,0.223107,0.0424192,-731.191,-0.396879,1.03003,0.69193,9.48649,3.28213,-12.9766,2.23167,-2.88024,3.29175,-1.65567,-0.451232,-3.56705,4.17407,-2.30102,3.11553,-0.13017,0.509356,-4.77179,-1.9972,-7.19227,-0.43785,-7.04557,-3.68185,-4.2262,-1.92769,-6.6828,-0.645069,-6.56528,-3.41386,1.58142,0.862744,0.305152,0.44298,-0.00698614,-0.186816,0.00750645,2.6451,-0.431792,10.4671,0.615406,-1.85292,3.23341,-8.98307,2.19676,3.18414,3.24395,-4.96772,-0.421222,0.739673,4.13915,-2.67501,3.09196,-0.0489074,0.474002,-0.0784318,1.19655,-0.195416,-1.49194,1.39113,35.7807,13.0603,-24.3296,15.4114,82.9411,12.3227,-22.8223,15.3581,23.9532,-12.1363,-1.13183,2.08235,0.00263398,-60.7399,-26.436,16.2787,0,2.33796,-34.7554,6.76023,-5.44889,-3.0526,-156.582,-23.065,10.3395,26.7786,3.9072,-25.4785,16.7937,7.65916,-8.26504,4.20807,-4.64548,-3.92725,2.35468,-2.10688,0.0430864,-0.021786,-0.0209677,0.782557,-0.786692,0.218817,-4.47067,-4.77605,-4.02614,-0.808599,504.104,114.202,19.9315,-12.9764,-5.8119,41.2922,19.4127,0.650838,-0.164042,0.127725,-5.82496,-1.98855,-0.00698614,0,3121,-1.38778e-17,-3.83027e-15,-6.56419e-15,-4.61252e-15,-7.63278e-17,-1.66533e-16,2.77556e-16,-4.16334e-17,-5.55112e-17,-5.76796e-17,0,-0.431792,0.516713,0.615413,0.103112,3.14159,2.19676,0.636748,3.24397,-0.993544,-0.392699,4.13915,-0.534931,3.092,-0.00978147,0.523599,0,0,0,0.416855,0.00750645,-0.431792,0.615406,3.23341,2.19676,3.24395,-0.421222,4.13915,3.09196,0.474002,0.0349128,-0.785344,0.470894,-2.13232e-05,1.29958,-0.00419355,0.156511,-0.157338,-0.10199,0.0563492,0.0148015,1.00039,-49.0641,-462.044,7.57893,493.27,-292.478,66.1932,-164.555,102.891,17.1635
1.92,-5.82503,-1.99234,0.274692,0.13641,0.0417254,-730.938,-0.401173,0.0458183,0.673073,-28.3768,3.2758,-10.7734,2.23244,-2.66752,3.29818,-1.61158,-0.456098,-3.69589,4.18257,-2.52408,3.12643,-0.252618,0.517704,-4.77231,-1.99276,-7.19175,-0.434427,-7.04455,-3.68217,-4.22642,-1.9256,-6.68213,-0.641276,-6.56653,-3.41015,0.584685,1.08676,0.0846453,0.339755,-0.00378099,-0.188181,0.00682429,2.55106,-0.436074,10.2381,0.611124,-1.94516,3.22911,-10.5535,2.19754,4.56105,3.24474,-7.58497,-0.420464,0.593103,4.14767,-2.20212,3.10047,-0.0558489,0.482469,-0.0693447,1.11562,-0.187415,-1.39234,1.31764,31.0058,11.5414,-21.8226,13.532,68.0188,10.802,-20.3117,13.3658,22.5217,54.4732,-1.04913,1.95996,0.0864243,14.091,-19.7987,16.8328,0,3.03682,-114.656,3.31147,-6.05303,-4.47261,-83.5096,-15.2709,12.3407,43.1016,2.8005,-24.6405,15.858,7.53599,-7.01783,4.18763,-4.25377,-3.8086,2.5087,-1.80541,0.00268364,-0.0012922,-0.00129353,0.833522,-0.833802,0.211268,-4.38316,-4.33484,12.6443,-49.8906,-1354.34,110.163,30.6063,-10.3682,-6.44184,30.5647,13.2675,0.609777,-0.238417,0.13501,-5.82517,-1.98856,-0.00378099,0,3120,-6.93889e-18,-5.44009e-15,4.09395e-15,-3.19189e-16,1.73472e-17,-1.11022e-16,1.66533e-16,-4.16334e-17,-5.55112e-17,-5.90213e-17,0,-0.436074,0.509844,0.611115,-0.000341685,3.14159,2.19754,0.912315,3.24473,-1.51699,-0.392699,4.14767,-0.440434,3.10046,-0.0111698,0.523599,0,0,0,0.327454,0.00682429,-0.436074,0.611124,3.22911,2.19754,3.24474,-0.420464,4.14767,3.10047,0.482469,0.0349011,-0.761738,0.501747,3.78518e-06,0.374474,-0.000258706,0.166704,-0.16676,-0.0734487,0.0563461,0.0148004,1.00021,-33.9169,-463.453,-3.87982,678.98,-477.92,133.506,-149.76,86.7898,14.4223
1.94,-5.82526,-1.98943,0.190775,0.059108,0.041013,-731.109,-0.4026,0.809538,0.699943,-1.85783,3.2838,-10.3752,2.23335,-3.02214,3.33082,-1.62104,-0.658663,-3.82079,4.18611,-2.69725,3.13206,-0.371874,0.521181,-4.77258,-1.99021,-7.19121,-0.431374,-7.04484,-3.68039,-4.2266,-1.92382,-6.6814,-0.637752,-6.56777,-3.4067,1.36727,0.967343,-0.0863725,0.244519,-0.000860986,-0.18249,0.00612365,8.38588,-0.43749,15.9449,0.609708,-0.80413,3.2277,-22.8773,2.19846,12.6132,3.24566,-27.0263,-0.419535,0.426843,4.15122,-1.73443,3.10403,-0.0590278,0.485994,-0.0630797,1.05984,-0.17441,-1.32366,1.2755,113.399,13.5474,-26.0196,27.9061,216.639,12.8136,-24.5101,27.5662,41.7464,-5575.84,-0.379705,0.722887,202.617,822.194,1.15388,22.4339,0,64.8369,-1098.72,-9.23748,-9.69012,-15.4258,812.397,15.7708,21.8795,160.857,1.79202,-24.4645,15.2703,7.7772,-5.77828,4.42921,-4.02526,-3.90664,2.70358,-1.51432,-0.0137073,0.00621343,0.00668861,0.898236,-0.896714,0.205902,-4.19584,-3.86512,-8.54508,-11.7061,-14.062,19.9084,12.9203,-10.5169,-6.24538,22.0832,7.30103,1.11969,-0.814515,0.144143,-5.82537,-1.98857,-0.000860986,0,3119,1.38778e-17,2.58127e-15,3.4639e-14,3.46806e-14,0,-1.11022e-16,2.22045e-16,2.77556e-17,1.38778e-17,1.38236e-17,0,-0.43749,0.798613,0.609709,-0.0112632,3.14159,2.19846,2.52275,3.24566,-5.40526,-0.392699,4.15122,-0.346929,3.10399,-0.0118056,0.523599,0,0,0,0.239802,0.00612365,-0.43749,0.609708,3.2277,2.19846,3.24566,-0.419535,4.15122,3.10403,0.485994,0.0348894,-0.781428,0.540763,2.29024e-05,-0.447439,0.00133772,0.179647,-0.179343,-0.0538731,0.056343,0.0147994,1.00005,-218.051,-724.336,1101.68,2291.87,-1430.32,429.268,-132.683,70.8549,13.2472
1.96,-5.82548,-1.98683,0.112619,-0.0103978,0.0405398,-731.204,-0.399643,0.728598,0.69099,-0.150462,3.28402,-9.347,2.23258,-2.28429,3.31017,-1.62022,-0.635054,-3.93286,4.1869,-2.82149,3.13462,-0.472163,0.521971,-4.77257,-1.98998,-7.19063,-0.427978,-7.04552,-3.67781,-4.22679,-1.92198,-6.68098,-0.634746,-6.56866,-3.40375,1.27716,1.66093,-0.20884,0.157145,0.001746,-0.171681,0.00565039,5.48541,-0.434532,13.0356,0.612665,-2.36328,3.23066,-13.556,2.1977,7.19013,3.24489,-19.157,-0.420301,0.319832,4.15201,-1.3137,3.10482,-0.0599902,0.486778,-0.0591245,1.0246,-0.15833,-1.2803,1.25535,62.0914,11.2386,-21.9878,17.5134,121.802,10.5257,-20.5032,17.31,31.1971,1342.19,-1.08868,2.10986,13.588,106.281,-13.5328,17.498,0,10.8718,-257.05,0.160734,-6.68311,-7.2921,28.4657,-11.0352,21.6635,175.587,1.36498,-24.8011,14.9185,8.35074,-4.66411,4.83745,-3.89268,-4.18902,2.86837,-1.20488,-0.0182386,0.00771388,0.00919554,0.952955,-0.950885,0.202435,-3.90781,-3.47529,-4.72299,-15.7614,69.9015,51.4094,49.7744,-7.72556,-5.60355,15.9108,2.28384,0.829217,-0.381723,0.151597,-5.82537,-1.98857,0.001746,0,3119,3.46945e-18,-7.64666e-15,2.51188e-15,2.11636e-15,1.94289e-16,-2.77556e-16,5.55112e-16,2.08167e-17,2.77556e-17,2.9165e-17,0,-0.434532,0.650988,0.612666,-0.011124,3.14159,2.1977,1.43807,3.24489,-3.8314,-0.392699,4.15201,-0.262779,3.10477,-0.011998,0.523599,0,0,0,0.155885,0.00565039,-0.434532,0.612665,3.23066,2.1977,3.24489,-0.420301,4.15201,3.10482,0.486778,0.0348894,-0.837933,0.573733,2.90315e-05,-1.04403,0.00183911,0.190591,-0.190177,-0.0393022,0.056343,0.0147994,0.999902,-117.064,-578.147,-256.049,1268.66,-1051.55,341.815,-115.914,56.1724,12.9391
1.98,-5.82578,-1.98457,0.0420443,-0.0734525,0.0403401,-731.238,-0.398881,0.663814,0.68756,-2.73795,3.28215,-8.27808,2.23207,-1.99854,3.29651,-1.69095,-0.145474,-4.02926,4.1871,-2.91443,3.1363,-0.552037,0.522174,-4.77281,-1.98847,-7.19056,-0.425289,-7.04606,-3.67549,-4.22708,-1.92005,-6.68101,-0.632324,-6.56925,-3.40135,1.21081,1.44344,-0.300302,0.0778804,0.00400631,-0.159863,0.00546241,4.62188,-0.433759,12.1391,0.613439,-2.15715,3.23144,-7.5885,2.19719,3.83157,3.24439,-5.62916,-0.42081,0.273958,4.15222,-0.951981,3.10503,-0.0604701,0.486972,-0.0570154,1.00584,-0.143214,-1.25735,1.25037,48.3576,10.3352,-20.5137,14.6057,91.9179,9.63376,-19.0358,14.4354,27.6999,124.303,-0.945907,1.85919,0.198733,-37.3682,-20.324,15.211,0,4.17518,-28.5887,4.51609,-5.27538,-2.12398,-182.669,-27.1516,16.4777,51.3217,1.467,-25.5657,14.7322,9.19511,-3.75909,5.35304,-3.80959,-4.61101,2.98354,-0.894461,-0.0209535,0.00821447,0.0110236,0.991127,-0.988782,0.200561,-3.52872,-3.15273,-1.70957,-18.9999,-67.7976,53.4459,64.0365,-11.2526,-4.81978,11.2737,-1.71774,0.730648,-0.110343,0.156478,-5.82558,-1.98858,0.00400631,0,3118,1.73472e-18,1.15186e-14,-2.60625e-14,-1.63918e-14,-6.93889e-18,-0,0,-4.85723e-17,-6.245e-17,-6.84132e-17,0,-0.433759,0.60566,0.613444,-0.004251,3.14159,2.19719,0.766364,3.24438,-1.12583,-0.392699,4.15222,-0.190433,3.10497,-0.012094,0.523599,0,0,0,0.077741,0.00546241,-0.433759,0.613439,3.23144,2.19719,3.24439,-0.42081,4.15222,3.10503,0.486972,0.0348777,-0.922393,0.59679,4.0967e-05,-1.41626,0.00220472,0.198225,-0.197756,-0.0261703,0.0563399,0.0147984,0.999774,-87.0539,-530.708,-16.5729,497.517,-366.096,91.7353,-100.187,43.0405,12.819
2,-5.82614,-1.98319,-0.0146825,-0.126305,0.0404662,-731.285,-0.398857,0.707123,0.688491,2.115,3.2822,-7.86829,2.23276,-0.630291,3.25936,-1.38199,-0.325604,-4.10149,4.18696,-2.97688,3.13741,-0.607474,0.522081,-4.77318,-1.98689,-7.19123,-0.424366,-7.04627,-3.67415,-4.22745,-1.91846,-6.68154,-0.631044,-6.56943,-3.40006,1.25501,2.95467,-0.361554,0.00718805,0.00540626,-0.150261,0.00561192,4.69331,-0.433711,12.1714,0.613486,-2.24701,3.23148,2.68152,2.1979,-2.23096,3.2451,18.0588,-0.420091,0.254884,4.15211,-0.642891,3.10491,-0.0604884,0.486878,-0.056323,0.999747,-0.132076,-1.25018,1.25642,47.1766,10.0607,-20.1767,14.0027,86.2442,9.36692,-18.6972,13.8385,27.4556,288.604,-0.958458,1.90257,0.790378,56.6229,-30.3095,12.051,0,27.0715,-55.7329,10.7713,-3.30218,6.85842,222.644,-50.725,9.12631,-168.008,1.78957,-26.6849,14.6572,10.259,-3.0162,5.96231,-3.75731,-5.14572,3.06199,-0.603706,-0.0219051,0.00791722,0.0120548,1.01717,-1.01481,0.199944,-2.83634,-2.64265,-2.35017,-16.8334,179.51,20.4897,132.483,4.231,-3.61162,8.14401,-4.49136,0.719732,0.354056,0.159596,-5.826,-1.98859,0.00540626,0,3116,8.67362e-19,3.15026e-15,-7.16094e-15,-6.94236e-15,9.71445e-17,8.32667e-17,-2.22045e-16,6.59195e-17,6.59195e-17,6.93889e-17,0,-0.433711,0.607354,0.613484,-0.00950192,3.14159,2.1979,-0.446182,3.2451,3.61177,-0.392699,4.15211,-0.128594,3.10487,-0.0120977,0.523599,0,0,0,0.00719011,0.00561192,-0.433711,0.613486,3.23148,2.1979,3.2451,-0.420091,4.15211,3.10491,0.486878,0.0348542,-1.02929,0.612453,2.7667e-05,-1.47023,0.00241097,0.203433,-0.202962,-0.0159067,0.0563338,0.0147963,0.999695,-86.7286,-528.86,-48.2226,-9.69752,1008.85,-444.461,-80.5769,30.7231,12.7981
2.02,-5.82599,-1.98255,-0.0549597,-0.168522,0.0410376,-826.293,-0.395603,249.084,0.684144,11252,3.27154,-7.26547,2.23238,31.7791,-3.01713,1.57174,0.122185,-4.14631,4.18647,-3.01066,3.13786,-0.640821,0.521623,-4.77284,-1.98711,-7.19178,-0.42402,-7.04544,-3.67371,-4.22734,-1.9169,-6.68217,-0.630892,-6.56847,-3.39984,249.638,28.6398,-0.394422,-0.0495722,0.00604179,-0.145282,0.00617166,4.56777,-0.430469,12.0148,0.616728,-2.2443,3.23472,337.32,2.19751,-209.557,3.24471,833.701,-0.420481,0.253491,4.15161,-0.409499,3.10441,-0.0600099,0.486386,-0.0565902,1.00212,-0.127181,-1.25361,1.26931,44.3213,9.80491,-19.8062,13.1564,77.127,9.10223,-18.2893,13.0133,26.5848,70.9013,-0.936815,1.8705,0.0752048,169094,-352.156,-90.2131,0,24082.4,-252770,210.367,60.1789,302.2,408405,-836.762,-239.717,-8098.89,2.19417,-27.9022,14.6515,11.3128,-2.4991,6.56971,-3.72772,-5.67909,3.09802,-0.371329,-0.0203614,0.00682427,0.0116156,1.02916,-1.02708,0.200178,-2.01386,-2.11084,-4750.41,12402,562661,30.1411,1752.93,152.147,-2.24088,6.43085,-6.15688,0.693659,15.5354,0.16079,-5.82579,-1.98858,0.00604179,0,3117,0,6.52256e-15,-9.52016e-15,-5.54851e-15,0,-3.55271e-15,7.10543e-15,3.98986e-17,3.46945e-17,4.81386e-17,0,-0.430469,0.598908,0.616725,0.00426141,3.14159,2.19751,-41.9129,3.24471,166.74,-0.392699,4.15161,-0.0819072,3.10438,-0.012002,0.523599,0,0,0,-0.0495485,0.00617166,-0.430469,0.616728,3.23472,2.19751,3.24471,-0.420481,4.15161,3.10441,0.486386,0.0348659,-1.13594,0.619648,2.15179e-05,-1.15553,0.00232312,0.205832,-0.205415,-0.00953316,0.0563369,0.0147974,0.99966,-81.3678,-515.157,-6.01025,646366,176707,-97202.5,-58.0017,19.7331,12.9159
2.04,-5.82538,-1.98223,-0.0818401,-0.204439,0.0420686,-826.074,-0.388343,1.35323,0.68808,-9.99269,3.27895,-5.77172,2.23361,-2.21086,3.31923,-1.67951,-0.105413,-4.16729,4.18557,-3.0212,3.13755,-0.658238,0.520721,-4.77177,-1.98911,-7.19281,-0.425209,-7.04362,-3.67371,-4.22679,-1.91494,-6.68295,-0.631461,-6.5664,-3.40029,1.90396,1.21379,-0.404371,-0.0900713,0.00633472,-0.147255,0.00716749,-1.9884,-0.423244,5.48534,0.623953,-2.30014,3.24195,-14.7677,2.19871,8.99588,3.24591,-38.9638,-0.419293,0.260246,4.15067,-0.262599,3.10347,-0.0589499,0.485428,-0.0572321,1.00776,-0.131114,-1.2612,1.28486,-13.5775,6.86531,-14.024,7.79105,-52.6638,6.16022,-12.4764,7.72423,3.66063,29.3073,-0.940778,1.88478,0.0159009,74.571,-12.8692,18.0507,0,16.8427,-285.387,-0.121709,-6.93334,-8.60584,101.334,-16.917,38.8531,634.908,2.47244,-28.8758,14.6817,12.0331,-2.19025,7.04465,-3.7171,-6.05009,3.08688,-0.221267,-0.0151533,0.00479976,0.00879045,1.02552,-1.02405,0.200739,-1.34402,-1.79584,10.963,15.426,-452.753,74.6875,53.4977,-8.43418,-1.04896,5.85881,-7.02238,0.0952485,-0.441609,0.15995,-5.82517,-1.98856,0.00633472,0,3120,0,-5.75928e-15,-3.94997e-15,-7.83222e-15,-1.38778e-17,5.55112e-17,-4.44089e-16,1.21431e-17,1.56125e-17,6.23416e-18,0,-0.423244,0.268202,0.623956,-0.0711839,3.14159,2.19871,1.79954,3.2459,-7.79276,-0.392699,4.15067,-0.052527,3.10342,-0.01179,0.523599,0,0,0,-0.0898608,0.00716749,-0.423244,0.623953,3.24195,2.19871,3.24591,-0.419293,4.15067,3.10347,0.485428,0.0349011,-1.21023,0.617449,3.6511e-05,-0.64054,0.00175809,0.205104,-0.204809,-0.00650136,0.0563461,0.0148004,0.999643,124.063,-236.901,0.946791,2500.03,-1900.72,658.701,-37.056,11.2414,13.1903
2.06,-5.82441,-1.98226,-0.0971819,-0.235765,0.0434673,-825.832,-0.381985,0.961497,0.693875,-22.6995,3.28926,-4.04499,2.23534,9.47494,3.29214,-1.46806,-0.35861,-4.16572,4.1838,-3.00761,3.13607,-0.661751,0.518986,-4.77041,-1.99037,-7.19408,-0.427328,-7.04114,-3.67394,-4.22592,-1.91274,-6.68386,-0.632693,-6.56344,-3.40136,1.5077,13.1257,-0.390527,-0.117292,0.00626975,-0.157931,0.00850767,0.111526,-0.416945,7.53825,0.630252,-2.34154,3.24825,-3.96844,2.20038,2.3609,3.24758,14.0224,-0.417615,0.261376,4.14884,-0.188822,3.10165,-0.0570418,0.483612,-0.057882,1.01341,-0.146236,-1.26895,1.30193,2.95181,7.65157,-15.7087,8.1378,-17.5198,6.94029,-14.1165,8.12132,10.4725,34.2902,-0.947387,1.90485,0.00514093,-37.7715,-22.8341,15.0834,0,7.07841,14.1502,6.04581,-5.0452,0.979231,-607.872,-179.615,84.508,-752.398,2.35246,-29.4057,14.7359,12.2257,-1.94915,7.32198,-3.72816,-6.16565,3.03129,-0.146905,-0.00412118,0.0012641,0.00237642,1.00712,-1.00673,0.201301,-0.767088,-1.56628,12.0879,-4.25576,-1083.35,86.336,637.874,4.20818,0.0783336,6.44953,-7.19274,0.271598,0.050237,0.157069,-5.82413,-1.98853,0.00626975,0,3125,-6.93889e-18,4.42008e-15,-4.12864e-15,-9.55001e-15,6.93889e-17,-9.71445e-17,-1.11022e-16,-6.63532e-17,-6.67869e-17,-6.451e-17,0,-0.416945,0.369219,0.630259,-0.031529,3.14159,2.20038,0.472135,3.24758,2.80449,-0.392699,4.14884,-0.0377681,3.10161,-0.0114084,0.523599,0,0,0,-0.1168,0.00850767,-0.416945,0.630252,3.24825,2.20038,3.24758,-0.417615,4.14884,3.10165,0.483612,0.0349597,-1.2333,0.606314,2.77047e-05,-0.0310135,0.000475284,0.201423,-0.201346,-0.00563991,0.0563615,0.0148056,0.999647,56.9241,-320.612,-1.26792,367.145,344.199,-100.229,-18.1105,5.33067,13.7368
2.08,-5.82304,-1.98286,-0.0999409,-0.261618,0.0452485,-825.911,-0.376546,1.06931,0.711579,42.4387,3.29948,10852,2.23678,-12122.8,3.25997,-8.34891,-2.59,-4.13708,4.18058,-2.9641,3.13288,-0.651429,0.515791,-4.76874,-1.99108,-7.19541,-0.430198,-7.03812,-3.67431,-4.22468,-1.91049,-6.6849,-0.634826,-6.55954,-3.40327,1.623,-12116.9,-0.347013,-0.132945,0.00562205,-0.17721,0.0102185,2.6387,-0.411576,10.0055,0.635622,-2.38225,3.25362,-14.1405,2.20175,8.70981,3.24895,-3365.48,-0.416244,0.257853,4.14555,-0.181626,3.09835,-0.0537814,0.480313,-0.0583446,1.01736,-0.172584,-1.27476,1.31986,24.7827,8.56693,-17.6993,9.57024,25.1287,7.83044,-16.0137,9.54398,18.7122,14.3396,-0.946008,1.91068,0.0036325,46.5498,-14.1545,18.1805,0,14.3843,-245.402,0.609107,-6.92428,-7.90821,4.48907e+06,-2037.42,3624.11,5.39691e+06,1.8065,-29.3622,14.8057,11.8023,-1.74201,7.36256,-3.76648,-5.9851,2.93098,-0.14145,0.0161903,-0.00494367,-0.00906242,0.973854,-0.975313,0.201697,-0.13795,-1.29266,-3.95972,1.1451,2160.81,542801,-605974,-338.937,1.43201,8.46405,-6.67085,0.48587,-0.405965,0.151994,-5.82288,-1.98848,0.00562205,0,3131,-6.93889e-18,-8.11937e-15,-9.57567e-16,-7.48067e-15,-6.245e-17,5.55112e-17,0,4.0766e-17,3.90313e-17,2.56414e-17,0,-0.411576,0.4932,0.635623,0.0080683,3.14159,2.20175,1.74776,3.24895,-673.096,-0.392699,4.14555,-0.0363289,3.09831,-0.0107563,0.523599,0,0,0,-0.132212,0.0102185,-0.411576,0.635622,3.25362,2.20175,3.24895,-0.416244,4.14555,3.09835,0.480313,0.03503,-1.19719,0.586254,2.82462e-05,0.703309,-0.00181248,0.194771,-0.195063,-0.00482662,0.0563799,0.0148118,0.999683,-23.8069,-421.661,1.7398,7.88886e+06,758483,-839555,0.663496,1.50134,14.7359
2.1,-5.82141,-1.98358,-0.0939783,-0.287853,0.0476738,-826.008,-0.36937,1.12071,0.718917,262.844,3.30575,14247.4,2.23792,7209.39,3.28532,2.2096,0.878006,-4.07884,4.17628,-2.88947,3.12829,-0.628579,0.51152,-4.7667,-1.99181,-7.19728,-0.433582,-7.03421,-3.67474,-4.22323,-1.90733,-6.68654,-0.637635,-6.55447,-3.40577,1.67547,7211.79,-0.272708,-0.135855,0.00485068,-0.204921,0.0125501,2.34527,-0.404493,9.65404,0.642704,-2.42637,3.26069,-0.305221,2.2028,-0.00905245,3.24999,1886.18,-0.415207,0.267019,4.14115,-0.253214,3.09396,-0.0498893,0.475908,-0.058462,1.01819,-0.209726,-1.27691,1.33686,22.6253,8.29086,-17.3216,9.17794,16.0117,7.53387,-15.5379,9.15252,17.1832,-2.17409,-0.943138,1.91414,0.00208997,-5.47281,-26.4885,14.3618,0,14.7863,3.02614,8.30608,-4.48058,4.47712,1.41724e+06,-6606.62,2127.53,-2.99371e+06,1.03309,-28.6457,14.9087,10.712,-1.67079,7.11327,-3.84363,-5.47211,2.77066,-0.206599,0.0413622,-0.0130451,-0.0218181,0.920636,-0.924269,0.201783,0.298132,-1.31173,-4.85554,3.71568,13158,169772,360634,188.988,2.91215,11.9802,-5.52349,0.446862,0.230148,0.143895,-5.82122,-1.98842,0.00485068,0,3139,0,-1.05419e-14,-8.40994e-15,-6.56659e-15,-9.75823e-14,1.00572e-13,0,-4.33681e-18,-3.46945e-18,-5.20417e-18,0,-0.404493,0.475596,0.6427,-0.000952599,3.14159,2.2028,-0.0148877,3.24998,377.236,-0.392699,4.14115,-0.0506502,3.0939,-0.00997787,0.523599,0,0,0,-0.135065,0.0125501,-0.404493,0.642704,3.26069,2.2028,3.24999,-0.415207,4.14115,3.09396,0.475908,0.0351237,-1.09462,0.5542,3.40284e-05,1.37165,-0.00436362,0.184127,-0.184854,-0.00237535,0.0564046,0.01482,0.999726,-18.1472,-409.119,3.93629,2.46502e+06,354125,-308858,13.9373,1.18648,16.0711
2.12,-5.81934,-1.98485,-0.0770636,-0.312606,0.0506259,-826.08,-0.357192,1.10868,0.72897,239.078,3.31689,14248.3,2.23746,-0.696848,3.31643,-1.85834,-0.379275,-3.97653,4.17095,-2.7669,3.1224,-0.583962,0.506279,-4.76379,-1.995,-7.1991,-0.437202,-7.02935,-3.67565,-4.22139,-1.90389,-6.68844,-0.641473,-6.5482,-3.4092,1.66236,2.99885,-0.150787,-0.129918,0.00350054,-0.244069,0.015385,2.0198,-0.392433,9.2394,0.654765,-2.47843,3.27276,-6.28786,2.20222,3.57043,3.24942,-3.69551,-0.415765,0.278776,4.13571,-0.391471,3.08852,-0.0459335,0.470504,-0.058323,1.01668,-0.26166,-1.27649,1.35643,20.5461,7.96249,-16.892,8.87381,5.95592,7.15437,-14.9295,8.84793,15.3808,-13.9366,-0.930266,1.90072,0.0021255,-52.5282,-21.7548,16.1666,0,6.07829,1.08374,5.32608,-5.5158,-0.586643,-473.372,-71.4077,40.5985,82.3614,-0.134328,-27.4201,15.1119,9.13035,-1.59085,6.64059,-3.98349,-4.70622,2.54197,-0.31198,0.0680988,-0.0230779,-0.0326779,0.84468,-0.85048,0.201642,0.845731,-1.23766,-3.58952,3.11638,11944.8,42.069,129.391,-16.5515,5.11519,17.8427,-3.28907,0.40047,-0.0301926,0.132156,-5.81914,-1.98835,0.00350054,0,3149,0,-6.44623e-15,-7.92422e-15,-7.05351e-15,6.25472e-14,6.60305e-14,-1.33782e-14,5.20417e-18,0,2.1684e-19,0,-0.392433,0.454854,0.65477,-0.0305366,3.14159,2.20222,0.714045,3.24943,-0.739102,-0.392699,4.13571,-0.0782985,3.0885,-0.0091867,0.523599,0,0,0,-0.129219,0.015385,-0.392433,0.654765,3.27276,2.20222,3.24942,-0.415765,4.13571,3.08852,0.470504,0.0352409,-0.941303,0.508415,1.06816e-05,2.06231,-0.00653558,0.168936,-0.170096,0.00475196,0.0564354,0.0148303,0.999802,-10.8033,-398.088,3.60659,491.353,-507.482,271.822,25.421,3.58081,17.7015
2.14,-5.81707,-1.98682,-0.0466169,-0.330373,0.053638,-826.172,-0.340072,1.1329,0.746337,286.411,3.33354,14248.4,2.23784,-2.3605,3.2745,-1.097,-0.352938,-3.81071,4.16402,-2.57294,3.11456,-0.51428,0.49938,-4.76013,-2.00141,-7.20093,-0.441963,-7.02463,-3.67644,-4.21937,-1.90104,-6.6902,-0.646063,-6.54163,-3.41336,1.68729,1.26694,0.0422391,-0.112889,0.00145562,-0.295602,0.0182798,2.02807,-0.37543,9.12055,0.671767,-2.5371,3.28976,3.19481,2.20248,-2.59951,3.24967,7.06214,-0.415531,0.279498,4.12866,-0.6005,3.08146,-0.0418462,0.463422,-0.0578984,1.01266,-0.328783,-1.2731,1.37738,21.661,7.73368,-16.7089,8.83048,1.07928,6.84067,-14.4841,8.80793,14.5705,-9.31526,-0.906597,1.86865,0.00182967,76.9699,-30.7547,13.6157,0,31.1373,-76.9483,10.9656,-3.83391,8.09679,57.0563,-17.1427,3.67514,-20.3915,-1.75205,-25.7556,15.4452,7.29464,-1.42963,5.98247,-4.2116,-3.80386,2.24912,-0.434945,0.0975303,-0.0372065,-0.04109,0.74744,-0.755417,0.201254,1.52234,-0.88837,-4.57653,4.32216,14316.5,5.04783,46.2268,7.16177,8.29136,27.1939,0.2034,0.379768,0.417203,0.117057,-5.81707,-1.98828,0.00145562,0,3159,6.93889e-18,1.72085e-15,6.66134e-16,-1.99088e-14,9.86988e-14,1.40526e-13,-8.86721e-14,-4.16334e-17,-3.81639e-17,-3.59955e-17,0,-0.37543,0.44874,0.671762,-0.0485495,3.14159,2.20248,-0.519993,3.24966,1.41243,-0.392699,4.12866,-0.120117,3.08142,-0.00836924,0.523599,0,0,0,-0.112422,0.0182798,-0.37543,0.671767,3.28976,2.20248,3.24967,-0.415531,4.12866,3.08146,0.463422,0.0353582,-0.760885,0.449868,2.25651e-05,2.5562,-0.008218,0.149488,-0.151083,0.0189076,0.0564662,0.0148406,0.999918,-11.7063,-394.803,-1.91532,-118.882,363.778,-87.7376,30.8579,9.7916,19.8314
2.16,-5.815,-1.98885,-0.00729737,-0.343618,0.0566685,-826.193,-0.324998,1.05078,0.75769,-65.6005,3.34778,14248.5,2.23799,-1.73144,3.26326,-1.26077,-0.323691,-3.57266,4.15769,-2.27548,3.10682,-0.399715,0.493155,-4.75675,-2.00674,-7.20296,-0.446742,-7.01987,-3.67763,-4.21756,-1.89823,-6.69219,-0.650743,-6.53523,-3.41758,1.60227,1.85551,0.338179,-0.0822803,-0.000644518,-0.355029,0.021193,1.82546,-0.360473,8.78821,0.686724,-2.59158,3.30472,5.97332,2.20251,-4.66301,3.24971,15.1924,-0.415472,0.312355,4.12222,-0.898783,3.07502,-0.0403563,0.457021,-0.0572648,1.00681,-0.403312,-1.26737,1.39431,21.2617,7.44186,-16.3684,8.83634,-6.47367,6.47952,-13.9111,8.81215,13.0461,0.791706,-0.884687,1.8366,0.00206666,197.683,-34.2816,12.8017,0,50.2438,-200.497,13.1968,-3.24722,10.9037,256.137,-31.6931,4.71955,-71.5497,-3.20785,-23.8733,15.9169,5.58415,-1.3861,5.19011,-4.52012,-2.94252,1.87745,-0.5497,0.114812,-0.0516363,-0.0416161,0.623936,-0.632641,0.200683,1.96598,-0.66224,-1.04327,0.218449,-3270.85,8.80611,77.6871,5.37839,11.9022,41.7505,5.93326,0.340376,0.562338,0.0977852,-5.81499,-1.9882,-0.000644518,0,3169,-1.38778e-17,-8.32667e-15,-5.42622e-15,-9.21631e-15,-3.10307e-14,-1.64035e-14,-1.77636e-14,-1.38778e-17,-3.46945e-17,-4.25007e-17,0,-0.360473,0.432154,0.686721,-0.0740561,3.14159,2.20251,-0.932474,3.24972,3.03848,-0.392699,4.12222,-0.179758,3.07501,-0.00807127,0.523599,0,0,0,-0.0820924,0.021193,-0.360473,0.686724,3.30472,2.20251,3.24971,-0.415472,4.12222,3.07502,0.457021,0.0354755,-0.58851,0.375492,1.30514e-06,2.6861,-0.00832323,0.124787,-0.126528,0.0299945,0.056497,0.014851,1.00004,-5.94959,-384.078,-7.93666,-127.971,792.035,-221.585,23.1013,21.5613,21.8007
2.18,-5.81321,-1.99027,0.0312801,-0.355613,0.0591308,-826.403,-0.313794,1.28164,0.777877,551.319,3.35919,35480.5,2.24029,110175,3.47746,34.5926,11.6262,-3.29288,4.15204,-1.79767,3.09882,-0.228633,0.487514,-4.75394,-2.01026,-7.20492,-0.451484,-7.01604,-3.67804,-4.216,-1.89571,-6.69369,-0.654326,-6.52992,-3.42076,1.84192,110167,0.813633,-0.0428982,-0.00212666,-0.420205,0.0235614,2.20646,-0.349364,9.04727,0.697834,-2.64315,3.31582,22.3848,2.20472,-15.3502,3.25192,18030.3,-0.413283,0.3774,4.11647,-1.26311,3.06927,-0.0414358,0.451229,-0.0567378,1.00196,-0.481516,-1.26266,1.40839,26.0737,7.37622,-16.4477,8.99824,-4.93749,6.36484,-13.8129,8.97092,13.5787,-5.17763,-0.868385,1.81319,0.00225707,1607.92,-50.7798,7.79396,0,212.939,-1769.13,23.6312,-0.064499,25.8177,1.29641e+08,-26045.3,-791.351,-4.7417e+07,-4.37279,-22.0608,16.5034,4.38455,-1.3448,4.39064,-4.88937,-2.3319,1.43954,-0.599661,0.123313,-0.0671629,-0.0398464,0.4784,-0.48645,0.200208,1.92887,-0.599762,-10.5218,11.7662,27564.5,1.0616e+06,5.50893e+06,1808.15,13.9891,65.3582,14.4862,0.354159,1.33042,0.0749277,-5.81333,-1.98814,-0.00212666,0,3177,0,-7.55646e-15,-1.06859e-15,-6.06303e-15,4.97991e-13,7.98361e-13,-9.09495e-13,0,0,-8.23994e-18,0,-0.349364,0.44528,0.697828,-0.0736327,3.14159,2.20472,-3.18848,3.25191,3606.05,-0.392699,4.11647,-0.252661,3.06922,-0.00828716,0.523599,0,0,0,-0.0428667,0.0235614,-0.349364,0.697834,3.31582,2.20472,3.25192,-0.413283,4.11647,3.06927,0.451229,0.0355694,-0.466453,0.287939,1.53845e-05,2.4337,-0.00796929,0.09568,-0.09729,0.031641,0.0565217,0.0148592,1.00012,-18.2017,-393.143,-9.66495,2.25621e+08,2.66005e+07,-2.61668e+07,-0.134707,37.8016,23.6631
2.2,-5.8115,-1.99192,0.0716317,-0.366118,0.0617737,-826.364,-0.299903,1.09334,0.778758,12.1827,3.36993,45906.3,2.24294,-7177,3.33004,-6.55283,-2.02894,-2.99768,4.1449,-0.768625,3.08166,0.118719,0.480414,-4.75085,-2.01515,-7.20728,-0.456824,-7.01237,-3.6781,-4.21455,-1.89314,-6.69552,-0.65831,-6.52443,-3.42431,1.64376,-7171.64,1.83262,-0.00438415,-0.00383812,-0.482569,0.0261105,0.834586,-0.335566,7.53926,0.711632,-2.68945,3.32962,-15.3429,2.20727,7.98019,3.25447,-2469.43,-0.410728,0.508445,4.10923,-1.65122,3.06204,-0.0443244,0.444,-0.0565611,1.00024,-0.553536,-1.26199,1.42209,15.4349,6.77694,-15.3562,9.38853,-27.9339,5.69824,-12.5053,9.36012,8.0366,-14.0064,-0.850866,1.7783,0.00306292,47.9891,-16.3387,18.616,0,8.04499,-264.192,2.05459,-6.82791,-7.19526,2.35818e+06,-2341.77,2872.49,3.18826e+06,-4.83973,-20.5415,17.1362,3.87437,-1.2633,3.73456,-5.31384,-2.08455,0.953736,-0.538272,0.133282,-0.0877762,-0.0430805,0.316937,-0.32337,0.200045,2.01758,-0.525244,1.9489,2.35071,582.773,521288,-358685,-249.14,14.7602,116.454,31.8496,0.209283,-0.37006,0.0495501,-5.81167,-1.98809,-0.00383812,0,3185,-1.38778e-17,8.89566e-15,-6.45317e-16,-2.94347e-15,-6.38096e-14,2.54574e-13,3.12639e-13,2.08167e-17,-2.77556e-17,-3.36103e-17,0,-0.335566,0.369644,0.711625,-0.121224,3.14159,2.20727,1.60728,3.25446,-493.886,-0.392699,4.10923,-0.330292,3.06199,-0.00886489,0.523599,0,0,0,-0.00438317,0.0261105,-0.335566,0.711632,3.32962,2.20727,3.25447,-0.410728,4.10923,3.06204,0.444,0.0356632,-0.416972,0.190766,9.60492e-06,2.3728,-0.00861611,0.0633874,-0.064674,0.0414712,0.0565464,0.0148675,1.00022,24.4734,-336.929,-11.6852,4.25328e+06,366350,-425885,-23.1194,54.3243,25.9735
2.22,-5.80973,-1.99389,0.116166,-0.373328,0.0644851,-826.408,-0.283263,1.08469,0.798288,13.3381,3.38791,65541,2.24595,75446.1,3.27043,18.4301,6.29411,-2.74028,4.13803,3.08065,3.09621,1.4355,0.472825,-4.74724,-2.02171,-7.20972,-0.462743,-7.00845,-3.67864,-4.21305,-1.89079,-6.69735,-0.662685,-6.51877,-3.42821,1.63666,75443.1,5.70403,0.0359019,-0.00587404,-0.545223,0.028728,1.75761,-0.31902,8.29185,0.728177,-2.72732,3.34617,5.54171,2.21019,-5.56392,3.25739,9980.03,-0.407809,0.689532,4.10227,-2.07386,3.05508,-0.0502828,0.437036,-0.0567325,1.00162,-0.622655,-1.2653,1.43511,25.5754,6.96638,-15.8604,9.42309,-18.3478,5.79404,-12.7404,9.39499,10.3671,-35.3812,-0.829627,1.72697,0.00569639,286.36,-37.8288,11.9781,0,70.6132,-266.394,15.6472,-2.61343,11.6821,3.90415e+07,-22077.7,2066.84,-3.2064e+07,-4.59208,-19.2428,17.8533,4.02944,-1.08455,3.15264,-5.79047,-2.192,0.416992,-0.34442,0.138795,-0.111127,-0.0527596,0.138569,-0.141836,0.200195,2.22673,-0.360516,-2.20294,1.9177,622.84,981735,3.77247e+06,1000.03,12.8699,308.574,97.6873,0.269544,0.599612,0.0216234,-5.81001,-1.98803,-0.00587404,0,3193,6.93889e-18,-2.94209e-15,1.97758e-15,8.65188e-15,1.01599e-12,-1.04472e-12,5.68434e-13,6.93889e-18,-5.55112e-17,-5.83301e-17,0,-0.31902,0.407353,0.728178,-0.0588115,3.14159,2.21019,-1.14451,3.25738,1996.01,-0.392699,4.10227,-0.414838,3.05503,-0.0100566,0.523599,0,0,0,0.0358745,0.028728,-0.31902,0.728177,3.34617,2.21019,3.25739,-0.407809,4.10227,3.05508,0.437036,0.0357571,-0.43847,0.0834076,4.64675e-06,2.34597,-0.0105519,0.0277139,-0.0283671,0.0560476,0.0565711,0.0148757,1.00033,-6.67578,-356.359,-12.2819,6.90836e+07,8.15783e+06,-7.91806e+06,-48.6157,72.2379,28.2243
2.24,-5.80787,-1.99606,0.164885,-0.378443,0.0674261,-826.474,-0.265454,1.0911,0.816044,20.0249,3.40548,66583.9,2.24734,5125.85,3.29967,0.789836,0.414499,-2.54421,4.13142,-26.086,3.06371,-8.65034,0.465268,-4.74329,-2.02867,-7.21206,-0.468235,-7.00402,-3.67964,-4.21151,-1.88826,-6.69941,-0.667466,-6.5127,-3.43245,1.64327,5128.74,-23.4875,0.0805135,-0.0081032,-0.608571,0.0315633,1.8871,-0.301317,8.2385,0.745881,-2.75629,3.36388,-5.18429,2.21148,0.822246,3.25868,1179.26,-0.406523,0.867361,4.09556,-2.51293,3.04836,-0.0586221,0.430313,-0.0573486,1.00694,-0.688398,-1.2736,1.44539,28.6644,6.94086,-15.8318,9.66612,-19.6714,5.66409,-12.4301,9.63752,9.95082,-93.5437,-0.809026,1.66494,0.0259896,-143.563,-28.7801,15.0803,0,18.9998,71.7876,9.89115,-4.53489,2.55753,475879,-8199.33,2360,-2.04398e+06,-3.5196,-18.194,18.6044,4.85517,-0.919073,2.66152,-6.29993,-2.66907,-0.127911,-0.0148117,0.129618,-0.125513,-0.0667259,-0.0424018,0.0434279,0.200739,2.43594,-0.255733,-3.30377,2.23811,937.869,52147.3,256457,118.003,9.80349,-1150.09,-406.818,0.258212,0.130986,-0.00661758,-5.80815,-1.98796,-0.0081032,0,3202,-6.93889e-18,-1.46133e-14,-4.67681e-15,7.22412e-15,-2.63081e-12,3.04691e-12,-2.57216e-12,6.93889e-18,-0,2.27682e-18,0,-0.301317,0.404663,0.745882,-0.0226053,3.14159,2.21148,0.157036,3.25867,235.851,-0.392699,4.09556,-0.502679,3.04831,-0.0117244,0.523599,0,0,0,0.0803035,0.0315633,-0.301317,0.745881,3.36388,2.21148,3.25868,-0.406523,4.09556,3.04836,0.430313,0.0358628,-0.533911,-0.0255855,-1.62673e-06,2.4173,-0.0133452,-0.00848036,0.00868559,0.0689755,0.0565989,0.014885,1.00046,-13.4428,-346.944,-5.92477,962549,121697,-93462.9,-73.3624,90.4987,30.4444
2.26,-5.80553,-1.99867,0.220261,-0.383745,0.0711608,-824.921,-0.2418,-1.48892,0.824436,13.5019,3.42571,67001.8,2.24761,5646.65,3.28844,-0.276472,0.0636677,-2.37932,4.12275,-8.34515,3.08504,-2.47562,0.452594,-4.73788,-2.03785,-7.21472,-0.474324,-6.99843,-3.68061,-4.20958,-1.88491,-6.70202,-0.673417,-6.50498,-3.43768,-0.948611,5649.87,-5.7127,0.129691,-0.010798,-0.673941,0.0351688,1.83409,-0.277792,7.95098,0.769406,-3.3531,3.3874,-7.6722,2.21162,1.96928,3.25882,649.471,-0.406385,0.982447,4.08676,-2.94008,3.03956,-0.0536431,0.421523,-0.0585506,1.01742,-0.75211,-1.28877,1.45421,30.3384,6.91411,-15.7195,10.0187,-22.976,5.4895,-11.9486,9.98918,8.79022,7503.34,-0.949295,1.90996,137.306,-200.316,-28.0714,15.6185,0,14.6675,82.7144,9.33015,-4.82063,0.74235,-17561.3,-14939.6,4863.76,-2.13644e+06,-1.69701,-17.4689,19.4094,6.26102,-0.967485,2.33572,-6.89284,-3.48912,-0.64354,0.626944,-0.0344259,0.0397252,0.0253001,-0.204949,0.203729,0.201796,2.76878,-0.265082,77.6707,-126.763,596.349,20896.8,282497,64.701,8.24452,-263.48,-101.634,0.227515,0.037922,-0.0331915,-5.80587,-1.98788,-0.010798,0,3213,-6.93889e-18,-2.33147e-15,2.17187e-15,-2.17534e-15,-1.91304e-12,2.83081e-12,-2.85638e-12,5.48606e-17,-2.77556e-17,-2.73219e-17,0,-0.277792,0.39024,0.769404,-0.0113296,3.14159,2.21162,0.390067,3.25881,129.894,-0.392699,4.08676,-0.588101,3.03952,-0.0107286,0.523599,0,0,0,0.128893,0.0351688,-0.277792,0.769406,3.3874,2.21162,3.25882,-0.406385,4.08676,3.03956,0.421523,0.035992,-0.697927,-0.128721,-6.02349e-06,2.77509,0.00506001,-0.0409899,0.0407458,0.0039081,0.0566328,0.0148964,1.00061,-16.9302,-334.081,-1522.54,291035,-20309.8,35779,-89.1905,107.291,33.5029
2.28,-5.80337,-2.0006,0.272112,-0.393942,0.0747282,-825.129,-0.220056,1.00615,1.0124,1.69992,3.51413,67156.6,2.24885,1673.18,3.29056,-0.666883,-0.0642783,-2.24367,4.10976,-6.30323,2.68161,-1.38835,0.444643,-4.73269,-2.04554,-7.21754,-0.480097,-6.99424,-3.67861,-4.20784,-1.88114,-6.70459,-0.678549,-6.49769,-3.4421,1.64602,1676.54,-4.06626,0.186397,-0.0128001,-0.749513,0.0386187,41.835,-0.256166,47.5839,0.791032,0.330965,3.40902,-7.57797,2.21274,1.41947,3.25994,452.12,-0.405257,1.07681,4.07365,-3.41724,3.02645,0.0532002,0.408436,-0.0606039,1.03544,-0.821069,-1.31352,1.46421,-382.364,18.1549,-37.5546,153.161,-398.812,16.5473,-33.3743,152.71,145.896,-172813,0.108156,-0.21125,4178.78,-253.709,-30.7571,15.1987,0,19.6469,118.34,10.8836,-4.5084,1.27956,-9931.19,-6826.59,1816.64,-600318,1.55676,-16.9953,20.4588,8.48332,-1.44372,2.14669,-7.70733,-4.8235,-1.22372,2.65793,-0.606937,0.84111,0.66372,-0.329033,0.323366,0.203587,2.59257,-0.509871,-10.429,-2.00976,6.49353,7738.13,83824,45.158,6.78262,-162.034,-62.9154,3.76269,0.0651186,-0.0628303,-5.80379,-1.9878,-0.0128001,0,3223,0,2.77556e-14,-1.07692e-13,1.09468e-13,6.04579e-13,1.00149e-12,-1.08358e-12,5.20417e-17,-5.55112e-17,-5.89806e-17,0,-0.256166,2.37774,0.79103,-0.0113329,3.14159,2.21274,0.28343,3.25993,90.424,-0.392699,4.07365,-0.6835,3.02643,0.01064,0.523599,0,0,0,0.184151,0.0386187,-0.256166,0.791032,3.40902,2.21274,3.25994,-0.405257,4.07365,3.02645,0.408436,0.0361095,-0.964783,-0.244758,-4.90626e-06,3.5105,0.132744,-0.0658067,0.0646732,-0.29416,0.0566637,0.0149067,1.00073,-1207.46,-1885.77,34471.4,141287,-2637.09,13381,-108.039,128.096,37.4715
2.3,-5.80127,-2.00207,0.317015,-0.41129,0.078372,-825.525,-0.197617,0.774012,0.917863,1.5775,3.96682,89699.2,2.25099,-29919.4,3.20768,-16.4295,-5.27196,-2.12434,4.09405,-5.53796,3.01273,-0.305763,0.43096,-4.72722,-2.05293,-7.22067,-0.485963,-6.99054,-3.67476,-4.20618,-1.8768,-6.7073,-0.683316,-6.49033,-3.44609,0.866643,-29911,-2.95619,0.240556,-0.0143497,-0.829229,0.042145,24.9474,-0.233844,17.6025,0.813354,-457.453,3.43134,-27.5522,2.21477,13.6453,3.26196,-7389.78,-0.403231,1.22726,4.05782,-3.93208,3.01063,0.36511,0.392587,-0.0632455,1.05863,-0.889862,-1.34529,1.48073,-34.9374,13.3011,-27.5483,48.7688,-397.987,6.37334,-12.6337,23.5634,49.5701,1.06586e+06,-263.291,549.055,-591298,1133.2,-6.99109,22.1176,0,33.5351,-1505.8,-4.42052,-8.85541,-15.9714,2.12113e+07,906.47,5180.87,1.28407e+07,7.39078,-16.7525,21.9071,11.6383,-2.67956,2.0805,-8.8115,-6.7769,-1.89904,7.44161,-1.38839,2.33255,2.25892,-0.367154,0.572858,0.205864,2.24512,-0.867395,-19.8032,-3.7324,0.373963,1.12713e+06,-1.49581e+06,-742.966,5.96643,-124.556,-33.9959,1.68371,-0.810678,-0.0971484,-5.80172,-1.98773,-0.0143497,0,3233,1.38778e-17,1.70974e-14,2.81442e-14,-2.84217e-14,-1.15849e-12,1.23435e-12,-1.08002e-12,6.245e-17,-5.55112e-17,-6.93889e-17,0,-0.233844,1.53177,0.81335,-0.0115108,3.14159,2.21477,2.75207,3.26196,-1477.96,-0.392699,4.05782,-0.786548,3.01058,0.0730221,0.523599,0,0,0,0.235885,0.042145,-0.233844,0.813354,3.43134,2.21477,3.26196,-0.403231,4.05782,3.01063,0.392587,0.036227,-1.35566,-0.379856,-1.76616e-05,4.91539,0.451784,-0.0734308,0.114572,-0.730404,0.0566947,0.0149171,1.00081,-746.45,-652.079,-204878,3.79759e+07,3.94397e+06,-4.12157e+06,-126.687,156.368,39.7339
2.32,-5.79963,-2.00353,0.357188,-0.43252,0.0819464,-826.164,-0.176643,0.542799,0.907096,1.57407,5.85926,140370,2.25406,-25156.9,3.25182,-9.65574,-3.03902,-2.01394,4.08097,-5.17766,3.00459,0.739931,0.421978,-4.72223,-2.05958,-7.22434,-0.492243,-6.98668,-3.67211,-4.205,-1.87257,-6.71036,-0.688026,-6.48352,-3.45001,-1.26777,-25150.6,-2.59505,0.288578,-0.0158708,-0.912293,0.0456371,14.777,-0.212952,9.70247,0.834245,-487.526,3.45223,-16.4223,2.21775,6.10464,3.26495,-4025.78,-0.400253,1.59528,4.04466,-4.56002,2.99746,1.26113,0.379417,-0.0661369,1.0841,-0.957372,-1.38068,1.50718,71.1512,10.521,-22.0559,17.0676,-139.636,3.52633,-6.8663,4.87194,22.8175,739885,-462.24,987.082,-714006,-196.598,-24.3394,17.8718,0,4.40771,-112.638,6.43817,-6.07695,-5.60086,5.9327e+06,-9507.89,5237.91,1.08613e+07,19.8225,-16.4546,23.8965,16.3824,-5.77071,1.91983,-10.1978,-9.72685,-2.78807,21.5864,-2.6863,5.70296,6.78463,-0.15026,2.08364,0.208334,2.00869,-1.06152,-31.9191,-9.69237,0.198127,2.53356e+06,-1.25768e+06,-404.266,5.51987,-107.195,-9.82167,0.867812,-0.28392,-0.142323,-5.80027,-1.98767,-0.0158708,0,3240,1.38778e-17,-3.66374e-15,-1.11855e-14,0,2.71673e-12,-6.09984e-12,5.96856e-12,1.66533e-16,-1.66533e-16,9.02056e-17,0,-0.212952,1.0596,0.83424,-0.0114679,3.14159,2.21775,1.24415,3.26494,-805.156,-0.392699,4.04466,-0.912212,2.99741,0.252226,0.523599,0,0,0,0.280706,0.0456371,-0.212952,0.834245,3.45223,2.21775,3.26495,-0.400253,4.04466,2.99746,0.379417,0.0363093,-1.94596,-0.557709,-7.44329e-05,7.40283,1.35693,-0.0300521,0.416728,-1.4265,0.0567163,0.0149243,1.0009,-432.256,-376.852,-138300,1.1264e+07,1.00061e+06,-1.09747e+06,-154.785,212.083,33.0925
2.34,-5.79828,-2.00588,0.402094,-0.450843,0.0858719,-826.546,-0.152632,0.279241,0.921569,1.56907,0.866012,140374,2.25599,-1.57887,3.3297,-1.69303,-0.304366,-1.87271,4.07001,-5.28162,2.98555,1.24201,0.423302,-4.71676,-2.06804,-7.22853,-0.499192,-6.98204,-3.67164,-4.20418,-1.86866,-6.71417,-0.69396,-6.47649,-3.45503,3.47639,2.0552,-2.71937,0.332632,-0.0182676,-0.996592,0.0494921,7.96835,-0.189011,7.67489,0.858186,226.27,3.47618,-15.8526,2.21961,5.27594,3.26681,-40.726,-0.398367,2.43502,4.03363,-5.46065,2.98644,4.30665,0.368428,-0.0692448,1.11157,-1.02035,-1.41949,1.5411,88.5649,8.77419,-18.7817,9.87815,-33.1635,2.94401,-5.68781,2.82012,11.3931,146237,-247.972,586.019,299276,-353.672,-28.0088,17.5146,0,6.86964,12.0932,8.55652,-5.7255,-4.59879,-3421.23,-143.825,60.04,1320.41,49.7032,-15.9444,26.7126,24.359,-13.8714,1.58239,-12.0656,-14.697,-4.10279,77.347,-5.22745,15.2327,22.755,1.11088,15.1532,0.210971,2.24526,-0.91612,-19.119,-22.8716,-0.0485978,185.487,86.2163,-7.63489,7.06177,-112.94,-2.92064,0.433023,-0.232899,-0.209039,-5.79903,-1.98763,-0.0182676,0,3246,0,1.19904e-14,1.83291e-14,-1.06581e-13,1.63818e-12,-6.44262e-13,1.70663e-12,9.71445e-17,-1.66533e-16,2.35922e-16,0,-0.189011,0.83705,0.858183,-0.0113903,3.14159,2.21961,1.05482,3.26682,-8.1452,-0.392699,4.03363,-1.09222,2.98642,0.861331,0.523599,0,0,0,0.320809,0.0494921,-0.189011,0.858186,3.47618,2.21961,3.26681,-0.398367,4.03363,2.98644,0.368428,0.0363798,-2.93975,-0.820605,-0.000138063,15.5866,4.551,0.222176,3.03063,-2.04451,0.0567349,0.0149305,1.00104,-192.308,-314.472,-31881.1,2487.61,-2929.11,1715.61,-187.581,368.611,-9.02934
2.36,-5.79719,-2.00909,0.456165,-0.462359,0.0900853,-826.361,-0.1274,-0.278515,0.941512,1.56495,2.82924,140374,2.25324,-0.373723,3.28765,-1.16517,-0.34434,-1.35426,4.0595,-7.67833,3.05132,1.39819,0.468265,-4.71108,-2.07739,-7.23242,-0.504839,-6.97709,-3.67236,-4.20368,-1.86515,-6.71861,-0.701035,-6.46929,-3.46108,0.97535,3.25827,-5.09528,0.38334,-0.0215094,-1.08555,0.0536467,5.02036,-0.163839,6.72479,0.883359,497.319,3.50134,-6.88353,2.2168,-1.02695,3.264,7.11712,-0.401194,5.84399,4.02306,-7.98382,2.97587,26.5028,0.357861,-0.0733552,1.14799,-1.07783,-1.47017,1.57431,82.2623,8.18005,-17.6062,10.8493,-20.3477,2.68271,-5.08387,3.09704,6.03011,756201,-166.205,438.741,606836,-585.26,-48.7161,13.539,0,63.0584,335.205,21.364,-2.99325,3.8816,-976.707,-63.5339,5.71636,-45.4961,198.208,-14.0505,32.4753,50.0108,-49.1479,0.319196,-15.7873,-30.6364,-7.72596,570.292,-9.79168,65.9812,151.406,12.1088,325.748,0.214419,2.70354,-0.575808,9.25525,-50.7584,-0.251199,11.9156,146.336,12.7162,25.9224,-233.301,-4.66743,0.22836,0.195951,-0.391699,-5.79799,-1.98759,-0.0215094,0,3251,-1.38778e-17,1.60982e-15,-6.31092e-15,1.06581e-14,4.06628e-12,-4.14455e-12,3.55649e-12,3.05311e-16,-1.11022e-16,-4.44089e-16,0,-0.163839,0.732833,0.883351,-0.0113488,3.14159,2.2168,-0.205383,3.264,1.42342,-0.392699,4.02306,-1.59702,2.97585,5.30055,0.523599,0,0,0,0.365655,0.0536467,-0.163839,0.883359,3.50134,2.2168,3.264,-0.401194,4.02306,2.97587,0.357861,0.0364386,-6.12863,-1.54534,-0.00241145,164.831,30.2811,2.42175,65.1497,9.91874,0.0567503,0.0149357,1.00122,-89.9693,-277.393,-158610,663.29,-171.156,259.244,288.037,1428.91,-420.602
2.38,-5.79601,-2.01248,0.515324,-0.467285,0.0941439,-826.684,-0.105912,0.212828,0.967001,1.56747,2.03419,142692,2.25121,-124587,4.03652,104.025,35.3047,4.06498,4.04851,6.39382,3.37178,2.01414,0.331299,-4.70581,-2.08519,-7.23614,-0.510937,-6.9723,-3.67288,-4.2031,-1.86207,-6.72273,-0.708177,-6.46221,-3.46719,2.28723,-124619,9.43431,0.446805,-0.0249411,-1.18109,0.0576465,7.80199,-0.142409,7.40784,0.904789,294.644,3.52279,-237.242,2.21471,145.071,3.26191,53241.2,-0.403282,-29.7663,4.01202,13.6418,2.96482,-191.607,0.346811,-0.0793127,1.20077,-1.12762,-1.54157,1.60028,104.83,9.15646,-18.8364,10.0437,-40.3631,2.87782,-5.18442,2.84789,9.73089,253481,-225.064,534.863,352064,408040,461.765,116.439,0,16866.6,-329866,-304.355,-68.3849,-200.053,1.00505e+09,-111559,-25100.1,5.32758e+07,1122.46,-36.5046,-1.64056,94.9219,282.684,14.0597,5.16504,-59.0687,23.0349,-1149.73,-184.062,-92.1654,697.216,-97.1918,-5861.23,0.219314,2.95797,-0.246293,-16.1702,-26.1307,-0.124299,115875,-6.22921e+06,5279.82,270.962,469.757,23.7815,0.366575,-10.0384,1.15872,-5.79696,-1.98755,-0.0249411,0,3256,0,3.58741e-15,4.4964e-15,4.9738e-14,-6.35212e-11,9.65468e-11,-1.05956e-10,2.498e-16,-2.22045e-16,1.77636e-15,0,-0.142409,0.809531,0.9048,-0.0113859,3.14159,2.21471,28.9299,3.26191,10648.2,-0.392699,4.01202,2.73023,2.9648,-38.3214,0.523599,0,0,0,0.419667,0.0576465,-0.142409,0.904789,3.52279,2.21471,3.26191,-0.403282,4.01202,2.96482,0.346811,0.0364974,-11.8206,4.60808,0.0535016,5857.08,139.443,-19.4384,-1172.25,-150.339,0.0567658,0.0149409,1.00142,-191.348,-300.289,-54735,1.95309e+09,2.02877e+08,-2.01538e+08,30905.2,-9058.53,3873.98
2.4,-5.79459,-2.01624,0.578232,-0.460663,0.0974985,-826.428,-0.0914119,-0.678746,0.976477,1.56687,2.82381,243843,2.2516,-25544.1,3.27928,-11.593,-3.70248,4.37091,4.03933,-3.01831,2.98495,1.60051,-49.6396,-4.70161,-2.09086,-7.23917,-0.518024,-6.96785,-3.67419,-4.20218,-1.86049,-6.72567,-0.715056,-6.4559,-3.47318,0.615511,-25537.1,49.6062,0.519878,-0.0287543,-1.2797,0.0609305,5.0254,-0.12798,6.13682,0.919218,464.197,3.53721,-22.084,2.21504,7.376,3.26223,-4989.88,-0.402953,-5.63075,4.00277,-1.8556,2.95557,-9.30437,0.337574,-0.0872986,1.27147,-1.16689,-1.63521,1.61751,99.7664,8.86498,-17.7815,12.2379,-31.8677,2.12281,-3.47498,1.7728,4.09027,485199,-269.119,637.12,460079,-402.862,-30.4667,19.0823,0,3.39737,-175.771,8.53078,-6.29167,-8.48056,9.177e+06,-10127.1,4594.46,1.10256e+07,-108.226,-22.5982,25.7591,12.0349,79.1211,5.09111,-12.075,-7.58685,1.0237,-672.91,-82.9423,117.562,96.2861,-4.7095,-307.447,0.225703,3.14541,0.331114,12.8413,-65.9398,-0.145727,5.05758e+06,-1.27704e+06,-501.132,15.2965,-1.30864,2.97307,0.165643,-0.42291,0.0511114,-5.79572,-1.98751,-0.0287543,0,3262,0,1.03806e-14,1.3334e-14,-1.06581e-14,-7.2925e-13,1.74871e-12,-1.98952e-12,1.45717e-16,-1.52656e-16,4.44089e-16,0,-0.12798,0.785529,0.919216,-0.0113472,3.14159,2.21504,1.46289,3.26224,-997.976,-0.392699,4.00277,-0.371122,2.95557,-1.86087,0.523599,0,0,0,0.478756,0.0609305,-0.12798,0.919218,3.53721,2.21504,3.26223,-0.402953,4.00277,2.95557,0.337574,0.036568,-1.51733,0.204739,-0.000112903,13.2559,19.2572,-0.9419,-61.4894,-71.3086,0.0567844,0.0149471,1.00163,-75.2585,-246.905,-103958,1.73025e+07,1.60519e+06,-1.72523e+06,301.482,-682.333,564.941
2.42,-5.79315,-2.02134,0.650352,-0.433702,0.100422,-826.793,-0.0836604,0.0247778,0.986307,1.57604,4.49619,243870,2.2527,-5.46342,3.40946,-1.79806,-0.30152,5.41536,4.03018,-14.6755,2.95722,1.43541,0.432062,-4.69884,-2.09518,-7.24174,-0.526409,-6.96398,-3.67652,-4.20121,-1.86094,-6.72803,-0.722886,-6.4502,-3.48021,-0.343511,-1.75243,-12.1503,0.602757,-0.0339056,-1.373,0.0637832,8.42587,-0.120299,6.35142,0.926899,76.3409,3.54489,-27.3648,2.21606,10.0856,3.26326,-90.0061,-0.401938,-0.545877,3.99354,-5.60647,2.94634,34.5133,0.328347,-0.0978028,1.36454,-1.19493,-1.75617,1.61754,124.4,10.3212,-18.8899,10.4348,-65.059,2.10521,-3.08275,1.00476,7.89738,-1162.53,-358.798,717.804,61928.9,707.956,-19.6168,21.2282,0,4.39121,-1145.02,0.80602,-7.65472,-12.611,4289.2,-48.9179,69.3671,2344.66,6.26522,-21.1726,33.6173,39.4004,1.6805,3.70611,-17.3227,-25.1581,-4.17109,-162.729,-58.4649,165.739,290.037,17.4662,1050.87,0.233852,3.606,1.34803,-18.2753,-28.9106,0.323932,1316.02,-108.176,-13.2556,52.2223,-584.624,-5.14333,0.326212,-0.624541,-0.206557,-5.79447,-1.98746,-0.0339056,0,3268,1.38778e-17,-2.92821e-15,-1.76931e-14,-3.55271e-14,1.90681e-12,5.7202e-12,-6.49703e-12,-5.55112e-17,-1.11022e-16,8.88178e-16,0,-0.120299,0.858089,0.9269,-0.0114485,3.14159,2.21606,2.0173,3.26325,-18.0012,-0.392699,3.99354,-1.12135,2.94634,6.90265,0.523599,0,0,0,0.541594,0.0637832,-0.120299,0.926899,3.54489,2.21606,3.26326,-0.401938,3.99354,2.94634,0.328347,0.0366385,-5.03205,-0.834248,-0.00141844,221.104,58.0074,3.49325,210.175,-3.98991,0.056803,0.0149533,1.00193,-196.427,-246.774,-791.798,8103.16,-2992.3,668.103,932.863,1594.49,-469.782
2.44,-5.7922,-2.0272,0.727783,-0.383952,0.102729,-826.388,-0.082547,-1.46391,0.987921,1.57359,5.19392,243887,2.25397,-3.51711,3.33691,-1.63403,-0.532862,17.0671,4.01962,-0.645532,3.06595,1.79198,0.415484,-4.698,-2.09792,-7.24404,-0.535085,-6.96171,-3.67845,-4.20064,-1.86312,-6.73008,-0.730905,-6.44589,-3.48758,-2.52832,0.352655,2.00493,0.705983,-0.039795,-1.46059,0.0660435,4.31107,-0.119233,5.7411,0.927965,322.303,3.54596,-26.3119,2.21729,8.70382,3.26449,-16.5342,-0.400707,-19.9515,3.98294,6.3518,2.93574,-99.8936,0.317739,-0.113032,1.49955,-1.22134,-1.92764,1.58893,106.399,10.0173,-17.0043,14.1061,-43.2079,1.50502,-1.69405,-0.648532,2.17722,153817,-320.782,621.905,195772,-276.395,-33.3315,19.1609,0,1.44148,-444.239,8.42143,-6.44151,-11.1367,-889.168,-26.6494,11.9233,82.3776,207.446,-33.195,12.6491,10.8875,233.094,10.736,-4.13987,-7.0542,12.4298,-136.607,-132.847,12.2137,77.9422,-50.2254,-2934.71,0.245189,3.87154,2.48748,20.2774,-97.3388,0.222442,857.576,-10.7971,-12.7071,582.587,116.345,12.7404,0.0955644,-0.544913,0.607216,-5.79365,-1.98743,-0.039795,0,3272,1.38778e-17,1.66533e-16,-4.14425e-15,1.77636e-15,-3.89641e-12,1.24289e-11,-1.17016e-11,-1.46367e-16,4.44089e-16,0,0,-0.119233,0.898214,0.927967,-0.0113242,3.14159,2.21729,1.7408,3.26448,-3.30684,-0.392699,3.98294,1.27084,2.93573,-19.9787,0.523599,0,0,0,0.613667,0.0660435,-0.119233,0.927965,3.54596,2.21729,3.26449,-0.400707,3.98294,2.93574,0.317739,0.0366856,-1.41123,2.48625,0.0133172,1579.76,15.5884,-10.0451,-586.941,-102.253,0.0568154,0.0149574,1.00226,-1.58065,-224.883,-36354.7,1906.33,-1188.61,518.458,9006.57,-4838.98,2175.44
2.46,-5.79182,-2.03464,0.811475,-0.30604,0.105056,-826.845,-0.0828584,-0.186926,0.983853,1.5671,1.77145,243888,2.25544,-3.52753,3.34812,-1.68379,1.79026,2808.03,4.00843,-17564.1,2.9927,-7.76684,3.43889,-4.69808,-2.10149,-7.24696,-0.545467,-6.96002,-3.68163,-4.20064,-1.86686,-6.73271,-0.740527,-6.44211,-3.49653,2.16707,-1.96967,-17564.6,0.829403,-0.0472396,-1.53931,0.0683708,9.07712,-0.119544,5.18673,0.927654,-220.698,3.54565,-31.1987,2.21876,11.0808,3.26595,-41.0223,-0.399233,6.05239,3.97175,-11.2346,2.92455,4641.75,0.306556,-0.134342,1.68875,-1.2672,-2.16427,1.53691,133.327,12.7668,-18.067,10.5445,-92.9099,1.23299,-1.01413,-1.1068,7.08487,56802.2,-606.031,893.304,-139396,4159.34,9.21012,24.1138,0,14.8777,-3565.85,-20.4223,-9.81059,-14.9796,9082.76,58.0475,34.9023,393.994,561.643,-24.6281,42.9668,108.285,-250.853,4.0939,-24.358,-71.2413,-11.4499,-7.44651e+06,-2922.4,11734,39281.5,2501.84,7.03336e+06,0.260252,4.18458,3.8956,-22.8639,-30.7441,-0.105374,79.4438,-11.2445,-10.6902,139548,-878059,-466.849,0.315554,-0.723821,-0.551424,-5.79365,-1.98743,-0.0472396,0,3272,-3.46945e-17,-1.8735e-16,-7.37604e-15,7.10543e-15,6.31503e-12,5.34817e-12,-5.44098e-12,2.22045e-16,-3.33067e-16,-8.52651e-14,0,-0.119544,0.856714,0.927656,-0.0115896,3.14159,2.21876,2.21599,3.26596,-8.20445,-0.392699,3.97175,-2.25361,2.92455,928.349,0.523599,0,0,0,0.691097,0.0683708,-0.119544,0.927654,3.54565,2.21876,3.26595,-0.399233,3.97175,2.92455,0.306556,0.0366856,-14.3048,-2.29359,-10.1119,2.99995e+06,7856.29,500.368,1.40667e+06,-291164,0.0568154,0.0149574,1.00268,-203.473,-192.413,-8902.53,1770.77,948.156,-1536.97,1.49989e+07,-1.26957e+06,1.38162e+06
2.48,-5.79186,-2.04278,0.893845,-0.200825,0.107218,-826.498,-0.081424,-2.77671,1.03336,1.60277,3.54655,243820,2.25366,-3.67674,3.34025,-1.61562,-0.501005,36880.2,3.99891,13079.8,2.98331,10,-2.45034,-4.69815,-2.1069,-7.24944,-0.554709,-6.95865,-3.6862,-4.20105,-1.87156,-6.73555,-0.750705,-6.43898,-3.50607,-2.14831,0.164517,13085.2,0.982107,-0.0553743,-1.61556,0.0705439,3.19329,-0.118098,5.62292,0.9291,207.954,3.54708,-30.0334,2.21698,9.39758,3.26418,-16.1681,-0.401026,-21.0978,3.96223,6.02151,2.91503,-4197.14,0.297006,-0.165431,1.96465,-1.36784,-2.5044,1.47086,98.8565,12.5072,-15.441,15.3602,-52.1668,0.47889,0.327391,-4.67242,0.933555,31665.8,-669.974,890.313,128371,-194.43,-42.2365,17.8824,0,-0.40644,-686.932,10.1266,-6.01773,-13.4527,-775.119,-26.9211,9.1121,64.2688,83.3396,-41.055,14.0652,7.12732,335.527,13.3138,-5.6431,-4.75001,12.2164,-5.98507e+06,-6707.14,1194.89,2198.96,-2257.9,-5.38055e+06,0.280773,4.11852,5.26077,17.3268,-149.954,1.67958,-3413.94,-18.794,-14.1588,1.70361e+06,654137,421.501,0.0438566,-0.639733,0.577811,-5.79385,-1.98744,-0.0553743,0,3271,-2.08167e-17,-1.17961e-14,-1.5838e-15,1.33227e-14,-3.01137e-12,1.43426e-11,-1.35482e-11,-1.97758e-15,-5.27356e-15,5.68434e-14,0,-0.118098,1.06938,0.929088,-0.011339,3.14159,2.21698,1.8798,3.26417,-3.23362,-0.392699,3.96223,1.30316,2.915,-839.428,0.523599,0,0,0,0.774801,0.0705439,-0.118098,0.9291,3.54708,2.21698,3.26418,-0.401026,3.96223,2.91503,0.297006,0.0366738,-1.00183,2.49666,126.548,2.44843e+06,439.792,-451.58,-1.07611e+06,-243670,0.0568123,0.0149564,1.00315,109.929,-220.47,-11714.6,2021.59,-1113.28,479.317,1.22433e+07,-1.38657e+06,1.28558e+06
2.5,-5.79177,-2.05,0.963676,-0.0832828,0.109193,-826.914,-0.0768443,-0.938504,0.986737,1.56802,1.61122,243758,2.25137,-12.8649,3.46911,-1.9598,-0.40852,36912.6,3.9926,848.895,2.9205,2.09749,0.150056,-4.69732,-2.11326,-7.25145,-0.562636,-6.95679,-3.69141,-4.2013,-1.87564,-6.738,-0.75979,-6.436,-3.51457,1.5786,-8.9873,851.665,1.15907,-0.0625912,-1.68699,0.0725309,7.18098,-0.113506,3.75065,0.933691,-511.874,3.55169,-34.36,2.21471,11.1285,3.2619,-166.248,-0.403285,-8.809,3.95594,-2.98545,2.90874,-267.99,0.290717,-0.208028,2.34223,-1.56394,-2.96328,1.41234,128.201,16.7043,-16.2415,11.1099,-93.3737,-1.07166,1.73902,-4.63418,4.57767,179176,-1083.29,1046.35,-291530,-1813.4,-69.624,15.9112,0,-6.32022,69.1739,24.3073,-4.92872,-16.8243,-12267.8,-435.319,61.2388,6045.03,-358.912,-43.1307,26.4999,26.4118,278.105,12.312,-14.2405,-17.7519,0.527395,-160064,-9218.3,7635.29,12079.3,-144.083,-507533,0.306631,3.49156,5.87711,-20.7946,-51.6956,-0.050881,-3116.61,-478.318,-20.8111,1617.61,42592,26.3612,0.216814,-0.790652,0.0246119,-5.79406,-1.98745,-0.0625912,0,3270,1.38778e-17,1.38778e-17,2.16077e-14,3.55271e-14,-6.33757e-12,8.36231e-12,-9.39693e-12,-6.11414e-13,-1.27232e-13,-2.16716e-13,0,-0.113506,0.743219,0.933691,-0.0117081,3.14159,2.21471,2.22533,3.26191,-33.2497,-0.392699,3.95594,-0.591721,2.90871,-53.5979,0.523599,0,0,0,0.857183,0.0725309,-0.113506,0.933691,3.55169,2.21471,3.2619,-0.403285,3.95594,2.90874,0.290717,0.0366621,-3.79546,0.108409,10.2822,9735.81,2415.87,-28.8166,-101507,-3865.14,0.0568092,0.0149554,1.00356,-129.35,-140.171,-30143.6,24199,-10778.4,6276.96,48979.7,-29940.8,23688.1
2.52,-5.7915,-2.05781,1.02493,0.0455904,0.111294,-826.613,-0.0709224,3.77163,0.900191,1.67066,3.64123,243757,2.24888,-11.2576,2.68007,-2.77137,-0.2496,94891.2,3.98807,56778.7,2.9009,25.4251,-7.60852,-4.696,-2.12067,-7.25339,-0.571145,-6.95425,-3.69821,-4.2014,-1.88011,-6.74045,-0.769598,-6.43266,-3.52373,4.17218,-8.32788,56789.2,1.33788,-0.0704133,-1.74581,0.0746319,1.04481,-0.107585,6.2737,0.939613,-121.12,3.55761,-199.025,2.21222,114.666,3.25942,-270.385,-0.405795,-34.5957,3.95141,13.6488,2.90421,-11887.7,0.286176,-0.258192,2.7868,-1.86348,-3.49549,1.38579,75.2538,16.6082,-14.3088,16.9856,-48.407,-1.3455,2.21633,-9.98398,-0.53007,7922.98,-1037.24,885.024,-74375.7,-397867,-987.274,-27.7289,0,-10078.4,204806,603.017,22.7267,-162.492,-617295,-1422.24,-53.8157,1531.1,1217.04,-60.563,5.41304,33.7608,348.383,21.2109,-0.170367,-22.8291,23.2097,-4.6297e+07,-15404.3,-1950.13,15595.1,-6388.65,-2.26886e+07,0.334541,3.06278,6.44366,15.0714,193.633,5.07446,-18.5531,-398.074,-68.4701,2.89893e+06,2.83908e+06,1192.74,-0.0251166,-7.64673,1.0832,-5.79406,-1.98745,-0.0704133,0,3270,3.46945e-18,-8.43769e-15,-3.05311e-16,1.68754e-14,3.57159e-11,-4.61862e-11,4.68372e-11,-2.34829e-12,3.94296e-12,-4.66116e-12,0,-0.107585,1.24186,0.939613,-0.0113714,3.14159,2.21222,22.9393,3.2594,-54.077,-0.392699,3.95141,3.07406,2.90417,-2377.55,0.523599,0,0,0,0.927014,0.0746319,-0.107585,0.939613,3.55761,2.21222,3.25942,-0.405795,3.95141,2.90421,0.286176,0.0366621,-5.01762,4.82741,656.342,1.96312e+07,3119.02,-1277.73,-4.53772e+06,-1.86383e+06,0.0568092,0.0149554,1.004,260.539,-253.698,-2305.76,241026,-186518,132492,9.81577e+07,-9.79534e+06,9.50943e+06
2.54,-5.7915,-2.06624,1.07939,0.182094,0.113515,-827.091,-0.0633861,-2.46492,1.03573,1.56299,2.78062,243755,2.24273,-3.82463,3.35657,-1.62562,-0.661764,170514,3.98482,31692.7,2.84442,16.5667,-4.66569,-4.69457,-2.12928,-7.25503,-0.57855,-6.95155,-3.70636,-4.20179,-1.88501,-6.7433,-0.780137,-6.42939,-3.53358,-1.06821,0.193705,31700.2,1.52482,-0.0788362,-1.79698,0.0768762,4.55223,-0.100025,3.82531,0.947173,-608.916,3.56516,-44.7444,2.20609,15.5507,3.25328,-31.8739,-0.411907,-27.6447,3.94818,8.18218,2.90098,-7473.48,0.282951,-0.318233,3.31919,-2.29335,-4.12219,1.40118,112.29,22.0522,-15.7973,11.8778,-75.8213,-3.66528,3.4224,-7.51597,2.88682,142549,-1369.82,925.993,-342446,-3534.22,-111.962,15.7758,0,-28.8045,293.574,42.2915,-4.73922,-25.295,-5206.39,-94.0321,7.77169,133.354,164.356,-67.6206,12.8568,10.2113,567.983,22.5509,-5.2184,-6.93487,16.4325,-1.81948e+07,-14544.4,1274.76,4193.96,-4014.18,-1.26597e+07,0.365188,2.72292,6.82518,-23.9224,-115.639,-0.301178,-121.272,-26.7353,-14.061,3.78113e+06,1.58478e+06,749.825,0.135828,-1.19084,0.765986,-5.79447,-1.98746,-0.0788362,0,3268,4.85723e-17,2.41474e-15,5.35683e-15,-3.19744e-14,2.02459e-12,-6.15075e-12,5.22571e-12,1.31307e-12,4.1403e-12,-3.80851e-12,0,-0.100025,0.747244,0.947168,-0.0116898,3.14159,2.20609,3.11012,3.25328,-6.37477,-0.392699,3.94818,1.83342,2.90094,-1494.7,0.523599,0,0,0,0.988293,0.0768762,-0.100025,0.947173,3.56516,2.20609,3.25328,-0.411907,3.94818,2.90098,0.282951,0.0366385,-1.49758,3.39262,333.318,7.75782e+06,838.793,-802.836,-2.53193e+06,-733972,0.056803,0.0149533,1.00448,0.84461,-153.571,-21492.8,5015.57,-3282.78,1760.41,3.87907e+07,-3.96927e+06,3.78951e+06
2.56,-5.7919,-2.0747,1.12654,0.317538,0.11562,-826.769,-0.0545447,0.174127,1.0297,1.58036,2.94352,243755,2.2317,-8.44121,3.28365,-6.71324,-0.385758,170515,3.98316,-1.81955,2.93514,1.61575,0.260401,-4.69319,-2.13874,-7.25589,-0.583388,-6.94914,-3.71533,-4.20259,-1.89012,-6.74641,-0.790604,-6.42671,-3.54338,1.4019,-4.7718,0.855191,1.72304,-0.0872759,-1.84283,0.0790167,-3.97979,-0.091148,9.52362,0.95605,-152.037,3.57404,-19.1796,2.1951,-1.6645,3.2423,-0.614816,-0.422895,-16.5341,3.94655,-0.214348,2.89935,-7.08262,0.281356,-0.390401,3.95918,-2.88318,-4.86161,1.47051,8.07751,20.2391,-14.3426,23.5918,-29.2026,-1.83346,3.00411,-17.8728,-4.57733,24213.1,-878.265,562.845,-76585.7,1977.64,-8.96869,19.2597,0,-55.3254,-1506.03,-27.8466,-6.48072,-2.44897,360.654,4.64703,2.02959,0.782106,-558.701,-74.8664,22.9303,16.0262,561.883,23.2662,-11.9369,-10.9081,5.90558,-418.599,-39.5426,13.6398,17.2303,-2.02092,-28.2711,0.398939,2.35728,6.77219,16.0935,23.1614,0.577527,-4.66395,-258.115,-314.374,45.8316,55.8204,14.2011,-0.208687,-0.11539,0.274983,-5.7951,-1.98749,-0.0872759,0,3265,0,1.6348e-14,-6.06459e-15,2.84217e-14,7.22933e-12,4.67293e-12,-5.3732e-13,-5.29198e-12,-3.678e-12,5.81142e-12,0,-0.091148,1.74902,0.956045,-0.0111742,3.14159,2.1951,-0.332902,3.2423,-0.122963,-0.392699,3.94655,-0.0428505,2.89935,-1.41652,0.523599,0,0,0,1.04279,0.0790167,-0.091148,0.95605,3.57404,2.1951,3.2423,-0.422895,3.94655,2.89935,0.281356,0.0366033,-2.18169,1.18114,7.84528e-05,23.8136,3.44605,-0.404183,-5.65423,-16.9123,0.0567937,0.0149502,1.00496,620.067,-393.353,-4289.78,-214.19,549.551,-77.3303,904.795,-445.683,275.401
2.58,-5.79288,-2.08338,1.16744,0.445863,0.117647,-825.697,-0.0451415,12.8654,1.02467,1.78989,3.5978,243755,2.21833,-1.64519,3.21168,1.78208,-0.400821,170515,3.97971,-2.11215,3.16852,2.14635,0.746639,-4.69217,-2.14881,-7.25664,-0.587215,-6.94773,-3.72349,-4.20394,-1.89558,-6.74999,-0.801223,-6.4247,-3.55335,13.4338,1.9673,0.309731,1.92755,-0.0959156,-1.88059,0.0811147,0.739837,-0.0816742,5.59475,0.965523,-169.58,3.58352,-5.7945,2.1818,-10.9535,3.229,1.0071,-0.436193,-91.8787,3.94318,50.4688,2.89598,-72.8989,0.277981,-0.47394,4.70076,-3.63967,-5.70015,1.6043,85.5399,28.2715,-17.6203,13.6338,-44.0206,-3.35892,3.2821,-7.9536,0.30754,13460.3,-1418.04,856.998,-78902.8,716.159,30.7971,20.2778,0,-139.26,-545.171,-58.1033,-6.37081,9.44021,30.4695,6.72492,1.02702,-2.49119,16779.1,-117.472,-28.508,498.699,-1913.72,47.6671,23.4807,-340.986,73.627,21033.2,-65.0399,-35.5424,446.518,-17.288,-242.835,0.434804,2.04498,6.41626,53.6159,648.068,11.0621,-0.234545,81.0169,89.3376,19.2829,41.0183,43.2459,0.0145946,0.446614,3.43376,-5.79634,-1.98753,-0.0959156,0,3259,-2.77556e-17,1.54321e-14,9.72313e-16,-5.32907e-15,9.4918e-12,5.62894e-12,2.50283e-12,-1.20327e-11,-1.1775e-11,1.406e-11,0,-0.0816742,1.10857,0.965524,-0.0114507,3.14159,2.1818,-2.1907,3.229,0.20142,-0.392699,3.94318,10.0944,2.89597,-14.5798,0.523599,0,0,0,1.09,0.0811147,-0.0816742,0.965523,3.58352,2.1818,3.229,-0.436193,3.94318,2.89598,0.277981,0.0365327,-68.2015,14.7259,0.00133078,2082.03,89.3036,-3.45759,-48.5671,769.116,0.0567751,0.014944,1.00545,257.309,-231.454,-2719.07,-712.298,773.592,-28.6313,13171.5,-954.539,-2600.6
2.6,-5.79437,-2.09229,1.20307,0.561314,0.119857,-826.32,-0.0341692,-0.42792,1.01014,1.57457,13.075,243755,2.20867,-2.05215,3.18523,1.1822,-0.404502,171133,3.97635,568.316,2.88381,-0.989788,1.18637,-4.69128,-2.15954,-7.25888,-0.593353,-6.94653,-3.73205,-4.20585,-1.90097,-6.75431,-0.812242,-6.42295,-3.56364,-9.35122,1.53759,570.013,2.13794,-0.104756,-1.90973,0.08343,11.5918,-0.0705961,-0.761554,0.976601,-1262.77,3.5946,1.09108,2.17225,-16.0555,3.21944,1.8748,-0.445744,-44.6267,3.93993,17.4106,2.89273,1327.34,0.27475,-0.569451,5.54971,-4.57122,-6.6367,1.81289,123.119,43.8952,-24.1269,13.7124,-184.908,-9.77354,5.82587,-7.59809,10.2236,798734,-2833.59,1434.74,-610975,-439.701,46.0241,21.7982,0,-178.232,45.2151,-73.7561,-6.32358,15.5469,-144.566,9.6674,1.16315,-4.09644,1615.46,-113.967,8.36079,39.5932,834.004,40.008,-1.25516,-27.1924,30.4761,-690117,2430.01,169.573,-1562.94,722.267,-216083,0.472555,1.78181,5.77257,-31.1288,-18.2765,0.292333,-0.67985,60.186,61.0286,30871,28562.2,-128.337,0.487843,0.738457,1.42432,-5.7982,-1.9876,-0.104756,0,3250,-2.77556e-17,-1.85962e-15,-1.89293e-14,-8.52651e-14,-1.3484e-11,-8.70404e-12,-3.3531e-12,-3.21471e-12,-1.18152e-11,9.64917e-12,0,-0.0705961,-0.151762,0.976602,-0.0124351,3.14159,2.17225,-3.21106,3.21945,0.37496,-0.392699,3.93993,3.49594,2.89274,265.468,0.523599,0,0,0,1.13101,0.08343,-0.0705961,0.976601,3.5946,2.17225,3.21944,-0.445744,3.93993,2.89273,0.27475,0.0364268,-5.45468,6.10251,-2.27947,237790,-312.588,144.453,-43216.6,-26542.9,0.0567472,0.0149347,1.00594,-477.93,48.7551,-142921,-741.896,871.126,-8.04899,1.19127e+06,-80548.3,111557
2.62,-5.79558,-2.10201,1.23528,0.665098,0.122367,-826.684,-0.0231961,-1.58165,1.03602,1.57009,-2.67016,243755,2.19858,-2.10004,3.14644,0.498379,-0.398311,324890,3.97319,187228,2.92368,28.3179,-8.60091,-4.69011,-2.17059,-7.26106,-0.600406,-6.94458,-3.74168,-4.20754,-1.90672,-6.75873,-0.824383,-6.42047,-3.57494,5.26613,1.44471,187240,2.35382,-0.114433,-1.93293,0.086022,3.44968,-0.0595406,1.83214,0.987657,-2129.19,3.60565,10.8275,2.16223,-22.7225,3.20943,5.39735,-0.455762,-21.434,3.93684,0.654295,2.88964,-13369,0.271653,-0.67762,6.51125,-5.67708,-7.66928,2.10177,119.275,42.5603,-25.3097,10.0734,-80.9093,-15.7845,10.3022,-9.24535,4.52395,347172,-3465.27,1531.49,-2.75515e+06,-2347.45,74.0735,23.7485,0,-240.241,796.869,-97.5124,-6.19061,24.0652,-719.354,24.3584,2.17129,-7.41527,-736.228,-121.044,30.5013,16.0667,827.892,38.958,-15.8608,-11.0807,9.06535,-5.74107e+07,-80612.1,21163.2,21503.9,-7178.17,-7.33596e+07,0.511997,1.61061,5.18921,-18.2397,-56.6075,0.00354463,-2.04546,57.2869,44.7329,7.68785e+06,9.36155e+06,1337.36,0.195411,1.14788,0.424696,-5.79965,-1.98765,-0.114433,0,3243,-5.55112e-17,-1.01828e-14,7.67442e-15,-9.9476e-14,-5.26001e-12,-2.16982e-12,1.20104e-12,-6.28988e-12,8.25549e-12,-1.15961e-11,0,-0.0595406,0.295107,0.987654,-0.0115629,3.14159,2.16223,-4.54454,3.20943,1.07947,-0.392699,3.93684,0.104614,2.88965,-2673.8,0.523599,0,0,0,1.16673,0.086022,-0.0595406,0.987657,3.60565,2.16223,3.20943,-0.455762,3.93684,2.88964,0.271653,0.0363445,-2.1739,1.79896,-144.009,2.47677e+07,4300.78,-1435.63,-1.46719e+07,-2.30043e+06,0.0567256,0.0149274,1.00649,-29.1007,-87.4587,-37881.9,-597.023,1061.23,27.1941,1.2384e+08,-1.20371e+07,1.17161e+07
2.64,-5.79578,-2.11138,1.26331,0.756921,0.124288,-826.308,-0.0173125,-0.357316,1.0529,1.56898,4.11336,243755,2.18422,-1.7251,3.05258,-0.349511,-0.355776,324894,3.9715,2.9265,2.83953,2.12927,0.375669,-4.68913,-2.17974,-7.26045,-0.604434,-6.94224,-3.75133,-4.20812,-1.91303,-6.76139,-0.835601,-6.41783,-3.58551,-0.276184,1.68326,5.39035,2.58237,-0.123785,-1.95569,0.0879787,-1.93129,-0.0536218,6.22557,0.993576,-2571.09,3.61157,33.5863,2.14791,-36.7031,3.19511,19.9417,-0.470087,-69.1059,3.93519,32.6973,2.888,-186.406,0.26998,-0.803542,7.62914,-7.01009,-8.84236,2.48333,92.2311,43.3385,-28.2193,12.2511,-33.8225,-19.4415,14.5455,-14.571,-0.621449,-967899,-155.926,-792.141,-3.15421e+06,-8477,156.707,24.6472,0,-431.007,2480.48,-153.037,-4.9791,43.8107,-4430.68,84.4313,3.8526,-30.3468,5962.97,-161.459,-4.76966,138.307,911.392,59.8666,9.38573,-95.5974,51.9706,21670.6,-296.717,-72.0926,450.417,-84.7073,-2383.62,0.554354,1.4013,4.59112,18.8291,15.7492,-0.0500321,-6.37017,75.316,28.0273,221.902,292.54,31.755,-0.0233341,2.09405,2.43549,-5.80027,-1.98767,-0.123785,0,3240,0,2.22045e-15,-3.53797e-15,-1.59872e-14,1.16637e-11,1.42961e-11,-8.37874e-12,-3.62947e-11,5.88469e-11,-6.40501e-11,0,-0.0536218,0.757778,0.993576,-0.0115027,3.14159,2.14791,-7.34071,3.1951,3.98834,-0.392699,3.93519,6.54277,2.88797,-37.2812,0.523599,0,0,0,1.19897,0.0879787,-0.0536218,0.993576,3.61157,2.14791,3.19511,-0.470087,3.93519,2.888,0.26998,0.0363093,-19.1277,10.3962,0.0360006,6714.51,90.0833,-16.9415,-476.724,717.467,0.0567163,0.0149243,1.00702,308.193,-284.094,238422,1032.88,1256.87,455.833,36700.9,-5486.11,-523.68
2.66,-5.7958,-2.12107,1.28813,0.837257,0.126237,-826.284,-0.0112849,-1.13493,1.04223,1.56757,0.927235,243754,2.17061,2.47091,3.71911,0.785923,-0.182882,324897,3.96816,-2.81657,2.94524,1.61687,0.0605823,-4.68792,-2.18923,-7.25976,-0.609242,-6.93993,-3.76049,-4.20853,-1.91963,-6.76389,-0.847177,-6.41498,-3.59641,2.12166,6.3729,0.0680879,2.81454,-0.13347,-1.96411,0.0899515,0.517933,-0.0475706,1.30579,0.999627,-2255.72,3.61762,272.946,2.13433,-172.739,3.18152,162.818,-0.48367,-31.6053,3.93187,5.94753,2.88468,-26.3952,0.266667,-0.943301,8.86971,-8.51914,-10.1015,2.97166,124.793,54.0888,-35.9095,9.98518,-96.974,-39.5458,27.01,-15.5292,6.05332,-1.88099e+06,7369.39,-5881.89,-3.16516e+06,-237955,1149.96,-0.957094,0,-6463.97,31754.5,-722.995,11.647,252.063,-176131,682.111,-10.5292,-329.719,-538.411,-164.917,34.6917,12.8722,1183.29,54.8545,-16.8261,-8.93634,17.5993,47.5809,-114.599,18.9066,17.5224,-8.94616,-135.343,0.597891,1.24107,4.01682,1.20083,-12.5687,-0.125484,-18.1309,284.436,94.7544,125.13,5.21942,11.7079,0.185015,12.1086,0.827345,-5.80069,-1.98769,-0.13347,0,3238,8.32667e-17,-1.35933e-14,2.72282e-14,-9.9476e-14,-1.58136e-11,-2.1938e-11,1.6449e-11,8.23241e-12,-1.00168e-11,2.08437e-11,0,-0.0475706,0.0983327,0.999624,-0.0115305,3.14159,2.13433,-34.5484,3.18152,32.5635,-0.392699,3.93187,1.18983,2.88466,-5.27905,0.523599,0,0,0,1.22702,0.0899515,-0.0475706,0.999627,3.61762,2.13433,3.18152,-0.48367,3.93187,2.88468,0.266667,0.0362858,-1.78754,3.52014,0.00137581,192.389,3.50448,-1.78923,-27.0686,-11.3531,0.0567101,0.0149222,1.00757,66.913,-94.566,426618,111852,-26500.1,31846,2637.13,-1587.65,561.308
2.68,-5.79619,-2.13095,1.31018,0.905561,0.128492,-826.123,-0.00188071,-1.23503,1.02696,1.57453,7.95983,243753,2.15995,-4.33448,3.37154,-1.70058,-1.00755,326286,3.96344,755.252,2.86178,-1.24826,1.23596,-4.68621,-2.20003,-7.26046,-0.616039,-6.93777,-3.76928,-4.20938,-1.92593,-6.76715,-0.859244,-6.41204,-3.60768,-5.02632,0.0446128,756.878,3.05321,-0.14333,-1.95868,0.0922417,-1.0565,-0.0381312,-6.40748,1.00907,208.186,3.62706,-95.9861,2.1237,34.3285,3.1709,-55.9125,-0.49429,-43.0907,3.92718,13.1857,2.87999,1447.12,0.261981,-1.0993,10.255,-10.1955,-11.4543,3.58372,129.703,60.308,-43.5075,9.92442,-495.666,-184.519,128.186,-56.0555,67.2462,26825,28143.8,-19950,171665,-10831.9,-416.557,52.6047,0,-182.531,-3960.59,149.533,-15.8713,-69.3967,-11607.1,-243.184,21.9674,141.22,286.263,-193.081,30.549,21.0411,1478.09,66.5492,-12.6243,-14.6979,27.8218,-722311,4789.39,-257.514,-997.651,784.814,-280780,0.643067,1.10264,3.41519,8.02024,8.45524,0.247211,-58.1713,-56.3663,-24.7051,69446.5,37908.4,-141.211,0.538924,-3.34543,1.31012,-5.80131,-1.98771,-0.14333,0,3235,2.77556e-17,1.29688e-14,-8.38218e-15,-1.56319e-13,-1.07088e-11,-9.22862e-12,1.25817e-11,1.15111e-11,-2.6999e-11,3.99751e-11,0,-0.0381312,-0.0462933,1.00906,-0.0115583,3.14159,2.1237,6.8657,3.1709,-11.1825,-0.392699,3.92718,2.62502,2.87997,289.423,0.523599,0,0,0,1.25188,0.0922417,-0.0381312,1.00907,3.62706,2.1237,3.1709,-0.49429,3.92718,2.87999,0.261981,0.0362505,-2.93128,5.55797,2.37186,284994,-199.53,156.963,-56156.1,-28012.1,0.0567008,0.0149191,1.00813,93.8902,118.787,28249.5,12619.1,-5442.75,3441.66,1.42727e+06,-83029.4,116991
2.7,-5.79726,-2.14255,1.33111,0.965176,0.13153,-825.811,0.0109788,-1.80719,1.13455,1.53421,5.51405,243751,2.15072,-3.65447,3.21706,-1.54398,-0.678303,391658,3.95574,31679.4,3.25107,19.1573,-5.58867,-4.68435,-2.21292,-7.26312,-0.626052,-6.93558,-3.77869,-4.21108,-1.93271,-6.77208,-0.873801,-6.40862,-3.62114,-3.0451,0.240887,31688.2,3.29882,-0.154884,-1.94086,0.0953738,-1.44944,-0.0251776,29.9832,1.02202,-2606.07,3.64001,-44.8064,2.11456,4.57292,3.16176,-33.6513,-0.503429,-38.5852,3.91958,9.38502,2.87239,-8764.4,0.254374,-1.27241,11.7963,-11.9958,-12.8885,4.32536,143.66,68.7639,-53.6314,10.0482,-885.249,366.399,-261.294,89.1403,280.324,-1.47947e+07,-26901.7,18923.1,-1.64187e+06,551.098,-213.683,53.4994,0,-19.6287,-2118.25,23.3939,-13.1073,-25.1112,-288.935,-159.14,32.6518,148.868,-355.156,-214.987,44.4725,16.2542,1516.07,73.8805,-20.9172,-11.4683,23.5305,-2.2717e+07,-37667.9,4805.27,5538.45,-4693.9,-1.21257e+07,0.689924,1.04639,2.98076,15.613,-7.21208,-1.75016,-101.19,-22.8278,-9.15314,3.26865e+06,1.58412e+06,879.36,-1.24934,-1.21427,1.10883,-5.80297,-1.98777,-0.154884,0,3227,-5.55112e-17,6.83828e-15,4.44089e-16,-1.7053e-13,-1.02418e-12,5.42905e-12,-6.60005e-12,1.65645e-13,2.61842e-11,-4.35989e-11,0,-0.0251776,0.0395392,1.02202,-0.011493,3.14159,2.11456,0.914572,3.16176,-6.73026,-0.392699,3.91958,1.9818,2.87237,-1752.88,0.523599,0,0,0,1.27403,0.0953738,-0.0251776,1.02202,3.64001,2.11456,3.16176,-0.503429,3.91958,2.87239,0.254374,0.0361565,-2.35996,4.76244,144.83,1.06676e+07,1107.69,-938.78,-2.42514e+06,-913698,0.0566761,0.0149109,1.00878,122.513,-629.13,2.97223e+06,2503.11,-1217.71,700.837,5.33403e+07,-4.91976e+06,4.70881e+06
2.72,-5.79908,-2.15301,1.34929,1.01372,0.134758,-825.634,0.0251608,-1.75502,1.21947,1.5132,6.61232,243691,2.14376,-73.977,3.03524,-3.50088,-0.922561,391709,3.94949,23.6603,3.01284,2.3235,0.176715,-4.68283,-2.22495,-7.2673,-0.636257,-6.93358,-3.78787,-4.21359,-1.93804,-6.77799,-0.887409,-6.40566,-3.63356,-4.00627,-70.0192,26.4965,3.56753,-0.165266,-1.92195,0.0987192,-0.213788,-0.0108782,50.8086,1.03632,-3732.81,3.65432,-101.098,2.10772,33.8708,3.15491,-845.441,-0.510264,-51.2191,3.91345,17.5827,2.86626,-329.786,0.248303,-1.47698,13.6186,-14.0541,-14.5173,5.23057,173.456,81.3007,-67.2501,12.0591,-928.683,456.06,-334.955,107.075,520.355,-3.04806e+07,-30427.3,22070.4,-2.14264e+06,-9616.88,-512.038,78.8092,0,-174.376,-5860.4,170.712,-23.0444,-74.1953,196186,-4219.34,477.774,36708.3,758.199,-248.968,37.6002,31.0717,1899.79,88.2784,-14.1742,-22.1008,34.916,-7748.09,-1130.19,7.10693,269.239,-166.61,-11384.8,0.741515,0.908876,2.4271,8.83624,-4.60741,-2.79299,-2991.44,-3539.3,-97.6426,2503.47,1328.13,39.072,-2.31306,-3.5827,1.63996,-5.80504,-1.98785,-0.165266,0,3217,-5.55112e-17,5.45397e-15,-6.88338e-15,-2.84217e-13,1.04666e-12,3.94262e-12,-1.42109e-13,1.24319e-11,2.40439e-11,-3.19851e-11,0,-0.0108782,0.0746686,1.03633,-0.0114471,3.14159,2.10772,6.76647,3.15493,-169.088,-0.392699,3.91345,3.50679,2.8663,-65.9572,0.523599,0,0,0,1.29507,0.0987192,-0.0108782,1.03632,3.65432,2.10772,3.15491,-0.510264,3.91345,2.86626,0.248303,0.036039,-4.412,6.97754,-0.319247,16801.4,53.8479,-33.322,-2276.97,-511.915,0.0566452,0.0149005,1.00936,75.9143,-1450.42,6.12978e+06,542170,2462.29,-22997.2,86740.4,-16880,7924.25
2.74,-5.80179,-2.16157,1.36402,1.05111,0.137964,-825.504,0.0391498,-1.75382,1.26733,1.50218,6.9061,178540,2.13897,-57653.5,3.02199,-45.8774,-14.8745,391710,3.94766,-2.64258,3.00171,1.78564,-0.343815,-4.68218,-2.23496,-7.27285,-0.645629,-6.93181,-3.79742,-4.21699,-1.94153,-6.78475,-0.899119,-6.40363,-3.64407,-4.25099,-57635.6,0.702945,3.83647,-0.173729,-1.89798,0.10209,-0.0127243,0.00327525,61.6726,1.05047,-3984.76,3.66847,-87.7552,2.1031,25.2955,3.15029,-22051.2,-0.514884,-62.0465,3.91179,24.4071,2.86459,-36.7064,0.246653,-1.6973,15.585,-16.1625,-16.1924,6.24059,197.813,92.3556,-81.7271,14.9308,-664.469,523.532,-401.33,129.77,632.913,-3.49883e+07,-31269.7,23670.8,-2.06063e+06,-5201.62,-483.763,89.7106,0,-103.485,-5289.35,139.238,-24.6866,-62.8095,2.49269e+08,-118583,16303.3,3.02262e+07,2006.53,-285.167,31.1263,53.3421,2319.62,102.953,-7.30516,-38.031,44.7132,3710.56,-114.632,-9.62697,40.1547,-6.60012,-103.361,0.793429,0.736714,1.86968,6.52263,-4.45383,-3.3347,-3.25759e+06,-2.88252e+06,-2215.37,75.4953,12.8942,28.1549,-2.88314,-3.04711,2.10853,-5.80794,-1.98795,-0.173729,0,3203,-2.77556e-17,2.35922e-15,3.33067e-15,-1.7053e-13,-3.53994e-11,-5.83218e-11,6.77574e-11,5.61154e-12,1.75682e-11,-6.6312e-12,0,0.00327525,0.097315,1.05048,-0.0114174,3.14159,2.1031,4.85681,3.15031,-4410.23,-0.392699,3.91179,4.87912,2.86465,-7.34128,0.523599,0,0,0,1.31341,0.10209,0.00327525,1.05047,3.66847,2.1031,3.15029,-0.514884,3.91179,2.86459,0.246653,0.0358745,-7.60325,8.9407,-0.00390157,622.598,8.03093,-1.32002,-20.6722,127.932,0.0566019,0.0148861,1.00983,63.3919,-1971.63,7.04004e+06,3.37644e+08,4.89149e+07,-4.94441e+07,6321.26,-2330.88,36.2643
2.76,-5.80557,-2.16999,1.37646,1.0797,0.141698,-825.413,0.054132,-1.75159,1.31639,1.49055,6.94257,177623,2.13435,-713.952,3.19142,-4.35836,-1.40031,391711,3.94484,-2.16406,2.8885,1.56397,0.183471,-4.68234,-2.2444,-7.28016,-0.655474,-6.93048,-3.80658,-4.2216,-1.94403,-6.79323,-0.91122,-6.40186,-3.65473,-4.23618,-709.36,0.540971,4.08569,-0.18201,-1.86149,0.106058,0.098387,0.0184923,72.804,1.06569,-3869.38,3.68368,-36.4054,2.09871,-3.35778,3.14591,-1386.64,-0.519273,-26.0871,3.9092,-2.03736,2.862,-14.3554,0.244051,-1.91459,17.5332,-18.036,-17.7383,7.28417,219.697,102.22,-96.4658,18.7179,-336.07,595.122,-473.744,162.511,756.981,-3.31012e+07,-29598.7,23262.1,-1.66608e+06,1233.73,-240.024,86.2785,0,-28.2296,-1761.33,-6.66039,-18.4133,-18.54,1.03611e+06,-8914.73,2872.7,404643,-1354.95,-292.413,104.004,26.3731,1393.65,97.7848,-57.193,-18.8715,11.6082,-948.684,-165.361,59.6991,29.8769,-4.28274,-60.587,0.84175,0.62184,1.42951,4.57006,-4.33753,-3.89703,-45825.6,-35538.5,-139.549,45.4152,36.6792,11.1148,-3.48142,-0.90734,0.551719,-5.81209,-1.9881,-0.18201,0,3183,-2.77556e-17,8.18789e-15,8.88178e-16,0,3.09114e-12,1.31067e-11,-8.99547e-12,-8.17753e-12,8.52619e-12,-1.2968e-11,0,0.0184923,0.117177,1.06569,-0.0113895,3.14159,2.09871,-0.679787,3.14592,-277.329,-0.392699,3.9092,-0.407824,2.86205,-2.87108,0.523599,0,0,0,1.32838,0.106058,0.0184923,1.06569,3.68368,2.09871,3.14591,-0.519273,3.9092,2.862,0.244051,0.0356398,-3.77291,2.32118,-0.00173711,72.5628,5.97538,-0.856549,-12.1174,-41.4448,0.0565402,0.0148654,1.01029,48.8554,-2540.08,6.66712e+06,1.32636e+06,150837,-183558,1628.88,-957.642,526.366
2.78,-5.80949,-2.17832,1.38729,1.10267,0.145443,-825.346,0.0696127,-1.75065,1.3641,1.47872,6.64627,177621,2.13009,-3.78298,3.21364,-1.5955,-0.90135,393468,3.93985,-14708,2.09182,30.8158,-9.62893,-4.68242,-2.25389,-7.28768,-0.665422,-6.9296,-3.81444,-4.22638,-1.94643,-6.80186,-0.923254,-6.40022,-3.66528,-3.89123,0.332005,-14696.2,4.32181,-0.190193,-1.82984,0.110038,0.211025,0.0342076,83.5106,1.08141,-3290.17,3.69939,-60.7217,2.09468,8.60161,3.14188,-53.3291,-0.523316,146.704,3.90445,-127.202,2.85725,-14929,0.23925,-2.1324,19.4903,-19.7877,-19.2128,8.31409,241.133,111.041,-110.529,23.0207,73.1739,661.924,-540.402,199.91,876.518,-2.4058e+07,-24605.4,19822.6,-1.05616e+06,-125.053,-399.148,108.184,0,-36.1899,-3450.14,63.466,-25.6603,-39.8903,-1601.03,-334.668,70.0937,235.67,54398.2,-209.924,455.697,1723.78,-8629.5,28.7478,-308.666,-1241.39,-147.834,-7.03922e+07,4668.25,-36969.6,-160495,-8044.67,5.60683e+06,0.887685,0.541456,1.14819,3.3311,-4.29158,-4.44926,-109.561,-30.2847,-11.6958,87842.6,-735254,1462.11,-4.0546,-1.96425,-7.05965,-5.81624,-1.98825,-0.190193,0,3163,0,1.27398e-14,-2.88658e-15,-8.52651e-14,-7.29128e-12,-3.03512e-11,3.24936e-11,-4.85647e-11,9.37401e-11,-9.91349e-11,0,0.0342076,0.136017,1.0814,-0.0113638,3.14159,2.09468,1.72055,3.14188,-10.6658,-0.392699,3.90445,-25.3745,2.85724,-2985.8,0.523599,0,0,0,1.34106,0.110038,0.0342076,1.08141,3.69939,2.09468,3.14188,-0.523316,3.90445,2.85725,0.23925,0.0354051,-247.568,-29.5317,-24.9683,3.0359e+07,-32099.1,-1608.93,1.12137e+06,-2.82367e+06,0.0564785,0.0148448,1.01074,36.9271,-3095.27,4.85462e+06,4862.09,-2213.05,1316,1.51773e+08,-1.47084e+07,1.43573e+07
2.8,-5.81406,-2.18758,1.39735,1.12197,0.149549,-825.296,0.0868997,-1.7507,1.41289,1.46612,6.17727,177620,2.12753,-6.8246,1.51895,-2.89645,0.319108,456956,3.93263,58699.9,2.80653,36.9927,-11.508,-4.68257,-2.26448,-7.29674,-0.677523,-6.92913,-3.82226,-4.23192,-1.94919,-6.81158,-0.936594,-6.39868,-3.67694,-3.37349,-5.62476,58714.2,4.55116,-0.19928,-1.79566,0.114413,0.312468,0.0517642,94.1568,1.09896,-2639.75,3.71695,-328.444,2.09239,149.229,3.13959,-120.823,-0.525603,-71.3831,3.89749,29.5016,2.85029,-17628.3,0.232278,-2.35452,21.494,-21.3954,-20.6254,9.35794,260.962,118.691,-123.997,27.7887,540.709,722.518,-599.361,241.232,994.333,-1.56118e+07,-19224,15722.4,-603721,-136321,-2022.95,245.147,0,-2790.2,-59492.1,907.585,-93.6613,-272.243,-92252.5,-732.837,73.7536,170.563,2576.25,-373.435,38.4657,67.9249,3153.81,137.977,-6.19029,-49.3697,53.2499,-8.31024e+07,-61379,-8461.06,20809.6,-9431.41,-2.1658e+07,0.93243,0.503043,0.96513,2.51362,-4.2926,-5.01729,-31.8445,-182.494,-100.836,3.17443e+06,2.93514e+06,1771.14,-4.61931,-13.4599,2.54821,-5.82101,-1.98842,-0.19928,0,3140,-8.32667e-17,-1.13798e-15,-1.33227e-15,0,-5.23634e-11,8.27916e-11,-3.85008e-11,-7.44682e-13,-1.4668e-11,9.09495e-13,0,0.0517642,0.154904,1.09896,-0.0113254,3.14159,2.09239,29.8462,3.13959,-24.1646,-0.392699,3.89749,6.16794,2.85027,-3525.65,0.523599,0,0,0,1.35215,0.114413,0.0517642,1.09896,3.71695,2.09239,3.13959,-0.525603,3.89749,2.85029,0.232278,0.0351354,-10.1901,10.7937,328.246,4.32091e+07,4161.93,-1886.28,-4.33161e+06,-3.33191e+06,0.0564077,0.014821,1.01124,26.5213,-3661.69,3.15891e+06,86146.8,-18017.8,20723.7,2.16049e+08,-1.73665e+07,1.69417e+07
2.82,-5.81851,-2.19588,1.40625,1.13813,0.153557,-825.257,0.103422,-1.75105,1.46106,1.45444,6.30478,177619,2.12399,-3.91981,3.24296,-1.51521,-0.748834,584994,3.92708,92638.6,3.26576,42.8241,-13.4971,-4.68272,-2.27385,-7.30528,-0.688127,-6.9284,-3.83001,-4.23734,-1.95115,-6.82104,-0.948907,-6.39716,-3.68758,-3.45317,0.0719811,92655.4,4.78614,-0.207425,-1.76891,0.118691,0.434917,0.0685565,104.917,1.11575,-2738.39,3.73374,-79.7558,2.08913,16.6712,3.13633,-43.1072,-0.528862,-63.877,3.89221,23.5096,2.84501,-20565.9,0.22705,-2.59369,23.6542,-23.0627,-22.09,10.4321,282.707,126.067,-137.206,32.923,1098.69,783.324,-653.42,285.582,1112.54,-1.68475e+07,-19491.7,16012.6,-585277,-1823.59,-570.699,144.938,0,-67.7904,-5456.38,123.677,-35.9133,-56.863,-3429.66,-292.662,56.2872,100.563,1092.63,-396.916,64.3993,45.7936,3062.14,145.401,-23.0849,-33.5196,46.2197,-1.11615e+08,-86740.4,-3861.4,18912.5,-11008.6,-3.39652e+07,0.978379,0.445045,0.807872,1.93329,-4.30678,-5.58642,-76.3615,-37.4308,-16.6574,6.40186e+06,4.63207e+06,2062.7,-5.17775,-2.81469,2.21091,-5.82579,-1.98858,-0.207425,0,3117,-8.32667e-17,1.12688e-14,4.44089e-16,2.27374e-13,-1.11506e-11,2.70557e-11,-1.28821e-11,1.1361e-11,-1.49385e-11,3.45608e-11,0,0.0685565,0.174164,1.11575,-0.0112621,3.14159,2.08913,3.33413,3.13633,-8.62143,-0.392699,3.89221,4.24376,2.84504,-4113.19,0.523599,0,0,0,1.36248,0.118691,0.0685565,1.11575,3.73374,2.08913,3.13633,-0.528862,3.89221,2.84501,0.22705,0.0348659,-6.28233,8.99794,-755.821,5.87307e+07,3782.5,-2201.72,-6.79304e+06,-4.47296e+06,0.0563369,0.0147974,1.01169,16.4917,-4239.43,3.40887e+06,5769.15,-2096.59,1503.99,2.93657e+08,-2.3189e+07,2.26939e+07
2.84,-5.82316,-2.20289,1.41378,1.1506,0.157681,-825.229,0.118758,-1.75149,1.5071,1.44329,6.51868,177619,2.1177,-3.59208,3.09916,-1.53647,-0.635586,585005,3.92663,-1166.95,2.92385,1.15065,0.382332,-4.68339,-2.28113,-7.31341,-0.696234,-6.92695,-3.83915,-4.24301,-1.95164,-6.83082,-0.960057,-6.39565,-3.69696,-3.62147,0.142664,-1164.41,5.01473,-0.214264,-1.73726,0.123084,0.507756,0.084161,115.37,1.13136,-2937.67,3.74935,-19.0815,2.08311,-16.1112,3.1303,-33.6211,-0.534885,-13.653,3.89203,-14.0454,2.84483,178.907,0.226879,-2.83746,25.86,-24.5638,-23.4877,11.5187,301.974,132.615,-150.031,38.2938,1697.15,842.155,-702.699,331.76,1226.35,-1.94188e+07,-20516.5,16838.2,-614696,1055.42,-207.13,124.734,0,-55.3056,-849.202,-82.8769,-20.1979,-4.61052,4678.18,-481.142,378.004,929.779,-1409.77,-388.416,198.775,57.3769,1060.19,127.89,-119.301,-42.0222,-0.472298,-328860,-66375.3,41266,20184.3,95.7777,251684,1.02317,0.376661,0.623599,1.40615,-4.32306,-6.13901,-0.0618898,-21.359,-0.0559724,540.774,-58203.4,-20.9719,-5.73316,-0.22902,-0.0226652,-5.83057,-1.98875,-0.214264,0,3094,-5.55112e-17,7.49401e-16,-4.44089e-16,0,3.08953e-12,2.31515e-12,-3.93907e-12,-8.59632e-12,1.93975e-11,-2.22089e-11,0,0.084161,0.193116,1.13135,-0.0111991,3.14159,2.08311,-3.22226,3.13031,-6.72423,-0.392699,3.89203,-2.80365,2.84487,35.7814,0.523599,0,0,0,1.37165,0.123084,0.084161,1.13136,3.74935,2.08311,3.1303,-0.534885,3.89203,2.84483,0.226879,0.0345966,-7.83525,-0.091751,7.08258,5193.07,4036.86,19.1555,50336.8,-13007.9,0.0562661,0.0147737,1.01206,3.16624,-4835.5,3.92779e+06,-93.2697,503.388,-406.693,26255,-57507.2,62272
2.86,-5.82815,-2.20954,1.42029,1.1591,0.162378,-825.211,0.133766,-1.75173,1.55143,1.43268,6.73027,177235,2.10952,-2951.27,3.21967,-4.12131,-1.37725,674053,3.92792,72908.7,3.06565,41.2045,-12.8246,-4.68458,-2.28694,-7.32205,-0.703689,-6.92474,-3.84912,-4.24919,-1.95087,-6.84163,-0.971458,-6.39361,-3.70628,-3.78897,-2946.67,72924.6,5.22707,-0.220742,-1.69802,0.128074,0.52417,0.0994617,125.302,1.14666,-3145.34,3.76464,-17.5279,2.07522,-17.7399,3.12242,-1308.08,-0.542781,-72.4039,3.89362,28.1954,2.84642,-19737.5,0.228414,-3.0729,27.9999,-25.7167,-24.7082,12.5569,315.567,137.668,-161.643,43.5891,2267.51,895.606,-743.406,377.162,1333.67,-2.2285e+07,-21568.8,17583.3,-650522,971.192,-209.987,134.003,0,-58.5221,-765.954,-96.3717,-19.7684,-3.70164,1.11835e+06,-22879.1,19608.3,1.8318e+06,1744.46,-461.583,64.7864,60.6904,3811.27,170.363,-19.0842,-44.3761,54.0669,-1.02771e+08,-84859.8,-8147.81,20554.5,-10561.4,-2.67412e+07,1.06484,0.325062,0.425206,0.88023,-4.32949,-6.66644,-19185.1,-147405,-127.561,4.45242e+06,3.64558e+06,1981.72,-6.2725,-0.184794,2.60812,-5.83577,-1.98893,-0.220742,0,3069,0,-3.85803e-15,-2.66454e-15,0,-1.55047e-11,-5.31086e-12,1.5234e-11,-3.59911e-11,-4.48834e-11,9.47011e-11,0,0.0994617,0.211242,1.14665,-0.0111414,3.14159,2.07522,-3.54213,3.12241,-261.617,-0.392699,3.89362,5.79357,2.84641,-3947.51,0.523599,0,0,0,1.37948,0.128074,0.0994617,1.14666,3.76464,2.07522,3.12242,-0.542781,3.89362,2.84642,0.228414,0.0343041,-9.03621,10.8964,209.009,5.41383e+07,4110.9,-2112.29,-5.34825e+06,-4.11707e+06,0.0561893,0.014748,1.0124,-15.1385,-5442.85,4.50666e+06,1.15319e+06,173149,-203593,2.70695e+08,-2.13768e+07,2.09012e+07
2.88,-5.83338,-2.2165,1.42619,1.16418,0.167794,-825.201,0.147046,-1.75209,1.58946,1.4235,6.87106,175184,2.10072,5599.99,2.9306,9.24888,3.02086,749092,3.9245,72737.7,2.78263,44.1491,-13.879,-4.68674,-2.2911,-7.3316,-0.711945,-6.92235,-3.85731,-4.25585,-1.94929,-6.85356,-0.983927,-6.39074,-3.71629,-3.8921,5599.9,72754.3,5.4265,-0.227521,-1.66414,0.133794,0.435166,0.113046,133.757,1.16024,-3289.1,3.77823,29.1404,2.06672,-42.1361,3.11392,5293.32,-0.551275,-81.7972,3.8905,34.6349,2.84331,-21194.1,0.225307,-3.30173,30.0885,-26.6606,-25.7845,13.4858,322.528,141.562,-171.774,48.178,2684.49,946.681,-777.756,416.499,1424.42,-2.43923e+07,-22378.1,18027.2,-667194,-4183.5,107.333,108.285,0,-193.529,-215.885,-271.249,-1.7805,36.2736,1.51761e+07,31042.2,4299.97,-3.0727e+06,3044.24,-494.797,47.3575,83.0848,4438.07,186.149,-4.80655,-61.0142,62.8015,-1.16511e+08,-85602.3,-15099.9,26061,-11339.7,-2.65448e+07,1.10404,0.294992,0.254082,0.521885,-4.34384,-7.12096,-102566,280157,540.898,3.75194e+06,3.63703e+06,2128.95,-6.7302,1.81788,3.03812,-5.84118,-1.98911,-0.227521,0,3043,0,1.54321e-14,5.32907e-15,5.68434e-14,-1.5857e-11,-1.12195e-11,1.92131e-11,5.47146e-13,-6.20637e-12,5.68434e-13,0,0.113046,0.226657,1.16024,-0.0110948,3.14159,2.06672,-8.43117,3.11392,1058.66,-0.392699,3.8905,7.00913,2.8433,-4238.82,0.523599,0,0,0,1.38629,0.133794,0.113046,1.16024,3.77823,2.06672,3.11392,-0.551275,3.8905,2.84331,0.225307,0.0340001,-12.3039,12.6044,102.713,6.24473e+07,5212.19,-2267.94,-5.30896e+06,-4.66626e+06,0.0561096,0.0147213,1.01277,-30.9063,-5971.06,4.93291e+06,1.97204e+07,3.25901e+06,-3.13011e+06,3.1224e+08,-2.41814e+07,2.36705e+07
2.9,-5.83906,-2.22268,1.43137,1.16708,0.173254,-825.195,0.158833,-1.75199,1.62524,1.41475,7.01776,175183,2.09265,2.69112,3.22993,-1.18402,-0.432523,749092,3.92385,23.8602,2.76856,2.23368,0.26062,-4.68984,-2.29373,-7.34179,-0.719864,-6.91992,-3.86618,-4.26302,-1.94686,-6.86595,-0.995692,-6.38822,-3.72549,-4.00292,6.35357,26.3681,5.62208,-0.233503,-1.65628,0.139581,0.454985,0.12516,141.857,1.17236,-3461.18,3.79035,9.26303,2.05898,-32.7849,3.10618,48.7907,-0.559013,-15.4363,3.89017,-14.8018,2.84298,-2.22791,0.225001,-3.53356,32.2127,-27.804,-26.8646,14.2678,335.882,145.415,-180.013,52.0449,3119.93,1000.48,-804.645,450.025,1512.38,-2.70199e+07,-23507.4,18508.6,-697213,-1308.29,-35.0846,128.026,0,-120.278,-122.885,-212.61,-7.42622,18.7477,-3696.54,239.478,113.573,-459.215,-1601.26,-450.746,239.43,57.895,1214.73,144.053,-144.726,-42.5512,0.924478,-2215.78,-476.81,302.182,126.462,-0.89754,-18.0617,1.14253,0.259118,0.144602,0.270093,-4.33998,-7.55658,-47.5259,291.548,14.2816,20.2353,1336.84,39.0284,-7.15785,0.941344,0.0447995,-5.84701,-1.98931,-0.233503,0,3015,-5.55112e-17,2.25375e-14,5.77316e-15,5.68434e-14,-2.22967e-11,1.11764e-11,-2.41038e-11,-2.55199e-11,1.59109e-11,-3.27373e-11,0,0.12516,0.240969,1.17235,-0.0110528,3.14159,2.05898,-6.5569,3.10618,9.75815,-0.392699,3.89017,-2.9602,2.84299,-0.445582,0.523599,0,0,0,1.39251,0.139581,0.12516,1.17236,3.79035,2.05898,3.10618,-0.559013,3.89017,2.84298,0.225001,0.033673,-8.50807,0.184872,-0.000232053,73.7641,25.2925,-0.179508,-3.61235,-104.602,0.0560238,0.0146925,1.01308,-44.298,-6443.36,5.46257e+06,3099.99,2682.94,-66.5991,796.657,-279.363,654.209
2.92,-5.84567,-2.22814,1.43582,1.168,0.178838,-825.195,0.170805,-1.75166,1.66021,1.40664,7.17682,175181,2.0888,-5.20882,3.47583,-2.00496,0.62381,749092,3.92491,-5.71466,2.4427,0.500298,0.368763,-4.69383,-2.29548,-7.35416,-0.729241,-6.91799,-3.87518,-4.27119,-1.94352,-6.87939,-1.00691,-6.38642,-3.73399,-4.12667,-2.3568,-3.64072,5.80829,-0.238742,-1.65717,0.145538,0.511061,0.137505,149.487,1.1847,-3689.67,3.80269,-154.297,2.0555,47.4721,3.1027,-130.001,-0.562503,32.2298,3.89161,-50.4849,2.84441,36.3016,0.226359,-3.76035,34.3051,-28.9246,-27.8703,14.944,350.202,148.571,-186.595,55.3427,3511.98,1051.07,-822.077,478.437,1594.26,-3.06972e+07,-25018.5,19122.8,-752525,-13958.3,-1263.98,272.377,0,-329.708,-19708.4,383,-75.4082,-123.062,-21410.1,-1023.64,175.265,439.813,4246.07,-411.322,386.652,244.305,-907.457,105.118,-251.578,-179.316,-43.5704,5948.96,-131.149,217.682,189.436,6.91835,105.887,1.17921,0.222683,0.0460676,0.0248591,-4.32223,-7.96534,-84.8915,-103.641,-35.0693,16.8699,-141.848,-36.5555,-7.56702,-6.19548,-2.11763,-5.85368,-1.98953,-0.238742,0,2983,-5.55112e-17,-1.77636e-15,-2.66454e-15,-2.84217e-13,-5.03546e-11,8.88694e-11,-7.74394e-11,-3.94085e-11,-2.87992e-11,-2.59737e-11,0,0.137505,0.254658,1.1847,-0.0110173,3.14159,2.0555,9.49543,3.10269,-26.0003,-0.392699,3.89161,-10.1004,2.84435,7.26031,0.523599,0,0,0,1.39807,0.145538,0.137505,1.1847,3.80269,2.0555,3.1027,-0.562503,3.89161,2.84441,0.226359,0.0332995,-35.8776,-8.71605,-0.00412171,1009.97,37.8873,1.38367,21.1773,234.123,0.0559258,0.0146597,1.01335,-58.8165,-6880.28,6.20295e+06,29094.3,-7741,6636.26,965.142,4811.64,-1656.32
2.94,-5.85245,-2.23377,1.43983,1.1672,0.184723,-825.197,0.182018,-1.75167,1.68936,1.40008,7.25515,175180,2.08605,-3.21052,3.06682,-1.66092,-0.230261,749095,3.92491,-298.717,11.3738,-42.8968,21.1459,-4.69834,-2.29657,-7.36734,-0.739679,-6.9159,-3.88398,-4.27967,-1.9399,-6.89334,-1.01865,-6.38433,-3.74278,-4.17587,0.0865547,-308.489,5.98065,-0.244146,-1.66143,0.151808,0.467114,0.149104,155.451,1.1963,-3814.57,3.81429,-26.372,2.05313,-16.6572,3.10033,-91.0581,-0.56486,4499.68,3.89199,-3330.17,2.84479,8135.73,0.226755,-3.97534,36.3009,-29.9129,-28.7499,15.5082,357.869,150.776,-191.899,57.7895,3680.74,1096.3,-833.712,498.872,1655.51,-3.28249e+07,-25968.1,19263.1,-773591,1391.13,-312.62,168.351,0,-52.1005,-1177.4,-100.789,-20.8242,-12.3872,9053.55,-1050.64,542.098,2584.36,3.32125e+07,5370.11,13374.3,724474,1.39617e+06,-4147.21,-9783.65,-531754,-4195.16,8.57633e+07,10130,23903.7,1.30558e+06,3149.9,55467,1.21319,0.200622,-0.0398229,-0.123942,-4.31657,-8.29208,-48.961,-3.86387,-6.23322,116.604,-14792,-2216.22,-7.8935,-0.625606,-204.546,-5.86056,-1.98976,-0.244146,0,2950,-2.77556e-17,7.46625e-15,-1.33227e-15,5.68434e-14,-6.85764e-13,5.49083e-12,-3.66818e-12,5.12971e-09,-7.28065e-09,8.07634e-09,0,0.149104,0.266024,1.19629,-0.0109901,3.14159,2.05313,-3.3314,3.10033,-18.2116,-0.392699,3.89199,-666.397,2.84475,1627.15,0.523599,0,0,0,1.40291,0.151808,0.149104,1.1963,3.81429,2.05313,3.10033,-0.56486,3.89199,2.84479,0.226755,0.0329146,-106409,-839.264,-1.7575,1.82761e+07,261116,629.981,11093.4,3.43075e+06,0.055825,0.0146259,1.01363,-69.0979,-7209.51,6.63178e+06,3760.04,-1142.83,-66.3191,8.44243e+07,1.73336e+07,-1.72838e+07
2.96,-5.8589,-2.23904,1.44345,1.16581,0.190361,-825.2,0.1916,-1.75205,1.71358,1.39474,7.32869,87700.5,2.0829,497849,1.45573,294.94,98.0053,753750,3.92606,44851.5,2.91627,-7.02329,3.10725,-4.70303,-2.29697,-7.37975,-0.749345,-6.91365,-3.89289,-4.2878,-1.9363,-6.90663,-1.0298,-6.38227,-3.75102,-4.22556,497752,44851.4,6.14519,-0.249196,-1.68485,0.157807,0.476067,0.159046,160.357,1.20624,-3955.12,3.82423,332.226,2.05034,-193.226,3.09754,147613,-0.567644,-19.8122,3.89351,-13.5863,2.84631,4272.14,0.228337,-4.18594,38.26,-31.1059,-29.6308,15.9418,370.462,153.115,-195.936,59.5151,3802.02,1140.46,-840.867,512.364,1703,-3.53032e+07,-27172.4,19508.1,-806588,-158728,2510.25,-161.161,0,-3461.09,-76594,-1496.82,143.268,298.167,1.28043e+10,1.14078e+06,-105475,-2.9413e+08,-1949.21,-504.276,257.421,55.1108,1543.22,155.365,-155.412,-40.3914,4.238,-3.69601e+06,228992,-135125,-51592.5,2290.78,-1.59923e+07,1.24565,0.180566,-0.0695722,-0.151337,-4.32306,-8.56043,-4.37398e+06,2.48926e+07,14825.5,232768,2.24272e+06,-429.718,-8.15705,15.0884,0.207114,-5.86704,-1.98997,-0.249196,0,2919,2.77556e-17,3.25295e-14,3.9968e-15,-2.27374e-13,7.14886e-11,1.03274e-10,-1.20053e-10,5.94942e-11,8.82383e-12,-5.7355e-11,0,0.159046,0.276254,1.20624,-0.0109706,3.14159,2.05034,-37.8599,3.09755,29522.6,-0.392699,3.89351,-2.66201,2.84633,854.429,0.523599,0,0,0,1.40728,0.157807,0.159046,1.20624,3.82423,2.05034,3.09754,-0.567644,3.89351,2.84631,0.228337,0.0325535,-8.74272,0.877071,-206.12,2.54489e+06,-10318.5,458.155,-3.19845e+06,-137691,0.0557304,0.0145942,1.01389,-73.0434,-7441.29,7.12998e+06,1.51352e+10,2.567e+09,-2.56344e+09,1.27252e+07,-517372,620194
2.98,-5.86586,-2.24454,1.44681,1.16291,0.19662,-825.206,0.201494,-1.7523,1.73753,1.38965,7.38404,69154.6,2.07794,-18124.4,3.07374,-17.3899,-5.80988,946045,3.92637,203481,2.88538,44.0399,-13.9031,-4.70833,-2.29673,-7.39286,-0.759075,-6.9111,-3.90178,-4.29669,-1.93197,-6.92114,-1.04188,-6.37975,-3.75977,-4.25722,-18115.5,203498,6.30398,-0.254471,-1.69496,0.164462,0.398066,0.169337,164.953,1.21653,-4070.25,3.83452,-38.2495,2.04578,-12.5428,3.09298,-7914.83,-0.57222,-39.6202,3.89421,0.331733,2.84702,-21223.1,0.229009,-4.39291,40.1997,-31.9854,-30.3804,16.3662,375.045,154.594,-199.909,61.2399,3808.71,1183.4,-847.406,525.41,1745.48,-3.74125e+07,-28226.5,19644.3,-830695,1763.35,-420.988,186.643,0,-46.4547,-1949.36,-73.5904,-24.1766,-22.8854,3.77129e+07,-80784.3,30090.3,1.10477e+07,-2129.55,-548.15,206.443,32.4069,2649.82,179.236,-117.726,-23.7421,22.3865,-1.21133e+08,-247078,79490.3,28526.4,-11366.6,-7.46903e+07,1.27701,0.168301,-0.145016,-0.26795,-4.32071,-8.81507,-927293,-906063,-790.989,9.61473e+06,1.01742e+07,2123.47,-8.4004,-1.15981,1.09583,-5.87414,-1.9902,-0.254471,0,2885,0,-2.71727e-14,-8.88178e-16,-5.68434e-14,-6.20809e-12,2.17715e-12,3.06954e-12,-2.56571e-11,6.68994e-11,-4.21778e-11,0,0.169337,0.286417,1.21653,-0.0109523,3.14159,2.04578,-2.46425,3.09297,-1582.97,-0.392699,3.89421,0.267891,2.847,-4244.61,0.523599,0,0,0,1.41129,0.164462,0.169337,1.21653,3.83452,2.04578,3.09298,-0.57222,3.89421,2.84702,0.229009,0.0321577,-5.01955,4.58545,709.285,6.24186e+07,5705.28,-2273.32,-1.49381e+07,-4.85595e+06,0.0556268,0.0145595,1.01416,-81.9276,-7684.1,7.55501e+06,4.32659e+07,7.20894e+06,-7.39793e+06,3.12095e+08,-2.51293e+07,2.46194e+07
3,-5.87322,-2.25011,1.44999,1.15917,0.20307,-825.213,0.211339,-1.75227,1.76165,1.38458,7.44304,34026.1,2.07393,94643.2,4.45511,72.8339,23.9535,946059,3.92557,-70.8059,3.04423,0.657203,0.530536,-4.71413,-2.29622,-7.40682,-0.769588,-6.90879,-3.91022,-4.3061,-1.92743,-6.93623,-1.05428,-6.37733,-3.76862,-4.29206,94623.7,-68.2922,6.46101,-0.259802,-1.71963,0.171319,0.398545,0.179588,169.561,1.22679,-4207.89,3.84477,100.367,2.04218,-80.2815,3.08937,36955.8,-0.575822,13.3336,3.89382,-39.0898,2.84662,348.915,0.228627,-4.60173,42.1655,-33.0283,-31.1412,16.6912,385.417,156.092,-202.725,62.5172,3815.63,1228.42,-850.187,535.09,1789.31,-3.99959e+07,-29487.9,19797,-863797,-21301.2,717.046,49.6428,0,-541.572,-6592.58,-635.5,44.3658,97.1285,8.15428e+08,286703,-12340.3,-5.68966e+07,1037.91,-478.124,373.755,159.4,-45.4591,120.064,-240.56,-116.9,-27.1592,667.55,-2417.67,3046.66,1902.55,179.18,16470,1.30803,0.158898,-0.186714,-0.358031,-4.30808,-9.06999,-1.75642e+06,4.73232e+06,3720.2,703.729,-3396.38,-44.6259,-8.63798,4.9262,-1.33031,-5.88146,-1.99044,-0.259802,0,2850,-2.77556e-17,2.05391e-14,5.32907e-15,0,9.59188e-12,-2.11262e-11,2.00089e-11,-2.34016e-11,1.13067e-11,-2.74945e-11,0,0.179588,0.296118,1.22678,-0.010937,3.14159,2.04218,-16.16,3.08937,7391.16,-0.392699,3.89382,-7.81742,2.84662,69.783,0.523599,0,0,0,1.41506,0.171319,0.179588,1.22679,3.84477,2.04218,3.08937,-0.575822,3.89382,2.84662,0.228627,0.0317507,-23.3772,-5.43156,0.0225168,20871.3,380.51,35.8359,3294,-163.902,0.0555203,0.0145238,1.01442,-89.286,-7901.67,8.07466e+06,9.50336e+08,1.64616e+08,-1.63725e+08,102198,14645.8,-4668.74
3.02,-5.88118,-2.25519,1.45288,1.15512,0.209424,-825.221,0.221614,-1.75196,1.78696,1.3793,7.50289,29741.6,2.07142,-8848.6,3.02385,-10.0834,-3.394,946062,3.9256,-2.29295,2.96774,1.80717,4.81048,-4.72036,-2.29552,-7.42164,-0.780277,-6.90708,-3.91849,-4.31613,-1.92256,-6.95177,-1.06614,-6.37563,-3.77687,-4.3263,-8842.18,-4.13569,6.61877,-0.264629,-1.75625,0.178114,0.475364,0.190304,174.347,1.2375,-4354.59,3.85549,-27.1565,2.04012,-19.6468,3.08731,-4284.48,-0.577875,-68.1003,3.89429,19.9947,2.84709,-62.0713,0.229106,-4.81544,44.1898,-34.2558,-31.9458,16.955,401.598,157.671,-204.616,63.4807,3832.52,1274.81,-848.57,542.471,1836,-4.28364e+07,-30819.6,19860.1,-899594,1566.41,-340.346,179.244,0,-58.3461,-1253.55,-138.321,-16.1705,-13.3386,1.13467e+07,-51688,25471.5,5.57646e+06,-425.56,-628.858,132.127,40.9268,4487.45,222.138,-63.4763,-30.0135,48.0636,2983.44,-413.469,14.0409,49.0527,-19.3706,-277.909,1.33922,0.144558,-0.202781,-0.422039,-4.28559,-9.33513,-214229,-442274,-425.667,151.42,29.2724,22.6954,-8.88058,-0.676773,2.3553,-5.88941,-1.99069,-0.264629,0,2812,-2.77556e-17,-8.32667e-15,2.66454e-15,3.97904e-13,-8.74911e-13,-5.27245e-13,-3.97904e-13,4.0247e-11,-1.1572e-10,1.21647e-10,0,0.190304,0.305749,1.2375,-0.0109216,3.14159,2.04012,-3.94076,3.08732,-856.897,-0.392699,3.89429,3.99835,2.8471,-12.4143,0.523599,0,0,0,1.41868,0.178114,0.190304,1.2375,3.85549,2.04012,3.08731,-0.577875,3.89429,2.84709,0.229106,0.0313094,-6.00212,9.61224,-0.00202153,1121.65,9.81054,-3.87411,-55.5818,106.814,0.0554048,0.0144851,1.01466,-95.0605,-8098.9,8.6452e+06,1.26012e+07,2.08638e+06,-2.18809e+06,9334.74,-3691.03,553.308
3.04,-5.88986,-2.26014,1.45551,1.14986,0.216233,-825.232,0.232465,-1.75139,1.81173,1.37451,7.55962,-15114.9,2.06407,-27088.5,3.13862,-26.7907,-8.19328,946073,3.92554,2.02329,2.80894,2.06155,0.40457,-4.72727,-2.29419,-7.43628,-0.789095,-6.9054,-3.92673,-4.32712,-1.91686,-6.96852,-1.07841,-6.37394,-3.78516,-4.35769,-27077.2,4.42765,6.77293,-0.269309,-1.78175,0.185411,0.430246,0.201643,178.638,1.24884,-4492.86,3.86683,-55.4282,2.03325,-7.18361,3.08045,-12591.2,-0.584744,-74.5354,3.89472,24.1258,2.84752,-174.338,0.229525,-5.0272,46.2146,-35.2266,-32.6512,17.218,407.872,158.345,-206.469,64.2844,3649.22,1319.67,-846.783,548.62,1877.23,-4.55947e+07,-32143.2,19922.7,-934182,2005.22,-587.457,210.471,0,-48.7842,-3495.61,-35.2023,-28.189,-38.0514,9.79483e+07,-124296,35160.8,1.69627e+07,206.153,-658.336,117.083,48.1983,4980.09,235.677,-52.6429,-35.3486,53.6983,5778.84,-1105.99,-15.79,145.314,-77.9088,-2022.79,1.36971,0.131597,-0.262713,-0.531096,-4.25136,-9.57637,-2.24282e+06,-1.35427e+06,-1261.03,544.756,245.081,28.7709,-9.1007,-1.93231,2.63415,-5.89821,-1.99096,-0.269309,0,2770,0,3.46945e-14,5.77316e-15,3.41061e-13,1.94311e-12,-1.23479e-12,2.84217e-12,-2.66804e-11,-6.58931e-11,1.07123e-10,0,0.201643,0.314368,1.24884,-0.0109111,3.14159,2.03325,-1.42436,3.08045,-2518.24,-0.392699,3.89472,4.82515,2.84752,-34.8676,0.523599,0,0,0,1.42206,0.185411,0.201643,1.24884,3.86683,2.03325,3.08045,-0.584744,3.89472,2.84752,0.229525,0.0308221,-7.0697,10.7396,-0.00017574,5665.91,29.0628,-15.5818,-404.559,202.874,0.0552775,0.0144424,1.01489,-103.142,-8273.66,9.20006e+06,1.09715e+08,1.90614e+07,-1.93625e+07,32352.2,-7965.04,1869.14
3.06,-5.89842,-2.26538,1.45802,1.14403,0.223158,-825.243,0.242588,-1.75088,1.83328,1.37049,7.60121,-15137.5,2.05336,-572.634,3.3177,-2.27201,-0.833404,946076,3.92429,-1256.39,3.10089,1.30085,0.318884,-4.73441,-2.29265,-7.44987,-0.796837,-6.90357,-3.93462,-4.33809,-1.91129,-6.98524,-1.09115,-6.37193,-3.79371,-4.37722,-568.483,-1253.61,6.9212,-0.274286,-1.8184,0.192811,0.379611,0.212241,182.127,1.25944,-4589.83,3.87743,-12.5687,2.02301,-28.3941,3.07021,-408.24,-0.594987,-17.0205,3.89394,-18.6321,2.84674,88.1329,0.22874,-5.23435,48.2043,-36.2994,-33.3486,17.3882,414.988,158.904,-207.547,64.5484,3349.8,1363.73,-844.031,550.309,1909.97,-4.7581e+07,-33296.1,19863.3,-955447,740.655,-217.977,163.538,0,-80.1197,-600.14,-223.993,-3.15449,-1.18189,74232.4,-19765.2,22863.7,578044,-2163.95,-565.32,301.621,72.0205,1642.85,160.159,-188.728,-52.9036,-0.174073,-636644,-125299,83849.4,33916.4,47.2092,165833,1.39905,0.125339,-0.291732,-0.564163,-4.22131,-9.77763,-1131.56,-28476.7,-35.0958,158.005,-62675.6,-13.4709,-9.28053,-0.0600742,-0.00854745,-5.90681,-1.99123,-0.274286,0,2729,0,5.10703e-15,2.66454e-15,-5.68434e-14,3.82805e-13,-4.31433e-13,6.11067e-13,1.12029e-11,-2.54796e-11,1.08598e-11,0,0.212241,0.321385,1.25943,-0.0109063,3.14159,2.02301,-5.67794,3.0702,-81.648,-0.392699,3.89394,-3.72704,2.84673,17.6266,0.523599,0,0,0,1.42517,0.192811,0.212241,1.25944,3.87743,2.02301,3.07021,-0.594987,3.89394,2.84674,0.22874,0.030347,-10.7774,-0.035089,-0.959997,1661.24,6783.28,9.44184,33166.5,-33499,0.0551534,0.0144008,1.01513,-106.268,-8374.38,9.59937e+06,99110.6,-9347.6,897.515,8833.25,-163628,166179
3.08,-5.90785,-2.27111,1.46049,1.13741,0.23056,-825.257,0.254231,-1.75002,1.85908,1.3657,7.66464,-48117,2.04014,84969.5,2.64244,81.4582,26.9214,946988,3.92067,-45923.9,1.97391,6.03315,-1.25778,-4.74204,-2.29142,-7.46403,-0.804523,-6.90218,-3.94189,-4.35019,-1.90547,-7.00333,-1.10495,-6.37004,-3.8029,-4.41399,84945.2,-45920.7,7.07205,-0.279723,-1.85296,0.200733,0.379046,0.224404,186.357,1.2716,-4727.45,3.88959,134.741,2.01031,-96.0701,3.05751,41209.3,-0.607682,-16.5819,3.89085,-19.5136,2.84365,-2270.15,0.225657,-5.44776,50.2712,-37.3001,-34.0228,17.5464,423.813,159.179,-208.165,64.916,3056.57,1410.11,-837.6,553.059,1950.95,-5.04636e+07,-34673.5,19804,-989778,-32048.1,1104.34,-9.45302,0,-717.438,-14467.8,-837.592,78.3754,126.364,1.09298e+09,354832,-27087.5,-5.56066e+07,-2218.66,-577.925,309.995,75.7723,1686.39,163.124,-196.382,-55.9143,-1.08727,1.32751e+06,525970,-360263,-147350,-1216.91,1.75996e+07,1.42891,0.123426,-0.331098,-0.674546,-4.17487,-10.0184,-1.64897e+06,4.24863e+06,4151.41,45613.5,-2.29605e+06,223.111,-9.48646,6.41936,-0.0533389,-5.91626,-1.99151,-0.279723,0,2684,0,3.74145e-14,4.44089e-16,1.7053e-13,4.52971e-14,5.00044e-13,-1.81899e-12,-9.16873e-11,4.02264e-11,-1.07221e-10,0,0.224404,0.32957,1.2716,-0.0109,3.14159,2.01031,-19.224,3.05751,8241.86,-0.392699,3.89085,-3.90509,2.84365,-454.029,0.523599,0,0,0,1.42819,0.200733,0.224404,1.2716,3.88959,2.01031,3.05751,-0.607682,3.89085,2.84365,0.225657,0.0298263,-11.3382,-0.218735,18.5579,701955,-29470,-243.381,3.51992e+06,89940.4,0.0550175,0.0143552,1.01539,-114.063,-8519.15,1.0179e+07,1.18204e+09,2.20304e+08,-2.19308e+08,3.51027e+06,359254,-413284
3.1,-5.91777,-2.27715,1.46294,1.13068,0.238103,-825.271,0.266783,-1.74916,1.88581,1.361,7.76777,-58394.1,2.02593,-14491.9,2.98528,-15.0994,-5.1087,1.04268e+06,3.91471,111450,3.50997,64.2639,-21.6743,-4.74988,-2.29062,-7.4784,-0.812346,-6.90135,-3.9482,-4.36291,-1.89978,-7.02202,-1.11929,-6.36839,-3.81239,-4.48953,-14483.8,111475,7.22865,-0.285472,-1.89902,0.208819,0.420543,0.2375,190.589,1.2847,-4922.59,3.90269,-32.0843,1.99664,-21.7901,3.04384,-6791.29,-0.621353,-114.849,3.88543,52.9617,2.83823,-31204.5,0.220239,-5.67311,52.4632,-38.506,-34.7746,17.6641,436.686,159.53,-208.131,64.9965,2693.46,1457.93,-827.394,553.446,1991.77,-5.46811e+07,-36517.1,19873.6,-1.04854e+06,1924.56,-394.547,183.561,0,-61.4723,-1518.33,-176.624,-5.62601,-18.9888,3.11927e+07,-77935.4,30746.5,1.01544e+07,8002.26,-787.299,-6.23181,141.314,7527.67,313.023,36.4579,-105.065,90.0758,-2.42023e+08,-152273,-42678.5,45747.1,-16699.3,-4.0126e+07,1.45993,0.122854,-0.336324,-0.714792,-4.12966,-10.2574,-513855,-724441,-676.465,4.7848e+06,5.57266e+06,3134.69,-9.68644,-0.96346,4.41005,-5.92614,-1.9918,-0.285472,0,2637,-5.55112e-17,3.34177e-14,4.44089e-16,5.68434e-14,1.1933e-12,4.82769e-12,-4.66116e-12,-2.08396e-11,5.39968e-11,-4.22915e-11,0,0.2375,0.337683,1.28469,-0.0108974,3.14159,1.99664,-4.34431,3.04384,-1358.26,-0.392699,3.88543,10.5889,2.83823,-6240.9,0.523599,0,0,0,1.4312,0.208819,0.2375,1.2847,3.90269,1.99664,3.04384,-0.621353,3.88543,2.83823,0.220239,0.0292831,-21.0079,18.0133,-4.45606,1.35381e+08,9149.43,-3339.86,-8.0252e+06,-9.68179e+06,0.0548758,0.0143076,1.01567,-117.509,-8621.82,1.10259e+07,3.17495e+07,5.94817e+06,-6.10989e+06,6.76912e+08,-4.96608e+07,4.89083e+07
3.12,-5.92787,-2.28287,1.46529,1.12414,0.245602,-825.286,0.280597,-1.74801,1.91617,1.35556,7.91491,-93567.8,2.01303,83034.8,2.65665,84.9823,28.0207,1.04269e+06,3.9126,-0.139614,0.441617,2.25131,0.547888,-4.75742,-2.28999,-7.49316,-0.820514,-6.90021,-3.95615,-4.37589,-1.89384,-7.04077,-1.13332,-6.36696,-3.82144,-4.60516,83009.5,-0.245885,7.39194,-0.290894,-1.94952,0.216873,0.52047,0.251868,195.512,1.29907,-5148.51,3.91706,142.962,1.9843,-98.2534,3.0315,42958.9,-0.633699,-114.503,3.88388,52.2564,2.83668,-140.435,0.218698,-5.91283,54.8004,-39.8372,-35.5962,17.7859,453.574,160.031,-207.799,65.1063,2321.64,1509.82,-814.436,554.646,2041.6,-5.97622e+07,-38577.5,19896.5,-1.11704e+06,-34031.3,1237.15,-35.7198,0,-730.94,-17933.5,-895.729,91.7769,133.193,1.26067e+09,387279,-33499.3,-5.84884e+07,7774.36,-808.65,-2.92968,134.272,7517.71,321.14,33.4271,-100.094,89.273,23635.7,-709.713,-190.384,197.541,-49.6752,-774.419,1.49229,0.117366,-0.3272,-0.743458,-4.07409,-10.5337,-1.75869e+06,4.15189e+06,4327.62,190.425,136.29,42.8814,-9.91993,6.74846,4.36621,-5.93625,-1.9921,-0.290894,0,2589,8.32667e-17,2.55906e-14,-4.44089e-16,-5.68434e-14,1.27396e-11,-2.03233e-11,2.22826e-11,-8.29564e-11,-1.13524e-10,1.48722e-10,0,0.251868,0.346392,1.29906,-0.0108945,3.14159,1.9843,-19.7857,3.03149,8591.79,-0.392699,3.88388,10.4493,2.83669,-28.0869,0.523599,0,0,0,1.43422,0.216873,0.251868,1.29907,3.91706,1.9843,3.0315,-0.633699,3.88388,2.83668,0.218698,0.0287291,-20.0157,17.8532,-0.00786091,5450.56,39.5082,-9.93503,-154.884,941.227,0.0547314,0.0142592,1.01592,-120.261,-8730.65,1.20456e+07,1.28445e+09,2.53917e+08,-2.52878e+08,32461.9,-4531.77,-2361.61
3.14,-5.93768,-2.2883,1.4675,1.11838,0.252639,-825.302,0.29725,-1.74662,1.95381,1.34867,8.10716,-420802,2.00178,-639260,2.76679,-346.064,-115.696,1.04269e+06,3.91289,-2.23134,2.95561,1.8214,2.86882,-4.76336,-2.29081,-7.50749,-0.82874,-6.89914,-3.96478,-4.38847,-1.88836,-7.05864,-1.14661,-6.36594,-3.82992,-4.75838,-639141,-2.14455,7.55479,-0.29604,-2.00462,0.22444,0.811235,0.269051,201.73,1.31625,-5385.61,3.93424,-316.925,1.97359,95.1413,3.02078,-171814,-0.644407,-71.8407,3.88469,19.7748,2.8375,-62.8263,0.219519,-6.15689,57.1833,-41.2869,-36.4705,17.9012,480.987,160.855,-206.43,65.3483,2074.76,1561.49,-790.804,556.917,2105.11,-6.53523e+07,-40476.7,19527.3,-1.18363e+06,-57509.9,-3108.7,544.198,0,-1251.13,-94036.5,925.316,-150.759,-268.582,2.08297e+10,-1.66063e+06,258158,4.68318e+08,-984.506,-741.257,144.867,38.5298,5253.78,261.238,-77.2861,-28.7119,48.8062,2780.26,-488.24,21.1404,46.3556,-19.6643,-282.044,1.52456,0.110364,-0.288125,-0.810752,-4.0067,-10.8808,-1.63617e+07,-3.19628e+07,-17224.7,168.967,31.7176,23.4091,-10.2302,-13.6019,2.38847,-5.94594,-1.99237,-0.29604,0,2543,1.11022e-16,3.99125e-14,8.88178e-16,1.13687e-13,-8.72591e-12,1.3328e-11,-1.81899e-11,-4.45298e-11,1.25372e-10,-9.48272e-11,0,0.269051,0.357517,1.31625,-0.0108883,3.14159,1.97359,18.8596,3.02078,-34362.9,-0.392699,3.88469,3.95405,2.83751,-12.5653,0.523599,0,0,0,1.43709,0.22444,0.269051,1.31625,3.93424,1.97359,3.02078,-0.644407,3.88469,2.8375,0.219519,0.028199,-5.74154,9.76048,-0.00313735,1165.7,9.27112,-3.93287,-56.4089,99.2153,0.0545934,0.0142129,1.01616,-125.649,-8886.47,1.31665e+07,2.04747e+10,4.15882e+09,-4.16293e+09,9813.38,-3909.79,606.449
3.16,-5.94648,-2.29453,1.46975,1.11367,0.259261,-825.317,0.31435,-1.74567,1.98809,1.34285,8.29156,-526710,1.98982,244396,3.71308,163.806,54.3203,1.06256e+06,3.91147,12215.7,2.80746,-12.3171,4.87209,-4.7679,-2.29315,-7.51998,-0.837073,-6.89792,-3.97304,-4.39996,-1.88435,-7.07498,-1.1603,-6.36452,-3.83896,-4.90754,244345,12213.7,7.71399,-0.30203,-2.0511,0.231546,0.948995,0.286635,206.873,1.33383,-5585.23,3.95182,171.307,1.9621,-108.83,3.0093,82326.1,-0.655898,-64.7366,3.88376,13.9201,2.83656,6987.9,0.218552,-6.40022,59.559,-42.6148,-37.3115,18.0509,497.308,160.947,-205.345,65.3631,1532.91,1607.52,-767.041,557.157,2156.25,-7.02432e+07,-42158.3,19083.5,-1.23985e+06,-43999.9,1566.8,-84.6797,0,-889.478,-27527.4,-1034.35,113.479,157.849,4.88977e+09,776038,-75679.7,-1.84724e+08,-1973.76,-744.281,173.797,34.102,4957.36,254.941,-99.5447,-25.4577,41.6585,-1.24572e+07,62734.6,-7136.91,-5355.41,3757.63,-4.35674e+06,1.55613,0.112403,-0.235049,-0.729319,-3.95978,-11.174,-5.29541e+06,1.22199e+07,8268.83,993186,610929,-694.475,-10.4862,7.99177,2.0397,-5.9548,-1.99262,-0.30203,0,2501,-5.55112e-17,7.10543e-15,-1.33227e-15,5.68434e-14,9.37614e-11,-1.33562e-10,1.45519e-10,3.16325e-11,3.99832e-11,-6.82121e-13,0,0.286635,0.366792,1.33383,-0.010893,3.14159,1.9621,-21.9954,3.00929,16465.2,-0.392699,3.88376,2.71839,2.83655,1397.58,0.523599,0,0,0,1.43978,0.231546,0.286635,1.33383,3.95182,1.9621,3.0093,-0.655898,3.88376,2.83656,0.218552,0.0277156,-5.04138,8.29673,41.0046,6.73997e+06,-1071.08,751.525,-871348,-496543,0.0544676,0.0141706,1.01645,-121.879,-8944.66,1.4147e+07,4.70815e+09,9.81362e+08,-9.79377e+08,3.37035e+07,-2.2048e+06,2.37101e+06
3.18,-5.9553,-2.30229,1.47223,1.10924,0.266275,-825.331,0.333596,-1.74462,2.02859,1.33566,8.52929,-552733,1.97842,-18598.6,2.52197,-23.3939,-7.88502,1.18155e+06,3.90934,81809.8,2.77791,47.354,-14.9574,-4.77169,-2.29708,-7.53301,-0.847724,-6.89619,-3.98252,-4.41169,-1.88127,-7.09172,-1.176,-6.36249,-3.84961,-5.10374,-18588.2,81827.5,7.88295,-0.309545,-2.07303,0.239042,1.03676,0.306363,213.263,1.35356,-5817.55,3.97155,-48.1948,1.95119,-20.3733,2.99838,-10920.8,-0.666813,-90.9072,3.88211,32.9937,2.83491,-22792.8,0.216874,-6.66334,62.1297,-43.58,-38.0695,18.3155,506.8,160.496,-205.059,66.0143,918.641,1660.26,-742.643,562.781,2220.23,-7.61655e+07,-44021.1,18588.9,-1.30337e+06,2727.48,-565.97,202.964,0,-63.0699,-2717.03,-182.427,-0.349423,-34.9447,8.87516e+07,-120245,33631.8,1.48183e+07,1633.52,-824.383,88.6251,60.59,6533.78,306.294,-36.4733,-45.3526,65.8317,-1.26785e+08,-152650,-13496.3,19663.5,-12198.9,-2.92978e+07,1.58965,0.124027,-0.221762,-0.729321,-3.90811,-11.5356,-1.30112e+06,-929780,-1091.19,5.94989e+06,4.09063e+06,2289.2,-10.7872,-1.76555,3.21868,-5.96368,-1.99286,-0.309545,0,2459,8.32667e-17,5.63438e-14,-4.44089e-16,-1.13687e-13,-7.94724e-11,-6.54805e-11,-7.16227e-12,-1.38729e-10,2.66393e-10,-4.13138e-10,0,0.306363,0.378381,1.35356,-0.0108972,3.14159,1.95119,-4.03315,2.99838,-2184.15,-0.392699,3.88211,7.23512,2.83487,-4558.56,0.523599,0,0,0,1.44251,0.239042,0.306363,1.35356,3.97155,1.95119,2.99838,-0.666813,3.88211,2.83491,0.216874,0.0272328,-9.61999,13.5083,816.807,7.22104e+07,3932.7,-2439.78,-5.85956e+06,-5.0746e+06,0.054342,0.0141285,1.01682,-123.767,-9086.99,1.53355e+07,8.23219e+07,1.72925e+07,-1.75531e+07,3.61057e+08,-2.62874e+07,2.57378e+07
3.2,-5.96358,-2.31013,1.47483,1.10657,0.272837,-825.342,0.352927,-1.74403,2.07043,1.32778,8.81346,-553376,1.96968,3967.38,2.85358,2.98944,0.814159,1.18156e+06,3.91027,1.29635,2.79638,1.9857,0.426354,-4.77467,-2.30168,-7.54578,-0.859209,-6.89417,-3.99356,-4.42277,-1.87899,-7.10737,-1.19132,-6.36061,-3.86009,-5.34546,3969.42,3.66638,8.07284,-0.317154,-2.11035,0.246063,1.21507,0.326154,220.32,1.37335,-6081.57,3.99135,0.219871,1.94291,-40.6944,2.9901,2192.24,-0.675078,-70.9144,3.8835,17.2403,2.8363,-155.311,0.218336,-6.96767,65.0862,-45.0211,-39.0637,18.6116,526.163,161.176,-205.027,66.7529,334.056,1723.95,-718.308,569.191,2291.42,-8.31885e+07,-46285.8,18110.7,-1.37737e+06,-436.917,-86.9152,138.121,0,-109.008,-482.751,-391.688,28.5131,7.18945,3.12119e+06,10049.2,15574.1,-2.92461e+06,-1718.16,-801.179,164.749,36.7251,5565.97,276.44,-93.5916,-27.4571,46.6283,576.951,-1361.77,101.226,114.559,-69.8907,-1855.61,1.62733,0.129965,-0.133425,-0.55049,-3.87929,-11.932,-32172.4,198520,227.974,552.8,207.972,24.8625,-11.1075,0.36209,2.27557,-5.97213,-1.99309,-0.317154,0,2419,-2.77556e-17,-5.32907e-15,-4.44089e-16,0,-7.84034e-11,-2.28413e-11,7.37543e-11,3.01235e-11,-5.74852e-11,2.23332e-11,0,0.326154,0.391128,1.37335,-0.0109012,3.14159,1.94291,-8.12511,2.99011,438.448,-0.392699,3.8835,3.44484,2.83633,-31.0622,0.523599,0,0,0,1.44545,0.246063,0.326154,1.37335,3.99135,1.94291,2.9901,-0.675078,3.8835,2.8363,0.218336,0.0267735,-5.48877,9.32348,-0.0347056,4357.31,22.9118,-13.9781,-371.121,-15.0195,0.0542226,0.0140884,1.0172,-115.356,-9201.66,1.67432e+07,3.45259e+06,712934,-658451,25781.8,-8138.7,2657.75
3.22,-5.97246,-2.31881,1.47756,1.10422,0.279749,-825.353,0.374195,-1.74311,2.12181,1.31749,9.17391,-581240,1.96162,-21207.5,3.10034,-24.9661,-8.50272,1.18156e+06,3.91123,-9.88504,3.19143,-0.287867,0.308052,-4.7775,-2.3071,-7.55966,-0.872283,-6.8922,-4.00543,-4.43466,-1.87702,-7.12395,-1.20792,-6.35876,-3.87147,-5.65362,-21195.9,-7.00166,8.28178,-0.325592,-2.11324,0.253457,1.35029,0.347903,229.645,1.3951,-6428.22,4.01309,-45.8985,1.93533,-23.8945,2.98252,-11714.6,-0.682673,122.933,3.88494,-128.318,2.83774,162.188,0.219748,-7.31026,68.4184,-45.991,-39.9625,19.0919,538.981,161.482,-206.355,68.523,-259.925,1803.94,-694.334,584.488,2386.95,-9.28825e+07,-49165.7,17660.7,-1.47528e+06,2841.18,-562.087,204.95,0,-67.766,-2477.78,-228.252,6.60021,-33.9607,1.05752e+08,-134321,37841,1.78084e+07,43062.8,-301.517,851.744,1011.6,-8635.66,-110.357,-606.514,-755.4,-135.129,73418.1,82.6044,804.989,1137.23,48.2881,680.628,1.66881,0.136801,-0.117656,-0.533332,-3.83496,-12.4494,-1.39321e+06,-1.06023e+06,-1169.8,48.509,-351.05,-81.267,-11.5467,-1.70564,-6.58493,-5.98102,-1.99333,-0.325592,0,2377,0,4.05787e-14,4.44089e-16,-3.41061e-13,3.86726e-11,3.52804e-11,-3.41061e-13,-2.56586e-10,3.18241e-10,-3.61752e-10,0,0.347903,0.4079,1.3951,-0.0108998,3.14159,1.93533,-4.73598,2.98252,-2342.92,-0.392699,3.88494,-25.6639,2.83774,32.4377,0.523599,0,0,0,1.44854,0.253457,0.347903,1.3951,4.01309,1.93533,2.98252,-0.682673,3.88494,2.83774,0.219748,0.0262919,-151.082,-27.026,-0.000808862,11359.9,227.447,9.65761,136.126,2920.04,0.0540975,0.0140464,1.01761,-117.701,-9464.45,1.86879e+07,9.46915e+07,2.06605e+07,-2.09401e+07,38278.1,27891.3,-17098
3.24,-5.98055,-2.32774,1.48038,1.10322,0.286314,-825.361,0.395075,-1.74255,2.17414,1.30198,7.84853,-696577,1.9553,1.49348e+06,5.69985,1416.98,468.722,1.18267e+06,3.91054,823.73,3.16846,-3.09068,1.92134,-4.77947,-2.313,-7.5729,-0.88605,-6.8902,-4.01646,-4.44569,-1.87587,-7.13932,-1.22444,-6.35666,-3.8829,-4.27534,1.49301e+06,824.977,8.50895,-0.334307,-2.12388,0.260469,1.53153,0.36923,239.625,1.41643,-5017.16,4.03442,1981.99,1.92945,-793.251,2.97665,706064,-0.688544,-101.239,3.8847,38.299,2.8375,2434.88,0.219463,-7.69402,72.1368,-47.2604,-41.0237,19.6136,558.049,162.618,-208.046,70.4186,-875.926,1896.97,-671.022,600.963,2489.75,-5.70231e+07,-38712.4,12694.7,-854968,-3.26005e+06,20804.1,-2716.71,0,-60031.3,-3.92364e+06,-8344.73,1117.31,1756.17,3.86758e+11,7.42726e+06,-993296,-1.25845e+09,2716.07,-941.922,73.8856,73.4316,7742.02,353.554,-25.6925,-54.8819,74.4402,-1.81179e+06,16987.7,2006,-2249.88,1326.44,-297035,1.71393,0.140865,-0.049822,-0.383855,-3.80902,-13.1509,-5.76686e+06,7.4674e+07,70927.5,55048.8,41329.6,-233.485,-12.0202,87.9933,3.62136,-5.98929,-1.99354,-0.334307,0,2338,8.32667e-17,3.08642e-14,-1.77636e-15,0,-6.81329e-10,-1.27195e-09,1.19326e-09,-1.23252e-11,-3.4726e-11,-1.00869e-10,0,0.36923,0.425698,1.41643,-0.0109374,3.14159,1.92945,-160.912,2.97665,141213,-0.392699,3.8847,7.58944,2.83746,486.975,0.523599,0,0,0,1.45172,0.260469,0.36923,1.41643,4.03442,1.92945,2.97665,-0.688544,3.8847,2.8375,0.219463,0.0258452,-10.9119,14.8513,8.72043,796360,-449.977,265.289,-59407,-72013,0.0539816,0.0140074,1.01805,-112.014,-9712.63,1.14907e+07,3.46173e+11,7.73817e+10,-7.73639e+10,3.98696e+06,-265801,321204
3.26,-5.98813,-2.33768,1.48334,1.10284,0.292913,-825.367,0.416783,-1.74192,2.23384,1.23656,5.48162,-768791,1.95201,341899,7.82436,398.974,132.138,1.1907e+06,3.90871,22438.3,2.80482,13.1476,-3.65765,-4.78049,-2.31997,-7.58661,-0.902239,-6.88774,-4.02787,-4.45628,-1.87569,-7.15415,-1.24205,-6.35396,-3.89529,-1.84811,341775,22444.7,8.75256,-0.344052,-2.11023,0.267479,1.72634,0.39135,251.648,1.43855,-1382.11,4.05654,679.384,1.92658,-298.868,2.97378,199114,-0.69142,-38.3542,3.88328,-9.5229,2.83608,-5799.84,0.218049,-8.11774,76.2317,-48.1934,-42.0216,20.2781,576.175,163.85,-210.655,73.1343,-1450.36,2008.29,-646.547,624.337,2613.93,-4.68667e+06,-10764.2,3187.91,-57432.4,-424143,7248.98,-859.537,0,-7631.78,-467550,-3211.38,414.998,606.128,3.09158e+10,2.13806e+06,-273605,-2.90797e+08,-3993.73,-783.223,308.51,57.4994,3815.89,219.931,-201.394,-43.0729,15.2954,-9.26343e+06,-136127,58483.4,20444.1,-3104.6,-8.16517e+06,1.76232,0.14798,-0.018957,-0.337699,-3.77932,-15.5655,-3.61068e+06,1.70951e+07,20027.2,401686,1.12206e+06,578.874,-12.6012,30.3204,0.742825,-5.99692,-1.99374,-0.344052,0,2302,-2.77556e-17,5.51226e-14,-4.88498e-15,2.84217e-14,-6.13305e-11,1.81455e-10,-1.23691e-10,-1.54079e-10,-4.75271e-11,1.74282e-10,0,0.39135,0.447346,1.43854,-0.0114653,3.14159,1.92658,-60.3549,2.97377,39822.9,-0.392699,3.88328,-1.75086,2.83604,-1159.97,0.523599,0,0,0,1.45495,0.267479,0.39135,1.43855,4.05654,1.92658,2.97378,-0.69142,3.88328,2.83608,0.218049,0.0254333,-9.15847,3.1419,216.766,4.64687e+06,4088.82,-620.92,-1.63303e+06,-374788,0.0538747,0.0139715,1.01854,-113.544,-10087.5,960808,2.75509e+10,6.19156e+09,-6.18668e+09,2.32365e+07,-2.10635e+06,1.96683e+06
3.28,-5.9953,-2.34727,1.48629,1.10358,0.299173,-825.372,0.437735,-1.74155,2.29521,1.1573,5.28104,-896320,1.9505,-66240.3,3.01593,-77.0053,-21.1543,1.191e+06,3.90974,-1365.8,3.13968,-5.31506,2.6077,-4.78121,-2.32667,-7.60012,-0.918499,-6.88502,-4.0403,-4.46638,-1.8757,-7.16816,-1.25896,-6.35138,-3.90714,-1.58579,-66216.1,-1365.27,9.01953,-0.353456,-2.0972,0.274128,1.93226,0.412691,264.603,1.45989,-803.662,4.07788,-130.957,1.92546,4.48403,2.97266,-37607.3,-0.692536,68.6875,3.88469,-90.5991,2.8375,3217.39,0.219497,-8.59723,80.8535,-49.3097,-43.1581,21.0279,598.352,165.806,-213.988,76.1566,-2059.13,2138.38,-623.209,650.292,2747.72,-1.69796e+06,-6346.29,1687.24,-17009.6,1439,-1546.99,350.365,0,-153.564,-17298.5,68.1565,-35.2999,-110.459,1.11084e+09,-431412,79902.7,5.70049e+07,17004.3,-449.285,709.236,510.776,-4001.62,-49.0283,-500.629,-382.132,-85.2153,-1.61339e+06,-1246.89,19811.7,18072.6,1700.38,449594,1.81538,0.14773,0.0366867,-0.206961,-3.76172,-18.5142,-6.37646e+06,-3.31186e+06,-3771.76,14982.8,-68146.8,-343.936,-13.2192,-5.51431,-4.13223,-6.00414,-1.99392,-0.353456,0,2268,2.77556e-17,-6.47815e-14,1.24345e-14,-9.9476e-14,-3.88867e-12,-6.06248e-11,1.40062e-10,-2.37541e-11,-8.74847e-11,3.4845e-11,0,0.412691,0.470734,1.45988,-0.0123266,3.14159,1.92546,0.88244,2.97266,-7521.45,-0.392699,3.88469,-18.1337,2.83749,643.478,0.523599,0,0,0,1.4583,0.274128,0.412691,1.45989,4.07788,1.92546,2.97266,-0.692536,3.88469,2.8375,0.219497,0.0250447,-76.5039,-17.0506,-1.88797,1.51616e+06,3614.52,340.076,89918.8,-64426.9,0.053774,0.0139377,1.01901,-109.556,-10467.6,353027,9.80094e+08,2.20606e+08,-2.21505e+08,7.57107e+06,-188989,270754
3.3,-6.00301,-2.3567,1.48916,1.10448,0.305328,-825.376,0.458687,-1.74092,2.36386,1.13434,5.33507,-993559,1.94786,-228289,2.50268,-283.386,-95.1318,1.191e+06,3.91195,-1.7553,3.04691,2.00731,0.836364,-4.78233,-2.3332,-7.6136,-0.934034,-6.8828,-4.05311,-4.47701,-1.87573,-7.18254,-1.27563,-6.34947,-3.91873,-1.57054,-228191,0.455248,9.30516,-0.362692,-2.0622,0.280706,2.15972,0.434065,279.688,1.48126,-849.97,4.09926,-507.961,1.92324,143.474,2.97044,-140215,-0.694747,-98.8099,3.88733,33.5184,2.84013,-88.1753,0.222174,-9.12445,85.9523,-50.0794,-44.234,21.9196,621.441,168.059,-218.192,79.9765,-2606.77,2292.88,-598.595,683.002,2903.96,-1.89815e+06,-6818.56,1608.35,-17996.9,-129484,-5890.45,952.742,0,-2806.51,-261288,1655.03,-254.003,-444.636,1.54857e+10,-1.61264e+06,241468,1.97328e+08,813.073,-1053.98,113.357,64.0332,8480.66,381.198,-54.1843,-47.7732,71.6418,8273.18,-721.301,-48.6381,73.7174,-26.7238,-378.656,1.87217,0.143397,0.0452209,-0.203719,-3.73103,-19.663,-4.86197e+06,-1.14143e+07,-14090.8,190.126,55.4726,33.2093,-13.9532,-22.1631,3.47226,-6.012,-1.99412,-0.362692,0,2231,1.94289e-16,3.98015e-14,-5.77316e-15,1.42109e-14,-2.48582e-10,3.93594e-10,-4.56566e-10,-7.23487e-11,-1.65214e-10,2.53163e-10,0,0.434065,0.498059,1.48126,-0.0124736,3.14159,1.92324,28.2378,2.97044,-28042.9,-0.392699,3.88733,6.70054,2.84017,-17.6351,0.523599,0,0,0,1.46167,0.280706,0.434065,1.48126,4.09926,1.92324,2.97044,-0.694747,3.88733,2.84013,0.222174,0.0246223,-9.5515,14.3258,-0.00978072,2401.31,14.7435,-5.34477,-75.7312,309.801,0.0536645,0.0139009,1.01946,-114.653,-10970.2,393828,1.36485e+10,3.09136e+09,-3.09468e+09,17282.5,-5067.02,-41.7421
3.32,-6.01047,-2.36585,1.49191,1.10476,0.31158,-825.375,0.473552,-1.74051,2.41659,1.11699,5.37754,-1.09554e+06,1.94448,-48354.2,3.00792,-63.0704,-21.3003,1.2759e+06,3.91468,62295.5,2.8371,34.022,-10.5055,-4.786,-2.33731,-7.62664,-0.949125,-6.88015,-4.06578,-4.48751,-1.87535,-7.19674,-1.29218,-6.34717,-3.93003,-1.55987,-48329.9,62308.8,9.59878,-0.371663,-2.01368,0.287357,1.86849,0.449328,291.768,1.49653,-894.547,4.11452,-116.664,1.92026,-3.50307,2.96746,-30665.7,-0.697736,-68.3555,3.89046,9.62539,2.84326,-16183.6,0.225214,-9.68336,91.3581,-50.5115,-45.2131,22.8714,607.875,168.285,-224.901,83.4942,-3892.85,2453.08,-595.726,713.522,3028.8,-2.09624e+06,-7367.32,1605.42,-19119.3,3264.07,-1470.25,353.113,0,-127.604,-13848,-21.498,-24.7527,-99.0594,7.48037e+08,-373713,72174.2,4.25006e+07,-3483.29,-976.81,236.917,42.7194,6312.07,300.243,-145.363,-31.7626,43.1585,-6.67181e+07,-188024,26137.7,14969.7,-8660.92,-2.25264e+07,1.93056,0.137373,0.0140591,0.0262012,-3.71319,-20.549,-5.09898e+06,-2.41756e+06,-3075.01,4.24477e+06,3.11492e+06,1622.59,-14.5451,-4.9356,2.09356,-6.01944,-1.9943,-0.371663,0,2196,2.77556e-16,3.58602e-14,2.22045e-15,4.26326e-14,2.56763e-11,-1.1598e-10,1.3415e-10,1.9318e-11,2.16082e-10,-2.91266e-10,0,0.449328,0.519382,1.49653,-0.0127769,3.14159,1.92026,-0.624995,2.96746,-6133.14,-0.392699,3.89046,2.48233,2.84321,-3236.72,0.523599,0,0,0,1.46494,0.287357,0.449328,1.49653,4.11452,1.92026,2.96746,-0.697736,3.89046,2.84326,0.225214,0.0242231,-6.86876,8.93122,775.198,3.63445e+07,2993.93,-1732.18,-4.50528e+06,-2.67382e+06,0.0535612,0.0138662,1.01991,-101.432,-11223.1,434240,6.51381e+08,1.48333e+08,-1.49066e+08,1.81726e+08,-1.40181e+07,1.36281e+07
3.34,-6.01692,-2.37503,1.49456,1.10463,0.317855,-825.371,0.483846,-1.74062,2.46636,1.0879,5.38849,-1.16356e+06,1.94248,-31552.7,3.04952,-44.3887,-15.076,1.32186e+06,3.91426,44858.1,2.87708,26.5235,-8.43075,-4.79078,-2.33999,-7.63911,-0.964907,-6.87683,-4.07682,-4.49707,-1.87498,-7.2099,-1.30882,-6.34379,-3.94129,-1.52115,-31534.5,44869.4,9.89491,-0.380683,-1.96941,0.293986,1.70492,0.459976,304.687,1.50717,-882.452,4.12517,-86.8143,1.91861,-15.6893,2.96581,-21373.1,-0.699387,-60.1411,3.89039,2.48876,2.84319,-12453.6,0.225153,-10.265,96.9764,-50.927,-46.1852,23.7962,605.387,169.975,-232.383,87.5766,-4678.72,2635.65,-603.148,748.198,3161.35,-2.05481e+06,-7485.89,1530.77,-17622.1,4373.44,-1151.75,315.291,0,-92.7778,-7776.9,-168.874,-5.30311,-73.1654,3.65233e+08,-271301,57716.8,2.80035e+07,-4187.65,-976.133,279.758,46.6547,5773.2,278.114,-177.011,-34.707,35.4267,-3.99023e+07,-171443,36453.1,15329.9,-6664.25,-1.62502e+07,1.98948,0.132664,-0.00669889,0.185369,-3.71739,-21.8653,-3.40082e+06,-1.57748e+06,-2140.93,2.29821e+06,2.24305e+06,1247.67,-15.1956,-3.64671,1.71942,-6.02604,-1.99446,-0.380683,0,2165,0,-7.13873e-14,8.88178e-16,-4.26326e-14,4.98517e-11,2.82105e-10,-2.69665e-10,-4.36828e-12,7.24617e-11,-8.21956e-11,0,0.459976,0.543167,1.50717,-0.0130808,3.14159,1.91861,-3.0706,2.9658,-4274.63,-0.392699,3.89039,0.874775,2.84315,-2490.71,0.523599,0,0,0,1.46804,0.293986,0.459976,1.50717,4.12517,1.91861,2.96581,-0.699387,3.89039,2.84319,0.225153,0.0238699,-7.40645,7.28813,491.864,2.15041e+07,3065.98,-1332.85,-3.25003e+06,-1.60069e+06,0.0534697,0.0138354,1.02036,-93.2311,-11607.9,425771,3.16031e+08,7.21575e+07,-7.26681e+07,1.07524e+08,-8.50288e+06,8.20279e+06
3.36,-6.02436,-2.38445,1.49713,1.10289,0.324824,-825.373,0.496954,-1.74104,2.53198,1.05945,5.42657,-1.16397e+06,1.941,4511.82,3.46501,2.26452,0.529014,1.4346e+06,3.91443,75070.7,3.05883,41.0969,-12.8308,-4.79562,-2.34264,-7.65345,-0.982039,-6.8733,-4.08866,-4.50803,-1.87382,-7.22474,-1.32658,-6.34031,-3.95294,-1.49403,4514.75,75086.6,10.2044,-0.389924,-1.9091,0.301353,2.00834,0.473483,321.28,1.52068,-915.149,4.13868,1.06836,1.91753,-48.9657,2.96473,1816.4,-0.700457,-79.1272,3.89096,15.5259,2.84376,-19717.7,0.225819,-10.8883,103.028,-50.8586,-47.0111,24.7722,637.467,174.135,-238.977,92.9921,-4510.75,2848.55,-594.729,789.678,3316.4,-2.2206e+06,-7968.3,1476.64,-17948.6,-553.636,-96.099,175.533,0,-119.416,-554.275,-585.759,51.5505,4.18368,1.51398e+06,1327.38,31040,-3.54371e+06,-3112.42,-1095.87,222.124,47.7658,7568.29,343.808,-133.909,-35.5257,53.2213,-9.84517e+07,-217507,16090.7,16539.7,-10554.3,-2.71174e+07,2.05107,0.12818,-0.0869526,-0.0831028,-3.71133,-23.25,-20553.7,225740,191.74,5.63678e+06,3.75368e+06,1976.34,-16.0244,0.208386,2.58209,-6.0335,-1.99463,-0.389924,0,2130,-2.498e-16,4.32987e-15,-2.66454e-15,0,-2.36765e-10,5.62461e-11,-2.15948e-10,-1.17998e-10,2.68441e-10,-1.78602e-10,0,0.473483,0.57998,1.52068,-0.0130118,3.14159,1.91753,-9.78431,2.96473,363.28,-0.392699,3.89096,2.41214,2.84381,-3943.55,0.523599,0,0,0,1.47109,0.301353,0.473483,1.52068,4.13868,1.91753,2.96473,-0.700457,3.89096,2.84376,0.225819,0.0234715,-6.52303,10.2717,-952.357,5.39425e+07,3307.94,-2110.85,-5.42348e+06,-3.94393e+06,0.0533667,0.0138008,1.02081,-121.609,-12368.2,459592,2.40861e+06,375072,-329231,2.69717e+08,-2.05105e+07,2.00352e+07
3.38,-6.03271,-2.39382,1.49958,1.10112,0.331964,-825.377,0.511927,-1.73892,2.61101,1.02917,5.47885,-1.18101e+06,1.93741,-14300.6,5.34094,-22.11,-7.50352,1.62957e+06,3.91306,131155,3.41093,64.3321,-22.5007,-4.80061,-2.34545,-7.66808,-0.998456,-6.87065,-4.09943,-4.52007,-1.87238,-7.24062,-1.34455,-6.33746,-3.96453,-1.46518,-14287.7,131180,10.5284,-0.399095,-1.87775,0.308936,2.36156,0.488898,341.173,1.5361,-974.45,4.15409,-44.2756,1.91438,-33.7015,2.96158,-10303.7,-0.703621,-104.708,3.89003,33.4966,2.84283,-31276,0.224806,-11.5578,109.562,-51.4042,-48.0688,25.6491,679.993,178.884,-244.354,97.5923,-5013.65,3107.74,-588.639,834.882,3546.54,-2.51224e+06,-8728.86,1458.15,-19147,3501.86,-675.398,260.713,0,-85.4823,-2249.35,-407.993,26.1161,-36.6297,8.59131e+07,-145212,40977.5,1.30626e+07,-176.949,-1261.88,138.676,69.6033,10294.1,443.402,-72.0519,-51.8568,76.9719,-2.44423e+08,-295665,-16370.4,26453.6,-16741.1,-4.71774e+07,2.11556,0.122584,-0.0885724,-0.217293,-3.63867,-24.7676,-851991,-714880,-1027,9.7485e+06,6.55787e+06,3138.1,-17.0105,-1.82262,3.73117,-6.04181,-1.99483,-0.399095,0,2091,-1.11022e-16,6.00631e-14,2.88658e-15,1.42109e-14,-9.31486e-11,7.63389e-12,6.68479e-11,-1.05723e-10,-2.49091e-10,2.3897e-10,0,0.488898,0.607977,1.53609,-0.0131111,3.14159,1.91438,-6.70406,2.96157,-2060.75,-0.392699,3.89003,7.38153,2.8428,-6255.21,0.523599,0,0,0,1.4741,0.308936,0.488898,1.5361,4.15409,1.91438,2.96158,-0.703621,3.89003,2.84283,0.224806,0.0230281,-10.9489,15.7608,1027.97,1.35856e+08,5290.72,-3348.23,-9.43548e+06,-9.78388e+06,0.0532521,0.0137623,1.02125,-137.937,-13079.7,518915,7.30752e+07,1.67509e+07,-1.69962e+07,6.79287e+08,-5.01739e+07,4.94199e+07
3.4,-6.04006,-2.4024,1.50188,1.10041,0.338394,-825.375,0.521779,-1.73929,2.65639,1.00888,5.503,-1.241e+06,1.93517,-36907.1,3.32895,-40.446,-13.5766,1.95906e+06,3.91135,356617,3.13352,132.129,-43.3741,-4.80666,-2.34705,-7.68138,-1.01388,-6.86812,-4.10907,-4.5308,-1.87124,-7.25469,-1.36091,-6.3347,-3.97503,-1.44431,-36890.1,356664,10.8543,-0.407502,-1.86074,0.315763,2.15056,0.499148,352.756,1.54635,-997.813,4.16434,-59.6603,1.91254,-29.4906,2.95974,-19450.7,-0.705443,-154.178,3.88872,69.3688,2.84153,-65094.7,0.22354,-12.2531,116.34,-52.3109,-49.2601,26.4945,676.737,180.769,-251.528,100.987,-6489.63,3321.11,-596.798,862.246,3657.69,-2.63576e+06,-9244.56,1459.08,-19371.8,4438.49,-893.814,295.07,0,-86.9633,-3795.58,-364.053,18.9503,-50.7711,3.07512e+08,-273749,66929.9,3.36675e+07,10908.4,-1567.85,-37.0862,178.474,16180.2,647.039,58.9306,-133.254,123.029,-1.04969e+09,-528176,-111307,88412,-34858.6,-1.27877e+08,2.18046,0.115026,-0.0354323,0.136908,-3.64812,-25.7566,-2.99948e+06,-1.8452e+06,-1943.79,1.64745e+07,1.7831e+07,6527.94,-17.5887,-2.52725,5.96531,-6.04928,-1.995,-0.407502,0,2056,-2.22045e-16,-6.64468e-14,9.99201e-15,-1.13687e-13,7.41628e-11,2.75135e-11,-9.02673e-11,-8.55935e-11,1.79676e-10,-1.6189e-10,0,0.499148,0.631311,1.54635,-0.0134978,3.14159,1.91254,-5.98719,2.95975,-3890.13,-0.392699,3.88872,13.5082,2.84153,-13018.9,0.523599,0,0,0,1.47695,0.315763,0.499148,1.54635,4.16434,1.91254,2.95974,-0.705443,3.88872,2.84153,0.22354,0.0226306,-26.1541,24.4095,-717.276,5.88367e+08,17682.4,-6971.72,-2.55753e+07,-4.19989e+07,0.0531494,0.0137278,1.02166,-110.26,-13217.9,543905,2.61311e+08,6.06925e+07,-6.11572e+07,2.94184e+09,-2.12604e+08,2.11036e+08
3.42,-6.04689,-2.41133,1.5041,1.09928,0.344525,-825.367,0.525243,-1.74032,2.69406,0.98742,5.51879,-1.25774e+06,1.93502,25861.3,0.0762172,33.2283,10.7256,2.11563e+06,3.91046,107173,3.25969,60.0453,-19.1224,-4.81513,-2.3477,-7.69451,-1.03021,-6.86543,-4.11927,-4.54091,-1.87093,-7.26788,-1.37732,-6.33188,-3.98575,-1.42346,25850.6,107195,11.1779,-0.416286,-1.81497,0.322258,1.79305,0.502975,364.391,1.55017,-1014.53,4.16817,63.3635,1.91275,-74.974,2.95995,17195.1,-0.705251,-110.402,3.88819,35.5928,2.84099,-29127.9,0.222974,-12.9635,123.268,-52.434,-50.1757,27.4415,656.261,182.264,-261.322,105.5,-7412.84,3552.57,-624.792,897.793,3766,-2.73185e+06,-9740.39,1505.52,-19334.9,-10608.7,732.411,78.1146,0,-247.351,-5419.53,-983.511,102.436,58.09,2.35987e+08,215086,-5986.51,-2.29944e+07,-248.041,-1390.71,141.021,75.1894,11522.4,488.939,-74.1021,-56.2015,81.9741,-2.0935e+08,-290726,-17693.8,25026.8,-15589.8,-3.84239e+07,2.24491,0.111034,-0.0564364,0.382093,-3.68474,-26.7898,-837105,1.29321e+06,1739.92,7.82868e+06,5.35877e+06,2923.76,-18.1856,2.89463,3.978,-6.05612,-1.99515,-0.416286,0,2024,1.11022e-16,-6.86673e-14,1.86517e-14,-1.56319e-13,2.69481e-10,-7.0318e-11,2.63526e-10,1.13287e-10,-2.36938e-10,1.01636e-10,0,0.502975,0.656646,1.55017,-0.0136848,3.14159,1.91275,-15.0937,2.95994,3439.02,-0.392699,3.88819,7.64876,2.84097,-5825.57,0.523599,0,0,0,1.47961,0.322258,0.502975,1.55017,4.16817,1.91275,2.95995,-0.705251,3.88819,2.84099,0.222974,0.0222675,-11.6963,16.6797,698.56,1.17867e+08,5005.37,-3117.97,-7.68478e+06,-8.38027e+06,0.0530556,0.0136963,1.02209,-91.588,-13525.3,563440,2.0664e+08,4.79135e+07,-4.74966e+07,5.89341e+08,-4.30703e+07,4.23675e+07
3.44,-6.05292,-2.41972,1.50622,1.10026,0.34967,-825.35,0.521969,-1.74325,2.7168,0.968205,5.52821,-1.34194e+06,1.93598,386475,1.47457,499.035,164.059,2.2708e+06,3.90728,118946,2.48492,68.5053,-21.9325,-4.82551,-2.34744,-7.70618,-1.0453,-6.86377,-4.1274,-4.54974,-1.87158,-7.27921,-1.392,-6.32981,-3.99558,-1.41306,386313,118970,11.5057,-0.424534,-1.80517,0.327731,1.5956,0.50003,375.325,1.54723,-1032.22,4.16523,905.222,1.91404,-380.742,2.96124,248800,-0.703952,-126.908,3.88534,47.0217,2.83815,-33327.4,0.220123,-13.7051,130.492,-53.5469,-51.4554,28.302,660.967,186.58,-272.322,110.324,-7242.26,3798.97,-671.967,935.048,3866.16,-2.83774e+06,-10295.4,1609.04,-19410.8,-615919,12321.6,-1482.05,0,-10218.9,-882434,-5210.54,671.259,805.505,4.99074e+10,3.40306e+06,-434900,-3.46864e+08,2363.85,-1537.17,89.0975,99.3803,13744,573.753,-35.4643,-74.5793,97.1516,-2.69459e+08,-321955,-35733.6,31993.6,-17838.7,-4.24487e+07,2.31021,0.105864,0.0491056,0.852652,-3.81297,-27.7215,-4.21021e+06,1.93239e+07,25030.3,7.75828e+06,5.94744e+06,3346.77,-18.7487,40.1629,4.71236,-6.06232,-1.99529,-0.424534,0,1995,-2.77556e-17,2.86993e-14,-6.88338e-15,0,-1.51668e-09,-2.89523e-09,2.64481e-09,3.54393e-10,7.25633e-10,-8.70159e-10,0,0.50003,0.681901,1.54723,-0.0135568,3.14159,1.91404,-75.7048,2.96124,49760.1,-0.392699,3.88534,10.0734,2.83812,-6665.48,0.523599,0,0,0,1.48216,0.327731,0.50003,1.54723,4.16523,1.91404,2.96124,-0.703952,3.88534,2.83815,0.220123,0.0219388,-15.5587,19.7899,850.946,1.54365e+08,6398.71,-3567.75,-8.48974e+06,-1.07855e+07,0.0529708,0.0136677,1.02249,-50.9661,-13936.3,584748,4.30175e+10,9.99197e+09,-9.98581e+09,7.71831e+08,-5.52655e+07,5.44611e+07
3.46,-6.05888,-2.42917,1.50833,1.10006,0.354576,-825.329,0.511328,-1.74614,2.73592,0.946447,5.53252,-1.72392e+06,1.93516,-1.9488e+06,1.33875,-1332.47,-444.822,2.46801e+06,3.9029,1.2314e+06,0.680914,485.685,-157.356,-4.83923,-2.34657,-7.71688,-1.06043,-6.86257,-4.13585,-4.55841,-1.87366,-7.2902,-1.40748,-6.32803,-4.00637,-1.40114,-1.94835e+06,1.23156e+06,11.8376,-0.433854,-1.73535,0.332954,1.07729,0.489706,387.821,1.5369,-1051.69,4.1549,-1274.52,1.91354,405.63,2.96073,-663591,-0.704459,-549.506,3.88127,365.161,2.83408,-241076,0.216052,-14.4757,138.009,-53.0087,-52.1864,29.409,620.976,189.307,-288.128,117.251,-6334.63,4085.09,-752.876,991.285,3990.16,-2.95791e+06,-10924,1796.58,-19480.5,-816843,-18097,2638.74,0,-15992.9,-1.7278e+06,5743.2,-811.208,-1131.22,3.57054e+11,-9.39002e+06,1.31971e+06,1.75941e+09,343968,-4149.72,-1567.37,4095.94,99043.5,2521.35,1214.44,-3090.66,494.869,-1.3784e+10,-1.64795e+06,-813583,1.87732e+06,-129124,-4.36185e+08,2.37635,0.1056,-0.00993933,1.06183,-3.94633,-28.7761,-1.90989e+07,-9.74399e+07,-66545,9.8604e+06,6.15704e+07,24205.7,-19.4037,-56.4209,23.9838,-6.06831,-1.99542,-0.433854,0,1967,-1.94289e-16,5.85088e-14,-1.06581e-14,-1.42109e-14,2.00126e-10,-5.03022e-10,3.4197e-10,6.80426e-10,-7.945e-10,1.13687e-09,0,0.489706,0.708307,1.53691,-0.0131048,3.14159,1.91354,82.009,2.96073,-132718,-0.392699,3.88127,78.0419,2.83405,-48215.2,0.523599,0,0,0,1.4846,0.332954,0.489706,1.5369,4.1549,1.91354,2.96073,-0.704459,3.88127,2.83408,0.216052,0.0216217,-657.149,101.663,9050.57,8.07875e+09,375465,-25824.8,-8.72371e+07,-5.51394e+08,0.052889,0.0136402,1.02295,-32.6636,-14687.3,609256,3.05461e+11,7.13835e+10,-7.13991e+10,4.03937e+10,-2.76665e+09,2.76083e+09
3.48,-6.06467,-2.43981,1.5105,1.10084,0.359434,-825.299,0.494547,-1.75037,2.74374,0.924549,5.53132,-3.59772e+06,1.92989,-881781,3.01189,-287.831,-96.0685,2.63933e+06,3.89919,118533,3.11737,64.762,-20.3944,-4.85564,-2.34515,-7.72579,-1.07482,-6.86118,-4.14579,-4.56692,-1.87702,-7.30094,-1.42412,-6.32616,-4.0183,-1.39635,-881682,118557,12.1871,-0.44437,-1.69815,0.338118,0.641386,0.473231,400.653,1.52043,-1071.05,4.13842,-128.941,1.90857,-9.69938,2.95577,-143044,-0.709422,-117.012,3.87787,37.8582,2.83067,-31475.3,0.212638,-15.3096,146.143,-53.3472,-53.2589,30.4336,596.012,194.684,-306.459,124.924,-4315.53,4411.29,-868.294,1055.98,4128.43,-3.08158e+06,-11636.7,2070.15,-19538.4,6216.57,-1994.39,466.746,0,-151.252,-17078.6,-116.502,-19.473,-114.421,1.68121e+10,-2.14173e+06,398948,8.12707e+08,-708.777,-1588.31,152.135,80.2482,13234.2,561.292,-83.3661,-60.8328,87.796,-2.3284e+08,-342724,-21155.1,27127.3,-16855.2,-4.19149e+07,2.446,0.108734,0.038837,1.46449,-4.157,-29.8366,-9.369e+07,-4.40889e+07,-14313,8.56623e+06,5.9268e+06,3159.6,-20.066,-5.6982,4.24755,-6.07409,-1.99554,-0.44437,0,1940,-1.11022e-16,-8.79852e-14,7.54952e-15,-8.52651e-14,2.46426e-10,6.10904e-10,-4.83851e-10,1.31287e-10,3.56557e-10,-5.30463e-10,0,0.473231,0.732341,1.52043,-0.0123392,3.14159,1.90857,-2.06619,2.95577,-28608.9,-0.392699,3.87787,8.47662,2.83063,-6295.07,0.523599,0,0,0,1.48701,0.338118,0.473231,1.52043,4.13842,1.90857,2.95577,-0.709422,3.87787,2.83067,0.212638,0.0213161,-12.9473,18.0457,1203.69,1.37637e+08,5425.45,-3371.04,-8.38298e+06,-9.3212e+06,0.0528102,0.0136137,1.02347,8.44066,-15611.3,634319,1.41743e+10,3.35649e+09,-3.35992e+09,6.88191e+08,-4.78692e+07,4.71097e+07
3.5,-6.06998,-2.44954,1.51265,1.10152,0.364029,-825.272,0.477283,-1.75498,2.77418,0.890376,5.54105,-4.30555e+06,1.92483,-1.06196e+06,3.76107,-600.795,-199.986,2.65723e+06,3.89418,36802.9,2.79946,21.0612,-6.20581,-4.87159,-2.34294,-7.73398,-1.0881,-6.85986,-4.15403,-4.57483,-1.87987,-7.31091,-1.43953,-6.32421,-4.02921,-1.38026,-1.06176e+06,36811.9,12.5629,-0.453981,-1.63995,0.342996,0.953167,0.456249,421.985,1.50345,-1113.58,4.12145,-459.951,1.90379,104.883,2.95099,-299025,-0.714197,-52.8434,3.87314,-12.0147,2.82595,-9756.37,0.207922,-16.2356,155.159,-53.1346,-54.2298,31.6311,658.805,207.859,-326.886,136.265,1143.4,4845.47,-994.555,1152.21,4362.6,-3.35434e+06,-12631,2370.29,-20070,-61042.1,-6972.76,1146.04,0,-1751.4,-224947,1583.96,-249.814,-410.461,7.41233e+10,-4.48993e+06,672473,9.948e+08,-5950.53,-1221.71,427.8,73.2473,6157.51,252.494,-293.975,-55.8722,27.0487,-2.33468e+07,-213384,69903.3,24987,-5226.44,-1.3076e+07,2.5209,0.107386,0.0338839,1.34761,-4.3892,-31.5178,-3.53916e+07,-5.30979e+07,-29961.2,895118,1.84029e+06,974.56,-21.171,-20.3976,1.30497,-6.07944,-1.99566,-0.453981,0,1915,1.11022e-16,-1.11577e-14,-8.88178e-16,1.42109e-14,1.18733e-09,-2.1247e-09,2.28465e-09,-3.85393e-10,1.24265e-10,-4.96584e-10,0,0.456249,0.771445,1.50345,-0.0107667,3.14159,1.90379,20.5102,2.95099,-59805,-0.392699,3.87314,-2.19222,2.82592,-1951.27,0.523599,0,0,0,1.48947,0.342996,0.456249,1.50345,4.12145,1.90379,2.95099,-0.714197,3.87314,2.82595,0.207922,0.0210334,-11.716,5.52335,282.777,1.31595e+07,4997.41,-1045.29,-2.6152e+06,-937980,0.0527373,0.0135893,1.02394,-8.29191,-17596.8,689648,6.19921e+10,1.48123e+10,-1.48194e+10,6.58003e+07,-5.08092e+06,4.8461e+06
3.52,-6.07535,-2.45937,1.51477,1.10217,0.368565,-825.244,0.458953,-1.76039,2.79058,0.859629,5.54117,-4.34319e+06,1.91931,50530.8,3.38481,70.2957,23.12,2.81324e+06,3.8871,210917,2.56984,118.292,-38.5588,-4.88799,-2.34048,-7.74197,-1.10124,-6.85893,-4.16121,-4.5828,-1.88293,-7.32084,-1.455,-6.32241,-4.04018,-1.36938,50511,210958,12.9594,-0.4637,-1.5818,0.347825,0.88491,0.438214,439.684,1.48541,-1137.42,4.10341,137.762,1.89857,-106.019,2.94577,35608,-0.719422,-204.648,3.86636,103.546,2.81916,-58074.9,0.201145,-17.2414,164.967,-52.88,-55.2433,32.8833,677.027,219.003,-350.429,147.923,6298.07,5279.23,-1145,1248.2,4548.18,-3.52641e+06,-13500.9,2703.98,-20079.3,-28780.6,1967.67,-52.1966,0,-470.049,-23215.8,-1596.02,178.188,121.751,1.05229e+09,526223,-43107.5,-4.77868e+07,22544.2,-2320.28,-184.504,300.481,26756.1,1065.59,174.725,-231.221,170.891,-7.42102e+08,-548558,-134234,96997.9,-31125.8,-7.33747e+07,2.59997,0.106015,0.0324299,1.43022,-4.65017,-33.0075,-1.88181e+06,2.52669e+06,3593.29,7.80041e+06,1.0546e+07,5836.08,-22.0984,6.04023,8.22084,-6.08502,-1.99577,-0.4637,0,1889,-1.11022e-16,-5.65104e-14,3.9968e-15,-2.84217e-14,1.68278e-10,-1.2865e-09,7.74889e-10,-7.15311e-10,1.3851e-09,-1.33696e-09,0,0.438214,0.807414,1.48541,-0.00926593,3.14159,1.89857,-21.2111,2.94577,7121.6,-0.392699,3.86636,21.5423,2.81914,-11615,0.523599,0,0,0,1.49191,0.347825,0.438214,1.48541,4.10341,1.89857,2.94577,-0.719422,3.86636,2.81916,0.201145,0.0207396,-47.6364,34.6263,1050.69,4.69057e+08,19399.6,-6225.17,-1.46749e+07,-2.96966e+07,0.0526616,0.0135638,1.02442,-0.904574,-19371.2,724516,8.83679e+08,2.11945e+08,-2.11081e+08,2.34529e+09,-1.50815e+08,1.49412e+08
3.54,-6.0808,-2.46956,1.51688,1.10296,0.37295,-825.215,0.439803,-1.76619,2.81085,0.823628,5.54208,-4.37619e+06,1.91362,42945.6,-1.01189,62.6809,20.5008,2.96045e+06,3.88051,387970,3.59358,205.18,-66.9723,-4.90469,-2.33821,-7.74979,-1.11451,-6.85824,-4.1689,-4.59079,-1.88658,-7.33068,-1.47067,-6.32093,-4.05144,-1.35582,42924.1,388041,13.3766,-0.473778,-1.52459,0.352504,1.01655,0.419357,460.066,1.46655,-1162.73,4.08455,128.437,1.89317,-103.569,2.94037,31813.8,-0.724824,-324.109,3.86006,195.806,2.81287,-101260,0.194821,-18.3316,175.609,-52.6131,-56.3115,34.1919,728.682,233.806,-376.86,161.627,13283.7,5778.47,-1321.66,1363.08,4769.86,-3.71697e+06,-14448.4,3079.81,-20021.3,-26173,1876.29,-31.0157,0,-428.12,-20674.3,-1603.52,177.814,112.79,8.4887e+08,482141,-36902.7,-4.1415e+07,88060.5,-3284.56,-684.48,968.781,49530.7,1784.23,564.166,-751.553,285.042,-2.17899e+09,-893578,-313301,328269,-54305.3,-1.33822e+08,2.68317,0.105594,0.0396491,1.42904,-4.93779,-34.7491,-1.65036e+06,2.14743e+06,3212.55,7.36061e+06,1.93987e+07,10180.5,-23.1731,5.58649,13.6754,-6.09059,-1.99589,-0.473778,0,1863,-2.77556e-17,1.85407e-14,6.21725e-15,-1.42109e-14,1.15047e-09,-1.85216e-09,1.9736e-09,2.00284e-10,1.48592e-11,-3.11047e-10,0,0.419357,0.846218,1.46656,-0.00737293,3.14159,1.89317,-20.702,2.94037,6362.76,-0.392699,3.86006,42.7023,2.81281,-20252,0.523599,0,0,0,1.49433,0.352504,0.419357,1.46655,4.08455,1.89317,2.94037,-0.724824,3.86006,2.81287,0.194821,0.0204461,-161.794,58.9138,4670.71,1.42667e+09,65653.7,-10861.1,-2.67643e+07,-8.7181e+07,0.052586,0.0135384,1.02491,-4.27862,-21618.5,763099,7.05779e+08,1.71105e+08,-1.70332e+08,7.13335e+09,-4.39974e+08,4.37525e+08
3.56,-6.08653,-2.47981,1.51899,1.10297,0.377451,-825.188,0.420379,-1.77204,2.83102,0.789561,5.5423,-4.62297e+06,1.90807,-109948,2.84344,-102.212,-32.8008,3.53765e+06,3.87365,639565,1.37035,194.469,-64.1332,-4.92177,-2.33557,-7.75802,-1.12808,-6.85763,-4.17654,-4.59916,-1.89013,-7.3409,-1.48655,-6.31953,-4.06275,-1.34173,-109912,639631,13.8194,-0.483906,-1.45321,0.357298,1.027,0.400227,481.014,1.44742,-1200.85,4.06542,-115.693,1.88792,-22.1901,2.93512,-50266.3,-0.730073,-189.629,3.85349,90.9198,2.8063,-96176.8,0.188264,-19.5251,187.268,-51.8063,-57.2625,35.6131,762.171,249.132,-407.341,177.21,21141.1,6328.39,-1530.59,1494.41,5000.26,-3.9911e+06,-15641.5,3554.26,-20438.7,8295.46,-2023.74,502.017,0,-141.649,-13532.6,-333.189,5.91794,-106.847,2.16875e+09,-845955,162138,1.09829e+08,14470.9,-2403.58,-100.928,222.445,25545.6,1068.4,112.552,-174.025,156.981,-1.93023e+09,-1.01447e+06,-205775,130569,-51650.5,-2.194e+08,2.77147,0.105084,0.000341123,1.36429,-5.2299,-36.4247,-1.23389e+07,-5.49725e+06,-5032.08,2.88597e+07,3.19784e+07,9644.95,-24.2725,-5.28199,7.50816,-6.09617,-1.996,-0.483906,0,1837,-2.22045e-16,2.85327e-14,-1.24345e-14,-1.42109e-13,1.03347e-09,-1.83379e-09,1.00317e-09,1.61435e-10,-4.58586e-10,2.27374e-10,0,0.400227,0.885359,1.44742,-0.00533788,3.14159,1.88792,-4.45901,2.93512,-10053.3,-0.392699,3.85349,20.7987,2.80626,-19235.4,0.523599,0,0,0,1.49673,0.357298,0.400227,1.44742,4.06542,1.88792,2.93512,-0.730073,3.85349,2.8063,0.188264,0.0201527,-38.3562,32.8034,5959.1,1.28441e+09,26113.8,-10330.1,-4.388e+07,-7.72307e+07,0.0525105,0.013513,1.02541,-17.0034,-24134.1,818780,1.749e+09,4.31654e+08,-4.32857e+08,6.42207e+09,-3.9001e+08,3.87693e+08
3.58,-6.09236,-2.48986,1.52106,1.10317,0.382147,-825.16,0.401235,-1.77849,2.85027,0.752756,5.54086,-5.77433e+06,1.90205,-656496,2.78536,-195.351,-65.3632,3.58968e+06,3.86737,-232575,3.36896,-122.853,41.2965,-4.93886,-2.33239,-7.76634,-1.14153,-6.85674,-4.18427,-4.60778,-1.8932,-7.35138,-1.5025,-6.31793,-4.07388,-1.32749,-656428,-232612,14.294,-0.493841,-1.39775,0.36231,1.11733,0.381398,502.641,1.4286,-1233.55,4.04659,-68.391,1.88222,-40.1708,2.92941,-96909.8,-0.735777,161.09,3.84754,-186.379,2.80034,61739.9,0.18229,-20.8449,200.188,-51.4673,-58.4457,37.0382,819.656,267.351,-440.9,194.333,30262,6936.6,-1768.61,1638.73,5238.63,-4.24317e+06,-16864.6,4068.11,-20626.8,6656.16,-1296.73,412.342,0,-112.891,-4554.54,-643.729,46.2309,-65.5314,8.16778e+09,-1.72124e+06,388712,6.702e+08,64107,299.905,1465.03,1022.06,-10294.7,-1101.87,-1121.07,-805.747,-180.4,-7.44853e+08,331410,397039,336511,33158.8,7.87247e+07,2.86616,0.103827,0.0103044,1.37781,-5.55232,-38.2223,-5.7568e+07,-3.28247e+07,-9689.02,2.60169e+06,-1.16286e+07,-6221.17,-25.3999,-3.2319,-8.6,-6.10219,-1.99612,-0.493841,0,1809,2.22045e-16,-1.59317e-14,1.06581e-14,1.27898e-13,1.30823e-10,1.07431e-09,-1.1496e-09,6.62001e-10,1.16072e-09,-1.32786e-09,0,0.381398,0.925735,1.4286,-0.00308898,3.14159,1.88222,-8.03308,2.92941,-19382,-0.392699,3.84754,-39.6255,2.80028,12348,0.523599,0,0,0,1.49915,0.36231,0.381398,1.4286,4.04659,1.88222,2.92941,-0.735777,3.84754,2.80034,0.18229,0.0198371,-173.949,-37.345,-2987.19,5.31531e+08,67302.2,6631.75,1.57449e+07,-2.97864e+07,0.0524293,0.0134857,1.02589,-18.5825,-26860.4,869791,6.50123e+09,1.62951e+09,-1.63183e+09,2.65763e+09,-1.46453e+08,1.47944e+08
3.6,-6.09822,-2.49987,1.52312,1.10249,0.386898,-825.134,0.381189,-1.7851,2.86538,0.716655,5.53623,-5.82399e+06,1.89605,67421.4,3.31916,112.234,37.2125,3.59631e+06,3.86105,-41465,3.00691,-17.7348,6.63106,-4.9563,-2.32862,-7.77469,-1.15503,-6.85575,-4.19193,-4.61648,-1.89616,-7.36191,-1.5185,-6.31626,-4.08494,-1.31436,67387.5,-41468.6,14.7938,-0.503729,-1.32664,0.367365,0.974367,0.361656,523.665,1.40885,-1263.62,4.02684,244.074,1.87652,-144.092,2.92371,56412.8,-0.741485,-1.61239,3.84152,-60.1553,2.79432,9518.16,0.176281,-22.2822,214.261,-50.4756,-59.4701,38.5795,830.766,285.412,-480.225,213.771,40041.7,7593.61,-2054.43,1802.79,5472.13,-4.48505e+06,-18162.6,4677.99,-20761.2,-62957.5,4039.64,-287.049,0,-893.114,-72349.4,-2452.74,284.962,214.806,2.77448e+09,951772,-96856.1,-6.96499e+07,-1345.95,-1036.94,774.828,192.411,1354.37,-99.8103,-581.361,-152.86,-24.5633,-1.70319e+07,-111432,189238,72034.1,5117.3,1.3754e+07,2.96588,0.103023,-0.0341762,1.34648,-5.88293,-39.9842,-2.48294e+06,3.37122e+06,5690.2,331621,-2.07311e+06,-965.244,-26.5139,10.5749,-1.16778,-6.10799,-1.99623,-0.503729,0,1782,-1.11022e-16,-4.01346e-14,1.24345e-14,2.84217e-14,-2.07309e-09,5.10754e-09,-4.18913e-09,-6.11484e-10,5.77209e-11,-6.12204e-10,0,0.361656,0.96477,1.40885,-0.000661857,3.14159,1.87652,-29.0888,2.92371,11282.6,-0.392699,3.84152,-12.36,2.79427,1903.63,0.523599,0,0,0,1.50153,0.367365,0.361656,1.40885,4.02684,1.87652,2.92371,-0.741485,3.84152,2.79432,0.176281,0.019533,-33.0514,-5.08925,-472.387,1.27159e+07,14406.8,1023.46,2.7508e+06,-684866,0.0523511,0.0134594,1.02637,-26.8413,-29807.3,918975,2.21616e+09,5.57274e+08,-5.55899e+08,6.35774e+07,-3.04148e+06,3.27215e+06
3.62,-6.10368,-2.50939,1.52516,1.1049,0.391048,-825.104,0.361875,-1.79313,2.88868,0.670381,5.53433,-5.85605e+06,1.89106,43665.3,2.57043,48.119,15.5855,1.71774e+08,3.85492,-1.20108e+09,4.56265,13861.9,-4616.5,-4.97258,-2.32535,-7.7824,-1.16775,-6.85528,-4.19902,-4.62447,-1.89953,-7.37144,-1.53328,-6.31514,-4.09535,-1.29719,43652.3,-1.20107e+09,15.3225,-0.51314,-1.31032,0.371808,1.61593,0.342634,550.125,1.38983,-1299.26,4.00782,75.9113,1.87182,-91.0214,2.91902,24603.9,-0.746177,428.838,3.83568,-406.907,2.78848,-6.92832e+06,0.170427,-23.8561,229.672,-51.5377,-61.282,40.0221,1043.83,315.682,-521.362,235.909,54522.1,8373.68,-2367.04,1993.39,5775.42,-4.78436e+06,-19614.9,5308.08,-20854.1,-13965.2,1180.61,103.723,0,-263.927,-8657.84,-1587.26,166.059,62.5635,5.29889e+08,406873,-7381.63,-4.57573e+07,334090,2731.15,2782.35,3955.65,-17008.8,-3174.27,-2192.48,-3166.05,-443.315,-9.22399e+12,-5.32391e+07,-3.79603e+07,-5.99794e+07,-3.73332e+06,4.04263e+11,3.07137,0.101845,0.120815,1.46965,-6.29354,-42.2396,-1.60314e+06,2.18341e+06,2484.46,8.4089e+09,-6.0054e+10,693017,-27.9112,3.07457,-21.0158,-6.11359,-1.99634,-0.51314,0,1756,5.55112e-17,1.05194e-13,6.03961e-14,1.84741e-13,5.59278e-10,4.20802e-10,-7.06223e-10,7.01397e-10,1.37314e-09,-1.57161e-09,0,0.342634,1.0103,1.38983,0.00241433,3.14159,1.87182,-18.2985,2.91901,4920.78,-0.392699,3.83568,204.16,2.78842,-1.38566e+06,0.523599,0,0,0,1.50388,0.371808,0.342634,1.38983,4.00782,1.87182,2.91902,-0.746177,3.83568,2.78848,0.170427,0.0192404,1838.77,65.1915,-1.66621e+07,6.65264e+12,-1.19959e+07,-746664,8.08526e+10,-3.68962e+11,0.0522759,0.0134341,1.02682,-7.18563,-33475.5,978740,4.22514e+08,1.07008e+08,-1.06412e+08,3.32632e+13,-1.84509e+12,1.84492e+12
3.64,-6.10913,-2.51917,1.5272,1.10144,0.395116,-825.084,0.341774,-1.79939,2.90838,0.630033,5.52712,-5.85735e+06,1.88583,5392.84,3.16786,6.56847,1.89172,1.7403e+08,3.8484,2.85099e+07,0.298587,3562.26,-1185.58,-4.989,-2.32205,-7.7899,-1.18057,-6.85494,-4.20615,-4.63241,-1.90331,-7.38085,-1.54823,-6.31414,-4.10599,-1.27653,5394.12,2.85111e+07,15.8812,-0.522821,-1.16535,0.376156,1.09873,0.322815,573.429,1.37001,-1332.26,3.98801,22.7964,1.86687,-75.4042,2.91407,3906.51,-0.751115,-1300.75,3.82944,983.399,2.78225,-1.77734e+06,0.16421,-25.5785,246.539,-47.5028,-61.4779,42.0556,942.233,334.962,-576.519,263.519,67186.3,9186.68,-2772.2,2228.92,6041.4,-5.06604e+06,-21179.1,6148.24,-21019.7,-3919.51,241.93,240.582,0,-171.312,-1607.21,-1353.99,134.219,13.3664,1.10942e+07,48228.6,29683.7,-5.42876e+06,1.99892e+06,-13258.4,-5217.13,19431.6,430121,9637.87,4243.98,-15675.9,1240.16,-5.79796e+11,-1.73845e+07,-7.69586e+06,2.71428e+07,-958388,-9.51945e+09,3.18288,0.102213,-0.173378,0.995187,-6.61082,-44.2134,-64668.8,269789,406.927,1.12777e+08,1.42549e+09,178035,-29.1486,0.655683,58.6154,-6.11897,-1.99645,-0.522821,0,1731,-2.77556e-17,3.82472e-14,-4.44089e-15,8.52651e-14,1.03987e-09,-2.22629e-10,-6.18172e-10,1.98947e-08,-2.75946e-08,3.50992e-08,0,0.322815,1.05153,1.37002,0.00549599,3.14159,1.86687,-15.0653,2.91408,781.302,-0.392699,3.82944,248.694,2.7822,-355469,0.523599,0,0,0,1.5062,0.376156,0.322815,1.37001,3.98801,1.86687,2.91407,-0.751115,3.82944,2.78225,0.16421,0.0189592,-3929.54,276.101,278434,4.38301e+11,5.42856e+06,-191678,-1.90389e+09,-2.31919e+10,0.0522037,0.0134098,1.02729,-114.707,-37792.3,1.03748e+06,1.09812e+07,2.37839e+06,-2.28102e+06,2.1915e+12,-1.16031e+11,1.15988e+11
3.66,-6.11498,-2.52951,1.52929,1.10873,0.399496,-825.039,0.320219,-1.80933,2.89323,0.601243,5.51456,-5.9318e+06,1.87999,-32318.7,3.03724,-58.5458,-19.3316,1.74031e+08,3.8415,526.948,3.2416,5.96752,-1.35638,-5.0065,-2.31814,-7.79783,-1.1941,-6.85451,-4.21364,-4.64096,-1.90719,-7.39093,-1.56415,-6.31303,-4.11721,-1.28907,-32296.3,531.546,16.4927,-0.533048,-1.25168,0.380852,0.855594,0.301574,589.389,1.34877,-1346.71,3.96677,-109.487,1.86135,-37.0327,2.90854,-28462.4,-0.756646,-124.925,3.82285,32.9778,2.77566,-2091.72,0.157627,-27.5282,265.682,-52.7762,-64.9001,43.2858,1009.17,361.589,-626.997,284.135,77723.6,9991.48,-3189.31,2407.99,6232.17,-5.20768e+06,-22659.4,6985.59,-20852,10898.9,-2249.95,564.055,0,-150.187,-11549.3,-671.911,41.9055,-107.343,7.35468e+08,-560136,104581,3.61139e+07,-6180.56,-2375.05,294.171,81.5329,18435.5,792.063,-204.206,-66.3244,92.6507,-664731,-33223.7,-132.787,1802.92,-1104.13,-175984,3.30493,0.10407,0.364631,2.26069,-7.11693,-45.6044,-3.72281e+06,-1.61579e+06,-2848.79,37831.5,26487.1,220.429,-29.9552,-5.24871,4.35968,-6.125,-1.99656,-0.533048,0,1703,3.33067e-16,-4.00791e-14,-2.66454e-14,-1.7053e-13,-4.78137e-10,1.3781e-09,-1.05138e-09,-3.30159e-09,1.20251e-08,-2.98622e-08,0,0.301574,1.07714,1.34877,0.00793281,3.14159,1.86135,-7.40923,2.90855,-5692.48,-0.392699,3.82285,6.64921,2.77562,-418.344,0.523599,0,0,0,1.50856,0.380852,0.301574,1.34877,3.96677,1.86135,2.90854,-0.756646,3.82285,2.77566,0.157627,0.0186446,-13.3121,18.5604,4.4436,626387,360.584,-220.825,-35196.7,-27290.5,0.0521229,0.0133827,1.02778,199.179,-38995.6,1.06263e+06,5.59798e+08,1.45939e+08,-1.46618e+08,3.13964e+06,-225135,170037
3.68,-6.12121,-2.54026,1.53143,1.09061,0.404072,-825.049,0.297348,-1.81458,2.95925,0.52194,5.51418,-6.26522e+06,1.87366,-306458,2.65413,-114.378,-38.6374,1.74031e+08,3.8311,-0.79627,3.97342,2.64869,0.55426,-5.0249,-2.31368,-7.80612,-1.20813,-6.85445,-4.21964,-4.65006,-1.9112,-7.40157,-1.58074,-6.312,-4.12885,-1.22792,-306417,2.62289,17.1663,-0.54368,-0.846847,0.385753,0.643175,0.279029,631.993,1.32623,-1393.6,3.94422,-36.9888,1.85534,-60.5551,2.90254,-56484.3,-0.762654,-182.671,3.81278,79.144,2.76558,-124.824,0.147554,-29.7586,287.603,-36.9583,-61.4819,46.6174,815.36,399.689,-728.156,342.806,106213,11341.4,-3950.43,2915.4,6733.46,-5.65341e+06,-24841.4,8402.63,-20742.1,4757.4,-926.441,425.253,0,-132.227,-1021.97,-1161.66,105.462,-43.8853,2.93517e+09,-1.22918e+06,338772,3.508e+08,3557.97,-3087.28,41.7631,154.218,29451.1,1313.19,2.1462,-127.028,151.369,25138,-1784.21,-228.114,125.469,-26.0239,-385.368,3.43942,0.107321,-0.905801,-0.480774,-7.39514,-49.4651,-1.66707e+07,-1.53228e+07,-5640.39,213.447,99.3815,70.3741,-32.186,-2.13801,7.07947,-6.13125,-1.99667,-0.54368,0,1674,3.33067e-16,-7.34968e-14,-1.24345e-14,0,3.55832e-10,4.1901e-10,-6.27551e-10,-3.74365e-08,7.60023e-08,-3.70425e-08,0,0.279029,1.14814,1.32623,0.0145071,3.14159,1.85534,-12.136,2.90254,-11296.9,-0.392699,3.81278,15.8335,2.76555,-24.9649,0.523599,0,0,0,1.51097,0.385753,0.279029,1.32623,3.94422,1.85534,2.90254,-0.762654,3.81278,2.76558,0.147554,0.018319,-25.4115,30.278,0.00887377,6971.55,25.0938,-5.20479,-77.0736,1008.55,0.0520393,0.0133546,1.02829,-586.415,-51312.6,1.163e+06,2.20568e+09,5.84339e+08,-5.85692e+08,44988.9,-9145.26,-2925.23
3.7,-6.12748,-2.5514,1.53367,1.13857,0.40848,-824.907,0.273023,-1.83443,2.83563,0.539809,5.49191,-6.27913e+06,1.87087,-27646.3,-8.60612,-26.5687,-9.42401,1.74031e+08,3.81791,27.1221,2.77502,2.39159,0.00108677,-5.04364,-2.3091,-7.81556,-1.22379,-6.85487,-4.22443,-4.65912,-1.91585,-7.41206,-1.59753,-6.31126,-4.14081,-1.34912,-27645.5,29.8961,17.917,-0.554697,-1.62213,0.390486,0.2987,0.255029,619.152,1.30223,-1344.77,3.92022,-15.9209,1.85288,-73.9865,2.90008,-12625.1,-0.765118,-88.0678,3.79991,-1.65181,2.75272,-399.326,0.13468,-32.3479,313.055,-73.3951,-75.882,45.5226,1289.42,429.185,-744.816,326.653,99895.6,11893.3,-4215.65,2787.46,6610.15,-5.26932e+06,-25648.1,8838.03,-19594.9,1988.42,-499.603,345.482,0,-156.456,-578.478,-1468.8,126.094,-23.6537,1.4482e+08,-298830,104470,3.26065e+07,-11604.6,-2252.88,552.272,88.732,14892,534.931,-427.579,-74.2492,51.0983,-70586.7,-9374.12,1862.56,691.254,-202.797,-11623.5,3.5893,0.112169,2.39767,7.06383,-8.40287,-48.514,-695659,-1.38217e+06,-1249.91,1182.24,1494.64,42.7497,-31.4096,-1.14846,2.37128,-6.1375,-1.99679,-0.554697,0,1645,-1.94289e-16,1.05582e-13,-3.55271e-15,7.10543e-14,-7.18118e-10,3.12174e-10,-7.64885e-10,-2.80196e-08,9.86517e-09,-4.1174e-08,0,0.255029,1.11747,1.30222,0.0133572,3.14159,1.85288,-14.7614,2.90007,-2525.03,-0.392699,3.79991,-0.318911,2.75267,-79.8652,0.523599,0,0,0,1.51344,0.390486,0.255029,1.30223,3.92022,1.85288,2.90008,-0.765118,3.79991,2.75272,0.13468,0.0179937,-14.8719,10.227,0.334699,22320.9,138.251,-40.5594,-2324.7,-2140.61,0.0519558,0.0133265,1.02882,1645.4,-35972.9,1.05682e+06,1.0914e+08,2.86789e+07,-2.89789e+07,116313,-28623.3,17216.7
3.72,-6.13283,-2.5618,1.53603,1.00077,0.411776,-825.159,0.248909,-1.83958,3.33413,0.16998,5.38495,-6.37038e+06,1.87035,-39612,2.79666,-73.3125,-24.5836,1.7471e+08,3.80808,1.0472e+06,2.29891,324.274,-107.169,-5.06046,-2.30529,-7.82386,-1.23822,-6.85578,-4.23007,-4.66657,-1.92142,-7.42055,-1.61218,-6.31138,-4.15181,-0.748804,-39584.7,1.04731e+06,18.7524,-0.565008,0.882177,0.394063,9.44636,0.231196,843.026,1.27839,-1771.21,3.89639,-130.024,1.85264,-30.0546,2.89984,-35805.4,-0.76536,-310.634,3.79037,185.775,2.74317,-160790,0.125118,-35.3673,342.665,50.5669,-39.0171,58.0588,5087.35,703.465,-1180.91,692.9,338212,17079.9,-7449.94,5937.67,9178,-9.55559e+06,-35738.4,15343.4,-25255.6,14349.5,-3109.61,875.01,0,-194.168,-16653.5,-609.701,30.3089,-134.954,1.18693e+09,-812902,171587,4.5961e+07,33487,-5003.59,-541.246,528.744,76176,2786.81,501.202,-447.642,290.241,-3.65e+09,-2.30733e+06,-522820,294310,-87398.4,-3.35738e+08,3.75612,0.11761,-6.88994,-12.5823,-8.67912,-66.9455,-4.56251e+06,-1.98046e+06,-3587.13,3.39577e+07,5.236e+07,16135.2,-43.3197,-6.53351,13.3797,-6.1429,-1.99688,-0.565008,0,1620,2.08167e-16,-6.35186e-14,1.42109e-13,3.12639e-13,3.32562e-10,-3.41064e-10,3.27418e-11,2.34615e-08,4.38433e-08,-3.83538e-08,0,0.231196,1.51321,1.27839,0.0454227,3.14159,1.85264,-5.89485,2.89983,-7161.08,-0.392699,3.79037,43.7847,2.74311,-32158,0.523599,0,0,0,1.51596,0.394063,0.231196,1.27839,3.89639,1.85264,2.89984,-0.76536,3.79037,2.74317,0.125118,0.0177135,-101.668,61.6595,13827.2,3.59179e+09,58862.1,-17479.7,-6.71476e+07,-1.45334e+08,0.051884,0.0133023,1.02931,-8708.24,-154662,2.04913e+06,8.86745e+08,2.34681e+08,-2.35536e+08,1.7959e+10,-7.3312e+08,7.29241e+08
3.74,-6.13679,-2.57027,1.53849,1.47739,0.414019,-824.01,0.229427,-1.911,2.67176,0.476048,5.46317,-6.57465e+06,1.86961,-163541,3.26026,-289.587,-96.6212,1.75855e+08,3.80053,483000,3.80402,142.273,-46.5737,-5.07326,-2.30272,-7.82967,-1.24929,-6.85674,-4.23486,-4.67197,-1.9266,-7.42663,-1.62353,-6.31176,-4.16067,-1.56082,-163441,483051,19.6779,-0.573401,-5.57194,0.396507,17.7964,0.211915,654.91,1.25911,-1370.58,3.87711,-576.309,1.8521,68.1043,2.8993,-143388,-0.76588,-187.506,3.78302,74.1659,2.73582,-70139.6,0.117802,-38.8903,377.074,-239.219,-150.796,36.6955,7016.18,767.724,-599.47,234.354,129010,13862,-3497.93,2014.92,7009.27,-5.52895e+06,-28808,7062.87,-18912.5,-53770.6,-12298.6,1054.64,0,-1395.57,-347171,1457.47,-131.61,-526.01,1.9007e+10,-3.04927e+06,236247,1.89275e+08,4947.88,-3813.44,154.972,59.6515,25509.5,1579.97,-105.679,-50.9557,120.7,-6.50807e+08,-1.24595e+06,-56339.9,35042,-38205.3,-1.53934e+08,3.94097,0.123073,23.8312,57.4528,-12.2652,-51.5495,-1.02136e+07,-8.17689e+06,-14400.9,5.72383e+07,2.41501e+07,7035.16,-32.8948,-25.3949,5.53268,-6.14679,-1.99695,-0.573401,0,1602,1.66533e-16,-1.18572e-13,3.90799e-14,0,-5.30609e-09,1.10733e-08,-8.45102e-09,2.3005e-08,-5.79693e-08,1.0803e-07,0,0.211915,1.16592,1.25912,0.0108552,3.14159,1.8521,12.5487,2.89931,-28677.7,-0.392699,3.78302,16.0468,2.7358,-14027.9,0.523599,0,0,0,1.51852,0.396507,0.211915,1.25911,3.87711,1.8521,2.8993,-0.76588,3.78302,2.73582,0.117802,0.0175118,-10.7977,24.8025,2660.76,6.83209e+08,7008.4,-7641.06,-3.07867e+07,-2.63315e+07,0.0518323,0.013285,1.02972,11681.2,29625.2,962712,1.42574e+10,3.80099e+09,-3.80437e+09,3.41605e+09,-1.34469e+08,1.3278e+08
