t,x,y,theta0,phi1,theta1,phi2,theta2,phi3,theta3,phi4,theta4,phi5,theta5,phi6,theta6,phi7,theta7,phi8,theta8,phi9,theta9,phi10,theta10,x1,Y1,x2,y2,x3,y3,Trix[1],Triy[1],Trix[2],Triy[2],Trix[3],Triy[3],varphi1,varphi2,varphi3,z21,z22,z31,z32,z41,z42,z51,z52,z61,z62,z71,z72,z81,z82,z91,z92,z101,z102,z111,z112,z121,z122,al21,al22,al31,al32,al33,al41,al42,al43,al44,al51,al52,al53,al54,al55,al61,al62,al63,al66,al71,al72,al73,al76,al77,al81,al82,al83,al88,al91,al92,al93,al99,al101,al102,al103,al1010,al111,al112,aL113,al1110,al1111,al121,al122,al123,al1210,,al1211,al1212u1,u2,u3,u4,u5,u6,u7,u8,u9,u10,u11,u12,v1,v2,v3,PSx,PSy,d,d0d,Q,nh1,nh2,nh3,nh4,nh5,nh6,nh7,nh8,nh9,nh10,thetap1d,thetap2d,dthetap2d,thetap3d,dthetap3d,thetap4d,thetap5d,dthetap5d,thetap6d,dthetap6d,thetap7d,thetap8d,dthetap8d,thetap9d,dthetap9d,thetap10d,deltap1d,delta2d,delta3d,thetap0,thetap1,thetap2,thetap3,thetap4,thetap5,thetap6,thetap7,thetap8,thetap9,thetap10,thetaT,K81,K82,K83,K84,K91,K92,K93,K94,sr.Cs, sr.Cs1, 1 - sr.d*sr.Cs,b4,b5,b6,b7,b8,b9,b10,b11,b12
0,-6.50022,-2.00347,0,0,-8.6897e-05,0.523599,-0.523606,-0.523607,0.523592,-5.79924e-05,3.14159,-2.61799,2.22731,-3.27451,3.27451,0.392203,-0.39068,-3.66519,4.19155,-3.14435,3.14435,-0.523869,0.526362,0,0,0,0,0,0,0,0,0,0,0,0,0,0,0,0,0,0,0,0,0,0,0,0,0,0,0,0,0,0,0,0,0,0,0,0,0,0,0,0,0,0,0,0,0,0,0,0,0,0,0,0,0,0,0,0,0,0,0,0,0,0,0,0,0,0,0,0,0,0,0,0,0,0,0,0,0,0,0,0,0,0,0,0,0,0,0,0,0,0,0,0,0,0,0,0,0,0,0,0,0,0,0,0,0,0,0,0,0,0,0,0,0,0,0,0,0,0,3.14159,0,0,0,0,-0.392699,0,0,0,0,0.523599,0,0,0,0,0,0,0,0,0,0,0,0,0,0,0,0,0,0,0,0,0,0,0,0,0,1,0,0,0,0,0,0,0,0,0
0.02,-6.50022,-2.00347,0.0348905,0.0508264,-8.6897e-05,0.591498,-0.523606,-0.450985,0.523589,0.0588413,3.14161,-2.14791,2.22731,-3.11744,3.2828,0.544922,-0.39069,-4.37398,4.19155,-5.08442,3.12971,-2.46038,0.526191,-5.45022,-2.00361,-7.80865,-0.408311,-7.77589,-3.66536,-4.90022,-2.00361,-7.3001,-0.61776,-7.30034,-3.38904,0.0725852,0.556049,-2.4809,0,-0.00347066,-0.047516,-8.6897e-05,-0.0459259,-0.523606,-0.0481856,0.523592,-0.0473519,3.14159,-3.43422,2.22731,2.03784,3.27451,-0.0478315,-0.39068,4.41764,4.19155,-2.2696,3.14435,-0.0473926,0.526362,-0.0474152,1.00016,-0.011935,-1.25021,1.25021,0.00330412,8.89035,-17.7807,8.89121,-0.0293981,-4.44524,8.89048,-8.89129,4.4465,-0.0127258,3.20165e-05,-6.40427e-05,-1.1114,-27.8579,-22.304,14.0835,0,6.26603,10.4244,5.96748,-4.78926,0.899018,0.58533,0.00561102,-0.00243781,-0.278547,34.306,-23.1107,15.4238,5.10832,0.257165,3.8003,-3.82482,-2.54196,-0.0178054,0.03849,-0.0111129,0.0055701,0.00367755,-0.00593607,0.00592748,0.200033,1.74453,2.54132,3.39498,3.6311,2.94496,23.5042,7.85343,7.63594,-35.4394,-97.0036,-96.8256,0,0,-0,-6.5,-2,-0.00347066,0,0,-0,-0,-0,0,-0,0,0,0,0,0,0,-0.523606,-0.00959822,0.523591,-0.00947038,3.14159,2.22731,0.407568,3.27451,-0.0095663,-0.392699,4.19155,-0.453912,3.14436,-0.00947852,0.523599,0,0,0,0,-8.6897e-05,-0.523606,0.523592,3.14159,2.22731,3.27451,-0.39068,4.19155,3.14435,0.526362,0,-0.508382,-0.00356104,2.30735e-08,0.0764657,0.00073551,-0.00118721,0.0011855,0.000493333,0.0474074,0.0117992,1.00016,40.7178,-14.8029,0.762681,230.911,-83.6313,-0.00159168,-272.846,91.9411,-0.128442
0.04,-6.50023,-2.00373,0.0583688,0.0837828,-9.46201e-05,0.631663,-0.523606,-0.429133,0.522382,0.0789092,3.14161,-2.18029,2.22748,-3.24617,3.27236,0.417159,-0.390532,-4.2465,4.19177,-3.14637,3.15373,-0.514792,0.526535,-5.45023,-2.00388,-7.8087,-0.408646,-7.77586,-3.66571,-4.90023,-2.00388,-7.3001,-0.618012,-7.30037,-3.38929,0.0932293,0.416715,-0.519175,0.0349109,-0.00372851,-0.0275655,-9.46201e-05,-0.0349102,-0.523606,-0.35624,0.523591,-0.0473524,3.14158,0.77564,2.22748,-0.628293,3.27468,-0.0497155,-0.390516,-4.79948,4.19177,2.24312,3.14457,-0.0546527,0.52658,-0.0475298,1.0014,0.0129869,-1.25175,1.25345,-0.263942,9.26503,-18.5553,9.30415,-1.31056,-4.81442,9.64201,-9.30425,4.63079,-0.34187,3.3064e-05,-6.62285e-05,-1.06854,11.5115,-26.2206,12.1531,0,14.9658,-10.1474,8.3734,-3.59211,4.51271,-0.825166,0.00784463,-0.0017631,-1.39822,-110.685,-38.3876,15.5731,36.8569,93.2074,11.3854,-3.88616,-18.3335,8.07119,6.09985,-0.0238712,0.00611642,0.0286533,2.69085,-2.68664,0.200157,1.17391,1.64782,2.00825,4.72376,3.94849,-1.6193,1.42516,1.24957,6.37387,-0.0900996,0.454782,0.208255,0.232269,0.419129,-6.5,-2,-0.00372851,0,0,-1.73472e-18,-1.04083e-17,-9.3559e-18,9.35294e-18,3.81639e-17,2.77556e-17,2.54245e-17,4.16334e-17,2.77556e-17,1.01915e-17,0,-0.523606,-0.0558059,0.523591,-0.00947002,3.14159,2.22748,-0.125659,3.27468,-0.0099431,-0.392699,4.19177,0.448615,3.14457,-0.0109305,0.523599,0,0,0,0.0348905,-9.46201e-05,-0.523606,0.523591,3.14158,2.22748,3.27468,-0.390516,4.19177,3.14457,0.52658,0,-3.66662,1.61422,-1.04575e-05,5.85213,0.00573066,0.538169,-0.537328,0.240405,0.0474074,0.0117992,1.00018,17.5564,2.32633,0.828605,-45.5921,21.1025,0.255508,352.502,-116.301,-1.28165
0.06,-6.50024,-2.0038,0.073172,0.104167,-9.68924e-05,0.65559,-0.523606,-0.416845,0.521725,0.0901452,3.14161,-2.18112,2.22753,-3.23817,3.27381,0.426528,-0.390484,-4.17438,4.19183,-3.12451,3.14719,-0.49911,0.526602,-5.45024,-2.00395,-7.80871,-0.408745,-7.77585,-3.66582,-4.90024,-2.00396,-7.30011,-0.618086,-7.30037,-3.38937,0.104859,0.426121,-0.503923,0.0584457,-0.00380434,-0.015593,-9.68924e-05,-0.0554596,-0.523606,-0.52543,0.523591,-0.0473532,3.14158,0.116376,2.22753,-0.27644,3.27472,-0.0494327,-0.390468,-1.58976,4.19183,0.592729,3.14463,-0.0523182,0.526644,-0.0477372,1.0036,0.0279964,-1.2545,1.25904,-0.697148,9.51691,-19.1026,9.59121,-1.73077,-5.05649,10.1496,-9.59132,4.71663,-0.509572,3.35116e-05,-6.72759e-05,-1.04115,2.50777,-25.8554,12.4194,0,13.0981,-2.33528,8.13239,-3.73937,3.87441,-0.285178,0.00784003,-0.0019077,-1.20045,-27.0442,-32.7203,15.604,20.9049,19.0449,8.5476,-3.88341,-10.3974,5.3555,1.11973,-0.0198705,0.00624526,0.016601,1.78547,-1.78262,0.200377,0.740163,1.01922,1.19635,5.33818,4.51033,-0.0414721,1.82754,1.71859,3.60599,1.00594,1.23922,0.212014,0.19932,0.277973,-6.5,-2,-0.00380434,0,0,0,1.38778e-17,1.01801e-17,-5.7251e-17,3.46945e-17,3.64292e-17,3.44234e-17,4.51028e-17,4.85723e-17,3.82723e-17,0,-0.523606,-0.0811841,0.523591,-0.00946992,3.14159,2.22753,-0.0552881,3.27472,-0.00988653,-0.392699,4.19183,0.118543,3.14464,-0.0104636,0.523599,0,0,0,0.0583688,-9.68924e-05,-0.523606,0.523591,3.14158,2.22753,3.27472,-0.390468,4.19183,3.14463,0.526644,0,-2.07944,1.07109,-6.93852e-06,1.29314,0.00332019,0.357094,-0.356523,0.0431209,0.0474074,0.0117992,1.00018,3.40669,12.7845,0.862169,-7.95848,7.28525,0.13001,107.488,-31.7526,-0.353111
0.08,-6.49998,-2.00387,0.0827278,0.116992,-9.58624e-05,0.670515,-0.523795,-0.408703,0.521165,0.0964217,3.14143,-2.1762,2.22768,-3.23302,3.27416,0.432697,-0.390337,-4.1508,4.19202,-3.11261,3.14488,-0.488888,0.526768,-5.44998,-2.00392,-7.80848,-0.40889,-7.77554,-3.66596,-4.89998,-2.00403,-7.29985,-0.618157,-7.30011,-3.38944,0.112627,0.43148,-0.494494,0.0733164,-0.00387432,-0.00846756,-9.58624e-05,-0.0765912,-0.523795,-0.621387,0.523402,-0.0472528,3.1414,-0.021719,2.22768,-0.226998,3.27488,-0.049455,-0.390317,-0.401329,4.19202,-0.033709,3.14482,-0.0512366,0.526809,-0.0479223,1.00556,0.0369889,-1.25696,1.26389,-1.05638,9.6805,-19.4677,9.7795,-1.85414,-5.21042,10.4784,-9.7784,4.75944,-0.599939,9.74322e-05,-0.000195969,-1.02426,0.827743,-25.8919,12.4688,0,12.7584,-1.03152,8.14298,-3.75633,3.71921,-0.216511,0.00826651,-0.00201758,-1.15235,-5.04077,-30.6718,15.6537,16.4378,2.8012,7.50855,-3.89064,-8.17289,4.36443,0.00973389,-0.0174458,0.00599141,0.0124899,1.4553,-1.45307,0.200573,0.47779,0.641218,0.746233,5.73991,4.82368,0.246411,2.09299,2.03008,1.17893,1.61093,1.7645,0.213977,0.191355,0.22656,-6.5,-2,-0.00387432,0,0,0,-3.46945e-18,-7.71139e-18,7.71139e-18,-4.51028e-17,-4.51028e-17,-4.58075e-17,5.07407e-17,5.12828e-17,6.90637e-17,0,-0.523795,-0.0955884,0.523401,-0.00944806,3.14159,2.22768,-0.0454001,3.27487,-0.00989101,-0.392699,4.19202,-0.00674155,3.1448,-0.0102473,0.523599,0,0,0,0.073172,-9.58624e-05,-0.523795,0.523402,3.1414,2.22768,3.27488,-0.390317,4.19202,3.14482,0.526809,0,-1.6347,0.872929,2.1626e-05,0.330667,0.00249797,0.291059,-0.290614,-0.000509373,0.0474074,0.0117992,1.00018,-4.86743,19.0072,0.939303,-2.7036,5.77756,0.0697757,21.9836,-2.39961,-0.204831
0.1,-6.49915,-2.00393,0.0890538,0.125708,-0.000111261,0.680896,-0.523991,-0.402548,0.520738,0.100599,3.14123,-2.17222,2.22781,-3.23004,3.27425,0.436123,-0.390209,-4.14434,4.19216,-3.10788,3.14435,-0.484206,0.526909,-5.44915,-2.00389,-7.80766,-0.409004,-7.7747,-3.66607,-4.89915,-2.00411,-7.299,-0.618204,-7.29931,-3.38948,0.118549,0.43442,-0.490442,0.0828895,-0.00393334,-0.00428653,-0.00015393,-0.0895368,-0.524034,-0.681372,0.523164,-0.0471664,3.14116,-0.0454686,2.22776,-0.236712,3.27496,-0.0494692,-0.390231,-0.113255,4.19212,-0.201063,3.14492,-0.051199,0.526909,-0.0480745,1.00706,0.0423102,-1.25884,1.26749,-1.28117,9.7884,-19.7113,9.90625,-1.92791,-5.31066,10.6945,-9.90393,4.78616,-0.654863,0.000160565,-0.000323414,-1.01374,0.584555,-25.9887,12.4695,0,12.7405,-0.890301,8.19381,-3.747,3.67907,-0.225209,0.00841225,-0.0020317,-1.13986,-0.383079,-30.1358,15.6977,15.4426,-0.299866,7.22673,-3.8994,-7.6762,4.13739,-0.219069,-0.0177389,0.00625838,0.0122216,1.37962,-1.37742,0.200723,0.316299,0.435802,0.519078,6.04238,5.03211,0.198909,2.24828,2.20669,0.323035,1.85406,2.00026,0.215242,0.18933,0.214824,-6.4991,-2,-0.00393334,0,4,0,-1.38778e-17,6.06476e-18,-2.99782e-17,-1.9082e-17,-2.08167e-17,-3.10624e-17,-1.04083e-17,-1.04083e-17,6.17995e-18,0,-0.524034,-0.1046,0.523161,-0.00942875,3.14159,2.22776,-0.0473425,3.27496,-0.00989385,-0.392699,4.19212,-0.0402144,3.1449,-0.0102398,0.523599,0,0,0,0.0826851,-0.00015393,-0.524034,0.523164,3.14116,2.22776,3.27496,-0.390231,4.19212,3.14492,0.526909,4.26693e-05,-1.53534,0.827514,1.75251e-05,0.108413,0.00244432,0.275924,-0.275484,-0.00933943,0.047418,0.0118027,1.00019,-9.37974,22.6619,1.02566,-4.17575,6.66507,0.0448807,-0.203176,5.38466,-0.193342
0.12,-6.49777,-2.00399,0.0934306,0.132137,-0.000127727,0.688923,-0.524203,-0.397381,0.520367,0.103661,3.14103,-2.16972,2.22792,-3.22843,3.27431,0.437977,-0.390095,-4.14207,4.19228,-3.10635,3.14432,-0.482482,0.527031,-5.44777,-2.00386,-7.80628,-0.409106,-7.77331,-3.66618,-4.89777,-2.00419,-7.29759,-0.618247,-7.29795,-3.38953,0.123552,0.435983,-0.489062,0.0891993,-0.00398986,-0.00123205,-0.00023441,-0.098419,-0.524309,-0.723086,0.522888,-0.047079,3.14088,-0.0494804,2.22782,-0.249488,3.27501,-0.0494841,-0.390179,-0.0656907,4.19218,-0.239805,3.14498,-0.0513159,0.526968,-0.0481934,1.00814,0.0462181,-1.26022,1.27018,-1.44316,9.86557,-19.8872,9.99876,-1.97456,-5.3819,10.8493,-9.99513,4.80463,-0.692384,0.000228647,-0.000461081,-1.00644,0.57693,-26.064,12.467,0,12.7535,-0.914287,8.23439,-3.73841,3.66113,-0.238609,0.00848123,-0.0020304,-1.13424,0.392468,-30.0188,15.7332,15.2745,-0.833229,7.15684,-3.90697,-7.59101,4.11263,-0.2702,-0.0182208,0.00648034,0.0124863,1.37139,-1.36913,0.200832,0.21884,0.321491,0.40135,6.2952,5.1849,0.12481,2.3347,2.30478,0.113797,1.93689,2.08813,0.21613,0.188443,0.213581,-6.49775,-2,-0.00398986,0,10,-3.46945e-18,6.93889e-18,-2.03288e-19,-4.77862e-17,2.94903e-17,2.77556e-17,1.91904e-17,-5.37764e-17,-5.37764e-17,-6.54858e-17,0,-0.524309,-0.110872,0.522887,-0.00940892,3.14159,2.22782,-0.0498977,3.27501,-0.00989681,-0.392699,4.19218,-0.0479633,3.14496,-0.0102632,0.523599,0,0,0,0.0889471,-0.00023441,-0.524309,0.522888,3.14088,2.22782,3.27501,-0.390179,4.19218,3.14498,0.526968,0.000106683,-1.5183,0.82256,1.75257e-05,0.0336262,0.00249727,0.274277,-0.273826,-0.0111888,0.047434,0.0118081,1.00019,-11.988,25.0083,1.11974,-5.97487,7.53479,0.0318245,-5.36416,7.30315,-0.201268
0.14,-6.49584,-2.00405,0.0966588,0.137383,-0.000143442,0.69588,-0.524427,-0.392562,0.520019,0.106194,3.14081,-2.16837,2.22804,-3.22767,3.2744,0.438909,-0.389973,-4.14124,4.19242,-3.10597,3.1444,-0.481878,0.527163,-5.44584,-2.00382,-7.80435,-0.409213,-7.77136,-3.66628,-4.89584,-2.00428,-7.29564,-0.618292,-7.29604,-3.38957,0.128242,0.4367,-0.488733,0.0935276,-0.00404741,0.00138239,-0.000335495,-0.104839,-0.524619,-0.755433,0.522578,-0.0469898,3.14057,-0.0503417,2.22785,-0.257953,3.27505,-0.0495146,-0.390142,-0.059232,4.19223,-0.251914,3.14503,-0.0514803,0.527016,-0.0482899,1.00894,0.0495721,-1.26123,1.27229,-1.57131,9.92581,-20.0259,10.073,-2.01041,-5.43729,10.9706,-10.0678,4.81902,-0.721161,0.000302003,-0.000609627,-1.00085,0.603765,-26.1132,12.4679,0,12.7508,-0.94639,8.26128,-3.73382,3.64747,-0.247283,0.00857262,-0.00204067,-1.12994,0.528936,-29.993,15.7625,15.2637,-0.943281,7.13426,-3.91312,-7.58387,4.12111,-0.287055,-0.0188273,0.00671984,0.0129109,1.37424,-1.3719,0.200911,0.16141,0.262296,0.347844,6.52963,5.31066,0.0674104,2.37836,2.35676,0.0413687,1.96238,2.12006,0.216826,0.187764,0.214053,-6.49595,-2,-0.00404741,0,18,-3.46945e-18,-1.38778e-17,-1.39998e-17,1.39862e-17,-3.81639e-17,-3.46945e-17,-3.33934e-17,6.245e-17,6.245e-17,6.49437e-17,0,-0.524619,-0.115743,0.522577,-0.00938847,3.14159,2.22785,-0.0515907,3.27505,-0.00990293,-0.392699,4.19223,-0.0503855,3.14501,-0.0102961,0.523599,0,0,0,0.0932385,-0.000335495,-0.524619,0.522578,3.14057,2.22785,3.27505,-0.390142,4.19223,3.14503,0.527016,0.000192053,-1.51687,0.824257,1.784e-05,-0.00713416,0.00258218,0.274848,-0.27438,-0.0117375,0.0474552,0.0118152,1.00019,-13.4788,26.6191,1.22319,-7.28565,8.12254,0.0226194,-7.14254,7.98464,-0.211187
0.16,-6.4935,-2.00411,0.0992838,0.142406,-0.000177109,0.70306,-0.524712,-0.387156,0.519628,0.108735,3.14053,-2.16794,2.22812,-3.22746,3.27446,0.438871,-0.389897,-4.1413,4.19248,-3.10605,3.14445,-0.482219,0.527224,-5.4435,-2.00378,-7.80198,-0.409289,-7.76905,-3.66635,-4.8935,-2.00439,-7.29325,-0.618329,-7.29374,-3.38961,0.133537,0.436901,-0.488826,0.0966674,-0.00411225,0.00391635,-0.00048658,-0.110026,-0.525022,-0.783587,0.522176,-0.0469336,3.14017,-0.0516122,2.22781,-0.261916,3.27501,-0.0495363,-0.390184,-0.0602789,4.19217,-0.256072,3.14497,-0.0516008,0.52696,-0.0483763,1.00954,0.0528293,-1.26201,1.27408,-1.68568,9.978,-20.1473,10.1393,-2.04115,-5.48533,11.0766,-10.1324,4.8316,-0.745933,0.000359804,-0.000727055,-0.99603,0.624979,-26.1437,12.4739,0,12.7265,-0.958853,8.27722,-3.73294,3.63323,-0.250797,0.00858725,-0.00203811,-1.12548,0.549249,-29.9942,15.7869,15.2968,-0.964449,7.12838,-3.91864,-7.59956,4.13565,-0.293599,-0.0191836,0.00685991,0.0131858,1.3791,-1.3767,0.200971,0.131249,0.251148,0.358969,6.79282,5.435,0.0215813,2.39299,2.35859,-0.00304528,1.9616,2.10324,0.217431,0.187047,0.214829,-6.49348,-2,-0.00411225,0,29,3.46945e-18,-6.93889e-18,-2.33103e-18,2.33103e-18,1.73472e-17,2.08167e-17,2.01662e-17,3.29597e-17,3.46945e-17,4.32597e-17,0,-0.525022,-0.119988,0.522173,-0.00937498,3.14159,2.22781,-0.0523834,3.27501,-0.00990727,-0.392699,4.19217,-0.0512169,3.14495,-0.0103202,0.523599,0,0,0,0.0963493,-0.00048658,-0.525022,0.522176,3.14017,2.22781,3.27501,-0.390184,4.19217,3.14497,0.52696,0.000309471,-1.52,0.827163,1.66079e-05,-0.0424999,0.00263717,0.275819,-0.27534,-0.011903,0.0474845,0.011825,1.0002,-13.9351,27.6855,1.35643,-8.25031,8.48775,0.0372119,-8.18271,8.32597,-0.190345
0.18,-6.4909,-2.00418,0.101615,0.14742,-0.000218206,0.71047,-0.524998,-0.381661,0.51923,0.111337,3.14025,-2.16803,2.22815,-3.22746,3.27449,0.438348,-0.389866,-4.14179,4.19244,-3.10618,3.14441,-0.48313,0.527188,-5.4409,-2.00376,-7.79933,-0.409342,-7.76652,-3.66637,-4.8909,-2.00453,-7.2906,-0.618367,-7.2912,-3.38965,0.138914,0.436892,-0.488965,0.0991998,-0.00418393,0.0069251,-0.000645135,-0.11435,-0.525425,-0.813281,0.521772,-0.046886,3.13976,-0.0522954,2.22772,-0.262411,3.27492,-0.0495437,-0.390272,-0.0618388,4.19201,-0.25617,3.14481,-0.051588,0.526805,-0.0484532,1.01004,0.0566867,-1.26266,1.27587,-1.80277,10.0313,-20.2729,10.2102,-2.08043,-5.53489,11.1869,-10.2016,4.84555,-0.771878,0.000412697,-0.000834875,-0.991117,0.661246,-26.1608,12.4868,0,12.6761,-0.965377,8.28474,-3.73591,3.6164,-0.250244,0.0085414,-0.00202617,-1.12024,0.567271,-30.011,15.8091,15.3605,-0.966935,7.13352,-3.92442,-7.63171,4.15313,-0.294963,-0.018918,0.00677079,0.0130503,1.38493,-1.38256,0.201021,0.116538,0.250667,0.370509,7.06052,5.56204,-0.00452064,2.39414,2.33451,-0.0242826,1.95289,2.05799,0.218087,0.186189,0.215748,-6.491,-2,-0.00418393,0,40,3.46945e-18,0,-1.76183e-17,4.18502e-17,1.56125e-17,1.21431e-17,8.94467e-18,-7.11237e-17,-7.11237e-17,-7.68699e-17,0,-0.525425,-0.124465,0.52177,-0.00936321,3.14159,2.22772,-0.0524822,3.27492,-0.00990873,-0.392699,4.19201,-0.0512364,3.1448,-0.0103176,0.523599,0,0,0,0.0988568,-0.000645135,-0.525425,0.521772,3.13976,2.22772,3.27492,-0.390272,4.19201,3.14481,0.526805,0.000426928,-1.52643,0.830657,1.56491e-05,-0.0633601,0.00261006,0.276986,-0.276512,-0.0119,0.0475137,0.0118348,1.0002,-14.3822,28.7806,1.49002,-8.75083,8.62803,0.0654831,-8.66938,8.43691,-0.140999
0.2,-6.48805,-2.00425,0.103784,0.152608,-0.000259381,0.718329,-0.525278,-0.375846,0.518834,0.114101,3.13997,-2.16861,2.22817,-3.22778,3.27452,0.437343,-0.389843,-4.14278,4.19243,-3.10674,3.14441,-0.484371,0.527187,-5.43805,-2.00374,-7.79643,-0.409391,-7.76373,-3.66641,-4.88805,-2.00467,-7.28769,-0.618405,-7.28841,-3.38969,0.144607,0.436575,-0.489522,0.101415,-0.0042563,0.010295,-0.000825174,-0.119016,-0.525844,-0.844001,0.521353,-0.0468139,3.13934,-0.0520981,2.22761,-0.261169,3.2748,-0.0495489,-0.390389,-0.0606945,4.19187,-0.25535,3.14467,-0.0516276,0.526663,-0.0485307,1.01049,0.0610093,-1.26326,1.27772,-1.93295,10.0864,-20.4042,10.2852,-2.1142,-5.58655,11.3027,-10.2752,4.85993,-0.798436,0.000486049,-0.000984496,-0.985998,0.714758,-26.1702,12.5039,0,12.6098,-0.974262,8.28766,-3.74124,3.59805,-0.247664,0.00846359,-0.0020094,-1.11453,0.631239,-30.0371,15.833,15.437,-0.987265,7.14276,-3.93038,-7.66977,4.1702,-0.294915,-0.018882,0.00676203,0.0130775,1.39063,-1.38825,0.201066,0.108478,0.259413,0.392953,7.34523,5.69976,-0.0287092,2.37924,2.28617,-0.0496806,1.92481,1.9962,0.218755,0.185249,0.21664,-6.48808,-2,-0.0042563,0,53,1.04083e-17,1.38778e-17,1.01373e-17,3.84892e-17,1.73472e-18,5.20417e-18,2.6563e-18,1.04083e-17,6.93889e-18,4.66207e-18,0,-0.525844,-0.129096,0.52135,-0.00934567,3.14159,2.22761,-0.0522338,3.2748,-0.00990978,-0.392699,4.19187,-0.051072,3.14466,-0.0103255,0.523599,0,0,0,0.101049,-0.000825174,-0.525844,0.521353,3.13934,2.22761,3.2748,-0.390389,4.19187,3.14467,0.526663,0.000565793,-1.53403,0.834069,1.38216e-05,-0.0826945,0.00261549,0.278125,-0.277651,-0.0118554,0.0475483,0.0118464,1.0002,-14.6651,29.8468,1.62845,-9.14588,8.68127,0.102585,-9.17525,8.50309,-0.0951815
0.22,-6.48499,-2.00432,0.105825,0.157951,-0.000300797,0.726692,-0.525664,-0.369481,0.51833,0.116614,3.1396,-2.1696,2.22818,-3.22836,3.27454,0.435941,-0.389831,-4.14424,4.19248,-3.10778,3.14446,-0.485881,0.527233,-5.43499,-2.00366,-7.79331,-0.40943,-7.76071,-3.66646,-4.88499,-2.0048,-7.28457,-0.618438,-7.2854,-3.38972,0.150845,0.436008,-0.490553,0.103457,-0.00432504,0.0140973,-0.0010162,-0.125342,-0.526379,-0.875849,0.520818,-0.0467398,3.13881,-0.0516369,2.22747,-0.258115,3.27466,-0.0495423,-0.390528,-0.0590313,4.19176,-0.252826,3.14457,-0.0517362,0.526558,-0.0486085,1.01091,0.0658874,-1.26383,1.2797,-2.09229,10.1452,-20.546,10.366,-2.12688,-5.64195,11.4279,-10.3543,4.87384,-0.825451,0.000563836,-0.00114365,-0.980456,0.778777,-26.173,12.5258,0,12.5263,-0.980639,8.28647,-3.74899,3.57732,-0.242953,0.00832555,-0.00198092,-1.10807,0.70871,-30.0756,15.8598,15.5332,-1.00619,7.15706,-3.93673,-7.71701,4.18915,-0.292495,-0.0191555,0.00686219,0.0133287,1.39695,-1.39453,0.201108,0.102052,0.267155,0.41817,7.65688,5.82469,-0.0494945,2.35089,2.21805,-0.0731594,1.87506,1.92106,0.219401,0.184183,0.217627,-6.48494,-1.99999,-0.00432504,0,67,0,0,-9.02598e-18,5.77338e-17,1.73472e-17,1.56125e-17,1.88109e-17,-6.76542e-17,-6.76542e-17,-5.09575e-17,0,-0.526379,-0.133898,0.520816,-0.00932736,3.14159,2.22747,-0.051623,3.27466,-0.00990846,-0.392699,4.19176,-0.0505671,3.14455,-0.0103472,0.523599,0,0,0,0.103069,-0.0010162,-0.526379,0.520818,3.13881,2.22747,3.27466,-0.390528,4.19176,3.14457,0.526558,0.000715401,-1.54347,0.837856,1.32747e-05,-0.0989147,0.00266575,0.27939,-0.278907,-0.0117241,0.0475856,0.0118588,1.00021,-14.9488,30.9716,1.80376,-9.41212,8.64591,0.146213,-9.55627,8.48006,-0.0605987
0.24,-6.48171,-2.00439,0.107804,0.163407,-0.000343472,0.735343,-0.526079,-0.362934,0.517788,0.118975,3.13919,-2.17085,2.22819,-3.22909,3.27456,0.434354,-0.389822,-4.14592,4.19251,-3.10894,3.14451,-0.487574,0.527264,-5.43171,-2.00357,-7.78998,-0.409467,-7.75748,-3.66651,-4.88171,-2.00494,-7.28124,-0.618472,-7.28219,-3.38975,0.157257,0.435295,-0.491693,0.105369,-0.00439531,0.0182681,-0.00120855,-0.131201,-0.526944,-0.909651,0.520253,-0.0465127,3.13824,-0.0509516,2.22732,-0.253555,3.27452,-0.0495298,-0.390672,-0.0586724,4.19164,-0.248019,3.14444,-0.0518278,0.526439,-0.0486846,1.01131,0.0712396,-1.26438,1.28182,-2.25808,10.2083,-20.6993,10.4552,-2.14515,-5.70037,11.5608,-10.44,4.88869,-0.85417,0.000746315,-0.00151606,-0.974749,0.851874,-26.17,12.5519,0,12.4285,-0.98517,8.2818,-3.75886,3.55457,-0.236505,0.00816249,-0.0019485,-1.10099,0.770265,-30.1243,15.8882,15.6504,-1.00707,7.17699,-3.9436,-7.77481,4.21117,-0.287083,-0.0193434,0.00692905,0.0135336,1.4043,-1.40185,0.201149,0.0989462,0.272805,0.432523,7.97062,5.94294,-0.062499,2.31471,2.14074,-0.0838153,1.81866,1.83674,0.220106,0.183013,0.218773,-6.48179,-1.99999,-0.00439531,0,81,6.93889e-18,0,1.78893e-18,2.26598e-17,1.9082e-17,1.73472e-17,6.28837e-18,-6.245e-17,-6.41848e-17,-6.34258e-17,0,-0.526944,-0.139017,0.520251,-0.00927426,3.14159,2.22732,-0.050711,3.27452,-0.00990596,-0.392699,4.19164,-0.0496056,3.14443,-0.0103656,0.523599,0,0,0,0.10496,-0.00120855,-0.526944,0.520253,3.13824,2.22732,3.27452,-0.390672,4.19164,3.14444,0.526439,0.000865074,-1.55503,0.842258,1.21305e-05,-0.108093,0.00270672,0.28086,-0.28037,-0.0114881,0.0476229,0.0118713,1.00021,-15.4114,32.2194,1.98679,-9.4835,8.51605,0.190678,-9.62243,8.33236,-0.0220291
0.26,-6.47824,-2.00446,0.109761,0.169115,-0.000386822,0.744572,-0.52652,-0.355506,0.517228,0.12156,3.13876,-2.17241,2.22819,-3.23002,3.27459,0.432394,-0.38982,-4.14784,4.19252,-3.11021,3.14454,-0.489551,0.527281,-5.42824,-2.00347,-7.78644,-0.4095,-7.75406,-3.66655,-4.87824,-2.00507,-7.2777,-0.618505,-7.27877,-3.38979,0.164553,0.434387,-0.492944,0.107198,-0.0044663,0.0226665,-0.00142303,-0.137266,-0.527557,-0.94137,0.519641,-0.0456271,3.13763,-0.0502767,2.22715,-0.248034,3.27435,-0.0495152,-0.390843,-0.0583968,4.19148,-0.242219,3.14429,-0.0519051,0.526282,-0.0487653,1.0117,0.0768943,-1.26492,1.28406,-2.43456,10.2744,-20.8611,10.5502,-2.1462,-5.75539,11.6884,-10.5233,4.90021,-0.88226,0.00138732,-0.00282279,-0.969613,0.929215,-26.1637,12.5811,0,12.3215,-0.987572,8.27499,-3.77018,3.53042,-0.228988,0.00796715,-0.00190952,-1.09347,0.832956,-30.1777,15.9177,15.7779,-1.00376,7.19972,-3.9509,-7.83801,4.23448,-0.280303,-0.0194383,0.00696151,0.0136805,1.41208,-1.40961,0.201188,0.0978517,0.285415,0.461447,8.29399,6.07238,-0.0780797,2.26833,2.04472,-0.0962725,1.75581,1.73828,0.220748,0.181771,0.219985,-6.4782,-1.99999,-0.0044663,0,97,6.93889e-18,6.93889e-18,2.85687e-17,-4.22839e-18,-4.85723e-17,-4.51028e-17,-4.84096e-17,-3.46945e-17,-3.46945e-17,-9.97466e-18,0,-0.527557,-0.143932,0.519639,-0.00907139,3.14159,2.22715,-0.049607,3.27435,-0.00990304,-0.392699,4.19148,-0.0484451,3.14428,-0.010381,0.523599,0,0,0,0.106768,-0.00142303,-0.527557,0.519641,3.13763,2.22715,3.27435,-0.390843,4.19148,3.14429,0.526282,0.00103621,-1.56765,0.846914,9.12892e-06,-0.119763,0.0027361,0.282416,-0.281922,-0.0111952,0.0476655,0.0118856,1.00021,-15.6372,33.3414,2.1742,-9.5634,8.35753,0.243785,-9.70877,8.1618,0.0277289
0.28,-6.47454,-2.00452,0.111694,0.174922,-0.000425832,0.753978,-0.526959,-0.348131,0.516661,0.124035,3.13834,-2.17416,2.22818,-3.23103,3.27461,0.430302,-0.389823,-4.14991,4.19253,-3.11163,3.14458,-0.491692,0.527293,-5.42453,-2.00335,-7.78269,-0.409531,-7.75041,-3.66659,-4.87454,-2.0052,-7.27395,-0.61854,-7.27513,-3.38982,0.171786,0.433399,-0.494338,0.109006,-0.00453616,0.0274337,-0.00163326,-0.142723,-0.528166,-0.975847,0.519032,-0.0447043,3.13702,-0.049353,2.22698,-0.241439,3.27417,-0.0494936,-0.391019,-0.0574967,4.19132,-0.23551,3.14413,-0.0519748,0.526121,-0.0488462,1.0121,0.083028,-1.26547,1.28649,-2.61717,10.3459,-21.0372,10.6558,-2.15705,-5.81491,11.8273,-10.616,4.91344,-0.912612,0.00207139,-0.00422209,-0.964222,1.01616,-26.1537,12.6144,0,12.2027,-0.990065,8.26579,-3.78341,3.50433,-0.220282,0.00774171,-0.00186463,-1.08535,0.90954,-30.2372,15.9496,15.9186,-1.00251,7.22552,-3.9588,-7.90775,4.25921,-0.27223,-0.0194968,0.00698003,0.0138097,1.42033,-1.41785,0.201228,0.0966257,0.290343,0.470309,8.61133,6.19537,-0.0873747,2.21748,1.9422,-0.103328,1.68531,1.6316,0.221474,0.180427,0.22127,-6.47461,-1.99998,-0.00453616,0,113,6.93889e-18,0,-5.09575e-18,-1.92988e-17,3.98986e-17,3.81639e-17,3.88686e-17,5.37764e-17,5.20417e-17,5.07407e-17,0,-0.528166,-0.149283,0.51903,-0.00885787,3.14159,2.22698,-0.0482879,3.27417,-0.00989873,-0.392699,4.19132,-0.0471035,3.14411,-0.010395,0.523599,0,0,0,0.108554,-0.00163326,-0.528166,0.519032,3.13702,2.22698,3.27417,-0.391019,4.19132,3.14413,0.526121,0.00120742,-1.58161,0.851864,1.10981e-05,-0.125685,0.00276195,0.284066,-0.28357,-0.0108607,0.0477082,0.0118999,1.00022,-16.1863,34.6586,2.36095,-9.49437,8.12999,0.298151,-9.64032,7.91627,0.0789112
0.3,-6.47063,-2.00458,0.113548,0.181,-0.000478501,0.763706,-0.52724,-0.340932,0.516243,0.127286,3.13807,-2.17649,2.22826,-3.23282,3.27471,0.427845,-0.389744,-4.15243,4.19259,-3.11352,3.14467,-0.494149,0.527353,-5.42063,-2.00334,-7.77872,-0.409586,-7.74657,-3.66663,-4.87063,-2.00534,-7.26997,-0.618555,-7.27129,-3.38984,0.178836,0.431639,-0.496208,0.110767,-0.00459872,0.0323489,-0.00187864,-0.146557,-0.52864,-1.01257,0.518558,-0.0439593,3.13655,-0.0475806,2.22686,-0.234815,3.27406,-0.0495772,-0.391134,-0.0561671,4.19119,-0.228448,3.14399,-0.0521195,0.525986,-0.0489324,1.01249,0.0893669,-1.26603,1.28905,-2.78962,10.4195,-21.2202,10.7688,-2.19017,-5.87709,11.9732,-10.7168,4.92922,-0.944458,0.00265118,-0.00541416,-0.958779,1.11648,-26.1391,12.6478,0,12.0794,-1.00007,8.25561,-3.79725,3.47812,-0.211548,0.00794673,-0.00192349,-1.07723,0.994515,-30.302,15.9846,16.0661,-1.00333,7.25256,-3.96714,-7.98019,4.28437,-0.263449,-0.0198755,0.00711378,0.0141698,1.42873,-1.42619,0.201267,0.0927086,0.303889,0.486385,8.9236,6.35254,-0.11686,2.13209,1.82097,-0.125758,1.59341,1.50913,0.222307,0.179077,0.222578,-6.47057,-1.99998,-0.00459872,0,131,0,-6.93889e-18,-2.19551e-17,-2.60209e-18,-3.1225e-17,-3.46945e-17,-2.59124e-17,7.11237e-17,6.93889e-17,5.32343e-17,0,-0.52864,-0.154973,0.518556,-0.00868236,3.14159,2.22686,-0.0469632,3.27406,-0.00991544,-0.392699,4.19119,-0.0456913,3.14398,-0.0104239,0.523599,0,0,0,0.110293,-0.00187864,-0.52864,0.518558,3.13655,2.22686,3.27406,-0.391134,4.19119,3.14399,0.525986,0.00140014,-1.59611,0.856901,1.32316e-05,-0.14247,0.00283396,0.285746,-0.285238,-0.0104741,0.0477563,0.011916,1.00022,-16.5635,35.9419,2.5072,-9.69775,7.95138,0.33472,-9.85113,7.70787,0.122467
0.32,-6.46651,-2.00458,0.114842,0.186675,-0.000524432,0.773187,-0.527549,-0.333886,0.5158,0.130144,3.13777,-2.17983,2.22843,-3.23568,3.27491,0.424918,-0.389574,-4.15561,4.19268,-3.11605,3.14479,-0.497069,0.527442,-5.41651,-2.00325,-7.77458,-0.40964,-7.74249,-3.66664,-4.86651,-2.00542,-7.26579,-0.618523,-7.26724,-3.3898,0.18574,0.428805,-0.498698,0.11245,-0.0046093,0.0377355,-0.0021174,-0.153845,-0.529142,-1.04833,0.518055,-0.0432132,3.13605,-0.0457809,2.22684,-0.226439,3.27403,-0.0497649,-0.391158,-0.0551017,4.19108,-0.219499,3.14389,-0.0523091,0.52588,-0.0490175,1.01286,0.0963177,-1.26657,1.29184,-3.01498,10.4968,-21.4152,10.8874,-2.16953,-5.94169,12.1266,-10.8214,4.94203,-0.974798,0.0032501,-0.00665094,-0.953051,1.22519,-26.1147,12.6852,0,11.9374,-1.00665,8.24144,-3.81378,3.44921,-0.20081,0.00861354,-0.00209758,-1.06831,1.0804,-30.378,16.0231,16.2359,-0.995341,7.28468,-3.97615,-8.06332,4.31226,-0.251921,-0.0204531,0.00731679,0.0146882,1.43804,-1.43541,0.201304,0.064693,0.283734,0.474055,9.22212,6.48439,-0.166885,1.99724,1.67582,-0.159013,1.47155,1.36358,0.223024,0.177586,0.224028,-6.46654,-1.99997,-0.0046093,0,149,0,1.38778e-17,1.97867e-17,-4.4127e-17,-3.98986e-17,-3.81639e-17,-3.81097e-17,6.93889e-17,7.11237e-17,5.76796e-17,0,-0.529142,-0.160552,0.518052,-0.00850478,3.14159,2.22684,-0.045288,3.27403,-0.00995298,-0.392699,4.19108,-0.0439011,3.14387,-0.0104618,0.523599,0,0,0,0.111955,-0.0021174,-0.529142,0.518055,3.13605,2.22684,3.27403,-0.391158,4.19108,3.14389,0.52588,0.00159297,-1.61273,0.862475,1.12107e-05,-0.167327,0.00293764,0.287607,-0.287083,-0.00992625,0.0478044,0.0119322,1.00022,-17.4159,37.4304,2.66299,-10.1098,7.77435,0.343286,-10.2099,7.47138,0.156508
0.34,-6.46219,-2.00457,0.115676,0.191751,-0.000531459,0.781429,-0.527442,-0.329283,0.515751,0.133562,3.13788,-2.1837,2.22861,-3.23887,3.27515,0.421696,-0.38939,-4.15898,4.1927,-3.11856,3.14487,-0.500333,0.527468,-5.41219,-2.00331,-7.77029,-0.409718,-7.73817,-3.66664,-4.86219,-2.00542,-7.26146,-0.618507,-7.26293,-3.38979,0.190183,0.425664,-0.501161,0.113554,-0.00460691,0.043373,-0.00232808,-0.157184,-0.529239,-1.08974,0.517959,-0.0431678,3.13595,-0.0449808,2.22682,-0.214445,3.27401,-0.0499568,-0.391178,-0.0551392,4.1909,-0.207056,3.14371,-0.0524107,0.525699,-0.0490935,1.01311,0.103591,-1.26694,1.29453,-3.20604,10.5714,-21.6063,11.011,-2.21093,-6.01225,12.2934,-10.9416,4.96322,-1.00819,0.0033453,-0.00686005,-0.94679,1.32703,-26.0753,12.7289,0,11.7729,-0.995312,8.21906,-3.83435,3.41766,-0.186257,0.00929578,-0.00228304,-1.05856,1.14976,-30.4646,16.0581,16.4313,-0.963521,7.32487,-3.98485,-8.15999,4.34244,-0.235439,-0.0206158,0.00736473,0.014928,1.44811,-1.44545,0.201329,0.0417128,0.253815,0.412133,9.44191,6.65164,-0.193601,1.84698,1.51637,-0.168502,1.34717,1.20082,0.22402,0.175968,0.22561,-6.46228,-1.99997,-0.00460691,0,168,6.93889e-18,0,-1.05168e-17,1.05168e-17,-2.77556e-17,-2.77556e-17,-1.95698e-17,7.45931e-17,7.11237e-17,5.58364e-17,0,-0.529239,-0.16684,0.517956,-0.00848606,3.14159,2.22682,-0.0428892,3.27401,-0.00999135,-0.392699,4.1909,-0.0414126,3.14369,-0.0104821,0.523599,0,0,0,0.113045,-0.00232808,-0.529239,0.517959,3.13595,2.22682,3.27401,-0.391178,4.1909,3.14371,0.525699,0.00179662,-1.63207,0.868514,1.29951e-05,-0.176409,0.0029856,0.289621,-0.289091,-0.00921567,0.0478553,0.0119492,1.00022,-18.9621,39.28,2.6995,-9.9978,7.36838,0.35013,-9.99397,7.01236,0.212597
0.36,-6.45762,-2.00456,0.11625,0.196611,-0.0005336,0.789666,-0.527489,-0.323803,0.515587,0.136789,3.13784,-2.18803,2.22881,-3.24242,3.2754,0.418103,-0.389189,-4.16268,4.19281,-3.12147,3.14502,-0.503671,0.527574,-5.40762,-2.00327,-7.76575,-0.409807,-7.73358,-3.66667,-4.85762,-2.00542,-7.25688,-0.618495,-7.25836,-3.38978,0.19554,0.422172,-0.504026,0.114171,-0.00460517,0.0488323,-0.00255545,-0.167792,-0.529511,-1.12141,0.517687,-0.0433101,3.13568,-0.0449857,2.22679,-0.200688,3.27399,-0.050169,-0.391203,-0.0530263,4.19078,-0.194432,3.14359,-0.0526347,0.525578,-0.0491646,1.01325,0.11064,-1.26719,1.29701,-3.47479,10.637,-21.7783,11.1159,-2.12721,-6.07449,12.4431,-11.0434,4.9745,-1.03178,0.00330975,-0.00680103,-0.940812,1.41774,-26.0267,12.7735,0,11.6033,-0.972526,8.19217,-3.85637,3.38616,-0.170081,0.0100492,-0.00249166,-1.04883,1.25133,-30.5554,16.0925,16.6269,-0.946532,7.36584,-3.99282,-8.2556,4.36983,-0.218087,-0.0213244,0.00760646,0.0155637,1.45725,-1.4545,0.201343,0.0286828,0.24298,0.411811,9.70649,6.8006,-0.216482,1.67968,1.33836,-0.184921,1.20674,1.0344,0.224565,0.174351,0.227045,-6.45758,-1.99996,-0.00460517,0,189,0,0,-4.11997e-18,2.89482e-17,2.25514e-17,2.25514e-17,2.61835e-17,-4.68375e-17,-4.85723e-17,-6.72205e-17,0,-0.529511,-0.171658,0.517685,-0.00851194,3.14159,2.22679,-0.0401379,3.27399,-0.0100338,-0.392699,4.19078,-0.0388878,3.14357,-0.0105269,0.523599,0,0,0,0.113654,-0.00255545,-0.529511,0.517687,3.13568,2.22679,3.27399,-0.391203,4.19078,3.14359,0.525578,0.00202185,-1.6512,0.873994,1.45903e-05,-0.186864,0.00311274,0.29145,-0.2909,-0.00847617,0.0479115,0.011968,1.00022,-19.4749,40.5414,2.79333,-9.74975,6.87938,0.358414,-9.87485,6.54876,0.251102
0.38,-6.4528,-2.00456,0.116744,0.201428,-0.000537428,0.797845,-0.527505,-0.318539,0.515447,0.139918,3.13782,-2.19259,2.22902,-3.24612,3.27567,0.41438,-0.388985,-4.16646,4.19292,-3.12446,3.1452,-0.507012,0.527691,-5.40279,-2.00327,-7.76097,-0.409903,-7.72872,-3.66672,-4.8528,-2.00542,-7.25205,-0.618488,-7.25354,-3.38977,0.200677,0.418534,-0.50695,0.114524,-0.00461129,0.0543505,-0.00278465,-0.176076,-0.529753,-1.15454,0.517445,-0.0433213,3.13544,-0.0453366,2.22677,-0.18551,3.27397,-0.0503884,-0.391226,-0.0523508,4.19067,-0.179895,3.14348,-0.0528767,0.525467,-0.0492301,1.01333,0.117768,-1.26737,1.29946,-3.7237,10.7029,-21.9521,11.2259,-2.07117,-6.13734,12.5948,-11.1504,4.98802,-1.0568,0.0033677,-0.00693445,-0.934974,1.50664,-25.9715,12.8206,0,11.4267,-0.944039,8.16171,-3.88,3.35387,-0.152667,0.0108432,-0.00271675,-1.03887,1.32866,-30.6539,16.127,16.8374,-0.908729,7.41079,-4.00073,-8.35846,4.39877,-0.197755,-0.0221116,0.00787296,0.0162729,1.46691,-1.46405,0.201351,0.0247461,0.240842,0.408994,9.96076,6.95202,-0.228063,1.50491,1.15345,-0.189157,1.06342,0.867804,0.225205,0.172689,0.228556,-6.45288,-1.99995,-0.00461129,0,210,0,6.93889e-18,-2.9924e-17,3.04661e-17,3.64292e-17,3.72966e-17,4.20128e-17,7.1991e-17,7.11237e-17,6.93889e-17,0,-0.529753,-0.176697,0.517443,-0.00850711,3.14159,2.22677,-0.0371023,3.27397,-0.0100777,-0.392699,4.19067,-0.0359804,3.14346,-0.0105753,0.523599,0,0,0,0.114002,-0.00278465,-0.529753,0.517445,3.13544,2.22677,3.27397,-0.391226,4.19067,3.14348,0.525467,0.00224722,-1.67178,0.879786,1.62197e-05,-0.190155,0.00325459,0.293382,-0.29281,-0.00764043,0.0479678,0.0119869,1.00022,-19.9989,41.8182,2.87598,-9.26202,6.29018,0.365769,-9.44406,5.97245,0.286357
0.4,-6.4477,-2.00454,0.117117,0.206278,-0.000537353,0.806185,-0.527535,-0.31312,0.515295,0.142949,3.1378,-2.19758,2.22923,-3.25017,3.27594,0.410259,-0.388769,-4.17045,4.19304,-3.12759,3.14538,-0.510579,0.527811,-5.39769,-2.00324,-7.75591,-0.409998,-7.72359,-3.66676,-4.8477,-2.0054,-7.24695,-0.618474,-7.24844,-3.38975,0.205969,0.414546,-0.51003,0.114775,-0.00460896,0.0599239,-0.00303158,-0.185044,-0.530029,-1.18755,0.517168,-0.0433974,3.13516,-0.0456449,2.22674,-0.169865,3.27394,-0.0506333,-0.391258,-0.0519413,4.19055,-0.164741,3.14335,-0.0531329,0.525338,-0.049299,1.01339,0.124979,-1.26752,1.30195,-3.98661,10.7693,-22.1285,11.3379,-2.00051,-6.20149,12.7504,-11.2604,5.00126,-1.08105,0.00338167,-0.00697812,-0.929008,1.59837,-25.9135,12.8691,0,11.248,-0.916008,8.12991,-3.90458,3.32122,-0.135055,0.011738,-0.002973,-1.0288,1.40097,-30.7551,16.162,17.0549,-0.865033,7.45716,-4.0088,-8.46468,4.42825,-0.176231,-0.0229341,0.0081505,0.0170218,1.47674,-1.47377,0.201357,0.018648,0.242546,0.416972,10.2268,7.09948,-0.249213,1.31318,0.948076,-0.199691,0.912397,0.689861,0.225818,0.171004,0.23009,-6.44773,-1.99993,-0.00460896,0,233,0,-1.38778e-17,-1.8052e-17,6.83047e-17,2.68882e-17,2.60209e-17,2.97071e-17,-3.55618e-17,-3.64292e-17,-3.83808e-17,0,-0.530029,-0.181704,0.517165,-0.00851715,3.14159,2.22674,-0.0339732,3.27393,-0.0101267,-0.392699,4.19055,-0.0329495,3.14333,-0.0106266,0.523599,0,0,0,0.11425,-0.00303158,-0.530029,0.517168,3.13516,2.22674,3.27394,-0.391258,4.19055,3.14335,0.525338,0.00249423,-1.69304,0.885683,1.7123e-05,-0.199538,0.00340436,0.295349,-0.294754,-0.0067394,0.0480296,0.0120076,1.00022,-20.3272,43.0193,2.97103,-8.89544,5.71565,0.376612,-9.13666,5.40336,0.327281
0.42,-6.44225,-2.00448,0.117001,0.210688,-0.000520291,0.814156,-0.527573,-0.308071,0.515131,0.145437,3.13777,-2.20312,2.2293,-3.25424,3.27609,0.405029,-0.388697,-4.17483,4.19312,-3.13104,3.14552,-0.514687,0.527891,-5.39225,-2.00313,-7.7505,-0.409987,-7.7181,-3.66675,-4.84225,-2.00532,-7.24153,-0.618428,-7.24297,-3.38971,0.210887,0.410542,-0.513404,0.114892,-0.00456399,0.0657269,-0.00327244,-0.194645,-0.530325,-1.22151,0.516872,-0.0434672,3.13486,-0.047341,2.22655,-0.152151,3.27375,-0.0507253,-0.391446,-0.0519504,4.19037,-0.1482,3.14317,-0.0533346,0.525156,-0.0493678,1.01342,0.132491,-1.26763,1.30452,-4.2683,10.8378,-22.3121,11.4553,-1.91668,-6.26878,12.9143,-11.3768,5.0149,-1.10549,0.00340167,-0.00703501,-0.922755,1.68042,-25.8543,12.9249,0,11.0591,-0.874186,8.09434,-3.93167,3.28584,-0.115697,0.0119482,-0.00306414,-1.01785,1.467,-30.8606,16.1969,17.287,-0.811028,7.50699,-4.01712,-8.57867,4.4593,-0.152488,-0.023493,0.00833105,0.017594,1.48711,-1.48405,0.201359,-0.00582285,0.220483,0.398556,10.4789,7.22496,-0.276888,1.11304,0.687348,-0.218835,0.744354,0.484895,0.226439,0.169184,0.231707,-6.44236,-1.99992,-0.00456399,0,257,-6.93889e-18,-6.93889e-18,-3.1984e-18,2.79724e-17,-1.73472e-18,-2.60209e-18,6.50521e-18,-7.71952e-17,-7.71952e-17,-9.63856e-17,0,-0.530325,-0.186838,0.51687,-0.00852535,3.14159,2.22655,-0.0304304,3.27374,-0.0101451,-0.392699,4.19037,-0.0296415,3.14315,-0.0106669,0.523599,0,0,0,0.114365,-0.00327244,-0.530325,0.516872,3.13486,2.22655,3.27375,-0.391446,4.19037,3.14317,0.525156,0.00275215,-1.71587,0.891906,2.29228e-05,-0.217094,0.00351881,0.297422,-0.296811,-0.0057048,0.0480941,0.0120292,1.00022,-21.1186,44.4496,3.07131,-8.61052,5.11366,0.434646,-8.97998,4.81313,0.383474
0.44,-6.43641,-2.00443,0.116629,0.214998,-0.000488091,0.82221,-0.527619,-0.302744,0.514967,0.147868,3.13773,-2.2092,2.22936,-3.25858,3.27621,0.399194,-0.38864,-4.17947,4.19318,-3.13454,3.14566,-0.519093,0.527948,-5.38641,-2.00299,-7.74472,-0.40998,-7.7122,-3.66674,-4.83641,-2.00521,-7.23573,-0.618394,-7.23709,-3.38968,0.216087,0.40627,-0.516832,0.114479,-0.00452158,0.0715968,-0.00353064,-0.204254,-0.530662,-1.2536,0.516536,-0.0434335,3.13453,-0.0469369,2.22631,-0.133574,3.27351,-0.0508276,-0.391684,-0.051714,4.19014,-0.129662,3.14294,-0.0535118,0.524919,-0.0494332,1.01332,0.140086,-1.2676,1.30692,-4.55562,10.9032,-22.4894,11.5705,-1.81958,-6.333,13.0722,-11.4905,5.02728,-1.12839,0.00350428,-0.00726335,-0.916791,1.78846,-25.7872,12.9829,0,10.8665,-0.846166,8.05432,-3.96038,3.2516,-0.0959038,0.0121624,-0.00316166,-1.00726,1.53581,-30.9727,16.2286,17.535,-0.748664,7.56182,-4.0249,-8.70087,4.49052,-0.125453,-0.0239098,0.00845577,0.0180758,1.49753,-1.49441,0.20135,-0.0185935,0.215476,0.402685,10.7423,7.35113,-0.304138,0.898549,0.395423,-0.231835,0.572094,0.264988,0.227019,0.16743,0.233343,-6.43633,-1.9999,-0.00452158,0,284,0,6.93889e-18,-1.86483e-17,-3.15503e-17,1.38778e-17,1.38778e-17,8.5652e-18,-5.37764e-17,-5.29091e-17,-3.58871e-17,0,-0.530662,-0.191699,0.516535,-0.00850893,3.14159,2.22631,-0.026715,3.27351,-0.0101655,-0.392699,4.19014,-0.0259337,3.14291,-0.0107024,0.523599,0,0,0,0.113958,-0.00353064,-0.530662,0.516536,3.13453,2.22631,3.27351,-0.391684,4.19014,3.14294,0.524919,0.00304255,-1.74033,0.898157,2.6476e-05,-0.230737,0.00361517,0.299505,-0.298882,-0.00456479,0.0481667,0.0120536,1.00022,-21.4944,45.6646,3.18254,-8.26781,4.45432,0.508503,-8.65178,4.12964,0.456534
0.46,-6.43012,-2.00435,0.115978,0.219328,-0.000471111,0.830439,-0.527636,-0.297532,0.514825,0.150264,3.13771,-2.21608,2.2294,-3.26357,3.27634,0.39258,-0.388589,-4.18452,4.19323,-3.13837,3.14578,-0.52389,0.527998,-5.38012,-2.00288,-7.73846,-0.409942,-7.70588,-3.6667,-4.83012,-2.0051,-7.22947,-0.618332,-7.23077,-3.38961,0.221171,0.401354,-0.52058,0.113797,-0.00446593,0.0776472,-0.00381506,-0.212611,-0.53098,-1.28756,0.516217,-0.0434858,3.13421,-0.0460792,2.22606,-0.113714,3.27326,-0.0509415,-0.391938,-0.0510822,4.18988,-0.109754,3.14269,-0.0536819,0.524663,-0.0494956,1.01316,0.147914,-1.2675,1.30931,-4.83859,10.9697,-22.6706,11.6917,-1.73668,-6.39966,13.2365,-11.6117,5.04185,-1.15226,0.00354345,-0.00736151,-0.910681,1.90553,-25.7131,13.0435,0,10.6669,-0.819419,8.01041,-3.99081,3.21655,-0.0752135,0.0124195,-0.00327556,-0.996432,1.6115,-31.0918,16.2605,17.7983,-0.682303,7.62065,-4.03282,-8.83074,4.52236,-0.0959798,-0.024286,0.00856321,0.0185409,1.50815,-1.50498,0.201334,-0.0325776,0.216537,0.411472,11.006,7.47685,-0.344238,0.651321,0.0636671,-0.252579,0.383194,0.0255204,0.227676,0.165629,0.235005,-6.43008,-1.99988,-0.00446593,0,312,6.93889e-18,2.08167e-17,4.93312e-18,2.02746e-17,-4.77049e-18,-5.63785e-18,2.81893e-18,1.60462e-17,1.69136e-17,3.79471e-17,0,-0.53098,-0.196821,0.516213,-0.00851224,3.14159,2.22606,-0.0227431,3.27325,-0.0101883,-0.392699,4.18988,-0.0219518,3.14266,-0.0107364,0.523599,0,0,0,0.113285,-0.00381506,-0.53098,0.516217,3.13421,2.22606,3.27326,-0.391938,4.18988,3.14269,0.524663,0.00334395,-1.76632,0.904529,2.90512e-05,-0.251184,0.00370819,0.30163,-0.300996,-0.0033101,0.0482422,0.0120789,1.00022,-21.7538,46.8527,3.29125,-8.03492,3.77514,0.587788,-8.45919,3.42858,0.534823
0.48,-6.42331,-2.00427,0.115211,0.22389,-0.00045471,0.839239,-0.527741,-0.29164,0.514596,0.152596,3.13762,-2.22371,2.22946,-3.26908,3.27648,0.38535,-0.388527,-4.1899,4.19329,-3.14243,3.14593,-0.528936,0.528061,-5.37331,-2.00272,-7.73169,-0.40991,-7.69903,-3.66666,-4.82331,-2.005,-7.22268,-0.61827,-7.22394,-3.38955,0.226927,0.395928,-0.52456,0.112809,-0.00441473,0.0840837,-0.00412188,-0.22334,-0.531408,-1.32166,0.515789,-0.0436815,3.13378,-0.0446528,2.22579,-0.0918975,3.27299,-0.0510765,-0.392204,-0.0497378,4.18962,-0.0879105,3.14242,-0.0538792,0.524398,-0.0495571,1.01294,0.156237,-1.26732,1.31177,-5.16622,11.0385,-22.8598,11.8174,-1.61136,-6.46995,13.4106,-11.7389,5.05531,-1.17491,0.00347912,-0.00724558,-0.904103,2.03626,-25.6293,13.109,0,10.4537,-0.793645,7.96119,-4.02412,3.17958,-0.0530009,0.0127535,-0.00341759,-0.985019,1.70193,-31.2222,16.2938,18.0862,-0.612626,7.68531,-4.04104,-8.9727,4.55564,-0.0631036,-0.0247616,0.00870172,0.019103,1.51926,-1.51602,0.201311,-0.0383429,0.228105,0.43999,11.3093,7.59792,-0.381201,0.378755,-0.299265,-0.269258,0.182962,-0.226398,0.228269,0.163729,0.236742,-6.42338,-1.99986,-0.00441473,0,342,0,2.08167e-17,2.27682e-17,-4.79217e-17,-1.86483e-17,-1.95156e-17,-2.42319e-17,1.04083e-16,1.04083e-16,8.78204e-17,0,-0.531408,-0.201934,0.515789,-0.00854948,3.14159,2.22579,-0.0183796,3.27299,-0.0102153,-0.392699,4.18962,-0.0175828,3.14239,-0.0107758,0.523599,0,0,0,0.11231,-0.00412188,-0.531408,0.515789,3.13378,2.22579,3.27299,-0.392204,4.18962,3.14242,0.524398,0.00366717,-1.79472,0.911188,3.00006e-05,-0.267662,0.0038206,0.303851,-0.303204,-0.00193728,0.0483231,0.012106,1.00021,-21.6776,47.9539,3.43465,-7.65076,2.99513,0.670617,-8.11959,2.63343,0.616046
0.5,-6.41599,-2.0042,0.114387,0.228868,-0.000440801,0.848775,-0.52783,-0.285308,0.514372,0.155105,3.13754,-2.23221,2.22953,-3.27525,3.27665,0.377263,-0.388455,-4.19563,4.19332,-3.14668,3.14606,-0.534418,0.528098,-5.36598,-2.00257,-7.7244,-0.409876,-7.69168,-3.66661,-4.81599,-2.0049,-7.21538,-0.618202,-7.2166,-3.38948,0.233117,0.389852,-0.528724,0.111672,-0.00436347,0.0909689,-0.00446386,-0.233462,-0.531853,-1.3585,0.515345,-0.0437849,3.13334,-0.0430683,2.22551,-0.0683189,3.2727,-0.0512111,-0.392492,-0.0488846,4.18929,-0.0639768,3.1421,-0.0540406,0.524073,-0.0496238,1.01268,0.165147,-1.26712,1.31442,-5.5082,11.1132,-23.0658,11.9573,-1.48814,-6.54513,13.5979,-11.8789,5.07039,-1.19953,0.00349303,-0.00729389,-0.897289,2.17743,-25.5378,13.1798,0,10.2277,-0.767292,7.90766,-4.06033,3.14003,-0.0295731,0.0130573,-0.00355958,-0.972798,1.78586,-31.3627,16.329,18.4013,-0.528033,7.75581,-4.04995,-9.12851,4.59176,-0.0266213,-0.0250355,0.00876577,0.0195339,1.53131,-1.52803,0.201285,-0.0411866,0.24887,0.476803,11.6294,7.72799,-0.425183,0.0738274,-0.704295,-0.286191,-0.0282113,-0.499911,0.228944,0.161694,0.238623,-6.41602,-1.99983,-0.00436347,0,375,-6.93889e-18,-2.08167e-17,-3.13334e-17,5.85469e-18,-3.68629e-17,-3.6646e-17,-3.41524e-17,9.8554e-17,9.86624e-17,8.93383e-17,0,-0.531853,-0.207485,0.515345,-0.00856387,3.14159,2.22551,-0.0136638,3.2727,-0.0102422,-0.392699,4.18929,-0.0127956,3.14207,-0.0108081,0.523599,0,0,0,0.111188,-0.00446386,-0.531853,0.515345,3.13334,2.22551,3.2727,-0.392492,4.18929,3.1421,0.524073,0.00402305,-1.82589,0.918416,3.19826e-05,-0.286607,0.00390678,0.306263,-0.305606,-0.000422318,0.0484123,0.0121359,1.00021,-21.4308,49.0466,3.58371,-7.26686,2.15787,0.760317,-7.74943,1.76787,0.715089
0.52,-6.40853,-2.00413,0.113753,0.234432,-0.000432675,0.859103,-0.527907,-0.27856,0.514149,0.157914,3.13747,-2.24127,2.22962,-3.28174,3.27684,0.368914,-0.388356,-4.2015,4.1934,-3.1511,3.14624,-0.539827,0.528186,-5.35853,-2.00246,-7.71697,-0.409872,-7.68419,-3.6666,-4.80853,-2.00483,-7.20793,-0.618148,-7.20913,-3.38943,0.239711,0.38346,-0.533043,0.110466,-0.00433443,0.0984747,-0.00482277,-0.244477,-0.532297,-1.39852,0.514901,-0.0438902,3.13289,-0.0412616,2.22523,-0.0427267,3.27243,-0.0513725,-0.392764,-0.0463775,4.18901,-0.038722,3.14181,-0.0542857,0.523789,-0.0496923,1.01241,0.174863,-1.26692,1.31739,-5.88982,11.1958,-23.2949,12.1145,-1.34423,-6.62809,13.8058,-12.0358,5.08676,-1.22576,0.00351029,-0.00735131,-0.8899,2.33265,-25.4377,13.2577,0,9.98544,-0.741172,7.8494,-4.10016,3.09704,-0.00479719,0.0134872,-0.00374592,-0.959518,1.9043,-31.5165,16.3698,18.7451,-0.45159,7.83161,-4.05997,-9.29774,4.62976,0.0126614,-0.0256717,0.00895501,0.020272,1.544,-1.54063,0.201258,-0.0317079,0.278222,0.516376,11.9698,7.87273,-0.45311,-0.245959,-1.12261,-0.293468,-0.244767,-0.769639,0.229677,0.159479,0.240599,-6.40845,-1.9998,-0.00433443,0,409,-6.93889e-18,-2.08167e-17,-2.26056e-17,2.27682e-17,-3.30682e-18,-3.36103e-18,5.31259e-18,-9.61687e-17,-9.62772e-17,-8.5652e-17,0,-0.532297,-0.213519,0.5149,-0.00857795,3.14159,2.22523,-0.00854534,3.27243,-0.0102745,-0.392699,4.18901,-0.0077441,3.14178,-0.0108571,0.523599,0,0,0,0.109997,-0.00482277,-0.532297,0.514901,3.13289,2.22523,3.27243,-0.392764,4.18901,3.14181,0.523789,0.0043901,-1.85973,0.926013,3.09514e-05,-0.293639,0.00405441,0.308799,-0.308125,0.00116755,0.0485044,0.0121668,1.00021,-21.1127,50.2102,3.73326,-6.55812,1.18856,0.845058,-7.09654,0.793516,0.801858
0.54,-6.39973,-2.00406,0.113181,0.240747,-0.000429732,0.870599,-0.527956,-0.271024,0.513943,0.161185,3.13743,-2.25146,2.2297,-3.28912,3.27703,0.359079,-0.38828,-4.20777,4.19346,-3.15582,3.14641,-0.545851,0.528253,-5.34973,-2.00235,-7.70819,-0.409831,-7.67537,-3.66655,-4.79973,-2.00475,-7.19914,-0.618073,-7.20033,-3.38935,0.247081,0.376181,-0.537665,0.109397,-0.00429802,0.106509,-0.00524132,-0.256691,-0.532767,-1.44179,0.51443,-0.043982,3.13242,-0.0398041,2.22489,-0.0160047,3.27208,-0.0515533,-0.393114,-0.0451042,4.18865,-0.0119386,3.14145,-0.0545165,0.523428,-0.0497778,1.01217,0.18529,-1.26678,1.3208,-6.31631,11.288,-23.5515,12.2912,-1.17383,-6.7198,14.0372,-12.2118,5.10423,-1.25352,0.00355186,-0.00746268,-0.881901,2.49533,-25.335,13.3425,0,9.73322,-0.71453,7.78892,-4.14284,3.05067,0.0203272,0.0139652,-0.0039553,-0.945212,2.00259,-31.6786,16.4158,19.116,-0.35518,7.91164,-4.07143,-9.48067,4.67167,0.0549704,-0.0261688,0.0090945,0.0209309,1.55799,-1.55454,0.201235,-0.0285683,0.315721,0.574807,12.348,8.04086,-0.509379,-0.611483,-1.61705,-0.313871,-0.477923,-1.07011,0.230458,0.157087,0.242773,-6.39977,-1.99976,-0.00429802,0,448,-6.93889e-18,0,4.17418e-18,2.12504e-17,-3.44776e-17,-3.49113e-17,-3.3285e-17,6.04985e-17,6.04985e-17,8.94467e-17,0,-0.532767,-0.22005,0.514429,-0.00858739,3.14159,2.22489,-0.00320081,3.27208,-0.0103107,-0.392699,4.18865,-0.00238679,3.14142,-0.0109033,0.523599,0,0,0,0.108941,-0.00524132,-0.532767,0.51443,3.13242,2.22489,3.27208,-0.393114,4.18865,3.14145,0.523428,0.00481159,-1.89634,0.934402,3.41166e-05,-0.316283,0.00418619,0.311597,-0.310908,0.0029226,0.0486101,0.0122023,1.00021,-20.4116,51.3236,3.89123,-6.15593,0.242834,0.955191,-6.74296,-0.169356,0.912365
0.56,-6.39082,-2.00396,0.112511,0.247476,-0.000430048,0.882823,-0.528027,-0.263162,0.513697,0.164366,3.13737,-2.2629,2.22981,-3.29744,3.27725,0.348448,-0.388162,-4.21447,4.19357,-3.16086,3.14663,-0.551922,0.52838,-5.34081,-2.00221,-7.6993,-0.409794,-7.66642,-3.66652,-4.79082,-2.00465,-7.19022,-0.617978,-7.19142,-3.38926,0.254758,0.367977,-0.542605,0.108381,-0.00424729,0.115468,-0.00567445,-0.271337,-0.533271,-1.48965,0.513926,-0.0441062,3.13192,-0.0376236,2.22456,0.0128988,3.27176,-0.0517735,-0.393434,-0.0424342,4.18833,0.0167664,3.14113,-0.0548425,0.523115,-0.0498676,1.01195,0.19693,-1.26668,1.32478,-6.82004,11.3936,-23.8475,12.4954,-0.953054,-6.82491,14.3039,-12.4153,5.12289,-1.2831,0.00357569,-0.00754044,-0.872874,2.68287,-25.2227,13.4379,0,9.4604,-0.693238,7.72305,-4.19062,2.99959,0.0466125,0.0146425,-0.00423695,-0.929459,2.13308,-31.858,16.4708,19.5286,-0.261632,7.99881,-4.08485,-9.68343,4.71729,0.101335,-0.0270703,0.00937268,0.0219548,1.57322,-1.56965,0.201212,-0.033534,0.336476,0.611198,12.7431,8.20369,-0.571776,-1.02157,-2.15162,-0.334702,-0.724339,-1.37275,0.231294,0.154454,0.245142,-6.39088,-1.99972,-0.00424729,0,488,-6.93889e-18,0,1.33357e-17,1.22515e-17,2.1684e-17,2.08167e-17,1.2902e-17,7.1991e-17,7.15573e-17,6.28837e-17,0,-0.533271,-0.227272,0.513925,-0.00860356,3.14159,2.22456,0.00257988,3.27176,-0.0103547,-0.392699,4.18833,0.00335424,3.14111,-0.0109685,0.523599,0,0,0,0.107937,-0.00567445,-0.533271,0.513926,3.13192,2.22456,3.27176,-0.393434,4.18833,3.14113,0.523115,0.0052444,-1.93682,0.9435,2.10322e-05,-0.338315,0.00439096,0.314644,-0.313929,0.00486568,0.0487188,0.0122388,1.00021,-20.1119,52.7657,4.06046,-5.68779,-0.777493,1.05606,-6.36032,-1.18369,1.00784
0.58,-6.3814,-2.00386,0.111842,0.254816,-0.000438731,0.895974,-0.528068,-0.254786,0.51347,0.167871,3.13734,-2.27575,2.22997,-3.30698,3.27754,0.336607,-0.387994,-4.22159,4.19372,-3.16646,3.1469,-0.558547,0.528527,-5.33139,-2.00211,-7.6899,-0.409773,-7.65697,-3.66648,-4.7814,-2.00457,-7.18079,-0.617873,-7.18201,-3.38915,0.262936,0.358561,-0.548081,0.10723,-0.00420141,0.125111,-0.006149,-0.286886,-0.533778,-1.54094,0.51342,-0.0442287,3.13141,-0.0352062,2.22426,0.0441726,3.27146,-0.0519909,-0.393736,-0.0395462,4.18801,0.0478769,3.14081,-0.0552083,0.52279,-0.0499632,1.0117,0.209468,-1.26657,1.32916,-7.37735,11.5089,-24.1729,12.723,-0.699044,-6.9395,14.5969,-12.6419,5.14302,-1.31396,0.00361027,-0.00764412,-0.863245,2.886,-25.0989,13.5417,0,9.17142,-0.672823,7.65139,-4.2431,2.94465,0.0740013,0.0152908,-0.00452822,-0.912481,2.27053,-32.0547,16.5324,19.9826,-0.15633,8.09358,-4.09974,-9.90604,4.76637,0.152594,-0.0281076,0.00969396,0.023137,1.58961,-1.58589,0.201187,-0.0334577,0.366975,0.657577,13.1635,8.38321,-0.642885,-1.49027,-2.74406,-0.356262,-0.997059,-1.70279,0.232202,0.151623,0.247695,-6.38133,-1.99966,-0.00420141,0,531,6.93889e-18,1.38778e-17,9.48677e-18,1.60462e-17,2.42861e-17,2.34188e-17,2.97071e-17,8.84709e-17,8.84709e-17,7.24247e-17,0,-0.533778,-0.235011,0.513419,-0.00861808,3.14159,2.22426,0.0088348,3.27146,-0.0103982,-0.392699,4.18801,0.00957711,3.14078,-0.0110417,0.523599,0,0,0,0.1068,-0.006149,-0.533778,0.51342,3.13141,2.22426,3.27146,-0.393736,4.18801,3.14081,0.52279,0.00571027,-1.98138,0.953327,2.67209e-05,-0.35987,0.0046274,0.317921,-0.317178,0.00700333,0.0488359,0.012278,1.00021,-19.5582,54.2081,4.23097,-5.15249,-1.89459,1.15093,-5.89562,-2.33047,1.10726
0.6,-6.3715,-2.00374,0.111015,0.262476,-0.000452133,0.909734,-0.528153,-0.246063,0.513186,0.171099,3.13727,-2.29006,2.23011,-3.31746,3.27781,0.323384,-0.387855,-4.22907,4.19387,-3.17232,3.14719,-0.565372,0.528686,-5.3215,-2.00196,-7.68002,-0.40971,-7.64705,-3.66642,-4.7715,-2.00447,-7.17088,-0.617741,-7.17213,-3.38902,0.271448,0.348207,-0.553808,0.10607,-0.00413907,0.135585,-0.00663974,-0.305285,-0.534341,-1.59558,0.512857,-0.0443851,3.13085,-0.0337029,2.22392,0.0785879,3.27112,-0.0522035,-0.394079,-0.0378003,4.18768,0.0821218,3.14048,-0.0555995,0.522465,-0.0500618,1.01145,0.223102,-1.26647,1.33411,-8.02539,11.6372,-24.5379,12.9787,-0.37441,-7.06705,14.9255,-12.8966,5.16337,-1.34523,0.00362527,-0.00771002,-0.85269,3.09751,-24.9653,13.6582,0,8.86334,-0.646184,7.57296,-4.3014,2.88403,0.102883,0.0159397,-0.00484205,-0.89376,2.38711,-32.2701,16.6018,20.4874,-0.0210149,8.19729,-4.11661,-10.1536,4.82085,0.210182,-0.0292295,0.0100398,0.0244516,1.60781,-1.60393,0.201162,-0.0413268,0.382993,0.687994,13.602,8.54812,-0.715286,-2.00798,-3.4073,-0.374033,-1.2823,-2.04257,0.233114,0.148499,0.250527,-6.37156,-1.9996,-0.00413907,0,575,6.93889e-18,0,1.00289e-17,-1.01915e-17,-4.42354e-17,-4.42354e-17,-5.07407e-17,-3.72966e-17,-3.90313e-17,-4.2067e-17,0,-0.534341,-0.243253,0.512856,-0.00863998,3.14159,2.22392,0.0157179,3.27111,-0.0104407,-0.392699,4.18768,0.0164266,3.14046,-0.0111199,0.523599,0,0,0,0.105654,-0.00663974,-0.534341,0.512857,3.13085,2.22392,3.27112,-0.394079,4.18768,3.14048,0.522465,0.0061876,-2.03089,0.964222,2.61875e-05,-0.381325,0.00489031,0.321561,-0.320786,0.00941791,0.0489559,0.0123183,1.0002,-19.2792,55.897,4.41992,-4.46834,-3.1302,1.25876,-5.2787,-3.58929,1.20531
0.62,-6.36111,-2.00364,0.110322,0.270749,-0.000462173,0.924283,-0.528185,-0.236982,0.512945,0.174644,3.13725,-2.30564,2.23025,-3.32883,3.2781,0.308995,-0.38771,-4.23664,4.194,-3.17815,3.14748,-0.572336,0.528829,-5.31111,-2.00185,-7.66964,-0.409664,-7.63664,-3.66636,-4.76111,-2.00438,-7.16047,-0.617626,-7.16175,-3.38891,0.280306,0.336987,-0.559504,0.104718,-0.00409842,0.146719,-0.00716036,-0.324201,-0.534883,-1.65356,0.512314,-0.0445581,3.13031,-0.0315793,2.22355,0.115304,3.27075,-0.0524937,-0.39445,-0.0363273,4.1873,0.119161,3.14011,-0.0560001,0.522089,-0.0501653,1.01116,0.237607,-1.26636,1.33946,-8.73254,11.7756,-24.9345,13.2614,-0.0103871,-7.20466,15.2829,-13.1783,5.18542,-1.37733,0.00363596,-0.0077698,-0.841601,3.32816,-24.8212,13.7849,0,8.54356,-0.623955,7.48837,-4.3648,2.81998,0.132305,0.0169623,-0.00529563,-0.874037,2.49614,-32.5011,16.676,21.0384,0.136178,8.30934,-4.1349,-10.4242,4.8791,0.273792,-0.0303463,0.0103779,0.0258254,1.62725,-1.62321,0.201134,-0.0346727,0.413676,0.727454,14.0586,8.72893,-0.77885,-2.56916,-4.13319,-0.378312,-1.5674,-2.38991,0.234107,0.145201,0.253558,-6.36115,-1.99954,-0.00409842,0,622,6.93889e-18,1.38778e-17,7.18284e-18,-7.15573e-18,-1.04083e-17,-1.38778e-17,-1.56125e-17,1.249e-16,1.23165e-16,1.15359e-16,0,-0.534883,-0.251996,0.512315,-0.00866486,3.14159,2.22355,0.0230612,3.27074,-0.0104987,-0.392699,4.1873,0.023835,3.14008,-0.0112,0.523599,0,0,0,0.104317,-0.00716036,-0.534883,0.512314,3.13031,2.22355,3.27075,-0.39445,4.1873,3.14011,0.522089,0.00669819,-2.08502,0.975875,2.69641e-05,-0.390058,0.00516508,0.32545,-0.324642,0.0120207,0.0490845,0.0123615,1.0002,-18.7247,57.5672,4.60258,-3.52389,-4.50672,1.37654,-4.25478,-5.0229,1.31902
0.64,-6.35018,-2.00353,0.10981,0.279593,-0.000467237,0.939561,-0.528238,-0.227442,0.512672,0.178046,3.13721,-2.32233,2.23034,-3.34077,3.27836,0.293422,-0.387608,-4.24416,4.19411,-3.18387,3.14774,-0.579318,0.528946,-5.30017,-2.00172,-7.65872,-0.409603,-7.62568,-3.66631,-4.75018,-2.00428,-7.14953,-0.617514,-7.15082,-3.3888,0.289613,0.325197,-0.565073,0.103478,-0.00406722,0.158552,-0.00769852,-0.346042,-0.53547,-1.7144,0.511728,-0.0447544,3.12972,-0.0297052,2.22311,0.153832,3.27031,-0.0528631,-0.394886,-0.0346629,4.18688,0.157744,3.13968,-0.0564135,0.521665,-0.0502772,1.01091,0.253053,-1.26629,1.34546,-9.54283,11.928,-25.3749,13.5759,0.4403,-7.35611,15.6796,-13.4918,5.2074,-1.40908,0.00363651,-0.00781157,-0.82965,3.57148,-24.6719,13.924,0,8.21485,-0.603701,7.3993,-4.43334,2.75167,0.16154,0.0184107,-0.0059174,-0.853083,2.60629,-32.7416,16.7577,21.6275,0.30553,8.4266,-4.15526,-10.7141,4.94093,0.341666,-0.031478,0.0107188,0.0272743,1.64786,-1.64366,0.201108,-0.0255578,0.442208,0.763897,14.5389,8.90239,-0.834895,-3.16133,-4.92557,-0.376037,-1.84773,-2.73939,0.235088,0.14168,0.256767,-6.3503,-1.99946,-0.00406722,0,671,0,0,2.19009e-17,-4.77049e-17,8.67362e-18,1.21431e-17,1.51788e-17,3.64292e-17,3.46945e-17,3.20924e-17,0,-0.53547,-0.261168,0.511728,-0.00869463,3.14159,2.22311,0.0307668,3.27031,-0.0105726,-0.392699,4.18688,0.0315522,3.13966,-0.0112827,0.523599,0,0,0,0.10309,-0.00769852,-0.53547,0.511728,3.12972,2.22311,3.27031,-0.394886,4.18688,3.13968,0.521665,0.00723128,-2.14299,0.988239,2.70493e-05,-0.392028,0.00545486,0.329572,-0.328732,0.0147755,0.0492188,0.0124066,1.0002,-18.1507,59.3443,4.80011,-2.4013,-5.97343,1.51624,-3.03161,-6.54816,1.44757
0.66,-6.33871,-2.00338,0.10909,0.288795,-0.000483805,0.955485,-0.528315,-0.21752,0.512363,0.181121,3.13715,-2.34113,2.23043,-3.35431,3.2786,0.275557,-0.387515,-4.25225,4.19436,-3.19043,3.14814,-0.586621,0.529204,-5.2887,-2.00156,-7.64724,-0.409484,-7.61416,-3.66626,-4.73871,-2.00415,-7.13804,-0.61735,-7.13938,-3.38863,0.299287,0.311807,-0.571488,0.102388,-0.00400244,0.17095,-0.00828169,-0.369448,-0.536112,-1.77884,0.511085,-0.0450253,3.12908,-0.0274353,2.22263,0.193158,3.26983,-0.0531048,-0.395366,-0.0290301,4.18656,0.195428,3.13937,-0.0570641,0.521349,-0.0504011,1.01068,0.269282,-1.26631,1.35212,-10.4434,12.0952,-25.8616,13.926,0.962402,-7.52219,16.1182,-13.8413,5.23054,-1.4408,0.00358553,-0.00774583,-0.816919,3.83032,-24.5189,14.0734,0,7.88346,-0.591096,7.30737,-4.50624,2.68045,0.189493,0.0192265,-0.00636917,-0.831121,2.80108,-32.994,16.8528,22.2404,0.433282,8.54524,-4.17811,-11.0129,5.00229,0.410151,-0.0336223,0.0114086,0.0296584,1.66833,-1.66383,0.201085,-0.0360212,0.460074,0.796206,15.0396,9.05721,-0.939696,-3.83416,-5.82614,-0.404288,-2.16317,-3.10455,0.236116,0.138009,0.259952,-6.33881,-1.99938,-0.00400244,0,723,0,1.38778e-17,-3.2255e-18,2.97071e-17,1.73472e-18,1.73472e-18,1.0842e-17,5.20417e-17,4.85723e-17,3.10082e-17,0,-0.536112,-0.270872,0.511086,-0.00874249,3.14159,2.22263,0.0386318,3.26983,-0.010621,-0.392699,4.18656,0.0390896,3.13934,-0.0114128,0.523599,0,0,0,0.102013,-0.00828169,-0.536112,0.511085,3.12908,2.22263,3.26983,-0.395366,4.18656,3.13937,0.521349,0.00779788,-2.20276,1.00051,2.60362e-05,-0.419879,0.00593168,0.333665,-0.332765,0.017698,0.0493617,0.0124546,1.0002,-17.5672,61.2349,5.0163,-1.71295,-7.36375,1.66867,-2.62253,-7.91297,1.54457
0.68,-6.32669,-2.0032,0.108111,0.29841,-0.000513449,0.972121,-0.528371,-0.207257,0.512062,0.184095,3.13711,-2.36238,2.2304,-3.36932,3.27874,0.25461,-0.387538,-4.26084,4.19463,-3.19745,3.14859,-0.594353,0.529485,-5.27669,-2.0014,-7.63518,-0.409267,-7.60212,-3.66619,-4.72669,-2.00402,-7.12598,-0.617149,-7.12741,-3.38843,0.309291,0.296965,-0.578349,0.101053,-0.00392287,0.184133,-0.00891159,-0.393952,-0.536769,-1.84684,0.510429,-0.0453078,3.12842,-0.025351,2.222,0.235847,3.2692,-0.0532333,-0.395997,-0.0264739,4.18624,0.237901,3.13904,-0.0577679,0.521022,-0.0505289,1.0104,0.286549,-1.2663,1.35932,-11.4426,12.2765,-26.3939,14.315,1.56211,-7.70237,16.5987,-14.2296,5.25517,-1.47256,0.00353301,-0.00767922,-0.803519,4.10373,-24.3544,14.2385,0,7.54048,-0.577817,7.20632,-4.58582,2.60432,0.217941,0.0194634,-0.00666331,-0.807599,2.92381,-33.2735,16.9569,22.9263,0.627276,8.67668,-4.20322,-11.3471,5.07048,0.488966,-0.0359426,0.0121487,0.0323245,1.69108,-1.68625,0.201057,-0.0489624,0.480777,0.831788,15.5578,9.2072,-1.06271,-4.58609,-6.88018,-0.429798,-2.50068,-3.49072,0.23722,0.134093,0.263501,-6.32667,-1.99928,-0.00392287,0,778,0,2.77556e-17,1.65612e-17,-4.27176e-17,0,1.73472e-18,-2.1684e-18,5.0307e-17,5.37764e-17,7.6111e-17,0,-0.536769,-0.281111,0.510429,-0.00879246,3.14159,2.222,0.0471699,3.26919,-0.0106467,-0.392699,4.18624,0.0475847,3.13902,-0.0115536,0.523599,0,0,0,0.100692,-0.00891159,-0.536769,0.510429,3.12842,2.222,3.2692,-0.395997,4.18624,3.13904,0.521022,0.00839814,-2.2696,1.01415,2.62866e-05,-0.45196,0.00646491,0.338215,-0.33725,0.0210788,0.0495132,0.0125055,1.00019,-16.7783,63.1418,5.23767,-1.02599,-8.85481,1.86752,-2.05031,-9.44616,1.64351
0.7,-6.31411,-2.00301,0.106987,0.308329,-0.000531031,0.98923,-0.528427,-0.19673,0.511751,0.186768,3.13707,-2.38605,2.23038,-3.3861,3.27891,0.231332,-0.387553,-4.26971,4.19498,-3.20477,3.14911,-0.602115,0.529837,-5.26411,-2.00121,-7.62257,-0.409052,-7.58946,-3.66615,-4.71411,-2.00386,-7.11338,-0.616946,-7.11485,-3.38823,0.319545,0.280358,-0.585491,0.0994341,-0.00384351,0.198285,-0.00955232,-0.42146,-0.537449,-1.91767,0.509749,-0.0455849,3.12774,-0.0208909,2.22135,0.281114,3.26855,-0.0533643,-0.396643,-0.0228178,4.18595,0.283825,3.13876,-0.0585948,0.520742,-0.0506574,1.01008,0.30509,-1.26625,1.36717,-12.5889,12.4744,-26.9805,14.7479,2.29074,-7.89923,17.1289,-14.6617,5.27966,-1.50322,0.00349225,-0.00764081,-0.789264,4.41307,-24.1751,14.4191,0,7.1877,-0.578901,7.09656,-4.673,2.5245,0.245965,0.0197086,-0.00699136,-0.782929,3.06527,-33.581,17.072,23.6855,0.836759,8.82025,-4.2308,-11.7159,5.14285,0.576395,-0.0387738,0.0130523,0.0355951,1.71524,-1.71002,0.201024,-0.0561775,0.495919,0.855428,16.0895,9.34339,-1.18321,-5.42641,-8.05081,-0.443475,-2.84948,-3.87769,0.238317,0.129987,0.267269,-6.3141,-1.99917,-0.00384351,0,835,-6.93889e-18,-2.77556e-17,-4.49266e-18,-4.85723e-17,-2.08167e-17,-2.08167e-17,-2.19009e-17,1.249e-16,1.2837e-16,1.35092e-16,0,-0.537449,-0.291771,0.50975,-0.0088403,3.14159,2.22135,0.0562236,3.26855,-0.0106729,-0.392699,4.18595,0.0567696,3.13874,-0.011719,0.523599,0,0,0,0.0990895,-0.00955232,-0.537449,0.509749,3.12774,2.22135,3.26855,-0.396643,4.18595,3.13876,0.520742,0.00902129,-2.34334,1.02862,2.35597e-05,-0.469042,0.00711902,0.343047,-0.342003,0.024786,0.0496707,0.0125583,1.00019,-16.131,65.2294,5.46563,-0.065423,-10.5102,2.07125,-1.04442,-11.1863,1.7276
0.72,-6.30097,-2.00281,0.105756,0.318669,-0.000554068,1.00696,-0.5285,-0.185781,0.511415,0.189031,3.13701,-2.41247,2.23034,-3.40487,3.27907,0.205194,-0.387576,-4.27872,4.19526,-3.21208,3.1496,-0.610201,0.530128,-5.25096,-2.001,-7.60939,-0.408813,-7.57627,-3.66606,-4.70097,-2.00369,-7.1002,-0.616722,-7.10173,-3.388,0.330213,0.261779,-0.59261,0.0976354,-0.00376072,0.213096,-0.0102325,-0.450612,-0.538179,-1.99119,0.509019,-0.0458893,3.12701,-0.0164581,2.22067,0.32901,3.26786,-0.0534915,-0.39733,-0.0222245,4.18558,0.333879,3.13838,-0.0593327,0.520368,-0.0507916,1.00972,0.324512,-1.26619,1.3756,-13.8647,12.6881,-27.6192,15.225,3.13385,-8.11209,17.7077,-15.1383,5.30479,-1.53263,0.00343623,-0.00757123,-0.774342,4.73305,-23.984,14.6135,0,6.83179,-0.581204,6.97947,-4.76687,2.4407,0.273255,0.0199224,-0.00733861,-0.757023,3.12097,-33.9074,17.1936,24.5135,1.11779,8.97476,-4.26057,-12.1194,5.22139,0.673772,-0.0411515,0.0137922,0.03861,1.74146,-1.73591,0.200988,-0.0615397,0.516997,0.886464,16.6438,9.45929,-1.32098,-6.36631,-9.36477,-0.450226,-3.20087,-4.28039,0.239437,0.125675,0.271354,-6.30089,-1.99904,-0.00376072,0,895,-6.93889e-18,-1.38778e-17,-1.33357e-17,1.32273e-17,-3.1225e-17,-3.1225e-17,-2.80808e-17,-3.1225e-17,-2.77556e-17,-5.07407e-17,0,-0.538179,-0.302827,0.509019,-0.00889461,3.14159,2.22067,0.0658027,3.26786,-0.0106983,-0.392699,4.18558,0.0667816,3.13836,-0.0118665,0.523599,0,0,0,0.0973088,-0.0102325,-0.538179,0.509019,3.12701,2.22067,3.26786,-0.39733,4.18558,3.13838,0.520368,0.00967841,-2.42406,1.04433,2.5678e-05,-0.484903,0.007722,0.348293,-0.347181,0.0288835,0.0498369,0.0126142,1.00019,-15.1559,67.2617,5.71046,0.932281,-12.2451,2.28828,0.220896,-13.0953,1.83877
0.74,-6.28731,-2.00262,0.104775,0.329585,-0.000564741,1.0253,-0.528589,-0.174399,0.511054,0.190912,3.13695,-2.44111,2.2303,-3.42517,3.27923,0.1765,-0.387614,-4.28744,4.19548,-3.21895,3.15003,-0.618142,0.530356,-5.2373,-2.00078,-7.59571,-0.408592,-7.56257,-3.66597,-4.68731,-2.00352,-7.08653,-0.616525,-7.08809,-3.38781,0.3413,0.241671,-0.59928,0.095706,-0.00370875,0.22872,-0.0109234,-0.482249,-0.538948,-2.06767,0.50825,-0.0462032,3.12624,-0.0112242,2.21994,0.37938,3.26714,-0.0535984,-0.398058,-0.0213544,4.18512,0.386713,3.13792,-0.060011,0.519904,-0.0509299,1.00934,0.345021,-1.26615,1.38478,-15.3099,12.9219,-28.3235,15.7561,4.12907,-8.34478,18.3465,-15.6689,5.33012,-1.56047,0.00337904,-0.00750136,-0.758612,5.07143,-23.781,14.8246,0,6.47375,-0.58968,6.85467,-4.8684,2.35282,0.299292,0.0200284,-0.0076793,-0.729839,3.16514,-34.2485,17.3227,25.4055,1.42739,9.13844,-4.29275,-12.5556,5.30405,0.779185,-0.0432248,0.0144215,0.0414905,1.76905,-1.76319,0.200951,-0.0490523,0.545839,0.917184,17.2196,9.55612,-1.43198,-7.38396,-10.8063,-0.43613,-3.53365,-4.67665,0.240563,0.121152,0.275652,-6.28727,-1.99891,-0.00370875,0,957,0,0,1.16145e-17,1.4962e-17,-3.1225e-17,-3.1225e-17,-2.9924e-17,1.2837e-16,1.2837e-16,1.05168e-16,0,-0.538948,-0.314326,0.50825,-0.00895086,3.14159,2.21994,0.0758768,3.26713,-0.0107197,-0.392699,4.18512,0.0773498,3.1379,-0.0120022,0.523599,0,0,0,0.0953978,-0.0109234,-0.538948,0.50825,3.12624,2.21994,3.26714,-0.398058,4.18512,3.13792,0.519904,0.0103587,-2.51133,1.06087,2.81615e-05,-0.473574,0.0082981,0.35381,-0.352639,0.0331658,0.0500092,0.0126721,1.00019,-14.0085,69.3303,5.96715,2.37002,-14.1578,2.51761,2.18786,-15.2433,1.97655
0.76,-6.27319,-2.00241,0.103935,0.341029,-0.000584057,1.04414,-0.528633,-0.162946,0.51072,0.192485,3.13693,-2.47251,2.23024,-3.44768,3.27938,0.144493,-0.387665,-4.29594,4.19558,-3.22543,3.15035,-0.626122,0.530476,-5.22319,-2.00058,-7.58155,-0.408341,-7.54845,-3.6658,-4.67319,-2.00335,-7.07239,-0.616305,-7.074,-3.38759,0.35244,0.219364,-0.605559,0.0940057,-0.00365488,0.244911,-0.0116463,-0.514364,-0.539696,-2.14876,0.507502,-0.0465228,3.1255,-0.00609742,2.21918,0.430587,3.26637,-0.0536955,-0.39882,-0.0209494,4.18452,0.440574,3.13732,-0.0606633,0.519309,-0.0510793,1.00902,0.366341,-1.26621,1.39489,-16.9065,13.1785,-29.1033,16.3519,5.25259,-8.59998,19.0545,-16.2643,5.35795,-1.58786,0.00332277,-0.00743624,-0.742152,5.41704,-23.573,15.0509,0,6.12231,-0.60331,6.72615,-4.97636,2.26165,0.322671,0.0200836,-0.00802658,-0.701629,3.17629,-34.5902,17.4602,26.3366,1.76713,9.30506,-4.32779,-13.0134,5.39017,0.88981,-0.0451205,0.0149917,0.0443294,1.7977,-1.79157,0.200918,-0.0420296,0.572157,0.941819,17.7998,9.63838,-1.57027,-8.51243,-12.4138,-0.424978,-3.85238,-5.0789,0.241792,0.116455,0.28012,-6.27323,-1.99876,-0.00365488,0,1021,-1.38778e-17,-1.38778e-17,1.13299e-17,-6.50521e-17,3.1225e-17,3.1225e-17,2.82977e-17,7.28584e-17,6.59195e-17,7.45931e-17,0,-0.539696,-0.326511,0.507502,-0.00900784,3.14159,2.21918,0.0861182,3.26637,-0.0107391,-0.392699,4.18452,0.0881221,3.1373,-0.0121327,0.523599,0,0,0,0.0937131,-0.0116463,-0.539696,0.507502,3.1255,2.21918,3.26637,-0.39882,4.18452,3.13732,0.519309,0.0110622,-2.60286,1.07809,2.62597e-05,-0.467991,0.00886588,0.359541,-0.358314,0.0376872,0.0501876,0.012732,1.00018,-12.7864,71.4861,6.21715,3.69373,-16.066,2.75874,4.04339,-17.3895,2.15494
0.78,-6.25866,-2.00221,0.103383,0.353181,-0.000615593,1.06366,-0.528654,-0.151035,0.5104,0.193891,3.13693,-2.50667,2.23002,-3.47179,3.27939,0.108074,-0.38787,-4.30416,4.19559,-3.23155,3.15058,-0.634022,0.530497,-5.20865,-2.00042,-7.56693,-0.408007,-7.53395,-3.66558,-4.65866,-2.0032,-7.05781,-0.616079,-7.05951,-3.38736,0.364029,0.195474,-0.611468,0.0924241,-0.00362067,0.261755,-0.0124048,-0.548842,-0.540444,-2.23266,0.506754,-0.0468751,3.12475,-0.00149306,2.21823,0.483569,3.26543,-0.0536826,-0.399762,-0.019345,4.1838,0.495335,3.1366,-0.0615789,0.51859,-0.0512374,1.00872,0.388581,-1.26636,1.40597,-18.7112,13.4591,-29.9645,17.0156,6.56865,-8.87845,19.8365,-16.9271,5.38607,-1.61293,0.00324327,-0.00732153,-0.724969,5.76861,-23.359,15.2967,0,5.77665,-0.618699,6.59053,-5.09142,2.16631,0.343709,0.0195027,-0.0081415,-0.672091,3.19519,-34.934,17.6069,27.3097,2.11633,9.4753,-4.36578,-13.4941,5.47877,1.00604,-0.0480907,0.0159183,0.0483799,1.82694,-1.82038,0.200889,-0.0276121,0.607612,0.975974,18.4024,9.70995,-1.70785,-9.72822,-14.2417,-0.410998,-4.15778,-5.48885,0.243038,0.111548,0.28472,-6.25877,-1.99859,-0.00362067,0,1087,1.38778e-17,1.38778e-17,-3.63208e-18,-2.34188e-17,-2.08167e-17,-1.38778e-17,-9.86624e-18,-5.20417e-17,-5.20417e-17,-2.23346e-17,0,-0.540444,-0.339119,0.506754,-0.00907353,3.14159,2.21823,0.0967144,3.26543,-0.0107365,-0.392699,4.1838,0.0990741,3.13658,-0.0123158,0.523599,0,0,0,0.0921456,-0.0124048,-0.540444,0.506754,3.12475,2.21823,3.26543,-0.399762,4.1838,3.1366,0.51859,0.0117892,-2.69898,1.0958,2.27618e-05,-0.455268,0.00967597,0.365387,-0.364076,0.0424415,0.0503721,0.012794,1.00018,-11.0663,73.5177,6.46755,5.11005,-18.0313,3.05571,6.01049,-19.6094,2.3759
0.8,-6.24448,-2.00202,0.103139,0.365699,-0.00064036,1.08331,-0.52866,-0.139198,0.510083,0.194705,3.13695,-2.54328,2.2298,-3.49808,3.27939,0.0681859,-0.388085,-4.312,4.1956,-3.23734,3.15081,-0.641641,0.530527,-5.19447,-2.00026,-7.55267,-0.40768,-7.5198,-3.66537,-4.64448,-2.00304,-7.04359,-0.615867,-7.04537,-3.38715,0.37553,0.169387,-0.617063,0.0911435,-0.00360056,0.279378,-0.013147,-0.586428,-0.541167,-2.32013,0.50603,-0.0472348,3.12402,0.0055107,2.21729,0.53636,3.26449,-0.0536608,-0.400703,-0.0135926,4.1831,0.549323,3.1359,-0.0619996,0.517888,-0.0513992,1.00849,0.411936,-1.26661,1.4183,-20.7833,13.7706,-30.9306,17.7647,8.1325,-9.18715,20.7139,-17.6749,5.41441,-1.63547,0.00315626,-0.00719207,-0.706832,6.14395,-23.1393,15.5622,0,5.44095,-0.650598,6.45074,-5.2145,2.06876,0.361089,0.0188755,-0.00824439,-0.641859,3.30692,-35.2815,17.7694,28.3184,2.42334,9.64658,-4.40771,-13.9922,5.56791,1.12354,-0.048938,0.0161518,0.0504138,1.85665,-1.84995,0.200865,-0.012163,0.625934,0.982694,19.0006,9.75059,-1.83081,-11.0544,-16.243,-0.39208,-4.44693,-5.87053,0.244292,0.106524,0.289344,-6.24455,-1.99842,-0.00360056,0,1152,-1.38778e-17,-2.77556e-17,-5.69206e-17,5.74627e-17,-6.93889e-18,-1.38778e-17,-1.40946e-17,-2.77556e-17,-3.46945e-17,-4.03323e-17,0,-0.541167,-0.352268,0.506031,-0.00914161,3.14159,2.21729,0.107273,3.26449,-0.0107322,-0.392699,4.1831,0.109871,3.13588,-0.0123999,0.523599,0,0,0,0.090876,-0.013147,-0.541167,0.50603,3.12402,2.21729,3.26449,-0.400703,4.1831,3.1359,0.517888,0.0125066,-2.79859,1.11362,2.06475e-05,-0.426561,0.0100828,0.371329,-0.36999,0.0470828,0.0505544,0.0128553,1.00018,-9.84275,75.8999,6.70912,6.75169,-20.066,3.35311,8.17219,-21.8581,2.58406
0.82,-6.22842,-2.00179,0.103058,0.379166,-0.000677819,1.10413,-0.528662,-0.126167,0.509766,0.19509,3.13698,-2.58478,2.2295,-3.52791,3.27931,0.0213743,-0.388374,-4.32014,4.19573,-3.24375,3.15115,-0.64972,0.530677,-5.17841,-2.00009,-7.53649,-0.407263,-7.50375,-3.66517,-4.62842,-2.00287,-7.02748,-0.615603,-7.02935,-3.38688,0.388216,0.139778,-0.62328,0.0900729,-0.00357398,0.297242,-0.0140028,-0.625377,-0.541987,-2.40951,0.505211,-0.0476314,3.1232,0.0119673,2.21617,0.589034,3.26337,-0.0536167,-0.401822,-0.00407643,4.18241,0.60107,3.13521,-0.0626219,0.517205,-0.0515913,1.00829,0.435738,-1.267,1.4316,-23.0876,14.108,-31.9874,18.5908,9.92009,-9.52072,21.6747,-18.4994,5.44303,-1.65497,0.00305641,-0.00703429,-0.688228,6.51484,-22.9173,15.8434,0,5.12197,-0.684418,6.30763,-5.34331,1.96936,0.37492,0.0179369,-0.00820541,-0.611037,3.51399,-35.6325,17.9497,29.3416,2.67695,9.81528,-4.45346,-14.4944,5.65506,1.24019,-0.0505563,0.0166593,0.0532912,1.88572,-1.87878,0.200846,-0.00407099,0.673306,1.04067,19.658,9.76843,-2.07478,-12.5605,-18.5901,-0.407144,-4.76069,-6.27395,0.245562,0.101408,0.293867,-6.2284,-1.99821,-0.00357398,0,1226,-1.38778e-17,0,2.20635e-17,3.25261e-17,2.08167e-17,0,2.71051e-18,-5.55112e-17,-6.245e-17,-6.50521e-17,0,-0.541987,-0.365705,0.505211,-0.00921878,3.14159,2.21617,0.117808,3.26337,-0.0107233,-0.392699,4.18241,0.12022,3.1352,-0.0125244,0.523599,0,0,0,0.0898143,-0.0140028,-0.541987,0.505211,3.1232,2.21617,3.26337,-0.401822,4.18241,3.13521,0.517205,0.013325,-2.89899,1.13104,1.55646e-05,-0.439606,0.0106582,0.377144,-0.375756,0.0518923,0.0507627,0.0129253,1.00018,-6.83097,77.5335,6.982,7.54492,-21.8797,3.70791,9.0754,-23.809,2.78836
0.84,-6.21274,-2.00157,0.103321,0.39315,-0.000710055,1.12521,-0.528625,-0.113414,0.509459,0.194597,3.13704,-2.63016,2.22919,-3.56159,3.27923,-0.0313898,-0.388674,-4.32798,4.19587,-3.24982,3.15151,-0.65724,0.53083,-5.16274,-1.99994,-7.52071,-0.406864,-7.48809,-3.665,-4.61274,-2.00271,-7.01176,-0.615361,-7.01373,-3.38664,0.400595,0.106318,-0.62914,0.0891862,-0.00357315,0.316453,-0.0148331,-0.666883,-0.542748,-2.50638,0.504449,-0.0480474,3.12244,0.0211266,2.21507,0.643579,3.26226,-0.0535675,-0.40293,0.00216691,4.18175,0.657949,3.13455,-0.0632744,0.516547,-0.0517818,1.00813,0.461417,-1.26748,1.44664,-25.7859,14.4939,-33.2083,19.5566,12.0604,-9.90219,22.7866,-19.4629,5.47455,-1.67257,0.00293375,-0.00682625,-0.668203,6.91522,-22.6792,16.1562,0,4.80655,-0.731547,6.15403,-5.48587,1.8647,0.385462,0.016976,-0.00816265,-0.578579,3.60121,-36.0124,18.153,30.4765,3.03241,9.99759,-4.50509,-15.0513,5.75216,1.37195,-0.0522798,0.0172058,0.056479,1.91811,-1.91091,0.20083,0.0131432,0.699208,1.05429,20.3012,9.74025,-2.26885,-14.2602,-21.2351,-0.3921,-5.05747,-6.64936,0.246964,0.0960212,0.298907,-6.21271,-1.998,-0.00357315,0,1298,0,4.16334e-17,5.37222e-17,-8.10983e-17,-2.08167e-17,-2.08167e-17,-1.79978e-17,1.45717e-16,1.45717e-16,1.31622e-16,0,-0.542748,-0.380271,0.504449,-0.00930213,3.14159,2.21507,0.128717,3.26226,-0.0107135,-0.392699,4.18175,0.131595,3.13454,-0.0126549,0.523599,0,0,0,0.0889348,-0.0148331,-0.542748,0.504449,3.12244,2.21507,3.26226,-0.40293,4.18175,3.13455,0.516547,0.0141231,-3.01038,1.15046,1.4581e-05,-0.410363,0.0112958,0.383622,-0.382181,0.0571467,0.050966,0.0129937,1.00018,-4.71216,79.7803,7.23581,8.95228,-23.9168,4.05929,11.2409,-26.1731,2.98338
0.86,-6.1967,-2.00137,0.104087,0.407742,-0.000746965,1.14664,-0.528576,-0.100315,0.509157,0.193345,3.13713,-2.67942,2.22889,-3.59953,3.27918,-0.090983,-0.388962,-4.33537,4.19599,-3.25545,3.15186,-0.664361,0.530962,-5.14669,-1.99982,-7.50455,-0.406479,-7.47206,-3.66482,-4.5967,-2.00256,-6.99566,-0.615127,-6.99773,-3.38641,0.413308,0.068606,-0.634552,0.0886339,-0.00360177,0.336183,-0.015681,-0.710981,-0.54351,-2.60584,0.503687,-0.0485059,3.12168,0.0300563,2.21396,0.698515,3.26116,-0.0535311,-0.404038,0.00762752,4.18105,0.715499,3.13385,-0.0639043,0.515852,-0.051982,1.00804,0.487939,-1.26809,1.46307,-28.8706,14.9197,-34.5705,20.6415,14.5736,-10.3226,24.0291,-20.545,5.50608,-1.68579,0.00276715,-0.00651414,-0.647445,7.31246,-22.4331,16.4921,0,4.5082,-0.780037,5.99533,-5.63842,1.75701,0.392012,0.0160419,-0.00812327,-0.545176,3.63822,-36.3946,18.3736,31.6541,3.42679,10.181,-4.56126,-15.6298,5.85269,1.50949,-0.0538562,0.0177187,0.0596352,1.95165,-1.94419,0.200821,0.0383361,0.729605,1.07133,20.9614,9.67049,-2.46341,-16.1722,-24.221,-0.369415,-5.33309,-7.00491,0.248363,0.0904765,0.304121,-6.19683,-1.99777,-0.00360177,0,1371,0,1.38778e-17,4.55365e-17,-1.79978e-17,-3.46945e-17,-4.85723e-17,-5.24212e-17,9.02056e-17,8.32667e-17,7.54605e-17,0,-0.54351,-0.395224,0.503689,-0.00939952,3.14159,2.21396,0.139704,3.26115,-0.0107062,-0.392699,4.18105,0.143104,3.13385,-0.0127809,0.523599,0,0,0,0.0883867,-0.015681,-0.54351,0.503687,3.12168,2.21396,3.26116,-0.404038,4.18105,3.13385,0.515852,0.014934,-3.12604,1.17056,1.11475e-05,-0.366289,0.011927,0.390329,-0.388839,0.0625521,0.0511729,0.0130632,1.00018,-2.11068,81.892,7.48918,10.4552,-25.9724,4.41182,13.7464,-28.6277,3.18857
0.88,-6.18026,-2.00117,0.105455,0.423168,-0.000793467,1.16868,-0.528522,-0.0866348,0.508847,0.19094,3.13722,-2.73345,2.22861,-3.64287,3.27914,-0.159414,-0.389237,-4.34239,4.1961,-3.26084,3.1522,-0.671314,0.531089,-5.13026,-1.99973,-7.48799,-0.406102,-7.45566,-3.66464,-4.58027,-2.00244,-6.97916,-0.614895,-6.98136,-3.38618,0.426587,0.0255031,-0.639728,0.0885542,-0.00365905,0.356385,-0.0165736,-0.756793,-0.544302,-2.7092,0.502896,-0.0490885,3.12089,0.0388801,2.21283,0.752997,3.26002,-0.0535071,-0.405169,0.0144051,4.18032,0.771946,3.13312,-0.0645446,0.515118,-0.0522003,1.00803,0.515312,-1.26888,1.48112,-32.396,15.394,-36.1044,21.8721,17.5083,-10.7904,25.4311,-21.7723,5.53885,-1.69423,0.00247011,-0.00588805,-0.625889,7.70555,-22.1811,16.8536,0,4.22956,-0.830964,5.83246,-5.80179,1.64669,0.394048,0.0150866,-0.00806018,-0.510949,3.69137,-36.7729,18.6154,32.8542,3.81607,10.3616,-4.6228,-16.2192,5.95459,1.64915,-0.0554079,0.0182483,0.062864,1.98564,-1.97793,0.20082,0.0683751,0.7713,1.10204,21.6501,9.53268,-2.70114,-18.3534,-27.6478,-0.350833,-5.59689,-7.35206,0.249817,0.0847951,0.309402,-6.18033,-1.99751,-0.00365905,0,1447,0,-1.38778e-17,-3.43421e-17,6.50521e-18,-3.46945e-17,-4.85723e-17,-5.25838e-17,1.38778e-17,1.38778e-17,-1.25767e-17,0,-0.544302,-0.41077,0.502896,-0.00953763,3.14159,2.21283,0.1506,3.26002,-0.0107014,-0.392699,4.18032,0.154394,3.13311,-0.0129089,0.523599,0,0,0,0.0883073,-0.0165736,-0.544302,0.502896,3.12089,2.21283,3.26002,-0.405169,4.18032,3.13312,0.515118,0.0157802,-3.24393,1.19094,1.21656e-05,-0.32183,0.0125728,0.397127,-0.395586,0.0680233,0.051389,0.0131359,1.00019,1.43702,83.6561,7.75359,11.7495,-27.9468,4.7728,16.1116,-31.0434,3.40643
0.9,-6.16342,-2.00101,0.107746,0.439574,-0.000833725,1.19141,-0.528462,-0.0718881,0.508534,0.188291,3.13732,-2.79191,2.22831,-3.69215,3.27909,-0.238461,-0.389528,-4.34867,4.19611,-3.26536,3.15244,-0.677768,0.531107,-5.11341,-1.99967,-7.47103,-0.405757,-7.43887,-3.66445,-4.56342,-2.00234,-6.96226,-0.614703,-6.96457,-3.38598,0.440919,-0.0235279,-0.644028,0.0890559,-0.00377216,0.377346,-0.0174843,-0.805362,-0.545112,-2.8151,0.502085,-0.0495791,3.12008,0.048322,2.21166,0.807114,3.25886,-0.0534851,-0.406339,0.0180429,4.17945,0.829954,3.13226,-0.0650072,0.514249,-0.0524358,1.00812,0.543978,-1.26989,1.50127,-36.5167,15.933,-37.8668,23.2948,21.0007,-11.3137,27.0269,-23.1773,5.56983,-1.7001,0.00227579,-0.00549854,-0.604264,8.10081,-21.9205,17.2491,0,3.96946,-0.886112,5.66307,-5.97926,1.53281,0.391287,0.014053,-0.00794285,-0.475611,3.60551,-37.1455,18.8787,34.1011,4.2965,10.5416,-4.69025,-16.8345,6.06332,1.79723,-0.0561012,0.0185161,0.0652488,2.02189,-2.01405,0.20083,0.114564,0.820284,1.13676,22.3667,9.36389,-2.92299,-20.832,-31.6047,-0.314224,-5.82268,-7.67471,0.251261,0.0789299,0.315035,-6.16344,-1.99724,-0.00377216,0,1525,0,4.16334e-17,-2.68069e-17,-1.0842e-18,-3.46945e-17,-4.16334e-17,-4.39102e-17,-1.38778e-17,-1.38778e-17,-1.34441e-17,0,-0.545112,-0.426934,0.502086,-0.00964952,3.14159,2.21166,0.161425,3.25885,-0.010697,-0.392699,4.17945,0.166,3.13224,-0.0130014,0.523599,0,0,0,0.0888044,-0.0174843,-0.545112,0.502085,3.12008,2.21166,3.25886,-0.406339,4.17945,3.13226,0.514249,0.0166506,-3.36707,1.2127,2.02143e-05,-0.245101,0.0130498,0.404379,-0.40281,0.0736413,0.0516117,0.0132108,1.00019,5.69188,85.1622,8.02166,13.174,-29.9234,5.14706,19.3012,-33.6789,3.66392
0.92,-6.14614,-2.00088,0.111155,0.457207,-0.000895309,1.2184,-0.528493,-0.0275824,0.508655,0.262924,3.1373,-2.85558,2.22804,-3.74926,3.27907,-0.330665,-0.389792,-4.35428,4.19607,-3.26925,3.15263,-0.683718,0.531097,-5.09613,-1.99962,-7.45361,-0.405443,-7.42168,-3.66426,-4.54614,-2.00232,-6.9449,-0.614527,-6.94738,-3.38581,0.485365,-0.0804,-0.647723,0.0904647,-0.00394114,0.398907,-0.0184408,-0.856205,-0.546039,-2.75968,0.501159,-0.0301805,3.11915,0.057676,2.21049,0.859481,3.25769,-0.0534877,-0.407505,0.0249719,4.17853,0.884671,3.13133,-0.0654388,0.513326,-0.0526951,1.00839,0.573876,-1.2712,1.52394,-41.3585,16.5547,-39.9197,24.9585,24.3836,-11.428,27.704,-23.962,5.41788,-1.96057,0.0310957,-0.0760254,-0.647336,8.49154,-21.6547,17.6823,0,3.7308,-0.944393,5.48967,-6.17253,1.41575,0.383056,0.0130978,-0.00785091,-0.439287,3.60233,-37.4982,19.1727,35.3366,4.72539,10.7114,-4.7655,-17.4454,6.17238,1.94293,-0.0565924,0.0187598,0.0674215,2.05825,-2.05029,0.200857,0.170429,0.881673,1.34928,23.0375,13.0552,-3.1836,-23.7015,-36.219,-0.28045,-6.01897,-7.97263,0.248583,0.0728989,0.320674,-6.14614,-1.99694,-0.00394114,0,1605,1.38778e-17,0,1.56125e-17,-5.5728e-17,-1.38778e-17,-1.38778e-17,-1.01373e-17,1.45717e-16,1.17961e-16,1.2013e-16,0,-0.546039,-0.432735,0.501158,-0.00358343,3.14159,2.21049,0.171898,3.25769,-0.0106975,-0.392699,4.17853,0.176941,3.13132,-0.0130878,0.523599,0,0,0,0.0902008,-0.0184408,-0.546039,0.501159,3.11915,2.21049,3.25769,-0.407505,4.17853,3.13133,0.513326,0.0175454,-3.4892,1.2345,1.3946e-05,-0.161125,0.0134843,0.41165,-0.410058,0.0790961,0.0518409,0.0132878,1.0002,13.241,81.6586,8.11765,14.3567,-31.7558,5.52191,22.3499,-36.1975,3.93872
0.94,-6.12752,-2.00076,0.11573,0.476134,-0.000937519,1.24965,-0.528269,0.0468086,0.509306,0.39082,3.13759,-2.92561,2.22775,-3.81683,3.27905,-0.441835,-0.390066,-4.35933,4.19605,-3.27273,3.15281,-0.689371,0.531088,-5.07752,-1.9997,-7.43487,-0.405147,-7.40313,-3.6641,-4.52752,-2.00226,-6.92622,-0.614374,-6.92882,-3.38565,0.560116,-0.147713,-0.651005,0.0929311,-0.00415755,0.421331,-0.0194473,-0.811258,-0.546778,-2.60863,0.500419,0.0236666,3.11842,0.0679566,2.20924,0.909638,3.25644,-0.0535014,-0.408751,0.0346444,4.17754,0.936351,3.13034,-0.0658965,0.512336,-0.0529939,1.00885,0.605507,-1.27289,1.54979,-44.6582,17.388,-42.6161,27.4563,24.5179,-11.1178,27.3953,-24.3514,5.20658,-2.70257,0.147597,-0.365706,-0.7661,8.8843,-21.3816,18.1649,0,3.51304,-1.00751,5.30962,-6.38587,1.29497,0.369082,0.0120197,-0.00766668,-0.401794,3.67063,-37.8327,19.5057,36.5673,5.11063,10.8701,-4.85029,-18.0539,6.28366,2.08718,-0.0570584,0.0190449,0.069594,2.09535,-2.08726,0.200905,0.228774,0.946326,1.56236,23.3486,19.2952,-3.50155,-27.0938,-41.7799,-0.252189,-6.1939,-8.25576,0.246952,0.0666753,0.326423,-6.12758,-1.99661,-0.00415755,0,1691,1.38778e-17,1.38778e-17,3.1225e-17,9.98821e-18,-3.46945e-17,-4.16334e-17,-4.32868e-17,0,-6.93889e-18,-4.94396e-17,0,-0.546778,-0.436645,0.500421,0.0106548,3.14159,2.20924,0.181929,3.25644,-0.0107003,-0.392699,4.17754,0.187276,3.13033,-0.0131793,0.523599,0,0,0,0.092645,-0.0194473,-0.546778,0.500419,3.11842,2.20924,3.25644,-0.408751,4.17754,3.13034,0.512336,0.0185098,-3.61088,1.25676,1.22218e-05,-0.0770195,0.0139188,0.41907,-0.417453,0.0844809,0.0520883,0.013371,1.00022,17.7354,76.9477,7.89091,15.205,-33.4293,5.92342,25.1466,-38.6034,4.23602
0.96,-6.10936,-2.00077,0.122271,0.497041,-0.00105779,1.28772,-0.527485,0.179547,0.511262,0.546123,3.13868,-3.00167,2.22739,-3.89716,3.27896,-0.578034,-0.390423,-4.36345,4.19603,-3.27547,3.15299,-0.694115,0.531085,-5.05936,-2.00032,-7.41647,-0.404866,-7.38515,-3.66399,-4.50937,-2.00246,-6.9079,-0.614279,-6.91083,-3.38556,0.693723,-0.227783,-0.653569,0.0965974,-0.0045028,0.444675,-0.020512,-0.623631,-0.546939,-2.23503,0.500259,0.17262,3.11825,0.0771374,2.20793,0.958518,3.25513,-0.0534,-0.410062,0.0449618,4.17657,0.986221,3.12937,-0.0663587,0.511372,-0.0533137,1.00956,0.639111,-1.27504,1.57935,-44.4577,18.5098,-46.1992,31.2536,19.2573,-9.92224,24.8942,-23.5007,4.97258,-4.3704,0.570948,-1.43762,-0.997156,9.26804,-21.0969,18.7076,0,3.31709,-1.06705,5.11919,-6.62375,1.16846,0.34944,0.00984082,-0.00670907,-0.362444,3.73954,-38.1591,19.8896,37.8032,5.49632,11.0219,-4.94801,-18.6647,6.39907,2.23287,-0.0575075,0.0193849,0.071772,2.13383,-2.12562,0.200978,0.327039,1.04538,1.9035,23.1323,26.3278,-3.80273,-31.1289,-48.5798,-0.206,-6.33233,-8.49316,0.248008,0.0601569,0.332376,-6.1095,-1.99626,-0.0045028,0,1775,-1.38778e-17,-2.77556e-17,-9.71445e-17,8.23994e-17,-1.38778e-17,-6.245e-17,-5.93059e-17,1.80411e-16,1.80411e-16,1.70437e-16,0,-0.546939,-0.412945,0.500259,0.0422192,3.14159,2.20793,0.191704,3.25513,-0.01068,-0.392699,4.17657,0.19725,3.12937,-0.0132717,0.523599,0,0,0,0.0962761,-0.020512,-0.546939,0.500259,3.11825,2.20793,3.25513,-0.410062,4.17657,3.12937,0.511372,0.0194542,-3.73305,1.27984,1.17623e-05,0.0597759,0.0143544,0.426766,-0.425123,0.0896063,0.0523309,0.0134526,1.00024,21.767,68.5075,6.89715,15.9905,-34.9489,6.3445,28.8898,-41.2024,4.52629
0.98,-6.09088,-2.00107,0.133208,0.522485,-0.00132106,1.3282,-0.52536,0.318022,0.515226,0.614275,3.14161,-3.08384,2.22674,-3.98599,3.27859,-0.758514,-0.391041,-4.36551,4.19586,-3.27599,3.15302,-0.697009,0.530956,-5.04088,-2.00221,-7.39749,-0.404632,-7.36706,-3.66402,-4.49088,-2.00318,-6.88905,-0.61437,-6.89271,-3.38565,0.833236,-0.316363,-0.653926,0.102229,-0.00517294,0.469078,-0.0217445,-0.116771,-0.545783,-1.69975,0.501414,0.483366,3.11941,0.0853425,2.20631,1.00312,3.25351,-0.0500887,-0.411677,0.0499824,4.17543,1.03474,3.12824,-0.0665942,0.510256,-0.0536861,1.01072,0.675386,-1.278,1.6143,-32.8799,20.1712,-51.4169,37.9139,5.81119,-7.88992,20.2055,-21.5372,5.14631,-6.05467,1.5639,-4.01678,-1.27329,9.64732,-20.8054,19.3325,0,3.14229,-1.12538,4.91663,-6.89183,1.03597,0.33235,-0.0252198,0.0184724,-0.318643,3.58292,-38.4586,20.3407,39.0175,6.00301,11.1601,-5.06361,-19.2699,6.52456,2.38223,-0.0568604,0.0194349,0.0725809,2.17566,-2.16745,0.201096,0.546823,1.27221,2.02404,19.8222,27.9698,-4.10897,-35.6029,-57.0987,-0.10312,-6.3664,-8.63854,0.266431,0.0533283,0.338818,-6.09102,-1.9959,-0.00517294,0,1861,0,2.77556e-17,2.77556e-17,3.1225e-17,-6.93889e-18,-1.38778e-17,-1.21431e-17,2.56739e-16,2.56739e-16,2.47632e-16,0,-0.545783,-0.337925,0.501416,0.099181,3.14159,2.20631,0.200621,3.25351,-0.0100177,-0.392699,4.17543,0.206936,3.12825,-0.0133188,0.523599,0,0,0,0.101848,-0.0217445,-0.545783,0.501414,3.11941,2.20631,3.25351,-0.411677,4.17543,3.12824,0.510256,0.0204235,-3.8538,1.30487,-2.13258e-05,0.34029,0.0145162,0.435131,-0.433491,0.0940157,0.0525802,0.0135364,1.00027,23.7792,59.6186,4.83048,16.027,-35.7373,6.79813,35.5252,-44.4159,4.86505
1,-6.07337,-2.00183,0.151267,0.553674,-0.00164249,1.35953,-0.5218,0.396187,0.522027,0.526205,3.14664,-3.16668,2.22586,-4.07179,3.27795,-1.02688,-0.391826,-4.36348,4.1952,-3.27172,3.15254,-0.696462,0.530334,-5.02337,-2.00545,-7.37935,-0.404701,-7.35017,-3.66423,-4.47338,-2.00446,-6.8711,-0.614878,-6.87565,-3.38616,0.913168,-0.402018,-0.649521,0.112364,-0.00630206,0.496039,-0.0229925,0.615929,-0.54315,-0.877043,0.504048,0.920085,3.12204,0.101452,2.20451,1.03322,3.25171,-0.0363918,-0.413469,0.0451855,4.17385,1.07901,3.12665,-0.0656392,0.508688,-0.0541602,1.01295,0.717733,-1.28262,1.66034,-6.85349,22.4755,-58.8168,48.2661,-7.78803,-5.00585,13.1412,-17.3514,6.01382,-3.45896,3.01355,-7.94017,-1.40489,10.0847,-20.5175,20.1123,0,2.97553,-1.21374,4.70392,-7.21697,0.897876,0.349561,-0.186822,0.148223,-0.265613,3.0002,-38.6659,20.9049,40.1259,6.72403,11.2596,-5.20925,-19.8403,6.67233,2.53151,-0.0511477,0.0178515,0.066772,2.22498,-2.21748,0.201325,0.902962,1.55941,1.56684,11.7673,20.6128,-4.14193,-39.9365,-67.9257,0.101518,-6.18614,-8.60934,0.308104,0.0462,0.346304,-6.07345,-1.99553,-0.00630206,0,1943,-4.16334e-17,-2.77556e-17,0,-2.08167e-17,2.08167e-17,-4.85723e-17,-4.38018e-17,-6.245e-17,-5.55112e-17,-7.54605e-17,0,-0.54315,-0.171179,0.504049,0.177412,3.14159,2.20451,0.206635,3.25172,-0.00727837,-0.392699,4.17385,0.215777,3.12668,-0.0131278,0.523599,0,0,0,0.111857,-0.0229925,-0.54315,0.504048,3.12204,2.20451,3.25171,-0.413469,4.17385,3.12665,0.508688,0.02135,-3.96763,1.33437,-4.79816e-05,0.859145,0.0133544,0.444996,-0.443497,0.097591,0.0528189,0.0136167,1.00033,30.0974,46.3195,1.8871,15.9587,-35.3809,7.09644,47.3584,-48.624,5.33382
1.02,-6.05529,-2.0034,0.181754,0.593999,-0.00201181,1.38625,-0.516905,0.439592,0.530856,0.468499,3.15286,-3.24691,2.22544,-4.12844,3.2776,-1.40042,-0.392073,-4.35476,4.19411,-3.26068,3.15152,-0.690599,0.529279,-5.00528,-2.01031,-7.36067,-0.405764,-7.3329,-3.665,-4.45529,-2.00662,-6.8525,-0.616156,-6.85808,-3.38743,0.959181,-0.458765,-0.638436,0.129742,-0.00826887,0.524791,-0.0243134,1.0224,-0.539206,0.0856109,0.507991,1.18429,3.12599,0.128467,2.20314,1.03373,3.25034,-0.00891548,-0.414843,0.048301,4.17181,1.09715,3.12461,-0.0635903,0.506662,-0.0548587,1.01726,0.767333,-1.29031,1.72247,12.5152,24.8558,-67.1786,58.9244,-7.53981,-1.95234,5.2617,-10.9159,7.1829,1.49211,4.08464,-11.1107,-1.28009,10.6004,-20.2748,21.0984,0,2.8037,-1.35147,4.5098,-7.62641,0.761646,0.459106,-0.577078,0.49907,-0.209048,2.78568,-38.6988,21.6423,40.7907,7.10567,11.2695,-5.39907,-20.2074,6.82283,2.62513,-0.0410311,0.0148038,0.0545005,2.27525,-2.2691,0.201763,1.52435,2.01625,1.33591,4.54981,14.0689,-4.0113,-42.79,-79.6418,0.435883,-5.68823,-8.31309,0.350023,0.0391517,0.353749,-6.05548,-1.99514,-0.00826887,0,2027,2.77556e-17,2.77556e-17,0,1.249e-16,2.77556e-17,-6.93889e-18,-1.73472e-18,8.32667e-17,9.71445e-17,1.36826e-16,0,-0.539206,0.013891,0.507998,0.229994,3.14159,2.20314,0.206739,3.25035,-0.0017831,-0.392699,4.17181,0.219394,3.12466,-0.0127181,0.523599,0,0,0,0.128965,-0.0243134,-0.539206,0.507991,3.12599,2.20314,3.25034,-0.414843,4.17181,3.12461,0.506662,0.0223015,-4.04086,1.36443,-6.93401e-05,1.72921,0.0109001,0.455049,-0.453821,0.0984656,0.0530644,0.0136992,1.00044,63.1368,21.5135,1.92077,14.4362,-32.6942,7.01036,65.3897,-53.5628,5.94489
1.04,-6.03779,-2.00585,0.227933,0.643249,-0.00224785,1.41682,-0.510956,0.454845,0.537083,0.528682,3.15888,-3.31641,2.22529,-4.10758,3.2772,-1.76364,-0.391907,-4.3376,4.19298,-3.242,3.15024,-0.67728,0.528163,-4.98775,-2.01641,-7.34281,-0.407947,-7.31604,-3.66673,-4.4378,-2.00945,-6.83467,-0.618415,-6.8409,-3.38969,0.974644,-0.438473,-0.61992,0.159957,-0.0111143,0.555936,-0.0254805,0.988691,-0.534188,0.154213,0.513009,1.21305,3.13101,0.169197,2.20206,0.983807,3.24926,0.0311875,-0.415924,0.0741074,4.16974,1.06176,3.12255,-0.0613467,0.504605,-0.0560382,1.02616,0.829936,-1.30436,1.81321,11.0108,27.6043,-77.7758,69.7254,-6.71704,-1.65064,4.63078,-10.6903,7.52333,1.26291,4.56612,-12.946,-1.28482,11.2637,-20.1367,22.4487,0,2.58413,-1.56256,4.34622,-8.17434,0.628981,0.764564,-1.31006,1.24567,-0.167779,3.70509,-38.5229,22.717,40.6718,6.56982,11.1411,-5.67113,-20.1885,6.96579,2.59389,-0.0304276,0.01159,0.0406642,2.32297,-2.31829,0.202659,2.30897,2.46253,1.52822,3.70352,15.0083,-3.47529,-41.7544,-83.5045,0.857794,-4.81113,-7.64525,0.361319,0.0322599,0.360349,-6.03797,-1.99474,-0.0111143,0,2109,0,-2.77556e-17,-5.55112e-17,-2.08167e-17,2.08167e-17,-1.38778e-17,5.20417e-18,6.93889e-17,4.85723e-17,2.66714e-17,0,-0.534188,0.0251147,0.513015,0.232326,3.14159,2.20206,0.196756,3.24927,0.0062375,-0.392699,4.16974,0.21231,3.1226,-0.0122693,0.523599,0,0,0,0.158521,-0.0254805,-0.534188,0.513009,3.13101,2.20206,3.24926,-0.415924,4.16974,3.12255,0.504605,0.0232327,-4.03695,1.39299,-8.57725e-05,2.78889,0.00813285,0.464594,-0.463657,0.0954124,0.0533049,0.0137801,1.00059,97.1526,14.4699,5.06218,11.7671,-27.4859,6.73739,85.7082,-57.4135,6.58264
1.06,-6.02101,-2.00899,0.289308,0.698133,-0.00224464,1.4491,-0.504401,0.472348,0.542803,0.581232,3.16548,-3.36278,2.22449,-3.90691,3.27568,-1.70955,-0.392422,-4.31118,4.19162,-3.2147,3.1485,-0.655968,0.526809,-4.97091,-2.02315,-7.32586,-0.410684,-7.29962,-3.66923,-4.42101,-2.01259,-6.8179,-0.621562,-6.82412,-3.39284,0.991268,-0.238813,-0.593011,0.206845,-0.0146548,0.587329,-0.0263652,0.98039,-0.528521,-0.0521538,0.518676,1.28065,3.13668,0.216374,2.20037,0.866959,3.24757,0.0839466,-0.417616,0.091938,4.1675,0.966287,3.1203,-0.0584297,0.502361,-0.058112,1.04354,0.90916,-1.32974,1.94259,11.1704,32.1108,-95.1716,87.1798,-8.77482,-2.3103,6.8412,-13.3629,7.75262,0.944325,5.42179,-16.1643,-1.35363,12.0991,-20.1998,24.275,0,2.27643,-1.83543,4.22569,-8.87889,0.508486,1.48666,-2.61208,2.73999,-0.18405,4.66311,-38.2166,24.2347,39.6607,5.62272,10.8888,-6.05313,-19.7332,7.11616,2.41729,-0.0178437,0.00733142,0.023627,2.37318,-2.37033,0.204387,3.06877,2.7442,1.6143,4.57666,17.6327,-2.31814,-31.7611,-58.1778,1.32106,-3.51419,-6.57749,0.370818,0.0259769,0.366639,-6.02136,-1.99434,-0.0146548,0,2187,1.38778e-17,5.55112e-17,5.55112e-17,-8.32667e-17,-6.245e-17,-6.245e-17,-6.41848e-17,1.94289e-16,1.80411e-16,1.81929e-16,0,-0.528521,-0.010463,0.518683,0.242448,3.14159,2.20037,0.173389,3.24758,0.0167893,-0.392699,4.1675,0.193218,3.12035,-0.0116859,0.523599,0,0,0,0.203813,-0.0263652,-0.528521,0.518676,3.13668,2.20037,3.24757,-0.417616,4.1675,3.1203,0.502361,0.0241205,-3.94589,1.42305,-9.04604e-05,3.73056,0.00472539,0.474635,-0.474066,0.0897636,0.0535346,0.0138572,1.00078,128.751,15.2136,8.61362,7.63613,-19.7432,6.82963,103.459,-58.3585,7.28225
1.08,-6.00498,-2.01264,0.362673,0.755169,-0.00206647,1.48005,-0.497447,0.490379,0.548741,0.624702,3.17257,-3.36212,2.22213,-3.31541,3.27225,-1.40164,-0.394572,-4.27613,4.19002,-3.18003,3.14624,-0.628216,0.525202,-4.95479,-2.03034,-7.30958,-0.41327,-7.28379,-3.67225,-4.40498,-2.01595,-6.80211,-0.625351,-6.80784,-3.39663,1.00814,0.351414,-0.558998,0.270938,-0.0186938,0.615726,-0.0270427,1.08156,-0.522423,-0.301084,0.524774,1.37861,3.14278,0.261421,2.19715,0.67647,3.24435,0.177051,-0.42084,0.0990674,4.16504,0.800105,3.11785,-0.0547055,0.499899,-0.061624,1.07434,1.00721,-1.3729,2.11587,23.548,39.6944,-124.225,116.539,-13.5301,-3.40649,10.6745,-17.8578,8.12404,2.81074,6.86344,-21.5925,-1.4532,13.1459,-20.601,26.6001,0,1.84901,-2.16317,4.17713,-9.71341,0.411791,3.37121,-5.47471,6.26905,-0.424559,5.73187,-37.9924,26.2631,37.794,4.13892,10.5794,-6.56508,-18.8568,7.25844,2.05519,-0.00333458,0.00150163,0.00428077,2.42072,-2.42017,0.207405,3.66822,2.85179,1.54735,5.47595,19.8033,0.0326907,-2.30435,-18.0809,1.75244,-1.86059,-5.18662,0.386188,0.0209142,0.371672,-6.00541,-1.99395,-0.0186938,0,2262,2.77556e-17,2.77556e-17,2.77556e-17,-6.245e-17,-3.81639e-17,-8.32667e-17,-1.30104e-17,2.35922e-16,2.28983e-16,2.0917e-16,0,-0.522423,-0.0533743,0.524781,0.257772,3.14159,2.19715,0.135293,3.24435,0.0354102,-0.392699,4.16504,0.159993,3.11789,-0.0109411,0.523599,0,0,0,0.264332,-0.0270427,-0.522423,0.524774,3.14278,2.19715,3.24435,-0.42084,4.16504,3.11785,0.499899,0.0249762,-3.77073,1.45153,-8.0427e-05,4.28314,0.000856154,0.484143,-0.484033,0.0806177,0.0537562,0.0139317,1.001,164.867,15.42,13.4022,1.04618,-8.6882,7.70234,112.773,-54.6064,8.05601
1.1,-5.98968,-2.01672,0.444206,0.811882,-0.00177984,1.50899,-0.490375,0.50767,0.554706,0.665037,3.17981,-3.26805,2.21946,-2.29183,3.26861,-1.44499,-0.396656,-4.23295,4.18804,-3.13844,3.14333,-0.594887,0.523222,-4.93938,-2.03785,-7.29412,-0.416231,-7.26865,-3.67562,-4.38969,-2.01957,-6.78722,-0.629662,-6.79215,-3.40094,1.02416,1.37343,-0.518329,0.350674,-0.0231633,0.639632,-0.0275678,1.20991,-0.516163,-0.570949,0.531034,1.4881,3.14903,0.311141,2.19368,0.409559,3.24087,0.273334,-0.424313,0.0876376,4.16225,0.568783,3.11505,-0.0498624,0.497107,-0.0671768,1.12407,1.12798,-1.44101,2.33681,50.2514,52.7663,-173.881,165.754,-21.0802,-5.29519,17.4895,-25.3935,8.54611,7.31732,9.35386,-30.9596,-1.56461,14.5813,-21.5819,29.3671,0,1.28463,-2.64188,4.32335,-10.6513,0.350609,6.47578,-9.55545,11.5306,-0.990806,6.75154,-38.1334,28.8454,35.4083,2.23702,10.3157,-7.22384,-17.7272,7.39101,1.51163,0.0140098,-0.00695537,-0.0170282,2.46504,-2.46741,0.212177,4.07665,2.83566,1.44707,6.33879,21.8147,4.70376,48.7414,-9.23988,2.1591,0.120088,-3.51634,0.402972,0.0176693,0.37541,-5.99035,-1.99357,-0.0231633,0,2333,2.77556e-17,2.77556e-17,5.55112e-17,-1.249e-16,-3.29597e-17,-9.71445e-17,1.04083e-17,-1.38778e-16,-1.38778e-16,-1.19696e-16,0,-0.516163,-0.0998917,0.531041,0.275002,3.14159,2.19368,0.0819114,3.24088,0.0546669,-0.392699,4.16225,0.113735,3.1151,-0.00997249,0.523599,0,0,0,0.336885,-0.0275678,-0.516163,0.531034,3.14903,2.19368,3.24087,-0.424313,4.16225,3.11505,0.497107,0.0257879,-3.54484,1.47803,-8.50555e-05,4.45553,-0.00340564,0.493007,-0.493482,0.0679432,0.0539667,0.0140024,1.00125,222.578,9.98322,22.004,-7.36725,2.70457,10.7053,113.829,-46.3229,8.93551
1.12,-5.97512,-2.02127,0.530548,0.866867,-0.00137755,1.53553,-0.483332,0.524141,0.560544,0.69887,3.18708,-2.90235,2.21575,-1.20916,3.26388,-1.68694,-0.400353,-4.18166,4.18564,-3.09002,3.13975,-0.556396,0.520827,-4.92468,-2.04562,-7.27932,-0.419223,-7.25419,-3.67935,-4.37513,-2.02348,-6.77321,-0.634534,-6.77703,-3.40581,1.0392,2.45507,-0.471103,0.444419,-0.0280938,0.658696,-0.0279446,1.40543,-0.509899,-0.862881,0.537298,1.61545,3.1553,0.317539,2.18918,0.100968,3.23638,0.13365,-0.428807,0.0658719,4.15907,0.273411,3.11187,-0.0437574,0.493928,-0.0754411,1.19873,1.27666,-1.54197,2.60996,120.657,78.2456,-269.263,259.356,-36.1981,-9.02035,31.116,-39.7238,9.05418,20.1147,14.231,-49.1363,-1.6941,16.639,-23.5385,32.4049,0,0.616792,-3.34984,4.83696,-11.548,0.283438,5.38951,-7.53541,8.92043,-0.400455,8.15473,-38.8775,32.0365,32.7939,-0.288223,10.1733,-8.04995,-16.4865,7.50428,0.781286,0.0351015,-0.019161,-0.0394036,2.50295,-2.50895,0.21914,4.31711,2.74926,1.32667,7.1605,23.5015,18.2852,102.689,-28.1429,2.56487,2.4207,-1.58704,0.422868,0.0141551,0.377542,-5.97594,-1.99319,-0.0280938,0,2401,0,-2.77556e-17,-2.77556e-17,-4.16334e-17,2.42861e-17,3.72966e-17,5.20417e-18,2.67147e-16,2.74086e-16,2.86013e-16,0,-0.509899,-0.150212,0.537303,0.295333,3.14159,2.18918,0.0201937,3.23638,0.0267301,-0.392699,4.15907,0.0546709,3.11192,-0.00875147,0.523599,0,0,0,0.417639,-0.0279446,-0.509899,0.537298,3.1553,2.18918,3.23638,-0.428807,4.15907,3.11187,0.493928,0.026567,-3.29672,1.50068,-8.84884e-05,4.3592,-0.00788073,0.500591,-0.501789,0.0510231,0.054169,0.0140704,1.00152,329.629,-9.11335,39.3957,-10.9975,5.93103,16.3448,108.226,-34.0599,9.93963
1.14,-5.96129,-2.02634,0.618723,0.919155,-0.000794092,1.55852,-0.476033,0.538798,0.566472,0.716235,3.19478,-10.9856,2.21064,33.0443,3.25748,-11.5547,-0.407352,-4.12166,4.18283,-3.03414,3.1355,-0.512182,0.518038,-4.91067,-2.05377,-7.26519,-0.422171,-7.24031,-3.68355,-4.36129,-2.02761,-6.76019,-0.640066,-6.76239,-3.41135,1.05209,36.7091,-0.416679,0.551514,-0.0335314,0.672878,-0.0281073,1.80794,-0.503346,-1.19359,0.543852,1.78711,3.16185,0.0698513,2.18333,-0.120021,3.23052,-0.0451101,-0.434662,0.0410734,4.15552,-0.087464,3.10832,-0.03655,0.490381,-0.0872117,1.30544,1.45936,-1.68517,2.94208,393.965,141.419,-502.104,489.925,-84.3311,-18.4304,65.5549,-74.9966,9.78869,71.9029,26.3951,-93.912,-1.8685,20.3229,-27.806,34.957,0,-0.0907986,-4.71674,6.441,-11.9053,0.0236276,4.08,-5.59796,5.41123,-0.0131572,10.2572,-40.4199,35.9178,30.1572,-3.58992,10.1994,-9.0723,-15.2341,7.59102,-0.142179,0.0605986,-0.0360637,-0.0612875,2.53199,-2.5422,0.22872,4.40876,2.6144,1.14995,7.8891,24.3623,-404.163,1815.11,-537.101,2.99966,5.0746,0.627376,0.452383,0.00116836,0.377913,-5.9622,-1.99282,-0.0335314,0,2466,0,0,0,-6.93889e-17,-7.84962e-17,-1.08854e-16,-3.02492e-17,8.37004e-17,8.37004e-17,8.54351e-17,0,-0.503346,-0.2072,0.543858,0.323548,3.14159,2.18333,-0.0240041,3.23053,-0.00902202,-0.392699,4.15552,-0.017491,3.10837,-0.00730999,0.523599,0,0,0,0.503235,-0.0281073,-0.503346,0.543852,3.16185,2.18333,3.23052,-0.434662,4.15552,3.10832,0.490381,0.0273132,-3.04629,1.51802,-9.08861e-05,4.10566,-0.0122575,0.506399,-0.50844,0.0288888,0.0543629,0.0141355,1.00182,564.956,-64.6714,79.6971,15.8707,-3.04023,23.8669,97.6337,-18.2459,11.0701
1.16,-5.94753,-2.03189,0.70566,0.968358,-8.02714e-05,1.57774,-0.468284,0.551072,0.572701,0.718678,3.20311,-10.9793,2.20311,-1.93765,3.01658,-0.0108751,-0.324488,-4.05251,4.17933,-2.96986,3.13029,-0.462514,0.514547,-4.89669,-2.06243,-7.25076,-0.42449,-7.22652,-3.68798,-4.34753,-2.03202,-6.74742,-0.646185,-6.74764,-3.41747,1.06226,1.40342,-0.35411,0.671976,-0.0394586,0.681188,-0.0281296,2.44277,-0.496334,-1.55869,0.550864,2.00742,3.16886,85.6658,2.17506,-51.4484,3.22226,20.8318,-0.442932,0.00699991,4.15128,-0.513639,3.10408,-0.0274844,0.486126,-0.103459,1.45273,1.68014,-1.88216,3.34003,2026.48,429.361,-1549.42,1532.6,-342.861,-62.0225,223.989,-234.124,10.7748,387.053,82.1602,-296.725,-2.09092,-2886.3,640.931,488.77,0,-8623.52,-7805.79,-392.501,-280.241,75.0257,-3403.99,159.479,113.939,-27.2673,12.908,-42.9269,40.5614,27.6258,-7.56515,10.4288,-10.3264,-14.0392,7.65,-1.2581,0.0951038,-0.0609324,-0.0846663,2.55175,-2.56716,0.241318,4.34682,2.46015,0.961026,8.48713,24.4789,0.313352,65.6332,27.1907,3.45738,8.11395,3.11354,0.492531,3.67311,0.376736,-5.94868,-1.99245,-0.0394586,0,2530,0,-5.55112e-17,-2.77556e-17,8.32667e-17,1.11022e-15,-2.22045e-15,-2.22045e-16,1.59595e-16,1.70003e-16,1.65666e-16,0,-0.496334,-0.27006,0.55087,0.360526,3.14159,2.17506,-10.2897,3.22226,4.16635,-0.392699,4.15128,-0.102716,3.10412,-0.00549689,0.523599,0,0,0,0.590674,-0.0281296,-0.496334,0.550864,3.16886,2.17506,3.22226,-0.442932,4.15128,3.10408,0.486126,0.0280493,-2.8075,1.52987,-6.27767e-05,3.71523,-0.0169333,0.510349,-0.513432,0.00237511,0.0545544,0.0141998,1.00215,1579.1,-344.392,254.597,-9232.92,7140.67,-609.972,81.9798,1.11394,12.4191
1.18,-5.93393,-2.03743,0.785827,1.01319,0.000560682,1.59486,-0.460036,0.561254,0.579584,0.736123,3.21176,-10.9792,2.19196,-1.76652,2.94043,0.270915,-0.329906,-3.97731,4.17494,-2.89886,3.1239,-0.410089,0.510194,-4.88282,-2.07148,-7.23554,-0.424941,-7.21322,-3.69192,-4.33393,-2.03653,-6.7347,-0.652236,-6.73315,-3.42352,1.07068,1.50382,-0.285162,0.805499,-0.0453807,0.683481,-0.0282261,2.84317,-0.488823,-1.88551,0.558374,2.18498,3.17638,104.792,2.16318,-62.3046,3.21037,22.6625,-0.454821,-0.0257715,4.14615,-1.00887,3.09895,-0.0160821,0.480986,-0.125228,1.6497,1.94335,-2.14593,3.81254,-4753.02,-820.048,2961.8,-2898.83,682.662,129.048,-465.852,441.913,11.5425,-930.614,-160.55,579.579,-2.26976,-5684.22,457.661,326.765,0,-6507.22,-10971.2,-280.647,-179.274,91.5926,-5022.72,102.367,65.5078,-29.815,16.4104,-46.5628,46.0811,25.2906,-12.3574,10.8904,-11.8642,-12.9488,7.66885,-2.57061,0.143792,-0.0978624,-0.110447,2.55819,-2.58004,0.257201,4.00835,2.24135,0.855607,8.98047,25.3455,0.00862106,73.632,36.4957,3.76007,11.4437,5.73997,0.522241,4.44416,0.373842,-5.9352,-1.99207,-0.0453807,0,2594,0,2.77556e-17,2.77556e-17,1.249e-16,-2.22045e-16,0,-4.44089e-16,9.71445e-17,1.17961e-16,1.11022e-16,0,-0.488823,-0.326289,0.558383,0.389884,3.14159,2.16318,-12.4611,3.21037,4.53249,-0.392699,4.14615,-0.201754,3.09898,-0.00321642,0.523599,0,0,0,0.676873,-0.0282261,-0.488823,0.558374,3.17638,2.16318,3.21037,-0.454821,4.14615,3.09895,0.480986,0.0287868,-2.5895,1.53367,-5.05309e-05,3.05415,-0.0220894,0.511637,-0.516008,-0.0314193,0.0547465,0.0142642,1.00248,-2906.53,963.705,-515.467,-6833.11,6672.28,104.674,56.0247,25.0215,14.0506
1.2,-5.92055,-2.04282,0.856528,1.05314,0.00107035,1.6129,-0.45145,0.57159,0.58734,0.802053,3.22007,-10.9971,2.18322,-0.865635,2.49579,0.375046,-0.254064,-3.89972,4.16976,-2.82229,3.11648,-0.356008,0.505098,-4.86912,-2.08077,-7.22087,-0.42638,-7.20051,-3.69523,-4.32055,-2.04111,-6.72203,-0.658039,-6.71907,-3.42932,1.08045,1.88422,-0.210912,0.946131,-0.0511623,0.68256,-0.0284322,2.40758,-0.480952,-2.08179,0.566245,2.20504,3.18425,158.598,2.15372,-93.1035,3.20092,47.4054,-0.464269,-0.0240802,4.14026,-1.55839,3.09306,-0.00291814,0.475101,-0.152468,1.89547,2.24923,-2.47638,4.35478,-1112.71,-259.172,926.279,-859.007,126.631,44.1087,-157.327,130.893,11.4813,-224.623,-51.963,185.367,-2.28472,-14240.8,540.855,339.835,0,-9753.83,-24559,-327.136,-182.642,138.439,-14282.8,166.777,93.295,-62.1983,21.3286,-51.286,52.4339,23.3136,-18.1136,11.5818,-13.6943,-12.041,7.6328,-4.02484,0.209307,-0.149424,-0.137639,2.54638,-2.57552,0.275738,3.53506,1.99755,0.902388,9.49385,28.7184,-0.897294,118.239,53.9821,3.87949,15.0136,8.45135,0.516427,6.68343,0.369881,-5.92215,-1.99168,-0.0511623,0,2656,-2.77556e-17,-5.55112e-17,-5.55112e-17,1.80411e-16,-2.22045e-16,1.77636e-15,0,4.16334e-17,4.16334e-17,1.56125e-17,0,-0.480952,-0.360083,0.566254,0.391355,3.14159,2.15372,-18.6204,3.20092,9.48107,-0.392699,4.14026,-0.311645,3.09309,-0.000583628,0.523599,0,0,0,0.756324,-0.0284322,-0.480952,0.566245,3.18425,2.15372,3.20092,-0.464269,4.14026,3.09306,0.475101,0.0295026,-2.40794,1.52645,-5.55821e-05,2.32795,-0.0275278,0.509276,-0.515104,-0.0727073,0.054933,0.0143269,1.00281,-984.051,420.709,-190.592,-2565.71,9972.81,1345.04,22.5681,51.9529,15.9296
1.22,-5.90943,-2.04717,0.913246,1.08601,0.00133611,1.63053,-0.445363,0.585626,0.592734,0.873947,3.22581,-11.0782,2.17739,-47.2303,-0.317685,-15.8988,0.279658,-3.8284,4.1649,-2.74756,3.10917,-0.304115,0.500306,-4.85774,-2.08802,-7.20875,-0.42804,-7.19031,-3.69745,-4.30943,-2.04503,-6.71128,-0.662601,-6.70757,-3.43388,1.09415,-47.8277,-0.138698,1.08893,-0.0558419,0.680359,-0.0287794,1.79835,-0.475478,-2.24288,0.571719,2.20609,3.18971,-2322.73,2.14727,1326.56,3.19447,-1476.79,-0.470714,0.0338985,4.13478,-2.14829,3.08758,0.00859837,0.469621,-0.184644,2.1852,2.59499,-2.8684,4.95829,-388.515,-162.563,571.075,-499.554,15.3557,29.6944,-103.894,74.9437,11.2598,-84.3193,-33.6874,117.915,-2.25689,-3.04106e+06,-7363.82,-3188.2,0,-1.5137e+06,-5.24864e+06,4195.07,1839.13,-2025.43,-4.89678e+06,-4669.76,-2047.28,3389.41,27.855,-57.0037,59.5919,21.7493,-24.7526,12.4578,-15.7928,-11.3248,7.53448,-5.54796,0.282472,-0.209654,-0.159313,2.51365,-2.54903,0.296103,2.83592,1.64344,0.88115,10.0786,32.5487,-4.05385,-2200.29,-736.665,3.5662,18.5067,11.0485,0.505147,-97.669,0.364473,-5.91101,-1.99135,-0.0558419,0,2709,-2.77556e-17,0,0,2.77556e-17,4.61853e-14,-9.9476e-14,6.39488e-14,6.93889e-17,8.32667e-17,8.84709e-17,0,-0.475478,-0.387149,0.57172,0.389914,3.14159,2.14727,265.296,3.19448,-295.358,-0.392699,4.13478,-0.429608,3.08762,0.00171967,0.523599,0,0,0,0.826413,-0.0287794,-0.475478,0.571719,3.18971,2.14727,3.19447,-0.470714,4.13478,3.08758,0.469621,0.0301155,-2.26471,1.50678,-5.79126e-05,1.52925,-0.0318626,0.50273,-0.509805,-0.130615,0.055093,0.0143805,1.00308,-609.819,323.458,-132.083,5.18998e+06,-73287.8,1.01962e+06,-21.4803,81.2636,17.7883
1.24,-5.89755,-2.05107,0.959264,1.11347,0.00151671,1.6493,-0.440778,0.569077,0.59683,0.99004,3.22848,-11.2189,2.17804,-3.71341,3.34793,-1.49249,-0.602743,-3.76391,4.1594,-2.67326,3.10135,-0.255663,0.4949,-4.84567,-2.09415,-7.19728,-0.432398,-7.17963,-3.69883,-4.29755,-2.04864,-6.69965,-0.666644,-6.69545,-3.43792,1.07902,0.23726,-0.0668134,1.21986,-0.0600987,0.679337,-0.0292358,0.921479,-0.47153,-2.36936,0.575667,1.7037,3.19367,-55.8341,2.14729,29.3313,3.19448,-26.8515,-0.470709,0.112636,4.12865,-2.70034,3.08145,0.0209643,0.463485,-0.218303,2.48646,2.95251,-3.27924,5.56706,10.496,-124.234,428.783,-352.885,-43.4773,24.5858,-84.3055,52.6723,10.7253,-7.99437,-21.2831,73.0441,-2.46344,-1401.82,-204.481,0.401738,0,-646.957,-3105.33,97.3284,17.0174,-48.631,-2118.71,-87.8503,-17.0068,46.9639,34.5841,-62.9927,66.7984,20.6904,-31.1246,13.4547,-17.9952,-10.8719,7.41948,-6.95351,0.372068,-0.284231,-0.184243,2.47523,-2.51715,0.315894,2.30088,1.37301,0.938588,9.2135,29.0386,-7.03462,-24.4087,-23.377,3.22471,21.9471,13.4693,0.484187,-2.36034,0.361218,-5.89947,-1.991,-0.0600987,0,2764,-2.77556e-17,-2.77556e-17,-2.77556e-17,1.38778e-16,-4.44089e-16,4.44089e-16,-6.10623e-16,1.52656e-16,1.66533e-16,1.94289e-16,0,-0.47153,-0.408644,0.575672,0.263009,3.14159,2.14729,5.8663,3.19448,-5.3703,-0.392699,4.12865,-0.540021,3.08148,0.00419287,0.523599,0,0,0,0.882494,-0.0292358,-0.47153,0.575667,3.19367,2.14729,3.19448,-0.470709,4.12865,3.08145,0.463485,0.0307525,-2.1742,1.48381,-4.32364e-05,1.03098,-0.0368486,0.495047,-0.50343,-0.184974,0.0552593,0.0144363,1.00332,-473.411,254.424,-93.6444,5970.07,-2522.78,1103.81,-61.0479,107.952,19.8259
1.26,-5.88662,-2.0546,0.997049,1.13694,0.00145671,1.67053,-0.435643,0.591758,0.602109,1.1614,3.23181,-11.4741,2.18996,-3.42836,3.28583,-0.984526,-0.460838,-3.70798,4.15455,-2.6023,3.09426,-0.209245,0.490139,-4.8345,-2.10059,-7.18902,-0.441841,-7.17004,-3.69997,-4.28662,-2.05227,-6.68864,-0.670131,-6.6846,-3.44141,1.10365,0.318305,0.00181414,1.33977,-0.0639719,0.679237,-0.0298991,-0.911717,-0.466999,-2.32332,0.580198,1.32149,3.1982,-25.8679,2.15861,11.9724,3.2058,-6.98948,-0.459382,0.216185,4.1232,-3.21995,3.076,0.0312349,0.458035,-0.252618,2.79219,3.31676,-3.70069,6.17429,497.755,-100.164,340.333,-256.185,-112.904,21.6827,-72.9507,38.1063,9.20897,62.1967,-15.8205,53.3094,-2.31817,-165.747,-117.201,44.2416,0,-104.991,-691.075,46.0629,-6.6464,-22.4868,-265.632,-24.9233,1.16508,8.95411,41.671,-69.149,74.0522,19.9791,-37.2997,14.5043,-20.2476,-10.5821,7.28605,-8.23838,0.464952,-0.363682,-0.206016,2.43074,-2.47797,0.334789,1.88924,1.17356,1.06136,10.3219,33.8777,-12.7637,-9.56011,-17.9178,2.79603,25.2527,15.7911,0.4184,-1.09747,0.357017,-5.88858,-1.99066,-0.0639719,0,2816,2.77556e-17,2.77556e-17,2.77556e-17,-8.32667e-17,-3.88578e-16,5.55112e-16,-4.44089e-16,2.77556e-17,1.11022e-16,1.31839e-16,0,-0.466999,-0.400579,0.580202,0.18674,3.14159,2.15861,2.39442,3.20581,-1.3979,-0.392699,4.1232,-0.643925,3.07603,0.00624698,0.523599,0,0,0,0.927908,-0.0298991,-0.466999,0.580198,3.1982,2.15861,3.2058,-0.459382,4.1232,3.076,0.458035,0.0313558,-2.11622,1.45711,-4.88306e-05,0.700586,-0.0412032,0.486149,-0.495595,-0.239214,0.055417,0.0144892,1.00355,-404.564,230.673,-84.3692,1906.36,-798.321,232.015,-98.5291,132.728,21.6767
1.28,-5.87564,-2.05778,1.02845,1.15777,0.000980197,1.69368,-0.430249,0.644341,0.608009,1.44935,3.23534,-11.9734,2.20618,-3.56861,3.27567,-0.236052,-0.416566,-3.6631,4.15121,-2.53978,3.08882,-0.166053,0.486849,-4.82324,-2.10749,-7.18102,-0.452782,-7.16058,-3.70114,-4.27564,-2.05622,-6.677,-0.672928,-6.67428,-3.44421,1.15861,0.123623,0.0621853,1.44936,-0.0674964,0.68046,-0.0309798,-3.24979,-0.462209,-2.17614,0.584988,1.05138,3.20299,-14.9275,2.17422,5.37567,3.22142,-1.18321,-0.443769,0.322387,4.11925,-3.69593,3.07206,0.0373266,0.454081,-0.28698,3.09654,3.68836,-4.1276,6.77907,915.265,-81.2893,272.936,-186.469,-179.928,19.5686,-64.7361,27.6406,7.16934,124.439,-13.3641,44.3249,-1.8664,33.3448,-91.0501,65.1875,0,-27.3701,-250.481,29.578,-17.8901,-12.896,-34.2121,-4.83594,1.61258,3.42702,48.7732,-75.4478,81.3878,19.5485,-43.0287,15.5622,-22.4902,-10.4107,7.15925,-9.37741,0.546096,-0.43599,-0.219996,2.38832,-2.43863,0.352599,1.57021,1.04165,1.15792,12.9256,48.2164,-24.9633,-15.7614,-16.9923,2.24431,28.2117,17.9461,0.32771,-0.632276,0.352965,-5.87769,-1.99032,-0.0674964,0,2868,-8.32667e-17,-1.11022e-16,-8.32667e-17,1.52656e-16,-1.38778e-17,5.55112e-17,8.32667e-17,1.38778e-16,8.32667e-17,6.93889e-17,0,-0.462209,-0.375155,0.584994,0.145368,3.14159,2.17422,1.07512,3.22142,-0.236643,-0.392699,4.11925,-0.73914,3.07207,0.00746533,0.523599,0,0,0,0.965089,-0.0309798,-0.462209,0.584988,3.20299,2.17422,3.22142,-0.443769,4.11925,3.07206,0.454081,0.03196,-2.08202,1.43179,-2.92105e-05,0.411767,-0.0439991,0.477663,-0.487726,-0.294429,0.055575,0.0145422,1.00375,-342.041,225.483,-86.5428,888.036,-252.818,48.0298,-134.728,155.489,23.1207
1.3,-5.86505,-2.0606,1.05467,1.17668,4.89688e-05,1.71499,-0.425067,0.740258,0.613552,1.9241,3.23719,-12.7093,2.21487,-3.72589,3.26741,-0.523587,-0.406786,-3.63023,4.14934,-2.49009,3.08509,-0.129125,0.485021,-4.81238,-2.11462,-7.17103,-0.459248,-7.15176,-3.7023,-4.26505,-2.06052,-6.66511,-0.674995,-6.66498,-3.44628,1.25822,-0.0516969,0.109982,1.54957,-0.0706495,0.68605,-0.0324928,-5.4514,-0.457609,-2.04204,0.589588,0.801132,3.20758,-8.49277,2.18233,1.21702,3.22953,-0.960849,-0.435648,0.40728,4.1168,-4.10898,3.0696,0.0405173,0.451633,-0.320926,3.39568,4.08813,-4.55702,7.39459,1171.8,-66.2366,221.156,-140.094,-234.03,18.0386,-58.9055,20.7075,5.2643,163.958,-11.472,37.6176,-1.44329,85.1602,-80.6072,83.0451,0,-9.34576,-101.158,21.4607,-27.2917,-7.24015,-2.18481,-5.43489,3.80939,1.91295,55.7169,-81.9082,88.9404,19.3812,-48.1963,16.6388,-24.725,-10.3531,7.07844,-10.3771,0.614927,-0.500035,-0.228574,2.36136,-2.4133,0.369272,1.31105,0.945322,1.06513,17.7007,71.9446,-36.7925,-23.191,-23.7924,1.64332,30.6026,19.7925,0.241948,-0.356619,0.350926,-5.86724,-1.98998,-0.0706495,0,2918,0,2.77556e-17,6.93889e-17,-1.11022e-16,4.16334e-17,-1.94289e-16,-1.38778e-16,-8.32667e-17,2.77556e-17,3.29597e-17,0,-0.457609,-0.352038,0.589585,0.107205,3.14159,2.18233,0.243381,3.22954,-0.19217,-0.392699,4.1168,-0.82173,3.06963,0.00810347,0.523599,0,0,0,0.995911,-0.0324928,-0.457609,0.589588,3.20758,2.18233,3.22953,-0.435648,4.1168,3.0696,0.451633,0.0325418,-2.07045,1.41561,-3.87919e-05,0.146102,-0.0457148,0.472271,-0.48266,-0.348383,0.0557273,0.0145932,1.00394,-272.643,220.8,-87.2457,383.922,-73.1507,33.0786,-167.742,175.483,24.1228
1.32,-5.85551,-2.06346,1.07765,1.1936,-0.000684104,1.72924,-0.420783,0.849486,0.617501,2.39978,3.23028,-13.0398,2.21952,-4.51136,3.2558,-1.16223,-0.400653,-3.60399,4.14837,-2.44929,3.08252,-0.0960213,0.484096,-4.8026,-2.12101,-7.16147,-0.463878,-7.14347,-3.70413,-4.25551,-2.06456,-6.65456,-0.677273,-6.65646,-3.44855,1.3783,-0.85491,0.149139,1.64076,-0.0738254,0.70195,-0.0337503,-6.80949,-0.453849,-2.05678,0.593349,0.674078,3.21135,-3.39058,2.18646,-2.16652,3.23366,-0.660983,-0.431526,0.500895,4.1153,-4.46046,3.0681,0.0422158,0.45016,-0.353878,3.68514,4.55828,-4.97757,8.03804,1256.79,-56.0694,187.696,-116.1,-263.372,17.2305,-55.9184,17.1108,4.22612,177.976,-10.2673,33.5204,-1.22742,84.5652,-74.9805,100.008,0,-7.16406,-35.5272,15.9407,-35.982,-2.80508,9.04488,-7.75094,8.97861,0.85673,63.5847,-88.3863,96.8338,19.4473,-53.4078,17.7434,-27.0083,-10.4048,7.0513,-11.284,0.673884,-0.557871,-0.234646,2.35229,-2.40513,0.384725,1.14886,0.846102,0.712629,23.1406,95.7331,-16.5249,-62.2319,-39.2494,1.31203,32.5942,21.4473,0.195213,-0.138808,0.351392,-5.85785,-1.98967,-0.0738254,0,2963,0,-2.77556e-17,0,-8.32667e-17,4.02456e-16,-1.52656e-16,-3.747e-16,1.66533e-16,1.66533e-16,1.80411e-16,0,-0.453849,-0.354438,0.593354,0.0871754,3.14159,2.18646,-0.433293,3.23367,-0.132197,-0.392699,4.1153,-0.891938,3.06815,0.00844316,0.523599,0,0,0,1.02161,-0.0337503,-0.453849,0.593349,3.21135,2.18646,3.23366,-0.431526,4.1153,3.0681,0.45016,0.0330662,-2.08061,1.4101,-8.28011e-05,0.179208,-0.0469293,0.470459,-0.481026,-0.390924,0.0558647,0.0146392,1.00412,-209.423,217.762,-85.268,15.9116,79.9772,22.4994,-190.632,191.401,24.7796
1.34,-5.846,-2.06743,1.10113,1.2102,-0.00107963,1.73834,-0.416175,0.911529,0.621365,2.63165,3.07923,-13.0919,2.22309,-11.6825,3.30377,-3.49027,-0.394383,-3.57497,4.14756,-2.40688,3.08026,-0.0597479,0.483311,-4.79283,-2.12813,-7.15218,-0.469335,-7.13472,-3.70738,-4.246,-2.06916,-6.64451,-0.680925,-6.6475,-3.4522,1.59525,-7.98438,0.190069,1.72714,-0.0781076,0.721161,-0.0346592,-7.39219,-0.449755,-2.18212,0.597443,0.6558,3.21544,-0.688438,2.18951,-4.0907,3.2367,-0.191299,-0.428479,0.569041,4.11399,-4.77086,3.06679,0.044267,0.448837,-0.386909,3.97438,5.07145,-5.39954,8.69765,1276.6,-51.3039,172.35,-107.555,-277.038,17.2433,-55.7222,15.8478,3.97571,181.478,-9.81704,31.9635,-1.19596,71.7608,-75.332,113.328,0,-9.57567,-19.8395,13.9586,-42.4098,-0.495864,5.10106,-9.17718,13.5055,0.180717,71.463,-94.9557,104.898,19.6316,-58.4311,18.8966,-29.3415,-10.5171,7.06647,-12.1544,0.734098,-0.617125,-0.241644,2.35739,-2.41133,0.399588,1.17394,0.829949,0.45482,26.2411,107.339,-2.60794,-420.613,-146.917,1.45127,34.6744,23.2625,0.184213,-0.0246024,0.353227,-5.84868,-1.98937,-0.0781076,0,3007,-2.77556e-17,-2.77556e-17,-6.93889e-17,1.31839e-16,-2.77556e-17,-1.38778e-16,-3.64292e-17,0,1.38778e-16,1.56125e-16,0,-0.449755,-0.375937,0.597446,0.0833291,3.14159,2.18951,-0.818119,3.23671,-0.0382599,-0.392699,4.11399,-0.954026,3.06683,0.0088534,0.523599,0,0,0,1.04407,-0.0346592,-0.449755,0.597443,3.21544,2.18951,3.2367,-0.428479,4.11399,3.06679,0.448837,0.0335796,-2.1031,1.41315,-7.27e-05,0.441352,-0.0483288,0.471479,-0.482267,-0.416253,0.0559993,0.0146843,1.00437,-183.561,222.519,-85.4231,-168.304,180.227,13.0548,-201.24,204.465,25.2967
1.36,-5.83841,-2.07172,1.12451,1.22585,-0.00120346,1.74433,-0.411679,0.905758,0.624905,2.57461,3.20327,-13.1112,2.2264,935.216,3.30014,324.046,-0.391683,-3.54097,4.14716,-2.35887,3.07819,-0.0167283,0.482934,-4.78497,-2.13508,-7.14511,-0.475213,-7.1274,-3.71138,-4.23841,-2.07365,-6.63674,-0.685117,-6.64007,-3.4564,1.46899,938.908,0.236387,1.82306,-0.0826528,0.737773,-0.0352036,-7.43867,-0.445679,-2.39741,0.601519,0.721348,3.21952,-0.0663505,2.1924,-4.79603,3.2396,-0.0547707,-0.425582,0.621656,4.11316,-5.11824,3.06596,0.0454602,0.448018,-0.425405,4.31284,5.64493,-5.89089,9.43681,1261.68,-50.0014,167.667,-106.92,-279.465,17.8908,-57.3566,15.7513,4.2814,180.389,-9.9565,32.1978,-1.29082,73.2437,-81.184,124.155,0,-10.9632,-19.7127,14.931,-47.1023,0.00492093,2.55745,-9.72754,14.8895,-0.00179504,79.8976,-102.552,113.963,19.8455,-63.8099,20.1775,-31.9489,-10.6387,7.08029,-13.1178,0.796581,-0.678734,-0.246979,2.3621,-2.41671,0.416309,1.16915,0.782424,0.299919,25.9512,104.704,-0.964901,46924.5,16229.9,1.69966,37.0548,25.417,0.197762,0.000243294,0.352819,-5.84118,-1.98911,-0.0826528,0,3043,-5.55112e-17,-4.16334e-17,-8.32667e-17,1.249e-16,5.96745e-16,-8.32667e-17,-5.29064e-16,-5.55112e-17,1.11022e-16,1.30104e-16,0,-0.445679,-0.412859,0.601525,0.0922074,3.14159,2.1924,-0.959177,3.23961,-0.0109541,-0.392699,4.11316,-1.02347,3.06601,0.00909204,0.523599,0,0,0,1.06713,-0.0352036,-0.445679,0.601519,3.21952,2.1924,3.2396,-0.425582,4.11316,3.06596,0.448018,0.0340001,-2.12737,1.41589,-8.42039e-05,0.860281,-0.0493957,0.47242,-0.483342,-0.444658,0.0561096,0.0147213,1.00464,-173.864,230.293,-86.1075,-213.822,213.796,10.6105,-210.508,218.595,25.6818
1.38,-5.83143,-2.07644,1.14777,1.24074,-0.00116835,1.74931,-0.40677,0.879128,0.628923,2.5075,3.23475,-13.1273,2.2322,22.221,3.25857,6.04532,-0.38557,-3.50157,4.14721,-2.30155,3.07627,0.0358296,0.482978,-4.77768,-2.14243,-7.13939,-0.482905,-7.12037,-3.71613,-4.23143,-2.07831,-6.62981,-0.689868,-6.63305,-3.46115,1.4149,25.8652,0.291743,1.92718,-0.0876113,0.747202,-0.0355426,-7.36448,-0.441144,-2.6154,0.606053,0.839007,3.22405,0.135459,2.19783,-5.30109,3.24502,0.00596189,-0.420169,0.666066,4.11284,-5.51517,3.06564,0.04522,0.447671,-0.469475,4.70076,6.2356,-6.45335,10.23,1251.47,-50.454,167.827,-108.79,-281.147,18.9112,-59.8383,16.0251,4.70584,187.568,-10.8183,34.5604,-1.37405,78.9615,-88.8647,135.365,0,-12.0939,-21.7322,16.8289,-52.2026,0.196603,1.67674,-12.3287,18.9614,-0.0843836,88.5453,-111.093,123.75,20.0436,-69.3581,21.5221,-34.7422,-10.7439,7.06194,-14.1442,0.85812,-0.739261,-0.249741,2.35608,-2.41063,0.434691,1.1628,0.744935,0.248981,24.6189,102.858,-0.804409,1275.02,335.619,1.97031,39.9232,28.0487,0.216886,0.00969106,0.351128,-5.83452,-1.98889,-0.0876113,0,3075,2.77556e-17,6.93889e-17,5.55112e-17,-8.32667e-17,-1.35308e-16,5.55112e-17,1.43115e-16,1.66533e-16,2.77556e-16,2.55004e-16,0,-0.441144,-0.450251,0.60606,0.111605,3.14159,2.19783,-1.06022,3.24502,0.00119238,-0.392699,4.11284,-1.10294,3.06567,0.00904399,0.523599,0,0,0,1.09014,-0.0355426,-0.441144,0.606053,3.22405,2.19783,3.24502,-0.420169,4.11284,3.06564,0.447671,0.0343743,-2.1486,1.4123,-4.2254e-05,1.33851,-0.0499481,0.471216,-0.482126,-0.476344,0.0562078,0.0147541,1.00492,-173.892,243.748,-90.4908,-234.913,236.07,8.57057,-221.253,234.811,25.955
1.4,-5.82509,-2.08107,1.16975,1.25458,-0.00114517,1.7534,-0.401451,0.862474,0.633467,2.52024,3.24346,-13.1502,2.23841,13.5154,3.33003,-1.40859,-0.378369,-3.45937,4.14769,-2.23626,3.07444,0.0964964,0.483464,-4.77099,-2.14992,-7.13435,-0.490718,-7.11388,-3.72101,-4.22509,-2.0829,-6.6235,-0.694513,-6.62668,-3.46579,1.39408,17.2238,0.354712,2.04039,-0.0924535,0.748176,-0.0358706,-7.38065,-0.436177,-2.80188,0.611021,0.973467,3.22902,0.200278,2.20368,-5.78529,3.25088,0.150635,-0.414312,0.698909,4.11296,-5.96646,3.06576,0.0434323,0.447793,-0.520167,5.14685,6.83023,-7.10291,11.0841,1259.18,-51.5203,169.122,-110.48,-286.498,20.159,-62.6239,16.2729,5.03361,203.078,-12.171,38.2066,-1.4064,86.2745,-97.8788,147.492,0,-13.2794,-24.5884,19.1701,-57.85,0.327743,2.05184,-27.0488,41.4531,-0.428095,97.1881,-120.765,134.359,20.2416,-74.9443,22.9355,-37.7383,-10.8417,7.00684,-15.2187,0.917608,-0.797388,-0.249932,2.33781,-2.39151,0.454913,1.09884,0.691941,0.204301,23.7857,105.975,-1.14283,840.049,-15.2683,2.10975,43.2115,31.0862,0.231467,0.0161046,0.347608,-5.82828,-1.98867,-0.0924535,0,3105,0,-1.38778e-17,-2.77556e-17,8.32667e-17,-5.89806e-17,0,6.98226e-17,1.94289e-16,1.66533e-16,1.56125e-16,0,-0.436177,-0.482232,0.61103,0.136495,3.14159,2.20368,-1.15705,3.25088,0.030127,-0.392699,4.11296,-1.1932,3.06579,0.00868645,0.523599,0,0,0,1.11304,-0.0358706,-0.436177,0.611021,3.22902,2.20368,3.25088,-0.414312,4.11296,3.06576,0.447793,0.0347254,-2.16818,1.4013,-3.72926e-05,1.82456,-0.0499864,0.467563,-0.478302,-0.517438,0.0562999,0.014785,1.00521,-173.734,259.931,-97.2316,-250.65,260.692,5.13491,-237.179,253.753,26.1502
1.42,-5.81906,-2.08547,1.18982,1.26746,-0.00135837,1.75675,-0.395826,0.861563,0.638477,2.52652,3.24845,-13.0223,2.2444,-34.819,3.30852,-1.61957,-0.421028,-3.41789,4.14864,-2.16603,3.07281,0.162813,0.484427,-4.76458,-2.15774,-7.12924,-0.498021,-7.1079,-3.72571,-4.21906,-2.08765,-6.61718,-0.698747,-6.62094,-3.47003,1.39318,-31.0894,0.422355,2.15753,-0.0970658,0.741422,-0.0364118,-7.51928,-0.430879,-2.94061,0.616319,1.02824,3.23432,0.284524,2.20935,-6.32346,3.25654,-43.962,-0.408644,0.721651,4.11359,-6.44977,3.06639,0.0401217,0.448421,-0.575699,5.63507,7.40022,-7.82288,11.9732,1287.1,-52.8754,170.771,-111.621,-295.291,21.514,-65.3769,16.3833,5.2244,209.875,-12.9493,39.8024,-1.45567,93.0002,-107.694,160.474,0,-14.6577,-27.632,21.7165,-64.0432,0.527282,701.428,3909.38,-5986.52,-13791.8,105.463,-131.288,145.479,20.4603,-80.2524,24.3536,-40.8164,-10.942,6.91959,-16.2707,0.970102,-0.848645,-0.247529,2.30882,-2.36089,0.476064,1.00377,0.643679,0.167249,23.7146,106.652,6.39139,-1576.37,-2.27916,2.07389,46.7707,34.4066,0.240196,0.0258871,0.343301,-5.82247,-1.98847,-0.0970658,0,3133,0,-2.77556e-17,1.38778e-17,-5.55112e-17,3.50414e-16,-1.11022e-16,-8.88178e-16,-5.55112e-17,0,-2.42861e-17,0,-0.430879,-0.505829,0.616327,0.145031,3.14159,2.20935,-1.26479,3.25655,-8.79239,-0.392699,4.11359,-1.28983,3.06641,0.00802434,0.523599,0,0,0,1.13469,-0.0364118,-0.430879,0.616319,3.23432,2.20935,3.25654,-0.408644,4.11359,3.06639,0.448421,0.0350534,-2.1882,1.38383,-4.33561e-05,2.26007,-0.0495057,0.461765,-0.472178,-0.565327,0.0563861,0.0148138,1.00547,-175.07,269.227,-100.722,678.387,-1269.56,497.472,-258.484,274.7,26.2417
1.44,-5.81353,-2.08951,1.20763,1.27938,-0.00186925,1.75963,-0.390071,0.864889,0.643745,2.55289,3.25029,-171.657,2.24871,-971.5,3.27244,-2.38151,-0.64533,-3.38025,4.15005,-2.0952,3.07148,0.231118,0.485835,-4.75864,-2.16573,-7.12387,-0.503866,-7.10272,-3.73002,-4.21354,-2.09251,-6.61094,-0.702381,-6.61612,-3.47366,1.39994,-967.582,0.490449,2.27445,-0.101299,0.731262,-0.0372275,-7.73231,-0.425429,-3.04645,0.621769,1.0588,3.23977,-1.82305,2.21335,-5.48099,3.26055,-416.532,-0.404634,0.745404,4.11469,-6.94147,3.06749,0.0356104,0.449524,-0.63428,6.14942,7.95936,-8.59548,12.8937,1328.86,-54.2952,172.55,-112.541,-306.147,22.9081,-68.0465,16.4069,5.33304,217.278,-13.673,41.1257,-1.4917,130.444,-122.438,168.991,0,-13.5053,-43.7704,27.0755,-67.2115,-1.20309,78623.1,-19083.1,25614.5,541646,113.699,-142.425,157.041,20.7305,-85.3075,25.7488,-43.9314,-11.0611,6.81585,-17.2603,1.01207,-0.890486,-0.242896,2.27433,-2.32414,0.497377,0.890489,0.595943,0.144255,23.832,107.979,-7931.73,-48410.2,-40.5741,1.88211,50.3826,37.8263,0.245497,-0.0591244,0.338731,-5.81707,-1.98828,-0.101299,0,3159,2.77556e-17,5.55112e-17,6.93889e-17,-8.32667e-17,1.38778e-17,-5.55112e-17,-7.10543e-15,-2.77556e-17,1.11022e-16,1.02349e-16,0,-0.425429,-0.523572,0.621775,0.149084,3.14159,2.21335,-1.09754,3.26056,-83.3064,-0.392699,4.11469,-1.38817,3.06752,0.00712209,0.523599,0,0,0,1.15446,-0.0372275,-0.425429,0.621769,3.23977,2.21335,3.26055,-0.404634,4.11469,3.06749,0.449524,0.0353582,-2.21203,1.36309,-4.14402e-05,2.68205,-0.0485793,0.454865,-0.464828,-0.616302,0.0564662,0.0148406,1.00572,-177.073,277.048,-104.146,116869,-2421.19,-7327.81,-283.539,296.366,26.2157
1.46,-5.80855,-2.09343,1.22353,1.29049,-0.00256326,1.76216,-0.383873,0.873887,0.64958,2.62094,3.24068,-25047.8,2.25147,-35618.9,3.63244,-23.0581,-7.51718,-3.34692,4.15178,-2.02537,3.07042,0.30013,0.487583,-4.75319,-2.17413,-7.11847,-0.508647,-7.09824,-3.73424,-4.20855,-2.09753,-6.60499,-0.705738,-6.6121,-3.47701,1.42438,-35607.8,0.557464,2.38734,-0.105384,0.722576,-0.0381913,-8.05516,-0.419502,-3.11923,0.627696,1.07105,3.24569,-32.3597,2.21585,13.5069,3.26304,-10695.7,-0.402136,0.783816,4.11615,-7.41968,3.06895,0.0303127,0.451006,-0.693795,6.67161,8.53758,-9.39496,13.8413,1390.31,-55.3685,173.729,-113.066,-320.893,24.2392,-70.5371,16.347,5.33667,228.308,-14.3723,42.4028,-1.50217,-63.7792,-193.215,110.757,0,-63.6733,-1101.35,67.9673,-27.6104,-28.1924,4.35827e+07,-42836.9,6323.97,1.52358e+07,122.488,-153.856,168.951,21.0628,-90.2997,27.1042,-47.0548,-11.2068,6.71169,-18.1674,1.0406,-0.920934,-0.236362,2.23962,-2.28676,0.518126,0.795108,0.555625,0.12635,24.2222,111.39,-1.24381e+06,-1.78078e+06,-1074.4,1.66653,53.9607,41.279,0.246264,-1.38894,0.334554,-5.81229,-1.98811,-0.105384,0,3182,8.32667e-17,5.55112e-17,2.77556e-17,1.38778e-17,-3.88578e-15,-7.66054e-15,2.27374e-13,1.66533e-16,2.77556e-16,2.67147e-16,0,-0.419502,-0.535536,0.627701,0.150306,3.14159,2.21585,2.60891,3.26306,-2139.14,-0.392699,4.11615,-1.4837,3.069,0.00606253,0.523599,0,0,0,1.172,-0.0381913,-0.419502,0.627696,3.24569,2.21585,3.26304,-0.402136,4.11615,3.06895,0.451006,0.035628,-2.24101,1.3422,-7.32078e-05,3.15861,-0.0472725,0.447925,-0.457353,-0.663558,0.0565371,0.0148644,1.00596,-178.794,284.494,-108.244,7.94546e+07,8.25781e+06,-8.51487e+06,-308.338,317.429,26.0624
1.48,-5.80434,-2.09679,1.23721,1.30052,-0.00345681,1.7641,-0.377526,0.886245,0.65565,2.71562,3.11867,-246354,2.25398,-208700,3.30393,-29.8217,-9.77932,-3.31903,4.15386,-1.96257,3.06974,0.364443,0.489617,-4.74849,-2.18238,-7.1135,-0.512568,-7.09474,-3.73786,-4.20435,-2.10232,-6.59954,-0.70839,-6.60912,-3.47965,1.56482,-208686,0.617554,2.49642,-0.108895,0.7151,-0.0393196,-8.45069,-0.413389,-3.16918,0.633809,1.07037,3.25181,-10.1953,2.21812,-1.04843,3.26531,-14120.9,-0.399884,0.81719,4.118,-7.87541,3.0708,0.0245427,0.452817,-0.754068,7.20012,9.13558,-10.2221,14.8174,1465.56,-56.1027,174.344,-113.342,-338.521,25.5254,-72.9021,16.2434,5.26846,241.873,-15.045,43.6248,-1.49541,227.701,-161.069,175.834,0,-12.4527,-183.517,43.2439,-66.4904,-8.41074,7.6085e+07,-132910,115216,8.90041e+07,131.431,-165.619,181.216,21.4497,-95.0772,28.4258,-50.1657,-11.374,6.62317,-19.0053,1.05474,-0.938543,-0.227856,2.21005,-2.25426,0.538312,0.684024,0.501586,0.0970272,24.7775,116.129,-1.10653e+07,-1.04348e+07,-1412.56,1.39474,57.2048,44.4934,0.243636,-0.415301,0.331043,-5.80815,-1.98796,-0.108895,0,3202,-8.32667e-17,-6.93889e-17,-4.16334e-17,4.16334e-17,3.80224e-13,-5.31665e-13,1.25056e-12,-1.11022e-16,-1.11022e-16,-9.36751e-17,0,-0.413389,-0.543523,0.633821,0.149531,3.14159,2.21812,-0.147934,3.26531,-2824.17,-0.392699,4.118,-1.57502,3.07081,0.00490854,0.523599,0,0,0,1.18767,-0.0393196,-0.413389,0.633809,3.25181,2.21812,3.26531,-0.399884,4.118,3.0708,0.452817,0.0358628,-2.27471,1.3246,-1.83204e-05,3.70054,-0.0455711,0.442011,-0.450853,-0.71007,0.0565989,0.014885,1.00616,-178.253,290.769,-112.362,1.38131e+08,1.46191e+07,-1.49579e+07,-333.083,337.205,25.808
1.5,-5.80049,-2.09963,1.24874,1.30968,-0.0047316,1.76556,-0.370331,0.915768,0.662809,2.92464,3.32991,-246358,2.2585,-4.05936,3.32678,-1.73236,-0.144824,-3.29664,4.1555,-1.91161,3.06891,0.417192,0.491252,-4.74406,-2.19118,-7.10876,-0.516731,-7.09223,-3.74048,-4.2005,-2.1072,-6.59392,-0.710222,-6.60703,-3.48147,1.39026,-0.587757,0.666043,2.5973,-0.111877,0.706755,-0.0407941,-9.06816,-0.406393,-3.14786,0.640804,1.02715,3.2588,-19.6209,2.22243,4.62611,3.26963,-84.916,-0.395559,0.795922,4.11943,-8.27209,3.07224,0.020448,0.454259,-0.812232,7.70984,9.7013,-11.0479,15.7736,1576.79,-56.106,173.393,-112.441,-364.201,26.6361,-74.7804,15.977,4.96351,262.054,-15.6144,44.582,-1.43232,220.811,-190.213,164.572,0,-21.4849,-480.135,58.1252,-57.0592,-16.6787,2057.21,-507.787,268.86,1560.83,138.743,-177.314,193.206,21.8595,-99.0356,29.7832,-53.1814,-11.5603,6.57719,-19.7944,1.07533,-0.960447,-0.222158,2.19477,-2.23691,0.557089,0.576496,0.458139,0.0731949,26.1934,126.588,-199.802,-37.6833,-10.7479,1.11952,59.8343,47.1334,0.230324,-0.826188,0.330059,-5.80462,-1.98783,-0.111877,0,3219,2.77556e-17,9.71445e-17,8.32667e-17,-4.16334e-17,-1.21533e-12,-3.22667e-12,3.9897e-12,-2.22045e-16,-1.11022e-16,-1.04083e-16,0,-0.406393,-0.539367,0.640811,0.142227,3.14159,2.22243,0.92515,3.26963,-16.9832,-0.392699,4.11943,-1.65432,3.07225,0.00408961,0.523599,0,0,0,1.20115,-0.0407941,-0.406393,0.640804,3.2588,2.22243,3.26963,-0.395559,4.11943,3.07224,0.454259,0.0360625,-2.31192,1.31539,-2.64015e-05,4.12761,-0.0444317,0.438955,-0.447383,-0.755795,0.0566514,0.0149026,1.00634,-177.429,296.397,-117.776,6426.16,-3251.14,1117.69,-356.106,354.958,25.6407
1.52,-5.79708,-2.10293,1.25946,1.31867,-0.00612587,1.76685,-0.361967,0.967947,0.671288,3.27384,3.31629,-246358,2.26462,-3.51546,3.29749,-1.33235,-0.381291,-3.27756,4.15675,-1.86219,3.06782,0.467522,0.492524,-4.73994,-2.20125,-7.1046,-0.52209,-7.09042,-3.74327,-4.19711,-2.11273,-6.58858,-0.712414,-6.60556,-3.48364,1.46454,0.163316,0.7131,2.68792,-0.115294,0.704684,-0.0423764,-9.89326,-0.398217,-3.06928,0.64898,0.946967,3.26698,-7.39954,2.22837,-3.57178,3.27557,-7.36564,-0.389612,0.806181,4.1205,-8.62639,3.0733,0.017314,0.455343,-0.866475,8.18453,10.3213,-11.8434,16.726,1727.2,-55.1058,170.717,-110.761,-398.476,27.4167,-76.0312,15.5414,4.4674,288.601,-15.9742,45.1458,-1.32658,243.374,-178.092,208.812,0,-13.6521,-139.502,47.0036,-83.7867,-5.71064,145.826,-107.315,110.658,31.3857,147.319,-188.558,205.108,22.2688,-103.271,31.1416,-56.1721,-11.7525,6.53869,-20.5152,1.09977,-0.987151,-0.218525,2.18201,-2.22256,0.57404,0.535884,0.449382,0.0643847,28.7148,143.921,-5.94349,-10.1822,0.812225,0.954007,62.3679,49.653,0.208048,-0.283809,0.329558,-5.80131,-1.98771,-0.115294,0,3235,5.55112e-17,1.38778e-17,6.93889e-17,-9.71445e-17,1.57513e-13,2.51185e-12,-2.27271e-12,-1.11022e-16,-5.55112e-17,-6.245e-17,0,-0.398217,-0.525206,0.648984,0.128922,3.14159,2.22837,-0.71439,3.27558,-1.47313,-0.392699,4.1205,-1.72507,3.07334,0.0034628,0.523599,0,0,0,1.21249,-0.0423764,-0.398217,0.64898,3.26698,2.22837,3.27557,-0.389612,4.1205,3.0733,0.455343,0.0362505,-2.35022,1.30763,-5.47151e-05,4.50961,-0.043705,0.436401,-0.444512,-0.791461,0.0567008,0.0149191,1.00654,-178.673,302.254,-124.722,75.6393,-89.98,95.4776,-375.303,371.071,25.5221
1.54,-5.79453,-2.10643,1.2697,1.32725,-0.00738388,1.76781,-0.354365,1.01347,0.678782,3.53035,3.32001,-246375,2.26771,-54.5617,3.29187,-1.34608,-0.308924,-3.2597,4.15829,-1.81182,3.06689,0.520121,0.494056,-4.73671,-2.21089,-7.10088,-0.526184,-7.0892,-3.74651,-4.19457,-2.11825,-6.58427,-0.714924,-6.60474,-3.48613,1.51384,-50.961,0.761016,2.77758,-0.11889,0.710123,-0.0437754,-10.5624,-0.390757,-3.04392,0.656441,0.885059,3.27444,-5.9785,2.23132,-4.82097,3.27851,114.367,-0.386676,0.868766,4.12189,-8.98123,3.0747,0.0136641,0.456739,-0.921818,8.67,11.0835,-12.6682,17.7608,1863.6,-54.1442,168.846,-110.425,-430.439,28.2798,-77.7212,15.3447,4.1545,307.695,-16.1174,45.2352,-1.27618,244.754,-187.259,226.638,0,-14.9989,-120.96,49.0715,-92.8713,-4.40928,2376.83,2250.48,-2494.44,11202.7,158.835,-200.24,218.005,22.7117,-108.471,32.5236,-59.3511,-11.956,6.49961,-21.2265,1.11384,-1.0065,-0.213247,2.16905,-2.20774,0.59088,0.511867,0.429071,0.0479268,30.9245,156.085,-851.631,-2562.34,11.7485,0.892963,64.9633,52.2865,0.193574,-0.219248,0.327951,-5.79882,-1.98762,-0.11889,0,3247,-2.77556e-17,-2.77556e-17,0,6.93889e-18,-1.33266e-12,-1.17784e-12,2.49756e-12,1.66533e-16,2.77556e-16,2.41127e-16,0,-0.390757,-0.520305,0.65645,0.117544,3.14159,2.23132,-0.964036,3.27852,22.8733,-0.392699,4.12189,-1.79601,3.07473,0.00273282,0.523599,0,0,0,1.22307,-0.0437754,-0.390757,0.656441,3.27444,2.23132,3.27851,-0.386676,4.12189,3.0747,0.456739,0.0363916,-2.3909,1.29981,-5.72642e-05,5.107,-0.0426494,0.433811,-0.441548,-0.821405,0.056738,0.0149316,1.00675,-180.98,306.65,-129.371,9798.97,5363.46,-2388.82,-391.229,386.276,25.2834
1.56,-5.79256,-2.10998,1.27945,1.33552,-0.00873947,1.76887,-0.34771,1.05279,0.685264,3.78314,3.32481,-246452,2.26454,-1471.35,4.87611,-17.9037,-5.09247,-3.24208,4.16011,-1.76624,3.06629,0.570263,0.495863,-4.73413,-2.22021,-7.09642,-0.527021,-7.08863,-3.74983,-4.19262,-2.12396,-6.58042,-0.717398,-6.60464,-3.48857,1.55484,-1461.38,0.804187,2.86854,-0.122502,0.712178,-0.0452369,-11.1255,-0.384207,-3.0367,0.66299,0.854431,3.28099,-398.869,2.22804,249.715,3.27524,-7397.63,-0.389951,0.883356,4.12361,-9.32541,3.07642,0.00964322,0.458452,-0.979694,9.17866,11.8411,-13.5497,18.8348,1986.76,-53.4494,167.68,-110.657,-459.311,29.2889,-79.643,15.2463,3.92991,329.515,-16.6152,46.2351,-1.23142,-105157,-913.878,-882.946,0,-10473.3,-133686,515.4,630.798,-354.695,1.53629e+07,-15206.3,-18762.5,572669,169.262,-212.672,231.39,23.1793,-113.166,33.9301,-62.5472,-12.1655,6.48703,-21.9481,1.11468,-1.01228,-0.205669,2.1649,-2.20151,0.608029,0.487635,0.413195,0.0530222,32.8324,168.704,-3855.3,-73401.9,-817.286,0.880598,67.3338,54.7953,0.183076,-17.6521,0.327434,-5.79696,-1.98755,-0.122502,0,3256,-5.55112e-17,-6.93889e-17,-1.38778e-17,-9.02056e-17,-5.18936e-11,8.21689e-11,-8.94715e-11,-1.11022e-16,1.66533e-16,1.43982e-16,0,-0.384207,-0.518591,0.662995,0.112284,3.14159,2.22804,49.9448,3.27524,-1479.53,-0.392699,4.12361,-1.8649,3.07645,0.00192864,0.523599,0,0,0,1.2332,-0.0452369,-0.384207,0.66299,3.28099,2.22804,3.27524,-0.389951,4.12361,3.07642,0.458452,0.0364974,-2.43286,1.29732,-4.34162e-05,5.68729,-0.0411339,0.432979,-0.440303,-0.852866,0.0567658,0.0149409,1.00695,-186.023,314.043,-135.183,4.0539e+07,2.77775e+06,-2.93905e+06,-405.632,401.126,24.9571
1.58,-5.79152,-2.11296,1.2881,1.34264,-0.00981737,1.77001,-0.343233,1.03701,0.689418,3.72681,3.32978,-246452,2.25787,-3.79137,3.28714,-1.26291,-0.382359,-3.22418,4.16163,-1.71514,3.06506,0.623908,0.497377,-4.73268,-2.22734,-7.0926,-0.525715,-7.08868,-3.75267,-4.1916,-2.12867,-6.57788,-0.719532,-6.60509,-3.49068,1.53825,-0.121868,0.85254,2.96067,-0.12552,0.718452,-0.0463618,-11.3298,-0.379778,-3.12241,0.66742,0.889145,3.28542,-7.97052,2.22132,-4.27682,3.26852,-6.00608,-0.396672,0.952092,4.12509,-9.69039,3.07789,0.00615919,0.459924,-1.04001,9.71067,12.7136,-14.472,19.9849,2057.1,-53.5773,168.784,-112.946,-472.024,30.4286,-81.9272,15.2781,4.07484,342.371,-17.2957,47.7398,-1.27238,299.107,-215.795,249.926,0,-15.5541,-166.021,56.4721,-99.358,-6.21454,130.001,-96.8031,99.1644,18.7776,182.401,-225.607,245.682,23.6721,-118.786,35.4107,-66.0166,-12.3929,6.44953,-22.6637,1.1236,-1.02667,-0.200202,2.15248,-2.18729,0.625456,0.432215,0.356025,0.0569726,31.9201,165.82,-7.87481,-24.3151,0.315984,0.894984,69.9647,57.4816,0.189698,-0.309735,0.32567,-5.79613,-1.98752,-0.12552,0,3260,2.77556e-17,6.93889e-17,1.249e-16,-1.66533e-16,6.03201e-12,1.71502e-12,-8.25864e-12,-1.11022e-16,1.66533e-16,1.42247e-16,0,-0.379778,-0.532105,0.667424,0.116863,3.14159,2.22132,-0.855364,3.26852,-1.20122,-0.392699,4.12509,-1.9379,3.07792,0.00123184,0.523599,0,0,0,1.24291,-0.0463618,-0.379778,0.66742,3.28542,2.22132,3.26852,-0.396672,4.12509,3.07789,0.459924,0.0365444,-2.47836,1.28983,-3.99294e-05,6.6358,-0.0400405,0.430496,-0.437458,-0.882524,0.0567782,0.014945,1.00713,-187.65,319.151,-138.246,50.1181,-5.53534,77.9032,-418.924,415.458,24.6899
1.6,-5.79088,-2.11688,1.29688,1.34984,-0.0109448,1.76973,-0.338424,1.10492,0.693804,3.64848,3.33425,-246452,2.24979,-5.05595,3.25308,-1.47308,-0.373954,-3.20515,4.16386,-1.65874,3.06437,0.686028,0.499595,-4.73157,-2.23566,-7.08881,-0.524613,-7.089,-3.75676,-4.19098,-2.1344,-6.57567,-0.722571,-6.606,-3.49369,1.60606,-1.42892,0.906034,3.04724,-0.129466,0.716211,-0.0475127,-11.755,-0.374992,-3.129,0.672206,0.760501,3.2902,-5.52164,2.21322,-6.22697,3.26042,-1.37318,-0.404764,0.988293,4.1273,-10.0424,3.0801,0.00100938,0.462138,-1.09822,10.2253,13.4183,-15.3815,21.0488,2153.54,-52.8991,167.576,-113.332,-489.806,31.3001,-83.2844,14.9577,3.94841,314.142,-15.6329,42.7354,-1.36359,282.885,-223.1,270.453,0,-17.5736,-124.002,54.9781,-107.562,-4.04917,40.2228,-33.2416,37.5639,1.83046,192.726,-238.118,258.928,24.1358,-123,36.5843,-68.9962,-12.589,6.40359,-23.2338,1.09371,-1.00317,-0.188764,2.1372,-2.16929,0.641886,0.439398,0.360007,-0.0138227,35.1543,157.34,-8.66068,-87.9485,-38.8379,0.951601,72.8965,60.5894,0.18399,-0.202545,0.324123,-5.79572,-1.98751,-0.129466,0,3262,2.77556e-17,4.16334e-17,0,6.93889e-17,-2.78427e-12,-9.61231e-13,2.65277e-12,1.11022e-16,1.11022e-16,1.31839e-16,0,-0.374992,-0.531806,0.67221,0.0892895,3.14159,2.21322,-1.24536,3.26043,-0.274637,-0.392699,4.1273,-2.00824,3.08013,0.000201876,0.523599,0,0,0,1.25153,-0.0475127,-0.374992,0.672206,3.2902,2.21322,3.26042,-0.404764,4.1273,3.0801,0.462138,0.036568,-2.51752,1.28062,-5.13349e-05,7.30236,-0.0377529,0.42744,-0.433858,-0.905466,0.0567844,0.0149471,1.00735,-193.576,307.832,-131.068,-107.162,240.5,18.87,-431.801,430.641,24.1786
1.62,-5.79028,-2.12142,1.30611,1.35744,-0.0121732,1.75717,-0.332903,1.45135,0.69659,3.09273,3.34122,-246452,2.23955,-11.1252,3.32832,-7.38222,-0.379566,-3.18469,4.16675,-1.59588,3.06386,0.757696,0.502462,-4.73043,-2.24515,-7.08444,-0.522942,-7.08932,-3.7617,-4.1904,-2.1409,-6.57335,-0.726146,-6.60709,-3.49722,1.94832,-7.41729,0.965514,3.13999,-0.134023,0.709977,-0.0487765,-12.1686,-0.369506,-3.12,0.677691,0.324973,3.29568,-2.21008,2.20295,-8.72143,3.25014,-0.176495,-0.41504,1.01109,4.13014,-10.4225,3.08295,-0.00587256,0.465,-1.16244,10.7927,14.1247,-16.4031,22.2061,2264.83,-52.8426,168.144,-114.554,-507.408,32.2888,-84.7522,14.6719,3.84526,152.008,-7.69634,20.8004,-1.99009,237.225,-229.086,293.806,0,-21.4025,-80.9493,51.6255,-116.457,-1.13254,7.39302,-10.7496,13.684,0.300607,202.829,-252,273.322,24.6469,-126.916,37.7063,-72.0495,-12.7941,6.35406,-23.7646,1.02489,-0.942921,-0.17114,2.1205,-2.14891,0.65954,0.461267,0.380034,-0.628253,52.2856,116.195,-4.13435,-391.921,-369.081,1.02333,76.1832,64.166,0.178677,-0.0566709,0.321251,-5.7951,-1.98749,-0.134023,0,3265,-2.77556e-17,-4.16334e-17,-5.55112e-17,1.249e-16,1.65042e-12,1.5471e-13,-5.15178e-13,-1.66533e-16,0,-1.56125e-17,0,-0.369506,-0.528604,0.67769,0.0200714,3.14159,2.20295,-1.74424,3.25015,-0.0352989,-0.392699,4.13014,-2.08415,3.08299,-0.00117451,0.523599,0,0,0,1.26028,-0.0487765,-0.369506,0.677691,3.29568,2.20295,3.25014,-0.41504,4.13014,3.08295,0.465,0.0366033,-2.55839,1.27067,-7.20438e-05,7.958,-0.0342279,0.4241,-0.429783,-0.927701,0.0567937,0.0149502,1.00761,-206.139,264.324,-89.2653,-299.924,380.168,8.25238,-445.683,447.496,23.4841
1.64,-5.78965,-2.12595,1.3153,1.36512,-0.0135333,1.75013,-0.326862,1.28418,0.703997,1.46041,3.33126,-246452,2.23147,14.0387,3.32663,12.9478,-0.386679,-3.16318,4.16999,-1.52845,3.06314,0.835583,0.505668,-4.72918,-2.25511,-7.08025,-0.522273,-7.0897,-3.76667,-4.1898,-2.1476,-6.57082,-0.729605,-6.60833,-3.50063,1.79851,17.752,1.02901,3.24307,-0.138566,0.70073,-0.0501601,-11.1587,-0.363489,-3.14031,0.683709,-1.51296,3.30171,-0.312273,2.19484,-10.335,3.24204,-0.13371,-0.42315,1.02008,4.13337,-10.8438,3.08617,-0.0132076,0.46822,-1.23604,11.4432,14.8859,-17.5963,23.5303,2278.42,-64.3358,198.044,-131.075,-416.286,31.5617,-81.18,12.5133,5.36278,-497.962,26.8287,-71.1881,-9.64379,206.325,-239.801,315.491,0,-24.7195,-66.0604,50.7056,-124.014,0.556177,-0.362563,14.4217,-19.4855,-0.274475,213.357,-268.061,289.748,25.2373,-130.856,38.9136,-75.4318,-13.0295,6.30388,-24.3308,0.937865,-0.865079,-0.151192,2.10369,-2.12816,0.679214,0.459743,0.384376,-0.351776,42.3591,12.7832,-1.57152,865.869,609.956,1.07516,79.7171,68.0578,0.245159,0.0277995,0.318015,-5.79468,-1.98747,-0.138566,0,3267,2.77556e-17,4.16334e-17,9.71445e-17,6.93889e-17,-2.80561e-12,1.38112e-13,-8.68538e-13,-1.11022e-16,0,-2.1684e-17,0,-0.363489,-0.517595,0.683713,-0.0421516,3.14159,2.19484,-2.06697,3.24204,-0.026742,-0.392699,4.13337,-2.16843,3.08621,-0.00264153,0.523599,0,0,0,1.26948,-0.0501601,-0.363489,0.683709,3.30171,2.19484,3.24204,-0.42315,4.13337,3.08617,0.46822,0.0366268,-2.60551,1.26065,-6.43997e-05,8.79603,-0.0302383,0.420738,-0.425631,-0.9535,0.0567999,0.0149523,1.00787,-236.916,203.452,87.5921,-418.658,444.697,12.8157,-461.314,465.818,22.7
1.66,-5.78859,-2.13064,1.32441,1.37317,-0.0152659,1.75961,-0.320788,0.83829,0.717542,1.5808,4.59413,-246452,2.22473,4.6104,3.31168,5.40813,-0.394586,-3.14205,4.17369,-1.46147,3.06247,0.915798,0.509303,-4.7275,-2.26586,-7.07536,-0.522188,-7.09004,-3.77171,-4.18877,-2.15507,-6.56734,-0.73295,-6.60965,-3.50391,0.103291,8.31666,1.0917,3.35183,-0.143297,0.683317,-0.0519398,-10.8138,-0.357462,-2.10888,0.689736,1633.18,3.30774,0.428346,2.18805,-11.2633,3.23525,-0.339789,-0.429938,0.971331,4.13701,-11.2813,3.08982,-0.0213114,0.471856,-1.31638,12.1522,15.5536,-18.9499,24.9583,2338.96,-71.7526,216.891,-141.434,34.5969,9.40654,-21.3137,-13.4684,7.31198,6.06091e+06,-28477.2,73941.5,-2.56353e+06,196.408,-254.863,335.919,0,-26.9373,-63.5671,51.9332,-130.64,1.27531,4.20861,24.3489,-33.4176,-0.867496,221.267,-286.001,307.408,25.8814,-133.665,40.101,-78.8414,-13.2793,6.26546,-24.8872,0.817281,-0.754471,-0.127029,2.0908,-2.11085,0.700031,0.455356,0.40245,0.474097,11.8066,0.468367,-0.404087,394.116,225.523,1.05679,83.2511,72.0655,0.303805,0.0637512,0.315845,-5.79385,-1.98744,-0.143297,0,3271,2.77556e-17,2.77556e-17,1.38778e-17,8.52651e-14,-6.35671e-12,3.46279e-13,-2.76367e-12,5.55112e-17,2.22045e-16,2.22912e-16,0,-0.357462,-0.290092,0.689746,-0.0112486,3.14159,2.18805,-2.25263,3.23525,-0.0679578,-0.392699,4.13701,-2.25599,3.08985,-0.00426228,0.523599,0,0,0,1.27863,-0.0519398,-0.357462,0.689736,3.30774,2.18805,3.23525,-0.429938,4.13701,3.08982,0.471856,0.0366738,-2.65554,1.25299,-5.13015e-05,9.52544,-0.0254059,0.418159,-0.422169,-0.981785,0.0568123,0.0149564,1.00814,-143.965,79.5427,-1.25516e+06,-485.051,477.07,18.8729,-480.162,485.765,21.8075
1.68,-5.78735,-2.13523,1.33317,1.38125,-0.0171899,1.77222,-0.316735,0.564683,0.726609,1.2079,3.34787,-246452,2.22176,4.18303,3.30448,6.74724,-0.397619,-3.12132,4.17699,-1.38859,3.06069,1.00054,0.512552,-4.72586,-2.27571,-7.0708,-0.52378,-7.09056,-3.7763,-4.18759,-2.16274,-6.56342,-0.736046,-6.61105,-3.50692,1.08502,7.88513,1.15954,3.46611,-0.147932,0.668651,-0.0539226,-12.2942,-0.353467,-1.09824,0.69373,-0.991036,3.31173,0.552583,2.18502,-11.829,3.23222,0.0895018,-0.432964,0.946725,4.14026,-11.7442,3.09306,-0.0289176,0.475095,-1.40376,12.9222,16.3679,-20.477,26.5937,2537.96,-61.6159,192.837,-130.288,669.144,-20.5604,57.429,-45.8994,7.78452,-283.677,16.2208,-41.3147,-15.9661,203.537,-274.336,358.316,0,-28.3904,-66.7941,55.8161,-138.808,1.47373,-10.268,-11.6993,15.9616,-0.389991,231.563,-306.104,327.545,26.5877,-137.193,41.547,-82.8003,-13.5655,6.21848,-25.4452,0.690444,-0.638648,-0.103359,2.07484,-2.09069,0.721964,0.437794,0.403702,0.630512,-10.6361,-8.90284,-0.919267,372.599,335.24,1.03631,87.0602,76.291,0.27954,0.0736495,0.313284,-5.79282,-1.9874,-0.147932,0,3276,-2.77556e-17,-2.77556e-17,-2.42861e-17,-1.5786e-16,-7.19468e-13,2.04614e-13,4.17995e-13,5.55112e-17,1.11022e-16,1.04951e-16,0,-0.353467,-0.117169,0.693736,-0.017019,3.14159,2.18502,-2.36574,3.23223,0.0179004,-0.392699,4.14026,-2.34861,3.09309,-0.00578352,0.523599,0,0,0,1.28768,-0.0539226,-0.353467,0.69373,3.31173,2.18502,3.23222,-0.432964,4.14026,3.09306,0.475095,0.0367327,-2.71285,1.24362,-3.91373e-05,10.4803,-0.0206719,0.414968,-0.418138,-1.00892,0.0568278,0.0149616,1.00841,-14.3126,-110.21,27.7254,-507.056,520.983,12.1845,-499.723,506.296,21.0284
1.7,-5.78654,-2.13846,1.34051,1.38765,-0.0185232,1.78014,-0.315355,0.531445,0.726776,1.17662,3.34985,-246452,2.22307,2.65645,3.30551,1.40386,-0.395559,-3.10043,4.17963,-1.28559,3.05593,1.11132,0.515142,-4.72493,-2.2818,-7.0684,-0.526629,-7.09087,-3.7797,-4.18682,-2.16809,-6.56074,-0.738236,-6.61207,-3.50904,1.04996,6.35752,1.2552,3.58294,-0.151183,0.672946,-0.0552912,-13.4482,-0.352123,-1.44863,0.695075,-0.752678,3.31307,1.14294,2.1863,-12.6386,3.2335,0.583083,-0.431695,1.15135,4.14287,-12.2763,3.09567,-0.0370294,0.477707,-1.49615,13.7367,17.7054,-22.0907,28.4871,2645.8,-50.2029,167.064,-121.267,717.303,-19.1275,54.3856,-45.1521,6.61008,-237.156,12.3981,-31.2609,-13.7599,204.246,-295.24,385.819,0,-30.3267,-69.3932,61.0479,-150.545,2.02403,-30.8998,-39.961,54.9611,-0.859936,254.514,-327.239,350.788,27.3417,-144.49,43.1798,-87.6551,-13.8876,6.07003,-25.6898,0.534541,-0.498295,-0.0772745,2.02412,-2.03539,0.744439,0.367348,0.320183,0.395898,-12.8791,-10.2279,-1.51493,296.336,103.302,1.04471,92.3425,81.7791,0.234681,0.101153,0.305873,-5.7922,-1.98738,-0.151183,0,3279,2.77556e-17,1.38778e-17,1.21431e-17,1.12757e-17,6.6398e-12,-8.24674e-13,-6.01875e-12,1.66533e-16,1.11022e-16,1.11456e-16,0,-0.352123,-0.149536,0.695076,-0.0155752,3.14159,2.1863,-2.52771,3.2335,0.116617,-0.392699,4.14287,-2.45499,3.0957,-0.00740587,0.523599,0,0,0,1.2964,-0.0552912,-0.352123,0.695075,3.31307,2.1863,3.2335,-0.431695,4.14287,3.09567,0.477707,0.036768,-2.77723,1.21392,-4.46274e-05,12.5339,-0.0154549,0.404823,-0.407078,-1.02023,0.056837,0.0149647,1.00859,21.0448,-101.294,10.056,-525.728,565.26,6.41125,-517.391,525.634,20.3789
1.72,-5.78603,-2.14027,1.34602,1.39213,-0.0193466,1.78452,-0.315417,0.537197,0.725976,1.22461,3.34855,-246452,2.22541,1.84193,3.32294,-1.35695,-0.380081,-3.08026,4.18126,-1.17496,3.04866,1.23108,0.516658,-4.72445,-2.2849,-7.06723,-0.528992,-7.09105,-3.78159,-4.18633,-2.17122,-6.55907,-0.739413,-6.61269,-3.51018,1.05621,5.54495,1.35704,3.68645,-0.153014,0.672063,-0.0561499,-13.8546,-0.35222,-1.64811,0.694977,-1.75728,3.31298,2.0652,2.1886,-13.6186,3.2358,2.83872,-0.429392,1.35488,4.14445,-12.7754,3.09726,-0.0498387,0.479278,-1.58072,14.4814,18.7972,-23.5579,30.1572,2667.33,-44.5546,154.813,-118.576,706.331,-17.0458,49.3293,-44.0569,6.40601,-558.604,30.2259,-75.3319,-26.2824,189.902,-313.462,411.843,0,-32.8139,-70.1275,65.6173,-162.412,2.90754,-122.183,-132.859,186.153,-9.40784,274.538,-346.089,371.234,28.0414,-150.498,44.6413,-92.0822,-14.2037,5.88824,-25.2931,0.205276,-0.192533,-0.0289031,1.95829,-1.96225,0.764392,0.275273,0.223832,0.219179,-12.569,-10.3907,-4.29791,255.727,-3.80359,1.00841,97.9547,87.537,0.228498,0.145876,0.297967,-5.79158,-1.98736,-0.153014,0,3282,-2.77556e-17,-4.16334e-17,-5.20417e-18,1.8735e-16,-4.40537e-12,1.02163e-12,3.98647e-12,1.11022e-16,0,1.32273e-17,0,-0.35222,-0.169481,0.694983,-0.0167613,3.14159,2.1886,-2.72375,3.2358,0.567743,-0.392699,4.14445,-2.55494,3.09727,-0.00996774,0.523599,0,0,0,1.30371,-0.0561499,-0.35222,0.694977,3.31298,2.1886,3.2358,-0.429392,4.14445,3.09726,0.479278,0.0368033,-2.84058,1.1776,-2.2008e-05,14.7532,-0.00578061,0.391658,-0.39245,-1.00904,0.0568463,0.0149678,1.0087,38.8094,-87.8629,93.5355,-515.902,671.264,-14.3358,-534.15,542.432,20.0254
1.74,-5.78591,-2.14152,1.35007,1.39552,-0.0201016,1.78685,-0.317913,0.563502,0.723411,1.2432,3.34575,-246453,2.22792,5.40101,3.37133,-1.42962,-0.326594,-3.06313,4.18179,-1.07562,3.03996,1.35397,0.517036,-4.72464,-2.28601,-7.06658,-0.530939,-7.0918,-3.78249,-4.18623,-2.17368,-6.55789,-0.740077,-6.6136,-3.5108,1.08275,9.09893,1.44731,3.76808,-0.154265,0.656605,-0.0569049,-13.6086,-0.354717,-1.65357,0.692481,-1.87402,3.31048,4.9299,2.19112,-15.7592,3.23832,27.745,-0.426872,1.44056,4.14499,-13.1784,3.09779,-0.0780417,0.479835,-1.64894,15.0838,19.2515,-24.762,31.3776,2594.67,-43.8352,153.026,-119.39,687.638,-16.5851,47.9042,-44.3775,7.05587,-542.67,31.4127,-77.0285,-28.0969,95.4485,-323.307,438.31,0,-39.0103,-66.5482,66.4867,-176.072,5.58648,-978.608,-669.827,1010.38,-501.741,283.347,-361.109,386.127,28.6273,-152.904,45.8351,-95.4392,-14.4871,5.72342,-23.5761,-0.663411,0.623398,0.0918156,1.88798,-1.8764,0.780155,0.202687,0.169552,0.116205,-11.2582,-9.46308,-45.1926,433.807,4.34329,0.856372,102.949,92.969,0.25318,0.281885,0.291382,-5.79158,-1.98736,-0.154265,0,3282,-8.32667e-17,-5.55112e-17,-9.36751e-17,3.05311e-16,9.37793e-12,1.25622e-12,-9.85723e-12,-2.22045e-16,3.33067e-16,3.32633e-16,0,-0.354717,-0.169996,0.692485,-0.0171981,3.14159,2.19112,-3.15178,3.23832,5.549,-0.392699,4.14499,-2.63535,3.09783,-0.0156083,0.523599,0,0,0,1.30922,-0.0569049,-0.354717,0.692481,3.31048,2.19112,3.23832,-0.426872,4.14499,3.09779,0.479835,0.0368033,-2.89706,1.14459,-4.77212e-05,16.2821,0.0183631,0.377596,-0.37528,-0.948798,0.0568463,0.0149678,1.00877,46.1215,-82.3033,91.168,426.114,1609.69,-272.811,-552.228,556.817,19.9972
1.76,-5.78599,-2.14234,1.35301,1.39829,-0.0209484,1.78827,-0.321956,0.59386,0.719725,1.2657,3.34118,-287570,2.22852,-287737,4.03517,-168.382,-55.8527,-3.05183,4.18143,-1.0006,3.0313,1.51167,0.516157,-4.72519,-2.28601,-7.06559,-0.53141,-7.09314,-3.78243,-4.18634,-2.17586,-6.55678,-0.740247,-6.61483,-3.51092,1.114,-287677,1.51454,3.83052,-0.155085,0.638671,-0.0577399,-12.9623,-0.358747,-1.54156,0.68845,-2.04105,3.30645,-234.021,2.19173,131.337,3.23893,-82981.9,-0.426267,1.47362,4.14463,-13.4899,3.09744,-0.165536,0.479475,-1.70207,15.5535,19.429,-25.7448,32.313,2466.9,-46.0837,157.531,-122.319,663.784,-17.0543,48.5643,-45.527,8.25267,-508.952,32.8643,-79.2553,-30.7185,-32112.6,-892.79,-254.243,0,-2327,-48440.2,413.285,253.567,-204.983,2.79707e+09,-255338,-167275,1.26862e+08,287.113,-373.173,397.532,29.0996,-153.846,47.0059,-98.2123,-14.7354,5.58318,-17.5036,-3.58848,3.37403,0.490634,1.79072,-1.73825,0.792228,0.146624,0.138616,0.0711837,-9.75444,-8.33841,-2.05584e+06,-1.43867e+07,-8340.61,0.564875,106.681,98.3668,0.29754,-10.3947,0.285682,-5.79178,-1.98736,-0.155085,0,3281,-5.55112e-17,-2.77556e-17,-2.42861e-17,2.08167e-17,1.08802e-11,1.83631e-11,-1.72804e-11,-1.11022e-16,1.11022e-16,6.59195e-17,0,-0.358747,-0.158783,0.688455,-0.0179103,3.14159,2.19173,26.3686,3.23892,-16596.4,-0.392699,4.14463,-2.69767,3.09747,-0.0331071,0.523599,0,0,0,1.31328,-0.0577399,-0.358747,0.68845,3.30645,2.19173,3.23893,-0.426267,4.14463,3.09744,0.479475,0.0367915,-2.94673,1.11655,-3.97684e-05,17.0987,0.0981269,0.358144,-0.347651,-0.711837,0.0568432,0.0149668,1.00882,47.3472,-81.4862,87.8604,4.78593e+09,5.56038e+08,-5.58025e+08,-570.796,566.971,20.3273
1.78,-5.78626,-2.14246,1.35484,1.40034,-0.021798,1.78923,-0.326682,0.620307,0.715587,1.28667,3.33575,-306009,2.22843,73646.5,2.8511,49.4437,16.5988,-3.04543,4.18103,-0.953951,3.02484,1.62537,0.515243,-4.72601,-2.28494,-7.06466,-0.530819,-7.09473,-3.7816,-4.18664,-2.17733,-6.55587,-0.739712,-6.61628,-3.51033,1.14174,73632.8,1.55565,3.87686,-0.155194,0.628283,-0.0585778,-12.1316,-0.363462,-1.37168,0.683736,-2.23143,3.30173,83.4463,2.19165,-64.7027,3.23885,25317.7,-0.426356,1.49822,4.14425,-13.7112,3.09705,-0.237403,0.479027,-1.74209,15.9074,19.6684,-26.5313,33.0964,2317.52,-49.6538,164.927,-126.398,638.473,-17.9723,50.3056,-47.1827,9.74433,-466.285,34.2499,-81.4849,-33.7619,-7409.75,-164.684,699.549,0,-484.845,-5217.36,-39.4696,-332.539,75.0321,2.5859e+08,5424.68,142796,-3.22591e+07,291.262,-382.935,407.086,29.4524,-155.011,48.0905,-100.542,-14.9242,5.49233,-12.1363,-6.19956,5.83512,0.838589,1.71879,-1.64146,0.801193,0.0914951,0.102504,0.04786,-8.46333,-7.28964,-921926,3.68249e+06,2550.69,0.32002,108.994,101.83,0.352542,3.82058,0.282188,-5.79199,-1.98737,-0.155194,0,3280,-5.55112e-17,-6.93889e-17,-4.51028e-17,3.1225e-16,3.04814e-11,7.08624e-11,-6.11635e-11,1.66533e-16,0,-1.73472e-17,0,-0.363462,-0.141753,0.68374,-0.0187537,3.14159,2.19165,-13.1276,3.23884,5063.54,-0.392699,4.14425,-2.74253,3.09702,-0.0474805,0.523599,0,0,0,1.31623,-0.0585778,-0.363462,0.683736,3.30173,2.19165,3.23885,-0.426356,4.14425,3.09705,0.479027,0.0367798,-2.98518,1.09855,3.67163e-05,17.777,0.167718,0.343759,-0.328291,-0.479273,0.0568401,0.0149657,1.00882,47.0875,-82.4973,82.9336,4.46378e+08,5.27496e+07,-5.21383e+07,-584.494,573.397,20.4579
1.8,-5.78662,-2.14198,1.35564,1.40188,-0.0228107,1.79012,-0.332704,0.643747,0.710339,1.30604,3.32884,-306012,2.23065,-8.08284,3.15369,-2.13066,-0.180826,-3.04533,4.18075,-0.954174,3.02362,1.70927,0.514383,-4.72704,-2.28283,-7.06406,-0.530696,-7.09653,-3.78016,-4.18703,-2.17847,-6.55481,-0.738451,-6.61802,-3.50901,1.16684,-4.74833,1.55506,3.90644,-0.154699,0.617846,-0.059567,-11.104,-0.36946,-1.15629,0.677737,-2.44832,3.29574,-81.5815,2.19389,37.0884,3.24109,-190.726,-0.424105,1.44557,4.14399,-13.8283,3.09679,-0.33846,0.478788,-1.76785,16.1361,19.7431,-27.1104,33.6427,2131.68,-54.4923,174.644,-131.003,603.135,-19.1371,52.5018,-48.9906,11.4625,-414.717,35.7596,-83.9821,-37.1949,-2058.61,-551.246,205.246,0,-225.849,-6385.21,197.519,-26.5891,-70.4265,-4470.59,-869.499,-43.6417,1815.52,290.932,-390.167,413.735,29.6744,-154.978,48.9765,-102.088,-15.0439,5.47201,-4.91298,-9.87051,9.28653,1.32271,1.65371,-1.5541,0.806918,0.0401192,0.0767817,0.044719,-7.31074,-6.32087,-155.286,-240.25,-33.0696,0.00528302,108.969,102.818,0.416258,-3.59983,0.282307,-5.7924,-1.98739,-0.154699,0,3278,2.77556e-17,5.55112e-17,6.245e-17,2.77556e-16,-1.06493e-11,2.3709e-11,-1.36779e-11,-2.22045e-16,-1.11022e-16,-1.66533e-16,0,-0.36946,-0.120308,0.677741,-0.019724,3.14159,2.19389,7.41799,3.24109,-38.1451,-0.392699,4.14399,-2.76576,3.09678,-0.0676919,0.523599,0,0,0,1.31808,-0.059567,-0.36946,0.677737,3.29574,2.19389,3.24109,-0.424105,4.14399,3.09679,0.478788,0.0367562,-3.0089,1.09443,1.08405e-05,17.8427,0.264542,0.330742,-0.31082,-0.133112,0.0568339,0.0149637,1.00879,44.7812,-83.8003,77.8045,39851,-8773.76,3994.01,-596.062,575.779,20.4203
1.82,-5.78684,-2.14107,1.35558,1.4029,-0.0238576,1.79108,-0.339096,0.66279,0.704763,1.32245,3.32144,-306012,2.23605,-4.37057,3.49654,-1.6775,-0.801054,-3.05179,4.18057,-0.99923,3.02752,1.74886,0.513478,-4.72796,-2.28014,-7.06392,-0.531743,-7.09822,-3.77831,-4.18729,-2.17924,-6.55355,-0.736743,-6.61966,-3.50724,1.18771,-0.072974,1.51481,3.91923,-0.153787,0.616574,-0.0606138,-10.0441,-0.375852,-0.934434,0.671345,-2.67007,3.28934,-90.896,2.19929,43.2173,3.24649,-50.0158,-0.418704,1.38153,4.14381,-13.8456,3.09662,-0.479216,0.478616,-1.77924,16.236,19.9471,-27.4664,34.0313,1942.26,-59.3514,184.489,-135.678,564.376,-20.2308,54.6241,-50.8089,13.2205,-361.8,37.0831,-86.3212,-40.7001,-3001.11,-567.604,169.19,0,-286.464,-7755.73,208.944,-4.04448,-78.6805,-5725.62,-211.593,-32.239,103.717,291.677,-394.871,418.473,29.7497,-155.453,49.747,-103.123,-15.0867,5.51382,4.6942,-14.8631,13.9865,1.97377,1.58653,-1.47957,0.809392,-0.00312445,0.0512635,0.0476917,-6.37328,-5.50054,-31.6124,-54.3662,-28.5911,-0.323259,106.707,100.229,0.48191,-4.03504,0.285621,-5.7924,-1.98739,-0.153787,0,3278,0,-1.38778e-17,6.93889e-18,-4.09395e-16,5.11948e-11,9.57989e-11,-4.68e-11,-3.88578e-16,-3.33067e-16,-4.16334e-16,0,-0.375852,-0.098275,0.671342,-0.0207177,3.14159,2.19929,8.64341,3.24649,-10.0032,-0.392699,4.14381,-2.76918,3.09661,-0.0958432,0.523599,0,0,0,1.31888,-0.0606138,-0.375852,0.671345,3.28934,2.19929,3.24649,-0.418704,4.14381,3.09662,0.478616,0.0367562,-3.0174,1.10278,5.95367e-06,17.4502,0.394753,0.317306,-0.295914,0.340455,0.0568339,0.0149637,1.00874,42.0422,-84.5395,72.3442,10424.5,-3323.43,1954.69,-602.869,572.881,20.3597
1.84,-5.78698,-2.13954,1.35459,1.4034,-0.025001,1.79215,-0.346417,0.679405,0.69834,1.33707,3.313,-306013,2.24713,-3.59594,3.32391,-1.1798,-0.427724,-3.06422,4.18021,-1.10277,3.03619,1.69367,0.512476,-4.72886,-2.27648,-7.06469,-0.535002,-7.10002,-3.77565,-4.18748,-2.17954,-6.55209,-0.734335,-6.62136,-3.50475,1.20634,0.155695,1.42095,3.91806,-0.15225,0.618772,-0.0617455,-8.89299,-0.383161,-0.694473,0.664036,-2.89863,3.28203,-32.5263,2.21038,7.1271,3.25758,-12.3987,-0.407611,1.20845,4.14346,-13.7427,3.09626,-0.650019,0.478266,-1.77835,16.2282,20.1294,-27.6318,34.2422,1735.06,-64.5441,194.876,-140.397,519.018,-21.3631,56.8356,-52.6784,15.0805,-303.146,38.2435,-88.3944,-44.3443,508.894,-440.822,356.882,0,-33.8651,-1271.35,133.689,-123.988,-27.0585,-174.038,-100.129,51.6791,19.8544,288.82,-397.61,421.075,29.6955,-155.401,50.5944,-103.693,-15.0685,5.6682,14.5606,-20.467,19.2356,2.69154,1.53927,-1.45575,0.809162,-0.0491217,0.024882,0.0536674,-5.56341,-4.76924,-33.6656,-15.081,-12.7506,-0.621233,101.512,92.0979,0.55132,-1.39003,0.294601,-5.79261,-1.9874,-0.15225,0,3277,8.32667e-17,8.32667e-17,1.249e-16,-1.59595e-16,-3.36883e-12,-9.95304e-12,7.23333e-12,2.22045e-16,2.22045e-16,1.94289e-16,0,-0.383161,-0.0744573,0.664038,-0.0217492,3.14159,2.21038,1.4254,3.25758,-2.47974,-0.392699,4.14346,-2.74857,3.09626,-0.130004,0.523599,0,0,0,1.31883,-0.0617455,-0.383161,0.664036,3.28203,2.21038,3.25758,-0.407611,4.14346,3.09626,0.478266,0.0367444,-3.01375,1.13365,3.84472e-06,16.5236,0.538307,0.307853,-0.291149,0.879223,0.0568309,0.0149626,1.00865,38.9179,-84.6466,66.1447,1454.04,-545.71,231.755,-603.206,564.24,20.5107
1.86,-5.78711,-2.13791,1.35297,1.40339,-0.0260183,1.79335,-0.353707,0.693122,0.691913,1.34938,3.30455,-306013,2.25986,-3.52442,3.29446,-1.2899,-0.403646,-3.08087,4.18003,-1.22399,3.04502,1.57747,0.511885,-4.72973,-2.27254,-7.0659,-0.539134,-7.1016,-3.77308,-4.18765,-2.17954,-6.55079,-0.731931,-6.62289,-3.50227,1.22208,0.173689,1.30914,3.90182,-0.15062,0.632114,-0.0627627,-7.78942,-0.390451,-0.466903,0.656746,-3.11922,3.27475,-15.9147,2.22311,-3.14182,3.27031,-11.0791,-0.394888,1.05669,4.14329,-13.5568,3.09609,-0.816322,0.478079,-1.76432,16.1035,20.5082,-27.5615,34.3039,1539.81,-69.0807,204.248,-144.878,473.565,-22.2614,58.7137,-54.4677,16.8786,-247.009,39.0377,-90.0531,-47.8788,592.301,-408.166,415.622,0,-20.7734,-468.595,118.176,-165.688,-12.3004,233.764,-170.461,147.581,32.5272,288.933,-397.67,421.886,29.5158,-156.268,51.2412,-103.786,-14.9817,5.86816,22.7745,-25.3778,23.8499,3.30856,1.50989,-1.47813,0.806012,-0.0809873,-0.000669149,0.0597625,-4.89882,-4.15383,-12.6984,-10.8682,-2.1125,-0.832511,95.4423,81.4,0.619025,-0.63288,0.306098,-5.79261,-1.9874,-0.15062,0,3277,0,0,3.46945e-17,-6.93889e-18,-6.18555e-12,-1.02935e-11,8.01872e-13,1.11022e-16,1.11022e-16,-2.77556e-17,0,-0.390451,-0.0519051,0.656753,-0.0227397,3.14159,2.22311,-0.628328,3.2703,-2.21581,-0.392699,4.14329,-2.71154,3.09607,-0.163264,0.523599,0,0,0,1.31785,-0.0627627,-0.390451,0.656746,3.27475,2.22311,3.27031,-0.394888,4.14329,3.09609,0.478079,0.0367444,-2.99659,1.17369,2.01782e-05,15.4267,0.661711,0.301979,-0.295626,1.31884,0.0568309,0.0149626,1.00856,35.8298,-83.9315,59.8012,300.151,-153.865,117.506,-597.153,551.51,21.0333
1.88,-5.78736,-2.13588,1.35067,1.40292,-0.0270428,1.79474,-0.361451,0.705048,0.684993,1.36012,3.29558,-306013,2.27076,-2.87949,3.29291,-1.44604,-0.419494,-3.10146,4.18149,-1.35911,3.05483,1.44281,0.513176,-4.73073,-2.26794,-7.06678,-0.541956,-7.10284,-3.7709,-4.18794,-2.17915,-6.5496,-0.729117,-6.62453,-3.49939,1.23605,0.832907,1.18254,3.87564,-0.148581,0.645199,-0.0637755,-6.69567,-0.398184,-0.251784,0.649014,-3.33426,3.26701,-10.5325,2.23403,-6.39704,3.28123,-18.5231,-0.383964,0.866418,4.14476,-13.3123,3.09756,-0.940282,0.47957,-1.74164,15.9033,20.7644,-27.3357,34.1879,1344.37,-73.3588,212.959,-148.831,424.068,-22.9646,60.1551,-55.9996,18.5909,-191.348,39.7084,-91.5195,-51.2846,532.609,-397.418,435.424,0,-21.9768,-307.883,116.45,-183.033,-7.48635,651.452,-447.582,451.092,159.346,286.372,-395.762,420.499,29.2667,-155.812,51.1257,-102.742,-14.8184,6.1226,26.5064,-28.2752,26.5429,3.65743,1.52435,-1.53709,0.800938,-0.114917,-0.0230663,0.0695468,-4.31125,-3.61688,3.01788,21.9233,0.623664,-1.02962,88.7591,71.7842,0.683349,-0.385394,0.320147,-5.79282,-1.9874,-0.148581,0,3276,0,4.16334e-17,2.77556e-17,5.20417e-16,-6.67882e-12,6.06909e-12,-1.24772e-11,-1.11022e-16,-3.33067e-16,-5.13478e-16,0,-0.398184,-0.0306322,0.649012,-0.0237007,3.14159,2.23403,-1.27943,3.28123,-3.70462,-0.392699,4.14476,-2.66242,3.09756,-0.188056,0.523599,0,0,0,1.31624,-0.0637755,-0.398184,0.649014,3.26701,2.23403,3.28123,-0.383964,4.14476,3.09756,0.47957,0.0367327,-2.96361,1.2245,-5.74924e-06,14.2756,0.731486,0.30487,-0.307419,1.58767,0.0568278,0.0149616,1.00844,32.0184,-82.1291,53.9376,54.4021,-242.981,122.254,-588.817,537.498,21.1953
1.9,-5.78772,-2.13362,1.34777,1.40204,-0.0280194,1.79632,-0.369105,0.715091,0.678071,1.36902,3.28679,-1.23715e+06,2.27489,-1.52087e+06,3.30068,73.7176,24.8841,-3.12658,4.18617,-1.48712,3.06623,1.33729,0.517817,-4.7318,-2.26308,-7.06653,-0.541095,-7.10325,-3.77007,-4.18835,-2.17845,-6.54858,-0.726114,-6.62622,-3.49631,1.24797,-1.52089e+06,1.06129,3.8391,-0.146309,0.66265,-0.0647403,-5.69695,-0.405826,-0.0623708,0.641372,-3.52481,3.25937,-11.5889,2.23817,-5.48189,3.28537,37640.5,-0.379816,0.755201,4.14945,-13.0519,3.10225,-0.991639,0.484274,-1.71019,15.6255,21.0341,-26.9473,33.9322,1166.76,-76.7061,219.959,-152.073,376.661,-23.4024,61.1327,-57.2898,20.1295,-140.237,40.0011,-92.3791,-54.3325,544.546,-393.834,426.775,0,-21.1087,-337.785,117.842,-179.819,-8.51603,5.0518e+08,797744,-780605,6.22124e+08,286.26,-391.568,417.376,28.9569,-154.858,49.5996,-100.121,-14.5442,6.37333,25.8311,-28.6279,26.8709,3.67828,1.58233,-1.59595,0.793861,-0.145252,-0.0440621,0.0789109,-3.82236,-3.17169,-4.65567e+07,-7.60435e+07,3764.42,-1.25591,82.5925,66.2676,0.741602,-0.439198,0.334119,-5.79303,-1.98741,-0.146309,0,3275,8.32667e-17,8.32667e-17,6.93889e-17,5.20417e-16,1.79956e-12,4.05492e-12,-1.81899e-12,-1.66533e-16,-1.11022e-16,-1.66533e-16,0,-0.405826,-0.0119128,0.641374,-0.0245517,3.14159,2.23817,-0.933011,3.28538,7528.11,-0.392699,4.14945,-2.61025,3.10227,-0.198328,0.523599,0,0,0,1.31395,-0.0647403,-0.405826,0.641372,3.25937,2.23817,3.28537,-0.379816,4.14945,3.10225,0.484274,0.0367209,-2.90864,1.27462,-1.70445e-05,13.4001,0.735657,0.316466,-0.319189,1.6281,0.0568247,0.0149605,1.00831,28.2519,-79.6509,48.4962,9.8185e+08,1.0246e+08,-1.01557e+08,-580.995,524.346,20.3097
1.92,-5.78822,-2.13125,1.34436,1.40076,-0.0288844,1.79812,-0.377085,0.724399,0.67082,1.37709,3.27766,-1.25071e+06,2.2727,-13449.7,3.31187,-10.504,-3.32073,-3.15552,4.1916,-1.62107,3.07768,1.22939,0.523162,-4.73299,-2.25776,-7.06541,-0.536933,-7.10343,-3.76958,-4.18889,-2.17746,-6.54787,-0.723088,-6.6279,-3.49321,1.25916,-13443.1,0.933449,3.79405,-0.143924,0.68492,-0.0655818,-4.70651,-0.413782,0.124893,0.633415,-3.70414,3.25142,-16.5999,2.236,-1.97289,3.2832,-4461.17,-0.381987,0.638004,4.15491,-12.7412,3.10771,-1.0444,0.489742,-1.67169,15.2862,21.3341,-26.4166,33.5616,993.389,-79.5735,226.221,-155.082,328.589,-23.7301,61.9884,-58.5644,21.6562,-89.3138,39.9518,-92.6998,-57.2801,581.388,-392.766,398.809,0,-20.1595,-495.061,119.455,-161.936,-13.1799,7.21889e+06,-61938.2,52055,5.64521e+06,286.454,-385.806,412.967,28.6073,-153.815,47.7877,-97.0073,-14.2339,6.66343,24.6818,-28.7358,26.9759,3.67187,1.65364,-1.66338,0.785143,-0.170502,-0.0644158,0.090012,-3.38287,-2.76792,-678054,-672320,-446.698,-1.44701,76.1668,60.8357,0.799159,-0.681473,0.350085,-5.79344,-1.98743,-0.143924,0,3273,-5.55112e-17,-8.32667e-17,-1.249e-16,1.64799e-16,-8.26511e-12,6.74181e-11,-6.9349e-11,1.66533e-16,3.33067e-16,3.05311e-16,0,-0.413782,0.00656479,0.633422,-0.0253572,3.14159,2.236,-0.418027,3.2832,-892.233,-0.392699,4.15491,-2.54803,3.10774,-0.208881,0.523599,0,0,0,1.31107,-0.0655818,-0.413782,0.633415,3.25142,2.236,3.2832,-0.381987,4.15491,3.10771,0.489742,0.0366974,-2.84646,1.3326,-2.95518e-05,12.4233,0.734374,0.330728,-0.332676,1.61964,0.0568185,0.0149585,1.00818,24.1682,-76.8343,42.8262,1.37761e+07,1.27273e+06,-1.37961e+06,-569.478,508.682,19.4465
1.94,-5.78898,-2.12858,1.34037,1.39913,-0.0297722,1.80035,-0.386116,0.733801,0.662557,1.385,3.26737,-1.25071e+06,2.27002,-14.619,3.47185,-2.32726,-0.4387,-3.18852,4.19755,-1.76412,3.08915,1.1143,0.528905,-4.7345,-2.25159,-7.06441,-0.532197,-7.10376,-3.76895,-4.18969,-2.17621,-6.54738,-0.719743,-6.62987,-3.4898,1.27058,-10.7085,0.796125,3.74253,-0.141227,0.70534,-0.0664342,-3.64562,-0.422778,0.32105,0.624419,-3.88538,3.24241,-73.9024,2.23335,35.7092,3.28055,-282.892,-0.384637,0.443951,4.16089,-12.3746,3.11369,-1.10837,0.495693,-1.62816,14.9031,21.4779,-25.7904,33.059,808.646,-82.4894,232.468,-157.882,274.668,-24.0237,62.7454,-59.7864,23.2412,-34.9716,39.7872,-92.7601,-60.2966,-1606.06,-458.062,151.039,0,-196.335,-5197.26,164.745,-0.721659,-64.5427,3296.35,-1075.31,-282.806,4452.91,282.709,-379.063,407.097,28.2484,-151.465,45.8534,-93.4574,-13.9099,7.01473,22.9891,-28.8279,27.0295,3.66759,1.73988,-1.74501,0.775182,-0.199619,-0.0812857,0.111763,-2.94246,-2.37226,-339.886,-565.092,-40.9366,-1.65017,69.3116,55.033,0.858614,-3.34458,0.369166,-5.79406,-1.98745,-0.141227,0,3270,-8.32667e-17,-1.11022e-16,-1.11022e-16,8.2421e-16,-7.48364e-11,-1.45223e-10,1.14081e-10,2.22045e-16,2.22045e-16,3.33067e-16,0,-0.422778,0.0258759,0.62442,-0.0261733,3.14159,2.23335,7.14127,3.28055,-56.5785,-0.392699,4.16089,-2.47496,3.11369,-0.221674,0.523599,0,0,0,1.3077,-0.0664342,-0.422778,0.624419,3.24241,2.23335,3.28055,-0.384637,4.16089,3.11369,0.495693,0.0366621,-2.78202,1.40296,4.69741e-06,11.2181,0.733517,0.347976,-0.349002,1.63106,0.0568092,0.0149554,1.00802,18.2326,-73.5195,37.2998,73879.3,-10774.9,3626.79,-555.778,490.648,18.5086
1.96,-5.78978,-2.12561,1.33572,1.39716,-0.0306984,1.80309,-0.395582,0.742664,0.653728,1.39234,3.25663,-1.25072e+06,2.27079,-3.43668,3.35249,-1.42989,-0.480027,-3.22528,4.20321,-1.90796,3.09973,0.996183,0.534298,-4.73603,-2.24493,-7.06405,-0.5289,-7.10424,-3.76786,-4.19053,-2.17471,-6.54687,-0.716063,-6.63193,-3.48604,1.28135,0.395835,0.657471,3.68396,-0.138221,0.727425,-0.0673134,-2.64544,-0.432197,0.482213,0.615001,-4.0648,3.233,-31.7715,2.23417,8.47984,3.28137,-25.7698,-0.383835,0.195639,4.1666,-11.9511,3.1194,-1.1858,0.501378,-1.57932,14.4737,21.5696,-25.0702,32.46,636.707,-84.5379,237.052,-159.927,220.802,-23.9216,62.6713,-60.6249,24.6754,15.0052,39.5168,-92.7224,-63.191,452.624,-392.657,317.304,0,-35.3798,-1222.46,126.184,-111.551,-27.0721,-227.531,-181.849,83.122,80.9597,277.052,-371.434,400.244,27.8921,-148.533,44.1277,-89.8943,-13.5977,7.41586,21.1533,-28.9845,27.133,3.67821,1.83527,-1.83874,0.763866,-0.232296,-0.0983299,0.136723,-2.51072,-2.00519,-37.0761,-5.93467,-8.13331,-1.83786,62.4026,48.9345,0.913153,-1.4054,0.391007,-5.79489,-1.98748,-0.138221,0,3266,8.32667e-17,1.11022e-16,1.38778e-16,-8.70831e-16,-2.63234e-11,-8.32016e-11,1.33287e-10,2.22045e-16,3.33067e-16,2.498e-16,0,-0.432197,0.041735,0.615002,-0.0269598,3.14159,2.23417,1.69627,3.28136,-5.15395,-0.392699,4.1666,-2.39043,3.11937,-0.237161,0.523599,0,0,0,1.30375,-0.0673134,-0.432197,0.615001,3.233,2.23417,3.28137,-0.383835,4.1666,3.1194,0.501378,0.036615,-2.71986,1.48328,3.46445e-05,9.83643,0.735642,0.367054,-0.367748,1.65913,0.0567968,0.0149512,1.00785,11.3766,-68.8727,32.8489,2009.49,-1118.61,420.917,-539.066,469.972,17.7878
1.98,-5.79038,-2.1224,1.33042,1.39498,-0.0317406,1.80643,-0.404941,0.750564,0.644838,1.39807,3.2463,-1.25072e+06,2.27369,-2.97694,3.30872,-1.42937,-0.426168,-3.26519,4.20753,-2.04796,3.10849,0.876241,0.538309,-4.73732,-2.23829,-7.06372,-0.526415,-7.10505,-3.7658,-4.19119,-2.17317,-6.54601,-0.712066,-6.63395,-3.48195,1.29069,0.757955,0.522229,3.6175,-0.134993,0.750084,-0.0683321,-1.82722,-0.441533,0.600185,0.605665,-4.18448,3.22366,-13.4787,2.2371,-3.13949,3.2843,-19.0996,-0.380898,-0.130937,4.17094,-11.4594,3.12374,-1.27766,0.505718,-1.52503,13.9944,21.5712,-24.2618,31.7587,497.415,-85.1049,238.645,-160.587,175.325,-23.5307,62.0356,-61.0783,25.79,54.8406,38.7009,-91.5384,-65.3003,530.495,-358.588,383.216,0,-19.1801,-379.777,109.16,-157.886,-10.8787,465.809,-290.56,263.543,114.295,268.409,-362.978,392.323,27.5531,-144.756,42.9692,-86.6577,-13.3293,7.86882,19.0423,-29.1672,27.2438,3.7035,1.93881,-1.94649,0.751045,-0.264969,-0.10911,0.167459,-2.15164,-1.71861,-4.90897,17.1977,-0.939117,-1.99557,55.6189,42.5606,0.955827,-0.565707,0.415783,-5.7953,-1.98749,-0.134993,0,3264,-5.55112e-17,-1.11022e-16,-1.11022e-16,-6.31439e-16,-4.65201e-11,4.52317e-11,-1.05151e-10,-5.55112e-17,1.11022e-16,-1.11022e-16,0,-0.441533,0.0532615,0.605668,-0.0274896,3.14159,2.2371,-0.62784,3.28429,-3.81991,-0.392699,4.17094,-2.2921,3.12371,-0.255531,0.523599,0,0,0,1.29913,-0.0683321,-0.441533,0.605665,3.22366,2.2371,3.2843,-0.380898,4.17094,3.12374,0.505718,0.0365915,-2.66623,1.57389,4.16716e-05,8.18989,0.7407,0.387762,-0.389298,1.71286,0.0567906,0.0149492,1.00767,4.01512,-64.5357,29.9883,343.106,-409.365,160.421,-519.287,446.655,17.6002
2,-5.79114,-2.11849,1.32408,1.3923,-0.0328869,1.81017,-0.414309,0.757642,0.635629,1.40347,3.23593,-1.25072e+06,2.27974,-3.43159,3.30977,-1.30123,-0.376541,-3.30908,4.21133,-2.17773,3.1162,0.762871,0.541787,-4.73872,-2.23109,-7.06397,-0.524777,-7.10628,-3.76271,-4.192,-2.1711,-6.54514,-0.707295,-6.63626,-3.47708,1.29893,0.254723,0.396682,3.54441,-0.131062,0.777111,-0.0694431,-1.15809,-0.450865,0.63859,0.596332,-4.32356,3.21433,-11.0773,2.24319,-4.30981,3.29039,-9.86343,-0.374813,-0.446934,4.17477,-10.9346,3.12757,-1.36283,0.509537,-1.46644,13.4775,21.6017,-23.3864,31.0142,386.417,-84.3218,237.689,-160.208,134.994,-22.427,59.8402,-60.8143,26.5902,85.0081,38.018,-90.8868,-67.3657,497.488,-343.814,381.825,0,-18.9556,-308.916,105.938,-161.336,-8.88653,252.396,-174.437,169.646,36.2064,260.716,-353.786,384.039,27.2525,-140.888,42.0407,-83.611,-13.0943,8.32647,16.7394,-29.0506,27.106,3.70386,2.04771,-2.05518,0.736961,-0.317316,-0.134169,0.186973,-1.7765,-1.44799,-3.4098,-5.23228,0.518277,-2.19441,49.3197,36.7312,0.987885,-0.462522,0.440812,-5.79592,-1.98752,-0.131062,0,3261,1.11022e-16,1.11022e-16,1.66533e-16,-1.17961e-16,-4.8249e-11,-2.29025e-11,-3.93962e-11,1.66533e-16,1.11022e-16,8.32667e-17,0,-0.450865,0.0570996,0.596332,-0.0280444,3.14159,2.24319,-0.861932,3.29038,-1.97269,-0.392699,4.17477,-2.1872,3.12753,-0.272565,0.523599,0,0,0,1.29387,-0.0694431,-0.450865,0.596332,3.21433,2.24319,3.29039,-0.374813,4.17477,3.12757,0.509537,0.0365562,-2.61934,1.66547,5.90795e-05,6.63675,0.740772,0.409542,-0.411035,1.78586,0.0567813,0.014946,1.00744,-2.34135,-57.6332,28.77,60.9529,-65.3382,69.022,-499.257,422.017,17.3757
2.02,-5.79205,-2.11442,1.31675,1.3891,-0.0339705,1.81433,-0.424053,0.764641,0.626002,1.40843,3.22529,-1.25072e+06,2.28449,-3.537,3.31087,-1.27743,-0.363715,-3.35696,4.21459,-2.29464,3.12302,0.657775,0.544763,-4.74025,-2.22342,-7.06422,-0.522358,-7.10773,-3.75925,-4.19297,-2.16876,-6.54453,-0.702407,-6.63865,-3.47209,1.30695,0.137586,0.283617,3.46055,-0.12696,0.812147,-0.0704796,-0.535652,-0.460562,0.666111,0.586635,-4.43996,3.20463,-9.11967,2.24798,-5.15134,3.29518,-8.17175,-0.370017,-0.70238,4.17808,-10.3728,3.13088,-1.44219,0.512852,-1.40059,12.8969,21.6825,-22.3735,30.175,288.103,-82.6326,235.342,-159.457,98.0942,-21.1916,57.5,-60.5326,27.3372,111.926,36.8536,-89.4438,-69.2071,464.673,-328.032,376.992,0,-18.854,-257.065,102.173,-162.319,-7.35541,230.494,-165.713,170.392,30.0085,255.524,-342.865,374.749,26.9854,-137.377,41.2168,-80.64,-12.8896,8.76494,14.7585,-28.692,26.8012,3.69641,2.15333,-2.15914,0.720829,-0.366102,-0.15985,0.207567,-1.42714,-1.19996,-0.79323,-10.2658,1.71217,-2.39422,43.6374,31.3891,1.01889,-0.383713,0.465477,-5.79675,-1.98755,-0.12696,0,3257,2.77556e-17,5.55112e-17,5.55112e-17,7.91034e-16,1.33674e-11,1.76129e-11,1.63709e-12,-2.77556e-16,1.11022e-16,0,0,-0.460562,0.0598079,0.586638,-0.0285039,3.14159,2.24798,-1.03026,3.29517,-1.63435,-0.392699,4.17808,-2.07478,3.13085,-0.288437,0.523599,0,0,0,1.28757,-0.0704796,-0.460562,0.586635,3.20463,2.24798,3.29518,-0.370017,4.17808,3.13088,0.512852,0.0365092,-2.57835,1.75315,5.4263e-05,5.11742,0.739282,0.430665,-0.431828,1.83434,0.0567689,0.0149419,1.00721,-8.74211,-50.8152,27.6763,-50.5837,21.5789,43.9602,-477.999,395.998,17.3421
2.04,-5.7929,-2.11049,1.30872,1.38559,-0.0349665,1.81908,-0.43409,0.771613,0.615972,1.41306,3.21442,-1.25072e+06,2.28641,-3.57585,3.31167,-1.26146,-0.358136,-3.40812,4.21756,-2.40157,3.12934,0.560464,0.547441,-4.74168,-2.21559,-7.06402,-0.518687,-7.10908,-3.75587,-4.19388,-2.16642,-6.54397,-0.697726,-6.64086,-3.46731,1.31476,0.0939497,0.18033,3.36811,-0.122999,0.852059,-0.0714403,0.0175061,-0.470564,0.666002,0.576633,-4.54378,3.19463,-8.01885,2.24994,-5.40047,3.29714,-7.39237,-0.368047,-0.932283,4.18109,-9.77541,3.13389,-1.52106,0.515864,-1.32986,12.2725,21.7272,-21.2616,29.2481,204.735,-80.1111,231.519,-158.163,64.8948,-19.7487,54.7364,-60.0469,27.9564,134.191,35.4214,-87.5915,-70.8542,439.756,-311.678,366.688,0,-18.4919,-227.934,97.6108,-158.947,-6.65272,212.941,-157.212,166.277,27.1314,250.715,-330.676,364.531,26.7916,-133.529,40.449,-77.6808,-12.728,9.20071,12.9995,-28.1955,26.4022,3.69572,2.25832,-2.26238,0.703083,-0.401532,-0.175541,0.23774,-1.07954,-0.968284,0.568749,-12.1122,2.50636,-2.55773,38.4397,26.4459,1.04486,-0.347897,0.489946,-5.79737,-1.98757,-0.122999,0,3254,0,-2.77556e-17,-5.55112e-17,4.16334e-17,-3.4405e-11,2.77094e-11,-6.23439e-11,1.66533e-16,3.33067e-16,3.33067e-16,0,-0.470564,0.0597959,0.576634,-0.0288975,3.14159,2.24994,-1.08011,3.29714,-1.47847,-0.392699,4.18109,-1.95528,3.13386,-0.304213,0.523599,0,0,0,1.28028,-0.0714403,-0.470564,0.576633,3.19463,2.24994,3.29714,-0.368047,4.18109,3.13389,0.515864,0.0364739,-2.546,1.84031,5.51523e-05,3.57949,0.739143,0.451664,-0.452477,1.85733,0.0567596,0.0149388,1.00698,-16.5011,-43.9255,27.7381,-98.1244,53.7449,33.8638,-454.798,368.701,17.5256
2.06,-5.79345,-2.10679,1.30025,1.3819,-0.0358293,1.8243,-0.443215,0.777723,0.606577,1.41654,3.20479,-1.25072e+06,2.28758,-3.55861,3.3131,-1.25117,-0.355488,-3.46132,4.22074,-2.4985,3.13565,0.473344,0.550327,-4.7427,-2.20827,-7.06355,-0.514938,-7.10987,-3.75294,-4.19448,-2.1641,-6.5433,-0.693377,-6.64258,-3.46288,1.3211,0.109983,0.0868245,3.27171,-0.11928,0.896521,-0.0722796,0.318604,-0.479665,0.596115,0.567532,-4.6049,3.18553,-7.33366,2.25113,-5.34889,3.29833,-7.068,-0.366863,-1.12742,4.18429,-9.16608,3.1371,-1.59964,0.51908,-1.25817,11.6389,21.7667,-20.1185,28.3045,162.693,-76.1459,224.759,-155.646,44.7614,-17.9722,51.2153,-59.0958,28.1747,142.828,33.684,-85.1892,-71.8231,420.12,-295.253,353.9,0,-17.9421,-208.944,92.8642,-153.667,-6.36097,200.153,-148.937,159.857,25.9335,246.8,-318.085,354.267,26.7179,-129.488,39.6596,-74.7726,-12.6194,9.62909,11.5888,-27.6541,25.9996,3.7113,2.36158,-2.36302,0.684622,-0.423844,-0.184412,0.261068,-0.774856,-0.794864,1.47187,-11.1913,3.01763,-2.66002,33.7524,22.0229,1.05477,-0.333124,0.513572,-5.79779,-1.98758,-0.11928,0,3252,8.32667e-17,8.32667e-17,5.55112e-17,-8.32667e-17,9.07049e-12,-1.89392e-11,2.59029e-11,3.33067e-16,2.77556e-16,2.22045e-16,0,-0.479665,0.0529139,0.567536,-0.0290807,3.14159,2.25113,-1.06978,3.29833,-1.4136,-0.392699,4.18429,-1.83333,3.13707,-0.319929,0.523599,0,0,0,1.27227,-0.0722796,-0.479665,0.567532,3.18553,2.25113,3.29833,-0.366863,4.18429,3.1371,0.51908,0.0364504,-2.52412,1.92593,3.58791e-05,2.14964,0.742261,0.472316,-0.472604,1.84883,0.0567534,0.0149367,1.00677,-22.802,-36.9469,29.6199,-115.274,57.7225,31.1433,-429.668,340.776,17.7962
2.08,-5.79381,-2.10312,1.29133,1.37812,-0.0366883,1.83004,-0.452413,0.783837,0.596981,1.4197,3.19522,-1.25072e+06,2.28878,-3.49746,3.31551,-1.24634,-0.354236,-3.51614,4.22446,-2.58895,3.14232,0.394815,0.55372,-4.7435,-2.20093,-7.06291,-0.511255,-7.11031,-3.75028,-4.19489,-2.1618,-6.54245,-0.689064,-6.6441,-3.45848,1.3272,0.172288,-0.00034305,3.17516,-0.1156,0.939994,-0.0731269,0.53088,-0.488852,0.494699,0.558346,-4.6493,3.17634,-6.96098,2.25234,-5.09161,3.29954,-7.05095,-0.365645,-1.33786,4.18803,-8.55372,3.14083,-1.6817,0.522817,-1.18849,11.0225,21.709,-19.007,27.365,134.741,-71.8683,217.052,-152.552,28.9772,-16.152,47.4485,-57.9254,28.2286,146.402,31.9143,-82.6196,-72.5282,404.255,-279.479,339.782,0,-17.3001,-196.932,88.3587,-147.457,-6.34525,191.569,-141.158,152.163,25.884,241.24,-305.897,344.235,26.7975,-124.339,38.8243,-71.8619,-12.5705,10.0674,10.2763,-27.1523,25.6389,3.7506,2.46727,-2.46474,0.666178,-0.445594,-0.18885,0.286923,-0.469961,-0.637451,2.19595,-8.07405,3.26178,-2.74115,29.416,18.0348,1.05751,-0.332456,0.537256,-5.79799,-1.98759,-0.1156,0,3251,0,5.55112e-17,0,8.88178e-16,2.22463e-11,2.5614e-12,2.4781e-11,1.66533e-16,1.11022e-16,1.38778e-16,0,-0.488852,0.0429295,0.558349,-0.0291788,3.14159,2.25234,-1.01833,3.29955,-1.41019,-0.392699,4.18803,-1.71083,3.14081,-0.336339,0.523599,0,0,0,1.26381,-0.0731269,-0.488852,0.558346,3.17634,2.25234,3.29954,-0.365645,4.18803,3.14083,0.522817,0.0364386,-2.5143,2.01357,3.10184e-05,0.82447,0.75012,0.493454,-0.492948,1.86245,0.0567503,0.0149357,1.00656,-29.321,-29.7998,32.6063,-114.694,45.0232,31.681,-404.074,312.753,17.8451
2.1,-5.79395,-2.09954,1.28205,1.37437,-0.0375868,1.8363,-0.461546,0.789966,0.587308,1.42252,3.18584,-1.25072e+06,2.28905,-3.41365,3.31751,-1.2451,-0.354837,-3.57241,4.22899,-2.67295,3.14964,0.324838,0.557912,-4.74402,-2.19378,-7.06183,-0.507149,-7.11033,-3.74806,-4.19508,-2.15967,-6.54132,-0.684821,-6.64545,-3.45414,1.33302,0.258696,-0.0812282,3.079,-0.112026,0.983293,-0.0740254,0.638866,-0.497984,0.357926,0.549213,-4.67546,3.16721,-6.78389,2.25261,-4.71019,3.29981,-7.23411,-0.365378,-1.54364,4.19255,-7.94766,3.14536,-1.76591,0.52736,-1.12121,10.4267,21.5919,-17.9385,26.4516,122.317,-67.2821,208.394,-148.901,18.1733,-14.2913,43.4345,-56.5379,28.1024,144.326,30.1253,-79.9106,-72.9398,390.821,-264.372,325.061,0,-16.6571,-188.745,83.8516,-140.476,-6.51227,185.511,-133.747,143.667,26.5612,234.972,-294.281,334.767,27.0435,-118.372,37.9114,-68.9582,-12.5797,10.504,9.18394,-26.7148,25.3591,3.81703,2.57268,-2.56403,0.647857,-0.464256,-0.18788,0.312825,-0.163243,-0.496603,2.78661,-3.86982,3.32216,-2.81355,25.4421,14.4845,1.0534,-0.341385,0.560783,-5.79799,-1.98759,-0.112026,0,3251,0,2.77556e-17,2.77556e-17,-5.55112e-17,2.77254e-11,2.86521e-11,9.92048e-12,2.77556e-16,4.44089e-16,3.88578e-16,0,-0.497984,0.0294676,0.549215,-0.0291877,3.14159,2.25261,-0.942042,3.29981,-1.44682,-0.392699,4.19255,-1.58954,3.14535,-0.353182,0.523599,0,0,0,1.2549,-0.0740254,-0.497984,0.549213,3.16721,2.25261,3.29981,-0.365378,4.19255,3.14536,0.52736,0.0364386,-2.51597,2.1008,3.53336e-06,-0.36873,0.763407,0.514537,-0.512806,1.89497,0.0567503,0.0149357,1.00636,-35.6853,-22.4178,36.7173,-102.751,21.5345,34.8003,-378.726,285.06,17.5761
2.12,-5.794,-2.0964,1.27276,1.37076,-0.0383784,1.84288,-0.470026,0.795919,0.578129,1.42491,3.17729,-1.25072e+06,2.28915,-3.32625,3.31956,-1.24647,-0.356165,-3.62813,4.23397,-2.74848,3.15723,0.2642,0.562539,-4.74439,-2.18724,-7.06078,-0.503468,-7.10999,-3.74656,-4.19518,-2.15779,-6.54025,-0.681086,-6.64658,-3.45033,1.33835,0.349474,-0.153796,2.98433,-0.108883,1.03072,-0.074817,0.612957,-0.506464,0.18223,0.540733,-4.68308,3.15873,-6.70418,2.25271,-4.25777,3.29991,-7.53665,-0.365278,-1.70944,4.19753,-7.35484,3.15033,-1.85077,0.532344,-1.05693,9.85768,21.5242,-16.9161,25.6064,129.174,-62.3077,198.787,-144.875,13.7494,-12.3935,39.2184,-55.0079,27.7955,135.733,28.2886,-77.0969,-73.0613,379.696,-249.998,310.551,0,-16.0896,-183.036,79.5336,-133.36,-6.79252,181.06,-126.657,134.833,27.6576,230.102,-283.34,326.386,27.4847,-112.492,37.0535,-66.3002,-12.6663,10.9267,8.50803,-26.3489,25.1963,3.91603,2.67414,-2.65848,0.629876,-0.464553,-0.1805,0.329125,0.134601,-0.376764,3.11091,0.505002,3.24257,-2.78589,21.9142,11.387,1.04217,-0.356162,0.583382,-5.79799,-1.98759,-0.108883,0,3251,-2.77556e-17,-8.32667e-17,-8.32667e-17,-7.49401e-16,3.85479e-11,-7.43414e-12,5.61404e-11,-5.55112e-17,0,-1.38778e-16,0,-0.506464,0.0121741,0.540731,-0.0291047,3.14159,2.25271,-0.851562,3.29991,-1.50733,-0.392699,4.19753,-1.47094,3.15034,-0.370155,0.523599,0,0,0,1.24561,-0.074817,-0.506464,0.540733,3.15873,2.25271,3.29991,-0.365278,4.19753,3.15033,0.532344,0.0364386,-2.53317,2.1853,-1.47634e-05,-1.35109,0.783206,0.534828,-0.531696,1.87882,0.0567503,0.0149357,1.00618,-40.5806,-14.725,41.5259,-80.2,-10.9513,41.0981,-351.299,257.317,17.4199
2.14,-5.79393,-2.0933,1.26336,1.36716,-0.0390783,1.84951,-0.478141,0.801795,0.569236,1.42718,3.16916,-1.25072e+06,2.28916,-3.24467,3.32157,-1.24931,-0.357877,-3.68297,4.23993,-2.81775,3.16559,0.211782,0.568147,-4.74458,-2.1808,-7.05971,-0.499849,-7.10908,-3.74563,-4.19515,-2.15581,-6.53918,-0.677462,-6.64745,-3.44663,1.34346,0.434777,-0.220307,2.89458,-0.105786,1.07841,-0.0755286,0.527707,-0.514591,-0.0120094,0.532606,-4.68764,3.1506,-6.69325,2.25271,-3.77801,3.29991,-7.89877,-0.36528,-1.8481,4.20348,-6.79605,3.15628,-1.93385,0.538301,-0.997897,9.33457,21.4607,-15.9774,24.8424,143.362,-57.498,189.237,-140.807,11.752,-10.6013,35.079,-53.4631,27.4158,124.753,26.572,-74.4527,-73.1289,370.431,-236.843,296.832,0,-15.6602,-179.362,75.5725,-126.493,-7.13377,177.654,-120.092,126.143,28.9444,225.744,-273.572,319.316,28.1198,-106.472,36.1504,-63.7854,-12.8135,11.3309,8.11073,-26.0792,25.159,4.04483,2.77231,-2.74555,0.612882,-0.469983,-0.179765,0.331566,0.428405,-0.26456,3.24925,4.58435,3.07711,-2.74195,18.7489,8.74369,1.02712,-0.373757,0.604306,-5.79779,-1.98758,-0.105786,0,3252,0,-2.77556e-17,-5.55112e-17,2.77556e-17,7.57469e-12,2.55926e-11,-1.42303e-11,2.22045e-16,1.66533e-16,1.94289e-16,0,-0.514591,-0.00694651,0.532608,-0.0289892,3.14159,2.25271,-0.755609,3.29991,-1.57975,-0.392699,4.20348,-1.35915,3.15629,-0.386769,0.523599,0,0,0,1.23631,-0.0755286,-0.514591,0.532606,3.1506,2.25271,3.29991,-0.36528,4.20348,3.15628,0.538301,0.0364504,-2.56252,2.26608,-3.14102e-05,-2.08769,0.808966,0.554462,-0.54911,1.87124,0.0567534,0.0149367,1.006,-43.7237,-6.54672,46.2729,-52.3156,-46.879,48.3103,-324.666,230.695,16.8807
2.16,-5.79385,-2.09022,1.25375,1.36353,-0.0397157,1.85613,-0.486301,0.807783,0.560305,1.42953,3.16097,-1.25072e+06,2.28916,-3.17361,3.32355,-1.25253,-0.359671,-3.73683,4.2468,-2.88237,3.1747,0.165992,0.574644,-4.74473,-2.17426,-7.05873,-0.496301,-7.10779,-3.74517,-4.19511,-2.15375,-6.5382,-0.673913,-6.64823,-3.44301,1.34872,0.509608,-0.28231,2.80855,-0.102716,1.12418,-0.0761778,0.455818,-0.522763,-0.203753,0.524435,-4.69414,3.14243,-6.7196,2.2527,-3.29345,3.2999,-8.27163,-0.36529,-1.98084,4.21034,-6.2639,3.16314,-2.01796,0.545159,-0.943001,8.84808,21.3438,-15.1042,24.1206,154.642,-53.1595,180.426,-136.974,8.81822,-8.99971,31.228,-52.0055,27.0592,114.665,24.988,-71.9725,-73.2287,361.959,-224.615,283.665,0,-15.3746,-176.944,71.8828,-119.856,-7.49457,174.533,-113.872,117.614,30.2298,220.606,-264.742,313.101,28.9457,-99.9014,35.2112,-61.3488,-13.0171,11.7226,7.86182,-25.9139,25.242,4.208,2.86756,-2.82677,0.596646,-0.4804,-0.181812,0.330879,0.728326,-0.147539,3.25529,8.13741,2.87664,-2.69316,15.8617,6.43675,1.01326,-0.392463,0.624648,-5.79758,-1.98758,-0.102716,0,3253,5.55112e-17,8.32667e-17,1.11022e-16,7.21645e-16,-3.37767e-11,-2.04653e-11,-2.6428e-11,3.33067e-16,3.33067e-16,2.22045e-16,0,-0.522763,-0.0258211,0.524433,-0.0288868,3.14159,2.2527,-0.658708,3.2999,-1.65433,-0.392699,4.21034,-1.25274,3.16315,-0.403593,0.523599,0,0,0,1.2269,-0.0761778,-0.522763,0.524435,3.14243,2.2527,3.2999,-0.36529,4.21034,3.16314,0.545159,0.0364621,-2.60324,2.34443,-2.91577e-05,-2.65015,0.8416,0.573512,-0.565354,1.88642,0.0567565,0.0149378,1.00583,-46.6595,1.73204,50.8251,-22.6388,-82.7598,55.3482,-298.942,205.041,15.9562
2.18,-5.79374,-2.0875,1.24424,1.35994,-0.0401575,1.86249,-0.493513,0.813383,0.55226,1.43147,3.15385,-1.25071e+06,2.2896,-3.11335,3.32585,-1.2563,-0.360988,-3.78822,4.25424,-2.94084,3.18424,0.127064,0.581721,-4.74478,-2.16828,-7.05807,-0.493473,-7.10602,-3.74549,-4.19503,-2.15174,-6.53746,-0.670859,-6.64872,-3.43991,1.35338,0.573489,-0.338331,2.72524,-0.0999969,1.17063,-0.0766314,0.293357,-0.529987,-0.409815,0.517211,-4.68493,3.1352,-6.72218,2.25313,-2.83048,3.30032,-8.63358,-0.364866,-2.08152,4.21777,-5.75796,3.17057,-2.10028,0.552593,-0.891377,8.39071,21.2137,-14.2759,23.4385,176.777,-48.8847,171.519,-133.12,9.92732,-7.51579,27.5318,-50.543,26.5835,101.005,23.4374,-69.5004,-73.0831,354.008,-213.019,271.129,0,-15.2287,-174.846,68.4288,-113.597,-7.83386,171.906,-108.173,109.686,31.5294,215.774,-256.564,307.687,29.9676,-93.3598,34.2948,-59.0804,-13.2827,12.0895,7.83305,-25.8112,25.4236,4.40569,2.95683,-2.89962,0.580976,-0.475349,-0.179512,0.31808,1.00812,-0.0509131,3.10477,11.1726,2.67341,-2.56938,13.3099,4.47686,0.995209,-0.410099,0.643752,-5.79737,-1.98757,-0.0999969,0,3254,8.32667e-17,8.32667e-17,8.32667e-17,-1.11022e-16,2.35117e-11,-1.46705e-12,3.59557e-11,2.77556e-16,3.33067e-16,3.33067e-16,0,-0.529987,-0.0461052,0.51721,-0.0287155,3.14159,2.25313,-0.566098,3.30033,-1.72672,-0.392699,4.21777,-1.15155,3.17059,-0.420056,0.523599,0,0,0,1.21728,-0.0766314,-0.529987,0.517211,3.1352,2.25313,3.30032,-0.364866,4.21777,3.17057,0.552593,0.0364739,-2.65632,2.41779,-3.73074e-05,-3.01962,0.881138,0.591367,-0.579923,1.85442,0.0567596,0.0149388,1.00568,-47.976,9.77668,55.4669,8.50536,-118.907,63.1197,-272.025,179.985,15.0541
2.2,-5.79358,-2.0847,1.23456,1.35622,-0.040498,1.86848,-0.500585,0.818831,0.54441,1.43344,3.14684,-1.25071e+06,2.28924,-3.06303,3.32716,-1.25946,-0.362914,-3.83726,4.26218,-2.99516,3.19411,0.0933378,0.589293,-4.74475,-2.16214,-7.05737,-0.490233,-7.10388,-3.74602,-4.1949,-2.14948,-6.53683,-0.667806,-6.64903,-3.43681,1.35799,0.627044,-0.390339,2.64696,-0.0972039,1.2136,-0.0769836,0.164468,-0.53707,-0.601587,0.510127,-4.68,3.12812,-6.70813,2.25276,-2.41167,3.29995,-8.95574,-0.365236,-2.18634,4.22569,-5.28391,3.1785,-2.18198,0.560526,-0.844295,7.97349,21.0289,-13.5185,22.7977,193.312,-45.1899,163.648,-129.649,9.43439,-6.25063,24.241,-49.2219,26.1639,89.3923,22.0506,-67.2554,-73.0008,346.489,-202.427,259.527,0,-15.2112,-172.716,65.1307,-107.643,-8.13743,169.498,-102.994,102.429,32.6701,209.795,-249.373,303.065,31.1657,-86.3585,33.425,-56.9692,-13.5985,12.4415,7.81734,-25.7945,25.6991,4.63532,3.04269,-2.96649,0.566303,-0.484002,-0.185627,0.299588,1.28123,0.0482476,2.94686,13.6707,2.49935,-2.452,10.9914,2.78453,0.978501,-0.425581,0.661444,-5.79717,-1.98756,-0.0972039,0,3255,5.55112e-17,5.55112e-17,5.55112e-17,6.93889e-16,-3.60961e-11,3.63221e-12,-5.94241e-11,2.77556e-16,3.88578e-16,2.22045e-16,0,-0.53707,-0.0649842,0.510127,-0.0285735,3.14159,2.25276,-0.482342,3.29996,-1.79115,-0.392699,4.22569,-1.05673,3.17852,-0.436395,0.523599,0,0,0,1.20776,-0.0769836,-0.53707,0.510127,3.12812,2.25276,3.29995,-0.365236,4.22569,3.1785,0.560526,0.0364856,-2.71941,2.48815,-4.7319e-05,-3.24127,0.927063,0.608538,-0.593298,1.85551,0.0567627,0.0149398,1.00552,-48.7804,17.6623,59.5005,36.3445,-150.939,69.7682,-246.498,156.275,13.8173
2.22,-5.79336,-2.08191,1.22462,1.3523,-0.0406603,1.87398,-0.507184,0.82389,0.537076,1.43527,3.14031,-1.25071e+06,2.28837,-3.02088,3.32777,-1.26175,-0.365102,-3.88302,4.26952,-3.04413,3.2033,0.0635118,0.59628,-4.7446,-2.15597,-7.05676,-0.486862,-7.10159,-3.74642,-4.19468,-2.14695,-6.53637,-0.664892,-6.64902,-3.43388,1.36225,0.671991,-0.437106,2.57111,-0.0944212,1.2545,-0.0771694,0.0380025,-0.543693,-0.781422,0.503504,-4.67313,3.1215,-6.6571,2.25186,-2.03459,3.29906,-9.22157,-0.366136,-2.29648,4.23301,-4.82478,3.18581,-2.26047,0.567845,-0.80002,7.58075,20.7875,-12.7999,22.1703,208.642,-41.8669,156.441,-126.464,9.02639,-5.16713,21.3106,-48.0087,25.754,78.4974,20.757,-65.1324,-72.8864,338.987,-192.411,248.514,0,-15.2898,-170.125,61.9181,-101.92,-8.39486,167.068,-98.0766,95.6365,33.5743,202.292,-242.578,298.665,32.5419,-78.8707,32.7448,-55.1506,-13.9908,12.7791,7.71211,-25.7546,25.9575,4.89168,3.12505,-3.03001,0.552137,-0.497307,-0.196133,0.274685,1.53511,0.139738,2.77922,15.7341,2.3597,-2.2882,8.90974,1.28742,0.962952,-0.439011,0.678842,-5.79675,-1.98755,-0.0944212,0,3257,-2.77556e-17,-5.55112e-17,-8.32667e-17,8.04912e-16,-9.893e-12,1.19754e-11,-3.03804e-11,-5.55112e-17,-1.11022e-16,-5.55112e-17,0,-0.543693,-0.0826905,0.503503,-0.0284311,3.14159,2.25186,-0.406912,3.29906,-1.84431,-0.392699,4.23301,-0.964912,3.18584,-0.452094,0.523599,0,0,0,1.19805,-0.0771694,-0.543693,0.503504,3.1215,2.25186,3.29906,-0.366136,4.23301,3.18581,0.567845,0.0365092,-2.79784,2.55566,-5.23796e-05,-3.33675,0.978337,0.625009,-0.606002,1.85185,0.0567689,0.0149419,1.00536,-48.8188,25.0867,63.0493,61.1164,-179.224,75.6145,-220.323,133.123,12.7493
2.24,-5.79306,-2.07914,1.21435,1.34814,-0.0406636,1.87891,-0.513296,0.828494,0.530294,1.43689,3.1343,-1.25071e+06,2.287,-2.98447,3.32775,-1.26366,-0.367572,-3.92518,4.27603,-3.08753,3.21157,0.0369951,0.602472,-4.74435,-2.14985,-7.05621,-0.483385,-7.09925,-3.74659,-4.19438,-2.14418,-6.53607,-0.662119,-6.64872,-3.43111,1.36608,0.710858,-0.478439,2.49703,-0.0916635,1.29228,-0.0771963,-0.0851346,-0.549829,-0.944992,0.497368,-4.66056,3.11536,-6.57977,2.25047,-1.69239,3.29766,-9.44383,-0.36752,-2.39943,4.2395,-4.38603,3.1923,-2.33205,0.574337,-0.758004,7.20806,20.4679,-12.1126,21.5395,222.646,-38.8945,149.858,-123.53,8.86575,-4.26185,18.7609,-46.8939,25.3475,68.3589,19.5405,-63.0784,-72.6856,331.297,-182.881,237.908,0,-15.4396,-167.143,58.7875,-96.3751,-8.60889,164.796,-93.4858,89.346,34.3262,193.273,-235.904,294.119,34.0452,-71.0811,32.2076,-53.5713,-14.4439,13.0856,7.50202,-25.6482,26.1469,5.16578,3.19977,-3.087,0.538352,-0.513412,-0.208226,0.246635,1.76556,0.220622,2.62249,17.4864,2.24511,-2.10805,7.06486,-0.0441984,0.947709,-0.450302,0.694708,-5.79634,-1.98753,-0.0916635,0,3259,1.11022e-16,1.11022e-16,1.66533e-16,-9.15934e-16,-7.60569e-12,1.39333e-11,-3.05855e-11,4.16334e-16,4.44089e-16,2.77556e-16,0,-0.549829,-0.0987934,0.497371,-0.0282785,3.14159,2.25047,-0.338521,3.29767,-1.88877,-0.392699,4.2395,-0.87716,3.19233,-0.466411,0.523599,0,0,0,1.18808,-0.0771963,-0.549829,0.497368,3.11536,2.25047,3.29766,-0.36752,4.2395,3.1923,0.574337,0.0365327,-2.88835,2.61691,-6.84324e-05,-3.33429,1.03316,0.639954,-0.617399,1.84481,0.0567751,0.014944,1.0052,-48.3699,31.798,66.1881,82.959,-204.147,80.6924,-194.653,111.044,11.8527
2.26,-5.79277,-2.07648,1.20384,1.34387,-0.0406258,1.88357,-0.519624,0.833066,0.523415,1.43864,3.12799,-1.25071e+06,2.2854,-2.95297,3.32742,-1.26513,-0.370115,-3.96406,4.28184,-3.12623,3.21904,0.0130434,0.607991,-4.74408,-2.14365,-7.05569,-0.479917,-7.09707,-3.74657,-4.19409,-2.14146,-6.53583,-0.659487,-6.64839,-3.42848,1.37008,0.744565,-0.515188,2.42433,-0.0890153,1.32518,-0.077182,-0.133501,-0.55618,-1.07863,0.491018,-4.65461,3.10901,-6.5037,2.24884,-1.36981,3.29604,-9.62875,-0.369147,-2.49714,4.24529,-3.97042,3.19809,-2.39618,0.580119,-0.717952,6.85286,20.0492,-11.4577,20.8949,226.923,-36.4247,144.316,-120.989,6.05012,-3.54676,16.6541,-45.9286,25.0388,61.8496,18.4416,-61.1743,-72.5897,323.304,-173.821,227.521,0,-15.6415,-164.229,55.7941,-90.9932,-8.79269,162.453,-89.1053,83.3516,34.921,182.498,-229.292,289.239,35.6286,-62.9507,31.7439,-52.132,-14.9348,13.3554,7.15213,-25.479,26.2594,5.45181,3.26533,-3.13619,0.524881,-0.525633,-0.213378,0.233317,1.99431,0.308159,2.47376,18.9811,2.14712,-1.94368,5.42054,-1.2529,0.936226,-0.460085,0.7087,-5.79592,-1.98752,-0.0890153,0,3261,5.55112e-17,5.55112e-17,2.77556e-17,0,2.53716e-11,3.12948e-11,1.80371e-12,5.55112e-17,1.38778e-16,0,0,-0.55618,-0.11195,0.49102,-0.028169,3.14159,2.24884,-0.273985,3.29604,-1.92575,-0.392699,4.24529,-0.794058,3.19811,-0.479236,0.523599,0,0,0,1.17779,-0.077182,-0.55618,0.491018,3.10901,2.24884,3.29604,-0.369147,4.24529,3.19809,0.580119,0.0365562,-2.98662,2.67092,-5.22446e-05,-3.28659,1.09036,0.653065,-0.627237,1.84397,0.0567813,0.014946,1.00505,-49.5707,37.6951,69.1692,102.373,-226.051,84.9816,-170.665,90.3895,11.0326
2.28,-5.79254,-2.07399,1.19323,1.3396,-0.0405506,1.88802,-0.525715,0.837473,0.516806,1.44029,3.12193,-1.25071e+06,2.28383,-2.92467,3.32703,-1.26662,-0.37252,-3.99955,4.28682,-3.16027,3.22558,-0.00862859,0.612721,-4.74385,-2.13769,-7.05529,-0.476665,-7.09515,-3.74637,-4.19386,-2.13885,-6.53571,-0.657053,-6.64806,-3.42606,1.37394,0.774878,-0.547417,2.35366,-0.086536,1.35538,-0.0771185,-0.183092,-0.562283,-1.20373,0.484915,-4.64482,3.10291,-6.41702,2.24726,-1.06965,3.29446,-9.79111,-0.370733,-2.57828,4.25025,-3.57724,3.20306,-2.45194,0.585084,-0.680096,6.51754,19.5911,-10.8409,20.2642,230.87,-34.1742,139.138,-118.565,3.58642,-2.93273,14.7644,-45.007,24.7243,55.6208,17.4155,-59.3415,-72.4328,315.525,-165.3,217.597,0,-15.8959,-161.418,52.9965,-85.9086,-8.94759,160.498,-85.0774,77.8156,35.4671,171.006,-222.849,284.331,37.2906,-54.8739,31.3842,-50.8993,-15.4692,13.5896,6.72896,-25.2484,26.3047,5.74695,3.32228,-3.17839,0.511842,-0.530431,-0.213489,0.222166,2.21502,0.390469,2.32542,20.3175,2.0609,-1.77458,3.96748,-2.34408,0.924299,-0.468245,0.720646,-5.79572,-1.98751,-0.086536,0,3262,0,-2.77556e-17,-2.77556e-17,0,1.13473e-11,-1.07106e-11,3.57226e-11,3.05311e-16,3.05311e-16,3.33067e-16,0,-0.562283,-0.124267,0.484917,-0.0280498,3.14159,2.24726,-0.213939,3.29446,-1.95822,-0.392699,4.25025,-0.71543,3.20308,-0.490387,0.523599,0,0,0,1.16727,-0.0771185,-0.562283,0.484915,3.10291,2.24726,3.29446,-0.370733,4.25025,3.20306,0.585084,0.036568,-3.09352,2.71776,-4.9066e-05,-3.17526,1.14939,0.664455,-0.635678,1.82451,0.0567844,0.0149471,1.00491,-50.9161,43.1129,72.1402,120.207,-246.187,89.0139,-147.537,70.9346,10.4331
2.3,-5.79253,-2.07159,1.18251,1.3354,-0.040543,1.89218,-0.531333,0.841625,0.510675,1.44165,3.11643,-1.25071e+06,2.28173,-2.89921,3.32602,-1.26774,-0.375337,-4.03347,4.29216,-3.19212,3.23231,-0.0289263,0.617852,-4.74383,-2.13218,-7.05491,-0.473173,-7.09342,-3.74636,-4.19385,-2.13644,-6.53571,-0.654658,-6.64804,-3.42366,1.37746,0.80215,-0.577666,2.28581,-0.0841364,1.38197,-0.0771227,-0.273128,-0.567912,-1.32732,0.479285,-4.62254,3.09728,-6.33102,2.24515,-0.793549,3.29234,-9.93057,-0.372851,-2.61288,4.25558,-3.22693,3.20839,-2.49864,0.590412,-0.644796,6.20485,19.1025,-10.2715,19.6564,238.698,-32.056,134.04,-116.098,3.01153,-2.39029,13.02,-44.0684,24.3401,48.0958,16.4577,-57.5382,-72.0779,308.164,-157.464,208.29,0,-16.1974,-158.776,50.3845,-81.1092,-9.07958,158.916,-81.4162,72.7603,35.9294,160.451,-216.849,279.767,38.9578,-47.6602,30.9433,-49.6752,-15.9788,13.7649,6.43211,-25.0512,26.3967,6.04953,3.36486,-3.20534,0.49938,-0.53603,-0.209772,0.208085,2.4231,0.458823,2.21983,21.4859,1.99556,-1.69586,2.64209,-3.36619,0.909484,-0.475103,0.729181,-5.79551,-1.9875,-0.0841364,0,3263,-1.11022e-16,-1.11022e-16,-1.11022e-16,1.94289e-16,1.14344e-11,1.56072e-11,-1.81949e-12,1.11022e-16,1.38778e-16,1.11022e-16,0,-0.567912,-0.136437,0.479287,-0.027885,3.14159,2.24515,-0.158684,3.29234,-1.98611,-0.392699,4.25558,-0.645377,3.20841,-0.499728,0.523599,0,0,0,1.15665,-0.0771227,-0.567912,0.479285,3.09728,2.24515,3.29234,-0.372851,4.25558,3.20839,0.590412,0.0365797,-3.19547,2.75284,-4.2132e-05,-3.0658,1.20991,0.672971,-0.641067,1.83547,0.0567875,0.0149481,1.00478,-51.7537,48.0425,75.273,135.251,-263.579,92.3762,-129.529,54.045,9.42082
2.32,-5.7927,-2.06925,1.17162,1.33127,-0.0405891,1.896,-0.536577,0.845494,0.504947,1.44287,3.11133,-1.25071e+06,2.27881,-2.87606,3.32408,-1.26837,-0.378835,-4.06636,4.29792,-3.22294,3.23936,-0.0478119,0.623405,-4.74397,-2.12704,-7.05448,-0.469293,-7.09179,-3.74654,-4.19402,-2.13417,-6.53581,-0.652285,-6.64827,-3.42128,1.3807,0.826851,-0.606979,2.22065,-0.0817941,1.40721,-0.0771571,-0.370395,-0.573145,-1.44329,0.474053,-4.59774,3.09205,-6.23278,2.24224,-0.544195,3.28944,-10.047,-0.375751,-2.63003,4.26135,-2.89931,3.21415,-2.54272,0.596175,-0.611795,5.91311,18.6232,-9.74487,19.0849,247.069,-30.111,129.275,-113.785,2.99992,-1.9233,11.4587,-43.1881,23.9563,40.7114,15.5723,-55.8377,-71.6826,301.592,-150.287,199.729,0,-16.5566,-156.165,47.9307,-76.5999,-9.19074,157.915,-78.1092,68.207,36.2944,150.293,-211.484,275.888,40.7444,-40.7815,30.5129,-48.543,-16.5063,13.9181,6.1777,-24.9234,26.579,6.37806,3.40209,-3.22551,0.487466,-0.544153,-0.206784,0.191103,2.6171,0.519575,2.14216,22.497,1.95338,-1.64471,1.38911,-4.31614,0.894705,-0.480941,0.736476,-5.79572,-1.98751,-0.0817941,0,3262,8.32667e-17,8.32667e-17,8.32667e-17,-5.55112e-17,1.09028e-11,4.99755e-12,1.32934e-11,1.94289e-16,2.22045e-16,5.55112e-17,0,-0.573145,-0.147856,0.474056,-0.0277147,3.14159,2.24224,-0.108862,3.28944,-2.0094,-0.392699,4.26135,-0.579858,3.21417,-0.508544,0.523599,0,0,0,1.14594,-0.0771571,-0.573145,0.474053,3.09205,2.24224,3.28944,-0.375751,4.26135,3.21415,0.596175,0.036568,-3.30096,2.78349,-4.11426e-05,-2.92649,1.27561,0.680418,-0.645103,1.86032,0.0567844,0.0149471,1.00464,-52.1717,52.5769,78.2028,147.831,-278.647,95.3462,-113.492,38.3242,8.15759
2.34,-5.79301,-2.06714,1.16085,1.32729,-0.040616,1.89955,-0.541488,0.849155,0.4996,1.44403,3.10654,-1.25071e+06,2.27676,-2.85484,3.32301,-1.26927,-0.381466,-4.09768,4.3039,-3.25222,3.24658,-0.064923,0.629198,-4.74424,-2.12227,-7.05437,-0.466107,-7.09017,-3.74706,-4.19433,-2.13211,-6.53608,-0.65016,-6.64861,-3.41916,1.38381,0.849633,-0.634834,2.15761,-0.0796788,1.43226,-0.0771722,-0.453912,-0.578044,-1.54745,0.469154,-4.57563,3.08715,-6.13797,2.2402,-0.297091,3.2874,-10.1604,-0.377786,-2.63556,4.26734,-2.58583,3.22014,-2.58526,0.602173,-0.580765,5.63884,18.1636,-9.25268,18.5481,253.985,-28.3508,124.962,-111.727,2.78681,-1.53251,10.1012,-42.4052,23.6134,34.3008,14.7519,-54.2589,-71.3306,295.831,-143.544,191.55,0,-16.9811,-154.308,45.7322,-72.4226,-9.29918,157.336,-74.9719,63.7929,36.6602,140.332,-206.68,272.684,42.7007,-34.0973,30.1376,-47.5488,-17.0748,14.0592,5.92928,-24.8516,26.8421,6.73953,3.43646,-3.24168,0.475998,-0.538471,-0.198788,0.177218,2.80072,0.578064,2.00677,23.4558,1.8996,-1.56601,0.223939,-5.17417,0.881608,-0.486635,0.743189,-5.79592,-1.98752,-0.0796788,0,3261,-2.77556e-17,-2.77556e-17,-2.77556e-17,5.55112e-17,4.24281e-12,1.42652e-11,-1.45999e-11,-1.66533e-16,-1.38778e-16,-2.77556e-16,0,-0.578044,-0.158113,0.469156,-0.0275626,3.14159,2.2402,-0.0594493,3.28741,-2.03208,-0.392699,4.26734,-0.517167,3.22017,-0.517051,0.523599,0,0,0,1.13507,-0.0771722,-0.578044,0.469154,3.08715,2.2402,3.2874,-0.377786,4.26734,3.22014,0.602173,0.0365562,-3.41456,2.81166,-5.50101e-05,-2.71872,1.34791,0.687293,-0.648335,1.84637,0.0567813,0.014946,1.00452,-52.8302,56.6594,80.9292,161.557,-294.276,98.6377,-96.7558,22.8995,6.98834
2.36,-5.79343,-2.06523,1.15034,1.32353,-0.0406704,1.90267,-0.54563,0.852429,0.495026,1.4449,3.10259,-1.25071e+06,2.2739,-2.83688,3.32101,-1.2692,-0.384728,-4.12658,4.30947,-3.27931,3.25337,-0.0799838,0.634564,-4.74462,-2.11817,-7.05419,-0.46267,-7.08884,-3.74755,-4.19476,-2.13028,-6.53643,-0.648204,-6.64911,-3.41719,1.38646,0.868863,-0.660501,2.09815,-0.077749,1.45596,-0.0772031,-0.581738,-0.582163,-1.65027,0.465035,-4.54458,3.08303,-6.03197,2.23737,-0.0791009,3.28457,-10.2379,-0.38062,-2.66616,4.27293,-2.27918,3.22574,-2.6291,0.607761,-0.552276,5.3873,17.7273,-8.80467,18.0537,265.498,-26.6778,120.735,-109.71,4.53725,-1.18789,8.85865,-41.6377,23.2191,26.6405,13.9902,-52.7503,-70.8372,290.939,-137.487,184.192,0,-17.4501,-152.463,43.6985,-68.5684,-9.38713,157.104,-72.11,59.8366,36.8326,129.129,-202.523,270.078,44.8377,-26.8801,29.9083,-46.78,-17.71,14.2116,5.48909,-24.8202,27.1434,7.13176,3.47341,-3.26111,0.465235,-0.525597,-0.187921,0.156299,2.96485,0.621317,1.86985,24.2112,1.87428,-1.44476,-0.851984,-5.93493,0.866086,-0.491035,0.750046,-5.79634,-1.98753,-0.077749,0,3259,-5.55112e-17,-8.32667e-17,-8.32667e-17,7.49401e-16,-7.95505e-12,-1.28829e-11,5.3321e-12,3.60822e-16,3.60822e-16,2.77556e-16,0,-0.582163,-0.168238,0.465038,-0.027376,3.14159,2.23737,-0.0158379,3.28457,-2.04758,-0.392699,4.27293,-0.455841,3.22575,-0.525821,0.523599,0,0,0,1.12432,-0.0772031,-0.582163,0.465035,3.08303,2.23737,3.28457,-0.38062,4.27293,3.22574,0.607761,0.0365327,-3.54169,2.84218,-4.17187e-05,-2.44372,1.42635,0.694682,-0.652222,1.80848,0.0567751,0.014944,1.00441,-52.5556,60.3003,83.5649,173.199,-307.695,101.864,-78.258,7.38723,6.09149
2.38,-5.79419,-2.0633,1.13982,1.31982,-0.0407297,1.90553,-0.549929,0.855464,0.490389,1.44593,3.09836,-1.25071e+06,2.27046,-2.81985,3.31832,-1.26899,-0.388506,-4.15443,4.31546,-3.30548,3.26043,-0.0945368,0.640379,-4.74532,-2.11398,-7.05422,-0.458916,-7.0877,-3.7482,-4.19551,-2.12845,-6.5371,-0.646237,-6.64994,-3.41522,1.38909,0.88698,-0.68543,2.04269,-0.0757993,1.47861,-0.0772271,-0.629344,-0.586426,-1.73034,0.460771,-4.53066,3.07877,-5.91832,2.23396,0.112694,3.28116,-10.3023,-0.384034,-2.6507,4.27896,-2.01052,3.23176,-2.66578,0.613779,-0.526397,5.15901,17.3249,-8.40048,17.6057,268.691,-25.3233,117.4,-108.152,3.58998,-0.925673,7.8677,-41.0431,22.9696,22.4003,13.3328,-51.4779,-70.6111,286.986,-132.106,177.658,0,-17.9584,-150.742,41.8529,-65.0666,-9.45863,157.566,-69.6489,56.4277,36.9671,120.088,-199.002,268.268,47.0003,-20.9929,29.6566,-46.0893,-18.3166,14.3193,5.24387,-24.8598,27.5469,7.53656,3.49965,-3.26856,0.455245,-0.526166,-0.185494,0.142683,3.11749,0.672977,1.78722,24.8902,1.86258,-1.3926,-1.86096,-6.66456,0.855797,-0.494505,0.754286,-5.79696,-1.98755,-0.0757993,0,3256,5.55112e-17,8.32667e-17,8.32667e-17,-1.11022e-16,-2.00067e-11,-1.09188e-11,-2.27635e-11,3.33067e-16,3.33067e-16,2.22045e-16,0,-0.586426,-0.176126,0.460776,-0.0272686,3.14159,2.23396,0.0225385,3.28116,-2.06045,-0.392699,4.27896,-0.402109,3.23177,-0.533156,0.523599,0,0,0,1.11385,-0.0772271,-0.586426,0.460771,3.07877,2.23396,3.28116,-0.384034,4.27896,3.23176,0.613779,0.0364974,-3.66312,2.86377,-2.49931e-05,-2.19107,1.50731,0.699931,-0.653712,1.80387,0.0567658,0.0149409,1.0043,-53.0161,63.6424,85.5803,182.338,-318.804,104.37,-64.3126,-5.91538,4.7754
2.4,-5.79503,-2.06197,1.13032,1.31657,-0.0407124,1.90816,-0.553462,0.858343,0.486524,1.44674,3.09496,-1.25071e+06,2.26912,-2.80524,3.31782,-1.27006,-0.390326,-4.17864,4.32089,-3.32825,3.26694,-0.105665,0.645646,-4.74611,-2.11067,-7.05484,-0.456911,-7.08669,-3.74926,-4.19636,-2.12709,-6.53797,-0.644917,-6.65076,-3.4139,1.3915,0.902909,-0.706954,1.98961,-0.0744371,1.50071,-0.0771628,-0.717701,-0.589912,-1.80901,0.457286,-4.50593,3.07528,-5.83364,2.23267,0.323086,3.27987,-10.395,-0.385317,-2.66487,4.28444,-1.74019,3.23725,-2.70468,0.619272,-0.502224,4.94613,16.9383,-8.02323,17.1838,276.239,-24.0118,114.087,-106.623,4.46459,-0.696583,6.96732,-40.4611,22.6744,16.9283,12.699,-50.2088,-70.2222,283.674,-126.955,171.115,0,-18.5251,-150.351,40.2695,-61.8191,-9.54717,158.316,-67.2638,52.8713,37.2708,109.283,-195.883,266.811,49.3869,-14.3305,29.5492,-45.6059,-19.0102,14.4464,4.74143,-24.9116,27.9574,7.97793,3.53054,-3.28157,0.445737,-0.475089,-0.162626,0.131868,3.26184,0.71472,1.51808,25.554,1.80304,-1.21042,-2.72762,-7.22498,0.844298,-0.498954,0.759991,-5.79779,-1.98758,-0.0744371,0,3252,0,2.77556e-17,0,0,1.88898e-11,1.1385e-13,3.98754e-11,3.88578e-16,4.57967e-16,5.55112e-17,0,-0.589912,-0.183874,0.457287,-0.0271272,3.14159,2.23267,0.0645853,3.27987,-2.07899,-0.392699,4.28444,-0.348051,3.23727,-0.540937,0.523599,0,0,0,1.10337,-0.0771628,-0.589912,0.457286,3.07528,2.23267,3.27987,-0.385317,4.28444,3.23725,0.619272,0.0364504,-3.80169,2.88914,-4.31261e-05,-1.76847,1.59559,0.706109,-0.656315,1.64738,0.0567534,0.0149367,1.00422,-53.5582,66.4476,87.797,197.48,-334.543,108.936,-43.3859,-20.8168,4.42268
2.42,-5.796,-2.06038,1.12086,1.31334,-0.0407644,1.91043,-0.556855,0.860806,0.482838,1.44747,3.09167,-1.25071e+06,2.26633,-2.79181,3.31565,-1.26985,-0.393349,-4.2025,4.32719,-3.35129,3.27406,-0.117256,0.651795,-4.74703,-2.1073,-7.05521,-0.453837,-7.08562,-3.75036,-4.19733,-2.12558,-6.53887,-0.643286,-6.65181,-3.41227,1.39357,0.917197,-0.729019,1.94353,-0.0728105,1.51956,-0.0771677,-0.781161,-0.593258,-1.87797,0.453939,-4.48734,3.07194,-5.73297,2.22993,0.479237,3.27713,-10.4382,-0.388062,-2.61981,4.29078,-1.53179,3.24359,-2.73417,0.625607,-0.481763,4.76589,16.5985,-7.70704,16.8243,281.081,-22.9286,111.294,-105.294,4.5762,-0.507317,6.19322,-39.9599,22.4329,12.6611,12.1733,-49.1369,-69.9347,281.114,-122.769,165.887,0,-19.054,-149.399,38.8744,-59.0652,-9.59863,159.289,-65.3511,50.1588,37.3408,102.429,-193.69,266.391,51.593,-9.95273,29.3399,-45.1078,-19.573,14.5097,4.60935,-25.0916,28.5245,8.40475,3.54593,-3.27715,0.437519,-0.473054,-0.161398,0.113286,3.38425,0.752118,1.44973,26.0862,1.79353,-1.1931,-3.56481,-7.80693,0.833207,-0.500635,0.760764,-5.79862,-1.98761,-0.0728105,0,3248,8.32667e-17,8.32667e-17,1.11022e-16,-7.21645e-16,2.84789e-11,3.13117e-11,4.26376e-12,4.44089e-16,4.71845e-16,2.77556e-16,0,-0.593258,-0.190656,0.453942,-0.0270119,3.14159,2.22993,0.0958169,3.27713,-2.08764,-0.392699,4.29078,-0.30637,3.2436,-0.546833,0.523599,0,0,0,1.09391,-0.0771677,-0.593258,0.453939,3.07194,2.22993,3.27713,-0.388062,4.29078,3.24359,0.625607,0.0364033,-3.91432,2.90183,-3.35292e-05,-1.51744,1.68095,0.709185,-0.655431,1.63755,0.0567411,0.0149326,1.00413,-53.2352,69.162,89.3835,204.798,-343.276,110.851,-33.1853,-31.2881,2.91624
2.44,-5.79693,-2.05909,1.11198,1.31038,-0.0407937,1.91241,-0.559738,0.863032,0.479696,1.44805,3.08891,-1.25071e+06,2.26253,-2.77962,3.3124,-1.26973,-0.39734,-4.22299,4.33208,-3.37101,3.27992,-0.12529,0.6565,-4.7479,-2.10448,-7.05537,-0.450569,-7.08492,-3.75117,-4.19826,-2.12435,-6.53975,-0.64198,-6.65277,-3.41096,1.39541,0.930117,-0.747586,1.89932,-0.0714927,1.53704,-0.07715,-0.856885,-0.596095,-1.93871,0.451103,-4.46437,3.0691,-5.62643,2.22618,0.616219,3.27337,-10.4785,-0.391815,-2.68443,4.29572,-1.28996,3.24853,-2.77494,0.630548,-0.462574,4.5969,16.2612,-7.41106,16.479,287.204,-21.9245,108.664,-104.053,5.50276,-0.35432,5.53897,-39.4917,22.1817,8.29625,11.6804,-48.1078,-69.5781,278.967,-118.97,161.14,0,-19.604,-148.288,37.5465,-56.4676,-9.63479,160.933,-63.774,47.9078,37.4382,89.4693,-191.804,265.977,54.1715,-2.52824,29.4054,-44.9084,-20.317,14.6555,3.69242,-25.2412,29.0114,8.88243,3.58147,-3.29513,0.429676,-0.444053,-0.1483,0.0992403,3.49479,0.781532,1.33388,26.5053,1.79678,-1.02468,-4.30618,-8.21052,0.823436,-0.502588,0.767475,-5.79944,-1.98764,-0.0714927,0,3244,-2.77556e-17,-5.55112e-17,0,6.66134e-16,-3.18842e-11,-4.53258e-11,1.48298e-11,3.747e-16,3.88578e-16,2.77556e-16,0,-0.596095,-0.19663,0.451106,-0.0268847,3.14159,2.22618,0.123221,3.27338,-2.09571,-0.392699,4.29572,-0.258006,3.24854,-0.554988,0.523599,0,0,0,1.0845,-0.07715,-0.596095,0.451103,3.0691,2.22618,3.27337,-0.391815,4.29572,3.24853,0.630548,0.0363563,-4.0631,2.93098,-3.43479e-05,-1.07498,1.77649,0.716294,-0.659026,1.52891,0.0567287,0.0149285,1.00406,-53.1332,71.3265,91.0206,212.301,-352.427,113.973,-13.2199,-44.8215,2.53063
2.46,-5.79797,-2.05782,1.10341,1.30742,-0.0407029,1.91436,-0.563141,0.865102,0.476126,1.44898,3.08546,-1.25071e+06,2.25834,-2.76866,3.30867,-1.26948,-0.401655,-4.24141,4.33654,-3.38843,3.28517,-0.13353,0.660839,-4.74887,-2.10119,-7.05574,-0.44721,-7.08432,-3.7519,-4.1993,-2.12293,-6.54093,-0.640779,-6.6537,-3.40976,1.39737,0.941668,-0.764098,1.85929,-0.0701871,1.55426,-0.0770005,-0.819195,-0.599439,-1.97741,0.447759,-4.46713,3.06576,-5.51368,2.22204,0.731914,3.26924,-10.5042,-0.395948,-2.67401,4.30024,-1.09321,3.25304,-2.80183,0.635071,-0.445555,4.44723,15.9687,-7.14734,16.1763,282.318,-21.2009,106.955,-103.311,2.54571,-0.253452,5.06941,-39.2124,22.1267,8.15241,11.2731,-47.3205,-69.6272,277.605,-115.704,157.117,0,-20.1657,-147.219,36.373,-54.1806,-9.65993,162.981,-62.4754,46.0796,37.4681,80.6257,-190.046,265.793,56.5327,2.50284,29.4324,-44.7709,-20.9796,14.7326,3.17633,-25.3626,29.4767,9.32451,3.60024,-3.29866,0.422608,-0.428118,-0.147952,0.0973038,3.59763,0.828301,1.23215,26.8439,1.80277,-0.920794,-4.95418,-8.62414,0.820154,-0.503497,0.769855,-5.80048,-1.98768,-0.0701871,0,3239,0,2.77556e-17,0,-6.10623e-16,1.06358e-11,2.08356e-11,-1.59363e-11,-6.93889e-17,-4.85723e-17,-2.22045e-16,0,-0.599439,-0.200433,0.447762,-0.0268694,3.14159,2.22204,0.146342,3.26924,-2.10084,-0.392699,4.30024,-0.218666,3.25306,-0.560367,0.523599,0,0,0,1.07568,-0.0770005,-0.599439,0.447759,3.06576,2.22204,3.26924,-0.395948,4.30024,3.25304,0.635071,0.0362975,-4.1955,2.94637,-4.60259e-05,-0.690548,1.8649,0.720049,-0.659732,1.42646,0.0567132,0.0149233,1.00398,-54.268,73.4539,91.9365,218.473,-359.909,116.581,1.61153,-55.6962,2.02588
2.48,-5.7991,-2.05679,1.0955,1.30452,-0.0404485,1.91638,-0.566696,0.867214,0.472427,1.45003,3.08179,-1.25071e+06,2.2547,-2.75833,3.30548,-1.27035,-0.405494,-4.25705,4.34045,-3.4032,3.2898,-0.139811,0.664646,-4.7499,-2.09779,-7.05652,-0.444498,-7.08376,-3.75277,-4.20041,-2.12149,-6.54241,-0.639929,-6.65448,-3.40894,1.39944,0.952646,-0.77805,1.82194,-0.0691087,1.5696,-0.0766872,-0.750005,-0.602935,-2.01045,0.444262,-4.47572,3.06226,-5.41333,2.21846,0.844111,3.26566,-10.5467,-0.399516,-2.66302,4.30421,-0.913058,3.25701,-2.8252,0.639048,-0.429994,4.31044,15.6785,-6.9031,15.8858,274.212,-20.5915,105.527,-102.668,-1.49818,-0.170955,4.65459,-38.97,22.1178,9.12782,10.9056,-46.6056,-69.7684,276.414,-112.702,153.297,0,-20.7224,-146.482,35.3311,-52.0754,-9.68141,165.403,-61.4114,44.4541,37.6455,71.6872,-188.322,265.428,58.8457,7.28922,29.4716,-44.6739,-21.6342,14.7988,2.58069,-25.4473,29.8735,9.75645,3.61629,-3.3012,0.416045,-0.395704,-0.144964,0.101052,3.70267,0.88151,1.06884,27.1784,1.78127,-0.781975,-5.49752,-8.94045,0.819049,-0.504445,0.772133,-5.80151,-1.98772,-0.0691087,0,3234,-2.77556e-17,-5.55112e-17,0,0,-1.74554e-11,-9.62783e-12,-1.95844e-11,3.05311e-16,3.1225e-16,1.11022e-16,0,-0.602935,-0.203681,0.444264,-0.0268802,3.14159,2.21846,0.168719,3.26568,-2.10934,-0.392699,4.30421,-0.182651,3.25704,-0.565041,0.523599,0,0,0,1.06717,-0.0766872,-0.602935,0.444262,3.06226,2.21846,3.26566,-0.399516,4.30421,3.25701,0.639048,0.0362387,-4.32621,2.95953,-6.7534e-05,-0.238857,1.95129,0.723258,-0.660239,1.25103,0.0566977,0.0149181,1.00392,-55.9813,75.5556,92.7325,226.784,-368.94,119.991,18.4167,-66.4436,2.00421
2.5,-5.79993,-2.05596,1.08847,1.30176,-0.0400811,1.91833,-0.569839,0.86928,0.46911,1.45092,3.07862,-1.25071e+06,2.25241,-2.75075,3.30364,-1.27127,-0.40797,-4.26857,4.3427,-3.41368,3.29277,-0.1432,0.666777,-4.75063,-2.09465,-7.05743,-0.44276,-7.08332,-3.75322,-4.20122,-2.12007,-6.54377,-0.639375,-6.65482,-3.40843,1.40136,0.960865,-0.787692,1.78842,-0.0682511,1.58135,-0.0762728,-0.727193,-0.60603,-2.05082,0.441167,-4.47368,3.05916,-5.34099,2.21622,0.956086,3.26342,-10.5749,-0.401767,-2.71573,4.3065,-0.732978,3.25931,-2.85005,0.641345,-0.416305,4.19,15.387,-6.68545,15.6092,270.309,-19.9971,103.938,-101.835,-3.91637,-0.082982,4.20633,-38.6563,22.0275,8.47105,10.5689,-45.8881,-69.7413,275.096,-109.965,149.594,0,-21.2287,-146.261,34.4553,-50.1875,-9.7028,167.063,-60.3166,42.7643,37.736,59.1197,-186.471,264.337,61.0697,13.6073,29.6128,-44.68,-22.3302,14.8985,1.45396,-25.4146,30.0489,10.1547,3.64068,-3.31629,0.410181,-0.351342,-0.137799,0.0972635,3.80538,0.925879,0.855815,27.4432,1.74029,-0.576299,-5.90921,-9.10913,0.814504,-0.505009,0.775936,-5.80234,-1.98775,-0.0682511,0,3230,-8.32667e-17,-8.32667e-17,-8.32667e-17,1.11022e-16,-2.11111e-11,-2.29886e-11,-1.87658e-12,-2.77556e-17,-1.38778e-17,-1.11022e-16,0,-0.60603,-0.20765,0.441166,-0.0268438,3.14159,2.21622,0.191168,3.26342,-2.11498,-0.392699,4.3065,-0.146644,3.25934,-0.570011,0.523599,0,0,0,1.05931,-0.0762728,-0.60603,0.441167,3.05916,2.21622,3.26342,-0.401767,4.3065,3.25931,0.641345,0.0361917,-4.46531,2.97945,-7.51006e-05,0.315913,2.03095,0.728137,-0.663258,1.01586,0.0566854,0.014914,1.00387,-56.9017,77.6061,93.6531,236.509,-378.073,123.389,39.9664,-78.0124,2.84281
2.52,-5.80034,-2.05534,1.08254,1.29931,-0.0397071,1.92,-0.57219,0.871189,0.466554,1.45151,3.07637,-1.25071e+06,2.25075,-2.74511,3.30235,-1.27198,-0.409703,-4.27647,4.34352,-3.42027,3.29419,-0.145909,0.66753,-4.75095,-2.09215,-7.05803,-0.441572,-7.08294,-3.75328,-4.2016,-2.11886,-6.5447,-0.639037,-6.65471,-3.40813,1.40296,0.966946,-0.793615,1.75938,-0.0676208,1.58857,-0.0758753,-0.78152,-0.608358,-2.09854,0.43884,-4.45683,3.05684,-5.28149,2.21459,1.04858,3.26178,-10.5815,-0.4034,-2.75952,4.30735,-0.585187,3.26016,-2.86488,0.642191,-0.40468,4.08742,15.097,-6.49925,15.35,273.503,-19.3996,102.088,-100.757,-3.4824,0.00942885,3.73786,-38.2491,21.8098,5.36567,10.2728,-45.1871,-69.4716,273.321,-107.587,146.252,0,-21.6232,-145.873,33.7146,-48.5717,-9.70585,167.972,-59.3329,41.2885,37.7509,47.6256,-184.296,262.332,62.7934,19.0447,29.7097,-44.6413,-22.9145,14.9643,0.37316,-25.2437,29.9862,10.4534,3.65663,-3.32832,0.405121,-0.296805,-0.122409,0.0838906,3.9003,0.952676,0.658711,27.642,1.70796,-0.39466,-6.19749,-9.24779,0.80501,-0.5044,0.777872,-5.80276,-1.98777,-0.0676208,0,3228,-2.77556e-17,-8.32667e-17,-8.32667e-17,1.11022e-16,3.04748e-11,3.38076e-11,1.06554e-12,2.01228e-16,1.9082e-16,1.66533e-16,0,-0.608358,-0.21234,0.438844,-0.0267338,3.14159,2.21459,0.209649,3.26179,-2.1163,-0.392699,4.30735,-0.117082,3.26018,-0.572975,0.523599,0,0,0,1.0523,-0.0758753,-0.608358,0.43884,3.05684,2.21459,3.26178,-0.4034,4.30735,3.26016,0.642191,0.0361682,-4.58224,2.99264,-6.54717e-05,0.811166,2.09067,0.731325,-0.665663,0.779303,0.0566792,0.0149119,1.00383,-56.7056,79.3644,94.8754,244.968,-385.8,126.578,58.9069,-87.6897,3.99214
2.54,-5.80062,-2.05515,1.07833,1.2976,-0.0394729,1.92141,-0.573627,0.873015,0.464902,1.45172,3.07516,-1.25071e+06,2.24963,-2.7418,3.30154,-1.2725,-0.410858,-4.28123,4.34353,-3.42375,3.29464,-0.148212,0.667514,-4.75118,-2.09078,-7.05843,-0.440973,-7.08291,-3.75328,-4.20187,-2.11829,-6.54532,-0.639015,-6.65468,-3.40814,1.40435,0.970595,-0.796622,1.73539,-0.0674144,1.5916,-0.0756294,-0.908456,-0.609783,-2.1487,0.437415,-4.41792,3.05541,-5.24529,2.21348,1.12511,3.26067,-10.5816,-0.404511,-2.78285,4.30737,-0.47523,3.26018,-2.86979,0.642208,-0.395224,4.00393,14.8257,-6.34916,15.1202,283.421,-18.8214,100.093,-99.5282,-0.277883,0.0991398,3.29041,-37.7824,21.4825,-0.079928,10.0072,-44.4523,-68.8593,271.372,-105.621,143.349,0,-21.9137,-145.556,33.1168,-47.2355,-9.70224,168.33,-58.4967,40.0295,37.7525,38.6633,-182.093,259.891,63.9682,23.0406,29.7366,-44.5321,-23.3427,14.9898,-0.467389,-25.0035,29.7834,10.6494,3.6628,-3.33399,0.40096,-0.210326,-0.0857982,0.0703754,3.9916,0.963782,0.43811,27.7514,1.68621,-0.237998,-6.37086,-9.36458,0.791277,-0.50325,0.777575,-5.80297,-1.98777,-0.0674144,0,3227,-2.77556e-17,-5.55112e-17,-1.11022e-16,-5.55112e-16,-6.72221e-12,-1.6975e-11,1.82467e-11,1.59595e-16,1.56125e-16,1.66533e-16,0,-0.609783,-0.217281,0.437415,-0.0265544,3.14159,2.21348,0.224979,3.26068,-2.11633,-0.392699,4.30737,-0.0950897,3.2602,-0.573958,0.523599,0,0,0,1.04638,-0.0756294,-0.609783,0.437415,3.05541,2.21348,3.26067,-0.404511,4.30737,3.26018,0.642208,0.0361565,-4.66793,2.99776,-6.09373e-05,1.22932,2.12988,0.73256,-0.666797,0.522009,0.0566761,0.0149109,1.00382,-56.2523,80.5767,96.5724,253.542,-393.701,130.551,74.7095,-95.2942,5.35165
2.56,-5.80087,-2.05528,1.07604,1.29669,-0.0393379,1.92241,-0.574071,0.874518,0.464239,1.45169,3.07499,-1.25071e+06,2.24885,-2.74053,3.30095,-1.27265,-0.411613,-4.28317,4.34294,-3.42453,3.29435,-0.14959,0.666933,-4.7514,-2.09045,-7.05871,-0.440806,-7.08316,-3.75328,-4.2021,-2.1182,-6.54575,-0.639248,-6.65474,-3.40838,1.40536,0.972036,-0.797113,1.71877,-0.0675377,1.5936,-0.0754709,-1.07874,-0.610204,-2.20006,0.436994,-4.37433,3.05499,-5.21328,2.21272,1.17324,3.25992,-10.5737,-0.405268,-2.78957,4.30681,-0.40099,3.25961,-2.86937,0.641646,-0.388712,3.94674,14.6386,-6.2469,14.962,297.901,-18.3068,98.2279,-98.3884,4.52502,0.186479,2.87222,-37.3499,21.126,-6.69102,9.80291,-43.8511,-68.173,269.933,-104.274,141.375,0,-22.1056,-145.172,32.7066,-46.3358,-9.6928,168.485,-57.9148,39.1831,37.7227,32.9096,-180.34,257.873,64.6859,25.5594,29.7617,-44.4718,-23.6384,14.9962,-0.993536,-24.7739,29.5578,10.7608,3.66434,-3.33728,0.398088,-0.114492,-0.0453988,0.0499915,4.06672,0.962685,0.231069,27.7761,1.68106,-0.0973915,-6.43943,-9.43378,0.77571,-0.501248,0.775542,-5.80338,-1.98779,-0.0675377,0,3225,-2.77556e-17,-2.77556e-17,-8.32667e-17,-4.996e-16,-2.4202e-11,-3.28389e-11,1.12393e-11,-1.73472e-16,-1.66533e-16,-1.66533e-16,0,-0.610204,-0.222336,0.436993,-0.0263565,3.14159,2.21272,0.234585,3.25992,-2.11474,-0.392699,4.30681,-0.0802485,3.25964,-0.573874,0.523599,0,0,0,1.0422,-0.0754709,-0.610204,0.436994,3.05499,2.21272,3.25992,-0.405268,4.30681,3.25961,0.641646,0.036133,-4.72698,2.99901,-6.82056e-05,1.58875,2.15215,0.732868,-0.667457,0.259162,0.0566699,0.0149088,1.00383,-55.0031,81.5266,98.1729,260.867,-400.637,134.652,87.9546,-101.104,6.83893
2.58,-5.80088,-2.05543,1.07502,1.29627,-0.0392182,1.92307,-0.574235,0.875531,0.463918,1.45162,3.07503,-1.25071e+06,2.2485,-2.74009,3.30069,-1.27265,-0.411926,-4.28387,4.34253,-3.42445,3.29404,-0.151192,0.66656,-4.75141,-2.09032,-7.05882,-0.440866,-7.08316,-3.75336,-4.20212,-2.11816,-6.54594,-0.639487,-6.6546,-3.40864,1.40601,0.972529,-0.796968,1.70978,-0.0676872,1.59539,-0.0753512,-1.19323,-0.610368,-2.23682,0.436829,-4.34178,3.05482,-5.18656,2.21237,1.19605,3.25956,-10.5645,-0.405619,-2.7482,4.30639,-0.375145,3.2592,-2.8618,0.641236,-0.385236,3.91603,14.5455,-6.19167,14.8809,307.74,-17.9864,97.0543,-97.6757,7.60752,0.248853,2.57798,-37.0796,20.8994,-11.2612,9.67084,-43.4415,-67.6689,269.173,-103.543,140.353,0,-22.2092,-144.84,32.488,-45.8715,-9.68346,168.567,-57.5959,38.7402,37.6887,32.5994,-179.218,256.679,64.9121,25.4759,29.727,-44.4119,-23.7449,14.963,-0.935018,-24.6152,29.4073,10.7918,3.65636,-3.3312,0.396537,-0.0508953,-0.0211777,0.0329311,4.1173,0.964008,0.101096,27.7805,1.68218,-0.0347346,-6.45607,-9.51082,0.764867,-0.499148,0.771336,-5.80338,-1.98779,-0.0676872,0,3225,1.11022e-16,1.11022e-16,1.66533e-16,-7.21645e-16,3.57741e-12,2.87134e-12,2.17293e-12,2.63678e-16,2.77556e-16,0,0,-0.610368,-0.225954,0.436829,-0.0262321,3.14159,2.21237,0.239136,3.25957,-2.11289,-0.392699,4.30639,-0.0750864,3.25923,-0.572361,0.523599,0,0,0,1.03991,-0.0753512,-0.610368,0.436829,3.05482,2.21237,3.25956,-0.405619,4.30639,3.2592,0.641236,0.036133,-4.74819,2.99235,-7.6818e-05,1.76111,2.15837,0.731271,-0.666239,0.0886027,0.0566699,0.0149088,1.00384,-53.9453,82.3036,99.0592,265.329,-404.928,137.342,93.511,-103.479,7.70187
2.6,-5.8009,-2.05541,1.07436,1.29598,-0.0391675,1.92342,-0.574317,0.876101,0.463735,1.45078,3.07528,-1.25071e+06,2.2482,-2.73957,3.30042,-1.27264,-0.412205,-4.28483,4.34278,-3.42524,3.29428,-0.152852,0.666841,-4.75142,-2.09018,-7.05885,-0.440731,-7.08302,-3.75349,-4.20212,-2.11806,-6.54602,-0.639509,-6.65454,-3.40866,1.40615,0.973054,-0.797796,1.7058,-0.0676708,1.59584,-0.0753004,-1.26606,-0.61045,-2.26066,0.436748,-4.26332,3.05474,-5.17501,2.21206,1.2047,3.25926,-10.559,-0.405922,-2.69919,4.30664,-0.377156,3.25945,-2.8542,0.641483,-0.383705,3.90248,14.5004,-6.16727,14.8428,313.931,-17.8073,96.358,-97.232,9.51298,0.290043,2.38815,-36.9134,20.7583,-15.507,9.47169,-42.6211,-66.526,268.794,-103.234,139.917,0,-22.2508,-144.64,32.3876,-45.6654,-9.67752,168.606,-57.4728,38.5783,37.6689,34.4824,-178.745,256.233,64.9148,24.3654,29.6487,-44.3211,-23.7316,14.9212,-0.662884,-24.5628,29.3742,10.794,3.64643,-3.32106,0.395851,-0.0329944,-0.0141516,0.0175226,4.14512,0.969007,0.0666301,27.791,1.68394,-0.0479288,-6.48301,-9.58709,0.758048,-0.497785,0.767483,-5.80338,-1.98779,-0.0676708,0,3225,2.77556e-17,5.55112e-17,1.38778e-16,5.55112e-16,-2.53212e-11,-2.45523e-11,-7.10751e-12,4.85723e-16,4.96131e-16,3.33067e-16,0,-0.61045,-0.228293,0.43675,-0.0261347,3.14159,2.21206,0.240882,3.25927,-2.1118,-0.392699,4.30664,-0.075485,3.25948,-0.57084,0.523599,0,0,0,1.03889,-0.0753004,-0.61045,0.436748,3.05474,2.21206,3.25926,-0.405922,4.30664,3.25945,0.641483,0.036133,-4.74557,2.984,-7.20007e-05,1.75437,2.15881,0.729286,-0.664213,0.0524332,0.0566699,0.0149088,1.00383,-52.8713,82.8677,98.8153,266.515,-406.112,138.104,92.4743,-103.279,7.68214
2.62,-5.80091,-2.05527,1.07358,1.29563,-0.0391084,1.92369,-0.574756,0.876392,0.463265,1.45027,3.07501,-1.25071e+06,2.24798,-2.73863,3.30023,-1.27273,-0.412415,-4.28581,4.34299,-3.42614,3.29453,-0.153257,0.667062,-4.75142,-2.0897,-7.05891,-0.440517,-7.08288,-3.75349,-4.20214,-2.11782,-6.54613,-0.639406,-6.65448,-3.40857,1.40624,0.974016,-0.798666,1.70322,-0.0675231,1.59622,-0.0752414,-1.26465,-0.610889,-2.26789,0.436309,-4.21412,3.0543,-5.16602,2.21185,1.2098,3.25905,-10.5564,-0.406139,-2.69663,4.30686,-0.367806,3.25966,-2.85457,0.641707,-0.382718,3.89372,14.4714,-6.15101,14.8179,313.366,-17.7592,96.1818,-97.1007,9.1576,0.303875,2.31674,-36.864,20.7418,-16.7892,9.33717,-42.0604,-65.8284,268.55,-103.034,139.642,0,-22.278,-144.484,32.3216,-45.533,-9.67282,168.679,-57.4075,38.4902,37.6663,33.8194,-178.559,256.054,65.056,24.6303,29.6357,-44.2929,-23.7709,14.9208,-0.718157,-24.5524,29.3751,10.82,3.64642,-3.32025,0.395404,-0.0388978,-0.0178863,0.0135431,4.15955,0.979921,0.0765226,27.8276,1.6823,-0.0492096,-6.51733,-9.60468,0.756986,-0.497259,0.766973,-5.80338,-1.98779,-0.0675231,0,3225,2.77556e-17,2.77556e-17,2.77556e-17,0,-1.574e-11,-8.33016e-12,-1.78792e-11,3.05311e-16,3.19189e-16,1.11022e-16,0,-0.610889,-0.229008,0.436306,-0.0261102,3.14159,2.21185,0.241903,3.25905,-2.11128,-0.392699,4.30686,-0.0736332,3.2597,-0.570914,0.523599,0,0,0,1.03823,-0.0752414,-0.610889,0.436309,3.0543,2.21185,3.25905,-0.406139,4.30686,3.25966,0.641707,0.036133,-4.75317,2.98383,-9.61618e-05,1.76967,2.16399,0.729283,-0.664049,0.0571986,0.0566699,0.0149088,1.00383,-52.7314,83.2335,98.3285,266.376,-406.013,137.922,92.8575,-103.666,7.59254
2.64,-5.80101,-2.05518,1.07287,1.29533,-0.0390959,1.92395,-0.575152,0.876738,0.462846,1.45014,3.07469,-1.25071e+06,2.24776,-2.73815,3.30004,-1.2727,-0.412625,-4.28673,4.34316,-3.42702,3.29475,-0.153719,0.667216,-4.7515,-2.08937,-7.05898,-0.440321,-7.08291,-3.75348,-4.20223,-2.11771,-6.54624,-0.639326,-6.65456,-3.40849,1.40649,0.974517,-0.79949,1.70018,-0.0674304,1.59581,-0.0752289,-1.2703,-0.611285,-2.27315,0.435913,-4.1936,3.05391,-5.16488,2.21163,1.21887,3.25882,-10.5524,-0.406363,-2.70207,4.30702,-0.355919,3.25983,-2.85541,0.641865,-0.381559,3.88344,14.4288,-6.1328,14.7846,313.347,-17.7056,95.966,-96.9345,9.14316,0.31347,2.26466,-36.8035,20.7091,-17.4887,9.27172,-41.8011,-65.5341,268.206,-102.799,139.261,0,-22.3068,-144.426,32.2459,-45.3616,-9.67069,168.614,-57.298,38.3389,37.6428,32.5534,-178.317,255.734,65.1983,25.162,29.6209,-44.2484,-23.8132,14.923,-0.843392,-24.5338,29.3594,10.8459,3.64697,-3.32022,0.394881,-0.0354835,-0.0146797,0.0129785,4.17606,0.986137,0.068495,27.8403,1.68157,-0.0457575,-6.55322,-9.62771,0.755928,-0.497264,0.767214,-5.80338,-1.98779,-0.0674304,0,3225,2.77556e-17,2.77556e-17,5.55112e-17,6.66134e-16,1.74544e-11,1.97745e-11,-6.88977e-13,3.88578e-16,3.83374e-16,2.77556e-16,0,-0.611285,-0.229515,0.435915,-0.0260849,3.14159,2.21163,0.243733,3.25883,-2.11048,-0.392699,4.30702,-0.0712404,3.25986,-0.571082,0.523599,0,0,0,1.03745,-0.0752289,-0.611285,0.435913,3.05391,2.21163,3.25882,-0.406363,4.30702,3.25983,0.641865,0.036133,-4.76185,2.98434,-7.52842e-05,1.79161,2.16917,0.729395,-0.664044,0.0541763,0.0566699,0.0149088,1.00382,-52.8426,83.452,98.3695,266.731,-406.284,138.018,93.7087,-104.274,7.57041
2.66,-5.80109,-2.05516,1.0724,1.2951,-0.0390379,1.92421,-0.575518,0.877029,0.462459,1.45055,3.07424,-1.25071e+06,2.24744,-2.73767,3.29973,-1.27273,-0.412923,-4.28706,4.34308,-3.42719,3.29473,-0.153657,0.667133,-4.75157,-2.08907,-7.05907,-0.440187,-7.08293,-3.75348,-4.20231,-2.11761,-6.5464,-0.639356,-6.65456,-3.40853,1.40684,0.974981,-0.799593,1.69747,-0.0674142,1.59637,-0.0751591,-1.26766,-0.611639,-2.27776,0.435558,-4.21426,3.05355,-5.15175,2.21131,1.22193,3.25851,-10.5473,-0.406673,-2.70838,4.30696,-0.341474,3.25976,-2.85652,0.6418,-0.380503,3.87427,14.4002,-6.11571,14.7594,312.772,-17.6618,95.8201,-96.8343,8.85479,0.321251,2.21952,-36.7688,20.6982,-17.0612,9.29344,-41.9497,-65.8319,267.947,-102.598,139.005,0,-22.3335,-144.178,32.1739,-45.2302,-9.6633,168.71,-57.2403,38.2753,37.6318,31.2371,-178.055,255.437,65.3581,25.7696,29.6322,-44.2462,-23.876,14.9301,-0.976433,-24.5013,29.3278,10.8713,3.64873,-3.32206,0.394415,-0.0238224,-0.0117344,0.0130906,4.18965,0.98994,0.0456926,27.848,1.68371,-0.0166959,-6.56547,-9.62445,0.75541,-0.496838,0.767483,-5.80359,-1.9878,-0.0674142,0,3224,0,0,2.77556e-17,-6.10623e-16,-3.17519e-11,-3.935e-11,7.88616e-12,5.13478e-16,5.27356e-16,1.66533e-16,0,-0.611639,-0.229961,0.435559,-0.0260855,3.14159,2.21131,0.244332,3.25852,-2.10946,-0.392699,4.30696,-0.068351,3.25979,-0.571304,0.523599,0,0,0,1.03675,-0.0751591,-0.611639,0.435558,3.05355,2.21131,3.25851,-0.406673,4.30696,3.25976,0.6418,0.0361212,-4.77442,2.98577,-7.41674e-05,1.86967,2.17426,0.729746,-0.664412,0.00885004,0.0566668,0.0149078,1.00382,-53.0146,83.6805,98.7423,267.427,-407.029,138.572,96.5216,-105.46,7.83585
2.68,-5.80121,-2.05517,1.07212,1.29487,-0.0389244,1.92447,-0.57589,0.877292,0.46207,1.4507,3.07386,-1.25071e+06,2.24683,-2.73757,3.29911,-1.2726,-0.41346,-4.28685,4.34285,-3.42678,3.29453,-0.153423,0.666911,-4.75167,-2.08869,-7.05923,-0.439973,-7.08298,-3.75349,-4.20242,-2.11744,-6.54668,-0.639449,-6.65453,-3.40863,1.4071,0.975001,-0.799155,1.69563,-0.0674188,1.59683,-0.0750456,-1.25677,-0.612011,-2.28178,0.435187,-4.21563,3.05318,-5.13344,2.21071,1.21735,3.25791,-10.5344,-0.407274,-2.70619,4.30673,-0.33397,3.25953,-2.85575,0.641575,-0.379798,3.86804,14.3795,-6.10283,14.7406,311.457,-17.6396,95.7455,-96.7708,8.26725,0.328261,2.17725,-36.7468,20.7026,-16.8724,9.27474,-41.9043,-65.8582,267.713,-102.492,138.926,0,-22.3428,-143.742,32.1132,-45.1549,-9.65015,168.793,-57.2416,38.3415,37.5833,30.6825,-177.747,255.057,65.4145,25.9752,29.6281,-44.2327,-23.91,14.9294,-1.02734,-24.4515,29.2687,10.8775,3.64854,-3.32261,0.394097,-0.0138314,-0.0112011,0.013005,4.20217,0.99748,0.0240602,27.823,1.69153,0.0107101,-6.55618,-9.61256,0.755277,-0.496021,0.767182,-5.80359,-1.9878,-0.0674188,0,3224,8.32667e-17,8.32667e-17,8.32667e-17,-1.11022e-16,1.05077e-11,2.09946e-11,-1.81256e-11,4.51028e-16,4.61436e-16,1.66533e-16,0,-0.612011,-0.230351,0.435187,-0.0260891,3.14159,2.21071,0.243416,3.25792,-2.10689,-0.392699,4.30673,-0.0668608,3.25957,-0.571149,0.523599,0,0,0,1.03628,-0.0750456,-0.612011,0.435187,3.05318,2.21071,3.25791,-0.407274,4.30673,3.25953,0.641575,0.0361212,-4.78108,2.98557,-8.78724e-05,1.937,2.17549,0.729708,-0.664522,-0.0390221,0.0566668,0.0149078,1.00382,-53.1876,83.9538,98.7754,267.609,-407.25,139.094,98.8222,-106.27,8.13479
2.7,-5.8015,-2.05505,1.07159,1.29442,-0.0387511,1.9248,-0.576707,0.877492,0.461263,1.4507,3.07303,-1.25071e+06,2.24533,-2.73734,3.29753,-1.27217,-0.414816,-4.28668,4.34272,-3.42653,3.29438,-0.153369,0.666793,-4.75193,-2.08784,-7.05947,-0.439205,-7.08308,-3.75346,-4.2027,-2.11703,-6.54722,-0.639452,-6.65458,-3.40865,1.40732,0.974999,-0.798938,1.69464,-0.067282,1.59682,-0.0748488,-1.19683,-0.612804,-2.27916,0.434393,-4.20472,3.05239,-5.10301,2.20923,1.19727,3.25643,-10.5047,-0.408755,-2.68836,4.30662,-0.337773,3.25942,-2.85244,0.641468,-0.379383,3.8647,14.3609,-6.09319,14.7243,305.447,-17.6949,95.9479,-96.8416,6.0101,0.325509,2.1723,-36.7762,20.7805,-15.6426,9.22405,-41.6931,-65.7267,267.427,-102.533,139.132,0,-22.3237,-142.82,32.0447,-45.143,-9.62255,168.918,-57.3669,38.6844,37.4592,31.3517,-177.421,254.621,65.3486,25.507,29.5808,-44.1719,-23.8935,14.9138,-0.940854,-24.3995,29.2022,10.8646,3.64474,-3.31956,0.393926,-0.0264733,-0.0224342,0.0162385,4.21147,1.01472,0.0469687,27.759,1.71249,0.00858796,-6.55042,-9.60962,0.757824,-0.494533,0.766114,-5.804,-1.98781,-0.067282,0,3222,-2.77556e-17,-2.77556e-17,-5.55112e-17,6.10623e-16,-2.84319e-11,-3.1665e-11,2.26624e-13,2.28983e-16,2.39392e-16,2.22045e-16,0,-0.612804,-0.230085,0.434395,-0.026126,3.14159,2.20923,0.239388,3.25644,-2.10094,-0.392699,4.30662,-0.0676228,3.25946,-0.570488,0.523599,0,0,0,1.03602,-0.0748488,-0.612804,0.434393,3.05239,2.20923,3.25643,-0.408755,4.30662,3.25942,0.641468,0.0360977,-4.77777,2.98245,-8.98876e-05,1.93774,2.17292,0.728948,-0.663912,-0.0394728,0.0566606,0.0149057,1.00381,-53.7071,84.3376,98.258,265.39,-405.229,138.779,98.4436,-106.015,8.11841
2.72,-5.80199,-2.05477,1.0705,1.29355,-0.0384247,1.92544,-0.578521,0.87783,0.459506,1.45131,3.07101,-1.25071e+06,2.24295,-2.73667,3.29504,-1.27165,-0.416971,-4.28668,4.34267,-3.42654,3.29432,-0.153258,0.666755,-4.75234,-2.08604,-7.05994,-0.437952,-7.08314,-3.75344,-4.20317,-2.11623,-6.54817,-0.639419,-6.65463,-3.40865,1.40792,0.975342,-0.798976,1.69265,-0.0669881,1.59638,-0.0744989,-1.04315,-0.614595,-2.26492,0.432602,-4.22892,3.0506,-5.0568,2.20688,1.16775,3.25408,-10.459,-0.41111,-2.66318,4.3066,-0.343376,3.2594,-2.84792,0.641437,-0.378598,3.85804,14.3203,-6.07471,14.6903,290.324,-17.8607,96.5738,-97.1124,0.488127,0.305634,2.22545,-36.8806,20.9876,-11.1044,9.22417,-41.7161,-66.1214,266.858,-102.558,139.377,0,-22.2923,-141.366,31.925,-45.092,-9.57831,169.098,-57.5606,39.2094,37.2755,32.0826,-176.88,253.866,65.2664,24.8794,29.4882,-44.0444,-23.8661,14.8906,-0.843677,-24.3219,29.1006,10.8501,3.6391,-3.31456,0.393583,-0.0544379,-0.0439067,0.0321537,4.22791,1.04856,0.0908975,27.6743,1.74029,-0.000408228,-6.55309,-9.60392,0.765706,-0.492651,0.765259,-5.80442,-1.98783,-0.0669881,0,3220,0,-2.77556e-17,-8.32667e-17,5.55112e-17,1.59762e-11,1.54177e-11,4.39734e-12,4.85723e-17,6.41848e-17,1.11022e-16,0,-0.614595,-0.228679,0.432604,-0.0262453,3.14159,2.20688,0.233522,3.25408,-2.09181,-0.392699,4.3066,-0.0687255,3.25943,-0.569583,0.523599,0,0,0,1.03552,-0.0744989,-0.614595,0.432602,3.0506,2.20688,3.25408,-0.41111,4.3066,3.2594,0.641437,0.0360742,-4.77252,2.97789,-6.66806e-05,1.92982,2.17003,0.727819,-0.662911,-0.0244827,0.0566545,0.0149036,1.0038,-55.5421,84.9306,97.6725,261.766,-401.801,138.004,97.5322,-105.55,7.98099
2.74,-5.80271,-2.05442,1.06885,1.29222,-0.0379641,1.92644,-0.581047,0.878528,0.457027,1.452,3.06829,-1.25071e+06,2.23967,-2.73608,3.29162,-1.27107,-0.419955,-4.28657,4.34257,-3.42642,3.29421,-0.152497,0.666666,-4.75295,-2.08357,-7.06065,-0.436265,-7.08327,-3.75343,-4.20386,-2.11515,-6.54954,-0.639411,-6.65472,-3.4087,1.40886,0.9755,-0.798876,1.68856,-0.0666107,1.59425,-0.0740031,-0.866128,-0.617086,-2.25295,0.430112,-4.24577,3.04811,-5.00279,2.20363,1.13433,3.25083,-10.3964,-0.41436,-2.64844,4.30653,-0.34354,3.25933,-2.84343,0.641369,-0.376993,3.84429,14.2294,-6.04068,14.619,272.315,-18.0261,97.1323,-97.2562,-6.12671,0.290909,2.23894,-36.9375,21.1975,-6.2492,9.1898,-41.59,-66.4152,265.722,-102.47,139.444,0,-22.247,-139.423,31.7244,-44.9195,-9.51753,169.167,-57.7693,39.8327,37.0248,31.4096,-175.955,252.435,65.1951,24.7434,29.348,-43.8176,-23.8461,14.8683,-0.906286,-24.191,28.9158,10.8368,3.63365,-3.30992,0.392876,-0.0826593,-0.0665656,0.0497958,4.26213,1.09296,0.120456,27.5395,1.77223,0.00580258,-6.55255,-9.56564,0.774066,-0.490216,0.764834,-5.80504,-1.98785,-0.0666107,0,3217,2.77556e-17,2.77556e-17,-2.77556e-17,-6.10623e-16,-2.15825e-11,-1.46114e-11,-1.77262e-11,2.42861e-16,2.60209e-16,1.66533e-16,0,-0.617086,-0.227494,0.430114,-0.0263634,3.14159,2.20363,0.22683,3.25083,-2.07927,-0.392699,4.30653,-0.068763,3.25936,-0.568687,0.523599,0,0,0,1.03446,-0.0740031,-0.617086,0.430112,3.04811,2.20363,3.25083,-0.41436,4.30653,3.25933,0.641369,0.036039,-4.76845,2.97341,-7.28485e-05,1.9536,2.16735,0.726731,-0.661985,-0.0212886,0.0566452,0.0149005,1.00377,-57.7579,85.841,97.0886,257.743,-397.745,137.316,97.9301,-105.478,7.91474
2.76,-5.80356,-2.05401,1.06668,1.29046,-0.0373932,1.92775,-0.584106,0.879586,0.453985,1.45281,3.06504,-1.25071e+06,2.23556,-2.73564,3.28737,-1.27037,-0.423671,-4.2862,4.34232,-3.42608,3.29397,-0.151528,0.666424,-4.75367,-2.08057,-7.06147,-0.434185,-7.08345,-3.7534,-4.20468,-2.11382,-6.5512,-0.63943,-6.6548,-3.40877,1.41012,0.975396,-0.79854,1.68236,-0.0661721,1.58992,-0.0733852,-0.692953,-0.620098,-2.24755,0.427099,-4.25921,3.04509,-4.94171,2.19957,1.09632,3.24677,-10.3142,-0.418419,-2.6371,4.30633,-0.342097,3.25913,-2.83697,0.641155,-0.374576,3.82351,14.0839,-5.9917,14.5082,253.991,-18.1562,97.4657,-97.1738,-12.9026,0.288123,2.1854,-36.9077,21.3641,-1.75444,9.13749,-41.3826,-66.6517,263.872,-102.255,139.302,0,-22.1726,-136.95,31.4423,-44.6264,-9.43807,168.974,-57.9732,40.5341,36.6991,29.8261,-174.574,250.21,65.0622,24.8238,29.1447,-43.4724,-23.8119,14.8378,-1.06825,-23.9909,28.6257,10.811,3.62623,-3.30396,0.391808,-0.108375,-0.0877654,0.0654877,4.31457,1.14213,0.138178,27.3559,1.81121,0.0185527,-6.54811,-9.51707,0.780869,-0.486861,0.764003,-5.80587,-1.98788,-0.0661721,0,3213,-5.55112e-17,-2.77556e-17,0,6.66134e-16,-7.48351e-12,2.72066e-12,-2.08867e-11,4.02456e-16,4.12864e-16,5.55112e-17,0,-0.620098,-0.226958,0.4271,-0.0264584,3.14159,2.19957,0.219251,3.24677,-2.06283,-0.392699,4.30633,-0.0684554,3.25915,-0.567394,0.523599,0,0,0,1.03286,-0.0733852,-0.620098,0.427099,3.04509,2.19957,3.24677,-0.418419,4.30633,3.25913,0.641155,0.035992,-4.76189,2.9674,-4.7637e-05,1.98661,2.1622,0.725247,-0.660792,-0.0251945,0.0566328,0.0148964,1.00375,-59.9865,87.0392,96.7361,253.212,-393.014,136.737,98.8008,-105.501,7.89961
2.78,-5.80459,-2.05353,1.06399,1.28826,-0.0366968,1.9294,-0.587846,0.880968,0.450267,1.45379,3.06111,-1.25071e+06,2.23063,-2.73545,3.28226,-1.26948,-0.428095,-4.28562,4.34199,-3.42551,3.29364,-0.150401,0.666141,-4.75453,-2.07692,-7.06247,-0.431722,-7.08364,-3.75338,-4.20567,-2.11223,-6.55321,-0.639474,-6.65489,-3.40889,1.41171,0.974902,-0.798018,1.67427,-0.0656586,1.58369,-0.0726301,-0.502845,-0.623779,-2.2413,0.423418,-4.27079,3.04141,-4.86771,2.1947,1.05034,3.2419,-10.2083,-0.423285,-2.61582,4.30606,-0.344107,3.25886,-2.82697,0.640897,-0.371441,3.79653,13.8908,-5.92924,14.3625,233.614,-18.2796,97.7012,-96.9479,-20.325,0.28154,2.13626,-36.8545,21.5312,3.15711,9.0668,-41.0913,-66.9091,261.299,-101.93,139.01,0,-22.0606,-133.849,31.0817,-44.2362,-9.3365,168.474,-58.1768,41.3392,36.2833,28.2699,-172.76,247.268,64.8276,24.6621,28.8655,-43.0047,-23.7446,14.7892,-1.21666,-23.7274,28.2439,10.7675,3.61434,-3.29413,0.390417,-0.134644,-0.110033,0.0829623,4.37414,1.19546,0.152197,27.119,1.86082,0.0288027,-6.53574,-9.46066,0.787477,-0.482356,0.762172,-5.8069,-1.98791,-0.0656586,0,3208,5.55112e-17,8.32667e-17,1.11022e-16,-7.21645e-16,1.05698e-11,2.25266e-11,-2.05706e-11,5.55112e-16,5.72459e-16,3.88578e-16,0,-0.623779,-0.226257,0.423421,-0.0265281,3.14159,2.1947,0.209998,3.24191,-2.04165,-0.392699,4.30606,-0.0688679,3.25889,-0.565394,0.523599,0,0,0,1.03075,-0.0726301,-0.623779,0.423418,3.04141,2.1947,3.2419,-0.423285,4.30606,3.25886,0.640897,0.0359333,-4.74828,2.95762,-6.16888e-05,2.00952,2.1535,0.722868,-0.658827,-0.0312684,0.0566174,0.0148912,1.00372,-62.4219,88.344,96.4577,247.749,-387.259,136.14,99.1995,-105.195,7.85244
2.8,-5.80585,-2.05292,1.06058,1.28547,-0.0358182,1.93142,-0.592477,0.882658,0.445614,1.45477,3.05629,-1.25071e+06,2.22462,-2.73563,3.27601,-1.2681,-0.433442,-4.28492,4.34162,-3.42485,3.29324,-0.149154,0.66581,-4.75557,-2.07237,-7.06371,-0.428709,-7.08384,-3.75335,-4.20687,-2.11022,-6.55571,-0.639522,-6.65495,-3.40903,1.41357,0.973824,-0.797427,1.6643,-0.0650034,1.57586,-0.071681,-0.275524,-0.628339,-2.24478,0.418858,-4.27499,3.03686,-4.77079,2.18876,0.990951,3.23595,-10.0659,-0.42923,-2.58374,4.30576,-0.34939,3.25856,-2.8136,0.64059,-0.367598,3.76341,13.6536,-5.85276,14.183,209.488,-18.417,97.9322,-96.6347,-29.6354,0.300095,1.95333,-36.7024,21.7049,8.08992,8.96134,-40.6487,-66.9702,257.959,-101.512,138.643,0,-21.9018,-129.911,30.6331,-43.7613,-9.20582,167.546,-58.3744,42.2995,35.7108,26.7709,-170.513,243.634,64.5058,24.2505,28.5108,-42.418,-23.6483,14.7235,-1.34875,-23.4017,27.7731,10.7088,3.59829,-3.28068,0.388704,-0.170422,-0.139703,0.10099,4.46832,1.26901,0.176811,26.8094,1.92893,0.0351498,-6.5217,-9.3982,0.794659,-0.47639,0.75947,-5.80815,-1.98796,-0.0650034,0,3202,5.55112e-17,5.55112e-17,1.11022e-16,-6.10623e-16,1.58917e-11,2.15327e-11,-7.67256e-12,5.68989e-16,5.75928e-16,4.996e-16,0,-0.628339,-0.226682,0.418862,-0.0266533,3.14159,2.18876,0.198138,3.23596,-2.01318,-0.392699,4.30576,-0.0699223,3.25858,-0.56272,0.523599,0,0,0,1.02813,-0.071681,-0.628339,0.418858,3.03686,2.18876,3.23595,-0.42923,4.30576,3.25856,0.64059,0.0358628,-4.72904,2.94449,-5.89018e-05,2.02461,2.14175,0.719658,-0.656137,-0.0323143,0.0565989,0.014885,1.00368,-65.4376,90.412,96.1463,240.546,-379.624,135.196,99.1113,-104.595,7.74196
2.82,-5.80715,-2.05228,1.05661,1.28227,-0.0349211,1.9337,-0.597351,0.884725,0.440682,1.45606,3.05123,-1.25071e+06,2.21848,-2.73627,3.26968,-1.26689,-0.438891,-4.28424,4.34128,-3.42436,3.29288,-0.147879,0.665521,-4.75663,-2.06761,-7.06497,-0.425623,-7.08404,-3.75332,-4.20812,-2.10814,-6.55828,-0.63955,-6.65504,-3.40914,1.41577,0.972296,-0.796998,1.65174,-0.0643121,1.56411,-0.0707135,-0.106304,-0.633144,-2.25635,0.414054,-4.29031,3.03205,-4.69074,2.18269,0.940977,3.22989,-9.91692,-0.435296,-2.56122,4.30549,-0.354261,3.25829,-2.79823,0.640318,-0.362822,3.72199,13.3452,-5.76149,13.9538,190.164,-18.4539,97.6244,-95.8886,-36.8287,0.327777,1.72482,-36.4167,21.7475,11.9511,8.88628,-40.318,-67.2018,253.71,-100.864,137.76,0,-21.7073,-125.936,30.1133,-43.1061,-9.06847,166.065,-58.4562,43.0861,35.1204,24.0651,-167.84,239.145,64.0921,24.1694,28.0735,-41.6712,-23.5159,14.6465,-1.6135,-23.0193,27.2073,10.6353,3.57949,-3.2646,0.38655,-0.198406,-0.15961,0.114008,4.57241,1.33036,0.176136,26.4704,1.99056,0.0340632,-6.51372,-9.33437,0.797149,-0.470193,0.756414,-5.80939,-1.988,-0.0643121,0,3196,-2.77556e-17,-2.77556e-17,-5.55112e-17,-5.55112e-17,1.17485e-11,1.38273e-11,-1.81327e-12,2.70617e-16,2.72352e-16,1.66533e-16,0,-0.633144,-0.227826,0.414056,-0.0266881,3.14159,2.18269,0.188153,3.2299,-1.98338,-0.392699,4.30549,-0.0708929,3.25831,-0.559646,0.523599,0,0,0,1.02479,-0.0707135,-0.633144,0.414054,3.03205,2.18269,3.22989,-0.435296,4.30549,3.25829,0.640318,0.0357924,-4.70261,2.92912,-5.43602e-05,2.01045,2.12706,0.715898,-0.652921,-0.0196168,0.0565803,0.0148788,1.00364,-67.8813,92.3481,96.6364,233.891,-372.089,134.368,98.3789,-103.724,7.51947
2.84,-5.80856,-2.05153,1.05199,1.27867,-0.0339879,1.93616,-0.602558,0.886982,0.43539,1.45724,3.0459,-1.25071e+06,2.21175,-2.73681,3.26272,-1.26542,-0.444835,-4.28378,4.34091,-3.42409,3.29249,-0.146857,0.665204,-4.75777,-2.06252,-7.06624,-0.422171,-7.08431,-3.7532,-4.20948,-2.1059,-6.56101,-0.639507,-6.65518,-3.40919,1.41806,0.970743,-0.796801,1.63729,-0.0635184,1.5506,-0.0696981,0.0412849,-0.638268,-2.27449,0.40893,-4.29243,3.02692,-4.59576,2.17604,0.88298,3.22324,-9.74607,-0.44195,-2.53796,4.3052,-0.357954,3.258,-2.78092,0.640023,-0.357372,3.67472,13.0005,-5.66003,13.6969,172.743,-18.4375,97.0474,-94.9281,-43.2774,0.36573,1.44488,-36.0482,21.728,14.7211,8.78038,-39.8456,-67.2317,248.715,-100.085,136.709,0,-21.4637,-121.391,29.5227,-42.3694,-8.90893,164.173,-58.5037,43.9104,34.4601,20.9813,-164.891,234.185,63.6384,24.1531,27.5945,-40.8466,-23.3704,14.5597,-1.91045,-22.599,26.587,10.5548,3.55829,-3.24642,0.384079,-0.231145,-0.179929,0.122783,4.68637,1.39079,0.201275,26.107,2.06942,0.0227741,-6.51895,-9.28319,0.797138,-0.462695,0.75262,-5.81084,-1.98806,-0.0635184,0,3189,-5.55112e-17,-8.32667e-17,-1.11022e-16,1.11022e-16,1.98297e-11,1.3139e-11,1.5523e-11,-1.52656e-16,-1.56125e-16,-2.77556e-16,0,-0.638268,-0.22962,0.408929,-0.0266855,3.14159,2.17604,0.176589,3.22324,-1.94921,-0.392699,4.3052,-0.0716205,3.25802,-0.556185,0.523599,0,0,0,1.0209,-0.0696981,-0.638268,0.40893,3.02692,2.17604,3.22324,-0.44195,4.3052,3.258,0.640023,0.0357102,-4.67366,2.91181,-3.9733e-05,1.97369,2.11096,0.711659,-0.649285,0.0115571,0.0565587,0.0148716,1.00359,-69.9829,94.3895,97.289,225.663,-363.225,133.241,96.8893,-102.627,7.18122
2.86,-5.80995,-2.05084,1.04706,1.27483,-0.0330046,1.93873,-0.607808,0.889425,0.430026,1.45833,3.04061,-1.25071e+06,2.2049,-2.7377,3.25564,-1.26405,-0.450862,-4.28322,4.34046,-3.42363,3.29205,-0.145667,0.664833,-4.75887,-2.05738,-7.06753,-0.418762,-7.08452,-3.75315,-4.21082,-2.10363,-6.56379,-0.639551,-6.65524,-3.40932,1.42043,0.968809,-0.796414,1.62062,-0.0627723,1.53592,-0.0686444,0.150953,-0.643448,-2.29896,0.40375,-4.28245,3.02175,-4.49476,2.16926,0.827442,3.21645,-9.56811,-0.448729,-2.51366,4.30482,-0.357376,3.25763,-2.76232,0.639657,-0.351178,3.62066,12.6251,-5.54743,13.4145,158.786,-18.3456,96.1457,-93.7508,-48.2959,0.41132,1.12707,-35.598,21.6286,16.1239,8.64699,-39.2614,-67.0719,243.19,-99.1239,135.366,0,-21.2012,-116.666,28.8793,-41.5286,-8.7386,162.031,-58.4825,44.6409,33.797,17.4661,-161.671,228.812,63.1863,24.2698,27.0884,-39.9674,-23.2293,14.4653,-2.24236,-22.1436,25.9216,10.4749,3.53503,-3.22674,0.381235,-0.246442,-0.192069,0.128292,4.80941,1.44716,0.193258,25.7199,2.15176,0.0281883,-6.51827,-9.22782,0.794315,-0.454669,0.748552,-5.81209,-1.9881,-0.0627723,0,3183,-2.77556e-17,-2.77556e-17,-2.77556e-17,5.55112e-17,-3.42027e-11,-4.17512e-11,8.3214e-12,1.66533e-16,1.75207e-16,-2.22045e-16,0,-0.643448,-0.232034,0.403751,-0.0266359,3.14159,2.16926,0.165432,3.21646,-1.91362,-0.392699,4.30482,-0.0715172,3.25765,-0.552465,0.523599,0,0,0,1.01635,-0.0686444,-0.643448,0.40375,3.02175,2.16926,3.21645,-0.448729,4.30482,3.25763,0.639657,0.0356398,-4.64526,2.89286,-5.65112e-05,1.97216,2.09498,0.707005,-0.645348,0.00598316,0.0565402,0.0148654,1.00355,-71.758,96.3767,98.2358,218.206,-355.088,132.775,96.7156,-101.972,7.02877
2.88,-5.8113,-2.05019,1.04205,1.27089,-0.0320397,1.94124,-0.612804,0.891921,0.424887,1.45934,3.03564,-1.25071e+06,2.19828,-2.73913,3.24882,-1.26281,-0.456656,-4.28255,4.34008,-3.42315,3.29166,-0.144465,0.664535,-4.75994,-2.05245,-7.06877,-0.415519,-7.08468,-3.75317,-4.21212,-2.10145,-6.5665,-0.639634,-6.65528,-3.40949,1.42276,0.966352,-0.796025,1.60314,-0.0620788,1.51994,-0.0675973,0.204305,-0.648361,-2.33074,0.398836,-4.26728,3.01683,-4.3994,2.16272,0.776211,3.20992,-9.38935,-0.455262,-2.48482,4.30452,-0.359482,3.25733,-2.74198,0.639368,-0.344739,3.56458,12.2363,-5.43258,13.1211,149.872,-18.1806,94.9082,-92.3561,-51.2167,0.465748,0.772876,-35.0658,21.4301,16.0263,8.51511,-38.6739,-66.8158,237.349,-98.0663,133.816,0,-20.9147,-112.031,28.2251,-40.6438,-8.56637,159.592,-58.3895,45.2419,33.1435,14.2188,-158.375,223.284,62.6778,24.2175,26.5558,-39.0454,-23.0634,14.3603,-2.53651,-21.6808,25.2449,10.3867,3.50914,-3.20447,0.378264,-0.250514,-0.197358,0.125876,4.93501,1.49324,0.160723,25.3174,2.23146,0.0333338,-6.51325,-9.17259,0.787347,-0.4462,0.743453,-5.81354,-1.98815,-0.0620788,0,3176,5.55112e-17,5.55112e-17,8.32667e-17,-7.21645e-16,4.69052e-12,1.104e-11,-1.06972e-11,2.42861e-16,2.5327e-16,1.66533e-16,0,-0.648361,-0.235168,0.398837,-0.0265297,3.14159,2.16272,0.155161,3.20993,-1.87787,-0.392699,4.30452,-0.0719546,3.25736,-0.548396,0.523599,0,0,0,1.0115,-0.0675973,-0.648361,0.398836,3.01683,2.16272,3.20992,-0.455262,4.30452,3.25733,0.639368,0.0355576,-4.61187,2.87179,-7.82131e-05,1.96561,2.07735,0.701828,-0.640895,-0.0116521,0.0565186,0.0148582,1.00351,-72.7265,98.2137,99.4956,211.519,-347.527,132.633,96.3779,-101.185,6.88364
2.9,-5.81278,-2.04935,1.03639,1.2665,-0.0309717,1.94385,-0.618537,0.894259,0.419055,1.46034,3.02988,-1.25071e+06,2.19109,-2.74058,3.24137,-1.26114,-0.462919,-4.28238,4.33991,-3.4233,3.29145,-0.143741,0.664435,-4.76107,-2.04676,-7.07013,-0.411874,-7.08478,-3.75315,-4.21355,-2.0989,-6.56949,-0.6396,-6.65531,-3.40955,1.42502,0.963708,-0.796289,1.58563,-0.061186,1.5042,-0.0664472,0.32972,-0.654013,-2.35162,0.393185,-4.25362,3.01118,-4.27745,2.15561,0.709999,3.20281,-9.18563,-0.462377,-2.43637,4.30443,-0.369045,3.25724,-2.71937,0.639269,-0.338369,3.50901,11.8572,-5.31838,12.8314,135.045,-18.1017,94.0383,-91.1834,-56.4921,0.503186,0.489248,-34.6184,21.3415,17.6247,8.37353,-38.0413,-66.6063,231.252,-97.0321,132.43,0,-20.5813,-106.869,27.5427,-39.7909,-8.37286,156.879,-58.3167,45.982,32.3958,12.268,-155.103,217.859,62.1223,23.5286,25.998,-38.1081,-22.8686,14.2403,-2.67544,-21.2285,24.5905,10.2935,3.47963,-3.17828,0.375294,-0.282867,-0.219358,0.130392,5.0526,1.54834,0.187301,24.8853,2.33215,0.00834637,-6.52955,-9.14154,0.784148,-0.436461,0.737304,-5.81499,-1.9882,-0.061186,0,3169,-5.55112e-17,-2.77556e-17,5.55112e-17,5.55112e-17,4.73666e-12,-6.35568e-13,1.01944e-11,1.31839e-16,1.2837e-16,5.55112e-17,0,-0.654013,-0.237225,0.393188,-0.0264817,3.14159,2.15561,0.141958,3.20281,-1.83713,-0.392699,4.30443,-0.0738536,3.25726,-0.543874,0.523599,0,0,0,1.00658,-0.0664472,-0.654013,0.393185,3.01118,2.15561,3.20281,-0.462377,4.30443,3.25724,0.639269,0.0354755,-4.57309,2.84786,-6.02232e-05,1.90742,2.0587,0.695927,-0.635656,0.0151294,0.056497,0.014851,1.00346,-74.3353,100.123,100.288,202.248,-337.592,131.482,93.6828,-99.5936,6.41986
2.92,-5.81425,-2.04842,1.03003,1.26182,-0.030011,1.94642,-0.624166,0.896722,0.413304,1.46124,3.02431,-1.25071e+06,2.18343,-2.74233,3.23347,-1.25933,-0.469617,-4.28314,4.34004,-3.42454,3.29156,-0.143406,0.664642,-4.76219,-2.04122,-7.07119,-0.407849,-7.08489,-3.75308,-4.21497,-2.09643,-6.57231,-0.6394,-6.65546,-3.40943,1.4273,0.960757,-0.797614,1.56615,-0.0602069,1.48587,-0.0654043,0.392957,-0.659559,-2.37819,0.387638,-4.23141,3.00564,-4.16723,2.14804,0.64936,3.19524,-8.97795,-0.469947,-2.4046,4.30465,-0.372939,3.25745,-2.69777,0.639481,-0.331381,3.4479,11.4441,-5.1976,12.5161,125.462,-17.9401,92.7592,-89.7225,-59.3813,0.547951,0.177363,-34.0605,21.1309,17.6266,8.2297,-37.3748,-66.2431,224.747,-95.8819,130.762,0,-20.2303,-101.775,26.8129,-38.8262,-8.17659,153.882,-58.1786,46.6155,31.6336,9.09389,-151.785,212.227,61.6055,23.3928,25.4184,-37.1073,-22.6711,14.1221,-2.95093,-20.7841,23.9379,10.2103,3.45064,-3.15152,0.372001,-0.317937,-0.233696,0.128627,5.1768,1.59152,0.233038,24.4149,2.44091,-0.0378546,-6.58466,-9.1277,0.777146,-0.426931,0.73185,-5.81644,-1.98826,-0.0602069,0,3162,-5.55112e-17,-5.55112e-17,-5.55112e-17,0,1.62539e-11,1.705e-11,7.40075e-13,2.498e-16,2.5327e-16,1.11022e-16,0,-0.659559,-0.239848,0.387642,-0.0263636,3.14159,2.14804,0.129837,3.19524,-1.79559,-0.392699,4.30465,-0.0746273,3.25747,-0.539554,0.523599,0,0,0,1.001,-0.0654043,-0.659559,0.387638,3.00564,2.14804,3.19524,-0.469947,4.30465,3.25745,0.639481,0.0353934,-4.53367,2.82424,-5.35422e-05,1.80253,2.04207,0.690128,-0.630304,0.0847252,0.0564754,0.0148437,1.0034,-75.2444,101.766,101.566,192.189,-326.896,129.987,89.7908,-97.7895,5.65834
2.94,-5.81573,-2.04752,1.02325,1.25691,-0.0289971,1.94901,-0.629959,0.899146,0.407401,1.46214,3.01857,-1.25071e+06,2.17626,-2.74484,3.2261,-1.25734,-0.475807,-4.28423,4.34024,-3.42594,3.29179,-0.143021,0.664922,-4.76329,-2.03552,-7.07243,-0.40415,-7.08492,-3.75312,-4.2164,-2.09391,-6.57522,-0.639268,-6.65557,-3.40938,1.42957,0.957069,-0.799073,1.54463,-0.0592538,1.46851,-0.0643084,0.463366,-0.665271,-2.4015,0.381927,-4.21066,2.99992,-4.04842,2.14095,0.597738,3.18815,-8.76207,-0.477032,-2.37308,4.30493,-0.366031,3.25773,-2.67621,0.63977,-0.323776,3.38127,11.0313,-5.0688,12.194,115.625,-17.7591,91.4733,-88.298,-62.3214,0.584613,-0.102134,-33.5176,20.9309,17.8782,8.07541,-36.6988,-65.9036,218.176,-94.5516,128.832,0,-19.8971,-96.8449,26.0771,-37.8044,-7.97887,150.63,-57.8696,46.9932,30.8257,5.48591,-148.424,206.643,61.2366,23.5497,24.8628,-36.1352,-22.5246,14.0083,-3.25756,-20.3338,23.2932,10.1489,3.42331,-3.12544,0.368379,-0.339049,-0.245885,0.129327,5.2987,1.63388,0.234681,23.9313,2.54935,-0.0543261,-6.64499,-9.09588,0.77055,-0.417268,0.726635,-5.8179,-1.98831,-0.0592538,0,3155,5.55112e-17,5.55112e-17,0,-1.11022e-16,-2.06737e-11,-3.06014e-11,1.47104e-11,4.16334e-16,4.23273e-16,2.77556e-16,0,-0.665271,-0.242147,0.38193,-0.0262495,3.14159,2.14095,0.119483,3.18816,-1.75241,-0.392699,4.30493,-0.0732597,3.25776,-0.535243,0.523599,0,0,0,0.994723,-0.0643084,-0.665271,0.381927,2.99992,2.14095,3.18815,-0.477032,4.30493,3.25773,0.63977,0.0353113,-4.50416,2.80141,-7.23641e-05,1.77234,2.02978,0.684662,-0.625088,0.103039,0.0564539,0.0148365,1.00335,-76.3001,103.28,102.843,183.598,-317.266,128.988,88.5232,-96.9906,5.12942
2.96,-5.8172,-2.04662,1.01614,1.25177,-0.0279699,1.95153,-0.635694,0.901528,0.401553,1.46298,3.01291,-1.25071e+06,2.16875,-2.74778,3.21837,-1.25521,-0.482299,-4.28501,4.34002,-3.42686,3.29166,-0.142288,0.664755,-4.76437,-2.02985,-7.07356,-0.400294,-7.08507,-3.75298,-4.21782,-2.09136,-6.57813,-0.639146,-6.65563,-3.40934,1.43176,0.952889,-0.799952,1.52213,-0.0582998,1.45093,-0.0631992,0.512009,-0.670923,-2.42593,0.376274,-4.18856,2.99427,-3.91633,2.13353,0.541944,3.18072,-8.53651,-0.484466,-2.3694,4.3048,-0.344797,3.2576,-2.65717,0.639622,-0.315941,3.31256,10.6189,-4.93803,11.8683,107.797,-17.5452,90.0607,-86.8077,-64.3602,0.620785,-0.378131,-32.9487,20.6932,17.6504,7.9213,-36.028,-65.5326,211.41,-93.1743,126.873,0,-19.5394,-91.7401,25.3181,-36.7649,-7.76907,147.258,-57.5579,47.3882,30.001,0.120683,-145.004,200.93,60.9641,24.6659,24.3552,-35.2029,-22.436,13.916,-3.76806,-19.8589,22.611,10.0962,3.40153,-3.10543,0.364607,-0.35544,-0.256634,0.125759,5.41879,1.67019,0.235031,23.4088,2.67311,-0.0390727,-6.70158,-9.04062,0.762202,-0.406742,0.722236,-5.81935,-1.98836,-0.0582998,0,3148,-2.77556e-17,-2.77556e-17,-5.55112e-17,-5.55112e-16,-2.74674e-11,-3.07548e-11,2.57e-12,2.77556e-16,2.75821e-16,2.77556e-16,0,-0.670923,-0.244558,0.37628,-0.0261148,3.14159,2.13353,0.108374,3.18073,-1.7073,-0.392699,4.3048,-0.0689883,3.25762,-0.531433,0.523599,0,0,0,0.988025,-0.0631992,-0.670923,0.376274,2.99427,2.13353,3.18072,-0.484466,4.3048,3.2576,0.639622,0.0352292,-4.48679,2.78306,-3.86889e-05,1.80291,2.01924,0.680307,-0.621085,0.100455,0.0564323,0.0148293,1.00329,-76.9109,104.658,104.199,174.677,-307.473,128.201,89.9942,-97.2671,4.88485
2.98,-5.81868,-2.04582,1.0091,1.24661,-0.0269598,1.95391,-0.641151,0.903884,0.395981,1.46356,3.00762,-1.25071e+06,2.16091,-2.75112,3.21029,-1.25345,-0.489141,-4.28549,4.33976,-3.42742,3.29146,-0.141838,0.664571,-4.76547,-2.02445,-7.07458,-0.396388,-7.08527,-3.75292,-4.21927,-2.08895,-6.58104,-0.639121,-6.65575,-3.4094,1.43383,0.948308,-0.800533,1.49902,-0.0574539,1.43282,-0.062107,0.526772,-0.676298,-2.45055,0.370899,-4.14955,2.9889,-3.77917,2.12576,0.484356,3.17296,-8.31711,-0.492231,-2.34499,4.30461,-0.330105,3.25742,-2.63412,0.639438,-0.308019,3.24305,10.2091,-4.80774,11.5416,102.856,-17.297,88.5022,-85.2402,-65.0525,0.654595,-0.639313,-32.3512,20.4027,16.3149,7.74483,-35.2495,-64.9107,204.561,-91.785,124.899,0,-19.1621,-86.6163,24.5464,-35.7131,-7.55277,144.046,-57.3302,47.8566,29.2546,-3.89482,-141.512,195.154,60.5903,25.1283,23.826,-34.253,-22.3126,13.8021,-4.10854,-19.372,21.9202,10.0267,3.37439,-3.08072,0.360752,-0.352248,-0.25815,0.119369,5.5375,1.69969,0.204851,22.8492,2.80294,-0.0241948,-6.74277,-9.00089,0.751769,-0.39577,0.716597,-5.8208,-1.98841,-0.0574539,0,3141,0,8.32667e-17,5.55112e-17,0,-1.59768e-11,-1.56569e-11,-2.15228e-12,1.59595e-16,1.71738e-16,0,0,-0.676298,-0.246991,0.370902,-0.0259419,3.14159,2.12576,0.0968758,3.17296,-1.66342,-0.392699,4.30461,-0.0660481,3.25743,-0.526823,0.523599,0,0,0,0.980998,-0.062107,-0.676298,0.370899,2.9889,2.12576,3.17296,-0.492231,4.30461,3.25742,0.639438,0.0351472,-4.46215,2.7603,-3.63885e-05,1.83052,2.00534,0.674878,-0.616143,0.0686679,0.0564107,0.0148221,1.00324,-77.1455,105.757,105.621,166.461,-298.66,128.275,91.0529,-97.2584,4.73385
3,-5.82031,-2.04504,1.00205,1.24123,-0.0258282,1.95632,-0.647045,0.906012,0.390013,1.46432,3.00179,-1.25071e+06,2.15297,-2.75716,3.20209,-1.2509,-0.495972,-4.28558,4.33954,-3.42765,3.29127,-0.140865,0.664451,-4.76666,-2.01864,-7.07586,-0.392558,-7.08542,-3.75299,-4.22084,-2.08636,-6.58426,-0.639197,-6.65583,-3.40955,1.43583,0.940902,-0.800828,1.4766,-0.0566096,1.41546,-0.0608933,0.596226,-0.68211,-2.4658,0.365088,-4.12989,2.98308,-3.62795,2.1179,0.420777,3.1651,-8.07338,-0.500085,-2.3028,4.30448,-0.32311,3.25728,-2.60962,0.639313,-0.300449,3.1766,9.82262,-4.68248,11.2289,93.8888,-17.1198,87.2623,-83.8912,-67.4343,0.673932,-0.837197,-31.8365,20.2051,16.7743,7.59937,-34.6113,-64.5815,197.793,-90.4472,123.07,0,-18.7583,-81.4401,23.7844,-34.7104,-7.32833,140.414,-57.0188,48.2924,28.3675,-6.5697,-138.098,189.565,60.1576,24.9792,23.291,-33.3188,-22.1648,13.6771,-4.29565,-18.8992,21.254,9.95003,3.3442,-3.05338,0.357029,-0.352564,-0.26898,0.120278,5.6448,1.73257,0.139883,22.1501,2.94935,-0.00431377,-6.76497,-8.94237,0.744313,-0.384103,0.70995,-5.82226,-1.98846,-0.0566096,0,3134,0,-5.55112e-17,-5.55112e-17,0,2.34134e-11,2.6541e-11,-3.15103e-12,6.93889e-18,8.67362e-18,-1.11022e-16,0,-0.68211,-0.248498,0.36509,-0.0258259,3.14159,2.1179,0.0841155,3.16511,-1.61468,-0.392699,4.30448,-0.0646632,3.25731,-0.521924,0.523599,0,0,0,0.974035,-0.0608933,-0.68211,0.365088,2.98308,2.1179,3.1651,-0.500085,4.30448,3.25728,0.639313,0.0350651,-4.43238,2.73524,-5.48593e-05,1.87351,1.99001,0.668841,-0.610675,0.0174283,0.0563892,0.0148149,1.00319,-77.9504,106.828,106.816,158.247,-289.22,128.342,92.1614,-97.0677,4.63804
3.02,-5.82192,-2.04415,0.994629,1.23554,-0.0247118,1.95861,-0.652975,0.908043,0.384008,1.46491,2.99597,-1.25071e+06,2.14474,-2.76285,3.19359,-1.24907,-0.50313,-4.28552,4.33925,-3.42786,3.291,-0.13955,0.664234,-4.76781,-2.01273,-7.07699,-0.38849,-7.08561,-3.75291,-4.22241,-2.08369,-6.58744,-0.639166,-6.65591,-3.4096,1.43767,0.933863,-0.801095,1.45464,-0.0556691,1.39618,-0.0596831,0.644899,-0.687947,-2.48099,0.359251,-4.10253,2.97725,-3.47791,2.10977,0.351267,3.15697,-7.83767,-0.508219,-2.27984,4.30428,-0.316519,3.25708,-2.58623,0.63911,-0.293134,3.11251,9.43528,-4.56219,10.9153,86.6016,-16.9403,85.9338,-82.4522,-68.9553,0.693245,-1.02859,-31.2886,19.9661,16.6546,7.45636,-33.9429,-64.1334,190.729,-89.1226,121.242,0,-18.29,-76.2004,23.003,-33.7096,-7.09491,136.796,-56.8256,48.8499,27.5847,-9.99017,-134.734,183.904,59.6662,25.2111,22.7559,-32.3681,-21.9994,13.5596,-4.58367,-18.4282,20.5747,9.86229,3.31592,-3.02796,0.353399,-0.370995,-0.284834,0.114647,5.74696,1.75771,0.121815,21.4543,3.09489,0.00292348,-6.79048,-8.86552,0.735402,-0.371977,0.703775,-5.82392,-1.98852,-0.0556691,0,3126,2.77556e-17,8.32667e-17,1.11022e-16,-1.11022e-16,3.57035e-12,8.12733e-12,-7.26136e-12,4.16334e-17,3.81639e-17,5.55112e-17,0,-0.687947,-0.249996,0.359254,-0.0256816,3.14159,2.10977,0.0702224,3.15697,-1.56753,-0.392699,4.30428,-0.063344,3.2571,-0.517247,0.523599,0,0,0,0.967077,-0.0596831,-0.687947,0.359251,2.97725,2.10977,3.15697,-0.508219,4.30428,3.25708,0.63911,0.0349714,-4.39932,2.71175,-5.35516e-05,1.87751,1.97246,0.663184,-0.605591,0.0119318,0.0563646,0.0148066,1.00314,-78.1067,107.737,107.998,148.772,-278.847,127.842,92.3066,-96.4973,4.35658
3.04,-5.82356,-2.04332,0.987098,1.22965,-0.0235841,1.96079,-0.658834,0.91002,0.378088,1.46529,2.99029,-1.25071e+06,2.13648,-2.77189,3.18505,-1.24613,-0.510219,-4.28525,4.33895,-3.42795,3.29072,-0.138154,0.664017,-4.76899,-2.0069,-7.07813,-0.384488,-7.08582,-3.75289,-4.22401,-2.08105,-6.59066,-0.639202,-6.65602,-3.40971,1.43941,0.92338,-0.801252,1.43197,-0.0547841,1.37585,-0.0584735,0.675733,-0.693723,-2.49333,0.353474,-4.06266,2.97147,-3.32749,2.10159,0.282942,3.14879,-7.57697,-0.5164,-2.25191,4.30406,-0.312313,3.25686,-2.56157,0.638888,-0.285716,3.04732,9.04532,-4.44156,10.5967,80.7807,-16.7485,84.5288,-80.963,-69.6582,0.707331,-1.19318,-30.7196,19.6936,15.9595,7.29906,-33.1958,-63.4946,183.475,-87.7307,119.29,0,-17.7896,-71.0405,22.2067,-32.68,-6.85588,132.516,-56.4375,49.2011,26.6447,-13.0251,-131.324,178.159,59.118,25.2598,22.2061,-31.396,-21.8128,13.4322,-4.82397,-17.9545,19.8917,9.76742,3.28483,-3.00036,0.34967,-0.376548,-0.294015,0.109062,5.8472,1.77721,0.0570598,20.5895,3.26506,0.0132584,-6.81,-8.79405,0.725669,-0.359722,0.697464,-5.82537,-1.98857,-0.0547841,0,3119,0,2.77556e-17,0,-1.11022e-16,3.12054e-11,3.85481e-11,-9.85562e-12,3.40006e-16,3.50414e-16,5.55112e-17,0,-0.693723,-0.251223,0.353477,-0.0255137,3.14159,2.10159,0.0565752,3.14879,-1.51539,-0.392699,4.30406,-0.0624909,3.25688,-0.512314,0.523599,0,0,0,0.959739,-0.0584735,-0.693723,0.353474,2.97147,2.10159,3.14879,-0.5164,4.30406,3.25686,0.638888,0.0348894,-4.36217,2.68631,-3.78115e-05,1.88511,1.95348,0.656967,-0.600071,-0.0105037,0.056343,0.0147994,1.00309,-78.1198,108.365,109.238,139.597,-268.141,127.527,92.5403,-95.9076,4.14507
3.06,-5.82521,-2.04251,0.979476,1.22357,-0.0224387,1.96283,-0.664682,0.911827,0.372195,1.46553,2.98465,-1.25071e+06,2.12773,-2.78448,3.17598,-1.24204,-0.517671,-4.28444,4.33838,-3.42739,3.29018,-0.136178,0.66353,-4.77014,-2.00107,-7.07913,-0.380297,-7.08609,-3.75278,-4.22561,-2.07841,-6.59392,-0.639267,-6.65609,-3.40985,1.44096,0.909173,-0.800743,1.40948,-0.0539123,1.35494,-0.0572343,0.701899,-0.699477,-2.50189,0.34772,-4.0191,2.96572,-3.16073,2.09293,0.204251,3.14013,-7.28775,-0.525058,-2.23849,4.30359,-0.304602,3.25639,-2.53757,0.638412,-0.278458,2.98364,8.66447,-4.32437,10.2826,75.4515,-16.5655,83.1412,-79.4869,-70.0318,0.715286,-1.32608,-30.1569,19.4154,15.2092,7.14375,-32.4425,-62.8023,175.99,-86.3345,117.408,0,-17.2268,-65.6699,21.3749,-31.6538,-6.60033,127.691,-55.955,49.5312,25.5667,-16.6435,-127.942,172.412,58.5603,25.6706,21.6785,-30.4456,-21.6365,13.314,-5.13576,-17.4727,19.1937,9.66615,3.25624,-2.97551,0.345989,-0.381088,-0.304149,0.10188,5.93847,1.79066,-0.0223975,19.5224,3.47637,0.0408851,-6.81045,-8.68701,0.715414,-0.34642,0.691366,-5.82704,-1.98863,-0.0539123,0,3111,5.55112e-17,8.32667e-17,5.55112e-17,-6.66134e-16,1.31869e-11,4.65184e-12,1.45152e-11,4.85723e-17,4.85723e-17,5.55112e-17,0,-0.699477,-0.252074,0.347722,-0.0253373,3.14159,2.09293,0.0408238,3.14013,-1.45755,-0.392699,4.30359,-0.0609453,3.25641,-0.507515,0.523599,0,0,0,0.952302,-0.0572343,-0.699477,0.34772,2.96572,2.09293,3.14013,-0.525058,4.30359,3.25639,0.638412,0.0347957,-4.32695,2.66268,-3.30878e-05,1.91731,1.93323,0.651248,-0.595103,-0.0412485,0.0563184,0.0147912,1.00304,-77.8722,108.778,110.4,129.44,-256.22,127.162,93.9476,-95.6257,4.06705
3.08,-5.82683,-2.0417,0.971759,1.21724,-0.0212454,1.96477,-0.670681,0.913443,0.366175,1.46568,2.97885,-1.25071e+06,2.11931,-2.79972,3.16723,-1.23743,-0.524736,-4.28336,4.33791,-3.4267,3.28969,-0.134212,0.663157,-4.77126,-1.99509,-7.08024,-0.376332,-7.08625,-3.75276,-4.2272,-2.07569,-6.59722,-0.639376,-6.65609,-3.41003,1.44236,0.892252,-0.800172,1.38718,-0.0530467,1.33342,-0.0559473,0.739374,-0.705383,-2.50464,0.341814,-3.976,2.95981,-2.98669,2.08461,0.122553,3.13181,-6.98511,-0.533379,-2.20247,4.3032,-0.308305,3.25601,-2.51005,0.638035,-0.271381,2.92152,8.29239,-4.21048,9.97273,69.4274,-16.4091,81.8418,-78.0664,-70.5849,0.715137,-1.41962,-29.6139,19.1545,14.8312,6.99544,-31.7052,-62.115,168.28,-84.8631,115.446,0,-16.6061,-60.3412,20.5328,-30.6347,-6.33506,122.42,-55.3477,49.7201,24.4364,-18.6784,-124.566,166.708,57.869,25.2971,21.1224,-29.4764,-21.4056,13.1732,-5.26187,-16.9955,18.5065,9.5457,3.22188,-2.94537,0.342359,-0.385877,-0.316715,0.0968154,6.02074,1.80038,-0.12104,18.3397,3.70714,0.0537583,-6.79979,-8.58688,0.705793,-0.332566,0.684081,-5.8287,-1.98868,-0.0530467,0,3103,-2.77556e-17,5.55112e-17,5.55112e-17,4.996e-16,-5.72492e-12,-7.58562e-12,2.66565e-12,4.23273e-16,4.30211e-16,2.22045e-16,0,-0.705383,-0.252356,0.341817,-0.0251695,3.14159,2.08461,0.0244938,3.13181,-1.39702,-0.392699,4.3032,-0.0616969,3.25603,-0.50201,0.523599,0,0,0,0.944774,-0.0559473,-0.705383,0.341814,2.95981,2.08461,3.13181,-0.533379,4.3032,3.25601,0.638035,0.034702,-4.28061,2.63449,-4.80713e-05,1.92041,1.90914,0.644376,-0.589075,-0.0711034,0.0562938,0.0147829,1.00299,-77.6672,109.004,111.478,119.239,-243.916,126.685,93.8292,-94.6226,3.89666
3.1,-5.82847,-2.04085,0.963787,1.21061,-0.0200511,1.96657,-0.676743,0.914909,0.360111,1.4657,2.97302,-1.25071e+06,2.11167,-2.81672,3.15926,-1.23276,-0.531037,-4.28248,4.33775,-3.42653,3.28948,-0.132217,0.663101,-4.77235,-1.98903,-7.08152,-0.37272,-7.0863,-3.75284,-4.22879,-2.07293,-6.60053,-0.639449,-6.65609,-3.41017,1.4436,0.873579,-0.800151,1.36507,-0.0521428,1.31065,-0.0546595,0.76935,-0.711351,-2.50356,0.335846,-3.92977,2.95384,-2.81574,2.07706,0.0419937,3.12426,-6.67997,-0.540931,-2.15856,4.30314,-0.32009,3.25594,-2.48138,0.637971,-0.264477,2.86089,7.92462,-4.10014,9.66435,64.0284,-16.2626,80.5356,-76.6266,-70.7111,0.710056,-1.48534,-29.0652,18.8786,14.3827,6.85343,-30.97,-61.3804,160.32,-83.2739,113.295,0,-15.9268,-55.2075,19.69,-29.6187,-6.06519,116.773,-54.604,49.7028,23.3129,-19.9709,-121.282,161.107,57.0999,24.5502,20.5435,-28.4851,-21.1292,13.0204,-5.30924,-16.5419,17.8488,9.41771,3.18435,-2.91165,0.338779,-0.398593,-0.331355,0.0900366,6.09495,1.80266,-0.209855,17.1073,3.94426,0.0440069,-6.79919,-8.49083,0.695619,-0.318439,0.676138,-5.83036,-1.98874,-0.0521428,0,3095,2.77556e-17,8.32667e-17,5.55112e-17,-6.10623e-16,4.95895e-13,-7.18377e-12,1.20363e-11,-1.80411e-16,-1.82146e-16,-5.55112e-17,0,-0.711351,-0.252257,0.335848,-0.0249882,3.14159,2.07706,0.00837758,3.12426,-1.33599,-0.392699,4.30314,-0.0640561,3.25596,-0.496276,0.523599,0,0,0,0.93715,-0.0546595,-0.711351,0.335846,2.95384,2.07706,3.12426,-0.540931,4.30314,3.25594,0.637971,0.0346083,-4.22529,2.60391,-5.12267e-05,1.87911,1.88354,0.63687,-0.58233,-0.0765285,0.0562692,0.0147747,1.00293,-77.1811,108.997,112.55,108.819,-231.144,125.664,91.9626,-92.9438,3.48575
3.12,-5.82996,-2.03996,0.955458,1.20382,-0.0189635,1.96814,-0.682536,0.916347,0.35432,1.46552,2.96752,-1.25071e+06,2.10463,-2.83575,3.15191,-1.22739,-0.536715,-4.28182,4.33747,-3.42657,3.28919,-0.130135,0.6629,-4.77332,-1.98325,-7.08265,-0.369291,-7.08641,-3.75272,-4.23025,-2.0703,-6.60354,-0.639399,-6.65609,-3.41018,1.44474,0.852872,-0.80028,1.34266,-0.0512015,1.28638,-0.0534899,0.760065,-0.717062,-2.50118,0.330135,-3.87408,2.94813,-2.65199,2.07011,-0.0358069,3.1173,-6.36938,-0.547886,-2.14794,4.30294,-0.322006,3.25574,-2.4563,0.637765,-0.257615,2.80044,7.55788,-3.99249,9.355,61.4266,-16.0936,79.0868,-75.0819,-69.4182,0.703867,-1.53646,-28.476,18.5385,13.1617,6.71304,-30.2143,-60.4917,152.175,-81.5588,110.927,0,-15.202,-50.3172,18.8411,-28.5909,-5.7935,110.728,-53.6737,49.4256,22.1601,-22.9007,-118.094,155.539,56.3903,24.6992,19.9988,-27.5153,-20.8805,12.8884,-5.55635,-16.0992,17.1953,9.29808,3.15193,-2.88292,0.335172,-0.416412,-0.339756,0.0786487,6.16811,1.79394,-0.26052,15.8038,4.20571,0.0332013,-6.81532,-8.39077,0.683236,-0.304263,0.669438,-5.83182,-1.98879,-0.0512015,0,3088,-5.55112e-17,-2.77556e-17,0,1.66533e-16,9.07336e-12,1.56041e-11,-9.73355e-12,4.16334e-16,4.31946e-16,2.22045e-16,0,-0.717062,-0.252031,0.330137,-0.0247668,3.14159,2.07011,-0.00716894,3.11731,-1.27388,-0.392699,4.30294,-0.0644256,3.25576,-0.491259,0.523599,0,0,0,0.92926,-0.0534899,-0.717062,0.330135,2.94813,2.07011,3.1173,-0.547886,4.30294,3.25574,0.637765,0.0345264,-4.17576,2.57756,-3.29383e-05,1.82318,1.85962,0.630385,-0.576584,-0.0499221,0.0562477,0.0147675,1.00288,-76.1871,108.673,113.791,97.5334,-217.441,123.867,90.3986,-91.5488,3.01725
3.14,-5.83139,-2.03911,0.947004,1.19697,-0.017919,1.96948,-0.688047,0.917624,0.348829,1.46526,2.96231,-1.25071e+06,2.09779,-2.85749,3.14475,-1.22133,-0.54217,-4.28151,4.33734,-3.42695,3.28905,-0.12869,0.662866,-4.77423,-1.97774,-7.08368,-0.365985,-7.08645,-3.75268,-4.23165,-2.06778,-6.60643,-0.639362,-6.65609,-3.4102,1.44574,0.829432,-0.800767,1.31972,-0.0503064,1.26269,-0.0523751,0.736522,-0.722503,-2.49492,0.324694,-3.82073,2.94269,-2.47573,2.06334,-0.114412,3.11053,-6.05323,-0.554654,-2.12049,4.30288,-0.325985,3.25568,-2.42898,0.637705,-0.250723,2.73958,7.20578,-3.88616,9.05301,59.9483,-15.9142,77.6304,-73.5668,-67.5676,0.691726,-1.5563,-27.8977,18.1867,11.9596,6.58182,-29.5079,-59.6298,144.102,-79.7646,108.51,0,-14.4597,-45.557,17.9854,-27.5677,-5.51432,104.669,-52.6688,49.0555,21.001,-24.8245,-114.986,150.188,55.6852,24.4255,19.4621,-26.573,-20.6258,12.744,-5.6758,-15.671,16.5744,9.17988,3.11668,-2.85097,0.331501,-0.422724,-0.342171,0.0669027,6.23342,1.77701,-0.318837,14.3748,4.50548,0.0152876,-6.84051,-8.31686,0.670495,-0.289704,0.662156,-5.83307,-1.98884,-0.0503064,0,3082,-2.77556e-17,0,-2.77556e-17,5.55112e-16,1.91518e-11,2.43649e-11,-7.29858e-12,4.3715e-16,4.51028e-16,1.11022e-16,0,-0.722503,-0.251429,0.324695,-0.0245383,3.14159,2.06334,-0.0228983,3.11054,-1.21065,-0.392699,4.30288,-0.0652189,3.2557,-0.485797,0.523599,0,0,0,0.921002,-0.0523751,-0.722503,0.324694,2.94269,2.06334,3.11053,-0.554654,4.30288,3.25568,0.637705,0.0344562,-4.12485,2.5487,-2.95815e-05,1.76281,1.83598,0.623336,-0.570194,-0.0363864,0.0562293,0.0147613,1.00283,-75.0281,108.088,115.075,86.1937,-203.851,122.265,88.3372,-90.0224,2.53177
3.16,-5.83277,-2.03828,0.938443,1.19002,-0.0168778,1.97061,-0.69351,0.918599,0.343411,1.46492,2.95712,-1.25071e+06,2.09118,-2.88305,3.13782,-1.2142,-0.547373,-4.28134,4.33728,-3.42747,3.28899,-0.126996,0.662893,-4.77507,-1.97228,-7.0847,-0.362807,-7.08642,-3.75267,-4.23299,-2.06528,-6.60927,-0.639334,-6.65604,-3.41022,1.44648,0.802151,-0.801376,1.29697,-0.0494242,1.24001,-0.0512521,0.725578,-0.727884,-2.48306,0.319313,-3.77186,2.93731,-2.28918,2.05681,-0.1936,3.104,-5.72883,-0.561185,-2.0951,4.3029,-0.326482,3.2557,-2.40318,0.637724,-0.243994,2.68024,6.87501,-3.78345,8.76435,57.7761,-15.7548,76.2988,-72.1695,-66.032,0.671961,-1.53952,-27.363,17.8678,11.2393,6.45925,-28.8492,-58.8352,136.265,-77.9414,106.12,0,-13.7106,-41.0025,17.1356,-26.5701,-5.23155,98.5763,-51.5608,48.5726,19.7977,-26.728,-112.04,145.133,55.0538,24.2491,18.9583,-25.6836,-20.3949,12.6065,-5.79464,-15.2686,15.9932,9.07493,3.08308,-2.82038,0.327883,-0.428046,-0.347756,0.0567624,6.28402,1.75509,-0.402085,12.7666,4.84502,0.0087012,-6.86951,-8.2316,0.65874,-0.274837,0.654993,-5.83452,-1.98889,-0.0494242,0,3075,1.11022e-16,8.32667e-17,1.11022e-16,-2.22045e-16,5.22948e-12,6.54162e-12,-1.82218e-12,1.45717e-16,1.47451e-16,-5.55112e-17,0,-0.727884,-0.250277,0.319314,-0.024328,3.14159,2.05681,-0.0387333,3.10401,-1.14577,-0.392699,4.3029,-0.0653149,3.25572,-0.480637,0.523599,0,0,0,0.91263,-0.0512521,-0.727884,0.319313,2.93731,2.05681,3.104,-0.561185,4.3029,3.2557,0.637724,0.0343743,-4.07871,2.52122,-2.50224e-05,1.73077,1.81499,0.616617,-0.564076,-0.0369963,0.0562078,0.0147541,1.00278,-73.8767,107.346,116.205,75.0406,-190.213,120.683,87.253,-88.8939,2.11593
3.18,-5.83391,-2.03749,0.929978,1.1832,-0.0159522,1.97147,-0.698416,0.919574,0.338554,1.46437,2.95256,-1.25071e+06,2.08544,-2.91048,3.13178,-1.20674,-0.551762,-4.2813,4.33716,-3.42805,3.28889,-0.125459,0.662864,-4.77573,-1.96736,-7.08554,-0.360017,-7.08633,-3.7526,-4.23412,-2.06302,-6.61171,-0.639269,-6.65591,-3.4102,1.44716,0.773066,-0.802028,1.27437,-0.0486009,1.21704,-0.050268,0.674504,-0.732732,-2.47027,0.314466,-3.71267,2.93246,-2.11209,2.05112,-0.267102,3.09832,-5.41586,-0.566869,-2.08337,4.30284,-0.322403,3.25565,-2.37923,0.637669,-0.237452,2.62232,6.55666,-3.68519,8.48388,58.3215,-15.5739,74.8702,-70.7178,-63.2239,0.651078,-1.50871,-26.8094,17.4965,9.74517,6.33508,-28.1703,-57.8827,128.604,-76.0448,103.606,0,-12.9559,-36.8465,16.3117,-25.5993,-4.95496,92.5795,-50.3671,47.9179,18.6549,-29.122,-109.226,140.255,54.4576,24.411,18.4859,-24.8323,-20.1796,12.4787,-5.97539,-14.8844,15.4349,8.97578,3.05174,-2.7921,0.324313,-0.423232,-0.340977,0.0429398,6.33408,1.72342,-0.465798,11.1076,5.20664,0.00211576,-6.90438,-8.15695,0.645049,-0.260291,0.648347,-5.83556,-1.98892,-0.0486009,0,3070,5.55112e-17,1.11022e-16,1.11022e-16,4.44089e-16,-3.6783e-12,-9.01682e-12,7.81702e-12,1.38778e-16,1.31839e-16,1.66533e-16,0,-0.732732,-0.249027,0.314467,-0.0240826,3.14159,2.05112,-0.0534371,3.09832,-1.08317,-0.392699,4.30284,-0.0645044,3.25566,-0.475846,0.523599,0,0,0,0.904127,-0.050268,-0.732732,0.314466,2.93246,2.05112,3.09832,-0.566869,4.30284,3.25565,0.637669,0.0343158,-4.03559,2.49563,-3.22415e-05,1.69121,1.79516,0.610348,-0.558419,-0.0316927,0.0561924,0.014749,1.00273,-72.3402,106.329,117.452,64.0405,-176.903,118.894,86.3105,-87.9239,1.72359
3.2,-5.83492,-2.0367,0.921505,1.17643,-0.0150635,1.97216,-0.703252,0.920241,0.333793,1.46376,2.94803,-1.25071e+06,2.07999,-2.94118,3.12605,-1.19833,-0.555869,-4.28158,4.33713,-3.42899,3.28886,-0.124475,0.662904,-4.77625,-1.96253,-7.08627,-0.357341,-7.08614,-3.75252,-4.23511,-2.0608,-6.61396,-0.63917,-6.6557,-3.41014,1.4476,0.740734,-0.803029,1.2525,-0.0477762,1.19557,-0.0493208,0.645261,-0.73751,-2.45169,0.309688,-3.65999,2.92768,-1.92823,2.04574,-0.340444,3.09293,-5.10505,-0.572255,-2.06097,4.30287,-0.319983,3.25567,-2.35511,0.637682,-0.231231,2.56723,6.26484,-3.59266,8.22241,57.5907,-15.425,73.6281,-69.4325,-61.0584,0.623207,-1.44353,-26.3167,17.1777,8.8979,6.22218,-27.5522,-57.0293,121.359,-74.1691,101.194,0,-12.2152,-32.9666,15.5092,-24.6772,-4.68049,86.8017,-49.1396,47.2215,17.52,-30.7402,-106.594,135.744,53.8899,24.2879,18.0413,-24.0401,-19.9708,12.349,-6.06574,-14.5275,14.9225,8.88222,3.01997,-2.76321,0.320881,-0.423657,-0.338514,0.0341211,6.36965,1.68942,-0.520629,9.3004,5.61025,-0.0143663,-6.95294,-8.11021,0.633128,-0.245781,0.641415,-5.8366,-1.98896,-0.0477762,0,3065,2.77556e-17,2.77556e-17,-8.32667e-17,5.55112e-17,1.08996e-11,4.62465e-12,9.39365e-12,5.55112e-17,5.89806e-17,0,0,-0.73751,-0.247217,0.309689,-0.023869,3.14159,2.04574,-0.0680959,3.09294,-1.02101,-0.392699,4.30287,-0.0640014,3.25568,-0.471021,0.523599,0,0,0,0.895721,-0.0493208,-0.73751,0.309688,2.92768,2.04574,3.09293,-0.572255,4.30287,3.25567,0.637682,0.0342573,-3.99409,2.46978,-6.62306e-06,1.6443,1.77644,0.603994,-0.552642,-0.0219843,0.0561771,0.0147439,1.00268,-71.0762,105.211,118.54,52.9893,-163.576,116.945,84.7999,-86.8601,1.28493
3.22,-5.83578,-2.03603,0.913435,1.17003,-0.0143121,1.97257,-0.707355,0.920979,0.329759,1.46301,2.94428,-1.25071e+06,2.0752,-2.97505,3.12098,-1.18888,-0.559376,-4.28206,4.33715,-3.43005,3.28891,-0.12363,0.663004,-4.77669,-1.95843,-7.08682,-0.354988,-7.08596,-3.75246,-4.23595,-2.05893,-6.61587,-0.639079,-6.65553,-3.41008,1.44805,0.705309,-0.804141,1.23104,-0.0470697,1.17468,-0.0485227,0.572701,-0.741566,-2.43468,0.305632,-3.60039,2.92362,-1.75379,2.04099,-0.407618,3.08818,-4.80485,-0.577004,-2.04693,4.30294,-0.313307,3.25574,-2.33295,0.63775,-0.225243,2.51411,5.99078,-3.5052,7.97395,59.7247,-15.2484,72.2935,-68.1074,-57.6781,0.597308,-1.37907,-25.8095,16.8078,7.27232,6.11135,-26.9423,-56.0667,114.516,-72.2912,98.7716,0,-11.4998,-29.4985,14.7442,-23.7968,-4.41698,81.2365,-47.8392,46.3875,16.4174,-32.6023,-104.15,131.526,53.3892,24.388,17.6335,-23.3001,-19.7843,12.229,-6.18846,-14.199,14.4495,8.80051,2.99053,-2.73631,0.317538,-0.403491,-0.319646,0.0208522,6.40864,1.64756,-0.583868,7.36714,6.05548,-0.0238162,-7.00485,-8.07062,0.619423,-0.231887,0.635077,-5.83743,-1.98899,-0.0470697,0,3061,-5.55112e-17,-2.77556e-17,-5.55112e-17,-3.88578e-16,2.10305e-11,2.32011e-11,-2.74297e-12,9.71445e-17,9.71445e-17,5.55112e-17,0,-0.741566,-0.245562,0.305631,-0.0236238,3.14159,2.04099,-0.0815326,3.08819,-0.960971,-0.392699,4.30294,-0.0626656,3.25574,-0.466589,0.523599,0,0,0,0.887295,-0.0485227,-0.741566,0.305632,2.92362,2.04099,3.08818,-0.577004,4.30294,3.25574,0.63775,0.0342105,-3.95679,2.44579,-5.60019e-06,1.60726,1.7601,0.598106,-0.547262,-0.0254431,0.0561648,0.0147397,1.00264,-69.4564,103.915,119.755,42.4989,-150.919,115.133,83.9189,-86.1173,0.925916
3.24,-5.83643,-2.03549,0.906159,1.16434,-0.0137315,1.97272,-0.710598,0.921762,0.326583,1.46216,2.94141,-1.25071e+06,2.07141,-3.01,3.11695,-1.17899,-0.561984,-4.2827,4.33722,-3.43121,3.28901,-0.12318,0.663151,-4.77699,-1.95521,-7.0872,-0.353118,-7.08579,-3.75243,-4.23658,-2.05746,-6.61733,-0.638992,-6.65538,-3.41001,1.44852,0.668936,-0.805345,1.211,-0.0465077,1.15529,-0.047907,0.470924,-0.744774,-2.41785,0.302424,-3.53588,2.92042,-1.59048,2.03723,-0.468903,3.08443,-4.52796,-0.580761,-2.03586,4.30304,-0.305087,3.25585,-2.31288,0.63786,-0.219751,2.46531,5.74529,-3.42641,7.7489,63.8263,-15.0646,70.98,-66.8354,-53.5769,0.571409,-1.30558,-25.3244,16.4208,5.15758,6.00464,-26.3559,-55.0328,108.255,-70.4713,96.4433,0,-10.8278,-26.4874,14.045,-23.0043,-4.17076,76.1213,-46.5533,45.5033,15.4141,-34.3152,-101.974,127.759,52.9498,24.5347,17.2726,-22.6382,-19.6181,12.1188,-6.30086,-13.9098,14.0328,8.73003,2.96338,-2.71148,0.314436,-0.36384,-0.284619,0.0074038,6.44908,1.60166,-0.61943,5.43036,6.52778,-0.032226,-7.05937,-8.05339,0.604775,-0.218799,0.628932,-5.83806,-1.98901,-0.0465077,0,3058,0,-2.77556e-17,-5.55112e-17,0,1.41781e-12,1.58838e-12,-2.18908e-13,2.70617e-16,2.8276e-16,1.94289e-16,0,-0.744774,-0.243914,0.302425,-0.023366,3.14159,2.03723,-0.0937894,3.08443,-0.905592,-0.392699,4.30304,-0.0610285,3.25585,-0.462575,0.523599,0,0,0,0.87926,-0.047907,-0.744774,0.302424,2.92042,2.03723,3.08443,-0.580761,4.30304,3.25585,0.63786,0.0341755,-3.92347,2.42371,-1.49328e-05,1.57168,1.74601,0.592677,-0.542297,-0.0386499,0.0561556,0.0147367,1.00261,-67.7991,102.498,121.002,32.5743,-139.285,113.416,83.2103,-85.5547,0.635688
3.26,-5.83692,-2.03502,0.899657,1.15934,-0.0132566,1.97264,-0.713191,0.92231,0.324065,1.46119,2.93919,-1.25071e+06,2.06836,-3.04556,3.11367,-1.16858,-0.563949,-4.28351,4.33727,-3.43243,3.28911,-0.123153,0.663261,-4.7772,-1.95258,-7.08747,-0.351586,-7.08561,-3.75237,-4.23706,-2.05623,-6.61848,-0.638892,-6.65522,-3.40993,1.44878,0.632058,-0.806585,1.19324,-0.0460204,1.13872,-0.0474087,0.376593,-0.747343,-2.39966,0.299855,-3.47137,2.91785,-1.433,2.03421,-0.526579,3.0814,-4.27419,-0.583786,-2.02631,4.30312,-0.295417,3.25592,-2.29559,0.637929,-0.214968,2.42273,5.53849,-3.35845,7.55657,67.691,-14.9054,69.8584,-65.7551,-49.8583,0.543613,-1.21748,-24.9136,16.0819,3.17805,5.90062,-25.801,-54.0147,102.778,-68.8048,94.3855,0,-10.221,-23.8956,13.4214,-22.3245,-3.94446,71.5697,-45.3389,44.6644,14.4971,-35.793,-100.122,124.566,52.5995,24.7035,16.9721,-22.0811,-19.4859,12.024,-6.39475,-13.664,13.6809,8.67385,2.94005,-2.69018,0.311704,-0.325075,-0.249871,-0.00405265,6.47709,1.55591,-0.614587,3.49969,7.02444,-0.0402288,-7.11783,-8.05707,0.591655,-0.206686,0.623327,-5.83847,-1.98902,-0.0460204,0,3056,5.55112e-17,1.38778e-16,1.66533e-16,-6.66134e-16,-1.46058e-11,-1.26265e-11,-3.00318e-12,4.16334e-16,4.30211e-16,1.94289e-16,0,-0.747343,-0.242126,0.299857,-0.0231346,3.14159,2.03421,-0.105319,3.08141,-0.854838,-0.392699,4.30312,-0.0590856,3.25592,-0.459119,0.523599,0,0,0,0.872007,-0.0474087,-0.747343,0.299855,2.91785,2.03421,3.0814,-0.583786,4.30312,3.25592,0.637929,0.0341521,-3.89715,2.4048,-2.88769e-06,1.54253,1.73477,0.588009,-0.538036,-0.0511185,0.0561494,0.0147346,1.00258,-66.2747,101.096,121.975,23.0847,-128.446,111.643,82.6847,-85.2004,0.399271
3.28,-5.83732,-2.03466,0.894127,1.15516,-0.0129061,1.97242,-0.715163,0.922766,0.322169,1.46016,2.93756,-1.25071e+06,2.06585,-3.08164,3.11095,-1.15761,-0.565486,-4.2844,4.3374,-3.43367,3.28927,-0.123331,0.663441,-4.7774,-1.9506,-7.08765,-0.350333,-7.08549,-3.75236,-4.23746,-2.05531,-6.61937,-0.638815,-6.65514,-3.40986,1.44897,0.594797,-0.807846,1.17764,-0.0456557,1.12468,-0.0470348,0.286541,-0.749291,-2.38121,0.297906,-3.40742,2.9159,-1.28769,2.03172,-0.578618,3.07892,-4.04572,-0.586273,-2.01531,4.30327,-0.285884,3.25607,-2.28067,0.638078,-0.210822,2.38585,5.36531,-3.30036,7.39348,71.5206,-14.766,68.8985,-64.8394,-46.4193,0.515516,-1.12216,-24.5654,15.7824,1.27542,5.80025,-25.2796,-53.0162,98.0856,-67.3171,92.5955,0,-9.68945,-21.7191,12.8738,-21.7436,-3.74232,67.5837,-44.2062,43.8716,13.6647,-36.9211,-98.5732,121.904,52.324,24.8092,16.7217,-21.6145,-19.3781,11.9409,-6.45681,-13.4619,13.3928,8.63097,2.91953,-2.67128,0.30932,-0.276514,-0.209436,-0.0108058,6.50046,1.51296,-0.603515,1.57009,7.53996,-0.0446797,-7.17375,-8.07133,0.580038,-0.195876,0.61836,-5.83889,-1.98904,-0.0456557,0,3054,0,2.77556e-17,2.77556e-17,3.88578e-16,1.04606e-11,1.32907e-11,-3.78381e-12,1.35308e-16,1.38778e-16,-5.55112e-17,0,-0.749291,-0.240313,0.297907,-0.0229259,3.14159,2.03172,-0.115729,3.07892,-0.809145,-0.392699,4.30327,-0.0571795,3.25607,-0.456135,0.523599,0,0,0,0.865528,-0.0470348,-0.749291,0.297906,2.9159,2.03172,3.07892,-0.586273,4.30327,3.25607,0.638078,0.0341287,-3.87557,2.38817,-3.67544e-06,1.52434,1.72619,0.583906,-0.534257,-0.0747768,0.0561433,0.0147325,1.00256,-65.084,99.7284,122.795,14.5019,-118.778,110.123,82.4568,-85.0264,0.231185
3.3,-5.83758,-2.03442,0.889675,1.15189,-0.0126978,1.97213,-0.716455,0.923254,0.320943,1.45922,2.93658,-1.25071e+06,2.06418,-3.11488,3.10911,-1.14715,-0.566325,-4.28516,4.33734,-3.43453,3.28927,-0.123669,0.663428,-4.77751,-1.94933,-7.08771,-0.349476,-7.08547,-3.75227,-4.23771,-2.05474,-6.61992,-0.638736,-6.65511,-3.40979,1.44921,0.560555,-0.808692,1.16454,-0.0454057,1.11309,-0.0468148,0.193732,-0.750572,-2.36505,0.296626,-3.3493,2.91462,-1.16048,2.03007,-0.623892,3.07726,-3.85242,-0.587924,-2.01923,4.30322,-0.271556,3.25602,-2.26965,0.638036,-0.207389,2.35525,5.22504,-3.25301,7.26034,75.7622,-14.64,68.0672,-64.0595,-43.1013,0.490669,-1.03387,-24.2697,15.5112,-0.585021,5.71421,-24.8349,-52.1108,94.1673,-66.0195,91.0659,0,-9.23702,-19.9676,12.4176,-21.2771,-3.56882,64.2464,-43.2123,43.1644,12.9706,-38.4973,-97.3244,119.736,52.1482,25.2709,16.5377,-21.2496,-19.3156,11.8827,-6.58092,-13.2943,13.1533,8.60111,2.90534,-2.6584,0.307328,-0.222569,-0.163096,-0.0147972,6.52495,1.47431,-0.539693,-0.17497,8.03862,-0.0379289,-7.21964,-8.08709,0.569376,-0.186558,0.614601,-5.8391,-1.98904,-0.0454057,0,3053,2.77556e-17,-2.77556e-17,2.77556e-17,4.44089e-16,-1.57068e-11,-1.63421e-11,6.64024e-13,2.28983e-16,2.30718e-16,1.11022e-16,0,-0.750572,-0.238721,0.296627,-0.0227368,3.14159,2.03007,-0.124785,3.07727,-0.770484,-0.392699,4.30322,-0.0543195,3.25603,-0.453929,0.523599,0,0,0,0.86001,-0.0468148,-0.750572,0.296626,2.91462,2.03007,3.07726,-0.587924,4.30322,3.25602,0.638036,0.034117,-3.86301,2.3765,-1.1148e-05,1.52099,1.72022,0.581067,-0.531679,-0.100507,0.0561402,0.0147315,1.00255,-64.153,98.4718,123.558,6.72175,-110.421,108.684,83.0765,-85.2532,0.196983
3.32,-5.83771,-2.03422,0.886072,1.14939,-0.0125766,1.97182,-0.717369,0.923568,0.320089,1.45843,2.9359,-1.25071e+06,2.0631,-3.14424,3.10787,-1.13732,-0.566727,-4.28607,4.3373,-3.43546,3.28927,-0.124561,0.663428,-4.77755,-1.94843,-7.0877,-0.348863,-7.08545,-3.75215,-4.23784,-2.05434,-6.62022,-0.638629,-6.65508,-3.40969,1.44935,0.530363,-0.809623,1.15412,-0.0451997,1.10453,-0.0466819,0.123862,-0.751475,-2.35041,0.295723,-3.30331,2.91372,-1.04895,2.029,-0.662603,3.07619,-3.69187,-0.588995,-2.01185,4.30319,-0.261637,3.25599,-2.25991,0.638009,-0.204684,2.33117,5.11977,-3.21618,7.15907,78.9274,-14.5441,67.4516,-63.4873,-40.5902,0.468333,-0.951851,-24.0531,15.3086,-1.94071,5.64511,-24.4864,-51.3978,91.0828,-64.9605,89.8688,0,-8.87437,-18.597,12.0558,-20.9251,-3.42519,61.5557,-42.3722,42.5708,12.3919,-39.2201,-96.3581,118.099,52.006,25.398,16.3964,-20.9748,-19.2649,11.8302,-6.61356,-13.1661,12.9747,8.57774,2.8924,-2.64676,0.30575,-0.180185,-0.124947,-0.0151148,6.54063,1.4427,-0.432561,-1.69695,8.50423,-0.0452457,-7.26814,-8.13421,0.5612,-0.178808,0.611085,-5.83931,-1.98905,-0.0451997,0,3052,2.77556e-17,5.55112e-17,5.55112e-17,4.44089e-16,1.43117e-11,1.07388e-11,5.04544e-12,4.09395e-16,4.21538e-16,1.38778e-16,0,-0.751475,-0.237279,0.295722,-0.0225927,3.14159,2.029,-0.132527,3.0762,-0.738374,-0.392699,4.30319,-0.0523398,3.256,-0.451982,0.523599,0,0,0,0.85557,-0.0466819,-0.751475,0.295723,2.91372,2.029,3.07619,-0.588995,4.30319,3.25599,0.638009,0.0341053,-3.8528,2.36598,-1.63964e-05,1.50244,1.71555,0.57848,-0.529351,-0.114306,0.0561372,0.0147305,1.00254,-63.5512,97.4196,124.119,-0.159443,-103.261,107.258,82.7562,-85.2306,0.118782
3.34,-5.83779,-2.03401,0.882947,1.14741,-0.012501,1.97158,-0.718126,0.923722,0.319388,1.45779,2.93532,-1.25071e+06,2.06233,-3.16869,3.10698,-1.12844,-0.566948,-4.28727,4.33727,-3.43661,3.28929,-0.125836,0.663428,-4.77754,-1.94769,-7.08766,-0.348346,-7.08543,-3.75198,-4.23791,-2.05401,-6.6204,-0.638475,-6.65505,-3.40954,1.44938,0.50524,-0.810749,1.14574,-0.044984,1.0986,-0.0466063,0.0807034,-0.752231,-2.33717,0.294967,-3.26854,2.91296,-0.952892,2.02823,-0.693792,3.07543,-3.56158,-0.589767,-2.00419,4.30317,-0.251163,3.25597,-2.25268,0.637979,-0.202536,2.31195,5.0421,-3.18716,7.08293,80.7592,-14.4744,67.0236,-63.0961,-38.9352,0.448442,-0.877424,-23.906,15.1729,-2.77693,5.58855,-24.2138,-50.8637,88.7268,-64.124,88.9573,0,-8.59599,-17.5467,11.7773,-20.661,-3.30919,59.461,-41.6931,42.095,11.9198,-39.7681,-95.634,116.9,51.9442,25.5201,16.2986,-20.7781,-19.2431,11.791,-6.63342,-13.0716,12.8459,8.5678,2.88272,-2.63806,0.304485,-0.156227,-0.0991093,-0.0124327,6.54778,1.41859,-0.284625,-2.95793,8.92191,-0.0600633,-7.32664,-8.20083,0.555665,-0.172576,0.608452,-5.83931,-1.98905,-0.044984,0,3052,-2.77556e-17,-5.55112e-17,-2.77556e-17,0,-1.46335e-11,-1.09039e-11,-5.20628e-12,0,-6.93889e-18,5.55112e-17,0,-0.752231,-0.235968,0.294969,-0.0224926,3.14159,2.02823,-0.138754,3.07542,-0.712317,-0.392699,4.30317,-0.0502355,3.25597,-0.450537,0.523599,0,0,0,0.851966,-0.0466063,-0.752231,0.294967,2.91296,2.02823,3.07543,-0.589767,4.30317,3.25597,0.637979,0.0341053,-3.84857,2.35818,-3.96392e-06,1.4785,1.71356,0.576545,-0.527612,-0.111541,0.0561372,0.0147305,1.00253,-63.2382,96.5918,124.487,-6.18566,-97.1803,105.813,82.1117,-85.2313,-0.000991111
3.36,-5.83787,-2.03374,0.879852,1.14567,-0.0124587,1.97145,-0.719003,0.923739,0.318562,1.4573,2.93456,-1.25071e+06,2.06164,-3.18846,3.1062,-1.12023,-0.567192,-4.2891,4.33742,-3.43837,3.28948,-0.127507,0.663599,-4.77753,-1.94688,-7.0876,-0.347785,-7.08541,-3.75181,-4.23799,-2.05367,-6.62054,-0.638236,-6.65507,-3.4093,1.44933,0.484935,-0.812488,1.13853,-0.0447088,1.09471,-0.046564,0.0672102,-0.753109,-2.32493,0.294089,-3.24444,2.91209,-0.87257,2.02754,-0.715918,3.07474,-3.45474,-0.590456,-1.99045,4.30332,-0.241088,3.25612,-2.24698,0.638127,-0.200701,2.29551,4.98318,-3.16266,7.02348,81.012,-14.4259,66.7472,-62.8498,-38.1648,0.430843,-0.811607,-23.8137,15.0988,-3.06246,5.54134,-24.0004,-50.4983,86.9712,-63.4763,88.2535,0,-8.39352,-16.7642,11.5694,-20.453,-3.21791,57.8267,-41.1241,41.6758,11.5166,-39.9664,-95.0902,116.035,51.9535,25.5152,16.2268,-20.6325,-19.2397,11.7572,-6.6172,-13.0073,12.7618,8.57205,2.87429,-2.63015,0.303399,-0.154764,-0.0873583,-0.00607262,6.54817,1.40175,-0.114011,-3.98093,9.29188,-0.0915272,-7.40703,-8.28947,0.552628,-0.167716,0.606348,-5.83931,-1.98905,-0.0447088,0,3052,0,0,0,0,-1.33025e-11,-9.6188e-12,-5.07563e-12,3.1225e-16,3.13985e-16,2.22045e-16,0,-0.753109,-0.234757,0.294091,-0.0224327,3.14159,2.02754,-0.143181,3.07474,-0.690948,-0.392699,4.30332,-0.0482193,3.25612,-0.449397,0.523599,0,0,0,0.848842,-0.046564,-0.753109,0.294089,2.91209,2.02754,3.07474,-0.590456,4.30332,3.25612,0.638127,0.0341053,-3.84791,2.35142,-2.22949e-06,1.43635,1.71441,0.574858,-0.52603,-0.0850451,0.0561372,0.0147305,1.00251,-63.2491,95.969,124.727,-11.4015,-91.9101,104.269,80.5692,-85.0527,-0.271965
3.38,-5.83799,-2.03333,0.876171,1.14382,-0.0124489,1.97141,-0.720086,0.923623,0.317524,1.457,2.93353,-1.25071e+06,2.061,-3.20063,3.10552,-1.11446,-0.567507,-4.29225,4.33807,-3.44163,3.29015,-0.129883,0.664268,-4.77753,-1.94587,-7.08755,-0.347089,-7.08529,-3.75169,-4.23811,-2.05325,-6.62068,-0.637837,-6.65518,-3.4089,1.44921,0.472389,-0.815741,1.13145,-0.0442985,1.09227,-0.0465425,0.0713367,-0.754179,-2.31477,0.293018,-3.2334,2.91101,-0.806048,2.02691,-0.727726,3.07411,-3.37597,-0.591083,-1.96286,4.30397,-0.232711,3.25678,-2.24181,0.638787,-0.198904,2.27949,4.93395,-3.13908,6.97179,80.3252,-14.3794,66.5297,-62.6725,-37.9439,0.416788,-0.760981,-23.7476,15.0585,-2.91489,5.50787,-23.8639,-50.3283,85.6536,-62.9584,87.6508,0,-8.25384,-16.1992,11.4223,-20.275,-3.14628,56.7344,-40.753,41.3902,11.2378,-39.5647,-94.692,115.44,52.0415,25.217,16.1609,-20.5091,-19.2425,11.7195,-6.5333,-12.9777,12.7272,8.59547,2.86482,-2.62016,0.302335,-0.184057,-0.0923285,-0.0023158,6.54185,1.38755,0.12878,-4.62159,9.56995,-0.157587,-7.53795,-8.41602,0.551115,-0.16397,0.604312,-5.83951,-1.98906,-0.0442985,0,3051,0,-5.55112e-17,2.77556e-17,-3.88578e-16,9.22085e-12,1.02162e-11,-1.27459e-12,3.26128e-16,3.40006e-16,-2.77556e-17,0,-0.754179,-0.233755,0.293017,-0.0223978,3.14159,2.02691,-0.145548,3.07411,-0.675193,-0.392699,4.30397,-0.0465483,3.25678,-0.448361,0.523599,0,0,0,0.845758,-0.0465425,-0.754179,0.293018,2.91101,2.02691,3.07411,-0.591083,4.30397,3.25678,0.638787,0.0340936,-3.84842,2.34388,-7.86802e-06,1.35177,1.71909,0.572964,-0.524032,-0.0186207,0.0561341,0.0147295,1.00249,-63.1837,95.5297,124.914,-16.1048,-87.4307,102.472,77.1065,-84.4107,-0.89809
3.4,-5.83797,-2.03257,0.870587,1.14113,-0.0123758,1.9711,-0.721349,0.922909,0.316305,1.45654,2.93232,-1.25071e+06,2.06053,-3.20362,3.10506,-1.11086,-0.567745,-4.2975,4.33921,-3.44705,3.29136,-0.133006,0.665426,-4.77737,-1.94432,-7.08749,-0.346168,-7.08477,-3.75149,-4.23809,-2.05237,-6.62076,-0.637135,-6.65505,-3.4082,1.44849,0.469181,-0.821112,1.12304,-0.0435409,1.09123,-0.0464694,0.0887157,-0.755443,-2.30506,0.291755,-3.2272,2.90975,-0.748924,2.02644,-0.725285,3.07364,-3.3155,-0.591554,-1.93404,4.30511,-0.216492,3.25792,-2.23905,0.639937,-0.196803,2.2606,4.88619,-3.11121,6.91845,78.9282,-14.3187,66.3159,-62.532,-38.0934,0.402849,-0.714253,-23.6963,15.0401,-2.52273,5.46978,-23.7346,-50.2332,84.6701,-62.5149,87.035,0,-8.17531,-15.8376,11.3432,-20.1072,-3.08947,56.0476,-40.502,41.131,11.0314,-39.4697,-94.3762,115.002,52.3181,25.0876,16.1088,-20.3992,-19.2919,11.6886,-6.48305,-12.9761,12.7307,8.65611,2.85692,-2.61043,0.301073,-0.279216,-0.134372,-0.0156668,6.50532,1.36394,0.492451,-4.79444,9.74942,-0.262745,-7.75182,-8.58151,0.550799,-0.161114,0.603014,-5.83951,-1.98906,-0.0435409,0,3051,-5.55112e-17,-8.32667e-17,-8.32667e-17,-3.33067e-16,-9.67879e-12,-7.0179e-12,-3.55707e-12,9.71445e-17,1.04083e-16,-5.55112e-17,0,-0.755443,-0.232789,0.291755,-0.0223781,3.14159,2.02644,-0.145058,3.07364,-0.6631,-0.392699,4.30511,-0.0433179,3.25793,-0.447811,0.523599,0,0,0,0.842077,-0.0464694,-0.755443,0.291755,2.90975,2.02644,3.07364,-0.591554,4.30511,3.25792,0.639937,0.0340936,-3.85812,2.33763,-2.51674e-05,1.21892,1.73122,0.571384,-0.522085,0.123174,0.0561341,0.0147295,1.00244,-62.0273,95.2002,124.668,-20.7333,-82.9829,99.69,71.7884,-83.5195,-2.01927
3.42,-5.83766,-2.03146,0.862259,1.13707,-0.0121735,1.9699,-0.72212,0.921224,0.315598,1.45544,2.93169,-1.25071e+06,2.05994,-3.2,3.10456,-1.10871,-0.568148,-4.30368,4.33944,-3.45241,3.29184,-0.13575,0.665621,-4.77697,-1.94246,-7.08729,-0.344937,-7.08411,-3.75063,-4.23777,-2.05094,-6.62073,-0.636182,-6.65446,-3.40726,1.44672,0.472703,-0.826193,1.11038,-0.0424403,1.09077,-0.0462905,0.0734957,-0.756237,-2.29202,0.290961,-3.21019,2.90895,-0.69585,2.02582,-0.702064,3.07302,-3.26055,-0.592171,-1.97279,4.30533,-0.156123,3.25813,-2.24552,0.640141,-0.193687,2.23239,4.82067,-3.0693,6.84277,79.4692,-14.194,65.904,-62.2917,-37.2378,0.380682,-0.639229,-23.6061,14.9648,-2.66723,5.40474,-23.5255,-49.9666,83.8056,-62.0466,86.1864,0,-8.15199,-15.6399,11.3221,-19.8838,-3.03799,55.6319,-40.3062,40.7874,10.8432,-43.6677,-93.8502,114.186,53.0181,27.245,16.1409,-20.322,-19.5389,11.7162,-6.91697,-12.9339,12.6733,8.7778,2.86316,-2.61608,0.29918,-0.416359,-0.203178,-0.0598107,6.42063,1.30931,0.875562,-4.64313,9.8572,-0.308999,-8.00834,-8.73426,0.549205,-0.158763,0.605703,-5.8391,-1.98904,-0.0424403,0,3053,5.55112e-17,5.55112e-17,8.32667e-17,-4.996e-16,-5.72078e-12,-6.34803e-12,8.93174e-13,2.77556e-17,3.81639e-17,-2.22045e-16,0,-0.756237,-0.231502,0.29096,-0.0223212,3.14159,2.02582,-0.140412,3.07302,-0.652109,-0.392699,4.30533,-0.0312312,3.25813,-0.449105,0.523599,0,0,0,0.83647,-0.0462905,-0.756237,0.290961,2.90895,2.02582,3.07302,-0.592171,4.30533,3.25813,0.640141,0.034117,-3.9077,2.3432,-8.30444e-06,1.17641,1.75556,0.572631,-0.523217,0.285361,0.0561402,0.0147315,1.00238,-58.6537,94.5468,123.811,-24.599,-78.9171,96.3786,71.4056,-84.9976,-2.79189
3.44,-5.83714,-2.03019,0.851446,1.13177,-0.0119157,1.96795,-0.722694,0.918721,0.315173,1.45381,2.93132,-1.25071e+06,2.05935,-3.1923,3.10415,-1.10741,-0.568562,-4.30979,4.33822,-3.45625,3.29099,-0.139632,0.664383,-4.77639,-1.94048,-7.08696,-0.343596,-7.08365,-3.74906,-4.23725,-2.04925,-6.62057,-0.635115,-6.65359,-3.4062,1.44417,0.480415,-0.829643,1.09181,-0.0411901,1.08947,-0.0460678,0.0537416,-0.756846,-2.25944,0.290352,-3.1834,2.90835,-0.649953,2.0252,-0.654905,3.07239,-3.20566,-0.592796,-2.03582,4.30407,-0.0641494,3.25687,-2.2501,0.638887,-0.189174,2.1916,4.72262,-3.00899,6.73049,80.1798,-14.044,65.4184,-62.0349,-35.75,0.32921,-0.444638,-23.5109,14.8684,-2.52995,5.31579,-23.2347,-49.546,82.8584,-61.4726,84.913,0,-8.17211,-15.5976,11.3551,-19.5705,-2.98658,55.361,-40.1126,40.2594,10.6553,-50.0749,-92.7777,112.57,53.8844,30.6424,16.2045,-20.2191,-19.9168,11.7546,-7.54994,-12.7825,12.4811,8.90735,2.87247,-2.62771,0.296423,-0.54068,-0.264822,-0.0975271,6.29451,1.22786,1.18927,-4.28766,9.92184,-0.305514,-8.26138,-8.92993,0.547265,-0.156534,0.609595,-5.83847,-1.98902,-0.0411901,0,3056,-2.77556e-17,-2.77556e-17,-1.11022e-16,1.66533e-16,8.50815e-12,7.07991e-12,1.71538e-12,5.55112e-17,5.95227e-17,2.77556e-17,0,-0.756846,-0.228282,0.290354,-0.022238,3.14159,2.0252,-0.130983,3.0724,-0.641133,-0.392699,4.30407,-0.0128497,3.25688,-0.45002,0.523599,0,0,0,0.828107,-0.0460678,-0.756846,0.290352,2.90835,2.0252,3.07239,-0.592796,4.30407,3.25687,0.638887,0.0341521,-3.98309,2.35083,-2.38554e-05,1.20636,1.78147,0.574494,-0.525541,0.419192,0.0561494,0.0147346,1.00231,-55.0449,93.0179,122.8,-27.0889,-75.853,93.2227,74.5576,-88.0374,-2.98667
3.46,-5.83638,-2.02859,0.837436,1.12484,-0.0115488,1.96511,-0.723198,0.915042,0.314895,1.45155,2.93106,-1.25071e+06,2.0594,-3.17825,3.10447,-1.10723,-0.568345,-4.3179,4.33722,-3.46206,3.29028,-0.147667,0.663455,-4.77557,-1.93802,-7.08672,-0.342309,-7.08272,-3.74734,-4.23649,-2.04707,-6.62032,-0.633807,-6.65233,-3.4049,1.44047,0.494562,-0.835232,1.06819,-0.0396209,1.0877,-0.0457476,0.0392436,-0.757397,-2.20986,0.289801,-3.15013,2.9078,-0.604595,2.0252,-0.588503,3.0724,-3.14693,-0.592795,-1.99721,4.30302,0.00725447,3.25582,-2.23779,0.637855,-0.183544,2.14072,4.59928,-2.93369,6.58872,80.5137,-13.8796,64.9014,-61.7911,-33.9776,0.253591,-0.150636,-23.4215,14.768,-2.00734,5.20785,-22.8809,-49.0253,81.8276,-60.802,83.25,0,-8.23176,-15.7048,11.4601,-19.2079,-2.93084,55.1662,-39.9068,39.5336,10.4567,-51.914,-91.2472,110.472,54.5233,31.6556,16.1651,-20.0077,-20.2011,11.6996,-7.58901,-12.5735,12.2414,9.00174,2.85894,-2.61787,0.292949,-0.700485,-0.346444,-0.141707,6.1092,1.11514,1.56638,-3.5827,9.93064,-0.405343,-8.6017,-9.33368,0.544936,-0.154002,0.608373,-5.83764,-1.98899,-0.0396209,0,3060,2.77556e-17,5.55112e-17,8.32667e-17,-4.996e-16,-7.96709e-12,-6.72555e-12,-1.34129e-12,2.498e-16,2.48065e-16,3.05311e-16,0,-0.757397,-0.223387,0.289804,-0.0221406,3.14159,2.0252,-0.117699,3.0724,-0.629386,-0.392699,4.30302,0.00141157,3.25585,-0.447557,0.523599,0,0,0,0.817247,-0.0457476,-0.757397,0.289801,2.9078,2.0252,3.0724,-0.592795,4.30302,3.25582,0.637855,0.0341989,-4.0397,2.33976,-4.58485e-05,1.08617,1.80035,0.571789,-0.523573,0.609754,0.0561617,0.0147387,1.00223,-50.4713,90.7895,121.339,-29.4502,-72.5339,89.0903,70.3394,-88.6416,-3.80622
3.48,-5.8355,-2.02675,0.819965,1.11632,-0.0111956,1.96151,-0.72374,0.910579,0.314663,1.44872,2.93082,-1.25071e+06,2.05957,-3.15894,3.10499,-1.10753,-0.567992,-4.32723,4.33544,-3.46815,3.28895,-0.156339,0.661704,-4.77462,-1.93532,-7.08638,-0.340821,-7.08197,-3.74501,-4.2356,-2.04466,-6.61993,-0.632236,-6.65096,-3.40334,1.43602,0.514042,-0.840906,1.03843,-0.0378046,1.08439,-0.0454412,0.0193745,-0.757985,-2.1411,0.289212,-3.10602,2.90721,-0.564556,2.02533,-0.500693,3.07253,-3.08291,-0.592665,-2.01025,4.30119,0.118214,3.25399,-2.22997,0.636018,-0.176609,2.07818,4.44246,-2.84188,6.4095,80.9922,-13.6949,64.294,-61.5016,-31.5845,0.152926,0.250862,-23.3148,14.6378,-1.26761,5.07977,-22.4436,-48.3327,80.7138,-60.0628,81.1366,0,-8.34498,-15.9722,11.6346,-18.7566,-2.86994,55.0839,-39.7258,38.6023,10.2406,-57.4539,-89.4027,107.77,55.5319,34.6447,16.1676,-19.7636,-20.6624,11.6781,-8.02489,-12.3118,11.9211,9.14731,2.85362,-2.61748,0.288624,-0.873547,-0.42622,-0.180099,5.88462,0.973184,2.01628,-2.60861,9.91605,-0.466378,-8.9955,-9.76979,0.541785,-0.151269,0.609294,-5.83681,-1.98896,-0.0378046,0,3064,0,2.77556e-17,2.77556e-17,4.44089e-16,9.36094e-12,9.35527e-12,-6.06237e-13,1.40513e-16,1.43982e-16,8.32667e-17,0,-0.757985,-0.216604,0.289214,-0.0220115,3.14159,2.02533,-0.10014,3.07253,-0.616581,-0.392699,4.30119,0.0236121,3.25401,-0.445995,0.523599,0,0,0,0.80319,-0.0454412,-0.757985,0.289212,2.90721,2.02533,3.07253,-0.592665,4.30119,3.25399,0.636018,0.0342456,-4.1321,2.3355,-3.41899e-05,1.00989,1.82946,0.570725,-0.523497,0.813793,0.056174,0.0147428,1.00212,-45.683,87.7207,119.825,-32.2178,-68.6576,84.0494,69.5091,-91.0503,-4.36361
3.5,-5.83451,-2.02469,0.798924,1.10627,-0.0108559,1.95723,-0.724321,0.905474,0.314457,1.44538,2.93058,-1.25071e+06,2.05986,-3.13427,3.10572,-1.1079,-0.56751,-4.33838,4.33343,-3.47557,3.28743,-0.168016,0.659771,-4.77356,-1.93241,-7.08596,-0.339171,-7.0812,-3.74236,-4.2346,-2.04206,-6.61942,-0.63045,-6.6495,-3.40157,1.43094,0.538957,-0.847913,1.00254,-0.035787,1.08049,-0.04516,-0.00636692,-0.758625,-2.05699,0.288572,-3.0526,2.90657,-0.522589,2.02556,-0.391992,3.07276,-3.01243,-0.592432,-1.98662,4.29913,0.237953,3.25193,-2.21461,0.633951,-0.168497,2.00508,4.26002,-2.73537,6.1991,81.7188,-13.4816,63.5875,-61.1758,-28.6773,0.0339233,0.73404,-23.1948,14.481,-0.417114,4.93197,-21.9312,-47.4925,79.7406,-59.3677,78.6621,0,-8.55561,-16.4545,11.9214,-18.2384,-2.8028,55.2718,-39.6631,37.512,10.0032,-62.0164,-87.2213,104.6,56.6558,37.1764,16.1427,-19.454,-21.1811,11.6185,-8.2916,-12.0048,11.5498,9.30849,2.83897,-2.60904,0.283486,-1.05208,-0.502549,-0.213929,5.6278,0.805674,2.52429,-1.3605,9.89768,-0.557647,-9.46681,-10.3564,0.537621,-0.148189,0.608237,-5.83577,-1.98893,-0.035787,0,3069,-5.55112e-17,-8.32667e-17,-1.11022e-16,1.11022e-16,3.23929e-12,2.51016e-12,6.80539e-13,5.94143e-17,6.41848e-17,-8.32667e-17,0,-0.758625,-0.208307,0.288575,-0.0218557,3.14159,2.02556,-0.0784004,3.07276,-0.602486,-0.392699,4.29913,0.0475637,3.25195,-0.442921,0.523599,0,0,0,0.785661,-0.04516,-0.758625,0.288572,2.90657,2.02556,3.07276,-0.592432,4.29913,3.25193,0.633951,0.0343041,-4.23589,2.3236,-2.8589e-05,0.879148,1.8617,0.567793,-0.521808,1.03346,0.0561893,0.014748,1.00201,-40.7501,83.9912,118.3,-35.5626,-64.2165,78.182,66.5793,-93.1319,-5.04641
3.52,-5.83342,-2.0224,0.773886,1.09454,-0.0105072,1.95227,-0.725018,0.89963,0.31419,1.44155,2.93026,-1.25071e+06,2.06033,-3.10249,3.10671,-1.10868,-0.566849,-4.3514,4.33116,-3.48426,3.28573,-0.18163,0.65758,-4.77239,-1.92918,-7.08549,-0.337371,-7.0804,-3.73937,-4.23351,-2.03921,-6.61881,-0.628431,-6.64793,-3.39956,1.42515,0.571068,-0.856111,0.960956,-0.0335334,1.07675,-0.0448814,-0.0310608,-0.759392,-1.96032,0.287806,-2.99379,2.9058,-0.477258,2.02596,-0.262472,3.07316,-2.93844,-0.592033,-1.95812,4.29679,0.378666,3.24959,-2.19773,0.631605,-0.159452,1.92358,4.06016,-2.61734,5.96496,82.3547,-13.2452,62.8119,-60.8468,-25.5335,-0.0976008,1.27673,-23.0726,14.3118,0.606348,4.76993,-21.3684,-46.5644,79.236,-58.888,75.9287,0,-8.93369,-17.2682,12.3857,-17.6813,-2.73212,55.9805,-39.859,36.3157,9.75452,-67.3802,-84.8647,101.118,58.1105,40.1959,16.1331,-19.1151,-21.8417,11.5529,-8.61038,-11.6767,11.1473,9.52028,2.82275,-2.59984,0.277648,-1.25189,-0.58647,-0.248319,5.33435,0.613144,3.10308,0.252198,9.85869,-0.650912,-10.015,-11.043,0.532842,-0.144866,0.606727,-5.83452,-1.98889,-0.0335334,0,3075,2.77556e-17,8.32667e-17,1.11022e-16,-4.996e-16,1.32306e-12,6.56015e-13,7.28029e-13,1.14492e-16,1.14492e-16,1.11022e-16,0,-0.759392,-0.198779,0.287807,-0.0216854,3.14159,2.02596,-0.0524953,3.07316,-0.587688,-0.392699,4.29679,0.0757136,3.2496,-0.439546,0.523599,0,0,0,0.764549,-0.0448814,-0.759392,0.287806,2.9058,2.02596,3.07316,-0.592033,4.29679,3.24959,0.631605,0.0343743,-4.36809,2.31051,-1.97573e-05,0.730311,1.90406,0.56455,-0.519969,1.27165,0.0562078,0.0147541,1.00188,-35.4641,79.771,116.672,-40.0759,-58.6509,71.0048,63.6565,-95.7284,-5.75656
3.54,-5.83235,-2.02012,0.745665,1.08155,-0.0101898,1.94679,-0.725737,0.893467,0.313943,1.4373,2.92995,-1.25071e+06,2.06081,-3.06563,3.1078,-1.10993,-0.566189,-4.36569,4.32883,-3.4939,3.28404,-0.196805,0.655346,-4.77124,-1.926,-7.085,-0.335559,-7.07969,-3.73633,-4.23243,-2.03642,-6.61819,-0.626397,-6.64643,-3.39753,1.41905,0.608354,-0.865205,0.913691,-0.0312876,1.07314,-0.0446226,-0.0659943,-0.76017,-1.85296,0.287027,-2.92595,2.90502,-0.434047,2.02638,-0.109897,3.07358,-2.86563,-0.591614,-1.9137,4.2944,0.535973,3.2472,-2.17775,0.629213,-0.14961,1.83512,3.84537,-2.48998,5.70933,83.5689,-12.9828,61.9361,-60.4867,-21.9219,-0.238188,1.8671,-22.9388,14.1132,1.52101,4.59299,-20.7428,-45.494,79.661,-58.8779,73.0015,0,-9.59827,-18.6168,13.1271,-17.0981,-2.66266,57.6069,-40.5335,35.0598,9.50957,-72.9751,-82.4128,97.4061,59.9315,43.3949,16.1374,-18.7455,-22.6494,11.4721,-8.9153,-11.3414,10.7279,9.78894,2.80296,-2.58726,0.271172,-1.41105,-0.649428,-0.273641,5.02496,0.400706,3.55284,2.119,9.79642,-0.714723,-10.6135,-11.8038,0.526903,-0.14158,0.60437,-5.83348,-1.98885,-0.0312876,0,3080,-2.77556e-17,-2.77556e-17,-2.77556e-17,4.44089e-16,-1.2282e-11,-1.25767e-11,2.82779e-12,3.22659e-16,3.19189e-16,2.498e-16,0,-0.76017,-0.188197,0.28703,-0.0214883,3.14159,2.02638,-0.0219799,3.07358,-0.573126,-0.392699,4.2944,0.107182,3.24721,-0.43555,0.523599,0,0,0,0.739453,-0.0446226,-0.76017,0.287027,2.90502,2.02638,3.07358,-0.591614,4.2944,3.2472,0.629213,0.0344328,-4.52974,2.29438,-1.16846e-05,0.636871,1.95779,0.560591,-0.517452,1.45063,0.0562231,0.0147593,1.00176,-30.4889,75.0613,115.223,-44.5174,-53.1393,63.5555,62.734,-99.3648,-6.20585
3.56,-5.8313,-2.01782,0.714602,1.0675,-0.00989485,1.94107,-0.726768,0.887115,0.313416,1.43287,2.92932,-1.25071e+06,2.06124,-3.02333,3.1089,-1.11178,-0.565604,-4.38124,4.32673,-3.50487,3.2826,-0.213564,0.653357,-4.77007,-1.92268,-7.08449,-0.333688,-7.07895,-3.73336,-4.23138,-2.03365,-6.61755,-0.624327,-6.64497,-3.39547,1.41281,0.651174,-0.875619,0.862957,-0.0290236,1.06991,-0.0443978,-0.0881132,-0.761271,-1.73757,0.285927,-2.85747,2.90393,-0.394571,2.02674,0.0586986,3.07394,-2.79761,-0.591257,-1.84535,4.29222,0.698315,3.24503,-2.15471,0.627039,-0.139593,1.74511,3.62817,-2.36109,5.44648,84.0693,-12.7274,61.0748,-60.176,-18.5294,-0.38198,2.48186,-22.8235,13.9264,2.68951,4.41645,-20.1072,-44.4124,81.6156,-59.691,70.0906,0,-10.697,-20.7156,14.2652,-16.5405,-2.59783,60.6121,-41.9693,33.8584,9.28045,-77.9684,-80.0489,93.7006,62.0782,46.3099,16.1583,-18.3647,-23.5761,11.3719,-9.13048,-11.0282,10.3234,10.1118,2.77842,-2.56964,0.264421,-1.55316,-0.702441,-0.286137,4.70615,0.178869,3.92359,4.2555,9.70396,-0.777429,-11.2669,-12.6433,0.520752,-0.138357,0.600232,-5.83223,-1.98881,-0.0290236,0,3086,-2.77556e-17,0,0,4.996e-16,-2.88538e-12,-2.27714e-12,-3.80113e-14,-1.2837e-16,-1.249e-16,-2.22045e-16,0,-0.761271,-0.176825,0.285932,-0.0212946,3.14159,2.02674,0.0117432,3.07393,-0.559522,-0.392699,4.29222,0.139648,3.24503,-0.430941,0.523599,0,0,0,0.711162,-0.0443978,-0.761271,0.285927,2.90393,2.02674,3.07394,-0.591257,4.29222,3.24503,0.627039,0.034503,-4.71504,2.27434,-1.35645e-05,0.541029,2.02235,0.555684,-0.513927,1.61018,0.0562415,0.0147654,1.00163,-26.1802,70.0997,113.97,-50.6951,-46.0516,54.7764,61.5329,-103.12,-6.67658
3.58,-5.83034,-2.0159,0.683293,1.05372,-0.00973293,1.93621,-0.728768,0.881879,0.311935,1.42896,2.92763,-1.25071e+06,2.06083,-2.98298,3.10922,-1.11307,-0.565878,-4.39646,4.32472,-3.51568,3.28132,-0.230208,0.651438,-4.76888,-1.91942,-7.08363,-0.33171,-7.07845,-3.73069,-4.23041,-2.03148,-6.61681,-0.622542,-6.64379,-3.39369,1.40777,0.692112,-0.885804,0.809963,-0.0271452,1.06695,-0.0442944,-0.0730702,-0.763329,-1.61695,0.283868,-2.79559,2.90186,-0.364764,2.02627,0.240341,3.07346,-2.73764,-0.591729,-1.78236,4.29016,0.872663,3.24297,-2.13293,0.624952,-0.12972,1.65657,3.41437,-2.23521,5.18359,82.4198,-12.5012,60.292,-59.9614,-16.0414,-0.522255,3.0908,-22.7389,13.7858,4.46903,4.25053,-19.4932,-43.426,86.2142,-61.9628,67.4501,0,-12.5274,-24.012,16.0334,-16.0632,-2.54266,65.9405,-44.7022,32.8928,9.07058,-83.9362,-77.9221,90.1241,64.6956,49.764,16.2358,-18.0059,-24.6844,11.2775,-9.45587,-10.7547,9.94467,10.5101,2.75537,-2.55303,0.257612,-1.56543,-0.688803,-0.243126,4.44587,-0.0164387,3.91643,6.25218,9.63146,-0.760877,-11.9078,-13.4767,0.515962,-0.135536,0.595938,-5.83119,-1.98877,-0.0271452,0,3091,2.77556e-17,2.77556e-17,2.77556e-17,3.88578e-16,-1.33034e-11,-1.40539e-11,5.66444e-12,3.26128e-16,3.26128e-16,0,0,-0.763329,-0.164959,0.283871,-0.0211311,3.14159,2.02627,0.0480708,3.07346,-0.547528,-0.392699,4.29016,0.174574,3.24295,-0.426585,0.523599,0,0,0,0.68004,-0.0442944,-0.763329,0.283868,2.90186,2.02627,3.07346,-0.591729,4.29016,3.24297,0.624952,0.0345615,-4.93737,2.25562,3.4869e-05,0.639578,2.10203,0.551074,-0.510607,1.61893,0.0562569,0.0147706,1.00153,-25.2631,64.9634,113.776,-56.2699,-39.775,46.9824,66.2905,-109.108,-6.40082
3.6,-5.8294,-2.01445,0.654231,1.04133,-0.00967222,1.93174,-0.729677,0.877745,0.311408,1.42521,2.9271,-1.25071e+06,2.06022,-2.94378,3.10935,-1.11521,-0.56643,-4.41075,4.32339,-3.52652,3.28061,-0.246854,0.650242,-4.76784,-1.91738,-7.0826,-0.330017,-7.07787,-3.72871,-4.22948,-2.02992,-6.61596,-0.621136,-6.64277,-3.39229,1.40365,0.731996,-0.89615,0.759229,-0.0257252,1.06543,-0.0442806,-0.160146,-0.764285,-1.52795,0.282912,-2.72664,2.90091,-0.351297,2.02561,0.42474,3.07281,-2.70052,-0.592389,-1.67576,4.28878,1.02548,3.24159,-2.10738,0.623583,-0.120839,1.57704,3.22501,-2.12282,4.94568,86.7805,-12.2105,59.1886,-59.4375,-11.7501,-0.623623,3.53582,-22.535,13.4973,4.04301,4.09766,-18.9165,-42.3127,94.9067,-66.3982,65.4117,0,-15.4811,-29.1316,18.7325,-15.7873,-2.50982,74.8188,-49.3238,32.3319,8.9354,-87.0461,-76.222,87.0751,67.4419,51.7307,16.3436,-17.7011,-25.8115,11.1541,-9.46275,-10.5525,9.64315,10.9372,2.72518,-2.52814,0.251342,-1.45311,-0.619463,-0.223321,4.24163,-0.210721,3.55563,8.18163,9.51374,-0.714252,-12.5163,-14.3096,0.50446,-0.133589,0.588668,-5.83036,-1.98874,-0.0257252,0,3095,2.77556e-17,-2.77556e-17,0,3.88578e-16,1.38988e-11,1.44035e-11,-6.74946e-12,1.38778e-17,1.38778e-17,-1.94289e-16,0,-0.764285,-0.156211,0.282911,-0.0208967,3.14159,2.02561,0.0849563,3.0728,-0.540103,-0.392699,4.28878,0.205117,3.24158,-0.421476,0.523599,0,0,0,0.648685,-0.0442806,-0.764285,0.282912,2.90091,2.02561,3.07281,-0.592389,4.28878,3.24159,0.623583,0.0346083,-5.16255,2.23088,1.68616e-05,0.87243,2.18745,0.545035,-0.505628,1.49356,0.0562692,0.0147747,1.00145,-23.6417,60.5401,114.074,-60.4029,-35.1428,40.501,73.0059,-115.428,-5.74457
3.62,-5.82868,-2.01347,0.62945,1.03087,-0.00955605,1.92761,-0.729731,0.874026,0.311673,1.42234,2.92732,-1.25071e+06,2.05995,-2.90678,3.10981,-1.12005,-0.566764,-4.42252,4.3224,-3.53542,3.28021,-0.259953,0.649343,-4.76711,-1.91618,-7.08197,-0.329006,-7.07733,-3.7274,-4.22876,-2.02876,-6.61541,-0.620248,-6.64189,-3.3914,1.39997,0.76979,-0.904557,0.714263,-0.0247706,1.06594,-0.0442112,-0.260276,-0.764386,-1.4537,0.282811,-2.68326,2.9008,-0.361387,2.02529,0.604573,3.07249,-2.69748,-0.592701,-1.58852,4.28774,1.16865,3.24054,-2.08818,0.622543,-0.113445,1.51086,3.0712,-2.02936,4.7475,92.1997,-11.9525,58.2078,-58.9884,-7.55939,-0.707501,3.90992,-22.3603,13.2211,3.53264,3.99757,-18.5643,-41.5733,109.524,-73.7873,64.1988,0,-20.0875,-36.9327,22.7277,-15.7991,-2.50919,88.8783,-56.5279,32.3003,8.9158,-90.7026,-75.0537,84.6894,70.4034,53.954,16.5175,-17.4934,-27.0067,11.0613,-9.58416,-10.4263,9.41946,11.4024,2.7025,-2.50936,0.246005,-1.23905,-0.523059,-0.206462,4.05786,-0.383914,2.91143,10.0182,9.25979,-0.588913,-13.0111,-14.9645,0.492592,-0.133131,0.581998,-5.82953,-1.98871,-0.0247706,0,3099,5.55112e-17,2.77556e-17,2.77556e-17,-1.11022e-16,9.46482e-13,6.01762e-13,-1.04458e-13,4.02456e-16,3.46945e-16,1.38778e-16,0,-0.764386,-0.148912,0.282806,-0.0206865,3.14159,2.02529,0.120917,3.07249,-0.539497,-0.392699,4.28774,0.233748,3.24054,-0.417636,0.523599,0,0,0,0.619576,-0.0442112,-0.764386,0.282811,2.9008,2.02529,3.07249,-0.592701,4.28774,3.24054,0.622543,0.0346552,-5.40155,2.2123,1.33605e-05,1.36474,2.28048,0.5405,-0.501873,1.21501,0.0562815,0.0147788,1.00139,-22.1893,56.6293,114.522,-60.8423,-33.8794,36.2383,86.5564,-123.688,-4.3262
3.64,-5.82818,-2.01274,0.608998,1.02206,-0.00938219,1.92404,-0.729932,0.870601,0.311767,1.41931,2.92737,-1.25071e+06,2.05973,-2.87372,3.11026,-1.12727,-0.567175,-4.43198,4.32183,-3.54299,3.2801,-0.270744,0.648859,-4.76658,-1.91507,-7.08164,-0.328309,-7.07678,-3.72656,-4.22825,-2.02775,-6.61514,-0.619655,-6.64114,-3.39081,1.39659,0.803716,-0.911754,0.677404,-0.0240589,1.06689,-0.0440608,-0.304243,-0.764611,-1.3845,0.282587,-2.63171,2.90057,-0.40198,2.02505,0.769331,3.07225,-2.72464,-0.592945,-1.49597,4.28715,1.27876,3.23996,-2.07018,0.621948,-0.107712,1.45961,2.95138,-1.95683,4.59073,94.6028,-11.7911,57.5907,-58.8064,-4.9337,-0.782671,4.24658,-22.2781,13.058,3.40935,3.89211,-18.1515,-40.7405,131.549,-84.7083,63.9596,0,-26.754,-48.1048,28.2613,-16.1451,-2.53909,109.392,-66.7792,32.9034,8.9904,-92.3791,-74.2795,82.8791,73.0353,55.1027,16.6881,-17.3408,-28.0527,10.9702,-9.52513,-10.3532,9.25847,11.8194,2.68029,-2.48998,0.241792,-1.0226,-0.440493,-0.178678,3.89302,-0.529566,2.30028,11.6604,8.87557,-0.473039,-13.4179,-15.503,0.484542,-0.134153,0.574835,-5.82911,-1.9887,-0.0240589,0,3101,-5.55112e-17,-2.77556e-17,0,0,-9.26368e-12,-8.96645e-12,5.13758e-12,-1.38778e-17,-1.38778e-17,-1.11022e-16,0,-0.764611,-0.142131,0.282581,-0.0205467,3.14159,2.02505,0.153875,3.07225,-0.544928,-0.392699,4.28715,0.255784,3.23994,-0.414037,0.523599,0,0,0,0.594771,-0.0440608,-0.764611,0.282587,2.90057,2.02505,3.07225,-0.592945,4.28715,3.23996,0.621948,0.0346786,-5.61091,2.19412,2.33218e-05,1.87287,2.36388,0.536058,-0.497997,0.920773,0.0562876,0.0147809,1.00135,-21.6687,53.2509,114.536,-60.8572,-32.684,31.9999,99.3849,-130.975,-2.95275
3.66,-5.82781,-2.0125,0.594669,1.0154,-0.00909407,1.92122,-0.730014,0.867953,0.311927,1.41696,2.92747,-1.25071e+06,2.05961,-2.84886,3.11077,-1.13756,-0.56762,-4.43854,4.32206,-3.54899,3.28063,-0.278453,0.649168,-4.7662,-1.91432,-7.08164,-0.328239,-7.07594,-3.72665,-4.22788,-2.02705,-6.61518,-0.619641,-6.64038,-3.39081,1.394,0.829521,-0.917523,0.647914,-0.0238317,1.06718,-0.0437961,-0.33428,-0.764716,-1.32739,0.282481,-2.59382,2.90047,-0.480489,2.02491,0.922229,3.07211,-2.78583,-0.593089,-1.38974,4.28736,1.35127,3.24017,-2.05149,0.622151,-0.103341,1.42057,2.8564,-1.90118,4.46578,96.2544,-11.6875,57.1514,-58.6985,-2.95596,-0.843389,4.51498,-22.2107,12.9301,3.42056,3.81971,-17.8571,-40.0975,163.765,-100.157,64.7339,0,-36.2236,-64.0373,35.8274,-16.8741,-2.59983,139.063,-81.0789,34.273,9.18618,-91.3257,-73.8188,81.5471,75.1947,54.7571,16.8259,-17.2133,-28.8667,10.868,-9.19472,-10.3274,9.15668,12.17,2.65559,-2.46624,0.238535,-0.71645,-0.333441,-0.141055,3.77341,-0.641515,1.57146,12.8972,8.34773,-0.327574,-13.706,-15.8801,0.478143,-0.136853,0.567351,-5.8287,-1.98868,-0.0238317,0,3103,2.77556e-17,0,-2.77556e-17,4.44089e-16,-1.09365e-11,-1.1014e-11,7.06656e-12,2.91434e-16,2.63678e-16,-5.55112e-17,0,-0.764716,-0.13657,0.282475,-0.0204491,3.14159,2.02491,0.184457,3.0721,-0.557167,-0.392699,4.28736,0.270302,3.24014,-0.410298,0.523599,0,0,0,0.574296,-0.0437961,-0.764716,0.282481,2.90047,2.02491,3.07211,-0.593089,4.28736,3.24017,0.622151,0.034702,-5.77392,2.17371,3.49099e-05,2.53183,2.43401,0.531117,-0.493249,0.501377,0.0562938,0.0147829,1.00134,-22.1106,50.4068,114.759,-50.1394,-41.0086,34.2246,114.878,-138.28,-1.21967
3.68,-5.8276,-2.01287,0.588562,1.01144,-0.00864482,1.91936,-0.730017,0.866302,0.312116,1.4156,2.92757,-1.25071e+06,2.05968,-2.83666,3.11137,-1.15007,-0.567997,-4.4407,4.32282,-3.55124,3.28156,-0.27999,0.649978,-4.76599,-1.91397,-7.08208,-0.328999,-7.07486,-3.72771,-4.22766,-2.0267,-6.61559,-0.620367,-6.63955,-3.39154,1.39244,0.842712,-0.91966,0.627741,-0.0242103,1.06586,-0.0433585,-0.349892,-0.76473,-1.28205,0.282467,-2.57278,2.90046,-0.600182,2.02497,1.05478,3.07216,-2.8779,-0.593029,-1.31751,4.28811,1.39416,3.24091,-2.03741,0.622897,-0.100457,1.39489,2.78722,-1.86376,4.3755,97.0325,-11.6483,56.9072,-58.6438,-1.61253,-0.89361,4.73032,-22.1703,12.8426,3.68618,3.78608,-17.7052,-39.7208,203.784,-118.357,66.3075,0,-47.6274,-83.6414,44.5935,-17.8806,-2.68962,175.666,-97.7709,36.1811,9.4872,-90.3997,-73.598,80.6235,76.7299,54.3197,16.9132,-17.0991,-29.405,10.7925,-8.95623,-10.3258,9.09067,12.4196,2.63829,-2.44729,0.236371,-0.305354,-0.197867,-0.0927431,3.70047,-0.71419,0.714345,13.511,7.70976,-0.108021,-13.7811,-15.9198,0.472891,-0.140951,0.560851,-5.82849,-1.98868,-0.0242103,0,3104,5.55112e-17,1.11022e-16,8.32667e-17,-1.66533e-16,-9.38032e-12,-9.75946e-12,6.66833e-12,9.71445e-17,1.11022e-16,1.11022e-16,0,-0.76473,-0.132146,0.282464,-0.0203819,3.14159,2.02497,0.210961,3.07216,-0.57558,-0.392699,4.28811,0.278872,3.24089,-0.407481,0.523599,0,0,0,0.559955,-0.0433585,-0.76473,0.282467,2.90046,2.02497,3.07216,-0.593029,4.28811,3.24091,0.622897,0.0347137,-5.8815,2.15859,2.87912e-05,3.44849,2.48392,0.527658,-0.489457,-0.0873958,0.0562969,0.014784,1.00136,-23.5449,48.0893,115.243,-13.6704,-72.6748,52.3233,137.276,-146.816,1.26014
3.7,-5.8275,-2.01373,0.591049,1.01022,-0.00804282,1.91835,-0.729814,0.865524,0.312429,1.41423,2.92789,-1.25071e+06,2.05958,-2.84062,3.11162,-1.16186,-0.568525,-4.43693,4.32281,-3.54677,3.28168,-0.272071,0.649962,-4.76589,-1.91398,-7.08278,-0.330286,-7.07391,-3.72906,-4.22755,-2.02659,-6.61632,-0.621696,-6.63861,-3.39289,1.39165,0.839524,-0.915059,0.619269,-0.0250683,1.06155,-0.0427682,-0.364382,-0.76454,-1.25535,0.282658,-2.54099,2.90065,-0.733851,2.02486,1.14066,3.07205,-2.97061,-0.593135,-1.35286,4.28809,1.42338,3.24089,-2.03894,0.622891,-0.0992707,1.38436,2.74527,-1.84705,4.32387,97.581,-11.6772,56.8502,-58.5758,-0.741953,-0.925926,4.8548,-22.1108,12.7685,3.4215,3.75631,-17.5243,-39.1871,233.171,-130.785,67.7035,0,-55.5607,-98.0965,50.508,-18.6736,-2.77825,202.553,-109.161,37.7426,9.79792,-94.2949,-73.3324,79.7875,77.3213,56.1414,16.9112,-16.9558,-29.6319,10.8019,-9.42805,-10.2952,8.99926,12.514,2.64072,-2.4494,0.235484,0.124356,-0.0609909,-0.0505647,3.67796,-0.75939,-0.138096,13.3079,7.11939,0.188075,-13.5578,-15.5193,0.467812,-0.144818,0.558347,-5.82828,-1.98867,-0.0250683,0,3105,0,0,0,5.55112e-17,-6.49723e-13,4.43895e-13,-5.83311e-13,6.93889e-17,6.93889e-17,-8.32667e-17,0,-0.76454,-0.129591,0.282655,-0.0203382,3.14159,2.02486,0.228124,3.07206,-0.594122,-0.392699,4.28809,0.284693,3.24088,-0.407787,0.523599,0,0,0,0.553836,-0.0427682,-0.76454,0.282658,2.90065,2.02486,3.07205,-0.593135,4.28809,3.24089,0.622891,0.0347254,-5.9266,2.16042,1.22134e-05,4.53429,2.5028,0.528145,-0.48988,-0.742952,0.0562999,0.014785,1.00141,-25.1725,46.5884,115.538,48.2491,-127.613,87.0353,166.569,-156.587,4.56426
3.72,-5.82745,-2.01489,0.600909,1.01187,-0.00756555,1.91766,-0.728287,0.865493,0.313951,1.41278,2.9296,-1.25071e+06,2.05913,-2.85709,3.1113,-1.17065,-0.569345,-4.42684,4.32047,-3.53402,3.2794,-0.258083,0.647562,-4.76601,-1.9152,-7.08327,-0.331615,-7.07399,-3.7296,-4.22749,-2.02699,-6.61694,-0.623236,-6.63791,-3.39444,1.39143,0.823553,-0.902181,0.622758,-0.0262326,1.05297,-0.042291,-0.46068,-0.763012,-1.25657,0.284186,-2.49926,2.90217,-0.881493,2.02441,1.17305,3.07161,-3.05352,-0.593586,-1.51067,4.28574,1.44316,3.23855,-2.0521,0.620561,-0.0997469,1.38873,2.72671,-1.85127,4.30811,102.615,-11.738,56.7953,-58.2498,1.42045,-0.93569,4.86732,-21.9327,12.5772,1.40374,3.75275,-17.4096,-38.4678,231.463,-128.542,67.5433,0,-54.3586,-97.7455,49.3697,-18.6087,-2.85984,200.883,-107.015,37.6648,10.0664,-103.241,-72.6354,78.6056,76.4881,60.5867,16.7723,-16.7304,-29.4708,10.9009,-10.5616,-10.1411,8.78611,12.3405,2.6649,-2.47705,0.235863,0.493018,0.0825369,-0.0344541,3.70336,-0.801612,-0.922418,12.462,6.66921,0.504671,-13.0374,-14.8193,0.458585,-0.14827,0.560619,-5.82828,-1.98867,-0.0262326,0,3105,2.77556e-17,2.77556e-17,2.77556e-17,-1.11022e-16,-1.47347e-11,-1.46486e-11,9.91429e-12,6.245e-17,4.16334e-17,0,0,-0.763012,-0.129842,0.28418,-0.0202516,3.14159,2.02441,0.234611,3.07161,-0.610703,-0.392699,4.28574,0.288609,3.23855,-0.410421,0.523599,0,0,0,0.556323,-0.042291,-0.763012,0.284186,2.90217,2.02441,3.07161,-0.593586,4.28574,3.23855,0.620561,0.0347254,-5.8939,2.18012,-1.57225e-05,5.49368,2.46811,0.53298,-0.49541,-1.27738,0.0562999,0.014785,1.00148,-25.8197,45.8369,115.908,109.32,-181.793,122.615,195.588,-165.184,8.19265
3.74,-5.82768,-2.01547,0.610821,1.01397,-0.00734308,1.91747,-0.727887,0.865399,0.314401,1.41215,2.93006,-1.25071e+06,2.05843,-2.87564,3.11044,-1.174,-0.570189,-4.41668,4.31765,-3.52314,3.27626,-0.253328,0.644796,-4.76628,-1.91565,-7.0836,-0.332047,-7.07485,-3.72914,-4.22772,-2.02722,-6.61748,-0.623997,-6.63783,-3.3952,1.39133,0.804989,-0.891678,0.63659,-0.0268091,1.04236,-0.0420451,-0.451028,-0.762589,-1.24451,0.284609,-2.47974,2.9026,-0.983997,2.02372,1.1365,3.07092,-3.08655,-0.594268,-1.5331,4.28295,1.36686,3.23575,-2.04091,0.617765,-0.101684,1.40615,2.73342,-1.87425,4.32916,101.558,-11.9293,57.2563,-58.3124,1.35914,-0.963932,4.96268,-21.9532,12.5847,1.50381,3.78037,-17.4035,-38.1848,201.561,-114.424,66.0175,0,-45.4554,-83.7734,42.5324,-17.7824,-2.89526,173.425,-93.9516,36.1292,10.1617,-98.52,-71.5788,77.4894,73.4529,58.3127,16.4096,-16.4368,-28.4839,10.8725,-9.99627,-9.90702,8.54557,11.8064,2.65794,-2.47687,0.237341,0.495605,0.105197,-0.00979233,3.70018,-0.810233,-1.13513,11.4993,6.48481,0.507834,-12.6347,-14.5823,0.45675,-0.149409,0.556778,-5.8287,-1.98868,-0.0268091,0,3103,-2.77556e-17,-2.77556e-17,-2.77556e-17,3.33067e-16,1.17795e-13,-1.60053e-12,1.61049e-12,2.77556e-16,2.91434e-16,1.38778e-16,0,-0.762589,-0.128654,0.28461,-0.0202431,3.14159,2.02372,0.227293,3.07092,-0.617311,-0.392699,4.28295,0.273348,3.23576,-0.408183,0.523599,0,0,0,0.566207,-0.0420451,-0.762589,0.284609,2.9026,2.02372,3.07092,-0.594268,4.28295,3.23575,0.617765,0.034702,-5.69649,2.17444,-1.73297e-05,5.2221,2.36129,0.531589,-0.495373,-1.20205,0.0562938,0.0147829,1.00151,-26.935,45.2718,115.809,109.081,-179.449,121.964,189.131,-160.367,8.53182
3.76,-5.82792,-2.01575,0.618525,1.01596,-0.00733744,1.91789,-0.728215,0.865828,0.314105,1.41255,2.92969,-1.25071e+06,2.05802,-2.89963,3.10966,-1.169,-0.5703,-4.41019,4.31653,-3.51848,3.27463,-0.256315,0.643808,-4.76649,-1.91573,-7.08373,-0.332133,-7.07546,-3.72893,-4.22797,-2.02749,-6.61773,-0.624274,-6.63807,-3.39548,1.39184,0.780328,-0.887659,0.650643,-0.0270733,1.03284,-0.0420277,-0.417929,-0.762905,-1.2366,0.284292,-2.48551,2.90229,-0.969836,2.02333,1.04657,3.07052,-3.02391,-0.594667,-1.42184,4.28184,1.2405,3.23464,-2.01284,0.616657,-0.103704,1.42422,2.74472,-1.89885,4.35593,99.1356,-12.1147,57.7194,-58.4055,0.659875,-0.983812,5.02378,-21.9889,12.6306,2.24071,3.83683,-17.5364,-38.275,171.763,-101.82,64.515,0,-37.0739,-69.4565,36.4425,-16.9733,-2.83648,146.23,-82.3588,34.6126,9.94755,-85.1308,-70.7942,76.8794,70.2155,51.4608,16.0293,-16.1938,-27.2975,10.7318,-8.41135,-9.74254,8.4072,11.269,2.62357,-2.44726,0.238863,0.385186,0.0993615,0.0210914,3.7213,-0.791772,-1.10015,10.2791,6.73129,0.324593,-12.4572,-14.7311,0.458343,-0.146352,0.549574,-5.82891,-1.98869,-0.0270733,0,3102,0,5.55112e-17,8.32667e-17,-3.88578e-16,4.21931e-12,3.38459e-12,-1.77183e-12,4.57967e-16,4.71845e-16,3.05311e-16,0,-0.762905,-0.127872,0.284294,-0.020267,3.14159,2.02333,0.209311,3.07052,-0.604783,-0.392699,4.28184,0.248083,3.23465,-0.402567,0.523599,0,0,0,0.576131,-0.0420277,-0.762905,0.284292,2.90229,2.02333,3.07052,-0.594667,4.28184,3.23464,0.616657,0.0346903,-5.4593,2.14632,-1.32744e-05,4.4379,2.25381,0.524715,-0.489453,-0.919921,0.0562907,0.0147819,1.00152,-28.6135,45.0107,116.162,89.0509,-160.315,112.051,165.336,-149.575,7.02643
3.78,-5.82808,-2.01552,0.621474,1.01646,-0.00736724,1.91806,-0.728771,0.865794,0.313542,1.41272,2.92911,-1.25071e+06,2.05755,-2.92871,3.1087,-1.15632,-0.57008,-4.40919,4.31771,-3.52079,3.27534,-0.261217,0.645096,-4.76659,-1.91525,-7.08372,-0.331671,-7.07527,-3.72919,-4.22813,-2.02731,-6.61785,-0.624024,-6.63827,-3.39523,1.39182,0.750066,-0.890546,0.661678,-0.0268408,1.02674,-0.0420458,-0.390434,-0.76345,-1.23818,0.283747,-2.49113,2.90174,-0.839386,2.02288,0.923973,3.07007,-2.87416,-0.595113,-1.28824,4.28304,1.12562,3.23584,-1.98948,0.617853,-0.105324,1.43867,2.75805,-1.91871,4.38168,97.1444,-12.2344,58.0085,-58.4363,-0.0798563,-0.988307,5.02582,-22.0093,12.6723,2.72303,3.87395,-17.6206,-38.3792,148.556,-92.8132,63.5472,0,-30.7465,-57.8571,32.0697,-16.4166,-2.69422,125.013,-74.0658,33.5897,9.44228,-72.7197,-70.6244,76.9892,68.0572,44.9216,15.7691,-16.0725,-26.3876,10.5888,-6.99494,-9.7178,8.4197,10.9414,2.58845,-2.41211,0.24007,0.14745,0.0248581,0.00851532,3.71535,-0.783541,-0.707989,8.8021,7.36307,0.0500377,-12.5137,-14.9813,0.46044,-0.139197,0.542899,-5.82911,-1.9887,-0.0268408,0,3101,-2.77556e-17,-2.77556e-17,0,3.33067e-16,-8.98257e-12,-7.03069e-12,3.32059e-12,1.31839e-16,1.249e-16,-2.77556e-17,0,-0.76345,-0.128007,0.283749,-0.0202874,3.14159,2.02288,0.184779,3.07008,-0.574832,-0.392699,4.28304,0.225104,3.23585,-0.397895,0.523599,0,0,0,0.583846,-0.0420458,-0.76345,0.283747,2.90174,2.02288,3.07007,-0.595113,4.28304,3.23584,0.617853,0.0346786,-5.27728,2.11771,-1.51652e-05,3.52644,2.18827,0.51769,-0.482423,-0.524517,0.0562876,0.0147809,1.00151,-28.0501,45.3686,115.932,55.6697,-129.746,95.8423,137.226,-138.118,4.29287
3.8,-5.82813,-2.01491,0.619019,1.01532,-0.00753229,1.91775,-0.729295,0.865344,0.31302,1.41238,2.92861,-1.25071e+06,2.0569,-2.95509,3.1076,-1.13945,-0.569953,-4.41428,4.32121,-3.53035,3.27852,-0.267485,0.648652,-4.76658,-1.91463,-7.08334,-0.330626,-7.07437,-3.72998,-4.22818,-2.02696,-6.61767,-0.623284,-6.63855,-3.39449,1.39135,0.722465,-0.900482,0.665906,-0.0262306,1.02278,-0.0422109,-0.388408,-0.763973,-1.2382,0.283224,-2.48786,2.90122,-0.668852,2.02223,0.814537,3.06942,-2.69788,-0.595766,-1.16857,4.28653,1.0482,3.23933,-1.97446,0.62135,-0.105959,1.44425,2.75819,-1.92676,4.38724,96.6953,-12.2857,58.0825,-58.3706,-0.162824,-0.992091,5.0319,-21.9948,12.6656,2.74215,3.88726,-17.6273,-38.3462,134.612,-88.0289,62.9944,0,-27.064,-50.6413,29.736,-16.109,-2.52711,112.214,-69.6549,33.0481,8.84614,-63.752,-71.0382,77.603,67.2955,40.0701,15.6568,-16.0439,-25.8851,10.4674,-5.99833,-9.83161,8.5644,10.8694,2.55879,-2.37698,0.240532,-0.122775,-0.0569992,-0.0157229,3.68785,-0.80051,-0.0517127,7.45064,8.20154,-0.254384,-12.8172,-15.2939,0.461586,-0.130968,0.538105,-5.82911,-1.9887,-0.0262306,0,3101,2.77556e-17,-2.77556e-17,-2.77556e-17,0,6.36408e-13,-6.86694e-13,1.02687e-12,2.35922e-16,2.22045e-16,8.32667e-17,0,-0.763973,-0.127984,0.283227,-0.0202745,3.14159,2.02223,0.162901,3.06943,-0.539577,-0.392699,4.28653,0.209614,3.23934,-0.394893,0.523599,0,0,0,0.586795,-0.0422109,-0.763973,0.283224,2.90122,2.02223,3.06942,-0.595766,4.28653,3.23933,0.62135,0.0346786,-5.1767,2.09341,-2.01157e-05,2.66709,2.17387,0.511759,-0.475395,-0.096151,0.0562876,0.0147809,1.00148,-26.6764,45.5448,115.649,20.8815,-98.5195,79.0366,110.453,-128.369,0.791656
3.82,-5.8281,-2.01376,0.609559,1.01212,-0.00790437,1.91697,-0.730185,0.864355,0.312168,1.41164,2.92777,-1.25071e+06,2.05594,-2.9635,3.10638,-1.12339,-0.570289,-4.42607,4.32653,-3.54727,3.28376,-0.275688,0.653961,-4.76646,-1.91359,-7.08251,-0.32873,-7.07307,-3.73083,-4.22815,-2.02641,-6.61712,-0.621838,-6.63903,-3.39303,1.39035,0.713163,-0.917472,0.662306,-0.0250799,1.02145,-0.0425947,-0.379826,-0.764875,-1.22923,0.282322,-2.48085,2.90032,-0.516118,2.02125,0.7504,3.06844,-2.55105,-0.596745,-1.08695,4.29184,1.02437,3.24464,-1.97113,0.626646,-0.105439,1.43944,2.74402,-1.92111,4.37031,96.0083,-12.2833,58.0313,-58.3311,-0.18865,-1.00122,5.07109,-21.9895,12.6603,2.92874,3.87679,-17.5642,-38.2559,130.104,-87.491,62.8741,0,-26.0282,-48.0658,29.4503,-16.0597,-2.38779,108.062,-69.1778,33.0271,8.35023,-59.5538,-72.0319,78.6828,68.1013,37.6595,15.7251,-16.1245,-25.8754,10.3901,-5.56046,-10.0816,8.83443,11.0781,2.53986,-2.34807,0.240123,-0.47298,-0.159972,-0.0388946,3.63367,-0.836275,0.96336,6.98165,9.00187,-0.589752,-13.3968,-15.7062,0.463024,-0.124193,0.535683,-5.82891,-1.98869,-0.0250799,0,3102,-2.77556e-17,-2.77556e-17,-5.55112e-17,-3.33067e-16,-1.32314e-12,-1.59699e-13,-4.38857e-13,-1.52656e-16,-1.59595e-16,-2.498e-16,0,-0.764875,-0.127078,0.282323,-0.020257,3.14159,2.02125,0.150076,3.06845,-0.510209,-0.392699,4.29184,0.204876,3.24464,-0.394226,0.523599,0,0,0,0.584328,-0.0425947,-0.764875,0.282322,2.90032,2.02125,3.06844,-0.596745,4.29184,3.24464,0.626646,0.0346903,-5.17512,2.07803,2.64557e-06,1.77808,2.21561,0.507973,-0.469613,0.448608,0.0562907,0.0147819,1.00141,-25.1278,45.3741,115.34,-20.1059,-62.0317,57.0627,83.7717,-120.254,-3.68012
3.84,-5.82797,-2.01214,0.592458,1.00623,-0.00827109,1.91508,-0.730826,0.862141,0.311587,1.41013,2.92723,-1.25071e+06,2.05518,-2.94228,3.10567,-1.11446,-0.570735,-4.44309,4.33272,-3.56867,3.29017,-0.282922,0.660093,-4.76626,-1.91222,-7.08165,-0.32647,-7.07134,-3.7316,-4.22803,-2.02537,-6.61648,-0.619931,-6.6394,-3.39112,1.38809,0.734125,-0.938594,0.648698,-0.0234676,1.02452,-0.0429731,-0.392063,-0.765528,-1.21588,0.281669,-2.46726,2.89966,-0.414195,2.02048,0.762209,3.06767,-2.47098,-0.597514,-1.06511,4.29802,1.07586,3.25082,-1.98375,0.632838,-0.103459,1.42158,2.71434,-1.89745,4.32665,96.7785,-12.1847,57.7293,-58.2498,0.411238,-1.01044,5.12345,-21.9655,12.6173,2.7785,3.83384,-17.4168,-38.055,139.393,-93.6392,63.4779,0,-28.9252,-52.2699,32.402,-16.4406,-2.31297,116.492,-74.8258,33.7945,8.07517,-62.1619,-73.5669,80.1181,70.9152,38.6959,16.0363,-16.349,-26.5568,10.3837,-5.93236,-10.4598,9.2099,11.6394,2.53736,-2.33331,0.238617,-0.855035,-0.294461,-0.0944041,3.51969,-0.91075,2.04661,8.00495,9.44049,-0.850699,-14.1574,-16.0984,0.463543,-0.120851,0.537345,-5.8287,-1.98868,-0.0234676,0,3103,2.77556e-17,0,2.77556e-17,-5.55112e-17,-1.01206e-11,-9.59538e-12,5.72536e-12,2.77556e-17,3.46945e-17,8.32667e-17,0,-0.765528,-0.125744,0.281671,-0.0202149,3.14159,2.02048,0.152436,3.06768,-0.494195,-0.392699,4.29802,0.215143,3.25083,-0.396751,0.523599,0,0,0,0.574857,-0.0429731,-0.765528,0.281669,2.89966,2.02048,3.06767,-0.597514,4.29802,3.25082,0.632838,0.034702,-5.311,2.07667,-2.25515e-05,1.06543,2.32787,0.507473,-0.466662,1.00901,0.0562938,0.0147829,1.00132,-21.5281,45.0565,114.487,-68.2712,-18.6781,27.7505,64.0819,-116.153,-8.2616
3.86,-5.82753,-2.01025,0.568459,0.997833,-0.00862971,1.91203,-0.731172,0.858758,0.311367,1.40781,2.92703,-1.25071e+06,2.05481,-2.87831,3.10584,-1.12419,-0.571468,-4.46096,4.33685,-3.58654,3.29502,-0.285071,0.664017,-4.76579,-1.91072,-7.0806,-0.324128,-7.07,-3.73119,-4.22759,-2.02406,-6.61554,-0.617762,-6.63946,-3.38894,1.38469,0.799001,-0.955539,0.624554,-0.0215971,1.03031,-0.0433551,-0.418715,-0.765898,-1.18725,0.2813,-2.44495,2.8993,-0.46299,2.02009,0.893179,3.06728,-2.54065,-0.597907,-1.23149,4.30212,1.24851,3.25493,-2.02296,0.636928,-0.100037,1.39081,2.66234,-1.85585,4.24937,98.6053,-12.0293,57.267,-58.1804,1.69903,-1.03476,5.24977,-21.9419,12.5403,2.54123,3.766,-17.1921,-37.7075,178.657,-113.975,65.8463,0,-40.278,-71.0277,42.0907,-17.766,-2.38025,152.298,-93.4417,36.3549,8.30613,-81.5967,-75.3438,81.2887,76.208,47.8609,16.6668,-16.7179,-28.2604,10.5503,-8.42397,-10.856,9.5381,12.5763,2.57805,-2.3616,0.236009,-1.19995,-0.419785,-0.152454,3.3493,-1.02684,2.81723,11.185,8.95232,-0.893798,-14.8445,-16.2071,0.462875,-0.124951,0.548203,-5.82828,-1.98867,-0.0215971,0,3105,0,0,0,3.88578e-16,-4.51719e-12,-4.45056e-12,2.93661e-12,4.02456e-16,3.88578e-16,1.94289e-16,0,-0.765898,-0.122913,0.281301,-0.0201452,3.14159,2.02009,0.178633,3.06728,-0.508129,-0.392699,4.30212,0.249711,3.25492,-0.404592,0.523599,0,0,0,0.557733,-0.0433551,-0.765898,0.2813,2.8993,2.02009,3.06728,-0.597907,4.30212,3.25493,0.636928,0.0347254,-5.65218,2.11007,5.6552e-06,0.801121,2.51526,0.515609,-0.472319,1.46758,0.0562999,0.014785,1.00122,-17.3018,44.0028,113.448,-139.693,47.2279,-21.007,63.2414,-120.119,-11.2359
3.88,-5.82681,-2.0083,0.539262,0.987294,-0.00885267,1.90833,-0.731983,0.854606,0.310779,1.40524,2.92635,-1.25071e+06,2.05411,-2.7732,3.10655,-1.16656,-0.574032,-4.47664,4.33734,-3.59763,3.29652,-0.286155,0.664266,-4.76497,-1.90869,-7.07936,-0.321676,-7.06943,-3.72925,-4.22687,-2.02247,-6.61451,-0.615636,-6.63904,-3.38681,1.38063,0.907382,-0.965377,0.591535,-0.0196734,1.03823,-0.0436249,-0.401059,-0.766756,-1.13499,0.280442,-2.42518,2.89844,-0.8698,2.01934,1.23187,3.06654,-2.94257,-0.598656,-1.47536,4.30257,1.49303,3.25537,-2.06849,0.637336,-0.095568,1.35063,2.59163,-1.80081,4.1441,98.1077,-11.8758,56.8426,-58.3115,2.45494,-1.08086,5.47597,-21.9917,12.5211,3.30667,3.68627,-16.9289,-37.3941,342.85,-186.779,76.5312,0,-85.7367,-149.2,76.2058,-23.0196,-2.76604,301.323,-159.616,46.6014,9.64743,-111.489,-76.7106,81.56,82.9493,62.2185,17.4677,-17.1098,-30.7244,10.7892,-12.2011,-11.1368,9.68721,13.6974,2.63644,-2.41403,0.232562,-1.45987,-0.526954,-0.185146,3.14155,-1.15585,3.01813,16.4055,6.83375,-0.783892,-15.3747,-16.2626,0.463887,-0.145739,0.562665,-5.82745,-1.98864,-0.0196734,0,3109,0,0,2.77556e-17,0,-1.01597e-11,-1.04244e-11,7.56853e-12,1.38778e-17,-1.38778e-17,-1.66533e-16,0,-0.766756,-0.117752,0.28045,-0.0201011,3.14159,2.01934,0.246372,3.06654,-0.588513,-0.392699,4.30257,0.298699,3.25533,-0.413697,0.523599,0,0,0,0.533687,-0.0436249,-0.766756,0.280442,2.89844,2.01934,3.06654,-0.598656,4.30257,3.25537,0.637336,0.0347723,-6.14605,2.15805,6.39029e-05,0.949446,2.73948,0.527289,-0.482806,1.74268,0.0563122,0.0147891,1.00111,-14.0186,42.149,112.41,-333.735,230.711,-155.74,76.7901,-129.783,-12.0135
3.9,-5.82607,-2.00695,0.510817,0.977041,-0.00901048,1.90445,-0.731892,0.850744,0.311093,1.4021,2.92665,-1.25071e+06,2.0536,-2.87589,3.14652,-1.4887,-0.690454,-4.48932,4.33587,-3.60564,3.29591,-0.294475,0.662754,-4.76424,-1.90763,-7.07825,-0.319963,-7.06941,-3.72714,-4.22613,-2.02137,-6.61355,-0.614161,-6.63852,-3.38533,1.37678,0.961089,-0.972477,0.552656,-0.0183495,1.04639,-0.0438296,-0.453523,-0.766711,-1.08261,0.280486,-2.38593,2.89848,-22.102,2.01879,11.2705,3.06598,-22.1727,-0.599212,-1.54776,4.30105,1.69932,3.25385,-2.08134,0.635823,-0.0906036,1.30615,2.50638,-1.73947,4.01857,101.702,-11.6838,56.1807,-58.2387,4.86493,-1.13082,5.71545,-21.9622,12.38,2.81077,3.59346,-16.5888,-36.7718,50118.8,-4041.86,697.739,0,-11060.1,-23950,1867.76,-312.017,-21.2164,45139.1,-3645.82,608.986,73.8411,-130.894,-77.4159,80.9261,89.254,71.8616,18.1973,-17.3764,-33.1756,10.874,-14.4955,-11.2809,9.67474,14.7105,2.65713,-2.43637,0.228692,-1.42225,-0.512642,-0.1937,2.94941,-1.31325,1.28586,11.2456,-9.28566,-0.633711,-15.8482,-16.6794,0.459618,-1.12016,0.568387,-5.82662,-1.98861,-0.0183495,0,3113,0,0,2.77556e-17,-3.88578e-16,-4.59793e-11,-8.14634e-11,6.46463e-11,2.63678e-16,2.498e-16,-8.32667e-17,0,-0.766711,-0.112589,0.280486,-0.0199786,3.14159,2.01879,2.25417,3.06598,-4.43454,-0.392699,4.30105,0.339959,3.25382,-0.416268,0.523599,0,0,0,0.504443,-0.0438296,-0.766711,0.280486,2.89848,2.01879,3.06598,-0.599212,4.30105,3.25385,0.635823,0.0348191,-6.63633,2.175,6.1689e-05,1.46048,2.9421,0.531426,-0.487274,1.63709,0.0563246,0.0147932,1.00103,-11.8706,39.5904,112.016,-20591.5,19849.6,-13480,94.7653,-140.513,-10.7958
3.92,-5.82557,-2.00645,0.489214,0.969227,-0.00901832,1.90051,-0.730047,0.847165,0.313118,1.39951,2.92869,-1.25071e+06,2.05366,-2.62633,3.11218,-1.28513,-0.585256,-4.49889,4.33498,-3.61373,3.2955,-0.308369,0.66201,-4.76395,-1.90814,-7.07776,-0.319484,-7.06921,-3.72627,-4.22563,-2.02088,-6.61304,-0.613653,-6.63803,-3.38482,1.37319,1.07111,-0.980239,0.516023,-0.017865,1.05441,-0.0438608,-0.581251,-0.76489,-1.04036,0.282308,-2.35553,2.9003,-3.2704,2.01882,2.68573,3.06601,-5.18376,-0.599175,-1.40359,4.30013,1.81439,3.25294,-2.06006,0.634945,-0.0862205,1.26702,2.42872,-1.68513,3.90323,109.853,-11.4919,55.4526,-58.0173,8.81986,-1.17862,5.94176,-21.8787,12.1359,1.22431,3.54052,-16.4111,-36.2508,-1355.02,380.653,-17.3934,0,353.136,620.882,-186.88,19.9232,-4.9122,-1237.83,353.506,-37.1053,17.1462,-131.172,-77.951,80.2576,94.2411,72.4381,18.7832,-17.5575,-35.1039,10.769,-14.254,-11.4006,9.65622,15.5149,2.63142,-2.41481,0.225237,-1.08014,-0.390682,-0.197068,2.77054,-1.47428,2.23924,23.7264,0.912638,-0.478873,-16.2976,-17.3739,0.449854,-0.258945,0.562096,-5.8262,-1.9886,-0.017865,0,3115,2.77556e-17,2.77556e-17,-2.77556e-17,-3.33067e-16,-5.44155e-12,-1.14599e-11,9.0149e-12,1.66533e-16,1.80411e-16,1.66533e-16,0,-0.76489,-0.108419,0.282307,-0.0198033,3.14159,2.01882,0.537139,3.06602,-1.03675,-0.392699,4.30013,0.362868,3.25294,-0.412012,0.523599,0,0,0,0.475974,-0.0438608,-0.76489,0.282308,2.9003,2.01882,3.06601,-0.599175,4.30013,3.25294,0.634945,0.0348425,-7.02065,2.15378,-6.4468e-06,2.29171,3.10298,0.526284,-0.482961,1.13819,0.0563307,0.0147953,1.00101,-10.019,36.8477,112.07,1274.76,-1247.93,763.919,113.567,-150.338,-8.36087
3.94,-5.82558,-2.00676,0.478371,0.964433,-0.00861433,1.89764,-0.729026,0.844345,0.31436,1.39782,2.92976,-1.25071e+06,2.05249,-2.8881,3.10635,-0.923647,-0.572303,-4.50311,4.33492,-3.61759,3.29576,-0.314478,0.662039,-4.76408,-1.90836,-7.07799,-0.319576,-7.06868,-3.72689,-4.22564,-2.02055,-6.61362,-0.614283,-6.63749,-3.38546,1.37054,0.79055,-0.983869,0.488958,-0.0181768,1.06113,-0.0434569,-0.569295,-0.763868,-0.987525,0.283329,-2.34303,2.90133,-0.649013,2.01765,1.59405,3.06485,-2.09885,-0.600338,-1.27042,4.30008,1.8889,3.25288,-2.0422,0.634893,-0.0831646,1.23986,2.3738,-1.64645,3.82018,110.136,-11.4527,55.3443,-58.3657,9.70057,-1.22911,6.17201,-21.9499,12.1204,1.84835,3.50533,-16.2911,-35.9581,-255.784,111.748,24.0594,0,85.0629,127.823,-61.5882,0.441223,-2.66263,-177.799,80.7013,0.664308,4.7511,-129.015,-78.6136,79.9418,98.3502,71.7065,19.265,-17.7144,-36.6389,10.6741,-13.7694,-11.5408,9.67749,16.1895,2.6083,-2.39364,0.222812,-0.542166,-0.239725,-0.143701,2.65893,-1.55112,1.98675,10.5795,13.4379,-0.211002,-16.4932,-17.6773,0.447574,-0.139737,0.554705,-5.8262,-1.9886,-0.0181768,0,3115,-2.77556e-17,-2.77556e-17,0,-3.33067e-16,-4.41415e-12,-5.22829e-12,3.8947e-12,4.30211e-16,4.16334e-16,2.498e-16,0,-0.763868,-0.10331,0.283333,-0.0198047,3.14159,2.01765,0.318801,3.06485,-0.419769,-0.392699,4.30008,0.377772,3.25289,-0.408441,0.523599,0,0,0,0.454371,-0.0434569,-0.763868,0.283329,2.90133,2.01765,3.06485,-0.600338,4.30008,3.25288,0.634893,0.0348425,-7.32767,2.13481,-5.29234e-06,3.76987,3.23789,0.521661,-0.478728,0.23664,0.0563307,0.0147953,1.00102,-11.575,34.3218,111.999,275.527,-286.031,179.499,147.566,-164.198,-4.12224
3.96,-5.82594,-2.00824,0.483685,0.964468,-0.00786406,1.89598,-0.727181,0.842955,0.316328,1.39642,2.93167,-1.25071e+06,2.05074,-3.23165,3.10264,-0.0957115,-0.569491,-4.49842,4.33471,-3.6116,3.29572,-0.307036,0.661806,-4.76463,-1.90962,-7.07887,-0.320825,-7.06809,-3.72887,-4.22599,-2.02082,-6.61502,-0.616354,-6.63681,-3.38755,1.3692,0.440486,-0.977679,0.475652,-0.019642,1.06242,-0.0426832,-0.599674,-0.762,-0.95772,0.285197,-2.32069,2.90319,0.502236,2.01592,1.1209,3.06312,-0.979165,-0.602078,-1.25042,4.29989,1.93301,3.25269,-2.03696,0.634676,-0.0817069,1.2271,2.34036,-1.62685,3.77155,112.475,-11.468,55.3407,-58.514,11.0226,-1.26435,6.31777,-21.94,12.0453,1.40808,3.48614,-16.1981,-35.5205,-95.7324,61.3074,31.0643,0,43.7464,55.9059,-38.0048,-2.89121,-1.66112,-51.694,34.0733,4.01656,1.49997,-131.65,-78.7863,79.4087,100.4,72.9968,19.4627,-17.7001,-37.4217,10.6606,-14.0162,-11.5681,9.61762,16.5033,2.60646,-2.39096,0.221672,0.265719,0.00175213,-0.0831071,2.62145,-1.60179,0.668911,-6.68557,46.4701,0.234927,-16.2042,-17.2589,0.442562,-0.0866756,0.550871,-5.82662,-1.98861,-0.019642,0,3113,2.77556e-17,0,2.77556e-17,5.55112e-17,-7.31662e-12,-6.14332e-12,4.12236e-12,-1.38778e-16,-1.66533e-16,-1.11022e-16,0,-0.762,-0.100481,0.285192,-0.0197805,3.14159,2.01592,0.224185,3.06311,-0.195833,-0.392699,4.29989,0.386663,3.25267,-0.407393,0.523599,0,0,0,0.443552,-0.0426832,-0.762,0.285197,2.90319,2.01592,3.06312,-0.602078,4.29989,3.25269,0.634676,0.0348191,-7.48517,2.13224,3.71098e-05,6.1325,3.30065,0.521291,-0.478191,-1.17205,0.0563246,0.0147932,1.00111,-14.0287,32.339,112.242,31.6821,-86.3644,83.9457,205.138,-184.444,2.90686
3.98,-5.82618,-2.01032,0.503579,0.969269,-0.00702735,1.89658,-0.726629,0.84382,0.316997,1.3972,2.93214,-1.25071e+06,2.04883,-3.63318,3.09947,0.495135,-0.570101,-4.4857,4.33397,-3.59789,3.2948,-0.292166,0.661069,-4.76492,-1.91066,-7.07971,-0.322679,-7.06742,-3.73131,-4.22622,-2.02156,-6.61642,-0.61909,-6.63589,-3.3903,1.37027,0.0363957,-0.964154,0.48226,-0.0217078,1.05584,-0.0418347,-0.535032,-0.761436,-0.928774,0.285761,-2.32813,2.90375,1.14043,2.01402,0.787605,3.06122,-0.649405,-0.603971,-1.28048,4.29916,1.89342,3.25196,-2.03291,0.633955,-0.0824016,1.23351,2.33776,-1.63353,3.773,108.649,-11.6415,55.8965,-58.8909,10.057,-1.30521,6.47343,-22.046,12.136,2.83781,3.52383,-16.3102,-35.5859,-54.358,52.6235,31.7353,0,32.8034,36.7043,-33.9574,-3.12647,-1.06875,-31.6531,29.8641,4.35054,0.961875,-129.886,-77.7587,78.3585,97.9845,72.1062,19.0932,-17.3738,-36.5857,10.6617,-13.7806,-11.3641,9.4169,16.068,2.60853,-2.39266,0.222263,0.994718,0.240087,0.030264,2.68186,-1.55504,-1.25777,-26.8574,75.982,0.635649,-15.5559,-16.457,0.442586,-0.0553285,0.546714,-5.82683,-1.98862,-0.0217078,0,3112,0,-5.55112e-17,-5.55112e-17,0,6.19966e-12,6.082e-12,-3.84325e-12,2.08167e-16,2.22045e-16,3.05311e-16,0,-0.761436,-0.097675,0.28576,-0.0198465,3.14159,2.01402,0.157521,3.06122,-0.129881,-0.392699,4.29916,0.378719,3.25195,-0.406581,0.523599,0,0,0,0.448878,-0.0418347,-0.761436,0.285761,2.90375,2.01402,3.06122,-0.603971,4.29916,3.25196,0.633955,0.0348074,-7.3176,2.13242,2.08445e-05,7.98508,3.21359,0.521706,-0.478532,-2.35986,0.0563215,0.0147922,1.00122,-19.9095,30.7641,113.202,-88.9634,-5.87304,53.5773,251.401,-198.12,9.0117
4,-5.82628,-2.01307,0.537048,0.979464,-0.00631118,1.89889,-0.724749,0.846851,0.318793,1.39811,2.93403,-1.25071e+06,2.04606,-4.41432,3.09593,2.10063,-0.571714,-4.46523,4.33244,-3.57686,3.29282,-0.270822,0.659513,-4.76522,-1.91328,-7.07999,-0.324717,-7.06706,-3.73398,-4.22631,-2.02317,-6.61752,-0.622412,-6.63501,-3.39364,1.3732,-0.746669,-0.943556,0.507134,-0.0244582,1.04302,-0.0411069,-0.596502,-0.759544,-0.94814,0.287653,-2.31349,2.90564,1.46895,2.01126,0.509574,3.05846,-0.394902,-0.606734,-1.37362,4.29764,1.78839,3.25045,-2.03393,0.632437,-0.0851414,1.25821,2.366,-1.6656,3.82399,111.523,-11.8076,56.3098,-58.6788,10.9613,-1.31005,6.45642,-21.9562,12.0484,1.5571,3.57142,-16.4241,-35.3548,-60.2368,75.2716,26.5154,0,35.2645,38.9346,-44.4064,-0.487363,-0.717589,-29.483,34.735,1.45719,0.469095,-126.191,-75.9082,77.0781,92.1809,70.2363,18.3165,-16.8566,-34.5434,10.6952,-13.3917,-10.9957,9.12637,15.0702,2.61802,-2.40344,0.224494,1.67342,0.50971,0.115521,2.83845,-1.49715,-3.59028,-66.0531,150.831,1.02379,-14.5811,-15.3473,0.43623,-0.0368733,0.544546,-5.82704,-1.98863,-0.0244582,0,3111,0,-2.77556e-17,2.77556e-17,-3.60822e-16,-1.79631e-12,-4.766e-12,1.92551e-12,1.249e-16,1.52656e-16,1.11022e-16,0,-0.759544,-0.0996112,0.28765,-0.0198055,3.14159,2.01126,0.101916,3.05846,-0.0789805,-0.392699,4.29764,0.357714,3.25043,-0.406786,0.523599,0,0,0,0.468784,-0.0411069,-0.759544,0.287653,2.90564,2.01126,3.05846,-0.606734,4.29764,3.25045,0.632437,0.0347957,-6.90915,2.13911,2.3092e-05,9.24638,3.01404,0.523604,-0.480688,-3.28539,0.0563184,0.0147912,1.00138,-24.993,30.4731,114.603,-232.009,83.5624,21.8371,285.697,-205.454,14.1415
4.02,-5.82617,-2.01571,0.576419,0.99288,-0.00587605,1.90265,-0.723059,0.851289,0.320306,1.40114,2.93558,-1.25071e+06,2.04108,1.30998,3.08898,-12.4244,-0.576672,-4.44033,4.32989,-3.55207,3.28957,-0.247944,0.65697,-4.76529,-1.91613,-7.079,-0.325403,-7.06719,-3.7359,-4.2262,-2.02511,-6.61801,-0.62539,-6.6343,-3.39662,1.37761,4.97563,-0.91947,0.550068,-0.0270941,1.02696,-0.0406717,-0.624069,-0.757855,-0.989214,0.289343,-2.33863,2.90734,2.6003,2.00628,-0.208749,3.05348,0.0440325,-0.611704,-1.50685,4.2951,1.62124,3.2479,-2.0392,0.629931,-0.0902134,1.30364,2.43384,-1.72688,3.9351,112.184,-12.0631,57.0569,-58.5571,10.6015,-1.29292,6.33823,-21.9001,12.0482,1.01922,3.69334,-16.8411,-35.714,-127.277,391.624,-46.4397,0,78.2252,65.2813,-188.004,33.084,0.342464,-36.106,102.164,-17.81,-0.108881,-119.69,-73.8122,76.0767,84.2315,67.044,17.3356,-16.3167,-31.7539,10.7533,-12.7274,-10.5578,8.82233,13.7225,2.63241,-2.42214,0.228528,1.96855,0.67084,0.187882,3.06551,-1.35903,-9.55107,219.913,-595.618,1.2447,-13.4686,-14.1966,0.432868,0.017456,0.543442,-5.82704,-1.98863,-0.0270941,0,3111,-2.77556e-17,-2.77556e-17,-5.55112e-17,-2.77556e-16,-8.90463e-12,-1.42143e-11,-1.65664e-13,8.32667e-17,8.32667e-17,-5.55112e-17,0,-0.757855,-0.103699,0.289341,-0.0198452,3.14159,2.00628,-0.0417484,3.05349,0.0088065,-0.392699,4.2951,0.324186,3.24792,-0.40784,0.523599,0,0,0,0.502252,-0.0406717,-0.757855,0.289343,2.90734,2.00628,3.05348,-0.611704,4.2951,3.2479,0.629931,0.0347957,-6.35,2.15053,-4.11878e-05,9.17321,2.74451,0.526483,-0.484428,-3.48214,0.0563184,0.0147912,1.00153,-30.1209,31.538,116.204,-1161.47,526.917,-112.569,289.182,-200.368,16.0117
4.04,-5.82617,-2.01698,0.607996,1.00367,-0.00557967,1.90635,-0.723407,0.854734,0.319779,1.40467,2.93496,-1.25071e+06,2.03844,10.177,3.08459,-35.9565,-0.579566,-4.41857,4.32734,-3.53246,3.28606,-0.233851,0.654419,-4.76525,-1.91675,-7.07861,-0.325694,-7.06765,-3.73628,-4.22619,-2.02591,-6.61842,-0.626898,-6.63388,-3.39814,1.38115,13.8412,-0.900816,0.602615,-0.0283669,1.01201,-0.0403636,-0.510997,-0.758191,-1.03147,0.289007,-2.39064,2.90701,2.27343,2.00366,-0.301314,3.05086,-0.0386209,-0.614332,-1.56009,4.29255,1.39157,3.24536,-2.03311,0.627366,-0.0969889,1.36416,2.53288,-1.80932,4.09013,104.63,-12.4212,58.2118,-58.8486,6.97162,-1.26377,6.16757,-22.0171,12.2957,2.85242,3.83265,-17.3093,-36.5416,65.5807,-89.9487,65.3797,0,-11.4027,-20.4541,29.8296,-17.0266,0.122262,6.42728,-10.0198,5.14926,-0.0295719,-105.426,-72.1817,75.7917,76.0173,59.9698,16.3965,-15.9044,-28.8288,10.7481,-11.135,-10.1821,8.59833,12.3434,2.63103,-2.42674,0.233781,1.57884,0.539385,0.184973,3.23393,-1.18136,-6.37965,663.133,-1800.54,1.08795,-12.6157,-13.4966,0.439558,0.00620045,0.540709,-5.82724,-1.98863,-0.0283669,0,3110,0,-2.77556e-17,-5.55112e-17,-2.77556e-17,-3.18597e-12,-4.284e-12,-2.6927e-12,1.59595e-16,1.52656e-16,8.32667e-17,0,-0.758191,-0.107868,0.289015,-0.0200301,3.14159,2.00366,-0.0602623,3.05086,-0.00772419,-0.392699,4.29255,0.278308,3.24536,-0.406623,0.523599,0,0,0,0.541635,-0.0403636,-0.758191,0.289007,2.90701,2.00366,3.05086,-0.614332,4.29255,3.24536,0.627366,0.034784,-5.76567,2.14961,-5.25206e-06,7.48559,2.46868,0.526206,-0.485348,-2.73302,0.0563153,0.0147901,1.0016,-31.7174,34.3321,116.032,24.513,-35.0653,83.2972,249.661,-179.949,12.9893
4.06,-5.8262,-2.01731,0.628276,1.01047,-0.00546618,1.9094,-0.724886,0.857258,0.318125,1.40756,2.93322,-1.25071e+06,2.03709,-10.0041,3.08492,7.80301,-0.580408,-4.40332,4.32528,-3.51961,3.28314,-0.227424,0.652424,-4.76512,-1.91609,-7.0784,-0.325484,-7.06823,-3.73581,-4.22622,-2.02605,-6.61861,-0.627313,-6.63376,-3.39855,1.38376,-6.33878,-0.888894,0.646552,-0.0286906,0.998845,-0.0402501,-0.396256,-0.75967,-1.07286,0.287528,-2.44194,2.90552,1.78341,2.0023,-0.286694,3.0495,-0.0407253,-0.615689,-1.55954,4.2905,1.18129,3.2433,-2.02009,0.625309,-0.103139,1.41897,2.6159,-1.88434,4.2221,96.9414,-12.7452,59.1438,-59.0316,3.27792,-1.22772,5.96419,-22.0894,12.5181,4.66804,3.96586,-17.7273,-37.349,58.534,-64.4376,60.8207,0,-7.39616,-15.1611,17.7932,-14.4899,-0.249138,-2.42967,2.92382,-1.93734,0.110409,-91.7831,-71.2368,75.7962,69.8604,52.988,15.7234,-15.6356,-26.6206,10.6991,-9.64449,-9.93376,8.45077,11.3141,2.61887,-2.42025,0.238434,1.01401,0.339924,0.152436,3.35822,-1.03956,-4.33325,-345.992,353.066,0.762671,-12.0761,-13.1805,0.448848,-0.0126722,0.540025,-5.82724,-1.98863,-0.0286906,0,3110,0,0,0,0,-1.07801e-11,-1.4972e-11,-1.58227e-11,2.98372e-16,2.77556e-16,2.77556e-17,0,-0.75967,-0.111962,0.287529,-0.0202017,3.14159,2.0023,-0.0573384,3.0495,-0.00814507,-0.392699,4.2905,0.236257,3.2433,-0.404017,0.523599,0,0,0,0.573212,-0.0402501,-0.75967,0.287528,2.90552,2.0023,3.0495,-0.615689,4.2905,3.2433,0.625309,0.034784,-5.3241,2.13982,-9.95494e-07,5.66537,2.26282,0.523774,-0.484049,-1.82585,0.0563153,0.0147901,1.00162,-31.5661,37.2591,115.684,-39.718,1.57935,70.188,202.786,-158.409,8.9034
4.08,-5.82624,-2.01718,0.639137,1.01358,-0.00532425,1.91154,-0.726912,0.858846,0.315958,1.40927,2.93103,-1.25071e+06,2.03747,-7.78554,3.08583,1.37366,-0.578662,-4.39509,4.32486,-3.51446,3.282,-0.226421,0.652096,-4.76494,-1.91464,-7.07875,-0.325642,-7.06821,-3.73561,-4.22626,-2.02569,-6.61885,-0.627295,-6.63361,-3.39854,1.38536,-4.12105,-0.884556,0.67571,-0.0285594,0.989464,-0.0401082,-0.301387,-0.761696,-1.10632,0.285502,-2.47441,2.9035,1.55039,2.00268,-0.322514,3.04988,0.198316,-0.615308,-1.47507,4.29008,1.00616,3.24288,-2.00066,0.624893,-0.107464,1.45746,2.66945,-1.93679,4.30912,90.5575,-12.969,59.7094,-59.0817,0.221234,-1.19216,5.77231,-22.1108,12.6788,5.98662,4.04963,-17.956,-37.8692,55.0073,-57.0239,59.837,0,-6.01667,-12.7443,14.1639,-13.7979,-0.413055,-22.0047,24.6702,-18.2776,1.12775,-78.1372,-70.7948,75.9697,65.8198,45.8289,15.2695,-15.461,-25.1053,10.59,-8.1489,-9.81821,8.39997,10.6618,2.59122,-2.39658,0.241645,0.54305,0.155842,0.107281,3.43634,-0.948171,-4.12354,-235.044,5.22594,0.411466,-11.8397,-13.1609,0.457485,-0.0211435,0.537941,-5.82724,-1.98863,-0.0285594,0,3110,-2.77556e-17,-5.55112e-17,-2.77556e-17,5.55112e-17,2.51858e-12,2.76708e-12,2.6717e-12,4.23273e-16,4.23273e-16,4.16334e-16,0,-0.761696,-0.115271,0.285505,-0.0203262,3.14159,2.00268,-0.0645023,3.04988,0.0396632,-0.392699,4.29008,0.201219,3.24289,-0.400133,0.523599,0,0,0,0.593492,-0.0401082,-0.761696,0.285502,2.9035,2.00268,3.04988,-0.615308,4.29008,3.24288,0.624893,0.034784,-5.02091,2.11796,-1.06675e-05,4.2623,2.13236,0.518243,-0.479316,-1.1305,0.0563153,0.0147901,1.00161,-30.35,39.752,115.182,-61.0954,23.9916,61.9139,162.792,-140.961,5.24896
